morphemes	target_surface_gold	prediction_surface_gold	target_surface_pred	prediction_surface_pred
Ku_ne_mi_hlobo	LocPre_AdvPre_NPrePre4_BPre4_NStem	LocPre_AdvPre_BPre4_NStem	LocPre_AdvPre_NPrePre4_BPre4_NStem	LocPre_AdvPre_BPre4_NStem
e_ya_hlukahlukene_ko	LocPre_Pres_NStem_RelSuf	LocPre_Pres_NStem_RelSuf	LocPre_Pres_NStem_RelSuf	LocPre_Pres_NStem_RelSuf
y_e_lawulo	PossConc4_NStem	PossConc5_LocPre_NStem	PossConc4_NStem	PossConc5_LocPre_NStem
le_phrojekthi	Dem7_Pos1_NPrePre4_NStem	PossConc5_NStem	Dem7_Pos1_NPrePre4_NStem	NStem
e_korw_eni	LocPre_NStem_LocSuf	NPre6_NStem_LocSuf	LocPre_NStem_LocSuf	LocPre_NStem_LocSuf
ye_zoku_thuthuk_is_a	PossConc9_Fut_VRoot_CausExt_VerbTerm	PossConc9_Fut_VRoot_CausExt_VerbTerm	PossConc9_Fut_VRoot_CausExt_VerbTerm	PossConc9_Fut_VRoot_CausExt_VerbTerm
.	Punc	Punc	Punc	Punc
Lokhu	Dem15_Pos1		Dem15_Pos1	
ku_vam_e	OC15_VRoot_VerbTerm	OC15_VRoot_VerbTerm	OC15_VRoot_VerbTerm	OC15_VRoot_VerbTerm
u_ku_hluk_a	NPrePre15_BPre15_NStem	NPrePre15_BPre15_VRoot_VerbTerm	NPrePre15_BPre15_NStem	NPrePre15_BPre15_VRoot_VerbTerm
e_mi_fuzis_elw_eni	LocPre_NStem_LocSuf	LocPre_BPre4_VRoot_PassExt_LocSuf	LocPre_NStem_LocSuf	LocPre_BPre4_NStem_VerbExt_LocSuf
e_setjenziswa	LocPre_NStem	LocPre_NStem	LocPre_NStem	LocPre_NStem
e_phas_ini	LocPre_NStem_LocSuf	LocPre_NStem_LocSuf	LocPre_NStem_LocSuf	LocPre_NStem_LocSuf
le_ze_rhwebo	PossConc5_BPre8_NStem	PossConc5_BPre8_NStem	PossConc5_BPre8_NStem	PossConc5_Pres_NStem
.	Punc	Punc	Punc	Punc
E_bu_jam_eni	LocPre_BPre14_NStem_LocSuf	LocPre_BPre14_VRoot_LocSuf	LocPre_BPre14_NStem_LocSuf	LocPre_BPre14_VRoot_LocSuf
be_Sewula	PossConc2_NStem	PossConc2_NStem	PossConc2_NStem	PossConc2_NStem
Afrika	ProperName	ProperName	ProperName	ProperName
aku_na_mfuziselo	NegPre_AdvPre_NStem	NegPre_AdvPre_NStem	NegPre_AdvPre_NStem	NegPre_AdvPre_NStem
w_e_koro	PossConc6_LocPre_NStem	PossConc6_LocPre_NStem	PossConc6_LocPre_NStem	PossConc6_LocPre_NStem
yo_m_buso	PossConc4_NPrePre3_BPre3_NStem	PossConc4_BPre3_NStem	PossConc4_NPrePre3_BPre3_NStem	PossConc4_BPre3_NStem
e_bek_w_e	SC6_VRoot_PassExt_VerbTerm	SC6_VRoot_PassExt_VerbTerm	SC6_VRoot_PassExt_VerbTerm	SC6_VRoot_PassExt_VerbTerm
e_bu_jam_eni	LocPre_SC14_VRoot_VerbTerm_LocSuf	RelConc9_BPre14_VRoot_LocSuf	LocPre_SC14_VRoot_VerbTerm_LocSuf	RelConc9_BPre14_NStem_LocSuf
obu_vunyelwe_ko	RelConc14_NStem	RelConc14_NStem_RelSuf	RelConc14_NStem	RelConc14_NStem_RelSuf
begodu	Conj	Conj	Conj	Conj
ku_zoku_b_a	SC15_Fut_AuxVStem	SC15_Fut_VRoot_VerbTerm	SC15_Fut_AuxVStem	SC15_Fut_VRoot_VerbTerm
no_mehluko	AdvPre_NStem	AdvPre_NStem	AdvPre_NStem	AdvPre_NStem
ngi_tjho	SC1ps_VRoot_VerbTerm	NPrePre1_NStem	SC1ps_VRoot_VerbTerm	NPrePre1_NStem
na_hlangan_a	AdvPre_NStem_DimSuf	AdvPre_VRoot_VerbTerm	AdvPre_NStem_DimSuf	AdvPre_VRoot_VerbTerm
ne_mi_fuziselo	AdvPre_NPrePre4_BPre4_NStem	AdvPre_BPre4_NStem	AdvPre_NPrePre4_BPre4_NStem	AdvPre_BPre4_NStem
e_mi_nyangw_eni	LocPre_BPre4_NStem_LocSuf	LocPre_BPre4_NStem_LocSuf	LocPre_BPre4_NStem_LocSuf	LocPre_BPre6_NStem_LocSuf
e_ya_hlukahlukene_ko	LocPre_Pres_NStem_RelSuf	LocPre_Pres_NStem_RelSuf	LocPre_Pres_NStem_RelSuf	LocPre_Pres_NStem_RelSuf
ka_rhulumende	PossConc6_NStem	PossKA_NStem	PossConc6_NStem	PossConc4_NStem
.	Punc	Punc	Punc	Punc
A_ma_lunga	NPrePre6_BPre6_NStem	NPrePre6_BPre6_NStem	NPrePre6_BPre6_NStem	NPrePre6_BPre6_NStem
we_Komidi	PossConc1_LocPre_NStem	PossConc1_NStem	PossConc1_LocPre_NStem	PossConc1_NStem
ye_Wadi	PossConc4_NStem	PossConc4_NStem	PossConc4_NStem	PossConc4_NStem
ku_fan_el_e	OC15_VRoot_ApplExt_VerbTerm	OC15_VRoot_ApplExt_VerbTerm	OC15_VRoot_ApplExt_VerbTerm	OC15_VRoot_ApplExt_VerbTerm
a_zi_jayez_e	RelConc6_SC8_Intrans_VerbTerm	SC6_OC8_Intrans_VerbTerm	RelConc6_SC8_Intrans_VerbTerm	SC6_OC8_Intrans_VerbTerm
nge_Lawulo	AdvPre_NStem	AdvPre_NStem	AdvPre_NStem	AdvPre_NStem
lo_m_Zombe	Dem1a_Pos1_NPrePre10_BPre10_NStem	PossConc5_BPre10_NStem	Dem1a_Pos1_NPrePre10_BPre10_NStem	PossConc5_BPre10_NStem
w_e_Phrojekthi	PossConc1a_LocPre_NStem	PossConc3_LocPre_NStem	PossConc1a_LocPre_NStem	PossConc3_LocPre_NStem
(	Punc	Punc	Punc	Punc
i__PC_M	NPrePre4_Abbr	NPrePre9_Abbr_Abbr	NPrePre4_Abbr	NPrePre4_BPre15_NStem
)	Punc	Punc	Punc	Punc
njeng_om_bana	AdvPre_AdjPref1_AdjStem	AdvPre_AdjPref1_AdjStem	AdvPre_AdjPref1_AdjStem	AdvPre_AdjPref1_AdjStem
lo	Dem3_Pos1		Dem3_Pos1	
,	Punc	Punc	Punc	Punc
ku_m_fuziselo	BPre15_NStem	LocPre_BPre3_NStem	BPre15_NStem	LocPre_BPre3_NStem
o_setjenziswa	RelConc3_NStem	RelConc3_NStem	RelConc3_NStem	RelConc3_NStem
qho	NStem		NStem	NStem
.	Punc	Punc	Punc	Punc
U_ku_hlukan_is_w_a	NPrePre15_BPre15_NStem	NPrePre15_BPre15_VRoot_CausExt_PassExt_VerbTerm	NPrePre15_BPre15_NStem	NPrePre15_BPre15_VRoot_CausExt_PassExt_VerbTerm
no_ku_nikel_w_a	AdvPre_NPrePre15_BPre15_VRoot_PassExt_VerbTerm	AdvPre_BPre15_VRoot_PassExt_VerbTerm	AdvPre_NPrePre15_BPre15_VRoot_PassExt_VerbTerm	AdvPre_BPre15_VRoot_PassExt_VerbTerm
kwa_ma_gama	PossConc15_NPrePre6_BPre6_NStem	PossConc15_BPre6_NStem	PossConc15_NPrePre6_BPre6_NStem	PossConc15_BPre6_NStem
kwe_e_nteji	PossConc15_LocPre_BPre3_NStem	PossConc15_LocPre_NStem	PossConc15_LocPre_BPre3_NStem	PossConc15_LocPre_NStem
na_mtjha_na	AdvPre_NStem	AdvPre_NStem_DimSuf	AdvPre_NStem	AdvPre_NStem_DimSuf
i_in_ga_b_a	NPrePre8_NPre8_NStem	NPrePre10_NPre10_NStem_VRoot_VerbTerm	NPrePre8_NPre8_NStem	NPrePre10_NPre10_Pot_VRoot_VerbTerm
zo_m_zombe	PossConc8_NPrePre10_BPre10_NStem	PossConc8_BPre10_NStem	PossConc8_NPrePre10_BPre10_NStem	PossConc8_BPre10_NStem
w_e_phrojekthi	PossConc1a_NStem	PossConc3_LocPre_NStem	PossConc1a_NStem	PossConc3_LocPre_NStem
ku_nga_hluk_a	OC15_AdvPre_VRoot_VerbTerm	SC15_Pot_VRoot_VerbTerm	OC15_AdvPre_VRoot_VerbTerm	SC15_AdvPre_VRoot_VerbTerm
ku_y_a	BPre15_VRoot_VerbTerm	BPre15_VRoot_VerbTerm	BPre15_VRoot_VerbTerm	BPre15_VRoot_VerbTerm
nge__ej_ensi	AdvPre_NStem	AdvPre_AdjPref7_NStem	AdvPre_NStem	AdvPre_PossConc15_NStem
e_sekel_a	RelConc9_VRoot_VerbTerm	RelConc9_VRoot_VerbTerm	RelConc9_VRoot_VerbTerm	RelConc9_VRoot_VerbTerm
nge_e_mali	AdvPre_LocPre_NStem	AdvPre_LocPre_NStem	AdvPre_LocPre_NStem	AdvPre_LocPre_NStem
na_mtjha_na	AdvPre_NStem	AdvPre_NStem_DimSuf	AdvPre_NStem	AdvPre_NStem_DimSuf
u_m_nyango	NPrePre1_BPre1_NStem	NPrePre3_BPre3_NStem	NPrePre1_BPre1_NStem	NPrePre3_BPre3_NStem
ka_rhulumende	PossConc6_NStem	PossKA_NStem	PossConc6_NStem	PossKA_NStem
.	Punc	Punc	Punc	Punc
A_bo_mma	NPrePre2a_BPre2a_NStem	NPrePre2a_BPre2a_NStem	NPrePre2a_BPre2a_NStem	NPrePre2a_BPre2a_NStem
khe	NStem	PronStem1	NStem	PronStem1
ba_qal_an_a	SC2_VRoot_VerbTerm	SC2_VRoot_RecipExt_VerbTerm	SC2_VRoot_VerbTerm	SC2_VRoot_RecipExt_VerbTerm
yini	CopPre_Interrog	Interrog	CopPre_Interrog	Interrog
no_bu_jamo	AdvPre_NPrePre15_BPre15_NStem	AdvPre_BPre14_NStem	AdvPre_NPrePre15_BPre15_NStem	AdvPre_BPre14_NStem
o_bu_thile_ko	RelConc14_NStem	RelConc14_BPre14_NStem_RelSuf	RelConc14_NStem	RelConc14_BPre14_NStem_RelSuf
obu_na_ma_gandelelo	RelConc14_NStem	RelConc14_AdvPre_BPre6_NStem	RelConc14_NStem	RelConc14_AdvPre_BPre6_NStem
namkha	Conj	Conj	Conj	Conj
obu_ne_e_n_qabo	RelConc14_AdvPre_LocPre_NStem	RelConc14_AdvPre_LocPre_BPre10_NStem	RelConc14_AdvPre_LocPre_NStem	RelConc14_AdvPre_LocPre_BPre9_NStem
e_ku_hlanganyel_eni	LocPre_BPre15_NStem_LocSuf	LocPre_BPre15_NStem_LocSuf	LocPre_BPre15_NStem_LocSuf	LocPre_BPre15_NStem_LocSuf
e_mi_sebenz_ini	LocPre_NPrePre4_BPre4_NStem_LocSuf	LocPre_BPre4_NStem_LocSuf	LocPre_NPrePre4_BPre4_NStem_LocSuf	LocPre_BPre4_NStem_LocSuf
ya_ma_phrogremu	PossConc1a_LocPre_NPrePre6_BPre6_NStem	PossConc4_BPre6_NStem	PossConc1a_LocPre_NPrePre6_BPre6_NStem	PossConc4_BPre6_NStem
na	Interrog	Interrog	Interrog	Interrog
?	Punc	Punc	Punc	Punc
A_bo_baba	NPrePre2a_BPre2a_NStem	NPrePre2a_BPre2a_NStem	NPrePre2a_BPre2a_NStem	NPrePre2a_BPre2a_NStem
bon_a	AbsPron2	VRoot_VerbTerm	AbsPron2	VRoot_VerbTerm
ke	Conj	Conj	Conj	Conj
?	Punc	Punc	Punc	Punc
Nangabe	Conj	Conj	Conj	Conj
ku_njalo	SC15_Adv	SC15_Adv	SC15_Adv	SC15_Adv
ngo_ku_njani	AdvPre_BPre15_BPre15_NStem	AdvPre_BPre15_Adv	AdvPre_BPre15_BPre15_NStem	AdvPre_BPre15_Adv
?	Punc	Punc	Punc	Punc
I_Batho	NPrePre4_ProperName	NPrePre4_ProperName	NPrePre4_ProperName	NPrePre4_ProperName
Pele	ProperName	ProperName	ProperName	ProperName
i_fun_a	SC5_VRoot_VerbTerm	SC4_VRoot_VerbTerm	SC5_VRoot_VerbTerm	SC4_VRoot_VerbTerm
'	Punc	Punc	Punc	Punc
bo_ke	QuantConc2_QuantStem	QuantConc2_QuantStem	QuantConc2_QuantStem	QuantConc2_QuantStem
aba_ntu	NPrePre2_BPre2_NStem	RelConc2_NStem	NPrePre2_BPre2_NStem	RelConc2_NStem
aba_s_e_m_sebenz_ini	RelConc2_PreLoc-s_LocPre_BPre3_NStem	RelConc2_PreLoc-s_LocPre_BPre3_NStem_LocSuf	RelConc2_PreLoc-s_LocPre_BPre3_NStem	RelConc2_PreLoc-s_LocPre_BPre3_NStem_LocSuf
wo_m_buso	PossConc3_NPrePre3_BPre3_NStem	PossConc6_BPre3_NStem	PossConc3_NPrePre3_BPre3_NStem	PossConc6_BPre3_NStem
ku_fan_el_e	OC15_VRoot_ApplExt_VerbTerm	OC15_VRoot_ApplExt_VerbTerm	OC15_VRoot_ApplExt_VerbTerm	OC15_VRoot_ApplExt_VerbTerm
ba_zikhakhazis_e	PossConc2_SC8_VRoot_CausExt_VerbTerm	SC2_Intrans_VerbTerm	PossConc2_SC8_VRoot_CausExt_VerbTerm	SC2_Intrans_VerbTerm
ngo_ku_b_a	Conj	AdvPre_BPre15_VRoot_VerbTerm	Conj	AdvPre_BPre15_VRoot_VerbTerm
zi_in_sebenzi	BPre10_BPre8_NStem	BPre8_BPre8_NStem	BPre10_BPre8_NStem	BPre8_BPre8_NStem
ezi_siz_a	RelConc8_NStem	RelConc10_VRoot_VerbTerm	RelConc8_NStem	RelConc10_VRoot_VerbTerm
aba_ntu	NPrePre2_BPre2_NStem	RelConc2_NStem	NPrePre2_BPre2_NStem	RelConc2_NStem
'	Punc	Punc	Punc	Punc
begodu	Conj	Conj	Conj	Conj
ne_mi_gomo	AdvPre_NPrePre4_BPre4_NStem	AdvPre_BPre4_NStem	AdvPre_NPrePre4_BPre4_NStem	AdvPre_BPre4_NStem
e_bu_nan_e	LocPre_NStem	LocPre_SC14_VRoot_VerbTerm	LocPre_NStem	RelConc9_SC14_VRoot_VerbTerm
e_vez_w_e	RelConc4_VRoot_PassExt_VerbTerm	RelConc4_VRoot_PassExt_VerbTerm	RelConc4_VRoot_PassExt_VerbTerm	RelConc4_VRoot_PassExt_VerbTerm
e_mthethw_eni	RelConc9_BPre3_NStem_LocSuf	LocPre_NStem_LocSuf	RelConc9_BPre3_NStem_LocSuf	LocPre_NStem_LocSuf
i_bumb_a	SC4_VRoot_VerbTerm	SC9_VRoot_VerbTerm	SC4_VRoot_VerbTerm	SC9_VRoot_VerbTerm
i_si_sekelo	NPrePre7_BPre7_NStem	NPrePre7_BPre7_NStem	NPrePre7_BPre7_NStem	NPrePre7_BPre7_NStem
hlangan_a	NStem_DimSuf	VRoot_VerbTerm	NStem_DimSuf	VRoot_VerbTerm
na_lapha	AdvPre_Dem16_Pos1	AdvPre	AdvPre_Dem16_Pos1	AdvPre
i_qiniso	NPrePre5_BPre5_NStem	NPrePre5_NStem	NPrePre5_BPre5_NStem	NPrePre5_NStem
eli_qal_en_e	RelConc5_VRoot_RecipExt_Perf	RelConc5_VRoot_RecipExt_Perf	RelConc5_VRoot_RecipExt_Perf	RelConc5_VRoot_RecipExt_Perf
no_ku_thuthuk_is_a	AdvPre_NPrePre15_BPre15_VRoot_CausExt_VerbTerm	AdvPre_BPre15_VRoot_CausExt_VerbTerm	AdvPre_NPrePre15_BPre15_VRoot_CausExt_VerbTerm	AdvPre_BPre15_VRoot_CausExt_VerbTerm
u_rhulumende	NPrePre1a_NStem	NPrePre1a_NStem	NPrePre1a_NStem	NPrePre1a_NStem
we_ndawo	PossConc3_NPrePre9_BPre9_NStem	PossConc1_NStem	PossConc3_NPrePre9_BPre9_NStem	PossConc1_NStem
mayelana	NStem	NStem	NStem	NStem
ne_e_n_dingo	AdvPre_LocPre_BPre9_NStem	AdvPre_LocPre_BPre9_NStem	AdvPre_LocPre_BPre9_NStem	AdvPre_LocPre_BPre9_NStem
zo_m_phakathi	PossConc8_NPrePre3_BPre3_NStem	PossConc10_BPre3_NStem	PossConc8_NPrePre3_BPre3_NStem	PossConc10_BPre3_NStem
we_ndawo	PossConc1a_NPrePre9_BPre9_NStem	PossConc1_NStem	PossConc1a_NPrePre9_BPre9_NStem	PossConc1_NStem
ezi_nga_thom_a	RelConc10_AdvPre_VRoot_VerbTerm	RelConc8_AdvPre_VRoot_VerbTerm	RelConc10_AdvPre_VRoot_VerbTerm	RelConc10_AdvPre_VRoot_VerbTerm
u_kw_enz_ek_a	NPrePre15_BPre15_VRoot_VerbTerm	NPrePre15_BPre15_VRoot_NeutExt_VerbTerm	NPrePre15_BPre15_VRoot_VerbTerm	NPrePre15_BPre15_VRoot_NeutExt_VerbTerm
.	Punc	Punc	Punc	Punc
Ye_thul_a	PossConc4_NStem	PossConc9_VRoot_VerbTerm	PossConc4_NStem	PossConc9_VRoot_VerbTerm
i_in_ga_b_a	NPrePre8_NPre8_NStem	NPrePre10_NPre10_Pres_VRoot_VerbTerm	NPrePre8_NPre8_NStem	NPrePre10_NPre10_Pot_VRoot_VerbTerm
ze_Ndlela	Pres_NStem	Pres_NStem	Pres_NStem	Pres_NStem
yo_ku_Siza	PossConc9_BPre15_NStem	PossConc9_BPre15_NStem	PossConc9_BPre15_NStem	PossConc9_BPre15_NStem
u_ku_Phumelelisa	NPrePre15_BPre15_NStem	NPrePre15_BPre15_NStem	NPrePre15_BPre15_NStem	NPrePre15_BPre15_NStem
ngo_ku_sebenz_is_a	AdvPre_NPrePre15_BPre15_VRoot_CausExt_VerbTerm	AdvPre_BPre15_VRoot_CausExt_VerbTerm	AdvPre_NPrePre15_BPre15_VRoot_CausExt_VerbTerm	AdvPre_BPre15_VRoot_CausExt_VerbTerm
i_dathaphrojektha	NPrePre4_NStem	NPrePre4_NStem	NPrePre4_NStem	NPrePre4_NStem
,	Punc	Punc	Punc	Punc
nany_an_a	BPre5_NStem_DimSuf	VRoot_RecipExt_VerbTerm	BPre5_NStem_DimSuf	VRoot_RecipExt_VerbTerm
i__o_ve_rhead	NPrePre4_NStem	NPrePre4_LocPre_BPre15_NStem	NPrePre4_NStem	NPrePre10_LocPre_PossConc3_NStem
projector	Foreign	Foreign	Foreign	Foreign
.	Punc	Punc	Punc	Punc
Lokha	Conj	Conj	Conj	Conj
nangabe	Conj	Conj	Conj	Conj
aku_na_ba_hlanganyeli	NegPre_AdvPre_BPre2_NStem	NegPre_AdvPre_BPre2_NStem	NegPre_AdvPre_BPre2_NStem	NegPre_AdvPre_BPre2_NStem
,	Punc	Punc	Punc	Punc
u_nga_sebenz_is_a	NPrePre1a_NegPre_NStem	NPrePre1a_NegPre_VRoot_CausExt_VerbTerm	NPrePre1a_NegPre_NStem	NPrePre1a_NegPre_VRoot_CausExt_VerbTerm
a_ma_nothi	NPrePre6_BPre6_NStem	NPrePre6_BPre6_NStem	NPrePre6_BPre6_NStem	NPrePre6_BPre6_NStem
wa_bo	PossConc3_PronStem2	PossConc3_PronStem2	PossConc3_PronStem2	PossConc3_PronStem2
we_khoso	PossConc6_LocPre_NStem	PossConc6_NStem	PossConc6_LocPre_NStem	PossConc6_NStem
,	Punc	Punc	Punc	Punc
i_khasi	NPrePre5_BPre5_NStem	NPrePre5_NStem	NPrePre5_BPre5_NStem	NPrePre5_NStem
la_ma__52	SC3_BPre6_Num	SC3_BPre6_Num	SC3_BPre6_Num	SC3_BPre6_Num
u_ku_zwisis_a	NPrePre15_BPre15_VRoot_PassExt_CausExt_CausExt_VerbTerm	NPrePre15_BPre15_VRoot_VerbTerm	NPrePre15_BPre15_VRoot_PassExt_CausExt_CausExt_VerbTerm	NPrePre15_BPre15_VRoot_VerbTerm
ku_hle	AdjPref15_AdjStem	AdjPref15_AdjStem	AdjPref15_AdjStem	AdjPref15_AdjStem
i_hlathululo	NPrePre4_NStem	NPrePre4_NStem	NPrePre4_NStem	NPrePre4_NStem
.	Punc	Punc	Punc	Punc
Ngo_ku_sebenz_is_a	AdvPre_NPrePre15_BPre15_VRoot_CausExt_VerbTerm	AdvPre_BPre15_VRoot_CausExt_VerbTerm	AdvPre_NPrePre15_BPre15_VRoot_CausExt_VerbTerm	AdvPre_BPre15_VRoot_CausExt_VerbTerm
i_dayagramu	NPrePre4_NStem	NPrePre4_NStem	NPrePre4_NStem	NPrePre4_NStem
,	Punc	Punc	Punc	Punc
khomba	VRoot_VerbTerm	NStem	VRoot_VerbTerm	NStem
i_si_gaba	NPrePre7_BPre7_NStem	NPrePre7_BPre7_NStem	NPrePre7_BPre7_NStem	NPrePre7_BPre7_NStem
esi_nye	AdjPref7_AdjStem	AdjPref7_AdjStem	AdjPref7_AdjStem	AdjPref7_AdjStem
n_esi_nye	AdvPre_AdjPref7_AdjStem	AdvPre_AdjPref7_AdjStem	AdvPre_AdjPref7_AdjStem	AdvPre_AdjPref7_AdjStem
.	Punc	Punc	Punc	Punc
U_ku_khulum_is_an_a	NPrePre15_BPre15_VRoot_CausExt_RecipExt_VerbTerm	NPrePre15_BPre15_VRoot_CausExt_RecipExt_VerbTerm	NPrePre15_BPre15_VRoot_CausExt_RecipExt_VerbTerm	NPrePre15_BPre15_VRoot_CausExt_RecipExt_VerbTerm
yi_kambiso	CopPre_NStem	CopPre_NStem	CopPre_NStem	CopPre_NStem
lapho	Dem16_Pos2		Dem16_Pos2	
aba_ntu	NPrePre2_BPre2_NStem	RelConc2_NStem	NPrePre2_BPre2_NStem	RelConc2_NStem
aba_bandakany_ek_a_ko	RelConc2_VRoot_NeutExt_VerbTerm_RelSuf	RelConc2_VRoot_NeutExt_VerbTerm_RelSuf	RelConc2_VRoot_NeutExt_VerbTerm_RelSuf	RelConc2_VRoot_NeutExt_VerbTerm_RelSuf
ba_lwel_a	SC2_VRoot_ApplExt_VerbTerm	SC2_VRoot_VerbTerm	SC2_VRoot_ApplExt_VerbTerm	SC2_VRoot_VerbTerm
i_mi_phumela	NPrePre4_BPre4_NStem	NPrePre4_BPre4_NStem	NPrePre4_BPre4_NStem	NPrePre4_BPre4_NStem
e_hlukahlukile_ko	RelConc9_NStem_RelSuf	RelConc9_NStem_RelSuf	RelConc9_NStem_RelSuf	RelConc9_NStem_RelSuf
u_ku_zama	NPrePre15_BPre15_NStem	NPrePre15_BPre15_NStem	NPrePre15_BPre15_NStem	NPrePre15_BPre15_NStem
u_ku_thol_a	NPrePre15_BPre15_VRoot_VerbTerm	NPrePre15_BPre15_VRoot_VerbTerm	NPrePre15_BPre15_VRoot_VerbTerm	NPrePre15_BPre15_VRoot_VerbTerm
u_m_phumela	NPrePre3_BPre3_NStem	NPrePre3_BPre3_NStem	NPrePre3_BPre3_NStem	NPrePre3_BPre3_NStem
oku_vunyelwana	SC3_OC15_VRoot_VerbTerm	RelConc15_NStem	SC3_OC15_VRoot_VerbTerm	RelConc15_NStem
nga_wo	AdvPre_PronStem3	AdvPre_PronStem3	AdvPre_PronStem3	AdvPre_PronStem3
begodu	Conj	Conj	Conj	Conj
ku_sesenjalo	BPre15_PreLoc-s_LocPre_AdvPre_NStem	BPre15_NStem	BPre15_PreLoc-s_LocPre_AdvPre_NStem	BPre15_NStem
ku_nga_b_elwana	BPre15_AdvPre_VRoot_ApplExt_PassExt_RecipExt_VerbTerm	BPre15_Pot_NStem_NStem	BPre15_AdvPre_VRoot_ApplExt_PassExt_RecipExt_VerbTerm	BPre15_AdvPre_BPre2_NStem
nge_lwazi	AdvPre_NStem	AdvPre_NStem	AdvPre_NStem	AdvPre_NStem
,	Punc	Punc	Punc	Punc
u_ku_rarulul_a	NPrePre15_BPre15_VRoot_VerbTerm	NPrePre15_BPre15_VRoot_VerbTerm	NPrePre15_BPre15_VRoot_VerbTerm	NPrePre15_BPre15_VRoot_VerbTerm
u_m_raro	NPrePre3_BPre3_NStem	NPrePre3_BPre3_NStem	NPrePre3_BPre3_NStem	NPrePre3_BPre3_NStem
,	Punc	Punc	Punc	Punc
u_ku_z_w_ana	NPrePre15_BPre15_VRoot_PassExt_RecipExt_VerbTerm	NPrePre15_BPre15_VRoot_PassExt_DimSuf	NPrePre15_BPre15_VRoot_PassExt_RecipExt_VerbTerm	NPrePre15_BPre15_VRoot_PassExt_DimSuf
ngo_ku_lisa	AdvPre_OC15_VRoot_VerbTerm	AdvPre_BPre15_NStem	AdvPre_OC15_VRoot_VerbTerm	AdvPre_BPre15_NStem
o_khunye	RelConc3_EnumConc5_EnumStem	RelConc3_NStem	RelConc3_EnumConc5_EnumStem	RelConc3_NStem
,	Punc	Punc	Punc	Punc
lapho	Dem16_Pos2		Dem16_Pos2	
ku_fan_el_e	OC15_VRoot_ApplExt_VerbTerm	OC15_VRoot_ApplExt_VerbTerm	OC15_VRoot_ApplExt_VerbTerm	OC15_VRoot_ApplExt_VerbTerm
khona	PronStem15_PronSuf	Conj	PronStem15_PronSuf	Conj
u_ku_buyisa	NPrePre15_BPre15_VRoot_CausExt_VerbTerm	NPrePre15_BPre15_NStem	NPrePre15_BPre15_VRoot_CausExt_VerbTerm	NPrePre15_BPre15_NStem
i_inkareko	NPrePre10_BPre10_NStem	NPrePre4_NStem	NPrePre10_BPre10_NStem	NPrePre4_NStem
.	Punc	Punc	Punc	Punc
U_kwa_z_is_w_a	NPrePre15_BPre15_VRoot_CausExt_PassExt_VerbTerm	NPrePre15_BPre15_VRoot_CausExt_PassExt_VerbTerm	NPrePre15_BPre15_VRoot_CausExt_PassExt_VerbTerm	NPrePre15_BPre15_VRoot_CausExt_PassExt_VerbTerm
kwa_ba_ntu	PossConc15_NPrePre2_BPre2_NStem	PossConc15_BPre2_NStem	PossConc15_NPrePre2_BPre2_NStem	PossConc15_BPre2_NStem
_	Punc		Punc	
sebenz_is_a	VRoot_VerbTerm	VRoot_CausExt_VerbTerm	VRoot_VerbTerm	VRoot_CausExt_VerbTerm
i_in_dlela	NPrePre10_NPre10_NStem	NPrePre10_NPre10_NStem	NPrePre10_NPre10_NStem	NPrePre10_NPre10_NStem
e_za_hlukahlukene_ko	LocPre_Pres_NStem_RelSuf	LocPre_Pres_NStem_RelSuf	LocPre_Pres_NStem_RelSuf	LocPre_Pres_NStem_RelSuf
u_kw_az_is_a	NPrePre15_BPre15_VRoot_CausExt_PassExt_VerbTerm	NPrePre15_BPre15_VRoot_CausExt_VerbTerm	NPrePre15_BPre15_VRoot_CausExt_PassExt_VerbTerm	NPrePre15_BPre15_VRoot_CausExt_VerbTerm
a_ma_Komidi	NPrePre6_BPre6_NStem	NPrePre6_BPre6_NStem	NPrePre6_BPre6_NStem	NPrePre6_BPre6_NStem
we_Wadi	PossConc6_NStem	PossConc6_NStem	PossConc6_NStem	PossConc6_NStem
,	Punc	Punc	Punc	Punc
i_mi_phakathi	NPrePre4_BPre4_NStem	NPrePre4_BPre4_NStem	NPrePre4_BPre4_NStem	NPrePre4_BPre4_NStem
,	Punc	Punc	Punc	Punc
i_mi_buso_si_tjhaba	NPrePre4_BPre4_NStem	NPrePre4_BPre4_NStem_BPre7_NStem	NPrePre4_BPre4_NStem	NPrePre4_BPre4_NStem_BPre7_NStem
ya_ba_rholi	PossConc9_BPre2_NStem	PossConc4_BPre2_NStem	PossConc9_BPre2_NStem	PossConc9_BPre2_NStem
be_ndabuko	PossConc2a_NStem	PossConc2a_NStem	PossConc2a_NStem	PossConc2a_NStem
ka_nye	AdvPre_AdjStem	AdvPre_AdjStem	AdvPre_AdjStem	AdvPre_AdjStem
na_ba_rholi	AdvPre_BPre2_NStem	AdvPre_BPre2_NStem	AdvPre_BPre2_NStem	AdvPre_BPre2_NStem
aba_siz_a	RelConc2_VRoot_VerbTerm	RelConc2_VRoot_VerbTerm	RelConc2_VRoot_VerbTerm	RelConc2_VRoot_VerbTerm
nge_mi_bono	AdvPre_BPre4_NStem	AdvPre_BPre4_NStem	AdvPre_BPre4_NStem	AdvPre_BPre4_NStem
bo_nyana	BPre2_NStem	BPre2_NStem	BPre2_NStem	BPre2_NStem
i_n_dlelakmambiso	NPrePre8_BPre8_NStem	NPrePre8_BPre8_NStem	NPrePre8_BPre8_NStem	NPrePre8_BPre8_NStem
ye__C_BP	PossConc4_Abbr	PossConc4_Abbr_Abbr	PossConc4_Abbr	PossConc4_Abbr_Abbr
i_zoku_ragela	SC4_Fut_VRoot_ApplExt_VerbTerm	NPrePre4_Fut_NStem	SC4_Fut_VRoot_ApplExt_VerbTerm	NPrePre4_Fut_NStem
phambili	Adv	Adv	Adv	Adv
.	Punc	Punc	Punc	Punc
I_in_dawo	NPrePre10_BPre10_NStem	NPrePre10_BPre10_NStem	NPrePre10_BPre10_NStem	NPrePre10_BPre10_NStem
ze_ma_plasi_ni	PossConc8_BPre6_NStem	PossConc8_BPre6_NStem_RelSuf	PossConc8_BPre6_NStem	PossConc8_BPre6_NStem_RelSuf
zi_ng_aba	Pres_NStem	Pres_BPre8_NStem	Pres_NStem	BPre8_AdvPre_NStem
na_ma_wadi	AdvPre_BPre6_NStem	AdvPre_BPre6_NStem	AdvPre_BPre6_NStem	AdvPre_BPre6_NStem
a_ma_khulu	AdjPref6_AdjStem	NPrePre6_BPre6_NStem	AdjPref6_AdjStem	NPrePre6_BPre6_NStem
khulu	Adv	Adv	Adv	Adv
a_na_ba_ntu	RelConc6_AdvPre_BPre2_NStem	RelConc6_AdvPre_BPre2_NStem	RelConc6_AdvPre_BPre2_NStem	RelConc6_AdvPre_BPre2_NStem
a_ba_rhatjhek_e	NPrePre2_BPre2_NStem	NPrePre2_OC2_Intrans_VerbTerm	NPrePre2_BPre2_NStem	NPrePre2_OC2_VRoot_VerbTerm
ki_wo	LocPre_PronStem6	LocPre_PronStem6	LocPre_PronStem6	LocPre_PronStem6
wo_ke	QuantConc1_QuantStem	QuantConc1_QuantStem	QuantConc1_QuantStem	QuantConc1_QuantStem
a_ma_threste	NPrePre6_BPre6_NStem	NPrePre6_BPre6_NStem	NPrePre6_BPre6_NStem	NPrePre6_BPre6_NStem
wa_khona	SC1_Adv	SC6_Adv	SC1_Adv	SC1_Adv
ne_ma_plasi_ni	AdvPre_BPre6_NStem	AdvPre_BPre6_NStem_RelSuf	AdvPre_BPre6_NStem	AdvPre_BPre6_NStem_RelSuf
.	Punc	Punc	Punc	Punc
Ku_ne_e_n_hlangano	LocPre_AdvPre_LocPre_BPre3_NStem	LocPre_AdvPre_LocPre_BPre9_NStem	LocPre_AdvPre_LocPre_BPre3_NStem	LocPre_AdvPre_LocPre_BPre9_NStem
ezi_mbalw_a	RelConc10_RelStem	RelConc10_VRoot_VerbTerm	RelConc10_RelStem	RelConc10_VRoot_VerbTerm
tl_e	Ideoph	VRoot_VerbTerm	Ideoph	VRoot_VerbTerm
ezi_majadu	LocPre_BPre8_NStem	RelConc8_NStem	LocPre_BPre8_NStem	RelConc8_NStem
.	Punc	Punc	Punc	Punc
I_threste	NPrePre4_NStem	NPrePre4_NStem	NPrePre4_NStem	NPrePre4_NStem
nga_linye	AdvPre_NStem	AdvPre_NStem	AdvPre_NStem	AdvPre_NStem
nany_an_a	BPre5_NStem_DimSuf	VRoot_RecipExt_VerbTerm	BPre5_NStem_DimSuf	VRoot_RecipExt_VerbTerm
i_in_qhema	NPrePre8_NPre8_NStem	NPrePre8_NPre8_NStem	NPrePre8_NPre8_NStem	NPrePre8_NPre8_NStem
za_ma_plasi	PossConc6_BPre6_NStem	PossConc8_BPre6_NStem	PossConc6_BPre6_NStem	PossConc8_BPre6_NStem
zi_nga_kheth_a	Pres_NStem	SC8_AdvPre_VRoot_VerbTerm	Pres_NStem	SC8_AdvPre_VRoot_VerbTerm
o_zi_jam_el_eko	RelConc3_Pres_VRoot_ApplExt_NeutExt_VerbTerm	RelConc1_OC8_VRoot_ApplExt_RelSuf	RelConc3_Pres_VRoot_ApplExt_NeutExt_VerbTerm	RelConc1_ReflPre_VRoot_ApplExt_NStem
ukobana	Conj	Conj	Conj	Conj
a_sebenz_e	SC2_VRoot_VerbTerm	SC6_VRoot_VerbTerm	SC2_VRoot_VerbTerm	SC6_VRoot_VerbTerm
ku_Komidi	BPre15_NStem	BPre15_NStem	BPre15_NStem	BPre15_NStem
ye_Wadi	PossConc4_NStem	PossConc4_NStem	PossConc4_NStem	PossConc4_NStem
.	Punc	Punc	Punc	Punc
I_ng_onyuluk_a	NPrePre9_AdvPre_NStem	SC9_AdvPre_VRoot_VerbTerm	NPrePre9_AdvPre_NStem	SC9_AdvPre_VRoot_VerbTerm
yo_m_Thethosisekelo	PossConc4_NPrePre3_BPre3_NStem	PossConc4_BPre3_NStem	PossConc4_NPrePre3_BPre3_NStem	PossConc4_BPre3_NStem
li_Vikelomalungelo	ProperName	BPre5_NStem	ProperName	BPre5_NStem
.	Punc	Punc	Punc	Punc
I_Vikelomalungelo	NPrePre4_NStem	NPrePre4_NStem	NPrePre4_NStem	NPrePre4_NStem
li_qinis_a	SC5_VRoot_VerbTerm	SC5_VRoot_VerbTerm	SC5_VRoot_VerbTerm	SC5_VRoot_VerbTerm
nany_an_a	BPre5_NStem_DimSuf	VRoot_RecipExt_VerbTerm	BPre5_NStem_DimSuf	VRoot_RecipExt_VerbTerm
li_sekel_a	SC5_VRoot_VerbTerm	SC5_VRoot_VerbTerm	SC5_VRoot_VerbTerm	SC5_VRoot_VerbTerm
a_ma_lungelo	NPrePre6_BPre6_NStem	NPrePre6_BPre6_NStem	NPrePre6_BPre6_NStem	NPrePre6_BPre6_NStem
wa_bo	PossConc1_PronStem14	PossConc3_PronStem2	PossConc1_PronStem14	PossConc3_PronStem2
bo_ke	QuantConc2_QuantStem	QuantConc2_QuantStem	QuantConc2_QuantStem	QuantConc2_QuantStem
aba_kh_i	NegPre_VRoot_VerbTerm	RelConc2_VRoot_VerbTerm	NegPre_VRoot_VerbTerm	RelConc2_VRoot_VerbTerm
be_ndawo	PossConc14_NPrePre9_BPre9_NStem	PossConc14_NStem	PossConc14_NPrePre9_BPre9_NStem	PossConc14_NStem
ka_nye	AdvPre_AdjStem	AdvPre_AdjStem	AdvPre_AdjStem	AdvPre_AdjStem
ne_z_akhamuzi	AdvPre_NPrePre8_BPre8_NStem	AdvPre_BPre8_NStem	AdvPre_NPrePre8_BPre8_NStem	AdvPre_BPre8_NStem
kobana	Conj	Conj	Conj	Conj
zi_phath_w_e	SC8_VRoot_PassExt_VerbTerm	SC8_VRoot_PassExt_VerbTerm	SC8_VRoot_PassExt_VerbTerm	SC8_VRoot_PassExt_VerbTerm
ngo_ku_linga_lingan_a	NegPre_NPrePre15_BPre15_NStem	AdvPre_BPre15_Pres_VRoot_VerbTerm	NegPre_NPrePre15_BPre15_NStem	AdvPre_OC15_Pres_VRoot_VerbTerm
begodu	Conj	Conj	Conj	Conj
nge_si_thunzi	AdvPre_NPrePre7_BPre7_NStem	AdvPre_BPre7_NStem	AdvPre_NPrePre7_BPre7_NStem	AdvPre_BPre7_NStem
ku_nga_qal_w_a	BPre15_AdvPre_VRoot_PassExt_VerbTerm	BPre15_NegPre_VRoot_PassExt_VerbTerm	BPre15_AdvPre_VRoot_PassExt_VerbTerm	BPre15_NegPre_VRoot_PassExt_VerbTerm
u_bu_hlanga	NPrePre14_BPre14_NStem	NPrePre14_BPre14_NStem	NPrePre14_BPre14_NStem	NPrePre14_BPre14_NStem
,	Punc	Punc	Punc	Punc
u_bu_lili	NPrePre14_BPre14_NStem	NPrePre14_BPre14_NStem	NPrePre14_BPre14_NStem	NPrePre14_BPre14_NStem
nany_an_a	BPre5_NStem_DimSuf	VRoot_RecipExt_VerbTerm	BPre5_NStem_DimSuf	VRoot_RecipExt_VerbTerm
i_si_khundla	NPrePre7_BPre7_NStem	NPrePre7_BPre7_NStem	NPrePre7_BPre7_NStem	NPrePre7_BPre7_NStem
.	Punc	Punc	Punc	Punc
A_ma_nothi	NPrePre6_BPre6_NStem	NPrePre6_BPre6_NStem	NPrePre6_BPre6_NStem	NPrePre6_BPre6_NStem
wo_m_Thetho	PossConc3_NPrePre3_BPre3_NStem	PossConc3_BPre3_NStem	PossConc3_NPrePre3_BPre3_NStem	PossConc3_BPre3_NStem
we_z_Akhiwo	PossConc1a_BPre8_NStem	PossConc1a_BPre8_NStem	PossConc1a_BPre8_NStem	PossConc1a_BPre8_NStem
za_ka_Masipala	PossConc8_PossKA_NStem	PossConc10_PossKA_NStem	PossConc8_PossKA_NStem	PossConc10_PossKA_NStem
w_e__1_998	PossConc1_Num	PossConc1_LocPre_Num_Num	PossConc1_Num	PossConc3_LocPre_Num_Num
u_ne_lungelo	BPre1_AdvPre_NPrePre5_BPre5_NStem	NPrePre1a_AdvPre_NStem	BPre1_AdvPre_NPrePre5_BPre5_NStem	BPre3_AdvPre_NStem
lo_ku_phel_is_a	RelConc15_NStem	PossConc5_BPre15_VRoot_CausExt_VerbTerm	RelConc15_NStem	PossConc5_BPre15_VRoot_CausExt_VerbTerm
/	Punc	Punc	Punc	Punc
lo_ku_phel_is_a	RelConc15_NStem	PossConc5_BPre15_VRoot_CausExt_VerbTerm	RelConc15_NStem	PossConc5_BPre15_VRoot_CausExt_VerbTerm
i_Komidi	NPrePre4_NStem	NPrePre4_NStem	NPrePre4_NStem	NPrePre4_NStem
ye_Wadi	PossConc4_NStem	PossConc4_NStem	PossConc4_NStem	PossConc4_NStem
nangabe	Conj	Conj	Conj	Conj
ayiphumelel_i	NegPre_VRoot_VerbTerm	NegPre_VerbTerm	NegPre_VRoot_VerbTerm	NegPre_VerbTerm
u_ku_finyelela	NPrePre15_BPre15_NStem	NPrePre15_BPre15_NStem	NPrePre15_BPre15_NStem	NPrePre15_BPre15_NStem
i_mi_nqopho	NPrePre4_BPre4_NStem	NPrePre4_BPre4_NStem	NPrePre4_BPre4_NStem	NPrePre4_BPre4_NStem
ya_yo	PossConc9_PronStem9	PossConc9_PronStem9	PossConc9_PronStem9	PossConc9_PronStem9
.	Punc	Punc	Punc	Punc
Lokhu	Dem15_Pos1		Dem15_Pos1	
kw_enz_ek_a	BPre15_VRoot_NeutExt_VerbTerm	BPre15_VRoot_NeutExt_VerbTerm	BPre15_VRoot_NeutExt_VerbTerm	BPre15_VRoot_NeutExt_VerbTerm
ka_nengi	AdvPre_AdjStem	AdvPre_AdjStem	AdvPre_AdjStem	AdvPre_AdjStem
nangabe	Conj	Conj	Conj	Conj
i_Komidi	NPrePre4_NStem	NPrePre4_NStem	NPrePre4_NStem	NPrePre4_NStem
ye_Wadi	PossConc4_NStem	PossConc4_NStem	PossConc4_NStem	PossConc4_NStem
a_yi_ka_yi_finyelel_i	NegPre_AdvPre_CopPre_NStem	RelConc6_NegPre_NegPre_Pres_Intrans_VerbTerm	NegPre_AdvPre_CopPre_NStem	NegCopPre_NegPre_AdvPre_NegPre_VRoot_VerbTerm
i_mi_sebenzi	NPrePre4_BPre4_NStem	NPrePre4_BPre4_NStem	NPrePre4_BPre4_NStem	NPrePre4_BPre4_NStem
ya_yo	PossConc9_PronStem9	PossConc9_PronStem9	PossConc9_PronStem9	PossConc9_PronStem9
.	Punc	Punc	Punc	Punc
Khuyini	Interrog	Interrog	Interrog	Interrog
o_kw_enza_ko	RelConc1_BPre15_NStem_RelSuf	RelConc1_BPre15_NStem_RelSuf	RelConc1_BPre15_NStem_RelSuf	RelConc1_BPre15_NStem_RelSuf
o_kw_enz_a	RelConc15_VRoot_VerbTerm	BPre15_OC15_VRoot_VerbTerm	RelConc15_VRoot_VerbTerm	SC10_OC15_VRoot_VerbTerm
ku_b_e	SC15_VRoot_VerbTerm	OC15_VRoot_VerbTerm	SC15_VRoot_VerbTerm	OC15_VRoot_VerbTerm
budisi	NStem	Adv	NStem	Adv
u_ku_khulum_a	NPrePre15_BPre15_VRoot_VerbTerm	NPrePre15_BPre15_VRoot_VerbTerm	NPrePre15_BPre15_VRoot_VerbTerm	NPrePre15_BPre15_VRoot_VerbTerm
?	Punc	Punc	Punc	Punc
Funda	VRoot_VerbTerm	Adv	VRoot_VerbTerm	ProperName
nge_sehlakalo	AdvPre_NStem	AdvPre_NStem	AdvPre_NStem	AdvPre_NStem
s_e_cala	PossConc7_NStem	PossConc7_LocPre_NStem	PossConc7_NStem	PossConc7_LocPre_NStem
esi_landel_a_ko	RelConc7_VRoot_VerbTerm_RelSuf	RelConc7_VRoot_VerbTerm_RelSuf	RelConc7_VRoot_VerbTerm_RelSuf	RelConc7_VRoot_VerbTerm_RelSuf
.	Punc	Punc	Punc	Punc
U_M_BUZO	NPrePre3_BPre3_NStem	NPrePre3_BPre3_NStem	NPrePre3_BPre3_NStem	NPrePre3_BPre3_NStem
2	Num	Num	Num	Num
.	Punc	Punc	Punc	Punc
Ngi_zi_phi	Interrog	CopPre_BPre8_EnumStem	Interrog	CopPre_BPre8_Interrog
i_in_gcenye	NPrePre10_NPre10_NStem	NPrePre10_NPre10_NStem	NPrePre10_NPre10_NStem	NPrePre10_NPre10_NStem
ezi_qakathek_ile_ko	RelConc8_VRoot_Perf_RelSuf	RelConc8_VRoot_Perf_RelSuf	RelConc8_VRoot_Perf_RelSuf	RelConc8_VRoot_Perf_RelSuf
oku_mel_e	RelConc15_VRoot_VerbTerm	RelConc15_VRoot_VerbTerm	RelConc15_VRoot_VerbTerm	RelConc15_VRoot_VerbTerm
i__P_MS	NPrePre9_Abbr	NPrePre9_Abbr_Abbr	NPrePre9_Abbr	BPre9_Abbr_Abbr
i_zimuma_th_e	BPre10_BPre10_NStem	NPrePre4_VRoot_VRoot_VerbTerm	BPre10_BPre10_NStem	NPrePre4_NStem_VRoot_VerbTerm
?	Punc	Punc	Punc	Punc
U_m_leyo	NPrePre1_BPre1_NStem	NPrePre3_BPre3_NStem	NPrePre1_BPre1_NStem	NPrePre3_BPre3_NStem
wo_ku_lawul_w_a	PossConc3_NPrePre15_BPre15_VRoot_PassExt_VerbTerm	PossConc6_BPre15_VRoot_PassExt_VerbTerm	PossConc3_NPrePre15_BPre15_VRoot_PassExt_VerbTerm	PossConc6_BPre15_VRoot_PassExt_VerbTerm
kwe_bhoduluko	PossConc15_NStem	PossConc15_NStem	PossConc15_NStem	PossConc15_NStem
.	Punc	Punc	Punc	Punc
U_ku_thuthuk_is_a	NPrePre15_BPre15_VRoot_CausExt_VerbTerm	NPrePre15_BPre15_VRoot_CausExt_VerbTerm	NPrePre15_BPre15_VRoot_CausExt_VerbTerm	NPrePre15_BPre15_VRoot_CausExt_VerbTerm
oku_ne_mi_thelela	RelConc15_AdvPre_NPrePre4_BPre4_NStem	RelConc15_AdvPre_BPre4_NStem	RelConc15_AdvPre_NPrePre4_BPre4_NStem	RelConc15_AdvPre_BPre4_NStem
e_mi_mbi	AdjPref4_AdjStem	PossConc6_BPre4_NStem	AdjPref4_AdjStem	PossConc6_BPre4_NStem
khulu	Adv	Adv	Adv	Adv
ye_bhoduluko	PossConc9_NStem	PossConc9_NStem	PossConc9_NStem	PossConc9_NStem
ne_hlalakuhle	AdvPre_NPre9_NStem	AdvPre_NStem	AdvPre_NPre9_NStem	AdvPre_NStem
ku_fan_el_e	SC15_VRoot_ApplExt_VerbTerm	OC15_VRoot_ApplExt_VerbTerm	SC15_VRoot_ApplExt_VerbTerm	OC15_VRoot_ApplExt_VerbTerm
bo_nyana	BPre2_NStem	BPre2_NStem	BPre2_NStem	BPre2_NStem
ku_linganis_w_e	BPre15_NStem	OC15_VRoot_PassExt_VerbTerm	BPre15_NStem	OC15_VRoot_PassExt_VerbTerm
ne_sekelo	AdvPre_NStem	AdvPre_NStem	AdvPre_NStem	AdvPre_NStem
lo_kw_enz_a	PossConc5_NPrePre15_BPre15_VRoot_VerbTerm	PossConc5_BPre15_VRoot_VerbTerm	PossConc5_NPrePre15_BPre15_VRoot_VerbTerm	PossConc5_BPre15_VRoot_VerbTerm
ngcono	NStem	NStem	NStem	NStem
i_mi_khakha	NPrePre4_BPre4_NStem	NPrePre4_BPre4_NStem	NPrePre4_BPre4_NStem	NPrePre4_BPre4_NStem
e_khambelana_ko	RelConc9_NStem_RelSuf	RelConc9_NStem_RelSuf	RelConc9_NStem_RelSuf	RelConc9_NStem_RelSuf
.	Punc	Punc	Punc	Punc
U_ku_hlanganyela	NPrePre15_BPre15_NStem	NPrePre15_BPre15_NStem	NPrePre15_BPre15_NStem	NPrePre15_BPre15_NStem
ko_m_phakathi	PossConc15_NPrePre3_BPre3_NStem	PossConc15_BPre3_NStem	PossConc15_NPrePre3_BPre3_NStem	PossConc15_BPre3_NStem
we_khaya	PossConc1a_NPrePre5_BPre5_NStem	PossConc3_NStem	PossConc1a_NPrePre5_BPre5_NStem	PossConc3_NStem
e_ku_sebenz_e_ni	LocPre_NPrePre15_BPre15_VRoot_VerbTerm_LocSuf	LocPre_BPre15_VRoot_VerbTerm_LocSuf	LocPre_NPrePre15_BPre15_VRoot_VerbTerm_LocSuf	LocPre_BPre15_VRoot_VerbTerm_LocSuf
kwa_ka_masipala	PossConc15_PossConc1a_NStem	PossConc15_PossKA_NStem	PossConc15_PossConc1a_NStem	PossConc15_PossKA_NStem
ku_qinis_ek_is_w_a	OC15_VRoot_NeutExt_CausExt_ApplExt_VerbTerm	OC5_VRoot_NeutExt_CausExt_PassExt_VerbTerm	OC15_VRoot_NeutExt_CausExt_ApplExt_VerbTerm	SC15_VRoot_NeutExt_CausExt_PassExt_VerbTerm
ngo_ku_sebenz_a	AdvPre_NPrePre15_BPre15_NStem	AdvPre_BPre15_VRoot_VerbTerm	AdvPre_NPrePre15_BPre15_NStem	AdvPre_BPre15_VRoot_VerbTerm
kwa_ma_Komidi	PossConc15_BPre6_NStem	PossConc15_BPre6_NStem	PossConc15_BPre6_NStem	PossConc15_BPre6_NStem
we_Wadi	PossConc6_NStem	PossConc6_NStem	PossConc6_NStem	PossConc6_NStem
begodu	Conj	Conj	Conj	Conj
ku_ne_funeko	LocPre_AdvPre_NStem	BPre15_AdvPre_NStem	LocPre_AdvPre_NStem	LocPre_AdvPre_NStem
yo_m_thetho	PossConc9_NPrePre3_BPre3_NStem	PossConc9_BPre3_NStem	PossConc9_NPrePre3_BPre3_NStem	PossConc9_BPre3_NStem
bon_a	AbsPron2	VRoot_VerbTerm	AbsPron2	VRoot_VerbTerm
u_masipala	NPrePre1a_NStem	NPrePre1a_NStem	NPrePre1a_NStem	NPrePre1a_NStem
a_fak_e	SC6_VRoot_VerbTerm	SC6_VRoot_VerbTerm	SC6_VRoot_VerbTerm	SC6_VRoot_VerbTerm
i_mi_phakathi	NPrePre4_BPre4_NStem	NPrePre4_BPre4_NStem	NPrePre4_BPre4_NStem	NPrePre4_BPre4_NStem
ye_khaya	PossConc4_NPrePre5_BPre5_NStem	PossConc9_NStem	PossConc4_NPrePre5_BPre5_NStem	PossConc9_NStem
,	Punc	Punc	Punc	Punc
nga_ma_Komidi	AdvPre_BPre6_NStem	AdvPre_BPre6_NStem	AdvPre_BPre6_NStem	AdvPre_BPre6_NStem
we_Wadi	PossConc6_NStem	PossConc6_NStem	PossConc6_NStem	PossConc6_NStem
,	Punc	Punc	Punc	Punc
ngo_ku_hlalisa	AdvPre_NPrePre15_BPre15_VRoot_VerbTerm	AdvPre_BPre15_NStem	AdvPre_NPrePre15_BPre15_VRoot_VerbTerm	AdvPre_BPre15_NStem
a_ma__K_PI	NPrePre6_BPre6_Abbr	NPrePre6_BPre6_Abbr_Abbr	NPrePre6_BPre6_Abbr	NPrePre6_BPre6_BPre15_NStem
na_bo_mqothel_w_a	AdvPre_BPre2a_NStem	AdvPre_PossConc2_VRoot_PassExt_VerbTerm	AdvPre_BPre2a_NStem	AdvPre_PossConc2_VRoot_PassExt_VerbTerm
bo_kw_enz_a	PossConc2_NPrePre15_BPre15_VRoot_VerbTerm	PossConc14_BPre15_VRoot_VerbTerm	PossConc2_NPrePre15_BPre15_VRoot_VerbTerm	PossConc14_BPre15_VRoot_VerbTerm
begodu	Conj	Conj	Conj	Conj
no_kw_enz_a	AdvPre_NPrePre15_BPre15_VRoot_VerbTerm	AdvPre_BPre15_VRoot_VerbTerm	AdvPre_NPrePre15_BPre15_VRoot_VerbTerm	AdvPre_BPre15_VRoot_VerbTerm
i_si_qiniseko	NPrePre7_BPre7_NStem	NPrePre7_BPre7_NStem	NPrePre7_BPre7_NStem	NPrePre7_BPre7_NStem
so_ku_bandakany_a	PossConc7_NPrePre15_BPre15_VRoot_VerbTerm	PossConc7_BPre15_VRoot_VerbTerm	PossConc7_NPrePre15_BPre15_VRoot_VerbTerm	PossConc7_BPre15_VRoot_VerbTerm
u_m_phakathi	NPrePre3_BPre3_NStem	NPrePre3_BPre3_NStem	NPrePre3_BPre3_NStem	NPrePre3_BPre3_NStem
e_ku_tjhejeni	LocPre_BPre15_NStem_LocSuf	LocPre_BPre15_NStem	LocPre_BPre15_NStem_LocSuf	LocPre_BPre15_NStem
ne_ku_buyekez_eni	AdvPre_BPre15_NStem_LocSuf	AdvPre_BPre15_NStem_LocSuf	AdvPre_BPre15_NStem_LocSuf	AdvPre_BPre15_NStem_LocSuf
lokhu	Dem15_Pos1		Dem15_Pos1	
.	Punc	Punc	Punc	Punc
Gcin_a	VRoot_VerbTerm	VRoot_VerbTerm	VRoot_VerbTerm	VRoot_VerbTerm
i_l_anga	NPrePre5_BPre5_NStem	NPrePre5_BPre5_NStem	NPrePre5_BPre5_NStem	NPrePre5_BPre5_NStem
ne_mi_biko	AdvPre_NPrePre4_BPre4_NStem	AdvPre_BPre4_NStem	AdvPre_NPrePre4_BPre4_NStem	AdvPre_BPre4_NStem
ngo_ku_buthelel_w_a	AdvPre_OC15_VRoot_PassExt_VerbTerm	AdvPre_BPre15_VRoot_PassExt_VerbTerm	AdvPre_OC15_VRoot_PassExt_VerbTerm	AdvPre_BPre15_VRoot_PassExt_VerbTerm
kwe_emali	PossConc15_NStem	PossConc15_NStem	PossConc15_NStem	PossConc15_NStem
za_ka_masipala	PossConc10_PossKA_NStem	PossConc10_PossKA_NStem	PossConc10_PossKA_NStem	PossConc10_PossKA_NStem
m_khandlu	BPre3_NStem	BPre3_NStem	BPre3_NStem	BPre3_NStem
begodu	Conj	Conj	Conj	Conj
no_kwe_thul_w_a	AdvPre_NPrePre15_BPre15_VRoot_PassExt_VerbTerm	AdvPre_BPre15_VRoot_PassExt_VerbTerm	AdvPre_NPrePre15_BPre15_VRoot_PassExt_VerbTerm	AdvPre_BPre15_VRoot_PassExt_VerbTerm
kwe_e_n_setjenziswa	PossConc15_LocPre_BPre3_NStem	PossConc15_LocPre_BPre3_NStem	PossConc15_LocPre_BPre3_NStem	PossConc15_LocPre_BPre3_NStem
.	Punc	Punc	Punc	Punc
A_ma_kghono	NPrePre6_BPre6_NStem	NPrePre6_BPre6_NStem	NPrePre6_BPre6_NStem	NPrePre6_BPre6_NStem
na_mandla	AdvPre_RelStem	AdvPre_RelStem	AdvPre_RelStem	AdvPre_RelStem
wabohloko_ku_lu	PossConc1a_NStem	NStem_BPre15_NStem	PossConc1a_NStem	NStem_BPre15_NStem
be_e_n_kolo	PossConc2_LocPre_BPre9_NStem	PossConc2_LocPre_BPre9_NStem	PossConc2_LocPre_BPre9_NStem	PossConc2_LocPre_BPre9_NStem
.	Punc	Punc	Punc	Punc
I_tshwayo	NPrePre4_NStem	NPrePre4_NStem	NPrePre4_NStem	NPrePre4_NStem
eli_jayelekile_ko	RelConc5_NStem_RelSuf	RelConc5_NStem_RelSuf	RelConc5_NStem_RelSuf	RelConc5_NStem_RelSuf
la_zo	Dem1_Pos1_NPrePre4_NStem	PossPron_PronStem8	Dem1_Pos1_NPrePre4_NStem	PossPron_PronStem8
zo_ke	QuantConc10_QuantStem	QuantConc10_QuantStem	QuantConc10_QuantStem	QuantConc10_QuantStem
i_inkolo	NPrePre4_NStem	NPrePre4_NStem	NPrePre4_NStem	NPrePre4_NStem
ezi_lawul_w_a	RelConc10_VRoot_PassExt_VerbTerm	RelConc10_VRoot_PassExt_VerbTerm	RelConc10_VRoot_PassExt_VerbTerm	RelConc10_VRoot_PassExt_VerbTerm
ku_hle	AdjPref15_AdjStem	AdjPref15_AdjStem	AdjPref15_AdjStem	AdjPref15_AdjStem
bu_rholi	BPre14_NStem	BPre14_NStem	BPre14_NStem	BPre14_NStem
.	Punc	Punc	Punc	Punc
U_m_Nyango	NPrePre1_BPre1_NStem	NPrePre1_BPre3_NStem	NPrePre1_BPre1_NStem	NPrePre1_BPre3_NStem
we_ze_Fundo	PossConc3_Pres_NStem	PossConc6_PossConc8_NStem	PossConc3_Pres_NStem	PossConc1a_PossConc8_NStem
esi_Sekelo	RelConc7_NPrePre7_BPre7_NStem	RelConc7_NStem	RelConc7_NPrePre7_BPre7_NStem	RelConc7_NStem
mhlapha	NStem	NStem	NStem	NStem
nje	Adv	Adv	Adv	Adv
u_hlom_e	NPrePre1a_VRoot_VerbTerm	NPrePre1a_VRoot_VerbTerm	NPrePre1a_VRoot_VerbTerm	NPrePre1a_VRoot_VerbTerm
i_hlelo	NPrePre9_NStem	NPrePre9_NStem	NPrePre9_NStem	NPrePre9_NStem
loku_lingan_is_a	RelConc15_VRoot_CausExt_VerbTerm	RelConc15_VRoot_CausExt_VerbTerm	RelConc15_VRoot_CausExt_VerbTerm	RelConc15_VRoot_CausExt_VerbTerm
a_ma_kghono	NPrePre6_BPre6_NStem	NPrePre6_BPre6_NStem	NPrePre6_BPre6_NStem	NPrePre6_BPre6_NStem
wabohloko_ku_lu	PossConc1a_NStem	NStem_BPre15_NStem	PossConc1a_NStem	NStem_BPre15_NStem
na_ma_sekel_a	AdvPre_BPre6_NStem	AdvPre_BPre6_VRoot_VerbTerm	AdvPre_BPre6_NStem	AdvPre_BPre6_VRoot_VerbTerm
wabohloko_ku_lu	PossConc1a_NStem	NStem_BPre15_NStem	PossConc1a_NStem	NStem_BPre15_NStem
.	Punc	Punc	Punc	Punc
Be_godu	Conj	PossConc14_NStem	Conj	PossConc14_NStem
i_hlolombono	NPrePre4_NStem	NPrePre4_NStem	NPrePre4_NStem	NPrePre4_NStem
i_zoku_siz_a	NPrePre4_Fut_VRoot_VerbTerm	NPrePre4_Fut_VRoot_VerbTerm	NPrePre4_Fut_VRoot_VerbTerm	NPrePre4_Fut_VRoot_VerbTerm
u_ku_khomba	NPrePre15_BPre15_VRoot_VerbTerm	NPrePre15_BPre15_NStem	NPrePre15_BPre15_VRoot_VerbTerm	NPrePre15_BPre15_NStem
labo	Dem2_Pos2		Dem2_Pos2	
aba_nga_sebenzi	RelConc2a_NegPre_VRoot_VerbTerm	RelConc2_AdvPre_NStem	RelConc2a_NegPre_VRoot_VerbTerm	RelConc2_AdvPre_NStem
ku_hle	AdjPref15_AdjStem	AdjPref15_AdjStem	AdjPref15_AdjStem	AdjPref15_AdjStem
,	Punc	Punc	Punc	Punc
ngo_ku_qal_a	AdvPre_NPrePre15_BPre15_VRoot_VerbTerm	AdvPre_BPre15_VRoot_VerbTerm	AdvPre_NPrePre15_BPre15_VRoot_VerbTerm	AdvPre_BPre15_VRoot_VerbTerm
a_ma_phuzu	NPrePre6_BPre6_NStem	NPrePre6_BPre6_NStem	NPrePre6_BPre6_NStem	NPrePre6_BPre6_NStem
wa_ba_fundi	PossConc3_NPrePre2_BPre2_NStem	PossConc3_BPre2_NStem	PossConc3_NPrePre2_BPre2_NStem	PossConc3_BPre2_NStem
,	Punc	Punc	Punc	Punc
ku_thi	SC15_VRoot_VerbTerm	BPre15_NStem	SC15_VRoot_VerbTerm	BPre17_NStem
abohloko_kulwabo	NPrePre2_BPre2_NStem	NegPre_NStem	NPrePre2_BPre2_NStem	NStem_NStem
na_bo_titjherabo	AdvPre_NStem	AdvPre_BPre2a_NStem	AdvPre_NStem	AdvPre_BPre2_NStem
ba_phiw_e	SC2_Intrans_VerbTerm	SC2_Intrans_VerbTerm	SC2_Intrans_VerbTerm	SC2_Intrans_VerbTerm
i_sekelo	NPrePre4_NStem	NPrePre4_NStem	NPrePre4_NStem	NPrePre4_NStem
eli_fan_ele_ko	RelConc5_VRoot_ApplExt_VerbTerm_RelSuf	RelConc5_VRoot_RelConc5_RelSuf	RelConc5_VRoot_ApplExt_VerbTerm_RelSuf	RelConc5_VRoot_Perf_RelSuf
.	Punc	Punc	Punc	Punc
A_bohloko_ku_lu	NPrePre2_BPre2_NStem	RelConc6_NStem_BPre15_NStem	NPrePre2_BPre2_NStem	RelConc6_NStem_BPre15_NStem
ku_fan_el_e	SC15_VRoot_ApplExt_VerbTerm	OC15_VRoot_ApplExt_VerbTerm	SC15_VRoot_ApplExt_VerbTerm	OC15_VRoot_ApplExt_VerbTerm
ba_kheth_w_e	SC2_Intrans_PassExt_VerbTerm	SC2_VRoot_PassExt_VerbTerm	SC2_Intrans_PassExt_VerbTerm	SC2_VRoot_PassExt_VerbTerm
u_ku_y_a	NPrePre15_BPre15_VRoot_VerbTerm	NPrePre15_BPre15_VRoot_VerbTerm	NPrePre15_BPre15_VRoot_VerbTerm	NPrePre15_BPre15_VRoot_VerbTerm
ngo_msebenzi	AdvPre_NPrePre3_BPre3_NStem	AdvPre_NStem	AdvPre_NPrePre3_BPre3_NStem	AdvPre_NStem
omu_hle	AdjPref3_AdjStem	AdjPref3_AdjStem	AdjPref3_AdjStem	AdjPref3_AdjStem
aba_w_enza_ko	RelConc2_CopPre_NStem_RelSuf	RelConc2_CopPre_NStem_RelSuf	RelConc2_CopPre_NStem_RelSuf	RelConc2_CopPre_NStem_RelSuf
kwa_phela	SC15_VRoot_VerbTerm	BPre15_NStem	SC15_VRoot_VerbTerm	BPre15_NStem
,	Punc	Punc	Punc	Punc
ba_phiw_e	SC2_Intrans_VerbTerm	SC2_VRoot_VerbTerm	SC2_Intrans_VerbTerm	SC2_VRoot_VerbTerm
a_ma_ndla	RelConc6_RelStem	NPrePre6_BPre6_NStem	RelConc6_RelStem	NPrePre6_BPre6_NStem
a_ma_neng_an_a	NPrePre6_BPre6_NStem	NPrePre6_BPre6_VRoot_RecipExt_VerbTerm	NPrePre6_BPre6_NStem	NPrePre6_BPre6_VRoot_RecipExt_VerbTerm
wo_ku_lawula	PossConc1_NPrePre15_BPre15_VRoot_VerbTerm	PossConc1a_BPre15_NStem	PossConc1_NPrePre15_BPre15_VRoot_VerbTerm	PossConc1a_BPre15_NStem
i_inkolo	NPrePre4_NStem	NPrePre4_NStem	NPrePre4_NStem	NPrePre4_NStem
begodu	Conj	Conj	Conj	Conj
ba_zi_phendul_el_e	SC2_OC2_VRoot_ApplExt_VerbTerm	SC2_SC8_Intrans_ApplExt_VerbTerm	SC2_OC2_VRoot_ApplExt_VerbTerm	SC2_OC2_VRoot_ApplExt_VerbTerm
mayelana	NStem	NStem	NStem	NStem
ne_mi_sebenzabo	AdvPre_NPrePre4_BPre4_NStem	AdvPre_BPre4_NStem	AdvPre_NPrePre4_BPre4_NStem	AdvPre_BPre4_NStem
.	Punc	Punc	Punc	Punc
Lokha	Conj	Conj	Conj	Conj
na_kw_akh_iw_a	AdvPre_BPre15_VRoot_PassExt_VerbTerm	AdvPre_BPre15_VRoot_PassExt_VerbTerm	AdvPre_BPre15_VRoot_PassExt_VerbTerm	AdvPre_BPre15_VRoot_PassExt_VerbTerm
a_ma_tjhejontangi	NPrePre6_BPre6_NStem	NPrePre6_BPre6_NStem	NPrePre6_BPre6_NStem	NPrePre6_BPre6_NStem
,	Punc	Punc	Punc	Punc
ku_ya_siz_a	SC15_Pres_VRoot_VerbTerm	SC15_Pres_VRoot_VerbTerm	SC15_Pres_VRoot_VerbTerm	SC15_Pres_VRoot_VerbTerm
u_ku_gcugcuzela	NPrePre15_BPre15_NStem	NPrePre15_BPre15_NStem	NPrePre15_BPre15_NStem	NPrePre15_BPre15_NStem
a_ma_lunga	NPrePre6_BPre6_NStem	NPrePre6_BPre6_NStem	NPrePre6_BPre6_NStem	NPrePre6_BPre6_NStem
wo_m_phakathi	PossConc3_NPrePre3_BPre3_NStem	PossConc3_BPre3_NStem	PossConc3_NPrePre3_BPre3_NStem	PossConc3_BPre3_NStem
bo_nyana	BPre2_NStem	BPre2_NStem	BPre2_NStem	BPre2_NStem
a_cabang_e	SC1_VRoot_VerbTerm	RelConc6_VRoot_VerbTerm	SC1_VRoot_VerbTerm	RelConc6_VRoot_VerbTerm
ka_banzi	NegPre_SC6_RelStem	NegPre_RelStem	NegPre_SC6_RelStem	NegPre_RelStem
ka_nye	AdvPre_AdjStem	AdvPre_AdjStem	AdvPre_AdjStem	AdvPre_AdjStem
no_ku_tjheja	AdvPre_NPrePre15_BPre15_Intrans_VerbTerm	AdvPre_BPre15_NStem	AdvPre_NPrePre15_BPre15_Intrans_VerbTerm	AdvPre_BPre15_NStem
i_i_n_dingo	NPrePre8_NPrePre8_BPre8_NStem	NPrePre8_NPrePre8_BPre8_NStem	NPrePre8_NPrePre8_BPre8_NStem	NPrePre8_NPrePre8_BPre8_NStem
ze_si_khathi	PossConc8_BPre7_NStem	PossConc8_BPre7_NStem	PossConc8_BPre7_NStem	PossConc8_BPre7_NStem
esi_fitjhani	RelConc7_NStem	RelConc7_NStem	RelConc7_NStem	RelConc7_NStem
,	Punc	Punc	Punc	Punc
esi_phakathi	RelConc7_Adv	RelConc7_Adv	RelConc7_Adv	RelConc7_Adv
ka_nye	AdvPre_AdjStem	AdvPre_AdjStem	AdvPre_AdjStem	AdvPre_AdjStem
ne_si_de	AdvPre_AdjPref7_AdjStem	AdvPre_BPre7_AdjStem	AdvPre_AdjPref7_AdjStem	AdvPre_BPre7_NStem
.	Punc	Punc	Punc	Punc
A_ma__K_PI	NPrePre6_BPre6_Abbr	NPrePre6_BPre6_LocPre_Abbr	NPrePre6_BPre6_Abbr	NPrePre6_BPre6_LocPre_NStem
a_sebenz_a	SC6_VRoot_VerbTerm	SC6_VRoot_VerbTerm	SC6_VRoot_VerbTerm	SC6_VRoot_VerbTerm
e_e_n_qhem_eni	RelConc9_LocPre_BPre9_NStem_LocSuf	RelConc9_LocPre_BPre9_NStem_LocSuf	RelConc9_LocPre_BPre9_NStem_LocSuf	RelConc9_LocPre_BPre9_NStem_LocSuf
zo_ku_phath_a	PossConc8_NPrePre15_BPre15_VRoot_VerbTerm	PossConc8_BPre15_VRoot_VerbTerm	PossConc8_NPrePre15_BPre15_VRoot_VerbTerm	PossConc8_BPre15_VRoot_VerbTerm
zi_ka_masipala	PossConc8_NStem	BPre8_PossKA_NStem	PossConc8_NStem	BPre8_PossKA_NStem
ne_ba_sebenz_ini	AdvPre_LocPre_BPre2_NStem_LocSuf	AdvPre_BPre2_NStem_LocSuf	AdvPre_LocPre_BPre2_NStem_LocSuf	AdvPre_BPre2_NStem_LocSuf
,	Punc	Punc	Punc	Punc
na_ki_wo	AdvPre_PossConc6_PronStem6	AdvPre_PossConc6_PronStem3	AdvPre_PossConc6_PronStem6	AdvPre_LocPre_PronStem3
wo_ke	QuantConc6_QuantStem	QuantConc1_QuantStem	QuantConc6_QuantStem	QuantConc1_QuantStem
o_na_ma_thel_en_e	BPre1_NStem	RelConc3_AdvPre_BPre6_VRoot_RecipExt_VerbTerm	BPre1_NStem	RelConc3_AdvPre_BPre6_VRoot_RecipExt_Perf
no_masipala	AdvPre_NPre1a_NStem	AdvPre_NStem	AdvPre_NPre1a_NStem	AdvPre_NStem
nofan_a	Conj	VRoot_VerbTerm	Conj	VRoot_VerbTerm
o_thuthela	SC1_VRoot_ApplExt_VerbTerm	RelConc3_NStem	SC1_VRoot_ApplExt_VerbTerm	RelConc3_NStem
u_masipala	NPrePre1a_NStem	NPrePre1a_NStem	NPrePre1a_NStem	NPrePre1a_NStem
.	Punc	Punc	Punc	Punc
A_bo_masipala	NPrePre2a_BPre2a_NStem	NPrePre2a_BPre2a_NStem	NPrePre2a_BPre2a_NStem	NPrePre2a_BPre2a_NStem
ba_ne_e_n_kareko	PossConc2a_AdvPre_NPre10_BPre10_NStem	PossConc2_AdvPre_LocPre_BPre10_NStem	PossConc2a_AdvPre_NPre10_BPre10_NStem	PossConc2_AdvPre_LocPre_BPre10_NStem
e_za_hlukahlukene_ko	RelConc10_NStem_RelSuf	LocPre_Pres_NStem_RelSuf	RelConc10_NStem_RelSuf	LocPre_Pres_NStem_RelSuf
begodu	Conj	Conj	Conj	Conj
u_nga_thol_a	NPrePre1a_AdvPre_VRoot_VerbTerm	SC1_NegPre_VRoot_VerbTerm	NPrePre1a_AdvPre_VRoot_VerbTerm	SC1_AdvPre_VRoot_VerbTerm
ba_phalisan_a	SC2_VRoot_CausExt_RecipExt_VerbTerm	SC2_Intrans_VerbTerm	SC2_VRoot_CausExt_RecipExt_VerbTerm	SC2_Intrans_VerbTerm
.	Punc	Punc	Punc	Punc
I__P_MS	NPrePre9_Abbr	NPrePre9_Abbr_Abbr	NPrePre9_Abbr	BPre9_BPre9_NStem
ku_fan_el_e	OC15_VRoot_ApplExt_VerbTerm	OC15_VRoot_ApplExt_VerbTerm	OC15_VRoot_ApplExt_VerbTerm	OC15_VRoot_ApplExt_VerbTerm
i_hlanganise	SC9_VRoot_CausExt_VerbTerm	NPrePre4_NStem	SC9_VRoot_CausExt_VerbTerm	NPrePre4_NStem
i_inkareko	NPrePre10_BPre10_NStem	NPrePre4_NStem	NPrePre10_BPre10_NStem	NPrePre4_NStem
ezi_nengi	AdjPref10_AdjStem	AdjPref10_AdjStem	AdjPref10_AdjStem	AdjPref10_AdjStem
nge_n_dlela	AdvPre_NPrePre9_BPre9_NStem	AdvPre_BPre9_NStem	AdvPre_NPrePre9_BPre9_NStem	AdvPre_BPre9_NStem
e_nga_kghona	RelConc9_Intrans_VerbTerm	LocPre_AdvPre_NStem	RelConc9_Intrans_VerbTerm	LocPre_AdvPre_NStem
nga_yo	AdvPre_PronStem9	AdvPre_PronStem9	AdvPre_PronStem9	AdvPre_PronStem9
.	Punc	Punc	Punc	Punc
Be_godu	Conj	PossConc14_NStem	Conj	PossConc14_NStem
ku_zoku_b_a	SC15_Fut_VRoot_VerbTerm	SC15_Fut_VRoot_VerbTerm	SC15_Fut_VRoot_VerbTerm	SC15_Fut_VRoot_VerbTerm
ne_e_n_dingo	AdvPre_LocPre_BPre9_NStem	AdvPre_LocPre_BPre9_NStem	AdvPre_LocPre_BPre9_NStem	AdvPre_LocPre_BPre9_NStem
e_za_hlukahlukene_ko	LocPre_Pres_NStem_RelSuf	LocPre_Pres_NStem_RelSuf	LocPre_Pres_NStem_RelSuf	LocPre_Pres_NStem_RelSuf
kwe_ze_mi_phakathi	PossConc15_PossConc4_BPre4_NStem	PossConc15_PossConc8_BPre4_NStem	PossConc15_PossConc4_BPre4_NStem	PossConc15_PossConc8_BPre4_NStem
ye_makhaya	PossConc4_BPre6_NStem	PossConc9_NStem	PossConc4_BPre6_NStem	PossConc9_NStem
ku_na_leyo	BPre15_AdvPre_Dem4_Pos2	BPre15_AdvPre	BPre15_AdvPre_Dem4_Pos2	BPre15_AdvPre_NStem
ye_ma_dorobh_eni	PossConc4_BPre6_NStem_LocSuf	PossConc4_BPre10_NStem_LocSuf	PossConc4_BPre6_NStem_LocSuf	PossConc4_BPre10_NStem_LocSuf
.	Punc	Punc	Punc	Punc
A_ba_hlanganyeli	NPrePre2_BPre2_NStem	NPrePre2_BPre2_NStem	NPrePre2_BPre2_NStem	NPrePre2_BPre2_NStem
ba_qal_a	SC2_VRoot_VerbTerm	SC2_VRoot_VerbTerm	SC2_VRoot_VerbTerm	SC2_VRoot_VerbTerm
i_si_fundo__sehlakalose__Seymour	NPrePre7_BPre7_NStem_NStem_ProperName	NPrePre7_BPre7_NStem_NStem_ProperName	NPrePre7_BPre7_NStem_NStem_ProperName	NPrePre7_BPre7_NStem_NStem_ProperName
.	Punc	Punc	Punc	Punc
Be_godu	Conj	PossConc14_NStem	Conj	PossConc14_NStem
u_ku_khul_a	NPrePre15_BPre15_VRoot_VerbTerm	NPrePre15_BPre15_VRoot_VerbTerm	NPrePre15_BPre15_VRoot_VerbTerm	NPrePre15_BPre15_VRoot_VerbTerm
nga_mandla	CopPre_NPrePre6_Bre6_NStem	AdvPre_RelStem	CopPre_NPrePre6_Bre6_NStem	AdvPre_RelStem
kwe__Afrika	PossConc15_ProperName	PossConc15_ProperName	PossConc15_ProperName	PossConc15_ProperName
ku_nikel_a	BPre15_VRoot_VerbTerm	BPre17_VRoot_VerbTerm	BPre15_VRoot_VerbTerm	BPre17_VRoot_VerbTerm
a_ma_femu	NPrePre6_BPre6_NStem	NPrePre6_BPre6_NStem	NPrePre6_BPre6_NStem	NPrePre6_BPre6_NStem
ka_nye	AdvPre_AdjStem	AdvPre_AdjStem	AdvPre_AdjStem	AdvPre_AdjStem
na_ma_bubulo	AdvPre_NPrePre6_BPre6_NStem	AdvPre_BPre6_NStem	AdvPre_NPrePre6_BPre6_NStem	AdvPre_BPre6_NStem
we_Sewula	PossConc1_LocPre_NStem	PossConc1_NStem	PossConc1_LocPre_NStem	PossConc1_NStem
Afrika	ProperName	ProperName	ProperName	ProperName
a_ma_thuba	NPrePre6_BPre6_NStem	NPrePre6_BPre6_NStem	NPrePre6_BPre6_NStem	NPrePre6_BPre6_NStem
,	Punc	Punc	Punc	Punc
ngom_bana	Conj	AdvPre_AdjStem	Conj	AdvPre_AdjStem
na_wo	AdvPre_PronStem3	AdvPre_PronStem3	AdvPre_PronStem3	AdvPre_PronStem3
a_si_fakile	SC6_BPre7_VRoot_Perf	RelConc6_NegPre_NStem	SC6_BPre7_VRoot_Perf	RelConc6_BPre7_NStem
i_sa_ndla	NPrePre7_BPre7_NStem	NPrePre7_BPre7_NStem	NPrePre7_BPre7_NStem	NPrePre7_BPre7_NStem
e_tuthukw_eni	LocPre_NStem_LocSuf	LocPre_NStem_LocSuf	LocPre_NStem_LocSuf	LocPre_NStem_LocSuf
ngo_ku_sis_a	AdvPre_OC15_VRoot_VerbTerm	AdvPre_SC15_VRoot_VerbTerm	AdvPre_OC15_VRoot_VerbTerm	AdvPre_OC15_VRoot_VerbTerm
kwe_zo_ku_thint_an_a	PossConc15_Fut_NStem	PossConc15_Fut_OC15_VRoot_RecipExt_VerbTerm	PossConc15_Fut_NStem	PossConc15_Fut_OC15_VRoot_RecipExt_VerbTerm
ngo_m_tato	AdvPre_NStem	AdvPre_BPre3_NStem	AdvPre_NStem	AdvPre_BPre3_NStem
,	Punc	Punc	Punc	Punc
e_ma_bhanga	NPrePre6_BPre6_NStem	NPrePre6_BPre6_NStem	NPrePre6_BPre6_NStem	LocPre_BPre6_NStem
,	Punc	Punc	Punc	Punc
e_ma_mayini	LocPre_NStem_LocSuf	NPrePre6_BPre6_NStem	LocPre_NStem_LocSuf	LocPre_BPre6_NStem
,	Punc	Punc	Punc	Punc
e_en_hlanganw_eni	RelConc9_LocPre_BPre9_NStem_LocSuf	LocPre_BPre9_NStem_LocSuf	RelConc9_LocPre_BPre9_NStem_LocSuf	LocPre_BPre9_NStem_LocSuf
zo_kw_akha	PossConc8_BPre15_VRoot_VerbTerm	PossConc8_BPre15_NStem	PossConc8_BPre15_VRoot_VerbTerm	PossConc10_BPre15_NStem
ka_nye	AdvPre_AdjStem	AdvPre_AdjStem	AdvPre_AdjStem	AdvPre_AdjStem
ne_marhwebeni	AdvPre_BPre6_NStem_LocSuf	AdvPre_NStem	AdvPre_BPre6_NStem_LocSuf	AdvPre_NStem
a_thengisela	SC6_VRoot_CausExt_ApplExt_VerbTerm	RelConc6_NStem	SC6_VRoot_CausExt_ApplExt_VerbTerm	RelConc6_NStem
u_m_phakathi	NPrePre3_BPre3_NStem	NPrePre3_BPre3_NStem	NPrePre3_BPre3_NStem	NPrePre3_BPre3_NStem
.	Punc	Punc	Punc	Punc
U_ku_hlanganyela	NPrePre15_BPre15_NStem	NPrePre15_BPre15_NStem	NPrePre15_BPre15_NStem	NPrePre15_BPre15_NStem
khudlwana	Adv_DimSuf	NStem	Adv_DimSuf	Adv
phakathi	Adv	Adv	Adv	Adv
kwe_e_narha	PossConc15_LocPre_NStem	PossConc15_LocPre_NStem	PossConc15_LocPre_NStem	PossConc15_LocPre_NStem
,	Punc	Punc	Punc	Punc
a_ma_femu	NPrePre6_BPre6_NStem	NPrePre6_BPre6_NStem	NPrePre6_BPre6_NStem	NPrePre6_BPre6_NStem
na_ba_ntu	AdvPre_NPrePre2_BPre2_NStem	AdvPre_BPre2_NStem	AdvPre_NPrePre2_BPre2_NStem	AdvPre_BPre2_NStem
ku_nga_qinis_a	BPre15_Pot_NStem	BPre15_AdvPre_VRoot_VerbTerm	BPre15_Pot_NStem	BPre15_AdvPre_VRoot_VerbTerm
i_bumbano	NPrePre4_NStem	NPrePre4_NStem	NPrePre4_NStem	NPrePre4_NStem
le_zomnotho	PossConc5_LocPre_Pres_NStem	PossConc5_NStem	PossConc5_LocPre_Pres_NStem	PossConc5_NStem
ne_hlalakuhle	AdvPre_NPre9_NStem	AdvPre_NStem	AdvPre_NPre9_NStem	AdvPre_NStem
,	Punc	Punc	Punc	Punc
begodu	PossConc14_NStem	Conj	PossConc14_NStem	Conj
lokho	Dem15_Pos2		Dem15_Pos2	
ku_nga_khuphul_a	BPre15_Pot_NStem	SC15_Pot_VRoot_VerbTerm	BPre15_Pot_NStem	SC15_AdvPre_VRoot_VerbTerm
i_inlinganiso	NPrePre4_NStem	NPrePre4_NStem	NPrePre4_NStem	NPrePre4_NStem
zo_ku_khul_a	PossConc10_BPre15_NStem	SC10_BPre15_VRoot_VerbTerm	PossConc10_BPre15_NStem	PossConc10_BPre15_VRoot_VerbTerm
ne_tuthuko	AdvPre_NPrePre4_NStem	AdvPre_NStem	AdvPre_NPrePre4_NStem	AdvPre_NStem
.	Punc	Punc	Punc	Punc
I_n_dlela	NPrePre9_NStem	NPrePre9_BPre9_NStem	NPrePre9_NStem	NPrePre9_BPre9_NStem
yo_ku_thath_a	PossConc9_BPre15_VRoot_VerbTerm	PossConc4_BPre15_VRoot_VerbTerm	PossConc9_BPre15_VRoot_VerbTerm	PossConc4_BPre15_VRoot_VerbTerm
i_zi_nto	NPrePre10_BPre10_NStem	NPrePre10_BPre10_NStem	NPrePre10_BPre10_NStem	NPrePre10_BPre10_NStem
ne_e_n_kolelo	AdvPre_LocPre_BPre10_NStem	AdvPre_LocPre_BPre10_NStem	AdvPre_LocPre_BPre10_NStem	AdvPre_LocPre_BPre10_NStem
_	Punc		Punc	
nikel_a	VRoot_ApplExt_VerbTerm	VRoot_VerbTerm	VRoot_ApplExt_VerbTerm	VRoot_VerbTerm
i_si_bonelo	NPrePre7_BPre7_NStem	NPrePre7_BPre7_NStem	NPrePre7_BPre7_NStem	NPrePre7_BPre7_NStem
ngo_kw_enz_ek_a	AdvPre_BPre15_VRoot_NeutExt_VerbTerm	AdvPre_BPre15_VRoot_NeutExt_VerbTerm	AdvPre_BPre15_VRoot_NeutExt_VerbTerm	AdvPre_BPre15_VRoot_NeutExt_VerbTerm
e_pilwenakho	RelConc7_NStem	LocPre_NStem	RelConc7_NStem	LocPre_NStem
nga_ma_langa	AdvPre_NPrePre6_BPre6_NStem	AdvPre_BPre6_NStem	AdvPre_NPrePre6_BPre6_NStem	AdvPre_BPre6_NStem
e_ku_ku_rholela	LocPre_SC15_OC15_VRoot_ApplExt_VerbTerm	LocPre_BPre15_BPre15_NStem	LocPre_SC15_OC15_VRoot_ApplExt_VerbTerm	LocPre_BPre15_BPre15_NStem
e_pendulw_eni	LocPre_NStem_LocSuf	LocPre_NStem_LocSuf	LocPre_NStem_LocSuf	LocPre_NStem_LocSuf
ye_nturhu	PossConc3_LocPre_NStem	PossConc4_NStem	PossConc3_LocPre_NStem	PossConc4_NStem
.	Punc	Punc	Punc	Punc
U_ku_hlol_w_a	NPrePre15_BPre15_VRoot_PassExt_VerbTerm	NPrePre15_BPre15_VRoot_PassExt_VerbTerm	NPrePre15_BPre15_VRoot_PassExt_VerbTerm	NPrePre15_BPre15_VRoot_PassExt_VerbTerm
kwe_e_n_dingo	PossConc15_LocPre_BPre3_NStem	PossConc15_LocPre_BPre3_NStem	PossConc15_LocPre_BPre3_NStem	PossConc15_LocPre_BPre3_NStem
no_kw_enz_ek_a_ko	AdvPre_OC5_VRoot_VerbTerm_RelSuf	AdvPre_BPre15_VRoot_NeutExt_VerbTerm_RelSuf	AdvPre_OC5_VRoot_VerbTerm_RelSuf	AdvPre_BPre15_VRoot_NeutExt_VerbTerm_RelSuf
kwe_phenyo	PossConc15_NStem	PossConc15_NStem	PossConc15_NStem	PossConc15_NStem
_	Punc		Punc	
u_ku_bon_a	NPrePre15_BPre15_VRoot_VerbTerm	NPrePre15_BPre15_VRoot_VerbTerm	NPrePre15_BPre15_VRoot_VerbTerm	NPrePre15_BPre15_VRoot_VerbTerm
oku_fan_el_e	RelConc15_VRoot_ApplExt_VerbTerm	RelConc15_VRoot_ApplExt_VerbTerm	RelConc15_VRoot_ApplExt_VerbTerm	RelConc15_VRoot_ApplExt_VerbTerm
kw_enz_iw_e	OC15_VRoot_PassExt_VerbTerm	OC15_VRoot_PassExt_VerbTerm	OC15_VRoot_PassExt_VerbTerm	OC15_VRoot_PassExt_VerbTerm
nokobana	Conj	Conj	Conj	Conj
ku_zoku_kghonakal_a	BPre15_Fut_NStem	SC15_Fut_VRoot_VerbTerm	BPre15_Fut_NStem	SC15_Fut_VRoot_VerbTerm
bu_njani	BPre14_Interrog	SC14_Adv	BPre14_Interrog	SC14_Adv
u_ku_phumelelisa	NPrePre15_BPre15_VRoot_CausExt_VerbTerm	NPrePre15_BPre15_NStem	NPrePre15_BPre15_VRoot_CausExt_VerbTerm	NPrePre15_BPre15_NStem
i_phrojekthi	NPrePre5_NStem	NPrePre5_NStem	NPrePre5_NStem	NPrePre5_NStem
,	Punc	Punc	Punc	Punc
lokhu	Dem15_Pos1		Dem15_Pos1	
kw_az_iw_a	OC15_VRoot_PassExt_VerbTerm	OC15_VRoot_PassExt_VerbTerm	OC15_VRoot_PassExt_VerbTerm	OC15_VRoot_PassExt_VerbTerm
godu	Ideoph	Ideoph	Ideoph	Ideoph
njenge_si_gaba	Comp_NPrePre7_BPre7_NStem	NegPre_BPre7_NStem	Comp_NPrePre7_BPre7_NStem	AdvPre_BPre7_NStem
so_ku_khomba	PossConc7_NPrePre15_BPre15_VRoot_VerbTerm	PossConc7_BPre15_NStem	PossConc7_NPrePre15_BPre15_VRoot_VerbTerm	PossConc7_BPre15_NStem
na_mtjha_na	Conj	AdvPre_NStem_DimSuf	Conj	AdvPre_NStem_DimSuf
so_ku_cozulul_a	PossConc7_NPrePre15_BPre15_VRoot_VerbTerm	PossConc7_BPre15_VRoot_VerbTerm	PossConc7_NPrePre15_BPre15_VRoot_VerbTerm	PossConc7_BPre15_VRoot_VerbTerm
na_mtjha_na	Conj	AdvPre_NStem_DimSuf	Conj	AdvPre_NStem_DimSuf
i_si_teji	NPrePre7_BPre7_NStem	NPrePre7_BPre7_NStem	NPrePre7_BPre7_NStem	NPrePre7_BPre7_NStem
so_ku_tlanywa	PossConc7_NPrePre15_BPre15_VRoot_PassExt_VerbTerm	PossConc7_BPre15_NStem	PossConc7_NPrePre15_BPre15_VRoot_PassExt_VerbTerm	PossConc7_BPre15_NStem
kwe_mi_phumela	PossConc15_BPre4_NStem	PossConc15_BPre4_NStem	PossConc15_BPre4_NStem	PossConc15_BPre4_NStem
.	Punc	Punc	Punc	Punc
Hlathulul_a	VRoot_VerbTerm	VRoot_VerbTerm	VRoot_VerbTerm	VRoot_VerbTerm
i_lw_azi	BPre9_BPre11_NStem	BPre9_BPre11_NStem	BPre9_BPre11_NStem	BPre9_BPre11_NStem
eli_s_e_manothi_ni	RelConc5_PreLoc-s_LocPre_NStem_LocSuf	RelConc5_PreLoc-s_LocPre_NStem_LocSuf	RelConc5_PreLoc-s_LocPre_NStem_LocSuf	RelConc5_PreLoc-s_LocPre_NStem_LocSuf
we_khoso	PossConc6_LocPre_NStem	PossConc6_NStem	PossConc6_LocPre_NStem	PossConc6_NStem
ku_sukel_a	BPre15_VRoot_VerbTerm	BPre15_VRoot_VerbTerm	BPre15_VRoot_VerbTerm	BPre15_VRoot_VerbTerm
ku__3._1	BPre15_Num	BPre15_Num_Num	BPre15_Num	BPre15_Num_Num
u_ku_y_a	NPrePre15_BPre15_VRoot_VerbTerm	NPrePre15_BPre15_VRoot_VerbTerm	NPrePre15_BPre15_VRoot_VerbTerm	NPrePre15_BPre15_VRoot_VerbTerm
ku__3_.2	BPre15_Num	BPre15_Num_Num	BPre15_Num	BPre15_Num_Num
.	Punc	Punc	Punc	Punc
U_m_thangalasisekelo	NPrePre3_BPre3_NStem	NPrePre3_BPre3_NStem	NPrePre3_BPre3_NStem	NPrePre3_BPre3_NStem
we_en_thuthi	PossConc6_LocPre_BPre9_NStem	PossConc3_BPre9_NStem	PossConc6_LocPre_BPre9_NStem	PossConc3_BPre9_NStem
zo_m_phakathi	PossConc10_NPrePre3_BPre3_NStem	PossConc10_BPre3_NStem	PossConc10_NPrePre3_BPre3_NStem	PossConc10_BPre3_NStem
na_ma_rherho	NegPre_BPre6_NStem	AdvPre_BPre6_NStem	NegPre_BPre6_NStem	AdvPre_BPre6_NStem
,	Punc	Punc	Punc	Punc
ku_fak_a	BPre15_VRoot_VerbTerm	BPre15_VRoot_VerbTerm	BPre15_VRoot_VerbTerm	BPre15_VRoot_VerbTerm
hlangan_a	NPre15_NStem_DimSuf	VRoot_VerbTerm	NPre15_NStem_DimSuf	VRoot_VerbTerm
u_ku_vuselel_w_a	NPrePre15_BPre15_NStem	NPrePre15_BPre15_VRoot_PassExt_VerbTerm	NPrePre15_BPre15_NStem	NPrePre15_BPre15_VRoot_PassExt_VerbTerm
kwe_mi_zila	PossConc15_NStem	PossConc15_BPre4_NStem	PossConc15_NStem	PossConc15_BPre4_NStem
ye_e_n_timela	PossConc4_LocPre_BPre9_NStem	PossConc4_LocPre_BPre9_NStem	PossConc4_LocPre_BPre9_NStem	PossConc4_LocPre_BPre9_NStem
ezi_setjenziselwa	RelConc8_Intrans_VerbTerm	RelConc8_NStem	RelConc8_Intrans_VerbTerm	RelConc8_NStem
u_ku_thutha	NPrePre15_BPre15_NStem	NPrePre15_BPre15_NStem	NPrePre15_BPre15_NStem	NPrePre15_BPre15_NStem
aba_khambi	NegPre_VRoot_VerbTerm	RelConc2_NStem	NegPre_VRoot_VerbTerm	RelConc2_NStem
ba_nga_ma_langa	BPre2_AdvPre_NPrePre6_BPre6_NStem	BPre2_AdvPre_BPre6_NStem	BPre2_AdvPre_NPrePre6_BPre6_NStem	BPre2_AdvPre_BPre6_NStem
,	Punc	Punc	Punc	Punc
oku_sekel_w_a	SC3_VRoot_PassExt_VerbTerm	RelConc15_VRoot_PassExt_VerbTerm	SC3_VRoot_PassExt_VerbTerm	RelConc15_VRoot_PassExt_VerbTerm
ku_hlangan_is_w_a	OC15_VRoot_VerbTerm	BPre17_VRoot_CausExt_PassExt_VerbTerm	OC15_VRoot_VerbTerm	BPre15_VRoot_CausExt_PassExt_VerbTerm
oku_thuk_is_iw_e_ko	RelConc7_VRoot_PassExt_VerbTerm_RelSuf	RelConc15_VRoot_CausExt_PassExt_VerbTerm_RelSuf	RelConc7_VRoot_PassExt_VerbTerm_RelSuf	RelConc15_VRoot_CausExt_PassExt_VerbTerm_RelSuf
ne_mi_sebenzi	AdvPre_NPrePre4_BPre4_NStem	AdvPre_BPre4_NStem	AdvPre_NPrePre4_BPre4_NStem	AdvPre_BPre4_NStem
ye_e_n_dlela	PossConc9_LocPre_BPre9_NStem	PossConc9_LocPre_BPre9_NStem	PossConc9_LocPre_BPre9_NStem	PossConc9_LocPre_BPre9_NStem
.	Punc	Punc	Punc	Punc
I_Komidi	NPrePre4_NStem	NPrePre4_NStem	NPrePre4_NStem	NPrePre4_NStem
ye_Wadi	PossConc4_NStem	PossConc4_NStem	PossConc4_NStem	PossConc4_NStem
i_nga_lungis_a	SC9_AdvPre_VRoot_CausExt_VerbTerm	SC9_AdvPre_VRoot_VerbTerm	SC9_AdvPre_VRoot_CausExt_VerbTerm	SC9_AdvPre_VRoot_VerbTerm
i_kambiso	NPrePre4_NStem	NPrePre9_NStem	NPrePre4_NStem	NPrePre9_NStem
yo_ku_bik_a	PossConc9_NPrePre15_BPre15_VRoot_VerbTerm	PossConc9_BPre15_VRoot_VerbTerm	PossConc9_NPrePre15_BPre15_VRoot_VerbTerm	PossConc9_BPre15_VRoot_VerbTerm
,	Punc	Punc	Punc	Punc
e_fan_a	RelConc9_VRoot_VerbTerm	RelConc9_VRoot_VerbTerm	RelConc9_VRoot_VerbTerm	RelConc9_VRoot_VerbTerm
na_leyo	AdvPre_Dem9_Pos2	AdvPre	AdvPre_Dem9_Pos2	AdvPre
e_setjenziselwa	RelConc9_NStem	LocPre_NStem	RelConc9_NStem	LocPre_NStem
u_ku_hlol_a	NPrePre15_BPre15_VRoot_VerbTerm	NPrePre15_BPre15_VRoot_VerbTerm	NPrePre15_BPre15_VRoot_VerbTerm	NPrePre15_BPre15_VRoot_VerbTerm
u_m_sebenzi	NPrePre3_BPre3_NStem	NPrePre3_BPre3_NStem	NPrePre3_BPre3_NStem	NPrePre3_BPre3_NStem
we_e_m_phathiswa	PossConc3_LocPre_BPre3_VRoot_CausExt_PassExt_VerbTerm	PossConc3_LocPre_BPre3_NStem	PossConc3_LocPre_BPre3_VRoot_CausExt_PassExt_VerbTerm	PossConc3_LocPre_BPre3_NStem
ne_e_n_sebenzi	AdvPre_LocPre_BPre3_NStem	AdvPre_LocPre_BPre3_NStem	AdvPre_LocPre_BPre3_NStem	AdvPre_LocPre_BPre3_NStem
zo_m_khandlu	PossConc8_NPrePre3_BPre3_NStem	PossConc8_BPre3_NStem	PossConc8_NPrePre3_BPre3_NStem	PossConc8_BPre3_NStem
o_vezw_e	RelConc1_VRoot_PassExt_VerbTerm	RelConc3_VRoot_VerbTerm	RelConc1_VRoot_PassExt_VerbTerm	RelConc3_VRoot_VerbTerm
ku_mojul_a	BPre15_NStem	OC15_VRoot_VerbTerm	BPre15_NStem	OC15_VRoot_VerbTerm
4	Num	Num	Num	Num
.	Punc	Punc	Punc	Punc
Njenge_mi_thangalasisekelo	NegPre_NStem	AdvPre_BPre4_NStem	NegPre_NStem	NegPre_BPre4_NStem
e_sekel_a	RelConc4_VRoot_VerbTerm	RelConc9_VRoot_VerbTerm	RelConc4_VRoot_VerbTerm	RelConc9_VRoot_VerbTerm
u_ku_hlaliswa	NPrePre15_BPre15_NStem	NPrePre15_BPre15_NStem	NPrePre15_BPre15_NStem	NPrePre15_BPre15_NStem
kwa_ba_ntu	PossConc15_NPrePre2_BPre2_NStem	PossConc15_BPre2_NStem	PossConc15_NPrePre2_BPre2_NStem	PossConc15_BPre2_NStem
(	Punc	Punc	Punc	Punc
u_kw_akh_el_w_a	NPrePre15_BPre15_VRoot_PassExt_VerbTerm	NPrePre15_BPre15_VRoot_ApplExt_PassExt_VerbTerm	NPrePre15_BPre15_VRoot_PassExt_VerbTerm	NPrePre15_BPre15_VRoot_ApplExt_PassExt_VerbTerm
i_zin_dlu	NPrePre10_BPre10_NStem	NPrePre10_BPre10_NStem	NPrePre10_BPre10_NStem	NPrePre10_BPre10_NStem
,	Punc	Punc	Punc	Punc
a_manzi	NPrePre6_NStem	NPrePre6_NStem	NPrePre6_NStem	NPrePre6_NStem
,	Punc	Punc	Punc	Punc
i_hlwengiso	NPrePre4_NStem	NPrePre4_NStem	NPrePre4_NStem	NPrePre9_NStem
,	Punc	Punc	Punc	Punc
i_in_dlela	NPrePre10_NPre10_NStem	NPrePre10_NPre10_NStem	NPrePre10_NPre10_NStem	NPrePre10_NPre10_NStem
,	Punc	Punc	Punc	Punc
a_ma_phaga	NPrePre6_BPre6_NStem	NPrePre6_BPre6_NStem	NPrePre6_BPre6_NStem	NPrePre6_BPre6_NStem
njalonjalo	Adv	Adv	Adv	Adv
)	Punc	Punc	Punc	Punc
i_n_dlela	NPrePre9_BPre9_NStem	NPrePre9_BPre9_NStem	NPrePre9_BPre9_NStem	NPrePre9_BPre9_NStem
e_kw_enz_iw_a	RelConc4_NPrePre15_BPre15_VRoot_PassExt_VerbTerm	LocPre_OC15_VRoot_PassExt_VerbTerm	RelConc4_NPrePre15_BPre15_VRoot_PassExt_VerbTerm	LocPre_SC15_VRoot_PassExt_VerbTerm
nga_yo	AdvPre_PronStem9	AdvPre_PronStem9	AdvPre_PronStem9	AdvPre_PronStem9
i_zi_nto	NPrePre10_BPre10_NStem	NPrePre10_BPre10_NStem	NPrePre10_BPre10_NStem	NPrePre10_BPre10_NStem
i_hlangahlangen_e	NPrePre4_NStem	SC4_VRoot_VerbTerm	NPrePre4_NStem	SC4_VRoot_VerbTerm
nge_n_dlela	AdvPre_NPrePre9_BPre9_NStem	AdvPre_BPre9_NStem	AdvPre_NPrePre9_BPre9_NStem	AdvPre_BPre9_NStem
e_nga_na_si_dingo	LocPre_NegPre_AdvPre_BPre7_NStem	LocPre_NegPre_AdvPre_BPre7_NStem	LocPre_NegPre_AdvPre_BPre7_NStem	LocPre_AdvPre_AdvPre_BPre7_NStem
.	Punc	Punc	Punc	Punc
U_m_sebenzi	NPrePre3_BPre3_NStem	NPrePre3_BPre3_NStem	NPrePre3_BPre3_NStem	NPrePre3_BPre3_NStem
wo_ku_tlama	PossConc6_NPrePre15_BPre15_VRoot_VerbTerm	PossConc3_BPre15_NStem	PossConc6_NPrePre15_BPre15_VRoot_VerbTerm	PossConc3_BPre15_NStem
u_tholakal_a	NPrePre1a_NStem	SC1_VRoot_VerbTerm	NPrePre1a_NStem	SC3_VRoot_VerbTerm
ezi_ng_eni	LocPre_NPrePre5_BPre5_NStem_LocSuf	RelConc8_NStem_LocSuf	LocPre_NPrePre5_BPre5_NStem_LocSuf	RelConc10_NegPre_LocSuf
la_ka_rhulumende	BPre5_PossKA_NStem	BPre5_PossKA_NStem	BPre5_PossKA_NStem	BPre5_PossKA_NStem
we_khaya	PossConc3_NPrePre5_BPre5_NStem	PossConc3_NStem	PossConc3_NPrePre5_BPre5_NStem	PossConc3_NStem
,	Punc	Punc	Punc	Punc
u_m_sebenzi	NPrePre3_BPre3_NStem	NPrePre3_BPre3_NStem	NPrePre3_BPre3_NStem	NPrePre3_BPre3_NStem
wo_kw_akh_el_w_a	PossConc6_NStem	PossConc1a_BPre15_VRoot_PassExt_PassExt_VerbTerm	PossConc6_NStem	PossConc1a_BPre15_VRoot_ApplExt_PassExt_VerbTerm
i_zin_dlu	NPrePre10_BPre10_NStem	NPrePre10_BPre10_NStem	NPrePre10_BPre10_NStem	NPrePre10_BPre10_NStem
u_tholakal_a	NPrePre1a_NStem	SC1_VRoot_VerbTerm	NPrePre1a_NStem	SC1_VRoot_VerbTerm
ezi_ng_eni	LocPre_NPrePre5_BPre5_NStem_LocSuf	RelConc8_NStem_LocSuf	LocPre_NPrePre5_BPre5_NStem_LocSuf	RelConc10_NStem_LocSuf
la_ka_rhulumende	BPre5_PossKA_NStem	BPre5_PossKA_NStem	BPre5_PossKA_NStem	BPre5_PossKA_NStem
we_si_funda	PossConc1_NPrePre7_BPre7_NStem	PossConc1_BPre7_NStem	PossConc1_NPrePre7_BPre7_NStem	PossConc1_BPre7_NStem
,	Punc	Punc	Punc	Punc
begodu	Conj	Conj	Conj	Conj
i_si_bopho	NPrePre7_BPre7_NStem	NPrePre7_BPre7_NStem	NPrePre7_BPre7_NStem	NPrePre7_BPre7_NStem
so_ku_nikel_a	PossConc7_NPrePre15_BPre15_NStem	PossConc7_BPre15_VRoot_VerbTerm	PossConc7_NPrePre15_BPre15_NStem	PossConc7_BPre15_VRoot_VerbTerm
a_manzi	RelConc6_NStem	NPrePre6_NStem	RelConc6_NStem	NPrePre6_NStem
ne_gezi	AdvPre_NPre9_NStem	AdvPre_NStem	AdvPre_NPre9_NStem	AdvPre_NStem
si_hlukan_is_w_e	NStem	SC7_VRoot_CausExt_PassExt_VerbTerm	NStem	SC7_VRoot_CausExt_PassExt_VerbTerm
phakathi	Adv	Adv	Adv	Adv
kwa_labo	PossConc15_Dem2_Pos2	PossConc15	PossConc15_Dem2_Pos2	PossConc15
aba_ne_si_bopho	RelConc2_AdvPre_BPre7_NStem	RelConc2_AdvPre_BPre7_NStem	RelConc2_AdvPre_BPre7_NStem	RelConc2_AdvPre_BPre7_NStem
se_misebenzi	PossConc7_LocPre_NStem	PossConc7_NStem	PossConc7_LocPre_NStem	PossConc7_NStem
e_mi_nengi	AdjPref4_AdjStem	PossConc6_BPre4_NStem	AdjPref4_AdjStem	PossConc6_BPre4_NStem
ka_nye	AdvPre_AdjStem	AdvPre_AdjStem	AdvPre_AdjStem	AdvPre_AdjStem
ne_sakhiwo	AdvPre_NStem	AdvPre_NStem	AdvPre_NStem	AdvPre_NStem
sa_ma_phayiphu	PossConc1a_NStem	PossConc7_BPre6_NStem	PossConc1a_NStem	PossConc1a_BPre6_NStem
.	Punc	Punc	Punc	Punc
E_qinisw_eni	LocPre_NPrePre5_BPre5_NStem_LocSuf	LocPre_NStem_LocSuf	LocPre_NPrePre5_BPre5_NStem_LocSuf	LocPre_NStem_LocSuf
,	Punc	Punc	Punc	Punc
a_ma_lungiselelo	NPrePre6_BPre6_NStem	NPrePre6_BPre6_NStem	NPrePre6_BPre6_NStem	NPrePre6_BPre6_NStem
la	Dem16_Pos1		Dem16_Pos1	
aka_sebenzi	SC1_NegPre_VRoot_VerbTerm	NegPre_NStem	SC1_NegPre_VRoot_VerbTerm	NegPre_NStem
.	Punc	Punc	Punc	Punc
E_bu_jam_eni	LocPre_SC14_VRoot_VerbTerm_LocSuf	LocPre_BPre14_NStem_LocSuf	LocPre_SC14_VRoot_VerbTerm_LocSuf	LocPre_BPre14_NStem_LocSuf
obu_nengi	AdjPref14_AdjStem	AdjPref14_AdjStem	AdjPref14_AdjStem	AdjPref14_AdjStem
,	Punc	Punc	Punc	Punc
i_in_dawo	NPrePre10_BPre10_NStem	NPrePre10_BPre10_NStem	NPrePre10_BPre10_NStem	NPrePre10_BPre10_NStem
zo_ku_hlalisa	PossConc10_NPrePre15_BPre15_VRoot_VerbTerm	PossConc8_BPre15_NStem	PossConc10_NPrePre15_BPre15_VRoot_VerbTerm	PossConc8_BPre15_NStem
aba_ntu	NPrePre2_BPre2_NStem	RelConc2_NStem	NPrePre2_BPre2_NStem	RelConc2_NStem
zi_tlany_w_e	SC10_VRoot_PassExt_VerbTerm	SC10_VRoot_PassExt_VerbTerm	SC10_VRoot_PassExt_VerbTerm	SC10_VRoot_PassExt_VerbTerm
ku_mbi	AdjPref15_AdjStem	AdjPref15_AdjStem	AdjPref15_AdjStem	AdjPref15_AdjStem
,	Punc	Punc	Punc	Punc
begodu	Conj	Conj	Conj	Conj
ku_no_ku_thint_an_a	NegPre_OC15_VRoot_RecipExt_VerbTerm	SC15_AdvPre_BPre15_VRoot_RecipExt_VerbTerm	NegPre_OC15_VRoot_RecipExt_VerbTerm	AdvPre_AdvPre_BPre15_VRoot_RecipExt_VerbTerm
oku_ncani	PossConc15_NStem	RelConc15_NStem	PossConc15_NStem	RelConc15_NStem
phakathi	Adv	Adv	Adv	Adv
kwa_labo	PossConc15_Dem2_Pos2	PossConc15	PossConc15_Dem2_Pos2	PossConc15
aba_ne_si_bopho	RelConc2_AdvPre_BPre7_NStem	RelConc2_AdvPre_BPre7_NStem	RelConc2_AdvPre_BPre7_NStem	RelConc2_AdvPre_BPre7_NStem
so_kw_akha	PossConc7_NPrePre15_BPre15_VRoot_VerbTerm	PossConc7_BPre15_NStem	PossConc7_NPrePre15_BPre15_VRoot_VerbTerm	PossConc7_BPre15_NStem
u_m_thangalasisekelo	NPrePre3_BPre3_NStem	NPrePre3_BPre3_NStem	NPrePre3_BPre3_NStem	NPrePre3_BPre3_NStem
wa_ma_phayiphu	PossConc1a_BPre6_NStem	PossConc1a_BPre6_NStem	PossConc1a_BPre6_NStem	PossConc1a_BPre6_NStem
wa_manzi	PossConc3_NPrePre6_NStem	PossConc6_NStem	PossConc3_NPrePre6_NStem	PossConc6_NStem
na_labo	AdvPre_Dem2_Pos2	AdvPre	AdvPre_Dem2_Pos2	AdvPre
aba_ne_si_bopho	RelConc2_AdvPre_BPre7_NStem	RelConc2_AdvPre_BPre7_NStem	RelConc2_AdvPre_BPre7_NStem	RelConc2_AdvPre_BPre7_NStem
so_ku_nikel_a	PossConc7_NPrePre15_BPre15_NStem	PossConc7_BPre15_VRoot_VerbTerm	PossConc7_NPrePre15_BPre15_NStem	PossConc7_BPre15_VRoot_VerbTerm
i_mi_thangalasisekelo	NPrePre4_BPre4_NStem	NPrePre4_BPre4_NStem	NPrePre4_BPre4_NStem	NPrePre4_BPre4_NStem
e_mi_nengi	AdjPref4_AdjStem	PossConc6_BPre4_NStem	AdjPref4_AdjStem	PossConc6_BPre4_NStem
.	Punc	Punc	Punc	Punc
I_si_bopho	NPrePre7_BPre7_NStem	NPrePre7_BPre7_NStem	NPrePre7_BPre7_NStem	NPrePre7_BPre7_NStem
so_kw_akh_iw_a	PossConc7_NPrePre15_BPre15_VRoot_PassExt_VerbTerm	PossConc7_BPre15_VRoot_PassExt_VerbTerm	PossConc7_NPrePre15_BPre15_VRoot_PassExt_VerbTerm	PossConc7_BPre15_VRoot_PassExt_VerbTerm
kwe_zi_ndlu	PossConc15_NPrePre10_BPre10_NStem	PossConc15_BPre10_NStem	PossConc15_NPrePre10_BPre10_NStem	PossConc15_BPre10_NStem
ku_fan_el_e	OC16_VRoot_ApplExt_VerbTerm	OC15_VRoot_ApplExt_VerbTerm	OC16_VRoot_ApplExt_VerbTerm	OC15_VRoot_ApplExt_VerbTerm
si_tjhidis_el_w_e	NStem	SC7_VRoot_ApplExt_PassExt_VerbTerm	NStem	SC7_VRoot_ApplExt_PassExt_VerbTerm
ezi_ng_eni	LocPre_NPrePre5_BPre5_NStem_LocSuf	RelConc10_NStem_LocSuf	LocPre_NPrePre5_BPre5_NStem_LocSuf	RelConc10_NegPre_LocSuf
lo_ku_tlama	AdvPre_NPrePre4_NStem	PossConc5_BPre15_NStem	AdvPre_NPrePre4_NStem	PossConc5_BPre15_NStem
:	Punc	Punc	Punc	Punc
i_zinga	NPrePre5_BPre5_NStem	NPrePre9_NStem	NPrePre5_BPre5_NStem	NPrePre9_NStem
la_ka_masipala	PossConc5_LocPre_NStem	PossConc5_LocPre_NStem	PossConc5_LocPre_NStem	PossConc5_LocPre_NStem
.	Punc	Punc	Punc	Punc
U_m_tlamo	NPrePre3_BPre3_NStem	NPrePre1_BPre1_NStem	NPrePre3_BPre3_NStem	NPrePre1_BPre1_NStem
lo	Dem3_Pos1		Dem3_Pos1	
we_ndlal_a	PossConc1_NStem	PossConc1_VRoot_VerbTerm	PossConc1_NStem	PossConc1_VRoot_VerbTerm
i_im_phakamiso	NPrePre4_BPre4_NStem	NPrePre4_BPre10_NStem	NPrePre4_BPre4_NStem	NPrePre4_BPre10_NStem
zo_ku_thuthuk_is_a	PossConc10_NPrePre15_BPre15_VRoot_CausExt_VerbTerm	PossConc10_BPre15_VRoot_CausExt_VerbTerm	PossConc10_NPrePre15_BPre15_VRoot_CausExt_VerbTerm	PossConc10_BPre15_VRoot_CausExt_VerbTerm
i_in_dawo	NPrePre10_BPre10_NStem	NPrePre10_BPre10_NStem	NPrePre10_BPre10_NStem	NPrePre10_BPre10_NStem
ze_ma_dorobh_eni	PossConc8_BPre6_NStem_LocSuf	PossConc8_BPre6_NStem_LocSuf	PossConc8_BPre6_NStem_LocSuf	PossConc8_BPre6_NStem_LocSuf
nge_pumelelo	NegPre_NPre9_NStem	AdvPre_NStem	NegPre_NPre9_NStem	AdvPre_NStem
.	Punc	Punc	Punc	Punc
I_phrojekthi	NPrePre5_NStem	NPrePre5_NStem	NPrePre5_NStem	NPrePre5_NStem
e_yo_dwa	RelConc9_QuantConc9_QuantStem	RelConc9_QuantConc9_QuantStem	RelConc9_QuantConc9_QuantStem	RelConc9_QuantConc9_QuantStem
yo_ku_thuthuk_is_a	PossConc9_NPrePre15_BPre15_VRoot_CausExt_VerbTerm	PossConc9_BPre15_VRoot_CausExt_VerbTerm	PossConc9_NPrePre15_BPre15_VRoot_CausExt_VerbTerm	PossConc9_BPre15_VRoot_CausExt_VerbTerm
i_in_dawo	NPrePre10_BPre10_NStem	NPrePre10_BPre10_NStem	NPrePre10_BPre10_NStem	NPrePre10_BPre10_NStem
ze_ma_khaya	PossConc8_BPre6_NStem	PossConc10_BPre6_NStem	PossConc8_BPre6_NStem	PossConc8_BPre6_NStem
y_enz_a	SC9_VRoot_VerbTerm	SC9_VRoot_VerbTerm	SC9_VRoot_VerbTerm	SC9_VRoot_VerbTerm
bo_nyana	BPre2_NStem	BPre2_NStem	BPre2_NStem	BPre2_NStem
i_mali	NPrePre9_NStem	NPrePre9_NStem	NPrePre9_NStem	NPrePre9_NStem
yo_ku_bolek_w_a	PossConc4_NPrePre15_BPre15_NStem	PossConc9_BPre15_VRoot_PassExt_VerbTerm	PossConc4_NPrePre15_BPre15_NStem	PossConc4_BPre15_VRoot_PassExt_VerbTerm
i_b_e	SC4_VRoot_VerbTerm	SC4_VRoot_VerbTerm	SC4_VRoot_VerbTerm	SC4_VRoot_VerbTerm
khona	PronStem15_PronSuf	Conj	PronStem15_PronSuf	Conj
ki_bo_baba	PossConc2_BPre2_NStem	PossConc15_BPre2_NStem	PossConc2_BPre2_NStem	PossConc15_BPre2_NStem
njenge_e_n_hloko	AdvPre_NStem	AdvPre_LocPre_BPre10_NStem	AdvPre_NStem	AdvPre_LocPre_BPre9_NStem
zo_m_khaya	PossConc8_NPrePre15_BPre15_NStem	PossConc10_BPre3_NStem	PossConc8_NPrePre15_BPre15_NStem	PossConc10_BPre3_NStem
u_kw_enz_el_a	NPrePre15_BPre15_VRoot_ApplExt_VerbTerm	NPrePre15_BPre15_VRoot_ApplExt_VerbTerm	NPrePre15_BPre15_VRoot_ApplExt_VerbTerm	NPrePre15_BPre15_VRoot_ApplExt_VerbTerm
bo_nyana	BPre2_NStem	BPre2_NStem	BPre2_NStem	BPre2_NStem
ku_thuthuk_is_w_e	BPre15_NStem	SC15_VRoot_CausExt_PassExt_VerbTerm	BPre15_NStem	SC15_VRoot_CausExt_PassExt_VerbTerm
zo_ku_lim_a	PossConc10_NPrePre15_BPre15_VRoot_VerbTerm	PossConc10_BPre15_VRoot_VerbTerm	PossConc10_NPrePre15_BPre15_VRoot_VerbTerm	PossConc10_BPre15_VRoot_VerbTerm
oku_ncani	PossConc15_NStem	RelConc15_NStem	PossConc15_NStem	RelConc15_NStem
.	Punc	Punc	Punc	Punc
Lokhu	Dem15_Pos1		Dem15_Pos1	
be_ku_yi_pendulo	PossConc2a_BPre15_Past_NStem	PossConc14_BPre15_Pres_NStem	PossConc2a_BPre15_Past_NStem	PossConc2_BPre15_Pres_NStem
e_phathel_en_e	RelConc4_VRoot_ApplExt_RecipExt_Perf	RelConc4_VRoot_RecipExt_Perf	RelConc4_VRoot_ApplExt_RecipExt_Perf	RelConc4_VRoot_RecipExt_Perf
no_ku_lingan_is_w_a	AdvPre_NPrePre15_BPre15_VRoot_CausExt_PassExt_VerbTerm	AdvPre_BPre15_VRoot_CausExt_PassExt_VerbTerm	AdvPre_NPrePre15_BPre15_VRoot_CausExt_PassExt_VerbTerm	AdvPre_BPre15_VRoot_CausExt_PassExt_VerbTerm
kwe_e_n_dingo	PossConc15_LocPre_BPre3_NStem	PossConc15_LocPre_BPre3_NStem	PossConc15_LocPre_BPre3_NStem	PossConc15_LocPre_BPre3_NStem
ngo_ku_tjhejisis_a	AdvPre_OC15_Intrans_VerbTerm	AdvPre_OC15_Intrans_VerbTerm	AdvPre_OC15_Intrans_VerbTerm	AdvPre_OC15_Intrans_VerbTerm
oku_thol_e	RelConc15_VRoot_VerbTerm	RelConc15_VRoot_VerbTerm	RelConc15_VRoot_VerbTerm	RelConc15_VRoot_VerbTerm
bo_nyana	BPre2_NStem	BPre2_NStem	BPre2_NStem	BPre2_NStem
u_ku_lim_a	NPrePre15_BPre15_VRoot_VerbTerm	NPrePre15_BPre15_VRoot_VerbTerm	NPrePre15_BPre15_VRoot_VerbTerm	NPrePre15_BPre15_VRoot_VerbTerm
e_n_daw_eni	LocPre_NPrePre9_BPre9_NStem_LocSuf	LocPre_BPre9_NStem_LocSuf	LocPre_NPrePre9_BPre9_NStem_LocSuf	LocPre_BPre9_NStem_LocSuf
le	Dem4_Pos1		Dem4_Pos1	
ku_dinga	BPre15_VRoot_VerbTerm	BPre15_NStem	BPre15_VRoot_VerbTerm	BPre15_NStem
u_ku_bulungw_a	NPrePre15_BPre15_VRoot_PassExt_VerbTerm	NPrePre15_BPre15_VRoot_VerbTerm	NPrePre15_BPre15_VRoot_PassExt_VerbTerm	NPrePre15_BPre15_VRoot_VerbTerm
kwe_mali	PossConc15_NPrePre9_BPre9_NStem	PossConc15_NStem	PossConc15_NPrePre9_BPre9_NStem	PossConc15_NStem
e_nengi	AdjPref9_AdjStem	AdjPref9_AdjStem	AdjPref9_AdjStem	AdjPref9_AdjStem
u_kuze	Conj	BPre1a_NStem	Conj	BPre3_NStem
ku_b_e	OC15_VRoot_VerbTerm	OC15_VRoot_VerbTerm	OC15_VRoot_VerbTerm	OC15_VRoot_VerbTerm
no_m_khiqizo	AdvPre_NPrePre3_BPre3_NStem	AdvPre_BPre3_NStem	AdvPre_NPrePre3_BPre3_NStem	AdvPre_BPre3_NStem
.	Punc	Punc	Punc	Punc
Nge_si_khathi	AdvPre_NPrePre7_BPre7_NStem	AdvPre_BPre7_NStem	AdvPre_NPrePre7_BPre7_NStem	AdvPre_BPre7_NStem
a_ma_phrojekthi	NPrePre6_BPre6_NStem	NPrePre6_BPre6_NStem	NPrePre6_BPre6_NStem	NPrePre6_BPre6_NStem
a_ma_nengi	AdjPref6_AdjStem	NPrePre6_BPre6_NStem	AdjPref6_AdjStem	NPrePre6_BPre6_NStem
a_b_hal_el_w_a	SC2_VRoot_ApplExt_PassExt_VerbTerm	SC6_SC2_VRoot_ApplExt_PassExt_VerbTerm	SC2_VRoot_ApplExt_PassExt_VerbTerm	SC6_SC2_VRoot_ApplExt_PassExt_VerbTerm
aba_sekeli	NPrePre2_BPre2_NStem	RelConc2_NStem	NPrePre2_BPre2_NStem	RelConc2_NStem
nge_e_mali	AdvPre_LocPre_NStem	AdvPre_LocPre_NStem	AdvPre_LocPre_NStem	AdvPre_LocPre_NStem
b_enz_a	SC2_VRoot_VerbTerm	SC2_VRoot_VerbTerm	SC2_VRoot_VerbTerm	SC2_VRoot_VerbTerm
i_rhubhululo	NPrePre4_NStem	NPrePre4_NStem	NPrePre4_NStem	NPrePre4_NStem
ba_thol_a	SC2_VRoot_VerbTerm	SC2_VRoot_VerbTerm	SC2_VRoot_VerbTerm	SC2_VRoot_VerbTerm
bo_nyana	BPre2_NStem	BPre2_NStem	BPre2_NStem	BPre2_NStem
i_i_mali	NPrePre4_BPre4_NStem	NPrePre4_BPre4_NStem	NPrePre4_BPre4_NStem	NPrePre4_BPre4_NStem
ezi_bolek_iw_e_ko	RelConc10_VRoot_PassExt_VerbTerm_RelSuf	RelConc10_VRoot_PassExt_VerbTerm_RelSuf	RelConc10_VRoot_PassExt_VerbTerm_RelSuf	RelConc10_VRoot_PassExt_VerbTerm_RelSuf
azika_sebenziselwa	RelConc6_NegPre_VRoot_CausExt_ApplExt_PassExt_VerbTerm	NegPre_NStem	RelConc6_NegPre_VRoot_CausExt_ApplExt_PassExt_VerbTerm	NegPre_NStem
u_ku_lim_a	NPrePre15_BPre15_VRoot_VerbTerm	NPrePre15_BPre15_VRoot_VerbTerm	NPrePre15_BPre15_VRoot_VerbTerm	NPrePre15_BPre15_VRoot_VerbTerm
namkha	Conj	Conj	Conj	Conj
nangabe	Conj	Conj	Conj	Conj
zi_setjenzis_el_w_e	BPre10_NStem	SC10_VRoot_ApplExt_PassExt_VerbTerm	BPre10_NStem	SC10_VRoot_ApplExt_PassExt_VerbTerm
u_ku_lim_a	NPrePre15_BPre15_VRoot_VerbTerm	NPrePre15_BPre15_VRoot_VerbTerm	NPrePre15_BPre15_VRoot_VerbTerm	NPrePre15_BPre15_VRoot_VerbTerm
namkha	Conj	Conj	Conj	Conj
nangabe	Conj	Conj	Conj	Conj
zi_setjenzisiw_e	BPre10_NStem	SC10_VRoot_VerbTerm	BPre10_NStem	SC8_VRoot_VerbTerm
za_setjenziselwa	BPre8_NStem	Pres_NStem	BPre8_NStem	Pres_NStem
i_zi_nto	NPrePre10_BPre10_NStem	NPrePre10_BPre10_NStem	NPrePre10_BPre10_NStem	NPrePre10_BPre10_NStem
oku_nga_sizo	RelConc15_NegPre_NStem	RelConc15_NegPre_NStem	RelConc15_NegPre_NStem	RelConc15_NegPre_NStem
.	Punc	Punc	Punc	Punc
Ba_buy_e	CopPre_VRoot_VerbTerm	SC2_VRoot_VerbTerm	CopPre_VRoot_VerbTerm	SC2_VRoot_VerbTerm
ba_thol_a	SC2_VRoot_VerbTerm	SC2_VRoot_VerbTerm	SC2_VRoot_VerbTerm	CopPre_VRoot_VerbTerm
godu	Ideoph	Ideoph	Ideoph	Ideoph
bo_nyana	BPre2_NStem	BPre2_NStem	BPre2_NStem	BPre2_NStem
namkha	Conj	Conj	Conj	Conj
u_ku_lim_a	NPrePre15_BPre15_VRoot_VerbTerm	NPrePre15_BPre15_VRoot_VerbTerm	NPrePre15_BPre15_VRoot_VerbTerm	NPrePre15_BPre15_VRoot_VerbTerm
be_kw_enz_iw_a	SC2_OC15_VRoot_PassExt_VerbTerm	PossConc2_BPre15_VRoot_PassExt_VerbTerm	SC2_OC15_VRoot_PassExt_VerbTerm	PossConc2_SC15_VRoot_PassExt_VerbTerm
bo_mma	PossConc2_NPrePre3_NStem	PossConc14_NStem	PossConc2_NPrePre3_NStem	PossConc2_NStem
begodu	Conj	Conj	Conj	Conj
i_nengi	AdjPref9_AdjStem	AdjPref9_AdjStem	AdjPref9_AdjStem	AdjPref9_AdjStem
labo_baba	Dem2_Pos2_NStem	NStem	Dem2_Pos2_NStem	NStem
ba_khamb_a	BPre2_VRoot_VerbTerm	SC2_VRoot_VerbTerm	BPre2_VRoot_VerbTerm	SC2_VRoot_VerbTerm
ba_yozi_sebenz_el_a	BPre2_Fut_VRoot_ApplExt_VerbTerm	SC2_Fut_VRoot_ApplExt_VerbTerm	BPre2_Fut_VRoot_ApplExt_VerbTerm	SC2_Pres_VRoot_ApplExt_VerbTerm
e_ma_dorobh_eni	LocPre_BPre6_NStem_LocSuf	LocPre_BPre6_NStem_LocSuf	LocPre_BPre6_NStem_LocSuf	LocPre_BPre6_NStem_LocSuf
,	Punc	Punc	Punc	Punc
i_si_zo	NPrePre7_BPre7_PronStem8	NPrePre7_BPre7_NStem	NPrePre7_BPre7_PronStem8	NPrePre7_BPre7_NStem
le_e_mali	PossConc5_LocPre_NStem	PossConc5_LocPre_NStem	PossConc5_LocPre_NStem	PossConc5_LocPre_NStem
,	Punc	Punc	Punc	Punc
l_enz_iw_a	SC5_VRoot_PassExt_VerbTerm	SC5_VRoot_PassExt_VerbTerm	SC5_VRoot_PassExt_VerbTerm	SC5_VRoot_PassExt_VerbTerm
bo_nyana	BPre2_NStem	BPre2_NStem	BPre2_NStem	BPre2_NStem
li_b_e	OC5_VRoot_VerbTerm	OC5_VRoot_VerbTerm	OC5_VRoot_VerbTerm	OC5_VRoot_VerbTerm
khona	PronStem15_PronSuf	Conj	PronStem15_PronSuf	Conj
ki_bo_baba	PossConc2_BPre2_NStem	LocPre_BPre2_NStem	PossConc2_BPre2_NStem	LocPre_BPre2_NStem
begodu	Conj	Conj	Conj	Conj
na_nge_banga	CopPre_AdvPre_NPrePre5_NStem	AdvPre_AdvPre_NStem	CopPre_AdvPre_NPrePre5_NStem	AdvPre_AdvPre_NStem
le_ndima	Dem4_Pos1_NStem	AdvPre_NStem	Dem4_Pos1_NStem	AdvPre_NStem
ya_bo	PossConc9_PronStem2	PossConc9_PronStem2	PossConc9_PronStem2	PossConc9_PronStem2
ye_m_velo	PossConc9_NPrePre9_BPre9_NStem	PossConc9_NPrePre9_NStem	PossConc9_NPrePre9_BPre9_NStem	PossConc9_NPrePre9_NStem
u_ku_b_a	Conj	NPrePre15_BPre15_VRoot_VerbTerm	Conj	NPrePre15_BPre15_VRoot_VerbTerm
yi_hloko	CopPre_NStem	CopPre_NStem	CopPre_NStem	CopPre_NStem
yo_m_ndeni	PossConc4_BPre3_NStem	PossConc3_BPre3_NStem	PossConc4_BPre3_NStem	PossConc3_BPre3_NStem
,	Punc	Punc	Punc	Punc
ba_ng_enz_a	SC2_Pot_VRoot_VerbTerm	SC2_Pot_VRoot_VerbTerm	SC2_Pot_VRoot_VerbTerm	SC2_Pot_VRoot_VerbTerm
i_in_qunto	NPrePre4_BPre4_NStem	NPrePre4_BPre4_NStem	NPrePre4_BPre4_NStem	NPrePre4_BPre4_NStem
zo_kobana	Pres_NStem	BPre10_NStem	Pres_NStem	Pres_NStem
i_nga_setjenziswa	BPre9_AdvPre_NStem	BPre9_AdvPre_NStem	BPre9_AdvPre_NStem	BPre9_AdvPre_NStem
njani	Adv	Adv	Adv	Adv
i_mali	NPrePre9_NStem	NPrePre9_NStem	NPrePre9_NStem	NPrePre9_NStem
.	Punc	Punc	Punc	Punc
U_ku_lalelwa	NPrePre15_BPre15_NStem	NPrePre15_BPre15_NStem	NPrePre15_BPre15_NStem	NPrePre15_BPre15_NStem
kwa_ma_bhajedi	PossConc15_NPrePre6_BPre6_NStem	PossConc15_BPre6_NStem	PossConc15_NPrePre6_BPre6_NStem	PossConc15_BPre6_NStem
ku_mi_hlangano	PossConc15_NPrePre4_BPre4_NStem	LocPre_BPre4_NStem	PossConc15_NPrePre4_BPre4_NStem	BPre15_BPre4_NStem
e_khethek_ile_ko	LocPre_NStem_RelSuf	LocPre_VRoot_Perf_RelSuf	LocPre_NStem_RelSuf	LocPre_VRoot_Perf_RelSuf
ye_milayezo	PossConc4_BPre4_NStem	PossConc9_NStem	PossConc4_BPre4_NStem	PossConc4_NStem
e_mfitjhazana	RelConc4_Intrans_VerbTerm	LocPre_AdjStem	RelConc4_Intrans_VerbTerm	AdjPref9_AdjStem
oku_mel_e	RelConc15_VRoot_VerbTerm	RelConc15_VRoot_VerbTerm	RelConc15_VRoot_VerbTerm	RelConc15_VRoot_VerbTerm
a_ma_lunga	NPrePre6_BPre6_NStem	NPrePre6_BPre6_NStem	NPrePre6_BPre6_NStem	NPrePre6_BPre6_NStem
wo_m_khandlu	PossConc3_NPrePre3_BPre3_NStem	PossConc3_BPre3_NStem	PossConc3_NPrePre3_BPre3_NStem	PossConc3_BPre3_NStem
wa_ma_wadi	PossConc3_NPrePre6_BPre6_NStem	PossConc1a_BPre6_NStem	PossConc3_NPrePre6_BPre6_NStem	PossConc1a_BPre6_NStem
a_yi_sebenz_is_e	SC6_Pres_VRoot_CausExt_VerbTerm	SC6_Pres_VRoot_CausExt_VerbTerm	SC6_Pres_VRoot_CausExt_VerbTerm	SC6_Pres_VRoot_CausExt_VerbTerm
u_ku_coc_a	NPrePre15_BPre15_VRoot_VerbTerm	NPrePre15_BPre15_VRoot_VerbTerm	NPrePre15_BPre15_VRoot_VerbTerm	NPrePre15_BPre15_VRoot_VerbTerm
nge_tuthuko	AdvPre_NStem	AdvPre_NStem	AdvPre_NStem	AdvPre_NStem
ye_bhajedi	PossConc9_NStem	PossConc9_NStem	PossConc9_NStem	PossConc9_NStem
begodu	Conj	Conj	Conj	Conj
ba_hlathulul_e	BPre2_NStem	SC2_Intrans_VerbTerm	BPre2_NStem	SC2_Intrans_VerbTerm
u_m_ehluko	NPrePre3_BPre3_NStem	NPrePre3_BPre3_NStem	NPrePre3_BPre3_NStem	NPrePre3_BPre3_NStem
o_sukel_a	RelConc3_VRoot_ApplExt_VerbTerm	RelConc3_VRoot_VerbTerm	RelConc3_VRoot_ApplExt_VerbTerm	RelConc3_VRoot_VerbTerm
e_m_tlam_eni	LocPre_BPre3_NStem_LocSuf	LocPre_BPre3_NStem_LocSuf	LocPre_BPre3_NStem_LocSuf	LocPre_BPre3_NStem_LocSuf
wo_ku_thom_a	PossConc3_NPrePre15_BPre15_NStem	PossConc3_BPre15_VRoot_VerbTerm	PossConc3_NPrePre15_BPre15_NStem	PossConc3_BPre15_VRoot_VerbTerm
.	Punc	Punc	Punc	Punc
Nangabe	Conj	Conj	Conj	Conj
awu_na_wo	NegPre_AdvPre_PronStem3	NegPre_AdvPre_PronStem3	NegPre_AdvPre_PronStem3	NegPre_CopPre_PronStem3
a_ma_khophi	NPrePre6_BPre6_NStem	NPrePre6_BPre6_NStem	NPrePre6_BPre6_NStem	NPrePre6_BPre6_NStem
w_e__I_DP	PossConc1_LocPre_Abbr	PossConc1_LocPre_NPrePre9_Abbr	PossConc1_LocPre_Abbr	PossConc1_LocPre_Abbr_Abbr
begodu	Conj	Conj	Conj	Conj
/	Punc	Punc	Punc	Punc
nany_an_a	BPre5_NStem_DimSuf	VRoot_RecipExt_VerbTerm	BPre5_NStem_DimSuf	VRoot_RecipExt_VerbTerm
aba_hlanganyeli	NPrePre2_BPre2_NStem	RelConc2_NStem	NPrePre2_BPre2_NStem	RelConc2_NStem
aba_ka_yi_jayeli	RelConc2_NegPre_Pres_NStem	RelConc2_AdvPre_CopPre_NStem	RelConc2_NegPre_Pres_NStem	RelConc2_AdvPre_CopPre_NStem
i__I_DP	NPrePre4_Abbr	NPrePre4_BPre10_Abbr	NPrePre4_Abbr	NPrePre4_BPre4_Abbr
,	Punc	Punc	Punc	Punc
hlolisis_a	VRoot_IntensExt_VerbTerm	VRoot_VerbTerm	VRoot_IntensExt_VerbTerm	VRoot_VerbTerm
i_in_ga_b_a	NPrePre8_NPre8_NStem	NPrePre10_NPre10_Pot_VRoot_VerbTerm	NPrePre8_NPre8_NStem	NPrePre10_NPre10_Pot_VRoot_VerbTerm
ezi_s_e_khasi_ni	RelConc8_PreLoc-s_LocPre_NStem_LocSuf	RelConc10_PreLoc-s_LocPre_NStem_LocSuf	RelConc8_PreLoc-s_LocPre_NStem_LocSuf	RelConc8_PreLoc-s_LocPre_NStem_LocSuf
la_ma__3_3	SC3_BPre6_Num	SC3_BPre6_Num_Num	SC3_BPre6_Num	SC3_BPre6_Num_Num
,	Punc	Punc	Punc	Punc
u_hlathulul_e	NPrePre1a_NStem	SC1a_VRoot_VerbTerm	NPrePre1a_NStem	NPrePre1a_VRoot_VerbTerm
i_si_gaba	NPrePre7_BPre7_NStem	NPrePre7_BPre7_NStem	NPrePre7_BPre7_NStem	NPrePre7_BPre7_NStem
nga_si_nye	AdvPre_BPre7_AdjStem	AdvPre_BPre7_AdjStem	AdvPre_BPre7_AdjStem	AdvPre_BPre7_AdjStem
begodu	Conj	Conj	Conj	Conj
u_khomb_is_e	NPrePre1a_NStem	SC2_VRoot_CausExt_VerbTerm	NPrePre1a_NStem	SC2_VRoot_CausExt_VerbTerm
bo_nyana	BPre2_NStem	BPre2_NStem	BPre2_NStem	BPre2_NStem
i_si_gaba	NPrePre7_BPre7_NStem	NPrePre7_BPre7_NStem	NPrePre7_BPre7_NStem	NPrePre7_BPre7_NStem
nga_si_nye	AdvPre_BPre7_AdjStem	AdvPre_BPre7_AdjStem	AdvPre_BPre7_AdjStem	AdvPre_BPre7_AdjStem
si_b_e	OC1_VRoot_VerbTerm	OC1_VRoot_VerbTerm	OC1_VRoot_VerbTerm	OC1_VRoot_VerbTerm
ne_galelo	AdvPre_NPre5_NStem	AdvPre_NStem	AdvPre_NPre5_NStem	AdvPre_NStem
eli_n_jani	RelConc5_Interrog	RelConc5_BPre8_NStem	RelConc5_Interrog	RelConc5_BPre8_NStem
ku__I_DP	BPre15_Abbr	BPre15_NPre5_Abbr	BPre15_Abbr	BPre15_NPrePre4_Abbr
.	Punc	Punc	Punc	Punc
Nangabe	Conj	Conj	Conj	Conj
aba_hlanganyeli	NPrePre2_BPre2_NStem	RelConc2_NStem	NPrePre2_BPre2_NStem	RelConc2_NStem
ba_yi_jayel_e	SC2_CopPre_Intrans_VerbTerm	SC2_CopPre_Intrans_VerbTerm	SC2_CopPre_Intrans_VerbTerm	SC2_CopPre_Intrans_VerbTerm
i__I_DP	NPrePre4_Abbr	NPrePre4_BPre10_Abbr	NPrePre4_Abbr	NPrePre4_Abbr_Abbr
ya_bo	PossConc9_PronStem2	PossConc9_PronStem2	PossConc9_PronStem2	PossConc9_PronStem2
,	Punc	Punc	Punc	Punc
hlathulul_a	VRoot_VerbTerm	VRoot_VerbTerm	VRoot_VerbTerm	VRoot_VerbTerm
ngo_ku_zeleko	AdvPre_NPrePre15_BPre15_NStem	AdvPre_BPre15_NStem	AdvPre_NPrePre15_BPre15_NStem	AdvPre_BPre15_NStem
i_in_ga_b_a	NPrePre8_NPre8_NStem	NPrePre10_NPre10_Pot_VRoot_VerbTerm	NPrePre8_NPre8_NStem	NPrePre10_NPre10_Pot_VRoot_VerbTerm
be_s_e	SC2_VRoot_VerbTerm	SC2_VRoot_VerbTerm	SC2_VRoot_VerbTerm	SC2_VRoot_VerbTerm
u_ya_ba_buz_a	NPrePre1a_Pres_BPre2_NStem	SC1a_Pres_SC2_VRoot_VerbTerm	NPrePre1a_Pres_BPre2_NStem	SC1a_Pres_SC2_VRoot_VerbTerm
bo_nyana	BPre2_NStem	BPre2_NStem	BPre2_NStem	BPre2_NStem
ba_hlanganyel_e	PossConc2_NStem	SC2_VRoot_VerbTerm	PossConc2_NStem	SC2_VRoot_VerbTerm
bu_njani	SC14_Adv	SC14_Adv	SC14_Adv	SC14_Adv
esi_gabe_ni	LocPre_BPre7_NStem_LocSuf	RelConc7_NStem_LocSuf	LocPre_BPre7_NStem_LocSuf	RelConc7_NStem_LocSuf
nga_si_nye	AdvPre_BPre7_AdjStem	AdvPre_BPre7_AdjStem	AdvPre_BPre7_AdjStem	AdvPre_BPre7_AdjStem
.	Punc	Punc	Punc	Punc
U_kw_akha	NPrePre15_BPre15_NStem	NPrePre15_BPre15_NStem	NPrePre15_BPre15_NStem	NPrePre15_BPre15_NStem
u_m_tlamo	NPrePre1_BPre1_NStem	NPrePre1_BPre1_NStem	NPrePre1_BPre1_NStem	NPrePre1_BPre1_NStem
we_wadi	PossConc3_NStem	PossConc1a_NStem	PossConc3_NStem	PossConc1a_NStem
ku_thath_a	BPre15_VRoot_VerbTerm	BPre15_VRoot_VerbTerm	BPre15_VRoot_VerbTerm	BPre15_VRoot_VerbTerm
i_si_khathi	NPrePre7_BPre7_NStem	NPrePre7_BPre7_NStem	NPrePre7_BPre7_NStem	NPrePre7_BPre7_NStem
esi_de	AdjPref7_AdjStem	AdjPref7_AdjStem	AdjPref7_AdjStem	AdjPref7_AdjStem
begodu	Conj	Conj	Conj	Conj
ku_fun_a	BPre15_VRoot_VerbTerm	BPre15_VRoot_VerbTerm	BPre15_VRoot_VerbTerm	BPre15_VRoot_VerbTerm
bo_nyana	BPre2_NStem	BPre2_NStem	BPre2_NStem	BPre2_NStem
u_tlam_e	NPrePre1a_NStem	NPrePre3_VRoot_VerbTerm	NPrePre1a_NStem	SC1a_VRoot_VerbTerm
ngo_ku_cophelela	AdvPre_NStem	AdvPre_BPre15_NStem	AdvPre_NStem	AdvPre_BPre15_NStem
.	Punc	Punc	Punc	Punc
I_n_dlelakambiso	NPrePre8_BPre8_NStem	NPrePre8_BPre8_NStem	NPrePre8_BPre8_NStem	NPrePre8_BPre8_NStem
i_fak_a	SC4_VRoot_VerbTerm	SC4_VRoot_VerbTerm	SC4_VRoot_VerbTerm	SC5_VRoot_VerbTerm
hlangan_a	NStem_DimSuf	VRoot_VerbTerm	NStem_DimSuf	VRoot_VerbTerm
i_cozululo	NPrePre4_NStem	NPrePre4_NStem	NPrePre4_NStem	NPrePre4_NStem
lo_bu_jamo	PossConc5_NPrePre4_BPre14_NStem	PossConc5_BPre14_NStem	PossConc5_NPrePre4_BPre14_NStem	PossConc5_BPre14_NStem
(	Punc	Punc	Punc	Punc
a_ma_langa	NPrePre6_BPre6_NStem	NPrePre6_BPre6_NStem	NPrePre6_BPre6_NStem	NPrePre6_BPre6_NStem
a_ma_bili	AdjPref6_AdjStem	NPrePre6_BPre6_NStem	AdjPref6_AdjStem	NPrePre6_BPre6_NStem
)	Punc	Punc	Punc	Punc
,	Punc	Punc	Punc	Punc
u_ku_hlangan_is_w_a	NPrePre15_BPre15_VRoot_VerbTerm	NPrePre15_BPre15_VRoot_CausExt_PassExt_VerbTerm	NPrePre15_BPre15_VRoot_VerbTerm	NPrePre15_BPre15_VRoot_CausExt_PassExt_VerbTerm
kwe_lwazi	PossConc15_NStem	PossConc15_NStem	PossConc15_NStem	PossConc15_NStem
(	Punc	Punc	Punc	Punc
i_l_anga	NPrePre5_BPre5_NStem	NPrePre5_BPre5_NStem	NPrePre5_BPre5_NStem	NPrePre5_BPre5_NStem
eli_lo_dwa	RelConc5_QuantConc5_QuantStem	RelConc5_QuantConc5_QuantStem	RelConc5_QuantConc5_QuantStem	RelConc5_QuantConc5_QuantStem
)	Punc	Punc	Punc	Punc
,	Punc	Punc	Punc	Punc
U_ku_tlama	NPrePre15_BPre15_NStem	NPrePre15_BPre15_NStem	NPrePre15_BPre15_NStem	NPrePre15_BPre15_NStem
i_n_dlelakambiso	NPrePre8_BPre8_NStem	NPrePre8_BPre8_NStem	NPrePre8_BPre8_NStem	NPrePre8_BPre8_NStem
(	Punc	Punc	Punc	Punc
i_l_anga	NPrePre5_BPre5_NStem	NPrePre5_BPre5_NStem	NPrePre5_BPre5_NStem	NPrePre5_BPre5_NStem
eli_lo_dwa	RelConc5_QuantConc5_QuantStem	RelConc5_QuantConc5_QuantStem	RelConc5_QuantConc5_QuantStem	RelConc5_QuantConc5_QuantStem
)	Punc	Punc	Punc	Punc
ka_nye	AdvPre_AdjStem	AdvPre_AdjStem	AdvPre_AdjStem	AdvPre_AdjStem
no_ku_tlama	AdvPre_NPrePre15_BPre15_NStem	AdvPre_BPre15_NStem	AdvPre_NPrePre15_BPre15_NStem	AdvPre_BPre15_NStem
u_ku_phumelelisa	NPrePre15_BPre15_VRoot_CausExt_VerbTerm	NPrePre15_BPre15_NStem	NPrePre15_BPre15_VRoot_CausExt_VerbTerm	NPrePre15_BPre15_NStem
(	Punc	Punc	Punc	Punc
i_l_anga	NPrePre5_BPre5_NStem	NPrePre5_BPre5_NStem	NPrePre5_BPre5_NStem	NPrePre5_BPre5_NStem
eli_lo_dwa	RelConc5_QuantConc5_QuantStem	RelConc5_QuantConc5_QuantStem	RelConc5_QuantConc5_QuantStem	RelConc5_QuantConc5_QuantStem
)	Punc	Punc	Punc	Punc
.	Punc	Punc	Punc	Punc
U_ku_kghonakaliswa	NPrePre15_BPre15_NStem	NPrePre15_BPre15_NStem	NPrePre15_BPre15_NStem	NPrePre15_BPre15_NStem
kwe_n_dlelakambiso	PossConc15_NStem	PossConc15_BPre9_NStem	PossConc15_NStem	PossConc15_BPre9_NStem
yo_ku_tlama	PossConc4_BPre15_NStem	PossConc4_BPre15_NStem	PossConc4_BPre15_NStem	PossConc4_BPre15_NStem
kw_enz_iw_a	BPre15_VRoot_PassExt_VerbTerm	BPre15_VRoot_PassExt_VerbTerm	BPre15_VRoot_PassExt_VerbTerm	BPre15_VRoot_PassExt_VerbTerm
yi_Komidi	CopPre_NStem	CopPre_NStem	CopPre_NStem	CopPre_NStem
ye_Wadi	PossConc4_NStem	PossConc4_NStem	PossConc4_NStem	PossConc4_NStem
e_bandul_iw_e_ko	LocPre_VRoot_PassExt_NeutExt_VerbTerm	RelConc4_VRoot_PassExt_VerbTerm_RelSuf	LocPre_VRoot_PassExt_NeutExt_VerbTerm	RelConc4_VRoot_PassExt_VerbTerm_RelSuf
ka_nye	AdvPre_AdjStem	AdvPre_AdjStem	AdvPre_AdjStem	AdvPre_AdjStem
na_ba_kghonakalisi	AdvPre_BPre2_NStem	AdvPre_BPre2_NStem	AdvPre_BPre2_NStem	AdvPre_BPre2_NStem
ba_ka_masipala	PossConc2_PossKA_NStem	PossConc2_PossKA_NStem	PossConc2_PossKA_NStem	PossConc2_PossKA_NStem
aba_bandul_iw_e_ko	RelConc2_VRoot_PassExt_VerbTerm_RelSuf	RelConc2_VRoot_PassExt_VerbTerm_RelSuf	RelConc2_VRoot_PassExt_VerbTerm_RelSuf	RelConc2_VRoot_PassExt_VerbTerm_RelSuf
.	Punc	Punc	Punc	Punc
I_rherho	NPrePre4_NStem	NPrePre4_NStem	NPrePre4_NStem	NPrePre4_NStem
eli_banzi	RelConc5_RelStem	RelConc5_RelStem	RelConc5_RelStem	RelConc5_RelStem
la_ma_qhinga	Dem2_Pos1_NPrePre10_BPre10_NStem	PossConc5_BPre6_NStem	Dem2_Pos1_NPrePre10_BPre10_NStem	PossPron_BPre6_NStem
a_ma_tjha	NPrePre6_BPre6_NStem	NPrePre6_BPre6_NStem	NPrePre6_BPre6_NStem	NPrePre6_BPre6_NStem
eli_hlangan_is_a	RelConc8_VRoot_CausExt_VerbTerm	RelConc5_VRoot_CausExt_VerbTerm	RelConc8_VRoot_CausExt_VerbTerm	RelConc5_VRoot_CausExt_VerbTerm
a_ma_yunivesithi	NPrePre6_BPre6_NStem	NPrePre6_BPre6_NStem	NPrePre6_BPre6_NStem	NPrePre6_BPre6_NStem
,	Punc	Punc	Punc	Punc
i_mi_khandlu	NPrePre4_BPre4_NStem	NPrePre4_BPre4_NStem	NPrePre4_BPre4_NStem	NPrePre4_BPre4_NStem
ye_ze_sayensi	PossConc9_PossConc8_NStem	PossConc4_PossConc8_NStem	PossConc9_PossConc8_NStem	PossConc9_PossConc8_NStem
na_ba_nye	AdvPre_AdjPref2_AdjStem	AdvPre_AdjPref2_AdjStem	AdvPre_AdjPref2_AdjStem	AdvPre_AdjPref2_AdjStem
a_ba_dlali_ndima	NPrePre2_BPre2_NStem	NPrePre2_BPre2_NStem_NStem	NPrePre2_BPre2_NStem	NPrePre2_BPre2_NStem_NStem
be_ze_rhubhululo	PossConc2_BPre8_NStem	PossConc14_BPre8_NStem	PossConc2_BPre8_NStem	PossConc2_BPre8_NStem
ne_tuthuko	AdvPre_NPrePre4_NStem	AdvPre_NStem	AdvPre_NPrePre4_NStem	AdvPre_NStem
ne_mi_khakha	AdvPre_NPrePre4_BPre4_NStem	AdvPre_BPre4_NStem	AdvPre_NPrePre4_BPre4_NStem	AdvPre_BPre4_NStem
ye_zo_m_notho	PossConc4_PossConc8_NStem	PossConc4_PossConc10_BPre3_NStem	PossConc4_PossConc8_NStem	PossConc4_PossConc10_BPre3_NStem
e_ku_fan_el_e	RelConc4_OC15_VRoot_ApplExt_VerbTerm	RelConc4_OC15_VRoot_ApplExt_VerbTerm	RelConc4_OC15_VRoot_ApplExt_VerbTerm	RelConc4_OC15_VRoot_ApplExt_VerbTerm
i_tjhejwe	NPrePre4_NStem	NPrePre4_NStem	NPrePre4_NStem	NPrePre4_NStem
ntangi	NStem	Adv	NStem	Adv
.	Punc	Punc	Punc	Punc
A_ba_hlanganyeli	NPre2_BPre2_NStem	NPrePre2_BPre2_NStem	NPre2_BPre2_NStem	NPrePre2_BPre2_NStem
ba_funda	SC2_VRoot_VerbTerm	BPre2_NStem	SC2_VRoot_VerbTerm	PossConc2_NStem
a_ma_sinariyo	NPrePre6_BPre6_NStem	NPrePre6_BPre6_NStem	NPrePre6_BPre6_NStem	NPrePre6_BPre6_NStem
a_ma_thathu	AdjPref6_AdjStem	NPrePre6_BPre6_NStem	AdjPref6_AdjStem	NPrePre6_BPre6_NStem
be_s_e	SC2_VRoot_VerbTerm	SC2_VRoot_VerbTerm	SC2_VRoot_VerbTerm	SC2_VRoot_VerbTerm
ba_phendul_a	SC2_VRoot_VerbTerm	SC2_Intrans_VerbTerm	SC2_VRoot_VerbTerm	SC2_Intrans_VerbTerm
i_mi_buzo	NPrePre4_BPre4_NStem	NPrePre4_BPre4_NStem	NPrePre4_BPre4_NStem	NPrePre4_BPre4_NStem
.	Punc	Punc	Punc	Punc
U_ku_tlama	NPrePre15_BPre15_NStem	NPrePre15_BPre15_NStem	NPrePre15_BPre15_NStem	NPrePre15_BPre15_NStem
i_i_n_kambiso	NPrePre10_BPre10_NStem	NPrePre10_NPrePre10_BPre10_NStem	NPrePre10_BPre10_NStem	NPrePre10_NPrePre10_BPre10_NStem
_	Punc		Punc	
kw_enz_a	BPre15_OC3_VRoot_VerbTerm	SC15_VRoot_VerbTerm	BPre15_OC3_VRoot_VerbTerm	CopPre_VRoot_VerbTerm
i_phrojekthi	NPrePre5_NStem	NPrePre5_NStem	NPrePre5_NStem	NPrePre5_NStem
kobana	Conj	Conj	Conj	Conj
i_khamb_e	NPrePre4_NStem	SC9_VRoot_VerbTerm	NPrePre4_NStem	SC4_VRoot_VerbTerm
ku_hle	AdjPref15_AdjStem	AdjPref15_AdjStem	AdjPref15_AdjStem	AdjPref15_AdjStem
no_ku_thi	AdvPre_NPrePre15_BPre15_VRoot_VerbTerm	AdvPre_BPre15_NStem	AdvPre_NPrePre15_BPre15_VRoot_VerbTerm	AdvPre_BPre15_NStem
i_b_e	SC4_VRoot_VerbTerm	SC4_VRoot_VerbTerm	SC4_VRoot_VerbTerm	SC4_VRoot_VerbTerm
ne_mi_raro	AdvPre_NPrePre4_BPre4_NStem	AdvPre_BPre4_NStem	AdvPre_NPrePre4_BPre4_NStem	AdvPre_BPre4_NStem
e_mi_ncani	NPrePre4_BPre4_NStem	LocPre_BPre4_NStem	NPrePre4_BPre4_NStem	LocPre_BPre4_NStem
nga_pha	AdvPre_NStem	AdvPre_Adv	AdvPre_NStem	AdvPre_Adv
ku_kghonek_a	BPre15_NStem	BPre15_VRoot_VerbTerm	BPre15_NStem	SC15_VRoot_VerbTerm
nga_khona	AdvPre_Adv	SC1_Adv	AdvPre_Adv	SC1_Adv
.	Punc	Punc	Punc	Punc
Njeng_om_bana	AdvPre_AdjPref1_AdjStem	AdvPre_AdjPref1_AdjStem	AdvPre_AdjPref1_AdjStem	AdvPre_AdjPref1_AdjStem
ngo_kwe_hlathululo	AdvPre_PossConc15_NStem	AdvPre_PossConc15_NStem	AdvPre_PossConc15_NStem	AdvPre_PossConc15_NStem
ku_veli_le	BPre15_NStem	BPre15_NStem_NStem	BPre15_NStem	BPre15_VRoot
kobana	Conj	Conj	Conj	Conj
a_ma_phrojekthi	NPrePre6_BPre6_NStem	NPrePre6_BPre6_NStem	NPrePre6_BPre6_NStem	NPrePre6_BPre6_NStem
a_ka_fani	NegPre_VRoot_VerbTerm	RelConc6_NegPre_NStem	NegPre_VRoot_VerbTerm	RelConc6_NegPre_NStem
,	Punc	Punc	Punc	Punc
begodu	Conj	Conj	Conj	Conj
ku_fak_a	BPre15_VRoot_VerbTerm	BPre15_VRoot_VerbTerm	BPre15_VRoot_VerbTerm	BPre15_VRoot_VerbTerm
oku_tjha	RelConc15_NStem	RelConc15_NStem	RelConc15_NStem	RelConc15_NStem
ki_labo	PossConc2_Dem2_Pos2	PossConc2	PossConc2_Dem2_Pos2	PossConc2
aba_hlanganyeli	NPrePre2_BPre2_NStem	RelConc2_NStem	NPrePre2_BPre2_NStem	RelConc2_NStem
,	Punc	Punc	Punc	Punc
ku_qakathek_ile	SC15_VRoot_NeutExt_Perf	SC15_VRoot_Perf	SC15_VRoot_NeutExt_Perf	SC15_VRoot_Perf
u_ku_b_a	Conj	NPrePre15_BPre15_VRoot_VerbTerm	Conj	NPrePre15_BPre15_VRoot_VerbTerm
no_mtlamo	AdvPre_NPrePre1_BPre1_NStem	AdvPre_NStem	AdvPre_NPrePre1_BPre1_NStem	AdvPre_NStem
u_ku_qinis_ek_is_a	NPrePre15_BPre15_VRoot_NeutExt_CausExt_VerbTerm	NPrePre15_BPre15_VRoot_NeutExt_CausExt_VerbTerm	NPrePre15_BPre15_VRoot_NeutExt_CausExt_VerbTerm	NPrePre15_BPre15_VRoot_NeutExt_CausExt_VerbTerm
kobana	Conj	Conj	Conj	Conj
bo_ke	QuantConc2_QuantStem	QuantConc2_QuantStem	QuantConc2_QuantStem	QuantConc2_QuantStem
aba_zi_bandakanye	RelConc2_BPre10_VRoot_VerbTerm	RelConc2_BPre8_NStem	RelConc2_BPre10_VRoot_VerbTerm	RelConc2_BPre8_NStem
ki_yo	LocPre_PronStem9	LocPre_PronStem9	LocPre_PronStem9	LocPre_PronStem9
ba_zi	OC2_VRoot_VerbTerm	BPre2_NStem	OC2_VRoot_VerbTerm	BPre2_NStem
kobana	Conj	Conj	Conj	Conj
ngi_kuphi	SC15_OC15_EnumStem	SC15_Adv	SC15_OC15_EnumStem	SC15_Adv
oku_lindelek_e	RelConc15_VRoot_VerbTerm	RelConc15_VRoot_VerbTerm	RelConc15_VRoot_VerbTerm	RelConc15_VRoot_VerbTerm
ki_bo	LocPre_PronStem1	LocPre_PronStem1	LocPre_PronStem1	LocPre_PronStem1
,	Punc	Punc	Punc	Punc
ba_zokw_enz_a	SC2_Fut_Intrans_VerbTerm	SC2_Fut_Intrans_VerbTerm	SC2_Fut_Intrans_VerbTerm	SC2_Fut_Intrans_VerbTerm
njani	Adv	Adv	Adv	Adv
,	Punc	Punc	Punc	Punc
nini	Adv	Adv	Adv	Adv
begodu	Conj	Conj	Conj	Conj
yini	CopPre_Interrog	Interrog	CopPre_Interrog	Interrog
e_ku_fuz_e	RelConc4_OC15_VRoot_VerbTerm	RelConc4_OC15_VRoot_VerbTerm	RelConc4_OC15_VRoot_VerbTerm	RelConc4_OC15_VRoot_VerbTerm
kw_enz_iw_e	SC15_VRoot_PassExt_VerbTerm	OC15_VRoot_PassExt_VerbTerm	SC15_VRoot_PassExt_VerbTerm	OC15_VRoot_PassExt_VerbTerm
.	Punc	Punc	Punc	Punc
U_ku_tlam_el_a	NPrePre15_BPre15_NStem	NPrePre15_BPre15_VRoot_ApplExt_VerbTerm	NPrePre15_BPre15_NStem	NPrePre15_BPre15_VRoot_ApplExt_VerbTerm
i_phrojekthi	NPrePre5_NStem	NPrePre5_NStem	NPrePre5_NStem	NPrePre5_NStem
aba_nye	AdjPref2_AdjStem	AdjPref2_AdjStem	AdjPref2_AdjStem	AdjPref2_AdjStem
ba_thi	OC2_VRoot_VerbTerm	BPre2_NStem	OC2_VRoot_VerbTerm	BPre2_NStem
ngi_kho	CopPre_NStem	CopPre_NStem	CopPre_NStem	CopPre_NStem
oku_m_gogodlha	RelConc15_NStem	RelConc15_BPre3_NStem	RelConc15_NStem	RelConc15_BPre3_NStem
wo_ku_phath_a	PossConc3_NPrePre15_BPre15_VRoot_VerbTerm	PossConc3_BPre15_VRoot_VerbTerm	PossConc3_NPrePre15_BPre15_VRoot_VerbTerm	PossConc3_BPre15_VRoot_VerbTerm
i_phrojekthi	NPrePre5_NStem	NPrePre5_NStem	NPrePre5_NStem	NPrePre5_NStem
.	Punc	Punc	Punc	Punc
Kwa_kh_a	SC15_VRoot_VerbTerm	SC15_VRoot_VerbTerm	SC15_VRoot_VerbTerm	SC15_VRoot_VerbTerm
i_si_sekelo	NPrePre7_BPre7_NStem	NPrePre7_BPre7_NStem	NPrePre7_BPre7_NStem	NPrePre7_BPre7_NStem
salapho	PossConc7_Dem16_Pos2	Adv	PossConc7_Dem16_Pos2	Adv
i_tuthuko	NPrePre4_NStem	NPrePre4_NStem	NPrePre4_NStem	NPrePre4_NStem
ye_phrojekthi	PossConc9_NStem	PossConc9_NStem	PossConc9_NStem	PossConc9_NStem
i_n_zinz_e	NPrePre8_BPre8_NStem	NPrePre8_BPre8_VRoot_VerbTerm	NPrePre8_BPre8_NStem	NPrePre8_BPre8_VRoot_VerbTerm
khona	PronStem15_PronSuf	Conj	PronStem15_PronSuf	Conj
.	Punc	Punc	Punc	Punc
Ku_na_bo_nobangela	LocPre_AdvPre_PossConc2_NStem	LocPre_AdvPre_BPre2a_NStem	LocPre_AdvPre_PossConc2_NStem	LocPre_AdvPre_BPre2a_NStem
aba_nengi	AdjPref2_AdjStem	AdjPref2_AdjStem	AdjPref2_AdjStem	AdjPref2_AdjStem
bon_a	AbsPron2	VRoot_VerbTerm	AbsPron2	VRoot_VerbTerm
ku_bayini	BPre15_NStem	BPre15_NStem	BPre15_NStem	BPre15_NStem
ku_b_e	SC15_VRoot_VerbTerm	OC15_VRoot_VerbTerm	SC15_VRoot_VerbTerm	OC15_VRoot_VerbTerm
ne_nturhu	AdvPre_NPre9_NStem	AdvPre_NStem	AdvPre_NPre9_NStem	AdvPre_NStem
.	Punc	Punc	Punc	Punc
A_ba_nye	AdjPref2_AdjStem	NPrePre2_AdjPref2_AdjStem	AdjPref2_AdjStem	NPrePre2_AdjPref2_AdjStem
a_bo_nobangela	NPrePre2_BPre2_NStem	NPrePre2a_BPre2a_NStem	NPrePre2_BPre2_NStem	NPrePre2_BPre2_NStem
ba_nga_b_a	SC2a_Pot_VRoot_VerbTerm	SC2_AdvPre_Intrans_VerbTerm	SC2a_Pot_VRoot_VerbTerm	SC2_AdvPre_Intrans_VerbTerm
'	Punc	Punc	Punc	Punc
nge_ba_ma_mbala	AdvPre_BPre2_NStem	AdvPre_BPre2_BPre6_NStem	AdvPre_BPre2_NStem	AdvPre_PossConc1a_BPre6_NStem
'	Punc	Punc	Punc	Punc
aba_nye	AdjPref2_AdjStem	AdjPref2_AdjStem	AdjPref2_AdjStem	AdjPref2_AdjStem
ba_nga_b_a	SC2_Pot_VRoot_VerbTerm	SC2_AdvPre_Intrans_VerbTerm	SC2_Pot_VRoot_VerbTerm	SC2_AdvPre_Intrans_VerbTerm
nge_n_dlela	AdvPre_NPrePre9_BPre9_NStem	AdvPre_BPre9_NStem	AdvPre_NPrePre9_BPre9_NStem	AdvPre_BPre9_NStem
'	Punc	Punc	Punc	Punc
ku_bon_w_a	SC15_VRoot_PassExt_VerbTerm	SC15_VRoot_PassExt_VerbTerm	SC15_VRoot_PassExt_VerbTerm	BPre15_VRoot_PassExt_VerbTerm
nga_yo	AdvPre_PronStem9	AdvPre_PronStem9	AdvPre_PronStem9	AdvPre_PronStem9
'	Punc	Punc	Punc	Punc
nge_n_dlela	AdvPre_NPrePre9_BPre3_NStem	AdvPre_BPre9_NStem	AdvPre_NPrePre9_BPre3_NStem	AdvPre_BPre9_NStem
aba_ntu	NPrePre2_BPre2_NStem	RelConc2_NStem	NPrePre2_BPre2_NStem	RelConc2_NStem
ba_qal_a	SC2_VRoot_VerbTerm	SC2_VRoot_VerbTerm	SC2_VRoot_VerbTerm	SC2_VRoot_VerbTerm
nga_yo	AdvPre_PronStem9	AdvPre_PronStem9	AdvPre_PronStem9	AdvPre_PronStem9
u_bu_jamo	NPre14_NPrePre14_NStem	NPrePre14_BPre14_NStem	NPre14_NPrePre14_NStem	NPrePre14_BPre14_NStem
o_bu_thize	RelConc14_NStem	RelConc14_BPre14_NStem	RelConc14_NStem	RelConc14_BPre14_NStem
.	Punc	Punc	Punc	Punc
I_mi_biko	NPrePre4_BPre4_NStem	NPrePre4_BPre4_NStem	NPrePre4_BPre4_NStem	NPrePre4_BPre4_NStem
y_a_qobe	PossConc1a_NStem	PossConc1a_LocPre_NStem	PossConc1a_NStem	PossConc9_LocPre_NStem
_	Punc		Punc	
A_ma_Komidi	NPrePre6_BPre6_NStem	NPrePre6_BPre6_NStem	NPrePre6_BPre6_NStem	NPrePre6_BPre6_NStem
we_Wadi	PossConc6_NStem	PossConc6_NStem	PossConc6_NStem	PossConc6_NStem
ku_fan_el_e	SC15_VRoot_ApplExt_VerbTerm	SC15_VRoot_ApplExt_VerbTerm	SC15_VRoot_ApplExt_VerbTerm	OC15_VRoot_ApplExt_VerbTerm
a_thol_e	RelConc6_VRoot_VerbTerm	RelConc6_VRoot_VerbTerm	RelConc6_VRoot_VerbTerm	SC1_VRoot_VerbTerm
i_mi_biko	NPrePre4_BPre4_NStem	NPrePre4_BPre4_NStem	NPrePre4_BPre4_NStem	NPrePre4_BPre4_NStem
e_buy_a_ko	RelConc4_VRoot_VerbTerm_RelSuf	RelConc4_VRoot_VerbTerm_RelSuf	RelConc4_VRoot_VerbTerm_RelSuf	RelConc4_VRoot_VerbTerm_RelSuf
njalo	Adv	Adv	Adv	Adv
mayelana	NStem	NStem	NStem	NStem
ne_ragelo	AdvPre_NStem	AdvPre_NStem	AdvPre_NStem	AdvPre_NStem
phambili	Adv	Adv	Adv	Adv
le_khansela	Dem5_Pos1_NPrePre4_NStem	NStem	Dem5_Pos1_NPrePre4_NStem	NStem
.	Punc	Punc	Punc	Punc
Ba_nga_buz_a	SC2_Pot_Intrans_VerbTerm	SC2_Pot_VRoot_VerbTerm	SC2_Pot_Intrans_VerbTerm	SC2_AdvPre_VRoot_VerbTerm
a_ma_khansela	NPrePre6_BPre6_NStem	NPrePre6_BPre6_NStem	NPrePre6_BPre6_NStem	NPrePre6_BPre6_NStem
bon_a	AbsPron2	VRoot_VerbTerm	AbsPron2	VRoot_VerbTerm
ku_bayini	BPre15_NStem	BPre15_NStem	BPre15_NStem	BPre15_NStem
i_ragelo	NPrePre5_NStem	NPrePre5_NStem	NPrePre5_NStem	NPrePre4_NStem
phambili	Adv	Adv	Adv	Adv
li_li_y_ek_ile	SC5_VRoot_Perf	SC5_OC5_Pres_NeutExt_Perf	SC5_VRoot_Perf	SC5_BPre5_VRoot_NeutExt_Perf
be_s_e	SC2_VRoot_VerbTerm	SC2_VRoot_VerbTerm	SC2_VRoot_VerbTerm	SC2_VRoot_VerbTerm
ba_tjhukumis_a	SC2_VRoot_CausExt_VerbTerm	CopPre_Intrans_VerbTerm	SC2_VRoot_CausExt_VerbTerm	SC2_VRoot_VerbTerm
i_in_dlela	NPrePre10_NPre10_NStem	NPrePre10_NPre10_NStem	NPrePre10_NPre10_NStem	NPrePre10_NPre10_NStem
zo_ku_hlangabezana	Fut_VRoot_VerbTerm	PossConc15_BPre15_NStem	Fut_VRoot_VerbTerm	PossConc15_BPre15_NStem
ne_mi_tlamo	AdvPre_NPrePre4_BPre4_NStem	AdvPre_BPre4_NStem	AdvPre_NPrePre4_BPre4_NStem	AdvPre_BPre4_NStem
nge_n_dlela	AdvPre_NPrePre9_BPre9_NStem	AdvPre_BPre9_NStem	AdvPre_NPrePre9_BPre9_NStem	AdvPre_BPre9_NStem
e_phumelel_is_a_ko	LocPre_VRoot_CausExt_VerbTerm_RelSuf	RelConc9_VRoot_CausExt_VerbTerm_RelSuf	LocPre_VRoot_CausExt_VerbTerm_RelSuf	RelConc9_VRoot_CausExt_VerbTerm_RelSuf
.	Punc	Punc	Punc	Punc
U_ku_hlanganyela	NPrePre15_BPre15_NStem	NPrePre15_BPre15_NStem	NPrePre15_BPre15_NStem	NPrePre15_BPre15_NStem
ko_m_phakathi	PossConc15_NPrePre3_BPre3_NStem	PossConc15_BPre3_NStem	PossConc15_NPrePre3_BPre3_NStem	PossConc15_BPre3_NStem
ku_yi_kambiso	BPre15_CopPre_NStem	BPre15_Pres_NStem	BPre15_CopPre_NStem	BPre15_OC15_NStem
e_tlhoga	RelConc9_Intrans_VerbTerm	RelConc4_NStem	RelConc9_Intrans_VerbTerm	RelConc4_NStem
u_ku_fak_w_a	NPrePre15_BPre15_VRoot_PassExt_VerbTerm	NPrePre15_BPre15_VRoot_PassExt_VerbTerm	NPrePre15_BPre15_VRoot_PassExt_VerbTerm	NPrePre15_BPre15_VRoot_PassExt_VerbTerm
ko_m_phakathi	PossConc15_NPrePre3_BPre3_NStem	PossConc15_BPre3_NStem	PossConc15_NPrePre3_BPre3_NStem	PossConc15_BPre3_NStem
ki_zo	LocPre_PronStem10	LocPre_PronStem10	LocPre_PronStem10	LocPre_PronStem10
zo_ke	QuantConc8_QuantStem	QuantConc10_QuantStem	QuantConc8_QuantStem	QuantConc10_QuantStem
i_in_ga_b_a	NPrePre8_NPre8_NStem	NPrePre10_NPre10_Pot_VRoot_VerbTerm	NPrePre8_NPre8_NStem	NPrePre10_NPre10_Pot_VRoot_VerbTerm
.	Punc	Punc	Punc	Punc
A_ma_Komidi	NPrePre6_BPre6_NStem	NPrePre6_BPre6_NStem	NPrePre6_BPre6_NStem	NPrePre6_BPre6_NStem
wa_maWadi	PossConc6_LocPre_NStem	PossConc6_NStem	PossConc6_LocPre_NStem	PossConc1a_NStem
a_tlhoga	RelConc6_Intrans_VerbTerm	RelConc6_NStem	RelConc6_Intrans_VerbTerm	RelConc6_NStem
u_ku_thol_a	NPrePre15_BPre15_VRoot_VerbTerm	NPrePre15_BPre15_VRoot_VerbTerm	NPrePre15_BPre15_VRoot_VerbTerm	NPrePre15_BPre15_VRoot_VerbTerm
i_n_dlela	NPrePre9_BPre9_NStem	NPrePre9_BPre9_NStem	NPrePre9_BPre9_NStem	NPrePre9_BPre9_NStem
e_hl_e	AdjPref9_AdjStem	RelConc9_VRoot_VerbTerm	AdjPref9_AdjStem	RelConc9_VRoot_VerbTerm
yo_ku_dlul_is_a	PossConc9_NPrePre15_BPre15_VRoot_CausExt_VerbTerm	PossConc9_BPre15_VRoot_CausExt_VerbTerm	PossConc9_NPrePre15_BPre15_VRoot_CausExt_VerbTerm	PossConc9_BPre15_VRoot_CausExt_VerbTerm
u_m_layezo	NPrePre3_BPre3_NStem	NPrePre3_BPre3_NStem	NPrePre3_BPre3_NStem	NPrePre3_BPre3_NStem
ku_lawul_w_e	SC15_VRoot_PassExt_VerbTerm	SC15_VRoot_PassExt_VerbTerm	SC15_VRoot_PassExt_VerbTerm	BPre15_VRoot_PassExt_VerbTerm
ku_kuthi	BPre15_OC15_VRoot_VerbTerm	BPre17_NStem	BPre15_OC15_VRoot_VerbTerm	BPre17_NStem
u_m_layezo	NPrePre3_BPre3_NStem	NPrePre3_BPre3_NStem	NPrePre3_BPre3_NStem	NPrePre3_BPre3_NStem
loyo	Dem3_Pos2		Dem3_Pos2	
u_y_a	BPre3_NStem	SC1a_VRoot_VerbTerm	BPre3_NStem	SC1a_VRoot_VerbTerm
ku_bani	BPre15_Interrog	BPre17_NStem	BPre15_Interrog	BPre17_Interrog
.	Punc	Punc	Punc	Punc
I_si_bonelo	NPrePre7_BPre7_NStem	NPrePre7_BPre7_NStem	NPrePre7_BPre7_NStem	NPrePre7_BPre7_NStem
nangabe	Conj	Conj	Conj	Conj
i_n_daba	NPrePre9_BPre9_NStem	NPrePre9_BPre9_NStem	NPrePre9_BPre9_NStem	NPrePre9_BPre9_NStem
i_phathel_en_e	SC4_VRoot_ApplExt_RecipExt_Perf	SC4_VRoot_RecipExt_Perf	SC4_VRoot_ApplExt_RecipExt_Perf	SC4_VRoot_RecipExt_Perf
na_ba_ntu	AdvPre_NPrePre2_BPre2_NStem	AdvPre_BPre2_NStem	AdvPre_NPrePre2_BPre2_NStem	AdvPre_BPre2_NStem
aba_tjha	RelConc2_NStem	AdjPref2_NStem	RelConc2_NStem	AdjPref2_NStem
u_m_biko	NPrePre3_BPre3_NStem	NPrePre3_BPre3_NStem	NPrePre3_BPre3_NStem	NPrePre3_BPre3_NStem
obuy_a_ko	RelConc3_VRoot_VerbTerm_RelSuf	RelConc14_VerbTerm_RelSuf	RelConc3_VRoot_VerbTerm_RelSuf	RelConc14_VerbTerm_RelSuf
u_nga_nik_el_w_e	BPre3_NegPre_NStem	SC1a_NegPre_VRoot_ApplExt_PassExt_VerbTerm	BPre3_NegPre_NStem	SC1a_Pot_VRoot_ApplExt_PassExt_VerbTerm
e_hlelw_eni	LocPre_NPrePre5_BPre5_NStem_LocSuf	LocPre_NStem_LocSuf	LocPre_NPrePre5_BPre5_NStem_LocSuf	LocPre_NStem_LocSuf
la_ba_ntu	PossConc5_NPrePre2_BPre2_NStem	PossConc5_BPre2_NStem	PossConc5_NPrePre2_BPre2_NStem	PossConc5_BPre2_NStem
aba_tjha	NPrePre2_BPre2_NStem	RelConc2_AdjStem	NPrePre2_BPre2_NStem	RelConc2_NStem
e_mrhatjhw_eni	LocPre_NStem_LocSuf	LocPre_NStem_LocSuf	LocPre_NStem_LocSuf	LocPre_NStem_LocSuf
nany_an_a	Conj	VRoot_RecipExt_VerbTerm	Conj	VRoot_RecipExt_VerbTerm
kw_esi_nye	PossConc15_AdjPref7_AdjStem	PossConc15_AdjPref7_AdjStem	PossConc15_AdjPref7_AdjStem	PossConc15_AdjPref7_AdjStem
i_sehlakalo	NPrePre7_BPre7_NStem	NPrePre4_NStem	NPrePre7_BPre7_NStem	NPrePre4_NStem
,	Punc	Punc	Punc	Punc
esi_fan_a	RelConc7_VRoot_VerbTerm	RelConc7_VRoot_VerbTerm	RelConc7_VRoot_VerbTerm	RelConc7_VRoot_VerbTerm
ne_ze_mi_dlalo	AdvPre_NPrePre8_BPre8_BPre4_NStem	AdvPre_BPre8_BPre4_NStem	AdvPre_NPrePre8_BPre8_BPre4_NStem	AdvPre_PossConc8_BPre8_NStem
,	Punc	Punc	Punc	Punc
leyo	Dem9_Pos2		Dem9_Pos2	
aba_ntu	NPrePre2_BPre2_NStem	RelConc2_NStem	NPrePre2_BPre2_NStem	RelConc2_NStem
aba_tjha	AdjPref2_AdjStem	AdjPref2_NStem	AdjPref2_AdjStem	AdjPref2_NStem
aba_zi_bandakany_a	RelConc2_OC10_VRoot_VerbTerm	RelConc2_OC10_VRoot_VerbTerm	RelConc2_OC10_VRoot_VerbTerm	RelConc2_OC10_VRoot_VerbTerm
ki_yo	LocPre_PronStem9	LocPre_PronStem9	LocPre_PronStem9	LocPre_PronStem9
.	Punc	Punc	Punc	Punc
Zo_ke	QuantConc10_QuantStem	QuantConc10_QuantStem	QuantConc10_QuantStem	QuantConc10_QuantStem
i_inkoro	NPrePre10_BPre10_NStem	NPrePre4_NStem	NPrePre10_BPre10_NStem	NPrePre4_NStem
zo_m_phakathi	PossConc10_NPrePre3_BPre3_NStem	PossConc8_BPre3_NStem	PossConc10_NPrePre3_BPre3_NStem	PossConc10_BPre3_NStem
,	Punc	Punc	Punc	Punc
u_ku_fak_a	NPrePre15_BPre15_VRoot_VerbTerm	NPrePre15_BPre15_VRoot_VerbTerm	NPrePre15_BPre15_VRoot_VerbTerm	NPrePre15_BPre15_VRoot_VerbTerm
hlangan_a	NStem_DimSuf	VRoot_VerbTerm	NStem_DimSuf	VRoot_VerbTerm
i_im_bethamthetho	NPrePre8_BPre9_NStem	NPrePre4_BPre4_NStem	NPrePre8_BPre9_NStem	NPrePre4_BPre4_NStem
ne_phiko	AdvPre_NPrePre5_BPre5_NStem	AdvPre_NStem	AdvPre_NPrePre5_BPre5_NStem	AdvPre_NStem
le_zo_bu_lungis_w_a	AdvPre_Pres_NStem	PossConc5_PossConc8_OC14_VRoot_PassExt_VerbTerm	AdvPre_Pres_NStem	SC5_PossConc3_OC14_VRoot_PassExt_VerbTerm
,	Punc	Punc	Punc	Punc
ku_fan_el_e	OC15_VRoot_ApplExt_VerbTerm	OC15_VRoot_ApplExt_VerbTerm	OC15_VRoot_ApplExt_VerbTerm	OC15_VRoot_ApplExt_VerbTerm
zi_qinis_ek_is_e	SC8_VRoot_NeutExt_CausExt_VerbTerm	SC8_VRoot_NeutExt_CausExt_VerbTerm	SC8_VRoot_NeutExt_CausExt_VerbTerm	Pres_VRoot_NeutExt_CausExt_VerbTerm
bo_nyana	BPre2_NStem	BPre2_NStem	BPre2_NStem	BPre2_NStem
a_ma_khakhazela	NPrePre6_BPre6_NStem	NPrePre6_BPre6_NStem	NPrePre6_BPre6_NStem	NPrePre6_BPre6_NStem
we_tuthuko	PossConc6_LocPre_NStem	PossConc1a_NStem	PossConc6_LocPre_NStem	PossConc1a_NStem
a_funyanwa	RelConc6_NStem	RelConc6_NStem	RelConc6_NStem	RelConc6_NStem
ngi_labo	SC2_PronStem2	CopPre	SC2_PronStem2	CopPre
aba_tlhaga	NPrePre2_BPre2_NStem	RelConc2_NStem	NPrePre2_BPre2_NStem	RelConc2_NStem
khulu	Adv	Adv	Adv	Adv
na_labo	AdvPre_Dem2_Pos2	AdvPre	AdvPre_Dem2_Pos2	AdvPre
e_be_gade	LocPre_BPre2_Adv	LocPre_BPre2_Adv	LocPre_BPre2_Adv	LocPre_BPre2_Adv
ba_dinywe	SC2_Intrans_VerbTerm	PossConc1a_NStem	SC2_Intrans_VerbTerm	BPre2_NStem
a_ma_thuba	NPrePre6_BPre6_NStem	NPrePre6_BPre6_NStem	NPrePre6_BPre6_NStem	NPrePre6_BPre6_NStem
,	Punc	Punc	Punc	Punc
ngo_kw_enz_a	AdvPre_NPrePre15_BPre15_VRoot_VerbTerm	AdvPre_BPre15_VRoot_VerbTerm	AdvPre_NPrePre15_BPre15_VRoot_VerbTerm	AdvPre_BPre15_VRoot_VerbTerm
njalo	Adv	Adv	Adv	Adv
ku_za_b_e	SC15_Fut_VRoot_VerbTerm	SC15_Fut_VRoot_VerbTerm	SC15_Fut_VRoot_VerbTerm	SC15_Fut_VRoot_VerbTerm
ku_balekel_w_a	SC15_VRoot_VerbTerm	BPre15_VRoot_PassExt_VerbTerm	SC15_VRoot_VerbTerm	OC15_VRoot_PassExt_VerbTerm
i_kghonakalo	NPrePre4_NStem	NPrePre4_NStem	NPrePre4_NStem	NPrePre4_NStem
ye_mi_zamo	PossConc4_NPrePre4_BPre4_NStem	PossConc4_BPre4_NStem	PossConc4_NPrePre4_BPre4_NStem	PossConc4_BPre4_NStem
e_nge_nz_iw_a	RelConc4_AdvPre_VRoot_PassExt_VerbTerm	RelConc9_AdvPre_VRoot_PassExt_VerbTerm	RelConc4_AdvPre_VRoot_PassExt_VerbTerm	RelConc9_AdvPre_VRoot_PassExt_VerbTerm
zi_in_qhenyana	BPre8_BPre9_NStem	BPre10_BPre9_NStem	BPre8_BPre9_NStem	BPre10_BPre8_NStem
ezi_zi_tjheja	RelConc8_BPre8_Intrans_VerbTerm	RelConc8_BPre8_NStem	RelConc8_BPre8_Intrans_VerbTerm	RelConc8_BPre8_NStem
zo_na	PronStem10_PronSuf	PronStem10_PronSuf	PronStem10_PronSuf	PronStem10_PronSuf
zi_zodwa	SC4_OC8_PronStem8	BPre8_NStem	SC4_OC8_PronStem8	BPre8_NStem
yo_ku_vikel_a	PossConc9_BPre15_NStem	PossConc9_BPre15_VRoot_VerbTerm	PossConc9_BPre15_NStem	PossConc9_BPre15_VRoot_VerbTerm
i_inkareko	NPrePre10_BPre10_NStem	NPrePre4_NStem	NPrePre10_BPre10_NStem	NPrePre4_NStem
za_zo	PossConc10_PronStem10	PossConc10_PronStem10	PossConc10_PronStem10	PossConc10_PronStem10
ngo_ku_dlele_zela	AdvPre_OC15_VRoot_VerbTerm	AdvPre_BPre15_NStem_NStem	AdvPre_OC15_VRoot_VerbTerm	AdvPre_BPre15_NStem_NStem
i_mi_phakathi	NPrePre4_BPre4_NStem	NPrePre4_BPre4_NStem	NPrePre4_BPre4_NStem	NPrePre4_BPre4_NStem
e_nga_na_mandla	RelConc4_AdvPre_CopPre_RelStem	RelConc9_Pot_AdvPre_RelStem	RelConc4_AdvPre_CopPre_RelStem	RelConc9_AdvPre_AdvPre_RelStem
njenga_zo	AdvPre_PronStem8	AdvPre_PronStem10	AdvPre_PronStem8	AdvPre_PronStem10
.	Punc	Punc	Punc	Punc
I_Sewula	NPrePre4_NStem	NPrePre4_NStem	NPrePre4_NStem	NPrePre4_NStem
Afrika	ProperName	ProperName	ProperName	ProperName
ku_fan_el_e	OC16_VRoot_ApplExt_VerbTerm	OC15_VRoot_ApplExt_VerbTerm	OC16_VRoot_ApplExt_VerbTerm	OC15_VRoot_ApplExt_VerbTerm
bo_nyana	BPre2_NStem	BPre2_NStem	BPre2_NStem	BPre2_NStem
i_sebenz_is_e	SC9_VRoot_CausExt_VerbTerm	SC9_VRoot_CausExt_VerbTerm	SC9_VRoot_CausExt_VerbTerm	SC9_VRoot_CausExt_VerbTerm
a_ma_ndlayo	NPrePre6_BPre6_NStem	NPrePre6_BPre6_NStem	NPrePre6_BPre6_NStem	NPrePre6_BPre6_NStem
u_ku_khulisa	NPrePre15_BPre15_VRoot_CausExt_VerbTerm	NPrePre15_BPre15_NStem	NPrePre15_BPre15_VRoot_CausExt_VerbTerm	NPrePre15_BPre15_NStem
i_nani	NPrePre5_NStem	NPrePre5_NStem	NPrePre5_NStem	NPrePre5_NStem
le_pahla	AdvPre_NPrePre4_NStem	PossConc5_NStem	AdvPre_NPrePre4_NStem	PossConc5_NStem
e_thengis_el_w_a	RelConc9_VRoot_ApplExt_PassExt_VerbTerm	RelConc9_VRoot_ApplExt_PassExt_VerbTerm	RelConc9_VRoot_ApplExt_PassExt_VerbTerm	RelConc9_VRoot_ApplExt_PassExt_VerbTerm
i_i_narha	NPrePre4_NPrePre10_NStem	NPrePre10_BPre10_NStem	NPrePre4_NPrePre10_NStem	NPrePre10_BPre10_NStem
za_nga_phandle	PossConc10_AdvPre_Adv	SC10_AdvPre_Adv	PossConc10_AdvPre_Adv	SC10_AdvPre_Adv
.	Punc	Punc	Punc	Punc
Nangabe	Conj	Conj	Conj	Conj
i_rherho	NPrePre5_NStem	NPrePre4_NStem	NPrePre5_NStem	NPrePre4_NStem
le_zomnotho	PossConc5_PossConc3_NStem	PossConc5_NStem	PossConc5_PossConc3_NStem	PossConc5_NStem
li_ya_bhal_el_w_a	BPre5_Pres_NStem	SC5_Pres_VRoot_ApplExt_PassExt_VerbTerm	BPre5_Pres_NStem	SC5_Pres_VRoot_ApplExt_PassExt_VerbTerm
kokhunye	PossConc15_NStem	NStem	PossConc15_NStem	NStem
,	Punc	Punc	Punc	Punc
ku_fan_el_e	OC16_VRoot_ApplExt_VerbTerm	OC15_VRoot_ApplExt_VerbTerm	OC16_VRoot_ApplExt_VerbTerm	OC15_VRoot_ApplExt_VerbTerm
le_nz_e	OC5_VRoot_VerbTerm	PossConc5_VRoot_VerbTerm	OC5_VRoot_VerbTerm	SC5_VRoot_VerbTerm
ngconyw_ana	NStem_DimSuf	NStem_DimSuf	NStem_DimSuf	NStem_DimSuf
kokhunye	PossConc15_NStem	NStem	PossConc15_NStem	NStem
.	Punc	Punc	Punc	Punc
I_inzuzo	NPrePre4_BPre9_NStem	NPrePre4_NStem	NPrePre4_BPre9_NStem	NPrePre4_NStem
ezi_madaniseka_ko	RelConc8_NStem_RelSuf	RelConc8_NStem_RelSuf	RelConc8_NStem_RelSuf	RelConc8_NStem_RelSuf
ze_narha	PossConc10_NStem	PossConc10_NStem	PossConc10_NStem	PossConc10_NStem
zi_fak_a	SC10_VRoot_VerbTerm	SC10_VRoot_VerbTerm	SC10_VRoot_VerbTerm	SC10_VRoot_VerbTerm
hlangan_a	NPre15_NStem_DimSuf	VRoot_VerbTerm	NPre15_NStem_DimSuf	VRoot_VerbTerm
i_mi_thombo	NPrePre4_BPre4_NStem	NPrePre4_BPre4_NStem	NPrePre4_BPre4_NStem	NPrePre4_BPre4_NStem
ya_zo	PossConc9_NStem	PossConc9_NStem	PossConc9_NStem	PossConc9_NStem
ye_zenjiwa	PossConc4_NPrePre4_NStem	PossConc4_NStem	PossConc4_NPrePre4_NStem	PossConc4_NStem
ne_zi_nto	AdvPre_NPrePre10_BPre10_NStem	AdvPre_BPre10_NStem	AdvPre_NPrePre10_BPre10_NStem	AdvPre_BPre10_NStem
ze_mvelo	Pres_BPre3_NStem	Pres_NStem	Pres_BPre3_NStem	Pres_NStem
,	Punc	Punc	Punc	Punc
i_koro	NPrePre4_NStem	NPrePre4_NStem	NPrePre4_NStem	NPrePre4_NStem
ye_mi_sebenzi	PossConc4_NPrePre4_BPre4_NStem	PossConc4_BPre4_NStem	PossConc4_NPrePre4_BPre4_NStem	PossConc4_BPre4_NStem
ye_e_mali	PossConc4_NStem	PossConc4_LocPre_NStem	PossConc4_NStem	PossConc4_LocPre_NStem
ne_mi_sebenzi	AdvPre_NPrePre4_BPre4_NStem	AdvPre_BPre4_NStem	AdvPre_NPrePre4_BPre4_NStem	AdvPre_BPre4_NStem
e_ne_lw_azi	NPre6_AdvPre_BPre11_NStem	LocPre_AdvPre_BPre11_NStem	NPre6_AdvPre_BPre11_NStem	LocPre_AdvPre_BPre11_NStem
eli_na_bile_ko	RelConc5_VRoot_Perf_RelSuf	RelConc5_AdvPre_NStem_RelSuf	RelConc5_VRoot_Perf_RelSuf	RelConc5_AdvPre_NStem_RelSuf
,	Punc	Punc	Punc	Punc
u_ku_b_a	Conj	NPrePre15_BPre15_VRoot_VerbTerm	Conj	NPrePre15_BPre15_VRoot_VerbTerm
s_e_duze	PossConc7_LocPre_NStem	PossConc7_LocPre_NStem	PossConc7_LocPre_NStem	PossConc7_LocPre_NStem
na_ma_makethe	AdvPre_BPre6_NStem	AdvPre_BPre6_NStem	AdvPre_BPre6_NStem	AdvPre_BPre6_NStem
w_e__Afrika	PossConc6_LocPre_ProperName	PossConc3_LocPre_ProperName	PossConc6_LocPre_ProperName	PossConc6_LocPre_ProperName
a_khul_a	SC6_VRoot_VerbTerm	SC6_VRoot_VerbTerm	SC6_VRoot_VerbTerm	SC6_VRoot_VerbTerm
ngo_ku_rhaba	AdvPre_OC15_Intrans_VerbTerm	AdvPre_BPre15_NStem	AdvPre_OC15_Intrans_VerbTerm	AdvPre_BPre15_NStem
,	Punc	Punc	Punc	Punc
a_ma_yunivesithi	NPrePre6_BPre6_NStem	NPrePre6_BPre6_NStem	NPrePre6_BPre6_NStem	NPrePre6_BPre6_NStem
we_khwalithi	PossConc1a_NStem	PossConc5_NStem	PossConc1a_NStem	PossConc5_NStem
e_phezulu	LocPre_Adv	LocPre_Adv	LocPre_Adv	LocPre_Adv
ka_nye	AdvPre_AdjStem	AdvPre_AdjStem	AdvPre_AdjStem	AdvPre_AdjStem
ne_koro	AdvPre_BPre5_NStem	AdvPre_NStem	AdvPre_BPre5_NStem	AdvPre_NStem
e_khiqiz_a_ko	RelConc9_VRoot_VerbTerm_RelSuf	RelConc9_VRoot_VerbTerm_RelSuf	RelConc9_VRoot_VerbTerm_RelSuf	RelConc9_VRoot_VerbTerm_RelSuf
ye_ze_limo	PossConc9_PossConc8_NStem	PossConc9_PossConc8_NStem	PossConc9_PossConc8_NStem	PossConc9_PossConc8_NStem
ye_si_khathi	PossConc9_NPrePre7_BPre7_NStem	PossConc9_BPre7_NStem	PossConc9_NPrePre7_BPre7_NStem	PossConc9_BPre7_NStem
sa_nje	SC7_Adv	SC7_Adv	SC7_Adv	SC7_Adv
.	Punc	Punc	Punc	Punc
Be_godu	PossConc14_NStem	PossConc14_NStem	PossConc14_NStem	PossConc14_NStem
i_Sewula	NPrePre4_NStem	NPrePre4_NStem	NPrePre4_NStem	NPrePre4_NStem
Afrika	ProperName	ProperName	ProperName	ProperName
i_n_a_ma_khampani	NPrePre8_BPre8_BPre6_NStem	NPrePre8_BPre8_NPrePre6_BPre6_NStem	NPrePre8_BPre8_BPre6_NStem	NPrePre8_BPre8_NPrePre6_BPre6_NStem
a_ba_rholi	NPrePre2_BPre2_NStem	NPrePre2_BPre2_NStem	NPrePre2_BPre2_NStem	NPrePre2_BPre2_NStem
e_phas_ini	LocPre_NStem_LocSuf	LocPre_NStem_LocSuf	LocPre_NStem_LocSuf	LocPre_NStem_LocSuf
lo_ke	QuantConc11_QuantStem	QuantConc11_QuantStem	QuantConc11_QuantStem	QuantConc11_QuantStem
e_enkorw_eni	LocPre_BPre9_NStem_LocSuf	LocPre_NStem_LocSuf	LocPre_BPre9_NStem_LocSuf	LocPre_NStem_LocSuf
ezi_njenge_koro	NPre6_AdvPre_NStem	RelConc8_AdvPre_NStem	NPre6_AdvPre_NStem	RelConc8_AdvPre_NStem
yo_kw_akha	PossConc9_NPrePre15_BPre15_VRoot_VerbTerm	PossConc4_BPre15_NStem	PossConc9_NPrePre15_BPre15_VRoot_VerbTerm	PossConc9_BPre15_NStem
i_z_akhiwo	NPrePre8_BPre8_NStem	NPrePre4_BPre4_NStem	NPrePre8_BPre8_NStem	NPrePre4_BPre4_NStem
zo_m_phakathi	PossConc10_NPrePre3_BPre3_NStem	PossConc10_BPre3_NStem	PossConc10_NPrePre3_BPre3_NStem	PossConc10_BPre3_NStem
.	Punc	Punc	Punc	Punc
I_lw_azi	SC9_OC11_VRoot_VerbTerm	BPre9_BPre11_NStem	SC9_OC11_VRoot_VerbTerm	BPre9_BPre11_NStem
_	Punc		Punc	
i_si_bonelo	NPrePre7_BPre7_NStem	NPrePre7_BPre7_NStem	NPrePre7_BPre7_NStem	NPrePre7_BPre7_NStem
,	Punc	Punc	Punc	Punc
u_m_khandlu	NPrePre3_BPre3_NStem	NPrePre3_BPre3_NStem	NPrePre3_BPre3_NStem	NPrePre3_BPre3_NStem
we_khaya	PossConc3_NPrePre5_BPre5_NStem	PossConc3_NStem	PossConc3_NPrePre5_BPre5_NStem	PossConc3_NStem
awu_ka_vumeleki	NegPre_AdvPre_VRoot_NeutExt_VerbTerm	NegPre_AdvPre_NStem	NegPre_AdvPre_VRoot_NeutExt_VerbTerm	NegPre_AdvPre_NStem
u_ku_nikel_a	NPrePre15_BPre15_VRoot_VerbTerm	NPrePre15_BPre15_VRoot_VerbTerm	NPrePre15_BPre15_VRoot_VerbTerm	NPrePre15_BPre15_VRoot_VerbTerm
u_m_phakathi	NPrePre3_BPre3_NStem	NPrePre3_BPre3_NStem	NPrePre3_BPre3_NStem	NPrePre3_BPre3_NStem
a_ma_minidi	NPrePre6_BPre6_NStem	NPrePre6_BPre6_NStem	NPrePre6_BPre6_NStem	NPrePre6_BPre6_NStem
na_mtjha_na	Conj	AdvPre_NStem_DimSuf	Conj	AdvPre_NStem_DimSuf
a_ma_bhajedi	NPrePre6_BPre6_NStem	NPrePre6_BPre6_NStem	NPrePre6_BPre6_NStem	NPrePre6_BPre6_NStem
na_mtjha_na	Conj	AdvPre_NStem_DimSuf	Conj	AdvPre_NStem_DimSuf
i_mi_biko	NPrePre4_BPre4_NStem	NPrePre4_BPre4_NStem	NPrePre4_BPre4_NStem	NPrePre4_BPre4_NStem
ye_e_mali	PossConc4_LocPre_NStem	PossConc4_LocPre_NStem	PossConc4_LocPre_NStem	PossConc4_LocPre_NStem
ka_nye	AdvPre_AdjStem	AdvPre_AdjStem	AdvPre_AdjStem	AdvPre_AdjStem
ne_mi_nye	AdvPre_AdjPref4_AdjStem	AdvPre_BPre4_EnumStem	AdvPre_AdjPref4_AdjStem	AdvPre_BPre4_AdjStem
i_mi_tlolo	NPrePre4_BPre4_NStem	NPrePre4_BPre4_NStem	NPrePre4_BPre4_NStem	NPrePre4_BPre4_NStem
e_tholakal_a_ko	RelConc4_VRoot_VerbTerm_RelSuf	RelConc9_VRoot_VerbTerm_RelSuf	RelConc4_VRoot_VerbTerm_RelSuf	RelConc9_VRoot_VerbTerm_RelSuf
e_m_phakath_ini	LocPre_NPrePre3_BPre3_NStem_LocSuf	LocPre_BPre3_NStem_LocSuf	LocPre_NPrePre3_BPre3_NStem_LocSuf	LocPre_BPre3_NStem_LocSuf
.	Punc	Punc	Punc	Punc
Nga_lokho	AdvPre_Dem15_Pos2	AdvPre	AdvPre_Dem15_Pos2	AdvPre
no_m_phakathi	AdvPre_NPrePre3_BPre3_NStem	AdvPre_BPre3_NStem	AdvPre_NPrePre3_BPre3_NStem	AdvPre_BPre3_NStem
awu_kw_azi	NegPre_OC15_VRoot_VerbTerm	NegPre_BPre15_NStem	NegPre_OC15_VRoot_VerbTerm	NegPre_BPre15_NStem
u_kw_enz_a	NPre15_BPre15_VRoot_VerbTerm	NPrePre15_BPre15_VRoot_VerbTerm	NPre15_BPre15_VRoot_VerbTerm	NPrePre15_BPre15_VRoot_VerbTerm
i_in_qunto	NPrePre8_BPre8_NStem	NPrePre4_BPre8_NStem	NPrePre8_BPre8_NStem	NPrePre4_BPre4_NStem
ezi_hlelekile_ko	RelConc8_VRoot_Perf_RelSuf	RelConc8_NStem_RelSuf	RelConc8_VRoot_Perf_RelSuf	RelConc8_NStem_RelSuf
bo_nyana	BPre2_NStem	BPre2_NStem	BPre2_NStem	BPre2_NStem
ngi_li_phi	SC5_EnumConc5_EnumStem	SC5_EnumConc5_EnumStem	SC5_EnumConc5_EnumStem	SC5_EnumConc5_EnumStem
i_si_zo	NPrePre5_NStem	NPrePre7_BPre7_NStem	NPrePre5_NStem	NPrePre7_BPre7_NStem
le_ze_e_mali	PossConc5_PossConc8_NStem	PossConc5_BPre8_LocPre_NStem	PossConc5_PossConc8_NStem	PossConc5_PossConc8_LocPre_NStem
eli_khona	RelConc5_Adv	RelConc5_Adv	RelConc5_Adv	RelConc5_Adv
u_kw_akha	NPrePre15_BPre15_VRoot_VerbTerm	NPrePre15_BPre15_NStem	NPrePre15_BPre15_VRoot_VerbTerm	NPrePre15_BPre15_NStem
u_m_tholapilo	NPrePre3_BPre3_NStem	NPrePre3_BPre3_NStem	NPrePre3_BPre3_NStem	NPrePre3_BPre3_NStem
na_mtjha_na	Conj	AdvPre_NStem_DimSuf	Conj	AdvPre_NStem_DimSuf
i_si_kolo	NPrePre7_BPre7_NStem	NPrePre7_BPre7_NStem	NPrePre7_BPre7_NStem	NPrePre7_BPre7_NStem
.	Punc	Punc	Punc	Punc
Lokha	Conj	Conj	Conj	Conj
na_w_enz_a	AdvPre_OC7_VRoot_VerbTerm	AdvPre_OC3_VRoot_VerbTerm	AdvPre_OC7_VRoot_VerbTerm	AdvPre_OC3_VRoot_VerbTerm
i_si_phakamiso	NPrePre7_BPre7_NStem	NPrePre7_BPre7_NStem	NPrePre7_BPre7_NStem	NPrePre7_BPre7_NStem
u_tjelwa	SC1_VRoot_PassExt_VerbTerm	BPre1_NStem	SC1_VRoot_PassExt_VerbTerm	BPre1_NStem
bon_a	AbsPron2	VRoot_VerbTerm	AbsPron2	VRoot_VerbTerm
i_i_mali	NPrePre4_BPre4_NStem	NPrePre4_BPre4_NStem	NPrePre4_BPre4_NStem	NPrePre4_BPre4_NStem
azikho	NegPre_NStem	NStem	NegPre_NStem	NStem
,	Punc	Punc	Punc	Punc
kodwana	Conj	Conj	Conj	Conj
u_ya_bhal_el_w_a	NPrePre1_Pres_VRoot_PassExt_VerbTerm	NPrePre1a_Pres_VRoot_ApplExt_PassExt_VerbTerm	NPrePre1_Pres_VRoot_PassExt_VerbTerm	SC1a_Pres_VRoot_ApplExt_PassExt_VerbTerm
ku_tjhijila	BPre15_NStem	BPre15_NStem	BPre15_NStem	BPre15_NStem
i_lw_azi	BPre9_BPre11_NStem	BPre9_BPre11_NStem	BPre9_BPre11_NStem	BPre9_BPre11_NStem
ngom_bana	Conj	AdjPref1_AdjStem	Conj	AdjPref1_AdjStem
awu_kghoni	NegPre_VRoot_VerbTerm	NegPre_NStem	NegPre_VRoot_VerbTerm	NegPre_NStem
u_ku_fuman_a	NPrePre15_BPre15_NStem	NPrePre15_BPre15_VRoot_VerbTerm	NPrePre15_BPre15_NStem	NPrePre15_BPre15_VRoot_VerbTerm
i_lw_azi	BPre9_BPre11_NStem	BPre9_BPre11_NStem	BPre9_BPre11_NStem	BPre9_BPre11_NStem
eli_nemb_a_ko	RelConc5_VRoot_VerbTerm_RelSuf	RelConc5_VRoot_VerbTerm_RelSuf	RelConc5_VRoot_VerbTerm_RelSuf	RelConc7_VRoot_VerbTerm_RelSuf
.	Punc	Punc	Punc	Punc
Thath_a	VRoot_VerbTerm	VRoot_VerbTerm	VRoot_VerbTerm	VRoot_VerbTerm
i_im_pendulo	NPrePre10_BPre10_NStem	NPrePre10_BPre10_NStem	NPrePre10_BPre10_NStem	NPrePre10_BPre10_NStem
ezi_buy_a	RelConc10_VRoot_VerbTerm	RelConc10_VRoot_VerbTerm	RelConc10_VRoot_VerbTerm	RelConc10_VRoot_VerbTerm
e_e_n_qhem_eni	RelConc9_LocPre_BPre9_NStem_LocSuf	RelConc9_LocPre_BPre9_NStem_LocSuf	RelConc9_LocPre_BPre9_NStem_LocSuf	RelConc9_LocPre_BPre9_NStem_LocSuf
.	Punc	Punc	Punc	Punc
Layela	VRoot_VerbTerm	NStem	VRoot_VerbTerm	NStem
aba_hlanganyeli	NPre2_BPre2_NStem	RelConc2_NStem	NPre2_BPre2_NStem	RelConc2_NStem
ku__3._3	PossConc15_Num	BPre15_Num_Num	PossConc15_Num	BPre15_Num_Num
e_manothi_ni	LocPre_NStem_LocSuf	LocPre_NStem_LocSuf	LocPre_NStem_LocSuf	LocPre_NStem_LocSuf
we_khoso	PossConc6_LocPre_NStem	PossConc6_NStem	PossConc6_LocPre_NStem	PossConc6_NStem
njenge_si_bonelo	AdvPre_NPrePre7_BPre7_NStem	AdvPre_BPre7_NStem	AdvPre_NPrePre7_BPre7_NStem	AdvPre_BPre7_NStem
esi_phelele_ko	RelConc7_VRoot_VerbTerm_RelSuf	RelConc7_NStem_RelSuf	RelConc7_VRoot_VerbTerm_RelSuf	RelConc7_NStem_RelSuf
.	Punc	Punc	Punc	Punc
I_mi_tlamo	NPrePre4_BPre4_NStem	NPrePre4_BPre4_NStem	NPrePre4_BPre4_NStem	NPrePre4_BPre4_NStem
i_qothelwe	NPrePre4_NStem	NPrePre4_NStem	NPrePre4_NStem	NPrePre4_NStem
khudlwana	Adv_DimSuf	NStem	Adv_DimSuf	Adv
begodu	Conj	Conj	Conj	Conj
i_bonakal_a	SC9_VRoot_VerbTerm	SC9_VRoot_VerbTerm	SC9_VRoot_VerbTerm	SC9_VRoot_VerbTerm
i_ku_fan_el_e	SC4_OC15_VRoot_ApplExt_VerbTerm	SC4_OC15_VRoot_ApplExt_VerbTerm	SC4_OC15_VRoot_ApplExt_VerbTerm	SC4_OC15_VRoot_ApplExt_VerbTerm
u_ku_sebenz_a	NPrePre15_BPre15_VRoot_VerbTerm	NPrePre15_BPre15_VRoot_VerbTerm	NPrePre15_BPre15_VRoot_VerbTerm	NPrePre15_BPre15_VRoot_VerbTerm
nga_ma_tjhejontangi	AdvPre_BPre6_NStem	AdvPre_BPre6_NStem	AdvPre_BPre6_NStem	AdvPre_BPre6_NStem
we_e_n_qhema	PossConc1_LocPre_BPre9_NStem	PossConc3_LocPre_BPre9_NStem	PossConc1_LocPre_BPre9_NStem	PossConc3_LocPre_BPre9_NStem
zo_ke	QuantConc10_QuantStem	QuantConc10_QuantStem	QuantConc10_QuantStem	QuantConc10_QuantStem
,	Punc	Punc	Punc	Punc
ezi_fak_a	RelConc10_VRoot_VerbTerm	RelConc10_VRoot_VerbTerm	RelConc10_VRoot_VerbTerm	RelConc10_VRoot_VerbTerm
hlangan_a	NStem_DimSuf	VRoot_VerbTerm	NStem_DimSuf	VRoot_VerbTerm
lezo	Dem10_Pos2		Dem10_Pos2	
ezi_limal_a	RelConc8_VRoot_VerbTerm	RelConc8_VRoot_VerbTerm	RelConc8_VRoot_VerbTerm	RelConc8_VRoot_VerbTerm
lul_a	NStem	VRoot_VerbTerm	NStem	VRoot_VerbTerm
.	Punc	Punc	Punc	Punc
Ubu_jamo	NPrePre14_BPre14_NStem	NPrePre14_NStem	NPrePre14_BPre14_NStem	NPrePre14_NStem
ba_ma_kghono	PossConc2_BPre6_NStem	PossConc2_BPre6_NStem	PossConc2_BPre6_NStem	PossConc2_BPre6_NStem
e_mi_sebenz_ini	LocPre_NPrePre4_BPre4_NStem_LocSuf	LocPre_BPre4_NStem_LocSuf	LocPre_NPrePre4_BPre4_NStem_LocSuf	LocPre_BPre4_NStem_LocSuf
yo_m_buso	PossConc4_NPrePre3_BPre3_NStem	PossConc4_BPre3_NStem	PossConc4_NPrePre3_BPre3_NStem	PossConc4_BPre3_NStem
bu_vez_a	CopPre_VRoot_VerbTerm	SC14_Intrans_VerbTerm	CopPre_VRoot_VerbTerm	SC14_VRoot_VerbTerm
u_bu_jamo	NPrePre14_BPre14_NStem	NPrePre14_BPre14_NStem	NPrePre14_BPre14_NStem	NPrePre14_BPre14_NStem
ba_kghono	BPre2_NStem	PossConc2_NStem	BPre2_NStem	PossConc2_NStem
be_li_zwe	PossConc2_BPre7_NStem	PossConc2_BPre5_NStem	PossConc2_BPre7_NStem	PossConc14_BPre5_NStem
lo_ke	QuantConc11_QuantStem	QuantConc11_QuantStem	QuantConc11_QuantStem	QuantConc11_QuantStem
.	Punc	Punc	Punc	Punc
Ku_no_ku_tlhayela	BPre15_AdvPre_NPrePre15_BPre15_NStem	LocPre_AdvPre_BPre15_NStem	BPre15_AdvPre_NPrePre15_BPre15_NStem	LocPre_AdvPre_BPre15_NStem
oku_khulu	AdjPref15_AdjStem	AdjPref15_AdjStem	AdjPref15_AdjStem	AdjPref15_AdjStem
kwa_bodorhodere	PossConc1a_LocPre_NStem	PossConc1a_NStem	PossConc1a_LocPre_NStem	PossConc1a_NStem
abaw_az_i_ko	RelConc2_CopPre_NStem_RelSuf	NegPre_VRoot_VerbTerm_RelSuf	RelConc2_CopPre_NStem_RelSuf	NegPre_VRoot_VerbTerm_RelSuf
u_m_sebenzi	NPrePre3_BPre3_NStem	NPrePre3_BPre3_NStem	NPrePre3_BPre3_NStem	NPrePre3_BPre3_NStem
,	Punc	Punc	Punc	Punc
a_bo_sonjiniye_re	NPrePre2_BPre2_NStem	NPrePre2a_BPre2a_NStem_NStem	NPrePre2_BPre2_NStem	NPrePre2a_BPre2a_NStem_NStem
,	Punc	Punc	Punc	Punc
a_bo_sobizelomsebenzi	NPrePre2_BPre2_NStem	NPrePre2_BPre2_NStem	NPrePre2_BPre2_NStem	NPrePre2_BPre2_NStem
be_theknoloji	PossConc2_NStem	PossConc2_NStem	PossConc2_NStem	PossConc2_NStem
ye_lwazi	PossConc4_NStem	PossConc4_NStem	PossConc4_NStem	PossConc4_NStem
,	Punc	Punc	Punc	Punc
a_bo_siyazi	NPrePre2a_BPre2a_NStem	NPrePre2a_BPre2a_NStem	NPrePre2a_BPre2a_NStem	NPrePre2a_BPre2a_NStem
be_sayensi	PossConc14_LocPre_NStem	PossConc14_NStem	PossConc14_LocPre_NStem	PossConc14_NStem
yo_ku_phenya	PossConc9_BPre15_NStem	PossConc4_BPre15_NStem	PossConc9_BPre15_NStem	PossConc4_BPre15_NStem
i_mi_landu	NPrePre4_BPre4_NStem	NPrePre4_BPre4_NStem	NPrePre4_BPre4_NStem	NPrePre4_BPre4_NStem
,	Punc	Punc	Punc	Punc
aba_setjhi	NPrePre2_BPre2_NStem	RelConc2_NStem	NPrePre2_BPre2_NStem	RelConc2_NStem
,	Punc	Punc	Punc	Punc
aba_tlami	NPrePre2_BPre2_NStem	RelConc2_NStem	NPrePre2_BPre2_NStem	RelConc2_NStem
,	Punc	Punc	Punc	Punc
aba_phathi	NPrePre2_BPre2_NStem	RelConc2_NStem	NPrePre2_BPre2_NStem	RelConc2_NStem
be_e_n_cwadi	PossConc2_LocPre_BPre8_NStem	PossConc2_LocPre_BPre9_NStem	PossConc2_LocPre_BPre8_NStem	PossConc2_LocPre_BPre9_NStem
ze_e_mali	PossConc8_LocPre_NStem	PossConc8_LocPre_NStem	PossConc8_LocPre_NStem	PossConc8_LocPre_NStem
,	Punc	Punc	Punc	Punc
abatjhutjhisi	NPrePre2_BPre2_NStem	NStem	NPrePre2_BPre2_NStem	NStem
,	Punc	Punc	Punc	Punc
abe_luleki	NPrePre2_BPre2_NStem	RelConc2_NStem	NPrePre2_BPre2_NStem	RelConc2_NStem
be_kharikhyulamu	PossConc2_NStem	PossConc2_NStem	PossConc2_NStem	PossConc2_NStem
njalonjalo	Adv	Adv	Adv	Adv
.	Punc	Punc	Punc	Punc
Nga_phezu	Adv	AdvPre_Adv	Adv	AdvPre_Adv
kwa_lokho	PossConc15_Dem15_Pos2	PossConc15	PossConc15_Dem15_Pos2	PossConc15
,	Punc	Punc	Punc	Punc
i_kghono	NPrePre4_NStem	NPrePre4_NStem	NPrePre4_NStem	NPrePre4_NStem
lo_ku_phath_a	PossConc5_NPrePre15_BPre15_VRoot_VerbTerm	PossConc5_BPre15_VRoot_VerbTerm	PossConc5_NPrePre15_BPre15_VRoot_VerbTerm	PossConc5_BPre15_VRoot_VerbTerm
lestafu	Dem1_Pos1_NPrePre4_NStem	ProperName	Dem1_Pos1_NPrePre4_NStem	
esi_phethe_ko	RelConc7_NStem_RelSuf	RelConc7_NStem_RelSuf	RelConc7_NStem_RelSuf	RelConc7_NStem_RelSuf
esi_sebenz_a	RelConc7_VRoot_VerbTerm	RelConc7_VRoot_VerbTerm	RelConc7_VRoot_VerbTerm	RelConc7_VRoot_VerbTerm
e_bu_jam_eni	LocPre_SC14_VRoot_VerbTerm_LocSuf	LocPre_BPre14_NStem_LocSuf	LocPre_SC14_VRoot_VerbTerm_LocSuf	LocPre_BPre14_NStem_LocSuf
obu_hlangahlangene_ko	RelConc14_NStem	RelConc14_NStem_RelSuf	RelConc14_NStem	RelConc14_NStem_RelSuf
be_e_n_hlangano	PossConc2_LocPre_BPre9_NStem	PossConc2_LocPre_BPre9_NStem	PossConc2_LocPre_BPre9_NStem	PossConc2_LocPre_BPre9_NStem
,	Punc	Punc	Punc	Punc
be_polotiki	PossConc2_NStem	PossConc2_NStem	PossConc2_NStem	PossConc2_NStem
ne_hlalakuhle	AdvPre_NPre9_NStem	AdvPre_NStem	AdvPre_NPre9_NStem	AdvPre_NStem
li_tlhoga	SC5_VRoot_VerbTerm	NPrePre5_NStem	SC5_VRoot_VerbTerm	NPrePre5_NStem
i_tjhejo	NPrePre4_NStem	NPrePre4_NStem	NPrePre4_NStem	NPrePre4_NStem
eli_khudlwana	RelConc5_NStem	RelConc5_NStem	RelConc5_NStem	RelConc5_NStem
.	Punc	Punc	Punc	Punc
U_ku_rarulul_a	NPrePre15_BPre15_NStem	NPrePre15_BPre15_VRoot_VerbTerm	NPrePre15_BPre15_NStem	NPrePre15_BPre15_VRoot_VerbTerm
u_ku_tlhayela	NPrePre15_BPre15_NStem	NPrePre15_BPre15_NStem	NPrePre15_BPre15_NStem	NPrePre15_BPre15_NStem
kwa_ma_kghono	PossConc15_BPre15_NStem	PossConc15_BPre15_NStem	PossConc15_BPre15_NStem	PossConc15_BPre15_NStem
wo_buthekniki	PossConc1a_BPre14_NStem	PossConc3_NStem	PossConc1a_BPre14_NStem	PossConc3_NStem
no_ku_phath_a	AdvPre_NPrePre15_BPre15_VRoot_VerbTerm	AdvPre_BPre15_VRoot_VerbTerm	AdvPre_NPrePre15_BPre15_VRoot_VerbTerm	AdvPre_BPre15_VRoot_VerbTerm
,	Punc	Punc	Punc	Punc
u_m_buso	NPrePre3_BPre3_NStem	NPrePre3_BPre3_NStem	NPrePre3_BPre3_NStem	NPrePre3_BPre3_NStem
ku_fan_el_e	OC15_VRoot_ApplExt_VerbTerm	OC15_VRoot_ApplExt_VerbTerm	OC15_VRoot_ApplExt_VerbTerm	OC15_VRoot_ApplExt_VerbTerm
u_b_e	SC2_VRoot_VerbTerm	SC2_VRoot_VerbTerm	SC2_VRoot_VerbTerm	SC2_VRoot_VerbTerm
no_m_bono	AdvPre_NStem	AdvPre_BPre3_NStem	AdvPre_NStem	AdvPre_BPre4_NStem
we_si_khathi	PossConc3_NPrePre7_BPre7_NStem	PossConc1_BPre7_NStem	PossConc3_NPrePre7_BPre7_NStem	PossConc3_BPre7_NStem
esi_de	AdjPref7_AdjStem	AdjPref7_AdjStem	AdjPref7_AdjStem	AdjPref7_AdjStem
o_wu_thath_a_ko	RelConc3_OC3_VRoot_VerbTerm_RelSuf	SC3_OC3_VRoot_VerbTerm_RelSuf	RelConc3_OC3_VRoot_VerbTerm_RelSuf	RelConc3_OC3_VRoot_VerbTerm_RelSuf
mayelana	NStem	NStem	NStem	NStem
no_ku_thuthuk_is_a	AdvPre_NPrePre15_BPre15_VRoot_CausExt_VerbTerm	AdvPre_BPre15_VRoot_CausExt_VerbTerm	AdvPre_NPrePre15_BPre15_VRoot_CausExt_VerbTerm	AdvPre_BPre15_VRoot_CausExt_VerbTerm
a_ma_kghono	NPrePre6_BPre6_NStem	NPrePre6_BPre6_NStem	NPrePre6_BPre6_NStem	NPrePre6_BPre6_NStem
o_wa_fun_a_ko	RelConc3_OC3_VRoot_VerbTerm_RelSuf	RelConc3_OC3_VRoot_VerbTerm_RelSuf	RelConc3_OC3_VRoot_VerbTerm_RelSuf	RelConc3_OC3_VRoot_VerbTerm_RelSuf
ngo_ku_gcugcuzela	AdvPre_NPrePre15_BPre15_NStem	AdvPre_BPre15_NStem	AdvPre_NPrePre15_BPre15_NStem	AdvPre_BPre15_NStem
aba_sebenzi	NPrePre2_BPre2_NStem	RelConc2_NStem	NPrePre2_BPre2_NStem	RelConc2_NStem
bo_nyana	BPre2_NStem	BPre2_NStem	BPre2_NStem	BPre2_NStem
ku_b_e	OC15_VRoot_VerbTerm	OC15_VRoot_VerbTerm	OC15_VRoot_VerbTerm	OC15_VRoot_VerbTerm
na_ma_bizelo	AdvPre_NStem	AdvPre_BPre6_NStem	AdvPre_NStem	AdvPre_BPre6_NStem
abawa_landel_a_ko	RelConc2_OC3_VRoot_VerbTerm_RelSuf	RelConc2_VRoot_VerbTerm_RelSuf	RelConc2_OC3_VRoot_VerbTerm_RelSuf	NegPre_VRoot_VerbTerm_RelSuf
e_m_sebenz_ini	LocPre_NPrePre3_BPre3_NStem_LocSuf	LocPre_BPre3_NStem_LocSuf	LocPre_NPrePre3_BPre3_NStem_LocSuf	LocPre_BPre3_NStem_LocSuf
,	Punc	Punc	Punc	Punc
ngo_kw_eluleka	AdvPre_SC15_VRoot_VerbTerm	AdvPre_BPre15_NStem	AdvPre_SC15_VRoot_VerbTerm	AdvPre_BPre15_NStem
aba_sebenzi	NPrePre2_BPre2_NStem	RelConc2_NStem	NPrePre2_BPre2_NStem	RelConc2_NStem
aba_tjha	AdjPref2_AdjStem	RelConc2_AdjStem	AdjPref2_AdjStem	RelConc2_NStem
,	Punc	Punc	Punc	Punc
na_ngo_ku_hlanganyela	AdvPre_Pot_BPre15_NStem	AdvPre_Pot_BPre15_NStem	AdvPre_Pot_BPre15_NStem	AdvPre_Pot_BPre15_NStem
khudlwana	Adv_DimSuf	NStem	Adv_DimSuf	Adv
na_ma_yunivesithi	AdvPre_BPre6_NStem	AdvPre_BPre6_NStem	AdvPre_BPre6_NStem	NegPre_BPre6_NStem
ka_nye	AdvPre_AdjStem	AdvPre_AdjStem	AdvPre_AdjStem	AdvPre_AdjStem
ne_e_n_kolo	AdvPre_LocPre_BPre3_NStem	AdvPre_LocPre_BPre9_NStem	AdvPre_LocPre_BPre3_NStem	AdvPre_LocPre_BPre9_NStem
ze_emfundo	PossConc8_LocPre_BPre3_NStem	PossConc8_NStem	PossConc8_LocPre_BPre3_NStem	PossConc10_NStem
zo_ku_phath_a	PossConc8_NPrePre15_BPre15_VRoot_VerbTerm	PossConc8_BPre15_VRoot_VerbTerm	PossConc8_NPrePre15_BPre15_VRoot_VerbTerm	PossConc8_BPre15_VRoot_VerbTerm
.	Punc	Punc	Punc	Punc
U_m_tlamo	NPrePre1_BPre1_NStem	NPrePre1_BPre1_NStem	NPrePre1_BPre1_NStem	NPrePre1_BPre1_NStem
w_a_mukeleka	PossConc1a_LocPre_NStem	PossConc1a_LocPre_NStem	PossConc1a_LocPre_NStem	PossConc1a_LocPre_NStem
begodu	Conj	Conj	Conj	Conj
u_thembek_a	NPrePre1a_NStem	SC3_VRoot_VerbTerm	NPrePre1a_NStem	SC3_VRoot_VerbTerm
lokha	Conj	Conj	Conj	Conj
nangabe	Conj	Conj	Conj	Conj
i_n_dlela	NPrePre9_BPre9_NStem	NPrePre9_BPre9_NStem	NPrePre9_BPre9_NStem	NPrePre9_BPre9_NStem
yo_ku_wu_phumelelisa	PossConc9_SC15_OC3_VRoot_CausExt_VerbTerm	PossConc4_BPre15_OC3_NStem	PossConc9_SC15_OC3_VRoot_CausExt_VerbTerm	PossConc9_BPre15_OC3_NStem
i_ya_kghonakal_a	NPrePre4_Pres_NStem	NPrePre4_Pres_VRoot_VerbTerm	NPrePre4_Pres_NStem	SC9_Pres_VRoot_VerbTerm
.	Punc	Punc	Punc	Punc
Ku_nengozi	LocPre_AdvPre_NStem	BPre15_NStem	LocPre_AdvPre_NStem	BPre15_NStem
ya_mambala	PossConc1a_NStem	PossConc1a_NStem	PossConc1a_NStem	PossConc1a_NStem
y_o_kobana	PossConc9_LocPre_NStem	PossConc9_LocPre_NStem	PossConc9_LocPre_NStem	PossConc9_LocPre_NStem
i__aj_enda	NPrePre4_NStem	NPrePre4_BPre7_NStem	NPrePre4_NStem	NPrePre4_BPre4_NStem
e_thuthuk_is_a_ko	RelConc9_VRoot_CausExt_VerbTerm_RelSuf	LocPre_VRoot_CausExt_VerbTerm_RelSuf	RelConc9_VRoot_CausExt_VerbTerm_RelSuf	LocPre_VRoot_CausExt_VerbTerm_RelSuf
ye_Sewula	PossConc4_NStem	PossConc4_NStem	PossConc4_NStem	PossConc4_NStem
Afrika	ProperName	ProperName	ProperName	ProperName
i_nga_bhal_el_w_a	SC9_AdvPre_VRoot_ApplExt_PassExt_VerbTerm	SC4_AdvPre_VRoot_ApplExt_PassExt_VerbTerm	SC9_AdvPre_VRoot_ApplExt_PassExt_VerbTerm	SC9_AdvPre_VRoot_ApplExt_PassExt_VerbTerm
ngom_bana	Conj	AdvPre_AdjStem	Conj	AdvPre_NStem
u_m_buso	NPrePre3_BPre3_NStem	NPrePre3_BPre3_NStem	NPrePre3_BPre3_NStem	NPrePre3_BPre3_NStem
awu_kghoni	NegPre_Intrans_VerbTerm	NegPre_NStem	NegPre_Intrans_VerbTerm	NegPre_NStem
u_ku_yi_phumelelisa	NPrePre15_BPre15_Pot_VRoot_CausExt_VerbTerm	NPrePre15_BPre15_CopPre_NStem	NPrePre15_BPre15_Pot_VRoot_CausExt_VerbTerm	NPrePre15_BPre15_CopPre_NStem
.	Punc	Punc	Punc	Punc
I_Komitjhini	NPrePre4_NStem	NPrePre4_NStem	NPrePre4_NStem	NPrePre4_NStem
y_enz_a	SC9_VRoot_VerbTerm	SC9_VRoot_VerbTerm	SC9_VRoot_VerbTerm	SC9_VRoot_VerbTerm
i_im_phakamiso	NPrePre4_BPre10_NStem	NPrePre4_BPre10_NStem	NPrePre4_BPre10_NStem	NPrePre4_BPre10_NStem
ezi_ne_galelo	RelConc8_AdvPre_NPre5_NStem	RelConc8_AdvPre_NStem	RelConc8_AdvPre_NPre5_NStem	RelConc8_AdvPre_NStem
zo_ku_tjhugululwa	PossConc8_BPre15_NStem	PossConc10_BPre15_NStem	PossConc8_BPre15_NStem	PossConc8_BPre15_NStem
kwa_ma_ziko	PossConc15_NPrePre6_BPre6_NStem	PossConc15_BPre6_NStem	PossConc15_NPrePre6_BPre6_NStem	PossConc15_BPre6_NStem
u_ku_lungis_a	NPrePre15_BPre15_VRoot_VerbTerm	NPrePre15_BPre15_VRoot_VerbTerm	NPrePre15_BPre15_VRoot_VerbTerm	NPrePre15_BPre15_VRoot_VerbTerm
u_m_sebenzi	NPrePre3_BPre3_NStem	NPrePre3_BPre3_NStem	NPrePre3_BPre3_NStem	NPrePre3_BPre3_NStem
o_nga_lingani_ko	RelConc3_NStem	RelConc3_NegPre_NStem_RelSuf	RelConc3_NStem	RelConc3_AdvPre_NStem_RelSuf
begodu	Conj	Conj	Conj	Conj
omu_mbi	AdjPref3_AdjStem	AdjPref3_AdjStem	AdjPref3_AdjStem	AdjPref3_AdjStem
wo_m_buso	PossConc3_NPrePre3_BPre3_NStem	PossConc3_BPre3_NStem	PossConc3_NPrePre3_BPre3_NStem	PossConc6_BPre3_NStem
ne_wa_ka_rhulumende	AdvPre_PossKA_NStem	AdvPre_PossConc3_LocPre_NStem	AdvPre_PossKA_NStem	AdvPre_PossConc3_PossKA_NStem
we_khaya	PossConc3_NPrePre5_BPre5_NStem	PossConc3_NStem	PossConc3_NPrePre5_BPre5_NStem	PossConc3_NStem
.	Punc	Punc	Punc	Punc
Ku_zwisis_a	BPre15_NStem	OC15_VRoot_VerbTerm	BPre15_NStem	BPre15_VRoot_VerbTerm
i_in_dlela	NPrePre10_NPre10_NStem	NPrePre10_NPre10_NStem	NPrePre10_NPre10_NStem	NPrePre10_NPre10_NStem
zo_ku_zi_philisa	PossConc10_BPre15_ReflPre_NStem	PossConc8_BPre15_ReflPre_NStem	PossConc10_BPre15_ReflPre_NStem	PossConc8_BPre15_ReflPre_NStem
ze_e_n_qhema	PossConc10_LocPre_BPre9_NStem	PossConc8_LocPre_BPre9_NStem	PossConc10_LocPre_BPre9_NStem	PossConc8_LocPre_BPre9_NStem
ezi_nqoph_ile_ko	RelConc10_VRoot_Perf_RelSuf	RelConc10_VRoot_Perf_RelSuf	RelConc10_VRoot_Perf_RelSuf	RelConc10_VRoot_Perf_RelSuf
ze_hlalakuhle	Pres_NStem	Pres_NStem	Pres_NStem	Pres_NStem
,	Punc	Punc	Punc	Punc
ku_fak_a	BPre15_VRoot_VerbTerm	BPre15_VRoot_VerbTerm	BPre15_VRoot_VerbTerm	BPre15_VRoot_VerbTerm
hlangan_a	NStem_DimSuf	VRoot_VerbTerm	NStem_DimSuf	VRoot_VerbTerm
i_pahla	NPrePre9_NStem	NPrePre9_NStem	NPrePre9_NStem	NPrePre9_NStem
ya_zo	PossConc9_NStem	PossConc9_NStem	PossConc9_NStem	PossConc9_NStem
,	Punc	Punc	Punc	Punc
i_in_tjhijilo	NPrePre8_NPre8_NStem	NPrePre8_NPre8_NStem	NPrePre8_NPre8_NStem	NPrePre8_NPre8_NStem
za_zo	PossConc8_PronStem10	PossConc10_PronStem10	PossConc8_PronStem10	PossConc10_PronStem10
,	Punc	Punc	Punc	Punc
i_mi_phumela	NPrePre4_BPre4_NStem	NPrePre4_BPre4_NStem	NPrePre4_BPre4_NStem	NPrePre4_BPre4_NStem
ya_zo	PossConc9_NStem	PossConc9_NStem	PossConc9_NStem	PossConc9_NStem
e_fun_w_a_ko	SC9_VRoot_PassExt_VerbTerm_RelSuf	RelConc4_VRoot_PassExt_VerbTerm_RelSuf	SC9_VRoot_PassExt_VerbTerm_RelSuf	RelConc4_VRoot_PassExt_VerbTerm_RelSuf
,	Punc	Punc	Punc	Punc
ka_nye	AdvPre_AdjStem	AdvPre_AdjStem	AdvPre_AdjStem	AdvPre_AdjStem
na_ma_thuba	AdvPre_NPrePre6_BPre6_NStem	AdvPre_BPre6_NStem	AdvPre_NPrePre6_BPre6_NStem	AdvPre_BPre6_NStem
a_khona	RelConc6_Adv	RelConc6_Adv	RelConc6_Adv	RelConc6_Adv
.	Punc	Punc	Punc	Punc
U_wu_phumelel_is_e	NPrePre1a_OC3_VRoot_CausExt_VerbTerm	SC1a_OC3_VRoot_CausExt_VerbTerm	NPrePre1a_OC3_VRoot_CausExt_VerbTerm	SC1a_OC3_VRoot_CausExt_VerbTerm
bu_njani	SC14_Adv	SC14_Adv	SC14_Adv	SC14_Adv
u_m_nqopho	NPrePre3_BPre3_NStem	NPrePre3_BPre3_NStem	NPrePre3_BPre3_NStem	NPrePre3_BPre3_NStem
wo_ku_tjhidisa	PossConc3_NPrePre15_BPre15_NStem	PossConc6_BPre15_NStem	PossConc3_NPrePre15_BPre15_NStem	PossConc3_BPre15_NStem
u_m_nganakho	NPrePre1_BPre1_NStem	NPrePre3_BPre3_NStem	NPrePre1_BPre1_NStem	NPrePre3_BPre3_NStem
?	Punc	Punc	Punc	Punc
I_si_gaba	NPrePre7_BPre7_NStem	NPrePre7_BPre7_NStem	NPrePre7_BPre7_NStem	NPrePre7_BPre7_NStem
2	Num	Num	Num	Num
si_thom_a	SC7_VRoot_VerbTerm	SC7_VRoot_VerbTerm	SC7_VRoot_VerbTerm	SC7_VRoot_VerbTerm
ngo_ku_cozulul_a	AdvPre_BPre15_VRoot_VerbTerm	AdvPre_OC15_VRoot_VerbTerm	AdvPre_BPre15_VRoot_VerbTerm	AdvPre_BPre15_VRoot_VerbTerm
no_ku_hlangan_is_a	AdvPre_NPrePre15_BPre15_VRoot_VerbTerm	AdvPre_BPre15_VRoot_CausExt_VerbTerm	AdvPre_NPrePre15_BPre15_VRoot_VerbTerm	AdvPre_BPre15_VRoot_CausExt_VerbTerm
i_dath_a	NPrePre4_NStem	SC4_VRoot_VerbTerm	NPrePre4_NStem	SC9_VRoot_VerbTerm
e_bu_thelel_w_e	RelConc9_SC14_VRoot_PassExt_VerbTerm	RelConc9_SC14_VRoot_PassExt_VerbTerm	RelConc9_SC14_VRoot_PassExt_VerbTerm	RelConc9_SC14_VRoot_PassExt_VerbTerm
e_mi_sebenz_ini	LocPre_NPrePre4_BPre4_NStem_LocSuf	LocPre_BPre4_NStem_LocSuf	LocPre_NPrePre4_BPre4_NStem_LocSuf	LocPre_BPre4_NStem_LocSuf
e_mayelana	RelConc4_NStem	RelConc4_NStem	RelConc4_NStem	RelConc4_NStem
no_ku_mebha	AdvPre_NPrePre15_BPre15_Intrans_VerbTerm	AdvPre_BPre15_NStem	AdvPre_NPrePre15_BPre15_Intrans_VerbTerm	AdvPre_BPre15_NStem
,	Punc	Punc	Punc	Punc
no_m_tletlana	AdvPre_BPre3_NStem	AdvPre_BPre3_NStem	AdvPre_BPre3_NStem	AdvPre_BPre3_NStem
we_ndawana	PossConc1_LocPre_NStem	PossConc1_NStem	PossConc1_LocPre_NStem	PossConc1_NStem
e_yi_sampula	RelConc9_CopPre_NStem	RelConc9_CopPre_NStem	RelConc9_CopPre_NStem	RelConc9_CopPre_NStem
,	Punc	Punc	Punc	Punc
ne_landelaniso	AdvPre_NStem	AdvPre_NStem	AdvPre_NStem	AdvPre_NStem
le_ze_hlakalo	PossConc5_BPre8_NStem	PossConc5_BPre8_NStem	PossConc5_BPre8_NStem	PossConc5_BPre8_NStem
ka_nye	AdvPre_AdjStem	AdvPre_AdjStem	AdvPre_AdjStem	AdvPre_AdjStem
ne_si_qhelo	AdvPre_BPre7_NStem	AdvPre_BPre7_NStem	AdvPre_BPre7_NStem	AdvPre_BPre7_NStem
esi_ragela	SC9_Intrans_VerbTerm	RelConc7_NStem	SC9_Intrans_VerbTerm	RelConc7_NStem
phambili	Adv	Adv	Adv	Adv
.	Punc	Punc	Punc	Punc
Nik_el_a	VRoot_ApplExt_VerbTerm	VRoot_ApplExt_VerbTerm	VRoot_ApplExt_VerbTerm	VRoot_ApplExt_VerbTerm
aba_nye	AdjPref2_AdjStem	AdjPref2_AdjStem	AdjPref2_AdjStem	AdjPref2_AdjStem
i_im_bopho	NPrePre8_BPre8_NStem	NPrePre8_BPre8_NStem	NPrePre8_BPre8_NStem	NPrePre8_BPre8_NStem
zoku_tlol_a	PossConc8_BPre15_VRoot_VerbTerm	Fut_Intrans_VerbTerm	PossConc8_BPre15_VRoot_VerbTerm	Fut_Intrans_VerbTerm
i_in_ga_b_a	NPrePre8_NPre8_NStem	NPrePre10_NPre10_NStem_VRoot_VerbTerm	NPrePre8_NPre8_NStem	NPrePre10_NPre8_Pot_VRoot_VerbTerm
ezi_thize	RelConc8_NStem	RelConc8_NStem	RelConc8_NStem	RelConc8_NStem
ezi_nqoph_ile_ko	RelConc10_VRoot_Perf_RelSuf	RelConc10_VRoot_Perf_RelSuf	RelConc10_VRoot_Perf_RelSuf	RelConc10_VRoot_Perf_RelSuf
.	Punc	Punc	Punc	Punc
Lokhu	Dem15_Pos1		Dem15_Pos1	
ku_thuthuk_is_a	SC15_VRoot_CausExt_VerbTerm	SC15_VRoot_CausExt_VerbTerm	SC15_VRoot_CausExt_VerbTerm	SC15_VRoot_CausExt_VerbTerm
u_bu_nikazi	NPrePre14_BPre14_NStem	NPrePre14_BPre14_NStem	NPrePre14_BPre14_NStem	NPrePre14_BPre14_NStem
begodu	Conj	Conj	Conj	Conj
ku_qinis_ek_is_a	SC15_VRoot_NeutExt_CausExt_VerbTerm	SC5_VRoot_NeutExt_CausExt_VerbTerm	SC15_VRoot_NeutExt_CausExt_VerbTerm	SC5_VRoot_NeutExt_CausExt_VerbTerm
u_kw_enz_iw_a	NPrePre15_BPre15_VRoot_PassExt_VerbTerm	NPrePre15_BPre15_VRoot_PassExt_VerbTerm	NPrePre15_BPre15_VRoot_PassExt_VerbTerm	NPrePre15_BPre15_VRoot_PassExt_VerbTerm
ko_m_sebenzi	PossConc15_NPrePre3_BPre3_NStem	PossConc15_BPre3_NStem	PossConc15_NPrePre3_BPre3_NStem	PossConc15_BPre3_NStem
nge_fanelo	AdvPre_NStem	NegPre_NStem	AdvPre_NStem	NegPre_NStem
.	Punc	Punc	Punc	Punc
B_o_bani	PossConc2a_LocPre_NStem	PossConc2a_LocPre_NStem	PossConc2a_LocPre_NStem	PossConc2a_LocPre_NStem
aba_ne_kghono	RelConc2_AdvPre_NStem	RelConc2_AdvPre_NStem	RelConc2_AdvPre_NStem	RelConc2_AdvPre_NStem
lo_ku_fuman_a	RelConc15_VRoot_VerbTerm	PossConc5_BPre15_VRoot_VerbTerm	RelConc15_VRoot_VerbTerm	PossConc5_BPre15_VRoot_VerbTerm
i_ntlabagelo	NPrePre8_BPre8_NStem	NPrePre4_NStem	NPrePre8_BPre8_NStem	NPrePre9_NStem
ze_Komidi	Pres_NStem	Pres_NStem	Pres_NStem	Pres_NStem
ye_Wadi	PossConc4_NStem	PossConc4_NStem	PossConc4_NStem	PossConc4_NStem
i_sib	Abbr	NPrePre5_NStem	Abbr	NPrePre5_NStem
.	Punc	Punc	Punc	Punc
e_zoku_Thutha	PossConc8_BPre15_VRoot_VerbTerm	RelConc4_Fut_NStem	PossConc8_BPre15_VRoot_VerbTerm	RelConc4_Fut_NStem
na	Interrog	Interrog	Interrog	Interrog
?	Punc	Punc	Punc	Punc
A_ma_Khomphyutha	NPrePre6_BPre6_NStem	NPrePre6_BPre6_NStem	NPrePre6_BPre6_NStem	NPrePre6_BPre6_NStem
?	Punc	Punc	Punc	Punc
I_mi_tato	NPrePre4_BPre4_NStem	NPrePre4_BPre4_NStem	NPrePre4_BPre4_NStem	NPrePre4_BPre4_NStem
?	Punc	Punc	Punc	Punc
U_ku_thint_an_a	NPrePre15_BPre15_VRoot_RecipExt_VerbTerm	NPrePre15_BPre15_VRoot_RecipExt_VerbTerm	NPrePre15_BPre15_VRoot_RecipExt_VerbTerm	NPrePre15_BPre15_VRoot_RecipExt_VerbTerm
na_ba_dosiphambili	AdvPre_BPre2a_NStem	AdvPre_BPre2_NStem	AdvPre_BPre2a_NStem	AdvPre_BPre2_NStem
kwe_ze_polotiki	PossConc15_PossConc8_NStem	PossConc15_PossConc8_NStem	PossConc15_PossConc8_NStem	PossConc15_PossConc8_NStem
?	Punc	Punc	Punc	Punc
U_ku_thint_an_a	NPrePre15_BPre15_VRoot_RecipExt_VerbTerm	NPrePre15_BPre15_VRoot_RecipExt_VerbTerm	NPrePre15_BPre15_VRoot_RecipExt_VerbTerm	NPrePre15_BPre15_VRoot_RecipExt_VerbTerm
na_be_e_ndaba	AdvPre_NStem	AdvPre_PossConc2_LocPre_NStem	AdvPre_NStem	AdvPre_PossConc2_LocPre_NStem
?	Punc	Punc	Punc	Punc
Ecozululw_eni	RelConc9_NStem_LocSuf	NStem_LocSuf	RelConc9_NStem_LocSuf	NStem_LocSuf
la_ngobu_nengi	AdvPre_AdvPre_AdjPref14_AdjStem	AdvPre_AdjPref14_AdjStem	AdvPre_AdvPre_AdjPref14_AdjStem	AdvPre_AdvPre_AdjStem
i_im_balobalo	NPrePre8_BPre3_NStem	NPrePre4_BPre4_NStem	NPrePre8_BPre3_NStem	NPrePre4_BPre4_NStem
zi_ya_setjenziswa	BPre10_Pres_NStem	BPre8_Pres_NStem	BPre10_Pres_NStem	BPre8_Pres_NStem
e_ku_rhunyezweni	LocPre_BPre15_NStem	LocPre_BPre15_NStem	LocPre_BPre15_NStem	LocPre_BPre15_NStem
kwe_mi_niningw_a	PossConc15_NPrePre4_NStem	PossConc15_BPre4_Intrans_VerbTerm	PossConc15_NPrePre4_NStem	PossConc15_BPre4_Intrans_VerbTerm
e_ku_bon_eni	LocPre_BPre15_NStem	LocPre_BPre15_NStem_LocSuf	LocPre_BPre15_NStem	LocPre_BPre15_NStem_LocSuf
i_tjhebiswano	NPrePre5_NStem	NPrePre4_NStem	NPrePre5_NStem	NPrePre4_NStem
,	Punc	Punc	Punc	Punc
i_sebenz_is_a	SC5_VRoot_CausExt_VerbTerm	SC9_VRoot_CausExt_VerbTerm	SC5_VRoot_CausExt_VerbTerm	SC9_VRoot_CausExt_VerbTerm
i_n_dlela	NPrePre9_BPre9_NStem	NPrePre9_BPre9_NStem	NPrePre9_BPre9_NStem	NPrePre9_BPre9_NStem
yo_ku_hlungela	PossConc9_BPre15_NStem	PossConc9_BPre15_NStem	PossConc9_BPre15_NStem	PossConc9_BPre15_NStem
i_kghono	NPrePre5_NStem	NPrePre4_NStem	NPrePre5_NStem	NPrePre4_NStem
lo_ku_sebenz_a	PossConc5_NPrePre15_BPre15_VRoot_VerbTerm	PossConc5_BPre15_VRoot_VerbTerm	PossConc5_NPrePre15_BPre15_VRoot_VerbTerm	PossConc5_BPre15_VRoot_VerbTerm
no_ku_rarulul_a	AdvPre_OC4_Intrans_VerbTerm	AdvPre_BPre15_VRoot_VerbTerm	AdvPre_OC4_Intrans_VerbTerm	AdvPre_BPre15_VRoot_VerbTerm
i_mi_raro	NPrePre4_BPre4_NStem	NPrePre4_BPre4_NStem	NPrePre4_BPre4_NStem	NPrePre4_BPre4_NStem
.	Punc	Punc	Punc	Punc
Ecozululw_eni	RelConc9_NStem_LocSuf	NStem_LocSuf	RelConc9_NStem_LocSuf	NStem_LocSuf
le_mi_niningwana	AdvPre_NPrePre4_BPre4_NStem	PossConc5_BPre4_NStem	AdvPre_NPrePre4_BPre4_NStem	PossConc5_BPre4_NStem
yangobu_nengi	PossConc4_LocPre_AdvPre_BPre14_AdjStem	AdjPref14_AdjStem	PossConc4_LocPre_AdvPre_BPre14_AdjStem	AdjPref1_AdjStem
i_n_dlela	NPrePre9_BPre9_NStem	NPrePre9_BPre9_NStem	NPrePre9_BPre9_NStem	NPrePre9_BPre9_NStem
ye_kghono	PossConc9_NStem	PossConc4_NStem	PossConc9_NStem	PossConc4_NStem
loku_dosa	RelConc5_NStem	RelConc15_NStem	RelConc5_NStem	RelConc15_NStem
u_mu_ntu	NPrePre1_BPre1_NStem	NPrePre1_BPre1_NStem	NPrePre1_BPre1_NStem	NPrePre1_BPre1_NStem
bo_nyana	BPre2_NStem	BPre2_NStem	BPre2_NStem	BPre2_NStem
oku_thile_ko	RelConc15_NStem_RelSuf	RelConc15_NStem_RelSuf	RelConc15_NStem_RelSuf	RelConc15_NStem_RelSuf
ku_ya_setjenziswa	BPre15_Pres_VRoot_CausExt_PassExt_VerbTerm	BPre15_Pres_NStem	BPre15_Pres_VRoot_CausExt_PassExt_VerbTerm	BPre15_Pres_NStem
.	Punc	Punc	Punc	Punc
I_n_dlela	NPrePre9_BPre9_NStem	NPrePre9_BPre9_NStem	NPrePre9_BPre9_NStem	NPrePre9_BPre9_NStem
yo_ku_dosa	PossConc9_BPre15_NStem	PossConc9_BPre15_NStem	PossConc9_BPre15_NStem	PossConc9_BPre15_NStem
u_mu_ntu	NPrePre1_BPre1_NStem	NPrePre1_BPre1_NStem	NPrePre1_BPre1_NStem	NPrePre1_BPre1_NStem
enz_e	VRoot_VerbTerm	VRoot_VerbTerm	VRoot_VerbTerm	VRoot_VerbTerm
oku_thile_ko	RelConc15_NStem_RelSuf	RelConc15_NStem_RelSuf	RelConc15_NStem_RelSuf	RelConc15_NStem_RelSuf
i_ragela	BPre9_NStem	NPrePre4_NStem	BPre9_NStem	NPrePre4_NStem
phambili	Adv	Adv	Adv	Adv
u_ku_suk_a	NPrePre15_BPre15_NStem	NPrePre15_BPre15_VRoot_VerbTerm	NPrePre15_BPre15_NStem	NPrePre15_BPre15_VRoot_VerbTerm
ko_ku_nqoph_ile_ko	RelConc15_BPre15_VRoot_Perf_RelSuf	PossConc15_BPre15_VRoot_Perf_RelSuf	RelConc15_BPre15_VRoot_Perf_RelSuf	PossConc15_BPre15_VRoot_Perf_RelSuf
u_ku_y_a	NPrePre15_BPre15_VRoot_VerbTerm	NPrePre15_BPre15_VRoot_VerbTerm	NPrePre15_BPre15_VRoot_VerbTerm	NPrePre15_BPre15_VRoot_VerbTerm
ko_ku_vamile_ko__	RelConc15_OC15_VRoot_VerbTerm_RelSuf	PossConc15_BPre15_NStem_RelSuf	RelConc15_OC15_VRoot_VerbTerm_RelSuf	PossConc15_BPre15_NStem_RelSuf
u_ku_tjho	NPrePre15_BPre15_VRoot_VerbTerm	NPrePre15_BPre15_NStem	NPrePre15_BPre15_VRoot_VerbTerm	NPrePre15_BPre15_NStem
bo_nyana	BPre2_NStem	BPre2_NStem	BPre2_NStem	BPre2_NStem
u_ku_suk_a	NPrePre15_BPre15_NStem	NPrePre15_BPre15_VRoot_VerbTerm	NPrePre15_BPre15_NStem	SC2_BPre15_VRoot_VerbTerm
ezi_n_tw_eni	RelConc8_NStem_LocSuf	RelConc8_BPre10_NStem_LocSuf	RelConc8_NStem_LocSuf	RelConc8_BPre10_NStem_LocSuf
ezi_mbalw_a	RelConc10_RelStem	RelConc10_VRoot_VerbTerm	RelConc10_RelStem	RelConc10_VRoot_VerbTerm
ezi_bonwa	RelConc10_VRoot_PassExt_VerbTerm	RelConc10_NStem	RelConc10_VRoot_PassExt_VerbTerm	RelConc8_NStem
u_ku_y_a	NPrePre15_BPre15_VRoot_VerbTerm	NPrePre15_BPre15_VRoot_VerbTerm	NPrePre15_BPre15_VRoot_VerbTerm	NPrePre15_BPre15_VRoot_VerbTerm
ke_ze_si_phetho	PossConc15_RelConc8_NStem	LocPre_PossConc8_BPre7_NStem	PossConc15_RelConc8_NStem	LocPre_BPre8_BPre7_NStem
esi_vam_ile_ko	RelConc7_VRoot_Perf_RelSuf	RelConc7_VRoot_Perf_RelSuf	RelConc7_VRoot_Perf_RelSuf	RelConc7_VRoot_Perf_RelSuf
.	Punc	Punc	Punc	Punc
I_indel_e_ko	NPrePre9_NStem_RelSuf	NPrePre4_VRoot_VerbTerm_RelSuf	NPrePre9_NStem_RelSuf	SC9_VRoot_VerbTerm_RelSuf
zo_ku_zi_bandakany_a	PossConc8_BPre15_ReflPre_VRoot_VerbTerm	PossConc10_BPre15_ReflPre_VRoot_VerbTerm	PossConc8_BPre15_ReflPre_VRoot_VerbTerm	PossConc10_BPre15_ReflPre_VRoot_VerbTerm
_	Punc		Punc	
Lokhu	Dem15_Pos1		Dem15_Pos1	
ku_fak_a	BPre15_VRoot_VerbTerm	BPre15_VRoot_VerbTerm	BPre15_VRoot_VerbTerm	BPre15_VRoot_VerbTerm
hlangan_a	NStem_DimSuf	VRoot_VerbTerm	NStem_DimSuf	VRoot_VerbTerm
i_mi_thombo	NPrePre4_BPre4_NStem	NPrePre4_BPre4_NStem	NPrePre4_BPre4_NStem	NPrePre4_BPre4_NStem
e_be_be_ntu	LocPre_PossConc2_BPre2_NStem	LocPre_BPre2_BPre2_NStem	LocPre_PossConc2_BPre2_NStem	LocPre_PossConc2_BPre2_NStem
,	Punc	Punc	Punc	Punc
i_si_khathi	NPrePre7_BPre7_NStem	NPrePre7_BPre7_NStem	NPrePre7_BPre7_NStem	NPrePre7_BPre7_NStem
ne_e_mali	AdvPre_LocPre_NStem	AdvPre_LocPre_NStem	AdvPre_LocPre_NStem	AdvPre_LocPre_NStem
.	Punc	Punc	Punc	Punc
U_ku_nande	NPrePre15_BPre15_NStem	NPrePre15_BPre15_NStem	NPrePre15_BPre15_NStem	NPrePre15_BPre15_NStem
ku_banj_w_a	OC15_VRoot_PassExt_VerbTerm	SC15_VRoot_PassExt_VerbTerm	OC15_VRoot_PassExt_VerbTerm	SC15_VRoot_PassExt_VerbTerm
i_mi_hlangano	NPrePre4_BPre4_NStem	NPrePre4_BPre4_NStem	NPrePre4_BPre4_NStem	NPrePre4_BPre4_NStem
,	Punc	Punc	Punc	Punc
u_kw_enz_a	NPrePre15_BPre15_VRoot_VerbTerm	NPrePre15_BPre15_VRoot_VerbTerm	NPrePre15_BPre15_VRoot_VerbTerm	NPrePre15_BPre15_VRoot_VerbTerm
i_mi_zamo	NPrePre4_BPre4_NStem	NPrePre4_BPre4_NStem	NPrePre4_BPre4_NStem	NPrePre4_BPre4_NStem
yo_ku_hlangan_a	PossConc4_LocPre_BPre15_NStem_DimSuf	PossConc9_BPre15_VRoot_VerbTerm	PossConc4_LocPre_BPre15_NStem_DimSuf	PossConc4_BPre15_VRoot_VerbTerm
na_ba_jameli	AdvPre_BPre2_NStem	AdvPre_BPre2_NStem	AdvPre_BPre2_NStem	AdvPre_BPre2_NStem
be_mi_phakathi	PossConc14_NPrePre4_BPre4_NStem	PossConc2_BPre4_NStem	PossConc14_NPrePre4_BPre4_NStem	PossConc2_BPre4_NStem
begodu	Conj	Conj	Conj	Conj
no_ku_khulum_a	AdvPre_NPrePre15_BPre15_VRoot_VerbTerm	AdvPre_BPre15_VRoot_VerbTerm	AdvPre_NPrePre15_BPre15_VRoot_VerbTerm	AdvPre_BPre15_VRoot_VerbTerm
na_ma_lunga	AdvPre_NPrePre6_BPre6_NStem	AdvPre_BPre6_NStem	AdvPre_NPrePre6_BPre6_NStem	AdvPre_BPre6_NStem
wo_m_phakathi	PossConc3_NPrePre3_BPre3_NStem	PossConc3_BPre3_NStem	PossConc3_NPrePre3_BPre3_NStem	PossConc3_BPre3_NStem
u_ku_zwa	NPrePre15_BPre15_NStem	NPrePre15_BPre15_NStem	NPrePre15_BPre15_NStem	NPrePre15_BPre15_NStem
i_i_n_dingo	NPrePre8_NPrePre8_BPre8_NStem	NPrePre8_NPrePre8_BPre8_NStem	NPrePre8_NPrePre8_BPre8_NStem	NPrePre8_NPrePre8_BPre8_NStem
za_bo	PossConc10_PronStem2	PossConc10_PronStem2	PossConc10_PronStem2	PossConc10_PronStem2
ne_e_n_daba	AdvPre_LocPre_BPre9_NStem	AdvPre_LocPre_BPre9_NStem	AdvPre_LocPre_BPre9_NStem	AdvPre_LocPre_BPre9_NStem
zi_thath_a	BPre10_NStem	SC10_VRoot_VerbTerm	BPre10_NStem	Pres_VRoot_VerbTerm
i_si_khathi	NPrePre7_BPre7_NStem	NPrePre7_BPre7_NStem	NPrePre7_BPre7_NStem	NPrePre7_BPre7_NStem
.	Punc	Punc	Punc	Punc
A_ma_lunga	NPrePre6_BPre6_NStem	NPrePre6_BPre6_NStem	NPrePre6_BPre6_NStem	NPrePre6_BPre6_NStem
a_ma_nengi	AdjPref6_AdjStem	NPrePre6_BPre6_NStem	AdjPref6_AdjStem	NPrePre6_BPre6_NStem
wa_ma_Komidi	PossConc3_NPrePre6_BPre6_NStem	PossConc1a_BPre6_NStem	PossConc3_NPrePre6_BPre6_NStem	PossConc6_BPre6_NStem
wa_maWadi	PossConc3_LocPre_BPre6_NStem	PossConc6_NStem	PossConc3_LocPre_BPre6_NStem	PossConc6_NStem
na_ma_lunga	AdvPre_NPrePre6_BPre6_NStem	AdvPre_BPre6_NStem	AdvPre_NPrePre6_BPre6_NStem	AdvPre_BPre6_NStem
we_mi_khandlu	PossConc1_LocPre_BPre4_NStem	PossConc6_BPre4_NStem	PossConc1_LocPre_BPre4_NStem	PossConc6_BPre4_NStem
ka_nengi	AdvPre_AdjStem	AdvPre_AdjStem	AdvPre_AdjStem	AdvPre_AdjStem
ku_fan_el_e	OC15_VRoot_ApplExt_VerbTerm	OC15_VRoot_ApplExt_VerbTerm	OC15_VRoot_ApplExt_VerbTerm	OC15_VRoot_ApplExt_VerbTerm
b_enz_e	OC2_VRoot_VerbTerm	SC2_VRoot_VerbTerm	OC2_VRoot_VerbTerm	SC2_VRoot_VerbTerm
i_si_khathi	NPrePre7_BPre7_NStem	NPrePre7_BPre7_NStem	NPrePre7_BPre7_NStem	NPrePre7_BPre7_NStem
nge_mva	AdvPre_Adv	AdvPre_Adv	AdvPre_Adv	AdvPre_Adv
kwe_si_khathi	PossConc15_NPrePre7_BPre7_NStem	PossConc15_BPre7_NStem	PossConc15_NPrePre7_BPre7_NStem	PossConc15_BPre7_NStem
sa_bo	PossConc7_PronStem2	PossConc7_PronStem2	PossConc7_PronStem2	PossConc7_PronStem2
so_m_sebenzi	PossConc7_NPrePre3_BPre3_NStem	PossConc7_BPre3_NStem	PossConc7_NPrePre3_BPre3_NStem	PossConc7_BPre3_NStem
.	Punc	Punc	Punc	Punc
A_ma_lunga	NPrePre6_BPre6_NStem	NPrePre6_BPre6_NStem	NPrePre6_BPre6_NStem	NPrePre6_BPre6_NStem
we_Komidi	PossConc1_LocPre_NStem	PossConc1_NStem	PossConc1_LocPre_NStem	PossConc1_NStem
ye_Wadi	PossConc4_NStem	PossConc4_NStem	PossConc4_NStem	PossConc4_NStem
ku_ng_enz_ek_a	SC15_Pot_VRoot_NeutExt_VerbTerm	SC15_Pot_VRoot_NeutExt_VerbTerm	SC15_Pot_VRoot_NeutExt_VerbTerm	SC15_Pot_VRoot_NeutExt_VerbTerm
ba_tjhej_e	CopPre_VRoot_VerbTerm	SC2_Intrans_VerbTerm	CopPre_VRoot_VerbTerm	CopPre_VRoot_VerbTerm
u_ku_sekel_a	NPrePre15_BPre15_VRoot_VerbTerm	NPrePre15_BPre15_VRoot_VerbTerm	NPrePre15_BPre15_VRoot_VerbTerm	NPrePre15_BPre15_VRoot_VerbTerm
mayelana	NStem	NStem	NStem	NStem
no_ku_fak_a	AdvPre_NPrePre15_BPre15_VRoot_VerbTerm	AdvPre_BPre15_VRoot_VerbTerm	AdvPre_NPrePre15_BPre15_VRoot_VerbTerm	AdvPre_BPre15_VRoot_VerbTerm
hlangan_a	NStem_DimSuf	VRoot_VerbTerm	NStem_DimSuf	VRoot_VerbTerm
a_ma_hlelo	NPrePre6_BPre6_NStem	NPrePre6_BPre6_NStem	NPrePre6_BPre6_NStem	NPrePre6_BPre6_NStem
a_siz_a_ko	RelConc6_NStem_RelSuf	RelConc6_VRoot_VerbTerm_RelSuf	RelConc6_NStem_RelSuf	SC6_VRoot_VerbTerm_RelSuf
ku__I_DP	BPre15_Abbr	BPre15_NPrePre4_Abbr	BPre15_Abbr	BPre15_NPrePre9_Abbr
nany_an_a	BPre5_NStem_DimSuf	VRoot_RecipExt_VerbTerm	BPre5_NStem_DimSuf	VRoot_RecipExt_VerbTerm
a_ma_nye	AdjPref6_AdjStem	NPrePre6_AdjPref6_AdjStem	AdjPref6_AdjStem	NPrePre6_BPre6_AdjStem
a_ma_bhajedi	NPrePre6_BPre6_NStem	NPrePre6_BPre6_NStem	NPrePre6_BPre6_NStem	NPrePre6_BPre6_NStem
.	Punc	Punc	Punc	Punc
Ku_banj_w_a	SC15_VRoot_PassExt_VerbTerm	SC15_VRoot_PassExt_VerbTerm	SC15_VRoot_PassExt_VerbTerm	OC15_VRoot_PassExt_VerbTerm
u_m_hlangano	NPrePre3_BPre3_NStem	NPrePre3_BPre3_NStem	NPrePre3_BPre3_NStem	NPrePre3_BPre3_NStem
we_si_qhema	PossConc3_BPre7_NStem	PossConc3_BPre7_NStem	PossConc3_BPre7_NStem	PossConc3_BPre7_NStem
o_thath_a	SC3_VRoot_VerbTerm	RelConc3_VRoot_VerbTerm	SC3_VRoot_VerbTerm	RelConc3_VRoot_VerbTerm
a_ma__i_ri	NPrePre6_BPre6_NStem	NPrePre6_BPre6_BPre6_NStem	NPrePre6_BPre6_NStem	NPrePre6_BPre6_BPre6_NStem
a_ma_bili	AdjPref6_AdjStem	NPrePre6_BPre6_NStem	AdjPref6_AdjStem	NPrePre6_BPre6_NStem
wa_bakghonakalisi	PossConc1a_NStem	PossConc1a_NStem	PossConc1a_NStem	PossConc1a_NStem
be__C_BP	PossConc2_Abbr	PossConc2_Abbr_Abbr	PossConc2_Abbr	PossConc2_Abbr_Abbr
,	Punc	Punc	Punc	Punc
a_ma_lunga	NPrePre6_BPre6_NStem	NPrePre6_BPre6_NStem	NPrePre6_BPre6_NStem	NPrePre6_BPre6_NStem
we_Komidi	PossConc1_LocPre_NStem	PossConc1_NStem	PossConc1_LocPre_NStem	PossConc1_NStem
ye_Wadi	PossConc4_NStem	PossConc4_NStem	PossConc4_NStem	PossConc4_NStem
ka_nye	AdvPre_AdjStem	AdvPre_AdjStem	AdvPre_AdjStem	AdvPre_AdjStem
ne_e_n_qhema	AdvPre_LocPre_BPre3_NStem	AdvPre_LocPre_BPre3_NStem	AdvPre_LocPre_BPre3_NStem	AdvPre_LocPre_BPre3_NStem
ezi_sebenz_a_ko	RelConc8_VRoot_VerbTerm_RelSuf	RelConc8_VRoot_VerbTerm_RelSuf	RelConc8_VRoot_VerbTerm_RelSuf	RelConc10_VRoot_VerbTerm_RelSuf
ma_lunga_na	BPre6_NStem_DimSuf	BPre6_NStem_DimSuf	BPre6_NStem_DimSuf	BPre6_NStem_DimSuf
no_m_nqopho	AdvPre_BPre3_NStem	AdvPre_BPre3_NStem	AdvPre_BPre3_NStem	AdvPre_BPre3_NStem
omu_nye	AdjPref1_AdjStem	AdjPref1_AdjStem	AdjPref1_AdjStem	AdjPref1_AdjStem
n_omu_nye	AdvPre_AdjPref1_AdjStem	AdvPre_AdjPref1_AdjStem	AdvPre_AdjPref1_AdjStem	AdvPre_AdjPref1_AdjStem
.	Punc	Punc	Punc	Punc
E_mi_nyak_eni	LocPre_NPrePre4_BPre4_NStem_LocSuf	LocPre_BPre4_NStem_LocSuf	LocPre_NPrePre4_BPre4_NStem_LocSuf	LocPre_BPre4_NStem_LocSuf
e_mi_hlanu	PossConc6_NPrePre4_BPre4_NStem	PossConc6_BPre4_NStem	PossConc6_NPrePre4_BPre4_NStem	PossConc6_BPre4_NStem
e_gadungile_ko	LocPre_NStem	LocPre_NStem_RelSuf	LocPre_NStem	LocPre_NStem_RelSuf
,	Punc	Punc	Punc	Punc
i_pahla	NPrePre9_NStem	NPrePre9_NStem	NPrePre9_NStem	NPrePre9_NStem
ye_Sewula	PossConc4_NStem	PossConc4_NStem	PossConc4_NStem	PossConc4_NStem
Afrika	ProperName	ProperName	ProperName	ProperName
e_thunyel_w_a	RelConc4_VRoot_ApplExt_PassExt_VerbTerm	LocPre_VRoot_PassExt_VerbTerm	RelConc4_VRoot_ApplExt_PassExt_VerbTerm	RelConc4_Intrans_PassExt_VerbTerm
e_ma_zwe_ni	LocPre_BPre6_NStem_LocSuf	LocPre_BPre6_NStem_LocSuf	LocPre_BPre6_NStem_LocSuf	LocPre_NPrePre6_NStem_LocSuf
wa_nga_phandle	SC1_AdvPre_Adv	SC1_AdvPre_Adv	SC1_AdvPre_Adv	SC1_AdvPre_Adv
a_na_ma_rherho	RelConc6_AdvPre_BPre6_NStem	RelConc6_AdvPre_BPre6_NStem	RelConc6_AdvPre_BPre6_NStem	RelConc6_AdvPre_BPre6_NStem
a_thuthuk_ile_ko	SC6_VRoot_Perf_RelSuf	SC6_VRoot_Perf_RelSuf	SC6_VRoot_Perf_RelSuf	SC6_VRoot_Perf_RelSuf
we_zomnotho	PossConc6_NStem	PossConc6_NStem	PossConc6_NStem	PossConc6_NStem
ye_hlile	PossConc4_NStem	PossConc4_NStem	PossConc4_NStem	PossConc9_NStem
ngom_bana	Conj	AdvPre_AdjStem	Conj	AdvPre_NStem
ku_ne_funeko	BPre15_AdvPre_NStem	BPre15_AdvPre_NStem	BPre15_AdvPre_NStem	LocPre_AdvPre_NStem
e_phasi	LocPre_NStem	LocPre_NStem	LocPre_NStem	LocPre_NStem
ya_yo	PossConc9_PronStem9	PossConc9_PronStem9	PossConc9_PronStem9	PossConc9_PronStem9
.	Punc	Punc	Punc	Punc
U_kwe_hlokhu	NPrePre15_BPre15_NStem	NPrePre15_BPre15_NStem	NPrePre15_BPre15_NStem	NPrePre15_BPre15_NStem
a_zang_e	RelConc6_VRoot_VerbTerm	RelConc6_VRoot_VerbTerm	RelConc6_VRoot_VerbTerm	RelConc6_VRoot_VerbTerm
ku_si_khinyabeze	BPre15_NStem	BPre15_BPre7_NStem	BPre15_NStem	BPre15_BPre7_NStem
ka_ngako	AdvPre_NStem	AdvPre_NStem	AdvPre_NStem	AdvPre_NStem
ngom_bana	Conj	AdvPre_AdjStem	Conj	AdjPref1_AdjStem
ku_b_e	SC15_VRoot_VerbTerm	OC15_VRoot_VerbTerm	SC15_VRoot_VerbTerm	OC15_VRoot_VerbTerm
ne_funeko	AdvPre_NStem	AdvPre_NStem	AdvPre_NStem	AdvPre_NStem
e_nge_ziwe_ko	LocPre_Pot_NStem	LocPre_AdvPre_NStem_RelSuf	LocPre_Pot_NStem	LocPre_AdvPre_NStem_RelSuf
y_o_kobana	PossConc9_LocPre_NStem	PossConc9_LocPre_NStem	PossConc9_LocPre_NStem	PossConc9_LocPre_NStem
ku_thunyelwe	BPre15_NStem	BPre15_NStem	BPre15_NStem	BPre15_NStem
i_pahla	NPrePre9_NStem	NPrePre9_NStem	NPrePre9_NStem	NPrePre9_NStem
e__As_ia	LocPre_ProperName	LocPre_NeutExt_NStem	LocPre_ProperName	LocPre_NegPre_NStem
begodu	PossConc14_NStem	Conj	PossConc14_NStem	Conj
i_pahla	NPrePre9_NStem	NPrePre9_NStem	NPrePre9_NStem	NPrePre9_NStem
leyo	Dem9_Pos2		Dem9_Pos2	
i_thengis_w_e	NPrePre4_NStem	SC4_VRoot_PassExt_VerbTerm	NPrePre4_NStem	SC4_VRoot_PassExt_VerbTerm
nge_e_n_tengo	AdvPre_LocPre_BPre3_NStem	AdvPre_LocPre_BPre3_NStem	AdvPre_LocPre_BPre3_NStem	AdvPre_LocPre_BPre3_NStem
ezi_phezulu	RelConc10_NStem	RelConc10_NStem	RelConc10_NStem	RelConc8_NStem
.	Punc	Punc	Punc	Punc
Nany_an_a	BPre5_NStem_DimSuf	VRoot_RecipExt_VerbTerm	BPre5_NStem_DimSuf	VRoot_RecipExt_VerbTerm
i_Sewula	NPrePre4_NStem	NPrePre4_NStem	NPrePre4_NStem	NPrePre4_NStem
Afrika	ProperName	ProperName	ProperName	ProperName
i_b_e	SC4_VRoot_VerbTerm	SC4_VRoot_VerbTerm	SC4_VRoot_VerbTerm	SC4_VRoot_VerbTerm
ne_si_linganiso	AdvPre_NPrePre7_BPre7_NStem	AdvPre_BPre7_NStem	AdvPre_NPrePre7_BPre7_NStem	AdvPre_BPre7_NStem
esi_hle	AdjPref7_AdjStem	AdjPref7_AdjStem	AdjPref7_AdjStem	AdjPref7_AdjStem
ne_si_bonakal_a_ko	AdvPre_BPre7_NStem_RelSuf	AdvPre_BPre7_VRoot_VerbTerm_RelSuf	AdvPre_BPre7_NStem_RelSuf	AdvPre_SC7_VRoot_VerbTerm_RelSuf
kwe_zoku_rhwebelana	BPre5_Fut_NStem	PossConc15_Fut_NStem	BPre5_Fut_NStem	PossConc15_Fut_NStem
,	Punc	Punc	Punc	Punc
nge_nca	AdvPre_NPrePre9_BPre9_NStem	AdvPre_NStem	AdvPre_NPrePre9_BPre9_NStem	AdvPre_NStem
ye_e_n_tengo	PossConc9_LocPre_BPre9_NStem	PossConc9_LocPre_BPre9_NStem	PossConc9_LocPre_BPre9_NStem	PossConc9_LocPre_BPre9_NStem
ezi_phezulu	RelConc10_NStem	RelConc8_NStem	RelConc10_NStem	RelConc8_NStem
zo_ku_thengis_w_a	Pres_BPre15_NStem	PossConc10_BPre15_VRoot_PassExt_VerbTerm	Pres_BPre15_NStem	PossConc10_BPre15_VRoot_PassExt_VerbTerm
kw_epahla	SC15_Intrans_VerbTerm	PossConc15_NStem	SC15_Intrans_VerbTerm	PossConc15_NStem
,	Punc	Punc	Punc	Punc
kodwana	Conj	Conj	Conj	Conj
i_n_to	NPrePre9_BPre9_NStem	NPrePre9_BPre9_NStem	NPrePre9_BPre9_NStem	NPrePre9_BPre9_NStem
e_sa_tshweny_a_ko	LocPre_Intrans_NeutExt_VerbTerm	LocPre_Pres_Intrans_VerbTerm_RelSuf	LocPre_Intrans_NeutExt_VerbTerm	RelConc9_Pro_Intrans_VerbTerm_RelSuf
nge_yo_kobana	AdvPre_NStem	AdvPre_Pres_NStem	AdvPre_NStem	AdvPre_Pres_NStem
i_ngeniso	NPrePre9_NStem	NPrePre9_NStem	NPrePre9_NStem	NPrePre9_NStem
e_phezulu	LocPre_Adv	LocPre_Adv	LocPre_Adv	LocPre_Adv
ye_pahla	PossConc9_NStem	PossConc9_NStem	PossConc9_NStem	PossConc9_NStem
e_thunyel_w_a	RelConc4_VRoot_ApplExt_PassExt_VerbTerm	RelConc9_VRoot_PassExt_VerbTerm	RelConc4_VRoot_ApplExt_PassExt_VerbTerm	RelConc4_Intrans_PassExt_VerbTerm
e_ma_zwe_ni	LocPre_BPre6_NStem_LocSuf	LocPre_NPrePre6_NStem_LocSuf	LocPre_BPre6_NStem_LocSuf	LocPre_BPre6_NStem_LocSuf
wa_nga_phandle	SC1_AdvPre_Adv	SC1_AdvPre_Adv	SC1_AdvPre_Adv	SC1_AdvPre_Adv
lapha	Dem16_Pos1		Dem16_Pos1	
ku_sebenz_a	BPre15_VRoot_VerbTerm	SC15_VRoot_VerbTerm	BPre15_VRoot_VerbTerm	SC15_VRoot_VerbTerm
khona	PronStem15_PronSuf	Adv	PronStem15_PronSuf	Conj
i_nengi	AdjPref9_AdjStem	AdjPref9_AdjStem	AdjPref9_AdjStem	AdjPref9_AdjStem
la_ba_ntu	PossConc5_NPrePre2_BPre2_NStem	PossConc5_BPre2_NStem	PossConc5_NPrePre2_BPre2_NStem	PossConc5_BPre2_NStem
ye_hlile	PossConc4_NStem	PossConc9_NStem	PossConc4_NStem	PossConc9_NStem
.	Punc	Punc	Punc	Punc
U_kw_elapha	NPrePre1a_PossConc15_NStem	NPrePre15_BPre15_NStem	NPrePre1a_PossConc15_NStem	NPrePre15_BPre15_NStem
_u_m_khandlu	NPrePre3_BPre3_NStem	NPrePre3_BPre3_NStem	NPrePre3_BPre3_NStem	NPrePre3_BPre3_NStem
zi_thath_w_a	BPre8_NStem	SC8_VRoot_PassExt_VerbTerm	BPre8_NStem	SC8_VRoot_PassExt_VerbTerm
nga_phandle	AdvPre_Adv	AdvPre_Adv	AdvPre_Adv	AdvPre_Adv
kwe_mi_bono	PossConc15_NStem	PossConc15_BPre4_NStem	PossConc15_NStem	PossConc15_BPre4_NStem
e_buy_a	RelConc9_VRoot_VerbTerm	RelConc9_VRoot_VerbTerm	RelConc9_VRoot_VerbTerm	RelConc9_VRoot_VerbTerm
e_m_phakath_ini	LocPre_NPrePre3_BPre3_NStem_LocSuf	LocPre_BPre3_NStem_LocSuf	LocPre_NPrePre3_BPre3_NStem_LocSuf	LocPre_BPre3_NStem_LocSuf
begodu	Conj	Conj	Conj	Conj
zi_fak_a	SC10_VRoot_VerbTerm	SC10_VRoot_VerbTerm	SC10_VRoot_VerbTerm	SC10_VRoot_VerbTerm
hlangan_a	NStem_DimSuf	VRoot_VerbTerm	NStem_DimSuf	VRoot_VerbTerm
i_im_emezelo	NPrePre4_BPre4_NStem	NPrePre8_BPre10_NStem	NPrePre4_BPre4_NStem	NPrePre4_BPre4_NStem
za_lokho	Pres_NStem	PossConc8	Pres_NStem	PossConc8
o_kw_enzekile_ko	RelConc3_PossConc15_NStem	RelConc5_BPre15_NStem_RelSuf	RelConc3_PossConc15_NStem	RelConc2_BPre15_NStem_RelSuf
nany_an_a	BPre5_NStem_DimSuf	VRoot_RecipExt_VerbTerm	BPre5_NStem_DimSuf	VRoot_RecipExt_VerbTerm
oku_zo_kw_enz_ek_a	RelConc15_Fut_BPre15_VRoot_ApplExt_VerbTerm	RelConc15_Fut_BPre15_VRoot_NeutExt_VerbTerm	RelConc15_Fut_BPre15_VRoot_ApplExt_VerbTerm	RelConc15_Fut_BPre15_VRoot_NeutExt_VerbTerm
.	Punc	Punc	Punc	Punc
I_komidi	NPrePre4_NStem	NPrePre4_NStem	NPrePre4_NStem	NPrePre4_NStem
ye_Wadi	PossConc4_NStem	PossConc4_NStem	PossConc4_NStem	PossConc4_NStem
i_banj_w_e	SC9_VRoot_PassExt_VerbTerm	SC9_VRoot_PassExt_VerbTerm	SC9_VRoot_PassExt_VerbTerm	SC4_VRoot_PassExt_VerbTerm
ba_jameli	BPre2_NStem	BPre2_NStem	BPre2_NStem	BPre2_NStem
bo_m_phakathi	PossConc2_NPrePre3_BPre3_NStem	PossConc2_BPre3_NStem	PossConc2_NPrePre3_BPre3_NStem	PossConc2_BPre3_NStem
e_wad_ini	LocPre_NStem_LocSuf	LocPre_NStem_LocSuf	LocPre_NStem_LocSuf	LocPre_NStem_LocSuf
ka_masipala	PossKA_NStem	PossKA_NStem	PossKA_NStem	PossKA_NStem
we_ndawo	PossConc1_NPrePre9_BPre9_NStem	PossConc1_NStem	PossConc1_NPrePre9_BPre9_NStem	PossConc1_NStem
nany_an_a	Conj	VRoot_RecipExt_VerbTerm	Conj	VRoot_RecipExt_VerbTerm
hlangan_a	VRoot_VerbTerm	VRoot_VerbTerm	VRoot_VerbTerm	VRoot_VerbTerm
ne_ndawo	AdvPre_NPrePre9_BPre9_NStem	AdvPre_NStem	AdvPre_NPrePre9_BPre9_NStem	AdvPre_NStem
nany_an_a	Conj	VRoot_RecipExt_VerbTerm	Conj	VRoot_RecipExt_VerbTerm
ne_dorobho	AdvPre_NStem	AdvPre_NStem	AdvPre_NStem	AdvPre_NStem
la_ka_masipala	PossConc5_LocPre_NStem	PossConc5_LocPre_NStem	PossConc5_LocPre_NStem	PossConc5_LocPre_NStem
.	Punc	Punc	Punc	Punc
Bama_komidi	BPre2_BPre6_NStem	PossConc2_NStem	BPre2_BPre6_NStem	PossConc2_NStem
ayelel_is_a_ko	RelConc4_VRoot_VerbTerm_RelSuf	VRoot_CausExt_VerbTerm_RelSuf	RelConc4_VRoot_VerbTerm_RelSuf	VRoot_CausExt_VerbTerm_RelSuf
a_ng_enz_a	SC1_Pot_VRoot_VerbTerm	SC6_Pot_VRoot_VerbTerm	SC1_Pot_VRoot_VerbTerm	SC6_Pot_VRoot_VerbTerm
i_im_phakamiso	NPrePre8_BPre8_NStem	NPrePre4_BPre10_NStem	NPrePre8_BPre8_NStem	NPrePre4_BPre10_NStem
mayelana	NStem	NStem	NStem	NStem
n_e_nye	AdvPre_AdjPref9_AdjStem	AdvPre_AdjPref9_AdjStem	AdvPre_AdjPref9_AdjStem	AdvPre_AdjPref9_AdjStem
n_e_nye	AdvPre_AdjPref9_AdjStem	AdvPre_AdjPref9_AdjStem	AdvPre_AdjPref9_AdjStem	AdvPre_AdjPref9_AdjStem
n_e_nye	AdvPre_AdjPref9_AdjStem	AdvPre_AdjPref9_AdjStem	AdvPre_AdjPref9_AdjStem	AdvPre_AdjPref9_AdjStem
i_n_to	NPrePre9_BPre9_NStem	NPrePre9_BPre9_NStem	NPrePre9_BPre9_NStem	NPrePre9_BPre9_NStem
e_thint_a	RelConc9_VRoot_VerbTerm	RelConc4_VRoot_VerbTerm	RelConc9_VRoot_VerbTerm	RelConc4_VRoot_VerbTerm
i_wadi	NPrePre5_NStem	NPrePre4_NStem	NPrePre5_NStem	NPrePre4_NStem
.	Punc	Punc	Punc	Punc
Ba_bek_el_w_e	SC2_VRoot_VerbTerm	SC2_VRoot_ApplExt_PassExt_VerbTerm	SC2_VRoot_VerbTerm	SC2_VRoot_ApplExt_PassExt_VerbTerm
ukobana	Conj	Conj	Conj	Conj
ba_ngezelel_e	SC2_Intrans_VerbTerm	SC2_Intrans_VerbTerm	SC2_Intrans_VerbTerm	SC2_Intrans_VerbTerm
u_ku_zi_bandakany_a	NPrePre15_BPre15_OC10_VRoot_VerbTerm	NPrePre15_BPre15_OC10_VRoot_VerbTerm	NPrePre15_BPre15_OC10_VRoot_VerbTerm	NPrePre15_BPre15_OC10_VRoot_VerbTerm
kwe_z_akhamuzi	PossConc15_BPre8_NStem	PossConc15_BPre8_NStem	PossConc15_BPre8_NStem	PossConc15_BPre8_NStem
e_wadinazo	BPre8_NStem	LocPre_NStem	BPre8_NStem	NPre6_NStem
ngo_ku_thath_a	AdvPre_OC15_VRoot_VerbTerm	AdvPre_BPre15_VRoot_VerbTerm	AdvPre_OC15_VRoot_VerbTerm	AdvPre_BPre15_VRoot_VerbTerm
i_in_qunto	NPrePre8_BPre8_NStem	NPrePre4_BPre4_NStem	NPrePre8_BPre8_NStem	NPrePre4_BPre4_NStem
ngo_kwe_demokhrasi	AdvPre_NPrePre15_BPre15_NStem	AdvPre_BPre15_NStem	AdvPre_NPrePre15_BPre15_NStem	AdvPre_BPre15_NStem
u_kuze	Conj	BPre1a_NStem	Conj	BPre3_NStem
ba_kghone	BPre2_NStem	BPre2_NStem	BPre2_NStem	BPre2_NStem
u_ku_vez_a	NPrePre15_BPre15_VRoot_VerbTerm	NPrePre15_BPre15_VRoot_VerbTerm	NPrePre15_BPre15_VRoot_VerbTerm	NPrePre15_BPre15_VRoot_VerbTerm
ya_bo	PossConc9_PronStem2	PossConc9_PronStem2	PossConc9_PronStem2	PossConc9_PronStem2
i_mi_bono	NPrePre4_BPre4_NStem	NPrePre4_BPre4_NStem	NPrePre4_BPre4_NStem	NPrePre4_BPre4_NStem
nge_zin_to	AdvPre_NPrePre10_BPre10_NStem	AdvPre_BPre10_NStem	AdvPre_NPrePre10_BPre10_NStem	AdvPre_BPre10_NStem
ezi_thint_a	RelConc10_VRoot_VerbTerm	RelConc8_VRoot_VerbTerm	RelConc10_VRoot_VerbTerm	RelConc8_VRoot_VerbTerm
a_ma_philwabo	NPrePre6_BPre6_NStem	NPrePre6_BPre6_NStem	NPrePre6_BPre6_NStem	NPrePre6_BPre6_NStem
wa_nga_ma_langa	BPre6_AdvPre_NPrePre6_BPre6_NStem	PossConc3_AdvPre_BPre6_NStem	BPre6_AdvPre_NPrePre6_BPre6_NStem	PossConc3_AdvPre_BPre6_NStem
.	Punc	Punc	Punc	Punc
Ki_lesi_si_gaba	PossConc15_Dem7_Pos1_BPre7_NStem	PossConc9_BPre7_NStem	PossConc15_Dem7_Pos1_BPre7_NStem	PossConc9_BPre7_NStem
u_m_lamuli	NPrePre3_BPre3_NStem	NPrePre1_BPre1_NStem	NPrePre3_BPre3_NStem	NPrePre1_BPre1_NStem
u_mema	SC1_VRoot_VerbTerm	NPrePre1a_NStem	SC1_VRoot_VerbTerm	NPrePre1a_NStem
i_in_qhema	NPrePre8_NPre8_NStem	NPrePre8_NPre8_NStem	NPrePre8_NPre8_NStem	NPrePre8_NPre8_NStem
e_za_hlukahlukene_ko	RelConc8_NStem_RelSuf	LocPre_Pres_NStem_RelSuf	RelConc8_NStem_RelSuf	LocPre_Pres_NStem_RelSuf
ze_e_n_qhema	PossConc8_LocPre_BPre9_NStem	PossConc8_LocPre_BPre9_NStem	PossConc8_LocPre_BPre9_NStem	PossConc8_LocPre_BPre9_NStem
ezi_ne_kareko	RelConc8_AdvPre_NStem	RelConc8_AdvPre_NStem	RelConc8_AdvPre_NStem	RelConc8_AdvPre_NStem
u_ku_nikel_a	NPrePre15_BPre15_VRoot_VerbTerm	NPrePre15_BPre15_VRoot_VerbTerm	NPrePre15_BPre15_VRoot_VerbTerm	NPrePre15_BPre15_VRoot_VerbTerm
i_hlangothi	NPrePre9_NStem	NPrePre9_NStem	NPrePre9_NStem	NPrePre9_NStem
le_ndabazo	PossConc3_NStem	PossConc5_NStem	PossConc3_NStem	PossConc5_NStem
.	Punc	Punc	Punc	Punc
Be_godu	PossConc14_NStem	PossConc14_NStem	PossConc14_NStem	PossConc14_NStem
i_si_qhema	NPrePre7_BPre7_NStem	NPrePre7_BPre7_NStem	NPrePre7_BPre7_NStem	NPrePre7_BPre7_NStem
so_ku_kghonakalisa	PossConc7_NPrePre15_BPre15_NStem	PossConc7_BPre15_NStem	PossConc7_NPrePre15_BPre15_NStem	PossConc7_BPre15_NStem
ku_fuz_e	OC15_VRoot_VerbTerm	OC15_VRoot_VerbTerm	OC15_VRoot_VerbTerm	OC15_VRoot_VerbTerm
si_fak_e	OC1_VRoot_VerbTerm	OC1_VRoot_VerbTerm	OC1_VRoot_VerbTerm	OC1_VRoot_VerbTerm
hlangan_a	NStem_DimSuf	VRoot_VerbTerm	NStem_DimSuf	VRoot_VerbTerm
a_ma_khansela	NPrePre6_BPre6_NStem	NPrePre6_BPre6_NStem	NPrePre6_BPre6_NStem	NPrePre6_BPre6_NStem
we_ndawo	PossConc1_NPrePre9_BPre9_NStem	PossConc1_NStem	PossConc1_NPrePre9_BPre9_NStem	PossConc1_NStem
,	Punc	Punc	Punc	Punc
a_ma_nye	AdjPref6_AdjStem	NPrePre6_AdjPref6_AdjStem	AdjPref6_AdjStem	NPrePre6_BPre6_AdjStem
a_ma_lunga	NPrePre6_BPre6_NStem	NPrePre6_BPre6_NStem	NPrePre6_BPre6_NStem	NPrePre6_BPre6_NStem
we_Komidi	PossConc1_LocPre_NStem	PossConc1_NStem	PossConc1_LocPre_NStem	PossConc1_NStem
ye_Wadi	PossConc4_NStem	PossConc4_NStem	PossConc4_NStem	PossConc4_NStem
,	Punc	Punc	Punc	Punc
ka_nye	AdvPre_AdjStem	AdvPre_AdjStem	AdvPre_AdjStem	AdvPre_AdjStem
ne_stafu	AdvPre_NStem	AdvPre_NStem	AdvPre_NStem	AdvPre_NStem
so_buthekhiniki	PossConc7_LocPre_NStem	PossConc7_NStem	PossConc7_LocPre_NStem	PossConc7_NStem
esi_nga_siz_a	RelConc7_AdvPre_VRoot_VerbTerm	RelConc7_AdvPre_VRoot_VerbTerm	RelConc7_AdvPre_VRoot_VerbTerm	RelConc7_AdvPre_VRoot_VerbTerm
lokha	Conj	Conj	Conj	Conj
na_ku_tlanyw_a_ko	AdvPre_BPre15_VRoot_VerbTerm_RelSuf	AdvPre_BPre15_VRoot_VerbTerm_RelSuf	AdvPre_BPre15_VRoot_VerbTerm_RelSuf	AdvPre_BPre15_VRoot_VerbTerm_RelSuf
.	Punc	Punc	Punc	Punc
Lokhu	Dem15_Pos1		Dem15_Pos1	
ku_fuz_e	SC15_VRoot_VerbTerm	OC15_VRoot_VerbTerm	SC15_VRoot_VerbTerm	OC15_VRoot_VerbTerm
ku_zwanwe	BPre15_NStem	BPre15_NStem	BPre15_NStem	BPre15_NStem
nga_kho	AdvPre_PronStem15	AdvPre_PronStem15	AdvPre_PronStem15	AdvPre_PronStem15
esi_gabe_ni	RelConc7_NStem_LocSuf	RelConc7_NStem_LocSuf	RelConc7_NStem_LocSuf	RelConc7_NStem_LocSuf
so_ku_tlama	PossConc7_NPrePre15_BPre15_VRoot_VerbTerm	PossConc7_BPre15_NStem	PossConc7_NPrePre15_BPre15_VRoot_VerbTerm	PossConc7_BPre15_NStem
o_kw_andul_el_a_ko	SC3_OC15_VRoot_ApplExt_VerbTerm_RelSuf	SC3_OC15_VRoot_ApplExt_VerbTerm_RelSuf	SC3_OC15_VRoot_ApplExt_VerbTerm_RelSuf	SC3_OC15_VRoot_ApplExt_VerbTerm_RelSuf
begodu	Conj	Conj	Conj	Conj
kwa_mukelwe	PossConc1a_NStem	PossConc15_NStem	PossConc1a_NStem	PossConc15_NStem
e_m_hlanganw_eni	LocPre_NPrePre3_BPre3_NStem_LocSuf	LocPre_BPre3_NStem_LocSuf	LocPre_NPrePre3_BPre3_NStem_LocSuf	LocPre_BPre3_NStem_LocSuf
wo_m_phakathi	PossConc3_NPrePre3_BPre3_NStem	PossConc3_BPre3_NStem	PossConc3_NPrePre3_BPre3_NStem	PossConc3_BPre3_NStem
.	Punc	Punc	Punc	Punc
I_si_qhema	NPrePre7_BPre7_NStem	NPrePre7_BPre7_NStem	NPrePre7_BPre7_NStem	NPrePre7_BPre7_NStem
so_ku_kghonakalisa	PossConc7_NPrePre15_BPre15_NStem	PossConc7_BPre15_NStem	PossConc7_NPrePre15_BPre15_NStem	PossConc7_BPre15_NStem
ku_fuz_e	OC15_VRoot_VerbTerm	OC15_VRoot_VerbTerm	OC15_VRoot_VerbTerm	OC15_VRoot_VerbTerm
si_fak_e	OC1_VRoot_VerbTerm	OC1_VRoot_VerbTerm	OC1_VRoot_VerbTerm	OC1_VRoot_VerbTerm
hlangan_a	NStem_DimSuf	VRoot_VerbTerm	NStem_DimSuf	VRoot_VerbTerm
a_ma_lunga	NPrePre6_BPre6_NStem	NPrePre6_BPre6_NStem	NPrePre6_BPre6_NStem	NPrePre6_BPre6_NStem
a_ma_nengi	AdjPref6_AdjStem	NPrePre6_BPre6_NStem	AdjPref6_AdjStem	NPrePre6_BPre6_NStem
we_Komidi	PossConc1_LocPre_NStem	PossConc1_NStem	PossConc1_LocPre_NStem	PossConc1_NStem
ye_Wadi	PossConc4_NStem	PossConc4_NStem	PossConc4_NStem	PossConc4_NStem
nge_n_dlela	AdvPre_NPrePre9_BPre9_NStem	AdvPre_BPre9_NStem	AdvPre_NPrePre9_BPre9_NStem	AdvPre_BPre9_NStem
e_ku_nga_kghonakal_a	RelConc9_BPre15_AdvPre_NStem	LocPre_BPre15_AdvPre_Intrans_VerbTerm	RelConc9_BPre15_AdvPre_NStem	RelConc9_SC15_AdvPre_Intrans_VerbTerm
nga_yo	AdvPre_PronStem9	AdvPre_PronStem9	AdvPre_PronStem9	AdvPre_PronStem9
.	Punc	Punc	Punc	Punc
U_bu_ncani	NPrePre14_BPre14_NStem	NPrePre14_BPre14_NStem	NPrePre14_BPre14_NStem	NPrePre14_BPre14_NStem
ba_khona	SC14_Adv	SC14_Adv	SC14_Adv	SC14_Adv
a_ma_lunga	NPrePre6_BPre6_NStem	NPrePre6_BPre6_NStem	NPrePre6_BPre6_NStem	NPrePre6_BPre6_NStem
a_ma_thathu	AdjPref6_AdjStem	NPrePre6_BPre6_NStem	AdjPref6_AdjStem	NPrePre6_BPre6_NStem
we_Komidi	PossConc1_LocPre_NStem	PossConc1_NStem	PossConc1_LocPre_NStem	PossConc1_NStem
ye_Wadi	PossConc4_NStem	PossConc4_NStem	PossConc4_NStem	PossConc4_NStem
ku_fuz_e	OC15_VRoot_VerbTerm	OC15_VRoot_VerbTerm	OC15_VRoot_VerbTerm	OC15_VRoot_VerbTerm
a_hlal_e	RelConc6_VRoot_VerbTerm	RelConc6_VRoot_VerbTerm	RelConc6_VRoot_VerbTerm	RelConc6_VRoot_VerbTerm
a_khona	RelConc6_Adv	RelConc6_Adv	RelConc6_Adv	RelConc6_Adv
i_veke	BPre9_NStem	NPrePre9_NStem	BPre9_NStem	NPrePre9_NStem
yo_ke	QuantConc4_QuantStem	QuantConc4_QuantStem	QuantConc4_QuantStem	QuantConc4_QuantStem
yo_ku_tlama	PossConc4_BPre15_NStem	PossConc4_BPre15_NStem	PossConc4_BPre15_NStem	PossConc4_BPre15_NStem
,	Punc	Punc	Punc	Punc
be_s_e	SC2_VRoot_VerbTerm	SC2_VRoot_VerbTerm	SC2_VRoot_VerbTerm	SC2_VRoot_VerbTerm
ku_thi	SC15_VRoot_VerbTerm	BPre15_NStem	SC15_VRoot_VerbTerm	BPre17_NStem
a_ma_nye	AdjPref6_AdjStem	NPrePre6_AdjPref6_AdjStem	AdjPref6_AdjStem	NPrePre6_BPre6_AdjStem
a_hlanganyel_e	SC6_VRoot_VerbTerm	SC6_VRoot_VerbTerm	SC6_VRoot_VerbTerm	SC6_VRoot_VerbTerm
ku_phi	AdjPref15_EnumStem	AdjPref15_EnumStem	AdjPref15_EnumStem	AdjPref15_EnumStem
na_ku_phi	AdvPre_BPre15_EnumStem	AdvPre_LocPre_EnumStem	AdvPre_BPre15_EnumStem	AdvPre_NPrePre15_EnumStem
nangabe	Conj	Conj	Conj	Conj
ku_ya_kghonakal_a	BPre15_Pres_NStem	SC15_Pres_VRoot_VerbTerm	BPre15_Pres_NStem	SC15_Pres_VRoot_VerbTerm
.	Punc	Punc	Punc	Punc
Lokhu	Dem15_Pos1		Dem15_Pos1	
ku_tjho	SC15_VRoot_VerbTerm	BPre15_NStem	SC15_VRoot_VerbTerm	BPre15_NStem
bo_nyana	BPre2_NStem	BPre2_NStem	BPre2_NStem	BPre2_NStem
u_bu_ncani	NPrePre14_BPre14_NStem	NPrePre14_BPre14_NStem	NPrePre14_BPre14_NStem	NPrePre14_BPre14_NStem
ba_khona	SC14_Adv	SC14_Adv	SC14_Adv	SC14_Adv
i_in_qhema	NPrePre8_NPre8_NStem	NPrePre8_NPre8_NStem	NPrePre8_NPre8_NStem	NPrePre8_NPre8_NStem
ezin_tathu	AdjPref10_AdjStem	AdjPref10_AdjStem	AdjPref10_AdjStem	AdjPref10_AdjStem
zi_nga_kghonakaliswa	Pres_NStem	BPre8_AdvPre_NStem	Pres_NStem	BPre10_AdvPre_NStem
nge_si_khathi	AdvPre_NPrePre7_BPre7_NStem	AdvPre_BPre7_NStem	AdvPre_NPrePre7_BPre7_NStem	AdvPre_BPre7_NStem
esi_so_dwa	RelConc7_QuantConc1_QuantStem	RelConc7_QuantConc1_QuantStem	RelConc7_QuantConc1_QuantStem	RelConc7_QuantConc1_QuantStem
.	Punc	Punc	Punc	Punc
E_qinisw_eni	LocPre_NPrePre5_BPre5_NStem_LocSuf	LocPre_NStem_LocSuf	LocPre_NPrePre5_BPre5_NStem_LocSuf	LocPre_NStem_LocSuf
i_si_qhema	NPrePre7_BPre7_NStem	NPrePre7_BPre7_NStem	NPrePre7_BPre7_NStem	NPrePre7_BPre7_NStem
esi_nye	AdjPref7_AdjStem	AdjPref7_AdjStem	AdjPref7_AdjStem	AdjPref7_AdjStem
n_esi_nye	AdvPre_AdjPref7_AdjStem	AdvPre_AdjPref7_AdjStem	AdvPre_AdjPref7_AdjStem	AdvPre_AdjPref7_AdjStem
ku_fuz_e	OC15_VRoot_VerbTerm	OC15_VRoot_VerbTerm	OC15_VRoot_VerbTerm	OC15_VRoot_VerbTerm
si_b_e	SC7_VRoot_VerbTerm	OC1_VRoot_VerbTerm	SC7_VRoot_VerbTerm	OC1_VRoot_VerbTerm
no_m_kghonakalisi	NegPre_NPrePre1_BPre1_NStem	AdvPre_BPre1_NStem	NegPre_NPrePre1_BPre1_NStem	AdvPre_BPre1_NStem
wa_so	PossConc1_PronStem7	PossConc1_PronStem7	PossConc1_PronStem7	PossConc1_PronStem7
ka_nye	AdvPre_AdjStem	AdvPre_AdjStem	AdvPre_AdjStem	AdvPre_AdjStem
n_omu_nye	AdvPre_AdjPref1_AdjStem	AdvPre_AdjPref1_AdjStem	AdvPre_AdjPref1_AdjStem	AdvPre_AdjPref1_AdjStem
u_mu_ntu	NPrePre1_BPre1_NStem	NPrePre1_BPre1_NStem	NPrePre1_BPre1_NStem	NPrePre1_BPre1_NStem
o_zi_nikele_ko	RelConc3_NStem	RelConc3_ReflPre_NStem_RelSuf	RelConc3_NStem	RelConc1_Pres_NStem_RelSuf
e_ku_tlol_e_ni	LocPre_BPre15_NStem_LocSuf	LocPre_BPre15_VRoot_VerbTerm_LocSuf	LocPre_BPre15_NStem_LocSuf	LocPre_BPre15_VRoot_VerbTerm_LocSuf
phasi	Adv	Adv	Adv	Adv
yo_ke	QuantConc4_QuantStem	QuantConc4_QuantStem	QuantConc4_QuantStem	QuantConc4_QuantStem
i_mi_niningwana	NPrePre4_BPre4_NStem_DimSuf	NPrePre4_BPre4_NStem	NPrePre4_BPre4_NStem_DimSuf	NPrePre4_BPre4_NStem
ye_n_dlelakambiso	PossConc4_NStem	PossConc9_BPre9_NStem	PossConc4_NStem	PossConc9_BPre9_NStem
.	Punc	Punc	Punc	Punc
Khuthaza	ProperName	ProperName	ProperName	ProperName
u_ku_hlanganyela	NPrePre15_BPre15_VRoot_VerbTerm	NPrePre15_BPre15_NStem	NPrePre15_BPre15_VRoot_VerbTerm	NPrePre15_BPre15_NStem
ko_m_phakathi	PossConc15_NPrePre3_BPre3_NStem	PossConc15_BPre3_NStem	PossConc15_NPrePre3_BPre3_NStem	PossConc15_BPre3_NStem
nge_n_dlela	AdvPre_NPrePre9_BPre9_NStem	AdvPre_BPre9_NStem	AdvPre_NPrePre9_BPre9_NStem	AdvPre_BPre9_NStem
yo_ku_phikis_an_a	PossConc9_NPrePre15_BPre15_NStem	PossConc9_BPre15_VRoot_RecipExt_VerbTerm	PossConc9_NPrePre15_BPre15_NStem	PossConc9_BPre15_VRoot_RecipExt_VerbTerm
nge_e_n_dlela	AdvPre_LocPre_BPre3_NStem	AdvPre_LocPre_BPre3_NStem	AdvPre_LocPre_BPre3_NStem	AdvPre_LocPre_BPre3_NStem
ezi_fan_ele_ko	RelConc8_VRoot_ApplExt_VerbTerm_RelSuf	RelConc8_VRoot_RelConc5_RelSuf	RelConc8_VRoot_ApplExt_VerbTerm_RelSuf	RelConc8_VRoot_Perf_RelSuf
begodu	Conj	Conj	Conj	Conj
na_ma_riya_dlhana	AdvPre_BPre6_NStem	AdvPre_BPre6_NStem_NStem	AdvPre_BPre6_NStem	AdvPre_BPre6_NStem_NStem
wo_ku_rarulul_a	PossConc3_NPrePre15_BPre15_NStem	PossConc3_BPre15_VRoot_VerbTerm	PossConc3_NPrePre15_BPre15_NStem	PossConc1_BPre15_VRoot_VerbTerm
i_mi_raro	NPrePre4_BPre4_NStem	NPrePre4_BPre4_NStem	NPrePre4_BPre4_NStem	NPrePre4_BPre4_NStem
.	Punc	Punc	Punc	Punc
U_m_lamuli	NPrePre1_BPre1_NStem	NPrePre1_BPre1_NStem	NPrePre1_BPre1_NStem	NPrePre1_BPre1_NStem
a_ka_vumel_e	NegPre_Intrans_VerbTerm	NegCopPre_NegPre_VRoot_VerbTerm	NegPre_Intrans_VerbTerm	SC6_AdvPre_VRoot_VerbTerm
i_si_qhema	NPrePre7_BPre7_NStem	NPrePre7_BPre7_NStem	NPrePre7_BPre7_NStem	NPrePre7_BPre7_NStem
esi_nye	AdjPref7_AdjStem	AdjPref7_AdjStem	AdjPref7_AdjStem	AdjPref7_AdjStem
n_esi_nye	AdvPre_EnumConc7_EnumStem	AdvPre_AdjPref7_AdjStem	AdvPre_EnumConc7_EnumStem	AdvPre_AdjPref7_AdjStem
si_hlathulul_e	SC7_VRoot_VerbTerm	SC7_VRoot_VerbTerm	SC7_VRoot_VerbTerm	SC7_VRoot_VerbTerm
u_bu_jamo	NPrePre14_BPre14_NStem	NPrePre14_BPre14_NStem	NPrePre14_BPre14_NStem	NPrePre14_BPre14_NStem
ba_so	PossConc14_PronStem7	PossConc14_PronStem7	PossConc14_PronStem7	PossConc14_PronStem7
be_s_e	SC2_VRoot_VerbTerm	SC2_VRoot_VerbTerm	SC2_VRoot_VerbTerm	SC2_VRoot_VerbTerm
si_sekel_a	SC7_VRoot_VerbTerm	SC7_VRoot_VerbTerm	SC7_VRoot_VerbTerm	SC7_VRoot_VerbTerm
i_si_bawo	NPrePre7_BPre7_NStem	NPrePre7_BPre7_NStem	NPrePre7_BPre7_NStem	NPrePre7_BPre7_NStem
s_a_so	PossConc7_LocPre_NStem	PossConc7_LocPre_NStem	PossConc7_LocPre_NStem	PossConc7_LocPre_NStem
.	Punc	Punc	Punc	Punc
U_m_lamuli	NPrePre1_BPre1_NStem	NPrePre1_BPre1_NStem	NPrePre1_BPre1_NStem	NPrePre1_BPre1_NStem
u_tlol_a	SC1_VRoot_VerbTerm	SC1a_VRoot_VerbTerm	SC1_VRoot_VerbTerm	SC1a_VRoot_VerbTerm
lo_ke	QuantConc5_QuantStem	QuantConc11_QuantStem	QuantConc5_QuantStem	QuantConc11_QuantStem
i_lw_azi	BPre9_BPre11_NStem	BPre9_BPre11_NStem	BPre9_BPre11_NStem	BPre9_BPre11_NStem
ne_mi_tjhw_ana	AdvPre_NPre4_BPre4_NStem	AdvPre_BPre4_NStem_DimSuf	AdvPre_NPre4_BPre4_NStem	AdvPre_BPre4_NStem_DimSuf
ne_si_qhema	AdvPre_NPrePre7_BPre7_NStem	AdvPre_BPre7_NStem	AdvPre_NPrePre7_BPre7_NStem	AdvPre_BPre7_NStem
esi_nye	AdjPref7_AdjStem	AdjPref7_AdjStem	AdjPref7_AdjStem	AdjPref7_AdjStem
n_esi_nye	AdvPre_EnumConc7_EnumStem	AdvPre_AdjPref7_AdjStem	AdvPre_EnumConc7_EnumStem	AdvPre_AdjPref7_AdjStem
u_ku_qinis_ek_is_a	NPrePre15_BPre15_VRoot_NeutExt_CausExt_VerbTerm	NPrePre15_BPre15_VRoot_NeutExt_CausExt_VerbTerm	NPrePre15_BPre15_VRoot_NeutExt_CausExt_VerbTerm	NPrePre15_BPre15_VRoot_NeutExt_CausExt_VerbTerm
bon_a	AbsPron2	VRoot_VerbTerm	AbsPron2	VRoot_VerbTerm
u_lalel_e	SC1_VRoot_VerbTerm	SC1_VRoot_VerbTerm	SC1_VRoot_VerbTerm	SC1_VRoot_VerbTerm
ngo_ku_cophelela	AdvPre_NPre15_BPre15_NStem	AdvPre_BPre15_NStem	AdvPre_NPre15_BPre15_NStem	AdvPre_BPre15_NStem
.	Punc	Punc	Punc	Punc
Lokhu	Dem15_Pos1		Dem15_Pos1	
ku_zoku_vumela	BPre15_Fut_VRoot_VerbTerm	BPre15_Fut_NStem	BPre15_Fut_VRoot_VerbTerm	BPre15_Fut_NStem
ezi_nye	AdjPref8_AdjStem	AdjPref10_AdjStem	AdjPref8_AdjStem	AdjPref10_AdjStem
i_in_qhema	NPrePre8_NPre8_NStem	NPrePre8_NPre8_NStem	NPrePre8_NPre8_NStem	NPrePre8_NPre8_NStem
zi_cac_is_e	SC8_VRoot_VerbTerm	SC10_VRoot_CausExt_VerbTerm	SC8_VRoot_VerbTerm	SC10_VRoot_CausExt_VerbTerm
a_ma_phuzu	NPrePre6_BPre6_NStem	NPrePre6_BPre6_NStem	NPrePre6_BPre6_NStem	NPrePre6_BPre6_NStem
ezi_nawo	RelConc6_NStem	RelConc8_NStem	RelConc6_NStem	RelConc8_NStem
ng_esi_nye	AdvPre_AdjPref7_AdjStem	AdvPre_AdjPref7_AdjStem	AdvPre_AdjPref7_AdjStem	AdvPre_AdjPref7_AdjStem
i_si_qhema	NPrePre7_BPre7_NStem	NPrePre7_BPre7_NStem	NPrePre7_BPre7_NStem	NPrePre7_BPre7_NStem
.	Punc	Punc	Punc	Punc
U_m_lamuli	NPrePre1_BPre1_NStem	NPrePre1_BPre1_NStem	NPrePre1_BPre1_NStem	NPrePre1_BPre1_NStem
u_rhunyez_a	SC1_VRoot_VerbTerm	SC1_VRoot_VerbTerm	SC1_VRoot_VerbTerm	SC1a_VRoot_VerbTerm
a_ma_jamo	NPrePre6_BPre6_NStem	NPrePre6_BPre6_NStem	NPrePre6_BPre6_NStem	NPrePre6_BPre6_NStem
nga_ma_nye	AdvPre_AdjPref6_AdjStem	AdvPre_AdjPref6_AdjStem	AdvPre_AdjPref6_AdjStem	AdvPre_AdjPref6_AdjStem
nga_ma_nye	AdvPre_AdjPref6_AdjStem	AdvPre_AdjPref6_AdjStem	AdvPre_AdjPref6_AdjStem	AdvPre_AdjPref6_AdjStem
nga_ma_nye	AdvPre_AdjPref6_AdjStem	AdvPre_AdjPref6_AdjStem	AdvPre_AdjPref6_AdjStem	AdvPre_AdjPref6_AdjStem
.	Punc	Punc	Punc	Punc
E_mHlanganw_eni	LocPre_NPrePre3_BPre3_NStem_LocSuf	LocPre_NStem_LocSuf	LocPre_NPrePre3_BPre3_NStem_LocSuf	LocPre_NStem_LocSuf
we_e_nKhulu	PossConc3_LocPre_BPre9_NStem	PossConc6_LocPre_NStem	PossConc3_LocPre_BPre9_NStem	PossConc3_LocPre_NStem
ze_mi_Buso	Pres_BPre4_NStem	PossConc8_BPre4_NStem	Pres_BPre4_NStem	PossConc8_BPre4_NStem
we_Mileniyamu	PossConc3_LocPre_NStem	PossConc1a_NStem	PossConc3_LocPre_NStem	PossConc6_NStem
ku_Khukhulamungu	BPre15_NStem	BPre15_NStem	BPre15_NStem	BPre15_NStem
ngo_m_nyaka	AdvPre_NPrePre3_BPre3_NStem	AdvPre_BPre3_NStem	AdvPre_NPrePre3_BPre3_NStem	AdvPre_BPre3_NStem
ka__2_000	PossKA_Num	PossKA_Num_Num	PossKA_Num	AdvPre_Num_Num
,	Punc	Punc	Punc	Punc
yo_ke	QuantConc4_QuantStem	QuantConc4_QuantStem	QuantConc4_QuantStem	QuantConc4_QuantStem
i_mi_buso	NPrePre4_BPre4_NStem	NPrePre4_BPre4_NStem	NPrePre4_BPre4_NStem	NPrePre4_BPre4_NStem
ya_ma_zwe	PossConc4_NPrePre6_BPre6_NStem	PossConc4_BPre6_NStem	PossConc4_NPrePre6_BPre6_NStem	PossConc9_BPre6_NStem
e_ma_lunga	NPrePre6_BPre6_NStem	NPrePre6_BPre6_NStem	NPrePre6_BPre6_NStem	NPrePre6_BPre6_NStem
we_e_nTjhaba	PossConc1_LocPre_BPre9_NStem	PossConc1_LocPre_NStem	PossConc1_LocPre_BPre9_NStem	PossConc3_LocPre_NStem
ezi_Bumbeneko	RelConc8_NStem_RelSuf	RelConc8_NStem	RelConc8_NStem_RelSuf	RelConc8_NStem
yaqinis_ek_is_a	PossConc4_LocPre_NStem	VRoot_NeutExt_CausExt_VerbTerm	PossConc4_LocPre_NStem	VRoot_NeutExt_CausExt_VerbTerm
ka_bu_tjha	AdvPre_BPre14_NStem	AdvPre_BPre14_NStem	AdvPre_BPre14_NStem	AdvPre_BPre14_NStem
u_ku_sekel_a	NPrePre15_BPre15_VRoot_VerbTerm	NPrePre15_BPre15_VRoot_VerbTerm	NPrePre15_BPre15_VRoot_VerbTerm	NPrePre15_BPre15_VRoot_VerbTerm
no_ku_zi_boph_elela	AdvPre_NPrePre15_BPre15_OC10_VRoot_VerbTerm	AdvPre_BPre15_ReflPre_NStem_NStem	AdvPre_NPrePre15_BPre15_OC10_VRoot_VerbTerm	AdvPre_BPre15_ReflPre_VRoot_IntensExt
kwa_yo	PossConc15_PronStem9	PossConc15_PronStem9	PossConc15_PronStem9	PossConc15_PronStem9
e_ku_qinis_eni	LocPre_NPrePre15_BPre15_VRoot_VerbTerm_LocSuf	LocPre_BPre15_NStem_LocSuf	LocPre_NPrePre15_BPre15_VRoot_VerbTerm_LocSuf	LocPre_BPre15_NStem_LocSuf
i_tuthuko	NPrePre4_NStem	NPrePre4_NStem	NPrePre4_NStem	NPrePre4_NStem
ne_ku_qed_eni	AdvPre_OC9_NStem	AdvPre_BPre15_NStem_LocSuf	AdvPre_OC9_NStem	AdvPre_BPre15_NStem_LocSuf
i_tjhono	NPrePre4_NStem	NPrePre4_NStem	NPrePre4_NStem	NPrePre4_NStem
ngo_kwa_mukel_a	AdvPre_BPre15_VRoot_VerbTerm	AdvPre_BPre15_VRoot_VerbTerm	AdvPre_BPre15_VRoot_VerbTerm	AdvPre_BPre15_VRoot_VerbTerm
i_siMemezelo	NPrePre7_BPre7_NStem	NPrePre4_NStem	NPrePre7_BPre7_NStem	NPrePre7_NStem
se_Mileniyamu	PossConc7_LocPre_NStem	PossConc7_NStem	PossConc7_LocPre_NStem	PossConc7_NStem
.	Punc	Punc	Punc	Punc
I_mi_Nqopho	NPrePre4_BPre4_NStem	NPrePre4_BPre4_NStem	NPrePre4_BPre4_NStem	NPrePre4_BPre4_NStem
yo_ku_Thuthuk_is_a	PossConc9_NPrePre15_BPre15_VRoot_CausExt_VerbTerm	PossConc9_BPre15_VRoot_CausExt_VerbTerm	PossConc9_NPrePre15_BPre15_VRoot_CausExt_VerbTerm	PossConc9_BPre15_VRoot_CausExt_VerbTerm
ye_Mileniyamu	PossConc4_NStem	PossConc4_NStem	PossConc4_NStem	PossConc4_NStem
(	Punc	Punc	Punc	Punc
i__MDGS	NPrePre4_Abbr	NPrePre4_Abbr	NPrePre4_Abbr	NPrePre9_Abbr
)	Punc	Punc	Punc	Punc
i_zi_in_dlela	NPrePre10_BPre10_BPre10_NStem	NPrePre10_BPre10_NPre10_NStem	NPrePre10_BPre10_BPre10_NStem	NPrePre10_BPre10_NPre10_NStem
zo_ku_siz_a	PossConc10_BPre15_NStem	PossConc10_BPre15_VRoot_VerbTerm	PossConc10_BPre15_NStem	PossConc10_BPre15_VRoot_VerbTerm
u_ku_hlangabezana	NPrePre15_BPre15_VRoot_VerbTerm	NPrePre15_BPre15_NStem	NPrePre15_BPre15_VRoot_VerbTerm	NPrePre15_BPre15_NStem
ne_e_m_bopho	AdvPre_LocPre_BPre3_NStem	AdvPre_LocPre_BPre3_NStem	AdvPre_LocPre_BPre3_NStem	AdvPre_LocPre_BPre3_NStem
ze_siMemezelo	PossConc10_BPre7_NStem	PossConc10_NStem	PossConc10_BPre7_NStem	PossConc10_NStem
se_Mileniyamu	PossConc7_LocPre_NStem	PossConc7_NStem	PossConc7_LocPre_NStem	PossConc7_NStem
.	Punc	Punc	Punc	Punc
A_ma_foromu	NPrePre6_BPre6_NStem	NPrePre6_BPre6_NStem	NPrePre6_BPre6_NStem	NPrePre6_BPre6_NStem
e_ma_khasi_ni	LocPre_BPre6_NStem_LocSuf	LocPre_BPre6_NStem_LocSuf	LocPre_BPre6_NStem_LocSuf	LocPre_BPre6_NStem_LocSuf
a_mbalw_a	RelConc6_RelStem	RelConc6_VRoot_VerbTerm	RelConc6_RelStem	RelConc6_Intrans_VerbTerm
a_landel_a_ko	RelConc6_VRoot_VerbTerm_RelSuf	RelConc6_VRoot_VerbTerm_RelSuf	RelConc6_VRoot_VerbTerm_RelSuf	RelConc6_VRoot_VerbTerm_RelSuf
A_yi_n_dlela	NPrePre6_OC4_BPre9_NStem	NPrePre6_CopPre_BPre9_NStem	NPrePre6_OC4_BPre9_NStem	NPrePre6_OC4_BPre9_NStem
A_yi_n_dlela	NPrePre6_OC4_BPre9_NStem	NPrePre6_OC4_BPre9_NStem	NPrePre6_OC4_BPre9_NStem	NPrePre6_OC4_BPre9_NStem
e_hl_e	RelConc9_VRoot_VerbTerm	RelConc9_VRoot_VerbTerm	RelConc9_VRoot_VerbTerm	RelConc9_VRoot_VerbTerm
yo_ku_thom_a	PossConc9_NPrePre15_BPre15_VRoot_VerbTerm	PossConc9_BPre15_VRoot_VerbTerm	PossConc9_NPrePre15_BPre15_VRoot_VerbTerm	PossConc9_BPre15_VRoot_VerbTerm
nangabe	Conj	Conj	Conj	Conj
u_fun_a	SC1_VRoot_VerbTerm	SC1_VRoot_VerbTerm	SC1_VRoot_VerbTerm	SC1_VRoot_VerbTerm
u_kw_enz_a	NPrePre15_BPre15_VRoot_VerbTerm	NPrePre15_BPre15_VRoot_VerbTerm	NPrePre15_BPre15_VRoot_VerbTerm	NPrePre15_BPre15_VRoot_VerbTerm
i_hlolo	NPrePre4_NStem	NPrePre4_NStem	NPrePre4_NStem	NPrePre4_NStem
eli_vam_ile_ko	RelConc5_NStem_RelSuf	RelConc5_VRoot_Perf_RelSuf	RelConc5_NStem_RelSuf	RelConc5_VRoot_Perf_RelSuf
le_endingo	Dem4_Pos1_NStem	NStem	Dem4_Pos1_NStem	NStem
.	Punc	Punc	Punc	Punc
Na_wu_zal_is_a	AdvPre_OC3_VRoot_VerbTerm	AdvPre_OC3_VRoot_CausExt_VerbTerm	AdvPre_OC3_VRoot_VerbTerm	AdvPre_OC3_VRoot_CausExt_VerbTerm
i_foromu	NPrePre4_NStem	NPrePre4_NStem	NPrePre4_NStem	NPrePre4_NStem
u_zaku_thol_a	SC2_Fut_BPre17_VRoot_VerbTerm	SC1_Fut_VRoot_VerbTerm	SC2_Fut_BPre17_VRoot_VerbTerm	NPrePre1a_Fut_VRoot_VerbTerm
u_m_bono	NPrePre3_BPre3_NStem	NPrePre3_BPre3_NStem	NPrePre3_BPre3_NStem	NPrePre3_BPre3_NStem
o_thile_ko	PossConc6_NStem	RelConc1_NStem_RelSuf	PossConc6_NStem	RelConc1_NStem_RelSuf
wo_m_raro	PossConc6_BPre10_NStem	PossConc6_BPre10_NStem	PossConc6_BPre10_NStem	PossConc3_BPre10_NStem
a_bo_mma	NPrePre2a_BPre2a_NStem	NPrePre2a_BPre2a_NStem	NPrePre2a_BPre2a_NStem	NPrePre2a_BPre2a_NStem
aba_qalene	RelConc2_VRoot_RecipExt_Perf	RelConc2_NStem	RelConc2_VRoot_RecipExt_Perf	RelConc2_NStem
na_wo	AdvPre_PronStem3	AdvPre_PronStem3	AdvPre_PronStem3	AdvPre_PronStem3
e_n_dawe_nakho	LocPre_NStem	LocPre_BPre9_NStem_NStem	LocPre_NStem	LocPre_BPre9_NStem_NStem
.	Punc	Punc	Punc	Punc
Nangabe	Conj	Conj	Conj	Conj
a_w_azi	RelConc6_NegPre_NStem	RelConc6_OC3_NStem	RelConc6_NegPre_NStem	NPrePre2_OC3_NStem
zo_ke	QuantConc10_QuantStem	QuantConc10_QuantStem	QuantConc10_QuantStem	QuantConc10_QuantStem
i_im_pendulo	NPrePre10_BPre10_NStem	NPrePre10_BPre10_NStem	NPrePre10_BPre10_NStem	NPrePre10_BPre10_NStem
,	Punc	Punc	Punc	Punc
za_ma	BPre8_NStem	PossConc8_NStem	BPre8_NStem	Pres_NStem
u_ku_thol_a	NPrePre15_BPre15_VRoot_VerbTerm	NPrePre15_BPre15_VRoot_VerbTerm	NPrePre15_BPre15_VRoot_VerbTerm	NPrePre15_BPre15_VRoot_VerbTerm
i_lw_azi	BPre9_BPre11_NStem	BPre9_BPre11_NStem	BPre9_BPre11_NStem	BPre9_BPre11_NStem
eli_vel_a	RelConc5_NStem	RelConc5_VRoot_VerbTerm	RelConc5_NStem	RelConc5_VRoot_VerbTerm
ku_masipala	LocPre_NStem	LocPre_NStem	LocPre_NStem	LocPre_NStem
,	Punc	Punc	Punc	Punc
u_m_tholapilo	NPrePre1_BPre1_NStem	NPrePre3_BPre3_NStem	NPrePre1_BPre1_NStem	NPrePre3_BPre3_NStem
,	Punc	Punc	Punc	Punc
i_in_hlangano	NPrePre4_BPre4_NStem	NPrePre4_BPre4_NStem	NPrePre4_BPre4_NStem	NPrePre4_BPre4_NStem
zo_m_phakathi	PossConc10_NPrePre3_BPre3_NStem	PossConc8_BPre3_NStem	PossConc10_NPrePre3_BPre3_NStem	PossConc10_BPre3_NStem
namkha	Conj	Conj	Conj	Conj
i_mi_sebenzi	NPrePre4_BPre4_NStem	NPrePre4_BPre4_NStem	NPrePre4_BPre4_NStem	NPrePre4_BPre4_NStem
ka_rhulumende	NStem	PossKA_NStem	NStem	PossConc4_NStem
.	Punc	Punc	Punc	Punc
U_ku_ba_lw_a	NPrePre15_BPre15_NStem	NPrePre15_BPre15_SC2_VRoot_VerbTerm	NPrePre15_BPre15_NStem	NPrePre15_BPre15_OC2_VRoot_VerbTerm
kwa_ba_ntu	PossConc15_NPrePre2_BPre2_NStem	PossConc15_BPre2_NStem	PossConc15_NPrePre2_BPre2_NStem	PossConc15_BPre2_NStem
ku_mel_e	SC15_VRoot_VerbTerm	SC15_VRoot_VerbTerm	SC15_VRoot_VerbTerm	SC15_VRoot_VerbTerm
na_kho	AdvPre_PronStem15	AdvPre_PronStem15	AdvPre_PronStem15	AdvPre_PronStem15
ku_b_e	SC15_Cop	OC15_VRoot_VerbTerm	SC15_Cop	OC15_VRoot_VerbTerm
ne_lw_azi	AdvPre_NStem	AdvPre_BPre11_NStem	AdvPre_NStem	AdvPre_BPre11_NStem
lo_bu_jamo	Dem1_Pos1_NPrePre14_BPre14_NStem	PossConc5_BPre14_NStem	Dem1_Pos1_NPrePre14_BPre14_NStem	PossConc5_BPre14_NStem
be_zo_m_notho	PossConc14_PossConc10_NPrePre3_BPre3_NStem	PossConc14_PossConc10_BPre3_NStem	PossConc14_PossConc10_NPrePre3_BPre3_NStem	PossConc14_PossConc10_BPre3_NStem
wa_ba_ntu	PossConc3_NPrePre2_BPre2_NStem	PossConc3_BPre2_NStem	PossConc3_NPrePre2_BPre2_NStem	PossConc3_BPre2_NStem
e_n_dawe_nakho	LocPre_NStem	LocPre_BPre9_NStem_NStem	LocPre_NStem	LocPre_BPre9_NStem_NStem
.	Punc	Punc	Punc	Punc
I_phrojekthi	NPrePre5_NStem	NPrePre5_NStem	NPrePre5_NStem	NPrePre5_NStem
e_nye	AdjPref9_AdjStem	AdjPref9_AdjStem	AdjPref9_AdjStem	AdjPref9_AdjStem
n_e_nye	AdvPre_AdjPref9_AdjStem	AdvPre_AdjPref9_AdjStem	AdvPre_AdjPref9_AdjStem	AdvPre_AdjPref9_AdjStem
i_hlukile	SC4_VRoot_Perf	NPrePre4_NStem	SC4_VRoot_Perf	NPrePre4_NStem
kw_e_nye	PossConc15_AdjPref9_AdjStem	PossConc15_AdjPref9_AdjStem	PossConc15_AdjPref9_AdjStem	PossConc15_AdjPref9_AdjStem
begodu	PossConc14_NStem	Conj	PossConc14_NStem	Conj
i_ne_e_n_tjhijilo	NPrePre8_AdvPre_LocPre_BPre8_NStem	NPrePre8_AdvPre_LocPre_BPre8_NStem	NPrePre8_AdvPre_LocPre_BPre8_NStem	BPre9_AdvPre_LocPre_BPre8_NStem
ne_e_n_daba	AdvPre_LocPre_BPre9_NStem	AdvPre_LocPre_BPre9_NStem	AdvPre_LocPre_BPre9_NStem	AdvPre_LocPre_BPre9_NStem
za_yo	PossConc10_PronStem9	PossConc10_PronStem9	PossConc10_PronStem9	PossConc10_PronStem9
oku_fan_el_e	RelConc15_VRoot_ApplExt_VerbTerm	RelConc15_VRoot_ApplExt_VerbTerm	RelConc15_VRoot_ApplExt_VerbTerm	RelConc15_VRoot_ApplExt_VerbTerm
zi_qalelel_w_e	BPre10_NStem	SC10_VRoot_PassExt_VerbTerm	BPre10_NStem	SC8_VRoot_PassExt_VerbTerm
.	Punc	Punc	Punc	Punc
Nga_lokho	AdvPre_Dem15_Pos2	AdvPre	AdvPre_Dem15_Pos2	AdvPre
i_hlelo	NPrePre9_NStem	NPrePre9_NStem	NPrePre9_NStem	NPrePre9_NStem
eli_hlukile_ko	RelConc5_NStem_RelSuf	RelConc5_NStem_RelSuf	RelConc5_NStem_RelSuf	RelConc5_NStem_RelSuf
kw_eli_nye	PossConc15_AdjPref5_AdjStem	PossConc15_AdjPref5_AdjStem	PossConc15_AdjPref5_AdjStem	PossConc15_AdjPref5_AdjStem
li_ya_dingakal_a	BPre5_Pres_NStem	SC5_Pres_VRoot_VerbTerm	BPre5_Pres_NStem	SC5_Pres_VRoot_VerbTerm
u_kw_enz_el_a	NPrePre15_BPre15_VRoot_ApplExt_VerbTerm	NPrePre15_BPre15_VRoot_ApplExt_VerbTerm	NPrePre15_BPre15_VRoot_ApplExt_VerbTerm	NPrePre15_BPre15_VRoot_ApplExt_VerbTerm
bo_nyana	BPre2_NStem	BPre2_NStem	BPre2_NStem	BPre2_NStem
i_phrojekthi	NPrePre5_NStem	NPrePre5_NStem	NPrePre5_NStem	NPrePre5_NStem
i_kw_azi	NPrePre4_BPre15_NStem	NPrePre4_BPre15_NStem	NPrePre4_BPre15_NStem	NPrePre4_BPre15_NStem
u_ku_qed_w_a	NPrePre15_BPre15_VRoot_PassExt_VerbTerm	NPrePre15_BPre15_VRoot_PassExt_VerbTerm	NPrePre15_BPre15_VRoot_PassExt_VerbTerm	NPrePre15_BPre15_VRoot_PassExt_VerbTerm
nge_pumelelo	AdvPre_NPre9_NStem	AdvPre_NStem	AdvPre_NPre9_NStem	AdvPre_NStem
.	Punc	Punc	Punc	Punc
I_gra_fu	NPrePre4_NStem	NPrePre5_NStem_NStem	NPrePre4_NStem	NPrePre9_NStem_NStem
e_nga_phasi	RelConc9_AdvPre_NStem	LocPre_AdvPre_Adv	RelConc9_AdvPre_NStem	LocPre_AdvPre_Adv
i_tjengis_a	NPrePre4_NStem	SC5_VRoot_VerbTerm	NPrePre4_NStem	SC5_VRoot_VerbTerm
u_ku_hlobana	NPrePre15_BPre15_NStem	NPrePre15_BPre15_NStem	NPrePre15_BPre15_NStem	NPrePre15_BPre15_NStem
oku_khulu	AdjPref15_AdjStem	AdjPref15_AdjStem	AdjPref15_AdjStem	AdjPref15_AdjStem
phakathi	Adv	Adv	Adv	Adv
kwa_ma_kghono	PossConc15_BPre15_NStem	PossConc15_BPre15_NStem	PossConc15_BPre15_NStem	PossConc15_BPre15_NStem
,	Punc	Punc	Punc	Punc
a_ma_thuba	NPrePre6_BPre6_NStem	NPrePre6_BPre6_NStem	NPrePre6_BPre6_NStem	NPrePre6_BPre6_NStem
no_m_sebenzi	AdvPre_NPrePre3_BPre3_NStem	AdvPre_BPre3_NStem	AdvPre_NPrePre3_BPre3_NStem	AdvPre_BPre3_NStem
ma_lunga_na	BPre6_NStem_DimSuf	BPre6_NStem_DimSuf	BPre6_NStem_DimSuf	BPre6_NStem_DimSuf
no_bu_jamo	AdvPre_NPrePre14_BPre14_NStem	AdvPre_BPre14_NStem	AdvPre_NPrePre14_BPre14_NStem	AdvPre_BPre14_NStem
be_ze_hlalakuhle	PossConc2_BPre8_NStem	PossConc2_BPre8_NStem	PossConc2_BPre8_NStem	PossConc2_BPre8_NStem
no_ku_phil_a	AdvPre_SC15_VRoot_VerbTerm	AdvPre_BPre15_VRoot_VerbTerm	AdvPre_SC15_VRoot_VerbTerm	AdvPre_BPre15_VRoot_VerbTerm
.	Punc	Punc	Punc	Punc
I_khomb_is_a	NPrePre4_NStem	SC4_VRoot_CausExt_VerbTerm	NPrePre4_NStem	SC4_VRoot_CausExt_VerbTerm
i_n_dlela	NPrePre9_BPre9_NStem	NPrePre9_BPre9_NStem	NPrePre9_BPre9_NStem	NPrePre9_BPre9_NStem
u_bu_rholi	NPrePre14_BPre14_NStem	NPrePre14_BPre14_NStem	NPrePre14_BPre14_NStem	NPrePre14_BPre14_NStem
,	Punc	Punc	Punc	Punc
i_z_akhamuzi	NPrePre8_BPre8_NStem	NPrePre8_BPre8_NStem	NPrePre8_BPre8_NStem	NPrePre8_BPre8_NStem
ezi_khutheleko	RelConc8_NStem_RelSuf	RelConc8_NStem	RelConc8_NStem_RelSuf	RelConc8_NStem
no_m_buso	AdvPre_NPrePre3_BPre3_NStem	AdvPre_BPre3_NStem	AdvPre_NPrePre3_BPre3_NStem	AdvPre_BPre3_NStem
o_sebenz_a	RelConc4_VRoot_VerbTerm	RelConc3_VRoot_VerbTerm	RelConc4_VRoot_VerbTerm	RelConc3_VRoot_VerbTerm
nge_pumelelo	AdvPre_NPre9_NStem	AdvPre_NStem	AdvPre_NPre9_NStem	AdvPre_NStem
o_nga_siz_a	RelConc4_VRoot_VerbTerm	SC3_Pres_VRoot_VerbTerm	RelConc4_VRoot_VerbTerm	SC3_Pres_VRoot_VerbTerm
nga_yo	AdvPre_PronStem9	AdvPre_PronStem9	AdvPre_PronStem9	AdvPre_PronStem9
e_ku_lawul_eni	LocPre_BPre15_NStem_LocSuf	LocPre_BPre15_NStem_LocSuf	LocPre_BPre15_NStem_LocSuf	LocPre_BPre15_NStem_LocSuf
i_tuthuko	NPrePre4_NStem	NPrePre4_NStem	NPrePre4_NStem	NPrePre4_NStem
e_bhodulukw_eni	LocPre_NStem_LocSuf	LocPre_NStem_LocSuf	LocPre_NStem_LocSuf	LocPre_NStem_LocSuf
eli_no_m_phakathi	RelConc5_AdvPre_NPrePre3_BPre3_NStem	RelConc5_AdvPre_BPre3_NStem	RelConc5_AdvPre_NPrePre3_BPre3_NStem	RelConc5_AdvPre_BPre3_NStem
o_bu_mbeneko	BPre2a_NStem	RelConc14_BPre14_NStem	BPre2a_NStem	RelConc14_BPre14_NStem
.	Punc	Punc	Punc	Punc
I_mi_Hlahlandlela	NPrePre4_BPre4_NStem	NPrePre4_BPre4_NStem	NPrePre4_BPre4_NStem	NPrePre4_BPre4_NStem
:	Punc	Punc	Punc	Punc
U_m_Thangalasisekelo	NPrePre3_BPre3_NStem	NPrePre3_BPre3_NStem	NPrePre3_BPre3_NStem	NPrePre3_BPre3_NStem
ka_Masipala	PossKA_NStem	PossKA_NStem	PossKA_NStem	PossKA_NStem
o_hlal_a	RelConc1_VRoot_VerbTerm	RelConc1_VRoot_VerbTerm	RelConc1_VRoot_VerbTerm	RelConc3_VRoot_VerbTerm
u_njalo	NPrePre1a_NStem	NPrePre1a_Adv	NPrePre1a_NStem	NPrePre1a_Adv
no_kwe_Thul_w_a	AdvPre_NPrePre15_BPre15_VRoot_PassExt_VerbTerm	AdvPre_BPre15_VRoot_PassExt_VerbTerm	AdvPre_NPrePre15_BPre15_VRoot_PassExt_VerbTerm	AdvPre_BPre15_VRoot_PassExt_VerbTerm
ko_m_Sebenzi	PossConc15_NPrePre3_BPre3_NStem	PossConc15_BPre3_NStem	PossConc15_NPrePre3_BPre3_NStem	PossConc15_BPre3_NStem
,	Punc	Punc	Punc	Punc
1	Num	Num	Num	Num
ku_Si_hla_ba_ntangan_a	BPre15_NStem	LocPre_BPre7_VRoot_BPre2_VRoot_VerbTerm	BPre15_NStem	BPre15_BPre7_Fut_BPre2_VRoot_VerbTerm
20_07	Num	Num_Num	Num	Num_Num
ku_mi_hlahlandlela	BPre15_NStem	BPre15_BPre4_NStem	BPre15_NStem	BPre15_BPre4_NStem
e_thuthuk_is_el_w_e	RelConc4_VRoot_CausExt_ApplExt_PassExt_VerbTerm	RelConc9_VRoot_CausExt_ApplExt_PassExt_VerbTerm	RelConc4_VRoot_CausExt_ApplExt_PassExt_VerbTerm	RelConc9_VRoot_CausExt_ApplExt_PassExt_VerbTerm
u_ku_siz_a	NPrePre15_BPre15_VRoot_VerbTerm	NPrePre15_BPre15_VRoot_VerbTerm	NPrePre15_BPre15_VRoot_VerbTerm	NPrePre15_BPre15_VRoot_VerbTerm
u_rhulumende	NPrePre15_NStem	NPrePre1a_NStem	NPrePre15_NStem	NPrePre1a_NStem
a_zal_is_e	RelConc6_VRoot_CausExt_VerbTerm	SC6_VRoot_CausExt_VerbTerm	RelConc6_VRoot_CausExt_VerbTerm	SC6_VRoot_CausExt_VerbTerm
u_ku_zi_boph_elela	NPrePre15_BPre15_OC10_VRoot_IntensExt_VerbTerm	NPrePre15_BPre15_ReflPre_NStem_NStem	NPrePre15_BPre15_OC10_VRoot_IntensExt_VerbTerm	NPrePre15_BPre15_ReflPre_VRoot_NStem
kwa_khe	PossConc15_PronStem1	PossConc15_PronStem1	PossConc15_PronStem1	PossConc15_PronStem1
e_m_sebenz_ini	LocPre_NPrePre3_BPre3_NStem_LocSuf	LocPre_BPre3_NStem_LocSuf	LocPre_NPrePre3_BPre3_NStem_LocSuf	LocPre_BPre3_NStem_LocSuf
wo_m_thethosisekelo	PossConc3_BPre3_NStem	PossConc3_BPre3_NStem	PossConc3_BPre3_NStem	PossConc3_BPre3_NStem
u_ku_nikel_a	NPrePre15_BPre15_VRoot_VerbTerm	NPrePre15_BPre15_VRoot_VerbTerm	NPrePre15_BPre15_VRoot_VerbTerm	NPrePre15_BPre15_VRoot_VerbTerm
i_mi_sebenzi	NPrePre4_BPre4_NStem	NPrePre4_BPre4_NStem	NPrePre4_BPre4_NStem	NPrePre4_BPre4_NStem
ka_masipala	PossKA_NStem	PossKA_NStem	PossKA_NStem	PossKA_NStem
e_yi_si_sekelo	RelConc9_Pres_BPre7_NStem	RelConc9_Pres_BPre7_NStem	RelConc9_Pres_BPre7_NStem	RelConc9_Pres_BPre7_NStem
.	Punc	Punc	Punc	Punc
I__Ve_nn	NPrePre4_NStem	NPrePre9_NStem_NStem	NPrePre4_NStem	NPrePre4_BPre2_NStem
diagram	Foreign	Foreign	Foreign	Foreign
i_li_thulusi	NPrePre5_BPre5_NStem	NPrePre5_BPre5_NStem	NPrePre5_BPre5_NStem	NPrePre5_BPre5_NStem
lo_ku_cozulul_a	RelConc15_NStem	PossConc5_BPre15_VRoot_VerbTerm	RelConc15_NStem	PossConc5_BPre15_VRoot_VerbTerm
lo_ku_bonel_el_a	RelConc15_VRoot_VerbTerm	PossConc5_BPre15_VRoot_ApplExt_VerbTerm	RelConc15_VRoot_VerbTerm	PossConc5_BPre15_VRoot_ApplExt_VerbTerm
u_m_phakathi	NPrePre3_BPre3_NStem	NPrePre3_BPre3_NStem	NPrePre3_BPre3_NStem	NPrePre3_BPre3_NStem
nge_e_n_setjenziswa	AdvPre_LocPre_BPre3_NStem	AdvPre_LocPre_BPre3_NStem	AdvPre_LocPre_BPre3_NStem	AdvPre_LocPre_BPre3_NStem
.	Punc	Punc	Punc	Punc
A_ma_lunga	NPrePre6_BPre6_NStem	NPrePre6_BPre6_NStem	NPrePre6_BPre6_NStem	NPrePre6_BPre6_NStem
wo_m_phakathi	PossConc3_NPrePre3_BPre3_NStem	PossConc3_BPre3_NStem	PossConc3_NPrePre3_BPre3_NStem	PossConc3_BPre3_NStem
a_khomba	SC6_VRoot_VerbTerm	RelConc6_NStem	SC6_VRoot_VerbTerm	RelConc6_NStem
i_in_hlangano	NPrePre4_BPre4_NStem	NPrePre4_BPre4_NStem	NPrePre4_BPre4_NStem	NPrePre4_BPre4_NStem
,	Punc	Punc	Punc	Punc
i_mi_sebenzi	NPrePre4_BPre4_NStem	NPrePre4_BPre4_NStem	NPrePre4_BPre4_NStem	NPrePre4_BPre4_NStem
ka_nye	AdvPre_AdjStem	AdvPre_AdjStem	AdvPre_AdjStem	AdvPre_AdjStem
na_ba_nikeli	AdvPre_BPre2_NStem	AdvPre_BPre2_NStem	AdvPre_BPre2_NStem	AdvPre_BPre2_NStem
nge_mi_sebenzi	AdvPre_NPrePre4_BPre4_NStem	AdvPre_BPre4_NStem	AdvPre_NPrePre4_BPre4_NStem	AdvPre_BPre4_NStem
be_s_e	SC2_VRoot_VerbTerm	SC2_VRoot_VerbTerm	SC2_VRoot_VerbTerm	SC2_VRoot_VerbTerm
ba_lingan_is_a	SC2_Intrans_CausExt_VerbTerm	SC2_Intrans_CausExt_VerbTerm	SC2_Intrans_CausExt_VerbTerm	SC2_Intrans_CausExt_VerbTerm
ko_ke	QuantConc15_QuantStem	QuantConc15_QuantStem	QuantConc15_QuantStem	QuantConc15_QuantStem
lokhu	Dem15_Pos1		Dem15_Pos1	
u_ku_y_a	NPrePre15_BPre15_VRoot_VerbTerm	NPrePre15_BPre15_VRoot_VerbTerm	NPrePre15_BPre15_VRoot_VerbTerm	NPrePre15_BPre15_VRoot_VerbTerm
ngo_ku_qakathek_a	AdvPre_BPre15_VRoot_VerbTerm	AdvPre_BPre15_VRoot_VerbTerm	AdvPre_BPre15_VRoot_VerbTerm	AdvPre_BPre15_VRoot_VerbTerm
no_ku_fuman_ek_a	AdvPre_NPrePre15_BPre15_Intrans_VerbTerm	AdvPre_BPre15_VRoot_NeutExt_VerbTerm	AdvPre_NPrePre15_BPre15_Intrans_VerbTerm	AdvPre_BPre15_VRoot_NeutExt_VerbTerm
kwa_khona	SC15_Intrans_VerbTerm	PossConc15_Adv	SC15_Intrans_VerbTerm	PossConc15_Adv
.	Punc	Punc	Punc	Punc
Be_godu	Conj	PossConc14_NStem	Conj	PossConc14_NStem
i_li_thulusi	NPrePre5_BPre5_NStem	NPrePre5_BPre5_NStem	NPrePre5_BPre5_NStem	NPrePre5_BPre5_NStem
eli_ne_sizo	RelConc5_AdvPre_NStem	RelConc5_AdvPre_NStem	RelConc5_AdvPre_NStem	RelConc5_AdvPre_NStem
loku_zwisis_a	RelConc15_VRoot_VerbTerm	RelConc15_VRoot_VerbTerm	RelConc15_VRoot_VerbTerm	RelConc15_VRoot_VerbTerm
i_i_n_dingo	NPrePre8_NPrePre8_BPre8_NStem	NPrePre8_NPrePre8_BPre8_NStem	NPrePre8_NPrePre8_BPre8_NStem	NPrePre8_NPrePre8_BPre8_NStem
zo_m_phakathi	PossConc8_NPrePre3_BPre3_NStem	PossConc10_BPre3_NStem	PossConc8_NPrePre3_BPre3_NStem	PossConc8_BPre3_NStem
.	Punc	Punc	Punc	Punc
Yi_ba	CopPre_AuxVStem	CopPre_AuxVStem	CopPre_AuxVStem	CopPre_AuxVStem
ne_lemuko	AdvPre_NStem	AdvPre_NStem	AdvPre_NStem	AdvPre_NStem
le_tuthuko	PossConc5_NStem	PossConc5_NStem	PossConc5_NStem	PossConc5_NStem
ka_ba_nye	PossConc15_EnumConc2_EnumStem	AdvPre_AdjPref2_AdjStem	PossConc15_EnumConc2_EnumStem	AdvPre_AdjPref2_AdjStem
a_bo_masipala__funda	NPrePre2a_BPre2a_NStem_NStem	NPrePre2a_BPre2a_NStem_NStem	NPrePre2a_BPre2a_NStem_NStem	NPrePre2a_BPre2a_NStem_NStem
e_mi_bhinw_eni	LocPre_NStem	LocPre_BPre4_NStem_LocSuf	LocPre_NStem	LocPre_BPre4_NStem_LocSuf
begodu	Conj	Conj	Conj	Conj
ne_lemukw_eni	AdvPre_NStem_LocSuf	AdvPre_NStem_LocSuf	AdvPre_NStem_LocSuf	AdvPre_NStem_LocSuf
labo	Dem2_Pos2		Dem2_Pos2	
.	Punc	Punc	Punc	Punc
Be_godu	Conj	PossConc14_NStem	Conj	PossConc14_NStem
nga_kwe_li_nye	AdvPre_PossConc15_BPre5_EnumStem	AdvPre_PossConc15_BPre5_EnumStem	AdvPre_PossConc15_BPre5_EnumStem	AdvPre_PossConc15_BPre5_EnumStem
i_hlangothi	NPrePre9_NStem	NPrePre9_NStem	NPrePre9_NStem	NPrePre9_NStem
,	Punc	Punc	Punc	Punc
u_ku_sebenz_is_an_a	NPrePre15_BPre15_VRoot_RecipExt_VerbTerm	NPrePre15_BPre15_VRoot_CausExt_RecipExt_VerbTerm	NPrePre15_BPre15_VRoot_RecipExt_VerbTerm	NPrePre15_BPre15_VRoot_CausExt_RecipExt_VerbTerm
ne_phasi	AdvPre_Adv	AdvPre_Adv	AdvPre_Adv	AdvPre_Adv
lo_ke	QuantConc11_QuantStem	QuantConc11_QuantStem	QuantConc11_QuantStem	QuantConc11_QuantStem
ku_b_e	SC15_VRoot_VerbTerm	OC15_VRoot_VerbTerm	SC15_VRoot_VerbTerm	OC15_VRoot_VerbTerm
no_m_thelela	AdvPre_NPrePre3_BPre3_NStem	AdvPre_BPre3_NStem	AdvPre_NPrePre3_BPre3_NStem	AdvPre_BPre3_NStem
omu_mbi	AdjPref3_AdjStem	AdjPref3_AdjStem	AdjPref3_AdjStem	AdjPref3_AdjStem
ma_lunga_na	BPre6_NStem_DimSuf	BPre6_NStem_DimSuf	BPre6_NStem_DimSuf	BPre6_NStem_DimSuf
no_ku_khuphuk_a	AdvPre_SC15_VRoot_VerbTerm	AdvPre_BPre15_VRoot_VerbTerm	AdvPre_SC15_VRoot_VerbTerm	AdvPre_BPre15_VRoot_VerbTerm
kwe_e_ngozi	PossConc15_LocPre_BPre3_NStem	PossConc15_LocPre_NStem	PossConc15_LocPre_BPre3_NStem	PossConc15_LocPre_NStem
begodu	PossConc14_NStem	Conj	PossConc14_NStem	Conj
no_ku_hlangahlangan_a	AdvPre_SC15_Intrans_VerbTerm	AdvPre_BPre15_VRoot_VerbTerm	AdvPre_SC15_Intrans_VerbTerm	AdvPre_BPre15_VRoot_VerbTerm
kwe_e_ndaba	SC15_Intrans_VerbTerm	PossConc15_LocPre_NStem	SC15_Intrans_VerbTerm	PossConc15_LocPre_NStem
ze_phasi	Pres_NStem	Pres_NStem	Pres_NStem	Pres_NStem
_	Punc		Punc	
u_ku_thom_a	NPrePre15_BPre15_VRoot_VerbTerm	NPrePre15_BPre15_VRoot_VerbTerm	NPrePre15_BPre15_VRoot_VerbTerm	NPrePre15_BPre15_VRoot_VerbTerm
e_ku_tjhugutjhuguluk_eni	LocPre_BPre15_NStem_LocSuf	LocPre_BPre15_NStem_LocSuf	LocPre_BPre15_NStem_LocSuf	LocPre_BPre15_NStem_LocSuf
kwa_ma_makethe	PossConc1a_NStem	PossConc15_BPre6_NStem	PossConc1a_NStem	PossConc15_BPre6_NStem
we_e_mali	PossConc3_LocPre_NStem	PossConc3_LocPre_NStem	PossConc3_LocPre_NStem	PossConc3_LocPre_NStem
,	Punc	Punc	Punc	Punc
u_ku_y_a	NPrePre15_BPre15_VRoot_VerbTerm	NPrePre15_BPre15_VRoot_VerbTerm	NPrePre15_BPre15_VRoot_VerbTerm	NPrePre15_BPre15_VRoot_VerbTerm
e_ku_fuduk_eni	LocPre_BPre15_NStem_LocSuf	LocPre_BPre15_NStem_LocSuf	LocPre_BPre15_NStem_LocSuf	LocPre_BPre15_NStem_LocSuf
kwa_ba_ntu	PossConc15_NPrePre2_BPre2_NStem	PossConc15_BPre2_NStem	PossConc15_NPrePre2_BPre2_NStem	PossConc15_BPre2_NStem
aba_na_ma_kghono	RelConc2_AdvPre_BPre6_NStem	RelConc2_AdvPre_BPre6_NStem	RelConc2_AdvPre_BPre6_NStem	RelConc2_AdvPre_BPre6_NStem
aba_hlal_a	RelConc2_VRoot_VerbTerm	RelConc2_VRoot_VerbTerm	RelConc2_VRoot_VerbTerm	RelConc2_VRoot_VerbTerm
e_e_narh_eni	RelConc9_LocPre_NStem_LocSuf	RelConc9_LocPre_NStem_LocSuf	RelConc9_LocPre_NStem_LocSuf	RelConc9_LocPre_NStem_LocSuf
ezi_thuthuk_a_ko	RelConc10_VRoot_VerbTerm_RelSuf	RelConc10_VRoot_VerbTerm_RelSuf	RelConc10_VRoot_VerbTerm_RelSuf	RelConc10_VRoot_VerbTerm_RelSuf
,	Punc	Punc	Punc	Punc
u_ku_y_a	NPrePre15_BPre15_VRoot_VerbTerm	NPrePre15_BPre15_VRoot_VerbTerm	NPrePre15_BPre15_VRoot_VerbTerm	NPrePre15_BPre15_VRoot_VerbTerm
e_ku_tjhuguluk_eni	LocPre_BPre15_NStem_LocSuf	LocPre_BPre15_NStem_LocSuf	LocPre_BPre15_NStem_LocSuf	LocPre_BPre15_NStem_LocSuf
ko_budlelwano	NStem	PossConc15_NStem	NStem	PossConc15_NStem
ba_ma_ndla	PossConc2_RelStem	PossConc2_Bre6_NStem	PossConc2_RelStem	PossConc2_Bre6_NStem
phakathi	Adv	Adv	Adv	Adv
kwe_mi_buso	PossConc15_NStem	PossConc15_BPre4_NStem	PossConc15_NStem	PossConc15_BPre4_NStem
no_ku_siselana	AdvPre_SC15_Intrans_VerbTerm	AdvPre_BPre15_NStem	AdvPre_SC15_Intrans_VerbTerm	AdvPre_BPre15_NStem
nge_mali	AdvPre_NPrePre9_BPre9_NStem	AdvPre_NStem	AdvPre_NPrePre9_BPre9_NStem	AdvPre_NStem
.	Punc	Punc	Punc	Punc
Nge_banga	AdvPre_NPrePre5_NStem	AdvPre_NStem	AdvPre_NPrePre5_NStem	AdvPre_NStem
la_ma_phethini	PossConc5_NPrePre10_BPre10_NStem	PossPron_BPre6_NStem	PossConc5_NPrePre10_BPre10_NStem	PossPron_BPre6_NStem
la	Dem6_Pos1		Dem6_Pos1	
,	Punc	Punc	Punc	Punc
u_ku_tjhitjhiriza	NPrePre15_BPre15_NStem	NPrePre15_BPre15_NStem	NPrePre15_BPre15_NStem	NPrePre15_BPre15_NStem
ko_ku_khul_a	PossConc15_OC15_Intrans_VerbTerm	PossConc15_BPre15_VRoot_VerbTerm	PossConc15_OC15_Intrans_VerbTerm	PossConc15_BPre15_VRoot_VerbTerm
ko_m_notho	PossConc15_NPrePre3_NStem	PossConc15_BPre3_NStem	PossConc15_NPrePre3_NStem	PossConc15_BPre3_NStem
kwe_e_narha	PossConc15_LocPre_NStem	PossConc15_LocPre_NStem	PossConc15_LocPre_NStem	PossConc15_LocPre_NStem
ezi_thuthuk_ile_ko	RelConc10_VRoot_Perf_RelSuf	RelConc10_VRoot_Perf_RelSuf	RelConc10_VRoot_Perf_RelSuf	RelConc10_VRoot_Perf_RelSuf
kw_enz_a	LocPre_OC3_VRoot_VerbTerm	OC15_VRoot_VerbTerm	LocPre_OC3_VRoot_VerbTerm	SC15_VRoot_VerbTerm
bo_nyana	BPre2_NStem	BPre2_NStem	BPre2_NStem	BPre2_NStem
i_i_narha	NPrePre8_BPre8_NStem	NPrePre10_BPre10_NStem	NPrePre8_BPre8_NStem	NPrePre10_BPre10_NStem
ezi_sa_thuthuk_a_ko	RelConc10_Pres_VRoot_VerbTerm_RelSuf	RelConc10_Pres_VRoot_VerbTerm_RelSuf	RelConc10_Pres_VRoot_VerbTerm_RelSuf	RelConc10_Pres_VRoot_VerbTerm_RelSuf
zi_b_e	OC8_VRoot_VerbTerm	OC8_VRoot_VerbTerm	OC8_VRoot_VerbTerm	OC8_VRoot_VerbTerm
s_e_ngozi_ni	PossConc7_LocPre_NStem	PossConc7_LocPre_NStem_LocSuf	PossConc7_LocPre_NStem	PossConc7_LocPre_NStem_LocSuf
e_kulu	AdjPref5_AdjStem	AdjPref5_AdjStem	AdjPref5_AdjStem	AdjPref5_AdjStem
.	Punc	Punc	Punc	Punc
U_ku_tjheja	NPrePre15_BPre15_NStem	NPrePre15_BPre15_NStem	NPrePre15_BPre15_NStem	NPrePre15_BPre15_NStem
no_ku_lingan_is_a	AdvPre_OC5_VRoot_CausExt_VerbTerm	AdvPre_BPre15_VRoot_CausExt_VerbTerm	AdvPre_OC5_VRoot_CausExt_VerbTerm	AdvPre_BPre15_VRoot_CausExt_VerbTerm
u_kw_enz_a	NPrePre15_BPre15_VRoot_VerbTerm	NPrePre15_BPre15_VRoot_VerbTerm	NPrePre15_BPre15_VRoot_VerbTerm	NPrePre15_BPre15_VRoot_VerbTerm
.	Punc	Punc	Punc	Punc
Tjheja	VRoot_VerbTerm	NStem	VRoot_VerbTerm	NStem
i_mi_buzo	NPrePre4_BPre4_NStem	NPrePre4_BPre4_NStem	NPrePre4_BPre4_NStem	NPrePre4_BPre4_NStem
e_landel_a_ko	LocPre_VRoot_VerbTerm_RelSuf	RelConc9_VRoot_VerbTerm_RelSuf	LocPre_VRoot_VerbTerm_RelSuf	RelConc5_VRoot_VerbTerm_RelSuf
.	Punc	Punc	Punc	Punc
Ku_qakathek_ile	SC15_VRoot_NeutExt_Perf	SC15_VRoot_Perf	SC15_VRoot_NeutExt_Perf	SC15_VRoot_Perf
godu	Ideoph	Ideoph	Ideoph	Ideoph
no_kw_enz_a	AdvPre_NPrePre15_BPre15_VRoot_VerbTerm	AdvPre_BPre15_VRoot_VerbTerm	AdvPre_NPrePre15_BPre15_VRoot_VerbTerm	AdvPre_BPre15_VRoot_VerbTerm
i_si_qiniseko	NPrePre7_BPre7_NStem	NPrePre7_BPre7_NStem	NPrePre7_BPre7_NStem	NPrePre7_BPre7_NStem
so_kobana	PossConc7_NStem	PossConc7_NStem	PossConc7_NStem	PossConc7_NStem
u_mu_ntu	NPrePre1_BPre1_NStem	NPrePre1_BPre1_NStem	NPrePre1_BPre1_NStem	NPrePre1_BPre1_NStem
o_thile_ko	RelConc1_NStem_RelSuf	RelConc1_NStem_RelSuf	RelConc1_NStem_RelSuf	RelConc3_NStem_RelSuf
ku_m_sebenzakhe	BPre15_NStem	LocPre_BPre3_NStem	BPre15_NStem	LocPre_BPre3_NStem
ukobana	Conj	Conj	Conj	Conj
enz_e	VRoot_VerbTerm	VRoot_VerbTerm	VRoot_VerbTerm	VRoot_VerbTerm
a_ma_lungiselelo	NPrePre6_BPre6_NStem	NPrePre6_BPre6_NStem	NPrePre6_BPre6_NStem	NPrePre6_BPre6_NStem
wo_m_tlamo	PossConc1a_BPre8_NStem	PossConc1a_BPre8_NStem	PossConc1a_BPre8_NStem	PossConc1a_BPre8_NStem
lo	Dem3_Pos1		Dem3_Pos1	
u_ku_balekel_a	NPrePre15_BPre15_VRoot_VerbTerm	NPrePre15_BPre15_VRoot_VerbTerm	NPrePre15_BPre15_VRoot_VerbTerm	NPrePre15_BPre15_VRoot_VerbTerm
u_bu_jamo	NPrePre14_BPre14_NStem	NPrePre14_BPre14_NStem	NPrePre14_BPre14_NStem	NPrePre14_BPre14_NStem
lapha	Dem16_Pos1		Dem16_Pos1	
ku_nga_tholakal_a	SC15_AdvPre_VRoot_VerbTerm	SC15_AdvPre_VRoot_VerbTerm	SC15_AdvPre_VRoot_VerbTerm	SC15_AdvPre_VRoot_VerbTerm
ku_nga_na_mu_ntu	LocPre_AdvPre_NegPre_BPre2_NStem	BPre15_AdvPre_AdvPre_BPre1_NStem	LocPre_AdvPre_NegPre_BPre2_NStem	BPre15_AdvPre_AdvPre_BPre1_NStem
o_thath_a	RelConc1_VRoot_VerbTerm	RelConc3_VRoot_VerbTerm	RelConc1_VRoot_VerbTerm	RelConc3_VRoot_VerbTerm
i_gadango	NPrePre5_NStem	NPrePre5_NStem	NPrePre5_NStem	NPrePre5_NStem
lo_ku_kw_enz_a	RelConc15_BPre15_NStem	PossConc5_BPre15_BPre15_VRoot_VerbTerm	RelConc15_BPre15_NStem	PossConc5_BPre15_BPre15_VRoot_VerbTerm
a_ma_lungiselelo	NPrePre6_BPre6_NStem	NPrePre6_BPre6_NStem	NPrePre6_BPre6_NStem	NPrePre6_BPre6_NStem
wo_m_tlamo	PossConc6_NStem	PossConc1a_BPre8_NStem	PossConc6_NStem	PossConc1a_BPre8_NStem
.	Punc	Punc	Punc	Punc
Njeng_om_bana	AdvPre_AdjPref1_AdjStem	AdvPre_AdjPref1_AdjStem	AdvPre_AdjPref1_AdjStem	AdvPre_AdjPref1_AdjStem
i_nani	NPrePre5_NStem	NPrePre5_NStem	NPrePre5_NStem	NPrePre5_NStem
le_mi_sebenzi	PossConc5_NPrePre4_BPre4_NStem	PossConc5_BPre4_NStem	PossConc5_NPrePre4_BPre4_NStem	PossConc5_BPre4_NStem
ye_koro	PossConc4_NStem	PossConc4_NStem	PossConc4_NStem	PossConc4_NStem
e_hlelekile_ko	RelConc9_VRoot_Perf_RelSuf	RelConc9_NStem_RelSuf	RelConc9_VRoot_Perf_RelSuf	RelConc9_NStem_RelSuf
ne_nga_ka_hleleki	AdvPre_NegCopPre_OC9_VRoot_NeutExt_VerbTerm	AdvPre_NegPre_ExclPre_NStem	AdvPre_NegCopPre_OC9_VRoot_NeutExt_VerbTerm	AdvPre_NegCopPre_ExclPre_NStem
li_khuphuk_a	SC5_VRoot_VerbTerm	SC5_VRoot_VerbTerm	SC5_VRoot_VerbTerm	SC5_VRoot_VerbTerm
nje	Adv	Adv	Adv	Adv
,	Punc	Punc	Punc	Punc
a_ma_hlelo	NPrePre6_BPre6_NStem	NPrePre6_BPre6_NStem	NPrePre6_BPre6_NStem	NPrePre6_BPre6_NStem
we_mi_sebenzi	PossConc3_NPrePre4_BPre4_NStem	PossConc3_BPre4_NStem	PossConc3_NPrePre4_BPre4_NStem	PossConc3_BPre4_NStem
yo_m_phakathi	PossConc4_NPrePre3_BPre3_NStem	PossConc4_BPre3_NStem	PossConc4_NPrePre3_BPre3_NStem	PossConc4_BPre3_NStem
a_nga_phungulwa	SC6_Pot_VRoot_PassExt_VerbTerm	RelConc6_AdvPre_NStem	SC6_Pot_VRoot_PassExt_VerbTerm	RelConc6_AdvPre_NStem
.	Punc	Punc	Punc	Punc
U_m_lamuli	NPrePre3_BPre3_NStem	NPrePre1_BPre1_NStem	NPrePre3_BPre3_NStem	NPrePre1_BPre1_NStem
ku_mel_e	SC15_VRoot_VerbTerm	SC15_VRoot_VerbTerm	SC15_VRoot_VerbTerm	SC15_VRoot_VerbTerm
a_hlazi_y_e	SC6_VRoot_VerbTerm	SC6_VRoot_ApplExt_VerbTerm	SC6_VRoot_VerbTerm	SC6_VRoot_VRoot_VerbTerm
u_m_raro	NPrePre3_BPre3_NStem	NPrePre3_BPre3_NStem	NPrePre3_BPre3_NStem	NPrePre3_BPre3_NStem
.	Punc	Punc	Punc	Punc
I_Komidi	NPrePre4_NStem	NPrePre4_NStem	NPrePre4_NStem	NPrePre4_NStem
ye_wadi	PossConc4_NStem	PossConc4_NStem	PossConc4_NStem	PossConc4_NStem
na_ba_nye	AdvPre_AdjPref2_AdjStem	AdvPre_AdjPref2_AdjStem	AdvPre_AdjPref2_AdjStem	AdvPre_AdjPref2_AdjStem
aba_ntu	NPrePre2_BPre2_NStem	RelConc2_NStem	NPrePre2_BPre2_NStem	RelConc2_NStem
e_ku_ng_enz_ek_a	LocPre_SC15_AdvPre_VRoot_NeutExt_VerbTerm	LocPre_OC15_AdvPre_VRoot_NeutExt_VerbTerm	LocPre_SC15_AdvPre_VRoot_NeutExt_VerbTerm	LocPre_OC15_AdvPre_VRoot_NeutExt_VerbTerm
ba_bandakany_ek_e	PossConc1a_VRoot_NeutExt_VerbTerm	SC2_VRoot_NeutExt_VerbTerm	PossConc1a_VRoot_NeutExt_VerbTerm	CopPre_VRoot_NeutExt_VerbTerm
e_ku_phumelel_is_eni	LocPre_NPrePre15_BPre15_VRoot_CausExt_VerbTerm_LocSuf	LocPre_BPre15_VRoot_CausExt_LocSuf	LocPre_NPrePre15_BPre15_VRoot_CausExt_VerbTerm_LocSuf	LocPre_BPre15_VRoot_CausExt_LocSuf
,	Punc	Punc	Punc	Punc
ku_fak_a	BPre15_VRoot_VerbTerm	BPre15_VRoot_VerbTerm	BPre15_VRoot_VerbTerm	BPre15_VRoot_VerbTerm
hlangan_a	NStem_DimSuf	VRoot_VerbTerm	NStem_DimSuf	VRoot_VerbTerm
u_ku_hlangan_a	NPrePre15_BPre15_VRoot_VerbTerm	NPrePre15_BPre15_VRoot_VerbTerm	NPrePre15_BPre15_VRoot_VerbTerm	NPrePre15_BPre15_VRoot_VerbTerm
a_ma__i_ri	NPrePre6_BPre6_NStem	NPrePre6_BPre6_NPre5_NStem	NPrePre6_BPre6_NStem	NPrePre6_BPre6_BPre6_NStem
a_ma_bili	AdjPref6_AdjStem	NPrePre6_BPre6_NStem	AdjPref6_AdjStem	NPrePre6_BPre6_NStem
na_ba_jameli	AdvPre_NStem	AdvPre_BPre2_NStem	AdvPre_NStem	AdvPre_BPre2_NStem
be_si_qhema	PossConc2a_BPre7_NStem	PossConc2a_BPre7_NStem	PossConc2a_BPre7_NStem	PossConc2a_BPre7_NStem
nga_si_nye	AdvPre_BPre7_AdjStem	AdvPre_BPre7_AdjStem	AdvPre_BPre7_AdjStem	AdvPre_BPre7_AdjStem
esi_sebenz_a	RelConc8_VRoot_VerbTerm	RelConc7_VRoot_VerbTerm	RelConc8_VRoot_VerbTerm	RelConc7_VRoot_VerbTerm
nge_mi_nqopho	AdvPre_NPrePre15_BPre4_NStem	AdvPre_BPre4_NStem	AdvPre_NPrePre15_BPre4_NStem	AdvPre_BPre4_NStem
ngo_ku_sebenz_is_a	AdvPre_NPrePre15_BPre15_VRoot_CausExt_VerbTerm	AdvPre_BPre15_VRoot_CausExt_VerbTerm	AdvPre_NPrePre15_BPre15_VRoot_CausExt_VerbTerm	AdvPre_BPre15_VRoot_CausExt_VerbTerm
i_bhoduluko	NPrePre4_NStem	NPrePre4_NStem	NPrePre4_NStem	NPrePre4_NStem
le_tuthuko	PossConc5_NStem	NStem	PossConc5_NStem	PossConc5_NStem
u_ku_basiz_a	NPrePre15_BPre15_NStem	NPrePre15_BPre15_VRoot_VerbTerm	NPrePre15_BPre15_NStem	NPrePre15_BPre15_VRoot_VerbTerm
mayelana	NStem	NStem	NStem	NStem
no_mtlamo	AdvPre_BPre3_NStem	AdvPre_NStem	AdvPre_BPre3_NStem	AdvPre_NStem
wo_kw_enz_a	PossConc3_NPrePre15_BPre15_VRoot_VerbTerm	PossConc3_BPre15_VRoot_VerbTerm	PossConc3_NPrePre15_BPre15_VRoot_VerbTerm	PossConc3_BPre15_VRoot_VerbTerm
u_m_sebenzi	NPrePre3_BPre3_NStem	NPrePre3_BPre3_NStem	NPrePre3_BPre3_NStem	NPrePre3_BPre3_NStem
.	Punc	Punc	Punc	Punc
U_ku_hlanganyela	NPrePre15_BPre15_NStem	NPrePre15_BPre15_NStem	NPrePre15_BPre15_NStem	NPrePre15_BPre15_NStem
oku_hlel_iw_e_ko	RelConc15_NStem	RelConc15_VRoot_PassExt_VerbTerm_RelSuf	RelConc15_NStem	RelConc15_VRoot_PassExt_VerbTerm_RelSuf
:	Punc	Punc	Punc	Punc
A_bo_masipala	NPrePre2a_BPre2a_NStem	NPrePre2a_BPre2a_NStem	NPrePre2a_BPre2a_NStem	NPrePre2a_BPre2a_NStem
aba_nengi	AdjPref2_AdjStem	AdjPref2_AdjStem	AdjPref2_AdjStem	AdjPref2_AdjStem
aba_tjha	NPrePre2_BPre2_NStem	RelConc2_AdjStem	NPrePre2_BPre2_NStem	AdjPref2_AdjStem
ba_khulu	PossConc1a_AdjStem	PossConc1a_AdjStem	PossConc1a_AdjStem	PossConc1a_AdjStem
khulu	Adv	Adv	Adv	Adv
ngo_ku_y_a	AdvPre_NPrePre15_BPre15_VRoot_VerbTerm	AdvPre_BPre15_VRoot_VerbTerm	AdvPre_NPrePre15_BPre15_VRoot_VerbTerm	AdvPre_BPre15_VRoot_VerbTerm
ko_bunga_kho	PossConc15_NStem	AdvPre_NStem_NStem	PossConc15_NStem	AdvPre_NStem_NStem
be_si_qhema	PossConc2_BPre7_NStem	PossConc2a_BPre7_NStem	PossConc2_BPre7_NStem	PossConc2a_BPre7_NStem
sa_ba_ntu	PossConc7_NPrePre2_BPre2_NStem	PossConc7_BPre2_NStem	PossConc7_NPrePre2_BPre2_NStem	PossConc7_BPre2_NStem
aba_phil_a	RelConc2_VRoot_VerbTerm	RelConc2_VRoot_VerbTerm	RelConc2_VRoot_VerbTerm	RelConc2_VRoot_VerbTerm
ndawonye	Adv	Adv	Adv	Adv
begodu	Conj	Conj	Conj	Conj
ne_ndawo	AdvPre_NPrePre9_BPre9_NStem	AdvPre_NStem	AdvPre_NPrePre9_BPre9_NStem	AdvPre_NStem
u_ku_vumela	NPrePre15_BPre15_VRoot_ApplExt_VerbTerm	NPrePre15_BPre15_NStem	NPrePre15_BPre15_VRoot_ApplExt_VerbTerm	NPrePre15_BPre15_NStem
u_ku_hlanganyela	NPrePre15_BPre15_VRoot_VerbTerm	NPrePre15_BPre15_NStem	NPrePre15_BPre15_VRoot_VerbTerm	NPrePre15_BPre15_NStem
oku_nqoph_ile_ko	RelConc15_VRoot_Perf_RelSuf	RelConc15_VRoot_Perf_RelSuf	RelConc15_VRoot_Perf_RelSuf	RelConc15_VRoot_Perf_RelSuf
ne_nengi	AdvPre_AdjStem	AdvPre_AdjStem	AdvPre_AdjStem	AdvPre_AdjStem
lo_m_phakathi	PossConc5_NPrePre3_BPre3_NStem	PossConc5_BPre3_NStem	PossConc5_NPrePre3_BPre3_NStem	PossConc5_BPre3_NStem
e_m_tlam_eni	LocPre_BPre3_NStem_LocSuf	LocPre_BPre3_NStem_LocSuf	LocPre_BPre3_NStem_LocSuf	LocPre_BPre3_NStem_LocSuf
o_hlangahlangene_ko	NStem	RelConc3_NStem_RelSuf	NStem	RelConc3_NStem_RelSuf
we_e_n_dlela	PossConc3_LocPre_BPre9_NStem	PossConc3_LocPre_BPre9_NStem	PossConc3_LocPre_BPre9_NStem	PossConc3_LocPre_BPre9_NStem
ze_kambiso	PossConc8_NStem	PossConc10_NStem	PossConc8_NStem	Pres_NStem
.	Punc	Punc	Punc	Punc
U_ku_hlanganyela	NPrePre15_BPre15_NStem	NPrePre15_BPre15_NStem	NPrePre15_BPre15_NStem	NPrePre15_BPre15_NStem
e_m_tlam_eni	LocPre_BPre3_NStem_LocSuf	LocPre_BPre3_NStem_LocSuf	LocPre_BPre3_NStem_LocSuf	LocPre_BPre3_NStem_LocSuf
we_tuthuko	PossConc1a_NStem	PossConc1a_NStem	PossConc1a_NStem	PossConc1a_NStem
o_hlanganis_iw_e	VRoot_PassExt_VerbTerm	RelConc3_VRoot_PassExt_VerbTerm	VRoot_PassExt_VerbTerm	RelConc3_VRoot_PassExt_VerbTerm
ngo_ku_zeleko	AdvPre_NPrePre15_BPre15_NStem	AdvPre_BPre15_NStem	AdvPre_NPrePre15_BPre15_NStem	AdvPre_BPre15_NStem
,	Punc	Punc	Punc	Punc
nge_banga	AdvPre_NPrePre5_NStem	AdvPre_NStem	AdvPre_NPrePre5_NStem	AdvPre_NStem
la_lokho	SC5_Dem15_Pos2	SC5	SC5_Dem15_Pos2	SC5
,	Punc	Punc	Punc	Punc
ku_dingeka	BPre15_VRoot_NeutExt_VerbTerm	BPre15_NStem	BPre15_VRoot_NeutExt_VerbTerm	BPre15_NStem
i_mi_thetjhw_ana	NPrePre4_BPre4_NStem_DimSuf	NPrePre4_BPre4_NStem_DimSuf	NPrePre4_BPre4_NStem_DimSuf	NPrePre4_BPre4_NStem_DimSuf
e_cac_ile_ko	RelConc9_VRoot_Perf_RelSuf	RelConc9_VRoot_Perf_RelSuf	RelConc9_VRoot_Perf_RelSuf	RelConc9_VRoot_Perf_RelSuf
begodu	Conj	Conj	Conj	Conj
ne_e_n_kambiso	AdvPre_LocPre_BPre3_NStem	AdvPre_LocPre_BPre10_NStem	AdvPre_LocPre_BPre3_NStem	AdvPre_LocPre_BPre3_NStem
ezi_nqoph_is_a_ko	RelConc15_VRoot_VerbTerm_RelSuf	RelConc10_VRoot_CausExt_VerbTerm_RelSuf	RelConc15_VRoot_VerbTerm_RelSuf	RelConc10_VRoot_CausExt_VerbTerm_RelSuf
bo_nyana	BPre2_NStem	BPre2_NStem	BPre2_NStem	BPre2_NStem
ngu_bani	CopPre_NStem	CopPre_NStem	CopPre_NStem	CopPre_NStem
oku_mel_e	RelConc15_VRoot_VerbTerm	RelConc15_VRoot_VerbTerm	RelConc15_VRoot_VerbTerm	RelConc15_VRoot_VerbTerm
a_hlanganyel_e	SC6_VRoot_VerbTerm	SC6_VRoot_VerbTerm	SC6_VRoot_VerbTerm	SC6_VRoot_VerbTerm
namkha	Conj	Conj	Conj	Conj
oku_mel_e	RelConc15_VRoot_VerbTerm	RelConc15_VRoot_VerbTerm	RelConc15_VRoot_VerbTerm	RelConc15_VRoot_VerbTerm
a_thint_w_e	SC6_VRoot_PassExt_VerbTerm	SC6_VRoot_PassExt_VerbTerm	SC6_VRoot_PassExt_VerbTerm	RelConc6_VRoot_PassExt_VerbTerm
esi_khundle_ni	BPre7_NStem_LocSuf	RelConc7_NStem_LocSuf	BPre7_NStem_LocSuf	RelConc7_NStem_LocSuf
sa_ka_ba_ni	PossConc1a_NStem	PossConc7_LocPre_AuxVStem_InterrogSuf	PossConc1a_NStem	PossConc7_NegPre_BPre2_NStem
,	Punc	Punc	Punc	Punc
ngayiphi	Interrog	Interrog	Interrog	Interrog
i_n_daba	NPrePre9_BPre9_NStem	NPrePre9_BPre9_NStem	NPrePre9_BPre9_NStem	NPrePre9_BPre9_NStem
,	Punc	Punc	Punc	Punc
nga_ziphi	Interrog	AdvPre_NStem	Interrog	AdvPre_NStem
i_in_dlela	NPrePre10_NPre10_NStem	NPrePre10_NPre10_NStem	NPrePre10_NPre10_NStem	NPrePre10_NPre10_NStem
ze_hlangano	Pres_NStem	PossConc8_NStem	Pres_NStem	Pres_NStem
zo_kw_enz_a	PossConc10_NPrePre15_BPre15_VRoot_VerbTerm	PossConc10_BPre15_VRoot_VerbTerm	PossConc10_NPrePre15_BPre15_VRoot_VerbTerm	PossConc10_BPre15_VRoot_VerbTerm
,	Punc	Punc	Punc	Punc
ngayiphi	Interrog	Interrog	Interrog	Interrog
i_n_dlela	NPrePre9_BPre9_NStem	NPrePre9_BPre9_NStem	NPrePre9_BPre9_NStem	NPrePre9_BPre9_NStem
e_phumelel_is_a_ko	LocPre_VRoot_CausExt_VerbTerm_RelSuf	RelConc9_VRoot_CausExt_VerbTerm_RelSuf	LocPre_VRoot_CausExt_VerbTerm_RelSuf	RelConc9_VRoot_CausExt_VerbTerm_RelSuf
.	Punc	Punc	Punc	Punc
U_m_Thethosisekelo	NPrePre3_BPre3_NStem	NPrePre3_BPre3_NStem	NPrePre3_BPre3_NStem	NPrePre3_BPre3_NStem
u_bek_a	SC3_VRoot_VerbTerm	SC3_VRoot_VerbTerm	SC3_VRoot_VerbTerm	SC3_VRoot_VerbTerm
i_im_funeko	NPrePre10_BPre10_NStem	NPrePre4_BPre4_NStem	NPrePre10_BPre10_NStem	NPrePre4_BPre4_NStem
ezim_bili	AdjPref10_AdjStem	AdjPref10_AdjStem	AdjPref10_AdjStem	AdjPref10_AdjStem
ezi_si_sekelo	RelConc10_BPre7_NStem	RelConc8_BPre7_NStem	RelConc10_BPre7_NStem	RelConc8_BPre7_NStem
so_kw_enz_a	PossConc7_NPrePre15_BPre15_VRoot_VerbTerm	PossConc7_BPre15_VRoot_VerbTerm	PossConc7_NPrePre15_BPre15_VRoot_VerbTerm	PossConc7_BPre15_VRoot_VerbTerm
u_m_thetho	NPrePre3_BPre3_NStem	NPrePre3_BPre3_NStem	NPrePre3_BPre3_NStem	NPrePre3_BPre3_NStem
ka_masipala	PossKA_NStem	PossKA_NStem	PossKA_NStem	PossKA_NStem
.	Punc	Punc	Punc	Punc
Ko_ku_thom_a	PossConc15_NPrePre15_BPre15_VRoot_VerbTerm	PossConc15_BPre15_VRoot_VerbTerm	PossConc15_NPrePre15_BPre15_VRoot_VerbTerm	PossConc15_BPre15_VRoot_VerbTerm
,	Punc	Punc	Punc	Punc
u_m_thetho	NPrePre3_BPre3_NStem	NPrePre3_BPre3_NStem	NPrePre3_BPre3_NStem	NPrePre3_BPre3_NStem
ka_masipala	PossKA_NStem	PossKA_NStem	PossKA_NStem	PossKA_NStem
ku_fan_el_e	OC15_VRoot_ApplExt_VerbTerm	OC15_VRoot_ApplExt_VerbTerm	OC15_VRoot_ApplExt_VerbTerm	OC15_VRoot_ApplExt_VerbTerm
u_b_e	SC2_VRoot_VerbTerm	SC2_VRoot_VerbTerm	SC2_VRoot_VerbTerm	SC2_VRoot_VerbTerm
ne_sekelo	AdvPre_NStem	AdvPre_NStem	AdvPre_NStem	AdvPre_NStem
la_ma_khansela	PossConc7_NPrePre6_BPre6_NStem	PossPron_BPre6_NStem	PossConc7_NPrePre6_BPre6_NStem	PossPron_BPre6_NStem
wo_ke	QuantConc6_QuantStem	QuantConc1_QuantStem	QuantConc6_QuantStem	QuantConc1_QuantStem
begodu	Conj	Conj	Conj	Conj
kw_esibili	PossConc15_AdjPref7_AdjStem	PossConc15_NStem	PossConc15_AdjPref7_AdjStem	PossConc15_NStem
,	Punc	Punc	Punc	Punc
u_m_phakathi	NPrePre3_BPre3_NStem	NPrePre3_BPre3_NStem	NPrePre3_BPre3_NStem	NPrePre3_BPre3_NStem
ku_fan_el_e	OC15_VRoot_ApplExt_VerbTerm	OC15_VRoot_ApplExt_VerbTerm	OC15_VRoot_ApplExt_VerbTerm	OC15_VRoot_ApplExt_VerbTerm
u_b_e	SC3_VRoot_VerbTerm	SC2_VRoot_VerbTerm	SC3_VRoot_VerbTerm	SC2_VRoot_VerbTerm
ne_thuba	AdvPre_NPrePre5_BPre5_NStem	AdvPre_NStem	AdvPre_NPrePre5_BPre5_NStem	AdvPre_NStem
lo_ku_b_a	PossConc5_NPrePre15_BPre15_VRoot_VerbTerm	PossConc5_BPre15_VRoot_VerbTerm	PossConc5_NPrePre15_BPre15_VRoot_VerbTerm	PossConc5_BPre15_VRoot_VerbTerm
ne_li_zwi	AdvPre_BPre5_NStem	AdvPre_BPre5_NStem	AdvPre_BPre5_NStem	AdvPre_BPre5_NStem
mayelana	NStem	NStem	NStem	NStem
no_m_thetho	AdvPre_NPrePre3_BPre3_NStem	AdvPre_BPre3_NStem	AdvPre_NPrePre3_BPre3_NStem	AdvPre_BPre3_NStem
ka_masipala	PossKA_NStem	PossKA_NStem	PossKA_NStem	PossKA_NStem
.	Punc	Punc	Punc	Punc
I_z_akhiwo	NPrePre4_BPre4_NStem	NPrePre4_BPre4_NStem	NPrePre4_BPre4_NStem	NPrePre4_BPre4_NStem
e_sele	RelConc4_VRoot_VerbTerm	LocPre_NStem	RelConc4_VRoot_VerbTerm	LocPre_NStem
zi_khona	BPre10_NStem	BPre10_NStem	BPre10_NStem	BPre10_NStem
ku_wadi	BPre15_NStem	BPre15_NStem	BPre15_NStem	BPre15_NStem
zi_ya_khonjel_w_a	SC10_Pres_VRoot_PassExt_VerbTerm	Pres_Pres_VRoot_PassExt_VerbTerm	SC10_Pres_VRoot_PassExt_VerbTerm	SC8_Pres_VRoot_PassExt_VerbTerm
kobana	Conj	Conj	Conj	Conj
zi_thumel_e	SC10_VRoot_VerbTerm	OC10_VRoot_VerbTerm	SC10_VRoot_VerbTerm	SC10_VRoot_VerbTerm
aba_phakanyisiwe_ko	RelConc2_VRoot_CausExt_PassExt_VerbTerm_RelSuf	RelConc2_NStem_RelSuf	RelConc2_VRoot_CausExt_PassExt_VerbTerm_RelSuf	RelConc2_NStem_RelSuf
e_m_hlanganw_eni	LocPre_NPrePre3_BPre3_NStem_LocSuf	LocPre_BPre3_NStem_LocSuf	LocPre_NPrePre3_BPre3_NStem_LocSuf	LocPre_BPre3_NStem_LocSuf
lapha	Dem16_Pos1		Dem16_Pos1	
a_ma_bizo	NPrePre6_BPre6_NStem	NPrePre6_BPre6_NStem	NPrePre6_BPre6_NStem	NPrePre6_BPre6_NStem
a_zoku_qinis_ek_is_w_a	SC6_Fut_VRoot_NeutExt_CausExt_PassExt_VerbTerm	SC6_Fut_VRoot_NeutExt_CausExt_PassExt_VerbTerm	SC6_Fut_VRoot_NeutExt_CausExt_PassExt_VerbTerm	SC6_Pres_VRoot_NeutExt_CausExt_PassExt_VerbTerm
ngo_ku_vunywa	AdvPre_NPrePre15_BPre15_VRoot_VerbTerm	AdvPre_BPre15_NStem	AdvPre_NPrePre15_BPre15_VRoot_VerbTerm	AdvPre_BPre15_NStem
zi_z_akhamuzi	Pre_BPre8_NStem	CopPre_BPre8_NStem	Pre_BPre8_NStem	CopPre_BPre8_NStem
khona	PronStem15_PronSuf	Conj	PronStem15_PronSuf	Adv
u_kw_akha	NPrePre15_BPre15_VRoot_VerbTerm	NPrePre15_BPre15_NStem	NPrePre15_BPre15_VRoot_VerbTerm	NPrePre15_BPre15_NStem
i_Komidi	NPrePre4_NStem	NPrePre4_NStem	NPrePre4_NStem	NPrePre4_NStem
ye_Wadi	PossConc4_NStem	PossConc4_NStem	PossConc4_NStem	PossConc4_NStem
.	Punc	Punc	Punc	Punc
A_ba_phathi	NPrePre2_BPre2_NStem	NPrePre2_BPre2_NStem	NPrePre2_BPre2_NStem	NPrePre2_BPre2_NStem
bo_m_khandlu	PossConc2_NPrePre3_BPre3_NStem	PossConc2_BPre3_NStem	PossConc2_NPrePre3_BPre3_NStem	PossConc2_BPre3_NStem
ba_thol_a	SC2_VRoot_VerbTerm	SC2_VRoot_VerbTerm	SC2_VRoot_VerbTerm	SC2_VRoot_VerbTerm
i_mi_biko	NPrePre4_BPre4_NStem	NPrePre4_BPre4_NStem	NPrePre4_BPre4_NStem	NPrePre4_BPre4_NStem
ku__Yunidi	PossConc4_NStem	BPre15_NStem	PossConc4_NStem	BPre15_NStem
yo_ku_Hlanganyela	PossConc5_LocPre_NStem	PossConc9_BPre15_NStem	PossConc5_LocPre_NStem	PossConc9_BPre15_NStem
yo_m_Phakathi	PossConc5_NPrePre3_BPre3_NStem	PossConc4_BPre3_NStem	PossConc5_NPrePre3_BPre3_NStem	PossConc4_BPre3_NStem
mayelana	NStem	NStem	NStem	NStem
ne_senzeko	AdvPre_NPre7_BPre7_NStem	AdvPre_NStem	AdvPre_NPre7_BPre7_NStem	AdvPre_NStem
so_ku_phath_a	PossConc7_NPrePre15_BPre15_VRoot_VerbTerm	PossConc7_BPre15_VRoot_VerbTerm	PossConc7_NPrePre15_BPre15_VRoot_VerbTerm	PossConc7_BPre15_VRoot_VerbTerm
na_mtjha_na	Conj	AdvPre_NStem_DimSuf	Conj	AdvPre_NStem_DimSuf
u_ku_tjhejwa	NPrePre15_BPre15_NStem	NPrePre15_BPre15_NStem	NPrePre15_BPre15_NStem	NPrePre15_BPre15_NStem
ba_phathi	BPre2_NStem	BPre2_NStem	BPre2_NStem	BPre2_NStem
nga_phambi	AdvPre_Adv	AdvPre_Adv	AdvPre_Adv	AdvPre_Adv
ko_ku_s_a	PossConc15_VRoot_VerbTerm	PossConc15_BPre15_VRoot_VerbTerm	PossConc15_VRoot_VerbTerm	PossConc15_BPre15_VRoot_VerbTerm
e_komidi_ni	LocPre_NStem_LocSuf	LocPre_NStem_LocSuf	LocPre_NStem_LocSuf	LocPre_NStem_LocSuf
e_kulu	AdjPref5_AdjStem	AdjPref5_AdjStem	AdjPref5_AdjStem	AdjPref5_AdjStem
na_mtjha_na	Conj	AdvPre_NStem_DimSuf	Conj	AdvPre_NStem_DimSuf
i_komidi	NPrePre4_NStem	NPrePre4_NStem	NPrePre4_NStem	NPrePre4_NStem
e_phethe_ko	LocPre_VRoot_VerbTerm_RelSuf	LocPre_NStem_RelSuf	LocPre_VRoot_VerbTerm_RelSuf	LocPre_NStem_RelSuf
ya_ka_sodorobha	PossConc5_LocPre_PossConc5_NStem	PossConc4_PossKA_NStem	PossConc5_LocPre_PossConc5_NStem	PossConc4_PossKA_NStem
mayelana	NStem	NStem	NStem	NStem
ne_e_n_qunto	AdvPre_LocPre_BPre8_NStem	AdvPre_LocPre_BPre8_NStem	AdvPre_LocPre_BPre8_NStem	AdvPre_LocPre_BPre8_NStem
ze_polotiki	PossConc8_NStem	PossConc8_NStem	PossConc8_NStem	PossConc8_NStem
.	Punc	Punc	Punc	Punc
U_masipala	NPrePre1a_NStem	NPrePre1a_NStem	NPrePre1a_NStem	NPrePre1a_NStem
u_fun_a	SC1a_VRoot_VerbTerm	SC1_VRoot_VerbTerm	SC1a_VRoot_VerbTerm	SC1_VRoot_VerbTerm
u_kw_akha	NPrePre15_BPre15_VRoot_VerbTerm	NPrePre15_BPre15_NStem	NPrePre15_BPre15_VRoot_VerbTerm	NPrePre15_BPre15_NStem
i_si_bhedlela	NPrePre7_BPre7_NStem	NPrePre7_BPre7_NStem	NPrePre7_BPre7_NStem	NPrePre7_BPre7_NStem
ku_wadi	BPre15_NStem	BPre15_NStem	BPre15_NStem	BPre15_NStem
ABC	Abbr	Abbr	Abbr	Abbr
.	Punc	Punc	Punc	Punc
U_ku_bonisan_a	NPrePre15_BPre15_NStem	NPrePre15_BPre15_VRoot_VerbTerm	NPrePre15_BPre15_NStem	NPrePre15_BPre15_VRoot_VerbTerm
nga_phandle	AdvPre_Adv	AdvPre_Adv	AdvPre_Adv	AdvPre_Adv
ku_kontragiw_e	BPre15_NStem	OC15_VRoot_VerbTerm	BPre15_NStem	OC15_VRoot_VerbTerm
ukobana	Conj	Conj	Conj	Conj
ku_thol_w_e	SC15_VRoot_PassExt_VerbTerm	OC15_VRoot_PassExt_VerbTerm	SC15_VRoot_PassExt_VerbTerm	SC15_VRoot_PassExt_VerbTerm
i_lw_azi	BPre9_BPre11_NStem	BPre9_BPre11_NStem	BPre9_BPre11_NStem	BPre9_BPre11_NStem
eli_mayelana	RelConc5_NStem	RelConc5_NStem	RelConc5_NStem	RelConc5_NStem
ne_nani	AdvPre_NPrePre5_NStem	AdvPre_NStem	AdvPre_NPrePre5_NStem	AdvPre_NStem
la_ba_ntu	PossConc5_NPrePre2_BPre2_NStem	PossConc5_BPre2_NStem	PossConc5_NPrePre2_BPre2_NStem	PossConc5_BPre2_NStem
aba_s_e_wad_ini	NPrePre2_BPre2_PreLoc-s_LocPre_NStem_LocSuf	RelConc2_PreLoc-s_LocPre_NStem_LocSuf	NPrePre2_BPre2_PreLoc-s_LocPre_NStem_LocSuf	RelConc2_PreLoc-s_LocPre_NStem_LocSuf
,	Punc	Punc	Punc	Punc
i_zinga	NPrePre5_BPre5_NStem	NPrePre9_NStem	NPrePre5_BPre5_NStem	NPrePre5_NStem
lo_m_sebenzi	PossConc5_NPrePre3_BPre3_NStem	PossConc5_BPre1_NStem	PossConc5_NPrePre3_BPre3_NStem	PossConc5_BPre1_NStem
no_ku_nga_bikhona	AdvPre_NPrePre15_BPre15_NegPre_NStem	AdvPre_BPre15_NegPre_NStem	AdvPre_NPrePre15_BPre15_NegPre_NStem	AdvPre_BPre15_NegPre_NStem
kwe_mi_sebenzi	PossConc15_NPrePre4_BPre4_NStem	PossConc15_BPre4_NStem	PossConc15_NPrePre4_BPre4_NStem	PossConc15_BPre4_NStem
,	Punc	Punc	Punc	Punc
i_nani	NPrePre5_NStem	NPrePre5_NStem	NPrePre5_NStem	NPrePre5_NStem
la_ba_ntu	PossConc5_NPrePre2_BPre2_NStem	PossConc5_BPre2_NStem	PossConc5_NPrePre2_BPre2_NStem	PossConc5_BPre2_NStem
a_ba_dala	AdjPref2_AdjStem	NPrePre2_BPre2_NStem	AdjPref2_AdjStem	NPre2_BPre2_NStem
,	Punc	Punc	Punc	Punc
i_nani	NPrePre5_NStem	NPrePre5_NStem	NPrePre5_NStem	NPrePre5_NStem
la_ba_ntu	PossConc5_NPrePre2_BPre2_NStem	PossConc5_BPre2_NStem	PossConc5_NPrePre2_BPre2_NStem	PossConc5_BPre2_NStem
aba_tjha	RelConc2_NStem	AdjPref2_NStem	RelConc2_NStem	AdjPref2_NStem
,	Punc	Punc	Punc	Punc
i_nani	NPrePre5_NStem	NPrePre5_NStem	NPrePre5_NStem	NPrePre5_NStem
la_ba_ntu	PossConc5_NPrePre2_BPre2_NStem	PossConc5_BPre2_NStem	PossConc5_NPrePre2_BPre2_NStem	PossConc5_BPre2_NStem
aba_no_mulwana	NPrePre2_BPre2_AdvPre_NStem	RelConc2_AdvPre_NStem	NPrePre2_BPre2_AdvPre_NStem	RelConc2_AdvPre_NStem
w_e__HI_V	PossConc3_Abbr	PossConc3_LocPre_EnumStem_Abbr	PossConc3_Abbr	PossConc3_LocPre_BPre9_NStem
ne_Ntumbantonga	AdvPre_NPre9_NStem	AdvPre_NStem	AdvPre_NPre9_NStem	AdvPre_NStem
njll	Abbr	Abbr	Abbr	Abbr
.	Punc	Punc	Punc	Punc
A_ba_zang_e	RelConc2_NStem	NPrePre2_OC2_VRoot_VerbTerm	RelConc2_NStem	NegPre_OC2_VRoot_VerbTerm
ba_bonisane	SC2_VRoot_CausExt_RecipExt_VerbTerm	BPre2_NStem	SC2_VRoot_CausExt_RecipExt_VerbTerm	BPre2_NStem
no_m_phakathi	AdvPre_NPrePre3_BPre3_NStem	AdvPre_BPre3_NStem	AdvPre_NPrePre3_BPre3_NStem	AdvPre_BPre3_NStem
ngo_ku_thi	AdvPre_NPrePre15_BPre15_VRoot_VerbTerm	AdvPre_BPre15_NStem	AdvPre_NPrePre15_BPre15_VRoot_VerbTerm	AdvPre_BPre15_NStem
nga_b_e	SC1_VRoot_VerbTerm	Pot_VRoot_VerbTerm	SC1_VRoot_VerbTerm	AdvPre_VRoot_VerbTerm
i_wadi	NPrePre5_NStem	NPrePre4_NStem	NPrePre5_NStem	NPrePre4_NStem
ABC	Abbr	Abbr	Abbr	Abbr
i_yi_n_dawo	NPrePre4_CopPre_BPre4_NStem	NPrePre9_CopPre_BPre9_NStem	NPrePre4_CopPre_BPre4_NStem	BPre9_CopPre_BPre9_NStem
e_hl_e	AdjPref9_AdjStem	RelConc9_VRoot_VerbTerm	AdjPref9_AdjStem	RelConc9_VRoot_VerbTerm
yo_kw_akha	PossConc9_NPrePre15_BPre15_VRoot_VerbTerm	PossConc9_BPre15_NStem	PossConc9_NPrePre15_BPre15_VRoot_VerbTerm	PossConc9_BPre15_NStem
i_si_bhedlela	NPrePre7_BPre7_NStem	NPrePre7_BPre7_NStem	NPrePre7_BPre7_NStem	NPrePre7_BPre7_NStem
.	Punc	Punc	Punc	Punc
I_nengi	AdjPref9_AdjStem	AdjPref9_AdjStem	AdjPref9_AdjStem	AdjPref9_AdjStem
la_ba_ntu	PossConc5_NPrePre2_BPre2_NStem	PossConc5_BPre2_NStem	PossConc5_NPrePre2_BPre2_NStem	PossConc5_BPre2_NStem
aba_hlungwa_ko	RelConc2_VRoot_PassExt_VerbTerm_RelSuf	RelConc2_NStem_RelSuf	RelConc2_VRoot_PassExt_VerbTerm_RelSuf	RelConc2_NStem_RelSuf
ba_thi	OC2_VRoot_VerbTerm	BPre2_NStem	OC2_VRoot_VerbTerm	BPre2_NStem
i_si_bhedlela	NPrePre7_BPre7_NStem	NPrePre7_BPre7_NStem	NPrePre7_BPre7_NStem	NPrePre7_BPre7_NStem
si_fun_ek_a	BPre7_NStem	SC7_VRoot_NeutExt_VerbTerm	BPre7_NStem	SC7_VRoot_NeutExt_VerbTerm
ku_wadi	LocPre_NStem	BPre15_NStem	LocPre_NStem	BPre15_NStem
_XYZ	Abbr	Abbr	Abbr	Abbr
.	Punc	Punc	Punc	Punc
U_masipala	NPrePre1a_NStem	NPrePre1a_NStem	NPrePre1a_NStem	NPrePre1a_NStem
akazi_tjheji	NegPre_SC8_Intrans_VerbTerm	NegPre_NStem	NegPre_SC8_Intrans_VerbTerm	NegPre_NStem
i_im_phakamiso	NPrePre8_BPre8_NStem	NPrePre4_BPre10_NStem	NPrePre8_BPre8_NStem	NPrePre4_BPre10_NStem
zo_m_phakathi	PossConc8_NPrePre3_BPre3_NStem	PossConc10_BPre3_NStem	PossConc8_NPrePre3_BPre3_NStem	PossConc10_BPre3_NStem
.	Punc	Punc	Punc	Punc
Tjheja	VRoot_VerbTerm	NStem	VRoot_VerbTerm	NStem
u_m_buzo	NPrePre3_BPre3_NStem	NPrePre3_BPre3_NStem	NPrePre3_BPre3_NStem	NPrePre3_BPre3_NStem
nge_nzasi	AdvPre_NStem	AdvPre_NStem	AdvPre_NStem	AdvPre_NStem
.	Punc	Punc	Punc	Punc
Khomba	VRoot_VerbTerm	ProperName	VRoot_VerbTerm	ProperName
a_ma_phetheni	NPrePre6_BPre6_NStem	NPrePre6_BPre6_NStem	NPrePre6_BPre6_NStem	NPrePre6_BPre6_NStem
a_qakathek_ile_ko	SC6_VRoot_Perf_RelSuf	SC6_VRoot_Perf_RelSuf	SC6_VRoot_Perf_RelSuf	SC6_VRoot_Perf_RelSuf
a_nga_b_a	SC6_Pot_VRoot_VerbTerm	SC6_AdvPre_VRoot_VerbTerm	SC6_Pot_VRoot_VerbTerm	SC6_Pot_VRoot_VerbTerm
li_sizo	BPre5_NStem	BPre5_NStem	BPre5_NStem	BPre5_NStem
lokha	Conj	Conj	Conj	Conj
na_wulandela	AdvPre_OC3_VRoot_VerbTerm	AdvPre_NStem	AdvPre_OC3_VRoot_VerbTerm	AdvPre_NStem
u_m_khondo	NPrePre1_BPre1_NStem	NPrePre1_BPre1_NStem	NPrePre1_BPre1_NStem	NPrePre1_BPre1_NStem
wa_wo	PossConc3_PronStem6	PossConc3_PronStem6	PossConc3_PronStem6	PossConc3_PronStem6
njengo_ku_sebenz_a	AdvPre_NPrePre15_BPre15_NStem	AdvPre_BPre15_VRoot_VerbTerm	AdvPre_NPrePre15_BPre15_NStem	AdvPre_BPre15_VRoot_VerbTerm
,	Punc	Punc	Punc	Punc
a_ma_phetheni	NPrePre6_BPre6_NStem	NPrePre6_BPre6_NStem	NPrePre6_BPre6_NStem	NPrePre6_BPre6_NStem
wa_ma_lwelwe	PossConc1a_BPre6_NStem	PossConc1a_BPre6_NStem	PossConc1a_BPre6_NStem	PossConc1a_BPre6_NStem
,	Punc	Punc	Punc	Punc
a_ma_zinga	NPrePre6_BPre6_NStem	NPrePre6_BPre6_NStem	NPrePre6_BPre6_NStem	NPrePre6_BPre6_NStem
wo_ko_n_dleka	PossConc1_PossConc15_BPre15_NStem	PossConc1_PossConc15_BPre9_NStem	PossConc1_PossConc15_BPre15_NStem	PossConc1_PossConc15_BPre9_NStem
njll	Abbr	Abbr	Abbr	Abbr
.	Punc	Punc	Punc	Punc
Rekhod_a	VRoot_VerbTerm	VRoot_VerbTerm	VRoot_VerbTerm	VRoot_VerbTerm
i_i_nyanga	NPrePre4_NStem	NPrePre4_BPre8_NStem	NPrePre4_NStem	NPrePre4_BPre4_NStem
zo_nyaka	Pres_NStem	Pres_NStem	Pres_NStem	Pres_NStem
e_fliphutjhadi_ni	LocPre_NStem_LocSuf	LocPre_NStem_LocSuf	LocPre_NStem_LocSuf	LocPre_NStem_LocSuf
be_s_e	SC2_VRoot_VerbTerm	SC2_VRoot_VerbTerm	SC2_VRoot_VerbTerm	SC2_VRoot_VerbTerm
u_buz_a	CopPre_NStem	SC3_VRoot_VerbTerm	CopPre_NStem	SC3_VRoot_VerbTerm
a_ma_lunga	NPrePre6_BPre6_NStem	NPrePre6_BPre6_NStem	NPrePre6_BPre6_NStem	NPrePre6_BPre6_NStem
we_si_qhema	PossConc3_BPre7_NStem	PossConc3_BPre7_NStem	PossConc3_BPre7_NStem	PossConc3_BPre7_NStem
bo_nyana	BPre2_NStem	BPre2_NStem	BPre2_NStem	BPre2_NStem
i_sehlakalo	NPrePre7_BPre7_NStem	NPrePre4_NStem	NPrePre7_BPre7_NStem	NPrePre4_NStem
s_enz_ek_e	PossConc7_LocPre_NStem	SC7_VRoot_NeutExt_VerbTerm	PossConc7_LocPre_NStem	SC7_VRoot_NeutExt_VerbTerm
nini	Adv	Adv	Adv	Adv
nokobana	Conj	Conj	Conj	Conj
si_b_e	OC1_VRoot_VerbTerm	OC1_VRoot_VerbTerm	OC1_VRoot_VerbTerm	OC1_VRoot_VerbTerm
si_b_e	OC1_VRoot_VerbTerm	OC1_VRoot_VerbTerm	OC1_VRoot_VerbTerm	OC1_VRoot_VerbTerm
ka_nga_ngani	AdvPre_NegPre_Interrog	AdvPre_NegPre_Interrog	AdvPre_NegPre_Interrog	AdvPre_NegPre_Interrog
.	Punc	Punc	Punc	Punc
Lokhu	Dem15_Pos1		Dem15_Pos1	
u_nga_kw_enz_a	SC1_Pot_VRoot_VerbTerm	NPrePre15_NegPre_BPre15_VRoot_VerbTerm	SC1_Pot_VRoot_VerbTerm	NPrePre1a_AdvPre_BPre15_VRoot_VerbTerm
ma_lunga_na	BPre6_NStem_DimSuf	BPre6_NStem_DimSuf	BPre6_NStem_DimSuf	BPre6_NStem_DimSuf
na_wo	AdvPre_PronStem3	AdvPre_PronStem3	AdvPre_PronStem3	AdvPre_PronStem3
wo_ke	QuantConc1_QuantStem	QuantConc1_QuantStem	QuantConc1_QuantStem	QuantConc1_QuantStem
a_ma_phetheni	NPrePre6_BPre6_NStem	NPrePre6_BPre6_NStem	NPrePre6_BPre6_NStem	NPrePre6_BPre6_NStem
a_khonjiwe_ko	RelConc6_VRoot_PassExt_VerbTerm_RelSuf	RelConc6_NStem_RelSuf	RelConc6_VRoot_PassExt_VerbTerm_RelSuf	RelConc6_NStem_RelSuf
.	Punc	Punc	Punc	Punc
Khulum_is_an_a	VRoot_CausExt_RecipExt_VerbTerm	VRoot_CausExt_RecipExt_VerbTerm	VRoot_CausExt_RecipExt_VerbTerm	VRoot_CausExt_RecipExt_VerbTerm
ne_si_qhema	AdvPre_NPrePre7_BPre7_NStem	AdvPre_BPre7_NStem	AdvPre_NPrePre7_BPre7_NStem	AdvPre_BPre7_NStem
nge_mi_thelela	AdvPre_BPre4_NStem	AdvPre_BPre4_NStem	AdvPre_BPre4_NStem	AdvPre_BPre4_NStem
ye_phetheni	PossConc4_NStem	PossConc9_NStem	PossConc4_NStem	PossConc9_NStem
nga_yi_nye	AdvPre_CopPre_AdjStem	AdvPre_CopPre_AdjStem	AdvPre_CopPre_AdjStem	AdvPre_CopPre_AdjStem
e_khonjiwe_ko	RelConc9_VRoot_NeutExt_VerbTerm	RelConc9_NStem_RelSuf	RelConc9_VRoot_NeutExt_VerbTerm	RelConc9_NStem_RelSuf
.	Punc	Punc	Punc	Punc
U_m_khandlu	NPrePre3_BPre3_NStem	NPrePre3_BPre3_NStem	NPrePre3_BPre3_NStem	NPrePre3_BPre3_NStem
u_ng_enz_a	SC2_Pot_VRoot_VerbTerm	SC1_Pot_VRoot_VerbTerm	SC2_Pot_VRoot_VerbTerm	SC3_Pot_VRoot_VerbTerm
i_Foramu	NPrePre4_NStem	NPrePre4_NStem	NPrePre4_NStem	NPrePre4_NStem
yo_bu_Jameli	PossConc4_BPre14_NStem	PossConc4_BPre14_NStem	PossConc4_BPre14_NStem	PossConc4_BPre14_NStem
be__I_DP	PossConc2_Abbr	PossConc2_BPre8_Abbr	PossConc2_Abbr	PossConc2_NPrePre9_Abbr
u_ku_thol_a	NPrePre15_BPre15_VRoot_VerbTerm	NPrePre15_BPre15_VRoot_VerbTerm	NPrePre15_BPre15_VRoot_VerbTerm	NPrePre15_BPre15_VRoot_VerbTerm
u_bu_hlanganyeli	NPrePre14_BPre14_NStem	NPrePre14_BPre14_NStem	NPrePre14_BPre14_NStem	NPrePre14_BPre14_NStem
o_buseqophelweni	RelConc14_NStem	BPre2a_NStem	RelConc14_NStem	BPre1a_NStem
eli_phezulu	RelConc5_NStem	RelConc5_NStem	RelConc5_NStem	RelConc5_NStem
ka_nye	AdvPre_AdjStem	AdvPre_AdjStem	AdvPre_AdjStem	AdvPre_AdjStem
no_m_bono	AdvPre_NPre3_BPre3_NStem	AdvPre_BPre4_NStem	AdvPre_NPre3_BPre3_NStem	AdvPre_BPre4_NStem
o_vel_a	RelConc3_VRoot_VerbTerm	RelConc3_VRoot_VerbTerm	RelConc3_VRoot_VerbTerm	RelConc3_VRoot_VerbTerm
e_m_phakath_ini	LocPre_NPrePre3_BPre3_NStem_LocSuf	LocPre_BPre3_NStem_LocSuf	LocPre_NPrePre3_BPre3_NStem_LocSuf	LocPre_BPre3_NStem_LocSuf
.	Punc	Punc	Punc	Punc
I_Foramu	NPrePre4_NStem	NPrePre4_NStem	NPrePre4_NStem	NPrePre4_NStem
i_nga_fak_a	SC9_AdvPre_VRoot_VerbTerm	SC9_AdvPre_VRoot_VerbTerm	SC9_AdvPre_VRoot_VerbTerm	SC9_AdvPre_VRoot_VerbTerm
hlangan_a	VRoot_VerbTerm	VRoot_VerbTerm	VRoot_VerbTerm	VRoot_VerbTerm
a_ma_lunga	NPrePre6_BPre6_NStem	NPrePre6_BPre6_NStem	NPrePre6_BPre6_NStem	NPrePre6_BPre6_NStem
wo_m_khandlu	PossConc6_BPre3_NStem	PossConc3_BPre3_NStem	PossConc6_BPre3_NStem	PossConc3_BPre3_NStem
,	Punc	Punc	Punc	Punc
a_ma_lunga	NPrePre6_BPre6_NStem	NPrePre6_BPre6_NStem	NPrePre6_BPre6_NStem	NPrePre6_BPre6_NStem
a_ma_khulu	AdjPref6_AdjStem	NPrePre6_BPre6_NStem	AdjPref6_AdjStem	NPrePre6_BPre6_NStem
w_e_komidi	PossConc3_NStem	PossConc6_LocPre_NStem	PossConc3_NStem	PossConc6_LocPre_NStem
,	Punc	Punc	Punc	Punc
i_in_khulu	NPrePre8_BPre8_NStem	NPrePre8_BPre8_NStem	NPrePre8_BPre8_NStem	NPrePre8_BPre8_NStem
ezi_phath_a_ko	RelConc8_VRoot_VerbTerm_RelSuf	RelConc10_VRoot_VerbTerm_RelSuf	RelConc8_VRoot_VerbTerm_RelSuf	RelConc10_VRoot_VerbTerm_RelSuf
ezi_kulu	RelConc8_Adv	RelConc8_Adv	RelConc8_Adv	RelConc8_Adv
,	Punc	Punc	Punc	Punc
a_ma_lunga	NPrePre6_BPre6_NStem	NPrePre6_BPre6_NStem	NPrePre6_BPre6_NStem	NPrePre6_BPre6_NStem
we_Komidi	PossConc1_NStem	PossConc1_NStem	PossConc1_NStem	PossConc1_NStem
ye_Wadi	PossConc4_NStem	PossConc4_NStem	PossConc4_NStem	PossConc4_NStem
ka_nye	AdvPre_AdjStem	AdvPre_AdjStem	AdvPre_AdjStem	AdvPre_AdjStem
na_ba_jameli	AdvPre_NStem	AdvPre_BPre2_NStem	AdvPre_NStem	AdvPre_BPre2_NStem
aba_buy_a	RelConc2_VRoot_VerbTerm	RelConc2_VRoot_VerbTerm	RelConc2_VRoot_VerbTerm	RelConc2_VRoot_VerbTerm
e_e_n_qhem_eni	RelConc9_LocPre_BPre9_NStem_LocSuf	RelConc9_LocPre_BPre9_NStem_LocSuf	RelConc9_LocPre_BPre9_NStem_LocSuf	RelConc9_LocPre_BPre9_NStem_LocSuf
za_ba_bambisani	PossConc8_BPre2_NStem	PossConc8_BPre2_NStem	PossConc8_BPre2_NStem	PossConc8_BPre2_NStem
ezi_hlelekile_ko	RelConc8_NStem_RelSuf	RelConc8_NStem_RelSuf	RelConc8_NStem_RelSuf	RelConc8_NStem_RelSuf
,	Punc	Punc	Punc	Punc
a_ba_rholi	NPrePre2_BPre2_NStem	NPrePre2_BPre2_NStem	NPrePre2_BPre2_NStem	NPrePre2_BPre2_NStem
be_ndabuko	PossConc2a_NStem	PossConc2a_NStem	PossConc2a_NStem	PossConc2a_NStem
na_ba_ntu	AdvPre_NPrePre2_BPre2_NStem	AdvPre_BPre2_NStem	AdvPre_NPrePre2_BPre2_NStem	AdvPre_BPre2_NStem
.	Punc	Punc	Punc	Punc
I_phiko	NPrePre4_NStem	NPrePre4_NStem	NPrePre4_NStem	NPrePre4_NStem
li_kghonakalisa	BPre5_NStem	BPre5_NStem	BPre5_NStem	BPre5_NStem
i_kulumiswano	NPrePre4_BPre15_NStem	NPrePre4_NStem	NPrePre4_BPre15_NStem	NPrePre4_NStem
ka_nye	AdvPre_AdjStem	AdvPre_AdjStem	AdvPre_AdjStem	AdvPre_AdjStem
no_ku_thath_a	AdvPre_NPrePre15_BPre15_VRoot_VerbTerm	AdvPre_BPre15_VRoot_VerbTerm	AdvPre_NPrePre15_BPre15_VRoot_VerbTerm	AdvPre_BPre15_VRoot_VerbTerm
i_in_qunto	NPrePre8_BPre8_NStem	NPrePre8_BPre8_NStem	NPrePre8_BPre8_NStem	NPrePre4_BPre4_NStem
ndawonye	Adv	Adv	Adv	Adv
ze__I_DP	PossConc8_Abbr	Pres_NPre5_Abbr	PossConc8_Abbr	Pres_BPre9_Abbr
.	Punc	Punc	Punc	Punc
I_Foramu	NPrePre4_NStem	NPrePre4_NStem	NPrePre4_NStem	NPrePre4_NStem
ya_ba_Jameli	PossConc4_BPre2_NStem	PossConc4_BPre2_NStem	PossConc4_BPre2_NStem	PossConc4_BPre2_NStem
be__I_DP	PossConc2_Abbr	PossConc2_NPrePre9_Abbr	PossConc2_Abbr	PossConc2_NPrePre4_Abbr
ku_fan_el_e	SC15_VRoot_ApplExt_VerbTerm	OC15_VRoot_ApplExt_VerbTerm	SC15_VRoot_ApplExt_VerbTerm	OC15_VRoot_ApplExt_VerbTerm
ku_b_e	SC15_VRoot_VerbTerm	OC15_VRoot_VerbTerm	SC15_VRoot_VerbTerm	OC15_VRoot_VerbTerm
yi_hlangano	CopPre_NStem	CopPre_NStem	CopPre_NStem	CopPre_NStem
ya_safuthi	PossConc4_NStem	PossConc1a_NStem	PossConc4_NStem	PossConc1a_NStem
e_nik_el_w_e	RelConc9_VRoot_PassExt_VerbTerm	RelConc4_VRoot_ApplExt_PassExt_VerbTerm	RelConc9_VRoot_PassExt_VerbTerm	RelConc4_VRoot_ApplExt_PassExt_VerbTerm
no_m_sebenzi	AdvPre_NPrePre3_BPre3_NStem	AdvPre_BPre3_NStem	AdvPre_NPrePre3_BPre3_NStem	AdvPre_BPre3_NStem
wo_ku_tjheja	PossConc3_NPrePre15_BPre15_NStem	PossConc6_BPre15_NStem	PossConc3_NPrePre15_BPre15_NStem	PossConc3_BPre15_NStem
u_kw_enz_iw_a	NPrePre15_BPre15_VRoot_PassExt_VerbTerm	NPrePre15_BPre15_VRoot_PassExt_VerbTerm	NPrePre15_BPre15_VRoot_PassExt_VerbTerm	NPrePre15_BPre15_VRoot_PassExt_VerbTerm
ko_m_sebenzi	PossConc15_NPrePre3_BPre3_NStem	PossConc15_BPre3_NStem	PossConc15_NPrePre3_BPre3_NStem	PossConc15_BPre3_NStem
nge_si_khathi	AdvPre_NPrePre7_BPre7_NStem	AdvPre_BPre7_NStem	AdvPre_NPrePre7_BPre7_NStem	AdvPre_BPre7_NStem
so_ku_phunyeleliswa	PossConc7_NPrePre15_BPre15_NStem	PossConc7_BPre15_NStem	PossConc7_NPrePre15_BPre15_NStem	PossConc7_BPre15_NStem
kwe__I_DP	PossConc15_Abbr	PossConc15_NPrePre4_Abbr	PossConc15_Abbr	PossConc15_NPrePre9_Abbr
.	Punc	Punc	Punc	Punc
I_si_qhema	NPrePre7_BPre7_NStem	NPrePre7_BPre7_NStem	NPrePre7_BPre7_NStem	NPrePre7_BPre7_NStem
,	Punc	Punc	Punc	Punc
ngo_ku_rholwa	AdvPre_BPre15_NStem	AdvPre_BPre15_NStem	AdvPre_BPre15_NStem	AdvPre_BPre15_NStem
'	Punc	Punc	Punc	Punc
ba_kghonakalisi	PossConc2_NStem	PossConc2_NStem	PossConc2_NStem	PossConc2_NStem
'	Punc	Punc	Punc	Punc
,	Punc	Punc	Punc	Punc
ku_fuz_e	OC15_VRoot_VerbTerm	OC15_VRoot_VerbTerm	OC15_VRoot_VerbTerm	OC15_VRoot_VerbTerm
s_e_ndlal_e	PossConc7_LocPre_NStem	PossConc7_LocPre_VRoot_VerbTerm	PossConc7_LocPre_NStem	PossConc7_LocPre_VRoot_VerbTerm
i_in_qhema	NPrePre8_NPre8_NStem	NPrePre8_NPre8_NStem	NPrePre8_NPre8_NStem	NPrePre8_NPre8_NStem
ze_hlalakuhle	Pres_NStem	Pres_NStem	Pres_NStem	Pres_NStem
e_za_hlukene_ko	LocPre_Pres_NStem_RelSuf	LocPre_Pres_NStem_RelSuf	LocPre_Pres_NStem_RelSuf	LocPre_Pres_NStem_RelSuf
e_m_phakath_ini	LocPre_NPrePre3_BPre3_NStem_LocSuf	LocPre_BPre3_NStem_LocSuf	LocPre_NPrePre3_BPre3_NStem_LocSuf	LocPre_BPre3_NStem_LocSuf
wa_so	PossConc1_PronStem7	PossConc1_PronStem7	PossConc1_PronStem7	PossConc1_PronStem7
begodu	Conj	Conj	Conj	Conj
si_zi_rekhode	SC7_OC7_VRoot_VerbTerm	BPre7_BPre10_NStem	SC7_OC7_VRoot_VerbTerm	BPre7_ReflPre_NStem
e_fliphutjhadi_ni	LocPre_NStem_LocSuf	LocPre_NStem_LocSuf	LocPre_NStem_LocSuf	LocPre_NStem_LocSuf
,	Punc	Punc	Punc	Punc
begodu	Conj	Conj	Conj	Conj
ngo_ku_fitjhani	NegPre_NStem	AdvPre_BPre15_NStem	NegPre_NStem	NegPre_BPre15_NStem
,	Punc	Punc	Punc	Punc
si_tjho	SC1_VRoot_VerbTerm	BPre7_NStem	SC1_VRoot_VerbTerm	BPre7_NStem
nokobana	Conj	Conj	Conj	Conj
ngima_phi	SC6_BPre6_EnumStem	Interrog_EnumStem	SC6_BPre6_EnumStem	SC6_EnumStem
a_ma_tjhuguluko	NPrePre6_BPre6_NStem	NPrePre6_BPre6_NStem	NPrePre6_BPre6_NStem	NPrePre6_BPre6_NStem
enzekile_ko	VRoot_NeutExt_Perf_RelSuf	NStem_RelSuf	VRoot_NeutExt_Perf_RelSuf	NStem_RelSuf
mayelana	NStem	NStem	NStem	NStem
ne_bunjo	AdvPre_NStem	AdvPre_NStem	AdvPre_NStem	AdvPre_NStem
le_ze_hlalakuhle	PossConc5_BPre8_NStem	PossConc5_BPre8_NStem	PossConc5_BPre8_NStem	PossConc5_BPre8_NStem
e_m_phakath_ini	LocPre_NPrePre3_BPre3_NStem_LocSuf	LocPre_BPre3_NStem_LocSuf	LocPre_NPrePre3_BPre3_NStem_LocSuf	LocPre_BPre3_NStem_LocSuf
wa_so	PossConc1_PronStem7	PossConc1_PronStem7	PossConc1_PronStem7	PossConc1_PronStem7
e_mi_nyak_eni	LocPre_NPrePre4_BPre4_NStem_LocSuf	LocPre_BPre4_NStem_LocSuf	LocPre_NPrePre4_BPre4_NStem_LocSuf	LocPre_BPre4_NStem_LocSuf
e_mbalw_a	RelConc4_RelStem	RelConc4_Intrans_VerbTerm	RelConc4_RelStem	RelConc4_VRoot_VerbTerm
e_gadungile_ko	LocPre_NStem	LocPre_NStem_RelSuf	LocPre_NStem	LocPre_NStem_RelSuf
,	Punc	Punc	Punc	Punc
nangabe	Conj	Conj	Conj	Conj
a_khona	RelConc6_Adv	RelConc6_Adv	RelConc6_Adv	RelConc6_Adv
.	Punc	Punc	Punc	Punc
Nge_mva	AdvPre_Adv	AdvPre_Adv	AdvPre_Adv	AdvPre_Adv
kwa_lokho	PossConc15_Dem15_Pos2	PossConc15	PossConc15_Dem15_Pos2	PossConc15
sitlol_a	OC7_VRoot_VerbTerm	VRoot_VerbTerm	OC7_VRoot_VerbTerm	Intrans_VerbTerm
i_in_qhema	NPrePre8_NPre8_NStem	NPrePre8_NPre8_NStem	NPrePre8_NPre8_NStem	NPrePre8_NPre8_NStem
ezi_limal_a	RelConc8_NStem	RelConc8_VRoot_VerbTerm	RelConc8_NStem	RelConc8_VRoot_VerbTerm
lul_a	NStem	VRoot_VerbTerm	NStem	VRoot_VerbTerm
khulu	Adv	Adv	Adv	Adv
ka_nye	AdvPre_AdjStem	AdvPre_AdjStem	AdvPre_AdjStem	AdvPre_AdjStem
na_lezo	AdvPre_Dem8_Pos2	AdvPre	AdvPre_Dem8_Pos2	AdvPre
ezi_phephe	RelConc8_VRoot_VerbTerm	RelConc10_NStem	RelConc8_VRoot_VerbTerm	RelConc8_NStem
khulu	Adv	Adv	Adv	Adv
,	Punc	Punc	Punc	Punc
i_sib	Abbr	NPrePre5_NStem	Abbr	NPrePre9_NStem
.	Punc	Punc	Punc	Punc
aba_phephile_ko	RelConc2_VRoot_Perf_RelSuf	RelConc2_NStem_RelSuf	RelConc2_VRoot_Perf_RelSuf	RelConc2_NStem_RelSuf
ku_nga_b_a	SC15_Pot_VRoot_VerbTerm	SC15_Pot_VRoot_VerbTerm	SC15_Pot_VRoot_VerbTerm	SC15_Pot_VRoot_VerbTerm
ngi_labo	CopPre_Dem2_Pos2	CopPre	CopPre_Dem2_Pos2	CopPre
aba_sebenz_a	RelConc2_VRoot_VerbTerm	RelConc2_VRoot_VerbTerm	RelConc2_VRoot_VerbTerm	RelConc2_VRoot_VerbTerm
i_mi_sebenzi	NPrePre4_BPre4_NStem	NPrePre4_BPre4_NStem	NPrePre4_BPre4_NStem	NPrePre4_BPre4_NStem
yo_bu_kghwari	PossConc4_BPre14_NStem	PossConc4_BPre14_NStem	PossConc4_BPre14_NStem	PossConc4_BPre14_NStem
,	Punc	Punc	Punc	Punc
aba_limal_a	SC2_OC2_VRoot_VerbTerm	RelConc2_VRoot_VerbTerm	SC2_OC2_VRoot_VerbTerm	RelConc2_VRoot_VerbTerm
lul_a	NStem	VRoot_VerbTerm	NStem	VRoot_VerbTerm
ku_nga_b_a	SC15_Pot_VRoot_VerbTerm	SC15_Pot_VRoot_VerbTerm	SC15_Pot_VRoot_VerbTerm	SC15_Pot_VRoot_VerbTerm
ngi_labo	CopPre_Dem2_Pos2	CopPre	CopPre_Dem2_Pos2	CopPre
aba_maketh_a	RelConc2_BPre6_NStem	RelConc2_VRoot_VerbTerm	RelConc2_BPre6_NStem	RelConc2_VRoot_VerbTerm
u_m_sebenzi	NPrePre3_BPre3_NStem	NPrePre3_BPre3_NStem	NPrePre3_BPre3_NStem	NPrePre3_BPre3_NStem
ko_ku_thom_a	PossConc15_NPrePre15_BPre15_VRoot_VerbTerm	PossConc15_BPre15_VRoot_VerbTerm	PossConc15_NPrePre15_BPre15_VRoot_VerbTerm	PossConc15_BPre15_VRoot_VerbTerm
.	Punc	Punc	Punc	Punc
U_m_ma	NPrePre1_NStem	NPrePre3_BPre3_NStem	NPrePre1_NStem	NPrePre1_BPre1_NStem
u_Ma_hlangu	ProperName	NPrePre3_BPre6_NStem	ProperName	NPrePre3_BPre6_NStem
u_thenge	SC1_VRoot_VerbTerm	NPrePre1a_NStem	SC1_VRoot_VerbTerm	NPrePre1a_NStem
i_n_dlu	NPrePre10_BPre10_NStem	NPrePre8_BPre8_NStem	NPrePre10_BPre10_NStem	NPrePre7_BPre7_NStem
begodu	Conj	Conj	Conj	Conj
u_tlhoga	BPre1_NStem	NPrePre1a_NStem	BPre1_NStem	NPrePre1a_NStem
ukobana	Conj	Conj	Conj	Conj
a_zoku_dosel_w_a	RelConc6_Fut_Intrans_PassExt_VerbTerm	SC6_Fut_Intrans_PassExt_VerbTerm	RelConc6_Fut_Intrans_PassExt_VerbTerm	SC6_Fut_VRoot_PassExt_VerbTerm
i_gezi	NPrePre9_NStem	NPrePre9_NStem	NPrePre9_NStem	NPrePre9_NStem
.	Punc	Punc	Punc	Punc
U_ya_khamb_a	SC1a_Pres_VRoot_VerbTerm	SC3_Pres_VRoot_VerbTerm	SC1a_Pres_VRoot_VerbTerm	SC3_Pres_VRoot_VerbTerm
u_y_a	NPrePre1a_NStem	SC2_VRoot_VerbTerm	NPrePre1a_NStem	SC1a_VRoot_VerbTerm
ku_masipala	LocPre_NStem	LocPre_NStem	LocPre_NStem	LocPre_NStem
u_yoku_zal_is_a	NPrePre1a_Fut_NStem	NPrePre1a_Fut_VRoot_CausExt_VerbTerm	NPrePre1a_Fut_NStem	SC1a_Fut_VRoot_CausExt_VerbTerm
i_foromo	NPrePre5_NStem	NPrePre4_NStem	NPrePre5_NStem	NPrePre4_NStem
be_s_e	SC2_VRoot_VerbTerm	SC2_VRoot_VerbTerm	SC2_VRoot_VerbTerm	SC2_VRoot_VerbTerm
u_bhadala	NPrePre1a_NStem	NPrePre1a_NStem	NPrePre1a_NStem	NPrePre1a_NStem
ne_di_bhozi_di	AdvPre_NStem	AdvPre_Pres_NStem_NStem	AdvPre_NStem	AdvPre_LocPre_NStem_NStem
.	Punc	Punc	Punc	Punc
Na_ka_fik_a_ko	AdvPre_LocPre_VRoot_VerbTerm_RelSuf	AdvPre_Pres_VRoot_VerbTerm_RelSuf	AdvPre_LocPre_VRoot_VerbTerm_RelSuf	AdvPre_ExclNeg_VRoot_VerbTerm_RelSuf
u_bon_a	SC1_VRoot_VerbTerm	SC3_VRoot_VerbTerm	SC1_VRoot_VerbTerm	SC1_VRoot_VerbTerm
u_m_jeje	NPrePre3_BPre3_NStem	NPrePre3_BPre3_NStem	NPrePre3_BPre3_NStem	NPrePre3_BPre3_NStem
o_mude	BPre3_NStem	RelConc3_NStem	BPre3_NStem	RelConc3_NStem
be_s_e	SC2_VRoot_VerbTerm	SC2_VRoot_VerbTerm	SC2_VRoot_VerbTerm	SC2_VRoot_VerbTerm
u_fik_a	BPre1a_NStem	SC3_VRoot_VerbTerm	BPre1a_NStem	SC1_VRoot_VerbTerm
u_ja_ma	BPre1a_NStem	NPrePre1a_NStem_NStem	BPre1a_NStem	NPrePre1a_Pres_NStem
e_mjej_eni	LocPre_BPre3_NStem_LocSuf	LocPre_NStem_LocSuf	LocPre_BPre3_NStem_LocSuf	LocPre_NStem_LocSuf
.	Punc	Punc	Punc	Punc
I_in_sebenzi	NPrePre8_BPre8_NStem	NPrePre8_BPre8_NStem	NPrePre8_BPre8_NStem	NPrePre8_BPre8_NStem
za_ka_masipala	PossConc8_PossKA_NStem	PossConc10_PossKA_NStem	PossConc8_PossKA_NStem	PossConc10_PossKA_NStem
zi_zI_fundela	BPre8_Pres_NStem	Pres_BPre8_NStem	BPre8_Pres_NStem	BPre10_BPre8_NStem
a_ma_phephandaba	NPrePre6_BPre6_NStem	NPrePre6_BPre6_NStem	NPrePre6_BPre6_NStem	NPrePre6_BPre6_NStem
zi_zi_selela	BPre8_Pres_NStem	BPre8_BPre8_NStem	BPre8_Pres_NStem	BPre8_BPre8_NStem
ne_ti_y_e	AdvPre_NStem	AdvPre_SC2_VRoot_VerbTerm	AdvPre_NStem	AdvPre_OC1_VRoot_VerbTerm
.	Punc	Punc	Punc	Punc
A_ba_ntu	NPrePre2_BPre2_NStem	NPrePre2_BPre2_NStem	NPrePre2_BPre2_NStem	NPrePre2_BPre2_NStem
aba_s_e_mjej_eni	NPrePre2_BPre2_NStem_LocSuf	RelConc2_PreLoc-s_LocPre_NStem_LocSuf	NPrePre2_BPre2_NStem_LocSuf	RelConc2_PreLoc-s_LocPre_NStem_LocSuf
ba_ya_nghonghoyila	SC2_Pres_Intrans_VerbTerm	PossConc1a_Pres_NStem	SC2_Pres_Intrans_VerbTerm	PossConc2_Pres_NStem
kodwana	Conj	Conj	Conj	Conj
ba_tjelwa	SC2_Intrans_PassExt_VerbTerm	CopPre_NStem	SC2_Intrans_PassExt_VerbTerm	BPre2_NStem
bon_a	AbsPron2	VRoot_VerbTerm	AbsPron2	VRoot_VerbTerm
i_in_sebenzi	NPrePre8_BPre8_NStem	NPrePre8_BPre8_NStem	NPrePre8_BPre8_NStem	NPrePre8_BPre8_NStem
na_zo	AdvPre_PronStem8	AdvPre_PronStem10	AdvPre_PronStem8	AdvPre_PronStem10
'	Punc	Punc	Punc	Punc
zi_ne_lungelo	BPre8_AdvPre_NStem	BPre8_AdvPre_NStem	BPre8_AdvPre_NStem	BPre8_AdvPre_NStem
lo_ku_thath_a	AdvPre_NPrePre15_BPre15_VRoot_VerbTerm	PossConc5_BPre15_VRoot_VerbTerm	AdvPre_NPrePre15_BPre15_VRoot_VerbTerm	PossConc5_BPre15_VRoot_VerbTerm
i_khefu	NPrePre5_NStem	NPrePre4_NStem	NPrePre5_NStem	NPrePre4_NStem
'	Punc	Punc	Punc	Punc
.	Punc	Punc	Punc	Punc
U_li_nd_a	BPre1a_NStem	SC5_BPre5_VRoot_VerbTerm	BPre1a_NStem	SC1_OC5_VRoot_VerbTerm
a_ma__i_ri	NPrePre6_BPre6_NStem	NPrePre6_BPre6_BPre6_NStem	NPrePre6_BPre6_NStem	NPrePre6_BPre6_BPre6_NStem
a_ma__3	NPrePre6_BPre6_Num	NPrePre6_BPre6_Num	NPrePre6_BPre6_Num	NPrePre6_BPre6_Num
nge_mva	AdvPre_Adv	AdvPre_Adv	AdvPre_Adv	AdvPre_Adv
kwa_lokho	PossConc15_Dem15_Pos2	PossConc15	PossConc15_Dem15_Pos2	PossConc15
se_kusikhathi	PossConc7_BPre15_BPre7_NStem	PossConc7_NStem	PossConc7_BPre15_BPre7_NStem	PossConc7_NStem
so_ku_dl_a	PossConc7_NPrePre15_BPre15_VRoot_VerbTerm	PossConc7_BPre15_VRoot_VerbTerm	PossConc7_NPrePre15_BPre15_VRoot_VerbTerm	PossConc7_BPre15_VRoot_VerbTerm
.	Punc	Punc	Punc	Punc
Nge__i_ri	AdvPre_NStem	AdvPre_NPrePre8_NStem	AdvPre_NStem	AdvPre_NPre5_NStem
le__2.30	Dem4_Pos1_Num	PossConc5_Num	Dem4_Pos1_Num	PossConc5_Num
ntambama	Adv	Adv	Adv	Adv
i_in_sebenzi	NPrePre8_BPre8_NStem	NPrePre8_BPre8_NStem	NPrePre8_BPre8_NStem	NPrePre8_BPre8_NStem
zi_ya_buy_a	SC8_Pre_VRoot_VerbTerm	SC8_Pres_VRoot_VerbTerm	SC8_Pre_VRoot_VerbTerm	SC8_Pres_VRoot_VerbTerm
ku_thi	BPre15_VRoot_VerbTerm	BPre15_NStem	BPre15_VRoot_VerbTerm	BPre17_NStem
na_sele	AdvPre_NStem	AdvPre_NStem	AdvPre_NStem	AdvPre_NStem
zi_fik_a	BPre8_NStem	SC10_VRoot_VerbTerm	BPre8_NStem	SC10_VRoot_VerbTerm
ku_ye	LocPre_PronStem9	LocPre_PronStem9	LocPre_PronStem9	BPre15_PronStem9
i_si_khathi	NPrePre7_BPre7_NStem	NPrePre7_BPre7_NStem	NPrePre7_BPre7_NStem	NPrePre7_BPre7_NStem
se_si_khamb_e	SC8_Pres_VRoot_VerbTerm	SC2_BPre7_VRoot_VerbTerm	SC8_Pres_VRoot_VerbTerm	SC5_SC7_VRoot_VerbTerm
se_si_khamb_e	SC8_Pres_VRoot_VerbTerm	SC2_SC7_VRoot_VerbTerm	SC8_Pres_VRoot_VerbTerm	SC7_SC7_VRoot_VerbTerm
.	Punc	Punc	Punc	Punc
Qalisa	VRoot_VerbTerm	ProperName	VRoot_VerbTerm	ProperName
e_m_buzw_eni	NPrePre6_NPrePre3_BPre3_NStem_LocSuf	LocPre_BPre3_NStem_LocSuf	NPrePre6_NPrePre3_BPre3_NStem_LocSuf	LocPre_BPre3_NStem_LocSuf
w_esibili	PossConc6_NPrePre7_BPre7_NStem	PossConc1a_NStem	PossConc6_NPrePre7_BPre7_NStem	PossConc1_NStem
be_s_e	SC2_VRoot_VerbTerm	SC2_VRoot_VerbTerm	SC2_VRoot_VerbTerm	SC2_VRoot_VerbTerm
u_thath_a	SC1_VRoot_VerbTerm	SC1_VRoot_VerbTerm	SC1_VRoot_VerbTerm	SC1_VRoot_VerbTerm
i_im_pendulo	NPrePre10_BPre10_NStem	NPrePre10_BPre10_NStem	NPrePre10_BPre10_NStem	NPrePre10_BPre10_NStem
.	Punc	Punc	Punc	Punc
U_kw_enz_iw_a	NPrePre15_BPre15_VRoot_PassExt_VerbTerm	NPrePre15_BPre15_VRoot_PassExt_VerbTerm	NPrePre15_BPre15_VRoot_PassExt_VerbTerm	NPrePre15_BPre15_VRoot_PassExt_VerbTerm
kwe_miTlamo	PossConc15_BPre4_NStem	PossConc15_NStem	PossConc15_BPre4_NStem	PossConc15_NStem
yo_ku_Thuthuk_is_a	PossConc4_NPrePre15_BPre15_VRoot_CausExt_VerbTerm	PossConc9_BPre15_VRoot_CausExt_VerbTerm	PossConc4_NPrePre15_BPre15_VRoot_CausExt_VerbTerm	PossConc9_BPre15_VRoot_CausExt_VerbTerm
e_Hlanganis_iw_e_ko	RelConc9_VRoot_PassExt_NeutExt_VerbTerm	RelConc4_VRoot_PassExt_VerbTerm_RelSuf	RelConc9_VRoot_PassExt_NeutExt_VerbTerm	RelConc9_VRoot_PassExt_VerbTerm_RelSuf
bu_kghoni	BPre14_NStem	BPre14_NStem	BPre14_NStem	BPre14_NStem
ba_ka_rhulumende	PossConc14_PossKA_NStem	PossConc2a_PossKA_NStem	PossConc14_PossKA_NStem	PossConc2a_PossKA_NStem
we_khaya	PossConc3_NPrePre5_BPre5_NStem	PossConc3_NStem	PossConc3_NPrePre5_BPre5_NStem	PossConc3_NStem
.	Punc	Punc	Punc	Punc
I_mi_tlamo	NPrePre4_BPre4_NStem	NPrePre4_BPre4_NStem	NPrePre4_BPre4_NStem	NPrePre4_BPre4_NStem
le	Dem9_Pos1		Dem9_Pos1	
i_zoku_leth_a	NPrePre4_Fut_VRoot_VerbTerm	SC4_Fut_VRoot_VerbTerm	NPrePre4_Fut_VRoot_VerbTerm	SC4_Fut_VRoot_VerbTerm
i_tjhuguluko	NPrePre5_NStem	NPrePre4_NStem	NPrePre5_NStem	NPrePre4_NStem
la_ma_dorobha	AdvPre_NPrePre6_BPre6_NStem	PossConc5_BPre6_NStem	AdvPre_NPrePre6_BPre6_NStem	PossPron_BPre6_NStem
ne_ndlela	AdvPre_NPrePre9_BPre9_NStem	AdvPre_NStem	AdvPre_NPrePre9_BPre9_NStem	AdvPre_NStem
a_phath_w_a	RelConc9_VRoot_PassExt_VerbTerm	SC6_VRoot_PassExt_VerbTerm	RelConc9_VRoot_PassExt_VerbTerm	SC6_VRoot_PassExt_VerbTerm
nga_yo	AdvPre_PronStem9	AdvPre_PronStem9	AdvPre_PronStem9	AdvPre_PronStem9
njengobana	Conj	Conj	Conj	Conj
i_kambiso	NPrePre9_NStem	NPrePre9_NStem	NPrePre9_NStem	NPrePre9_NStem
ye__I_DP	PossConc9_Abbr	PossConc4_NPrePre4_Abbr	PossConc9_Abbr	PossConc9_NPrePre9_Abbr
i_nqoph_e	SC9_VRoot_VerbTerm	SC5_VRoot_VerbTerm	SC9_VRoot_VerbTerm	SC5_VRoot_VerbTerm
e_ku_fik_eni	RelConc9_SC15_VRoot_LocSuf	LocPre_BPre15_NStem_LocSuf	RelConc9_SC15_VRoot_LocSuf	LocPre_BPre15_NStem_LocSuf
e_e_n_qundw_eni	RelConc9_LocPre_NStem_LocSuf	RelConc9_LocPre_BPre9_NStem_LocSuf	RelConc9_LocPre_NStem_LocSuf	RelConc9_LocPre_BPre9_NStem_LocSuf
ze_e_ndaba	BPre10_NPre10_BPre10_NStem	PossConc8_LocPre_NStem	BPre10_NPre10_BPre10_NStem	PossConc8_LocPre_NStem
ezi_fan_a	SC10_OC8_VRoot_VerbTerm	RelConc8_VRoot_VerbTerm	SC10_OC8_VRoot_VerbTerm	RelConc8_VRoot_VerbTerm
na_ma_bhajedi	AdvPre_BPre6_NStem	AdvPre_BPre6_NStem	AdvPre_BPre6_NStem	AdvPre_BPre6_NStem
ka_masipala	PossKA_NStem	PossKA_NStem	PossKA_NStem	PossKA_NStem
,	Punc	Punc	Punc	Punc
i_lawulo	NPrePre5_NStem	NPrePre4_NStem	NPrePre5_NStem	NPrePre4_NStem
lo_m_hlabathi	PossConc3_NPrePre3_BPre3_NStem	PossConc5_BPre3_NStem	PossConc3_NPrePre3_BPre3_NStem	PossConc5_BPre3_NStem
,	Punc	Punc	Punc	Punc
u_ku_thuthuk_is_w_a	NPrePre15_BPre15_NStem	NPrePre15_BPre15_VRoot_CausExt_PassExt_VerbTerm	NPrePre15_BPre15_NStem	NPrePre15_BPre15_VRoot_CausExt_PassExt_VerbTerm
kwe_zomnotho	PossConc15_NStem	PossConc15_NStem	PossConc15_NStem	PossConc15_NStem
we_khaya	PossConc3_NPrePre5_BPre5_NStem	PossConc3_NStem	PossConc3_NPrePre5_BPre5_NStem	PossConc3_NStem
ne_tjhuguluko	AdvPre_NPre3_NStem	AdvPre_NStem	AdvPre_NPre3_NStem	AdvPre_NStem
lo_m_nyango	AdvPre_NPrePre3_BPre3_NStem	PossConc5_BPre10_NStem	AdvPre_NPrePre3_BPre3_NStem	PossConc5_BPre3_NStem
.	Punc	Punc	Punc	Punc
E_kw_enz_e_ni	LocPre_NPrePre15_BPre15_VRoot_VerbTerm_LocSuf	LocPre_BPre15_VRoot_VerbTerm_LocSuf	LocPre_NPrePre15_BPre15_VRoot_VerbTerm_LocSuf	LocPre_BPre15_VRoot_VerbTerm_LocSuf
u_m_sebenzi	NPrePre3_BPre3_NStem	NPrePre3_BPre3_NStem	NPrePre3_BPre3_NStem	NPrePre3_BPre3_NStem
,	Punc	Punc	Punc	Punc
u_rhulumende	NPrePre1a_NStem	NPrePre1a_NStem	NPrePre1a_NStem	NPrePre1a_NStem
we_khaya	PossConc1a_LocPre_NStem	PossConc3_NStem	PossConc1a_LocPre_NStem	PossConc3_NStem
ku_fan_el_e	OC15_VRoot_ApplExt_VerbTerm	OC15_VRoot_ApplExt_VerbTerm	OC15_VRoot_ApplExt_VerbTerm	OC15_VRoot_ApplExt_VerbTerm
abambis_an_e	RelConc6_VRoot_CausExt_RecipExt_VerbTerm	VRoot_RecipExt_VerbTerm	RelConc6_VRoot_CausExt_RecipExt_VerbTerm	VRoot_RecipExt_VerbTerm
begodu	Conj	Conj	Conj	Conj
a_hlalis_e	SC6_VRoot_CausExt_VerbTerm	SC6_VRoot_VerbTerm	SC6_VRoot_CausExt_VerbTerm	SC6_VRoot_VerbTerm
ku_hle	AdjPref15_AdjStem	AdjPref15_AdjStem	AdjPref15_AdjStem	AdjPref15_AdjStem
a_ma_hlelwa_yo	NPrePre6_BPre6_NStem	NPrePre6_BPre6_NStem_RelSuf	NPrePre6_BPre6_NStem	NPrePre6_BPre6_NStem_RelSuf
na_ma_qhinga	AdvPre_NPrePre6_BPre6_NStem	AdvPre_BPre6_NStem	AdvPre_NPrePre6_BPre6_NStem	AdvPre_BPre6_NStem
ne_mi_nye	AdvPre_AdjPref4_AdjStem	AdvPre_BPre4_EnumStem	AdvPre_AdjPref4_AdjStem	AdvPre_BPre4_AdjStem
i_mi_nyango	NPrePre4_BPre4_NStem	NPrePre4_BPre4_NStem	NPrePre4_BPre4_NStem	NPrePre4_BPre4_NStem
ka_rhulumende	PossKA_NStem	PossKA_NStem	PossKA_NStem	PossKA_NStem
.	Punc	Punc	Punc	Punc
I_fundo__sehlakalwesi	NPrePre9_NStem_NStem	NPrePre4_NStem_NStem	NPrePre9_NStem_NStem	NPrePre9_NStem_NStem
si_phakamis_a	SC7_VRoot_CausExt_VerbTerm	SC7_VRoot_VerbTerm	SC7_VRoot_CausExt_VerbTerm	SC7_VRoot_VerbTerm
a_ma_nye	AdjPref6_AdjStem	NPrePre6_AdjPref6_AdjStem	AdjPref6_AdjStem	NPrePre6_AdjPref6_AdjStem
wa_ma_hlelo	PossConc3_NPrePre6_BPre6_NStem	PossConc3_BPre6_NStem	PossConc3_NPrePre6_BPre6_NStem	PossConc3_BPre6_NStem
wo_ku_bambis_an_a	PossConc3_NPrePre15_BPre15_VRoot_CausExt_RecipExt_VerbTerm	PossConc3_BPre15_VRoot_RecipExt_VerbTerm	PossConc3_NPrePre15_BPre15_VRoot_CausExt_RecipExt_VerbTerm	PossConc3_BPre15_VRoot_RecipExt_VerbTerm
a_phekelela	RelConc6_VRoot_VerbTerm	RelConc6_NStem	RelConc6_VRoot_VerbTerm	RelConc6_NStem
i_kambiso	NPrePre9_NStem	NPrePre9_NStem	NPrePre9_NStem	NPrePre9_NStem
yo_ku_buyekez_a	PossConc9_NPrePre15_BPre15_VRoot_VerbTerm	PossConc9_BPre15_VRoot_VerbTerm	PossConc9_NPrePre15_BPre15_VRoot_VerbTerm	PossConc9_BPre15_VRoot_VerbTerm
ye__I_DP	PossConc9_Abbr	PossConc4_Abbr_Abbr	PossConc9_Abbr	PossConc9_NPrePre9_Abbr
ya_ka_Masipala	PossConc4_PossKA_NStem	PossConc4_PossKA_NStem	PossConc4_PossKA_NStem	PossConc4_PossKA_NStem
we_siYingi	PossConc3_LocPre_BPre7_NStem	PossConc6_NStem	PossConc3_LocPre_BPre7_NStem	PossConc6_NStem
s_e_Nka_ngala	PossConc7_LocPre_NStem	PossConc7_LocPre_NStem_NStem	PossConc7_LocPre_NStem	PossConc7_LocPre_NStem_NStem
.	Punc	Punc	Punc	Punc
A_ba_phathi	NPrePre2_BPre2_NStem	NPrePre2_BPre2_NStem	NPrePre2_BPre2_NStem	NPrePre2_BPre2_NStem
ba_ma_phrojekthi	PossConc2_BPre6_NStem	PossConc1a_BPre6_NStem	PossConc2_BPre6_NStem	PossConc2_BPre6_NStem
ba_nga_wa_landelela	CopPre_Pot_VRoot_VerbTerm	PossConc1a_AdvPre_OC6_NStem	CopPre_Pot_VRoot_VerbTerm	PossConc2_AdvPre_OC3_NStem
njani	Adv	Adv	Adv	Adv
a_ma_phrojekthi	NPrePre6_BPre6_NStem	NPrePre6_BPre6_NStem	NPrePre6_BPre6_NStem	NPrePre6_BPre6_NStem
begodu	Conj	Conj	Conj	Conj
be_ba_qinis_ek_is_e	SC2_PossConc2_VRoot_NeutExt_CausExt_VerbTerm	PossConc2_BPre2_VRoot_NeutExt_CausExt_VerbTerm	SC2_PossConc2_VRoot_NeutExt_CausExt_VerbTerm	PossConc2_BPre2_VRoot_NeutExt_CausExt_VerbTerm
kobana	Conj	Conj	Conj	Conj
a_hlal_a	SC1_VRoot_VerbTerm	SC6_VRoot_VerbTerm	SC1_VRoot_VerbTerm	SC6_VRoot_VerbTerm
a_khamb_a	CopPre_VRoot_VerbTerm	RelConc6_VRoot_VerbTerm	CopPre_VRoot_VerbTerm	SC6_VRoot_VerbTerm
nge_n_dlela	AdvPre_NPrePre9_BPre9_NStem	AdvPre_BPre9_NStem	AdvPre_NPrePre9_BPre9_NStem	AdvPre_BPre9_NStem
e_fanele_ko	RelConc9_NStem_RelSuf	RelConc9_NStem_RelSuf	RelConc9_NStem_RelSuf	RelConc9_NStem_RelSuf
?	Punc	Punc	Punc	Punc
A_ba_hlanganyeli	NPrePre2_BPre2_NStem	NPrePre2_BPre2_NStem	NPrePre2_BPre2_NStem	NPrePre2_BPre2_NStem
ba_sebenz_a	SC2_VRoot_VerbTerm	SC2_VRoot_VerbTerm	SC2_VRoot_VerbTerm	SC2_VRoot_VerbTerm
nge_e_n_qhema	AdvPre_LocPre_NPrePre8_NStem	AdvPre_LocPre_NPrePre8_NStem	AdvPre_LocPre_NPrePre8_NStem	AdvPre_LocPre_NPrePre8_NStem
za_ma_lunga	PossConc8_BPre6_NStem	PossConc8_BPre6_NStem	PossConc8_BPre6_NStem	PossConc8_BPre6_NStem
a_ma__4	NPrePre6_BPre6_Num	NPrePre6_BPre6_NStem	NPrePre6_BPre6_Num	NPrePre6_BPre6_Num
u_ku_y_a	NPrePre15_BPre15_VRoot_VerbTerm	NPrePre15_BPre15_VRoot_VerbTerm	NPrePre15_BPre15_VRoot_VerbTerm	NPrePre15_BPre15_VRoot_VerbTerm
kwa_si__6	PossConc15_RelConc7_Num	PossConc15_BPre7_Num	PossConc15_RelConc7_Num	PossConc15_BPre7_Num
begodu	Conj	Conj	Conj	Conj
ba_tlama	SC2_VRoot_VerbTerm	BPre2_NStem	SC2_VRoot_VerbTerm	BPre2_NStem
u_m_tlamo	NPrePre3_BPre3_NStem	NPrePre1_BPre1_NStem	NPrePre3_BPre3_NStem	NPrePre1_BPre1_NStem
ka_masipala	PossKA_NStem	PossKA_NStem	PossKA_NStem	PossKA_NStem
wo_ku_sebenz_a	PossConc3_NPrePre15_BPre15_VRoot_VerbTerm	PossConc1_BPre15_VRoot_VerbTerm	PossConc3_NPrePre15_BPre15_VRoot_VerbTerm	PossConc1_BPre15_VRoot_VerbTerm
.	Punc	Punc	Punc	Punc
U_ku_zi_bandakany_a	NPrePre15_BPre15_OC10_VRoot_VerbTerm	NPrePre15_BPre15_OC10_VRoot_VerbTerm	NPrePre15_BPre15_OC10_VRoot_VerbTerm	NPrePre15_BPre15_OC10_VRoot_VerbTerm
ko_m_phakathi	PossConc15_NPrePre3_BPre3_NStem	PossConc15_BPre3_NStem	PossConc15_NPrePre3_BPre3_NStem	PossConc15_BPre3_NStem
ku__I_DP	LocPre_Abbr	BPre15_NPrePre4_Abbr	LocPre_Abbr	BPre15_NPrePre9_Abbr
kw_enz_a	SC15_VRoot_VerbTerm	BPre15_VRoot_VerbTerm	SC15_VRoot_VerbTerm	CopPre_VRoot_VerbTerm
bo_nyana	BPre2_NStem	BPre2_NStem	BPre2_NStem	BPre2_NStem
i_z_akhamuzi	NPrePre8_BPre8_NStem	NPrePre8_BPre8_NStem	NPrePre8_BPre8_NStem	NPrePre8_BPre8_NStem
zi_tjhuguluk_e	Pres_NStem	Pres_VRoot_VerbTerm	Pres_NStem	SC10_VRoot_VerbTerm
e_ku_be_ni	SC1_OC15_AuxVStem_LocSuf	SC1_OC15_AuxVStem_LocSuf	SC1_OC15_AuxVStem_LocSuf	SC1_OC15_AuxVStem_LocSuf
ba_sebenz_is_i	PossConc1a_NStem	PossConc2_VRoot_CausExt_VerbTerm	PossConc1a_NStem	PossConc2_VRoot_CausExt_VerbTerm
be_e_n_setjenziswa	PossConc2a_LocPre_BPre9_NStem	PossConc2_LocPre_BPre9_NStem	PossConc2a_LocPre_BPre9_NStem	PossConc2_LocPre_BPre9_NStem
aba_ng_anagalelo	RelConc2_NegPre_AdvPre_NStem	RelConc2_CopPre_NStem	RelConc2_NegPre_AdvPre_NStem	RelConc2_CopPre_NStem
.	Punc	Punc	Punc	Punc
Kw_enz_a	SC15_VRoot_VerbTerm	OC15_VRoot_VerbTerm	SC15_VRoot_VerbTerm	SC15_VRoot_VerbTerm
bo_nyana	BPre2_NStem	BPre2_NStem	BPre2_NStem	BPre2_NStem
ba_be	SC2_VRoot_VerbTerm	PossConc2_AuxVStem	SC2_VRoot_VerbTerm	PossConc2_AuxVStem
zi_z_akhamuzi	Pre_BPre8_NStem	CopPre_BPre8_NStem	Pre_BPre8_NStem	CopPre_BPre8_NStem
ezi_khutheleko	RelConc8_NStem_RelSuf	RelConc8_NStem	RelConc8_NStem_RelSuf	RelConc8_NStem
ne_zi_majadu	AdvPre_BPre8_NStem	AdvPre_BPre8_NStem	AdvPre_BPre8_NStem	AdvPre_BPre8_NStem
ezi_kw_azi	RelConc8_BPre15_NStem	RelConc10_BPre15_NStem	RelConc8_BPre15_NStem	RelConc10_BPre15_NStem
u_ku_hlanganyela	NPrePre15_BPre15_VRoot_VerbTerm	NPrePre15_BPre15_NStem	NPrePre15_BPre15_VRoot_VerbTerm	NPrePre15_BPre15_NStem
e_ku_hlangabez_an_eni	RelConc9_BPre15_VRoot_RecipExt_VerbTerm_LocSuf	LocPre_BPre15_VRoot_RecipExt_LocSuf	RelConc9_BPre15_VRoot_RecipExt_VerbTerm_LocSuf	LocPre_BPre15_VRoot_RecipExt_LocSuf
na_ma_tjhejontangi	AdvPre_BPre6_NStem	AdvPre_BPre6_NStem	AdvPre_BPre6_NStem	AdvPre_BPre6_NStem
w_a_zo	PossConc1_PronStem10	PossConc6_LocPre_NStem	PossConc1_PronStem10	PossConc6_LocPre_NStem
we_tuthuko	PossConc1a_LocPre_NStem	PossConc1a_NStem	PossConc1a_LocPre_NStem	PossConc1a_NStem
.	Punc	Punc	Punc	Punc
U_ku_phath_a	NPrePre15_BPre15_NStem	NPrePre15_BPre15_VRoot_VerbTerm	NPrePre15_BPre15_NStem	NPrePre15_BPre15_VRoot_VerbTerm
u_m_sebenzi	NPrePre3_BPre3_NStem	NPrePre3_BPre3_NStem	NPrePre3_BPre3_NStem	NPrePre3_BPre3_NStem
si_setjenziswa	BPre3_NStem	BPre7_NStem	BPre3_NStem	BPre7_NStem
esi_nga_setjenziswa	RelConc7_AdvPre_Intrans_CausExt_PassExt_VerbTerm	RelConc7_AdvPre_NStem	RelConc7_AdvPre_Intrans_CausExt_PassExt_VerbTerm	RelConc7_AdvPre_NStem
u_ku_qinis_ek_is_a	NPrePre15_BPre15_VRoot_NeutExt_CausExt_VerbTerm	NPrePre15_BPre15_VRoot_NeutExt_CausExt_VerbTerm	NPrePre15_BPre15_VRoot_NeutExt_CausExt_VerbTerm	NPrePre15_BPre15_VRoot_NeutExt_CausExt_VerbTerm
bon_a	AbsPron2	VRoot_VerbTerm	AbsPron2	VRoot_VerbTerm
u_m_sebenzi	NPrePre3_BPre3_NStem	NPrePre3_BPre3_NStem	NPrePre3_BPre3_NStem	NPrePre3_BPre3_NStem
w_enz_iw_a	PossConc3_VRoot_PassExt_VerbTerm	SC3_VRoot_PassExt_VerbTerm	PossConc3_VRoot_PassExt_VerbTerm	SC3_VRoot_PassExt_VerbTerm
ku_hle	AdjPref15_AdjStem	AdjPref15_AdjStem	AdjPref15_AdjStem	AdjPref15_AdjStem
no_kw_enz_a	AdvPre_NPrePre15_BPre15_VRoot_VerbTerm	AdvPre_BPre15_VRoot_VerbTerm	AdvPre_NPrePre15_BPre15_VRoot_VerbTerm	AdvPre_BPre15_VRoot_VerbTerm
ngcono	NStem	NStem	NStem	NStem
i_zinga	NPrePre9_NStem	NPrePre5_NStem	NPrePre9_NStem	NPrePre9_NStem
lo_m_sebenzi	PossConc5_NPrePre3_BPre3_NStem	PossConc5_BPre1_NStem	PossConc5_NPrePre3_BPre3_NStem	PossConc5_BPre1_NStem
e_ku_khiqizw_eni	LocPre_BPre15_NStem_LocSuf	LocPre_BPre15_NStem_LocSuf	LocPre_BPre15_NStem_LocSuf	LocPre_BPre15_NStem_LocSuf
kwa_wo	PossConc15_PronStem3	PossConc15_PronStem3	PossConc15_PronStem3	PossConc15_PronStem3
na_ngo_kwe_zinga	AdvPre_Pot_BPre15_NStem	AdvPre_AdvPre_PossConc15_NStem	AdvPre_Pot_BPre15_NStem	AdvPre_Pot_BPre15_NStem
eli_phezulu	RelConc5_NStem	RelConc5_NStem	RelConc5_NStem	RelConc5_NStem
.	Punc	Punc	Punc	Punc
OK_we_si_thathu	RelConc2_PossConc15_BPre7_NStem	RelConc15_PossConc1_BPre7_NStem	RelConc2_PossConc15_BPre7_NStem	AdvPre_PossConc1_BPre7_NStem
,	Punc	Punc	Punc	Punc
i_zi_nto	NPrePre10_BPre10_NStem	NPrePre10_BPre10_NStem	NPrePre10_BPre10_NStem	NPrePre10_BPre10_NStem
ezi_qakathek_ile_ko	RelConc8_VRoot_Perf_RelSuf	RelConc8_VRoot_Perf_RelSuf	RelConc8_VRoot_Perf_RelSuf	RelConc8_VRoot_Perf_RelSuf
ku_ne_zi_nye	LocPre_AdvPre_BPre8_NStem	LocPre_AdvPre_BPre8_NStem	LocPre_AdvPre_BPre8_NStem	LocPre_AdvPre_BPre8_NStem
ezi_zoku_khulisa	RelConc10_Fut_VRoot_VerbTerm	RelConc8_Fut_NStem	RelConc10_Fut_VRoot_VerbTerm	RelConc10_Fut_NStem
namkha	Conj	Conj	Conj	Conj
ezi_zo_kw_enz_a	RelConc10_Fut_BPre15_VRoot_VerbTerm	RelConc10_PossConc10_BPre15_VRoot_VerbTerm	RelConc10_Fut_BPre15_VRoot_VerbTerm	RelConc8_Fut_BPre15_Intrans_VerbTerm
ngcono	NStem	NStem	NStem	NStem
i_mi_sebenzi	NPrePre4_BPre4_NStem	NPrePre4_BPre4_NStem	NPrePre4_BPre4_NStem	NPrePre4_BPre4_NStem
ku_mel_e	SC15_VRoot_VerbTerm	SC15_VRoot_VerbTerm	SC15_VRoot_VerbTerm	SC15_VRoot_VerbTerm
zi_thathelwe	SC10_VRoot_ApplExt_PassExt_VerbTerm	Pres_NStem	SC10_VRoot_ApplExt_PassExt_VerbTerm	Pres_NStem
i_si_qunto	NPrePre7_BPre7_NStem	NPrePre7_BPre7_NStem	NPrePre7_BPre7_NStem	NPrePre7_BPre7_NStem
.	Punc	Punc	Punc	Punc
Nge_mva	AdvPre_Adv	AdvPre_Adv	AdvPre_Adv	AdvPre_Adv
ko_kwe_thul_a	PossConc15_BPre15_VRoot_VerbTerm	AdvPre_BPre15_VRoot_VerbTerm	PossConc15_BPre15_VRoot_VerbTerm	PossConc15_BPre15_VRoot_VerbTerm
aba_ku_fum_ene_ko	RelConc2_BPre15_NStem_RelSuf	RelConc2_BPre15_NStem_LocSuf_RelSuf	RelConc2_BPre15_NStem_RelSuf	RelConc2_BPre15_NStem_NStem_RelSuf
ki_wo	LocPre_PronStem6	PossConc6_PronStem6	LocPre_PronStem6	LocPre_PronStem6
wo_ke	QuantConc3_QuantStem	QuantConc1_QuantStem	QuantConc3_QuantStem	QuantConc1_QuantStem
a_ma_lunga	NPrePre6_BPre6_NStem	NPrePre6_BPre6_NStem	NPrePre6_BPre6_NStem	NPrePre6_BPre6_NStem
,	Punc	Punc	Punc	Punc
ba_hlukana	SC2_VRoot_VerbTerm	PossConc1a_NStem	SC2_VRoot_VerbTerm	RelConc2_NStem
ba_be	SC2_VRoot_VerbTerm	PossConc2_AuxVStem	SC2_VRoot_VerbTerm	PossConc2_AuxVStem
zi_in_qhema	BPre10_BPre8_NStem	BPre10_BPre8_NStem	BPre10_BPre8_NStem	BPre10_BPre8_NStem
ezi_ncazana	RelConc8_NStem	RelConc8_NStem	RelConc8_NStem	RelConc8_NStem
ezi_fana_ko	RelConc8_NStem_RelSuf	RelConc8_NStem_RelSuf	RelConc8_NStem_RelSuf	RelConc8_NStem_RelSuf
godu	Ideoph	Ideoph	Ideoph	Ideoph
be_s_e	SC2_VRoot_VerbTerm	SC2_VRoot_VerbTerm	SC2_VRoot_VerbTerm	SC2_VRoot_VerbTerm
u_nikel_a	SC3_VRoot_ApplExt_VerbTerm	SC1_VRoot_VerbTerm	SC3_VRoot_ApplExt_VerbTerm	SC1_VRoot_VerbTerm
i_si_qhema	NPrePre7_BPre7_NStem	NPrePre7_BPre7_NStem	NPrePre7_BPre7_NStem	NPrePre7_BPre7_NStem
nga_si_nye	AdvPre_BPre7_AdjStem	AdvPre_BPre7_AdjStem	AdvPre_BPre7_AdjStem	AdvPre_BPre7_AdjStem
nge_rhelo	AdvPre_NStem	AdvPre_NStem	AdvPre_NStem	AdvPre_NStem
lo_ku_hlol_a	RelConc15_VRoot_VerbTerm	PossConc5_BPre15_VRoot_VerbTerm	RelConc15_VRoot_VerbTerm	PossConc5_BPre15_VRoot_VerbTerm
le_pahla	PossConc5_NPrePre4_NStem	PossConc5_NStem	PossConc5_NPrePre4_NStem	PossConc5_NStem
eli_ngaka_tlol_el_w_a	RelConc5_AdvPre_NStem	RelConc5_NegPre_Intrans_ApplExt_PassExt_VerbTerm	RelConc5_AdvPre_NStem	RelConc5_NegPre_VRoot_ApplExt_PassExt_VerbTerm
.	Punc	Punc	Punc	Punc
A_ba_hlanganyeli	NPrePre2_BPre2_NStem	NPrePre2_BPre2_NStem	NPrePre2_BPre2_NStem	NPrePre2_BPre2_NStem
ku_fuz_e	OC15_VRoot_VerbTerm	OC15_VRoot_VerbTerm	OC15_VRoot_VerbTerm	OC15_VRoot_VerbTerm
ba_qedelel_e	PossConc2_NStem	SC2_Intrans_VerbTerm	PossConc2_NStem	SC2_Intrans_VerbTerm
i_rhelo	NPrePre4_NStem	NPrePre4_NStem	NPrePre4_NStem	NPrePre4_NStem
lo_ku_hlol_a	RelConc15_VRoot_VerbTerm	PossConc5_BPre15_VRoot_VerbTerm	RelConc15_VRoot_VerbTerm	PossConc5_BPre15_VRoot_VerbTerm
le_si_qhema	AdvPre_BPre7_NStem	AdvPre_BPre7_NStem	AdvPre_BPre7_NStem	AdvPre_BPre7_NStem
esi_so_dwa	RelConc7_QuantConc1_QuantStem	RelConc7_QuantConc1_QuantStem	RelConc7_QuantConc1_QuantStem	RelConc7_QuantConc1_QuantStem
se_hlalakuhle	PossConc7_LocPre_NStem	PossConc7_NStem	PossConc7_LocPre_NStem	PossConc7_NStem
e_wad_ini	LocPre_NStem_LocSuf	LocPre_NStem_LocSuf	LocPre_NStem_LocSuf	LocPre_NStem_LocSuf
labo	Dem2_Pos2		Dem2_Pos2	
.	Punc	Punc	Punc	Punc
U_ku_jany_is_w_a	NPrePre15_BPre15_VRoot_CausExt_PassExt_VerbTerm	NPrePre15_BPre15_VRoot_CausExt_PassExt_VerbTerm	NPrePre15_BPre15_VRoot_CausExt_PassExt_VerbTerm	NPrePre15_BPre15_VRoot_CausExt_PassExt_VerbTerm
ko_m_khandlu	PossConc15_NPrePre3_BPre3_NStem	PossConc15_BPre3_NStem	PossConc15_NPrePre3_BPre3_NStem	PossConc15_BPre3_NStem
we_si_yingi	PossConc3_BPre7_NStem	PossConc6_BPre7_NStem	PossConc3_BPre7_NStem	PossConc6_BPre7_NStem
w_e__AIDS	PossConc3_LocPre_Abbr	PossConc6_LocPre_Abbr	PossConc3_LocPre_Abbr	PossConc6_LocPre_Abbr
.	Punc	Punc	Punc	Punc
I_si_thunzi	NPrePre7_BPre7_NStem	NPrePre7_BPre7_NStem	NPrePre7_BPre7_NStem	NPrePre7_BPre7_NStem
_	Punc		Punc	
u_ku_hlanganyela	NPrePre15_BPre15_VRoot_ApplExt_VerbTerm	NPrePre15_BPre15_NStem	NPrePre15_BPre15_VRoot_ApplExt_VerbTerm	NPrePre15_BPre15_NStem
na_ba_bambisani	AdvPre_BPre2_NStem	AdvPre_BPre2_NStem	AdvPre_BPre2_NStem	AdvPre_BPre2_NStem
bo_ke	QuantConc2_QuantStem	QuantConc2_QuantStem	QuantConc2_QuantStem	QuantConc2_QuantStem
ku_fan_el_e	OC15_VRoot_ApplExt_VerbTerm	OC15_VRoot_ApplExt_VerbTerm	OC15_VRoot_ApplExt_VerbTerm	OC15_VRoot_ApplExt_VerbTerm
ku_nzinz_e	CopPre_VRoot_VerbTerm	OC15_VRoot_VerbTerm	CopPre_VRoot_VerbTerm	OC15_VRoot_VerbTerm
e_ku_hloniphaneni	RelConc15_BPre15_NStem_LocSuf	LocPre_BPre15_NStem	RelConc15_BPre15_NStem_LocSuf	LocPre_BPre15_NStem
,	Punc	Punc	Punc	Punc
e_ku_lingan_eni	RelConc15_BPre15_NStem	RelConc9_BPre15_NStem_LocSuf	RelConc15_BPre15_NStem	RelConc9_BPre15_NStem_LocSuf
ne_si_thunzini	AdvPre_BPre7_NStem_LocSuf	AdvPre_BPre7_NStem	AdvPre_BPre7_NStem_LocSuf	AdvPre_BPre7_NStem
.	Punc	Punc	Punc	Punc
U_Mey_a	NPrePre1_NStem	NPrePre1_VRoot_VerbTerm	NPrePre1_NStem	NPrePre1_VRoot_VerbTerm
u_Mathabo	ProperName	NPrePre1a_NStem	ProperName	NPrePre1a_NStem
Le_e_to	ProperName	LocPre_NStem	ProperName	PossConc5_LocPre_NStem
wa_ku_masipala	PossConc1a_LocPre_NStem	PossConc1a_BPre15_NStem	PossConc1a_LocPre_NStem	PossConc1a_LocPre_NStem
we_Ma_tjhabe_ng	PossConc1a_LocPre_NStem	PossConc3_BPre6_NStem_LocSuf	PossConc1a_LocPre_NStem	PossConc6_BPre6_NStem_NStem
nge_Fre_e	AdvPre_NStem	AdvPre_VRoot_VerbTerm	AdvPre_NStem	AdvPre_VRoot_VerbTerm
State	Foreign	ProperName	Foreign	ProperName
wa_ngena	PossConc1a_LocPre_NStem	PossConc1a_NStem	PossConc1a_LocPre_NStem	PossConc1a_NStem
e__ofisini	LocPre_NStem_LocSuf	LocPre_NStem	LocPre_NStem_LocSuf	LocPre_NStem
nge_nyanga	AdvPre_NPrePre9_BPre9_NStem	AdvPre_NStem	AdvPre_NPrePre9_BPre9_NStem	AdvPre_NStem
ka_Ntaka	PossKA_ProperName	PossKA_NStem	PossKA_ProperName	AdvPre_NStem
ngo__2_006	AdvPre_Num	AdvPre_Num_Num	AdvPre_Num	AdvPre_BPre15_Num
.	Punc	Punc	Punc	Punc
Lokha	Conj	Conj	Conj	Conj
na_ka_ngena	AdvPre_LocPre_NStem	AdvPre_LocPre_NStem	AdvPre_LocPre_NStem	AdvPre_ExclNeg_NStem
e__ofisini	LocPre_NStem_LocSuf	LocPre_NStem	LocPre_NStem_LocSuf	LocPre_NStem
u_masipala	NPrePre1a_NStem	NPrePre1a_NStem	NPrePre1a_NStem	NPrePre1a_NStem
bek_a_koloda	SC2_Pres_Intrans_VerbTerm	PossConc2_LocPre_NStem	SC2_Pres_Intrans_VerbTerm	RelConc2_LocPre_NStem
i_mali	NPrePre9_NStem	NPrePre9_NStem	NPrePre9_NStem	NPrePre9_NStem
e_nengi	AdjPref9_AdjStem	AdjPref9_AdjStem	AdjPref9_AdjStem	AdjPref9_AdjStem
ya_manzi	PossConc4_NPre6_NStem	PossConc1a_NStem	PossConc4_NPre6_NStem	PossConc4_NStem
ku_Sedibe_ng	BPre15_NStem	BPre15_NStem_LocSuf	BPre15_NStem	BPre15_NStem_NStem
Wa_ter	Foreign	PossConc1a_NStem	Foreign	PossConc3_NStem
.	Punc	Punc	Punc	Punc
Nga_phambi	AdvPre_Adv	AdvPre_Adv	AdvPre_Adv	AdvPre_Adv
kobana	Conj	Conj	Conj	Conj
ku_dlul_e	OC15_VRoot_VerbTerm	BPre15_VRoot_VerbTerm	OC15_VRoot_VerbTerm	OC15_VRoot_VerbTerm
i_i_nyanga	NPrePre10_BPre10_NStem	NPrePre8_BPre8_NStem	NPrePre10_BPre10_NStem	NPrePre4_BPre4_NStem
ezi_ngaki	RelConc10_AdvPre_Interrog	RelConc8_Interrog	RelConc10_AdvPre_Interrog	RelConc8_Interrog
a_ng_enile	RelConc6_VRoot_Perf	RelConc6_Pot_NStem	RelConc6_VRoot_Perf	RelConc6_Pot_NStem
i_si_kolodo	NPrePre7_BPre7_NStem	NPrePre7_BPre7_NStem	NPrePre7_BPre7_NStem	NPrePre7_BPre7_NStem
sabhadal_w_a	PossConc1a_NStem	Intrans_PassExt_VerbTerm	PossConc1a_NStem	VRoot_PassExt_VerbTerm
.	Punc	Punc	Punc	Punc
Nga_phandle	AdvPre_Adv	AdvPre_Adv	AdvPre_Adv	AdvPre_Adv
kwe__a_khawundi	PossConc15_NStem	PossConc15_LocPre_NStem	PossConc15_NStem	PossConc15_LocPre_NStem
le	Dem4_Pos1		Dem4_Pos1	
i__a_khawundi	NPrePre5_NStem	NPrePre4_LocPre_NStem	NPrePre5_NStem	NPrePre4_LocPre_NStem
ka_masipala	PossKA_NStem	PossKA_NStem	PossKA_NStem	PossKA_NStem
yo_m_tato	PossConc9_BPre3_NStem	PossConc4_BPre1_NStem	PossConc9_BPre3_NStem	PossConc9_BPre10_NStem
na_yo	AdvPre_PronStem9	AdvPre_PronStem9	AdvPre_PronStem9	AdvPre_PronStem9
ya_b_e	SC9_VRoot_VerbTerm	Pres_VRoot_VerbTerm	SC9_VRoot_VerbTerm	PossConc9_VRoot_VerbTerm
i_phezulu	BPre5_NStem	NPrePre4_NStem	BPre5_NStem	NPrePre4_NStem
tl_e	Ideoph	VRoot_VerbTerm	Ideoph	VRoot_VerbTerm
ka_nye	AdvPre_AdjStem	AdvPre_AdjStem	AdvPre_AdjStem	AdvPre_AdjStem
no_ku_nga_bhadal_w_a	AdvPre_NStem	AdvPre_BPre15_AdvPre_VRoot_PassExt_VerbTerm	AdvPre_NStem	AdvPre_BPre15_AdvPre_VRoot_PassExt_VerbTerm
ku_buthelela	OC15_VRoot_VerbTerm	BPre15_NStem	OC15_VRoot_VerbTerm	BPre15_NStem
i_inkolodo	NPrePre4_NStem	NPrePre4_NStem	NPrePre4_NStem	NPrePre4_NStem
o_kw_abangela	RelConc9_PossConc15_VRoot_VerbTerm	RelConc3_BPre15_NStem	RelConc9_PossConc15_VRoot_VerbTerm	RelConc3_OC15_NStem
bon_a	AbsPron2	VRoot_VerbTerm	AbsPron2	VRoot_VerbTerm
u_masipala	NPrePre1a_NStem	NPrePre1a_NStem	NPrePre1a_NStem	NPrePre1a_NStem
a_tlhagele	RelConc1a_Intrans_VerbTerm	RelConc6_NStem	RelConc1a_Intrans_VerbTerm	RelConc6_NStem
u_ku_bhadala	NPrePre15_BPre15_NStem	NPrePre15_BPre15_NStem	NPrePre15_BPre15_NStem	NPrePre15_BPre15_NStem
a_ma__a_khawundakhe	NPrePre6_BPre6_NStem	NPrePre6_BPre6_BPre6_NStem	NPrePre6_BPre6_NStem	NPrePre6_BPre6_BPre6_NStem
.	Punc	Punc	Punc	Punc
I_meya	NPrePre5_NStem	NPrePre1a_NStem	NPrePre5_NStem	NPrePre3_NStem
ya_hloma	PossConc1a_LocPre_NStem	PossConc9_NStem	PossConc1a_LocPre_NStem	PossConc4_NStem
i_komidi	NPrePre4_NStem	NPrePre4_NStem	NPrePre4_NStem	NPrePre4_NStem
e_qal_a	RelConc4_VRoot_VerbTerm	RelConc9_VRoot_VerbTerm	RelConc4_VRoot_VerbTerm	RelConc4_VRoot_VerbTerm
i_inkolodo	NPrePre4_NPrePre8_BPre8_NStem	NPrePre4_NStem	NPrePre4_NPrePre8_BPre8_NStem	NPrePre4_NStem
ne_revenyu	AdvPre_NPre5_NStem	AdvPre_NStem	AdvPre_NPre5_NStem	AdvPre_NStem
e_hlangan_a	RelConc5_VRoot_VerbTerm	RelConc4_VRoot_VerbTerm	RelConc5_VRoot_VerbTerm	RelConc9_VRoot_VerbTerm
qobe	Adv	Adv	Adv	Adv
yi_veke	CopPre_NStem	CopPre_NStem	CopPre_NStem	CopPre_NStem
be_s_e	SC2_VRoot_VerbTerm	SC2_VRoot_VerbTerm	SC2_VRoot_VerbTerm	SC2_VRoot_VerbTerm
i_nikel_a	SC9_VRoot_VerbTerm	SC5_VRoot_VerbTerm	SC9_VRoot_VerbTerm	SC5_VRoot_VerbTerm
i_mi_biko	NPrePre4_BPre4_NStem	NPrePre4_BPre4_NStem	NPrePre4_BPre4_NStem	NPrePre4_BPre4_NStem
nge_mali	AdvPre_NPrePre9_BPre9_NStem	AdvPre_NStem	AdvPre_NPrePre9_BPre9_NStem	AdvPre_NStem
e_ngena_ko	LocPre_NStem_RelSuf	LocPre_NStem_RelSuf	LocPre_NStem_RelSuf	LocPre_NStem_RelSuf
ne_phum_a_ko	AdvPre_NStem_RelSuf	AdvPre_VRoot_VerbTerm_RelSuf	AdvPre_NStem_RelSuf	AdvPre_VRoot_VerbTerm_RelSuf
ku_masipala	LocPre_NStem	LocPre_NStem	LocPre_NStem	LocPre_NStem
begodu	PossConc14_NStem	Conj	PossConc14_NStem	Conj
ne_e_n_dawo	AdvPre_LocPre_BPre9_NStem	AdvPre_LocPre_BPre9_NStem	AdvPre_LocPre_BPre9_NStem	AdvPre_LocPre_BPre9_NStem
ezi_bogaboga_ko	RelConc10_NStem_RelSuf	RelConc8_NStem_RelSuf	RelConc10_NStem_RelSuf	RelConc10_NStem_RelSuf
e_m_sebenz_ini	LocPre_NPrePre3_BPre3_NStem_LocSuf	LocPre_BPre3_NStem_LocSuf	LocPre_NPrePre3_BPre3_NStem_LocSuf	LocPre_BPre3_NStem_LocSuf
ka_masipala	PossKA_NStem	PossKA_NStem	PossKA_NStem	PossKA_NStem
ne_kw_enz_el_eni	AdvPre_BPre15_VRoot_ApplExt_RecipExt_VerbTerm	AdvPre_BPre15_VRoot_ApplExt_LocSuf	AdvPre_BPre15_VRoot_ApplExt_RecipExt_VerbTerm	AdvPre_BPre15_NStem_ApplExt_LocSuf
aba_ntu	NPrePre2_BPre2_NStem	RelConc2_NStem	NPrePre2_BPre2_NStem	RelConc2_NStem
i_mi_sebenzi	NPrePre4_BPre4_NStem	NPrePre4_BPre4_NStem	NPrePre4_BPre4_NStem	NPrePre4_BPre4_NStem
.	Punc	Punc	Punc	Punc
Njeng_om_bana	AdvPre_AdjPref1_AdjStem	AdvPre_AdjPref1_AdjStem	AdvPre_AdjPref1_AdjStem	AdvPre_AdjPref1_AdjStem
u_masipala	NPrePre1a_NStem	NPrePre1a_NStem	NPrePre1a_NStem	NPrePre1a_NStem
u_ne_lw_azi	NPrePre1a_AdvPre_BPre11_NStem	NPrePre1a_CopPre_BPre11_NStem	NPrePre1a_AdvPre_BPre11_NStem	NPrePre1a_AdvPre_BPre11_NStem
eli_ncani	AdjPref5_AdjStem	RelConc5_AdjStem	AdjPref5_AdjStem	RelConc5_AdjStem
nge_z_akhamuzi	AdvPre_BPre8_NStem	AdvPre_BPre8_NStem	AdvPre_BPre8_NStem	AdvPre_BPre8_NStem
za_ka_masipala	PossConc8_PossKA_NStem	PossConc10_PossKA_NStem	PossConc8_PossKA_NStem	PossConc8_PossKA_NStem
,	Punc	Punc	Punc	Punc
i_lw_azi	BPre9_BPre11_NStem	BPre9_BPre11_NStem	BPre9_BPre11_NStem	BPre9_BPre11_NStem
lo_ku_buthelela	RelConc15_NStem	PossConc5_BPre15_NStem	RelConc15_NStem	PossConc5_BPre15_NStem
i_phrojekthi	NPrePre5_NStem	NPrePre5_NStem	NPrePre5_NStem	NPrePre5_NStem
na_lo	AdvPre_PronStem5	AdvPre_PronStem5	AdvPre_PronStem5	AdvPre_PronStem5
li_ya_thuthuk_is_w_a	BPre5_Pres_VRoot_CausExt_PassExt_VerbTerm	SC5_Pres_VRoot_CausExt_PassExt_VerbTerm	BPre5_Pres_VRoot_CausExt_PassExt_VerbTerm	SC5_Pres_VRoot_CausExt_PassExt_VerbTerm
u_kuze	Conj	BPre3_NStem	Conj	BPre3_NStem
u_masipala	NPrePre1a_NStem	NPrePre1a_NStem	NPrePre1a_NStem	NPrePre1a_NStem
a_b_e	SC1a_VRoot_VerbTerm	RelConc6_VRoot_VerbTerm	SC1a_VRoot_VerbTerm	RelConc6_VRoot_VerbTerm
no_m_bono	AdvPre_NPre3_BPre3_NStem	AdvPre_BPre3_NStem	AdvPre_NPre3_BPre3_NStem	AdvPre_BPre4_NStem
o_ngcono	RelConc3_NStem	RelConc3_NStem	RelConc3_NStem	RelConc3_NStem
wo_kobana	PossConc3_NStem	PossConc3_NStem	PossConc3_NStem	PossConc3_NStem
zi_zin_dlu	CopPre_BPre10_NStem	BPre10_BPre10_NStem	CopPre_BPre10_NStem	BPre10_BPre10_NStem
ezi_ngaki	RelConc10_AdvPre_Interrog	RelConc8_Interrog	RelConc10_AdvPre_Interrog	RelConc10_Interrog
ezi_tlhoga	RelConc10_NStem	RelConc8_NStem	RelConc10_NStem	RelConc8_NStem
a_manzi	NPrePre6_NStem	NPrePre6_NStem	NPrePre6_NStem	NPrePre6_NStem
ne_gezi	AdvPre_NPre9_NStem	AdvPre_NStem	AdvPre_NPre9_NStem	AdvPre_NStem
nokobana	Conj	Conj	Conj	Conj
i_mi_sebenzi	NPrePre4_BPre4_NStem	NPrePre4_BPre4_NStem	NPrePre4_BPre4_NStem	NPrePre4_BPre4_NStem
e_tlhogek_a_ko	RelConc4_Intrans_VerbTerm_RelSuf	RelConc4_Intrans_VerbTerm_RelSuf	RelConc4_Intrans_VerbTerm_RelSuf	RelConc4_Intrans_VerbTerm_RelSuf
ngimiphi	Interrog	Interrog	Interrog	Interrog
.	Punc	Punc	Punc	Punc
U_thi	SC1_VRoot_VerbTerm	NPrePre1_NStem	SC1_VRoot_VerbTerm	NPrePre3_NStem
i_n_to	NPrePre9_BPre9_NStem	NPrePre9_BPre9_NStem	NPrePre9_BPre9_NStem	NPrePre9_BPre9_NStem
e_qakathek_ile_ko	RelConc9_VRoot_Perf_RelSuf	RelConc9_VRoot_Perf_RelSuf	RelConc9_VRoot_Perf_RelSuf	RelConc9_VRoot_Perf_RelSuf
e_y_enz_a	RelConc4_OC4_VRoot_VerbTerm	RelConc4_OC4_VRoot_VerbTerm	RelConc4_OC4_VRoot_VerbTerm	RelConc4_OC5_VRoot_VerbTerm
bon_a	AbsPron2	VRoot_VerbTerm	AbsPron2	VRoot_VerbTerm
a_qede	RelConc6_VRoot_VerbTerm	RelConc6_Adv	RelConc6_VRoot_VerbTerm	RelConc6_NStem
i_i_n_hloso	NPrePre8_BPre8_NStem	NPrePre8_NPrePre8_BPre8_NStem	NPrePre8_BPre8_NStem	NPrePre8_NPrePre8_BPre8_NStem
za_khe	PossConc10_PronStem1	PossConc10_PronStem1	PossConc10_PronStem1	PossConc10_PronStem1
yi_n_dlela	CopPre_BPre9_NStem	CopPre_BPre9_NStem	CopPre_BPre9_NStem	CopPre_BPre9_NStem
yo_ku_tjhinga	PossConc9_BPre15_NStem	PossConc4_BPre15_NStem	PossConc9_BPre15_NStem	PossConc4_BPre15_NStem
phasi	Adv	Adv	Adv	Adv
e_ba_ntw_ini	LocPre_BPre2_NStem_LocSuf	LocPre_BPre2_NStem_LocSuf	LocPre_BPre2_NStem_LocSuf	LocPre_BPre2_NStem_LocSuf
.	Punc	Punc	Punc	Punc
U_m_Thetho	NPrePre3_BPre3_NStem	NPrePre3_BPre3_NStem	NPrePre3_BPre3_NStem	NPrePre3_BPre3_NStem
wa_ka_Masipala	PossConc1a_PossKA_NStem	PossConc1a_PossKA_NStem	PossConc1a_PossKA_NStem	PossConc1a_PossKA_NStem
wo_ku_Lingan_is_w_a	PossConc6_NPrePre15_BPre15_VRoot_CausExt_PassExt_VerbTerm	PossConc1a_BPre15_VRoot_CausExt_PassExt_VerbTerm	PossConc6_NPrePre15_BPre15_VRoot_CausExt_PassExt_VerbTerm	PossConc6_BPre15_VRoot_CausExt_PassExt_VerbTerm
kwe_Pahla	PossConc15_VRoot_VerbTerm	PossConc15_NStem	PossConc15_VRoot_VerbTerm	PossConc15_NStem
u_hlahla	NPrePre1a_NStem	NPrePre1a_NStem	NPrePre1a_NStem	NPrePre1a_NStem
a_bo_masipala	RelConc2a_NStem	NPrePre2a_BPre2a_NStem	RelConc2a_NStem	NPrePre2a_BPre2a_NStem
kobana	Conj	Conj	Conj	Conj
ba_nga_bek_a	SC2_AdvPre_VRoot_VerbTerm	SC2_Pot_Intrans_VerbTerm	SC2_AdvPre_VRoot_VerbTerm	SC2_AdvPre_Intrans_VerbTerm
njani	Adv	Adv	Adv	Adv
i_inlinganiso	NPrePre4_NStem	NPrePre4_NStem	NPrePre4_NStem	NPrePre4_NStem
(	Punc	Punc	Punc	Punc
i_n_tela	NPrePre8_BPre8_NStem	NPrePre9_BPre9_NStem	NPrePre8_BPre8_NStem	NPrePre9_BPre9_NStem
ye_pahla	PossConc9_NStem	PossConc9_NStem	PossConc9_NStem	PossConc9_NStem
)	Punc	Punc	Punc	Punc
e_en_daw_eni	RelConc9_LocPre_BPre9_NStem_LocSuf	LocPre_BPre9_NStem_LocSuf	RelConc9_LocPre_BPre9_NStem_LocSuf	LocPre_BPre9_NStem_LocSuf
za_bo	PossConc10_PronStem2	PossConc10_PronStem2	PossConc10_PronStem2	PossConc10_PronStem2
.	Punc	Punc	Punc	Punc
U_m_Thetho	NPrePre3_BPre3_NStem	NPrePre3_BPre3_NStem	NPrePre3_BPre3_NStem	NPrePre3_BPre3_NStem
u_nqoph_e	NPrePre1a_NStem	SC3_VRoot_VerbTerm	NPrePre1a_NStem	SC3_VRoot_VerbTerm
u_kw_enz_a	NPrePre15_BPre15_VRoot_VerbTerm	NPrePre15_BPre15_VRoot_VerbTerm	NPrePre15_BPre15_VRoot_VerbTerm	NPrePre15_BPre15_VRoot_VerbTerm
i_in_dlela	NPrePre10_NPre10_NStem	NPrePre10_NPre10_NStem	NPrePre10_NPre10_NStem	NPrePre10_NPre10_NStem
zo_ku_bek_a	PossConc10_NPrePre15_BPre15_VRoot_VerbTerm	PossConc10_BPre15_VRoot_VerbTerm	PossConc10_NPrePre15_BPre15_VRoot_VerbTerm	PossConc10_BPre15_VRoot_VerbTerm
i_n_tengo	NPrePre9_BPre9_NStem	NPrePre9_BPre9_NStem	NPrePre9_BPre9_NStem	NPrePre9_BPre9_NStem
e_pahleni	LocPre_NPrePre9_NStem_LocSuf	LocPre_NStem	LocPre_NPrePre9_NStem_LocSuf	LocPre_NStem
ngo_ko_m_nqopho	AdvPre_NPrePre15_BPre15_BPre3_NStem	AdvPre_BPre15_BPre3_NStem	AdvPre_NPrePre15_BPre15_BPre3_NStem	AdvPre_BPre15_BPre3_NStem
wo_ku_bek_a	PossConc1_NPrePre15_BPre15_VRoot_VerbTerm	PossConc1_BPre15_VRoot_VerbTerm	PossConc1_NPrePre15_BPre15_VRoot_VerbTerm	PossConc1_BPre15_VRoot_VerbTerm
i_inlinganiso	NPrePre4_NStem	NPrePre4_NStem	NPrePre4_NStem	NPrePre4_NStem
ezi_fan_ele_ko	RelConc8_VRoot_ApplExt_VerbTerm_RelSuf	RelConc8_VRoot_Perf_RelSuf	RelConc8_VRoot_ApplExt_VerbTerm_RelSuf	RelConc8_VRoot_Perf_RelSuf
ka_nye	AdvPre_AdjStem	AdvPre_AdjStem	AdvPre_AdjStem	AdvPre_AdjStem
ne_zi_lingene_ko	AdvPre_SC8_VRoot_VerbTerm	AdvPre_BPre8_NStem_RelSuf	AdvPre_SC8_VRoot_VerbTerm	AdvPre_BPre10_NStem_RelSuf
.	Punc	Punc	Punc	Punc
U_ku_hlunga	NPrePre15_BPre15_NStem	NPrePre15_BPre15_NStem	NPrePre15_BPre15_NStem	NPrePre15_BPre15_NStem
i_phrojekthi	NPrePre5_NStem	NPrePre5_NStem	NPrePre5_NStem	NPrePre5_NStem
_	Punc		Punc	
u_ku_tjheja	NPrePre15_BPre15_NStem	NPrePre15_BPre15_NStem	NPrePre15_BPre15_NStem	NPrePre15_BPre15_NStem
begodu	Conj	Conj	Conj	Conj
no_ku_buyekez_a	AdvPre_NPrePre15_BPre15_VRoot_VerbTerm	AdvPre_BPre15_VRoot_VerbTerm	AdvPre_NPrePre15_BPre15_VRoot_VerbTerm	AdvPre_BPre15_VRoot_VerbTerm
u_ku_sebenz_is_a	NPrePre15_BPre15_VRoot_VerbTerm	NPrePre15_BPre15_VRoot_CausExt_VerbTerm	NPrePre15_BPre15_VRoot_VerbTerm	NPrePre15_BPre15_VRoot_CausExt_VerbTerm
i_in_komba	NPrePre10_NPre10_NStem	NPrePre10_NPre10_NStem	NPrePre10_NPre10_NStem	NPrePre10_NPre10_NStem
ezi_kheth_w_e	RelConc10_VRoot_PassExt_VerbTerm	RelConc10_VRoot_PassExt_VerbTerm	RelConc10_VRoot_PassExt_VerbTerm	RelConc10_VRoot_PassExt_VerbTerm
nga_phambili	AdvPre_Adv	AdvPre_Adv	AdvPre_Adv	AdvPre_Adv
u_ku_bek_a	NPrePre15_BPre15_VRoot_VerbTerm	NPrePre15_BPre15_VRoot_VerbTerm	NPrePre15_BPre15_VRoot_VerbTerm	NPrePre15_BPre15_VRoot_VerbTerm
bo_nyana	BPre2_NStem	BPre2_NStem	BPre2_NStem	BPre2_NStem
i_phrojekthi	NPrePre5_NStem	NPrePre5_NStem	NPrePre5_NStem	NPrePre5_NStem
ku_mel_e	SC15_VRoot_VerbTerm	SC15_VRoot_VerbTerm	SC15_VRoot_VerbTerm	SC15_VRoot_VerbTerm
i_ragele	NPrePre4_NStem	NPrePre4_NStem	NPrePre4_NStem	NPrePre4_NStem
njani	Adv	Adv	Adv	Adv
phambili	Adv	Adv	Adv	Adv
,	Punc	Punc	Punc	Punc
ngi_zi_phi	Interrog	SC10_EnumConc8_EnumStem	Interrog	OC8_EnumConc8_EnumStem
i_in_tjhijilo	NPrePre8_NPre8_NStem	NPrePre8_NPre8_NStem	NPrePre8_NPre8_NStem	NPrePre8_NPre8_NStem
e_sele	RelConc4_VRoot_VerbTerm	LocPre_NStem	RelConc4_VRoot_VerbTerm	LocPre_NStem
zi_veli_le	BPre10_NStem	Pres_NStem_NStem	BPre10_NStem	Pres_NStem
,	Punc	Punc	Punc	Punc
begodu	Conj	Conj	Conj	Conj
nokobana	Conj	Conj	Conj	Conj
u_kw_enz_iw_a	NPrePre15_BPre15_VRoot_PassExt_VerbTerm	NPrePre15_BPre15_VRoot_PassExt_VerbTerm	NPrePre15_BPre15_VRoot_PassExt_VerbTerm	NPrePre15_BPre15_VRoot_PassExt_VerbTerm
ko_m_sebenzi	PossConc15_NPrePre3_BPre3_NStem	PossConc15_BPre3_NStem	PossConc15_NPrePre3_BPre3_NStem	PossConc15_BPre3_NStem
ku_mel_e	SC15_VRoot_VerbTerm	SC15_VRoot_VerbTerm	SC15_VRoot_VerbTerm	SC15_VRoot_VerbTerm
ku_hlal_is_w_e	BPre15_NStem	BPre15_VRoot_CausExt_PassExt_VerbTerm	BPre15_NStem	SC15_VRoot_CausExt_PassExt_VerbTerm
njani	Adv	Adv	Adv	Adv
ku_hle	AdjPref15_AdjStem	AdjPref15_AdjStem	AdjPref15_AdjStem	AdjPref15_AdjStem
.	Punc	Punc	Punc	Punc
Nangabe	Conj	Conj	Conj	Conj
u_masipala	NPrePre1a_NStem	NPrePre1a_NStem	NPrePre1a_NStem	NPrePre1a_NStem
u_dinga	SC6_VRoot_VerbTerm	NPrePre1a_NStem	SC6_VRoot_VerbTerm	NPrePre1a_NStem
u_ku_tjheja	NPrePre15_BPre15_NStem	NPrePre15_BPre15_NStem	NPrePre15_BPre15_NStem	NPrePre15_BPre15_NStem
u_kw_akh_iw_a	NPrePre15_BPre15_VRoot_PassExt_VerbTerm	NPrePre15_BPre15_VRoot_PassExt_VerbTerm	NPrePre15_BPre15_VRoot_PassExt_VerbTerm	NPrePre15_BPre15_VRoot_PassExt_VerbTerm
kwe_qhinga	PossConc15_NPrePre5_BPre5_NStem	PossConc15_NStem	PossConc15_NPrePre5_BPre5_NStem	PossConc15_NStem
le__HI_V	Dem4_Pos1_Abbr	PossConc5_EnumStem_Abbr	Dem4_Pos1_Abbr	PossConc5_BPre8_Abbr
/	Punc	Punc	Punc	Punc
AIDS	Abbr	Abbr	Abbr	Abbr
i_hlelo	NPrePre9_NStem	NPrePre9_NStem	NPrePre9_NStem	NPrePre9_NStem
eli_phumelel_is_a_ko	RelConc5_VRoot_CausExt_VerbTerm_RelSuf	RelConc5_VRoot_CausExt_VerbTerm_RelSuf	RelConc5_VRoot_CausExt_VerbTerm_RelSuf	RelConc5_VRoot_CausExt_VerbTerm_RelSuf
le__HI_V	Dem4_Pos1_Abbr	PossConc5_EnumStem_Abbr	Dem4_Pos1_Abbr	PossConc5_BPre4_Abbr
/	Punc	Punc	Punc	Punc
AIDS	Abbr	Abbr	Abbr	Abbr
li_dinga	BPre5_NStem	BPre5_NStem	BPre5_NStem	BPre5_NStem
u_ku_hlanganyela	NPrePre15_BPre15_VRoot_ApplExt_VerbTerm	NPrePre15_BPre15_NStem	NPrePre15_BPre15_VRoot_ApplExt_VerbTerm	NPrePre15_BPre15_NStem
kwe_qhinga	PossConc15_NPrePre5_BPre5_NStem	PossConc15_NStem	PossConc15_NPrePre5_BPre5_NStem	PossConc15_NStem
ka_nye	AdvPre_AdjStem	AdvPre_AdjStem	AdvPre_AdjStem	AdvPre_AdjStem
no_ku_bambis_an_a	AdvPre_NPrePre15_BPre15_VRoot_CausExt_RecipExt_VerbTerm	AdvPre_BPre15_VRoot_RecipExt_VerbTerm	AdvPre_NPrePre15_BPre15_VRoot_CausExt_RecipExt_VerbTerm	AdvPre_BPre15_VRoot_RecipExt_VerbTerm
ka_nye	AdvPre_AdjStem	AdvPre_AdjStem	AdvPre_AdjStem	AdvPre_AdjStem
ne_sekelo	AdvPre_NStem	AdvPre_NStem	AdvPre_NStem	AdvPre_NStem
la_ba_hlanganyeli	PossConc2_NPrePre2_BPre2_NStem	PossConc2_BPre2_NStem	PossConc2_NPrePre2_BPre2_NStem	PossConc2_BPre2_NStem
bo_ke	QuantConc2_QuantStem	QuantConc2_QuantStem	QuantConc2_QuantStem	QuantConc2_QuantStem
.	Punc	Punc	Punc	Punc
I_khansela	NPrePre4_NStem	NPrePre5_NStem	NPrePre4_NStem	NPrePre5_NStem
i_nga_jam_is_a	SC9_AdvPre_VRoot_CausExt_VerbTerm	SC9_AdvPre_VRoot_CausExt_VerbTerm	SC9_AdvPre_VRoot_CausExt_VerbTerm	SC9_AdvPre_VRoot_CausExt_VerbTerm
i_Foramu	NPrePre4_NStem	NPrePre4_NStem	NPrePre4_NStem	NPrePre4_NStem
na_ba_dlaliindima	AdvPre_BPre2_NStem	AdvPre_BPre2_NStem	AdvPre_BPre2_NStem	AdvPre_BPre2_NStem
bo_ke	QuantConc2_QuantStem	QuantConc2_QuantStem	QuantConc2_QuantStem	QuantConc2_QuantStem
oku_fak_a	RelConc15_VRoot_VerbTerm	RelConc15_VRoot_VerbTerm	RelConc15_VRoot_VerbTerm	RelConc15_VRoot_VerbTerm
hlangan_a	VRoot_VerbTerm	VRoot_VerbTerm	VRoot_VerbTerm	VRoot_VerbTerm
i_sekelo	NPrePre4_NStem	NPrePre4_NStem	NPrePre4_NStem	NPrePre4_NStem
la_kazweloke	Dem1_Pos1_NStem	PossConc5_NStem	Dem1_Pos1_NStem	PossConc5_NStem
ne_lesi_funda	AdvPre_Dem4_Pos3_NStem	AdvPre_NStem	AdvPre_Dem4_Pos3_NStem	AdvPre_NStem
njengoMnyango	AdvPre_NStem	Conj	AdvPre_NStem	NStem
we_zamaPhilo	PossConc3_PossConc8_BPre6_NStem	PossConc3_NStem	PossConc3_PossConc8_BPre6_NStem	PossConc3_NStem
no_m_Nyango	AdvPre_NStem	AdvPre_BPre3_NStem	AdvPre_NStem	AdvPre_BPre3_ProperName
we_ze_Fundo	PossConc3_Pres_NStem	PossConc1a_PossConc8_NStem	PossConc3_Pres_NStem	PossConc1a_PossConc8_NStem
,	Punc	Punc	Punc	Punc
a_ma__NGO	NPrePre6_BPre6_Abbr	NPrePre6_BPre6_Abbr	NPrePre6_BPre6_Abbr	NPrePre6_BPre6_Abbr
na_ma__C_BO	AdvPre_BPre6_Abbr	AdvPre_BPre6_Abbr_PronStem2	AdvPre_BPre6_Abbr	AdvPre_BPre6_BPre6_PronStem2
a_sebenz_e	SC2_VRoot_VerbTerm	SC6_VRoot_VerbTerm	SC2_VRoot_VerbTerm	SC1_VRoot_VerbTerm
e_n_daw_eni	LocPre_NPrePre9_BPre9_NStem_LocSuf	LocPre_BPre9_NStem_LocSuf	LocPre_NPrePre9_BPre9_NStem_LocSuf	LocPre_BPre9_NStem_LocSuf
ye__HI_V	PossConc9_Abbr	PossConc4_NStem_NStem	PossConc9_Abbr	PossConc9_VRoot_NStem
/	Punc	Punc	Punc	Punc
AIDS	Abbr	Abbr	Abbr	Abbr
,	Punc	Punc	Punc	Punc
i_in_hlangano	NPrePre4_BPre4_NStem	NPrePre10_BPre10_NStem	NPrePre4_BPre4_NStem	NPrePre4_BPre4_NStem
ze_hlalakuhle	PossConc10_NStem	Pres_NStem	PossConc10_NStem	Pres_NStem
,	Punc	Punc	Punc	Punc
a_ma_khansela	NPrePre6_BPre6_NStem	NPrePre6_BPre6_NStem	NPrePre6_BPre6_NStem	NPrePre6_BPre6_NStem
we_si_yingi	PossConc6_BPre7_NStem	PossConc6_BPre7_NStem	PossConc6_BPre7_NStem	PossConc6_BPre7_NStem
ka_nye	AdvPre_AdjStem	AdvPre_AdjStem	AdvPre_AdjStem	AdvPre_AdjStem
na_ma_khansela	AdvPre_BPre6_NStem	AdvPre_BPre6_NStem	AdvPre_BPre6_NStem	AdvPre_BPre6_NStem
w_e__AIDS	PossConc3_LocPre_Abbr	PossConc3_LocPre_Abbr	PossConc3_LocPre_Abbr	PossConc6_LocPre_Abbr
we_khaya	PossConc3_NPrePre5_BPre5_NStem	PossConc3_NStem	PossConc3_NPrePre5_BPre5_NStem	PossConc3_NStem
ka_nye	AdvPre_AdjStem	AdvPre_AdjStem	AdvPre_AdjStem	AdvPre_AdjStem
ne_e_n_hlangano	AdvPre_LocPre_BPre9_NStem	AdvPre_LocPre_BPre9_NStem	AdvPre_LocPre_BPre9_NStem	AdvPre_LocPre_BPre9_NStem
ze_ze_kolo	PossConc8_BPre8_NStem	PossConc8_BPre8_NStem	PossConc8_BPre8_NStem	BPre8_BPre8_NStem
.	Punc	Punc	Punc	Punc
I_qhinga	NPrePre5_BPre5_NStem	NPrePre5_NStem	NPrePre5_BPre5_NStem	NPrePre5_NStem
eli_zw_isiseka_ko	RelConc5_NStem_RelSuf	RelConc5_VRoot_IntensExt_RelSuf	RelConc5_NStem_RelSuf	RelConc5_NStem_IntensExt_RelSuf
li_zoku_dingeka	BPre5_Fut_VRoot_NeutExt_VerbTerm	BPre5_Fut_NStem	BPre5_Fut_VRoot_NeutExt_VerbTerm	BPre5_Fut_NStem
njengobana	Conj	Conj	Conj	Conj
i__HI_V	NPrePre9_Abbr	NPrePre4_PronStem1_Abbr	NPrePre9_Abbr	NPrePre4_BPre4_NStem
/	Punc	Punc	Punc	Punc
AIDS	Abbr	Abbr	Abbr	Abbr
i_no_mthelela	BPre9_AdvPre_BPre3_NStem	NPrePre9_AdvPre_NStem	BPre9_AdvPre_BPre3_NStem	NPrePre9_AdvPre_NStem
e_ba_ntwan_eni	LocPre_BPre2_NStem_LocSuf	LocPre_BPre2_NStem_LocSuf	LocPre_BPre2_NStem_LocSuf	LocPre_BPre2_NStem_LocSuf
aba_zi_intandani	RelConc2_BPre8_BPre9_NStem	RelConc2_BPre8_NStem	RelConc2_BPre8_BPre9_NStem	RelConc2_BPre8_NStem
na_ba_mukwe	AdvPre_BPre2_NStem	AdvPre_BPre2_NStem	AdvPre_BPre2_NStem	AdvPre_BPre2_NStem
i_tlhogomelo	NPrePre4_NStem	NPrePre5_NStem	NPrePre4_NStem	NPrePre4_NStem
laba_belethi	PossConc5_BPre2_NStem	RelConc2_NStem	PossConc5_BPre2_NStem	RelConc2_NStem
no_ku_sekel_w_a	AdvPre_NPrePre15_BPre15_VRoot_PassExt_VerbTerm	AdvPre_BPre15_VRoot_PassExt_VerbTerm	AdvPre_NPrePre15_BPre15_VRoot_PassExt_VerbTerm	AdvPre_BPre15_VRoot_PassExt_VerbTerm
nge_e_mali	AdvPre_LocPre_NStem	AdvPre_LocPre_NStem	AdvPre_LocPre_NStem	AdvPre_LocPre_NStem
,	Punc	Punc	Punc	Punc
aba_ntu	NPrePre2_BPre2_NStem	RelConc2_NStem	NPrePre2_BPre2_NStem	RelConc2_NStem
a_ba_dala	AdjPref2_AdjStem	NPrePre2_BPre2_NStem	AdjPref2_AdjStem	NPrePre2_BPre2_NStem
na_ba_tjha	AdvPre_BPre2_NStem	AdvPre_AdjPref2_NStem	AdvPre_BPre2_NStem	AdvPre_BPre2_NStem
aba_nga_na_ba_tlhogomeli	RelConc2_Pot_AdvPre_BPre2_NStem	RelConc2_Pot_AdvPre_BPre2_NStem	RelConc2_Pot_AdvPre_BPre2_NStem	RelConc2_AdvPre_AdvPre_BPre2_NStem
.	Punc	Punc	Punc	Punc
A_mandla	RelConc6_RelStem	RelConc6_RelStem	RelConc6_RelStem	RelConc6_RelStem
we_zomnotho	PossConc6_NStem	PossConc6_NStem	PossConc6_NStem	PossConc6_NStem
ne_wo_ku_hlalisan_a	AdvPre_BPre3_BPre15_NStem	AdvPre_PossConc3_BPre15_VRoot_VerbTerm	AdvPre_BPre3_BPre15_NStem	AdvPre_PossConc3_BPre15_VRoot_VerbTerm
ku_khansela	BPre15_NStem	BPre15_NStem	BPre15_NStem	BPre15_NStem
na_wo	AdvPre_PronStem3	AdvPre_PronStem3	AdvPre_PronStem3	AdvPre_PronStem3
a_dinga	RelConc6_VRoot_VerbTerm	RelConc6_NStem	RelConc6_VRoot_VerbTerm	RelConc6_NStem
u_ku_tjhejwa	NPrePre15_BPre15_NStem	NPrePre15_BPre15_NStem	NPrePre15_BPre15_NStem	NPrePre15_BPre15_NStem
begodu	Conj	Conj	Conj	Conj
i_khansela	NPrePre4_NStem	NPrePre5_NStem	NPrePre4_NStem	NPrePre4_NStem
i_nga_jam_is_a	SC9_AdvPre_VRoot_CausExt_VerbTerm	SC9_AdvPre_VRoot_CausExt_VerbTerm	SC9_AdvPre_VRoot_CausExt_VerbTerm	SC9_AdvPre_VRoot_CausExt_VerbTerm
i_Foramu	NPrePre4_NStem	NPrePre4_NStem	NPrePre4_NStem	NPrePre4_NStem
e_nga_lungiselela	LocPre_AdvPre_VRoot_ApplExt_VerbTerm	LocPre_NegPre_NStem	LocPre_AdvPre_VRoot_ApplExt_VerbTerm	RelConc9_AdvPre_NStem
i_qhinga	NPrePre5_BPre5_NStem	NPrePre5_NStem	NPrePre5_BPre5_NStem	NPrePre5_NStem
eli_bandakany_a	RelConc5_VRoot_VerbTerm	RelConc5_VRoot_VerbTerm	RelConc5_VRoot_VerbTerm	RelConc5_VRoot_VerbTerm
u_m_phakathi	NPrePre3_BPre3_NStem	NPrePre3_BPre3_NStem	NPrePre3_BPre3_NStem	NPrePre3_BPre3_NStem
wo_ke	QuantConc6_QuantStem	QuantConc1_QuantStem	QuantConc6_QuantStem	QuantConc1_QuantStem
.	Punc	Punc	Punc	Punc
U_m_sebenzi	NPrePre3_BPre3_NStem	NPrePre3_BPre3_NStem	NPrePre3_BPre3_NStem	NPrePre3_BPre3_NStem
we_si_qhema	PossConc3_BPre7_NStem	PossConc3_BPre7_NStem	PossConc3_BPre7_NStem	PossConc3_BPre7_NStem
esi_qedelela	RelConc7_VRoot_VerbTerm	RelConc7_NStem	RelConc7_VRoot_VerbTerm	RelConc7_NStem
i_bhoduluko	NPrePre4_NStem	NPrePre4_NStem	NPrePre4_NStem	NPrePre4_NStem
le_tuthuko	PossConc5_NStem	PossConc5_NStem	PossConc5_NStem	PossConc5_NStem
ye_SWOT	PossConc9_Abbr	PossConc4_Abbr	PossConc9_Abbr	PossConc9_Abbr
ngo_ku_sebenz_is_an_a	AdvPre_BPre15_VRoot_CausExt_RecipExt_VerbTerm	AdvPre_BPre15_VRoot_CausExt_RecipExt_VerbTerm	AdvPre_BPre15_VRoot_CausExt_RecipExt_VerbTerm	AdvPre_BPre15_VRoot_CausExt_RecipExt_VerbTerm
ne_Komidi	AdvPre_ProperName	AdvPre_ProperName	AdvPre_ProperName	AdvPre_ProperName
ye_Wadi	PossConc4_NStem	PossConc4_NStem	PossConc4_NStem	PossConc4_NStem
ka_nye	AdvPre_AdjStem	AdvPre_AdjStem	AdvPre_AdjStem	AdvPre_AdjStem
na_ba_ntu	AdvPre_NPrePre2_BPre2_NStem	AdvPre_BPre2_NStem	AdvPre_NPrePre2_BPre2_NStem	AdvPre_BPre2_NStem
aba_yi_sik_a	RelConc2_CopPre_VRoot_VerbTerm	RelConc2_CopPre_VRoot_VerbTerm	RelConc2_CopPre_VRoot_VerbTerm	RelConc2_CopPre_VRoot_VerbTerm
aba_na_ma_kghono	RelConc2_AdvPre_BPre6_NStem	RelConc2_AdvPre_BPre6_NStem	RelConc2_AdvPre_BPre6_NStem	RelConc2_AdvPre_BPre6_NStem
a_thize	SC6_Intrans_VerbTerm	RelConc6_NStem	SC6_Intrans_VerbTerm	RelConc6_NStem
.	Punc	Punc	Punc	Punc
Zi_nikel_e	Pres_NStem	OC10_VRoot_VerbTerm	Pres_NStem	OC10_VRoot_VerbTerm
a_ma__i_ri	NPrePre6_BPre6_NStem	NPrePre6_BPre6_BPre6_NStem	NPrePre6_BPre6_NStem	NPrePre6_BPre6_BPre6_NStem
a_nga_b_a	SC6_Pot_VRoot_VerbTerm	SC6_AdvPre_VRoot_VerbTerm	SC6_Pot_VRoot_VerbTerm	SC6_AdvPre_VRoot_VerbTerm
ma_bili	BPre6_NStem	BPre6_NStem	BPre6_NStem	BPre6_NStem
.	Punc	Punc	Punc	Punc
U_m_Sebenzi	NPrePre3_BPre3_NStem	NPrePre3_BPre3_NStem	NPrePre3_BPre3_NStem	NPrePre3_BPre3_NStem
2	Num	Num	Num	Num
Cabanga	ProperName	ProperName	ProperName	ProperName
i_l_anga	NPrePre5_BPre5_NStem	NPrePre5_BPre5_NStem	NPrePre5_BPre5_NStem	NPrePre5_BPre5_NStem
lo_qobo	Dem3_Pos1_NStem	PossConc5_NStem	Dem3_Pos1_NStem	PossConc5_NStem
e_pilw_eni	LocPre_NStem_LocSuf	LocPre_NStem_LocSuf	LocPre_NStem_LocSuf	LocPre_NStem_LocSuf
ye_kosikazi	PossConc9_NStem	PossConc4_NStem	PossConc9_NStem	PossConc4_NStem
no_m_ye_nayo	AdvPre_NStem	AdvPre_BPre3_Pres_NStem	AdvPre_NStem	AdvPre_BPre1_PossConc9_NStem
a_ba_vel_a	RelConc2_VRoot_VerbTerm	SC6_OC2_VRoot_VerbTerm	RelConc2_VRoot_VerbTerm	SC6_OC2_VRoot_VerbTerm
esi_qhem_eni	RelConc7_NStem_LocSuf	RelConc7_NStem_LocSuf	RelConc7_NStem_LocSuf	RelConc7_NStem_LocSuf
so_m_phakathi	PossConc7_NPrePre3_BPre3_NStem	PossConc7_BPre3_NStem	PossConc7_NPrePre3_BPre3_NStem	PossConc7_BPre3_NStem
esi_khethile_ko	RelConc7_VRoot_Perf_RelSuf	RelConc7_NStem_RelSuf	RelConc7_VRoot_Perf_RelSuf	RelConc7_NStem_RelSuf
.	Punc	Punc	Punc	Punc
Sebenz_is_a	VRoot_CausExt_VerbTerm	VRoot_CausExt_VerbTerm	VRoot_CausExt_VerbTerm	VRoot_CausExt_VerbTerm
i_theyibu_li	NPrePre4_NStem	NPrePre5_NStem_BPre5	NPrePre4_NStem	NPrePre5_NStem_NStem
eli_s_e_khasi_ni	RelConc5_PreLoc-s_LocPre_NStem_LocSuf	RelConc5_PreLoc-s_LocPre_NStem_LocSuf	RelConc5_PreLoc-s_LocPre_NStem_LocSuf	RelConc5_PreLoc-s_LocPre_NStem_LocSuf
eli_landel_a_ko	RelConc5_VRoot_VerbTerm_RelSuf	RelConc5_VRoot_VerbTerm_RelSuf	RelConc5_VRoot_VerbTerm_RelSuf	RelConc5_VRoot_VerbTerm_RelSuf
u_ku_rhemis_a	NPrePre15_BPre15_NStem	NPrePre15_BPre15_VRoot_VerbTerm	NPrePre15_BPre15_NStem	NPrePre15_BPre15_VRoot_VerbTerm
i_mi_sebenzi	NPrePre4_BPre4_NStem	NPrePre4_BPre4_NStem	NPrePre4_BPre4_NStem	NPrePre4_BPre4_NStem
ye_n_dl_ini	PossConc9_NStem	PossConc4_BPre9_NStem_LocSuf	PossConc9_NStem	PossConc4_BPre9_NStem_LocSuf
o_w_enz_iw_a	RelConc3_OC3_VRoot_PassExt_VerbTerm	RelConc3_OC3_VRoot_PassExt_VerbTerm	RelConc3_OC3_VRoot_PassExt_VerbTerm	RelConc3_OC3_VRoot_PassExt_VerbTerm
yi_kosikazi	CopPre_NStem	CopPre_NStem	CopPre_NStem	CopPre_NStem
no_m_ye_nayo	AdvPre_NStem	AdvPre_BPre3_PronStem1_NStem	AdvPre_NStem	AdvPre_BPre1_BPre1_NStem
phakathi	Adv	Adv	Adv	Adv
kwa_ma__i_ri	PossConc15_NPrePre6_BPre6_NStem	PossConc15_BPre6_NPre5_NStem	PossConc15_NPrePre6_BPre6_NStem	PossConc15_BPre6_BPre6_NStem
a_ma__2_4	NPrePre6_BPre6_Num	NPrePre6_BPre6_Num_Num	NPrePre6_BPre6_Num	NPrePre6_BPre6_Num_Num
phezu	Adv	Adv	Adv	Adv
kwe_phepha	PossConc15_NPrePre5_BPre5_NStem	PossConc15_NStem	PossConc15_NPrePre5_BPre5_NStem	PossConc15_NStem
le_tjhadi	Dem1_Pos1_NStem	PossConc5_NStem	Dem1_Pos1_NStem	PossConc5_NStem
.	Punc	Punc	Punc	Punc
Zalisa	VRoot_VerbTerm	NStem	VRoot_VerbTerm	ProperName
u_m_sebenzi	NPrePre3_BPre3_NStem	NPrePre3_BPre3_NStem	NPrePre3_BPre3_NStem	NPrePre3_BPre3_NStem
u_mu_ntu	NPrePre1_BPre1_NStem	NPrePre1_BPre1_NStem	NPrePre1_BPre1_NStem	NPrePre1_BPre1_NStem
a_w_enza_ko	SC6_OC3_VRoot_NeutExt_VerbTerm	RelConc6_CopPre_NStem_RelSuf	SC6_OC3_VRoot_NeutExt_VerbTerm	RelConc6_CopPre_NStem_RelSuf
nge_si_khathi	AdvPre_NPrePre7_BPre7_NStem	AdvPre_BPre7_NStem	AdvPre_NPrePre7_BPre7_NStem	AdvPre_BPre7_NStem
esi_tjhengis_iw_e_ko	RelConc7_VRoot_PassExt_VerbTerm_RelSuf	RelConc7_VRoot_PassExt_VerbTerm_RelSuf	RelConc7_VRoot_PassExt_VerbTerm_RelSuf	RelConc7_VRoot_PassExt_VerbTerm_RelSuf
,	Punc	Punc	Punc	Punc
nany_an_a	BPre5_NStem_DimSuf	VRoot_RecipExt_VerbTerm	BPre5_NStem_DimSuf	VRoot_RecipExt_VerbTerm
ku_m_sebenzi	LocPre_NPrePre3_BPre3_NStem	LocPre_BPre3_NStem	LocPre_NPrePre3_BPre3_NStem	LocPre_BPre3_NStem
o_rholel_w_a_ko	RelConc3_NStem	SC3_VRoot_PassExt_VerbTerm_RelSuf	RelConc3_NStem	RelConc3_VRoot_PassExt_VerbTerm_RelSuf
begodu	Conj	Conj	Conj	Conj
no_ku_thi	AdvPre_NPrePre15_BPre15_VRoot_VerbTerm	AdvPre_BPre15_NStem	AdvPre_NPrePre15_BPre15_VRoot_VerbTerm	AdvPre_BPre15_NStem
u_m_rholo	NPrePre3_BPre3_NStem	NPrePre3_BPre3_NStem	NPrePre3_BPre3_NStem	NPrePre3_BPre3_NStem
u_thi_ni	NPrePre1a_NStem	SC1_NStem_InterrogSuf	NPrePre1a_NStem	NPrePre1a_NStem_InterrogSuf
nge__i_ri	AdvPre_NStem	AdvPre_NPrePre8_NStem	AdvPre_NStem	AdvPre_NPre5_NStem
.	Punc	Punc	Punc	Punc
Fik_a	VRoot_VerbTerm	VRoot_VerbTerm	VRoot_VerbTerm	VRoot_VerbTerm
ku_sese_ne_si_khathi	LocPre_PreLoc-s_LocPre_AdvPre_BPre7_NStem	BPre15_NStem_AdvPre_BPre7_NStem	LocPre_PreLoc-s_LocPre_AdvPre_BPre7_NStem	BPre15_NStem_AdvPre_BPre7_NStem
be_s_e	SC2_VRoot_VerbTerm	SC2_VRoot_VerbTerm	SC2_VRoot_VerbTerm	SC2_VRoot_VerbTerm
u_hlol_a	SC2_VRoot_VerbTerm	SC2_VRoot_VerbTerm	SC2_VRoot_VerbTerm	SC2_VRoot_VerbTerm
i_si_setjenziswa	NPrePre7_BPre7_NStem	NPrePre7_BPre7_NStem	NPrePre7_BPre7_NStem	NPrePre7_BPre7_NStem
nga_phambi	AdvPre_Adv	AdvPre_Adv	AdvPre_Adv	AdvPre_Adv
kwe_si_khathi	PossConc15_NPrePre7_BPre7_NStem	PossConc15_BPre7_NStem	PossConc15_NPrePre7_BPre7_NStem	PossConc15_BPre7_NStem
begodu	Conj	Conj	Conj	Conj
u_b_e	SC2_VRoot_VerbTerm	SC2_VRoot_VerbTerm	SC2_VRoot_VerbTerm	SC2_VRoot_VerbTerm
ne_si_khathi	AdvPre_NPrePre7_BPre7_NStem	AdvPre_BPre7_NStem	AdvPre_NPrePre7_BPre7_NStem	AdvPre_BPre7_NStem
e_sanele_ko	RelConc9_VRoot_VerbTerm_RelSuf	LocPre_NStem_RelSuf	RelConc9_VRoot_VerbTerm_RelSuf	LocPre_NStem_RelSuf
u_ku_lungis_a	NPrePre15_BPre15_NStem	NPrePre15_BPre15_VRoot_VerbTerm	NPrePre15_BPre15_NStem	NPrePre15_BPre15_VRoot_VerbTerm
i_lw_azi	BPre9_BPre11_NStem	BPre9_BPre11_NStem	BPre9_BPre11_NStem	BPre9_BPre11_NStem
o_zo_ku_khulum_a	RelConc5_Fut_VRoot_VerbTerm	RelConc1_Pres_BPre15_VRoot_VerbTerm	RelConc5_Fut_VRoot_VerbTerm	RelConc1_PossConc10_BPre15_VRoot_VerbTerm
nga_lo	AdvPre_PronStem5	AdvPre_PronStem5	AdvPre_PronStem5	AdvPre_PronStem5
.	Punc	Punc	Punc	Punc
U_m_hlangano	NPrePre3_BPre3_NStem	NPrePre3_BPre3_NStem	NPrePre3_BPre3_NStem	NPrePre3_BPre3_NStem
u_khulum_a	SC1_VRoot_VerbTerm	SC1_VRoot_VerbTerm	SC1_VRoot_VerbTerm	SC1_VRoot_VerbTerm
nge_e_n_dlelakambiso	AdvPre_LocPre_BPre3_NStem	AdvPre_LocPre_BPre3_NStem	AdvPre_LocPre_BPre3_NStem	AdvPre_LocPre_BPre3_NStem
zo_m_tlamo	PossConc8_NPrePre3_BPre3_NStem	PossConc8_BPre3_NStem	PossConc8_NPrePre3_BPre3_NStem	PossConc8_BPre3_NStem
w_e__I_DP	PossConc1_LocPre_Abbr	PossConc3_LocPre_NPrePre9_Abbr	PossConc1_LocPre_Abbr	PossConc3_LocPre_LocPre_Abbr
.	Punc	Punc	Punc	Punc
Ku_ya_siz_a	SC15_Pres_VRoot_VerbTerm	SC15_Pres_VRoot_VerbTerm	SC15_Pres_VRoot_VerbTerm	SC15_Pres_VRoot_VerbTerm
u_ku_sebenz_is_a	NPrePre15_BPre15_VRoot_VerbTerm	NPrePre15_BPre15_VRoot_CausExt_VerbTerm	NPrePre15_BPre15_VRoot_VerbTerm	NPrePre15_BPre15_VRoot_CausExt_VerbTerm
u_m_zombe	NPrePre3_BPre3_NStem	NPrePre3_BPre3_NStem	NPrePre3_BPre3_NStem	NPrePre3_BPre3_NStem
w_e__C_BP	PossConc1_LocPre_Abbr	PossConc6_LocPre_LocPre_Abbr	PossConc1_LocPre_Abbr	PossConc3_LocPre_Abbr_Abbr
.	Punc	Punc	Punc	Punc
Be_godu	Conj	PossConc14_NStem	Conj	PossConc14_NStem
u_m_hlangano	NPrePre3_BPre3_NStem	NPrePre3_BPre3_NStem	NPrePre3_BPre3_NStem	NPrePre3_BPre3_NStem
wa_z_is_w_a	PossConc1a_VRoot_PassExt_VerbTerm	PossConc1a_VRoot_CausExt_PassExt_VerbTerm	PossConc1a_VRoot_PassExt_VerbTerm	PossConc1a_VRoot_CausExt_PassExt_VerbTerm
nge_mi_khulumiswano	AdvPre_BPre4_NStem	AdvPre_BPre4_NStem	AdvPre_BPre4_NStem	AdvPre_BPre4_NStem
yo_m_hlangano	PossConc4_LocPre_NPrePre10_BPre10_NStem	PossConc3_BPre3_NStem	PossConc4_LocPre_NPrePre10_BPre10_NStem	PossConc4_BPre3_NStem
wo_ku_tlama	PossConc3_NPrePre15_BPre15_NStem	PossConc3_BPre15_NStem	PossConc3_NPrePre15_BPre15_NStem	PossConc3_BPre15_NStem
o_kw_andul_el_a_ko	SC3_OC15_VRoot_ApplExt_VerbTerm_RelSuf	SC3_OC15_VRoot_ApplExt_VerbTerm_RelSuf	SC3_OC15_VRoot_ApplExt_VerbTerm_RelSuf	SC3_OC15_VRoot_ApplExt_VerbTerm_RelSuf
,	Punc	Punc	Punc	Punc
i_mi_hlobo	NPrePre4_BPre4_NStem	NPrePre4_BPre4_NStem	NPrePre4_BPre4_NStem	NPrePre4_BPre4_NStem
e_ya_hlukene_ko	LocPre_Pres_NStem_RelSuf	LocPre_Pres_NStem_RelSuf	LocPre_Pres_NStem_RelSuf	LocPre_Pres_NStem_RelSuf
ye_e_n_qhema	PossConc4_LocPre_BPre9_NStem	PossConc4_LocPre_BPre9_NStem	PossConc4_LocPre_BPre9_NStem	PossConc4_LocPre_BPre9_NStem
ze_hlalakuhle	Pres_NStem	Pres_NStem	Pres_NStem	Pres_NStem
ezi_khonjiwe_ko	RelConc8_NStem_RelSuf	RelConc8_NStem_RelSuf	RelConc8_NStem_RelSuf	RelConc8_NStem_RelSuf
,	Punc	Punc	Punc	Punc
begodu	Conj	Conj	Conj	Conj
u_m_hlangano	NPrePre3_BPre3_NStem	NPrePre3_BPre3_NStem	NPrePre3_BPre3_NStem	NPrePre3_BPre3_NStem
na_wo	AdvPre_PronStem3	AdvPre_PronStem3	AdvPre_PronStem3	AdvPre_PronStem3
u_nga_ngezelela	NPrePre1a_NegPre_NStem	NPrePre1a_NegPre_NStem	NPrePre1a_NegPre_NStem	NPrePre1a_NegPre_NStem
kileli_rhelo	PossConc15_Dem5_Pos1_NStem	NStem_NStem	PossConc15_Dem5_Pos1_NStem	NStem_NStem
.	Punc	Punc	Punc	Punc
U_m_hlangano	NPrePre3_BPre3_NStem	NPrePre3_BPre3_NStem	NPrePre3_BPre3_NStem	NPrePre3_BPre3_NStem
u_tlama	NPrePre1a_NStem	NPrePre1a_NStem	NPrePre1a_NStem	NPrePre1a_NStem
i_hlelo	NPrePre9_NStem	NPrePre9_NStem	NPrePre9_NStem	NPrePre5_NStem
le_e_n_khathi	PossConc5_LocPre_BPre9_NStem	PossConc5_LocPre_BPre9_NStem	PossConc5_LocPre_BPre9_NStem	PossConc5_LocPre_BPre9_NStem
leveke	PossConc5_NPrePre4_NStem	NStem	PossConc5_NPrePre4_NStem	NStem
,	Punc	Punc	Punc	Punc
ku_fak_a	BPre15_VRoot_VerbTerm	BPre15_VRoot_VerbTerm	BPre15_VRoot_VerbTerm	BPre15_VRoot_VerbTerm
hlangan_a	NStem_DimSuf	VRoot_VerbTerm	NStem_DimSuf	VRoot_VerbTerm
i_hlelo	NPrePre9_NStem	NPrePre5_NStem	NPrePre9_NStem	NPrePre5_NStem
le_mi_hlangano	AdvPre_NPrePre4_BPre4_NStem	AdvPre_BPre4_NStem	AdvPre_NPrePre4_BPre4_NStem	AdvPre_BPre4_NStem
na_ba_jameli	AdvPre_BPre2_NStem	AdvPre_BPre2_NStem	AdvPre_BPre2_NStem	AdvPre_BPre2_NStem
a_ba_vel_a	RelConc2_VRoot_VerbTerm	SC6_OC2_VRoot_VerbTerm	RelConc2_VRoot_VerbTerm	SC6_SC2_VRoot_VerbTerm
e_e_n_qhem_eni	RelConc9_LocPre_BPre9_NStem_LocSuf	RelConc9_LocPre_BPre9_NStem_LocSuf	RelConc9_LocPre_BPre9_NStem_LocSuf	RelConc9_LocPre_BPre9_NStem_LocSuf
e_za_hlukene_ko	LocPre_Pres_NStem_RelSuf	LocPre_Pres_NStem_RelSuf	LocPre_Pres_NStem_RelSuf	LocPre_Pres_NStem_RelSuf
ze_hlalakuhle	Pres_NStem	Pres_NStem	Pres_NStem	Pres_NStem
.	Punc	Punc	Punc	Punc
Ku_ya_siz_a	SC15_Pres_VRoot_VerbTerm	SC15_Pres_VRoot_VerbTerm	SC15_Pres_VRoot_VerbTerm	SC15_Pres_VRoot_VerbTerm
u_ku_khomba	NPrePre15_BPre15_VRoot_VerbTerm	NPrePre15_BPre15_NStem	NPrePre15_BPre15_VRoot_VerbTerm	NPrePre15_BPre15_NStem
u_mu_ntu	NPrePre1_BPre1_NStem	NPrePre1_BPre1_NStem	NPrePre1_BPre1_NStem	NPrePre1_BPre1_NStem
o_nqoph_ile_ko	RelConc3_VRoot_Perf_RelSuf	RelConc3_VRoot_Perf_RelSuf	RelConc3_VRoot_Perf_RelSuf	RelConc3_VRoot_Perf_RelSuf
o_vel_a	SC3_VRoot_VerbTerm	RelConc3_VRoot_VerbTerm	SC3_VRoot_VerbTerm	RelConc3_VRoot_VerbTerm
esi_qhem_eni	RelConc7_NStem_LocSuf	RelConc7_NStem_LocSuf	RelConc7_NStem_LocSuf	RelConc7_NStem_LocSuf
nga_si_nye	AdvPre_BPre7_AdjStem	AdvPre_BPre7_AdjStem	AdvPre_BPre7_AdjStem	AdvPre_BPre7_AdjStem
se_hlalakuhle	PossConc7_LocPre_NStem	PossConc7_NStem	PossConc7_LocPre_NStem	PossConc7_NStem
o_za_kw_azi	RelConc3_Pres_BPre15_NStem	RelConc3_Fut_BPre15_NStem	RelConc3_Pres_BPre15_NStem	RelConc3_Fut_BPre15_NStem
u_ku_gcugcuzela	NPrePre15_BPre15_NStem	NPrePre15_BPre15_NStem	NPrePre15_BPre15_NStem	NPrePre15_BPre15_NStem
aba_nye	AdjPref2_AdjStem	AdjPref2_AdjStem	AdjPref2_AdjStem	AdjPref2_AdjStem
bo_nyana	BPre2_NStem	BPre2_NStem	BPre2_NStem	BPre2_NStem
ba_khamb_el_e	SC2_VRoot_ApplExt_VerbTerm	SC2_VRoot_ApplExt_VerbTerm	SC2_VRoot_ApplExt_VerbTerm	SC2_VRoot_ApplExt_VerbTerm
le_mi_hlangano	AdvPre_NPrePre4_BPre4_NStem	AdvPre_BPre4_NStem	AdvPre_NPrePre4_BPre4_NStem	AdvPre_BPre4_NStem
e_hlel_iw_e_ko	LocPre_VRoot_PassExt_VerbTerm_RelSuf	RelConc9_VRoot_PassExt_VerbTerm_RelSuf	LocPre_VRoot_PassExt_VerbTerm_RelSuf	RelConc9_VRoot_PassExt_VerbTerm_RelSuf
.	Punc	Punc	Punc	Punc
Gcugcuzela	VRoot_VerbTerm	ProperName	VRoot_VerbTerm	ProperName
aba_hlanganyeli	NPrePre2_BPre2_NStem	RelConc2_NStem	NPrePre2_BPre2_NStem	RelConc2_NStem
bo_nyana	BPre2_NStem	BPre2_NStem	BPre2_NStem	BPre2_NStem
ba_khamb_el_e	SC2_VRoot_ApplExt_VerbTerm	SC2_VRoot_ApplExt_VerbTerm	SC2_VRoot_ApplExt_VerbTerm	SC2_VRoot_ApplExt_VerbTerm
yo_ke	QuantConc4_QuantStem	QuantConc4_QuantStem	QuantConc4_QuantStem	QuantConc4_QuantStem
i_mi_hlangano	NPrePre4_BPre4_NStem	NPrePre4_BPre4_NStem	NPrePre4_BPre4_NStem	NPrePre4_BPre4_NStem
yo_ku_tlama	PossConc4_BPre15_NStem	PossConc4_BPre15_NStem	PossConc4_BPre15_NStem	PossConc4_BPre15_NStem
.	Punc	Punc	Punc	Punc
I_nga_b_e	SC9_Pot_VRoot_VerbTerm	SC9_Pot_VRoot_VerbTerm	SC9_Pot_VRoot_VerbTerm	SC9_Pot_VRoot_VerbTerm
i_in_qhema	NPrePre8_NPre8_NStem	NPrePre8_NPre8_NStem	NPrePre8_NPre8_NStem	NPrePre8_NPre8_NStem
e_za_hlukene_ko	LocPre_Pres_NStem_RelSuf	LocPre_Pres_NStem_RelSuf	LocPre_Pres_NStem_RelSuf	LocPre_Pres_NStem_RelSuf
zo_m_notho	PossConc10_NPrePre3_BPre3_NStem	PossConc10_BPre3_NStem	PossConc10_NPrePre3_BPre3_NStem	PossConc10_BPre3_NStem
ne_hlalakuhle	AdvPre_NPre9_NStem	AdvPre_NStem	AdvPre_NPre9_NStem	AdvPre_NStem
zi_yi_l_ungela	BPre8_CopPre_NStem	Pres_CopPre_BPre5_NStem	BPre8_CopPre_NStem	Pres_CopPre_BPre5_NStem
bu_njani	SC14_Adv	SC14_Adv	SC14_Adv	SC14_Adv
i_mi_khakha	NPrePre4_BPre4_NStem	NPrePre4_BPre4_NStem	NPrePre4_BPre4_NStem	NPrePre4_BPre4_NStem
yo_bu_njinga	PossConc4_BPre14_NStem	PossConc4_BPre14_NStem	PossConc4_BPre14_NStem	PossConc4_BPre14_NStem
?	Punc	Punc	Punc	Punc
(	Punc	Punc	Punc	Punc
i_sib	Abbr	NPrePre9_NStem	Abbr	NPrePre5_NStem
.	Punc	Punc	Punc	Punc
ka_nengi	AdvPre_AdjStem	AdvPre_AdjStem	AdvPre_AdjStem	AdvPre_AdjStem
aba_ntu	NPrePre2_BPre2_NStem	RelConc2_NStem	NPrePre2_BPre2_NStem	RelConc2_NStem
a_ba_dala	AdjPref2_AdjStem	NPrePre2_BPre2_NStem	AdjPref2_AdjStem	NPrePre2_BPre2_NStem
ba_tlhaga	PossConc2_LocPre_NStem	BPre2_NStem	PossConc2_LocPre_NStem	BPre2_NStem
khulu	Adv	Adv	Adv	Adv
)	Punc	Punc	Punc	Punc
?	Punc	Punc	Punc	Punc
A_ba_kghonakalisi	NPrePre2_BPre2_NStem	NPrePre2_BPre2_NStem	NPrePre2_BPre2_NStem	NPrePre2_BPre2_NStem
ba_ka_masipala	PossConc2_PossKA_NStem	PossConc2_PossKA_NStem	PossConc2_PossKA_NStem	PossConc2_PossKA_NStem
a_ba_vel_a	RelConc2_VRoot_VerbTerm	SC6_OC2_VRoot_VerbTerm	RelConc2_VRoot_VerbTerm	SC6_OC2_VRoot_VerbTerm
e_enkorw_eni	LocPre_NStem_LocSuf	LocPre_NStem_LocSuf	LocPre_NStem_LocSuf	LocPre_NStem_LocSuf
e_za_hlukene_ko	LocPre_Pres_NStem_RelSuf	LocPre_Pres_NStem_RelSuf	LocPre_Pres_NStem_RelSuf	LocPre_Pres_NStem_RelSuf
za_ka_masipala	BPre8_PossKA_NStem	PossConc10_PossKA_NStem	BPre8_PossKA_NStem	PossConc8_PossKA_NStem
nany_an_a	BPre5_NStem_DimSuf	VRoot_RecipExt_VerbTerm	BPre5_NStem_DimSuf	VRoot_RecipExt_VerbTerm
i_in_khulu	NPrePre8_BPre8_NStem	NPrePre8_BPre8_NStem	NPrePre8_BPre8_NStem	NPrePre8_BPre8_NStem
zo_buthekhiniki	PossConc8_BPre14_NStem	Pres_NStem	PossConc8_BPre14_NStem	Pres_NStem
za_ka_rhulumende	PossConc8_PossKA_NStem	BPre8_PossKA_NStem	PossConc8_PossKA_NStem	BPre8_PossKA_NStem
ezi_vel_a	SC6_OC10_VRoot_VerbTerm	RelConc10_VRoot_VerbTerm	SC6_OC10_VRoot_VerbTerm	RelConc10_VRoot_VerbTerm
esi_yi_ngini	RelConc7_Pres_NStem	RelConc7_Pres_InterrogSuf	RelConc7_Pres_NStem	RelConc7_Pres_InterrogSuf
nany_an_a	BPre5_NStem_DimSuf	VRoot_RecipExt_VerbTerm	BPre5_NStem_DimSuf	VRoot_RecipExt_VerbTerm
e_mi_nyangw_eni	LocPre_BPre4_NStem_LocSuf	LocPre_BPre4_NStem_LocSuf	LocPre_BPre4_NStem_LocSuf	LocPre_BPre4_NStem_LocSuf
ye_si_funda	PossConc4_BPre7_NStem	PossConc4_BPre7_NStem	PossConc4_BPre7_NStem	PossConc4_BPre7_NStem
.	Punc	Punc	Punc	Punc
U_ku_zi_boph_elela	NPrePre15_BPre15_CopPre_VRoot_ApplExt_VerbTerm	NPrePre15_BPre15_ReflPre_NStem_NStem	NPrePre15_BPre15_CopPre_VRoot_ApplExt_VerbTerm	NPrePre15_BPre15_ReflPre_VRoot_NStem
e_ku_bonel_el_eni	LocPre_BPre15_NStem_LocSuf	LocPre_BPre15_VRoot_ApplExt_LocSuf	LocPre_BPre15_NStem_LocSuf	LocPre_BPre15_VRoot_ApplExt_LocSuf
i_mi_ndeni	NPrePre4_BPre4_NStem	NPrePre4_BPre4_NStem	NPrePre4_BPre4_NStem	NPrePre4_BPre4_NStem
ngo_ku_dl_a	AdvPre_NPrePre15_BPre15_VRoot_VerbTerm	AdvPre_BPre15_VRoot_VerbTerm	AdvPre_NPrePre15_BPre15_VRoot_VerbTerm	AdvPre_BPre15_VRoot_VerbTerm
no_kondlela	AdvPre_NStem	AdvPre_NStem	AdvPre_NStem	AdvPre_NStem
oku_badakany_a	RelConc15_NStem	RelConc15_VRoot_VerbTerm	RelConc15_NStem	RelConc15_VRoot_VerbTerm
i_gadango	NPrePre5_NStem	NPrePre5_NStem	NPrePre5_NStem	NPrePre5_NStem
lo_m_buso	PossConc5_NPrePre3_BPre3_NStem	PossConc5_BPre3_NStem	PossConc5_NPrePre3_BPre3_NStem	PossConc5_BPre3_NStem
ka_nye	AdvPre_AdjStem	AdvPre_AdjStem	AdvPre_AdjStem	AdvPre_AdjStem
ne_koro	AdvPre_NStem	AdvPre_NStem	AdvPre_NStem	AdvPre_NStem
ya_nge_qadi	PossConc9_AdvPre_NStem	PossConc9_AdvPre_NStem	PossConc9_AdvPre_NStem	PossConc4_AdvPre_NStem
.	Punc	Punc	Punc	Punc
U_m_Thethosisekelo	NPrePre3_BPre3_NStem	NPrePre3_BPre3_NStem	NPrePre3_BPre3_NStem	NPrePre3_BPre3_NStem
u_nikel_a	SC3_VRoot_ApplExt_VerbTerm	SC1_VRoot_VerbTerm	SC3_VRoot_ApplExt_VerbTerm	SC1_VRoot_VerbTerm
u_m_bono	NPrePre3_BPre3_NStem	NPrePre3_BPre3_NStem	NPrePre3_BPre3_NStem	NPrePre3_BPre3_NStem
we_si_tjhaba	PossConc3_BPre7_NStem	PossConc1_BPre7_NStem	PossConc3_BPre7_NStem	PossConc1_BPre7_NStem
esi_bumbeneko	RelConc7_NStem_RelSuf	RelConc7_NStem	RelConc7_NStem_RelSuf	RelConc7_NStem
,	Punc	Punc	Punc	Punc
esi_phumelel_a_ko	RelConc7_VRoot_ApplExt_VerbTerm_RelSuf	RelConc7_VRoot_VerbTerm_RelSuf	RelConc7_VRoot_ApplExt_VerbTerm_RelSuf	RelConc7_VRoot_VerbTerm_RelSuf
,	Punc	Punc	Punc	Punc
esi_nga_bandlululi	RelConc7_NegPre_NStem	RelConc7_NegPre_NStem	RelConc7_NegPre_NStem	RelConc7_AdvPre_NStem
ngo_ko_bu_hlanga	AdvPre_NPrePre15_BPre15_BPre14_NStem	AdvPre_BPre15_BPre14_NStem	AdvPre_NPrePre15_BPre15_BPre14_NStem	AdvPre_BPre15_BPre14_NStem
ne_si_nga_bandlululi	AdvPre_BPre7_NegPre_NStem	AdvPre_BPre7_NegPre_NStem	AdvPre_BPre7_NegPre_NStem	AdvPre_BPre7_AdvPre_NStem
ngo_ko_bu_lili	AdvPre_NPrePre15_PossConc15_BPre14_NStem	AdvPre_PossConc15_BPre14_NStem	AdvPre_NPrePre15_PossConc15_BPre14_NStem	AdvPre_PossConc15_BPre14_NStem
;	Punc	Punc	Punc	Punc
i_narha	NPrePre9_NStem	NPrePre9_NStem	NPrePre9_NStem	NPrePre9_NStem
ya_bo	PossConc9_PronStem2	PossConc9_PronStem2	PossConc9_PronStem2	PossConc9_PronStem2
bo_ke	QuantConc2_QuantStem	QuantConc2_QuantStem	QuantConc2_QuantStem	QuantConc2_QuantStem
aba_ntu	NPrePre2_BPre2_NStem	RelConc2_NStem	NPrePre2_BPre2_NStem	RelConc2_NStem
aba_hlal_a	RelConc2_VRoot_VerbTerm	RelConc2_VRoot_VerbTerm	RelConc2_VRoot_VerbTerm	RelConc2_VRoot_VerbTerm
ki_yo	AdvPre_PronStem10	LocPre_PronStem9	AdvPre_PronStem10	LocPre_PronStem9
,	Punc	Punc	Punc	Punc
aba_bumbene	RelConc2_NStem	RelConc2_NStem	RelConc2_NStem	RelConc2_NStem
ngo_ku_hluk_a	AdvPre_OC15_VRoot_VerbTerm	AdvPre_BPre15_VRoot_VerbTerm	AdvPre_OC15_VRoot_VerbTerm	AdvPre_BPre15_VRoot_VerbTerm
kwa_bo	PossConc15_PronStem2	PossConc15_PronStem2	PossConc15_PronStem2	PossConc15_PronStem2
.	Punc	Punc	Punc	Punc
Be_godu	Conj	PossConc14_NStem	Conj	PossConc14_NStem
u_m_Thethosisekelo	NPrePre3_BPre3_NStem	NPrePre3_BPre3_NStem	NPrePre3_BPre3_NStem	NPrePre3_BPre3_NStem
u_boph_elela	SC3_VRoot_ApplExt_VerbTerm	NPrePre1a_VRoot_NStem	SC3_VRoot_ApplExt_VerbTerm	NPrePre14_VRoot_NStem
i_narha	NPrePre9_NStem	NPrePre9_NStem	NPrePre9_NStem	NPrePre9_NStem
le	Dem9_Pos1		Dem9_Pos1	
bo_nyana	BPre2_NStem	BPre2_NStem	BPre2_NStem	BPre2_NStem
i_qede	SC9_VRoot_VerbTerm	NPrePre4_NStem	SC9_VRoot_VerbTerm	NPrePre4_NStem
u_kw_ahlukana	NPrePre15_BPre15_VRoot_VerbTerm	NPrePre15_BPre15_NStem	NPrePre15_BPre15_VRoot_VerbTerm	NPrePre15_BPre15_NStem
o_kw_enzek_e	RelConc15_VRoot_NeutExt_VerbTerm	SC3_OC15_VRoot_VerbTerm	RelConc15_VRoot_NeutExt_VerbTerm	SC3_OC15_VRoot_VerbTerm
esi_khathi_ni	RelConc7_NStem_LocSuf	RelConc7_NStem_LocSuf	RelConc7_NStem_LocSuf	RelConc7_NStem_LocSuf
esi_gadungile_ko	RelConc7_NStem_RelSuf	RelConc7_NStem_RelSuf	RelConc7_NStem_RelSuf	RelConc7_NStem_RelSuf
,	Punc	Punc	Punc	Punc
ngo_ku_bon_a	AdvPre_OC15_VRoot_VerbTerm	AdvPre_BPre15_VRoot_VerbTerm	AdvPre_OC15_VRoot_VerbTerm	AdvPre_BPre15_VRoot_VerbTerm
bo_nyana	BPre2_NStem	BPre2_NStem	BPre2_NStem	BPre2_NStem
i_Sewula	NPrePre5_NStem	NPrePre4_NStem	NPrePre5_NStem	NPrePre4_NStem
Afrika	ProperName	ProperName	ProperName	ProperName
i_vel_a	SC4_VRoot_VerbTerm	SC9_VRoot_VerbTerm	SC4_VRoot_VerbTerm	SC4_VRoot_VerbTerm
e_rherhw_eni	LocPre_NStem_LocSuf	LocPre_NStem_LocSuf	LocPre_NStem_LocSuf	LocPre_NStem_LocSuf
lapho	Dem16_Pos2		Dem16_Pos2	
i_nengi	AdjPref9_AdjStem	AdjPref9_AdjStem	AdjPref9_AdjStem	AdjPref9_AdjStem
le_z_akhamuzi	PossConc5_NPrePre8_BPre8_NStem	PossConc5_BPre8_NStem	PossConc5_NPrePre8_BPre8_NStem	PossConc5_BPre8_NStem
za_yo	PossConc8_PronStem9	PossConc10_PronStem9	PossConc8_PronStem9	PossConc10_PronStem9
be_li_dinywe	PossConc2_NStem	PossConc2_BPre5_NStem	PossConc2_NStem	PossConc2_BPre5_NStem
khona	Adv	Adv	Adv	Conj
a_ma_thuba	NPrePre6_BPre6_NStem	NPrePre6_BPre6_NStem	NPrePre6_BPre6_NStem	NPrePre6_BPre6_NStem
.	Punc	Punc	Punc	Punc
Khumbula	VRoot_VerbTerm	ProperName	VRoot_VerbTerm	ProperName
bon_a	AbsPron2	VRoot_VerbTerm	AbsPron2	VRoot_VerbTerm
i_logfremu	NPrePre5_NStem	NPrePre5_NStem	NPrePre5_NStem	NPrePre5_NStem
m_tlolo	BPre3_NStem	BPre3_NStem	BPre3_NStem	BPre3_NStem
o_phil_a_ko	RelConc3_VRoot_VerbTerm_RelSuf	RelConc3_VRoot_VerbTerm_RelSuf	RelConc3_VRoot_VerbTerm_RelSuf	RelConc3_VRoot_VerbTerm_RelSuf
,	Punc	Punc	Punc	Punc
a_lo__ke	Ideoph	RelConc6_QuantConc5_QuantStem	Ideoph	RelConc6_QuantConc5_QuantStem
ku_fan_el_e	OC16_VRoot_ApplExt_VerbTerm	OC15_VRoot_ApplExt_VerbTerm	OC16_VRoot_ApplExt_VerbTerm	OC15_VRoot_ApplExt_VerbTerm
bon_a	AbsPron2	VRoot_VerbTerm	AbsPron2	VRoot_VerbTerm
ku_qalis_w_e	BPre17_VRoot_PassExt_VerbTerm	BPre15_VRoot_PassExt_VerbTerm	BPre17_VRoot_PassExt_VerbTerm	BPre17_VRoot_PassExt_VerbTerm
ki_wo	PossConc6_PronStem6	LocPre_PronStem6	PossConc6_PronStem6	LocPre_PronStem6
njalo	Adv	Adv	Adv	Adv
nge_si_khathi	AdvPre_NPrePre7_BPre7_NStem	AdvPre_BPre7_NStem	AdvPre_NPrePre7_BPre7_NStem	AdvPre_BPre7_NStem
s_e_khoso	PossConc7_LocPre_NStem	PossConc7_LocPre_NStem	PossConc7_LocPre_NStem	PossConc7_LocPre_NStem
yo_m_zombe	PossConc9_BPre10_NStem	PossConc9_BPre10_NStem	PossConc9_BPre10_NStem	PossConc9_BPre10_NStem
w_e_phrojekthi	PossConc3_LocPre_NStem	PossConc3_LocPre_NStem	PossConc3_LocPre_NStem	PossConc1a_LocPre_NStem
.	Punc	Punc	Punc	Punc
Li_thulusi	CopPre_NStem	NPrePre5_NStem	CopPre_NStem	NPrePre5_NStem
e_l_enzelwe	SC5_OC5_VRoot_ApplExt_PassExt_VerbTerm	LocPre_BPre5_NStem	SC5_OC5_VRoot_ApplExt_PassExt_VerbTerm	LocPre_BPre5_NStem
u_ku_siz_a	NPrePre15_BPre15_VRoot_VerbTerm	NPrePre15_BPre15_VRoot_VerbTerm	NPrePre15_BPre15_VRoot_VerbTerm	NPrePre15_BPre15_VRoot_VerbTerm
i_l_unga	NPrePre5_BPre5_NStem	NPrePre5_BPre5_NStem	NPrePre5_BPre5_NStem	NPrePre5_BPre5_NStem
le_si_qhema	Dem4_Pos1_BPre7_NStem	PossConc5_BPre7_NStem	Dem4_Pos1_BPre7_NStem	AdvPre_BPre7_NStem
,	Punc	Punc	Punc	Punc
i_nga_s_i	SC9_NegPre_VRoot_VerbTerm	SC9_NegPre_VRoot_VerbTerm	SC9_NegPre_VRoot_VerbTerm	SC9_NegPre_VRoot_VerbTerm
u_ku_liy_a	NPrePre15_BPre15_NStem	NPrePre15_BPre15_VRoot_VerbTerm	NPrePre15_BPre15_NStem	NPrePre15_BPre15_VRoot_VerbTerm
na_mtjha_na	Conj	AdvPre_NStem_DimSuf	Conj	AdvPre_NStem_DimSuf
u_ku_ba_hlangahlangan_is_a	NPrePre15_LocPre_SC2_VRoot_RecipExt_CausExt_VerbTerm	NPrePre15_BPre15_OC2_VRoot_CausExt_VerbTerm	NPrePre15_LocPre_SC2_VRoot_RecipExt_CausExt_VerbTerm	NPrePre15_BPre15_BPre2_VRoot_CausExt_VerbTerm
,	Punc	Punc	Punc	Punc
a_li_ka_bekw_a	SC6_OC1_AdvPre_VRoot_PassExt_VerbTerm	SC6_SC5_AdvPre_VRoot_VerbTerm	SC6_OC1_AdvPre_VRoot_PassExt_VerbTerm	RelConc6_OC5_AdvPre_VRoot_VerbTerm
phezu	Adv	Adv	Adv	Adv
kwe_li_tje	PossConc15_NStem	PossConc15_BPre5_NStem	PossConc15_NStem	PossConc15_BPre5_NStem
begodu	Conj	Conj	Conj	Conj
ku_fan_el_e	OC16_VRoot_ApplExt_VerbTerm	OC15_VRoot_ApplExt_VerbTerm	OC16_VRoot_ApplExt_VerbTerm	OC15_VRoot_ApplExt_VerbTerm
li_buyekezw_e	SC5_VRoot_PassExt_VerbTerm	SC5_VRoot_VerbTerm	SC5_VRoot_PassExt_VerbTerm	SC5_VRoot_VerbTerm
njeng_om_bana	AdvPre_AdjPref1_AdjStem	AdvPre_AdjPref1_AdjStem	AdvPre_AdjPref1_AdjStem	AdvPre_AdjPref1_AdjStem
si_wa_zi	SC2_OC2_VRoot_VerbTerm	BPre7_PossConc1a_NStem	SC2_OC2_VRoot_VerbTerm	BPre7_OC3_NStem
a_ma_qiniso	NPrePre6_BPre6_NStem	NPrePre6_BPre6_NStem	NPrePre6_BPre6_NStem	NPrePre6_BPre6_NStem
wo_ku_phunyeleliswa	PossConc6_NPrePre15_BPre15_VRoot_CausExt_PassExt_VerbTerm	PossConc6_BPre15_NStem	PossConc6_NPrePre15_BPre15_VRoot_CausExt_PassExt_VerbTerm	PossConc3_BPre15_NStem
kwe_phrojekthi	PossConc15_NStem	PossConc15_NStem	PossConc15_NStem	PossConc15_NStem
,	Punc	Punc	Punc	Punc
njengo_ku_tjho	AdvPre_BPre15_VRoot_VerbTerm	AdvPre_BPre15_NStem	AdvPre_BPre15_VRoot_VerbTerm	AdvPre_BPre15_NStem
kwe_e_n_kambiso	PossConc15_LocPre_BPre3_NStem	PossConc15_LocPre_BPre3_NStem	PossConc15_LocPre_BPre3_NStem	PossConc15_LocPre_BPre3_NStem
zo_ku_tjheja	Fut_VRoot_VerbTerm	PossConc10_BPre15_NStem	Fut_VRoot_VerbTerm	PossConc10_BPre15_NStem
no_ku_buyekez_a	AdvPre_NPrePre15_BPre15_VRoot_VerbTerm	AdvPre_BPre15_VRoot_VerbTerm	AdvPre_NPrePre15_BPre15_VRoot_VerbTerm	AdvPre_BPre15_VRoot_VerbTerm
.	Punc	Punc	Punc	Punc
Linga	NStem	NStem	NStem	NStem
u_ku_bandakany_a	NPrePre15_BPre15_VRoot_VerbTerm	NPrePre15_BPre15_VRoot_VerbTerm	NPrePre15_BPre15_VRoot_VerbTerm	NPrePre15_BPre15_VRoot_VerbTerm
i_in_qhema	NPrePre8_NPre8_NStem	NPrePre8_NPre8_NStem	NPrePre8_NPre8_NStem	NPrePre8_NPre8_NStem
e_za_hlukahlukene_ko	LocPre_Pres_NStem_RelSuf	LocPre_Pres_NStem_RelSuf	LocPre_Pres_NStem_RelSuf	LocPre_Pres_NStem_RelSuf
ze_hlalakuhle	Pres_NStem	Pres_NStem	Pres_NStem	Pres_NStem
ezi_khonjiwe_ko	RelConc8_NStem_RelSuf	RelConc8_NStem_RelSuf	RelConc8_NStem_RelSuf	RelConc8_NStem_RelSuf
,	Punc	Punc	Punc	Punc
lokho	Dem15_Pos2		Dem15_Pos2	
ku_fak_a	BPre15_VRoot_VerbTerm	BPre15_VRoot_VerbTerm	BPre15_VRoot_VerbTerm	BPre15_VRoot_VerbTerm
hlangan_a	NStem_DimSuf	VRoot_VerbTerm	NStem_DimSuf	VRoot_VerbTerm
na_ba_ntu	AdvPre_NPrePre2_BPre2_NStem	AdvPre_BPre2_NStem	AdvPre_NPrePre2_BPre2_NStem	AdvPre_BPre2_NStem
aba_ne_lw_azi	RelConc2_AdvPre_BPre14_NStem	RelConc2_AdvPre_BPre11_NStem	RelConc2_AdvPre_BPre14_NStem	RelConc2_AdvPre_BPre11_NStem
le_endaba	PossConc5_LocPre_NStem	NStem	PossConc5_LocPre_NStem	NStem
ze_bhoduluko	Pres_NStem	PossConc10_NStem	Pres_NStem	PossConc10_NStem
le_ndawo	PossConc5_NPrePre9_BPre9_NStem	PossConc5_NStem	PossConc5_NPrePre9_BPre9_NStem	PossConc5_NStem
leyo	Dem9_Pos2		Dem9_Pos2	
.	Punc	Punc	Punc	Punc
Nge_mva	AdvPre_Adv	AdvPre_Adv	AdvPre_Adv	AdvPre_Adv
kwa_lokho	PossConc15_Dem15_Pos2	PossConc15	PossConc15_Dem15_Pos2	PossConc15
a_ma_lunga	NPrePre6_BPre6_NStem	NPrePre6_BPre6_NStem	NPrePre6_BPre6_NStem	NPrePre6_BPre6_NStem
we_si_qhema	PossConc3_BPre7_NStem	PossConc3_BPre7_NStem	PossConc3_BPre7_NStem	PossConc3_BPre7_NStem
ku_fuz_e	OC15_VRoot_VerbTerm	OC15_VRoot_VerbTerm	OC15_VRoot_VerbTerm	OC15_VRoot_VerbTerm
a_vowudel_e	SC6_VRoot_ApplExt_VerbTerm	RelConc6_Intrans_VerbTerm	SC6_VRoot_ApplExt_VerbTerm	RelConc6_Intrans_VerbTerm
i_mi_phumela	NPrePre4_BPre4_NStem	NPrePre4_BPre4_NStem	NPrePre4_BPre4_NStem	NPrePre4_BPre4_NStem
e_mi_thathu	AdjPref4_AdjStem	PossConc6_BPre4_NStem	AdjPref4_AdjStem	PossConc6_BPre4_NStem
yo_ku_thom_a	PossConc9_NPrePre15_BPre15_VRoot_VerbTerm	PossConc9_BPre15_VRoot_VerbTerm	PossConc9_NPrePre15_BPre15_VRoot_VerbTerm	PossConc9_BPre15_VRoot_VerbTerm
e_funek_a_ko	SC9_VRoot_VerbTerm_RelSuf	RelConc4_VRoot_VerbTerm_RelSuf	SC9_VRoot_VerbTerm_RelSuf	RelConc4_VRoot_VerbTerm_RelSuf
.	Punc	Punc	Punc	Punc
Eli_nye	AdjPref5_AdjStem	AdjPref5_AdjStem	AdjPref5_AdjStem	AdjPref5_AdjStem
n_eli_nye	AdvPre_AdjPref5_AdjStem	AdvPre_AdjPref5_AdjStem	AdvPre_AdjPref5_AdjStem	AdvPre_AdjPref5_AdjStem
i_l_unga	NPrePre5_BPre5_NStem	NPrePre5_BPre5_NStem	NPrePre5_BPre5_NStem	NPrePre5_BPre5_NStem
le_si_qhema	AdvPre_BPre7_NStem	BPre7_NStem	AdvPre_BPre7_NStem	AdvPre_BPre7_NStem
li_na_ma_vowudu	BPre5_AdvPre_BPre6_NStem	BPre5_AdvPre_BPre6_NStem	BPre5_AdvPre_BPre6_NStem	BPre5_AdvPre_BPre6_NStem
a_ma_thathu	AdjPref6_AdjStem	NPrePre6_BPre6_QuantStem	AdjPref6_AdjStem	NPrePre6_BPre6_NStem
begodu	Conj	Conj	Conj	Conj
'	Punc	Punc	Punc	Punc
li_nga_vowud_a	BPre5_AdvPre_NStem	SC5_AdvPre_VRoot_VerbTerm	BPre5_AdvPre_NStem	SC5_AdvPre_VRoot_VerbTerm
'	Punc	Punc	Punc	Punc
ngo_ku_fak_a	AdvPre_NPrePre15_BPre15_VRoot_VerbTerm	AdvPre_BPre15_VRoot_VerbTerm	AdvPre_NPrePre15_BPre15_VRoot_VerbTerm	AdvPre_BPre15_VRoot_VerbTerm
i_tshwayo	NPrePre4_NStem	NPrePre4_NStem	NPrePre4_NStem	NPrePre4_NStem
eli_lo_dwa	RelConc5_QuantConc5_QuantStem	RelConc5_QuantConc5_QuantStem	RelConc5_QuantConc5_QuantStem	RelConc5_QuantConc5_QuantStem
nany_an_a	BPre5_NStem_DimSuf	VRoot_RecipExt_VerbTerm	BPre5_NStem_DimSuf	VRoot_RecipExt_VerbTerm
a_ma_thathu	AdjPref6_AdjStem	NPrePre6_BPre6_NStem	AdjPref6_AdjStem	NPrePre6_BPre6_NStem
e_qadi	LocPre_NStem	LocPre_NStem	LocPre_NStem	LocPre_NStem
ko_m_phumela	PossConc15_NPrePre3_BPre3_NStem	PossConc15_BPre3_NStem	PossConc15_NPrePre3_BPre3_NStem	PossConc15_BPre3_NStem
o_fun_ek_a_ko	SC3_VRoot_VerbTerm_RelSuf	RelConc3_VRoot_NeutExt_VerbTerm_RelSuf	SC3_VRoot_VerbTerm_RelSuf	RelConc3_VRoot_NeutExt_VerbTerm_RelSuf
begodu	Conj	Conj	Conj	Conj
eli_cabanga	RelConc5_VRoot_VerbTerm	RelConc5_NStem	RelConc5_VRoot_VerbTerm	RelConc5_NStem
bo_nyana	BPre2_NStem	BPre2_NStem	BPre2_NStem	BPre2_NStem
ku_fuz_e	OC15_VRoot_VerbTerm	OC15_VRoot_VerbTerm	OC15_VRoot_VerbTerm	OC15_VRoot_VerbTerm
u_nik_el_w_e	NPrePre1a_NStem	SC3_VRoot_ApplExt_PassExt_VerbTerm	NPrePre1a_NStem	SC3_VRoot_ApplExt_PassExt_VerbTerm
i_tjhejontangi	NPrePre4_NStem	NPrePre4_NStem	NPrePre4_NStem	NPrePre4_NStem
.	Punc	Punc	Punc	Punc
I_SAHLUKWESI	NPrePre4_NStem	NPrePre7_NStem	NPrePre4_NStem	NPrePre4_NStem
SI_NIKEL_A	SC7_VRoot_VerbTerm	SC7_VRoot_VerbTerm	SC7_VRoot_VerbTerm	SC7_VRoot_VerbTerm
I_HLATHULULO	NPrePre4_NStem	NPrePre4_NStem	NPrePre4_NStem	NPrePre4_NStem
KA_NYE	AdjPref9_AdjStem	AdjPref9_AdjStem	AdjPref9_AdjStem	AdjPref9_AdjStem
NE_MINININGWANA	AdvPre_NPrePre4_BPre4_NStem	AdvPre_NStem	AdvPre_NPrePre4_BPre4_NStem	AdvPre_NStem
E_ZELEKO	RelConc4_VRoot_VerbTerm_RelSuf	LocPre_NStem	RelConc4_VRoot_VerbTerm_RelSuf	LocPre_NStem
ma_lunga_na	BPre6_NStem_DimSuf	BPre6_NStem_DimSuf	BPre6_NStem_DimSuf	BPre6_NStem_DimSuf
ne_si_gaba	AdvPre_BPre7_NStem	AdvPre_BPre7_NStem	AdvPre_BPre7_NStem	AdvPre_BPre7_NStem
nga_si_nye	AdvPre_BPre7_AdjStem	AdvPre_BPre7_AdjStem	AdvPre_BPre7_AdjStem	AdvPre_BPre7_AdjStem
sa_lokho	PossConc7_Dem15_Pos2	PossConc7	PossConc7_Dem15_Pos2	PossConc7
oku_lisizo	RelConc8_NStem	RelConc15_NStem	RelConc8_NStem	RelConc15_NStem
mayelana	NStem	NStem	NStem	NStem
no_ku_phunyeleliswa	AdvPre_NPrePre15_BPre15_Intrans_VerbTerm	AdvPre_BPre15_NStem	AdvPre_NPrePre15_BPre15_Intrans_VerbTerm	AdvPre_BPre15_NStem
kwe__C_BP	PossConc15_Abbr	PossConc15_LocPre_Abbr	PossConc15_Abbr	PossConc15_Abbr_Abbr
okwe_ndlal_w_e	SC3_OC15_VRoot_PassExt_VerbTerm	RelConc15_VRoot_PassExt_VerbTerm	SC3_OC15_VRoot_PassExt_VerbTerm	RelConc15_VRoot_PassExt_VerbTerm
e_mHlahlandlel_eni	LocPre_NStem_LocSuf	LocPre_NStem_LocSuf	LocPre_NStem_LocSuf	LocPre_NStem_LocSuf
w_e__AI_CDD	PossConc3_LocPre_Abbr	PossConc1_LocPre_Abbr_Abbr	PossConc3_LocPre_Abbr	PossConc3_LocPre_NegPre_Abbr
o_phathel_en_e	RelConc3_VRoot_ApplExt_RecipExt_Perf	RelConc3_VRoot_RecipExt_Perf	RelConc3_VRoot_ApplExt_RecipExt_Perf	RelConc3_VRoot_RecipExt_Perf
ne__C_BP	AdvPre_Abbr	AdvPre_Abbr_Abbr	AdvPre_Abbr	AdvPre_Abbr_Abbr
.	Punc	Punc	Punc	Punc
I_sahlukw_esi	NPrePre4_NStem	NPrePre4_NStem	NPrePre4_NStem	NPrePre4_NStem
si_mumethe	SC7_VRoot_Perf	BPre7_NStem	SC7_VRoot_Perf	BPre7_NStem
i_si_gaba	NPrePre7_BPre7_NStem	NPrePre7_BPre7_NStem	NPrePre7_BPre7_NStem	NPrePre7_BPre7_NStem
esi_nye	AdjPref7_AdjStem	AdjPref7_AdjStem	AdjPref7_AdjStem	AdjPref7_AdjStem
n_esi_nye	AdvPre_AdjPref7_AdjStem	AdvPre_AdjPref7_AdjStem	AdvPre_AdjPref7_AdjStem	AdvPre_AdjPref7_AdjStem
,	Punc	Punc	Punc	Punc
ngo_ku_landela	AdvPre_BPre15_NStem	AdvPre_BPre15_NStem	AdvPre_BPre15_NStem	AdvPre_BPre15_NStem
u_mHlahlandlela	NPrePre3_BPre3_NStem	NPrePre1a_NStem	NPrePre3_BPre3_NStem	NPrePre3_NStem
w_e__AI_CDD	PossConc3_LocPre_Abbr	PossConc3_LocPre_Abbr_Abbr	PossConc3_LocPre_Abbr	PossConc3_LocPre_LocPre_Abbr
,	Punc	Punc	Punc	Punc
begodu	Conj	Conj	Conj	Conj
s_enz_a	SC1_VRoot_VerbTerm	SC1_VRoot_VerbTerm	SC1_VRoot_VerbTerm	SC1_VRoot_VerbTerm
ne_e_m_phakamiso	AdvPre_LocPre_BPre3_NStem	AdvPre_LocPre_BPre3_NStem	AdvPre_LocPre_BPre3_NStem	AdvPre_LocPre_BPre3_NStem
zo_kobana	Pres_NStem	PossConc8_NStem	Pres_NStem	BPre10_NStem
i_si_gaba	NPrePre7_BPre7_NStem	NPrePre7_BPre7_NStem	NPrePre7_BPre7_NStem	NPrePre7_BPre7_NStem
nga_si_nye	AdvPre_BPre7_AdjStem	AdvPre_BPre7_AdjStem	AdvPre_BPre7_AdjStem	AdvPre_BPre7_AdjStem
si_nge_zi_w_a	SC7_AdvPre_VRoot_PassExt_VerbTerm	SC7_AdvPre_VRoot_PassExt_VerbTerm	SC7_AdvPre_VRoot_PassExt_VerbTerm	SC7_AdvPre_VRoot_PassExt_VerbTerm
bu_njani	SC14_Adv	SC14_Adv	SC14_Adv	SC14_Adv
.	Punc	Punc	Punc	Punc
I_sAhluko	NPrePre4_NStem	NPrePre4_NStem	NPrePre4_NStem	NPrePre4_NStem
si_rhunyez_a	SC7_VRoot_VerbTerm	SC7_VRoot_VerbTerm	SC7_VRoot_VerbTerm	SC7_VRoot_VerbTerm
a_ma_phuzu	NPrePre6_BPre6_NStem	NPrePre6_BPre6_NStem	NPrePre6_BPre6_NStem	NPrePre6_BPre6_NStem
a_qakathek_ile_ko	SC6_VRoot_Perf_RelSuf	SC6_VRoot_Perf_RelSuf	SC6_VRoot_Perf_RelSuf	SC6_VRoot_Perf_RelSuf
.	Punc	Punc	Punc	Punc
I_hlathululo__m_qondo	NPrePre4_NStem_NStem	NPrePre4_NStem_BPre3_NStem	NPrePre4_NStem_NStem	NPrePre4_NStem_BPre3_NStem
e_nabile_ko	LocPre_NStem_RelSuf	LocPre_NStem_RelSuf	LocPre_NStem_RelSuf	LocPre_NStem_RelSuf
ya_ma_phuzu	PossConc9_BPre6_NStem	PossConc9_BPre6_NStem	PossConc9_BPre6_NStem	PossConc9_BPre6_NStem
a_qakathek_ile_ko	SC6_VRoot_Perf_RelSuf	SC6_VRoot_Perf_RelSuf	SC6_VRoot_Perf_RelSuf	SC6_VRoot_Perf_RelSuf
i_mumeth_w_e	SC4_VRoot_PassExt_VerbTerm	SC4_VRoot_PassExt_VerbTerm	SC4_VRoot_PassExt_VerbTerm	SC4_VRoot_PassExt_VerbTerm
mHlahlandlela	ProperName	ProperName	ProperName	ProperName
w_e__AI_CDD	PossConc3_LocPre_Abbr	PossConc3_LocPre_NegPre_Abbr	PossConc3_LocPre_Abbr	PossConc3_LocPre_BPre4_Abbr
.	Punc	Punc	Punc	Punc
A_bo_mma	NPrePre2a_BPre2a_NStem	NPrePre2a_BPre2a_NStem	NPrePre2a_BPre2a_NStem	NPrePre2a_BPre2a_NStem
be_ba_hlanganyela	PossConc2_NStem	PossConc2_BPre2_NStem	PossConc2_NStem	PossConc2_BPre2_NStem
njani	Adv	Adv	Adv	Adv
e_mi_sebenz_ini	LocPre_NPrePre4_BPre4_NStem_LocSuf	LocPre_BPre4_NStem_LocSuf	LocPre_NPrePre4_BPre4_NStem_LocSuf	LocPre_BPre4_NStem_LocSuf
ya_ma_phrogremu	PossConc1a_LocPre_NPrePre6_BPre6_NStem	PossConc4_BPre6_NStem	PossConc1a_LocPre_NPrePre6_BPre6_NStem	PossConc4_BPre6_NStem
(	Punc	Punc	Punc	Punc
oku_fak_a	RelConc15_VRoot_VerbTerm	RelConc15_VRoot_VerbTerm	RelConc15_VRoot_VerbTerm	RelConc15_VRoot_VerbTerm
phakathi	Adv	Adv	Adv	Adv
a_ma_phrogremu	NPrePre6_BPre6_NStem	NPrePre6_BPre6_NStem	NPrePre6_BPre6_NStem	NPrePre6_BPre6_NStem
wo_ku_bandul_a	PossConc6_NPrePre15_BPre15_NStem	PossConc3_BPre15_VRoot_VerbTerm	PossConc6_NPrePre15_BPre15_NStem	PossConc3_BPre15_VRoot_VerbTerm
,	Punc	Punc	Punc	Punc
a_ma_s_e_mi_nara	NPrePre6_BPre6_NStem	NPrePre6_BPre6_PreLoc-s_LocPre_BPre4_NStem	NPrePre6_BPre6_NStem	NPrePre6_BPre6_PreLoc-s_LocPre_BPre4_NStem
ne_mi_hlangano	AdvPre_NPrePre4_BPre4_NStem	AdvPre_BPre4_NStem	AdvPre_NPrePre4_BPre4_NStem	AdvPre_BPre4_NStem
)	Punc	Punc	Punc	Punc
na	Interrog	Interrog	Interrog	Interrog
?	Punc	Punc	Punc	Punc
A_bo_baba	NPrePre2a_BPre2a_NStem	NPrePre2a_BPre2a_NStem	NPrePre2a_BPre2a_NStem	NPrePre2a_BPre2a_NStem
bon_a	AbsPron2	VRoot_VerbTerm	AbsPron2	VRoot_VerbTerm
ke	Conj	Conj	Conj	Conj
?	Punc	Punc	Punc	Punc
Be_yi_khona	PossConc2a_CopPre_NStem	PossConc2_CopPre_NStem	PossConc2a_CopPre_NStem	PossConc14_CopPre_NStem
yini	CopPre_Interrog	Interrog	CopPre_Interrog	Interrog
i_bhajedi	NPrePre4_NStem	NPrePre5_NStem	NPrePre4_NStem	NPrePre5_NStem
e_nqoph_ile_ko	LocPre_VRoot_Perf_RelSuf	LocPre_VRoot_Perf_RelSuf	LocPre_VRoot_Perf_RelSuf	LocPre_VRoot_Perf_RelSuf
e_ya_tjelwe	RelConc14_Past_Intrans_VerbTerm	RelConc9_Pres_NStem	RelConc14_Past_Intrans_VerbTerm	RelConc9_Pres_NStem
a_bo_mma	NPrePre2a_BPre2a_NStem	NPrePre2a_BPre2a_NStem	NPrePre2a_BPre2a_NStem	NPrePre2a_BPre2a_NStem
na	Interrog	Interrog	Interrog	Interrog
?	Punc	Punc	Punc	Punc
U_ku_khomba	NPrePre15_BPre15_VRoot_VerbTerm	NPrePre15_BPre15_NStem	NPrePre15_BPre15_VRoot_VerbTerm	NPrePre15_BPre15_NStem
i_in_setjenziswa	NPrePre8_NPre8_NStem	NPrePre8_NPre8_NStem	NPrePre8_NPre8_NStem	NPrePre8_NPre8_NStem
_	Punc		Punc	
A_ma_Komidi	NPrePre6_BPre6_NStem	NPrePre6_BPre6_NStem	NPrePre6_BPre6_NStem	NPrePre6_BPre6_NStem
we_Wadi	PossConc6_NStem	PossConc6_NStem	PossConc6_NStem	PossConc6_NStem
a_bek_w_e	SC6_VRoot_PassExt_VerbTerm	SC6_VRoot_PassExt_VerbTerm	SC6_VRoot_PassExt_VerbTerm	SC6_VRoot_PassExt_VerbTerm
ku_hle	AdjPref15_AdjStem	AdjPref15_AdjStem	AdjPref15_AdjStem	AdjPref15_AdjStem
e_n_daw_eni	LocPre_NPrePre9_BPre9_NStem_LocSuf	LocPre_BPre9_NStem_LocSuf	LocPre_NPrePre9_BPre9_NStem_LocSuf	LocPre_BPre9_NStem_LocSuf
u_kuze	Conj	NPrePre1a_NStem	Conj	BPre3_NStem
a_zi	SC6_VRoot_VerbTerm	RelConc6_RelStem	SC6_VRoot_VerbTerm	RelConc6_NStem
bon_a	AbsPron2	VRoot_VerbTerm	AbsPron2	VRoot_VerbTerm
ngi_zi_phi	Interrog	SC8_EnumConc8_EnumStem	Interrog	SC8_EnumConc8_EnumStem
i_in_setjenziswa	NPrePre8_NPre8_NStem	NPrePre8_NPre8_NStem	NPrePre8_NPre8_NStem	NPrePre8_NPre8_NStem
ezi_tholakal_a_ko	RelConc8_VRoot_VerbTerm_RelSuf	RelConc8_VRoot_VerbTerm_RelSuf	RelConc8_VRoot_VerbTerm_RelSuf	RelConc8_VRoot_VerbTerm_RelSuf
e_m_phakath_ini	LocPre_NPrePre3_BPre3_NStem_LocSuf	LocPre_BPre3_NStem_LocSuf	LocPre_NPrePre3_BPre3_NStem_LocSuf	LocPre_BPre3_NStem_LocSuf
ka_nye	AdvPre_AdjStem	AdvPre_AdjStem	AdvPre_AdjStem	AdvPre_AdjStem
ne_mi_bandela	AdvPre_NPrePre4_BPre4_NStem	AdvPre_BPre4_NStem	AdvPre_NPrePre4_BPre4_NStem	AdvPre_BPre4_NStem
nokobana	Conj	Conj	Conj	Conj
i_khansela	NPrePre4_NStem	NPrePre4_NStem	NPrePre4_NStem	NPrePre4_NStem
li_nga_sebenz_is_a	SC5_AdvPre_VRoot_CausExt_VerbTerm	SC5_AdvPre_VRoot_CausExt_VerbTerm	SC5_AdvPre_VRoot_CausExt_VerbTerm	SC5_Pot_VRoot_CausExt_VerbTerm
bu_njani	SC14_Adv	SC14_Adv	SC14_Adv	SC14_Adv
i_in_setjenzi_zwezi	NPrePre8_BPre8_NStem	NPrePre8_NPre8_NStem_NStem	NPrePre8_BPre8_NStem	NPrePre8_BPre8_NStem_NStem
.	Punc	Punc	Punc	Punc
I_in_setjenziswezi	NPrePre4_BPre4_NStem	NPrePre8_BPre8_NStem	NPrePre4_BPre4_NStem	NPrePre8_NPre8_NStem
zi_ng_aba	BPre10_NStem	BPre10_AdvPre_NStem	BPre10_NStem	BPre8_AdvPre_NStem
li_sizo	BPre5_NStem	BPre5_NStem	BPre5_NStem	BPre5_NStem
godu	Ideoph	Ideoph	Ideoph	Ideoph
lokha	Conj	Conj	Conj	Conj
u_masipala	NPrePre1a_NStem	NPrePre1a_NStem	NPrePre1a_NStem	NPrePre1a_NStem
a_kheth_a	RelConc6_VRoot_VerbTerm	SC6_VRoot_VerbTerm	RelConc6_VRoot_VerbTerm	SC6_VRoot_VerbTerm
u_ku_nikel_a	NPrePre15_BPre15_VRoot_VerbTerm	NPrePre15_BPre15_VRoot_VerbTerm	NPrePre15_BPre15_VRoot_VerbTerm	NPrePre15_BPre15_VRoot_VerbTerm
u_m_sebenzi	NPrePre3_BPre3_VRoot_VerbTerm	NPrePre3_BPre3_NStem	NPrePre3_BPre3_VRoot_VerbTerm	NPrePre3_BPre3_NStem
nge_e_n_Hlangano	AdvPre_LocPre_BPre9_NStem	AdvPre_LocPre_BPre9_NStem	AdvPre_LocPre_BPre9_NStem	AdvPre_LocPre_BPre9_NStem
ze_mi_Sebenzi	PossConc8_NPrePre4_BPre4_NStem	PossConc8_BPre4_NStem	PossConc8_NPrePre4_BPre4_NStem	PossConc8_BPre4_NStem
za_ka_Masipala	PossConc10_PossKA_NStem	PossConc10_PossKA_NStem	PossConc10_PossKA_NStem	PossConc10_PossKA_NStem
.	Punc	Punc	Punc	Punc
A_ma_Komidi	NPrePre6_BPre6_NStem	NPrePre6_BPre6_NStem	NPrePre6_BPre6_NStem	NPrePre6_BPre6_NStem
wa_maWadi	PossConc3_NPre6_NStem	PossConc6_NStem	PossConc3_NPre6_NStem	PossConc6_NStem
a_nga_siz_a	RelConc6_AdvPre_VRoot_VerbTerm	RelConc6_Pot_VRoot_VerbTerm	RelConc6_AdvPre_VRoot_VerbTerm	SC6_AdvPre_VRoot_VerbTerm
e_ku_khomb_eni	LocPre_BPre15_NStem_LocSuf	LocPre_BPre15_NStem_LocSuf	LocPre_BPre15_NStem_LocSuf	LocPre_BPre15_NStem_LocSuf
u_m_nikeli	NPrePre1_BPre1_NStem	NPrePre1_BPre1_NStem	NPrePre1_BPre1_NStem	NPrePre1_BPre1_NStem
wo_m_sebenzi	PossConc3_NPrePre3_BPre3_NStem	PossConc3_BPre3_NStem	PossConc3_NPrePre3_BPre3_NStem	PossConc3_BPre3_NStem
o_fanele_ko	RelConc3_NStem	RelConc3_NStem_RelSuf	RelConc3_NStem	RelConc3_NStem_RelSuf
o_nga_hlangabezana	SC3_AdvPre_VRoot_VerbTerm	BPre2a_AdvPre_NStem	SC3_AdvPre_VRoot_VerbTerm	BPre2a_AdvPre_NStem
ne_mi_nqopho	AdvPre_NPrePre6_BPre6_NStem	AdvPre_BPre4_NStem	AdvPre_NPrePre6_BPre6_NStem	AdvPre_BPre6_NStem
yo_kwe_thul_w_a	PossConc9_PossConc15_VRoot_PassExt_VerbTerm	PossConc9_PossConc15_VRoot_PassExt_VerbTerm	PossConc9_PossConc15_VRoot_PassExt_VerbTerm	PossConc9_PossConc15_VRoot_PassExt_VerbTerm
ka_masipala	PossKA_NStem	PossKA_NStem	PossKA_NStem	PossKA_NStem
nge_n_tengo	AdvPre_NPrePre9_BPre9_NStem	AdvPre_BPre9_NStem	AdvPre_NPrePre9_BPre9_NStem	AdvPre_BPre9_NStem
e_kghonakal_a_ko	RelConc9_NStem_RelSuf	RelConc9_VRoot_VerbTerm_RelSuf	RelConc9_NStem_RelSuf	RelConc9_VRoot_VerbTerm_RelSuf
begodu	Conj	Conj	Conj	Conj
no_ku_tholiswa	AdvPre_NPrePre15_BPre15_NStem	AdvPre_BPre15_NStem	AdvPre_NPrePre15_BPre15_NStem	AdvPre_BPre15_NStem
kwe_e_n_setjenziswa	PossConc15_LocPre_BPre3_NStem	PossConc15_LocPre_BPre3_NStem	PossConc15_LocPre_BPre3_NStem	PossConc15_LocPre_BPre3_NStem
oku_ngi_kho	RelConc15_CopPre_NStem	RelConc15_CopPre_NStem	RelConc15_CopPre_NStem	RelConc15_CopPre_NStem
.	Punc	Punc	Punc	Punc
U_ku_tjhugulul_a	NPrePre15_BPre15_NStem	NPrePre15_BPre15_VRoot_VerbTerm	NPrePre15_BPre15_NStem	NPrePre15_BPre15_VRoot_VerbTerm
a_ma_ndla	RelConc6_RelStem	NPrePre6_BPre6_NStem	RelConc6_RelStem	NPrePre6_BPre6_NStem
a_nga_lingani_ko	NegPre_NStem_RelSuf	RelConc6_NegPre_NStem_RelSuf	NegPre_NStem_RelSuf	RelConc6_AdvPre_NStem_RelSuf
we_tjhebiswano	PossConc3_LocPre_NStem	PossConc6_NStem	PossConc3_LocPre_NStem	PossConc6_NStem
phakathi	Adv	Adv	Adv	Adv
kwa_bobaba	PossConc1a_BPre2a_NStem	PossConc1a_NStem	PossConc1a_BPre2a_NStem	PossConc1a_NStem
na_bo_mma	AdvPre_NPrePre2a_NStem	AdvPre_BPre2a_NStem	AdvPre_NPrePre2a_NStem	AdvPre_BPre2a_NStem
.	Punc	Punc	Punc	Punc
A_bo_mma	NPrePre2a_BPre2a_NStem	NPrePre2a_BPre2a_NStem	NPrePre2a_BPre2a_NStem	NPrePre2a_BPre2a_NStem
ku_mel_e	SC15_VRoot_VerbTerm	SC15_VRoot_VerbTerm	SC15_VRoot_VerbTerm	SC15_VRoot_VerbTerm
ba_kghone	PossConc2_NStem	BPre2_NStem	PossConc2_NStem	BPre2_NStem
u_ku_fuman_a	NPrePre15_BPre15_VRoot_VerbTerm	NPrePre15_BPre15_VRoot_VerbTerm	NPrePre15_BPre15_VRoot_VerbTerm	NPrePre15_BPre15_VRoot_VerbTerm
i_zi_nto	NPrePre10_BPre10_NStem	NPrePre10_BPre10_NStem	NPrePre10_BPre10_NStem	NPrePre10_BPre10_NStem
ezi_za_ba_nikel_a	RelConc10_Fut_BPre2_VRoot_VerbTerm	RelConc8_Fut_BPre2_Intrans_VerbTerm	RelConc10_Fut_BPre2_VRoot_VerbTerm	RelConc8_Fut_SC2_Intrans_VerbTerm
a_ma_ndla__ezi_njengo_ku_bandul_w_a	NPrePre6_BPre6_NStem_RelConc8_AdvPre_BPre15_NStem	NPrePre6_BPre6_NStem_RelConc10_AdvPre_BPre15_VRoot_PassExt_VerbTerm	NPrePre6_BPre6_NStem_RelConc8_AdvPre_BPre15_NStem	NPrePre6_BPre6_NStem_RelConc10_AdvPre_BPre15_VRoot_PassExt_VerbTerm
,	Punc	Punc	Punc	Punc
u_ku_ba_ga_bhulisa	NPrePre15_BPre15_NStem	NPrePre15_BPre15_BPre2_Pres_NStem	NPrePre15_BPre15_NStem	NPrePre15_BPre15_BPre2_Pres_NStem
i_mali	NPrePre9_NStem	NPrePre9_NStem	NPrePre9_NStem	NPrePre9_NStem
,	Punc	Punc	Punc	Punc
u_ku_tlikitl_el_a	NPrePre15_BPre15_NStem	NPrePre15_BPre15_VRoot_ApplExt_VerbTerm	NPrePre15_BPre15_NStem	NPrePre15_BPre15_VRoot_ApplExt_VerbTerm
a_ma_ndla	RelConc6_RelStem	NPrePre6_BPre6_NStem	RelConc6_RelStem	NPrePre6_Bre6_NStem
wo_ku_qatjha	PossConc3_NPrePre15_BPre15_NStem	PossConc3_BPre15_NStem	PossConc3_NPrePre15_BPre15_NStem	PossConc3_BPre15_NStem
i_n_dlu	NPrePre8_BPre8_NStem	NPrePre8_BPre8_NStem	NPrePre8_BPre8_NStem	NPrePre7_BPre7_NStem
no_ku_janyel_w_a	AdvPre_NPrePre15_BPre15_VRoot_PassExt_VerbTerm	AdvPre_BPre15_Intrans_PassExt_VerbTerm	AdvPre_NPrePre15_BPre15_VRoot_PassExt_VerbTerm	AdvPre_BPre15_Intrans_PassExt_VerbTerm
e_sakhiw_eni	LocPre_NStem_LocSuf	LocPre_NStem_LocSuf	LocPre_NStem_LocSuf	LocPre_NStem_LocSuf
se_ze_politiki	PossConc7_LocPre_NStem	PossConc7_PossConc8_NStem	PossConc7_LocPre_NStem	PossConc7_PossConc8_NStem
.	Punc	Punc	Punc	Punc
I_nengi	AdjPref9_AdjStem	AdjPref9_AdjStem	AdjPref9_AdjStem	AdjPref9_AdjStem
le_entjhijilo	AdvPre_NPrePre4_NStem	NStem	AdvPre_NPrePre4_NStem	NStem
ze_Sewula	PossConc8_NStem	BPre8_NStem	PossConc8_NStem	BPre8_NStem
Afrika	ProperName	ProperName	ProperName	ProperName
zi_nga_rarululwa	BPre8_AdvPre_VRoot_PassExt_VerbTerm	BPre10_Pot_NStem	BPre8_AdvPre_VRoot_PassExt_VerbTerm	BPre10_Pot_NStem
kwa_phela	OC15_Intrans_VerbTerm	BPre15_NStem	OC15_Intrans_VerbTerm	BPre15_NStem
ngo_ku_sebenz_is_an_a	AdvPre_OC15_VRoot_CausExt_RecipExt_VerbTerm	AdvPre_BPre15_VRoot_CausExt_RecipExt_VerbTerm	AdvPre_OC15_VRoot_CausExt_RecipExt_VerbTerm	AdvPre_BPre15_VRoot_CausExt_RecipExt_VerbTerm
kwe_e_m_phande	PossConc15_LocPre_BPre3_NStem	PossConc15_LocPre_BPre3_NStem	PossConc15_LocPre_BPre3_NStem	PossConc15_LocPre_BPre3_NStem
.	Punc	Punc	Punc	Punc
Nany_an_a	Conj	VRoot_RecipExt_VerbTerm	Conj	VRoot_RecipExt_VerbTerm
i_Sewula	NPrePre5_NStem	NPrePre4_NStem	NPrePre5_NStem	NPrePre4_NStem
Afrika	ProperName	ProperName	ProperName	ProperName
i_yi_narha	NPrePre5_CopPre_NStem	NPrePre9_Pres_NStem	NPrePre5_CopPre_NStem	BPre9_CopPre_NStem
e_tlhoga	RelConc5_Intrans_VerbTerm	LocPre_NStem	RelConc5_Intrans_VerbTerm	RelConc4_NStem
a_manzi	NPrePre6_NStem	NPrePre6_NStem	NPrePre6_NStem	NPrePre6_NStem
ka_ngaka	AdvPre_RelStem	AdvPre_RelStem	AdvPre_RelStem	AdvPre_RelStem
,	Punc	Punc	Punc	Punc
kodwana	Conj	Conj	Conj	Conj
i_nengi	AdjPref9_AdjStem	AdjPref9_AdjStem	AdjPref9_AdjStem	AdjPref9_AdjStem
le_e_narha	PossConc10_LocPre_NStem	PossConc5_LocPre_NStem	PossConc10_LocPre_NStem	PossConc5_LocPre_NStem
ezi_bo_ma_kh_elwana	RelConc8_PossConc2_NStem	RelConc8_PossConc2_BPre6_NStem_NStem	RelConc8_PossConc2_NStem	RelConc8_BPre2_BPre6_VRoot_NStem
li_fuman_a	SC5_VRoot_VerbTerm	SC8_VRoot_VerbTerm	SC5_VRoot_VerbTerm	CopPre_VRoot_VerbTerm
a_manzi	NPrePre6_NStem	NPrePre6_NStem	NPrePre6_NStem	NPrePre6_NStem
a_ma_nengi	AdjPref6_AdjStem	NPrePre6_BPre6_NStem	AdjPref6_AdjStem	NPrePre6_BPre6_NStem
khulu	Adv	Adv	Adv	Adv
.	Punc	Punc	Punc	Punc
Ku_ne_zi_nye	LocPre_AdvPre_BPre8_NStem	LocPre_AdvPre_BPre8_NStem	LocPre_AdvPre_BPre8_NStem	LocPre_AdvPre_BPre8_NStem
i_in_dawo	NPrePre10_BPre10_NStem	NPrePre10_BPre10_NStem	NPrePre10_BPre10_NStem	NPrePre10_BPre10_NStem
lapho	Dem16_Pos2		Dem16_Pos2	
i_in_hlangano	NPrePre10_BPre10_NStem	NPrePre4_BPre4_NStem	NPrePre10_BPre10_NStem	NPrePre4_BPre10_NStem
ezi_thuthuk_is_a_ko	RelConc10_VRoot_CausExt_VerbTerm_RelSuf	RelConc10_VRoot_CausExt_VerbTerm_RelSuf	RelConc10_VRoot_CausExt_VerbTerm_RelSuf	RelConc10_VRoot_CausExt_VerbTerm_RelSuf
ezi_ngezelel_a_ko	RelConc10_VRoot_VerbTerm_RelSuf	RelConc8_VRoot_VerbTerm_RelSuf	RelConc10_VRoot_VerbTerm_RelSuf	RelConc8_VRoot_VerbTerm_RelSuf
zi_nikel_a	SC10_VRoot_VerbTerm	SC10_VRoot_VerbTerm	SC10_VRoot_VerbTerm	SC10_VRoot_VerbTerm
khona	PronStem15_PronSuf	Conj	PronStem15_PronSuf	Conj
a_ma_thuba	NPrePre6_BPre6_NStem	NPrePre6_BPre6_NStem	NPrePre6_BPre6_NStem	NPrePre6_BPre6_NStem
wo_ku_sebenz_is_an_a	PossConc6_NPrePre15_BPre15_VRoot_CausExt_RecipExt_VerbTerm	PossConc1a_BPre15_VRoot_CausExt_RecipExt_VerbTerm	PossConc6_NPrePre15_BPre15_VRoot_CausExt_RecipExt_VerbTerm	PossConc1_BPre15_VRoot_CausExt_RecipExt_VerbTerm
oku_hlomulisa	RelConc15_VRoot_CausExt_VerbTerm	RelConc15_NStem	RelConc15_VRoot_CausExt_VerbTerm	RelConc15_NStem
a_ma_hlangothi	NPrePre6_BPre6_NStem	NPrePre6_BPre6_NStem	NPrePre6_BPre6_NStem	NPrePre6_BPre6_NStem
a_ma_bili	AdjPref6_AdjStem	NPrePre6_BPre6_NStem	AdjPref6_AdjStem	NPrePre6_BPre6_NStem
.	Punc	Punc	Punc	Punc
I_si_bonelo	NPrePre7_BPre7_NStem	NPrePre7_BPre7_NStem	NPrePre7_BPre7_NStem	NPrePre7_BPre7_NStem
,	Punc	Punc	Punc	Punc
i_Sewula	NPrePre5_NStem	NPrePre4_NStem	NPrePre5_NStem	NPrePre4_NStem
Afrika	ProperName	ProperName	ProperName	ProperName
ku_fan_el_e	OC15_VRoot_ApplExt_VerbTerm	OC15_VRoot_ApplExt_VerbTerm	OC15_VRoot_ApplExt_VerbTerm	OC15_VRoot_ApplExt_VerbTerm
i_sis_e	NPrePre7_BPre7_NStem	SC9_VRoot_VerbTerm	NPrePre7_BPre7_NStem	SC5_VRoot_VerbTerm
begodu	Conj	Conj	Conj	Conj
i_siz_e	SC9_VRoot_VerbTerm	SC5_VRoot_VerbTerm	SC9_VRoot_VerbTerm	SC5_VRoot_VerbTerm
e_ku_sebenz_is_eni	RelConc9_NPrePre15_BPre15_VRoot_CausExt_VerbTerm_LocSuf	LocPre_BPre15_VRoot_CausExt_LocSuf	RelConc9_NPrePre15_BPre15_VRoot_CausExt_VerbTerm_LocSuf	LocPre_BPre15_VRoot_CausExt_LocSuf
a_ma_thuba	NPrePre6_BPre6_NStem	NPrePre6_BPre6_NStem	NPrePre6_BPre6_NStem	NPrePre6_BPre6_NStem
a_hlukahlukene_ko	RelConc6_NStem_RelSuf	RelConc6_NStem_RelSuf	RelConc6_NStem_RelSuf	RelConc6_NStem_RelSuf
mayelana	NStem	NStem	NStem	NStem
na_mandla	AdvPre_RelStem	AdvPre_RelStem	AdvPre_RelStem	AdvPre_RelStem
we_e_mbaseli	PossConc6_LocPre_NStem	PossConc6_LocPre_NStem	PossConc6_LocPre_NStem	PossConc6_LocPre_NStem
ezi_khupha	RelConc8_VRoot_VerbTerm	RelConc8_NStem	RelConc8_VRoot_VerbTerm	RelConc8_NStem
i_khabhoni	NPrePre5_NStem	NPrePre4_NStem	NPrePre5_NStem	NPrePre4_NStem
e_phasi	LocPre_NStem	LocPre_NStem	LocPre_NStem	LocPre_NStem
e_mi_thonj_eni	LocPre_BPre4_NStem_LocSuf	LocPre_BPre4_NStem_LocSuf	LocPre_BPre4_NStem_LocSuf	LocPre_BPre4_NStem_LocSuf
ya_mandla	PossConc4_RelConc6_RelStem	PossConc4_RelStem	PossConc4_RelConc6_RelStem	PossConc4_RelStem
w_e_gezi	PossConc6_LocPre_NStem	PossConc6_LocPre_NStem	PossConc6_LocPre_NStem	PossConc6_LocPre_NStem
ya_manzi	PossConc9_NStem	PossConc1a_NStem	PossConc9_NStem	PossConc9_NStem
na_kwe_mi_nye	AdvPre_PossConc15_BPre15_AdjStem	AdvPre_PossConc15_BPre15_AdjStem	AdvPre_PossConc15_BPre15_AdjStem	AdvPre_PossConc15_BPre15_AdjStem
i_mi_thombo	NPrePre4_BPre4_NStem	NPrePre4_BPre4_NStem	NPrePre4_BPre4_NStem	NPrePre4_BPre4_NStem
ye_e_mbaseli	PossConc4_LocPre_NStem	PossConc4_LocPre_NStem	PossConc4_LocPre_NStem	PossConc4_LocPre_NStem
e_hlanzekile_ko	RelConc4_NStem_RelSuf	RelConc9_NStem_RelSuf	RelConc4_NStem_RelSuf	RelConc9_NStem_RelSuf
e_tholakal_a	RelConc9_VRoot_VerbTerm	RelConc9_VRoot_VerbTerm	RelConc9_VRoot_VerbTerm	RelConc9_VRoot_VerbTerm
e_ma_zwe_ni	NPrePre6_BPre6_NStem_LocSuf	LocPre_BPre6_NStem_LocSuf	NPrePre6_BPre6_NStem_LocSuf	LocPre_BPre6_NStem_LocSuf
w_e__Afrika	PossConc6_LocPre_ProperName	PossConc3_LocPre_ProperName	PossConc6_LocPre_ProperName	PossConc3_LocPre_ProperName
e_nge_Sewula	LocPre_AdvPre_NStem	LocPre_AdvPre_NStem	LocPre_AdvPre_NStem	LocPre_AdvPre_NStem
.	Punc	Punc	Punc	Punc
I_nani	NPrePre5_NStem	NPrePre5_NStem	NPrePre5_NStem	NPrePre5_NStem
le_mi_sebenzi	PossConc5_NPrePre4_BPre4_NStem	PossConc5_BPre4_NStem	PossConc5_NPrePre4_BPre4_NStem	PossConc5_BPre4_NStem
e_dal_iw_e_ko	LocPre_NStem	RelConc9_VRoot_PassExt_VerbTerm_RelSuf	LocPre_NStem	RelConc4_VRoot_PassExt_VerbTerm_RelSuf
nge_hlelo	AdvPre_NPrePre5_BPre5_NStem	AdvPre_NStem	AdvPre_NPrePre5_BPre5_NStem	AdvPre_NStem
la_ka_masipala	AdvPre_LocPre_NStem	PossConc5_LocPre_NStem	AdvPre_LocPre_NStem	PossConc5_LocPre_NStem
lo_ku_thuthuk_is_w_a	RelConc15_VRoot_CausExt_PassExt_VerbTerm	PossConc5_BPre15_VRoot_CausExt_PassExt_VerbTerm	RelConc15_VRoot_CausExt_PassExt_VerbTerm	PossConc5_BPre15_VRoot_CausExt_PassExt_VerbTerm
ko_m_notho	PossConc15_NPrePre3_NStem	PossConc15_BPre3_NStem	PossConc15_NPrePre3_NStem	PossConc15_BPre3_NStem
we_khaya	PossConc3_NPrePre5_BPre5_NStem	PossConc3_NStem	PossConc3_NPrePre5_BPre5_NStem	PossConc3_NStem
oku_fak_a	RelConc15_VRoot_VerbTerm	RelConc15_VRoot_VerbTerm	RelConc15_VRoot_VerbTerm	RelConc15_VRoot_VerbTerm
hlangan_a	VRoot_VerbTerm	VRoot_VerbTerm	VRoot_VerbTerm	VRoot_VerbTerm
a_ma_phrojekthi	NPrePre6_BPre6_NStem	NPrePre6_BPre6_NStem	NPrePre6_BPre6_NStem	NPrePre6_BPre6_NStem
a_ma_khulu	AdjPref6_AdjStem	NPrePre6_BPre6_NStem	AdjPref6_AdjStem	NPrePre6_BPre6_NStem
.	Punc	Punc	Punc	Punc
U_ku_kghonakalisa	NPrePre15_BPre15_NStem	NPrePre15_BPre15_NStem	NPrePre15_BPre15_NStem	NPrePre15_BPre15_NStem
no_ku_qinis_ek_is_a	AdvPre_NPrePre15_BPre15_VRoot_VerbExt_CausExt_VerbTerm	AdvPre_BPre15_VRoot_NeutExt_CausExt_VerbTerm	AdvPre_NPrePre15_BPre15_VRoot_VerbExt_CausExt_VerbTerm	AdvPre_BPre15_VRoot_NeutExt_CausExt_VerbTerm
u_ku_hlanganyela	NPrePre15_BPre15_VRoot_VerbTerm	NPrePre15_BPre15_NStem	NPrePre15_BPre15_VRoot_VerbTerm	NPrePre15_BPre15_NStem
ko_m_phakathi	PossConc15_NPrePre3_BPre3_NStem	PossConc15_BPre3_NStem	PossConc15_NPrePre3_BPre3_NStem	PossConc15_BPre3_NStem
kw_enz_iw_a	BPre15_VRoot_PassExt_VerbTerm	BPre15_VRoot_PassExt_VerbTerm	BPre15_VRoot_PassExt_VerbTerm	BPre15_VRoot_PassExt_VerbTerm
nge_n_dlela	AdvPre_NPrePre9_BPre9_NStem	AdvPre_BPre9_NStem	AdvPre_NPrePre9_BPre9_NStem	AdvPre_BPre9_NStem
be_ku_lindelek_e	CopPre_OC15_VRoot_NeutExt_VerbTerm	PossConc2_BPre15_Intrans_VerbTerm	CopPre_OC15_VRoot_NeutExt_VerbTerm	PossConc2_SC15_Intrans_VerbTerm
nga_kho	AdvPre_PronStem15	AdvPre_PronStem15	AdvPre_PronStem15	AdvPre_PronStem15
e_mthethw_eni	LocPre_NStem_LocSuf	LocPre_NStem_LocSuf	LocPre_NStem_LocSuf	LocPre_NStem_LocSuf
e_fanele_ko	RelConc9_NStem_RelSuf	RelConc9_NStem_RelSuf	RelConc9_NStem_RelSuf	RelConc9_NStem_RelSuf
ku_nga_leth_a	BPre15_AdvPre_NStem	BPre15_AdvPre_VRoot_VerbTerm	BPre15_AdvPre_NStem	BPre15_AdvPre_VRoot_VerbTerm
i_in_tjhijilo	NPrePre8_BPre8_NStem	NPrePre8_NPre8_NStem	NPrePre8_BPre8_NStem	NPrePre8_NPre8_NStem
ku_ma_Komidi	BPre15_BPre6_NStem	BPre15_BPre6_NStem	BPre15_BPre6_NStem	BPre15_BPre6_NStem
we_Wadi	PossConc6_NStem	PossConc6_NStem	PossConc6_NStem	PossConc6_NStem
e_ku_phathw_eni	LocPre_NPrePre15_BPre15_VRoot_PassExt_VerbTerm_LocSuf	LocPre_BPre15_NStem_LocSuf	LocPre_NPrePre15_BPre15_VRoot_PassExt_VerbTerm_LocSuf	LocPre_BPre15_NStem_LocSuf
kwe_e_n_qhema	PossConc15_LocPre_BPre9_NStem	PossConc15_LocPre_BPre9_NStem	PossConc15_LocPre_BPre9_NStem	PossConc15_LocPre_BPre9_NStem
ezi_nga_faniko	RelConc8_AdvPre_NStem_RelSuf	RelConc10_AdvPre_NStem	RelConc8_AdvPre_NStem_RelSuf	RelConc10_AdvPre_NStem
ne_e_n_kareko	AdvPre_LocPre_BPre10_NStem	AdvPre_LocPre_BPre10_NStem	AdvPre_LocPre_BPre10_NStem	AdvPre_LocPre_BPre10_NStem
e_ma_wadi_nabo	NPrePre6_BPre6_NStem	NPrePre6_BPre6_NStem_PossConc2	NPrePre6_BPre6_NStem	NPrePre6_BPre6_NStem_PossConc2
.	Punc	Punc	Punc	Punc
A_ma_lunga	NPrePre6_BPre6_NStem	NPrePre6_BPre6_NStem	NPrePre6_BPre6_NStem	NPrePre6_BPre6_NStem
we_Komidi	PossConc5_LocPre_NStem	PossConc1_NStem	PossConc5_LocPre_NStem	PossConc1_NStem
ye_Wadi	PossConc5_LocPre_NStem	PossConc4_NStem	PossConc5_LocPre_NStem	PossConc4_NStem
a_dinga	RelConc6_VRoot_VerbTerm	RelConc6_NStem	RelConc6_VRoot_VerbTerm	RelConc6_NStem
u_kw_azi	NPrePre15_BPre15_VRoot_VerbTerm	NPrePre15_BPre15_NStem	NPrePre15_BPre15_VRoot_VerbTerm	NPrePre15_BPre15_NStem
u_ku_hlukana	NPrePre15_BPre15_NStem	NPrePre15_BPre15_NStem	NPrePre15_BPre15_NStem	NPrePre15_BPre15_NStem
ko_m_phakathabo	RelConc15_NStem	PossConc15_BPre3_NStem	RelConc15_NStem	PossConc15_BPre3_NStem
no_ku_bek_a	AdvPre_NPrePre15_BPre15_VRoot_VerbTerm	AdvPre_BPre15_VRoot_VerbTerm	AdvPre_NPrePre15_BPre15_VRoot_VerbTerm	AdvPre_BPre15_VRoot_VerbTerm
a_ma_qhinga	NPrePre6_BPre6_NStem	NPrePre6_BPre6_NStem	NPrePre6_BPre6_NStem	NPrePre6_BPre6_NStem
a_phumelel_a_ko	RelConc6_NStem_RelSuf	RelConc6_VRoot_VerbTerm_RelSuf	RelConc6_NStem_RelSuf	RelConc6_VRoot_VerbTerm_RelSuf
u_ku_qinis_ek_is_a	NPrePre15_BPre15_VRoot_NeutExt_CausExt_VerbTerm	NPrePre15_BPre15_VRoot_NeutExt_CausExt_VerbTerm	NPrePre15_BPre15_VRoot_NeutExt_CausExt_VerbTerm	NPrePre15_BPre15_VRoot_NeutExt_CausExt_VerbTerm
u_ku_fak_w_a	NPrePre15_BPre15_VRoot_PassExt_VerbTerm	NPrePre15_BPre15_VRoot_PassExt_VerbTerm	NPrePre15_BPre15_VRoot_PassExt_VerbTerm	NPrePre15_BPre15_VRoot_PassExt_VerbTerm
nga_phakathi	AdvPre_Adv	AdvPre_Adv	AdvPre_Adv	AdvPre_Adv
kwa_ma_lunga	PossConc15_NPrePre6_BPre6_NStem	PossConc15_BPre6_NStem	PossConc15_NPrePre6_BPre6_NStem	PossConc15_BPre6_NStem
wo_ke	QuantConc1_QuantStem	QuantConc1_QuantStem	QuantConc1_QuantStem	QuantConc1_QuantStem
wa_ma_wadabo	PossConc1a_BPre6_NStem	PossConc1a_BPre6_NStem	PossConc1a_BPre6_NStem	PossConc3_BPre6_NStem
ngo_ku_landelana	AdvPre_NPrePre15_BPre15_VRoot_RecipExt_VerbTerm	AdvPre_BPre15_NStem	AdvPre_NPrePre15_BPre15_VRoot_RecipExt_VerbTerm	AdvPre_BPre15_NStem
kwa_wo	PossConc15_PronStem3	PossConc15_PronStem3	PossConc15_PronStem3	PossConc15_PronStem3
.	Punc	Punc	Punc	Punc
No_ku_khombela	AdvPre_SC15_VRoot_VerbTerm	AdvPre_BPre15_NStem	AdvPre_SC15_VRoot_VerbTerm	AdvPre_BPre15_NStem
u_m_phakathi	NPrePre3_BPre3_NStem	NPrePre3_BPre3_NStem	NPrePre3_BPre3_NStem	NPrePre3_BPre3_NStem
bo_nyana	BPre2_NStem	BPre2_NStem	BPre2_NStem	BPre2_NStem
u_sekel_e	NPrePre1a_NStem	SC2_VRoot_VerbTerm	NPrePre1a_NStem	SC1_VRoot_VerbTerm
u_m_tlamo	NPrePre1_BPre1_NStem	NPrePre1_BPre1_NStem	NPrePre1_BPre1_NStem	NPrePre1_BPre1_NStem
,	Punc	Punc	Punc	Punc
begodu	PossConc14_NStem	Conj	PossConc14_NStem	Conj
no_ku_hlol_a	AdvPre_NPrePre15_BPre15_VRoot_VerbTerm	AdvPre_BPre15_VRoot_VerbTerm	AdvPre_NPrePre15_BPre15_VRoot_VerbTerm	AdvPre_BPre15_VRoot_VerbTerm
i_si_vumelwano	NPrePre7_BPre7_NStem	NPrePre7_BPre7_NStem	NPrePre7_BPre7_NStem	NPrePre7_BPre7_NStem
so_m_phakathi	PossConc7_NPrePre3_BPre3_NStem	PossConc7_BPre3_NStem	PossConc7_NPrePre3_BPre3_NStem	PossConc7_BPre3_NStem
so_ku_phungula	PossConc7_NPrePre15_BPre15_NStem	PossConc7_BPre15_NStem	PossConc7_NPrePre15_BPre15_NStem	PossConc7_BPre15_NStem
ubu_chaka	NPrePre14_BPre14_NStem	BPre14_NStem	NPrePre14_BPre14_NStem	NPrePre14_NStem
no_ku_nga_lingani	AdvPre_NPrePre15_BPre15_NegPre_VRoot_VerbTerm	AdvPre_BPre15_NegPre_NStem	AdvPre_NPrePre15_BPre15_NegPre_VRoot_VerbTerm	AdvPre_BPre15_NegPre_NStem
ngo_ku_sis_a	AdvPre_SC15_VRoot_VerbTerm	AdvPre_SC15_VRoot_VerbTerm	AdvPre_SC15_VRoot_VerbTerm	AdvPre_SC15_VRoot_VerbTerm
na_ngo_msebenzi	AdvPre_AdvPre_NStem	AdvPre_Pot_NStem	AdvPre_AdvPre_NStem	AdvPre_Pot_NStem
.	Punc	Punc	Punc	Punc
I_mi_hlangano	NPrePre4_BPre4_NStem	NPrePre4_BPre4_NStem	NPrePre4_BPre4_NStem	NPrePre4_BPre4_NStem
yo_m_phakathi	PossConc4_NPrePre3_BPre3_NStem	PossConc4_BPre3_NStem	PossConc4_NPrePre3_BPre3_NStem	PossConc4_BPre3_NStem
i_banj_w_a	NPrePre4_VRoot_PassExt_VerbTerm	SC4_VRoot_PassExt_VerbTerm	NPrePre4_VRoot_PassExt_VerbTerm	SC4_VRoot_PassExt_VerbTerm
nge_mva	AdvPre_Adv	AdvPre_Adv	AdvPre_Adv	AdvPre_Adv
ko_m_hlangano	RelConc15_NPrePre3_BPre3_NStem	RelConc15_BPre3_NStem	RelConc15_NPrePre3_BPre3_NStem	RelConc15_BPre3_NStem
wo_m_khandlu	PossConc3_BPre3_NStem	PossConc6_BPre3_NStem	PossConc3_BPre3_NStem	PossConc6_BPre3_NStem
u_kuze	Conj	NPrePre1a_NStem	Conj	NPrePre15_NStem
ku_nik_el_w_e	OC15_VRoot_ApplExt_PassExt_VerbTerm	BPre15_VRoot_ApplExt_PassExt_VerbTerm	OC15_VRoot_ApplExt_PassExt_VerbTerm	OC15_VRoot_ApplExt_PassExt_VerbTerm
i_lw_azi	BPre9_BPre11_NStem	BPre9_BPre11_NStem	BPre9_BPre11_NStem	BPre9_BPre11_NStem
la_mva	SC5_Adv	SC5_Adv	SC5_Adv	AdvPre_Adv
lo_m_phakathi	PossConc5_NPrePre3_BPre3_NStem	PossConc5_BPre3_NStem	PossConc5_NPrePre3_BPre3_NStem	PossConc5_BPre3_NStem
.	Punc	Punc	Punc	Punc
U_ku_tlama	NPrePre15_BPre15_VRoot_VerbTerm	NPrePre15_BPre15_NStem	NPrePre15_BPre15_VRoot_VerbTerm	NPrePre15_BPre15_NStem
_	Punc		Punc	
I_Komidi	NPrePre4_NStem	NPrePre4_NStem	NPrePre4_NStem	NPrePre4_NStem
ye_Wadi	PossConc4_NStem	PossConc4_NStem	PossConc4_NStem	PossConc4_NStem
i_sebenz_is_an_a	SC9_VRoot_CausExt_RecipExt_VerbTerm	SC9_VRoot_CausExt_RecipExt_VerbTerm	SC9_VRoot_CausExt_RecipExt_VerbTerm	SC9_VRoot_CausExt_RecipExt_VerbTerm
e_duze	LocPre_Adv	LocPre_Adv	LocPre_Adv	LocPre_Adv
ne_khansela	AdvPre_NStem	AdvPre_NStem	AdvPre_NStem	AdvPre_NStem
u_ku_vez_a	NPrePre15_BPre15_VRoot_VerbTerm	NPrePre15_BPre15_VRoot_VerbTerm	NPrePre15_BPre15_VRoot_VerbTerm	NPrePre15_BPre15_VRoot_VerbTerm
oku_qakathek_ile_ko	RelConc15_NStem	RelConc15_VRoot_Perf_RelSuf	RelConc15_NStem	RelConc15_VRoot_Perf_RelSuf
oku_zo_kw_enz_iw_a	RelConc15_Fut_BPre15_VRoot_PassExt_VerbTerm	RelConc15_Fut_BPre15_VRoot_PassExt_VerbTerm	RelConc15_Fut_BPre15_VRoot_PassExt_VerbTerm	RelConc15_Fut_BPre15_VRoot_PassExt_VerbTerm
nga_phambili	AdvPre_Adv	AdvPre_Adv	AdvPre_Adv	AdvPre_Adv
begodu	Conj	Conj	Conj	Conj
i_qinis_ek_is_a	SC4_VRoot_NeutExt_CausExt_VerbTerm	SC4_VRoot_NeutExt_CausExt_VerbTerm	SC4_VRoot_NeutExt_CausExt_VerbTerm	SC4_VRoot_NeutExt_CausExt_VerbTerm
kobana	Conj	Conj	Conj	Conj
lokhu	Dem15_Pos1		Dem15_Pos1	
oku_qakathek_ile_ko	RelConc15_NStem	RelConc15_VRoot_Perf_RelSuf	RelConc15_NStem	RelConc15_VRoot_Perf_RelSuf
lokho	Dem15_Pos2		Dem15_Pos2	
ku_ya_fak_w_a	SC15_Pres_VRoot_PassExt_VerbTerm	SC15_Pres_VRoot_PassExt_VerbTerm	SC15_Pres_VRoot_PassExt_VerbTerm	SC15_Pres_VRoot_PassExt_VerbTerm
e_em_phakamisw_eni	LocPre_BPre9_NStem_LocSuf	LocPre_BPre9_NStem_LocSuf	LocPre_BPre9_NStem_LocSuf	LocPre_BPre9_NStem_LocSuf
ze_bhajede	PossConc10_NStem	Pres_NStem	PossConc10_NStem	Pres_NStem
ka_nye	AdvPre_AdjStem	AdvPre_AdjStem	AdvPre_AdjStem	AdvPre_AdjStem
na_ku_mi_tlamo	AdvPre_BPre15_BPre4_NStem	AdvPre_LocPre_BPre4_NStem	AdvPre_BPre15_BPre4_NStem	AdvPre_LocPre_BPre4_NStem
ye_phrojekthi	PossConc9_NStem	PossConc9_NStem	PossConc9_NStem	PossConc9_NStem
.	Punc	Punc	Punc	Punc
U_m_buso	NPrePre3_BPre3_NStem	NPrePre3_BPre3_NStem	NPrePre3_BPre3_NStem	NPrePre3_BPre3_NStem
ku_fan_el_e	SC15_VRoot_ApplExt_VerbTerm	OC15_VRoot_ApplExt_VerbTerm	SC15_VRoot_ApplExt_VerbTerm	OC15_VRoot_ApplExt_VerbTerm
u_fis_e	NPrePre1a_NStem	SC3_VRoot_VerbTerm	NPrePre1a_NStem	SC2_VRoot_VerbTerm
u_ku_thom_a	NPrePre15_BPre15_VRoot_VerbTerm	NPrePre15_BPre15_VRoot_VerbTerm	NPrePre15_BPre15_VRoot_VerbTerm	NPrePre15_BPre15_VRoot_VerbTerm
nga_lokho	AdvPre_Dem15_Pos2	AdvPre	AdvPre_Dem15_Pos2	AdvPre
oku_qakathek_e	RelConc15_VRoot_NeutExt_VerbTerm	RelConc15_VRoot_VerbTerm	RelConc15_VRoot_NeutExt_VerbTerm	RelConc15_VRoot_VerbTerm
khudlwana	Adv_DimSuf	NStem	Adv_DimSuf	Adv
.	Punc	Punc	Punc	Punc
I_Khabinethi	NPrePre4_NStem	NPrePre4_NStem	NPrePre4_NStem	NPrePre4_NStem
ka_nye	AdvPre_AdjStem	AdvPre_AdjStem	AdvPre_AdjStem	AdvPre_AdjStem
ne_e_n_khulu	AdvPre_LocPre_BPre3_NStem	AdvPre_LocPre_BPre3_NStem	AdvPre_LocPre_BPre3_NStem	AdvPre_LocPre_BPre3_NStem
zo_m_buso	PossConc10_NPrePre3_BPre3_NStem	PossConc10_BPre3_NStem	PossConc10_NPrePre3_BPre3_NStem	PossConc10_BPre3_NStem
ku_fan_el_e	SC15_VRoot_ApplExt_VerbTerm	OC15_VRoot_ApplExt_VerbTerm	SC15_VRoot_ApplExt_VerbTerm	OC15_VRoot_ApplExt_VerbTerm
i_tjhej_e	NPrePre4_NStem	NPrePre4_VRoot_VerbTerm	NPrePre4_NStem	NPrePre4_VRoot_VerbTerm
khudlwana	Adv_DimSuf	NStem	Adv_DimSuf	Adv
a_ma_tjhejontangi	NPrePre6_BPre6_NStem	NPrePre6_BPre6_NStem	NPrePre6_BPre6_NStem	NPrePre6_BPre6_NStem
a_mbalw_a	RelConc6_RelStem	RelConc6_VRoot_VerbTerm	RelConc6_RelStem	SC6_VRoot_VerbTerm
a_phumelel_is_a_ko	SC6_VRoot_CausExt_VerbTerm_RelSuf	RelConc6_VRoot_CausExt_VerbTerm_RelSuf	SC6_VRoot_CausExt_VerbTerm_RelSuf	RelConc6_VRoot_CausExt_VerbTerm_RelSuf
.	Punc	Punc	Punc	Punc
U_m_tlamo	NPrePre1_BPre1_NStem	NPrePre3_BPre1_NStem	NPrePre1_BPre1_NStem	NPrePre1_BPre1_NStem
lo	Dem1_Pos1		Dem1_Pos1	
u_ya_si_nikel_a	NPrePre1a_Pres_VRoot_VerbTerm	SC1_Pres_OC7_VRoot_VerbTerm	NPrePre1a_Pres_VRoot_VerbTerm	SC1_Pres_BPre7_VRoot_VerbTerm
u_m_leyo	NPrePre1_BPre1_NStem	NPrePre3_BPre3_NStem	NPrePre1_BPre1_NStem	NPrePre3_BPre3_NStem
onjalo	RelConc3_Adv	NStem	RelConc3_Adv	NStem
o_phumelel_is_a_ko	SC3_VRoot_CausExt_VerbTerm_RelSuf	RelConc3_VRoot_CausExt_VerbTerm_RelSuf	SC3_VRoot_CausExt_VerbTerm_RelSuf	RelConc3_VRoot_CausExt_VerbTerm_RelSuf
.	Punc	Punc	Punc	Punc
U_khomba	NPrePre1a_NStem	NPrePre1a_NStem	NPrePre1a_NStem	NPrePre1a_NStem
a_ma_tjhejontangi	NPrePre6_BPre6_NStem	NPrePre6_BPre6_NStem	NPrePre6_BPre6_NStem	NPrePre6_BPre6_NStem
a_s_e_qophelweni	RelConc6_PreLoc-s_LocPre_NStem	RelConc6_PreLoc-s_LocPre_NStem	RelConc6_PreLoc-s_LocPre_NStem	RelConc6_PreLoc-s_LocPre_NStem
eli_phezulu	RelConc5_NStem	RelConc5_NStem	RelConc5_NStem	RelConc5_NStem
begodu	Conj	Conj	Conj	Conj
,	Punc	Punc	Punc	Punc
kwe_mi_nye	PossConc15_AdjPref4_AdjStem	PossConc15_BPre4_EnumStem	PossConc15_AdjPref4_AdjStem	PossConc15_BPre4_EnumStem
i_mi_khakha	NPrePre4_BPre4_NStem	NPrePre4_BPre4_NStem	NPrePre4_BPre4_NStem	NPrePre4_BPre4_NStem
,	Punc	Punc	Punc	Punc
u_vez_a	SC3_VRoot_VerbTerm	SC3_VRoot_VerbTerm	SC3_VRoot_VerbTerm	SC3_VRoot_VerbTerm
ne_e_n_dlela	AdvPre_LocPre_BPre9_NStem	AdvPre_LocPre_BPre3_NStem	AdvPre_LocPre_BPre9_NStem	AdvPre_LocPre_BPre3_NStem
e_ku_fan_el_e	RelConc4_OC15_VRoot_ApplExt_VerbTerm	RelConc4_OC15_VRoot_ApplExt_VerbTerm	RelConc4_OC15_VRoot_ApplExt_VerbTerm	RelConc4_OC15_VRoot_ApplExt_VerbTerm
a_landel_an_e	SC6_VRoot_VerbTerm	RelConc6_VRoot_RecipExt_VerbTerm	SC6_VRoot_VerbTerm	RelConc6_VRoot_RecipExt_VerbTerm
nga_yo	AdvPre_PronStem9	AdvPre_PronStem9	AdvPre_PronStem9	AdvPre_PronStem9
.	Punc	Punc	Punc	Punc
I_si_bonelo	NPrePre7_BPre7_NStem	NPrePre7_BPre7_NStem	NPrePre7_BPre7_NStem	NPrePre7_BPre7_NStem
,	Punc	Punc	Punc	Punc
u_vez_a	SC3_VRoot_VerbTerm	SC3_VRoot_VerbTerm	SC3_VRoot_VerbTerm	SC3_VRoot_VerbTerm
i_funeko	NPrePre4_NStem	NPrePre4_NStem	NPrePre4_NStem	NPrePre4_NStem
yo_ku_khuphul_a	PossConc4_NPrePre15_BPre15_VRoot_VerbTerm	PossConc4_BPre15_VRoot_VerbTerm	PossConc4_NPrePre15_BPre15_VRoot_VerbTerm	PossConc4_BPre15_VRoot_VerbTerm
i_khwalithi	NPrePre4_NStem	NPrePre4_NStem	NPrePre4_NStem	NPrePre4_NStem
ya_ma_kholiji	PossConc1a_NPrePre6_BPre6_NStem	PossConc9_BPre6_NStem	PossConc1a_NPrePre6_BPre6_NStem	PossConc4_BPre6_NStem
w_e__F_ET	PossConc1a_Abbr	PossConc3_LocPre_Abbr_Abbr	PossConc1a_Abbr	PossConc3_LocPre_VRoot_Abbr
nga_phambi	AdvPre_Adv	AdvPre_Adv	AdvPre_Adv	AdvPre_Adv
ko_ku_khulisa	PossConc3_NPrePre15_BPre15_VRoot_VerbTerm	PossConc15_BPre15_NStem	PossConc3_NPrePre15_BPre15_VRoot_VerbTerm	PossConc15_BPre15_NStem
a_ma_kghono	NPrePre6_BPre6_NStem	NPrePre6_BPre6_NStem	NPrePre6_BPre6_NStem	NPrePre6_BPre6_NStem
ngo_ku_rhaba	AdvPre_NPrePre15_BPre15_Intrans_VerbTerm	AdvPre_BPre15_NStem	AdvPre_NPrePre15_BPre15_Intrans_VerbTerm	AdvPre_BPre15_NStem
.	Punc	Punc	Punc	Punc
U_ku_phumelelisa	NPrePre15_BPre15_VRoot_CausExt_VerbTerm	NPrePre15_BPre15_NStem	NPrePre15_BPre15_VRoot_CausExt_VerbTerm	NPrePre15_BPre15_NStem
u_m_tlamo	NPrePre1_BPre1_NStem	NPrePre1_BPre1_NStem	NPrePre1_BPre1_NStem	NPrePre1_BPre1_NStem
lo	Dem1_Pos1		Dem1_Pos1	
ku_tlhoga	BPre15_NStem	BPre15_NStem	BPre15_NStem	BPre15_NStem
u_ku_thath_w_a	NPrePre15_BPre15_VRoot_PassExt_VerbTerm	NPrePre15_BPre15_VRoot_PassExt_VerbTerm	NPrePre15_BPre15_VRoot_PassExt_VerbTerm	NPrePre15_BPre15_VRoot_PassExt_VerbTerm
kwe_e_n_qunto	PossConc15_LocPre_BPre3_NStem	PossConc15_LocPre_BPre3_NStem	PossConc15_LocPre_BPre3_NStem	PossConc15_LocPre_BPre3_NStem
ezi_budisi	RelConc10_NStem	RelConc8_NStem	RelConc10_NStem	RelConc8_NStem
ne_zi_ngaka_vam_i	AdvPre_NPrePre10_BPre10_NegPre_ExclNeg_VRoot_VerbTerm	AdvPre_SC8_NegPre_VRoot_VerbTerm	AdvPre_NPrePre10_BPre10_NegPre_ExclNeg_VRoot_VerbTerm	AdvPre_SC10_NegPre_VRoot_VerbTerm
na_ka_ncani	AdvPre_LocPre_NStem	AdvPre_LocPre_NStem	AdvPre_LocPre_NStem	AdvPre_LocPre_NStem
.	Punc	Punc	Punc	Punc
I_narha	NPrePre9_NStem	NPrePre9_NStem	NPrePre9_NStem	NPrePre9_NStem
le	Dem9_Pos1		Dem9_Pos1	
ku_fan_el_e	OC15_VRoot_ApplExt_VerbTerm	OC15_VRoot_ApplExt_VerbTerm	OC15_VRoot_ApplExt_VerbTerm	OC15_VRoot_ApplExt_VerbTerm
i_ragele	NPrePre9_NStem	NPrePre4_NStem	NPrePre9_NStem	NPrePre4_NStem
phambili	Adv	Adv	Adv	Adv
no_ku_linga	AdvPre_NPrePre15_BPre15_VRoot_VerbTerm	AdvPre_BPre15_NStem	AdvPre_NPrePre15_BPre15_VRoot_VerbTerm	AdvPre_BPre15_NStem
u_kw_enz_a	NPrePre15_BPre15_VRoot_VerbTerm	NPrePre15_BPre15_VRoot_VerbTerm	NPrePre15_BPre15_VRoot_VerbTerm	NPrePre15_BPre15_VRoot_VerbTerm
ngcono	NStem	NStem	NStem	NStem
u_ku_sebenz_a	NPrePre15_BPre15_VRoot_VerbTerm	NPrePre15_BPre15_VRoot_VerbTerm	NPrePre15_BPre15_VRoot_VerbTerm	NPrePre15_BPre15_VRoot_VerbTerm
nge_pumelelo	AdvPre_NPre9_NStem	AdvPre_NStem	AdvPre_NPre9_NStem	AdvPre_NStem
kwe_mi_fuziselo	PossConc15_NStem	PossConc15_BPre4_NStem	PossConc15_NStem	PossConc15_BPre4_NStem
yo_ku_thuthuk_is_w_a	PossConc4_BPre15_VRoot_CausExt_PassExt_VerbTerm	PossConc9_BPre15_VRoot_CausExt_PassExt_VerbTerm	PossConc4_BPre15_VRoot_CausExt_PassExt_VerbTerm	PossConc9_BPre15_VRoot_CausExt_PassExt_VerbTerm
kwa_banzima	OC15_Intrans_VerbTerm	PossConc15_NStem	OC15_Intrans_VerbTerm	PossConc15_NStem
ngo_ko_mnotho	AdvPre_NPrePre15_BPre15_NStem	AdvPre_BPre15_NStem	AdvPre_NPrePre15_BPre15_NStem	AdvPre_BPre15_NStem
.	Punc	Punc	Punc	Punc
Be_godu	PossConc14_NStem	PossConc14_NStem	PossConc14_NStem	PossConc14_NStem
i_mi_phakathi	NPrePre4_BPre4_NStem	NPrePre4_BPre4_NStem	NPrePre4_BPre4_NStem	NPrePre4_BPre4_NStem
i_ne_n_dima	NPrePre8_AdvPre_NStem	NPrePre9_AdvPre_BPre9_NStem	NPrePre8_AdvPre_NStem	NPrePre9_AdvPre_BPre9_NStem
e_ku_fuz_e	RelConc4_OC15_VRoot_VerbTerm	RelConc4_OC15_VRoot_VerbTerm	RelConc4_OC15_VRoot_VerbTerm	RelConc4_OC15_VRoot_VerbTerm
i_yi_dlal_e	SC4_CopPre_VRoot_VerbTerm	SC4_CopPre_VRoot_VerbTerm	SC4_CopPre_VRoot_VerbTerm	SC4_CopPre_VRoot_VerbTerm
mayelana	NStem	NStem	NStem	NStem
no_ku_tjheja	AdvPre_NPrePre15_BPre15_Intrans_VerbTerm	AdvPre_BPre15_NStem	AdvPre_NPrePre15_BPre15_Intrans_VerbTerm	AdvPre_BPre15_NStem
i_hlelo	NPrePre9_NStem	NPrePre9_NStem	NPrePre9_NStem	NPrePre5_NStem
eli_lawula	RelConc5_NStem	RelConc5_NStem	RelConc5_NStem	RelConc5_NStem
u_ku_sebenz_a	NPrePre15_BPre15_VRoot_VerbTerm	NPrePre15_BPre15_VRoot_VerbTerm	NPrePre15_BPre15_VRoot_VerbTerm	NPrePre15_BPre15_VRoot_VerbTerm
kwa_ka_masipala	PossConc15_LocPre_NStem	PossConc15_PossKA_NStem	PossConc15_LocPre_NStem	PossConc15_PossKA_NStem
ne_ku_bek_e_ni	AdvPre_OC8_VRoot_VerbTerm_LocSuf	AdvPre_BPre15_VRoot_VerbTerm_LocSuf	AdvPre_OC8_VRoot_VerbTerm_LocSuf	AdvPre_BPre15_VRoot_VerbTerm_LocSuf
i_in_qothel_w_a	NPrePre8_NPrePre8_BPre8_NStem	NPrePre10_BPre10_VRoot_PassExt_VerbTerm	NPrePre8_NPrePre8_BPre8_NStem	NPrePre10_NPre10_VRoot_PassExt_VerbTerm
ezi_fan_ele_ko	RelConc8_VRoot_ApplExt_VerbTerm_RelSuf	RelConc8_NStem_RelConc5_RelSuf	RelConc8_VRoot_ApplExt_VerbTerm_RelSuf	RelConc8_VRoot_Perf_RelSuf
ne_zi_qakathek_ile_ko	AdvPre_BPre8_VRoot_Perf_RelSuf	AdvPre_SC8_VRoot_Perf_RelSuf	AdvPre_BPre8_VRoot_Perf_RelSuf	AdvPre_SC10_VRoot_Perf_RelSuf
zo_ku_sebenz_a	PossConc8_BPre15_NStem	PossConc10_BPre15_VRoot_VerbTerm	PossConc8_BPre15_NStem	PossConc10_BPre15_VRoot_VerbTerm
.	Punc	Punc	Punc	Punc
I__C_BP	NPrePre9_Abbr	NPrePre9_Abbr_Abbr	NPrePre9_Abbr	NPrePre9_Abbr_Abbr
i_yi_n_dlelakambiso	NPrePre4_CopPre_BPre9_NStem	NPrePre8_CopPre_BPre9_NStem	NPrePre4_CopPre_BPre9_NStem	NPrePre4_CopPre_BPre9_NStem
e_sekel_a_ko	SC9_VRoot_VerbTerm_RelSuf	RelConc4_VRoot_VerbTerm_RelSuf	SC9_VRoot_VerbTerm_RelSuf	RelConc4_VRoot_VerbTerm_RelSuf
esiz_a	RelConc4_VRoot_VerbTerm	VRoot_VerbTerm	RelConc4_VRoot_VerbTerm	VRoot_VerbTerm
a_ma_Komidi	NPrePre6_BPre6_NStem	NPrePre6_BPre6_NStem	NPrePre6_BPre6_NStem	NPrePre6_BPre6_NStem
we_Wadi	PossConc6_NStem	PossConc6_NStem	PossConc6_NStem	PossConc6_NStem
u_ku_lekelela	NPrePre15_BPre15_NStem	NPrePre15_BPre15_NStem	NPrePre15_BPre15_NStem	NPrePre15_BPre15_NStem
i_mi_phakathi	NPrePre4_BPre4_NStem	NPrePre4_BPre4_NStem	NPrePre4_BPre4_NStem	NPrePre4_BPre4_NStem
ya_wo	PossConc4_PronStem3	PossConc4_PronStem3	PossConc4_PronStem3	PossConc4_PronStem3
u_ku_b_a	Conj	NPrePre15_BPre15_VRoot_VerbTerm	Conj	NPrePre15_BPre15_VRoot_VerbTerm
no_mfakel_a	NegPre_NStem	AdvPre_VRoot_VerbTerm	NegPre_NStem	AdvPre_VRoot_VerbTerm
ki_le_n_dlelakambiso	PossConc9_Dem9_Pos1_NStem	PossConc9_PossConc9_BPre9_NStem	PossConc9_Dem9_Pos1_NStem	PossConc9_BPre9_NStem
.	Punc	Punc	Punc	Punc
I_khuthaza	NPrePre4_NStem	NPrePre4_NStem	NPrePre4_NStem	NPrePre4_NStem
u_ku_zi_phendul_el_a	NPrePre15_BPre15_OC10_VRoot_ApplExt_VerbTerm	NPrePre15_BPre15_OC10_VRoot_ApplExt_VerbTerm	NPrePre15_BPre15_OC10_VRoot_ApplExt_VerbTerm	NPrePre15_BPre15_OC10_VRoot_ApplExt_VerbTerm
no_kw_enz_el_a	AdvPre_NPrePre15_BPre15_VRoot_ApplExt_VerbTerm	AdvPre_BPre15_VRoot_ApplExt_VerbTerm	AdvPre_NPrePre15_BPre15_VRoot_ApplExt_VerbTerm	AdvPre_BPre15_VRoot_ApplExt_VerbTerm
i_zi_nto	NPrePre10_BPre10_NStem	NPrePre10_BPre10_NStem	NPrePre10_BPre10_NStem	NPrePre10_BPre10_NStem
e_tjhatjhalaz_ini	LocPre_NStem	LocPre_NStem_LocSuf	LocPre_NStem	LocPre_NStem_LocSuf
.	Punc	Punc	Punc	Punc
U_ku_bandakany_ek_a	NPrePre15_BPre15_NStem	NPrePre15_BPre15_VRoot_NeutExt_VerbTerm	NPrePre15_BPre15_NStem	NPrePre15_BPre15_VRoot_NeutExt_VerbTerm
ko_m_phakathi	PossConc15_NPrePre3_BPre3_NStem	PossConc15_BPre3_NStem	PossConc15_NPrePre3_BPre3_NStem	PossConc15_BPre3_NStem
ku_nga_b_a	SC15_Pot_VRoot_VerbTerm	SC15_Pot_VRoot_VerbTerm	SC15_Pot_VRoot_VerbTerm	SC15_Pot_VRoot_VerbTerm
na_ma_rhubhelo	AdvPre_BPre6_NStem	AdvPre_BPre6_NStem	AdvPre_BPre6_NStem	AdvPre_BPre6_NStem
a_ma_hle	AdjPref6_AdjStem	NPrePre6_BPre6_AdjStem	AdjPref6_AdjStem	NPrePre6_BPre6_AdjStem
ku_wadi	BPre15_NStem	BPre15_NStem	BPre15_NStem	BPre15_NStem
njeng_om_bana	AdvPre_AdjPref1_AdjStem	AdvPre_AdjPref1_AdjStem	AdvPre_AdjPref1_AdjStem	AdvPre_AdjPref1_AdjStem
i_mi_bono	NPrePre4_BPre4_NStem	NPrePre4_BPre4_NStem	NPrePre4_BPre4_NStem	NPrePre4_BPre4_NStem
yo_m_phakathi	PossConc4_NPrePre3_BPre3_NStem	PossConc4_BPre3_NStem	PossConc4_NPrePre3_BPre3_NStem	PossConc4_BPre3_NStem
i_fak_iw_e	SC4_VRoot_PassExt_VerbTerm	SC9_VRoot_PassExt_VerbTerm	SC4_VRoot_PassExt_VerbTerm	SC9_VRoot_PassExt_VerbTerm
e_mi_tlam_eni	LocPre_BPre4_NStem_LocSuf	LocPre_BPre4_NStem_LocSuf	LocPre_BPre4_NStem_LocSuf	LocPre_BPre4_NStem_LocSuf
yo_ku_thuthuk_is_a	PossConc9_NPrePre15_BPre15_VRoot_CausExt_VerbTerm	PossConc9_BPre15_VRoot_CausExt_VerbTerm	PossConc9_NPrePre15_BPre15_VRoot_CausExt_VerbTerm	PossConc5_BPre15_VRoot_CausExt_VerbTerm
ne_yoku_khulisa	AdvPre_Fut_NStem	AdvPre_Fut_NStem	AdvPre_Fut_NStem	AdvPre_Fut_NStem
.	Punc	Punc	Punc	Punc
U_ku_qinis_a	NPrePre15_BPre15_Intrans_VerbTerm	NPrePre15_BPre15_VRoot_VerbTerm	NPrePre15_BPre15_Intrans_VerbTerm	NPrePre15_BPre15_VRoot_VerbTerm
i_rherho	NPrePre4_NStem	NPrePre4_NStem	NPrePre4_NStem	NPrePre4_NStem
lo_bu_lungis_w_a	SC5_Fut_OC14_VRoot_PassExt_VerbTerm	PossConc5_OC14_VRoot_PassExt_VerbTerm	SC5_Fut_OC14_VRoot_PassExt_VerbTerm	PossConc5_OC14_VRoot_PassExt_VerbTerm
be_zo_bulelesi	PossConc14_Fut_NStem	PossConc14_Fut_NStem	PossConc14_Fut_NStem	PossConc14_Fut_NStem
.	Punc	Punc	Punc	Punc
Lokhu	Dem15_Pos1		Dem15_Pos1	
ku_tlhoga	BPre15_NStem	BPre15_NStem	BPre15_NStem	BPre15_NStem
i_bambisano	NPrePre4_NStem	NPrePre9_NStem	NPrePre4_NStem	NPrePre4_NStem
phakathi	Adv	Adv	Adv	Adv
kwa_yo	PossConc15_PronStem9	PossConc15_PronStem9	PossConc15_PronStem9	PossConc15_PronStem9
yo_ke	QuantConc4_QuantStem	QuantConc4_QuantStem	QuantConc4_QuantStem	QuantConc4_QuantStem
i_mi_nyango	NPrePre4_BPre4_NStem	NPrePre4_BPre4_NStem	NPrePre4_BPre4_NStem	NPrePre4_BPre4_NStem
ye_zo_bu_lungis_w_a	PossConc4_PossConc8_BPre14_NStem	PossConc9_PossConc8_BPre14_VRoot_PassExt_VerbTerm	PossConc4_PossConc8_BPre14_NStem	PossConc9_PossConc8_OC14_VRoot_PassExt_VerbTerm
e_m_busw_eni	LocPre_NPrePre3_BPre3_NStem_LocSuf	LocPre_BPre3_NStem_LocSuf	LocPre_NPrePre3_BPre3_NStem_LocSuf	LocPre_BPre3_NStem_LocSuf
,	Punc	Punc	Punc	Punc
i_si_qhema	NPrePre7_BPre7_NStem	NPrePre7_BPre7_NStem	NPrePre7_BPre7_NStem	NPrePre7_BPre7_NStem
so_ku_vikel_w_a	PossConc7_NPrePre15_BPre15_VRoot_ApplExt_PassExt_VerbTerm	PossConc7_BPre15_VRoot_PassExt_VerbTerm	PossConc7_NPrePre15_BPre15_VRoot_ApplExt_PassExt_VerbTerm	PossConc7_BPre15_VRoot_PassExt_VerbTerm
ko_bulelesi	PossConc15_NPrePre14_BPre14_NStem	PossConc15_NStem	PossConc15_NPrePre14_BPre14_NStem	PossConc15_NStem
ka_nye	AdvPre_AdjStem	AdvPre_AdjStem	AdvPre_AdjStem	AdvPre_AdjStem
no_ku_phepha	AdvPre_NPrePre15_BPre15_VRoot_VerbTerm	AdvPre_BPre15_NStem	AdvPre_NPrePre15_BPre15_VRoot_VerbTerm	AdvPre_BPre15_NStem
.	Punc	Punc	Punc	Punc
I_im_phakamiso	NPrePre4_BPre4_NStem	NPrePre4_BPre4_NStem	NPrePre4_BPre4_NStem	NPrePre4_BPre10_NStem
zo_ku_Buyekez_w_a	Fut_VRoot_PassExt_VerbTerm	PossConc8_BPre15_VRoot_PassExt_VerbTerm	Fut_VRoot_PassExt_VerbTerm	PossConc10_BPre15_VRoot_PassExt_VerbTerm
kwe_Rherho	PossConc15_NStem	PossConc15_NStem	PossConc15_NStem	PossConc15_NStem
lo_bu_Lungis_w_a	Dem3_Pos1_NPrePre4_NStem	PossConc5_BPre14_VRoot_PassExt_VerbTerm	Dem3_Pos1_NPrePre4_NStem	PossConc5_OC14_VRoot_PassExt_VerbTerm
be_zo_buLelesi	PossConc2_BPre8_NStem	PossConc2_Fut_NStem	PossConc2_BPre8_NStem	PossConc2_PossConc8_NStem
zi_zaku_siz_a	Pres_Fut_VRoot_VerbTerm	SC10_Fut_VRoot_VerbTerm	Pres_Fut_VRoot_VerbTerm	SC10_Fut_VRoot_VerbTerm
khulu	Adv	Adv	Adv	Adv
e_ku_rarulul_eni	LocPre_BPre15_NStem_LocSuf	LocPre_BPre15_NStem_LocSuf	LocPre_BPre15_NStem_LocSuf	LocPre_BPre15_NStem_LocSuf
u_bu_thakathaka	NPrePre14_BPre14_NStem	NPrePre14_BPre14_NStem	NPrePre14_BPre14_NStem	NPrePre14_BPre14_NStem
ba_nje	BPre2_NStem	BPre2_Adv	BPre2_NStem	PossConc1a_Adv
be_rherho	PossConc14_NStem	PossConc2_NStem	PossConc14_NStem	PossConc2_NStem
.	Punc	Punc	Punc	Punc
I_komba	NPrePre9_NStem	NPrePre4_NStem	NPrePre9_NStem	NPrePre4_NStem
nga_yi_nye	AdvPre_CopPre_AdjStem	AdvPre_CopPre_AdjStem	AdvPre_CopPre_AdjStem	AdvPre_CopPre_AdjStem
ku_fan_el_e	OC15_VRoot_ApplExt_VerbTerm	OC15_VRoot_ApplExt_VerbTerm	OC15_VRoot_ApplExt_VerbTerm	OC15_VRoot_ApplExt_VerbTerm
i_bikw_e	SC9_VRoot_PassExt_VerbTerm	SC9_VRoot_VerbTerm	SC9_VRoot_PassExt_VerbTerm	SC4_VRoot_VerbTerm
ngo_ku_phikis_an_a	AdvPre_OC15_VRoot_RecipExt_VerbTerm	AdvPre_BPre15_VRoot_RecipExt_VerbTerm	AdvPre_OC15_VRoot_RecipExt_VerbTerm	AdvPre_BPre15_VRoot_RecipExt_VerbTerm
e_kholom_ini	LocPre_NStem_LocSuf	LocPre_NStem_LocSuf	LocPre_NStem_LocSuf	LocPre_NStem_LocSuf
loku_ragela	RelConc15_VRoot_VerbTerm	RelConc15_NStem	RelConc15_VRoot_VerbTerm	RelConc15_NStem
phambili	Adv	Adv	Adv	Adv
.	Punc	Punc	Punc	Punc
I_mi_sebenzi	NPrePre4_BPre4_NStem	NPrePre4_BPre4_NStem	NPrePre4_BPre4_NStem	NPrePre4_BPre4_NStem
e_mi_nye	AdjPref4_AdjStem	PossConc6_BPre4_AdjStem	AdjPref4_AdjStem	PossConc6_BPre4_NStem
ne_mi_nye	AdvPre_AdjPref4_AdjStem	AdvPre_BPre4_AdjStem	AdvPre_AdjPref4_AdjStem	AdvPre_BPre4_AdjStem
e_be_gade	LocPre_BPre2_Adv	LocPre_BPre2_Adv	LocPre_BPre2_Adv	LocPre_BPre2_Adv
i_ngak_enzel_w_a	SC4_NegPre_VRoot_ApplExt_PassExt_VerbTerm	SC4_NegPre_VRoot_PassExt_VerbTerm	SC4_NegPre_VRoot_ApplExt_PassExt_VerbTerm	SC9_NegPre_VRoot_PassExt_VerbTerm
i_mi_tlamo	NPrePre4_BPre4_NStem	NPrePre4_BPre4_NStem	NPrePre4_BPre4_NStem	NPrePre4_BPre4_NStem
kodwana	Conj	Conj	Conj	Conj
e_sele	LocPre_Adv	LocPre_NStem	LocPre_Adv	LocPre_NStem
y_enz_iw_e	SC9_VRoot_PassExt_VerbTerm	SC9_VRoot_PassExt_VerbTerm	SC9_VRoot_PassExt_VerbTerm	SC9_VRoot_PassExt_VerbTerm
ku_fan_el_e	OC15_VRoot_ApplExt_VerbTerm	OC15_VRoot_ApplExt_VerbTerm	OC15_VRoot_ApplExt_VerbTerm	OC15_VRoot_ApplExt_VerbTerm
i_ngezelel_w_e	SC4_VRoot_PassExt_VerbTerm	SC9_VRoot_PassExt_VerbTerm	SC4_VRoot_PassExt_VerbTerm	SC9_VRoot_PassExt_VerbTerm
nga_phasi	AdvPre_Adv	AdvPre_Adv	AdvPre_Adv	AdvPre_Adv
.	Punc	Punc	Punc	Punc
Kunesi_nye	LocPre_AdvPre_NStem	AdjPref10_AdjStem	LocPre_AdvPre_NStem	AdvPre_AdjStem
i_si_khathi	NPrePre7_BPre7_NStem	NPrePre7_BPre7_NStem	NPrePre7_BPre7_NStem	NPrePre7_BPre7_NStem
lapha	Dem15_Pos1		Dem15_Pos1	
a_bo_masipala	NPrePre2a_BPre2a_NStem	NPrePre2a_BPre2a_NStem	NPrePre2a_BPre2a_NStem	NPrePre2a_BPre2a_NStem
ba_nga_zizw_a	SC2_Pot_Intrans_VerbTerm	SC2_Pot_Intrans_VerbTerm	SC2_Pot_Intrans_VerbTerm	SC2_AdvPre_Intrans_VerbTerm
bo_nyana	BPre2_NStem	BPre2_NStem	BPre2_NStem	BPre2_NStem
ku_no_ku_thi	BPre15_AdvPre_NStem	BPre15_AdvPre_BPre15_NStem	BPre15_AdvPre_NStem	BPre15_AdvPre_BPre15_NStem
ba_nikel_e	SC2_VRoot_ApplExt_VerbTerm	SC2_VRoot_VerbTerm	SC2_VRoot_ApplExt_VerbTerm	SC2_VRoot_VerbTerm
nge_e_n_setjenziswa	AdvPre_LocPre_BPre3_NStem	AdvPre_LocPre_BPre3_NStem	AdvPre_LocPre_BPre3_NStem	AdvPre_LocPre_BPre3_NStem
bu_nqoph_a	CopPre_Intrans_VerbTerm	CopPre_Intrans_VerbTerm	CopPre_Intrans_VerbTerm	CopPre_Intrans_VerbTerm
ku_nga_b_a	SC15_Pot_VRoot_VerbTerm	SC15_Pot_VRoot_VerbTerm	SC15_Pot_VRoot_VerbTerm	SC15_Pot_VRoot_VerbTerm
ngcono	NStem	NStem	NStem	NStem
na_ba_nga_qatjha	AdvPre_BPre2_NStem	AdvPre_BPre2_AdvPre_NStem	AdvPre_BPre2_NStem	AdvPre_BPre2_AdvPre_NStem
omu_nye	AdjPref1_AdjStem	AdjPref1_AdjStem	AdjPref1_AdjStem	AdjPref1_AdjStem
u_mu_ntu	NPrePre1_BPre1_NStem	NPrePre1_BPre1_NStem	NPrePre1_BPre1_NStem	NPrePre1_BPre1_NStem
(	Punc	Punc	Punc	Punc
u_m_nikeli	NPrePre1a_BPre1a_NStem	NPrePre1_BPre1_NStem	NPrePre1a_BPre1a_NStem	NPrePre1_BPre1_NStem
nge_e_n_setjenziswa	AdvPre_LocPre_BPre3_NStem	AdvPre_LocPre_BPre3_NStem	AdvPre_LocPre_BPre3_NStem	AdvPre_LocPre_BPre3_NStem
)	Punc	Punc	Punc	Punc
bo_nyana	BPre2_NStem	BPre2_NStem	BPre2_NStem	BPre2_NStem
enz_e	VRoot_VerbTerm	VRoot_VerbTerm	VRoot_VerbTerm	VRoot_VerbTerm
u_m_sebenzi	NPrePre3_BPre3_NStem	NPrePre3_BPre3_NStem	NPrePre3_BPre3_NStem	NPrePre3_BPre3_NStem
.	Punc	Punc	Punc	Punc
A_bo_nobangela	NPrePre2_BPre2_NStem	NPrePre2a_BPre2a_NStem	NPrePre2_BPre2_NStem	NPrePre2a_BPre2a_NStem
bo_kobana	PossConc2a_LocPre_NStem	PossConc14_NStem	PossConc2a_LocPre_NStem	BPre2_NStem
ku_b_a	BPre15_VRoot_VerbTerm	BPre15_VRoot_VerbTerm	BPre15_VRoot_VerbTerm	BPre15_VRoot_VerbTerm
yini	CopPre_Interrog	Interrog	CopPre_Interrog	Interrog
u_masipala	NPrePre1a_NStem	NPrePre1a_NStem	NPrePre1a_NStem	NPrePre1a_NStem
a_khethe	RelConc6_VRoot_VerbTerm	RelConc6_NStem	RelConc6_VRoot_VerbTerm	RelConc6_NStem
i_n_dlela	NPrePre9_BPre9_NStem	NPrePre9_BPre9_NStem	NPrePre9_BPre9_NStem	NPrePre9_BPre9_NStem
le	Dem9_Pos1		Dem9_Pos1	
ku_kobana	Conj	BPre15_NStem	Conj	BPre15_NStem
aba_nye	AdjPref2_AdjStem	AdjPref2_AdjStem	AdjPref2_AdjStem	AdjPref2_AdjStem
a_bo_masipala	NPrePre2a_BPre2a_NStem	NPrePre2a_BPre2a_NStem	NPrePre2a_BPre2a_NStem	NPrePre2a_BPre2a_NStem
,	Punc	Punc	Punc	Punc
i_in_hlangano	NPrePre10_BPre10_NStem	NPrePre4_BPre4_NStem	NPrePre10_BPre10_NStem	NPrePre4_BPre4_NStem
(	Punc	Punc	Punc	Punc
a_ma__NGO	NPrePre6_BPre6_Abbr	NPrePre6_BPre6_NStem	NPrePre6_BPre6_Abbr	NPrePre6_BPre6_NStem
namkha	Conj	Conj	Conj	Conj
a_ma__C_BO	NPrePre6_BPre6_Abbr	NPrePre6_BPre6_Abbr_PronStem2	NPrePre6_BPre6_Abbr	NPrePre6_BPre6_BPre6_PronStem2
)	Punc	Punc	Punc	Punc
namkha	Conj	Conj	Conj	Conj
a_ma_khamphani	NPrePre6_BPre6_NStem	NPrePre6_BPre6_NStem	NPrePre6_BPre6_NStem	NPrePre6_BPre6_NStem
wa_nge_qadi	PossConc6_LocPre_NStem	PossConc3_AdvPre_NStem	PossConc6_LocPre_NStem	PossConc3_AdvPre_NStem
a_nga_b_a	SC6_AdvPre_VRoot_VerbTerm	SC6_Pot_VRoot_VerbTerm	SC6_AdvPre_VRoot_VerbTerm	SC6_AdvPre_VRoot_VerbTerm
ne_e_n_setjenziswa	AdvPre_LocPre_BPre3_NStem	AdvPre_LocPre_BPre8_NStem	AdvPre_LocPre_BPre3_NStem	AdvPre_LocPre_BPre8_NStem
ezi_ngcono	RelConc10_NStem	RelConc10_NStem	RelConc10_NStem	RelConc10_NStem
begodu	Conj	Conj	Conj	Conj
na_ma_kghono	AdvPre_BPre6_NStem	AdvPre_BPre6_NStem	AdvPre_BPre6_NStem	AdvPre_BPre6_NStem
wo_ku_phath_a	PossConc3_NPrePre15_BPre15_VRoot_VerbTerm	PossConc3_BPre15_VRoot_VerbTerm	PossConc3_NPrePre15_BPre15_VRoot_VerbTerm	PossConc3_BPre15_VRoot_VerbTerm
u_kw_azi	NPrePre15_BPre15_VRoot_VerbTerm	NPrePre15_BPre15_NStem	NPrePre15_BPre15_VRoot_VerbTerm	NPrePre15_BPre15_NStem
u_ku_nikel_a	NPrePre15_BPre15_VRoot_VerbTerm	NPrePre15_BPre15_VRoot_VerbTerm	NPrePre15_BPre15_VRoot_VerbTerm	NPrePre15_BPre15_VRoot_VerbTerm
u_m_sebenzi	NPrePre3_BPre3_NStem	NPrePre3_BPre3_NStem	NPrePre3_BPre3_NStem	NPrePre3_BPre3_NStem
.	Punc	Punc	Punc	Punc
A_ba_hlanganyeli	NPre2_BPre2_NStem	NPrePre2_BPre2_NStem	NPre2_BPre2_NStem	NPrePre2_BPre2_NStem
b_enz_a	SC2_VRoot_VerbTerm	SC2_VRoot_VerbTerm	SC2_VRoot_VerbTerm	SC2_VRoot_VerbTerm
i_si_bonelo	NPrePre7_BPre7_NStem	NPrePre7_BPre7_NStem	NPrePre7_BPre7_NStem	NPrePre7_BPre7_NStem
esi_nge_nzasi	RelConc7_AdvPre_Adv	RelConc7_AdvPre_Adv	RelConc7_AdvPre_Adv	RelConc7_AdvPre_Adv
so_kobana	PossConc7_NStem	PossConc7_NStem	PossConc7_NStem	PossConc7_NStem
i__K_PI	NPrePre9_Abbr	NPrePre9_BPre15_Abbr	NPrePre9_Abbr	NPrePre4_BPre15_NStem
i_hlangabezana	NPrePre3_VRoot_RecipExt_VerbTerm	NPrePre4_NStem	NPrePre3_VRoot_RecipExt_VerbTerm	NPrePre4_NStem
bu_njani	SC14_Adv	SC14_Adv	SC14_Adv	SC14_Adv
ne_e_m_funeko	AdvPre_LocPre_BPre10_NStem	AdvPre_LocPre_BPre3_NStem	AdvPre_LocPre_BPre10_NStem	AdvPre_LocPre_BPre3_NStem
ze_mi_thetjhw_ana	PossConc10_BPre4_NStem_DimSuf	PossConc8_BPre4_NStem_DimSuf	PossConc10_BPre4_NStem_DimSuf	PossConc8_BPre4_NStem_DimSuf
.	Punc	Punc	Punc	Punc
Sebenz_is_a	VRoot_VerbTerm	VRoot_CausExt_VerbTerm	VRoot_VerbTerm	VRoot_CausExt_VerbTerm
u_muda	NPrePre3_BPre3_NStem	NPrePre1a_NStem	NPrePre3_BPre3_NStem	NPrePre1a_NStem
wo_ku_thom_a	PossConc3_NPrePre15_BPre15_VRoot_VerbTerm	PossConc3_BPre15_VRoot_VerbTerm	PossConc3_NPrePre15_BPre15_VRoot_VerbTerm	PossConc3_BPre15_VRoot_VerbTerm
njenge_si_bonelo	AdvPre_NPrePre7_BPre7_NStem	AdvPre_BPre7_NStem	AdvPre_NPrePre7_BPre7_NStem	AdvPre_BPre7_NStem
be_s_e	SC2_VRoot_VerbTerm	SC2_VRoot_VerbTerm	SC2_VRoot_VerbTerm	SC2_VRoot_VerbTerm
i_in_qhema	NPrePre8_NPre8_NStem	NPrePre8_NPre8_NStem	NPrePre8_NPre8_NStem	NPrePre8_NPre8_NStem
zi_qedelela	SC8_VRoot_VerbTerm	BPre8_NStem	SC8_VRoot_VerbTerm	Pres_NStem
i_thebula	NPrePre5_NStem	NPrePre4_NStem	NPrePre5_NStem	NPrePre4_NStem
.	Punc	Punc	Punc	Punc
U_m_lando	NPrePre3_BPre3_NStem	NPrePre3_BPre3_NStem	NPrePre3_BPre3_NStem	NPrePre3_BPre3_NStem
we_Sewula	PossConc3_LocPre_NStem	PossConc1_NStem	PossConc3_LocPre_NStem	PossConc1_NStem
Afrika	ProperName	ProperName	ProperName	ProperName
na_ma_lemuko	AdvPre_BPre6_NStem	AdvPre_BPre6_NStem	AdvPre_BPre6_NStem	AdvPre_BPre6_NStem
we_e_narha	PossConc6_LocPre_NStem	PossConc3_LocPre_NStem	PossConc6_LocPre_NStem	PossConc3_LocPre_NStem
ezi_nye	AdjPref10_AdjStem	AdjPref10_AdjStem	AdjPref10_AdjStem	AdjPref10_AdjStem
u_khomb_is_a	NPrePre1a_NStem	SC2_VRoot_CausExt_VerbTerm	NPrePre1a_NStem	SC2_VRoot_CausExt_VerbTerm
bo_nyana	BPre2_NStem	BPre2_NStem	BPre2_NStem	BPre2_NStem
u_bu_nye	NPrePre14_BPre14_NStem	NPrePre14_BPre14_AdjStem	NPrePre14_BPre14_NStem	NPrePre14_BPre14_NStem
ne_bumbano	AdvPre_NPre5_NStem	AdvPre_NStem	AdvPre_NPre5_NStem	AdvPre_NStem
lo_m_phakathi	PossConc5_NPrePre3_BPre3_NStem	PossConc5_BPre3_NStem	PossConc5_NPrePre3_BPre3_NStem	PossConc5_BPre3_NStem
ku_zi_zi_nto	BPre15_Pres_BPre10_NStem	BPre15_Pres_BPre10_NStem	BPre15_Pres_BPre10_NStem	BPre15_Pres_BPre10_NStem
ezi_qakathek_ile_ko	RelConc8_VRoot_Perf_RelSuf	RelConc8_VRoot_Perf_RelSuf	RelConc8_VRoot_Perf_RelSuf	RelConc8_VRoot_Perf_RelSuf
e_ku_phumelel_is_eni	LocPre_NPrePre15_BPre15_VRoot_CausExt_VerbTerm_LocSuf	LocPre_BPre15_VRoot_CausExt_LocSuf	LocPre_NPrePre15_BPre15_VRoot_CausExt_VerbTerm_LocSuf	LocPre_BPre15_VRoot_CausExt_LocSuf
i_mi_nqopho	NPrePre4_BPre4_NStem	NPrePre4_BPre4_NStem	NPrePre4_BPre4_NStem	NPrePre4_BPre4_NStem
ye_ze_hlalakuhle	PossConc4_PossConc8_NStem	PossConc9_PossConc8_NStem	PossConc4_PossConc8_NStem	PossConc9_PossConc8_NStem
no_m_notho	AdvPre_NPrePre3_BPre3_NStem	AdvPre_BPre3_NStem	AdvPre_NPrePre3_BPre3_NStem	AdvPre_BPre3_NStem
.	Punc	Punc	Punc	Punc
I_s_ethulo	NPrePre7_NStem	NPrePre7_BPre7_NStem	NPrePre7_NStem	NPrePre7_BPre7_NStem
so_m_Thethosisekelo	PossConc7_NPrePre3_BPre3_NStem	PossConc7_BPre3_NStem	PossConc7_NPrePre3_BPre3_NStem	PossConc7_BPre3_NStem
si_mumethe	SC7_VRoot_Perf	BPre7_NStem	SC7_VRoot_Perf	BPre7_NStem
i_si_linganiswesi	NPrePre7_BPre7_NStem	NPrePre7_BPre7_NStem	NPrePre7_BPre7_NStem	NPrePre7_BPre7_NStem
nge_n_dlela	AdvPre_NPrePre9_BPre9_NStem	AdvPre_BPre9_NStem	AdvPre_NPrePre9_BPre9_NStem	AdvPre_BPre9_NStem
e_fanele_ko	LocPre_VRoot_VerbTerm_RelSuf	RelConc9_NStem_RelSuf	LocPre_VRoot_VerbTerm_RelSuf	RelConc9_NStem_RelSuf
.	Punc	Punc	Punc	Punc
Sa_mukel_a	CopPre_NStem	PossConc1a_VRoot_VerbTerm	CopPre_NStem	CopPre_VRoot_VerbTerm
i_si_bopho	NPrePre7_BPre7_NStem	NPrePre7_BPre7_NStem	NPrePre7_BPre7_NStem	NPrePre7_BPre7_NStem
so_m_buso	PossConc7_NPrePre3_BPre3_NStem	PossConc7_BPre3_NStem	PossConc7_NPrePre3_BPre3_NStem	PossConc7_BPre3_NStem
so_ku_buyis_ela	PossConc7_NPrePre15_BPre15_VRoot_VerbTerm	PossConc7_BPre15_NStem_NStem	PossConc7_NPrePre15_BPre15_VRoot_VerbTerm	PossConc7_BPre15_NStem_NStem
e_mu_va	LocPre_NPrePre3_BPre3_NStem	LocPre_BPre3_NStem	LocPre_NPrePre3_BPre3_NStem	LocPre_BPre3_NStem
i_mi_phumela	NPrePre4_BPre4_NStem	NPrePre4_BPre4_NStem	NPrePre4_BPre4_NStem	NPrePre4_BPre4_NStem
ye_bandlululo	PossConc9_NStem	PossConc9_NStem	PossConc9_NStem	PossConc9_NStem
,	Punc	Punc	Punc	Punc
nge_n_dlela	AdvPre_NPrePre9_BPre9_NStem	AdvPre_BPre9_NStem	AdvPre_NPrePre9_BPre9_NStem	AdvPre_BPre9_NStem
e_zakw_enz_a	RelConc9_Fut_VRoot_VerbTerm	RelConc4_Fut_VRoot_VerbTerm	RelConc9_Fut_VRoot_VerbTerm	RelConc4_Fut_VRoot_VerbTerm
bo_nyana	BPre2_NStem	BPre2_NStem	BPre2_NStem	BPre2_NStem
zo_ke	QuantConc10_QuantStem	QuantConc10_QuantStem	QuantConc10_QuantStem	QuantConc10_QuantStem
i_z_akhamuzi	NPrePre8_BPre8_NStem	NPrePre8_BPre8_NStem	NPrePre8_BPre8_NStem	NPrePre8_BPre8_NStem
zi_zi_zwe	BPre8_BPre8_NStem	BPre8_BPre8_NStem	BPre8_BPre8_NStem	Pres_ReflPre_NStem
zi_yi_ngcenye	BPre8_CopPre_NStem	BPre8_CopPre_NStem	BPre8_CopPre_NStem	BPre8_CopPre_NStem
ye_narha	PossConc9_NStem	PossConc4_NStem	PossConc9_NStem	PossConc4_NStem
ka_nye	AdvPre_AdjStem	AdvPre_AdjStem	AdvPre_AdjStem	AdvPre_AdjStem
na_ma_hlelo	AdvPre_NPrePre6_BPre6_NStem	AdvPre_BPre6_NStem	AdvPre_NPrePre6_BPre6_NStem	AdvPre_BPre6_NStem
wa_yo	PossConc6_PronStem4	PossConc3_PronStem9	PossConc6_PronStem4	PossConc3_PronStem9
.	Punc	Punc	Punc	Punc
A_ma_Komidi	NPrePre6_BPre6_NStem	NPrePre6_BPre6_NStem	NPrePre6_BPre6_NStem	NPrePre6_BPre6_NStem
we_Wadi	PossConc6_NStem	PossConc6_NStem	PossConc6_NStem	PossConc6_NStem
ku_fan_el_e	OC15_VRoot_ApplExt_VerbTerm	OC15_VRoot_ApplExt_VerbTerm	OC15_VRoot_ApplExt_VerbTerm	OC15_VRoot_ApplExt_VerbTerm
a_thuthuk_is_e	SC6_VRoot_CausExt_VerbTerm	SC6_VRoot_CausExt_VerbTerm	SC6_VRoot_CausExt_VerbTerm	SC6_VRoot_CausExt_VerbTerm
beka_fak_e	PossConc2_AdvPre_Intrans_VerbTerm	NegPre_VRoot_VerbTerm	PossConc2_AdvPre_Intrans_VerbTerm	NegPre_VRoot_VerbTerm
ne_e_n_dlela	AdvPre_LocPre_BPre3_NStem	AdvPre_LocPre_BPre3_NStem	AdvPre_LocPre_BPre3_NStem	AdvPre_LocPre_BPre3_NStem
ezi_zoku_siz_a	RelConc10_Fut_VRoot_VerbTerm	RelConc8_Pres_VRoot_VerbTerm	RelConc10_Fut_VRoot_VerbTerm	RelConc10_Fut_VRoot_VerbTerm
e_ku_dluliseleni	RelConc9_BPre15_NStem_LocSuf	LocPre_BPre15_NStem	RelConc9_BPre15_NStem_LocSuf	LocPre_BPre15_NStem
i_lw_azi	BPre9_BPre11_NStem	BPre9_BPre11_NStem	BPre9_BPre11_NStem	BPre9_BPre11_NStem
eli_nqoph_ile_ko	RelConc5_VRoot_Perf_RelSuf	RelConc5_VRoot_Perf_RelSuf	RelConc5_VRoot_Perf_RelSuf	RelConc5_VRoot_Perf_RelSuf
e_m_phakath_ini	LocPre_NPrePre3_BPre3_NStem_LocSuf	LocPre_BPre3_NStem_LocSuf	LocPre_NPrePre3_BPre3_NStem_LocSuf	LocPre_BPre3_NStem_LocSuf
no_ku_suk_a	AdvPre_OC3_VRoot_VerbTerm	AdvPre_BPre15_VRoot_VerbTerm	AdvPre_OC3_VRoot_VerbTerm	AdvPre_BPre15_VRoot_VerbTerm
e_mkhandlw_ini	LocPre_BPre3_NStem_LocSuf	LocPre_NStem_LocSuf	LocPre_BPre3_NStem_LocSuf	LocPre_NStem_LocSuf
u_ku_y_a	NPrePre15_BPre15_VRoot_VerbTerm	NPrePre15_BPre15_VRoot_VerbTerm	NPrePre15_BPre15_VRoot_VerbTerm	NPrePre15_BPre15_VRoot_VerbTerm
e_m_phakath_ini	LocPre_NPrePre3_BPre3_NStem_LocSuf	LocPre_BPre3_NStem_LocSuf	LocPre_NPrePre3_BPre3_NStem_LocSuf	LocPre_BPre3_NStem_LocSuf
.	Punc	Punc	Punc	Punc
I_in_kambiso	NPrePre10_BPre10_NStem	NPrePre10_BPre10_NStem	NPrePre10_BPre10_NStem	NPrePre10_BPre10_NStem
ku_fan_el_e	OC15_VRoot_ApplExt_VerbTerm	OC15_VRoot_ApplExt_VerbTerm	OC15_VRoot_ApplExt_VerbTerm	OC15_VRoot_ApplExt_VerbTerm
zi_tjhej_e	SC10_VRoot_VerbTerm	SC10_VRoot_VerbTerm	SC10_VRoot_VerbTerm	SC10_VRoot_VerbTerm
a_ma_hlelo	NPrePre6_BPre6_NStem	NPrePre6_BPre6_NStem	NPrePre6_BPre6_NStem	NPrePre6_BPre6_NStem
ka_masipala	PossKA_NStem	PossKA_NStem	PossKA_NStem	PossKA_NStem
ka_nye	AdvPre_AdjStem	AdvPre_AdjStem	AdvPre_AdjStem	AdvPre_AdjStem
na_ma_phrojekthi	AdvPre_BPre6_NStem	AdvPre_BPre6_NStem	AdvPre_BPre6_NStem	AdvPre_BPre6_NStem
no_ku_bon_a	AdvPre_NPrePre15_BPre15_VRoot_VerbTerm	AdvPre_BPre15_VRoot_VerbTerm	AdvPre_NPrePre15_BPre15_VRoot_VerbTerm	AdvPre_BPre15_VRoot_VerbTerm
bon_a	AbsPron2	VRoot_VerbTerm	AbsPron2	VRoot_VerbTerm
ku_nga_gcugcuzeleka	BPre15_AdvPre_VRoot_NeutExt_VerbTerm	BPre15_AdvPre_NStem	BPre15_AdvPre_VRoot_NeutExt_VerbTerm	BPre15_AdvPre_NStem
bu_njani	SC14_Adv	SC14_Adv	SC14_Adv	SC14_Adv
u_ku_thint_an_a	NPrePre15_BPre15_NStem	NPrePre15_BPre15_VRoot_RecipExt_VerbTerm	NPrePre15_BPre15_NStem	NPrePre15_BPre15_VRoot_RecipExt_VerbTerm
oku_zoku_bandakany_a	RelConc15_Fut_VRoot_VerbTerm	RelConc15_Fut_VRoot_VerbTerm	RelConc15_Fut_VRoot_VerbTerm	RelConc15_Fut_VRoot_VerbTerm
u_ku_hlanganyela	NPrePre15_BPre15_NStem	NPrePre15_BPre15_NStem	NPrePre15_BPre15_NStem	NPrePre15_BPre15_NStem
ko_m_phakathi	PossConc15_NPrePre3_BPre3_NStem	PossConc15_BPre3_NStem	PossConc15_NPrePre3_BPre3_NStem	PossConc15_BPre3_NStem
.	Punc	Punc	Punc	Punc
U_ku_nikel_a	NPrePre15_BPre15_VRoot_VerbTerm	NPrePre15_BPre15_VRoot_VerbTerm	NPrePre15_BPre15_VRoot_VerbTerm	NPrePre15_BPre15_VRoot_VerbTerm
i_z_akhamuzi	NPrePre8_BPre8_NStem	NPrePre8_BPre8_NStem	NPrePre8_BPre8_NStem	NPrePre8_BPre8_NStem
ze_ndawo	PossConc8_NStem	PossConc8_NStem	PossConc8_NStem	PossConc8_NStem
i_thuba	NPrePre5_BPre5_NStem	NPrePre9_NStem	NPrePre5_BPre5_NStem	NPrePre9_NStem
loku_ngena	RelConc15_VRoot_VerbTerm	RelConc15_NStem	RelConc15_VRoot_VerbTerm	RelConc15_NStem
e_ma_tjhebiswan_eni	LocPre_BPre6_NStem_LocSuf	LocPre_BPre6_NStem_LocSuf	LocPre_BPre6_NStem_LocSuf	LocPre_BPre6_NStem_LocSuf
ne_ma_kontrageni	AdvPre_BPre6_NStem_LocSuf	AdvPre_BPre6_NStem	AdvPre_BPre6_NStem_LocSuf	AdvPre_BPre6_NStem
no_rhulumende	AdvPre_NStem	AdvPre_NStem	AdvPre_NStem	AdvPre_NStem
we_ndawo	PossConc1_NPrePre9_BPre9_NStem	PossConc1_NStem	PossConc1_NPrePre9_BPre9_NStem	PossConc1_NStem
u_kuze	Conj	NPrePre1a_NStem	Conj	BPre3_NStem
ba_hlel_e	SC2_Intrans_VerbTerm	SC2_Intrans_VerbTerm	SC2_Intrans_VerbTerm	SC2_Intrans_VerbTerm
ezi_nye	AdjPref10_AdjStem	AdjPref10_AdjStem	AdjPref10_AdjStem	AdjPref10_AdjStem
i_in_setjenziswa	NPrePre8_NPre8_NStem	NPrePre8_NPre8_NStem	NPrePre8_NPre8_NStem	NPrePre8_NPre8_NStem
ezi_nge_ziwe_ko	RelConc8_NStem_RelSuf	RelConc8_AdvPre_NStem_RelSuf	RelConc8_NStem_RelSuf	RelConc8_AdvPre_NStem_RelSuf
.	Punc	Punc	Punc	Punc
A_ma_qhinga	NPrePre6_BPre6_NStem	NPrePre6_BPre6_NStem	NPrePre6_BPre6_NStem	NPrePre6_BPre6_NStem
mi_tlamo	BPre4_NStem	BPre4_NStem	BPre4_NStem	BPre4_NStem
e_ku_funek_a	LocPre_NPrePre15_BPre15_VRoot_VerbTerm	RelConc4_BPre15_VRoot_VerbTerm	LocPre_NPrePre15_BPre15_VRoot_VerbTerm	RelConc4_BPre15_VRoot_VerbTerm
bo_nyana	BPre2_NStem	BPre2_NStem	BPre2_NStem	BPre2_NStem
ku_setjenzwe	BPre15_NStem	BPre15_NStem	BPre15_NStem	BPre15_NStem
nga_yo	AdvPre_PronStem9	AdvPre_PronStem9	AdvPre_PronStem9	AdvPre_PronStem9
u_ku_phumelelisa	NPrePre15_BPre15_VRoot_CausExt_VerbTerm	NPrePre15_BPre15_NStem	NPrePre15_BPre15_VRoot_CausExt_VerbTerm	NPrePre15_BPre15_NStem
u_m_nqopho	NPrePre3_BPre3_NStem	NPrePre3_BPre3_NStem	NPrePre3_BPre3_NStem	NPrePre3_BPre3_NStem
.	Punc	Punc	Punc	Punc
E_m_sebenz_ini	LocPre_NPrePre3_BPre3_NStem_LocSuf	LocPre_BPre3_NStem_LocSuf	LocPre_NPrePre3_BPre3_NStem_LocSuf	LocPre_BPre3_NStem_LocSuf
o_landel_a_ko	RelConc3_NStem_RelSuf	RelConc3_VRoot_VerbTerm_RelSuf	RelConc3_NStem_RelSuf	RelConc3_VRoot_VerbTerm_RelSuf
a_ma_qhinga	NPrePre6_BPre6_NStem	NPrePre6_BPre6_NStem	NPrePre6_BPre6_NStem	NPrePre6_BPre6_NStem
a_ya_khonjwa	SC6_Pres_VRoot_PassExt_VerbTerm	RelConc6_Pres_NStem	SC6_Pres_VRoot_PassExt_VerbTerm	RelConc6_Pres_NStem
u_kw_enz_el_a	NPrePre15_BPre15_VRoot_ApplExt_VerbTerm	NPrePre15_BPre15_VRoot_ApplExt_VerbTerm	NPrePre15_BPre15_VRoot_ApplExt_VerbTerm	NPrePre15_BPre15_VRoot_ApplExt_VerbTerm
bo_nyana	BPre2_NStem	BPre2_NStem	BPre2_NStem	BPre2_NStem
kwa_kh_el_w_e	SC15_VRoot_PassExt_VerbTerm	PossConc15_VRoot_ApplExt_PassExt_VerbTerm	SC15_VRoot_PassExt_VerbTerm	PossConc15_VRoot_ApplExt_PassExt_VerbTerm
phezu	Adv	Adv	Adv	Adv
kwa_ma_kghono	PossConc15_BPre15_NStem	PossConc15_BPre6_NStem	PossConc15_BPre15_NStem	PossConc15_BPre15_NStem
begodu	Conj	Conj	Conj	Conj
ku_pheliswe	BPre15_NStem	BPre15_NStem	BPre15_NStem	BPre15_NStem
u_bu_thakathaka	NPrePre14_BPre14_NStem	NPrePre14_BPre14_NStem	NPrePre14_BPre14_NStem	NPrePre14_BPre14_NStem
.	Punc	Punc	Punc	Punc
U_m_sebenzi	NPrePre3_BPre3_NStem	NPrePre3_BPre3_NStem	NPrePre3_BPre3_NStem	NPrePre3_BPre3_NStem
o_landel_a_ko	SC3_VRoot_VerbTerm_RelSuf	RelConc3_VRoot_VerbTerm_RelSuf	SC3_VRoot_VerbTerm_RelSuf	RelConc3_VRoot_VerbTerm_RelSuf
u_ragelisa	NPrePre1a_NStem	NPrePre1a_NStem	NPrePre1a_NStem	NPrePre1a_NStem
phambili	Adv	Adv	Adv	Adv
i_gadangweli	NPrePre4_NStem	NPrePre4_NStem	NPrePre4_NStem	NPrePre4_NStem
begodu	Conj	Conj	Conj	Conj
u_khomba	NPrePre1a_NStem	NPrePre1a_NStem	NPrePre1a_NStem	NPrePre1a_NStem
a_ma_phrojekthi	NPrePre6_BPre6_NStem	NPrePre6_BPre6_NStem	NPrePre6_BPre6_NStem	NPrePre6_BPre6_NStem
ne_mi_sebenzi	AdvPre_NPrePre4_BPre4_NStem	AdvPre_BPre4_NStem	AdvPre_NPrePre4_BPre4_NStem	AdvPre_BPre4_NStem
e_ku_fuz_e	RelConc4_OC15_VRoot_VerbTerm	RelConc4_OC15_VRoot_VerbTerm	RelConc4_OC15_VRoot_VerbTerm	RelConc4_OC15_VRoot_VerbTerm
i_sungulwe	NPrePre4_NStem	NPrePre4_NStem	NPrePre4_NStem	NPrePre4_NStem
u_ku_sebenz_a	NPrePre15_BPre15_VRoot_VerbTerm	NPrePre15_BPre15_VRoot_VerbTerm	NPrePre15_BPre15_VRoot_VerbTerm	NPrePre15_BPre15_VRoot_VerbTerm
ngqhinga	NStem	NStem	NStem	NStem
eli_nye	AdjPref5_AdjStem	AdjPref5_AdjStem	AdjPref5_AdjStem	AdjPref5_AdjStem
n_eli_nye	AdvPre_AdjPref5_AdjStem	AdvPre_AdjPref5_AdjStem	AdvPre_AdjPref5_AdjStem	AdvPre_AdjPref5_AdjStem
.	Punc	Punc	Punc	Punc
U_ku_cocisan_a	NPrePre15_BPre15_NStem	NPrePre15_BPre15_VRoot_VerbTerm	NPrePre15_BPre15_NStem	NPrePre15_BPre15_VRoot_VerbTerm
nge_mi_raro	AdvPre_NPre4_BPre4_NStem	AdvPre_BPre4_NStem	AdvPre_NPre4_BPre4_NStem	AdvPre_BPre4_NStem
begodu	Conj	Conj	Conj	Conj
na_bel_an_e	AdvPre_VRoot_RecipExt_VerbTerm	AdvPre_VRoot_RecipExt_VerbTerm	AdvPre_VRoot_RecipExt_VerbTerm	AdvPre_VRoot_RecipExt_VerbTerm
i_mi_bono	NPrePre4_BPre4_NStem	NPrePre4_BPre4_NStem	NPrePre4_BPre4_NStem	NPrePre4_BPre4_NStem
nge_e_n_dlela	AdvPre_LocPre_BPre3_NStem	AdvPre_LocPre_BPre3_NStem	AdvPre_LocPre_BPre3_NStem	AdvPre_LocPre_BPre3_NStem
i_i_n_kambisolawulo	NPrePre10_BPre10_NStem	NPrePre4_NPrePre10_BPre10_NStem	NPrePre10_BPre10_NStem	NPrePre10_NPrePre10_BPre10_NStem
zi_nga_phumelela	SC10_AdvPre_VRoot_VerbTerm	BPre10_AdvPre_NStem	SC10_AdvPre_VRoot_VerbTerm	BPre10_AdvPre_NStem
ngcono	NStem	NStem	NStem	NStem
nga_yo	AdvPre_PronStem9	AdvPre_PronStem9	AdvPre_PronStem9	AdvPre_PronStem9
.	Punc	Punc	Punc	Punc
Dlulisela	VRoot_CausExt_ApplExt_VerbTerm	ProperName	VRoot_CausExt_ApplExt_VerbTerm	ProperName
e_mibuzw_eni	LocPre_NStem_LocSuf	LocPre_NStem_LocSuf	LocPre_NStem_LocSuf	LocPre_NStem_LocSuf
e_phakanyisiw_e	RelConc4_NStem	LocPre_Intrans_VerbTerm	RelConc4_NStem	RelConc4_Intrans_VerbTerm
e_thebuli_ni	LocPre_NStem_LocSuf	LocPre_NStem_LocSuf	LocPre_NStem_LocSuf	LocPre_NStem_LocSuf
eli_s_e_khasi_ni	RelConc5_PreLoc-s_LocPre_NStem_LocSuf	RelConc5_PreLoc-s_LocPre_NStem_LocSuf	RelConc5_PreLoc-s_LocPre_NStem_LocSuf	RelConc5_PreLoc-s_LocPre_NStem_LocSuf
la_ma__90	PossConc5_BPre6_Num	PossConc5_BPre6_Num	PossConc5_BPre6_Num	SC3_BPre6_Num
eli_ngezelela	RelConc5_VRoot_VerbTerm	RelConc5_NStem	RelConc5_VRoot_VerbTerm	RelConc5_NStem
i_mi_bono	NPrePre4_BPre4_NStem	NPrePre4_BPre4_NStem	NPrePre4_BPre4_NStem	NPrePre4_BPre4_NStem
e_nik_el_w_e	RelConc4_VRoot_PassExt_VerbTerm	RelConc4_VRoot_ApplExt_PassExt_VerbTerm	RelConc4_VRoot_PassExt_VerbTerm	RelConc9_VRoot_ApplExt_PassExt_VerbTerm
ba_hlanganyeli	BPre2_NStem	PossConc1a_NStem	BPre2_NStem	PossConc1a_NStem
.	Punc	Punc	Punc	Punc
U_m_Thetho	NPrePre3_BPre3_NStem	NPrePre3_BPre3_NStem	NPrePre3_BPre3_NStem	NPrePre3_BPre3_NStem
ka_Rhulumende	PossConc15_NStem	PossConc15_NStem	PossConc15_NStem	PossConc15_NStem
we_Khaya	PossConc3_NPrePre5_BPre5_NStem	PossConc3_NStem	PossConc3_NPrePre5_BPre5_NStem	PossConc3_NStem
o_Hlel_iw_e_ko	SC3_VRoot_NeutExt_VerbTerm	RelConc3_VRoot_PassExt_VerbTerm_RelSuf	SC3_VRoot_NeutExt_VerbTerm	RelConc3_VRoot_PassExt_VerbTerm_RelSuf
,	Punc	Punc	Punc	Punc
w_e__1_997	PossConc3_Num	PossConc1_LocPre_Num_Num	PossConc3_Num	PossConc1_LocPre_Num_Num
u_nikel_a	SC3_VRoot_ApplExt_VerbTerm	SC1_VRoot_VerbTerm	SC3_VRoot_ApplExt_VerbTerm	SC1_VRoot_VerbTerm
i_lemukiso	NPrePre4_NStem	NPrePre4_NStem	NPrePre4_NStem	NPrePre4_NStem
e_hlanganw_eni	LocPre_NStem_LocSuf	LocPre_NStem_LocSuf	LocPre_NStem_LocSuf	RelConc9_NStem_LocSuf
kazweloke	AdvPre_NStem	NStem	AdvPre_NStem	NStem
e_jamela	RelConc9_VRoot_ApplExt_VerbTerm	LocPre_NStem	RelConc9_VRoot_ApplExt_VerbTerm	LocPre_NStem
a_bo_masipala	NPrePre2a_BPre2a_NStem	NPrePre2a_BPre2a_NStem	NPrePre2a_BPre2a_NStem	NPrePre2a_BPre2a_NStem
aba_nengi	AdjPref2_AdjStem	AdjPref2_AdjStem	AdjPref2_AdjStem	AdjPref2_AdjStem
esi_fund_eni	RelConc7_NStem_LocSuf	RelConc8_NStem_LocSuf	RelConc7_NStem_LocSuf	RelConc8_NStem_LocSuf
.	Punc	Punc	Punc	Punc
I_Hlangano	NPrePre9_NStem	NPrePre9_NStem	NPrePre9_NStem	NPrePre9_NStem
ka_Rhulumende	PossConc15_NStem	PossConc15_NStem	PossConc15_NStem	PossConc15_NStem
we_Khaya	PossConc3_NPrePre5_BPre5_NStem	PossConc3_NStem	PossConc3_NPrePre5_BPre5_NStem	PossConc3_NStem
ye_Sewula	PossConc4_NStem	PossConc4_NStem	PossConc4_NStem	PossConc4_NStem
Afrika	ProperName	ProperName	ProperName	ProperName
(	Punc	Punc	Punc	Punc
SA_LGA	Abbr	PossConc1a_Abbr	Abbr	PossConc1a_NStem
)	Punc	Punc	Punc	Punc
yi_hlangano	CopPre_NStem	CopPre_NStem	CopPre_NStem	CopPre_NStem
eli_mukis_a	RelConc5_VRoot_CausExt_VerbTerm	RelConc5_VRoot_VerbTerm	RelConc5_VRoot_CausExt_VerbTerm	RelConc5_VRoot_VerbTerm
ngo_ku_semthethw_eni	AdvPre_BPre15_NStem	AdvPre_BPre15_NStem_LocSuf	AdvPre_BPre15_NStem	AdvPre_BPre15_NStem_LocSuf
mayelana	NStem	NStem	NStem	NStem
no_rhulumende	AdvPre_NStem	AdvPre_NStem	AdvPre_NStem	AdvPre_NStem
we_khaya	PossConc3_NPrePre5_BPre5_NStem	PossConc3_NStem	PossConc3_NPrePre5_BPre5_NStem	PossConc3_NStem
.	Punc	Punc	Punc	Punc
I__P_MS	NPrePre9_Abbr	NPrePre9_Abbr_Abbr	NPrePre9_Abbr	NPrePre4_Abbr_NStem
i_jam_el_e	SC9_VRoot_ApplExt_VerbTerm	SC4_VRoot_ApplExt_VerbTerm	SC9_VRoot_ApplExt_VerbTerm	SC9_VRoot_ApplExt_VerbTerm
i_in_ghonghoyilo	NPrePre8_BPre8_NStem	NPrePre8_BPre8_NStem	NPrePre8_BPre8_NStem	NPrePre8_BPre8_NStem
za_ma_lunga_yo	PossConc8_BPre6_NStem	PossConc8_BPre6_NStem_RelSuf	PossConc8_BPre6_NStem	PossConc8_BPre6_NStem_PronStem9
.	Punc	Punc	Punc	Punc
A_ba_hlanganyeli	NPrePre2_BPre2_NStem	NPrePre2_BPre2_NStem	NPrePre2_BPre2_NStem	NPrePre2_BPre2_NStem
ba_phendul_a	SC2_Intrans_VerbTerm	SC2_Intrans_VerbTerm	SC2_Intrans_VerbTerm	SC2_Intrans_VerbTerm
i_mi_buzo	NPrePre4_BPre4_NStem	NPrePre4_BPre4_NStem	NPrePre4_BPre4_NStem	NPrePre4_BPre4_NStem
e_nga_phasi	LocPre_AdvPre_Adv	LocPre_AdvPre_Adv	LocPre_AdvPre_Adv	LocPre_AdvPre_Adv
nge_e_n_qhema	AdvPre_LocPre_NPrePre8_NStem	AdvPre_LocPre_NPrePre8_NStem	AdvPre_LocPre_NPrePre8_NStem	AdvPre_LocPre_NPrePre8_NStem
za_ma_lunga	PossConc8_BPre6_NStem	PossConc8_BPre6_NStem	PossConc8_BPre6_NStem	PossConc8_BPre6_NStem
a_ma_thathu	AdjPref6_AdjStem	NPrePre6_BPre6_NStem	AdjPref6_AdjStem	NPrePre6_BPre6_NStem
i_mi_zuzu	NPrePre4_BPre4_NStem	NPrePre4_BPre4_NStem	NPrePre4_BPre4_NStem	NPrePre4_BPre4_NStem
e_mbalw_a	RelConc4_RelStem	RelConc4_VRoot_VerbTerm	RelConc4_RelStem	RelConc4_VRoot_VerbTerm
be_s_e	SC2_VRoot_VerbTerm	SC2_VRoot_VerbTerm	SC2_VRoot_VerbTerm	SC2_VRoot_VerbTerm
ba_bel_an_a	SC2_VRoot_RecipExt_VerbTerm	SC2_VRoot_RecipExt_VerbTerm	SC2_VRoot_RecipExt_VerbTerm	SC2_VRoot_RecipExt_VerbTerm
i_im_pendulo	NPrePre10_BPre10_NStem	NPrePre10_BPre10_NStem	NPrePre10_BPre10_NStem	NPrePre10_BPre10_NStem
e_m_hlanganw_eni	LocPre_NPrePre3_BPre3_NStem_LocSuf	LocPre_BPre3_NStem_LocSuf	LocPre_NPrePre3_BPre3_NStem_LocSuf	LocPre_BPre3_NStem_LocSuf
wa_ma_lunga	PossConc1a_BPre6_NStem	PossConc1a_BPre6_NStem	PossConc1a_BPre6_NStem	PossConc1a_BPre6_NStem
wo_ke	QuantConc1_QuantStem	QuantConc1_QuantStem	QuantConc1_QuantStem	QuantConc1_QuantStem
.	Punc	Punc	Punc	Punc
Ngiyiphi	Interrog	Interrog	Interrog	Interrog
i_mi_raro	NPrePre4_BPre4_NStem	NPrePre4_BPre4_NStem	NPrePre4_BPre4_NStem	NPrePre4_BPre4_NStem
e_ku_fuz_e	RelConc4_OC15_VRoot_VerbTerm	RelConc4_OC15_VRoot_VerbTerm	RelConc4_OC15_VRoot_VerbTerm	RelConc4_OC15_VRoot_VerbTerm
i_thint_w_e	NPrePre4_NStem	SC4_VRoot_PassExt_VerbTerm	NPrePre4_NStem	SC4_VRoot_PassExt_VerbTerm
/	Punc	Punc	Punc	Punc
i_sonjululwe	NPrePre4_NStem	NPrePre4_NStem	NPrePre4_NStem	NPrePre4_NStem
yi_bhajedi	CopPre_NStem	CopPre_NStem	CopPre_NStem	CopPre_NStem
?	Punc	Punc	Punc	Punc
Ku_qakathek_ile	SC15_VRoot_NeutExt_Perf	SC15_VRoot_Perf	SC15_VRoot_NeutExt_Perf	SC15_VRoot_Perf
bo_nyana	BPre2_NStem	BPre2_NStem	BPre2_NStem	BPre2_NStem
aba_ntu	NPrePre2_BPre2_NStem	RelConc2_NStem	NPrePre2_BPre2_NStem	RelConc2_NStem
ba_vez_e	OC2_VRoot_VerbTerm	OC2_VRoot_VerbTerm	OC2_VRoot_VerbTerm	OC2_VRoot_VerbTerm
i_mi_bono	NPrePre4_BPre4_NStem	NPrePre4_BPre4_NStem	NPrePre4_BPre4_NStem	NPrePre4_BPre4_NStem
ya_bo	PossConc9_PronStem2	PossConc9_PronStem2	PossConc9_PronStem2	PossConc9_PronStem2
begodu	Conj	Conj	Conj	Conj
ba_fak_e	OC2_VRoot_VerbTerm	OC2_VRoot_VerbTerm	OC2_VRoot_VerbTerm	OC2_VRoot_VerbTerm
i_sa_ndla	NPrePre7_BPre7_NStem	NPrePre7_BPre7_NStem	NPrePre7_BPre7_NStem	NPrePre7_BPre7_NStem
,	Punc	Punc	Punc	Punc
nany_an_a	BPre5_NStem_DimSuf	VRoot_RecipExt_VerbTerm	BPre5_NStem_DimSuf	VRoot_RecipExt_VerbTerm
e_mi_nye	AdjPref4_AdjStem	PossConc6_BPre4_AdjStem	AdjPref4_AdjStem	PossConc6_BPre4_NStem
i_mi_bono	NPrePre4_BPre4_NStem	NPrePre4_BPre4_NStem	NPrePre4_BPre4_NStem	NPrePre4_BPre4_NStem
i_nga_bonakal_a	SC9_AdvPre_VRoot_VerbTerm	SC9_AdvPre_VRoot_VerbTerm	SC9_AdvPre_VRoot_VerbTerm	SC9_Pot_VRoot_VerbTerm
i_nga	NPrePre9_NStem	BPre6_NStem	NPrePre9_NStem	NPrePre9_NStem
a_yi_ka_qakath_ek_i	NegPre_AdvPre_NStem	SC6_NegPre_NegPre_VRoot_NeutExt_VerbTerm	NegPre_AdvPre_NStem	SC6_NegPre_NegPre_VRoot_NeutExt_VerbTerm
,	Punc	Punc	Punc	Punc
kodwana	Conj	Conj	Conj	Conj
i_nga_kw_azi	NPrePre9_AdvPre_BPre15_NStem	NPrePre9_AdvPre_BPre15_NStem	NPrePre9_AdvPre_BPre15_NStem	NPrePre8_AdvPre_BPre15_NStem
u_kw_enz_a	NPrePre15_BPre15_VRoot_VerbTerm	NPrePre15_BPre15_VRoot_VerbTerm	NPrePre15_BPre15_VRoot_VerbTerm	NPrePre15_BPre15_VRoot_VerbTerm
bo_nyana	BPre2_NStem	BPre2_NStem	BPre2_NStem	BPre2_NStem
aba_ntu	NPrePre2_BPre2_NStem	AdjPref2_NStem	NPrePre2_BPre2_NStem	RelConc2_NStem
be_zw_isis_e	PossConc2_VRoot_IntensExt_VerbTerm	SC2_VRoot_IntensExt_VerbTerm	PossConc2_VRoot_IntensExt_VerbTerm	SC2_VRoot_IntensExt_VerbTerm
ngcono	Adv	NStem	Adv	NStem
begodu	Conj	Conj	Conj	Conj
lokhu	Dem15_Pos1		Dem15_Pos1	
ba_ku_thath_e	SC2_OC15_Intrans_VerbTerm	SC2_OC15_VRoot_VerbTerm	SC2_OC15_Intrans_VerbTerm	SC2_OC15_VRoot_VerbTerm
njengo_msebenzi	AdvPre_NStem	AdvPre_NStem	AdvPre_NStem	AdvPre_NStem
o_w_enz_iw_e	RelConc1_OC3_VRoot_PassExt_VerbTerm	RelConc3_OC3_VRoot_PassExt_VerbTerm	RelConc1_OC3_VRoot_PassExt_VerbTerm	RelConc1_OC3_VRoot_PassExt_VerbTerm
ngibo	CopPre_PronStem2	NStem	CopPre_PronStem2	NStem
.	Punc	Punc	Punc	Punc
I__P_MS	NPrePre9_Abbr	NPrePre9_Abbr_Abbr	NPrePre9_Abbr	NPrePre9_Abbr_NStem
ka_masipala	PossKA_NStem	PossKA_NStem	PossKA_NStem	PossKA_NStem
ku_fan_el_e	OC15_VRoot_ApplExt_VerbTerm	OC15_VRoot_ApplExt_VerbTerm	OC15_VRoot_ApplExt_VerbTerm	OC15_VRoot_ApplExt_VerbTerm
i_fak_e	SC9_VRoot_VerbTerm	SC9_VRoot_VerbTerm	SC9_VRoot_VerbTerm	SC9_VRoot_VerbTerm
hlangan_a	VRoot_VerbTerm	VRoot_VerbTerm	VRoot_VerbTerm	VRoot_VerbTerm
i_in_daba	NPrePre10_BPre10_NStem	NPrePre10_BPre10_NStem	NPrePre10_BPre10_NStem	NPrePre10_BPre10_NStem
ezi_khonj_iw_e	RelConc10_Intrans_VerbTerm	RelConc10_VRoot_PassExt_VerbTerm	RelConc10_Intrans_VerbTerm	RelConc8_VRoot_PassExt_VerbTerm
yi_khansela	CopPre_NStem	CopPre_NStem	CopPre_NStem	CopPre_NStem
njengobana	Conj	Conj	Conj	Conj
li_hlobana	BPre5_VRoot_VerbTerm	BPre5_NStem	BPre5_VRoot_VerbTerm	BPre5_NStem
bu_nqoph_a	SC14_Intrans_VerbTerm	CopPre_Intrans_VerbTerm	SC14_Intrans_VerbTerm	CopPre_Intrans_VerbTerm
na_ma__K_PA	AdvPre_BPre6_Abbr	AdvPre_BPre6_LocPre_Abbr	AdvPre_BPre6_Abbr	AdvPre_BPre6_LocPre_NStem
wa_bo_masipala	PossConc6_BPre2a_NStem	PossConc1a_BPre2_NStem	PossConc6_BPre2a_NStem	PossConc1a_BPre2_NStem
ba_bo	PossConc2a_PronStem2	PossConc2_PronStem2	PossConc2a_PronStem2	PossConc2_PronStem2
.	Punc	Punc	Punc	Punc
A_ma__K_PI	NPrePre6_BPre6_Abbr	NPrePre6_BPre6_Abbr_Abbr	NPrePre6_BPre6_Abbr	NPrePre6_BPre6_LocPre_NStem
a_landel_a_ko	RelConc6_VRoot_VerbTerm_RelSuf	RelConc6_VRoot_VerbTerm_RelSuf	RelConc6_VRoot_VerbTerm_RelSuf	RelConc6_VRoot_VerbTerm_RelSuf
ku_fan_el_e	OC15_VRoot_ApplExt_VerbTerm	OC15_VRoot_ApplExt_VerbTerm	OC15_VRoot_ApplExt_VerbTerm	OC15_VRoot_ApplExt_VerbTerm
a_b_e	RelConc6_VRoot_VerbTerm	RelConc6_VRoot_VerbTerm	RelConc6_VRoot_VerbTerm	RelConc6_VRoot_VerbTerm
yi_ngcenye	CopPre_NStem	CopPre_NStem	CopPre_NStem	CopPre_NStem
ye__P_MS	PossConc4_Abbr	PossConc4_Abbr_Abbr	PossConc4_Abbr	PossConc4_Abbr_NStem
ka_masipala	PossKA_NStem	PossKA_NStem	PossKA_NStem	PossKA_NStem
omu_nye	AdjPref1_AdjStem	AdjPref1_AdjStem	AdjPref1_AdjStem	AdjPref1_AdjStem
n_omu_nye	AdvPre_AdjPref1_AdjStem	AdvPre_AdjPref1_AdjStem	AdvPre_AdjPref1_AdjStem	AdvPre_AdjPref1_AdjStem
nge_n_dlela	AdvPre_NPrePre9_BPre9_NStem	AdvPre_BPre9_NStem	AdvPre_NPrePre9_BPre9_NStem	AdvPre_BPre9_NStem
y_o_kobana	PossConc9_Conj	PossConc9_LocPre_NStem	PossConc9_Conj	PossConc9_LocPre_NStem
b_enz_ek_a	SC14_VRoot_NeutExt_VerbTerm	SC14_VRoot_NeutExt_VerbTerm	SC14_VRoot_NeutExt_VerbTerm	SC14_VRoot_NeutExt_VerbTerm
ku_ye	PossConc1_PronStem1	LocPre_PronStem9	PossConc1_PronStem1	LocPre_PronStem9
u_masipala	NPrePre1a_NStem	NPrePre1a_NStem	NPrePre1a_NStem	NPrePre1a_NStem
loyo	Dem3_Pos2		Dem3_Pos2	
.	Punc	Punc	Punc	Punc
Lezi	Dem10_Pos1		Dem10_Pos1	
zi_in_komba	BPre10_BPre10_NStem	BPre10_BPre10_NStem	BPre10_BPre10_NStem	BPre10_BPre10_NStem
ezi_khutjhwa	RelConc4_Intrans_VerbTerm	RelConc8_NStem	RelConc4_Intrans_VerbTerm	RelConc8_NStem
ngu_Ngqoqgotjhe	CopPre_NStem	CopPre_ProperName	CopPre_NStem	CopPre_ProperName
nge_mva	AdvPre_Adv	AdvPre_Adv	AdvPre_Adv	AdvPre_Adv
ko_ku_bonisan_a	PossConc15_SC15_VRoot_VerbTerm	PossConc15_BPre15_VRoot_VerbTerm	PossConc15_SC15_VRoot_VerbTerm	PossConc15_BPre15_VRoot_VerbTerm
no__MEC	AdvPre_NPre1a_Abbr	AdvPre_ProperName	AdvPre_NPre1a_Abbr	AdvPre_Abbr
we_si_funda	PossConc1a_NPrePre7_BPre7_NStem	PossConc1_BPre7_NStem	PossConc1a_NPrePre7_BPre7_NStem	PossConc1_BPre7_NStem
mayelana	NStem	NStem	NStem	NStem
no_rhulumende	AdvPre_NStem	AdvPre_NStem	AdvPre_NStem	AdvPre_NStem
we_khaya	PossConc1a_NPrePre5_BPre5_NStem	PossConc3_NStem	PossConc1a_NPrePre5_BPre5_NStem	PossConc3_NStem
ne__SA_LGA	AdvPre_NPre1_Abbr	AdvPre_Pro_Abbr	AdvPre_NPre1_Abbr	AdvPre_BPre7_Abbr
.	Punc	Punc	Punc	Punc
Kodwana	Conj	Conj	Conj	Conj
,	Punc	Punc	Punc	Punc
ku_qakathek_ile	SC15_VRoot_NeutExt_Perf	SC15_VRoot_Perf	SC15_VRoot_NeutExt_Perf	SC15_VRoot_Perf
u_ku_khumbula	NPrePre15_BPre15_NStem	NPrePre15_BPre15_NStem	NPrePre15_BPre15_NStem	NPrePre15_BPre15_NStem
bo_nyana	BPre2_NStem	BPre2_NStem	BPre2_NStem	BPre2_NStem
u_ku_hlukana	NPrePre15_BPre15_NStem	NPrePre15_BPre15_NStem	NPrePre15_BPre15_NStem	NPrePre15_BPre15_NStem
ku_buy_e	OC15_VRoot_VerbTerm	OC15_VRoot_VerbTerm	OC15_VRoot_VerbTerm	OC15_VRoot_VerbTerm
ku_dinge	BPre15_NStem	BPre15_NStem	BPre15_NStem	BPre15_NStem
u_ku_bon_w_a	NPrePre15_BPre15_VRoot_PassExt_VerbTerm	NPrePre15_BPre15_VRoot_PassExt_VerbTerm	NPrePre15_BPre15_VRoot_PassExt_VerbTerm	NPrePre15_BPre15_VRoot_PassExt_VerbTerm
ezi_n_tw_eni	RelConc8_NStem_LocSuf	RelConc10_BPre10_NStem_LocSuf	RelConc8_NStem_LocSuf	RelConc10_BPre10_NStem_LocSuf
ezi_hlobana	RelConc10_VRoot_VerbExt_VerbTerm	RelConc8_NStem	RelConc10_VRoot_VerbExt_VerbTerm	RelConc8_NStem
na_mandla	AdvPre_RelStem	AdvPre_RelStem	AdvPre_RelStem	AdvPre_RelStem
ne_e_n_tlabagelo	AdvPre_LocPre_BPre9_NStem	AdvPre_LocPre_BPre9_NStem	AdvPre_LocPre_BPre9_NStem	AdvPre_LocPre_BPre9_NStem
.	Punc	Punc	Punc	Punc
Oku_nengi	AdjPref15_AdjStem	AdjPref15_AdjStem	AdjPref15_AdjStem	AdjPref15_AdjStem
kwa_lokhu	PossConc15_Dem15_Pos1	PossConc15	PossConc15_Dem15_Pos1	PossConc15
ku_mel_e	BPre15_VRoot_VerbTerm	SC15_VRoot_VerbTerm	BPre15_VRoot_VerbTerm	SC15_VRoot_VerbTerm
ku_khunjulwe	BPre15_VRoot_PassExt_VerbTerm	BPre15_NStem	BPre15_VRoot_PassExt_VerbTerm	BPre15_NStem
njengo_ku_hlukana	AdvPre_NPrePre15_BPre15_NStem	AdvPre_BPre15_NStem	AdvPre_NPrePre15_BPre15_NStem	AdvPre_BPre15_NStem
ku_vel_e	BPre15_VRoot_VerbTerm	OC15_VRoot_VerbTerm	BPre15_VRoot_VerbTerm	OC15_VRoot_VerbTerm
nge_banga	AdvPre_NPrePre5_NStem	AdvPre_NStem	AdvPre_NPrePre5_NStem	AdvPre_NStem
lobudlelwano	AdvPre_NPrePre14_BPre14_NStem	NStem	AdvPre_NPrePre14_BPre14_NStem	NStem
ba_ma_ndla	PossConc2_RelStem	PossConc2_Bre6_NStem	PossConc2_RelStem	PossConc2_Bre6_NStem
ne_e_n_daba	AdvPre_LocPre_BPre9_NStem	AdvPre_LocPre_BPre9_NStem	AdvPre_LocPre_BPre9_NStem	AdvPre_LocPre_BPre9_NStem
zo_kwe_tjelwana	PossConc15_BPre15_VRoot_PassExt_RecipExt_VerbTerm	PossConc10_BPre15_NStem	PossConc15_BPre15_VRoot_PassExt_RecipExt_VerbTerm	PossConc8_BPre15_NStem
kwe_e_n_tlabagelo	PossConc15_LocPre_BPre3_NStem	PossConc15_LocPre_BPre3_NStem	PossConc15_LocPre_BPre3_NStem	PossConc15_LocPre_BPre3_NStem
.	Punc	Punc	Punc	Punc
I_in_dlela	NPrePre10_NPre10_NStem	NPrePre10_NPre10_NStem	NPrePre10_NPre10_NStem	NPrePre10_NPre10_NStem
zo_kwe_hlukana	PossConc10_BPre15_VRoot_VerbExt_VerbTerm	PossConc8_BPre15_NStem	PossConc10_BPre15_VRoot_VerbExt_VerbTerm	PossConc8_BPre15_NStem
aku_sizo	NegPre_NStem	NegPre_NStem	NegPre_NStem	NegPre_NStem
zo_ke	QuantConc10_QuantStem	QuantConc10_QuantStem	QuantConc10_QuantStem	QuantConc10_QuantStem
ezi_kheth_w_a	RelConc10_VRoot_PassExt_VerbTerm	RelConc10_VRoot_PassExt_VerbTerm	RelConc10_VRoot_PassExt_VerbTerm	RelConc10_VRoot_PassExt_VerbTerm
nga_phambili	AdvPre_Adv	AdvPre_Adv	AdvPre_Adv	AdvPre_Adv
kwe_si_khathi	PossConc15_NPrePre7_BPre7_NStem	PossConc15_BPre7_NStem	PossConc15_NPrePre7_BPre7_NStem	PossConc15_BPre7_NStem
ngo_ko_m_zimba	AdvPre_NPrePre15_BPre15_BPre3_NStem	AdvPre_BPre15_BPre3_NStem	AdvPre_NPrePre15_BPre15_BPre3_NStem	AdvPre_BPre15_BPre3_NStem
,	Punc	Punc	Punc	Punc
begodu	Conj	Conj	Conj	Conj
nany_an_a	Conj	VRoot_RecipExt_VerbTerm	Conj	VRoot_RecipExt_VerbTerm
ku_nga_b_a	SC15_Pot_VRoot_VerbTerm	SC15_Pot_VRoot_VerbTerm	SC15_Pot_VRoot_VerbTerm	SC15_Pot_VRoot_VerbTerm
ku_ku_phi	LocPre_BPre15_Interrog	AdjPref15_AdjPref15_EnumStem	LocPre_BPre15_Interrog	AdjPref15_AdjPref15_EnumStem
lapha	Dem15_Pos1		Dem15_Pos1	
zi_khona	BPre10_NStem	BPre10_NStem	BPre10_NStem	BPre10_NStem
z_enz_iw_a	SC10_VRoot_PassExt_VerbTerm	SC10_VRoot_PassExt_VerbTerm	SC10_VRoot_PassExt_VerbTerm	SC10_VRoot_PassExt_VerbTerm
zi_b_e	SC10_VRoot_VerbTerm	OC8_VRoot_VerbTerm	SC10_VRoot_VerbTerm	OC8_VRoot_VerbTerm
zi_kulu	AdjPref10_AdjStem	BPre10_NStem	AdjPref10_AdjStem	BPre8_NStem
nge_e_n_dlela	AdvPre_LocPre_BPre3_NStem	AdvPre_LocPre_BPre3_NStem	AdvPre_LocPre_BPre3_NStem	AdvPre_LocPre_BPre3_NStem
ezi_nye	AdjPref10_AdjStem	AdjPref10_AdjStem	AdjPref10_AdjStem	AdjPref8_AdjStem
ezi_phathel_en_e	RelConc10_VRoot_ApplExt_RecipExt_Perf	RelConc10_VRoot_RecipExt_Perf	RelConc10_VRoot_ApplExt_RecipExt_Perf	RelConc10_VRoot_RecipExt_Perf
no_m_phakathi	AdvPre_NPrePre3_BPre3_NStem	AdvPre_BPre3_NStem	AdvPre_NPrePre3_BPre3_NStem	AdvPre_BPre3_NStem
begodu	Conj	Conj	Conj	Conj
nany_an_a	Conj	VRoot_RecipExt_VerbTerm	Conj	VRoot_RecipExt_VerbTerm
ku_nga_b_a	SC15_Pot_VRoot_VerbTerm	SC15_Pot_VRoot_VerbTerm	SC15_Pot_VRoot_VerbTerm	SC15_Pot_VRoot_VerbTerm
ku_ku_phi	LocPre_BPre15_Interrog	AdjPref15_AdjPref15_EnumStem	LocPre_BPre15_Interrog	SC15_AdjPref15_EnumStem
lapha	Dem15_Pos1		Dem15_Pos1	
zi_khona	BPre10_NStem	BPre10_NStem	BPre10_NStem	BPre10_NStem
z_enz_iw_a	SC10_VRoot_PassExt_VerbTerm	SC10_VRoot_PassExt_VerbTerm	SC10_VRoot_PassExt_VerbTerm	SC10_VRoot_PassExt_VerbTerm
zi_b_e	OC10_VRoot_VerbTerm	OC8_VRoot_VerbTerm	OC10_VRoot_VerbTerm	OC8_VRoot_VerbTerm
no_m_phakathi	AdvPre_NPrePre3_BPre3_NStem	AdvPre_BPre3_NStem	AdvPre_NPrePre3_BPre3_NStem	AdvPre_BPre3_NStem
begodu	Conj	Conj	Conj	Conj
ne_e_njamiso	AdvPre_LocPre_BPre8_NStem	AdvPre_LocPre_NStem	AdvPre_LocPre_BPre8_NStem	AdvPre_LocPre_NStem
zo_ko_mnotho	BPre8_PossConc15_NStem	PossConc10_PossConc15_NStem	BPre8_PossConc15_NStem	PossConc8_BPre15_NStem
.	Punc	Punc	Punc	Punc
E_e_n_khathi_ni	RelConc9_LocPre_BPre9_NStem_LocSuf	RelConc9_LocPre_BPre9_NStem_LocSuf	RelConc9_LocPre_BPre9_NStem_LocSuf	RelConc9_LocPre_BPre9_NStem_LocSuf
ezi_nengi	AdjPref8_AdjStem	AdjPref10_AdjStem	AdjPref8_AdjStem	AdjPref10_AdjStem
u_m_ehluko	NPrePre3_BPre3_NStem	NPrePre3_BPre3_NStem	NPrePre3_BPre3_NStem	NPrePre3_BPre3_NStem
phakathi	Adv	Adv	Adv	Adv
kwe_e_njinga	PossConc15_LocPre_BPre3_NStem	PossConc15_LocPre_NStem	PossConc15_LocPre_BPre3_NStem	PossConc15_LocPre_NStem
ne_e_nchaka	AdvPre_LocPre_BPre8_NStem	AdvPre_LocPre_NStem	AdvPre_LocPre_BPre8_NStem	AdvPre_LocPre_NStem
;	Punc	Punc	Punc	Punc
aba_sebenz_a_ko	RelConc2_VRoot_VerbTerm_RelSuf	RelConc2_VRoot_VerbTerm_RelSuf	RelConc2_VRoot_VerbTerm_RelSuf	RelConc2_VRoot_VerbTerm_RelSuf
na_ba_nga_sebenz_i_ko	AdvPre_OC2_AdvPre_VRoot_VerbTerm_RelSuf	AdvPre_BPre2_NegPre_VRoot_VerbTerm_RelSuf	AdvPre_OC2_AdvPre_VRoot_VerbTerm_RelSuf	AdvPre_OC2_NegPre_VRoot_VerbTerm_RelSuf
;	Punc	Punc	Punc	Punc
e_ma_dorobh_eni	LocPre_BPre6_NStem_LocSuf	LocPre_BPre6_NStem_LocSuf	LocPre_BPre6_NStem_LocSuf	LocPre_BPre6_NStem_LocSuf
ne_makhaya	AdvPre_NPre6_BPre6_NStem	AdvPre_NStem	AdvPre_NPre6_BPre6_NStem	AdvPre_NStem
;	Punc	Punc	Punc	Punc
aba_fund_ile_ko	RelConc2_VRoot_Perf_RelSuf	RelConc2_VRoot_Perf_RelSuf	RelConc2_VRoot_Perf_RelSuf	RelConc2_VRoot_Perf_RelSuf
na_ba_ngaka_fundi	AdvPre_OC2_NegPre_NStem	AdvPre_BPre2_NegPre_NStem	AdvPre_OC2_NegPre_NStem	AdvPre_BPre2_NegPre_NStem
ba_ne_e_njamiso	BPre2_AdvPre_LocPre_BPre9_NStem	PossConc2_AdvPre_LocPre_NStem	BPre2_AdvPre_LocPre_BPre9_NStem	PossConc2_AdvPre_LocPre_NStem
ezi_phathel_en_e	RelConc8_VRoot_ApplExt_RecipExt_Perf	RelConc10_VRoot_RecipExt_VerbTerm	RelConc8_VRoot_ApplExt_RecipExt_Perf	RelConc10_VRoot_RecipExt_VerbTerm
no_m_phakathi	AdvPre_NPrePre3_BPre3_NStem	AdvPre_BPre3_NStem	AdvPre_NPrePre3_BPre3_NStem	AdvPre_BPre3_NStem
begodu	Conj	Conj	Conj	Conj
no_ku_tjhinga	AdvPre_NPrePre15_BPre15_Intrans_VerbTerm	AdvPre_BPre15_NStem	AdvPre_NPrePre15_BPre15_Intrans_VerbTerm	AdvPre_BPre15_NStem
no_ku_tjhinga	AdvPre_NPrePre15_BPre15_Intrans_VerbTerm	AdvPre_BPre15_NStem	AdvPre_NPrePre15_BPre15_Intrans_VerbTerm	AdvPre_BPre15_NStem
oku_bu_polotiki	RelConc15_BPre14_NStem	RelConc15_BPre14_NStem	RelConc15_BPre14_NStem	RelConc15_BPre14_NStem
.	Punc	Punc	Punc	Punc
U_kwe_hluk_a	NPrePre15_BPre15_NStem	NPrePre15_BPre15_VRoot_VerbTerm	NPrePre15_BPre15_NStem	NPrePre15_BPre15_VRoot_VerbTerm
no_ku_thint_an_a	AdvPre_NPrePre15_BPre15_VRoot_VerbExt_VerbTerm	AdvPre_BPre15_VRoot_RecipExt_VerbTerm	AdvPre_NPrePre15_BPre15_VRoot_VerbExt_VerbTerm	AdvPre_BPre15_VRoot_RecipExt_VerbTerm
ka_ncani	AdjPref15_AdjStem	AdjPref15_AdjStem	AdjPref15_AdjStem	AdjPref15_AdjStem
ne_mi_kghwa	AdvPre_NPrePre4_BPre4_NStem	AdvPre_BPre4_NStem	AdvPre_NPrePre4_BPre4_NStem	AdvPre_BPre4_NStem
e_phathel_en_e	RelConc4_VRoot_ApplExt_RecipExt_Perf	RelConc4_VRoot_RecipExt_Perf	RelConc4_VRoot_ApplExt_RecipExt_Perf	RelConc4_VRoot_RecipExt_Perf
no_m_zimba	AdvPre_NPre3_BPre3_NStem	AdvPre_BPre3_NStem	AdvPre_NPre3_BPre3_NStem	AdvPre_BPre3_NStem
oku_nga_thi	RelConc15_AdvPre_NStem	RelConc15_AdvPre_NStem	RelConc15_AdvPre_NStem	RelConc15_AdvPre_NStem
nga_yo	AdvPre_PronStem9	AdvPre_PronStem9	AdvPre_PronStem9	AdvPre_PronStem9
u_mu_ntu	NPrePre1_BPre1_NStem	NPrePre1_BPre1_NStem	NPrePre1_BPre1_NStem	NPrePre1_BPre1_NStem
nga_mu_nye	AdvPre_EnumConc1_EnumStem	AdvPre_EnumConc1_EnumStem	AdvPre_EnumConc1_EnumStem	AdvPre_EnumConc1_EnumStem
abeleth_w_e	RelConc2_VRoot_PassExt_VerbTerm	VRoot_PassExt_VerbTerm	RelConc2_VRoot_PassExt_VerbTerm	VRoot_PassExt_VerbTerm
begodu	Conj	Conj	Conj	Conj
no_ku_phath_w_a	AdvPre_NPrePre15_BPre15_VRoot_PassExt_VerbTerm	AdvPre_BPre15_VRoot_PassExt_VerbTerm	AdvPre_NPrePre15_BPre15_VRoot_PassExt_VerbTerm	AdvPre_BPre15_VRoot_PassExt_VerbTerm
ko_ku_hlukana	PossConc15_OC15_VRoot_RecipExt_VerbTerm	PossConc15_BPre15_NStem	PossConc15_OC15_VRoot_RecipExt_VerbTerm	PossConc15_BPre15_NStem
oku_phumelel_a_ko	RelConc15_VRoot_VerbTerm_RelSuf	RelConc15_VRoot_VerbTerm_RelSuf	RelConc15_VRoot_VerbTerm_RelSuf	RelConc15_VRoot_VerbTerm_RelSuf
ku_zaku_tlhogeka	BPre15_Fut_NStem	BPre15_Fut_NStem	BPre15_Fut_NStem	BPre15_Fut_NStem
i_tjhejo	NPrePre5_NStem	NPrePre4_NStem	NPrePre5_NStem	NPrePre4_NStem
eli_dzimelel_e	RelConc5_Intrans_VerbTerm	RelConc5_Intrans_VerbTerm	RelConc5_Intrans_VerbTerm	RelConc5_Intrans_VerbTerm
e_n_dlel_eni	LocPre_NPrePre9_BPre9_NStem_LocSuf	LocPre_BPre9_NStem_LocSuf	LocPre_NPrePre9_BPre9_NStem_LocSuf	LocPre_BPre9_NStem_LocSuf
ya_ma_lungelo	PossConc9_NPre6_BPre6_NStem	PossConc9_BPre6_NStem	PossConc9_NPre6_BPre6_NStem	PossConc9_BPre6_NStem
wo_bu_ntu	PossConc3_NPrePre14_BPre14_NStem	PossConc3_BPre14_NStem	PossConc3_NPrePre14_BPre14_NStem	PossConc3_BPre14_NStem
.	Punc	Punc	Punc	Punc
U_MASIPALA	NPrePre1a_NStem	NPrePre1a_NStem	NPrePre1a_NStem	NPrePre1a_NStem
NGA_MU_NYE	AdvPre_EnumConc1_EnumStem	AdvPre_EnumConc1_EnumStem	AdvPre_EnumConc1_EnumStem	AdvPre_EnumConc1_EnumStem
NGO_KO_M_THETHO	AdvPre_NPrePre15_BPre15_BPre3_NStem	AdvPre_BPre15_BPre3_NStem	AdvPre_NPrePre15_BPre15_BPre3_NStem	AdvPre_BPre15_BPre3_NStem
KU_TLHOGEKA	BPre15_NStem	BPre15_NStem	BPre15_NStem	BPre15_NStem
BONA	AbsPron2	AbsPron2	AbsPron2	AbsPron2
U_THUTHUK_IS_E	NPrePre1a_NStem	SC3_VRoot_CausExt_VerbTerm	NPrePre1a_NStem	SC3_VRoot_CausExt_VerbTerm
I_KAMBISO	NPrePre9_NStem	NPrePre9_NStem	NPrePre9_NStem	NPrePre9_NStem
YO_KU_HLOL_A	PossConc9_BPre15_VRoot_VerbTerm	PossConc9_BPre15_VRoot_VerbTerm	PossConc9_BPre15_VRoot_VerbTerm	PossConc9_BPre15_VRoot_VerbTerm
U_M_SEBENZI	NPrePre3_BPre3_NStem	NPrePre3_BPre3_NStem	NPrePre3_BPre3_NStem	NPrePre3_BPre3_NStem
(	Punc	Punc	Punc	Punc
I__P_MS	NPrePre9_Abbr	NPrePre9_Abbr_Abbr	NPrePre9_Abbr	BPre9_Abbr_Abbr
)	Punc	Punc	Punc	Punc
E_ZA_KW_ENZ_A	RelConc4_BPre15_VRoot_VerbTerm	SC9_Fut_BPre15_VRoot_VerbTerm	RelConc4_BPre15_VRoot_VerbTerm	RelConc9_Fut_BPre15_VRoot_VerbTerm
NGCONO	Adv	NStem	Adv	NStem
U_KU_HLELEKA	NPrePre15_BPre15_NStem	NPrePre15_BPre15_NStem	NPrePre15_BPre15_NStem	NPrePre15_BPre15_NStem
NO_KU_SEBENZ_A	AdvPre_NPrePre15_BPre15_VRoot_VerbTerm	AdvPre_BPre15_VRoot_VerbTerm	AdvPre_NPrePre15_BPre15_VRoot_VerbTerm	AdvPre_BPre15_VRoot_VerbTerm
KU_HLE	AdjPref15_AdjStem	AdjPref15_AdjStem	AdjPref15_AdjStem	AdjPref15_AdjStem
KWE_HLANGANO	PossConc15_NStem	PossConc15_NStem	PossConc15_NStem	PossConc15_NStem
,	Punc	Punc	Punc	Punc
U_KU_ZI_PHENDUL_EL_A	NPrePre15_BPre15_OC10_VRoot_ApplExt_VerbTerm	NPrePre15_BPre15_OC10_VRoot_ApplExt_VerbTerm	NPrePre15_BPre15_OC10_VRoot_ApplExt_VerbTerm	NPrePre15_BPre15_OC10_VRoot_ApplExt_VerbTerm
mayelana	NStem	NStem	NStem	NStem
NO_KU_SETJENZISWA	AdvPre_NPrePre15_BPre15_Intrans_VerbTerm	AdvPre_BPre15_NStem	AdvPre_NPrePre15_BPre15_Intrans_VerbTerm	AdvPre_BPre15_NStem
KWE_ENSETJENZISWA	PossConc15_LocPre_BPre3_NStem	PossConc15_NStem	PossConc15_LocPre_BPre3_NStem	PossConc15_NStem
ZA_KA_MASIPALA	PossConc8_PossKA_NStem	PossConc10_PossKA_NStem	PossConc8_PossKA_NStem	PossConc10_PossKA_NStem
BE_SE	SC2_VRoot_VerbTerm	PossConc14_NStem	SC2_VRoot_VerbTerm	PossConc2_NStem
KU_VE_ZW_A	OC15_VRoot_VerbTerm	SC15_AdvPre_VRoot_VerbTerm	OC15_VRoot_VerbTerm	SC15_OC3_VRoot_VerbTerm
U_KU_ZUZWA	NPrePre15_BPre15_NStem	NPrePre15_BPre15_NStem	NPrePre15_BPre15_NStem	NPrePre15_BPre15_NStem
KWE_MI_PHUMELA	PossConc15_BPre4_NStem	PossConc15_BPre4_NStem	PossConc15_BPre4_NStem	PossConc15_BPre4_NStem
.	Punc	Punc	Punc	Punc
I__P_MS	NPrePre9_Abbr	NPrePre9_Abbr_Abbr	NPrePre9_Abbr	BPre9_Abbr_NStem
OKHU_NYE	RelConc4_EnumStem	AdjStem	RelConc4_EnumStem	RelConc15_AdjStem
GODU	Ideoph	Ideoph	Ideoph	Ideoph
I_YA_KGHON_A	BPre4_Pres_NStem	SC4_Pres_VRoot_VerbTerm	BPre4_Pres_NStem	SC4_Pres_VRoot_VerbTerm
U_KU_SEBENZ_A	NPrePre15_BPre15_NStem	NPrePre15_BPre15_VRoot_VerbTerm	NPrePre15_BPre15_NStem	NPrePre15_BPre15_VRoot_VerbTerm
NJENGEN_DLELA	AdvPre_NPrePre9_BPre9_NStem	AdvPre_NStem	AdvPre_NPrePre9_BPre9_NStem	AdvPre_NStem
YESI_YELELISO	PossConc9_NStem	RelConc8_NStem	PossConc9_NStem	RelConc8_NStem
ESI_MSINYA	RelConc7_NStem	RelConc8_NStem	RelConc7_NStem	RelConc8_NStem
NJENG_OM_BANA	AdvPre_AdjPref1_AdjStem	AdvPre_AdjPref1_AdjStem	AdvPre_AdjPref1_AdjStem	AdvPre_AdjPref1_AdjStem
I_VE_ZA	NPrePre4_NStem	NPrePre4_NStem_NStem	NPrePre4_NStem	NPrePre4_BPre4_NStem
U_KU_NGA_SEBENZI	NPrePre15_BPre15_NStem	NPrePre15_BPre15_CopPre_NStem	NPrePre15_BPre15_NStem	NPrePre15_BPre15_NegPre_NStem
NANYANA	Conj	Conj	Conj	Conj
U_KU_SEBENZ_A	NPrePre15_BPre15_NStem	NPrePre15_BPre15_VRoot_VerbTerm	NPrePre15_BPre15_NStem	NPrePre15_BPre15_VRoot_VerbTerm
NGO_KU_NGA_S_I	AdvPre_BPre15_NStem	AdvPre_BPre15_NegPre_VRoot_VerbTerm	AdvPre_BPre15_NStem	AdvPre_BPre15_NegPre_VRoot_VerbTerm
S_EZI_NGENI	PossConc7_LocPre_NStem	PreLoc-s_RelConc8_LocSuf	PossConc7_LocPre_NStem	PossConc7_RelConc8_NStem
ELI_FAN_ELEKO	RelConc5_VRoot_ApplExt_VerbTerm_RelSuf	RelConc5_NStem_VerbExt	RelConc5_VRoot_ApplExt_VerbTerm_RelSuf	RelConc5_NStem_NStem
,	Punc	Punc	Punc	Punc
NGI_KHO	CopPre_NStem	BPre15_NStem	CopPre_NStem	BPre15_NStem
NJE	Adv	Adv	Adv	Adv
KU_VU_NYELWA	OC15_VRoot_PassExt_VerbTerm	BPre15_BPre14_NStem	OC15_VRoot_PassExt_VerbTerm	BPre15_OC3_NStem
U_KU_NGENA	NPrePre15_BPre15_NStem	NPrePre15_BPre15_NStem	NPrePre15_BPre15_NStem	NPrePre15_BPre15_NStem
HLANGAN_A	VRoot_VerbTerm	VRoot_VerbTerm	VRoot_VerbTerm	VRoot_VerbTerm
OKU_FAN_ELEKO	RelConc15_VRoot_ApplExt_VerbTerm_RelSuf	RelConc15_NStem_IntensExt	RelConc15_VRoot_ApplExt_VerbTerm_RelSuf	RelConc15_VRoot_NStem
mayelana	NStem	NStem	NStem	NStem
NO_KW_ENZ_A	AdvPre_NPrePre15_BPre15_VRoot_VerbTerm	AdvPre_BPre15_VRoot_VerbTerm	AdvPre_NPrePre15_BPre15_VRoot_VerbTerm	AdvPre_BPre15_VRoot_VerbTerm
NGCONO	NStem	NStem	NStem	NStem
.	Punc	Punc	Punc	Punc
Munye	AdjPref1_AdjStem	ProperName	AdjPref1_AdjStem	NStem
we_mi_nqopho	PossConc3_BPre4_NStem	PossConc3_BPre4_NStem	PossConc3_BPre4_NStem	PossConc3_BPre4_NStem
ka_rhulumende	PossConc4_NStem	PossKA_NStem	PossConc4_NStem	PossKA_NStem
be_ku_ku_dlulisela	SC2_OC15_Fut_VRoot_VerbTerm	PossConc2_BPre15_BPre15_NStem	SC2_OC15_Fut_VRoot_VerbTerm	PossConc2_BPre15_BPre15_NStem
u_m_sebenzi	NPrePre3_BPre3_NStem	NPrePre3_BPre3_NStem	NPrePre3_BPre3_NStem	NPrePre3_BPre3_NStem
mayelana	NStem	NStem	NStem	NStem
no_kw_enz_iw_a	AdvPre_NPrePre15_BPre15_VRoot_PassExt_VerbTerm	AdvPre_BPre15_VRoot_PassExt_VerbTerm	AdvPre_NPrePre15_BPre15_VRoot_PassExt_VerbTerm	AdvPre_BPre15_VRoot_PassExt_VerbTerm
ko_m_sebenzi	PossConc15_NPrePre3_BPre3_NStem	PossConc15_BPre3_NStem	PossConc15_NPrePre3_BPre3_NStem	PossConc15_BPre3_NStem
u_suk_e	BPre3_NStem	SC3_VRoot_VerbTerm	BPre3_NStem	SC2_VRoot_VerbTerm
ku_rhulumende	PossConc1a_NStem	BPre15_NStem	PossConc1a_NStem	BPre15_NStem
we_li_zwe	PossConc1a_NPrePre5_BPre5_NStem	PossConc1_BPre5_NStem	PossConc1a_NPrePre5_BPre5_NStem	PossConc1_BPre5_NStem
u_y_e	SC2_VRoot_VerbTerm	SC2_VRoot_VerbTerm	SC2_VRoot_VerbTerm	SC2_VRoot_VerbTerm
ku_rhulumende	PossConc1a_NStem	BPre15_NStem	PossConc1a_NStem	BPre15_NStem
wa_ma_phrovinsi	PossConc1a_BPre6_NStem	PossConc1a_BPre6_NStem	PossConc1a_BPre6_NStem	PossConc1a_BPre6_NStem
ne_e_m_phathiswa	AdvPre_LocPre_BPre3_NStem	AdvPre_LocPre_BPre3_NStem	AdvPre_LocPre_BPre3_NStem	AdvPre_LocPre_BPre3_NStem
ze_ndawo	PossConc8_NStem	PossConc8_NStem	PossConc8_NStem	PossConc8_NStem
.	Punc	Punc	Punc	Punc
U_kw_enz_iw_a	NPrePre15_BPre15_VRoot_PassExt_VerbTerm	NPrePre15_BPre15_VRoot_PassExt_VerbTerm	NPrePre15_BPre15_VRoot_PassExt_VerbTerm	NPrePre15_BPre15_VRoot_PassExt_VerbTerm
ko_m_sebenzi	PossConc15_NPrePre3_BPre3_NStem	PossConc15_BPre3_NStem	PossConc15_NPrePre3_BPre3_NStem	PossConc15_BPre3_NStem
ku_fan_el_e	OC15_VRoot_ApplExt_VerbTerm	OC15_VRoot_ApplExt_VerbTerm	OC15_VRoot_ApplExt_VerbTerm	OC15_VRoot_ApplExt_VerbTerm
ku_b_e	OC15_VRoot_VerbTerm	SC15_VRoot_VerbTerm	OC15_VRoot_VerbTerm	OC15_VRoot_VerbTerm
se_zandl_eni	PossConc7_LocPre_NStem	PossConc7_NStem_LocSuf	PossConc7_LocPre_NStem	PossConc7_NStem_LocSuf
za_labo	SC10_Dem10_Pos1	PossConc10_NStem	SC10_Dem10_Pos1	PossConc10_NStem
aba_tjhidelene	RelConc2_NStem	RelConc2_NStem	RelConc2_NStem	RelConc2_NStem
aba_tjhidelene	RelConc2_NStem	RelConc2_NStem	RelConc2_NStem	RelConc2_NStem
na_b_enz_el_w_a	AdvPre_SC2_VRoot_ApplExt_PassExt_VerbTerm	AdvPre_SC2_VRoot_ApplExt_PassExt_VerbTerm	AdvPre_SC2_VRoot_ApplExt_PassExt_VerbTerm	AdvPre_SC2_VRoot_ApplExt_PassExt_VerbTerm
u_m_sebenzi	NPrePre3_BPre3_NStem	NPrePre3_BPre3_NStem	NPrePre3_BPre3_NStem	NPrePre3_BPre3_NStem
ku_no_rhulumende	BPre15_AdvPre_NStem	BPre15_AdvPre_NStem	BPre15_AdvPre_NStem	BPre15_AdvPre_NStem
o_phakathi	RelConc3_Adv	RelConc3_Adv	RelConc3_Adv	RelConc3_Adv
,	Punc	Punc	Punc	Punc
i_si_w_e	SC9_OC7_VRoot_VerbTerm	SC4_OC7_VRoot_VerbTerm	SC9_OC7_VRoot_VerbTerm	SC9_OC7_VRoot_VerbTerm
ku_de	AdjPref15_AdjStem	AdjPref15_AdjStem	AdjPref15_AdjStem	AdjPref15_AdjStem
u_ku_suk_a	SC15_VRoot_VerbTerm	NPrePre15_BPre15_VRoot_VerbTerm	SC15_VRoot_VerbTerm	NPrePre15_BPre15_VRoot_VerbTerm
ki_lokho	AdvPre_Dem15_Pos2	PossConc9	AdvPre_Dem15_Pos2	PossConc9
oku_melwe	SC15_VRoot_PassExt_VerbTerm	RelConc15_NStem	SC15_VRoot_PassExt_VerbTerm	RelConc15_NStem
'	Punc	Punc	Punc	Punc
ku_thonywe	BPre15_NStem	BPre15_NStem	BPre15_NStem	BPre17_NStem
nga_kho	AdvPre_PronStem15	AdvPre_PronStem15	AdvPre_PronStem15	AdvPre_PronStem15
'	Punc	Punc	Punc	Punc
.	Punc	Punc	Punc	Punc
Ku_fan_el_e	OC15_VRoot_ApplExt_VerbTerm	OC15_VRoot_ApplExt_VerbTerm	OC15_VRoot_ApplExt_VerbTerm	OC15_VRoot_ApplExt_VerbTerm
nany_an_a	Conj	VRoot_RecipExt_VerbTerm	Conj	VRoot_RecipExt_VerbTerm
ku_njalo	SC15_Adv	SC15_Adv	SC15_Adv	SC15_Adv
u_wele	NPrePre1a_NStem	NPrePre1a_NStem	NPrePre1a_NStem	NPrePre1a_NStem
hlangan_a	VRoot_VerbTerm	VRoot_VerbTerm	VRoot_VerbTerm	VRoot_VerbTerm
ne_mi_gomo	AdvPre_NPrePre4_BPre4_NStem	AdvPre_BPre4_NStem	AdvPre_NPrePre4_BPre4_NStem	AdvPre_BPre4_NStem
eli_tlhatlha	RelConc4_Intrans_VerbTerm	RelConc5_NStem	RelConc4_Intrans_VerbTerm	RelConc5_NStem
ye_li_zwe	PossConc4_NPrePre5_BPre5_NStem	PossConc4_BPre5_NStem	PossConc4_NPrePre5_BPre5_NStem	PossConc4_BPre5_NStem
e_thuthuk_is_w_e	RelConc4_VRoot_CausExt_PassExt_VerbTerm	SC4_VRoot_CausExt_PassExt_VerbTerm	RelConc4_VRoot_CausExt_PassExt_VerbTerm	RelConc9_VRoot_CausExt_PassExt_VerbTerm
mi_nyango	BPre4_NStem	BPre4_NStem	BPre4_NStem	BPre4_NStem
ka_rhulumende	PossConc4_NStem	PossKA_NStem	PossConc4_NStem	PossConc4_NStem
we_li_zwe	PossConc1a_NPrePre5_BPre5_NStem	PossConc1_BPre5_NStem	PossConc1a_NPrePre5_BPre5_NStem	PossConc1_BPre5_NStem
e_fanele_ko	RelConc9_NStem_RelSuf	RelConc9_NStem_RelSuf	RelConc9_NStem_RelSuf	RelConc9_NStem_RelSuf
.	Punc	Punc	Punc	Punc
U_m_leyo	NPrePre1_BPre1_NStem	NPrePre3_BPre3_NStem	NPrePre1_BPre1_NStem	NPrePre3_BPre3_NStem
wo_m_thethosisekelo	PossConc6_BPre3_NStem	PossConc3_BPre3_NStem	PossConc6_BPre3_NStem	PossConc3_BPre3_NStem
u_vumela	SC1_VRoot_VerbTerm	NPrePre1a_NStem	SC1_VRoot_VerbTerm	NPrePre1a_NStem
u_ku_hlukanis_a	NPrePre15_BPre15_NStem	NPrePre15_BPre15_VRoot_VerbTerm	NPrePre15_BPre15_NStem	NPrePre15_BPre15_VRoot_VerbTerm
e_kw_ab_eni	LocPre_NPrePre15_BPre15_VRoot_LocSuf	LocPre_BPre15_VRoot_LocSuf	LocPre_NPrePre15_BPre15_VRoot_LocSuf	LocPre_BPre15_NStem_LocSuf
a_ma_ndla	RelConc6_RelStem	NPrePre6_BPre6_NStem	RelConc6_RelStem	NPrePre6_BPre6_NStem
ne_mi_sebenzi	AdvPre_NPrePre4_BPre4_NStem	AdvPre_BPre4_NStem	AdvPre_NPrePre4_BPre4_NStem	AdvPre_BPre4_NStem
,	Punc	Punc	Punc	Punc
begodu	Conj	Conj	Conj	Conj
lokhu	Dem15_Pos1		Dem15_Pos1	
ku_fan_el_e	OC15_VRoot_ApplExt_VerbTerm	OC15_VRoot_ApplExt_VerbTerm	OC15_VRoot_ApplExt_VerbTerm	OC15_VRoot_ApplExt_VerbTerm
ku_setjenziswe	BPre15_NStem	BPre15_NStem	BPre15_NStem	BPre15_NStem
u_ku_qinis_ek_is_a	NPrePre15_BPre15_VRoot_NeutExt_CausExt_VerbTerm	NPrePre15_BPre15_VRoot_NeutExt_CausExt_VerbTerm	NPrePre15_BPre15_VRoot_NeutExt_CausExt_VerbTerm	NPrePre15_BPre15_VRoot_NeutExt_CausExt_VerbTerm
bo_nyana	BPre2_NStem	BPre2_NStem	BPre2_NStem	BPre2_NStem
ku_b_a	BPre15_VRoot_VerbTerm	BPre15_VRoot_VerbTerm	BPre15_VRoot_VerbTerm	BPre15_VRoot_VerbTerm
khona	PronStem15_PronSuf	Conj	PronStem15_PronSuf	Conj
u_ku_khambel_an_a	NPrePre15_BPre15_NStem	NPrePre15_BPre15_VRoot_RecipExt_VerbTerm	NPrePre15_BPre15_NStem	NPrePre15_BPre15_VRoot_RecipExt_VerbTerm
phakathi	Adv	Adv	Adv	Adv
kwa_ma_kghono	PossConc15_BPre15_NStem	PossConc15_BPre15_NStem	PossConc15_BPre15_NStem	PossConc15_BPre6_NStem
ne_e_m_bopho	AdvPre_LocPre_BPre3_NStem	AdvPre_LocPre_BPre3_NStem	AdvPre_LocPre_BPre3_NStem	AdvPre_LocPre_BPre3_NStem
ze_emfunda	PossConc8_LocPre_BPre3_NStem	Pres_NStem	PossConc8_LocPre_BPre3_NStem	Pres_NStem
na_bo_masipala	AdvPre_PossConc2_NStem	AdvPre_PossConc2_NStem	AdvPre_PossConc2_NStem	AdvPre_PossConc2_NStem
.	Punc	Punc	Punc	Punc
I_rherho	NPrePre4_NStem	NPrePre4_NStem	NPrePre4_NStem	NPrePre4_NStem
eli_khona	RelConc5_Adv	RelConc5_Adv	RelConc5_Adv	RelConc5_Adv
li_ng_enz_iw_a	SC5_AdvPre_VRoot_PassExt_VerbTerm	SC5_Pot_VRoot_PassExt_VerbTerm	SC5_AdvPre_VRoot_PassExt_VerbTerm	SC5_Pot_VRoot_PassExt_VerbTerm
ngcono	NStem	NStem	NStem	NStem
,	Punc	Punc	Punc	Punc
ngo_ku_hlathululwa	AdvPre_NStem	AdvPre_BPre15_NStem	AdvPre_NStem	AdvPre_BPre15_NStem
kwe_e_m_bopho	PossConc15_LocPre_BPre3_NStem	PossConc15_LocPre_BPre3_NStem	PossConc15_LocPre_BPre3_NStem	PossConc15_LocPre_BPre3_NStem
zo_m_khakha	PossConc8_NPrePre3_BPre3_NStem	PossConc8_BPre3_NStem	PossConc8_NPrePre3_BPre3_NStem	PossConc8_BPre3_NStem
wo_kw_akh_iw_a	PossConc1a_NPrePre15_BPre15_VRoot_PassExt_VerbTerm	PossConc1a_BPre15_VRoot_PassExt_VerbTerm	PossConc1a_NPrePre15_BPre15_VRoot_PassExt_VerbTerm	PossConc3_BPre15_VRoot_PassExt_VerbTerm
kwe_zi_ndlu	PossConc15_NPrePre10_BPre10_NStem	PossConc15_BPre10_NStem	PossConc15_NPrePre10_BPre10_NStem	PossConc15_BPre10_NStem
,	Punc	Punc	Punc	Punc
wa_manzi	PossConc3_NPrePre6_NStem	PossConc1a_NStem	PossConc3_NPrePre6_NStem	PossConc6_NStem
,	Punc	Punc	Punc	Punc
w_e_hlwengiso	PossConc3_LocPre_NStem	PossConc6_LocPre_NStem	PossConc3_LocPre_NStem	PossConc3_LocPre_NStem
,	Punc	Punc	Punc	Punc
w_e_gezi	PossConc1a_LocPre_NStem	PossConc6_LocPre_NStem	PossConc1a_LocPre_NStem	PossConc6_LocPre_NStem
ne_e_n_thuthi	AdvPre_LocPre_BPre9_NStem	AdvPre_LocPre_BPre9_NStem	AdvPre_LocPre_BPre9_NStem	AdvPre_LocPre_BPre9_NStem
zo_m_phakathi	PossConc8_NPrePre3_BPre3_NStem	PossConc8_BPre3_NStem	PossConc8_NPrePre3_BPre3_NStem	PossConc8_BPre3_NStem
.	Punc	Punc	Punc	Punc
A_ma_dorobha	NPrePre6_BPre6_NStem	NPrePre6_BPre6_NStem	NPrePre6_BPre6_NStem	NPrePre6_BPre6_NStem
a_ma_khulu	AdjPref6_AdjStem	NPrePre6_BPre6_NStem	AdjPref6_AdjStem	NPrePre6_BPre6_NStem
ku_fan_el_e	OC15_VRoot_ApplExt_VerbTerm	OC15_VRoot_ApplExt_VerbTerm	OC15_VRoot_ApplExt_VerbTerm	OC15_VRoot_ApplExt_VerbTerm
a_nik_el_w_e	SC6_VRoot_ApplExt_PassExt_VerbTerm	RelConc6_VRoot_ApplExt_PassExt_VerbTerm	SC6_VRoot_ApplExt_PassExt_VerbTerm	SC6_VRoot_ApplExt_PassExt_VerbTerm
i_mali	NPrePre9_NStem	NPrePre9_NStem	NPrePre9_NStem	NPrePre9_NStem
e_neng_an_a	RelConc9_VRoot_RecipExt_VerbTerm	RelConc4_VRoot_RecipExt_VerbTerm	RelConc9_VRoot_RecipExt_VerbTerm	SC2_VRoot_RecipExt_VerbTerm
yo_ku_thuthuk_is_a	PossConc9_NPrePre15_BPre15_VRoot_CausExt_VerbTerm	PossConc9_BPre15_VRoot_CausExt_VerbTerm	PossConc9_NPrePre15_BPre15_VRoot_CausExt_VerbTerm	PossConc9_BPre15_VRoot_CausExt_VerbTerm
u_m_phakathi	NPrePre3_BPre3_NStem	NPrePre3_BPre3_NStem	NPrePre3_BPre3_NStem	NPrePre3_BPre3_NStem
ka_nye	AdvPre_AdjStem	AdvPre_AdjStem	AdvPre_AdjStem	AdvPre_AdjStem
na_mandla	AdvPre_RelStem	AdvPre_RelStem	AdvPre_RelStem	AdvPre_RelStem
w_e_polotiki	PossConc1_LocPre_NStem	PossConc1_LocPre_NStem	PossConc1_LocPre_NStem	PossConc1_LocPre_NStem
u_ku_hlangan_is_a	NPrePre15_BPre15_VRoot_CausExt_VerbTerm	NPrePre15_BPre15_VRoot_CausExt_VerbTerm	NPrePre15_BPre15_VRoot_CausExt_VerbTerm	NPrePre15_BPre15_VRoot_CausExt_VerbTerm
u_kw_enz_iw_a	NPrePre15_BPre15_VRoot_PassExt_VerbTerm	NPrePre15_BPre15_VRoot_PassExt_VerbTerm	NPrePre15_BPre15_VRoot_PassExt_VerbTerm	NPrePre15_BPre15_VRoot_PassExt_VerbTerm
ngcono	NStem	NStem	NStem	NStem
ko_ku_hlaliswa	PossConc15_NPrePre15_BPre15_VRoot_PassExt_VerbTerm	PossConc15_BPre15_NStem	PossConc15_NPrePre15_BPre15_VRoot_PassExt_VerbTerm	PossConc15_BPre15_NStem
kwa_ba_ntu	PossConc15_NPrePre2_BPre2_NStem	PossConc15_BPre2_NStem	PossConc15_NPrePre2_BPre2_NStem	PossConc15_BPre2_NStem
,	Punc	Punc	Punc	Punc
ko_m_tlamo	PossConc15_NPrePre3_BPre3_NStem	PossConc15_BPre3_NStem	PossConc15_NPrePre3_BPre3_NStem	PossConc15_BPre3_NStem
we_en_thuthi	PossConc6_LocPre_BPre9_NStem	PossConc3_BPre9_NStem	PossConc6_LocPre_BPre9_NStem	PossConc6_BPre9_NStem
no_ku_hlaliswa	AdvPre_NPrePre15_BPre15_Intrans_VerbTerm	AdvPre_BPre15_NStem	AdvPre_NPrePre15_BPre15_Intrans_VerbTerm	AdvPre_BPre15_NStem
kwa_ba_ntu	PossConc15_NPrePre2_BPre2_NStem	PossConc15_BPre2_NStem	PossConc15_NPrePre2_BPre2_NStem	PossConc15_BPre2_NStem
e_en_daw_eni	RelConc9_LocPre_BPre9_NStem_LocSuf	LocPre_BPre9_NStem_LocSuf	RelConc9_LocPre_BPre9_NStem_LocSuf	LocPre_BPre9_NStem_LocSuf
ezi_lungele	RelConc8_VRoot_VerbTerm	RelConc10_NStem	RelConc8_VRoot_VerbTerm	RelConc8_NStem
u_ku_hlal_a	NPrePre15_BPre15_VRoot_VerbTerm	NPrePre15_BPre15_VRoot_VerbTerm	NPrePre15_BPre15_VRoot_VerbTerm	NPrePre15_BPre15_VRoot_VerbTerm
.	Punc	Punc	Punc	Punc
Kwe_mi_nye	PossConc15_BPre4_AdjStem	PossConc15_BPre4_EnumStem	PossConc15_BPre4_AdjStem	PossConc15_BPre4_EnumStem
i_mi_khakha	NPrePre4_BPre4_NStem	NPrePre4_BPre4_NStem	NPrePre4_BPre4_NStem	NPrePre4_BPre4_NStem
,	Punc	Punc	Punc	Punc
i_insiz_a	NPrePre8_BPre8_NStem	NPrePre4_VRoot_VerbTerm	NPrePre8_BPre8_NStem	SC9_VRoot_VerbTerm
ze_e_mphande	PossConc8_LocPre_BPre3_NStem	BPre8_LocPre_NStem	PossConc8_LocPre_BPre3_NStem	PossConc8_LocPre_NStem
zi_nga_leth_a	SC10_Pot_VRoot_VerbTerm	SC8_Pot_VRoot_VerbTerm	SC10_Pot_VRoot_VerbTerm	SC8_AdvPre_VRoot_VerbTerm
i_si_zo	NPrePre7_BPre7_PronStem8	NPrePre7_BPre7_NStem	NPrePre7_BPre7_PronStem8	NPrePre7_BPre7_NStem
esi_khundle_ni	RelConc7_NStem_LocSuf	RelConc7_NStem_LocSuf	RelConc7_NStem_LocSuf	RelConc7_NStem_LocSuf
sa_bo_masipala	PossConc7_BPre2_NStem	PossConc7_BPre2_NStem	PossConc7_BPre2_NStem	PossConc7_BPre2_NStem
aba_ne_mi_thombo	RelConc2_AdvPre_NPrePre4_BPre4_NStem	RelConc2_AdvPre_BPre4_NStem	RelConc2_AdvPre_NPrePre4_BPre4_NStem	RelConc2_AdvPre_BPre4_NStem
e_nga_ne_liko	LocPre_AdvPre_AdvPre_NStem	LocPre_AdvPre_AdvPre_NStem	LocPre_AdvPre_AdvPre_NStem	LocPre_AdvPre_AdvPre_NStem
,	Punc	Punc	Punc	Punc
kodwana	Conj	Conj	Conj	Conj
lokhu	Dem15_Pos1		Dem15_Pos1	
ku_fan_el_e	OC15_VRoot_ApplExt_VerbTerm	OC15_VRoot_ApplExt_VerbTerm	OC15_VRoot_ApplExt_VerbTerm	OC15_VRoot_ApplExt_VerbTerm
ku_rhol_w_e	BPre15_NStem	SC15_VRoot_PassExt_VerbTerm	BPre15_NStem	SC15_VRoot_PassExt_VerbTerm
bo_masipala	NPrePre2a_NStem	NPrePre2a_NStem	NPrePre2a_NStem	NPrePre2a_NStem
u_ku_balekel_a	NPrePre15_BPre15_VRoot_VerbTerm	NPrePre15_BPre15_VRoot_VerbTerm	NPrePre15_BPre15_VRoot_VerbTerm	NPrePre15_BPre15_VRoot_VerbTerm
u_kweqiswa	NPrePre1a_NStem	NPrePre1a_NStem	NPrePre1a_NStem	NPrePre1a_NStem
kwa_me_hlo	PossConc15_NStem	PossConc15_BPre6_NStem	PossConc15_NStem	PossConc15_BPre6_NStem
kwe_n_daba	PossConc15_NPrePre9_BPre9_NStem	PossConc15_BPre9_NStem	PossConc15_NPrePre9_BPre9_NStem	PossConc15_BPre9_NStem
yo_ku_zi_phendul_el_a	PossConc9_BPre15_ReflPre_VRoot_ApplExt_VerbTerm	PossConc9_BPre15_ReflPre_VRoot_ApplExt_VerbTerm	PossConc9_BPre15_ReflPre_VRoot_ApplExt_VerbTerm	PossConc9_BPre15_ReflPre_VRoot_ApplExt_VerbTerm
mayelana	NStem	NStem	NStem	NStem
no_kw_enz_iw_a	AdvPre_NPrePre15_BPre15_VRoot_PassExt_VerbTerm	AdvPre_BPre15_VRoot_PassExt_VerbTerm	AdvPre_NPrePre15_BPre15_VRoot_PassExt_VerbTerm	AdvPre_BPre15_VRoot_PassExt_VerbTerm
kwe_mi_sebenzi	PossConc15_NPrePre4_BPre4_NStem	PossConc15_BPre4_NStem	PossConc15_NPrePre4_BPre4_NStem	PossConc15_BPre4_NStem
.	Punc	Punc	Punc	Punc
Ngo_nobangela	AdvPre_NPre1a_NStem	AdvPre_NStem	AdvPre_NPre1a_NStem	AdvPre_NStem
we_si_khathi	PossConc1a_NPrePre7_BPre7_NStem	PossConc3_BPre7_NStem	PossConc1a_NPrePre7_BPre7_NStem	PossConc3_BPre7_NStem
a_ma_para	NPrePre6_BPre6_NStem	NPrePre6_BPre6_NStem	NPrePre6_BPre6_NStem	NPrePre6_BPre6_NStem
a_nga_nikel_w_a	SC6_Pot_VRoot_PassExt_VerbTerm	SC6_Pot_VRoot_PassExt_VerbTerm	SC6_Pot_VRoot_PassExt_VerbTerm	SC6_Pot_VRoot_PassExt_VerbTerm
i_n_datjana	NPrePre9_BPre9_NStem	NPrePre9_BPre9_NStem	NPrePre9_BPre9_NStem	NPrePre9_BPre9_NStem
e_yo_dwa	RelConc9_QuantConc9_QuantStem	RelConc9_QuantConc9_QuantStem	RelConc9_QuantConc9_QuantStem	RelConc9_QuantConc9_QuantStem
na_mtjha_na	Conj	AdvPre_NStem_DimSuf	Conj	AdvPre_NStem_DimSuf
ezim_bili	AdjPref10_AdjStem	AdjPref10_AdjStem	AdjPref10_AdjStem	AdjPref10_AdjStem
bon_a	AbsPron2	VRoot_VerbTerm	AbsPron2	VRoot_VerbTerm
a_zi_tjhej_e	RelConc10_Intrans_VerbTerm	RelConc6_SC8_Intrans_VerbTerm	RelConc10_Intrans_VerbTerm	RelConc6_SC8_Intrans_VerbTerm
.	Punc	Punc	Punc	Punc
I__a_khredithetjhini	NPre5_NStem	NPrePre4_LocPre_NStem	NPre5_NStem	NPrePre4_LocPre_NStem
ye__ISO	PossConc4_NPre5_Abbr	PossConc9_Abbr	PossConc4_NPre5_Abbr	PossConc4_NStem
:	Punc	Punc	Punc	Punc
oku_mayelana	RelConc15_NStem	RelConc15_NStem	RelConc15_NStem	RelConc15_NStem
no_kw_enz_iw_a	AdvPre_NPrePre15_BPre15_VRoot_PassExt_VerbTerm	AdvPre_BPre15_VRoot_PassExt_VerbTerm	AdvPre_NPrePre15_BPre15_VRoot_PassExt_VerbTerm	AdvPre_BPre15_VRoot_PassExt_VerbTerm
kwe_kambiso	PossConc15_NPrePre9_NStem	PossConc15_NStem	PossConc15_NPrePre9_NStem	PossConc15_NStem
ye_li_zwe	PossConc4_NPrePre5_BPre5_NStem	PossConc4_BPre5_NStem	PossConc4_NPrePre5_BPre5_NStem	PossConc4_BPre5_NStem
lo_ke	QuantConc5_QuantStem	QuantConc11_QuantStem	QuantConc5_QuantStem	QuantConc11_QuantStem
e_gunyaziwe_ko	RelConc9_VRoot_PassExt_NeutExt_VerbTerm	LocPre_NStem_RelSuf	RelConc9_VRoot_PassExt_NeutExt_VerbTerm	LocPre_NStem_RelSuf
mayelana	NStem	NStem	NStem	NStem
ne_khwalithi	AdvPre_NPre5_NStem	AdvPre_NStem	AdvPre_NPre5_NStem	AdvPre_NStem
yo_ku_phath_a	PossConc9_NPre15_NStem	PossConc9_BPre15_VRoot_VerbTerm	PossConc9_NPre15_NStem	PossConc9_BPre15_VRoot_VerbTerm
ka_nye	AdvPre_AdjStem	AdvPre_AdjStem	AdvPre_AdjStem	AdvPre_AdjStem
no_ku_hlol_w_a	AdvPre_NPrePre15_BPre15_VRoot_PassExt_VerbTerm	AdvPre_BPre15_VRoot_PassExt_VerbTerm	AdvPre_NPrePre15_BPre15_VRoot_PassExt_VerbTerm	AdvPre_BPre15_VRoot_PassExt_VerbTerm
ko_mu_ntu	AdvPre_NPrePre1_BPre1_NStem	PossConc15_BPre1_NStem	AdvPre_NPrePre1_BPre1_NStem	PossConc15_BPre1_NStem
o_s_e_qadi	RelConc1_RelStem	RelConc3_PreLoc-s_LocPre_NStem	RelConc1_RelStem	RelConc3_PreLoc-s_LocPre_NStem
w_e_bubulo	PossConc1a_NPrePre5_BPre5_NStem	PossConc3_LocPre_NStem	PossConc1a_NPrePre5_BPre5_NStem	PossConc3_LocPre_NStem
.	Punc	Punc	Punc	Punc
I_mi_thombo	NPrePre4_BPre4_NStem	NPrePre4_BPre4_NStem	NPrePre4_BPre4_NStem	NPrePre4_BPre4_NStem
ya_nga_phandle	SC4_AdvPre_Adv	SC4_AdvPre_Adv	SC4_AdvPre_Adv	SC9_AdvPre_Adv
:	Punc	Punc	Punc	Punc
Le	Dem4_Pos1		Dem4_Pos1	
i_khiqizw_a	NPrePre4_NStem	SC4_VRoot_VerbTerm	NPrePre4_NStem	NPrePre4_VRoot_VerbTerm
nga_phandle	AdvPre_Adv	AdvPre_Adv	AdvPre_Adv	AdvPre_Adv
kwa_ka_masipala	PossConc15_PossKA_NStem	PossConc15_PossKA_NStem	PossConc15_PossKA_NStem	PossConc15_PossKA_NStem
njenge_mali	AdvPre_NStem	AdvPre_NStem	AdvPre_NStem	AdvPre_NStem
e_bolek_w_a	RelConc4_VRoot_PassExt_VerbTerm	SC9_VRoot_PassExt_VerbTerm	RelConc4_VRoot_PassExt_VerbTerm	RelConc4_VRoot_PassExt_VerbTerm
e_en_daw_eni	RelConc9_LocPre_BPre9_NStem_LocSuf	LocPre_BPre9_NStem_LocSuf	RelConc9_LocPre_BPre9_NStem_LocSuf	LocPre_BPre9_NStem_LocSuf
ezi_fan_a	RelConc10_VRoot_VerbTerm	RelConc8_VRoot_VerbTerm	RelConc10_VRoot_VerbTerm	RelConc8_VRoot_VerbTerm
ne_e_n_hlangano	AdvPre_LocPre_BPre9_NStem	AdvPre_LocPre_BPre9_NStem	AdvPre_LocPre_BPre9_NStem	AdvPre_LocPre_BPre9_NStem
za_ma_rhwebo	PossConc8_NPrePre6_BPre6_NStem	PossConc8_BPre6_NStem	PossConc8_NPrePre6_BPre6_NStem	PossConc8_BPre6_NStem
.	Punc	Punc	Punc	Punc
U_ku_lawula	NPrePre15_BPre15_NStem	NPrePre15_BPre15_NStem	NPrePre15_BPre15_NStem	NPrePre15_BPre15_NStem
i_si_khathi	NPrePre7_BPre7_NStem	NPrePre7_BPre7_NStem	NPrePre7_BPre7_NStem	NPrePre7_BPre7_NStem
:	Punc	Punc	Punc	Punc
u_ku_tjheja	NPrePre15_BPre15_NStem	NPrePre15_BPre15_NStem	NPrePre15_BPre15_NStem	NPrePre15_BPre15_NStem
i_ragelo	NPrePre5_NStem	NPrePre5_NStem	NPrePre5_NStem	NPrePre5_NStem
phambili	Adv	Adv	Adv	Adv
le_phrojekthi	BPre5_NPrePre5_NStem	NStem	BPre5_NPrePre5_NStem	NStem
begodu	Conj	Conj	Conj	Conj
no_ku_hlangan_a	AdvPre_NPrePre15_BPre15_VRoot_VerbTerm	AdvPre_BPre15_VRoot_VerbTerm	AdvPre_NPrePre15_BPre15_VRoot_VerbTerm	AdvPre_BPre15_VRoot_VerbTerm
njalo	Adv	Adv	Adv	Adv
na_ba_bambisani	SC2_BPre2_VRoot_CausExt_RecipExt_VerbTerm	AdvPre_BPre2_NStem	SC2_BPre2_VRoot_CausExt_RecipExt_VerbTerm	AdvPre_BPre2_NStem
ka_nye	AdvPre_AdjStem	AdvPre_AdjStem	AdvPre_AdjStem	AdvPre_AdjStem
na_ma_lunga	AdvPre_NPrePre6_BPre6_NStem	AdvPre_BPre6_NStem	AdvPre_NPrePre6_BPre6_NStem	AdvPre_BPre6_NStem
we_si_qhema	PossConc3_NPrePre7_BPre7_NStem	PossConc3_BPre7_NStem	PossConc3_NPrePre7_BPre7_NStem	PossConc3_BPre7_NStem
s_e_phrojekthi	PreLoc-s_LocPre_NStem	PossConc7_LocPre_NStem	PreLoc-s_LocPre_NStem	PossConc7_LocPre_NStem
u_ku_meda	NPrePre15_BPre15_NStem	NPrePre15_BPre15_NStem	NPrePre15_BPre15_NStem	NPrePre15_BPre15_NStem
no_ku_hlol_a	AdvPre_NPrePre15_BPre15_VRoot_VerbTerm	AdvPre_BPre15_VRoot_VerbTerm	AdvPre_NPrePre15_BPre15_VRoot_VerbTerm	AdvPre_BPre15_VRoot_VerbTerm
i_zi_nto	NPrePre10_BPre10_NStem	NPrePre10_BPre10_NStem	NPrePre10_BPre10_NStem	NPrePre10_BPre10_NStem
ez_enz_ek_a	RelConc10_VRoot_NeutExt_VerbTerm	RelConc8_VRoot_NeutExt_VerbTerm	RelConc10_VRoot_NeutExt_VerbTerm	RelConc8_VRoot_NeutExt_VerbTerm
nge_si_khathi	AdvPre_NPrePre7_BPre7_NStem	AdvPre_BPre7_NStem	AdvPre_NPrePre7_BPre7_NStem	AdvPre_BPre7_NStem
esi_thile	RelConc7_NStem	RelConc7_NStem	RelConc7_NStem	RelConc7_NStem
.	Punc	Punc	Punc	Punc
A_bo_nobangela	NPrePre2a_BPre2a_NStem	NPrePre2a_BPre2_NStem	NPrePre2a_BPre2a_NStem	NPrePre2a_BPre2a_NStem
aba_nengi	AdjPref2a_AdjStem	AdjPref2_AdjStem	AdjPref2a_AdjStem	AdjPref2_AdjStem
ba_nga_bangela	SC2a_OC2a_VRoot_ApplExt_VerbTerm	PossConc2_AdvPre_NStem	SC2a_OC2a_VRoot_ApplExt_VerbTerm	PossConc1a_AdvPre_NStem
i_si_khathi	NPrePre7_BPre7_NStem	NPrePre7_BPre7_NStem	NPrePre7_BPre7_NStem	NPrePre7_BPre7_NStem
s_e_phrojekthi	PossConc7_LocPre_NStem	PossConc7_LocPre_NStem	PossConc7_LocPre_NStem	PossConc7_LocPre_NStem
bon_a	AbsPron2	VRoot_VerbTerm	AbsPron2	VRoot_VerbTerm
si_tjhuguluk_e	SC7_VRoot_VerbTerm	SC7_VRoot_VerbTerm	SC7_VRoot_VerbTerm	SC7_VRoot_VerbTerm
.	Punc	Punc	Punc	Punc
Oku_samel_eko	OC15_VRoot_VerbTerm_RelSuf	RelConc15_VRoot_RelSuf	OC15_VRoot_VerbTerm_RelSuf	RelConc15_VRoot_RelSuf
ku_fan_el_e	OC15_VRoot_ApplExt_VerbTerm	OC15_VRoot_ApplExt_VerbTerm	OC15_VRoot_ApplExt_VerbTerm	OC15_VRoot_ApplExt_VerbTerm
kwa_kh_el_w_e	SC15_VRoot_ApplExt_PassExt_VerbTerm	PossConc15_VRoot_ApplExt_PassExt_VerbTerm	SC15_VRoot_ApplExt_PassExt_VerbTerm	PossConc15_VRoot_ApplExt_PassExt_VerbTerm
e_tjhejul_ini	LocPre_NStem_LocSuf	LocPre_NStem_LocSuf	LocPre_NStem_LocSuf	LocPre_NStem_LocSuf
yo_ku_thom_a	PossConc5_NPrePre15_BPre15_VRoot_VerbTerm	PossConc9_BPre15_VRoot_VerbTerm	PossConc5_NPrePre15_BPre15_VRoot_VerbTerm	PossConc9_BPre15_VRoot_VerbTerm
begodu	Conj	Conj	Conj	Conj
i_ragelo	NPrePre5_NStem	NPrePre5_NStem	NPrePre5_NStem	NPrePre5_NStem
phambili	Adv	Adv	Adv	Adv
ku_fan_el_e	OC15_VRoot_ApplExt_VerbTerm	OC15_VRoot_ApplExt_VerbTerm	OC15_VRoot_ApplExt_VerbTerm	OC15_VRoot_ApplExt_VerbTerm
li_khulunyiswe	SC5_VRoot_CausExt_PassExt_VerbTerm	BPre5_NStem	SC5_VRoot_CausExt_PassExt_VerbTerm	BPre5_NStem
ki_bo	SC1_PronStem1	LocPre_PronStem1	SC1_PronStem1	LocPre_PronStem1
bo_ke	QuantConc2_QuantStem	QuantConc2_QuantStem	QuantConc2_QuantStem	QuantConc2_QuantStem
aba_bambisani	NPrePre2_BPre2_NStem	RelConc2_NStem	NPrePre2_BPre2_NStem	RelConc2_NStem
.	Punc	Punc	Punc	Punc
I_khwalithi	NPrePre4_NStem	NPrePre4_NStem	NPrePre4_NStem	NPrePre4_NStem
ye_fundo	PossConc4_NStem	PossConc4_NStem	PossConc4_NStem	PossConc4_NStem
y_e_nengi	PossConc9_AdjPref9_AdjStem	PossConc9_AdjPref9_AdjStem	PossConc9_AdjPref9_AdjStem	PossConc9_AdjPref9_AdjStem
la_ba_ntwana	PossConc5_NPrePre2_BPre2_NStem	PossConc2_BPre2_NStem	PossConc5_NPrePre2_BPre2_NStem	PossConc5_BPre2_NStem
abanzima	RelConc2_RelStem	NStem	RelConc2_RelStem	Adv
i_ya_bogaboga	NPrePre4_Pres_NStem	NPrePre4_Pres_NStem	NPrePre4_Pres_NStem	NPrePre4_Pres_NStem
.	Punc	Punc	Punc	Punc
Lokhu	Dem15_Pos1		Dem15_Pos1	
ku_khand_el_a	OC15_VRoot_ApplExt_VerbTerm	OC15_VRoot_ApplExt_VerbTerm	OC15_VRoot_ApplExt_VerbTerm	OC15_VRoot_ApplExt_VerbTerm
i_nengi	AdjPref9_AdjStem	AdjPref9_AdjStem	AdjPref9_AdjStem	AdjPref9_AdjStem
la_ba_fundi	PossConc5_NPrePre2_BPre2_NStem	PossConc5_BPre2_NStem	PossConc5_NPrePre2_BPre2_NStem	PossConc5_BPre2_NStem
bo_nyana	BPre2_NStem	BPre2_NStem	BPre2_NStem	BPre2_NStem
li_nga_kghoni	BPre5_NegPre_NStem	BPre5_NegPre_NStem	BPre5_NegPre_NStem	BPre5_AdvPre_NStem
u_ku_fuman_a	NPrePre15_BPre15_VRoot_VerbTerm	NPrePre15_BPre15_VRoot_VerbTerm	NPrePre15_BPre15_VRoot_VerbTerm	NPrePre15_BPre15_VRoot_VerbTerm
i_mi_sebenzi	NPrePre4_BPre4_NStem	NPrePre4_BPre4_NStem	NPrePre4_BPre4_NStem	NPrePre4_BPre4_NStem
.	Punc	Punc	Punc	Punc
Be_godu	Conj	PossConc14_NStem	Conj	PossConc14_NStem
ku_phungula	OC15_VRoot_VerbTerm	BPre15_NStem	OC15_VRoot_VerbTerm	BPre15_NStem
a_ma_ndla	RelConc6_RelStem	NPrePre6_BPre6_NStem	RelConc6_RelStem	NPrePre6_BPre6_NStem
wo_m_rholo	PossConc6_BPre3_NStem	PossConc3_BPre3_NStem	PossConc6_BPre3_NStem	PossConc6_BPre3_NStem
ka_nye	AdvPre_AdjStem	AdvPre_AdjStem	AdvPre_AdjStem	AdvPre_AdjStem
no_ku_thuthuk_a	AdvPre_NPrePre15_BPre15_VRoot_VerbTerm	AdvPre_BPre15_VRoot_VerbTerm	AdvPre_NPrePre15_BPre15_VRoot_VerbTerm	AdvPre_BPre15_VRoot_VerbTerm
ngo_kwe_bizelo	AdvPre_PossConc15_NStem	AdvPre_PossConc15_NStem	AdvPre_PossConc15_NStem	AdvPre_PossConc15_NStem
kwa_labo	PossConc15_Dem2_Pos2	PossConc15	PossConc15_Dem2_Pos2	PossConc15
aba_fuman_a	RelConc2_VRoot_VerbTerm	RelConc2_VRoot_VerbTerm	RelConc2_VRoot_VerbTerm	RelConc2_VRoot_VerbTerm
i_mi_sebenzi	NPrePre4_BPre4_NStem	NPrePre4_BPre4_NStem	NPrePre4_BPre4_NStem	NPrePre4_BPre4_NStem
_	Punc		Punc	
begodu	Conj	Conj	Conj	Conj
ku_khawula	OC15_VRoot_VerbTerm	BPre15_NStem	OC15_VRoot_VerbTerm	BPre15_NStem
a_ma_ndla	RelConc6_RelStem	NPrePre6_BPre6_NStem	RelConc6_RelStem	NPrePre6_Bre6_NStem
wo_ku_khul_a	PossConc3_NPrePre15_BPre15_VRoot_VerbTerm	PossConc6_BPre15_VRoot_VerbTerm	PossConc3_NPrePre15_BPre15_VRoot_VerbTerm	PossConc3_BPre15_VRoot_VerbTerm
kwa_ma_bhizinisi	PossConc15_NPrePre6_BPre6_NStem	PossConc15_BPre6_NStem	PossConc15_NPrePre6_BPre6_NStem	PossConc15_BPre6_NStem
we_Sewula	PossConc1_NStem	PossConc1_NStem	PossConc1_NStem	PossConc1_NStem
Afrika	ProperName	ProperName	ProperName	ProperName
.	Punc	Punc	Punc	Punc
I_tjhejuli	NPrePre4_NStem	NPrePre4_NStem	NPrePre4_NStem	NPrePre4_NStem
yo_m_sebenzi	PossConc4_NPrePre1_BPre1_NStem	PossConc4_BPre1_NStem	PossConc4_NPrePre1_BPre1_NStem	PossConc4_BPre1_NStem
i_mumath_a	SC5_VRoot_VerbTerm	SC9_VRoot_VerbTerm	SC5_VRoot_VerbTerm	CopPre_VRoot_VerbTerm
i_mi_sebenzi	NPrePre4_BPre4_NStem	NPrePre4_BPre4_NStem	NPrePre4_BPre4_NStem	NPrePre4_BPre4_NStem
e_bu_thelel_w_e	RelConc9_SC14_VRoot_PassExt_VerbTerm	RelConc9_SC14_VRoot_PassExt_VerbTerm	RelConc9_SC14_VRoot_PassExt_VerbTerm	RelConc9_SC14_VRoot_PassExt_VerbTerm
e_tjhejul_ini	LocPre_NStem_LocSuf	LocPre_NStem_LocSuf	LocPre_NStem_LocSuf	LocPre_NStem_LocSuf
ye_mi_sebenzi	PossConc4_NPrePre4_BPre4_NStem	PossConc4_BPre4_NStem	PossConc4_NPrePre4_BPre4_NStem	PossConc4_BPre4_NStem
,	Punc	Punc	Punc	Punc
lokhu	Dem15_Pos1		Dem15_Pos1	
ku_fan_el_e	OC15_VRoot_ApplExt_VerbTerm	OC15_VRoot_ApplExt_VerbTerm	OC15_VRoot_ApplExt_VerbTerm	OC15_VRoot_ApplExt_VerbTerm
ku_tlolwe	BPre17_VRoot_PassExt_VerbTerm	BPre15_NStem	BPre17_VRoot_PassExt_VerbTerm	BPre17_NStem
godu	Ideoph	Ideoph	Ideoph	Ideoph
ka_nye	AdvPre_AdjStem	AdvPre_AdjStem	AdvPre_AdjStem	AdvPre_AdjStem
ne_e_m_funeko	AdvPre_LocPre_BPre3_NStem	AdvPre_LocPre_BPre3_NStem	AdvPre_LocPre_BPre3_NStem	AdvPre_LocPre_BPre3_NStem
ne_e_n_dleko	AdvPre_LocPre_BPre3_NStem	AdvPre_LocPre_BPre3_NStem	AdvPre_LocPre_BPre3_NStem	AdvPre_LocPre_BPre3_NStem
ezi_khambelana_ko	RelConc10_VRoot_VerbTerm_RelSuf	RelConc8_NStem_RelSuf	RelConc10_VRoot_VerbTerm_RelSuf	RelConc8_NStem_RelSuf
u_ku_qinis_ek_is_a	NPrePre15_BPre15_VRoot_NeutExt_CausExt_VerbTerm	NPrePre15_BPre15_VRoot_NeutExt_CausExt_VerbTerm	NPrePre15_BPre15_VRoot_NeutExt_CausExt_VerbTerm	NPrePre15_BPre15_VRoot_NeutExt_CausExt_VerbTerm
u_ku_phumelela	NPrePre15_BPre15_VRoot_VerbTerm	NPrePre15_BPre15_NStem	NPrePre15_BPre15_VRoot_VerbTerm	NPrePre15_BPre15_NStem
kwa_yo	PossConc15_PronStem9	PossConc15_PronStem9	PossConc15_PronStem9	PossConc15_PronStem9
.	Punc	Punc	Punc	Punc
