morphemes	target_surface_gold	prediction_surface_gold	target_surface_pred	prediction_surface_pred
Ku_kho	CopPre_Adv	CopPre_Adv	CopPre_Adv	NStem_NStem
i_in_tlobo	NPrePre10_BPre10_NStem	NPrePre10_BPre10_NStem	NPrePre10_BPre10_NStem	NStem_NStem_NStem
ezi_ninzi	AdjPref8_AdjStem	AdjPref8_AdjStem	AdjPref8_AdjStem	NStem_NStem
zo_lawulo	PossConc10_NPrePre11_BPre11_NStem	PossConc10_BPre11	PossConc10_NPrePre11_BPre11_NStem	NStem_NStem
lwe_e_projekthi	PossConc11_NPrePre10_BPre10_NStem	PossConc11_NPrePre9_NStem	PossConc11_NPrePre10_BPre10_NStem	NStem_NStem_VRoot
ezi_setyenz_is_w_a_yo	RelConc10_VRoot_CausExt_PassExt_VerbTerm_RelSuf	RelConc10_VRoot_CausExt_PassExt_VerbTerm_RelSuf	RelConc10_VRoot_CausExt_PassExt_VerbTerm_RelSuf	NStem_VRoot_VRoot_VRoot_VRoot_VRoot
kw_i_candelo	LocPre_NPrePre5_BPre5_NStem	LocPre_NPrePre5_BPre5	LocPre_NPrePre5_BPre5_NStem	NStem_NStem_NStem
lo_phuhliso	PossConc5_NPrePre11_BPre11_NStem	PossConc11_BPre11	PossConc5_NPrePre11_BPre11_NStem	NStem_NStem
.	Punc	PUNC	Punc	PUNC
Ezi	Dem10_Pos1	CDEM10	Dem10_Pos1	NStem
n_tlobo	BPre9_NStem	BPre9_NStem	BPre9_NStem	NStem_NStem
ke	Conj	Conj	Conj	PUNC
zi_kholis_a	SC10_VRoot_VerbTerm	SC10_VRoot_VerbTerm	SC10_VRoot_VerbTerm	PUNC_PUNC_PUNC
u_kw_ahluk_a	NPrePre15_SC15_Intrans_VerbTerm	NPrePre15_BPre15_VRoot_VerbTerm	NPrePre15_SC15_Intrans_VerbTerm	NStem_NStem_NStem_VRoot
kw_ezo	PossConc15_Dem10_Pos2	LocPre_CDEM10	PossConc15_Dem10_Pos2	PUNC_PUNC
zi_setyenz_is_w_a	SC10_VRoot_CausExt_PassExt_VerbTerm	SC10_VRoot_CausExt_PassExt_VerbTerm	SC10_VRoot_CausExt_PassExt_VerbTerm	PUNC_PUNC_PUNC_NStem_PUNC
ku_ma_candelo	LocPre_NPrePre6_BPre6_NStem	LocPre_BPre6_NStem	LocPre_NPrePre6_BPre6_NStem	NStem_NStem_NStem
o_shishino	PossConc6_NStem	PossConc6_BPre11	PossConc6_NStem	NStem_NStem
.	Punc	PUNC	Punc	PUNC
Ng_okwa_lapha	AdvPre_AdvPre_Adv	AdvPre_AdvPre_Adv	AdvPre_AdvPre_Adv	NStem_NStem_NStem
e_Mzantsi	LocPre_ProperName	LocPre_ProperName	LocPre_ProperName	NStem_NStem
Afrika	ProperName	ProperName	ProperName	PUNC
a_ku_kho	NegPre_CopPre_Adv	NegPre_CopPre_Adv	NegPre_CopPre_Adv	PUNC_PUNC_PUNC
si_khokelo	BPre7_NStem	BPre7_NStem	BPre7_NStem	NStem_NStem
sa_kwa_rhulumente	PossConc7_LocPre_NStem	PossConc7_PossConc15_NStem	PossConc7_LocPre_NStem	NStem_NStem_NStem
si_lungisel_el_w_e	SC7_VRoot_ApplExt_ApplExt_PassExt_VerbTerm	SC7_VRoot_ApplExt_PassExt_VerbTerm	SC7_VRoot_ApplExt_ApplExt_PassExt_VerbTerm	VRoot_VRoot_VRoot_VRoot_VRoot
u_kuba	Conj	SC3_Conj	Conj	PUNC_PUNC
si_setyenz_is_w_e	SC7_VRoot_CausExt_PassExt_VerbTerm	SC7_VRoot_CausExt_PassExt_VerbTerm	SC7_VRoot_CausExt_PassExt_VerbTerm	NStem_NStem_VRoot_VRoot_VRoot
ng_oku_fan_a_yo	AdvPre_RelConc15_VRoot_VerbTerm_RelSuf	AdvPre_RelConc15_VRoot_VerbTerm_RelSuf	AdvPre_RelConc15_VRoot_VerbTerm_RelSuf	NStem_NStem_NStem_NStem_NStem
kw_eli	LocPre_Dem5_Pos1	PossConc15_CDEM05	LocPre_Dem5_Pos1	PUNC_PUNC
candelo	NStem	NStem	NStem	PUNC
;	Punc	PUNC	Punc	PUNC
i_n_to	NPrePre9_BPre9_NStem	NPrePre9_BPre9_NStem	NPrePre9_BPre9_NStem	NStem_NStem_NStem
ke	Conj	Conj	Conj	PUNC
leyo	Dem9_Pos2	CDEM09	Dem9_Pos2	NStem
e_theth_a	RelConc9_VRoot_VerbTerm	SC6_VRoot_VerbTerm	RelConc9_VRoot_VerbTerm	NStem_NStem_NStem
u_kuba	Conj	Conj_Conj	Conj	NStem_NStem
u_ya	SC2ps_Fut	SC1_Fut	SC2ps_Fut	PUNC_PUNC
ku_hlal_a	SC15_VRoot_VerbTerm	SC15_VRoot_VerbTerm	SC15_VRoot_VerbTerm	NStem_NStem_NStem
u_ba_khona	CopPre_CopPre_Adv	CopPre_BPre2_Adv	CopPre_CopPre_Adv	NStem_NStem_NStem
u_mahluko	NPrePre1a_NStem	NPrePre1a_NStem	NPrePre1a_NStem	NStem_NStem
kw_i_zi_khokelo	LocPre_NPrePre8_BPre8_NStem	LocPre_NPrePre8_BPre8_NStem	LocPre_NPrePre8_BPre8_NStem	NStem_NStem_NStem_NStem
ezi_setyenz_is_w_a	RelConc8_VRoot_CausExt_PassExt_VerbTerm	RelConc8_VRoot_CausExt_PassExt_VerbTerm	RelConc8_VRoot_CausExt_PassExt_VerbTerm	NStem_VRoot_NStem_NStem_NStem
nga_ma_sebe	AdvPre_NPrePre6_BPre6_NStem	AdvPre_BPre6_NStem	AdvPre_NPrePre6_BPre6_NStem	NStem_NStem_NStem
nga_ma_sebe	AdvPre_NPrePre6_BPre6_NStem	AdvPre_BPre6_NStem	AdvPre_NPrePre6_BPre6_NStem	NStem_NStem_NStem
nga_ma_sebe	AdvPre_NPrePre6_BPre6_NStem	AdvPre_BPre6_NStem	AdvPre_NPrePre6_BPre6_NStem	NStem_NStem_NStem
ka_rhulumente	PossKA_NPrePre1a_NStem	PossKA_NStem	PossKA_NPrePre1a_NStem	NStem_NStem
.	Punc	PUNC	Punc	PUNC
A_ma_lungu	NPrePre6_BPre6_NStem	NPrePre6_BPre6_NStem	NPrePre6_BPre6_NStem	NStem_NStem_NStem
e_e_komiti	PossConc6_NPrePre10_BPre10_NStem	PossConc6_PossConc6_NStem	PossConc6_NPrePre10_BPre10_NStem	NStem_NStem_NStem
ze_e_wadi	PossConc10_NPrePre10_BPre10_NStem	PossConc10_LocPre_NStem	PossConc10_NPrePre10_BPre10_NStem	NStem_NStem_NStem
ku_funek_a	SC15_VRoot_VerbTerm	SC15_VRoot_VerbTerm	SC15_VRoot_VerbTerm	NStem_NStem_NStem
a_be	CopPre_Cop	CopPre_Cop	CopPre_Cop	NStem_PUNC
no_lw_az_i	AdvPre_NPrePre11_BPre11_NStem	AdvPre_BPre11_VRoot_VerbTerm	AdvPre_NPrePre11_BPre11_NStem	NStem_NStem_NStem_NStem
nge_Project	AdvPre_NPrePre9_Foreign	AdvPre_Foreign	AdvPre_NPrePre9_Foreign	NStem_NStem
Cycle	Foreign	Foreign	Foreign	NStem
Management	Foreign	Foreign	Foreign	PUNC
(	Punc	PUNC	Punc	PUNC
PC_M	Abbr	Abbr_Abbr	Abbr	PUNC_PUNC
)	Punc	PUNC	Punc	Conj
,	Punc	PUNC	Punc	PUNC
u_Lawulo	NPrePre11_NStem	NPrePre11_NStem	NPrePre11_NStem	NStem_NStem
lo_M_jikelo	PossConc11_NPrePre3_BPre3_NStem	PossConc5_BPre3_NStem	PossConc11_NPrePre3_BPre3_NStem	NStem_VRoot_NStem
we_Projekthi	PossConc3_NPrePre9_NStem	PossConc3_NStem	PossConc3_NPrePre9_NStem	PUNC_PUNC
,	Punc	PUNC	Punc	PUNC
njeng_oko	AdvPre_Dem15_Pos2	Adv_Adv	AdvPre_Dem15_Pos2	PUNC_PUNC
i_s_e_so_na	NPrePre9_SC7_PronStem7_PronSuf	CopPre_PreLocs_LocPre_NStem_PronSuf	NPrePre9_SC7_PronStem7_PronSuf	NStem_NStem_NStem_NStem_NStem
si_khokelo	BPre7_NStem	BPre7_NStem	BPre7_NStem	NStem_NStem
si_kholis_e	SC7_VRoot_VerbTerm	SC7_VRoot_VerbTerm	SC7_VRoot_VerbTerm	NStem_NStem_NStem
ka_khulu	AdvPre_AdjStem	AdvPre_AdjStem	AdvPre_AdjStem	PUNC_PUNC
u_ku_setyenz_is_w_a	NPrePre15_SC15_VRoot_CausExt_PassExt_VerbTerm	NPrePre15_BPre15_VRoot_CausExt_PassExt_VerbTerm	NPrePre15_SC15_VRoot_CausExt_PassExt_VerbTerm	VRoot_VRoot_NStem_NStem_NStem_NStem
.	Punc	PUNC	Punc	PUNC
I_zi_gaba	NPrePre8_BPre8_NStem	NPrePre8_BPre8_NStem	NPrePre8_BPre8_NStem	NStem_NStem_NStem
nge_zi_gaba	AdvPre_NPrePre8_BPre8_NStem	AdvPre_BPre8_NStem	AdvPre_NPrePre8_BPre8_NStem	NStem_NStem_NStem
zo_m_jikelo	PossConc8_NPrePre3_BPre3_NStem	PossConc10_BPre3_NStem	PossConc8_NPrePre3_BPre3_NStem	NStem_NStem_VRoot
we_projekthi	PossConc3_NPrePre9_NStem	PossConc3_NStem	PossConc3_NPrePre9_NStem	NStem_NStem
zi_se_no_kw_ahluk_a	SC10_Pro_AdvPre_VRoot_VerbTerm	SC10_Pro_AdvPre_BPre15_VRoot_VerbTerm	SC10_Pro_AdvPre_VRoot_VerbTerm	NStem_NStem_NStem_NStem_NStem_NStem
nge_n_dlel_a	AdvPre_NPrePre9_BPre9_NStem	AdvPre_BPre9_VRoot_VerbTerm	AdvPre_NPrePre9_BPre9_NStem	NStem_NStem_NStem_NStem
ez_ahlul_a__hlul_w_a	RelConc10_VRoot_VerbTerm_VRoot_PassExt_VerbTerm	RelConc10_VRoot_VerbTerm_VRoot_PassExt_VerbTerm	RelConc10_VRoot_VerbTerm_VRoot_PassExt_VerbTerm	NStem_VRoot_VRoot_VRoot_NStem_VRoot
nga_yo	AdvPre_PronStem9	AdvPre_PronStem9	AdvPre_PronStem9	PUNC_PUNC
na_ng_a_ma_gama	AdvPre_CopPre_NPrePre6_BPre6_NStem	AdvPre_CopPre_NPrePre6_BPre6_NStem	AdvPre_CopPre_NPrePre6_BPre6_NStem	NStem_NStem_NStem_NStem_NStem
a_zo	PossConc6_PronStem10	PossConc6_PronStem10	PossConc6_PronStem10	PUNC_PUNC
,	Punc	PUNC	Punc	PUNC
ng_okwa_ba_niki	AdvPre_AdvPre_BPre2_NStem	AdvPre_AdvPre_BPre2_NStem	AdvPre_AdvPre_BPre2_NStem	NStem_NStem_NStem_NStem
be_n_kxaso__mali	PossConc2_NPrePre9_BPre9_NStem_NStem	PossConc14_BPre9_NStem_NStem	PossConc2_NPrePre9_BPre9_NStem_NStem	NStem_NStem_NStem_NStem
okanye	Conj	Conj	Conj	Conj
ng_okw_a_ma_sebe	AdvPre_AdvPre_BPre6_NStem	AdvPre_AdvPre_NPrePre6_BPre6_NStem	AdvPre_AdvPre_BPre6_NStem	VRoot_VRoot_VRoot_NStem_NStem
ka_rhulumente	PossKA_NPrePre1a_NStem	PossKA_NStem	PossKA_NPrePre1a_NStem	NStem_NStem
.	Punc	PUNC	Punc	PUNC
I_ngaba	SC9_Interrog	SC9_Interrog	SC9_Interrog	NStem_NStem
a_ma_khosikazi	NPrePre6_BPre6_NStem	NPrePre6_BPre6_NStem	NPrePre6_BPre6_NStem	NStem_NStem_NStem
a_jong_an_a	SC6_VRoot_RecipExt_VerbTerm	SC6_VRoot_RecipExt_VerbTerm	SC6_VRoot_RecipExt_VerbTerm	NStem_NStem_NStem_NStem
na_yo	AdvPre_PronStem4	AdvPre_PronStem9	AdvPre_PronStem4	PUNC_PUNC
na_yi_phi	AdvPre_EnumConc9_EnumStem	AdvPre_EnumConc9_EnumStem	AdvPre_EnumConc9_EnumStem	NStem_PUNC_NStem
na	Interrog	Interrog	Interrog	PUNC
i_mi_qobo	NPrePre4_BPre4_NStem	NPrePre4_BPre4_NStem	NPrePre4_BPre4_NStem	NStem_NStem_NStem
okanye	Conj	Conj	Conj	PUNC
i_zi_thintelo	NPrePre8_BPre8_NStem	NPrePre8_BPre8_NStem	NPrePre8_BPre8_NStem	NStem_NStem_NStem
e_ku_thath_e_ni	LocPre_NPrePre15_BPre15_VRoot_VerbTerm_LocSuf	LocPre_BPre15_VRoot_VerbTerm_LocSuf	LocPre_NPrePre15_BPre15_VRoot_VerbTerm_LocSuf	NStem_NStem_NStem_NStem_NStem
i_n_xaxheba	NPrePre9_BPre9_NStem	NPrePre9_BPre9_NStem	NPrePre9_BPre9_NStem	NStem_NStem_NStem
kw_i_mi_sebenzi	LocPre_NPrePre4_BPre4_NStem	LocPre_NPrePre4_BPre4_NStem	LocPre_NPrePre4_BPre4_NStem	VRoot_VRoot_VRoot_NStem
ye_n_kqubo	PossConc4_NPrePre9_BPre9_NStem	PossConc9_BPre9_NStem	PossConc4_NPrePre9_BPre9_NStem	VRoot_NStem_VRoot
?	Punc	PUNC	Punc	PUNC
A_ma_doda	NPrePre6_BPre6_NStem	NPrePre6_BPre6_NStem	NPrePre6_BPre6_NStem	PUNC_PUNC_PUNC
wo_na	PronStem6_PronSuf	PronStem3_PronSuf	PronStem6_PronSuf	NStem_NStem
?	Punc	PUNC	Punc	PUNC
U_kuba	Conj	NPrePre15_Conj	Conj	PUNC_PUNC
ku_njalo	CopPre_Adv	CopPre_Adv	CopPre_Adv	PUNC_PUNC
,	Punc	PUNC	Punc	PUNC
olu_phi	RelConc11_EnumStem	RelConc11_EnumStem	RelConc11_EnumStem	PUNC_PUNC
u_hlobo	NPrePre11_NStem	NPrePre11_NStem	NPrePre11_NStem	PUNC_PUNC
?	Punc	PUNC	Punc	Conj
I_Batho	NPrePre9_ProperName	NPrePre9_ProperName	NPrePre9_ProperName	PUNC_PUNC
Pele	ProperName	ProperName	ProperName	PUNC
i_dinga	SC9_VRoot_VerbTerm	NPrePre5_NStem	SC9_VRoot_VerbTerm	NStem_NStem
u_kuba	Conj	NPrePre15_Conj	Conj	PUNC_NStem
'	Punc	PUNC	Punc	PUNC
wo_nke	QuantConc1_QuantStem	QuantConc1_QuantStem	QuantConc1_QuantStem	NStem_NStem
u_m_ntu	NPrePre1_BPre1_NStem	NPrePre1_BPre1_NStem	NPrePre1_BPre1_NStem	PUNC_PUNC_NStem
o_sebenz_a	RelConc1_VRoot_VerbTerm	RelConc1_VRoot_VerbTerm	RelConc1_VRoot_VerbTerm	NStem_NStem_NStem
kw_i_n_konzo	LocPre_NPrePre9_BPre9_NStem	LocPre_NPrePre9_BPre9_NStem	LocPre_NPrePre9_BPre9_NStem	NStem_NStem_NStem_NStem
yo_lu_ntu	PossConc9_NPrePre11_BPre11_NStem	PossConc9_BPre11_NStem	PossConc9_NPrePre11_BPre11_NStem	NStem_NStem_NStem
a_be	CopPre_Cop	CopPre_Cop	CopPre_Cop	PUNC_PUNC
ne_qhayi_ya	AdvPre_NPrePre5_BPre5_NStem	AdvPre_BPre5_Fut	AdvPre_NPrePre5_BPre5_NStem	NStem_NStem_NStem
ngo_kuba	AdvPre_Conj	AdvPre_Conj	AdvPre_Conj	PUNC_PUNC
ng_u_m_khonzi	CopPre_NPrePre1_BPre1_NStem	CopPre_NPrePre1_BPre3_NStem	CopPre_NPrePre1_BPre1_NStem	NStem_NStem_VRoot_VRoot
wa_ba_ntu	PossConc1_NPrePre2_BPre2_NStem	PossConc3_BPre2_NStem	PossConc1_NPrePre2_BPre2_NStem	NStem_NStem_NStem
'	Punc	PUNC	Punc	PUNC
u_kuze	Conj	NPrePre15_NStem	Conj	NStem_NStem
i_mi_thetho__si_se_ko	NPrePre4_BPre4_NStem_BPre7_NStem	NPrePre4_BPre4_NStem_BPre7_BPre7_PronStem15	NPrePre4_BPre4_NStem_BPre7_NStem	NStem_NStem_VRoot_VRoot_VRoot_VRoot
esi_bhozo	RelConc7_NPrePre7_BPre7_NStem	RelConc7_NStem	RelConc7_NPrePre7_BPre7_NStem	PUNC_PUNC
e_m_is_w_e	RelConc4_VRoot_CausExt_PassExt_VerbTerm	RelConc9_VRoot_CausExt_PassExt_VerbTerm	RelConc4_VRoot_CausExt_PassExt_VerbTerm	NStem_NStem_NStem_NStem_NStem
ku_wiso__m_thetho	LocPre_NStem_BPre3_NStem	LocPre_NStem_BPre3_NStem	LocPre_NStem_BPre3_NStem	NStem_NStem_NStem_NStem
i_be	CopPre_Cop	CopPre_Cop	CopPre_Cop	NStem_NStem
s_i_si_se_ko	CopPre_NPrePre7_BPre7_NStem	CopPre_NPrePre7_BPre7_NStem_PronStem15	CopPre_NPrePre7_BPre7_NStem	NStem_NStem_NStem_NStem_NStem
esi_ng_u_m_bindi	RelConc7_CopPre_NPrePre3_BPre3_NStem	RelConc7_CopPre_NPrePre3_BPre3_NStem	RelConc7_CopPre_NPrePre3_BPre3_NStem	VRoot_VRoot_VRoot_VRoot_NStem
wo_phuhliso	PossConc3_NPrePre11_BPre11_NStem	PossConc3_BPre11	PossConc3_NPrePre11_BPre11_NStem	PUNC_PUNC
lu_ka_rhulumente	PossConc11_PossKA_NStem	PossConc11_PossKA_NStem	PossConc11_PossKA_NStem	NStem_NStem_NStem
we_n_gingqi	PossConc1a_NPrePre9_BPre9_NStem	PossConc1a_BPre9_NStem	PossConc1a_NPrePre9_BPre9_NStem	VRoot_NStem_NStem
a_pho	Dem16_Pos2	PossConc6_PossPron	Dem16_Pos2	PUNC_PUNC
i_zi_dingo	NPrePre8_BPre8_NStem	NPrePre8_BPre8_NStem	NPrePre8_BPre8_NStem	NStem_NStem_NStem
za_ba_hlali	PossConc2_NPrePre2_BPre2_NStem	PossConc10_BPre2_NStem	PossConc2_NPrePre2_BPre2_NStem	NStem_NStem_NStem
zi_nga_qal_is_a	SC8_Pot_VRoot_CausExt_VerbTerm	SC10_Pot_VRoot_CausExt_VerbTerm	SC8_Pot_VRoot_CausExt_VerbTerm	NStem_NStem_NStem_NStem_NStem
u_kw_enz_iw_a	NPrePre15_BPre15_VRoot_PassExt_VerbTerm	NPrePre15_BPre15_VRoot_PassExt_VerbTerm	NPrePre15_BPre15_VRoot_PassExt_VerbTerm	NStem_NStem_NStem_NStem_NStem
khona	Adv	Adv	Adv	PUNC
.	Punc	PUNC	Punc	PUNC
U_kw_az_is_a	NPrePre15_BPre15_VRoot_CausExt_VerbTerm	NPrePre15_BPre15_VRoot_CausExt_VerbTerm	NPrePre15_BPre15_VRoot_CausExt_VerbTerm	NStem_NStem_NStem_NStem_NStem
ng_a_ma_bakal_a	AdvPre_NPrePre6_BPre6_NStem	CopPre_NPrePre6_ImpPre_VRoot_VerbTerm	AdvPre_NPrePre6_BPre6_NStem	NStem_NStem_NStem_NStem_NStem
e_Mephu	PossConc6_NPrePre9_NStem	LocPre_ProperName	PossConc6_NPrePre9_NStem	NStem_NStem
ye_n_dlel_a	PossConc9_NPrePre9_BPre9_NStem	PossConc9_BPre9_VRoot_VerbTerm	PossConc9_NPrePre9_BPre9_NStem	NStem_NStem_NStem_NStem
ngo_ku_sebenz_is_a	AdvPre_NPrePre15_BPre15_VRoot_CausExt_VerbTerm	AdvPre_BPre15_VRoot_CausExt_VerbTerm	AdvPre_NPrePre15_BPre15_VRoot_CausExt_VerbTerm	NStem_NStem_NStem_NStem_NStem
i_dath_a	NPrePre9_NStem	SC9_VRoot_VerbTerm	NPrePre9_NStem	NStem_NStem_NStem
projektha	NStem	NStem	NStem	PUNC
,	Punc	PUNC	Punc	NStem
okanye	Conj	Conj	Conj	PUNC
i_projektha	NPrePre9_NStem	NPrePre9_NStem	NPrePre9_NStem	PUNC_PUNC
e_bon_is_a	RelConc9_VRoot_CausExt_VerbTerm	RelConc9_VRoot_CausExt_VerbTerm	RelConc9_VRoot_CausExt_VerbTerm	NStem_NStem_NStem_NStem
phezu	Adv	Adv	Adv	PUNC
kwe_e_n_tloko	PossConc15_NPrePre10_BPre10_NStem	PossConc15_NPrePre9_BPre9_NStem	PossConc15_NPrePre10_BPre10_NStem	NStem_NStem_NStem_NStem
.	Punc	PUNC	Punc	PUNC
Xa	Conj	Conj	Conj	Conj
u_nge_na_ba_thathi__n_xaxheba	CopPre_NegPre_CopPre_NPrePre2_BPre2_NStem_BPre9_NStem	CopPre_NegPre_CopPre_BPre2_NStem_BPre9_NStem	CopPre_NegPre_CopPre_NPrePre2_BPre2_NStem_BPre9_NStem	VRoot_VRoot_VRoot_VRoot_VRoot_VRoot_VRoot
u_nga_sebenz_is_a	SC2_Pot_VRoot_CausExt_VerbTerm	SC3_Pot_VRoot_CausExt_VerbTerm	SC2_Pot_VRoot_CausExt_VerbTerm	VRoot_VRoot_VRoot_VRoot_VRoot
a_ma_nqaku	NPrePre6_BPre6_NStem	NPrePre6_BPre6_NStem	NPrePre6_BPre6_NStem	NStem_VRoot_NStem
esi_fundo	PossConc6_NPrePre7_BPre7_NStem	RelConc7_BPre9	PossConc6_NPrePre7_BPre7_NStem	PUNC_PUNC
abo	PossConc6_PronStem2	CDEM02	PossConc6_PronStem2	PUNC
,	Punc	PUNC	Punc	PUNC
i_phepha	NPrePre5_BPre5_NStem	NPrePre5_NStem	NPrePre5_BPre5_NStem	PUNC_NStem
la_ma__52	PossConc5_BPre6_Num	PossConc5_BPre6_Num	PossConc5_BPre6_Num	NStem_NStem_NStem
u_ku_landela	NPrePre15_BPre15_VRoot_VerbTerm	NPrePre15_BPre15_NStem	NPrePre15_BPre15_VRoot_VerbTerm	NStem_NStem_NStem
i_n_kcazelo	NPrePre9_BPre9_NStem	NPrePre9_BPre9_NStem	NPrePre9_BPre9_NStem	NStem_NStem_NStem
.	Punc	PUNC	Punc	PUNC
Ng_oku_sebenz_is_a	AdvPre_NPrePre15_BPre15_VRoot_CausExt_VerbTerm	AdvPre_RelConc15_VRoot_CausExt_VerbTerm	AdvPre_NPrePre15_BPre15_VRoot_CausExt_VerbTerm	VRoot_VRoot_NStem_VRoot_VRoot
i_sa_zobe	NPrePre7_BPre7_NStem	NPrePre7_BPre7_NStem	NPrePre7_BPre7_NStem	NStem_NStem_NStem
u_chong_a	SC2pp_VRoot_VerbTerm	SC3_VRoot_VerbTerm	SC2pp_VRoot_VerbTerm	NStem_NStem_NStem
i_bakal_a	NPrePre5_BPre5_NStem	SC9_VRoot_VerbTerm	NPrePre5_BPre5_NStem	NStem_NStem_NStem
nga_li_nye	AdvPre_EnumConc5_EnumStem	AdvPre_EnumConc5_EnumStem	AdvPre_EnumConc5_EnumStem	PUNC_PUNC_PUNC
.	Punc	PUNC	Punc	PUNC
U_thetha_thethwano	NPrePre11_NStem_NStem	NPrePre11_NStem_NStem	NPrePre11_NStem_NStem	VRoot_VRoot_VRoot
y_i_n_kqubo	CopPre_NPrePre9_BPre9_NStem	CopPre_NPrePre9_BPre9_NStem	CopPre_NPrePre9_BPre9_NStem	VRoot_NStem_VRoot_NStem
a_pho	Dem16_Pos2	PossConc6_PossPron	Dem16_Pos2	PUNC_PUNC
a_ma_qela	NPrePre6_BPre6_NStem	NPrePre6_BPre6_NStem	NPrePre6_BPre6_NStem	NStem_NStem_NStem
a_phikis_an_a	SC6_VRoot_RecipExt_VerbTerm	RelConc6_VRoot_RecipExt_VerbTerm	SC6_VRoot_RecipExt_VerbTerm	NStem_NStem_NStem_NStem
ngezi_phumo	AdvPre_NPrePre8_BPre8_NStem	AdvPre_BPre10	AdvPre_NPrePre8_BPre8_NStem	NStem_NStem
ez_ahluken_e_yo	RelConc8_VRoot_VerbTerm_RelSuf	RelConc10_VRoot_VerbTerm_RelSuf	RelConc8_VRoot_VerbTerm_RelSuf	NStem_NStem_VRoot_NStem
e_ku_fikelel_w_e	LocPre_NPrePre15_BPre15_VRoot_PassExt_VerbTerm	RelConc9_SC15_VRoot_PassExt_VerbTerm	LocPre_NPrePre15_BPre15_VRoot_PassExt_VerbTerm	VRoot_VRoot_VRoot_VRoot_VRoot
ku_zo	LocPre_PronStem8	LocPre_PronStem10	LocPre_PronStem8	PUNC_PUNC
e_ku_fuman_e_ni	LocPre_NPrePre15_BPre15_VRoot_VerbTerm_LocSuf	LocPre_BPre15_VRoot_VerbTerm_VerbTerm	LocPre_NPrePre15_BPre15_VRoot_VerbTerm_LocSuf	NStem_NStem_NStem_NStem_NStem
i_si_phumo	NPrePre7_BPre7_NStem	NPrePre7_BPre7_NStem	NPrePre7_BPre7_NStem	PUNC_PUNC_PUNC
kwaye	Conj	Conj	Conj	PUNC
a_se_no_kw_ab_el_an_a	SC6_Pro_Pro_BPre15_VRoot_ApplExt_RecipExt_VerbTerm	SC6_Pro_AdvPre_BPre15_VRoot_ApplExt_RecipExt_VerbTerm	SC6_Pro_Pro_BPre15_VRoot_ApplExt_RecipExt_VerbTerm	NStem_VRoot_VRoot_VRoot_VRoot_VRoot_NStem_VRoot
ngo_lw_az_i	AdvPre_NPrePre11_BPre11_NStem	AdvPre_BPre11_VRoot_VerbTerm	AdvPre_NPrePre11_BPre11_NStem	NStem_NStem_NStem_NStem
,	Punc	PUNC	Punc	PUNC
u_ku_sombulul_a	NPrePre15_BPre15_VRoot_VerbTerm	NPrePre15_BPre15_VRoot_VerbTerm	NPrePre15_BPre15_VRoot_VerbTerm	NStem_VRoot_VRoot_VRoot
i_n_gxaki	NPrePre9_BPre9_NStem	NPrePre9_BPre9_NStem	NPrePre9_BPre9_NStem	NStem_NStem_NStem
,	Punc	PUNC	Punc	PUNC
u_ku_hlangabez_ana	NPrePre15_BPre15_VRoot_RecipExt_VerbTerm	NPrePre15_BPre15_VRoot_DimSuf	NPrePre15_BPre15_VRoot_RecipExt_VerbTerm	NStem_NStem_NStem_NStem
,	Punc	PUNC	Punc	PUNC
u_ku_thungelan_a	NPrePre15_BPre15_VRoot_VerbTerm	NPrePre15_BPre15_VRoot_VerbTerm	NPrePre15_BPre15_VRoot_VerbTerm	NStem_VRoot_VRoot_NStem
no_ku_rhweb_a	AdvPre_NPrePre15_BPre15_VRoot_VerbTerm	AdvPre_BPre15_VRoot_VerbTerm	AdvPre_NPrePre15_BPre15_VRoot_VerbTerm	NStem_NStem_VRoot_NStem
nge_zi_khundla	AdvPre_NPrePre8_BPre8_NStem	AdvPre_BPre8_NStem	AdvPre_NPrePre8_BPre8_NStem	NStem_NStem_NStem
,	Punc	PUNC	Punc	PUNC
xa	Conj	Conj	Conj	PUNC
ku_fanel_ek_ile	SC15_VRoot_NeutExt_Perf_VerbTerm	SC15_VRoot_NeutExt_Perf	SC15_VRoot_NeutExt_Perf_VerbTerm	NStem_NStem_NStem_NStem
,	Punc	PUNC	Punc	PUNC
e_ku_xolelan_is_e_ni	LocPre_NPrePre15_BPre15_VRoot_VerbTerm_LocSuf	LocPre_BPre15_VRoot_CausExt_VerbTerm_VerbTerm	LocPre_NPrePre15_BPre15_VRoot_VerbTerm_LocSuf	VRoot_VRoot_VRoot_VRoot_VRoot_VRoot
i_mi_dla	NPrePre4_BPre4_NStem	NPrePre4_BPre4_NStem	NPrePre4_BPre4_NStem	NStem_NStem_NStem
.	Punc	PUNC	Punc	PUNC
U_kw_az_is_a	NPrePre15_BPre15_VRoot_CausExt_VerbTerm	NPrePre15_BPre15_VRoot_CausExt_VerbTerm	NPrePre15_BPre15_VRoot_CausExt_VerbTerm	NStem_VRoot_NStem_NStem_NStem
aba_ntu	NPrePre2_BPre2_NStem	RelConc2_NStem	NPrePre2_BPre2_NStem	NStem_NStem
ngo_ku_banzi	AdvPre_RelConc15_RelStem	AdvPre_BPre15_RelStem	AdvPre_RelConc15_RelStem	NStem_NStem_NStem
_	Punc		Punc	
sebenz_is_a	VRoot_CausExt_VerbTerm	VRoot_CausExt_VerbTerm	VRoot_CausExt_VerbTerm	NStem_NStem_NStem
i_in_dlel_a	NPrePre10_BPre10_NStem	NPrePre10_BPre10_VRoot_VerbTerm	NPrePre10_BPre10_NStem	NStem_NStem_NStem_NStem
zo_kw_az_is_a	PossConc10_NPrePre15_BPre15_VRoot_CausExt_VerbTerm	PossConc10_BPre15_VRoot_CausExt_VerbTerm	PossConc10_NPrePre15_BPre15_VRoot_CausExt_VerbTerm	NStem_NStem_NStem_NStem_NStem
i_i_Komiti	NPrePre10_BPre10_NStem	NPrePre10_BPre10_NStem	NPrePre10_BPre10_NStem	NStem_NStem_NStem
ze_Wadi	PossConc10_NPrePre9_NStem	PossConc10_NStem	PossConc10_NPrePre9_NStem	PUNC_PUNC
,	Punc	PUNC	Punc	PUNC
a_ma_qela	NPrePre6_BPre6_NStem	NPrePre6_BPre6_NStem	NPrePre6_BPre6_NStem	NStem_NStem_NStem
aba_hlali	NPrePre2_BPre2_NStem	RelConc2_NStem	NPrePre2_BPre2_NStem	NStem_NStem
,	Punc	PUNC	Punc	PUNC
i_zi_phath_a__ma_ndla	NPrePre8_BPre8_NStem_NStem	NPrePre8_OC10_VRoot_NPrePre6_BPre6_NStem	NPrePre8_BPre8_NStem_NStem	VRoot_NStem_VRoot_VRoot_VRoot_VRoot
zo_m_thom_nyama	PossConc8_NPrePre3_BPre3_NStem	PossConc10_BPre3_NStem_NStem	PossConc8_NPrePre3_BPre3_NStem	VRoot_VRoot_VRoot_VRoot
ne_e_n_kokeli	AdvPre_NPrePre10_BPre10_NStem	AdvPre_NPrePre9_BPre9_NStem	AdvPre_NPrePre10_BPre10_NStem	NStem_NStem_NStem_NStem
ze_zim_vo	PossConc8_NPrePre8_BPre8_NStem	PossConc10_BPre8_NStem	PossConc8_NPrePre8_BPre8_NStem	PUNC_PUNC_PUNC
ngo_ku_th_i	AdvPre_NPrePre15_BPre15_VRoot_VerbTerm	AdvPre_BPre15_VRoot_VerbTerm	AdvPre_NPrePre15_BPre15_VRoot_VerbTerm	NStem_NStem_NStem_NStem
ku_z_a	SC15_AuxVStem	SC15_VRoot_VerbTerm	SC15_AuxVStem	NStem_NStem_NStem
ku_qhuty_w_a	SC15_VRoot_PassExt_VerbTerm	SC15_VRoot_PassExt_VerbTerm	SC15_VRoot_PassExt_VerbTerm	NStem_NStem_VRoot_NStem
i_n_kqubo	NPrePre9_BPre9_NStem	NPrePre9_BPre9_NStem	NPrePre9_BPre9_NStem	NStem_NStem_NStem
ye__CBP	PossConc9_NPrePre9_Abbr	PossConc9_Abbr	PossConc9_NPrePre9_Abbr	NStem_NStem
.	Punc	PUNC	Punc	PUNC
Ema_phandle_ni	LocPre_NPrePre6_BPre6_NStem_LocSuf	LocPre_BPre3_NStem	LocPre_NPrePre6_BPre6_NStem_LocSuf	NStem_NStem_NStem
ba_ng_aba	CopPre_Pot_Cop	SC2_CopPre_RelConc2	CopPre_Pot_Cop	PUNC_NStem_NStem
ne_e_wadi	CopPre_NPrePre10_BPre10_NStem	AdvPre_NPrePre9_NStem	CopPre_NPrePre10_BPre10_NStem	NStem_NStem_NStem
ezin_kulu	AdjPref10_AdjStem	AdjPref10_AdjStem	AdjPref10_AdjStem	PUNC_NStem
na_ba_ntu	AdvPre_NPrePre2_BPre2_NStem	AdvPre_BPre2_NStem	AdvPre_NPrePre2_BPre2_NStem	NStem_NStem_NStem
aba_tyal_w_e	RelConc2_VRoot_PassExt_VerbTerm	RelConc2_VRoot_PassExt_VerbTerm	RelConc2_VRoot_PassExt_VerbTerm	NStem_NStem_NStem_NStem
ku_yo	LocPre_PronStem9	LocPre_PronStem9	LocPre_PronStem9	PUNC_PUNC
yo_nke	QuantConc9_QuantStem	QuantConc4_QuantStem	QuantConc9_QuantStem	NStem_NStem
loo	Dem9_Pos2	CDEM01	Dem9_Pos2	PUNC
lali	NStem	NStem	NStem	PUNC
okanye	Conj	Conj	Conj	PUNC
i_fama	NPrePre9_NStem	NPrePre9_NStem	NPrePre9_NStem	PUNC_PUNC
.	Punc	PUNC	Punc	PUNC
I_m_balwa	CopPre_RelStem	NPrePre9_BPre9_NStem	CopPre_RelStem	NStem_NStem_NStem
ka_khulu	AdvPre_AdjStem	AdvPre_AdjStem	AdvPre_AdjStem	NStem_NStem
i_mi_butho	NPrePre4_BPre4_NStem	NPrePre4_BPre4_NStem	NPrePre4_BPre4_NStem	NStem_NStem_NStem
e_sebenz_a_yo	RelConc4_VRoot_VerbTerm_RelSuf	RelConc9_VRoot_VerbTerm_RelSuf	RelConc4_VRoot_VerbTerm_RelSuf	NStem_NStem_NStem_NStem
.	Punc	PUNC	Punc	PUNC
I_lali	NPrePre5_NStem	NPrePre5_NStem	NPrePre5_NStem	NStem_NStem
nga_nye	AdvPre_EnumStem	AdvPre_EnumStem	AdvPre_EnumStem	PUNC_PUNC
okanye	Conj	Conj	Conj	PUNC
i_qela	NPrePre5_BPre5_NStem	NPrePre5_NStem	NPrePre5_BPre5_NStem	NStem_NStem
le_e_fama	PossConc5_NPrePre10_BPre10_NStem	PossConc5_NPrePre9_NStem	PossConc5_NPrePre10_BPre10_NStem	NStem_NStem_NStem
ku_funek_a	SC15_VRoot_VerbTerm	SC15_VRoot_VerbTerm	SC15_VRoot_VerbTerm	NStem_NStem_NStem
li_nyul_e	SC5_VRoot_VerbTerm	SC5_VRoot_VerbTerm	SC5_VRoot_VerbTerm	NStem_NStem_VRoot
u_m_thunywa	NPrePre1_BPre1_NStem	NPrePre3_BPre3_NStem	NPrePre1_BPre1_NStem	NStem_NStem_NStem
u_kuba	Conj	SC2ps_Conj	Conj	PUNC_PUNC
a_khonz_e	SC1_VRoot_VerbTerm	SC6_VRoot_VerbTerm	SC1_VRoot_VerbTerm	NStem_NStem_NStem
kw_i_Komiti	LocPre_NPrePre9_NStem	LocPre_NPrePre9_NStem	LocPre_NPrePre9_NStem	NStem_NStem_NStem
ye_Wadi	PossConc9_NPrePre9_NStem	PossConc9_NStem	PossConc9_NPrePre9_NStem	NStem_NStem
.	Punc	PUNC	Punc	PUNC
I_n_tliziyo	NPrePre9_BPre9_NStem	NPrePre9_BPre9_NStem	NPrePre9_BPre9_NStem	NStem_NStem_NStem
yo_M_gaqo__si_se_ko	PossConc9_NPrePre3_BPre3_NStem_BPre7_NStem	PossConc9_BPre3_NStem_BPre7_BPre7_PronStem15	PossConc9_NPrePre3_BPre3_NStem_BPre7_NStem	VRoot_VRoot_VRoot_VRoot_VRoot_VRoot
ng_u_M_thetho	CopPre_NPrePre3_BPre3_NStem	CopPre_NPrePre3_BPre3_NStem	CopPre_NPrePre3_BPre3_NStem	NStem_VRoot_VRoot_VRoot
Oyil_w_a_yo	RelConc3_VRoot_PassExt_VerbTerm_RelSuf	VRoot_PassExt_VerbTerm_RelSuf	RelConc3_VRoot_PassExt_VerbTerm_RelSuf	NStem_NStem_NStem_NStem
wa_Ma_lungelo	PossConc3_NPrePre6_BPre6_NStem	PossConc3_BPre6_NStem	PossConc3_NPrePre6_BPre6_NStem	NStem_NStem_NStem
.	Punc	PUNC	Punc	PUNC
U_M_thetho	NPrePre3_BPre3_NStem	NPrePre3_BPre3_NStem	NPrePre3_BPre3_NStem	PUNC_NStem_NStem
Oyil_w_a_yo	RelConc3_VRoot_PassExt_VerbTerm_RelSuf	RelConc9_PassExt_VerbTerm_RelSuf	RelConc3_VRoot_PassExt_VerbTerm_RelSuf	NStem_NStem_NStem_NStem
wa_Ma_lungelo	PossConc3_NPrePre6_BPre6_NStem	PossConc3_BPre6_NStem	PossConc3_NPrePre6_BPre6_NStem	NStem_NStem_NStem
u_phakamis_a	SC3_VRoot_VerbTerm	SC3_VRoot_VerbTerm	SC3_VRoot_VerbTerm	NStem_NStem_VRoot
a_ma_lungelo	NPrePre6_BPre6_NStem	NPrePre6_BPre6_NStem	NPrePre6_BPre6_NStem	NStem_NStem_NStem
abo	PossConc6_PronStem2	CDEM02	PossConc6_PronStem2	PUNC
bo_nke	QuantConc2_QuantStem	QuantConc2_QuantStem	QuantConc2_QuantStem	NStem_NStem
aba_hlali	NPrePre2_BPre2_NStem	RelConc2_NStem	NPrePre2_BPre2_NStem	NStem_NStem
na_be_mi	AdvPre_NPrePre2_BPre2_NStem	AdvPre_BPre2_NStem	AdvPre_NPrePre2_BPre2_NStem	PUNC_PUNC_PUNC
okuba	PossConc6_Conj	Conj	PossConc6_Conj	PUNC
ba_phath_w_e	SC2_VRoot_PassExt_VerbTerm	SC2_VRoot_PassExt_VerbTerm	SC2_VRoot_PassExt_VerbTerm	NStem_VRoot_VRoot_VRoot
ng_oku_fan_a_yo	AdvPre_RelConc15_VRoot_VerbTerm_RelSuf	AdvPre_RelConc15_VRoot_VerbTerm_RelSuf	AdvPre_RelConc15_VRoot_VerbTerm_RelSuf	NStem_NStem_NStem_NStem_NStem
na_nge_si_dima	AdvPre_AdvPre_NPrePre7_BPre7_NStem	AdvPre_AdvPre_BPre7_NStem	AdvPre_AdvPre_NPrePre7_BPre7_NStem	NStem_NStem_NStem_NStem
ku_nga_kheth_w_a	SC15_Pot_VRoot_PassExt_VerbTerm	SC15_Pot_VRoot_PassExt_VerbTerm	SC15_Pot_VRoot_PassExt_VerbTerm	VRoot_VRoot_NStem_NStem_NStem
ng_oko_hlanga	AdvPre_AdvPre_NStem	AdvPre_AdvPre_BPre11	AdvPre_AdvPre_NStem	NStem_NStem_NStem
,	Punc	PUNC	Punc	PUNC
i_si_ni	NPrePre7_BPre7_NStem	NPrePre7_BPre7_NStem	NPrePre7_BPre7_NStem	NStem_NStem_NStem
,	Punc	PUNC	Punc	PUNC
u_bu_tyebi	NPrePre14_BPre14_NStem	NPrePre14_BPre14_NStem	NPrePre14_BPre14_NStem	NStem_NStem_NStem
okanye	Conj	Conj	Conj	PUNC
i_wo_ng_a	NPrePre5_NStem	SC9_PronStem3_VRoot_VerbTerm	NPrePre5_NStem	NStem_NStem_NStem_NStem
.	Punc	PUNC	Punc	PUNC
I__Municipal	NPrePre9_Foreign	NPrePre9_Foreign	NPrePre9_Foreign	PUNC_PUNC
Structures	Foreign	Foreign	Foreign	PUNC
Act	Foreign	Foreign	Foreign	PUNC
,	Punc	PUNC	Punc	NStem
1998	Num	NUM	Num	Conj
i_phawul_a	SC9_VRoot_VerbTerm	SC9_VRoot_VerbTerm	SC9_VRoot_VerbTerm	VRoot_VRoot_VRoot
u_kuba	Conj	SC2ps_Conj	Conj	Conj_PUNC
u_masipala	NPrePre1a_NStem	NPrePre1a_NStem	NPrePre1a_NStem	NStem_NStem
u_ne_lungelo	CopPre_CopPre_NPrePre5_NStem	CopPre_CopPre_NStem	CopPre_CopPre_NPrePre5_NStem	NStem_NStem_NStem
lo_ku_chith_a	PossConc5_NPrePre15_BPre15_VRoot_VerbTerm	PossConc5_BPre15_VRoot_VerbTerm	PossConc5_NPrePre15_BPre15_VRoot_VerbTerm	NStem_NStem_NStem_NStem
i_Komiti	NPrePre9_NStem	NPrePre9_NStem	NPrePre9_NStem	NStem_PUNC
ye_Wadi	PossConc9_NPrePre9_NStem	PossConc9_NStem	PossConc9_NPrePre9_NStem	NStem_NStem
xa	Conj	Conj	Conj	PUNC
i_silel_a	SC7_VRoot_VerbTerm	SC9_VRoot_VerbTerm	SC7_VRoot_VerbTerm	PUNC_PUNC_PUNC
e_ku_fez_e_ni	LocPre_NPrePre15_BPre15_VRoot_VerbTerm_LocSuf	LocPre_BPre15_VRoot_VerbTerm_VerbTerm	LocPre_NPrePre15_BPre15_VRoot_VerbTerm_LocSuf	NStem_NStem_NStem_NStem_NStem
i_n_jongo	NPrePre9_BPre9_NStem	NPrePre9_BPre9_NStem	NPrePre9_BPre9_NStem	NStem_NStem_NStem
ya_yo	PossConc9_PronStem9	PossConc9_PronStem9	PossConc9_PronStem9	PUNC_PUNC
.	Punc	PUNC	Punc	PUNC
Oku	Dem15_Pos1	CDEM15	Dem15_Pos1	PUNC
kw_enz_iw_a	BPre15_VRoot_PassExt_VerbTerm	SC15_VRoot_PassExt_VerbTerm	BPre15_VRoot_PassExt_VerbTerm	NStem_NStem_VRoot_NStem
ngakumbi	Adv	Adv	Adv	PUNC
xa	Conj	Conj	Conj	PUNC
i_Komiti	NPrePre9_NStem	NPrePre9_NStem	NPrePre9_NStem	NStem_NStem
ye_Wadi	PossConc9_NPrePre9_NStem	PossConc9_NStem	PossConc9_NPrePre9_NStem	NStem_NStem
i_nga_wu_phumez_a_nga	SC9_NegPre_OC3_VRoot_VerbTerm_NegPre	SC9_NegPre_OC3_VRoot_VerbTerm_NegPre	SC9_NegPre_OC3_VRoot_VerbTerm_NegPre	NStem_NStem_NStem_NStem_NStem_NStem
u_m_sebenzi	NPrePre3_BPre3_NStem	NPrePre3_BPre3_NStem	NPrePre3_BPre3_NStem	NStem_NStem_NStem
wa_yo	PossConc3_PronStem4	PossConc3_PronStem9	PossConc3_PronStem4	NStem_NStem
.	Punc	PUNC	Punc	NStem
Yi_n_to_ni	CopPre_BPre9_NStem_InterrogSuf	CopPre_BPre9_NStem_InterrogSuf	CopPre_BPre9_NStem_InterrogSuf	NStem_NStem_NStem_NStem
o_y_enz_a_yo	RelConc1_OC9_VRoot_VerbTerm_RelSuf	RelConc1_OC9_VRoot_VerbTerm_RelSuf	RelConc1_OC9_VRoot_VerbTerm_RelSuf	VRoot_VRoot_VRoot_NStem_VRoot
e_kw_enz_a	LocPre_NPrePre15_BPre15_VRoot_VerbTerm	RelConc9_BPre15_VRoot_VerbTerm	LocPre_NPrePre15_BPre15_VRoot_VerbTerm	NStem_NStem_NStem_NStem
ku_be_nzima	CopPre_CopPre_RelStem	CopPre_CopPre_RelStem	CopPre_CopPre_RelStem	NStem_NStem_NStem
u_ku_theth_a	NPrePre15_BPre15_VRoot_VerbTerm	NPrePre15_BPre15_VRoot_VerbTerm	NPrePre15_BPre15_VRoot_VerbTerm	NStem_NStem_NStem_NStem
?	Punc	PUNC	Punc	PUNC
Fund_a	VRoot_VerbTerm	VRoot_VerbTerm	VRoot_VerbTerm	NStem_NStem
u_fundo__nzulu	NPrePre11_NStem_NStem	NPrePre11_NStem_NStem	NPrePre11_NStem_NStem	NStem_NStem_NStem
olu_landel_a_yo	RelConc11_VRoot_VerbTerm_RelSuf	RelConc11_VRoot_VerbTerm_RelSuf	RelConc11_VRoot_VerbTerm_RelSuf	NStem_NStem_NStem_NStem
ma_lunga	Adv	BPre6_NStem	Adv	NStem_NStem
ne_si_ganeko	AdvPre_NPrePre7_BPre7_NStem	AdvPre_BPre7_NStem	AdvPre_NPrePre7_BPre7_NStem	NStem_NStem_NStem
.	Punc	PUNC	Punc	PUNC
U_M_BUZO	NPrePre3_BPre3_NStem	NPrePre3_BPre3_NStem	NPrePre3_BPre3_NStem	NStem_NStem_NStem
2	Num	NUM	Num	PUNC
Y_e_yi_phi	CopPre_RelConc9_EnumConc9_EnumStem	CopPre_RelConc9_EnumConc9_EnumStem	CopPre_RelConc9_EnumConc9_EnumStem	NStem_NStem_NStem_NStem
i_mi_ba	NPrePre4_BPre4_NStem	NPrePre4_BPre4_NStem	NPrePre4_BPre4_NStem	NStem_NStem_NStem
e_balulek_il_e_yo	RelConc4_VRoot_Perf_VerbTerm_RelSuf	RelConc9_VRoot_Perf_VerbTerm_RelSuf	RelConc4_VRoot_Perf_VerbTerm_RelSuf	VRoot_VRoot_VRoot_VRoot_VRoot
e_ku_funek_a	RelConc9_SC15_VRoot_VerbTerm	RelConc9_SC15_VRoot_VerbTerm	RelConc9_SC15_VRoot_VerbTerm	NStem_NStem_NStem_NStem
i_qulath_w_e	NPrePre4_VRoot_PassExt_VerbTerm	SC9_VRoot_PassExt_VerbTerm	NPrePre4_VRoot_PassExt_VerbTerm	NStem_VRoot_VRoot_NStem
kw_i__P_MS	LocPre_NPrePre9_Abbr	LocPre_NPrePre9_Abbr_Abbr	LocPre_NPrePre9_Abbr	NStem_NStem_NStem_NStem
?	Punc	PUNC	Punc	PUNC
U_bu_me	NPrePre14_BPre14_NStem	NPrePre14_BPre14_NStem	NPrePre14_BPre14_NStem	PUNC_PUNC_PUNC
bo_lawulo	PossConc14_NPrePre11_BPre11_NStem	PossConc14_BPre11	PossConc14_NPrePre11_BPre11_NStem	PUNC_PUNC
l_oku_si_ngqong_il_e_yo	PossConc11_RelConc15_OC1pp_VRoot_Perf_VerbTerm_RelSuf	PossConc11_RelConc15_OC1pp_VRoot_Perf_VerbTerm_RelSuf	PossConc11_RelConc15_OC1pp_VRoot_Perf_VerbTerm_RelSuf	VRoot_NStem_VRoot_VRoot_VRoot_VRoot_VRoot
.	Punc	PUNC	Punc	PUNC
U_phuhliso	NPrePre11_NStem	NPrePre11_NStem	NPrePre11_NStem	NStem_NStem
olu_ne_e_m_pembelelo	RelConc11_AdvPre_NPrePre9_BPre10_NStem	RelConc11_AdvPre_NPrePre9_BPre9_NStem	RelConc11_AdvPre_NPrePre9_BPre10_NStem	VRoot_VRoot_VRoot_VRoot_VRoot
z_oku_si_ngqong_il_e_yo	PossConc10_RelConc15_SC1pp_VRoot_Perf_VerbTerm_RelSuf	PossConc10_RelConc15_OC1pp_VRoot_Perf_VerbTerm_RelSuf	PossConc10_RelConc15_SC1pp_VRoot_Perf_VerbTerm_RelSuf	VRoot_VRoot_VRoot_VRoot_VRoot_VRoot_VRoot
oku_mandundu	RelConc15_RelStem	RelConc15_RelStem	RelConc15_RelStem	NStem_NStem
okanye	Conj	Conj	Conj	PUNC
okwa_s_e_ku_hlal_e_ni	RelConc15_PossConc15_PreLoc-s_LocPre_NPrePre15_BPre15_VRoot_VerbTerm_LocSuf	AdvPre_PreLocs_LocPre_BPre15_VRoot_VerbTerm_VerbTerm	RelConc15_PossConc15_PreLoc-s_LocPre_NPrePre15_BPre15_VRoot_VerbTerm_LocSuf	VRoot_VRoot_VRoot_VRoot_NStem_VRoot_VRoot
ku_fun_a	SC15_VRoot_VerbTerm	SC15_VRoot_VerbTerm	SC15_VRoot_VerbTerm	NStem_NStem_NStem
u_ku_phenjelel_w_a	NPrePre15_BPre15_VRoot_PassExt_VerbTerm	NPrePre15_BPre15_VRoot_PassExt_VerbTerm	NPrePre15_BPre15_VRoot_PassExt_VerbTerm	VRoot_NStem_NStem_VRoot_NStem
y_i_n_kxaso	CopPre_NPrePre9_BPre9_NStem	CopPre_NPrePre9_BPre9_NStem	CopPre_NPrePre9_BPre9_NStem	NStem_VRoot_NStem_NStem
e_ku_phucul_e_ni	LocPre_NPrePre15_BPre15_VRoot_VerbTerm_LocSuf	LocPre_BPre15_VRoot_VerbTerm_VerbTerm	LocPre_NPrePre15_BPre15_VRoot_VerbTerm_LocSuf	NStem_NStem_NStem_NStem_NStem
i_in_gingqi	NPrePre10_BPre10_NStem	NPrePre10_BPre10_NStem	NPrePre10_BPre10_NStem	NStem_NStem_NStem
ezi_nxulumen_e_yo	RelConc10_VRoot_VerbTerm_RelSuf	RelConc10_VRoot_VerbTerm_RelSuf	RelConc10_VRoot_VerbTerm_RelSuf	VRoot_VRoot_VRoot_VRoot
.	Punc	PUNC	Punc	PUNC
U_ku_thath_a	NPrePre15_BPre15_VRoot_VerbTerm	NPrePre15_BPre15_VRoot_VerbTerm	NPrePre15_BPre15_VRoot_VerbTerm	VRoot_VRoot_VRoot_VRoot
i_n_xaxheba	NPrePre9_BPre9_NStem	NPrePre9_BPre9_NStem	NPrePre9_BPre9_NStem	NStem_NStem_NStem
kwa_ba_hlali	PossConc15_NPrePre2_BPre2_NStem	PossConc15_BPre2_NStem	PossConc15_NPrePre2_BPre2_NStem	NStem_NStem_NStem
be_n_gingqi	PossConc2_NPrePre9_BPre9_NStem	PossConc2_BPre9_NStem	PossConc2_NPrePre9_BPre9_NStem	NStem_NStem_NStem
ku_m_sebenzi	LocPre_NPrePre3_BPre3_NStem	LocPre_BPre3_NStem	LocPre_NPrePre3_BPre3_NStem	NStem_VRoot_NStem
ka_masipala	PossKA_NStem	PossKA_NStem	PossKA_NStem	NStem_NStem
ku_qinisek_is_w_a	SC15_VRoot_CausExt_PassExt_VerbTerm	SC15_VRoot_CausExt_PassExt_VerbTerm	SC15_VRoot_CausExt_PassExt_VerbTerm	VRoot_VRoot_VRoot_VRoot_VRoot
ku_m_sebenzi	LocPre_NPrePre3_BPre3_NStem	LocPre_BPre3_NStem	LocPre_NPrePre3_BPre3_NStem	NStem_NStem_NStem
we_e_Komiti	PossConc1_NPrePre10_BPre10_NStem	PossConc1a_NPrePre9_NStem	PossConc1_NPrePre10_BPre10_NStem	NStem_NStem_NStem
ze_Wadi	PossConc10_NPrePre9_NStem	PossConc10_NStem	PossConc10_NPrePre9_NStem	NStem_NStem
kwaye	Conj	Conj	Conj	PUNC
ku_kho	CopPre_Adv	CopPre_Adv	CopPre_Adv	PUNC_PUNC
i_m_funeko	NPrePre9_BPre9_NStem	NPrePre9_BPre9_NStem	NPrePre9_BPre9_NStem	NStem_NStem_NStem
e_s_e_m_thethw_eni	RelConc9_PreLoc-s_LocPre_NPrePre3_BPre3_NStem_LocSuf	RelConc9_PreLocs_LocPre_BPre3_NStem_LocSuf	RelConc9_PreLoc-s_LocPre_NPrePre3_BPre3_NStem_LocSuf	NStem_VRoot_VRoot_VRoot_VRoot_NStem
yo_kuba	PossConc9_Conj	PossConc9_Conj	PossConc9_Conj	PUNC_PUNC
u_masipala	NPrePre1a_NStem	NPrePre1a_NStem	NPrePre1a_NStem	PUNC_PUNC
abandakanye	SC1a_VRoot_VerbTerm	Adv	SC1a_VRoot_VerbTerm	NStem
aba_hlali	NPrePre2_BPre2_NStem	RelConc2_NStem	NPrePre2_BPre2_NStem	NStem_NStem
be_n_gingqi	PossConc2_NPrePre9_BPre9_NStem	PossConc2_BPre9_NStem	PossConc2_NPrePre9_BPre9_NStem	PUNC_PUNC_PUNC
,	Punc	PUNC	Punc	PUNC
kw_i_i_Komiti	LocPre_NPrePre10_BPre10_NStem	LocPre_NPrePre10_BPre10_NStem	LocPre_NPrePre10_BPre10_NStem	NStem_NStem_NStem_NStem
ze_Wadi	PossConc10_NPrePre9_NStem	PossConc10_NStem	PossConc10_NPrePre9_NStem	NStem_NStem
,	Punc	PUNC	Punc	PUNC
e_ku_m_is_e_ni	LocPre_BPre15_VRoot_CausExt_VerbTerm_LocSuf	LocPre_BPre15_VRoot_CausExt_VerbTerm_VerbTerm	LocPre_BPre15_VRoot_CausExt_VerbTerm_LocSuf	NStem_NStem_NStem_NStem_NStem_NStem
i_i__K_PI	NPrePre10_BPre10_Abbr	NPrePre10_BPre10_Abbr_Abbr	NPrePre10_BPre10_Abbr	PUNC_PUNC_PUNC_PUNC
ne_e_thagethi	AdvPre_NPrePre10_BPre10_NStem	AdvPre_NPrePre9_NStem	AdvPre_NPrePre10_BPre10_NStem	VRoot_NStem_NStem
zo_kw_enz_iw_a	PossConc10_NPrePre15_BPre15_VRoot_PassExt_VerbTerm	PossConc10_BPre15_VRoot_PassExt_VerbTerm	PossConc10_NPrePre15_BPre15_VRoot_PassExt_VerbTerm	VRoot_VRoot_NStem_VRoot_VRoot
ko_m_sebenzi	PossConc15_NPrePre3_BPre3_NStem	PossConc15_BPre3_NStem	PossConc15_NPrePre3_BPre3_NStem	NStem_NStem_NStem
kw_a_kunye	AdvPre_Conj	SC15_Past_Conj	AdvPre_Conj	NStem_NStem_NStem
no_ku_qinisek_is_a	AdvPre_NPrePre15_BPre15_VRoot_CausExt_VerbTerm	AdvPre_BPre15_VRoot_CausExt_VerbTerm	AdvPre_NPrePre15_BPre15_VRoot_CausExt_VerbTerm	VRoot_VRoot_VRoot_VRoot_VRoot
u_ku_thath_a	NPrePre15_BPre15_VRoot_VerbTerm	NPrePre15_BPre15_VRoot_VerbTerm	NPrePre15_BPre15_VRoot_VerbTerm	NStem_NStem_NStem_NStem
i_n_xaxheba	NPrePre9_BPre9_NStem	NPrePre9_BPre9_NStem	NPrePre9_BPre9_NStem	NStem_NStem_NStem
kwa_ba_hlali	PossConc15_NPrePre2_BPre2_NStem	PossConc15_BPre2_NStem	PossConc15_NPrePre2_BPre2_NStem	NStem_NStem_NStem
e_ku_bek_e_ni	LocPre_NPrePre15_BPre15_VRoot_VerbTerm_LocSuf	LocPre_BPre15_VRoot_VerbTerm_LocSuf	LocPre_NPrePre15_BPre15_VRoot_VerbTerm_LocSuf	NStem_VRoot_NStem_VRoot_VRoot
e_sw_eni	LocPre_NStem_LocSuf	LocPre_NStem_LocSuf	LocPre_NStem_LocSuf	NStem_NStem_NStem
na_s_e_ku_hlel_e_ni	AdvPre_PreLoc-s_LocPre_NPrePre15_BPre15_VRoot_VerbTerm_LocSuf	AdvPre_PreLocs_LocPre_BPre15_VRoot_VerbTerm_ImpSuf	AdvPre_PreLoc-s_LocPre_NPrePre15_BPre15_VRoot_VerbTerm_LocSuf	VRoot_VRoot_VRoot_VRoot_VRoot_VRoot_VRoot
ng_oku_tsha	AdvPre_AdjPref15_AdjStem	AdvPre_AdjPref15_AdjStem	AdvPre_AdjPref15_AdjStem	NStem_NStem_NStem
oku	Dem15_Pos1	CDEM15	Dem15_Pos1	PUNC
.	Punc	PUNC	Punc	PUNC
Ahlaziy_e	SC6_VRoot_VerbTerm	VRoot_VerbTerm	SC6_VRoot_VerbTerm	NStem_NStem
rhoqo	Ideoph	Ideoph	Ideoph	NStem
i_in_gxelo	NPrePre10_BPre10_NStem	NPrePre10_BPre10_NStem	NPrePre10_BPre10_NStem	NStem_NStem_NStem
ngo_ku_qokelel_w_a	AdvPre_NPrePre15_BPre15_VRoot_PassExt_VerbTerm	AdvPre_BPre15_VRoot_PassExt_VerbTerm	AdvPre_NPrePre15_BPre15_VRoot_PassExt_VerbTerm	NStem_NStem_NStem_NStem_NStem
kwe_ngeniso	PossConc15_NPrePre9_NStem	PossConc15_NStem	PossConc15_NPrePre9_NStem	NStem_NStem
ye_bhunga	PossConc9_NPrePre5_NStem	PossConc9_NStem	PossConc9_NPrePre5_NStem	NStem_NStem
no_nikezelo	AdvPre_NPrePre11_BPre11_NStem	AdvPre_BPre11	AdvPre_NPrePre11_BPre11_NStem	NStem_NStem
lwe_e_n_konzo	PossConc11_NPrePre10_BPre10_NStem	PossConc11_NPrePre9_BPre9_NStem	PossConc11_NPrePre10_BPre10_NStem	NStem_NStem_NStem_NStem
.	Punc	PUNC	Punc	PUNC
U_bu_chule	NPrePre14_BPre14_NStem	NPrePre14_BPre14_NStem	NPrePre14_BPre14_NStem	NStem_NStem_NStem
no_kuba_na_kho	AdvPre_NPrePre15_BPre15_CopPre_CopPre_Adv	AdvPre_Conj_CopPre_Adv	AdvPre_NPrePre15_BPre15_CopPre_CopPre_Adv	PUNC_PUNC_PUNC_PUNC
kwe_e_n_qununu	PossConc15_NPrePre10_BPre10_NStem	PossConc15_NPrePre10_BPre9_NStem	PossConc15_NPrePre10_BPre10_NStem	VRoot_NStem_VRoot_NStem
ze_zi_kolo	PossConc10_NPrePre8_BPre8_NStem	PossConc10_BPre8_NStem	PossConc10_NPrePre8_BPre8_NStem	NStem_NStem_NStem
.	Punc	PUNC	Punc	PUNC
U_phawu	NPrePre11_NStem	NPrePre11_NStem	NPrePre11_NStem	NStem_NStem
olu_xhaphak_il_e_yo	RelConc11_VRoot_Perf_VerbTerm_RelSuf	RelConc11_VRoot_Perf_VerbTerm_RelSuf	RelConc11_VRoot_Perf_VerbTerm_RelSuf	NStem_VRoot_VRoot_NStem_NStem
lwe_si_kolo	PossConc11_NPrePre7_BPre7_NStem	PossConc11_BPre7_NStem	PossConc11_NPrePre7_BPre7_NStem	NStem_NStem_NStem
esi_qhuty_w_a	RelConc7_VRoot_PassExt_VerbTerm	RelConc7_VRoot_PassExt_VerbTerm	RelConc7_VRoot_PassExt_VerbTerm	NStem_NStem_NStem_NStem
kaku_hl_e	AdvPre_AdjStem	AdvPre_AdjStem_VerbTerm	AdvPre_AdjStem	PUNC_NStem_PUNC
b_u_bu_n_kokheli	CopPre_NPrePre14_BPre14_BPre9_NStem	CopPre_NPrePre14_BPre14_BPre9_NStem	CopPre_NPrePre14_BPre14_BPre9_NStem	NStem_NStem_NStem_NStem_NStem
.	Punc	PUNC	Punc	NStem
I_Sebe	NPrePre5_BPre5_NStem	NPrePre5_NStem	NPrePre5_BPre5_NStem	PUNC_PUNC
le_M_fundo	PossConc5_NPrePre9_BPre9_NStem	PossConc5_BPre9_NStem	PossConc5_NPrePre9_BPre9_NStem	NStem_NStem_NStem
esi_si_Seko	RelConc7_BPre7_NStem	RelConc7_BPre7_ProperName	RelConc7_BPre7_NStem	NStem_NStem_NStem
ku_tsha	AdvPre_AdjStem	AdvPre_AdjStem	AdvPre_AdjStem	NStem_NStem
nje	Adv	Adv	Adv	Conj
li_ndulul_e	SC5_VRoot_VerbTerm	SC5_VRoot_VerbTerm	SC5_VRoot_VerbTerm	NStem_NStem_NStem
i_n_kqubo	NPrePre9_BPre9_NStem	NPrePre9_BPre9_NStem	NPrePre9_BPre9_NStem	NStem_NStem_NStem
yo_ku_linganisel_a	PossConc9_NPrePre15_BPre15_VRoot_ApplExt_VerbTerm	PossConc9_BPre15_VRoot_VerbTerm	PossConc9_NPrePre15_BPre15_VRoot_ApplExt_VerbTerm	NStem_NStem_NStem_NStem
u_bu_chule	NPrePre14_BPre14_NStem	NPrePre14_BPre14_NStem	NPrePre14_BPre14_NStem	NStem_NStem_NStem
be_e_n_qununu	PossConc14_NPrePre10_BPre10_NStem	PossConc2_LocPre_BPre9_NStem	PossConc14_NPrePre10_BPre10_NStem	VRoot_VRoot_VRoot_VRoot
na_ma_sek_el_a	AdvPre_NPrePre6_BPre6_NStem	AdvPre_ImpPre_VRoot_ApplExt_VerbTerm	AdvPre_NPrePre6_BPre6_NStem	NStem_NStem_NStem_NStem_NStem
n_qununu	BPre9_NStem	BPre9_NStem	BPre9_NStem	NStem_NStem
,	Punc	PUNC	Punc	NStem
olu	Dem11_Pos1	CDEM11	Dem11_Pos1	PUNC
phononongo	NStem	NStem	NStem	NStem
lu_y_a	SC11_Fut	SC11_VRoot_VerbTerm	SC11_Fut	NStem_NStem_NStem
ku_nced_a	SC15_VRoot_VerbTerm	SC15_VRoot_VerbTerm	SC15_VRoot_VerbTerm	NStem_NStem_NStem
kananjalo	Adv	Adv	Adv	PUNC
e_ku_chong_e_ni	LocPre_NPrePre15_BPre15_VRoot_VerbTerm_LocSuf	LocPre_BPre15_VRoot_VerbTerm_VerbTerm	LocPre_NPrePre15_BPre15_VRoot_VerbTerm_LocSuf	NStem_NStem_VRoot_VRoot_VRoot
abo	Dem2_Pos2	CDEM02	Dem2_Pos2	PUNC
ba_sebenz_a	SC2_VRoot_VerbTerm	SC2_VRoot_VerbTerm	SC2_VRoot_VerbTerm	NStem_NStem_NStem
buthathaka	RelStem	RelStem	RelStem	NStem
,	Punc	PUNC	Punc	PUNC
ku_jong_w_e	SC15_VRoot_PassExt_VerbTerm	SC15_VRoot_PassExt_VerbTerm	SC15_VRoot_PassExt_VerbTerm	NStem_NStem_NStem_NStem
ku_ma_nqaku	LocPre_NPrePre6_BPre6_NStem	LocPre_BPre6_NStem	LocPre_NPrePre6_BPre6_NStem	VRoot_NStem_NStem
aba_fundi	NPrePre2_BPre2_NStem	RelConc2_NStem	NPrePre2_BPre2_NStem	PUNC_Conj
,	Punc	PUNC	Punc	PUNC
no_ku_vum_el_a	AdvPre_NPrePre15_BPre15_VRoot_ApplExt_VerbTerm	AdvPre_BPre15_VRoot_ApplExt_VerbTerm	AdvPre_NPrePre15_BPre15_VRoot_ApplExt_VerbTerm	NStem_NStem_NStem_NStem_NStem
i_n_kxaso	NPrePre9_BPre9_NStem	NPrePre9_BPre9_NStem	NPrePre9_BPre9_NStem	VRoot_VRoot_VRoot
e_fanel_ek_il_e_yo	RelConc4_VRoot_NeutExt_Perf_VerbTerm_RelSuf	RelConc9_VRoot_NeutExt_Perf_VerbTerm_RelSuf	RelConc4_VRoot_NeutExt_Perf_VerbTerm_RelSuf	NStem_NStem_VRoot_NStem_NStem_VRoot
kw_i_in_qununu	LocPre_NPrePre10_BPre10_NStem	LocPre_NPrePre10_BPre10_NStem	LocPre_NPrePre10_BPre10_NStem	NStem_VRoot_NStem_VRoot
n_oo_titshala	AdvPre_NPrePre2a_NStem	AdvPre_NPrePre2a_NStem	AdvPre_NPrePre2a_NStem	NStem_NStem_NStem
.	Punc	PUNC	Punc	NStem
I_in_qununu	NPrePre10_BPre10_NStem	NPrePre10_BPre10_NStem	NPrePre10_BPre10_NStem	NStem_NStem_NStem
ku_mel_e	SC15_AuxVStem	SC15_VRoot_VerbTerm	SC15_AuxVStem	NStem_NStem_NStem
zi_kheth_w_e	SC10_VRoot_PassExt_VerbTerm	SC10_VRoot_PassExt_VerbTerm	SC10_VRoot_PassExt_VerbTerm	VRoot_VRoot_VRoot_VRoot
ng_okwe_m_fanel_eko	AdvPre_AdvPre_NPrePre9_BPre9_NStem	AdvPre_AdvPre_BPre9_VRoot_NStem	AdvPre_AdvPre_NPrePre9_BPre9_NStem	NStem_NStem_NStem_NStem_NStem
e_m_sul_w_a	RelConc9_RelStem	RelConc9_OC1a_VRoot_PassExt_VerbTerm	RelConc9_RelStem	NStem_NStem_NStem_NStem_NStem
,	Punc	PUNC	Punc	PUNC
zi_nik_w_e	SC10_VRoot_PassExt_VerbTerm	SC10_VRoot_PassExt_VerbTerm	SC10_VRoot_PassExt_VerbTerm	NStem_NStem_NStem_NStem
a_ma_ndla	NPrePre6_BPre6_NStem	NPrePre6_BPre6_NStem	NPrePre6_BPre6_NStem	PUNC_PUNC_PUNC
a_ma_khulu	AdjPref6_AdjStem	NPrePre6_BPre6_NStem	AdjPref6_AdjStem	NStem_NStem_NStem
ku_lawulo	LocPre_NPrePre11_NStem	LocPre_NStem	LocPre_NPrePre11_NStem	NStem_NStem
lwe_si_kolo	PossConc11_NPrePre7_BPre7_NStem	PossConc11_BPre7_NStem	PossConc11_NPrePre7_BPre7_NStem	NStem_NStem_NStem
kwaye	Conj	Conj	Conj	PUNC
i_be	SC9_AuxVStem	CopPre_Cop	SC9_AuxVStem	PUNC_PUNC
zi_zo	CopPre_PronStem10	CopPre_PronStem10	CopPre_PronStem10	PUNC_PUNC
ezi_nik_a	RelConc10_VRoot_VerbTerm	RelConc10_VRoot_VerbTerm	RelConc10_VRoot_VerbTerm	NStem_NStem_NStem
i_n_gxelo	NPrePre9_BPre9_NStem	NPrePre9_BPre9_NStem	NPrePre9_BPre9_NStem	NStem_NStem_NStem
ngezi_phumo	AdvPre_NPrePre8_BPre8_NStem	AdvPre_BPre10	AdvPre_NPrePre8_BPre8_NStem	NStem_NStem
za_ba_ntw_ana	PossConc10_NPrePre2_BPre2_NStem_DimSuf	PossConc10_BPre2_NStem_DimSuf	PossConc10_NPrePre2_BPre2_NStem_DimSuf	NStem_NStem_NStem_NStem
.	Punc	PUNC	Punc	PUNC
Xa	Conj	Conj	Conj	PUNC
u_phuhl_is_a	SC2ps_VRoot_CausExt_VerbTerm	SC1_VRoot_CausExt_VerbTerm	SC2ps_VRoot_CausExt_VerbTerm	NStem_NStem_NStem_NStem
i_zin_to	NPrePre10_BPre10_NStem	NPrePre10_BPre10_NStem	NPrePre10_BPre10_NStem	NStem_NStem_NStem
ezi_phambili	RelConc10_Adv	RelConc10_Adv	RelConc10_Adv	NStem_NStem
kunye	Conj	Conj	Conj	PUNC
na_ba_hlali	AdvPre_NPrePre2_BPre2_NStem	AdvPre_BPre2_NStem	AdvPre_NPrePre2_BPre2_NStem	NStem_NStem_NStem
ku_lu_ncedo	CopPre_CopPre_NPrePre11_BPre11_NStem	LocPre_BPre11_NStem	CopPre_CopPre_NPrePre11_BPre11_NStem	NStem_NStem_NStem
u_ku_khuthaz_a	NPrePre15_BPre15_VRoot_VerbTerm	NPrePre15_BPre15_VRoot_VerbTerm	NPrePre15_BPre15_VRoot_VerbTerm	VRoot_VRoot_VRoot_VRoot
a_ma_lungu	NPrePre6_BPre6_NStem	NPrePre6_BPre6_NStem	NPrePre6_BPre6_NStem	NStem_NStem_NStem
aba_hlali	PossConc6_BPre2_NStem	RelConc2_NStem	PossConc6_BPre2_NStem	NStem_NStem
u_kuba	Conj	NPrePre15_Conj	Conj	PUNC_PUNC
ba_cinge	SC2_VRoot_VerbTerm	PossConc2_NStem	SC2_VRoot_VerbTerm	NStem_NStem
banzi	RelStem	RelStem	RelStem	NStem
kwaye	Conj	Conj	Conj	PUNC
ba_qwalasel_e	SC2_VRoot_VerbTerm	SC2_VRoot_VerbTerm	SC2_VRoot_VerbTerm	NStem_NStem_NStem
i_im_funo	NPrePre10_BPre10_NStem	NPrePre10_BPre10_NStem	NPrePre10_BPre10_NStem	NStem_NStem_NStem
ze_thuba	PossConc10_NPrePre5_BPre5_NStem	PossConc10_BPre5	PossConc10_NPrePre5_BPre5_NStem	PUNC_PUNC
eli_futshane	AdjPref5_AdjStem	AdjPref5_AdjStem	AdjPref5_AdjStem	NStem_NStem
,	Punc	PUNC	Punc	PUNC
eli_phakathi	RelConc5_Adv	RelConc5_Adv	RelConc5_Adv	NStem_NStem
n_eli_de	AdvPre_AdjPref5_AdjStem	AdvPre_AdjPref5_AdjStem	AdvPre_AdjPref5_AdjStem	PUNC_PUNC_PUNC
.	Punc	PUNC	Punc	PUNC
I_i__K_PI	NPrePre10_BPre10_Abbr	NPrePre10_BPre10_Abbr_Abbr	NPrePre10_BPre10_Abbr	NStem_NStem_NStem_NStem
zi_sebenz_a	SC10_VRoot_VerbTerm	SC10_VRoot_VerbTerm	SC10_VRoot_VerbTerm	NStem_NStem_NStem
kw_i_i_yunithi	LocPre_NPrePre10_BPre10_NStem	LocPre_NPrePre10_BPre10_NStem	LocPre_NPrePre10_BPre10_NStem	NStem_NStem_NStem_NStem
zo_lawulo	PossConc10_NPrePre11_BPre11_NStem	PossConc10_BPre11	PossConc10_NPrePre11_BPre11_NStem	NStem_NStem
lu_ka_masipala	PossConc11_PossKA_NStem	PossConc11_PossKA_NStem	PossConc11_PossKA_NStem	NStem_NStem_NStem
na_ba_sebenzi	AdvPre_NPrePre2_BPre2_NStem	AdvPre_BPre2_NStem	AdvPre_NPrePre2_BPre2_NStem	NStem_NStem_NStem
,	Punc	PUNC	Punc	NStem
kw_a_kunye	AdvPre_Conj	SC15_Past_Conj	AdvPre_Conj	PUNC_PUNC_PUNC
na_si_phi_na	AdvPre_EnumConc7_EnumStem_Interrog	AdvPre_EnumConc7_EnumStem_Interrog	AdvPre_EnumConc7_EnumStem_Interrog	NStem_NStem_NStem_NStem
i_si_bonelelo	NPrePre7_BPre7_NStem	NPrePre7_BPre7_NStem	NPrePre7_BPre7_NStem	NStem_NStem_NStem
si_ka_masipala	PossConc7_PossKA_NStem	PossConc7_PossKA_NStem	PossConc7_PossKA_NStem	NStem_VRoot_NStem
no_m_nikezel_i	AdvPre_NPrePre3_BPre3_NStem	AdvPre_BPre3_VRoot_VerbTerm	AdvPre_NPrePre3_BPre3_NStem	NStem_VRoot_NStem_NStem
we_e_n_konzo	PossConc1_NPrePre10_BPre10_NStem	PossConc3_NPrePre9_BPre9_NStem	PossConc1_NPrePre10_BPre10_NStem	NStem_NStem_NStem_VRoot
u_masipala	NPrePre1a_NStem	NPrePre1a_NStem	NPrePre1a_NStem	NStem_NStem
a_ne_si_vumelwano	RelConc6_AdvPre_NPrePre7_BPre7_NStem	RelConc6_AdvPre_BPre7_NStem	RelConc6_AdvPre_NPrePre7_BPre7_NStem	NStem_VRoot_VRoot_NStem
so_nikezelo	PossConc7_NPrePre11_BPre11_NStem	PossConc7_BPre11	PossConc7_NPrePre11_BPre11_NStem	NStem_NStem
lwe_e_n_konzo	PossConc11_NPrePre10_BPre10_NStem	PossConc11_NPrePre9_BPre9_NStem	PossConc11_NPrePre10_BPre10_NStem	NStem_NStem_NStem_NStem
na_so	AdvPre_PronStem7	AdvPre_PronStem7	AdvPre_PronStem7	PUNC_PUNC
.	Punc	PUNC	Punc	PUNC
Oo_masipala	NPrePre2a_NStem	NPrePre2a_NStem	NPrePre2a_NStem	NStem_NStem
ba_ne_mi_dla	CopPre_AdvPre_NPre4_BPre4_NStem	BPre2_CopPre_BPre4_NStem	CopPre_AdvPre_NPre4_BPre4_NStem	NStem_NStem_NStem_NStem
e_yo_hluken_e_yo	RelConc4_Pres_VRoot_VerbTerm_RelSuf	RelConc4_Pres_VRoot_VerbTerm_RelSuf	RelConc4_Pres_VRoot_VerbTerm_RelSuf	NStem_VRoot_NStem_NStem_NStem
kwaye	Conj	Conj	Conj	PUNC
ba_nga_fuman_is_a	SC2_Pot_VRoot_CausExt_VerbTerm	SC2_Pot_VRoot_CausExt_VerbTerm	SC2_Pot_VRoot_CausExt_VerbTerm	NStem_NStem_NStem_NStem_NStem
u_kuba	Conj	NPrePre15_Conj	Conj	PUNC_PUNC
ba_ya_khuphisan_a	SC2_Pres_VRoot_VerbTerm	SC2_Pres_VRoot_VerbTerm	SC2_Pres_VRoot_VerbTerm	VRoot_VRoot_VRoot_VRoot
om_nye	AdjPref1_AdjStem	AdjPref3_AdjStem	AdjPref1_AdjStem	PUNC_PUNC
n_om_nye	AdvPre_AdjPref1_AdjStem	AdvPre_AdjPref1_AdjStem	AdvPre_AdjPref1_AdjStem	NStem_NStem_NStem
.	Punc	PUNC	Punc	PUNC
I__P_MS	NPrePre9_Abbr	NPrePre9_Abbr_Abbr	NPrePre9_Abbr	NStem_NStem_NStem
ku_funek_a	SC15_VRoot_VerbTerm	SC15_VRoot_VerbTerm	SC15_VRoot_VerbTerm	NStem_NStem_NStem
i_quk_e	SC9_VRoot_VerbTerm	SC9_VRoot_VerbTerm	SC9_VRoot_VerbTerm	NStem_NStem_NStem
i_si_ninzi	NPrePre7_BPre7_AdjStem	NPrePre7_BPre7_AdjStem	NPrePre7_BPre7_AdjStem	NStem_NStem_NStem
sa_le	PossConc7_Dem4_Pos1	PossConc7_CDEM09	PossConc7_Dem4_Pos1	PUNC_PUNC
mi_dla	BPre4_NStem	BPre4_NStem	BPre4_NStem	PUNC_PUNC
njeng_oko	AdvPre_Dem15_Pos2	AdvPre_Adv	AdvPre_Dem15_Pos2	PUNC_PUNC
i_phil_a	SC9_VRoot_VerbTerm	SC9_VRoot_VerbTerm	SC9_VRoot_VerbTerm	NStem_NStem_NStem
kwaye	Conj	Conj	Conj	PUNC
i_no_ku_gcin_ek_a	SC9_AdvPre_NPrePre15_BPre15_VRoot_NeutExt_VerbTerm	SC9_AdvPre_BPre15_VRoot_NeutExt_VerbTerm	SC9_AdvPre_NPrePre15_BPre15_VRoot_NeutExt_VerbTerm	VRoot_VRoot_NStem_VRoot_VRoot_VRoot
.	Punc	PUNC	Punc	PUNC
Ku_ya	SC15_Fut	SC15_Fut	SC15_Fut	PUNC_PUNC
ku_ba_kho	CopPre_CopPre_Adv	CopPre_CopPre_Adv	CopPre_CopPre_Adv	NStem_NStem_NStem
ne_e_m_funo	AdvPre_NPrePre10_BPre10_NStem	AdvPre_NPrePre9_BPre9_NStem	AdvPre_NPrePre10_BPre10_NStem	NStem_NStem_NStem_NStem
ez_ahluken_e_yo	RelConc10_VRoot_VerbTerm_RelSuf	RelConc10_VRoot_VerbTerm_RelSuf	RelConc10_VRoot_VerbTerm_RelSuf	NStem_VRoot_NStem_VRoot
kw_i_mi_mandla	LocPre_NPrePre4_BPre4_NStem	LocPre_NPrePre4_BPre4_NStem	LocPre_NPrePre4_BPre4_NStem	NStem_NStem_NStem_NStem
e_s_e_ma_phandle_ni	RelConc4_PreLoc-s_LocPre_NPrePre6_BPre6_NStem_LocSuf	RelConc9_PreLocs_LocPre_BPre6_NStem_LocSuf	RelConc4_PreLoc-s_LocPre_NPrePre6_BPre6_NStem_LocSuf	VRoot_NStem_NStem_NStem_NStem_NStem
xa	Conj	Conj	Conj	PUNC
ku_thelekis_w_a	SC15_VRoot_PassExt_VerbTerm	SC15_VRoot_PassExt_VerbTerm	SC15_VRoot_PassExt_VerbTerm	NStem_NStem_NStem_NStem
n_oo_masipala	AdvPre_NPrePre2a_NStem	AdvPre_NPrePre2a_NStem	AdvPre_NPrePre2a_NStem	NStem_NStem_VRoot
ba_s_e_zi_doloph_ini	PossConc2_PreLoc-s_LocPre_BPre10_NStem_LocSuf	PossConc2_PreLocs_LocPre_BPre10_NStem_LocSuf	PossConc2_PreLoc-s_LocPre_BPre10_NStem_LocSuf	VRoot_VRoot_NStem_VRoot_NStem_VRoot
.	Punc	PUNC	Punc	PUNC
A_ba_thathi__n_xaxheba	NPrePre2_BPre2_NStem_BPre9_NStem	NPrePre2_BPre2_NStem_BPre9_NStem	NPrePre2_BPre2_NStem_BPre9_NStem	VRoot_NStem_VRoot_VRoot_VRoot
ba_sebenz_is_a	SC2_VRoot_CausExt_VerbTerm	SC2_VRoot_CausExt_VerbTerm	SC2_VRoot_CausExt_VerbTerm	NStem_NStem_NStem_NStem
u_m_zekelo	NPrePre3_BPre3_NStem	NPrePre3_BPre3_NStem	NPrePre3_BPre3_NStem	NStem_NStem_NStem
wo_phando	PossConc3_NPrePre11_BPre11_NStem	PossConc3_BPre11	PossConc3_NPrePre11_BPre11_NStem	NStem_NStem
lwa_kwa__S_e_ymour	PossConc11_PossConc15_ProperName	PossConc11_PossConc15_PreLocs_LocPre_NStem	PossConc11_PossConc15_ProperName	VRoot_NStem_VRoot_NStem_NStem
.	Punc	PUNC	Punc	PUNC
U_ku_khul_a	NPrePre15_BPre15_VRoot_VerbTerm	NPrePre15_BPre15_VRoot_VerbTerm	NPrePre15_BPre15_VRoot_VerbTerm	NStem_PUNC_NStem_NStem
oku_na_ma_ndla	RelConc15_AdvPre_NPrePre6_BPre6_NStem	RelConc15_CopPre_BPre6_NStem	RelConc15_AdvPre_NPrePre6_BPre6_NStem	NStem_NStem_NStem_NStem
kwa_s_e__Afrika	PossConc15_PreLoc-s_LocPre_ProperName	PossConc15_PreLocs_LocPre_ProperName	PossConc15_PreLoc-s_LocPre_ProperName	NStem_NStem_NStem_NStem
na_ko	AdvPre_PronStem15	AdvPre_PronStem15	AdvPre_PronStem15	PUNC_PUNC
ku_bonelel_a	SC15_VRoot_VerbTerm	SC15_VRoot_VerbTerm	SC15_VRoot_VerbTerm	NStem_NStem_NStem
nga_ma_thuba	AdvPre_NPrePre6_BPre6_NStem	AdvPre_BPre6_NStem	AdvPre_NPrePre6_BPre6_NStem	NStem_NStem_NStem
kw_i_mi_zi__m_veliso	LocPre_NPrePre4_BPre4_NStem_BPre9_NStem	LocPre_NPrePre4_BPre4_NStem_BPre9_NStem	LocPre_NPrePre4_BPre4_NStem_BPre9_NStem	VRoot_NStem_VRoot_NStem_VRoot_NStem
na_ma_shishini	AdvPre_NPrePre6_BPre6_NStem	AdvPre_BPre6_NStem	AdvPre_NPrePre6_BPre6_NStem	NStem_NStem_NStem
a_s_e_Mzantsi	PossConc6_PreLoc-s_LocPre_ProperName	PossConc6_PreLocs_LocPre_ProperName	PossConc6_PreLoc-s_LocPre_ProperName	NStem_NStem_NStem_NStem
Afrika	ProperName	ProperName	ProperName	PUNC
,	Punc	PUNC	Punc	PUNC
a_th_e	SC6_VRoot_VerbTerm	SC6_VRoot_VerbTerm	SC6_VRoot_VerbTerm	PUNC_NStem_PUNC
a_ne_galelo	RelConc6_CopPre_NPrePre5_BPre5_NStem	RelConc6_CopPre_BPre5	RelConc6_CopPre_NPrePre5_BPre5_NStem	NStem_NStem_NStem
ku_phuhliso	LocPre_NPrePre11_BPre11_NStem	LocPre_BPre11	LocPre_NPrePre11_BPre11_NStem	NStem_NStem
ngo_ku_tyala	AdvPre_NPrePre15_BPre15_VRoot_VerbTerm	AdvPre_BPre15_NStem	AdvPre_NPrePre15_BPre15_VRoot_VerbTerm	NStem_NStem_NStem
i_mali	NPrePre9_NStem	NPrePre9_NStem	NPrePre9_NStem	NStem_NStem
ku_thungelwano	LocPre_NPrePre11_BPre11_NStem	LocPre_BPre11	LocPre_NPrePre11_BPre11_NStem	NStem_NStem
ngo_cingo	AdvPre_NPrePre11_BPre11_NStem	AdvPre_BPre11	AdvPre_NPrePre11_BPre11_NStem	NStem_PUNC
,	Punc	PUNC	Punc	NStem
kw_e_ze_bhanki	LocPre_RelConc8_PossConc8_NPrePre9_NStem	PossConc15_RelConc8_PossConc8_NStem	LocPre_RelConc8_PossConc8_NPrePre9_NStem	NStem_NStem_NStem_NStem
,	Punc	PUNC	Punc	PUNC
kw_i_mi_godi	LocPre_NPrePre4_BPre4_NStem	LocPre_NPrePre4_BPre4_NStem	LocPre_NPrePre4_BPre4_NStem	NStem_NStem_NStem_NStem
,	Punc	PUNC	Punc	PUNC
ku_lw_akhiwo	LocPre_NPrePre11_BPre11_NStem	LocPre_BPre11_NStem	LocPre_NPrePre11_BPre11_NStem	NStem_NStem_NStem
na_kw_i_n_tengiso	AdvPre_LocPre_NPrePre9_BPre9_NStem	AdvPre_LocPre_NPrePre9_BPre9_NStem	AdvPre_LocPre_NPrePre9_BPre9_NStem	NStem_NStem_NStem_NStem_NStem
.	Punc	PUNC	Punc	PUNC
U_bu_dlelane	NPrePre14_BPre14_NStem	NPrePre14_BPre14_NStem	NPrePre14_BPre14_NStem	NStem_NStem_NStem
obusondel_elen_e_yo	RelConc14_VRoot_ApplExt_RecipExt_VerbTerm_RelSuf	VRoot_ApplExt_VerbTerm_RelSuf	RelConc14_VRoot_ApplExt_RecipExt_VerbTerm_RelSuf	VRoot_VRoot_VRoot_NStem
phakathi	Adv	Adv	Adv	PUNC
kwa_ma_zwe	PossConc15_NPrePre6_BPre6_NStem	PossConc15_BPre6_NStem	PossConc15_NPrePre6_BPre6_NStem	NStem_NStem_NStem
,	Punc	PUNC	Punc	PUNC
i_mi_zi__m_veliso	NPrePre4_BPre4_NStem_BPre3_NStem	NPrePre4_BPre4_NStem_BPre9_NStem	NPrePre4_BPre4_NStem_BPre3_NStem	NStem_NStem_NStem_NStem_NStem
na_ba_ntu	AdvPre_NPrePre2_BPre2_NStem	AdvPre_BPre2_NStem	AdvPre_NPrePre2_BPre2_NStem	NStem_NStem_NStem
bu_ya	SC14_Fut	SC14_Fut	SC14_Fut	PUNC_PUNC
kw_enz_a	SC15_VRoot_VerbTerm	SC15_VRoot_VerbTerm	SC15_VRoot_VerbTerm	NStem_NStem_NStem
nzulu	RelStem	RelStem	RelStem	PUNC
i_n_tlanganisel_a	NPrePre9_BPre9_NStem	SC9_BPre9_VRoot_VerbTerm	NPrePre9_BPre9_NStem	VRoot_VRoot_VRoot_VRoot
yo_qoqosho	PossConc9_NPrePre11_BPre11_NStem	PossConc9_BPre11	PossConc9_NPrePre11_BPre11_NStem	NStem_NStem
na_s_e_ku_hlal_e_ni	AdvPre_PreLoc-s_LocPre_NPrePre15_BPre15_VRoot_VerbTerm_LocSuf	AdvPre_PreLocs_LocPre_BPre15_VRoot_VerbTerm_VerbTerm	AdvPre_PreLoc-s_LocPre_NPrePre15_BPre15_VRoot_VerbTerm_LocSuf	VRoot_VRoot_VRoot_NStem_NStem_VRoot_VRoot
,	Punc	PUNC	Punc	PUNC
bu_ne_galelo	CopPre_CopPre_NPrePre5_BPre5_NStem	CopPre_CopPre_BPre5	CopPre_CopPre_NPrePre5_BPre5_NStem	NStem_NStem_NStem
ku_ma_zinga	LocPre_NPrePre6_BPre6_NStem	LocPre_BPre6_NStem	LocPre_NPrePre6_BPre6_NStem	NStem_NStem_NStem
a_phezulu	RelConc6_Adv	RelConc6_Adv	RelConc6_Adv	NStem_NStem
oku_khul_a	PossConc6_NPrePre15_BPre15_VRoot_VerbTerm	RelConc15_VRoot_VerbTerm	PossConc6_NPrePre15_BPre15_VRoot_VerbTerm	NStem_NStem_NStem
no_phuhliso	AdvPre_NPrePre11_BPre11_NStem	AdvPre_BPre11	AdvPre_NPrePre11_BPre11_NStem	NStem_NStem
.	Punc	PUNC	Punc	NStem
U_lu_vo	NPrePre11_BPre11_NStem	NPrePre11_BPre11_NStem	NPrePre11_BPre11_NStem	NStem_NStem_NStem
no_ku_khol_el_w_a	AdvPre_NPrePre15_BPre15_VRoot_ApplExt_PassExt_VerbTerm	AdvPre_BPre15_VRoot_ApplExt_PassExt_VerbTerm	AdvPre_NPrePre15_BPre15_VRoot_ApplExt_PassExt_VerbTerm	NStem_NStem_NStem_NStem_NStem_NStem
_	Punc		Punc	
nik_a	VRoot_VerbTerm	VRoot_VerbTerm	VRoot_VerbTerm	PUNC_PUNC
u_m_zekelo	NPrePre3_BPre3_NStem	NPrePre3_BPre3_NStem	NPrePre3_BPre3_NStem	NStem_NStem_NStem
ku_bomi	LocPre_NPrePre14_BPre14_NStem	LocPre_BPre14	LocPre_NPrePre14_BPre14_NStem	NStem_NStem
ba_kho	PossConc14_PossPron	PossConc2_PossPron	PossConc14_PossPron	NStem_PUNC
be_mi_hla	PossConc14_NPrePre4_BPre4_NStem	PossConc14_BPre4_NStem	PossConc14_NPrePre4_BPre4_NStem	NStem_NStem_NStem
nge_mi_hla	AdvPre_NPrePre4_BPre4_NStem	AdvPre_BPre4_NStem	AdvPre_NPrePre4_BPre4_NStem	PUNC_PUNC_PUNC
a_pho	Dem16_Pos2	PossConc6_PossPron	Dem16_Pos2	PUNC_PUNC
oku	Dem15_Pos1	CDEM15	Dem15_Pos1	Conj
ku_be	CopPre_Cop	CopPre_Cop	CopPre_Cop	PUNC_PUNC
ne_m_pembelelo	CopPre_NPrePre9_BPre9_NStem	AdvPre_BPre9_NStem	CopPre_NPrePre9_BPre9_NStem	NStem_NStem_NStem
kw_i_m_pendulo	LocPre_NPrePre9_BPre9_NStem	LocPre_NPrePre9_BPre9_NStem	LocPre_NPrePre9_BPre9_NStem	NStem_VRoot_NStem_NStem
ya_kho	PossConc9_PossPron	PossConc9_PossPron	PossConc9_PossPron	PUNC_PUNC
ku_ngquzulwano	LocPre_NPrePre11_NStem	LocPre_NStem	LocPre_NPrePre11_NStem	NStem_NStem
.	Punc	PUNC	Punc	PUNC
U_vandlakanyo	NPrePre11_NStem	NPrePre11_NStem	NPrePre11_NStem	NStem_NStem
lwe_e_m_funo	PossConc11_NPrePre10_BPre10_NStem	PossConc11_NPrePre10_BPre9_NStem	PossConc11_NPrePre10_BPre10_NStem	NStem_NStem_NStem_NStem
no_phando	AdvPre_NPrePre11_BPre11_NStem	AdvPre_BPre11	AdvPre_NPrePre11_BPre11_NStem	NStem_NStem
ng_okw_enz_ek_a	AdvPre_NPrePre15_SC15_VRoot_NeutExt_VerbTerm	AdvPre_RelConc15_VRoot_NeutExt_VerbTerm	AdvPre_NPrePre15_SC15_VRoot_NeutExt_VerbTerm	NStem_VRoot_VRoot_VRoot_VRoot
_	Punc		Punc	
u_ku_khangel_a	NPrePre15_BPre15_VRoot_VerbTerm	NPrePre15_BPre15_VRoot_VerbTerm	NPrePre15_BPre15_VRoot_VerbTerm	NStem_NStem_NStem_NStem
u_kuba	Conj	NPre15_Conj	Conj	PUNC_PUNC
z_i_in_to_ni	CopPre_NPrePre10_BPre10_NStem_InterrogSuf	CopPre_NPrePre10_BPre10_NStem_InterrogSuf	CopPre_NPrePre10_BPre10_NStem_InterrogSuf	NStem_NStem_NStem_VRoot_NStem
na	Interrog	Interrog	Interrog	PUNC
e_ku_funek_a	RelConc10_SC15_VRoot_VerbTerm	RelConc9_SC15_VRoot_VerbTerm	RelConc10_SC15_VRoot_VerbTerm	NStem_NStem_NStem_NStem
z_enz_iw_e	SC10_VRoot_PassExt_VerbTerm	SC10_VRoot_PassExt_VerbTerm	SC10_VRoot_PassExt_VerbTerm	NStem_NStem_NStem_NStem
no_kuba	AdvPre_Conj	AdvPre_Conj	AdvPre_Conj	PUNC_PUNC
ng_aba	Conj	CopPre_RelConc2	Conj	PUNC_PUNC
ku_z_a	SC15_AuxVStem	SC15_VRoot_VerbTerm	SC15_AuxVStem	NStem_NStem_NStem
ku_kw_az_ek_a	SC15_SC15_VRoot_NeutExt_VerbTerm	SC15_BPre15_VRoot_NeutExt_VerbTerm	SC15_SC15_VRoot_NeutExt_VerbTerm	NStem_NStem_NStem_NStem_NStem
ka_ngakanani	AdvPre_Interrog	AdvPre_Interrog	AdvPre_Interrog	NStem_NStem
na	Interrog	Interrog	Interrog	PUNC
u_ku_qhuba	NPrePre15_SC15_VRoot_VerbTerm	NPrePre15_BPre15_NStem	NPrePre15_SC15_VRoot_VerbTerm	NStem_NStem_NStem
le	Dem9_Pos1	CDEM09	Dem9_Pos1	PUNC
projekthi	NStem	NStem	NStem	PUNC
,	Punc	PUNC	Punc	PUNC
kwaye	Conj	Conj	Conj	Conj
ke	Conj	Conj	Conj	Conj
esi	Dem7_Pos1	CDEM07	Dem7_Pos1	PUNC
si_gaba	BPre7_NStem	BPre7_NStem	BPre7_NStem	PUNC_PUNC
s_az_iw_a	SC7_VRoot_PassExt_VerbTerm	SC7_VRoot_PassExt_VerbTerm	SC7_VRoot_PassExt_VerbTerm	NStem_NStem_NStem_NStem
ngo_kuba	AdvPre_Conj	AdvPre_Conj	AdvPre_Conj	NStem_NStem
s_i_si_gaba	CopPre_NPrePre7_BPre7_NStem	CopPre_NPrePre7_BPre7_NStem	CopPre_NPrePre7_BPre7_NStem	NStem_NStem_NStem_NStem
so_ku_khangel_a	PossConc7_NPrePre15_BPre15_VRoot_VerbTerm	PossConc7_BPre15_VRoot_VerbTerm	PossConc7_NPrePre15_BPre15_VRoot_VerbTerm	NStem_NStem_NStem_NStem
okanye	Conj	Conj	Conj	PUNC
so_hlalutyo	PossConc7_NPrePre11_NStem	PossConc7_BPre11	PossConc7_NPrePre11_NStem	NStem_NStem
okanye	Conj	Conj	Conj	PUNC
i_si_gaba	NPrePre7_BPre7_NStem	NPrePre7_BPre7_NStem	NPrePre7_BPre7_NStem	PUNC_PUNC_PUNC
so_ku_cwangcis_a	PossConc7_NPrePre15_SC15_VRoot_VerbTerm	PossConc7_BPre15_VRoot_VerbTerm	PossConc7_NPrePre15_SC15_VRoot_VerbTerm	NStem_NStem_NStem_NStem
i_zi_phumo	NPrePre8_BPre8_NStem	NPrePre8_BPre8_NStem	NPrePre8_BPre8_NStem	NStem_NStem_NStem
.	Punc	PUNC	Punc	PUNC
Chaz_a	VRoot_VerbTerm	VRoot_VerbTerm	VRoot_VerbTerm	NStem_NStem
u_lw_az_i	NPrePre11_BPre11_NStem	NPrePre11_BPre11_VRoot_VerbTerm	NPrePre11_BPre11_NStem	NStem_NStem_NStem_NStem
ku_ma_nqaku	LocPre_NPrePre6_BPre6_NStem	LocPre_BPre6_NStem	LocPre_NPrePre6_BPre6_NStem	VRoot_NStem_NStem
nge_zi_fundo	AdvPre_NPrePre8_BPre8_NStem	AdvPre_BPre8_NStem	AdvPre_NPrePre8_BPre8_NStem	PUNC_PUNC_PUNC
u_ku_suk_a	NPrePre15_BPre15_VRoot_VerbTerm	NPrePre15_BPre15_VRoot_VerbTerm	NPrePre15_BPre15_VRoot_VerbTerm	NStem_NStem_NStem_NStem
ku__3.1	LocPre_Num	LocPre_Num	LocPre_Num	PUNC_PUNC
u_ku_ya	NPrePre15_BPre15_VRoot_VerbTerm	NPrePre15_BPre15_Fut	NPrePre15_BPre15_VRoot_VerbTerm	PUNC_PUNC_PUNC
ku__3._2	LocPre_Num	LocPre_Num_Num	LocPre_Num	PUNC_PUNC_PUNC
.	Punc	PUNC	Punc	PUNC
U_thutho	NPrePre11_NStem	NPrePre11_NStem	NPrePre11_NStem	NStem_NStem
lo_lu_ntu	PossConc11_NPrePre11_BPre11_NStem	PossConc5_BPre11_NStem	PossConc11_NPrePre11_BPre11_NStem	NStem_NStem_NStem
ne_e_n_kqubo	AdvPre_NPrePre10_BPre10_NStem	AdvPre_NPrePre9_BPre9_NStem	AdvPre_NPrePre10_BPre10_NStem	NStem_NStem_NStem_NStem
,	Punc	PUNC	Punc	NStem
ku_quk_a	SC15_VRoot_VerbTerm	SC15_VRoot_VerbTerm	SC15_VRoot_VerbTerm	NStem_NStem_NStem
no_ku_hlaziy_w_a	AdvPre_NPrePre15_BPre15_VRoot_PassExt_VerbTerm	AdvPre_BPre15_VRoot_PassExt_VerbTerm	AdvPre_NPrePre15_BPre15_VRoot_PassExt_VerbTerm	VRoot_VRoot_VRoot_VRoot_VRoot
ko_ololiw_e	PossConc15_NPrePre2a_NStem	PossConc15_VRoot_VerbTerm	PossConc15_NPrePre2a_NStem	NStem_NStem_NStem
aba_khwel_w_a	RelConc2a_VRoot_PassExt_VerbTerm	RelConc2_VRoot_PassExt_VerbTerm	RelConc2a_VRoot_PassExt_VerbTerm	NStem_NStem_NStem_NStem
ng_a_ba_ntu	AdvPre_NPrePre2_BPre2_NStem	CopPre_NPrePre2_BPre2_NStem	AdvPre_NPrePre2_BPre2_NStem	NStem_NStem_NStem_NStem
,	Punc	PUNC	Punc	PUNC
ku_xhas_w_a	SC15_VRoot_PassExt_VerbTerm	SC15_VRoot_PassExt_VerbTerm	SC15_VRoot_PassExt_VerbTerm	NStem_NStem_NStem_VRoot
nga_ma_khonkco	AdvPre_NPrePre6_BPre6_NStem	AdvPre_BPre6_NStem	AdvPre_NPrePre6_BPre6_NStem	NStem_NStem_NStem
a_phakany_is_iw_e_yo	RelConc6_VRoot_PassExt_VerbTerm_RelSuf	RelConc6_VRoot_CausExt_PassExt_VerbTerm_RelSuf	RelConc6_VRoot_PassExt_VerbTerm_RelSuf	VRoot_VRoot_VRoot_VRoot_NStem_NStem
ne_e_n_konzo	AdvPre_NPrePre10_BPre10_NStem	AdvPre_NPrePre10_BPre9_NStem	AdvPre_NPrePre10_BPre10_NStem	NStem_NStem_NStem_NStem
ezi_sek_el_w_e	RelConc10_VRoot_ApplExt_PassExt_VerbTerm	RelConc10_VRoot_ApplExt_PassExt_VerbTerm	RelConc10_VRoot_ApplExt_PassExt_VerbTerm	NStem_NStem_NStem_NStem_NStem
ezin_dlele_ni	LocPre_NPrePre10_BPre10_NStem_LocSuf	AdjPref10_NStem_LocSuf	LocPre_NPrePre10_BPre10_NStem_LocSuf	NStem_NStem_NStem
.	Punc	PUNC	Punc	PUNC
I_Komiti	NPrePre9_NStem	NPrePre9_NStem	NPrePre9_NStem	PUNC_PUNC
ye_Wadi	PossConc9_NPrePre9_NStem	PossConc9_NStem	PossConc9_NPrePre9_NStem	NStem_PUNC
i_nga_lungis_a	SC9_Pot_VRoot_VerbTerm	SC9_Pot_VRoot_VerbTerm	SC9_Pot_VRoot_VerbTerm	NStem_NStem_NStem_NStem
i_n_kqubo	NPrePre9_BPre9_NStem	NPrePre9_BPre9_NStem	NPrePre9_BPre9_NStem	VRoot_NStem_VRoot
yo_ku_nik_a	PossConc9_NPrePre15_BPre15_VRoot_VerbTerm	PossConc9_BPre15_VRoot_VerbTerm	PossConc9_NPrePre15_BPre15_VRoot_VerbTerm	NStem_NStem_NStem_NStem
i_n_gxelo	NPrePre9_BPre9_NStem	NPrePre9_BPre9_NStem	NPrePre9_BPre9_NStem	NStem_VRoot_VRoot
,	Punc	PUNC	Punc	PUNC
e_fan_a_yo	RelConc9_VRoot_VerbTerm_RelSuf	RelConc9_VRoot_VerbTerm_RelSuf	RelConc9_VRoot_VerbTerm_RelSuf	NStem_NStem_NStem_NStem
n_e_setyenz_is_el_w_a	AdvPre_RelConc9_VRoot_CausExt_ApplExt_PassExt_VerbTerm	AdvPre_RelConc9_VRoot_CausExt_ApplExt_PassExt_VerbTerm	AdvPre_RelConc9_VRoot_CausExt_ApplExt_PassExt_VerbTerm	VRoot_VRoot_VRoot_VRoot_VRoot_VRoot_VRoot
u_ku_vavany_a	NPrePre15_BPre15_VRoot_VerbTerm	NPrePre15_BPre15_VRoot_VerbTerm	NPrePre15_BPre15_VRoot_VerbTerm	NStem_NStem_VRoot_VRoot
u_ku_sebenz_a	NPrePre15_BPre15_VRoot_VerbTerm	NPrePre15_BPre15_VRoot_VerbTerm	NPrePre15_BPre15_VRoot_VerbTerm	NStem_NStem_VRoot_NStem
kwa_ma_gosa	PossConc15_NPrePre6_BPre6_NStem	PossConc15_BPre6_NStem	PossConc15_NPrePre6_BPre6_NStem	NStem_NStem_NStem
na_ba_sebenzi	AdvPre_NPrePre2_BPre2_NStem	AdvPre_BPre2_NStem	AdvPre_NPrePre2_BPre2_NStem	NStem_NStem_NStem
ku_ma_bhunga	LocPre_NPrePre6_BPre6_NStem	LocPre_BPre6_NStem	LocPre_NPrePre6_BPre6_NStem	NStem_NStem_NStem
ne_nik_w_e	AdvPre_RelConc9_VRoot_PassExt_VerbTerm	AdvPre_VRoot_PassExt_VerbTerm	AdvPre_RelConc9_VRoot_PassExt_VerbTerm	NStem_NStem_NStem_NStem
kw_i_modyuli	LocPre_NPrePre9_NStem	LocPre_NPrePre9_NStem	LocPre_NPrePre9_NStem	NStem_VRoot_NStem
4	Num	NUM	Num	PUNC
.	Punc	PUNC	Punc	PUNC
Ku_ma_ziko	LocPre_NPrePre6_BPre6_NStem	LocPre_BPre6_NStem	LocPre_NPrePre6_BPre6_NStem	NStem_NStem_NStem
a_xhas_a	RelConc6_VRoot_VerbTerm	SC6_VRoot_VerbTerm	RelConc6_VRoot_VerbTerm	NStem_NStem_NStem
u_ku_hlal_is_w_a	NPrePre15_BPre15_VRoot_CausExt_PassExt_VerbTerm	NPrePre15_BPre15_VRoot_CausExt_PassExt_VerbTerm	NPrePre15_BPre15_VRoot_CausExt_PassExt_VerbTerm	VRoot_VRoot_VRoot_VRoot_VRoot_VRoot
ko_lu_ntu	PossConc15_NPrePre11_BPre11_NStem	PossConc15_BPre11_NStem	PossConc15_NPrePre11_BPre11_NStem	NStem_NStem_NStem
(	Punc	PUNC	Punc	PUNC
i_zin_dlu	NPrePre10_BPre10_NStem	NPrePre10_BPre10_NStem	NPrePre10_BPre10_NStem	NStem_NStem_NStem
,	Punc	PUNC	Punc	PUNC
a_ma_nzi	NPrePre6_BPre6_NStem	NPrePre6_BPre6_NStem	NPrePre6_BPre6_NStem	NStem_NStem_NStem
,	Punc	PUNC	Punc	PUNC
u_gutyulo	NPrePre11_NStem	NPrePre11_NStem	NPrePre11_NStem	NStem_NStem
,	Punc	PUNC	Punc	NStem
i_in_dlel_a	NPrePre10_BPre10_NStem	NPrePre10_BPre10_VRoot_VerbTerm	NPrePre10_BPre10_NStem	NStem_NStem_NStem_NStem
,	Punc	PUNC	Punc	NStem
i_i_paka	NPrePre10_BPre10_NStem	NPrePre10_BPre10_NStem	NPrePre10_BPre10_NStem	NStem_NStem_NStem
njalo	Adv	Adv	Adv	PUNC
njalo	Adv	Adv	Adv	Conj
njalo	Adv	Adv	Adv	Conj
)	Punc	PUNC	Punc	PUNC
,	Punc	PUNC	Punc	PUNC
u_m_fanekiso	NPrePre3_BPre3_NStem	NPrePre3_BPre3_NStem	NPrePre3_BPre3_NStem	NStem_NStem_NStem
u_nzima	CopPre_RelStem	CopPre_RelStem	CopPre_RelStem	PUNC_PUNC
ng_oku_nge_na_si_zathu	AdvPre_RelConc15_NegPre_CopPre_NPrePre7_BPre7_NStem	AdvPre_RelConc15_NegPre_CopPre_BPre7_NStem	AdvPre_RelConc15_NegPre_CopPre_NPrePre7_BPre7_NStem	NStem_NStem_NStem_NStem_NStem_NStem
.	Punc	PUNC	Punc	NStem
U_m_sebenzi	NPrePre3_BPre3_NStem	NPrePre3_BPre3_NStem	NPrePre3_BPre3_NStem	NStem_NStem_NStem
we_si_cwangciso	PossConc3_NPrePre7_BPre7_NStem	PossConc3_BPre7_NStem	PossConc3_NPrePre7_BPre7_NStem	VRoot_VRoot_VRoot
u_bek_w_e	SC3_VRoot_PassExt_VerbTerm	SC3_VRoot_PassExt_VerbTerm	SC3_VRoot_PassExt_VerbTerm	NStem_NStem_NStem_NStem
kw_i_nqanaba	LocPre_NPrePre9_BPre5_NStem	LocPre_NPrePre9_BPre5	LocPre_NPrePre9_BPre5_NStem	NStem_NStem_NStem
la_s_e_khaya	PossConc5_PreLoc-s_LocPre_NPrePre5_BPre5_NStem	PossConc5_PreLocs_LocPre_BPre5	PossConc5_PreLoc-s_LocPre_NPrePre5_BPre5_NStem	NStem_NStem_NStem_NStem
,	Punc	PUNC	Punc	NStem
u_m_sebenzi	NPrePre3_BPre3_NStem	NPrePre3_BPre3_NStem	NPrePre3_BPre3_NStem	NStem_NStem_NStem
we_zin_dlu	PossConc3_NPrePre10_BPre10_NStem	PossConc3_BPre10_NStem	PossConc3_NPrePre10_BPre10_NStem	NStem_NStem_NStem
u_kw_i_nqanaba	CopPre_LocPre_NPrePre5_BPre5_NStem	CopPre_LocPre_NPrePre9_NStem	CopPre_LocPre_NPrePre5_BPre5_NStem	NStem_NStem_NStem_NStem
le_phondo	PossConc5_NPrePre5_BPre5_NStem	PossConc5_NStem	PossConc5_NPrePre5_BPre5_NStem	PUNC_PUNC
,	Punc	PUNC	Punc	PUNC
no_xanduva	AdvPre_NPrePre11_BPre11_NStem	AdvPre_BPre11	AdvPre_NPrePre11_BPre11_NStem	NStem_NStem
lo_ku_bonelel_a	PossConc11_NPrePre15_BPre15_VRoot_VerbTerm	PossConc5_BPre15_VRoot_VerbTerm	PossConc11_NPrePre15_BPre15_VRoot_VerbTerm	NStem_NStem_NStem_NStem
nga_ma_nzi	AdvPre_NPrePre6_BPre6_NStem	AdvPre_BPre6_NStem	AdvPre_NPrePre6_BPre6_NStem	NStem_NStem_NStem
no_m_bane	AdvPre_NPrePre3_BPre3_NStem	AdvPre_BPre3_NStem	AdvPre_NPrePre3_BPre3_NStem	NStem_NStem_NStem
l_ahlul_w_e	SC5_VRoot_PassExt_VerbTerm	SC5_VRoot_PassExt_VerbTerm	SC5_VRoot_PassExt_VerbTerm	NStem_NStem_NStem_NStem
phakathi	Adv	Adv	Adv	PUNC
kwa_bo	PossConc15_PronStem2	PossConc15_PronStem2	PossConc15_PronStem2	PUNC_PUNC
ba_no_xanduva	CopPre_CopPre_NPrePre11_BPre11_NStem	CopPre_CopPre_BPre11	CopPre_CopPre_NPrePre11_BPre11_NStem	NStem_NStem_NStem
lwe_e_n_konzo	PossConc11_NPrePre10_BPre10_NStem	PossConc11_NPrePre9_BPre9_NStem	PossConc11_NPrePre10_BPre10_NStem	NStem_NStem_NStem_NStem
ezi_s_is_ambuku	RelConc10_CopPre_NPrePre7_BPre7_NStem	RelConc10_PreLocs_CausExt_NStem	RelConc10_CopPre_NPrePre7_BPre7_NStem	NStem_NStem_NStem_NStem
ne_m_bon_akalo	AdvPre_NPrePre9_BPre9_NStem	AdvPre_BPre3_NStem_NStem	AdvPre_NPrePre9_BPre9_NStem	NStem_NStem_NStem_NStem
e_njengo_m_nath_a	RelConc9_AdvPre_NPrePre3_BPre3_NStem	RelConc9_AdvPre_OC1a_VRoot_VerbTerm	RelConc9_AdvPre_NPrePre3_BPre3_NStem	NStem_NStem_VRoot_NStem_NStem
.	Punc	PUNC	Punc	NStem
Ng_okw_enz_ek_a_yo	AdvPre_RelConc15_VRoot_NeutExt_VerbTerm_RelSuf	AdvPre_RelConc15_VRoot_NeutExt_VerbTerm_RelSuf	AdvPre_RelConc15_VRoot_NeutExt_VerbTerm_RelSuf	VRoot_VRoot_VRoot_VRoot_VRoot_VRoot
,	Punc	PUNC	Punc	PUNC
la	Dem6_Pos1	CDEM06	Dem6_Pos1	PUNC
ma_lungiselelo	BPre6_NStem	BPre6_NStem	BPre6_NStem	NStem_NStem
a_wa_sebenzi	NegPre_SC6_VRoot_VerbTerm	RelConc6_PossConc6_NStem	NegPre_SC6_VRoot_VerbTerm	NStem_NStem_NStem
.	Punc	PUNC	Punc	PUNC
Jikelel_e	Adv	VRoot_VerbTerm	Adv	NStem_NStem
,	Punc	PUNC	Punc	PUNC
u_ku_bek_w_a	NPrePre15_BPre15_VRoot_PassExt_VerbTerm	NPrePre15_BPre15_VRoot_PassExt_VerbTerm	NPrePre15_BPre15_VRoot_PassExt_VerbTerm	NStem_NStem_VRoot_NStem_NStem
ko_lu_ntu	PossConc15_NPrePre11_BPre11_NStem	PossConc15_BPre11_NStem	PossConc15_NPrePre11_BPre11_NStem	PUNC_NStem_PUNC
ku_cwangcis_w_e	SC15_VRoot_PassExt_VerbTerm	SC15_VRoot_PassExt_VerbTerm	SC15_VRoot_PassExt_VerbTerm	NStem_NStem_NStem_NStem
kaku_bi	AdvPre_AdjStem	AdvPre_AdjStem	AdvPre_AdjStem	NStem_NStem
,	Punc	PUNC	Punc	PUNC
ku_kho	CopPre_Adv	CopPre_Adv	CopPre_Adv	PUNC_PUNC
u_ququzelelo	NPrePre11_NStem	NPrePre11_NStem	NPrePre11_NStem	NStem_NStem
olu_ncinci	AdjPref11_AdjStem	AdjPref11_AdjStem	AdjPref11_AdjStem	NStem_NStem
phakathi	Adv	Adv	Adv	PUNC
kwa_ma_ziko	PossConc15_NPrePre6_BPre6_NStem	PossConc15_BPre6_NStem	PossConc15_NPrePre6_BPre6_NStem	NStem_NStem_NStem
a_fak_el_a	SC6_VRoot_ApplExt_VerbTerm	SC6_VRoot_ApplExt_VerbTerm	SC6_VRoot_ApplExt_VerbTerm	NStem_NStem_NStem_NStem
oku_bon_akal_a	RelConc15_VRoot_NeutExt_VerbTerm	RelConc15_VRoot_NeutExt_VerbTerm	RelConc15_VRoot_NeutExt_VerbTerm	NStem_NStem_NStem_NStem
njengo_m_nath_a	AdvPre_NPrePre3_BPre3_NStem	AdvPre_OC1a_VRoot_VerbTerm	AdvPre_NPrePre3_BPre3_NStem	NStem_NStem_NStem_VRoot
kwa_ma_nzi	PossConc15_NPrePre6_BPre6_NStem	PossConc15_BPre6_NStem	PossConc15_NPrePre6_BPre6_NStem	NStem_NStem_PUNC
na_bo	AdvPre_PronStem2	AdvPre_PronStem2	AdvPre_PronStem2	PUNC_PUNC
ba_no_xanduva	RelConc2_CopPre_NPrePre11_BPre11_NStem	CopPre_CopPre_BPre11	RelConc2_CopPre_NPrePre11_BPre11_NStem	NStem_NStem_NStem
lo_ku_bonelel_a	PossConc11_NPrePre15_BPre15_VRoot_VerbTerm	PossConc11_BPre15_VRoot_VerbTerm	PossConc11_NPrePre15_BPre15_VRoot_VerbTerm	NStem_NStem_NStem_NStem
a_ma_ziko	NPrePre6_BPre6_NStem	NPrePre6_BPre6_NStem	NPrePre6_BPre6_NStem	NStem_NStem_NStem
a_s_i_s_ambuku	RelConc6_CopPre_NPrePre7_BPre7_NStem	RelConc6_CopPre_NPrePre7_BPre7_NStem	RelConc6_CopPre_NPrePre7_BPre7_NStem	NStem_NStem_NStem_NStem_NStem
.	Punc	PUNC	Punc	PUNC
U_xanduva	NPrePre11_NStem	NPrePre11_NStem	NPrePre11_NStem	PUNC_PUNC
lwe_zin_dlu	PossConc11_NPrePre10_BPre10_NStem	PossConc11_BPre10_NStem	PossConc11_NPrePre10_BPre10_NStem	NStem_NStem_NStem
ku_mel_e	SC15_AuxVStem	SC15_VRoot_VerbTerm	SC15_AuxVStem	NStem_NStem_NStem
lu_tshintshel_w_e	SC11_VRoot_ApplExt_PassExt_VerbTerm	SC11_VRoot_PassExt_VerbTerm	SC11_VRoot_ApplExt_PassExt_VerbTerm	VRoot_NStem_NStem_VRoot
kw_i_nqanaba	LocPre_NPrePre9_BPre5_NStem	LocPre_NPrePre9_BPre5	LocPre_NPrePre9_BPre5_NStem	NStem_NStem_NStem
a_pho	Dem16_Pos2	PossConc6_PossPron	Dem16_Pos2	NStem_PUNC
u_ku_cwangcis_w_a	NPrePre15_BPre15_VRoot_PassExt_VerbTerm	NPrePre15_BPre15_VRoot_PassExt_VerbTerm	NPrePre15_BPre15_VRoot_PassExt_VerbTerm	VRoot_VRoot_VRoot_VRoot_VRoot
kw_enz_iw_a	SC15_VRoot_PassExt_VerbTerm	SC15_VRoot_PassExt_VerbTerm	SC15_VRoot_PassExt_VerbTerm	NStem_NStem_NStem_NStem
khona	Adv	Adv	Adv	PUNC
:	Punc	PUNC	Punc	PUNC
kw_i_nqanaba	LocPre_NPrePre5_BPre5_NStem	LocPre_NPrePre5_BPre5	LocPre_NPrePre5_BPre5_NStem	NStem_NStem_NStem
li_ka_masipala	PossConc5_PossKA_NStem	PossConc5_PossKA_NStem	PossConc5_PossKA_NStem	NStem_NStem_NStem
.	Punc	PUNC	Punc	PUNC
I_si_cwangciso	NPrePre7_BPre7_NStem	NPrePre7_BPre7_NStem	NPrePre7_BPre7_NStem	NStem_NStem_NStem
si_bek_a	SC7_VRoot_VerbTerm	SC7_VRoot_VerbTerm	SC7_VRoot_VerbTerm	NStem_NStem_NStem
i_in_gcebiso	NPrePre10_BPre10_NStem	NPrePre10_BPre10_NStem	NPrePre10_BPre10_NStem	NStem_NStem_NStem
zo_ku_phuhl_is_w_a	PossConc10_NPre15_BPre15_VRoot_CausExt_PassExt_VerbTerm	PossConc8_BPre15_VRoot_CausExt_PassExt_VerbTerm	PossConc10_NPre15_BPre15_VRoot_CausExt_PassExt_VerbTerm	NStem_NStem_NStem_NStem_NStem_NStem
kwe_dolophu	PossConc15_NPrePre9_NStem	PossConc15_NStem	PossConc15_NPrePre9_NStem	NStem_NStem
oku_sebenz_a_yo	RelConc15_VRoot_VerbTerm_RelSuf	RelConc15_VRoot_VerbTerm_RelSuf	RelConc15_VRoot_VerbTerm_RelSuf	NStem_NStem_NStem_NStem
.	Punc	PUNC	Punc	PUNC
E_nye	AdjPref9_AdjStem	AdjPref9_AdjStem	AdjPref9_AdjStem	PUNC_PUNC
i_projekthi	NPrePre9_NStem	NPrePre9_NStem	NPrePre9_NStem	PUNC_PUNC
yo_phuhliso	PossConc9_NPrePre11_BPre11_NStem	PossConc9_BPre11	PossConc9_NPrePre11_BPre11_NStem	NStem_NStem
lwa_ma_phandle	PossConc11_NPrePre6_BPre6_Adv	PossConc11_BPre6_Adv	PossConc11_NPrePre6_BPre6_Adv	NStem_NStem_NStem
y_enz_a	SC9_VRoot_VerbTerm	SC9_VRoot_VerbTerm	SC9_VRoot_VerbTerm	NStem_PUNC_PUNC
i_mb_o_leko__mali	NPrePre9_BPre9_NStem_NStem	CopPre_CopPre_LocPre_PossConc5_NStem	NPrePre9_BPre9_NStem_NStem	NStem_NStem_NStem_NStem_NStem
u_kuba	Conj	SC2ps_Conj	Conj	PUNC_PUNC
i_fuman_ek_e	SC9_VRoot_NeutExt_VerbTerm	SC9_VRoot_NeutExt_VerbTerm	SC9_VRoot_NeutExt_VerbTerm	NStem_NStem_NStem_NStem
ku_ma_doda	LocPre_NPrePre6_BPre6_NStem	LocPre_BPre6_NStem	LocPre_NPrePre6_BPre6_NStem	NStem_NStem_NStem
njenge_e_n_tloko	AdvPre_NPrePre10_BPre10_NStem	AdvPre_NPrePre10_BPre9_NStem	AdvPre_NPrePre10_BPre10_NStem	NStem_NStem_NStem_NStem
za_ma_khaya	PossConc10_NPrePre6_BPre6_NStem	PossConc10_BPre6_NStem	PossConc10_NPrePre6_BPre6_NStem	PUNC_PUNC_PUNC
u_kw_enz_el_a	NPrePre15_BPre15_VRoot_ApplExt_VerbTerm	NPrePre15_BPre15_VRoot_ApplExt_VerbTerm	NPrePre15_BPre15_VRoot_ApplExt_VerbTerm	VRoot_VRoot_NStem_VRoot_VRoot
u_ku_phuhl_is_a	NPrePre15_BPre15_VRoot_CausExt_VerbTerm	NPrePre15_BPre15_VRoot_CausExt_VerbTerm	NPrePre15_BPre15_VRoot_CausExt_VerbTerm	NStem_NStem_NStem_NStem_NStem
u_limo	NPrePre11_NStem	NPrePre11_NStem	NPrePre11_NStem	NStem_NStem
olu_ncinci	AdjPref11_AdjStem	AdjPref11_AdjStem	AdjPref11_AdjStem	NStem_NStem
.	Punc	PUNC	Punc	PUNC
Oku	Dem15_Pos1	CDEM15	Dem15_Pos1	Conj
ya_yik_u_ku_sabel_a	Past_SC9_SC15_BPre15_VRoot_VerbTerm	PossConc9_VRoot_NPrePre15_BPre15_VRoot_VerbTerm	Past_SC9_SC15_BPre15_VRoot_VerbTerm	VRoot_NStem_VRoot_VRoot_VRoot_NStem
ku_hlolo	LocPre_NPrePre11_NStem	LocPre_NStem	LocPre_NPrePre11_NStem	PUNC_PUNC
lwe_e_m_funo	PossConc11_NPrePre10_BPre10_NStem	PossConc11_NPrePre10_BPre9_NStem	PossConc11_NPrePre10_BPre10_NStem	NStem_NStem_NStem_NStem
olw_a_fuman_is_a	RelConc11_VRoot_CausExt_VerbTerm	RelConc11_Past_VRoot_CausExt_VerbTerm	RelConc11_VRoot_CausExt_VerbTerm	VRoot_VRoot_NStem_NStem_VRoot
u_kuba	Conj	SC1_Conj	Conj	PUNC_PUNC
u_limo	NPrePre11_NStem	NPrePre11_NStem	NPrePre11_NStem	NStem_NStem
ku_laa	LocPre_Dem3_Pos3	SC15_NStem	LocPre_Dem3_Pos3	NStem_NStem
m_mandla	BPre3_NStem	BPre3_NStem	BPre3_NStem	NStem_NStem
lw_a_lu_fun_a	SC11_Past_BPre11_VRoot_VerbTerm	SC11_Past_OC11_VRoot_VerbTerm	SC11_Past_BPre11_VRoot_VerbTerm	VRoot_VRoot_NStem_NStem_VRoot
u_tyalo__mali	NPrePre11_NStem_NStem	NPrePre11_NStem_NStem	NPrePre11_NStem_NStem	NStem_VRoot_VRoot
olu_y_i_n_ku_zi	RelConc11_CopPre_NPrePre9_BPre9_NStem	RelConc11_CopPre_NPrePre9_BPre9_BPre15_NStem	RelConc11_CopPre_NPrePre9_BPre9_NStem	NStem_NStem_NStem_NStem_NStem_NStem
u_kw_enz_el_a	NPrePre15_BPre15_VRoot_ApplExt_VerbTerm	NPrePre15_BPre15_VRoot_ApplExt_VerbTerm	NPrePre15_BPre15_VRoot_ApplExt_VerbTerm	VRoot_VRoot_NStem_VRoot_VRoot
u_kuba	Conj	NPrePre15_Conj	Conj	NStem_NStem
lu_velis_e	SC11_VRoot_CausExt_VerbTerm	SC11_VRoot_VerbTerm	SC11_VRoot_CausExt_VerbTerm	NStem_NStem_NStem
.	Punc	PUNC	Punc	PUNC
Xa	Conj	Conj	Conj	PUNC
i_i_projekthi	NPrePre10_BPre10_NStem	NPrePre10_BPre10_NStem	NPrePre10_BPre10_NStem	NStem_NStem_NStem
ezi_ninzi	AdjPref8_AdjStem	AdjPref8_AdjStem	AdjPref8_AdjStem	NStem_NStem
zolu	PossConc10_Dem11_Pos1	PronStem10	PossConc10_Dem11_Pos1	NStem
hlobo	NStem	NStem	NStem	PUNC
z_asilel_a	SC10_Past_VRoot_VerbTerm	SC10_VRoot_VerbTerm	SC10_Past_VRoot_VerbTerm	NStem_PUNC_NStem
a_ba_xhasi	NPrePre2_BPre2_NStem	NPrePre2_BPre2_NStem	NPrePre2_BPre2_NStem	NStem_NStem_VRoot
ba_phand_a	SC2_Past_VRoot_VerbTerm	SC2_VRoot_VerbTerm	SC2_Past_VRoot_VerbTerm	NStem_NStem_NStem
kwaye	Conj	Conj	Conj	PUNC
ba_fuman_is_a	SC2_Past_VRoot_VerbTerm	SC2_VRoot_CausExt_VerbTerm	SC2_Past_VRoot_VerbTerm	NStem_NStem_NStem_NStem
u_kuba	Conj	SC2ps_Conj	Conj	PUNC_PUNC
i_i_mali__mb_o_leko	NPrePre10_BPre10_NStem_BPre9_NStem	NPrePre10_BPre10_NStem_LocPre_LocPre_NStem	NPrePre10_BPre10_NStem_BPre9_NStem	VRoot_VRoot_VRoot_VRoot_VRoot_VRoot
z_ange	AuxVStem	SC10_NStem	AuxVStem	PUNC_PUNC
zi_setyenz_is_el_w_e	SC10_VRoot_CausExt_ApplExt_PassExt_VerbTerm	SC10_VRoot_CausExt_ApplExt_PassExt_VerbTerm	SC10_VRoot_CausExt_ApplExt_PassExt_VerbTerm	NStem_VRoot_VRoot_NStem_VRoot_VRoot
u_limo	NPrePre11_NStem	NPrePre11_NStem	NPrePre11_NStem	NStem_NStem
,	Punc	PUNC	Punc	PUNC
okanye	Conj	Conj	Conj	PUNC
u_kuba	Conj	NPrePre15_Conj	Conj	PUNC_PUNC
za_setyenz_is_w_a	SC10_Past_VRoot_CausExt_PassExt_VerbTerm	PossConc10_VRoot_CausExt_PassExt_VerbTerm	SC10_Past_VRoot_CausExt_PassExt_VerbTerm	NStem_VRoot_NStem_NStem_NStem
,	Punc	PUNC	Punc	PUNC
za_setyenz_is_el_w_a	SC10_Past_VRoot_CausExt_ApplExt_PassExt_VerbTerm	PossConc10_VRoot_CausExt_ApplExt_PassExt_VerbTerm	SC10_Past_VRoot_CausExt_ApplExt_PassExt_VerbTerm	VRoot_VRoot_VRoot_VRoot_VRoot_VRoot
i_zin_to	NPrePre10_BPre10_NStem	NPrePre10_BPre10_NStem	NPrePre10_BPre10_NStem	NStem_NStem_NStem
ezi_nga_fanel_ek_a_nga	RelConc10_NegPre_VRoot_NeutExt_VerbTerm_NegPre	RelConc10_NegPre_VRoot_NeutExt_VerbTerm_NegPre	RelConc10_NegPre_VRoot_NeutExt_VerbTerm_NegPre	VRoot_VRoot_VRoot_VRoot_VRoot_VRoot
.	Punc	PUNC	Punc	PUNC
Kwa_khona	AdvPre_Adv	AdvPre_Adv	AdvPre_Adv	PUNC_PUNC
ba_fuman_is_a	SC2_Past_VRoot_VerbTerm	SC2_VRoot_CausExt_VerbTerm	SC2_Past_VRoot_VerbTerm	NStem_NStem_NStem_NStem
u_kuba	Conj	SC2ps_Conj	Conj	Conj_PUNC
nangona	Conj	Conj	Conj	PUNC
u_limo	NPrePre11_NStem	NPrePre11_NStem	NPrePre11_NStem	PUNC_PUNC
lw_a_lu_se_nz_iw_a	SC11_Past_BPre11_ProgPre_VRoot_PassExt_VerbTerm	SC11_Past_OC11_Pro_VRoot_PassExt_VerbTerm	SC11_Past_BPre11_ProgPre_VRoot_PassExt_VerbTerm	NStem_NStem_VRoot_VRoot_NStem_NStem_VRoot
nga_ma_khosikazi	CopPre_NPrePre9_BPre6_NStem	AdvPre_BPre6_NStem	CopPre_NPrePre9_BPre6_NStem	NStem_NStem_NStem
ng_okwe_nene	AdvPre_AdvPre_NPrePre9_Adv	AdvPre_AdvPre_Adv	AdvPre_AdvPre_NPrePre9_Adv	NStem_NStem_NStem
kwaye	Conj	Conj	Conj	PUNC
a_ma_doda	NPrePre6_BPre6_NStem	NPrePre6_BPre6_NStem	NPrePre6_BPre6_NStem	PUNC_PUNC_PUNC
a_ma_ninzi	AdjPref6_AdjStem	NPrePre6_BPre6_AdjStem	AdjPref6_AdjStem	NStem_NStem_NStem
a_ya	SC6_Fut	SC6_Fut	SC6_Fut	PUNC_PUNC
ku_sebenz_a	SC15_VRoot_VerbTerm	SC15_VRoot_VerbTerm	SC15_VRoot_VerbTerm	NStem_NStem_NStem
ezi_doloph_ini	LocPre_BPre10_NStem_LocSuf	RelConc10_NStem_LocSuf	LocPre_BPre10_NStem_LocSuf	NStem_NStem_NStem
,	Punc	PUNC	Punc	NStem
i_i_mali__mb_o_leko	NPrePre10_BPre10_NStem_BPre9_NStem	NPrePre10_BPre10_NStem_LocPre_NStem_NStem	NPrePre10_BPre10_NStem_BPre9_NStem	VRoot_VRoot_VRoot_NStem_VRoot_VRoot
z_enz_iw_a	SC10_VRoot_PassExt_VerbTerm	SC10_VRoot_PassExt_VerbTerm	SC10_VRoot_PassExt_VerbTerm	NStem_NStem_NStem_NStem
z_a_fuman_ek_a	SC10_Past_VRoot_NeutExt_VerbTerm	SC10_Past_VRoot_NeutExt_VerbTerm	SC10_Past_VRoot_NeutExt_VerbTerm	VRoot_VRoot_VRoot_VRoot_VRoot
ku_ma_doda	LocPre_NPrePre6_BPre6_NStem	LocPre_BPre6_NStem	LocPre_NPrePre6_BPre6_NStem	NStem_NStem_NStem
kwaye	Conj	Conj	Conj	PUNC
ngenxa	Conj	Conj	Conj	PUNC
ye_n_dima	PossConc9_NPrePre9_BPre9_NStem	PossConc9_BPre9_NStem	PossConc9_NPrePre9_BPre9_NStem	NStem_NStem_NStem
ya_bo	PossConc9_PronStem2	PossConc4_PronStem2	PossConc9_PronStem2	PUNC_PUNC
ye_si_thethe	PossConc9_NPrePre7_BPre7_NStem	PossConc9_BPre7_NStem	PossConc9_NPrePre7_BPre7_NStem	NStem_NStem_NStem
yo_kuba	PossConc9_Conj	PossConc9_Conj	PossConc9_Conj	PUNC_PUNC
y_i_n_tloko	CopPre_NPrePre9_BPre9_NStem	CopPre_NPrePre9_BPre9_NStem	CopPre_NPrePre9_BPre9_NStem	NStem_NStem_VRoot_NStem
yo_sapho	PossConc9_NPrePre11_BPre11_NStem	PossConc9_BPre11	PossConc9_NPrePre11_BPre11_NStem	NStem_NStem
,	Punc	PUNC	Punc	PUNC
ba_be_no_kw_enz_a	SC2_Past_AdvPre_NPrePre15_BPre15_VRoot_VerbTerm	SC2_Past_AdvPre_BPre15_VRoot_VerbTerm	SC2_Past_AdvPre_NPrePre15_BPre15_VRoot_VerbTerm	VRoot_VRoot_VRoot_VRoot_NStem_VRoot
i_zi_gqibo	NPrePre8_BPre8_NStem	NPrePre8_BPre8_NStem	NPrePre8_BPre8_NStem	NStem_NStem_NStem
ma_lunga	Adv	BPre6_NStem	Adv	PUNC_PUNC
ne_n_dlel_a	AdvPre_NPrePre9_BPre9_NStem	AdvPre_BPre9_VRoot_VerbTerm	AdvPre_NPrePre9_BPre9_NStem	PUNC_PUNC_PUNC_PUNC
yo_ku_sebenz_is_a	PossConc9_NPrePre15_BPre15_VRoot_CausExt_VerbTerm	PossConc9_BPre15_VRoot_CausExt_VerbTerm	PossConc9_NPrePre15_BPre15_VRoot_CausExt_VerbTerm	NStem_NStem_NStem_VRoot_NStem
i_mali	NPrePre9_NStem	NPrePre9_NStem	NPrePre9_NStem	PUNC_PUNC
.	Punc	PUNC	Punc	PUNC
U_dliwano__ndlebe	NPrePre11_NStem_BPre9_NStem	NPrePre11_NStem_NStem	NPrePre11_NStem_BPre9_NStem	VRoot_NStem_VRoot
lo_hlahlo	PossConc11_NPrePre11_BPre11_NStem	PossConc11_BPre11	PossConc11_NPrePre11_BPre11_NStem	NStem_NStem
lw_ab_iwo__mali	BPre11_NStem_NStem	BPre11_NStem_NStem_NStem	BPre11_NStem_NStem	VRoot_NStem_VRoot_VRoot
z_i_in_tlanganiso	CopPre_NPrePre10_BPre10_NStem	CopPre_NPrePre10_BPre10_NStem	CopPre_NPrePre10_BPre10_NStem	NStem_NStem_NStem_NStem
ezi_zo_dwa	RelConc10_QuantConc10_QuantStem	RelConc10_QuantConc10_QuantStem	RelConc10_QuantConc10_QuantStem	NStem_NStem_NStem
zo_gqithiso	PossConc10_NPrePre11_NStem	PossConc10_NStem	PossConc10_NPrePre11_NStem	NStem_NStem
lwe_n_gxelo	PossConc11_NPrePre9_BPre9_NStem	PossConc11_BPre9_NStem	PossConc11_NPrePre9_BPre9_NStem	VRoot_NStem_VRoot
na_l_apho	AdvPre_CopPre_Dem16_Pos2	AdvPre_BPre5_NStem	AdvPre_CopPre_Dem16_Pos2	NStem_NStem_NStem
a_ma_lungu	NPrePre6_BPre6_NStem	NPrePre6_BPre6_NStem	NPrePre6_BPre6_NStem	NStem_NStem_NStem
e_bhunga	PossConc6_NPrePre5_BPre5_NStem	PossConc6_BPre5	PossConc6_NPrePre5_BPre5_NStem	PUNC_PUNC
kw_i_wadi	LocPre_NPrePre9_NStem	LocPre_NPrePre9_NStem	LocPre_NPrePre9_NStem	NStem_NStem_NStem
ku_funek_a	SC15_VRoot_VerbTerm	SC15_VRoot_VerbTerm	SC15_VRoot_VerbTerm	NStem_NStem_NStem
ezi_sebenzis_ile	RelConc8_VRoot_CausExt_Perf_VerbTerm	RelConc10_VRoot_Perf	RelConc8_VRoot_CausExt_Perf_VerbTerm	NStem_NStem_NStem
e_ku_xox_e_ni	LocPre_NPrePre15_BPre15_VRoot_VerbTerm_LocSuf	LocPre_BPre15_VRoot_VerbTerm_VerbTerm	LocPre_NPrePre15_BPre15_VRoot_VerbTerm_LocSuf	NStem_VRoot_NStem_NStem_NStem
ngo_phuhliso	AdvPre_NPrePre11_BPre11_NStem	AdvPre_BPre11	AdvPre_NPrePre11_BPre11_NStem	NStem_NStem
ku_hlahlo	LocPre_NPrePre11_NStem	LocPre_NStem	LocPre_NPrePre11_NStem	PUNC_PUNC
lw_ab_iwo__mali	BPre11_NStem_NStem	BPre11_NStem_NStem_NStem	BPre11_NStem_NStem	NStem_NStem_VRoot_NStem
no_ku_cac_is_a	AdvPre_NPrePre15_BPre15_VRoot_CausExt_VerbTerm	AdvPre_BPre15_VRoot_CausExt_VerbTerm	AdvPre_NPrePre15_BPre15_VRoot_CausExt_VerbTerm	NStem_NStem_NStem_NStem_VRoot
oku_tshintsh_il_e_yo	RelConc15_VRoot_Perf_VerbTerm_RelSuf	RelConc15_VRoot_Perf_VerbTerm_RelSuf	RelConc15_VRoot_Perf_VerbTerm_RelSuf	VRoot_VRoot_VRoot_NStem_VRoot
kw_i_zi_cwangciso	LocPre_NPrePre8_BPre8_NStem	LocPre_NPrePre8_BPre8_NStem	LocPre_NPrePre8_BPre8_NStem	VRoot_VRoot_VRoot_VRoot
zo_ku_qal_a	PossConc10_NPrePre15_BPre15_VRoot_VerbTerm	PossConc10_BPre15_VRoot_VerbTerm	PossConc10_NPrePre15_BPre15_VRoot_VerbTerm	NStem_NStem_NStem_NStem
.	Punc	PUNC	Punc	PUNC
Xa	Conj	Conj	Conj	PUNC
u_ngen_a_zo	CopPre_NegPre_CopPre_PronStem10	SC3_VRoot_VerbTerm_PronStem10	CopPre_NegPre_CopPre_PronStem10	NStem_NStem_VRoot_NStem
i_i_kopi	NPrePre10_BPre10_NStem	NPrePre10_BPre10_NStem	NPrePre10_BPre10_NStem	NStem_NStem_NStem
ze__I_DP	PossConc8_NPrePre9_Abbr	PossConc8_NPrePre9_Abbr	PossConc8_NPrePre9_Abbr	NStem_NStem_NStem
kunye	Conj	Conj	Conj	PUNC
/	Punc	PUNC	Punc	PUNC
okanye	Conj	Conj	Conj	PUNC
aba_thathi__n_xaxheba	NPrePre2_BPre2_NStem_BPre9_NStem	RelConc2_NStem_BPre9_NStem	NPrePre2_BPre2_NStem_BPre9_NStem	NStem_NStem_NStem_NStem
ba_be	SC2_AuxVStem	CopPre_Cop	SC2_AuxVStem	PUNC_PUNC
be_nga_y_az_i	SC2_NegPre_SC9_VRoot_VerbTerm	SC2_NegPre_OC9_VRoot_VerbTerm	SC2_NegPre_SC9_VRoot_VerbTerm	NStem_NStem_NStem_NStem_NStem
i__I_DP	NPrePre9_Abbr	NPrePre10_BPre10_Abbr	NPrePre9_Abbr	NStem_NStem_NStem
ba_cac_is_el_e	SC2_VRoot_ApplExt_VerbTerm	SC2_VRoot_CausExt_ApplExt_VerbTerm	SC2_VRoot_ApplExt_VerbTerm	VRoot_VRoot_VRoot_VRoot_NStem
a_ma_bakal_a	NPrePre6_BPre6_NStem	NPrePre6_ImpPre_VRoot_VerbTerm	NPrePre6_BPre6_NStem	NStem_NStem_NStem_NStem
a_kw_i_phepha	RelConc6_LocPre_NPrePre5_BPre5_NStem	RelConc6_LocPre_NPrePre5_BPre5	RelConc6_LocPre_NPrePre5_BPre5_NStem	NStem_NStem_NStem_NStem
la_ma__3_3	PossConc5_BPre6_Num	PossConc5_BPre6_Num_Num	PossConc5_BPre6_Num	NStem_NStem_NStem_NStem
,	Punc	PUNC	Punc	PUNC
u_ba_chaz_el_a	SC1_OC2_VRoot_ApplExt_VerbTerm	SC3_OC2_VRoot_ApplExt_VerbTerm	SC1_OC2_VRoot_ApplExt_VerbTerm	VRoot_VRoot_NStem_VRoot_VRoot
i_bakal_a	NPrePre5_BPre5_NStem	SC9_VRoot_VerbTerm	NPrePre5_BPre5_NStem	NStem_NStem_NStem
nga_li_nye	AdvPre_EnumConc5_EnumStem	AdvPre_EnumConc5_EnumStem	AdvPre_EnumConc5_EnumStem	NStem_NStem_NStem
u_ba_bon_is_a	SC1_SC2_VRoot_CausExt_VerbTerm	SC1_OC2_VRoot_CausExt_VerbTerm	SC1_SC2_VRoot_CausExt_VerbTerm	NStem_NStem_NStem_NStem_NStem
i_n_dlel_a	NPrePre9_BPre9_NStem	NPrePre9_BPre9_VRoot_VerbTerm	NPrePre9_BPre9_NStem	NStem_NStem_NStem_NStem
i_bakal_a	NPrePre5_BPre5_NStem	SC9_VRoot_VerbTerm	NPrePre5_BPre5_NStem	PUNC_PUNC_PUNC
nga_li_nye	AdvPre_EnumConc5_EnumStem	AdvPre_EnumConc5_EnumStem	AdvPre_EnumConc5_EnumStem	NStem_NStem_NStem
eli_be	RelConc5_Cop	RelConc5_Cop	RelConc5_Cop	NStem_NStem
ne_e_m_pembelelo	AdvPre_NPrePre10_BPre10_NStem	AdvPre_NPrePre9_BPre9_NStem	AdvPre_NPrePre10_BPre10_NStem	NStem_NStem_NStem_NStem
nga_yo	AdvPre_PronStem9	AdvPre_PronStem9	AdvPre_PronStem9	PUNC_PUNC
kw_i__I_DP	LocPre_NPrePre9_Abbr	LocPre_NPrePre10_BPre10_Abbr	LocPre_NPrePre9_Abbr	NStem_NStem_NStem_NStem
ya_bo	PossConc9_PronStem2	PossConc9_PronStem2	PossConc9_PronStem2	NStem_NStem
.	Punc	PUNC	Punc	PUNC
Xa	Conj	Conj	Conj	PUNC
aba_thathi__n_xaxheba	NPrePre2_BPre2_NStem_BPre9_NStem	RelConc2_NStem_BPre9_NStem	NPrePre2_BPre2_NStem_BPre9_NStem	NStem_VRoot_NStem_VRoot
be_yi_qhel_ile	SC2_OC9_VRoot_Perf	SC2_OC9_VRoot_Perf	SC2_OC9_VRoot_Perf	NStem_NStem_NStem_NStem
i__I_DP	NPrePre9_Abbr	NPrePre10_BPre10_Abbr	NPrePre9_Abbr	NStem_NStem_NStem
ya_bo	PossConc9_PronStem2	PossConc4_PronStem2	PossConc9_PronStem2	NStem_NStem
ba_khany_is_el_e	SC2_VRoot_CausExt_ApplExt_VerbTerm	SC2_VRoot_CausExt_ApplExt_VerbTerm	SC2_VRoot_CausExt_ApplExt_VerbTerm	VRoot_VRoot_VRoot_NStem_VRoot
ng_a_ma_bakal_a	CopPre_NPrePre6_BPre6_NStem	CopPre_NPrePre6_ImpPre_VRoot_VerbTerm	CopPre_NPrePre6_BPre6_NStem	VRoot_VRoot_NStem_VRoot_VRoot
u_ze	SC1_AuxVStem	SC1_AuxVStem	SC1_AuxVStem	PUNC_PUNC
u_ba_buz_e	SC2ps_OC2_VRoot_VerbTerm	SC2ps_OC2_VRoot_VerbTerm	SC2ps_OC2_VRoot_VerbTerm	NStem_NStem_NStem_NStem
nge_n_dlel_a	AdvPre_NPrePre9_BPre9_NStem	AdvPre_BPre9_VRoot_VerbTerm	AdvPre_NPrePre9_BPre9_NStem	NStem_NStem_NStem_NStem
aba_thath_e	RelConc2_VRoot_VerbTerm	RelConc2_VRoot_VerbTerm	RelConc2_VRoot_VerbTerm	PUNC_PUNC_PUNC
i_n_xaxheba	NPrePre9_BPre9_NStem	NPrePre9_BPre9_NStem	NPrePre9_BPre9_NStem	PUNC_PUNC_PUNC
nga_yo	AdvPre_PronStem9	AdvPre_PronStem9	AdvPre_PronStem9	NStem_NStem
kw_i_bakal_a	LocPre_NPrePre5_BPre5_NStem	LocPre_NPrePre5_VRoot_VerbTerm	LocPre_NPrePre5_BPre5_NStem	NStem_NStem_NStem_NStem
nga_li_nye	AdvPre_EnumConc5_EnumStem	AdvPre_EnumConc5_EnumStem	AdvPre_EnumConc5_EnumStem	NStem_NStem_NStem
.	Punc	PUNC	Punc	PUNC
U_ku_phuhl_is_a	NPrePre15_BPre15_VRoot_CausExt_VerbTerm	NPrePre15_BPre15_VRoot_CausExt_VerbTerm	NPrePre15_BPre15_VRoot_CausExt_VerbTerm	NStem_NStem_NStem_NStem_NStem
i_si_cwangciso	NPrePre7_BPre7_NStem	NPrePre7_BPre7_NStem	NPrePre7_BPre7_NStem	VRoot_VRoot_NStem
se_wadi	PossConc7_NPrePre9_NStem	PossConc7_NStem	PossConc7_NPrePre9_NStem	PUNC_PUNC
ku_thath_a	SC15_VRoot_VerbTerm	SC15_VRoot_VerbTerm	SC15_VRoot_VerbTerm	NStem_VRoot_NStem
i_xesha	NPrePre5_BPre5_NStem	NPrePre5_NStem	NPrePre5_BPre5_NStem	NStem_NStem
kwaye	Conj	Conj	Conj	PUNC
si_fun_a	SC7_VRoot_VerbTerm	SC7_VRoot_VerbTerm	SC7_VRoot_VerbTerm	NStem_NStem_NStem
u_kw_enz_iw_a	NPrePre15_BPre15_VRoot_PassExt_VerbTerm	NPrePre15_BPre15_VRoot_PassExt_VerbTerm	NPrePre15_BPre15_VRoot_PassExt_VerbTerm	NStem_NStem_NStem_NStem_NStem
ngo_ku_qaphel_a	AdvPre_NPrePre15_BPre15_VRoot_VerbTerm	AdvPre_BPre15_VRoot_VerbTerm	AdvPre_NPrePre15_BPre15_VRoot_VerbTerm	NStem_NStem_NStem_NStem
.	Punc	PUNC	Punc	NStem
I_n_kqubo	NPrePre9_BPre9_NStem	NPrePre9_BPre9_NStem	NPrePre9_BPre9_NStem	NStem_NStem_NStem
i_bandakany_a	SC9_VRoot_VerbTerm	SC9_VRoot_VerbTerm	SC9_VRoot_VerbTerm	NStem_NStem_NStem
u_hlalutyo	NPrePre11_NStem	NPrePre11_NStem	NPrePre11_NStem	VRoot_NStem
lwe_meko	PossConc11_NPrePre9_NStem	PossConc11_NStem	PossConc11_NPrePre9_NStem	NStem_NStem
(	Punc	PUNC	Punc	PUNC
i_in_tsuku	NPrePre10_BPre10_NStem	NPrePre10_BPre10_NStem	NPrePre10_BPre10_NStem	NStem_NStem_NStem
ezim_bini	AdjPref10_AdjStem	AdjPref10_AdjStem	AdjPref10_AdjStem	NStem_NStem
)	Punc	PUNC	Punc	Conj
,	Punc	PUNC	Punc	PUNC
u_ku_hlanganisel_w_a	NPrePre15_BPre15_VRoot_ApplExt_PassExt_VerbTerm	NPrePre15_BPre15_VRoot_PassExt_VerbTerm	NPrePre15_BPre15_VRoot_ApplExt_PassExt_VerbTerm	VRoot_VRoot_VRoot_VRoot_VRoot
kwe_e_n_kcukacha	PossConc15_NPrePre10_BPre10_NStem	PossConc15_NPrePre9_BPre9_NStem	PossConc15_NPrePre10_BPre10_NStem	VRoot_VRoot_NStem_VRoot
(	Punc	PUNC	Punc	PUNC
u_suku	NPrePre11_NStem	NPrePre11_NStem	NPrePre11_NStem	PUNC_PUNC
olu_nye	AdjPref11_AdjStem	AdjPref11_AdjStem	AdjPref11_AdjStem	NStem_NStem
)	Punc	PUNC	Punc	PUNC
,	Punc	PUNC	Punc	NStem
u_kw_enz_a	NPrePre15_BPre15_VRoot_VerbTerm	NPrePre15_BPre15_VRoot_VerbTerm	NPrePre15_BPre15_VRoot_VerbTerm	NStem_VRoot_VRoot_VRoot
i_si_cwangciso	NPrePre7_BPre7_NStem	NPrePre7_BPre7_NStem	NPrePre7_BPre7_NStem	NStem_VRoot_NStem
se_n_kqubo	PossConc7_NPrePre9_BPre9_NStem	PossConc7_BPre9_NStem	PossConc7_NPrePre9_BPre9_NStem	VRoot_VRoot_VRoot
(	Punc	PUNC	Punc	PUNC
u_suku	NPrePre11_NStem	NPrePre1a_NStem	NPrePre11_NStem	NStem_NStem
olu_nye	AdjPref11_AdjStem	AdjPref11_AdjStem	AdjPref11_AdjStem	PUNC_PUNC
)	Punc	PUNC	Punc	Conj
no_kw_enz_a	AdvPre_NPrePre15_BPre15_VRoot_VerbTerm	AdvPre_BPre15_VRoot_VerbTerm	AdvPre_NPrePre15_BPre15_VRoot_VerbTerm	VRoot_NStem_VRoot_VRoot
i_si_cwangciso	NPrePre7_BPre7_NStem	NPrePre7_BPre7_NStem	NPrePre7_BPre7_NStem	NStem_NStem_NStem
se_m_pumezo	PossConc7_NPrePre9_BPre9_NStem	PossConc7_BPre9_NStem	PossConc7_NPrePre9_BPre9_NStem	NStem_NStem_NStem
(	Punc	PUNC	Punc	PUNC
u_suku	NPrePre11_NStem	NPrePre1a_NStem	NPrePre11_NStem	PUNC_PUNC
olu_nye	AdjPref11_AdjStem	AdjPref11_AdjStem	AdjPref11_AdjStem	NStem_NStem
)	Punc	PUNC	Punc	Conj
.	Punc	PUNC	Punc	PUNC
U_ku_nced_is_a	NPrePre15_BPre15_VRoot_CausExt_VerbTerm	NPrePre15_BPre15_VRoot_CausExt_VerbTerm	NPrePre15_BPre15_VRoot_CausExt_VerbTerm	NStem_NStem_NStem_NStem_NStem
kw_i_n_kqubo	LocPre_NPrePre9_BPre9_NStem	LocPre_NPrePre9_BPre9_NStem	LocPre_NPrePre9_BPre9_NStem	VRoot_NStem_NStem_NStem
ye_si_cwangciso	PossConc9_NPrePre7_BPre7_NStem	PossConc9_BPre7_NStem	PossConc9_NPrePre7_BPre7_NStem	NStem_NStem_NStem
kw_enz_iw_a	BPre15_VRoot_PassExt_VerbTerm	SC15_VRoot_PassExt_VerbTerm	BPre15_VRoot_PassExt_VerbTerm	VRoot_VRoot_VRoot_VRoot
y_i_Komiti	CopPre_NPrePre9_NStem	CopPre_NPrePre9_NStem	CopPre_NPrePre9_NStem	NStem_NStem_NStem
ye_Wadi	PossConc9_NPrePre9_NStem	PossConc9_NStem	PossConc9_NPrePre9_NStem	NStem_NStem
e_qeqesh_iw_e_yo	RelConc9_VRoot_PassExt_VerbTerm_RelSuf	RelConc9_VRoot_PassExt_VerbTerm_RelSuf	RelConc9_VRoot_PassExt_VerbTerm_RelSuf	NStem_NStem_NStem_NStem_NStem
na_ba_bhexeshi	AdvPre_NPrePre2_BPre2_NStem	AdvPre_BPre2_NStem	AdvPre_NPrePre2_BPre2_NStem	NStem_NStem_NStem
ba_ka_masipala	PossConc2_PossKA_NStem	BPre2_PossKA_NStem	PossConc2_PossKA_NStem	NStem_NStem_NStem
.	Punc	PUNC	Punc	NStem
I_si_xokelelwano	NPrePre7_BPre7_NStem	NPrePre7_BPre7_NStem	NPrePre7_BPre7_NStem	VRoot_VRoot_NStem
esi_banzi	RelConc7_RelStem	RelConc7_RelStem	RelConc7_RelStem	NStem_NStem
se_zin_to	PossConc7_NPrePre10_BPre10_NStem	PossConc7_BPre10_NStem	PossConc7_NPrePre10_BPre10_NStem	NStem_NStem_NStem
ezin_tsha	AdjPref10_AdjStem	AdjPref10_AdjStem	AdjPref10_AdjStem	PUNC_PUNC
ezi_dibanis_a	RelConc10_VRoot_VerbTerm	RelConc10_VRoot_VerbTerm	RelConc10_VRoot_VerbTerm	NStem_NStem_NStem
i_i_yunivesithi	NPrePre10_BPre10_NStem	NPrePre10_BPre10_NStem	NPrePre10_BPre10_NStem	NStem_NStem_NStem
,	Punc	PUNC	Punc	PUNC
a_ma_bhunga	NPrePre6_BPre6_NStem	NPrePre6_BPre6_NStem	NPrePre6_BPre6_NStem	NStem_NStem_NStem
e_nzululwaz_i	PossConc6_NPrePre9_NStem	RelConc4_VRoot_VerbTerm	PossConc6_NPrePre9_NStem	NStem_NStem_NStem
n_olu_nye	AdvPre_AdjPref11_AdjStem	AdvPre_AdjPref11_AdjStem	AdvPre_AdjPref11_AdjStem	NStem_NStem_NStem
u_phando	NPrePre11_NStem	NPrePre11_NStem	NPrePre11_NStem	NStem_NStem
na_ba_dlal_a	AdvPre_RelConc2_VRoot_VerbTerm	AdvPre_SC2_VRoot_VerbTerm	AdvPre_RelConc2_VRoot_VerbTerm	NStem_NStem_NStem_NStem
i_n_dima	NPrePre9_BPre9_NStem	NPrePre9_BPre9_NStem	NPrePre9_BPre9_NStem	PUNC_PUNC_NStem
ku_phuhliso	LocPre_NPrePre11_BPre11_NStem	LocPre_BPre11	LocPre_NPrePre11_BPre11_NStem	NStem_NStem
ne_zin_to	AdvPre_NPrePre10_BPre10_NStem	AdvPre_BPre10_NStem	AdvPre_NPrePre10_BPre10_NStem	NStem_NStem_NStem
e_ma_zi_jong_w_e	RelConc9_ImpPre_OC10_VRoot_PassExt_VerbTerm	RelConc10_ImpPre_OC10_VRoot_PassExt_VerbTerm	RelConc9_ImpPre_OC10_VRoot_PassExt_VerbTerm	NStem_NStem_NStem_NStem_NStem_NStem
ku_qal_a	SC15_VRoot_VerbTerm	SC15_VRoot_VerbTerm	SC15_VRoot_VerbTerm	NStem_NStem_NStem
kw_i_in_kalo	LocPre_NPrePre10_BPre10_NStem	LocPre_NPrePre10_BPre10_NStem	LocPre_NPrePre10_BPre10_NStem	NStem_NStem_NStem_NStem
zo_qoqosho	PossConc10_NPrePre11_BPre11_NStem	PossConc10_BPre11	PossConc10_NPrePre11_BPre11_NStem	NStem_NStem
.	Punc	PUNC	Punc	PUNC
A_ba_thathi__n_xaxheba	NPrePre2_BPre2_NStem_BPre9_NStem	NPrePre2_BPre2_NStem_BPre9_NStem	NPrePre2_BPre2_NStem_BPre9_NStem	VRoot_VRoot_VRoot_VRoot_VRoot
ba_fund_a	SC2_VRoot_VerbTerm	SC2_VRoot_VerbTerm	SC2_VRoot_VerbTerm	PUNC_PUNC_PUNC
i_i_meko	NPrePre10_BPre10_NStem	NPrePre10_BPre10_NStem	NPrePre10_BPre10_NStem	NStem_NStem_NStem
ezin_tathu	AdjPref10_AdjStem	AdjPref10_AdjStem	AdjPref10_AdjStem	PUNC_PUNC
ba_ze	SC2_AuxVStem	SC2_AuxVStem	SC2_AuxVStem	PUNC_PUNC
ba_phendul_e	SC2_VRoot_VerbTerm	SC2_VRoot_VerbTerm	SC2_VRoot_VerbTerm	NStem_NStem_VRoot
i_mi_buzo	NPrePre4_BPre4_NStem	NPrePre4_BPre4_NStem	NPrePre4_BPre4_NStem	NStem_NStem_NStem
.	Punc	PUNC	Punc	PUNC
I_in_kqubo	NPrePre10_BPre10_NStem	NPrePre10_BPre10_NStem	NPrePre10_BPre10_NStem	NStem_NStem_NStem
zo_kw_enz_a	PossConc10_NPrePre15_BPre15_VRoot_VerbTerm	PossConc10_BPre15_VRoot_VerbTerm	PossConc10_NPrePre15_BPre15_VRoot_VerbTerm	NStem_NStem_NStem_NStem
i_zi_cwangciso	NPrePre8_BPre8_NStem	NPrePre8_BPre8_NStem	NPrePre8_BPre8_NStem	NStem_NStem_NStem
_	Punc		Punc	
z_enz_a	SC10_VRoot_VerbTerm	SC10_VRoot_VerbTerm	SC10_VRoot_VerbTerm	NStem_NStem_NStem
u_kuba	Conj	NPre15_Conj	Conj	PUNC_PUNC
i_projekthi	NPrePre9_NStem	NPrePre9_NStem	NPrePre9_NStem	NStem_NStem
i_qhub_e	SC9_VRoot_VerbTerm	SC9_VRoot_VerbTerm	SC9_VRoot_VerbTerm	NStem_NStem_NStem
nga_phandle	AdvPre_Adv	AdvPre_Adv	AdvPre_Adv	NStem_NStem
kwa_ma_gingxi__gingxi	PossConc15_NPrePre6_BPre6_NStem_NStem	PossConc15_BPre6_NStem_NStem	PossConc15_NPrePre6_BPre6_NStem_NStem	VRoot_VRoot_VRoot_VRoot
kwaye	Conj	Conj	Conj	PUNC
ne_e_n_gxaki	AdvPre_NPrePre9_BPre9_NStem	AdvPre_NPrePre10_BPre9_NStem	AdvPre_NPrePre9_BPre9_NStem	NStem_VRoot_NStem_NStem
zi_be	CopPre_Cop	SC10_Cop	CopPre_Cop	PUNC_PUNC
m_balwa	RelStem	BPre3_NStem	RelStem	NStem_NStem
ka_ngangoko	AdvPre_Adv	AdvPre_Adv	AdvPre_Adv	PUNC_PUNC
ku_no_kw_enz_ek_a	SC15_AdvPre_NPrePre15_BPre15_VRoot_NeutExt_VerbTerm	SC15_AdvPre_BPre15_VRoot_NeutExt_VerbTerm	SC15_AdvPre_NPrePre15_BPre15_VRoot_NeutExt_VerbTerm	VRoot_VRoot_VRoot_VRoot_VRoot_VRoot
.	Punc	PUNC	Punc	PUNC
Njeng_oko	AdvPre_Dem15_Pos2	AdvPre_CDEM15	AdvPre_Dem15_Pos2	NStem_NStem
xa	Conj	Conj	Conj	PUNC
zi_chaz_w_a	SC10_VRoot_PassExt_VerbTerm	SC10_VRoot_PassExt_VerbTerm	SC10_VRoot_PassExt_VerbTerm	NStem_NStem_NStem_NStem
i_i_projekthi	NPrePre10_BPre10_NStem	NPrePre10_BPre10_NStem	NPrePre10_BPre10_NStem	NStem_NStem_NStem
zi_fan_a	SC10_VRoot_VerbTerm	SC10_VRoot_VerbTerm	SC10_VRoot_VerbTerm	NStem_NStem_NStem
zo_dwa	QuantConc10_QuantStem	QuantConc10_QuantStem	QuantConc10_QuantStem	PUNC_PUNC
kwaye	Conj	Conj	Conj	PUNC
zi_bandakany_a	SC10_VRoot_VerbTerm	SC10_VRoot_VerbTerm	SC10_VRoot_VerbTerm	VRoot_NStem_VRoot
i_n_to	NPrePre9_BPre9_NStem	NPrePre9_BPre9_NStem	NPrePre9_BPre9_NStem	NStem_NStem_NStem
en_tsha	AdjPref9_AdjStem	AdjPref9_AdjStem	AdjPref9_AdjStem	NStem_NStem
e_th_ile	RelConc9_VRoot_Perf	RelConc9_VRoot_Perf	RelConc9_VRoot_Perf	NStem_NStem_NStem
ma_lunga	Adv	BPre6_NStem	Adv	PUNC_PUNC
na_bo	AdvPre_PronStem2	AdvPre_PronStem2	AdvPre_PronStem2	PUNC_PUNC
ba_bandakany_ek_a_yo	SC2_VRoot_NeutExt_VerbTerm_RelSuf	RelConc2_VRoot_NeutExt_VerbTerm_RelSuf	SC2_VRoot_NeutExt_VerbTerm_RelSuf	NStem_NStem_NStem_NStem_NStem
,	Punc	PUNC	Punc	PUNC
ku_y_i_m_funeko	CopPre_CopPre_NPrePre9_BPre9_NStem	CopPre_CopPre_NPrePre9_BPre9_NStem	CopPre_CopPre_NPrePre9_BPre9_NStem	NStem_NStem_NStem_NStem_VRoot
u_kuba	Conj	NPrePre15_Conj	Conj	NStem_NStem
ne_si_cwangciso	AdvPre_NPrePre7_BPre7_NStem	AdvPre_BPre7_NStem	AdvPre_NPrePre7_BPre7_NStem	NStem_NStem_NStem
esi_qinisek_is_a	RelConc7_VRoot_CausExt_VerbTerm	RelConc7_VRoot_CausExt_VerbTerm	RelConc7_VRoot_CausExt_VerbTerm	VRoot_NStem_VRoot_VRoot
u_kuba	Conj	Conj_Conj	Conj	Conj_PUNC
bo_nke	QuantConc2_QuantStem	QuantConc2_QuantStem	QuantConc2_QuantStem	NStem_NStem
aba_bandakany_ek_a	RelConc2_VRoot_NeutExt_VerbTerm	RelConc2_VRoot_NeutExt_VerbTerm	RelConc2_VRoot_NeutExt_VerbTerm	NStem_NStem_NStem_VRoot
kw_i_projekthi	LocPre_NPrePre9_NStem	LocPre_NPrePre9_NStem	LocPre_NPrePre9_NStem	PUNC_NStem_NStem
ba_ya_kw_az_i	SC2_Pres_BPre15_VRoot_VerbTerm	SC2_Pres_BPre15_VRoot_VerbTerm	SC2_Pres_BPre15_VRoot_VerbTerm	NStem_VRoot_VRoot_NStem_NStem
oku_lindel_ek_e	RelConc15_VRoot_ApplExt_NeutExt_VerbTerm	RelConc15_VRoot_NeutExt_VerbTerm	RelConc15_VRoot_ApplExt_NeutExt_VerbTerm	NStem_NStem_NStem_NStem
ku_bo	LocPre_PronStem2	LocPre_PronStem2	LocPre_PronStem2	PUNC_NStem
,	Punc	PUNC	Punc	NStem
i_n_dlel_a	NPrePre9_BPre9_NStem	NPrePre9_BPre9_VRoot_VerbTerm	NPrePre9_BPre9_NStem	NStem_NStem_NStem_NStem
aba_fanel_e	RelConc2_VRoot_VerbTerm	RelConc2_VRoot_VerbTerm	RelConc2_VRoot_VerbTerm	NStem_NStem_NStem
u_ku_kw_enz_a	NPrePre15_BPre15_OC15_VRoot_VerbTerm	NPrePre15_BPre15_OC15_VRoot_VerbTerm	NPrePre15_BPre15_OC15_VRoot_VerbTerm	VRoot_VRoot_NStem_NStem_VRoot
nga_yo	AdvPre_PronStem9	AdvPre_PronStem9	AdvPre_PronStem9	PUNC_PUNC
,	Punc	PUNC	Punc	PUNC
nini	Adv	Adv	Adv	Conj
kwaye	Conj	Conj	Conj	Conj
i_yi_n_to_ni	CopPre_SC9_BPre9_NStem_InterrogSuf	CopPre_CopPre_BPre9_NStem_InterrogSuf	CopPre_SC9_BPre9_NStem_InterrogSuf	NStem_NStem_NStem_NStem_NStem
e_ku_funek_a	RelConc9_SC15_VRoot_VerbTerm	RelConc9_SC15_VRoot_VerbTerm	RelConc9_SC15_VRoot_VerbTerm	NStem_NStem_NStem_NStem
y_enz_iw_e	SC9_VRoot_PassExt_VerbTerm	SC9_VRoot_PassExt_VerbTerm	SC9_VRoot_PassExt_VerbTerm	NStem_VRoot_NStem_NStem
.	Punc	PUNC	Punc	PUNC
E_nyan_isw_eni	LocPre_NStem_LocSuf	LocPre_VRoot_CausExt_LocSuf	LocPre_NStem_LocSuf	NStem_NStem_NStem_NStem
i_si_cwangciso	NPrePre7_BPre7_NStem	NPrePre7_BPre7_NStem	NPrePre7_BPre7_NStem	VRoot_NStem_NStem
se_projekthi	PossConc7_NPrePre9_NStem	PossConc7_NStem	PossConc7_NPrePre9_NStem	NStem_NStem
si_yi_n_tsi_ka	CopPre_CopPre_NPrePre9_BPre9_NStem	CopPre_CopPre_BPre9_NStem_NegPre	CopPre_CopPre_NPrePre9_BPre9_NStem	NStem_NStem_NStem_NStem_NStem
yo_lawulo	PossConc9_NPrePre11_BPre11_NStem	PossConc9_BPre11	PossConc9_NPrePre11_BPre11_NStem	NStem_NStem
lwe_projekthi	PossConc11_NPrePre9_NStem	PossConc11_NStem	PossConc11_NPrePre9_NStem	NStem_NStem
.	Punc	PUNC	Punc	PUNC
S_enz_a	SC7_VRoot_VerbTerm	SC1pp_VRoot_VerbTerm	SC7_VRoot_VerbTerm	NStem_NStem_NStem
i_si_se_ko	NPrePre7_BPre7_NStem	CopPre_CopPre_Pro_PronStem15	NPrePre7_BPre7_NStem	NStem_NStem_NStem_NStem
a_pho	Dem16_Pos2	PossConc6_PossPron	Dem16_Pos2	NStem_NStem
i_m_pumelelo	NPrePre9_BPre9_NStem	NPrePre9_BPre9_NStem	NPrePre9_BPre9_NStem	NStem_VRoot_NStem
ye_projekthi	PossConc9_NPrePre9_NStem	PossConc9_NStem	PossConc9_NPrePre9_NStem	NStem_NStem
i_l_el_e	SC9_VRoot_VerbTerm	SC9_VRoot_ApplExt_VerbTerm	SC9_VRoot_VerbTerm	VRoot_NStem_NStem_NStem
khona	Adv	Adv	Adv	PUNC
.	Punc	PUNC	Punc	PUNC
Zi_ninzi	CopPre_AdjStem	CopPre_AdjStem	CopPre_AdjStem	NStem_NStem
i_zi_zathu	NPrePre8_BPre8_NStem	NPrePre8_BPre8_NStem	NPrePre8_BPre8_NStem	NStem_NStem_NStem
zo_ku_vel_a	PossConc8_NPrePre15_BPre15_VRoot_VerbTerm	PossConc10_BPre15_VRoot_VerbTerm	PossConc8_NPrePre15_BPre15_VRoot_VerbTerm	NStem_NStem_NStem_NStem
ko_ngquzulwano	PossConc15_NPrePre11_NStem	PossConc15_NStem	PossConc15_NPrePre11_NStem	NStem_NStem
.	Punc	PUNC	Punc	PUNC
Olu_nye	AdjPref11_AdjStem	AdjPref11_AdjStem	AdjPref11_AdjStem	PUNC_PUNC
'	Punc	PUNC	Punc	PUNC
lu_nga_yi_nene	CopPre_Pot_CopPre_NPrePre9_NStem	CopPre_Pot_CopPre_NStem	CopPre_Pot_CopPre_NPrePre9_NStem	NStem_NStem_NStem_NStem
'	Punc	PUNC	Punc	PUNC
olu_nye	AdjPref11_AdjStem	AdjPref11_AdjStem	AdjPref11_AdjStem	PUNC_PUNC
'	Punc	PUNC	Punc	PUNC
lu_nga_bon_w_a	SC11_Pot_VRoot_PassExt_VerbTerm	SC11_Pot_VRoot_PassExt_VerbTerm	SC11_Pot_VRoot_PassExt_VerbTerm	NStem_NStem_NStem_NStem_NStem
'	Punc	PUNC	Punc	PUNC
njenge_n_dlel_a	AdvPre_NPrePre9_BPre9_NStem	AdvPre_BPre9_VRoot_VerbTerm	AdvPre_NPrePre9_BPre9_NStem	NStem_NStem_NStem_NStem
u_m_ntu	NPrePre1_BPre1_NStem	NPrePre1_BPre1_NStem	NPrePre1_BPre1_NStem	NStem_NStem_NStem
/	Punc	PUNC	Punc	PUNC
aba_ntu	NPrePre2_BPre2_NStem	RelConc2_NStem	NPrePre2_BPre2_NStem	NStem_NStem
aba_bon_a	RelConc2_VRoot_VerbTerm	RelConc2_VRoot_VerbTerm	RelConc2_VRoot_VerbTerm	PUNC_PUNC_PUNC
nga_yo	AdvPre_PronStem9	AdvPre_PronStem9	AdvPre_PronStem9	PUNC_PUNC
i_meko	NPrePre9_NStem	NPrePre9_NStem	NPrePre9_NStem	NStem_PUNC
e_th_ile	RelConc9_VRoot_Perf	RelConc9_VRoot_Perf	RelConc9_VRoot_Perf	NStem_PUNC_NStem
.	Punc	PUNC	Punc	PUNC
I_in_gxelo	NPrePre10_BPre10_NStem	NPrePre10_BPre10_NStem	NPrePre10_BPre10_NStem	VRoot_NStem_VRoot
ezi_khutsh_w_a	RelConc10_VRoot_PassExt_VerbTerm	RelConc10_VRoot_PassExt_VerbTerm	RelConc10_VRoot_PassExt_VerbTerm	VRoot_VRoot_NStem_VRoot
rhoqo	Ideoph	Ideoph	Ideoph	PUNC
_	Punc		Punc	
I_i_Komiti	NPrePre10_BPre10_NStem	NPrePre10_BPre10_NStem	NPrePre10_BPre10_NStem	NStem_NStem_NStem
ze_Wadi	PossConc10_NPrePre9_NStem	PossConc10_ProperName	PossConc10_NPrePre9_NStem	PUNC_PUNC
ku_funek_a	SC15_VRoot_VerbTerm	SC15_VRoot_VerbTerm	SC15_VRoot_VerbTerm	NStem_NStem_NStem
zi_fuman_e	SC10_VRoot_VerbTerm	SC10_VRoot_VerbTerm	SC10_VRoot_VerbTerm	NStem_NStem_NStem
i_n_gxelo	NPrePre9_BPre9_NStem	NPrePre9_BPre9_NStem	NPrePre9_BPre9_NStem	NStem_NStem_NStem
ya_rhoqo	PossConc9_Ideoph	PossConc9_Ideoph	PossConc9_Ideoph	NStem_NStem
ma_lunga	Adv	BPre6_NStem	Adv	PUNC_PUNC
ne_n_kqubel_a__phambili	AdvPre_NPrePre9_BPre9_NStem_Adv	AdvPre_BPre9_VRoot_VerbTerm_Adv	AdvPre_NPrePre9_BPre9_NStem_Adv	VRoot_VRoot_VRoot_VRoot_VRoot
ye_bhunga	PossConc9_NPrePre5_NStem	PossConc9_NStem	PossConc9_NPrePre5_NStem	NStem_NStem
.	Punc	PUNC	Punc	PUNC
I_n_ga_buz_a	SC9_Pot_VRoot_VerbTerm	SC9_VRoot_OC2_VRoot_VerbTerm	SC9_Pot_VRoot_VerbTerm	NStem_NStem_NStem_NStem_NStem
oo_ceba_malunga	BPre2a_NStem_Adv	NPrePre2a_NStem_Adv	BPre2a_NStem_Adv	NStem_NStem_NStem
no_ku_coth_a	AdvPre_NPrePre15_BPre15_VRoot_VerbTerm	AdvPre_BPre15_VRoot_VerbTerm	AdvPre_NPrePre15_BPre15_VRoot_VerbTerm	NStem_NStem_NStem_NStem
kwe_n_kqubel_a__phambili	PossConc15_NPrePre9_BPre9_NStem_Adv	PossConc15_BPre9_VRoot_VerbTerm_Adv	PossConc15_NPrePre9_BPre9_NStem_Adv	NStem_NStem_NStem_NStem_VRoot
i_ze	SC9_AuxVStem	SC9_AuxVStem	SC9_AuxVStem	NStem_PUNC
i_cebis_e	SC9_VRoot_VerbTerm	SC9_VRoot_VerbTerm	SC9_VRoot_VerbTerm	NStem_NStem_NStem
i_in_dlel_a	NPrePre10_BPre10_NStem	NPrePre10_BPre10_VRoot_VerbTerm	NPrePre10_BPre10_NStem	NStem_NStem_NStem_NStem
zo_ku_hlangabez_ana	PossConc10_NPrePre15_BPre15_VRoot_RecipExt_VerbTerm	PossConc10_BPre15_VRoot_DimSuf	PossConc10_NPrePre15_BPre15_VRoot_RecipExt_VerbTerm	NStem_NStem_NStem_NStem
ne_zi_cwangciso	AdvPre_NPrePre8_BPre8_NStem	AdvPre_BPre8_NStem	AdvPre_NPrePre8_BPre8_NStem	NStem_NStem_NStem
nge_n_dlel_a	AdvPre_NPrePre9_BPre9_NStem	AdvPre_BPre9_VRoot_VerbTerm	AdvPre_NPrePre9_BPre9_NStem	VRoot_VRoot_VRoot_NStem
e_sebenz_a_yo	RelConc9_VRoot_VerbTerm_RelSuf	RelConc9_VRoot_VerbTerm_RelSuf	RelConc9_VRoot_VerbTerm_RelSuf	VRoot_NStem_VRoot_NStem
.	Punc	PUNC	Punc	PUNC
U_ku_thath_a	NPrePre15_BPre15_VRoot_VerbTerm	NPrePre15_BPre15_VRoot_VerbTerm	NPrePre15_BPre15_VRoot_VerbTerm	VRoot_NStem_NStem_VRoot
i_n_xaxheba	NPrePre9_BPre9_NStem	NPrePre9_BPre9_NStem	NPrePre9_BPre9_NStem	VRoot_VRoot_VRoot
y_i_n_kqubo	CopPre_NPrePre9_BPre9_NStem	CopPre_NPrePre9_BPre9_NStem	CopPre_NPrePre9_BPre9_NStem	VRoot_NStem_NStem_VRoot
e_dinga	RelConc9_VRoot_VerbTerm	PossConc6_BPre5	RelConc9_VRoot_VerbTerm	NStem_NStem
u_ku_quk_w_a	NPrePre15_BPre15_VRoot_PassExt_VerbTerm	NPrePre15_BPre15_VRoot_PassExt_VerbTerm	NPrePre15_BPre15_VRoot_PassExt_VerbTerm	VRoot_VRoot_VRoot_VRoot_VRoot
kwa_ba_hlali	PossConc15_NPrePre2_BPre2_NStem	PossConc15_BPre2_NStem	PossConc15_NPrePre2_BPre2_NStem	NStem_NStem_NStem
ku_wo	LocPre_PronStem6	LocPre_PronStem6	LocPre_PronStem6	PUNC_PUNC
o_nke	QuantConc6_QuantStem	QuantConc6_QuantStem	QuantConc6_QuantStem	NStem_NStem
a_ma_nyathelo	NPrePre6_BPre6_NStem	NPrePre6_BPre6_NStem	NPrePre6_BPre6_NStem	NStem_NStem_NStem
.	Punc	PUNC	Punc	PUNC
I_i_Komiti	NPrePre10_BPre10_NStem	NPrePre10_BPre10_NStem	NPrePre10_BPre10_NStem	NStem_NStem_NStem
ze_Wadi	PossConc10_NPrePre9_NStem	PossConc10_NStem	PossConc10_NPrePre9_NStem	PUNC_PUNC
zi_dinga	SC10_VRoot_VerbTerm	BPre8_NStem	SC10_VRoot_VerbTerm	NStem_NStem
u_ku_fuman_a	NPrePre15_BPre15_VRoot_VerbTerm	NPrePre15_BPre15_VRoot_VerbTerm	NPrePre15_BPre15_VRoot_VerbTerm	NStem_NStem_NStem_NStem
i_n_dlel_a	NPrePre9_BPre9_NStem	SC9_BPre9_VRoot_VerbTerm	NPrePre9_BPre9_NStem	NStem_NStem_NStem_NStem
e_ngcono	RelConc9_RelStem	RelConc9_RelStem	RelConc9_RelStem	NStem_NStem
yo_ku_dlul_is_a	PossConc9_NPrePre15_BPre15_VRoot_CausExt_VerbTerm	PossConc9_BPre15_VRoot_CausExt_VerbTerm	PossConc9_NPrePre15_BPre15_VRoot_CausExt_VerbTerm	VRoot_NStem_NStem_NStem_NStem
u_m_yalezo	NPrePre3_BPre3_NStem	NPrePre3_BPre3_NStem	NPrePre3_BPre3_NStem	NStem_VRoot_VRoot
ngo_ku_xhomekek_e	AdvPre_RelConc15_VRoot_VerbTerm	AdvPre_BPre15_VRoot_VerbTerm	AdvPre_RelConc15_VRoot_VerbTerm	VRoot_NStem_VRoot_VRoot
k_ukuba	CopPre_Conj	CopPre_Conj	CopPre_Conj	PUNC_PUNC
w_enz_el_w_e	SC3_VRoot_ApplExt_PassExt_VerbTerm	SC3_VRoot_ApplExt_PassExt_VerbTerm	SC3_VRoot_ApplExt_PassExt_VerbTerm	NStem_NStem_NStem_NStem_NStem
bani	Interrog	Interrog	Interrog	PUNC
na	Interrog	Interrog	Interrog	PUNC
loo	Dem3_Pos2	CDEM03	Dem3_Pos2	PUNC
m_yalezou_m_zekelo	BPre3_NStem_NPrePre3_BPre3_NStem	BPre3_NStem_BPre3_NStem	BPre3_NStem_NPrePre3_BPre3_NStem	VRoot_NStem_NStem_NStem
u_kuba	Conj	NPrePre15_Conj	Conj	NStem_PUNC
u_m_ba	NPrePre3_BPre3_NStem	NPrePre3_BPre3_NStem	NPrePre3_BPre3_NStem	NStem_NStem_NStem
u_bandakany_a	SC3_VRoot_VerbTerm	SC1_VRoot_VerbTerm	SC3_VRoot_VerbTerm	NStem_NStem_NStem
u_lu_tsha	NPrePre11_BPre11_AdjStem	NPrePre11_BPre11_AdjStem	NPrePre11_BPre11_AdjStem	NStem_NStem_NStem
i_n_gxelo	NPrePre9_BPre9_NStem	NPrePre9_BPre9_NStem	NPrePre9_BPre9_NStem	NStem_NStem_NStem
i_nga_nik_w_a	SC9_BPre9_VRoot_PassExt_VerbTerm	SC9_Pot_VRoot_PassExt_VerbTerm	SC9_BPre9_VRoot_PassExt_VerbTerm	NStem_NStem_NStem_NStem_NStem
kw_i_si_tishi	LocPre_NPrePre7_BPre7_NStem	LocPre_NPrePre7_BPre7_NStem	LocPre_NPrePre7_BPre7_NStem	NStem_NStem_NStem_NStem
si_ka_nomathotholo	PossConc7_PossKA_NStem	PossConc7_PossKA_NStem	PossConc7_PossKA_NStem	VRoot_NStem_NStem
wa_s_e_ku_hlal_e_ni	PossConc1a_PreLoc-s_LocPre_NPrePre15_BPre15_VRoot_VerbTerm_LocSuf	PossConc3_PreLocs_LocPre_BPre15_VRoot_VerbTerm_VerbTerm	PossConc1a_PreLoc-s_LocPre_NPrePre15_BPre15_VRoot_VerbTerm_LocSuf	VRoot_VRoot_VRoot_NStem_VRoot_NStem_VRoot
okanye	Conj	Conj	Conj	PUNC
k_om_nye	LocPre_AdjPref3_AdjStem	LocPre_AdjPref1_AdjStem	LocPre_AdjPref3_AdjStem	PUNC_PUNC_PUNC
u_m_cimbi	NPrePre3_BPre3_NStem	NPrePre3_BPre3_NStem	NPrePre3_BPre3_NStem	NStem_NStem_NStem
olu_bandakany_ek_a	RelConc11_VRoot_NeutExt_VerbTerm	RelConc11_VRoot_NeutExt_VerbTerm	RelConc11_VRoot_NeutExt_VerbTerm	VRoot_VRoot_VRoot_VRoot
ku_wo	LocPre_PronStem3	LocPre_PronStem3	LocPre_PronStem3	PUNC_PUNC
u_lu_tsha	NPrePre11_BPre11_AdjStem	NPrePre11_BPre11_AdjStem	NPrePre11_BPre11_AdjStem	NStem_NStem_NStem
.	Punc	PUNC	Punc	PUNC
O_nke	QuantConc6_QuantStem	QuantConc6_QuantStem	QuantConc6_QuantStem	NStem_NStem
a_ma_candelo	NPrePre6_BPre6_NStem	NPrePre6_BPre6_NStem	NPrePre6_BPre6_NStem	NStem_NStem_NStem
olu_ntu	PossConc6_NPrePre11_BPre11_NStem	AdjPref11_NStem	PossConc6_NPrePre11_BPre11_NStem	NStem_NStem
,	Punc	PUNC	Punc	PUNC
u_ku_quk_a	NPrePre15_BPre15_VRoot_VerbTerm	NPrePre15_BPre15_VRoot_VerbTerm	NPrePre15_BPre15_VRoot_VerbTerm	NStem_VRoot_NStem_NStem
i_qumrhu	NPrePre5_BPre5_NStem	NPrePre5_NStem	NPrePre5_BPre5_NStem	PUNC_PUNC
l_o_wiso__m_thetho	PossConc5_NPrePre11_BPre11_NStem_BPre3_NStem	CopPre_PossConc6_NStem_NStem_NStem	PossConc5_NPrePre11_BPre11_NStem_BPre3_NStem	NStem_NStem_NStem_NStem_NStem
ne_e_jaji	AdvPre_NPrePre10_BPre10_NStem	AdvPre_NPrePre9_NStem	AdvPre_NPrePre10_BPre10_NStem	NStem_NStem_NStem
ze_li_zwe	PossConc10_NPrePre5_BPre5_NStem	PossConc10_BPre5_NStem	PossConc10_NPrePre5_BPre5_NStem	NStem_NStem_NStem
jikelel_e	Adv	VRoot_VerbTerm	Adv	NStem_NStem
,	Punc	PUNC	Punc	NStem
ku_mel_e	SC15_AuxVStem	SC15_VRoot_VerbTerm	SC15_AuxVStem	NStem_NStem_PUNC
a_qinisek_is_e	SC6_VRoot_CausExt_VerbTerm	SC6_VRoot_CausExt_VerbTerm	SC6_VRoot_CausExt_VerbTerm	NStem_VRoot_VRoot_VRoot
u_kuba	Conj	NPrePre15_Conj	Conj	NStem_PUNC
i_zi_qhamo	NPrePre8_BPre8_NStem	NPrePre8_BPre8_NStem	NPrePre8_BPre8_NStem	NStem_NStem_NStem
zo_phuhliso	PossConc10_NPrePre11_BPre11_NStem	PossConc10_BPre11	PossConc10_NPrePre11_BPre11_NStem	NStem_NStem
z_ongez_el_ek_a	SC8_VRoot_ApplExt_NeutExt_VerbTerm	SC10_VRoot_ApplExt_NeutExt_VerbTerm	SC8_VRoot_ApplExt_NeutExt_VerbTerm	NStem_NStem_NStem_NStem_NStem
kwa_bo	PossConc15_PronStem2	PossConc15_PronStem2	PossConc15_PronStem2	PUNC_PUNC
ba_nga_bon_a	CopPre_CopPre_PronStem2_PronSuf	SC2_Pot_VRoot_VerbTerm	CopPre_CopPre_PronStem2_PronSuf	NStem_NStem_NStem_NStem
ba_hlelelek_il_e_yo	RelConc2_VRoot_Perf_VerbTerm_RelSuf	RelConc2_VRoot_Perf_VerbTerm_RelSuf	RelConc2_VRoot_Perf_VerbTerm_RelSuf	NStem_VRoot_NStem_VRoot_NStem
kwaye	Conj	Conj	Conj	NStem
be_nga_bon_a	CopPre_CopPre_PronStem2_PronSuf	SC2_Pot_VRoot_VerbTerm	CopPre_CopPre_PronStem2_PronSuf	NStem_NStem_NStem_NStem
ba_chweth_el_w_a	SC2_VRoot_ApplExt_PassExt_VerbTerm	SC2_VRoot_ApplExt_PassExt_VerbTerm	SC2_VRoot_ApplExt_PassExt_VerbTerm	VRoot_NStem_VRoot_VRoot_VRoot
e_cale_ni	LocPre_NPrePre5_BPre5_NStem_LocSuf	LocPre_BPre5_NStem	LocPre_NPrePre5_BPre5_NStem_LocSuf	PUNC_NStem_PUNC
,	Punc	PUNC	Punc	PUNC
be_bhang_is_a	SC2_VRoot_CausExt_VerbTerm	SC2_VRoot_CausExt_VerbTerm	SC2_VRoot_CausExt_VerbTerm	NStem_NStem_NStem_NStem
i_in_zame	NPrePre10_BPre10_NStem	NPrePre10_BPre10_NStem	NPrePre10_BPre10_NStem	NStem_NStem_NStem
ezi_nga_kho	RelConc10_Pot_Adv	RelConc10_CopPre_Adv	RelConc10_Pot_Adv	PUNC_PUNC_PUNC
nga_bo	AdvPre_PronStem2	AdvPre_PronStem2	AdvPre_PronStem2	PUNC_PUNC
ba_zi_ngcungcu	RelConc2_CopPre_NPrePre10_BPre10_NStem	PossConc2_BPre8_NStem	RelConc2_CopPre_NPrePre10_BPre10_NStem	NStem_NStem_NStem
e_ku_khusel_e_ni	LocPre_NPrePre15_BPre15_VRoot_VerbTerm_LocSuf	LocPre_BPre15_VRoot_VerbTerm_LocSuf	LocPre_NPrePre15_BPre15_VRoot_VerbTerm_LocSuf	NStem_NStem_NStem_NStem_NStem
i_mi_dla	NPrePre4_BPre4_NStem	NPrePre4_BPre4_NStem	NPrePre4_BPre4_NStem	NStem_NStem_NStem
e_y_e_ya_bo	RelConc4_CopPre_LocPre_PossConc4_PronStem2	RelConc9_CopPre_RelConc9_PossConc9_PronStem2	RelConc4_CopPre_LocPre_PossConc4_PronStem2	NStem_NStem_NStem_NStem_NStem
kw_i_n_dleko	LocPre_NPrePre9_BPre9_NStem	LocPre_NPrePre9_BPre9_NStem	LocPre_NPrePre9_BPre9_NStem	NStem_VRoot_VRoot_NStem
yo_lu_ntu	PossConc9_NPrePre11_BPre11_NStem	PossConc9_BPre11_NStem	PossConc9_NPrePre11_BPre11_NStem	NStem_NStem_NStem
olu_nge_na_ma_ndla	RelConc11_NegPre_CopPre_NPrePre6_BPre6_NStem	RelConc11_NegPre_CopPre_BPre6_NStem	RelConc11_NegPre_CopPre_NPrePre6_BPre6_NStem	NStem_NStem_NStem_NStem_NStem
.	Punc	PUNC	Punc	PUNC
U_Mzantsi	NPrePre3_ProperName	NPrePre3_ProperName	NPrePre3_ProperName	NStem_NStem
Afrika	ProperName	ProperName	ProperName	PUNC
ku_mel_e	SC15_AuxVStem	SC15_VRoot_VerbTerm	SC15_AuxVStem	PUNC_PUNC_Conj
u_sebenz_is_e	SC3_VRoot_CausExt_VerbTerm	SC1_VRoot_CausExt_VerbTerm	SC3_VRoot_CausExt_VerbTerm	NStem_NStem_NStem_NStem
a_ma_ndla	NPrePre6_BPre6_NStem	NPrePre6_BPre6_NStem	NPrePre6_BPre6_NStem	NStem_NStem_NStem
a_wo	PossConc6_PronStem3	PossConc6_PronStem6	PossConc6_PronStem3	PUNC_PUNC
u_kw_and_is_a	NPrePre15_BPre15_VRoot_CausExt_VerbTerm	NPrePre15_BPre15_VRoot_CausExt_VerbTerm	NPrePre15_BPre15_VRoot_CausExt_VerbTerm	NStem_NStem_NStem_NStem_NStem
oku_thuny_el_w_a	RelConc15_Intrans_ApplExt_PassExt_VerbTerm	RelConc15_VRoot_ApplExt_PassExt_VerbTerm	RelConc15_Intrans_ApplExt_PassExt_VerbTerm	VRoot_NStem_VRoot_VRoot_VRoot
kwa_ma_nye	PossConc15_AdjPref6_AdjStem	PossConc15_AdjPref6_AdjStem	PossConc15_AdjPref6_AdjStem	PUNC_PUNC_PUNC
a_ma_zwe	NPrePre6_BPre6_NStem	NPrePre6_BPre6_NStem	NPrePre6_BPre6_NStem	NStem_NStem_NStem
.	Punc	PUNC	Punc	PUNC
U_kuba	Conj	NPrePre15_Conj	Conj	PUNC_PUNC
u_qoqosho	NPrePre11_NStem	NPrePre11_NStem	NPrePre11_NStem	NStem_NStem
lu_no_khuphiswano	CopPre_CopPre_NPrePre11_BPre11_NStem	CopPre_CopPre_BPre11	CopPre_CopPre_NPrePre11_BPre11_NStem	NStem_VRoot_NStem
olu_ncinci	AdjPref11_AdjStem	AdjPref11_AdjStem	AdjPref11_AdjStem	NStem_NStem
kw_i_n_gingqi	LocPre_NPrePre9_BPre9_NStem	LocPre_NPrePre9_BPre9_NStem	LocPre_NPrePre9_BPre9_NStem	NStem_NStem_VRoot_NStem
e_nye	AdjPref9_AdjStem	AdjPref9_AdjStem	AdjPref9_AdjStem	PUNC_PUNC
,	Punc	PUNC	Punc	PUNC
ku_ya	SC15_Fut	SC15_Fut	SC15_Fut	PUNC_PUNC
ku_funek_a	SC15_VRoot_VerbTerm	SC15_VRoot_VerbTerm	SC15_VRoot_VerbTerm	NStem_NStem_NStem
lw_enz_e	SC11_VRoot_VerbTerm	SC11_VRoot_VerbTerm	SC11_VRoot_VerbTerm	NStem_NStem_NStem
ngcono	Adv	Adv	Adv	NStem
kw_ezi_nye	LocPre_AdjPref10_AdjStem	LocPre_AdjPref10_AdjStem	LocPre_AdjPref10_AdjStem	PUNC_PUNC_PUNC
.	Punc	PUNC	Punc	NStem
I_in_zuzo	NPrePre10_BPre10_NStem	NPrePre10_BPre10_NStem	NPrePre10_BPre10_NStem	NStem_NStem_NStem
ezi_linganis_a_yo	RelConc10_VRoot_VerbTerm_RelSuf	RelConc10_VRoot_VerbTerm_RelSuf	RelConc10_VRoot_VerbTerm_RelSuf	NStem_NStem_NStem_NStem
ze_li_zwe	PossConc10_NPrePre5_BPre5_NStem	PossConc10_BPre5_NStem	PossConc10_NPrePre5_BPre5_NStem	NStem_NStem_NStem
zi_quk_a	SC10_VRoot_VerbTerm	SC10_VRoot_VerbTerm	SC10_VRoot_VerbTerm	NStem_NStem_NStem
i_zi_mbiwa	NPrePre8_BPre8_NStem	NPrePre8_BPre8_NStem	NPrePre8_BPre8_NStem	NStem_NStem_NStem
ne_m_veliso__mali	AdvPre_NPrePre9_BPre9_NStem_NStem	AdvPre_BPre9_NStem_NStem	AdvPre_NPrePre9_BPre9_NStem_NStem	NStem_NStem_NStem_NStem
kw_i_mi_thombo	LocPre_NPre4_BPre4_NStem	LocPre_NPrePre4_BPre4_NStem	LocPre_NPre4_BPre4_NStem	NStem_NStem_NStem_NStem
ye_n_dalo	PossConc4_NPrePre9_BPre9_NStem	PossConc9_BPre9_NStem	PossConc4_NPrePre9_BPre9_NStem	NStem_NStem_NStem
,	Punc	PUNC	Punc	PUNC
i_candelo	NPrePre5_BPre5_NStem	NPrePre5_NStem	NPrePre5_BPre5_NStem	PUNC_PUNC
l_e_ze_mali	PossConc5_RelConc9_PossConc8_NPrePre9_NStem	PossConc5_RelConc8_PossConc8_NStem	PossConc5_RelConc9_PossConc8_NPrePre9_NStem	NStem_NStem_NStem_NStem
no_shishino	AdvPre_NPrePre11_BPre11_NStem	AdvPre_BPre11	AdvPre_NPrePre11_BPre11_NStem	NStem_NStem
eli_no_bu_n_kunkqele	RelConc5_AdvPre_NPrePre14_BPre14_NStem	RelConc5_CopPre_BPre14_BPre9_NStem	RelConc5_AdvPre_NPrePre14_BPre14_NStem	NStem_NStem_NStem_NStem_NStem
,	Punc	PUNC	Punc	NStem
u_kuba	Conj	NPrePre15_Conj	Conj	PUNC_PUNC
kufuphi	Adv	Adv	Adv	PUNC
ku_shishino	LocPre_NPrePre11_BPre11_NStem	LocPre_BPre11	LocPre_NPrePre11_BPre11_NStem	NStem_PUNC
lwa_s_e_Af_rika	PossConc11_PreLoc-s_LocPre_ProperName	PossConc11_PreLocs_LocPre_ProperName_NStem	PossConc11_PreLoc-s_LocPre_ProperName	NStem_NStem_NStem_NStem_NStem
olu_khul_a	RelConc11_VRoot_VerbTerm	RelConc11_VRoot_VerbTerm	RelConc11_VRoot_VerbTerm	NStem_NStem_NStem
ngo_ku_khawulez_a	AdvPre_NPrePre15_BPre15_VRoot_VerbTerm	AdvPre_BPre15_VRoot_VerbTerm	AdvPre_NPrePre15_BPre15_VRoot_VerbTerm	NStem_NStem_VRoot_VRoot
,	Punc	PUNC	Punc	PUNC
u_bu_lunga	NPrePre14_BPre14_NStem	NPrePre14_BPre14_NStem	NPrePre14_BPre14_NStem	NStem_NStem_NStem
obu_phezulu	RelConc14_Adv	RelConc14_Adv	RelConc14_Adv	PUNC_NStem
kw_i_i_yunivesithi	LocPre_NPrePre10_BPre10_NStem	LocPre_NPrePre10_BPre10_NStem	LocPre_NPrePre10_BPre10_NStem	NStem_NStem_NStem_NStem
ne_candelo	AdvPre_NPrePre5_BPre5_NStem	AdvPre_BPre5	AdvPre_NPrePre5_BPre5_NStem	NStem_PUNC
l_e_zo_limo	PossConc5_RelConc9_PossConc8_NPrePre11_BPre11_NStem	PossConc5_RelConc8_PossConc8_BPre11	PossConc5_RelConc9_PossConc8_NPrePre11_BPre11_NStem	NStem_NStem_NStem_NStem
la_ng_oku	PossConc5_AdvPre_Dem15_Pos1	PossConc5_AdvPre_RelConc15	PossConc5_AdvPre_Dem15_Pos1	PUNC_PUNC_PUNC
,	Punc	PUNC	Punc	PUNC
eli_ne_m_veliso	RelConc5_AdvPre_NPrePre9_BPre9_NStem	RelConc5_AdvPre_BPre9_NStem	RelConc5_AdvPre_NPrePre9_BPre9_NStem	NStem_NStem_NStem_NStem
.	Punc	PUNC	Punc	PUNC
U_Mzantsi	NPrePre3_ProperName	NPrePre3_ProperName	NPrePre3_ProperName	NStem_NStem
Afrika	ProperName	ProperName	ProperName	PUNC
u_kwa_ne_e_n_kampani	CopPre_AdvPre_CopPre_NPrePre10_BPre10_NStem	CopPre_AdvPre_CopPre_NPrePre9_BPre9_NStem	CopPre_AdvPre_CopPre_NPrePre10_BPre10_NStem	NStem_NStem_NStem_NStem_NStem_NStem
ezi_z_i_in_kokheli	RelConc10_CopPre_NPrePre10_BPre10_NStem	RelConc10_CopPre_NPrePre10_BPre10_NStem	RelConc10_CopPre_NPrePre10_BPre10_NStem	NStem_NStem_NStem_NStem_NStem
e_hlabath_ini	LocPre_NPrePre5_BPre5_NStem_LocSuf	LocPre_BPre5_NStem	LocPre_NPrePre5_BPre5_NStem_LocSuf	PUNC_PUNC_PUNC
ku_ma_candelo	LocPre_NPrePre6_BPre6_NStem	LocPre_BPre6_NStem	LocPre_NPrePre6_BPre6_NStem	NStem_NStem_NStem
a_fan_a	SC6_VRoot_VerbTerm	SC6_VRoot_VerbTerm	SC6_VRoot_VerbTerm	PUNC_NStem_PUNC
no_kw_akh_iw_a	AdvPre_NPrePre15_BPre15_VRoot_PassExt_VerbTerm	AdvPre_BPre15_VRoot_PassExt_VerbTerm	AdvPre_NPrePre15_BPre15_VRoot_PassExt_VerbTerm	VRoot_NStem_VRoot_VRoot_VRoot
kwe_e_n_dlel_a	PossConc15_NPrePre10_BPre10_NStem	PossConc15_NPrePre9_BPre9_VRoot_VerbTerm	PossConc15_NPrePre10_BPre10_NStem	VRoot_NStem_VRoot_NStem_NStem
.	Punc	PUNC	Punc	NStem
U_lw_az_i	NPrePre11_BPre11_NStem	NPrePre11_BPre11_VRoot_VerbTerm	NPrePre11_BPre11_NStem	NStem_NStem_NStem_NStem
_	Punc		Punc	
u_m_zekelo	NPrePre3_BPre3_NStem	NPrePre3_BPre3_NStem	NPrePre3_BPre3_NStem	NStem_NStem_NStem
,	Punc	PUNC	Punc	PUNC
i_bhunga	NPrePre5_NStem	NPrePre5_NStem	NPrePre5_NStem	NStem_NStem
le_n_gingqi	PossConc5_NPrePre9_BPre9_NStem	PossConc5_BPre9_NStem	PossConc5_NPrePre9_BPre9_NStem	NStem_NStem_NStem
li_nga_nga_y_enzi	SC5_Pot_NegPre_OC9_VRoot_VerbTerm	CopPre_Pot_Pot_CopPre_NStem	SC5_Pot_NegPre_OC9_VRoot_VerbTerm	NStem_NStem_NStem_NStem_NStem
i_mi_zuzu	NPrePre4_BPre4_NStem	NPrePre4_BPre4_NStem	NPrePre4_BPre4_NStem	NStem_NStem_NStem
okanye	Conj	Conj	Conj	Conj
u_hlahlo	NPrePre11_NStem	NPrePre11_NStem	NPrePre11_NStem	NStem_NStem
lw_ab_iwo__mali	BPre11_NStem_NStem	BPre11_NStem_NStem_NStem	BPre11_NStem_NStem	VRoot_VRoot_NStem_VRoot
okanye	Conj	Conj	Conj	Conj
i_in_gxelo	NPrePre10_BPre10_NStem	NPrePre10_BPre10_NStem	NPrePre10_BPre10_NStem	NStem_NStem_NStem
ze_mali	PossConc10_NPrePre9_NStem	PossConc10_NStem	PossConc10_NPrePre9_NStem	PUNC_PUNC
kunye	Conj	Conj	Conj	PUNC
na_ma_nye	AdvPre_AdjPref6_AdjStem	AdvPre_AdjPref6_AdjStem	AdvPre_AdjPref6_AdjStem	NStem_NStem_NStem
a_ma_xwebhu	NPrePre6_BPre6_NStem	NPrePre6_BPre6_NStem	NPrePre6_BPre6_NStem	NStem_NStem_NStem
a_fuman_ek_e	RelConc6_VRoot_NeutExt_VerbTerm	SC6_VRoot_NeutExt_VerbTerm	RelConc6_VRoot_NeutExt_VerbTerm	NStem_PUNC_NStem_NStem
ku_lu_ntu	LocPre_NPrePre11_BPre11_NStem	LocPre_BPre11_NStem	LocPre_NPrePre11_BPre11_NStem	NStem_NStem_NStem
jikelel_e	Adv	VRoot_VerbTerm	Adv	PUNC_PUNC
.	Punc	PUNC	Punc	NStem
U_lu_ntu	NPrePre11_BPre11_NStem	NPrePre11_BPre11_NStem	NPrePre11_BPre11_NStem	NStem_NStem_NStem
ke_ng_oko	Conj_AdvPre_Dem15_Pos2	AdvPre_AdvPre_Adv	Conj_AdvPre_Dem15_Pos2	PUNC_PUNC_PUNC
a_lu_kw_az_i	NegPre_SC11_BPre14_VRoot_VerbTerm	NegPre_SC11_BPre15_VRoot_VerbTerm	NegPre_SC11_BPre14_VRoot_VerbTerm	NStem_NStem_NStem_NStem_NStem
u_kw_enz_a	NPrePre15_BPre15_VRoot_VerbTerm	NPrePre15_BPre15_VRoot_VerbTerm	NPrePre15_BPre15_VRoot_VerbTerm	NStem_NStem_NStem_NStem
i_zi_gqibo	NPrePre8_BPre8_NStem	NPrePre8_BPre8_NStem	NPrePre8_BPre8_NStem	NStem_NStem_NStem
ma_lunga	Adv	BPre6_NStem	Adv	PUNC_PUNC
no_ncediso	AdvPre_NPrePre11_NStem	AdvPre_NStem	AdvPre_NPrePre11_NStem	NStem_NStem
lw_e_ze_mali	PossConc11_RelConc8_PossConc8_NPrePre9_NStem	PossConc11_RelConc9_PossConc8_NStem	PossConc11_RelConc8_PossConc8_NPrePre9_NStem	NStem_NStem_NStem_NStem
olu_kho_yo	RelConc11_Adv_RelSuf	RelConc11_Adv_RelSuf	RelConc11_Adv_RelSuf	NStem_NStem_NStem
e_kw_akh_e_ni	LocPre_NPrePre15_BPre15_VRoot_VerbTerm_LocSuf	LocPre_BPre15_VRoot_VerbTerm_VerbTerm	LocPre_NPrePre15_BPre15_VRoot_VerbTerm_LocSuf	NStem_NStem_NStem_NStem_NStem
i_klinikhi	NPrePre9_NStem	NPrePre9_NStem	NPrePre9_NStem	PUNC_Conj
okanye	Conj	Conj	Conj	PUNC
i_si_kolo	NPrePre7_BPre7_NStem	NPrePre7_BPre7_NStem	NPrePre7_BPre7_NStem	NStem_NStem_NStem
.	Punc	PUNC	Punc	PUNC
Xa	Conj	Conj	Conj	PUNC
lu_cebis_a	BPre11_VRoot_VerbTerm	SC11_VRoot_VerbTerm	BPre11_VRoot_VerbTerm	NStem_NStem_NStem
ngo_ku_th_ile	AdvPre_RelConc15_VRoot_Perf	AdvPre_BPre15_VRoot_Perf	AdvPre_RelConc15_VRoot_Perf	NStem_NStem_NStem_NStem
,	Punc	PUNC	Punc	Conj
ba_xelel_w_a	SC2_VRoot_PassExt_VerbTerm	SC2_VRoot_PassExt_VerbTerm	SC2_VRoot_PassExt_VerbTerm	NStem_NStem_NStem_NStem
u_kuba	Conj	SC1_Conj	Conj	PUNC_PUNC
a_ku_kho	NegPre_CopPre_Adv	NegPre_CopPre_Adv	NegPre_CopPre_Adv	NStem_NStem_NStem
mali	NStem	NStem	NStem	PUNC
e_kho_yo	RelConc9_Adv_RelSuf	RelConc4_Adv_RelSuf	RelConc9_Adv_RelSuf	NStem_NStem_NStem
kwaye	Conj	Conj	Conj	Conj
aba_kw_az_i	NegPre_SC2_BPre15_VRoot_VerbTerm	RelConc2_BPre15_VRoot_VerbTerm	NegPre_SC2_BPre15_VRoot_VerbTerm	NStem_NStem_NStem_NStem
ku_ku_lw_a	SC15_BPre15_VRoot_VerbTerm	SC15_BPre15_VRoot_VerbTerm	SC15_BPre15_VRoot_VerbTerm	NStem_NStem_NStem_NStem
oko	Dem15_Pos2	CDEM15	Dem15_Pos2	PUNC
njeng_oko	AdvPre_Dem15_Pos2	AdvPre_CDEM15	AdvPre_Dem15_Pos2	PUNC_PUNC
be_nga_kw_az_i	SC2_NegPre_BPre15_VRoot_VerbTerm	SC2_Pot_BPre15_VRoot_VerbTerm	SC2_NegPre_BPre15_VRoot_VerbTerm	NStem_NStem_NStem_NStem_NStem
u_ku_fikelel_a	NPrePre15_BPre15_VRoot_VerbTerm	NPrePre15_BPre15_VRoot_VerbTerm	NPrePre15_BPre15_VRoot_VerbTerm	NStem_NStem_NStem_NStem
ku_lw_az_i	LocPre_BPre11_VRoot_VerbTerm	LocPre_BPre11_VRoot_VerbTerm	LocPre_BPre11_VRoot_VerbTerm	NStem_NStem_NStem_NStem
olu_chan_ek_il_e_yo	RelConc11_VRoot_NeutExt_Perf_VerbTerm_RelSuf	RelConc11_VRoot_NeutExt_Perf_VerbTerm_RelSuf	RelConc11_VRoot_NeutExt_Perf_VerbTerm_RelSuf	VRoot_VRoot_VRoot_VRoot_NStem_VRoot
.	Punc	PUNC	Punc	PUNC
Thath_a	VRoot_VerbTerm	VRoot_VerbTerm	VRoot_VerbTerm	NStem_NStem
i_im_pendulo	NPrePre10_BPre10_NStem	NPrePre10_BPre10_NStem	NPrePre10_BPre10_NStem	NStem_NStem_NStem
kw_i_qela	LocPre_NPrePre5_BPre5_NStem	LocPre_NPrePre5_BPre5	LocPre_NPrePre5_BPre5_NStem	NStem_NStem_NStem
.	Punc	PUNC	Punc	PUNC
A_ba_thathi__n_xaxheba	NPrePre2_BPre2_NStem_BPre9_NStem	NPrePre2_BPre2_NStem_BPre9_NStem	NPrePre2_BPre2_NStem_BPre9_NStem	VRoot_VRoot_VRoot_VRoot_VRoot
ma_ba_jong_e	ImpPre_SC2_VRoot_VerbTerm	ImpPre_SC2_VRoot_VerbTerm	ImpPre_SC2_VRoot_VerbTerm	NStem_NStem_NStem_NStem
u__3._3	NPrePre1a_Num	CopPre_Num_Num	NPrePre1a_Num	NStem_NStem_NStem
ku_ma_nqaku	LocPre_NPrePre6_BPre6_NStem	LocPre_BPre6_NStem	LocPre_NPrePre6_BPre6_NStem	NStem_NStem_NStem
nge_zi_fundo	AdvPre_NPrePre8_BPre8_NStem	AdvPre_BPre8_NStem	AdvPre_NPrePre8_BPre8_NStem	NStem_NStem_NStem
njengo_m_zekelo	AdvPre_NPrePre3_BPre3_NStem	AdvPre_BPre3_NStem	AdvPre_NPrePre3_BPre3_NStem	VRoot_VRoot_VRoot
o_ph_elel_e_yo	RelConc3_VRoot_VerbTerm_RelSuf	RelConc3_VRoot_ApplExt_VerbTerm_RelSuf	RelConc3_VRoot_VerbTerm_RelSuf	VRoot_NStem_VRoot_NStem_NStem
.	Punc	PUNC	Punc	PUNC
I_zi_cwangciso	NPrePre8_BPre8_NStem	NPrePre8_BPre8_NStem	NPrePre8_BPre8_NStem	NStem_NStem_NStem
zi_jolis_w_e	SC8_VRoot_PassExt_VerbTerm	SC10_VRoot_PassExt_VerbTerm	SC8_VRoot_PassExt_VerbTerm	NStem_NStem_NStem_NStem
kwaye	Conj	Conj	Conj	PUNC
zi_phathel_en_e	SC8_VRoot_RecipExt_VerbTerm	SC10_VRoot_RecipExt_VerbTerm	SC8_VRoot_RecipExt_VerbTerm	NStem_NStem_NStem_NStem
ngakumbi	Adv	Adv	Adv	NStem
no_ku_lungis_w_a	AdvPre_NPrePre15_BPre15_VRoot_PassExt_VerbTerm	AdvPre_BPre15_VRoot_PassExt_VerbTerm	AdvPre_NPrePre15_BPre15_VRoot_PassExt_VerbTerm	NStem_NStem_NStem_NStem_NStem
kwe_zin_to	PossConc15_NPrePre10_BPre10_NStem	PossConc15_BPre10_NStem	PossConc15_NPrePre10_BPre10_NStem	NStem_NStem_NStem
ezi_xabis_ek_e	RelConc10_VRoot_NeutExt_VerbTerm	RelConc10_VRoot_NeutExt_VerbTerm	RelConc10_VRoot_NeutExt_VerbTerm	NStem_NStem_NStem_NStem
ku_wo	LocPre_PronStem3	LocPre_PronStem6	LocPre_PronStem3	PUNC_Conj
o_nke	QuantConc6_QuantStem	QuantConc6_QuantStem	QuantConc6_QuantStem	NStem_NStem
a_ma_qela	NPrePre6_BPre6_NStem	NPrePre6_BPre6_NStem	NPrePre6_BPre6_NStem	NStem_NStem_NStem
ng_oko_ku_shiy_a__shiy_an_a	AdvPre_NPrePre15_BPre15_VRoot_VerbTerm_VRoot_RecipExt_VerbTerm	AdvPre_AdvPre_SC15_VRoot_VerbTerm_VRoot_RecipExt_VerbTerm	AdvPre_NPrePre15_BPre15_VRoot_VerbTerm_VRoot_RecipExt_VerbTerm	VRoot_VRoot_VRoot_NStem_VRoot_VRoot_VRoot_VRoot
kwa_zo	PossConc15_PronStem10	PossConc15_PronStem10	PossConc15_PronStem10	NStem_NStem
,	Punc	PUNC	Punc	PUNC
ku_bandakany_w_a	SC15_VRoot_PassExt_VerbTerm	SC15_VRoot_PassExt_VerbTerm	SC15_VRoot_PassExt_VerbTerm	NStem_NStem_NStem_NStem
n_e_zo_na	AdvPre_LocPre_PronStem8_PronSuf	AdvPre_RelConc9_PronStem10_PronSuf	AdvPre_LocPre_PronStem8_PronSuf	NStem_NStem_NStem_NStem
z_i_zi_zi_sulu	BPre8_CopPre_NPrePre8_BPre8_NStem	CopPre_NPrePre8_BPre8_BPre8_NStem	BPre8_CopPre_NPrePre8_BPre8_NStem	NStem_NStem_NStem_NStem_NStem
.	Punc	PUNC	Punc	PUNC
U_bu_me	NPrePre14_BPre14_NStem	NPrePre14_BPre14_NStem	NPrePre14_BPre14_NStem	NStem_NStem_NStem
be_za_khono	PossConc14_NPrePre8_BPre8_NStem	PossConc14_BPre8_NStem	PossConc14_NPrePre8_BPre8_NStem	NStem_NStem_NStem
ze_n_konzo	PossConc8_NPrePre9_BPre9_NStem	PossConc10_BPre9_NStem	PossConc8_NPrePre9_BPre9_NStem	NStem_NStem_NStem
yo_lu_ntu	PossConc9_NPrePre11_BPre11_NStem	PossConc9_BPre11_NStem	PossConc9_NPrePre11_BPre11_NStem	PUNC_NStem_NStem
bu_bon_akal_is_a	SC14_VRoot_NeutExt_CausExt_VerbTerm	SC14_VRoot_NeutExt_CausExt_VerbTerm	SC14_VRoot_NeutExt_CausExt_VerbTerm	NStem_NStem_NStem_NStem_NStem
u_bu_me	NPrePre14_BPre14_NStem	NPrePre14_BPre14_NStem	NPrePre14_BPre14_NStem	PUNC_PUNC_PUNC
be_za_khono	PossConc14_NPrePre8_BPre8_NStem	PossConc14_BPre8_NStem	PossConc14_NPrePre8_BPre8_NStem	NStem_VRoot_VRoot
zi_ka_zwelonke	PossConc8_PossKA_NStem	PossConc10_PossKA_NStem	PossConc8_PossKA_NStem	NStem_VRoot_NStem
.	Punc	PUNC	Punc	PUNC
Ku_kho	CopPre_Adv	CopPre_Adv	CopPre_Adv	PUNC_PUNC
u_ku_shota	NPrePre15_BPre15_VRoot_VerbTerm	NPrePre15_BPre15_NStem	NPrePre15_BPre15_VRoot_VerbTerm	NStem_NStem_NStem
oku_mandundu	RelConc15_RelStem	RelConc15_RelStem	RelConc15_RelStem	NStem_NStem
k_oo_gqi_rha	PossConc15_NPrePre2a_NStem	LocPre_NPrePre2a_NStem_NStem	PossConc15_NPrePre2a_NStem	NStem_NStem_NStem_NStem
aba_no_bu_lunga	RelConc2_CopPre_NPrePre14_BPre14_NStem	RelConc2_CopPre_BPre14_NStem	RelConc2_CopPre_NPrePre14_BPre14_NStem	NStem_NStem_NStem_NStem
obu_phezulu	RelConc14_Adv	RelConc14_Adv	RelConc14_Adv	NStem_NStem
,	Punc	PUNC	Punc	PUNC
i_in_jineli	NPrePre10_BPre10_NStem	NPrePre10_BPre10_NStem	NPrePre10_BPre10_NStem	PUNC_PUNC_PUNC
,	Punc	PUNC	Punc	PUNC
i_in_gcali	NPrePre10_BPre10_NStem	NPrePre10_BPre10_NStem	NPrePre10_BPre10_NStem	NStem_NStem_NStem
zo_lw_az_i	PossConc10_NPrePre11_BPre11_NStem	PossConc10_BPre11_VRoot_VerbTerm	PossConc10_NPrePre11_BPre11_NStem	NStem_NStem_NStem_NStem
lo_bu_chwephesh_e	PossConc11_NPrePre14_BPre14_NStem	PossConc11_BPre14_VRoot_VerbTerm	PossConc11_NPrePre14_BPre14_NStem	NStem_NStem_NStem_NStem
,	Punc	PUNC	Punc	PUNC
i_in_gcali	NPrePre10_BPre10_NStem	NPrePre10_BPre10_NStem	NPrePre10_BPre10_NStem	NStem_PUNC_NStem
za_s_en_kundle_ni	PossConc10_PreLoc-s_LocPre_NPrePre9_BPre9_NStem_LocSuf	PossConc10_PreLocs_AdjPref9_NStem_LocSuf	PossConc10_PreLoc-s_LocPre_NPrePre9_BPre9_NStem_LocSuf	VRoot_NStem_VRoot_VRoot_VRoot
,	Punc	PUNC	Punc	PUNC
a_becu_phi	NPrePre2_BPre2_NStem	CopPre_AuxVStem_EnumStem	NPrePre2_BPre2_NStem	NStem_NStem_NStem
,	Punc	PUNC	Punc	PUNC
aba_cwangcisi	NPrePre2_BPre2_NStem	RelConc2_NStem	NPrePre2_BPre2_NStem	NStem_NStem
,	Punc	PUNC	Punc	PUNC
aba_gcin_i	NPrePre2_BPre2_NStem	RelConc2_VRoot_VerbTerm	NPrePre2_BPre2_NStem	NStem_NStem_NStem
zi_n_cwadi	BPre10_NStem	BPre8_BPre9_NStem	BPre10_NStem	NStem_NStem_NStem
,	Punc	PUNC	Punc	PUNC
aba_tshutshisi	NPrePre2_BPre2_NStem	RelConc2_RelStem	NPrePre2_BPre2_NStem	NStem_NStem
,	Punc	PUNC	Punc	PUNC
aba_cebisi	NPrePre2_BPre2_NStem	RelConc2_NStem	NPrePre2_BPre2_NStem	NStem_NStem
be_kharityhulam	PossConc2_NPrePre9_NStem	PossConc14_NStem	PossConc2_NPrePre9_NStem	NStem_NStem
njalo	Adv	Adv	Adv	PUNC
njalo	Adv	Adv	Adv	PUNC
njalo	Adv	Adv	Adv	PUNC
.	Punc	PUNC	Punc	Conj
U_k_ongez_a	NPrePre15_BPre15_VRoot_VerbTerm	NPrePre15_BPre15_VRoot_VerbTerm	NPrePre15_BPre15_VRoot_VerbTerm	NStem_NStem_NStem_NStem
,	Punc	PUNC	Punc	PUNC
u_bu_na_kho	NPrePre14_BPre14_CopPre_NStem	NPrePre14_BPre14_CopPre_Adv	NPrePre14_BPre14_CopPre_NStem	NStem_NStem_NStem_NStem
bo_lawulo	PossConc14_NPrePre11_BPre11_NStem	PossConc14_BPre11	PossConc14_NPrePre11_BPre11_NStem	NStem_NStem
ba_ba_sebenzi	PossConc14_NPrePre2_BPre2_NStem	PossConc2_BPre2_NStem	PossConc14_NPrePre2_BPre2_NStem	NStem_NStem_NStem
aba_phezulu	RelConc2_Adv	RelConc2_Adv	RelConc2_Adv	PUNC_PUNC
aba_sebenz_a	RelConc2_VRoot_VerbTerm	RelConc2_VRoot_VerbTerm	RelConc2_VRoot_VerbTerm	NStem_NStem_NStem
kw_i_mi_butho	LocPre_NPrePre4_BPre4_NStem	LocPre_NPrePre4_BPre4_NStem	LocPre_NPrePre4_BPre4_NStem	VRoot_VRoot_VRoot_VRoot
e_no_bu_nzima	RelConc4_CopPre_NPrePre14_BPre14_RelStem	RelConc9_CopPre_BPre14_RelStem	RelConc4_CopPre_NPrePre14_BPre14_RelStem	NStem_VRoot_VRoot_VRoot
,	Punc	PUNC	Punc	PUNC
kw_i_mi_xholo	LocPre_NPrePre4_BPre4_NStem	LocPre_NPrePre4_BPre4_NStem	LocPre_NPrePre4_BPre4_NStem	NStem_NStem_NStem_NStem
ye_politiki	PossConc4_NPrePre9_NStem	PossConc9_NStem	PossConc4_NPrePre9_NStem	PUNC_PUNC
e_ya_s_e_ku_hlal_e_ni	RelConc9_PossConc9_PreLoc-s_LocPre_NPrePre15_BPre15_VRoot_VerbTerm_LocSuf	LocPre_PossConc4_PreLocs_LocPre_BPre15_VRoot_VerbTerm_VerbTerm	RelConc9_PossConc9_PreLoc-s_LocPre_NPrePre15_BPre15_VRoot_VerbTerm_LocSuf	VRoot_VRoot_VRoot_VRoot_VRoot_VRoot_VRoot_VRoot
ku_fun_a	SC15_VRoot_VerbTerm	SC15_VRoot_VerbTerm	SC15_VRoot_VerbTerm	PUNC_PUNC_PUNC
i_n_gqalelo	NPrePre9_BPre9_NStem	NPrePre9_BPre9_NStem	NPrePre9_BPre9_NStem	NStem_NStem_NStem
en_kulu	AdjPref9_AdjStem	AdjPref9_AdjStem	AdjPref9_AdjStem	PUNC_PUNC
.	Punc	PUNC	Punc	PUNC
U_ku_sombulul_a	NPrePre15_BPre15_VRoot_VerbTerm	NPrePre15_BPre15_VRoot_VerbTerm	NPrePre15_BPre15_VRoot_VerbTerm	NStem_NStem_NStem_NStem
zo_m_bini	QuantConc10_BPre1_AdjStem	QuantConc10_BPre9_AdjStem	QuantConc10_BPre1_AdjStem	NStem_NStem_NStem
u_ku_shota	NPrePre15_BPre15_VRoot_VerbTerm	NPrePre15_BPre15_NStem	NPrePre15_BPre15_VRoot_VerbTerm	NStem_NStem_NStem
kwe_za_khona	PossConc15_NPrePre8_BPre8_Adv	AdvPre_BPre8_Adv	PossConc15_NPrePre8_BPre8_Adv	NStem_NStem_NStem
zo_bu_gcis_a	PossConc8_NPrePre14_BPre14_NStem	PossConc8_BPre14_VRoot_VerbTerm	PossConc8_NPrePre14_BPre14_NStem	NStem_VRoot_NStem_NStem
no_lawulo	AdvPre_NPrePre11_BPre11_NStem	AdvPre_BPre11	AdvPre_NPrePre11_BPre11_NStem	NStem_NStem
,	Punc	PUNC	Punc	PUNC
u_rhulumente	NPrePre1a_NStem	NPrePre1a_NStem	NPrePre1a_NStem	NStem_NStem
ku_mel_e	SC15_AuxVStem	SC15_VRoot_VerbTerm	SC15_AuxVStem	PUNC_PUNC_PUNC
a_thath_e	SC6_VRoot_VerbTerm	SC6_VRoot_VerbTerm	SC6_VRoot_VerbTerm	NStem_NStem_NStem
i_m_bono	NPrePre9_BPre9_NStem	NPrePre9_BPre9_NStem	NPrePre9_BPre9_NStem	PUNC_PUNC_PUNC
ye_xesha	PossConc9_NPrePre5_BPre5_NStem	PossConc9_BPre5	PossConc9_NPrePre5_BPre5_NStem	NStem_NStem
eli_de	AdjPref5_AdjStem	AdjPref5_AdjStem	AdjPref5_AdjStem	NStem_NStem
e_ku_phuhl_is_e_ni	LocPre_NPrePre15_BPre15_VRoot_CausExt_VerbTerm_LocSuf	LocPre_BPre15_VRoot_CausExt_VerbTerm_VerbTerm	LocPre_NPrePre15_BPre15_VRoot_CausExt_VerbTerm_LocSuf	NStem_VRoot_VRoot_NStem_NStem_NStem
i_za_khono	NPrePre8_BPre8_NStem	NPrePre8_BPre8_NStem	NPrePre8_BPre8_NStem	NStem_NStem_NStem
ezi_y_i_m_funeko	RelConc10_CopPre_NPrePre9_BPre9_NStem	RelConc10_CopPre_NPrePre9_BPre9_NStem	RelConc10_CopPre_NPrePre9_BPre9_NStem	NStem_NStem_NStem_NStem_NStem
nge_khondo	AdvPre_NPrePre5_BPre5_NStem	AdvPre_BPre5	AdvPre_NPrePre5_BPre5_NStem	PUNC_PUNC
le_m_fundo	PossConc5_NPrePre9_BPre9_NStem	PossConc5_BPre9_NStem	PossConc5_NPrePre9_BPre9_NStem	PUNC_PUNC_PUNC
,	Punc	PUNC	Punc	NStem
ngo_ku_cebis_a	AdvPre_NPrePre15_BPre15_VRoot_VerbTerm	AdvPre_BPre15_VRoot_VerbTerm	AdvPre_NPrePre15_BPre15_VRoot_VerbTerm	NStem_NStem_NStem_NStem
,	Punc	PUNC	Punc	NStem
na_ngo_bu_dlelane	AdvPre_AdvPre_NPrePre14_BPre14_NStem	AdvPre_AdvPre_BPre14_NStem	AdvPre_AdvPre_NPrePre14_BPre14_NStem	NStem_NStem_NStem_NStem
obusondel_en_e_yo	RelConc15_VRoot_RecipExt_VerbTerm_RelSuf	RelConc14_RecipExt_VerbTerm_RelSuf	RelConc15_VRoot_RecipExt_VerbTerm_RelSuf	NStem_NStem_NStem_NStem
ne_e_yunivesithi	AdvPre_NPrePre10_BPre10_NStem	AdvPre_NPrePre9_NStem	AdvPre_NPrePre10_BPre10_NStem	VRoot_NStem_VRoot
ne_zi_fundo	AdvPre_NPrePre8_BPre8_NStem	AdvPre_BPre8_NStem	AdvPre_NPrePre8_BPre8_NStem	NStem_NStem_NStem
za_ma_candelo	PossConc10_NPrePre6_BPre6_NStem	PossConc10_BPre6_NStem	PossConc10_NPrePre6_BPre6_NStem	NStem_NStem_NStem
e_zo_lawulo	RelConc9_PossConc8_NPrePre11_BPre11_NStem	RelConc8_PossConc8_BPre11	RelConc9_PossConc8_NPrePre11_BPre11_NStem	PUNC_PUNC_PUNC
.	Punc	PUNC	Punc	PUNC
I_si_cwangciso	NPrePre7_BPre7_NStem	NPrePre7_BPre7_NStem	NPrePre7_BPre7_NStem	NStem_NStem_NStem
si_thembek_ile	SC7_VRoot_Perf	SC7_VRoot_Perf	SC7_VRoot_Perf	NStem_NStem_NStem
ku_phel_a	Adv	SC15_VRoot_VerbTerm	Adv	NStem_NStem_NStem
njengo_kuba	AdvPre_Conj	AdvPre_Conj	AdvPre_Conj	NStem_NStem
i_n_kqubo	NPrePre9_BPre9_NStem	NPrePre9_BPre9_NStem	NPrePre9_BPre9_NStem	NStem_NStem_NStem
yo_ku_hanj_is_w_a	PossConc9_NPrePre15_BPre15_VRoot_CausExt_PassExt_VerbTerm	PossConc9_BPre15_VRoot_CausExt_PassExt_VerbTerm	PossConc9_NPrePre15_BPre15_VRoot_CausExt_PassExt_VerbTerm	VRoot_NStem_VRoot_NStem_VRoot_VRoot
kwa_so	PossConc15_PronStem7	PossConc15_PronStem7	PossConc15_PronStem7	PUNC_PUNC
i_lung_ile	SC9_VRoot_Perf	SC9_VRoot_Perf	SC9_VRoot_Perf	NStem_NStem_NStem
.	Punc	PUNC	Punc	PUNC
Ku_kho	CopPre_Adv	CopPre_Adv	CopPre_Adv	PUNC_PUNC
u_m_gcipheko	NPrePre3_BPre3_NStem	NPrePre3_BPre3_NStem	NPrePre3_BPre3_NStem	NStem_NStem_NStem
w_okwe_nene	PossConc3_RelConc15_NPrePre9_NStem	PossConc3_AdvPre_NStem	PossConc3_RelConc15_NPrePre9_NStem	NStem_NStem_NStem
wo_kuba	PossConc3_Conj	PossConc3_Conj	PossConc3_Conj	PUNC_PUNC
i__aj_enda	NPrePre9_NStem	NPrePre9_NStem_NStem	NPrePre9_NStem	PUNC_PUNC_PUNC
yo_phuhliso	PossConc9_NPrePre11_BPre11_NStem	PossConc9_BPre11	PossConc9_NPrePre11_BPre11_NStem	NStem_NStem
yo_Mzantsi	PossConc9_NPrePre3_ProperName	PossConc9_ProperName	PossConc9_NPrePre3_ProperName	NStem_NStem
Afrika	ProperName	ProperName	ProperName	PUNC
i_ngasilel_a	SC9_Pot_VRoot_VerbTerm	SC9_VRoot_VerbTerm	SC9_Pot_VRoot_VerbTerm	NStem_NStem_NStem
ku_ba	Conj	CopPre_Cop	Conj	PUNC_PUNC
u_rhulumente	NPrePre1a_NStem	NPrePre1a_NStem	NPrePre1a_NStem	VRoot_NStem
a_ka_kw_az_i	NegPre_SC1a_BPre15_VRoot_VerbTerm	NegPre_SC1_OC15_VRoot_VerbTerm	NegPre_SC1a_BPre15_VRoot_VerbTerm	NStem_NStem_NStem_NStem_NStem
u_ku_yi_fezek_is_a	NPrePre15_BPre15_OC9_VRoot_CausExt_VerbTerm	NPrePre15_BPre15_OC4_VRoot_CausExt_VerbTerm	NPrePre15_BPre15_OC9_VRoot_CausExt_VerbTerm	VRoot_VRoot_VRoot_VRoot_VRoot_VRoot
.	Punc	PUNC	Punc	PUNC
I_Khomishoni	NPrePre9_NStem	NPrePre9_NStem	NPrePre9_NStem	NStem_NStem
y_enz_a	SC9_VRoot_VerbTerm	SC9_VRoot_VerbTerm	SC9_VRoot_VerbTerm	NStem_NStem_NStem
i_in_gcebiso	NPrePre10_BPre10_NStem	NPrePre10_BPre10_NStem	NPrePre10_BPre10_NStem	NStem_NStem_NStem
zo_ku_lungis_w_a	PossConc10_NPrePre15_BPre15_VRoot_PassExt_VerbTerm	PossConc10_BPre15_VRoot_PassExt_VerbTerm	PossConc10_NPrePre15_BPre15_VRoot_PassExt_VerbTerm	VRoot_VRoot_VRoot_VRoot_VRoot
kwa_ma_ziko	PossConc15_NPrePre6_BPre6_NStem	PossConc15_BPre6_NStem	PossConc15_NPrePre6_BPre6_NStem	NStem_NStem_NStem
ezi_bhek_e	RelConc10_VRoot_VerbTerm	RelConc10_VRoot_VerbTerm	RelConc10_VRoot_VerbTerm	NStem_NStem_NStem
phaya	Dem16_Pos3	CDEMLOC	Dem16_Pos3	PUNC
e_ku_lungis_e_ni	LocPre_NPrePre15_BPre15_VRoot_VerbTerm_LocSuf	LocPre_BPre15_VRoot_VerbTerm_LocSuf	LocPre_NPrePre15_BPre15_VRoot_VerbTerm_LocSuf	NStem_NStem_VRoot_NStem_NStem
u_ku_nga_lungelelan_i	NPrePre15_BPre15_NegPre_VRoot_VerbTerm	NPrePre15_BPre15_NegPre_VRoot_VerbTerm	NPrePre15_BPre15_NegPre_VRoot_VerbTerm	VRoot_VRoot_VRoot_VRoot_VRoot
no_ku_sebenz_a	AdvPre_NPrePre15_BPre15_VRoot_VerbTerm	AdvPre_BPre15_VRoot_VerbTerm	AdvPre_NPrePre15_BPre15_VRoot_VerbTerm	NStem_NStem_NStem_NStem
oku_th_i	RelConc15_VRoot_VerbTerm	RelConc15_VRoot_VerbTerm	RelConc15_VRoot_VerbTerm	NStem_NStem_NStem
ma_xa	BPre6_NStem	BPre6_NStem	BPre6_NStem	PUNC_PUNC
wa_mbi	PossConc6_EnumStem	PossConc6_EnumStem	PossConc6_EnumStem	NStem_NStem
ku_be	SC15_AuxVStem	CopPre_Cop	SC15_AuxVStem	PUNC_PUNC
phantsi	Adv	Adv	Adv	NStem
kw_i_n_konzo	LocPre_NPrePre9_BPre9_NStem	LocPre_NPrePre9_BPre9_NStem	LocPre_NPrePre9_BPre9_NStem	VRoot_NStem_NStem_VRoot
yo_lu_ntu	PossConc9_NPrePre11_BPre11_NStem	PossConc9_BPre11_NStem	PossConc9_NPrePre11_BPre11_NStem	NStem_NStem_NStem
no_rhulumente	AdvPre_NPrePre1a_NStem	AdvPre_NStem	AdvPre_NPrePre1a_NStem	NStem_NStem
wa_ma_khaya	PossConc1a_NPrePre6_BPre6_NStem	PossConc3_BPre6_NStem	PossConc1a_NPrePre6_BPre6_NStem	NStem_NStem_NStem
.	Punc	PUNC	Punc	PUNC
U_ku_qond_a	NPrePre15_BPre15_VRoot_VerbTerm	NPrePre15_BPre15_VRoot_VerbTerm	NPrePre15_BPre15_VRoot_VerbTerm	NStem_NStem_NStem_NStem
i_im_piliso	NPrePre10_BPre10_NStem	NPrePre10_BPre10_NStem	NPrePre10_BPre10_NStem	NStem_NStem_NStem
za_ma_qela	PossConc10_NPrePre6_BPre6_NStem	PossConc10_BPre6_NStem	PossConc10_NPrePre6_BPre6_NStem	NStem_NStem_NStem
e_ze_n_tlalo	RelConc6_PossConc10_NPrePre9_BPre9_NStem	RelConc8_PossConc8_BPre9_NStem	RelConc6_PossConc10_NPrePre9_BPre9_NStem	NStem_NStem_NStem_NStem
a_th_ile	RelConc6_VRoot_Perf	RelConc6_VRoot_Perf	RelConc6_VRoot_Perf	NStem_NStem_NStem
,	Punc	PUNC	Punc	PUNC
ku_bandakany_w_a	SC15_VRoot_PassExt_VerbTerm	SC15_VRoot_PassExt_VerbTerm	SC15_VRoot_PassExt_VerbTerm	NStem_NStem_VRoot_VRoot
i_ma_pahla	NPrePre9_BPre9_NStem	NPrePre4_BPre6_NStem	NPrePre9_BPre9_NStem	NStem_NStem_NStem
ya_bo	PossConc9_PronStem2	PossConc9_PronStem2	PossConc9_PronStem2	NStem_NStem
e_xabis_ek_il_e_yo	RelConc9_VRoot_NeutExt_Perf_VerbTerm_RelSuf	RelConc9_VRoot_NeutExt_Perf_VerbTerm_RelSuf	RelConc9_VRoot_NeutExt_Perf_VerbTerm_RelSuf	VRoot_VRoot_VRoot_VRoot_VRoot_VRoot
,	Punc	PUNC	Punc	PUNC
i_mi_celi__m_ngeni	NPrePre4_BPre4_NStem_BPre3_NStem	NPrePre4_BPre4_NStem_BPre3_NStem	NPrePre4_BPre4_NStem_BPre3_NStem	VRoot_VRoot_NStem_NStem_VRoot
,	Punc	PUNC	Punc	PUNC
i_zi_phumo	NPrePre8_BPre8_NStem	NPrePre8_BPre8_NStem	NPrePre8_BPre8_NStem	NStem_NStem_NStem
ezi_nqwenel_ek_a_yo	RelConc8_VRoot_VerbExt_VerbTerm_RelSuf	RelConc10_VRoot_NeutExt_VerbTerm_RelSuf	RelConc8_VRoot_VerbExt_VerbTerm_RelSuf	VRoot_VRoot_VRoot_VRoot_NStem
,	Punc	PUNC	Punc	NStem
na_ma_thuba	AdvPre_NPrePre6_BPre6_NStem	AdvPre_BPre6_NStem	AdvPre_NPrePre6_BPre6_NStem	NStem_NStem_NStem
a_fuman_ek_a_yo	RelConc6_VRoot_NeutExt_VerbTerm_RelSuf	RelConc6_VRoot_NeutExt_VerbTerm_RelSuf	RelConc6_VRoot_NeutExt_VerbTerm_RelSuf	NStem_NStem_NStem_NStem_NStem
.	Punc	PUNC	Punc	NStem
U_yi_fezek_is_e	SC2ps_OC9_VRoot_CausExt_VerbTerm	SC1_OC9_VRoot_CausExt_VerbTerm	SC2ps_OC9_VRoot_CausExt_VerbTerm	NStem_VRoot_NStem_NStem_NStem
njani	Adv	Adv	Adv	NStem
i_n_jongo	NPrePre9_BPre9_NStem	NPrePre9_BPre9_NStem	NPrePre9_BPre9_NStem	NStem_NStem_NStem
yo_ku_hamb_is_a	PossConc9_NPrePre15_BPre15_VRoot_CausExt_VerbTerm	PossConc9_BPre15_VRoot_CausExt_VerbTerm	PossConc9_NPrePre15_BPre15_VRoot_CausExt_VerbTerm	NStem_NStem_NStem_NStem_NStem
i_qabane	NPrePre5_NStem	NPrePre5_NStem	NPrePre5_NStem	NStem_PUNC
la_kho	PossConc5_PossPron	PossConc5_PossPron	PossConc5_PossPron	PUNC_PUNC
?	Punc	PUNC	Punc	Conj
I_bakal_a	NPrePre5_NStem	SC9_VRoot_VerbTerm	NPrePre5_NStem	NStem_NStem_NStem
2	Num	NUM	Num	PUNC
li_qal_a	SC5_VRoot_VerbTerm	SC5_VRoot_VerbTerm	SC5_VRoot_VerbTerm	NStem_NStem_PUNC
ngo_ku_hlalutya	AdvPre_NPrePre15_BPre15_VRoot_VerbTerm	AdvPre_BPre15_NStem	AdvPre_NPrePre15_BPre15_VRoot_VerbTerm	NStem_NStem_NStem
no_ku_hlanganisel_a	AdvPre_NPrePre15_BPre15_VRoot_ApplExt_VerbTerm	AdvPre_BPre15_VRoot_VerbTerm	AdvPre_NPrePre15_BPre15_VRoot_ApplExt_VerbTerm	NStem_NStem_NStem_NStem
i_in_kcukacha	NPrePre10_BPre10_NStem	NPrePre10_BPre10_NStem	NPrePre10_BPre10_NStem	VRoot_VRoot_VRoot
ezi_qokelel_w_e	RelConc10_VRoot_PassExt_VerbTerm	RelConc10_VRoot_PassExt_VerbTerm	RelConc10_VRoot_PassExt_VerbTerm	NStem_NStem_NStem_NStem
xa	Conj	Conj	Conj	PUNC
ku_s_enz_iw_a	SC15_PreLoc-s_VRoot_PassExt_VerbTerm	SC15_PreLocs_VRoot_PassExt_VerbTerm	SC15_PreLoc-s_VRoot_PassExt_VerbTerm	VRoot_VRoot_VRoot_VRoot_VRoot
u_malath_a__ndlel_a	NPrePre1a_NStem_BPre9_NStem	SC3_VRoot_VerbTerm_VRoot_VerbTerm	NPrePre1a_NStem_BPre9_NStem	NStem_NStem_VRoot_VRoot_VRoot
,	Punc	PUNC	Punc	PUNC
i_candelo	NPrePre5_BPre5_NStem	NPrePre5_NStem	NPrePre5_BPre5_NStem	NStem_PUNC
la_ba_hlali	PossConc5_NPrePre2_BPre2_NStem	PossConc5_BPre2_NStem	PossConc5_NPrePre2_BPre2_NStem	NStem_VRoot_VRoot
,	Punc	PUNC	Punc	PUNC
u_m_nxeba	NPrePre3_BPre3_NStem	NPrePre3_BPre3_NStem	NPrePre3_BPre3_NStem	NStem_NStem_NStem
we_xesha	PossConc3_NPrePre5_BPre5_NStem	PossConc3_BPre5	PossConc3_NPrePre5_BPre5_NStem	NStem_NStem
ne_mi_sebenzi	AdvPre_NPrePre4_BPre4_NStem	AdvPre_BPre4_NStem	AdvPre_NPrePre4_BPre4_NStem	NStem_NStem_NStem
ye_zi_mbo	PossConc9_NPrePre8_BPre8_NStem	PossConc9_BPre8_NStem	PossConc9_NPrePre8_BPre8_NStem	NStem_NStem_NStem
ze_mi_khwa	PossConc8_NPrePre4_BPre4_NStem	PossConc10_BPre4_NStem	PossConc8_NPrePre4_BPre4_NStem	NStem_NStem_NStem
ya_ma_thuba	PossConc4_NPrePre6_BPre6_NStem	PossConc9_BPre6_NStem	PossConc4_NPrePre6_BPre6_NStem	NStem_NStem_NStem
a_ma_de	AdjPref6_AdjStem	NPrePre6_BPre6_NStem	AdjPref6_AdjStem	NStem_NStem_NStem
.	Punc	PUNC	Punc	NStem
U_kw_ab_el_a	NPrePre15_BPre15_VRoot_ApplExt_VerbTerm	NPrePre15_BPre15_VRoot_ApplExt_VerbTerm	NPrePre15_BPre15_VRoot_ApplExt_VerbTerm	NStem_NStem_NStem_NStem_NStem
aba_nye	AdjPref2_AdjStem	AdjPref2_AdjStem	AdjPref2_AdjStem	PUNC_PUNC
i_mi_thwalo	NPrePre4_BPre4_NStem	NPrePre4_BPre4_NStem	NPrePre4_BPre4_NStem	NStem_NStem_NStem
e_l_u_xanduva	RelConc4_CopPre_NPrePre11_BPre11_NStem	RelConc9_CopPre_NPrePre11_NStem	RelConc4_CopPre_NPrePre11_BPre11_NStem	NStem_NStem_NStem_VRoot
lo_ku_bhala	PossConc11_NPrePre15_BPre15_VRoot_VerbTerm	PossConc5_BPre15_NStem	PossConc11_NPrePre15_BPre15_VRoot_VerbTerm	NStem_NStem_NStem
a_ma_candelo	NPrePre6_BPre6_NStem	NPrePre6_BPre6_NStem	NPrePre6_BPre6_NStem	NStem_NStem_NStem
a_th_ile	RelConc6_VRoot_Perf	RelConc6_VRoot_Perf	RelConc6_VRoot_Perf	PUNC_PUNC_PUNC
.	Punc	PUNC	Punc	PUNC
Oku	Dem15_Pos1	CDEM15	Dem15_Pos1	Conj
ku_khuthaz_a	SC15_VRoot_VerbTerm	SC15_VRoot_VerbTerm	SC15_VRoot_VerbTerm	NStem_NStem_NStem
u_bu_nini	NPrePre14_BPre14_NStem	NPrePre14_BPre14_NStem	NPrePre14_BPre14_NStem	NStem_NStem_NStem
ku_qinisek_is_e	SC15_VRoot_CausExt_VerbTerm	SC15_VRoot_CausExt_VerbTerm	SC15_VRoot_CausExt_VerbTerm	NStem_NStem_NStem_NStem
u_ku_gqityezel_w_a	NPrePre15_BPre15_VRoot_PassExt_VerbTerm	NPrePre15_BPre15_VRoot_PassExt_VerbTerm	NPrePre15_BPre15_VRoot_PassExt_VerbTerm	VRoot_VRoot_VRoot_VRoot_NStem
ko_m_sebenzi	PossConc15_NPrePre3_BPre3_NStem	PossConc15_BPre3_NStem	PossConc15_NPrePre3_BPre3_NStem	VRoot_NStem_NStem
.	Punc	PUNC	Punc	PUNC
Ng_u_bani	CopPre_NPrePre1_Interrog	CopPre_NPrePre1a_Interrog	CopPre_NPrePre1_Interrog	PUNC_PUNC_PUNC
o_fikelel_a_yo	RelConc1_VRoot_VerbTerm_RelSuf	RelConc3_VRoot_VerbTerm_RelSuf	RelConc1_VRoot_VerbTerm_RelSuf	NStem_VRoot_VRoot_VRoot
kw_i_zi_bonelelo	LocPre_NPrePre8_BPre8_NStem	LocPre_NPrePre8_BPre8_NStem	LocPre_NPrePre8_BPre8_NStem	VRoot_NStem_NStem_NStem
ze_Komiti	PossConc8_NPrePre9_NStem	PossConc10_NStem	PossConc8_NPrePre9_NStem	NStem_NStem
ye_Wadi	PossConc9_NPrePre9_NStem	PossConc9_NStem	PossConc9_NPrePre9_NStem	NStem_NStem
,	Punc	PUNC	Punc	PUNC
umz	Abbr	Abbr	Abbr	PUNC
.	Punc	PUNC	Punc	PUNC
E_zo_thutho	RelConc8_PossConc8_NPrePre11_BPre11_NStem	RelConc8_PossConc8_BPre11	RelConc8_PossConc8_NPrePre11_BPre11_NStem	NStem_NStem_NStem
?	Punc	PUNC	Punc	PUNC
I_i_khompyutha	NPrePre10_BPre10_NStem	NPrePre10_BPre10_NStem	NPrePre10_BPre10_NStem	NStem_NStem_NStem
?	Punc	PUNC	Punc	PUNC
I_i_fowuni	NPrePre10_BPre10_NStem	NPrePre10_BPre10_NStem	NPrePre10_BPre10_NStem	NStem_NStem_NStem
?	Punc	PUNC	Punc	PUNC
U_qhagamshelwano	NPrePre11_NStem	NPrePre11_NStem	NPrePre11_NStem	NStem_VRoot
ne_e_n_kokeli	AdvPre_NPrePre10_BPre10_NStem	AdvPre_NPrePre9_BPre9_NStem	AdvPre_NPrePre10_BPre10_NStem	NStem_NStem_NStem_NStem
zo_politiko	PossConc10_NPrePre11_BPre11_NStem	PossConc10_BPre11	PossConc10_NPrePre11_BPre11_NStem	PUNC_PUNC
?	Punc	PUNC	Punc	PUNC
U_qhagamshelwano	NPrePre11_NStem	NPrePre11_NStem	NPrePre11_NStem	VRoot_VRoot
n_ezo_sasazo	AdvPre_RelConc8_PossConc8_NPrePre11_BPre11_NStem	AdvPre_RelConc8_BPre11	AdvPre_RelConc8_PossConc8_NPrePre11_BPre11_NStem	NStem_NStem_NStem
?	Punc	PUNC	Punc	PUNC
Ku_hlahlelo	LocPre_NPrePre11_NStem	LocPre_NStem	LocPre_NPrePre11_NStem	NStem_NStem
lo_bu_ngakanani	PossConc11_NPrePre3_BPre14_Adv	PossConc11_BPre14_Adv	PossConc11_NPrePre3_BPre14_Adv	NStem_NStem_NStem
,	Punc	PUNC	Punc	NStem
ku_setyenz_is_w_a	SC15_VRoot_CausExt_PassExt_VerbTerm	SC15_VRoot_CausExt_PassExt_VerbTerm	SC15_VRoot_CausExt_PassExt_VerbTerm	NStem_NStem_NStem_VRoot_VRoot
a_ma_nani	NPrePre6_BPre6_NStem	NPrePre6_BPre6_NStem	NPrePre6_BPre6_NStem	NStem_NStem_NStem
e_ku_shwankathel_e_ni	LocPre_NPrePre15_BPre15_VRoot_VerbTerm_LocSuf	LocPre_BPre15_VRoot_VerbTerm_VerbTerm	LocPre_NPrePre15_BPre15_VRoot_VerbTerm_LocSuf	NStem_VRoot_VRoot_NStem_VRoot
i_data	NPrePre9_NStem	NPrePre9_NStem	NPrePre9_NStem	PUNC_PUNC
no_ku_bon_a	AdvPre_NPrePre15_BPre15_VRoot_VerbTerm	AdvPre_BPre15_VRoot_VerbTerm	AdvPre_NPrePre15_BPre15_VRoot_VerbTerm	NStem_NStem_NStem_NStem
u_lw_alamano	NPrePre11_BPre11_NStem	NPrePre11_BPre11_NStem	NPrePre11_BPre11_NStem	NStem_NStem_NStem
,	Punc	PUNC	Punc	PUNC
lu_kwa_sebenz_is_a	SC11_AdvPre_VRoot_CausExt_VerbTerm	SC11_AdvPre_VRoot_CausExt_VerbTerm	SC11_AdvPre_VRoot_CausExt_VerbTerm	NStem_NStem_VRoot_VRoot_VRoot
i_n_dlel_a	NPrePre9_BPre9_NStem	SC9_BPre9_VRoot_VerbTerm	NPrePre9_BPre9_NStem	NStem_NStem_NStem_NStem
e_th_ile	RelConc9_VRoot_Perf	RelConc9_VRoot_Perf	RelConc9_VRoot_Perf	PUNC_PUNC_PUNC
ye_n_gqiqo	PossConc9_NPrePre9_BPre9_NStem	PossConc9_BPre9_NStem	PossConc9_NPrePre9_BPre9_NStem	NStem_NStem_NStem
yo_ku_nciph_is_a	PossConc9_NPrePre15_BPre15_VRoot_CausExt_VerbTerm	PossConc9_BPre15_VRoot_CausExt_VerbTerm	PossConc9_NPrePre15_BPre15_VRoot_CausExt_VerbTerm	VRoot_VRoot_VRoot_VRoot_VRoot
.	Punc	PUNC	Punc	PUNC
Ku_hlahlelo	LocPre_NPrePre11_NStem	LocPre_NStem	LocPre_NPrePre11_NStem	NStem_NStem
lo_m_gangatho	PossConc11_NPrePre3_BPre3_NStem	PossConc11_BPre3_NStem	PossConc11_NPrePre3_BPre3_NStem	NStem_NStem_NStem
we_data	PossConc3_NPrePre9_NStem	PossConc1a_NStem	PossConc3_NPrePre9_NStem	PUNC_PUNC
,	Punc	PUNC	Punc	PUNC
ku_setyenz_is_w_a	SC15_VRoot_CausExt_PassExt_VerbTerm	SC15_VRoot_CausExt_PassExt_VerbTerm	SC15_VRoot_CausExt_PassExt_VerbTerm	NStem_NStem_NStem_NStem_NStem
i_n_gqiqo	NPrePre9_BPre9_NStem	NPrePre9_BPre9_NStem	NPrePre9_BPre9_NStem	NStem_NStem_NStem
yo_kw_and_is_a	PossConc9_NPrePre15_BPre15_VRoot_CausExt_VerbTerm	PossConc9_BPre15_VRoot_CausExt_VerbTerm	PossConc9_NPrePre15_BPre15_VRoot_CausExt_VerbTerm	NStem_NStem_VRoot_NStem_NStem
.	Punc	PUNC	Punc	PUNC
I_n_gqiqo	NPrePre9_BPre9_NStem	NPrePre9_BPre9_NStem	NPrePre9_BPre9_NStem	NStem_NStem_VRoot
yo_kw_and_is_a	PossConc9_NPrePre15_BPre15_VRoot_CausExt_VerbTerm	PossConc9_BPre15_VRoot_CausExt_VerbTerm	PossConc9_NPrePre15_BPre15_VRoot_CausExt_VerbTerm	NStem_NStem_NStem_NStem_NStem
i_ya_qhubek_ek_a	SC9_Pres_VRoot_NeutExt_NeutExt_VerbTerm	SC9_Pres_VRoot_NeutExt_VerbTerm	SC9_Pres_VRoot_NeutExt_NeutExt_VerbTerm	VRoot_NStem_VRoot_VRoot_NStem
u_ku_suk_a	NPrePre15_BPre15_VRoot_VerbTerm	NPrePre15_BPre15_VRoot_VerbTerm	NPrePre15_BPre15_VRoot_VerbTerm	NStem_NStem_NStem_NStem
ko_ku_ko_dwa	PossConc15_RelConc15_QuantConc15_QuantStem	PossConc15_BPre15_QuantConc15_QuantStem	PossConc15_RelConc15_QuantConc15_QuantStem	NStem_NStem_NStem_NStem
u_ku_ya	SC15_BPre15_VRoot_VerbTerm	NPrePre15_BPre15_Fut	SC15_BPre15_VRoot_VerbTerm	NStem_NStem_NStem
ko_ku_ninzi	PossConc15_RelConc15_AdjStem	PossConc15_BPre15_AdjStem	PossConc15_RelConc15_AdjStem	NStem_NStem_NStem
_	Punc		Punc	
oko	Dem15_Pos2	CDEM15	Dem15_Pos2	PUNC
ku_ku_th_i	SC15_BPre15_VRoot_VerbTerm	SC15_BPre15_VRoot_VerbTerm	SC15_BPre15_VRoot_VerbTerm	NStem_NStem_NStem_NStem
,	Punc	PUNC	Punc	PUNC
u_ku_suk_a	NPrePre15_BPre15_VRoot_VerbTerm	NPrePre15_BPre15_VRoot_VerbTerm	NPrePre15_BPre15_VRoot_VerbTerm	NStem_NStem_NStem_NStem
kw_i_sethi	LocPre_NPrePre9_NStem	LocPre_NPrePre9_NStem	LocPre_NPrePre9_NStem	NStem_NStem_NStem
ye_n_gqwalaselo	PossConc9_NPrePre9_BPre9_NStem	PossConc9_BPre9_NStem	PossConc9_NPrePre9_BPre9_NStem	NStem_VRoot_VRoot
u_ku_ya	SC15_BPre15_VRoot_VerbTerm	NPrePre15_BPre15_Fut	SC15_BPre15_VRoot_VerbTerm	NStem_NStem_NStem
kw_i_si_phelo	LocPre_NPrePre7_BPre7_NStem	LocPre_NPrePre7_BPre7_NStem	LocPre_NPrePre7_BPre7_NStem	NStem_NStem_NStem_VRoot
jikelel_e	Adv	VRoot_VerbTerm	Adv	NStem_PUNC
.	Punc	PUNC	Punc	PUNC
I_in_dleko	NPrePre10_BPre10_NStem	NPrePre10_BPre10_NStem	NPrePre10_BPre10_NStem	NStem_NStem_NStem
zo_ku_thath_a	PossConc10_NPrePre15_BPre15_VRoot_VerbTerm	PossConc10_BPre15_VRoot_VerbTerm	PossConc10_NPrePre15_BPre15_VRoot_VerbTerm	NStem_NStem_NStem_NStem
i_n_xaxheba	NPrePre9_BPre9_NStem	NPrePre9_BPre9_NStem	NPrePre9_BPre9_NStem	NStem_NStem_VRoot
_	Punc		Punc	
oku	Dem15_Pos1	CDEM15	Dem15_Pos1	PUNC
ku_quk_a	SC15_VRoot_VerbTerm	SC15_VRoot_VerbTerm	SC15_VRoot_VerbTerm	NStem_NStem_NStem
aba_ntu	NPrePre2_BPre2_NStem	RelConc2_NStem	NPrePre2_BPre2_NStem	PUNC_PUNC
,	Punc	PUNC	Punc	PUNC
i_xesha	NPrePre5_BPre5_NStem	NPrePre5_NStem	NPrePre5_BPre5_NStem	NStem_NStem
ne_mali	AdvPre_NPrePre9_NStem	AdvPre_NStem	AdvPre_NPrePre9_NStem	PUNC_PUNC
.	Punc	PUNC	Punc	PUNC
U_ku_bamb_a	NPrePre15_BPre15_VRoot_VerbTerm	NPrePre15_BPre15_VRoot_VerbTerm	NPrePre15_BPre15_VRoot_VerbTerm	NStem_NStem_NStem_NStem
i_in_tlanganiso	NPrePre10_BPre10_NStem	NPrePre10_BPre10_NStem	NPrePre10_BPre10_NStem	NStem_NStem_NStem
rhoqo	Ideoph	Ideoph	Ideoph	PUNC
,	Punc	PUNC	Punc	PUNC
u_kw_enz_a	NPrePre15_BPre15_VRoot_VerbTerm	NPrePre15_BPre15_VRoot_VerbTerm	NPrePre15_BPre15_VRoot_VerbTerm	NStem_NStem_NStem_NStem
i_mi_zamo	NPrePre4_BPre4_NStem	NPrePre4_BPre4_NStem	NPrePre4_BPre4_NStem	NStem_NStem_NStem
yo_ku_diban_a	PossConc4_NPrePre15_BPre15_VRoot_VerbTerm	PossConc9_BPre15_VRoot_VerbTerm	PossConc4_NPrePre15_BPre15_VRoot_VerbTerm	NStem_NStem_NStem_NStem
na_ba_thunywa	AdvPre_NPrePre2_BPre2_VRoot_PassExt_VerbTerm	AdvPre_BPre2_NStem	AdvPre_NPrePre2_BPre2_VRoot_PassExt_VerbTerm	PUNC_PUNC_PUNC
ba_ba_hlali	PossConc2_NPrePre2_BPre2_NStem	PossConc2_BPre2_NStem	PossConc2_NPrePre2_BPre2_NStem	NStem_NStem_NStem
no_ku_theth_a	AdvPre_NPrePre15_BPre15_VRoot_VerbTerm	AdvPre_BPre15_VRoot_VerbTerm	AdvPre_NPrePre15_BPre15_VRoot_VerbTerm	NStem_NStem_NStem_NStem
na_ma_lungu	AdvPre_NPrePre6_BPre6_NStem	AdvPre_BPre6_NStem	AdvPre_NPrePre6_BPre6_NStem	NStem_NStem_NStem
aba_hlali	NPrePre2_BPre2_NStem	RelConc2_NStem	NPrePre2_BPre2_NStem	NStem_NStem
u_ku_v_a	NPrePre15_BPre15_VRoot_VerbTerm	NPrePre15_BPre15_VRoot_VerbTerm	NPrePre15_BPre15_VRoot_VerbTerm	NStem_NStem_NStem_NStem
i_zi_dingo	NPrePre8_BPre8_NStem	NPrePre8_BPre8_NStem	NPrePre8_BPre8_NStem	NStem_NStem_NStem
ne_mi_ba	AdvPre_NPrePre4_BPre4_NStem	AdvPre_BPre4_NStem	AdvPre_NPrePre4_BPre4_NStem	PUNC_PUNC_PUNC
ya_bo	PossConc4_PronStem2	PossConc9_PronStem2	PossConc4_PronStem2	PUNC_PUNC
ku_thath_a	SC15_VRoot_VerbTerm	SC15_VRoot_VerbTerm	SC15_VRoot_VerbTerm	NStem_NStem_NStem
i_xesha	NPrePre5_BPre5_NStem	NPrePre5_NStem	NPrePre5_BPre5_NStem	PUNC_PUNC
.	Punc	PUNC	Punc	PUNC
I_i_Komiti	NPrePre10_BPre10_NStem	NPrePre10_BPre10_NStem	NPrePre10_BPre10_NStem	NStem_NStem_NStem
ezi_ninzi	AdjPref8_AdjStem	AdjPref8_AdjStem	AdjPref8_AdjStem	NStem_NStem
ze_Wadi	PossConc8_NPrePre9_NStem	PossConc10_NStem	PossConc8_NPrePre9_NStem	NStem_NStem
n_oo_ceba	AdvPre_NPrePre2a_NStem	AdvPre_NPrePre2a_NStem	AdvPre_NPrePre2a_NStem	NStem_NStem_NStem
i_xesha	NPrePre5_BPre5_NStem	NPrePre5_NStem	NPrePre5_BPre5_NStem	NStem_NStem
eli_ninzi	AdjPref5_AdjStem	AdjPref5_AdjStem	AdjPref5_AdjStem	PUNC_PUNC
ku_ye	SC15_AuxVStem	LocPre_PronStem1	SC15_AuxVStem	NStem_NStem
ku_dingek_e	SC15_VRoot_NeutExt_VerbTerm	SC15_VRoot_VerbTerm	SC15_VRoot_NeutExt_VerbTerm	NStem_NStem_NStem
u_kuba	Conj	NPrePre15_Conj	Conj	PUNC_PUNC
ba_zi_nik_e	SC2a_ReflPre_VRoot_VerbTerm	SC2_ReflPre_VRoot_VerbTerm	SC2a_ReflPre_VRoot_VerbTerm	NStem_NStem_NStem_NStem
i_xesha	NPrePre5_BPre5_NStem	NPrePre5_NStem	NPrePre5_BPre5_NStem	PUNC_NStem
e_m_va	LocPre_NPrePre3_BPre3_NStem	LocPre_BPre3_NStem	LocPre_NPrePre3_BPre3_NStem	PUNC_PUNC_PUNC
kwe_xesha	PossConc15_NPrePre5_BPre5_NStem	PossConc15_BPre5	PossConc15_NPrePre5_BPre5_NStem	NStem_NStem
la_bo	PossConc5_PronStem2	PossConc5_PronStem2	PossConc5_PronStem2	PUNC_PUNC
lo_ku_sebenz_a	PossConc5_NPrePre15_BPre15_VRoot_VerbTerm	PossConc11_BPre15_VRoot_VerbTerm	PossConc5_NPrePre15_BPre15_VRoot_VerbTerm	NStem_NStem_NStem_NStem
.	Punc	PUNC	Punc	PUNC
A_ma_lungu	NPrePre6_BPre6_NStem	NPrePre6_BPre6_NStem	NPrePre6_BPre6_NStem	NStem_NStem_NStem
e_e_Komiti	PossConc6_NPrePre10_BPre10_NStem	PossConc6_PossConc6_NStem	PossConc6_NPrePre10_BPre10_NStem	NStem_NStem_NStem
ze_Wadi	PossConc10_NPrePre9_NStem	PossConc10_NStem	PossConc10_NPrePre9_NStem	NStem_PUNC
ku_nga_ding_ek_a	SC15_Pot_VRoot_NeutExt_VerbTerm	SC15_Pot_VRoot_NeutExt_VerbTerm	SC15_Pot_VRoot_NeutExt_VerbTerm	NStem_NStem_NStem_NStem_NStem
u_kuba	Conj	NPrePre15_Conj	Conj	PUNC_PUNC
a_cinga	SC6_VRoot_VerbTerm	PossConc6_NStem	SC6_VRoot_VerbTerm	NStem_NStem
ngo_ku_quk_a	AdvPre_NPrePre15_BPre15_VRoot_VerbTerm	AdvPre_BPre15_VRoot_VerbTerm	AdvPre_NPrePre15_BPre15_VRoot_VerbTerm	NStem_NStem_NStem_NStem
i_in_kqubo	NPrePre10_BPre10_NStem	NPrePre10_BPre10_NStem	NPrePre10_BPre10_NStem	NStem_NStem_VRoot
zo_ku_fikelel_a	PossConc10_NPrePre15_BPre15_VRoot_VerbTerm	PossConc10_BPre15_VRoot_VerbTerm	PossConc10_NPrePre15_BPre15_VRoot_VerbTerm	NStem_VRoot_VRoot_VRoot
ku_ba_hlali	LocPre_BPre2_NStem	LocPre_BPre2_NStem	LocPre_BPre2_NStem	NStem_NStem_NStem
kw_i__I_DP	LocPre_NPrePre9_Abbr	LocPre_NPrePre10_BPre10_Abbr	LocPre_NPrePre9_Abbr	NStem_NStem_NStem_NStem
okanye	Conj	Conj	Conj	PUNC
ko_lu_nye	LocPre_AdjPref11_AdjStem	PossConc15_BPre11_AdjStem	LocPre_AdjPref11_AdjStem	NStem_NStem_NStem
u_hlahlo	NPrePre11_NStem	NPrePre11_NStem	NPrePre11_NStem	NStem_NStem
lw_ab_iwo__mali	BPre11_NStem_NStem	BPre11_NStem_NStem_NStem	BPre11_NStem_NStem	NStem_NStem_NStem_NStem
.	Punc	PUNC	Punc	PUNC
I_n_tlanganiso	NPrePre9_BPre9_NStem	NPrePre9_BPre9_NStem	NPrePre9_BPre9_NStem	NStem_NStem_NStem
ye_qela	PossConc9_NPrePre5_BPre5_NStem	PossConc9_BPre5	PossConc9_NPrePre5_BPre5_NStem	NStem_NStem
ye_e_yure	PossConc9_NPrePre9_BPre10_NStem	PossConc9_NPrePre9_NStem	PossConc9_NPrePre9_BPre10_NStem	NStem_NStem_NStem
ezim_bini	AdjPref10_AdjStem	AdjPref10_AdjStem	AdjPref10_AdjStem	NStem_NStem
na_ba_bhexeshi	AdvPre_NPrePre2_BPre2_NStem	AdvPre_BPre2_NStem	AdvPre_NPrePre2_BPre2_NStem	NStem_NStem_NStem
be__CBP	PossConc2_NPrePre9_Abbr	PossConc2_Abbr	PossConc2_NPrePre9_Abbr	PUNC_PUNC
,	Punc	PUNC	Punc	NStem
a_ma_lungu	NPrePre6_BPre6_NStem	NPrePre6_BPre6_NStem	NPrePre6_BPre6_NStem	NStem_NStem_NStem
e_Komiti	PossConc6_NPrePre9_NStem	PossConc6_NStem	PossConc6_NPrePre9_NStem	NStem_NStem
ye_Wadi	PossConc9_NPrePre9_NStem	PossConc9_NStem	PossConc9_NPrePre9_NStem	VRoot_NStem
na_ma_qela	AdvPre_BPre6_NStem	AdvPre_BPre6_NStem	AdvPre_BPre6_NStem	NStem_NStem_NStem
a_sebenz_a_yo	RelConc6_VRoot_VerbTerm_RelSuf	RelConc6_VRoot_VerbTerm_RelSuf	RelConc6_VRoot_VerbTerm_RelSuf	NStem_NStem_NStem_NStem
a_m_isel_w_e	RelConc6_VRoot_PassExt_VerbTerm	SC6_OC1a_VRoot_PassExt_VerbTerm	RelConc6_VRoot_PassExt_VerbTerm	NStem_NStem_NStem_NStem_NStem
nge_si_phumo	AdvPre_NPrePre7_BPre7_NStem	AdvPre_BPre7_NStem	AdvPre_NPrePre7_BPre7_NStem	PUNC_PUNC_PUNC
nga_si_nye	AdvPre_EnumConc7_EnumStem	AdvPre_EnumConc7_EnumStem	AdvPre_EnumConc7_EnumStem	PUNC_PUNC_PUNC
.	Punc	PUNC	Punc	PUNC
Kw_i_mi_nyaka	LocPre_NPrePre4_BPre4_NStem	LocPre_NPrePre4_BPre4_NStem	LocPre_NPrePre4_BPre4_NStem	VRoot_VRoot_VRoot_VRoot
emi_hlanu	AdjPref4_AdjStem	AdjPref4_AdjStem	AdjPref4_AdjStem	NStem_NStem
e_dlul_il_e_yo	RelConc4_VRoot_Perf_VerbTerm_RelSuf	RelConc4_VRoot_Perf_VerbTerm_RelSuf	RelConc4_VRoot_Perf_VerbTerm_RelSuf	VRoot_VRoot_VRoot_VRoot_VRoot
,	Punc	PUNC	Punc	PUNC
u_ku_thum_el_a	NPrePre15_BPre15_VRoot_ApplExt_VerbTerm	NPrePre15_BPre15_VRoot_ApplExt_VerbTerm	NPrePre15_BPre15_VRoot_ApplExt_VerbTerm	VRoot_NStem_VRoot_NStem_VRoot
ko_Mzantsi	PossConc15_NPrePre3_ProperName	PossConc15_ProperName	PossConc15_NPrePre3_ProperName	NStem_NStem
Afrika	ProperName	ProperName	ProperName	Conj
ku_ma_zwe	LocPre_NPrePre6_BPre6_NStem	LocPre_BPre6_NStem	LocPre_NPrePre6_BPre6_NStem	NStem_NStem_NStem
a_nga_phandle	RelConc6_AdvPre_Adv	RelConc6_AdvPre_Adv	RelConc6_AdvPre_Adv	NStem_NStem_NStem
a_no_qoqosho	RelConc6_CopPre_NPrePre11_BPre11_NStem	CopPre_CopPre_BPre11	RelConc6_CopPre_NPrePre11_BPre11_NStem	NStem_NStem_VRoot
olu_phambili	RelConc11_Adv	RelConc11_Adv	RelConc11_Adv	NStem_NStem
ku_ye	SC15_AuxVStem	LocPre_PronStem1	SC15_AuxVStem	PUNC_PUNC
kw_a_thoth_a	SC15_Past_VRoot_VerbTerm	SC15_Past_VRoot_VerbTerm	SC15_Past_VRoot_VerbTerm	NStem_NStem_NStem_NStem
e_ku_hlangabez_an_e_ni	LocPre_NPrePre15_BPre15_VRoot_RecipExt_VerbTerm_LocSuf	LocPre_BPre15_VRoot_RecipExt_VerbTerm_VerbTerm	LocPre_NPrePre15_BPre15_VRoot_RecipExt_VerbTerm_LocSuf	VRoot_NStem_VRoot_VRoot_VRoot_VRoot
ne_m_funo	AdvPre_NPrePre9_BPre9_NStem	AdvPre_BPre9_NStem	AdvPre_NPrePre9_BPre9_NStem	NStem_NStem_NStem
e_s_e_zantsi	RelConc9_PreLoc-s_LocPre_Adv	RelConc9_PreLocs_LocPre_Adv	RelConc9_PreLoc-s_LocPre_Adv	NStem_NStem_NStem_VRoot
.	Punc	PUNC	Punc	PUNC
Oku	Dem15_Pos1	CDEM15	Dem15_Pos1	PUNC
ku_nciph_a	SC15_VRoot_VerbTerm	SC15_VRoot_VerbTerm	SC15_VRoot_VerbTerm	NStem_NStem_NStem
ku_bang_el_w_e	SC15_VRoot_PassExt_VerbTerm	SC15_VRoot_ApplExt_PassExt_VerbTerm	SC15_VRoot_PassExt_VerbTerm	NStem_NStem_NStem_NStem_NStem
y_i_m_funo	CopPre_NPrePre9_BPre9_NStem	CopPre_NPrePre9_BPre9_NStem	CopPre_NPrePre9_BPre9_NStem	NStem_NStem_NStem_NStem
e_y_and_a_yo	RelConc9_Pres_VRoot_VerbTerm_RelSuf	RelConc9_SC9_VRoot_VerbTerm_RelSuf	RelConc9_Pres_VRoot_VerbTerm_RelSuf	NStem_VRoot_VRoot_VRoot_VRoot
e_vel_a	RelConc9_VRoot_VerbTerm	RelConc9_VRoot_VerbTerm	RelConc9_VRoot_VerbTerm	NStem_NStem_NStem
e__Asia	LocPre_ProperName	LocPre_ProperName	LocPre_ProperName	PUNC_PUNC
na_ma_xabiso	AdvPre_NPrePre6_BPre6_NStem	AdvPre_BPre6_NStem	AdvPre_NPrePre6_BPre6_NStem	NStem_NStem_NStem
a_phezulu	RelConc6_Adv	RelConc6_Adv	RelConc6_Adv	NStem_NStem
e_e_m_pahla	PossConc6_NPrePre10_BPre10_NStem	PossConc6_NPrePre9_BPre9_NStem	PossConc6_NPrePre10_BPre10_NStem	NStem_VRoot_VRoot_NStem
zo_rhwebo	PossConc10_NPrePre11_BPre11_NStem	PossConc10_BPre11	PossConc10_NPrePre11_BPre11_NStem	NStem_NStem
.	Punc	PUNC	Punc	NStem
Logama	Adv	ProperName	Adv	PUNC
u_Mzantsi	NPrePre3_ProperName	NPrePre3_ProperName	NPrePre3_ProperName	NStem_NStem
Afrika	ProperName	ProperName	ProperName	PUNC
u_gcin_e	NPrePre3_VRoot_VerbTerm	SC1a_VRoot_VerbTerm	NPrePre3_VRoot_VerbTerm	NStem_NStem_NStem
u_lungelelwano	NPrePre11_NStem	NPrePre11_NStem	NPrePre11_NStem	NStem_NStem
lo_rhwebo	PossConc11_NPrePre11_BPre11_NStem	PossConc11_BPre11	PossConc11_NPrePre11_BPre11_NStem	NStem_NStem
olu_zinz_il_e_yo	RelConc11_VRoot_Perf_VerbTerm_RelSuf	RelConc11_VRoot_Perf_VerbTerm_RelSuf	RelConc11_VRoot_Perf_VerbTerm_RelSuf	NStem_NStem_NStem_NStem_NStem
,	Punc	PUNC	Punc	NStem
oku_bang_el_w_e	RelConc15_VRoot_PassExt_VerbTerm	RelConc15_VRoot_ApplExt_PassExt_VerbTerm	RelConc15_VRoot_PassExt_VerbTerm	NStem_NStem_NStem_NStem_NStem
ka_khulu	AdvPre_AdjStem	AdvPre_AdjStem	AdvPre_AdjStem	PUNC_PUNC
nga_ma_xabiso	CopPre_NPrePre6_BPre6_NStem	AdvPre_BPre6_NStem	CopPre_NPrePre6_BPre6_NStem	NStem_NStem_VRoot
e_e_m_pahla	PossConc6_NPrePre10_BPre10_NStem	PossConc6_NPrePre9_BPre9_NStem	PossConc6_NPrePre10_BPre10_NStem	NStem_NStem_NStem_NStem
zo_rhwebo	PossConc10_NPrePre11_BPre11_NStem	PossConc10_BPre11	PossConc10_NPrePre11_BPre11_NStem	NStem_NStem
a_phezulu	RelConc6_Adv	RelConc6_Adv	RelConc6_Adv	PUNC_PUNC
,	Punc	PUNC	Punc	PUNC
ku_bangel_a	BPre15_VRoot_VerbTerm	SC15_VRoot_VerbTerm	BPre15_VRoot_VerbTerm	NStem_NStem_NStem
i_n_kxalabo	NPrePre9_BPre9_NStem	NPrePre9_BPre9_NStem	NPrePre9_BPre9_NStem	NStem_NStem_NStem
u_kuba	Conj	Conj_Conj	Conj	PUNC_PUNC
i_im_pahla	NPrePre10_BPre10_NStem	NPrePre9_BPre10_NStem	NPrePre10_BPre10_NStem	NStem_NStem_NStem
ezi_thuny_el_w_a	RelConc10_VRoot_ApplExt_PassExt_VerbTerm	RelConc10_VRoot_ApplExt_PassExt_VerbTerm	RelConc10_VRoot_ApplExt_PassExt_VerbTerm	NStem_NStem_NStem_NStem_NStem
nga_phandle	AdvPre_Adv	AdvPre_Adv	AdvPre_Adv	NStem_NStem
ezi_ne_xabiso	RelConc10_CopPre_NPrePre5_BPre5_NStem	RelConc10_AdvPre_BPre5	RelConc10_CopPre_NPrePre5_BPre5_NStem	NStem_NStem_NStem
eli_phezulu	RelConc5_Adv	RelConc5_Adv	RelConc5_Adv	NStem_NStem
ne_zi_fun_a	AdvPre_RelConc10_VRoot_VerbTerm	AdvPre_OC10_VRoot_VerbTerm	AdvPre_RelConc10_VRoot_VerbTerm	NStem_NStem_NStem_NStem
i_si_ninzi	NPrePre7_BPre7_AdjStem	NPrePre7_BPre7_AdjStem	NPrePre7_BPre7_AdjStem	NStem_NStem_NStem
sa_ba_sebenzi	PossConc7_NPrePre2_BPre2_NStem	PossConc7_BPre2_NStem	PossConc7_NPrePre2_BPre2_NStem	NStem_NStem_NStem
zi_ya_thoth_a	SC10_Pres_VRoot_VerbTerm	SC10_Pres_VRoot_VerbTerm	SC10_Pres_VRoot_VerbTerm	NStem_NStem_NStem_NStem
.	Punc	PUNC	Punc	NStem
U_nyango	NPrePre11_NStem	NPrePre11_NStem	NPrePre11_NStem	PUNC_PUNC
_	Punc		Punc	
i_zi_gqibo	NPrePre8_BPre8_NStem	NPrePre8_BPre8_NStem	NPrePre8_BPre8_NStem	NStem_NStem_NStem
z_enz_iw_a	SC8_VRoot_PassExt_VerbTerm	SC10_VRoot_PassExt_VerbTerm	SC8_VRoot_PassExt_VerbTerm	NStem_NStem_NStem_NStem
nga_phandle	AdvPre_Adv	AdvPre_Adv	AdvPre_Adv	PUNC_PUNC
kwe_galelo	PossConc15_NPrePre5_BPre5_NStem	PossConc15_BPre5	PossConc15_NPrePre5_BPre5_NStem	NStem_NStem
eli_vel_a	RelConc5_VRoot_VerbTerm	RelConc5_VRoot_VerbTerm	RelConc5_VRoot_VerbTerm	NStem_NStem_NStem
ku_ba_hlali	LocPre_BPre2_NStem	LocPre_BPre2_NStem	LocPre_BPre2_NStem	NStem_NStem_NStem
kwaye	Conj	Conj	Conj	PUNC
li_bandakany_a	SC5_VRoot_VerbTerm	SC5_VRoot_VerbTerm	SC5_VRoot_VerbTerm	NStem_NStem_NStem
i_z_aziso	NPrePre8_BPre8_NStem	NPrePre8_BPre8_NStem	NPrePre8_BPre8_NStem	VRoot_NStem_NStem
ze_zin_to	PossConc10_NPrePre10_BPre10_NStem	PossConc10_BPre10_NStem	PossConc10_NPrePre10_BPre10_NStem	NStem_NStem_NStem
ez_enz_ek_il_e_yo	RelConc10_VRoot_NeutExt_Perf_VerbTerm_RelSuf	RelConc10_VRoot_NeutExt_Perf_VerbTerm_RelSuf	RelConc10_VRoot_NeutExt_Perf_VerbTerm_RelSuf	NStem_VRoot_NStem_NStem_VRoot_VRoot
okanye	Conj	Conj	Conj	PUNC
ezi_za	RelConc10_AuxVStem	RelConc10_AuxVStem	RelConc10_AuxVStem	PUNC_PUNC
kw_enz_ek_a	SC15_VRoot_NeutExt_VerbTerm	SC15_VRoot_NeutExt_VerbTerm	SC15_VRoot_NeutExt_VerbTerm	NStem_NStem_NStem_NStem
.	Punc	PUNC	Punc	NStem
I_Komiti	NPrePre9_NStem	NPrePre9_NStem	NPrePre9_NStem	NStem_NStem
ye_Wadi	PossConc9_NPrePre9_NStem	PossConc9_NStem	PossConc9_NPrePre9_NStem	NStem_NStem
y_enz_iw_a	SC9_VRoot_PassExt_VerbTerm	SC9_VRoot_PassExt_VerbTerm	SC9_VRoot_PassExt_VerbTerm	NStem_NStem_NStem_NStem
ng_a_ba_thunywa	CopPre_NPrePre2_BPre2_VRoot_PassExt_VerbTerm	CopPre_NPrePre2_BPre2_NStem	CopPre_NPrePre2_BPre2_VRoot_PassExt_VerbTerm	NStem_NStem_NStem_NStem
ba_ba_hlali	PossConc2_NPrePre2_BPre2_NStem	PossConc2_BPre2_NStem	PossConc2_NPrePre2_BPre2_NStem	NStem_NStem_NStem
kw_i_wadi	LocPre_NPrePre9_NStem	LocPre_NPrePre9_NStem	LocPre_NPrePre9_NStem	NStem_NStem_NStem
ka_masipala	PossKA_NPrePre1a_NStem	PossKA_NStem	PossKA_NPrePre1a_NStem	NStem_NStem
we_n_gingqi	PossConc1a_NPrePre9_BPre9_NStem	PossConc1a_BPre9_NStem	PossConc1a_NPrePre9_BPre9_NStem	NStem_NStem_NStem
okanye	Conj	Conj	Conj	PUNC
ku_masipala	LocPre_NPrePre1a_NStem	LocPre_NStem	LocPre_NPrePre1a_NStem	NStem_NStem
we_n_gingqi	PossConc1a_NPrePre9_BPre9_NStem	PossConc1a_BPre9_NStem	PossConc1a_NPrePre9_BPre9_NStem	PUNC_PUNC_PUNC
okanye	Conj	Conj	Conj	PUNC
o_we_si_xeko	RelConc1a_PossConc1a_NPrePre7_BPre7_NStem	RelConc3_PossConc3_BPre7_NStem	RelConc1a_PossConc1a_NPrePre7_BPre7_NStem	NStem_NStem_NStem_NStem
.	Punc	PUNC	Punc	PUNC
Baz_i_i_komiti	CopPre_CopPre_NPrePre10_BPre10_NStem	CopPre_NPrePre10_BPre10_NStem	CopPre_CopPre_NPrePre10_BPre10_NStem	VRoot_VRoot_VRoot_VRoot
ezi_cebis_a_yo	RelConc10_VRoot_VerbTerm_RelSuf	RelConc10_VRoot_VerbTerm_RelSuf	RelConc10_VRoot_VerbTerm_RelSuf	NStem_NStem_NStem_NStem
ezi_no_ku_nik_a	RelConc10_CopPre_NPrePre15_BPre15_VRoot_VerbTerm	RelConc10_AdvPre_BPre15_VRoot_VerbTerm	RelConc10_CopPre_NPrePre15_BPre15_VRoot_VerbTerm	NStem_NStem_NStem_NStem_NStem
i_zin_como	NPrePre10_BPre10_NStem	NPrePre10_BPre10_NStem	NPrePre10_BPre10_NStem	PUNC_PUNC_PUNC
na_nga_wu_phi	AdvPre_AdvPre_EnumConc3_EnumStem	AdvPre_NegPre_EnumConc3_EnumStem	AdvPre_AdvPre_EnumConc3_EnumStem	NStem_NStem_NStem_NStem
u_m_cimbi	NPrePre3_BPre3_NStem	NPrePre3_BPre3_NStem	NPrePre3_BPre3_NStem	NStem_NStem_NStem
o_chaphazel_a	RelConc3_VRoot_VerbTerm	RelConc3_VRoot_VerbTerm	RelConc3_VRoot_VerbTerm	NStem_NStem_NStem
i_wadi	NPrePre9_NStem	NPrePre9_NStem	NPrePre9_NStem	NStem_NStem
.	Punc	PUNC	Punc	PUNC
Ba_m_isel_w_e	SC2_Intrans_CausExt_ApplExt_PassExt_VerbTerm	SC2_OC1a_VRoot_PassExt_VerbTerm	SC2_Intrans_CausExt_ApplExt_PassExt_VerbTerm	VRoot_NStem_NStem_VRoot_VRoot
u_ku_nyus_a	NPrePre15_BPre15_VRoot_VerbTerm	NPrePre15_BPre15_VRoot_VerbTerm	NPrePre15_BPre15_VRoot_VerbTerm	NStem_NStem_NStem_NStem
u_ku_thath_a	NPrePre15_BPre15_VRoot_VerbTerm	NPrePre15_BPre15_VRoot_VerbTerm	NPrePre15_BPre15_VRoot_VerbTerm	NStem_NStem_NStem_NStem
i_n_xaxheba	NPrePre9_BPre9_NStem	NPrePre9_BPre9_NStem	NPrePre9_BPre9_NStem	NStem_VRoot_VRoot
kwa_ba_hlali	PossConc15_NPrePre2_BPre2_NStem	PossConc15_BPre2_NStem	PossConc15_NPrePre2_BPre2_NStem	NStem_NStem_NStem
kw_i_wadi	LocPre_NPrePre9_NStem	LocPre_NPrePre9_NStem	LocPre_NPrePre9_NStem	NStem_NStem_NStem
ya_bo	PossConc9_PronStem2	PossConc9_PronStem2	PossConc9_PronStem2	PUNC_PUNC
ng_okw_enz_a	AdvPre_NPrePre15_BPre15_VRoot_VerbTerm	AdvPre_RelConc15_VRoot_VerbTerm	AdvPre_NPrePre15_BPre15_VRoot_VerbTerm	NStem_NStem_VRoot_VRoot
i_zi_gqibo	NPrePre8_BPre8_NStem	NPrePre8_BPre8_NStem	NPrePre8_BPre8_NStem	NStem_NStem_VRoot
ng_okwe_demokrasi	AdvPre_AdvPre_NPrePre9_NStem	AdvPre_AdvPre_NStem	AdvPre_AdvPre_NPrePre9_NStem	NStem_NStem_NStem
u_kuze	Conj	NPrePre15_NStem	Conj	NStem_NStem
ba_fak_e	SC2_VRoot_VerbTerm	SC2_VRoot_VerbTerm	SC2_VRoot_VerbTerm	NStem_NStem_NStem
i_galelo	NPrePre5_BPre5_NStem	NPrePre5_NStem	NPrePre5_BPre5_NStem	NStem_NStem
kw_i_mi_ba	LocPre_NPrePre4_BPre4_NStem	LocPre_NPrePre4_BPre4_NStem	LocPre_NPrePre4_BPre4_NStem	VRoot_VRoot_NStem_VRoot
e_y_ayam_en_e_yo	RelConc4_Pres_VRoot_RecipExt_VerbTerm_RelSuf	RelConc9_OC9_VRoot_RecipExt_VerbTerm_RelSuf	RelConc4_Pres_VRoot_RecipExt_VerbTerm_RelSuf	NStem_NStem_NStem_NStem_VRoot_NStem
no_bomi	AdvPre_NPrePre14_BPre14_NStem	AdvPre_NStem	AdvPre_NPrePre14_BPre14_NStem	PUNC_PUNC
ba_bo	PossConc14_PronStem2	PossConc2_PronStem2	PossConc14_PronStem2	Conj_Conj
be_mi_hla	PossConc14_NPrePre4_BPre4_NStem	PossConc14_BPre4_NStem	PossConc14_NPrePre4_BPre4_NStem	NStem_NStem_NStem
nge_mi_hla	AdvPre_NPrePre4_BPre4_NStem	AdvPre_BPre4_NStem	AdvPre_NPrePre4_BPre4_NStem	NStem_NStem_NStem
.	Punc	PUNC	Punc	NStem
Kw_eli	LocPre_Dem5_Pos1	LocPre_CDEM05	LocPre_Dem5_Pos1	NStem_NStem
nqanam	NStem	NStem	NStem	NStem
,	Punc	PUNC	Punc	PUNC
u_m_xolelanisi	NPrePre1_BPre1_NStem	NPrePre1_BPre1_NStem	NPrePre1_BPre1_NStem	NStem_NStem_NStem
u_mem_a	SC3_VRoot_VerbTerm	SC3_VRoot_VerbTerm	SC3_VRoot_VerbTerm	NStem_NStem_NStem
i_qela	NPrePre5_BPre5_NStem	NPrePre5_NStem	NPrePre5_BPre5_NStem	NStem_NStem
nga_li_nye	AdvPre_EnumConc5_EnumStem	AdvPre_EnumConc5_EnumStem	AdvPre_EnumConc5_EnumStem	NStem_NStem_NStem
ku_ma_qela	LocPre_BPre6_NStem	LocPre_BPre6_NStem	LocPre_BPre6_NStem	NStem_NStem_NStem
a_no_m_dla	RelConc6_AdvPre_NPrePre3_BPre3_NStem	RelConc6_CopPre_BPre3_NStem	RelConc6_AdvPre_NPrePre3_BPre3_NStem	PUNC_PUNC_PUNC_PUNC
u_kuba	Conj	Conj_Conj	Conj	PUNC_PUNC
li_chaz_e	SC5_VRoot_VerbTerm	SC5_VRoot_VerbTerm	SC5_VRoot_VerbTerm	NStem_NStem_NStem
i_bali	NPrePre5_NStem	NPrePre5_NStem	NPrePre5_NStem	PUNC_PUNC
la_wo	PossConc5_PronStem6	PossConc5_PronStem6	PossConc5_PronStem6	PUNC_PUNC
.	Punc	PUNC	Punc	NStem
I_qela	NPrePre5_BPre5_NStem	NPrePre5_NStem	NPrePre5_BPre5_NStem	NStem_NStem
la_ba_bhexeshi	PossConc5_NPrePre2_BPre2_NStem	PossConc5_BPre2_NStem	PossConc5_NPrePre2_BPre2_NStem	PUNC_PUNC_PUNC
ma_li_bandakanye	ImpPre_SC5_VRoot_VerbTerm	AdjPref6_CopPre_NStem	ImpPre_SC5_VRoot_VerbTerm	NStem_NStem_NStem
oo_ceba	NPrePre2a_NStem	NPrePre2a_NStem	NPrePre2a_NStem	NStem_NStem
be_n_gingqi	PossConc2_NPrePre9_BPre9_NStem	PossConc2_BPre9_NStem	PossConc2_NPrePre9_BPre9_NStem	NStem_NStem_NStem
,	Punc	PUNC	Punc	PUNC
a_ma_nye	AdjPref6_AdjStem	NPrePre6_AdjPref6_AdjStem	AdjPref6_AdjStem	PUNC_PUNC_PUNC
a_ma_lungu	NPrePre6_BPre6_NStem	NPrePre6_BPre6_NStem	NPrePre6_BPre6_NStem	NStem_NStem_NStem
e_Komiti	PossConc6_NPrePre9_NStem	PossConc6_ProperName	PossConc6_NPrePre9_NStem	NStem_NStem
ye_Wadi	PossConc9_NPrePre9_NStem	PossConc9_NStem	PossConc9_NPrePre9_NStem	NStem_NStem
,	Punc	PUNC	Punc	PUNC
na_ba_sebenzi	AdvPre_NPrePre2_BPre2_NStem	AdvPre_BPre2_NStem	AdvPre_NPrePre2_BPre2_NStem	NStem_NStem_NStem
b_e_zo_bu_chule	PossConc2_RelConc8_PossConc8_NPrePre14_BPre11_NStem	PossConc2_RelConc8_PossConc8_BPre14_NStem	PossConc2_RelConc8_PossConc8_NPrePre14_BPre11_NStem	VRoot_VRoot_NStem_NStem_NStem
aba_no_ku_nced_is_a	RelConc2_AdvPre_NPrePre15_BPre15_VRoot_VerbTerm	RelConc2_AdvPre_BPre15_VRoot_CausExt_VerbTerm	RelConc2_AdvPre_NPrePre15_BPre15_VRoot_VerbTerm	VRoot_VRoot_VRoot_VRoot_VRoot_VRoot
nge_thuba	AdvPre_NPrePre5_BPre5_NStem	AdvPre_BPre5	AdvPre_NPrePre5_BPre5_NStem	PUNC_PUNC
lo_kw_enz_a	PossConc5_NPrePre15_BPre15_VRoot_VerbTerm	PossConc5_BPre15_VRoot_VerbTerm	PossConc5_NPrePre15_BPre15_VRoot_VerbTerm	VRoot_NStem_NStem_NStem
i_si_cwangciso	NPrePre7_BPre7_NStem	NPrePre7_BPre7_NStem	NPrePre7_BPre7_NStem	VRoot_NStem_NStem
.	Punc	PUNC	Punc	PUNC
Oku	Dem15_Pos1	CDEM15	Dem15_Pos1	PUNC
ma_ku_vuny_el_w_ane	ImpPre_SC15_VRoot_ApplExt_PassExt_RecipExt_VerbTerm	ImpPre_SC15_VRoot_ApplExt_PassExt_DimSuf	ImpPre_SC15_VRoot_ApplExt_PassExt_RecipExt_VerbTerm	NStem_VRoot_NStem_VRoot_VRoot_NStem
nga_ko	AdvPre_PronStem15	AdvPre_PronStem15	AdvPre_PronStem15	NStem_NStem
kw_i_bakal_a	LocPre_NPrePre5_BPre5_NStem	LocPre_SC9_VRoot_VerbTerm	LocPre_NPrePre5_BPre5_NStem	PUNC_PUNC_PUNC_NStem
e_landulel_a	RelConc5_VRoot_ApplExt_VerbTerm	RelConc4_VRoot_VerbTerm	RelConc5_VRoot_ApplExt_VerbTerm	NStem_NStem_NStem
u_kw_enz_iw_a	NPrePre15_BPre15_VRoot_PassExt_VerbTerm	NPrePre15_BPre15_VRoot_PassExt_VerbTerm	NPrePre15_BPre15_VRoot_PassExt_VerbTerm	NStem_VRoot_VRoot_VRoot_NStem
kwe_si_cwangciso	PossConc15_NPrePre7_BPre7_NStem	PossConc15_BPre7_NStem	PossConc15_NPrePre7_BPre7_NStem	VRoot_VRoot_VRoot
ku_ze	SC15_AuxVStem	SC15_AuxVStem	SC15_AuxVStem	PUNC_PUNC
oko	Dem15_Pos2	CDEM15	Dem15_Pos2	Conj
ku_qinisek_is_w_e	SC15_VRoot_CausExt_PassExt_VerbTerm	SC15_VRoot_CausExt_PassExt_VerbTerm	SC15_VRoot_CausExt_PassExt_VerbTerm	NStem_NStem_VRoot_NStem_VRoot
kw_i_n_tlanganiso	LocPre_NPrePre9_BPre9_NStem	LocPre_NPrePre9_BPre9_NStem	LocPre_NPrePre9_BPre9_NStem	VRoot_VRoot_VRoot_VRoot
ya_ba_hlali	PossConc9_NPrePre2_BPre2_NStem	PossConc9_BPre2_NStem	PossConc9_NPrePre2_BPre2_NStem	VRoot_VRoot_VRoot
.	Punc	PUNC	Punc	PUNC
I_qela	NPrePre5_BPre5_NStem	NPrePre5_NStem	NPrePre5_BPre5_NStem	NStem_NStem
la_ba_bhexeshi	PossConc5_NPrePre2_BPre5_NStem	PossConc5_BPre2_NStem	PossConc5_NPrePre2_BPre5_NStem	NStem_NStem_NStem
ma_li_bandakanye	ImpPre_SC5_VRoot_VerbTerm	BPre6_CopPre_NStem	ImpPre_SC5_VRoot_VerbTerm	NStem_VRoot_NStem
a_ma_lungu	NPrePre6_BPre6_NStem	NPrePre6_BPre6_NStem	NPrePre6_BPre6_NStem	NStem_NStem_NStem
e_Komiti	PossConc6_NPrePre9_NStem	PossConc6_NStem	PossConc6_NPrePre9_NStem	NStem_NStem
ye_Wadi	PossConc9_NPrePre9_NStem	PossConc9_NStem	PossConc9_NPrePre9_NStem	PUNC_PUNC
aba_ninzi	AdjPref2_AdjStem	AdjPref2_AdjStem	AdjPref2_AdjStem	NStem_NStem
ka_ngangoko	AdvPre_Adv	AdvPre_Adv	AdvPre_Adv	NStem_NStem
.	Punc	PUNC	Punc	PUNC
Obo_na	SC14_PronStem14_PronSuf	RelConc14_PronSuf	SC14_PronStem14_PronSuf	PUNC_PUNC
bu_ncinci	AdjPref14_AdjStem	AdjPref14_AdjStem	AdjPref14_AdjStem	NStem_NStem
ma_yi_be	ImpPre_CopPre_AuxVStem	ImpPre_CopPre_Cop	ImpPre_CopPre_AuxVStem	NStem_NStem_NStem
nga_ma_lungu	CopPre_NPrePre6_BPre6_NStem	AdvPre_BPre6_NStem	CopPre_NPrePre6_BPre6_NStem	NStem_PUNC_NStem
a_ma_thathu	AdjPref6_AdjStem	NPrePre6_BPre6_NStem	AdjPref6_AdjStem	NStem_NStem_NStem
a_s_i_si_gxina	RelConc6_CopPre_NPrePre7_BPre7_NStem	RelConc6_CopPre_NPrePre7_BPre7_NStem	RelConc6_CopPre_NPrePre7_BPre7_NStem	NStem_NStem_NStem_NStem_NStem
esi_kho_yo	RelConc7_AdvPre_RelSuf	RelConc7_Adv_RelSuf	RelConc7_AdvPre_RelSuf	NStem_NStem_NStem
ku_yo	LocPre_PronStem4	LocPre_PronStem9	LocPre_PronStem4	PUNC_PUNC
yo_nke	QuantConc9_QuantStem	QuantConc4_QuantStem	QuantConc9_QuantStem	NStem_NStem
i_veki	NPrePre9_NStem	NPrePre9_NStem	NPrePre9_NStem	NStem_NStem
yo_kw_enz_a	PossConc9_NPrePre15_BPre15_VRoot_VerbTerm	PossConc9_BPre15_VRoot_VerbTerm	PossConc9_NPrePre15_BPre15_VRoot_VerbTerm	NStem_NStem_NStem_NStem
i_si_cwangciso	NPrePre7_BPre7_NStem	NPrePre7_BPre7_NStem	NPrePre7_BPre7_NStem	NStem_NStem_VRoot
,	Punc	PUNC	Punc	PUNC
u_kuze	Conj	NPrePre15_NStem	Conj	NStem_NStem
aba_nye	RelConc2_AdjStem	AdjPref2_AdjStem	RelConc2_AdjStem	PUNC_PUNC
ba_be	CopPre_Cop	CopPre_Cop	CopPre_Cop	NStem_NStem
ne_n_xaxheba	CopPre_NPrePre9_BPre9_NStem	AdvPre_BPre9_NStem	CopPre_NPrePre9_BPre9_NStem	NStem_VRoot_VRoot
na_nini	AdvPre_Adv	AdvPre_Adv	AdvPre_Adv	PUNC_PUNC
xa	Conj	Conj	Conj	PUNC
ku_no_kw_enz_ek_a	SC15_AdvPre_NPrePre15_BPre15_VRoot_NeutExt_VerbTerm	SC15_AdvPre_BPre15_VRoot_NeutExt_VerbTerm	SC15_AdvPre_NPrePre15_BPre15_VRoot_NeutExt_VerbTerm	NStem_VRoot_VRoot_NStem_VRoot_VRoot
.	Punc	PUNC	Punc	PUNC
Oku	Dem15_Pos1	CDEM15	Dem15_Pos1	Conj
ku_theth_a	BPre15_VRoot_VerbTerm	SC15_VRoot_VerbTerm	BPre15_VRoot_VerbTerm	NStem_NStem_NStem
u_kuba	Conj	NPrePre15_Conj	Conj	PUNC_PUNC
o_bo_na	SC14_PronStem14_PronSuf	SC14_PronStem2_PronSuf	SC14_PronStem14_PronSuf	NStem_NStem_NStem
bu_ncinci	AdjPref14_AdjStem	AdjPref14_AdjStem	AdjPref14_AdjStem	PUNC_PUNC
a_ma_qela	NPrePre6_BPre6_NStem	NPrePre6_BPre6_NStem	NPrePre6_BPre6_NStem	NStem_NStem_NStem
a_ma_thathu	AdjPref6_AdjStem	NPrePre6_BPre6_NStem	AdjPref6_AdjStem	NStem_NStem_NStem
a_no_ku_bhexesh_w_a	SC2_AdvPre_NPrePre15_BPre15_VRoot_PassExt_VerbTerm	SC6_AdvPre_BPre15_VRoot_PassExt_VerbTerm	SC2_AdvPre_NPrePre15_BPre15_VRoot_PassExt_VerbTerm	VRoot_VRoot_NStem_VRoot_VRoot_VRoot
nga_xesha_nye	AdvPre_NPrePre5_BPre5_NStem_AdjStem	AdvPre_BPre5_NStem	AdvPre_NPrePre5_BPre5_NStem_AdjStem	NStem_NStem_NStem
.	Punc	PUNC	Punc	PUNC
Oku_fanel_ek_il_e_yo	RelConc15_VRoot_NeutExt_Perf_VerbTerm_RelSuf	RelConc15_VRoot_NeutExt_Perf_VerbTerm_RelSuf	RelConc15_VRoot_NeutExt_Perf_VerbTerm_RelSuf	VRoot_VRoot_VRoot_VRoot_VRoot_NStem
k_ukuba	CopPre_Conj	CopPre_Conj	CopPre_Conj	NStem_NStem
i_qela	NPrePre5_BPre5_NStem	NPrePre5_NStem	NPrePre5_BPre5_NStem	NStem_NStem
nga_li_nye	AdvPre_EnumConc5_EnumStem	AdvPre_EnumConc5_EnumStem	AdvPre_EnumConc5_EnumStem	NStem_NStem_NStem
li_be	CopPre_Cop	CopPre_Cop	CopPre_Cop	PUNC_PUNC
no_m_bhexeshi	AdvPre_NPrePre3_BPre3_NStem	AdvPre_BPre1_NStem	AdvPre_NPrePre3_BPre3_NStem	NStem_NStem_NStem
kunye	Conj	Conj	Conj	PUNC
no_m_ntu	AdvPre_NPrePre1_BPre1_NStem	AdvPre_BPre1_NStem	AdvPre_NPrePre1_BPre1_NStem	NStem_NStem_NStem
o_jong_en_e	RelConc1_VRoot_RecipExt_VerbTerm	RelConc3_VRoot_RecipExt_VerbTerm	RelConc1_VRoot_RecipExt_VerbTerm	NStem_NStem_NStem_NStem
no_ku_gcin_a	AdvPre_NPrePre15_BPre15_VRoot_VerbTerm	AdvPre_BPre15_VRoot_VerbTerm	AdvPre_NPrePre15_BPre15_VRoot_VerbTerm	NStem_NStem_NStem_NStem
a_ma_xwebhu	NPrePre6_BPre6_NStem	NPrePre6_BPre6_NStem	NPrePre6_BPre6_NStem	NStem_NStem_NStem
e_n_kqubo	PossConc6_NPrePre9_BPre9_NStem	PossConc6_BPre9_NStem	PossConc6_NPrePre9_BPre9_NStem	NStem_VRoot_NStem
.	Punc	PUNC	Punc	NStem
U_ku_khuthaz_a	NPrePre15_BPre15_VRoot_VerbTerm	NPrePre15_BPre15_VRoot_VerbTerm	NPrePre15_BPre15_VRoot_VerbTerm	NStem_NStem_VRoot_NStem
u_ku_thath_a	NPrePre15_BPre15_VRoot_VerbTerm	NPrePre15_BPre15_VRoot_VerbTerm	NPrePre15_BPre15_VRoot_VerbTerm	NStem_VRoot_VRoot_NStem
i_n_xaxheba	NPrePre9_BPre9_NStem	NPrePre9_BPre9_NStem	NPrePre9_BPre9_NStem	NStem_NStem_NStem
ko_lu_ntu	PossConc15_NPrePre11_BPre11_NStem	PossConc15_BPre11_NStem	PossConc15_NPrePre11_BPre11_NStem	NStem_NStem_NStem
jikelel_e	Adv	VRoot_VerbTerm	Adv	PUNC_PUNC
kw_i_in_gxoxo	LocPre_NPre10_BPre10_NStem	LocPre_NPrePre10_BPre10_NStem	LocPre_NPre10_BPre10_NStem	NStem_NStem_NStem_NStem
zi_ka_wo_nke__wo_nke	PossConc10_PossKA_QuantConc1a_QuantStem_QuantConc1a_QuantStem	PossConc10_PossKA_QuantConc1a_QuantStem_QuantConc1a_QuantStem	PossConc10_PossKA_QuantConc1a_QuantStem_QuantConc1a_QuantStem	VRoot_VRoot_VRoot_VRoot_NStem_VRoot
ma_lunga	Adv	BPre6_NStem	Adv	PUNC_PUNC
ne_e_n_dlel_a	AdvPre_NPrePre10_BPre10_NStem	AdvPre_NPrePre9_BPre9_VRoot_VerbTerm	AdvPre_NPrePre10_BPre10_NStem	NStem_NStem_VRoot_NStem_NStem
ezi_fanel_ek_il_e_yo	RelConc10_VRoot_NeutExt_Perf_VerbTerm_RelSuf	RelConc10_VRoot_NeutExt_Perf_VerbTerm_RelSuf	RelConc10_VRoot_NeutExt_Perf_VerbTerm_RelSuf	VRoot_VRoot_VRoot_VRoot_VRoot_VRoot
zo_ku_sombulul_a	PossConc10_NPrePre15_BPre15_VRoot_VerbTerm	PossConc10_BPre15_VRoot_VerbTerm	PossConc10_NPrePre15_BPre15_VRoot_VerbTerm	NStem_NStem_NStem_NStem
i_n_gxaki	NPrePre9_BPre9_NStem	NPrePre9_BPre9_NStem	NPrePre9_BPre9_NStem	VRoot_NStem_VRoot
.	Punc	PUNC	Punc	PUNC
U_m_xolelanisi	NPrePre1_BPre1_NStem	NPrePre1_BPre1_NStem	NPrePre1_BPre1_NStem	VRoot_VRoot_NStem
u_vum_el_a	SC1_VRoot_ApplExt_VerbTerm	SC3_VRoot_ApplExt_VerbTerm	SC1_VRoot_ApplExt_VerbTerm	NStem_NStem_VRoot_NStem
i_qela	NPrePre5_BPre5_NStem	NPrePre5_NStem	NPrePre5_BPre5_NStem	PUNC_PUNC
nga_li_nye	AdvPre_EnumConc5_EnumStem	AdvPre_EnumConc5_EnumStem	AdvPre_EnumConc5_EnumStem	PUNC_PUNC_PUNC
u_kuba	Conj	Conj_Conj	Conj	PUNC_PUNC
li_chaz_e	SC5_VRoot_VerbTerm	SC5_VRoot_VerbTerm	SC5_VRoot_VerbTerm	NStem_NStem_NStem
i_meko	NPrePre9_NStem	NPrePre9_NStem	NPrePre9_NStem	NStem_NStem
ya_lo	PossConc9_PronStem5	PossConc9_PronStem5	PossConc9_PronStem5	PUNC_PUNC
li_ze	SC5_AuxVStem	SC5_AuxVStem	SC5_AuxVStem	PUNC_PUNC
l_enz_e	SC5_VRoot_VerbTerm	SC5_VRoot_VerbTerm	SC5_VRoot_VerbTerm	NStem_NStem_NStem
i_n_kuthazo	NPrePre9_BPre9_NStem	NPrePre9_BPre9_NStem	NPrePre9_BPre9_NStem	NStem_NStem_NStem
kw_i_si_celo	LocPre_NPrePre7_BPre7_NStem	LocPre_NPrePre7_BPre7_NStem	LocPre_NPrePre7_BPre7_NStem	NStem_NStem_NStem_NStem
sa_lo	PossConc7_PronStem5	PossConc7_PronStem5	PossConc7_PronStem5	PUNC_PUNC
.	Punc	PUNC	Punc	PUNC
U_m_xolelanisi	NPrePre1_BPre1_NStem	NPrePre1_BPre1_NStem	NPrePre1_BPre1_NStem	NStem_VRoot_NStem
u_bhala	SC1_VRoot_VerbTerm	NPrePre11_NStem	SC1_VRoot_VerbTerm	NStem_NStem
phantsi	Adv	Adv	Adv	PUNC
lo_nke	QuantConc11_QuantStem	QuantConc11_QuantStem	QuantConc11_QuantStem	NStem_NStem
u_lw_az_i	NPrePre11_BPre11_NStem	NPrePre11_BPre11_VRoot_VerbTerm	NPrePre11_BPre11_NStem	NStem_NStem_NStem_NStem
a_ze	SC1_AuxVStem	SC6_AuxVStem	SC1_AuxVStem	PUNC_PUNC
a_lu_phind_e	SC1_OC11_VRoot_VerbTerm	SC6_OC11_VRoot_VerbTerm	SC1_OC11_VRoot_VerbTerm	NStem_NStem_NStem_NStem
kw_i_qela	LocPre_NPrePre5_BPre5_NStem	LocPre_NPrePre5_BPre5	LocPre_NPrePre5_BPre5_NStem	NStem_NStem_NStem
nga_li_nye	AdvPre_EnumConc5_EnumStem	AdvPre_EnumConc5_EnumStem	AdvPre_EnumConc5_EnumStem	NStem_NStem_NStem
u_ku_qinisek_is_a	NPrePre15_BPre15_VRoot_CausExt_VerbTerm	NPrePre15_BPre15_VRoot_CausExt_VerbTerm	NPrePre15_BPre15_VRoot_CausExt_VerbTerm	VRoot_VRoot_VRoot_NStem_VRoot
u_kuba	Conj	NPrePre15_Conj	Conj	PUNC_PUNC
u_mamel_e	SC2ps_VRoot_VerbTerm	SC1_VRoot_VerbTerm	SC2ps_VRoot_VerbTerm	NStem_NStem_NStem
ng_oku_chan_ek_il_e_yo	AdvPre_RelConc15_VRoot_NeutExt_Perf_VerbTerm_RelSuf	AdvPre_RelConc15_VRoot_NeutExt_Perf_VerbTerm_RelSuf	AdvPre_RelConc15_VRoot_NeutExt_Perf_VerbTerm_RelSuf	NStem_VRoot_NStem_VRoot_VRoot_VRoot_VRoot
.	Punc	PUNC	Punc	PUNC
Oku	Dem15_Pos1	CDEM15	Dem15_Pos1	Conj
ku_kw_a_vum_el_a	SC15_AdvPre_VRoot_ApplExt_VerbTerm	SC15_BPre15_Past_VRoot_ApplExt_VerbTerm	SC15_AdvPre_VRoot_ApplExt_VerbTerm	VRoot_VRoot_VRoot_VRoot_VRoot_VRoot
a_ma_nye	AdjPref6_AdjStem	NPrePre6_AdjPref6_AdjStem	AdjPref6_AdjStem	NStem_PUNC_PUNC
a_ma_qela	NPrePre6_BPre6_NStem	NPrePre6_BPre6_NStem	NPrePre6_BPre6_NStem	NStem_NStem_NStem
u_kuba	Conj	Conj_Conj	Conj	PUNC_PUNC
a_cac_is_e	SC6_VRoot_VerbTerm	SC6_VRoot_CausExt_VerbTerm	SC6_VRoot_VerbTerm	NStem_NStem_NStem_NStem
na_wa_phi_na	AdvPre_EnumConc6_EnumStem_Interrog	AdvPre_EnumConc6_EnumStem_Interrog	AdvPre_EnumConc6_EnumStem_Interrog	NStem_NStem_PUNC_NStem
a_ma_nqaku	NPrePre6_BPre6_NStem	NPrePre6_BPre6_NStem	NPrePre6_BPre6_NStem	NStem_NStem_NStem
a_na_wo	RelConc6_CopPre_PronStem6	RelConc6_CopPre_PronStem6	RelConc6_CopPre_PronStem6	PUNC_NStem_PUNC
na_ma_nye	AdvPre_AdjPref6_AdjStem	AdvPre_AdjPref6_AdjStem	AdvPre_AdjPref6_AdjStem	PUNC_PUNC_PUNC
a_ma_qela	NPrePre6_BPre6_NStem	NPrePre6_BPre6_NStem	NPrePre6_BPre6_NStem	NStem_NStem_NStem
.	Punc	PUNC	Punc	PUNC
U_m_xolelanisi	NPrePre1_BPre1_NStem	NPrePre1_BPre1_NStem	NPrePre1_BPre1_NStem	NStem_NStem_NStem
u_shwankathel_a	SC1_VRoot_VerbTerm	SC1_VRoot_VerbTerm	SC1_VRoot_VerbTerm	VRoot_NStem_VRoot
i_meko	NPrePre9_NStem	NPrePre9_NStem	NPrePre9_NStem	PUNC_PUNC
nga_nye	AdvPre_EnumStem	AdvPre_EnumStem	AdvPre_EnumStem	PUNC_PUNC
.	Punc	PUNC	Punc	PUNC
Kw_i_n_tlanganiso	LocPre_NPrePre9_BPre9_NStem	LocPre_NPrePre9_BPre9_NStem	LocPre_NPrePre9_BPre9_NStem	VRoot_VRoot_VRoot_NStem
Ye_n_kulungwane	PossConc9_NPrePre9_BPre9_NStem	PossConc9_BPre9_NStem	PossConc9_NPrePre9_BPre9_NStem	NStem_NStem_NStem
Ye_e_n_kokeli	PossConc9_NPrePre10_BPre10_NStem	PossConc9_NPrePre9_BPre9_NStem	PossConc9_NPrePre10_BPre10_NStem	NStem_NStem_NStem_NStem
Ze_hlabathi	PossConc10_NPrePre5_BPre5_NStem	PossConc10_BPre5	PossConc10_NPrePre5_BPre5_NStem	NStem_NStem
ngo_Se_ptem_ba	AdvPre_NPrePre1a_ProperName	AdvPre_Pro_ProperName_PossConc2	AdvPre_NPrePre1a_ProperName	NStem_NStem_NStem_NStem
2000	Num	NUM	Num	Conj
,	Punc	PUNC	Punc	PUNC
yo_nke	QuantConc4_QuantStem	QuantConc9_QuantStem	QuantConc4_QuantStem	PUNC_PUNC
i_mi_buso	NPrePre4_BPre4_NStem	NPrePre4_BPre4_NStem	NPrePre4_BPre4_NStem	NStem_NStem_NStem
e_ng_a_ma_lungu	RelConc4_CopPre_NPrePre6_BPre6_NStem	RelConc9_CopPre_NPrePre6_BPre6_NStem	RelConc4_CopPre_NPrePre6_BPre6_NStem	VRoot_VRoot_VRoot_VRoot_VRoot
Ezi_zwe	PossConc6_NPrePre8_BPre8_NStem	CDEM10_NStem	PossConc6_NPrePre8_BPre8_NStem	PUNC_PUNC
Ezi_many_en_e_yo	RelConc8_VRoot_RecipExt_VerbTerm_RelSuf	RelConc10_VRoot_RecipExt_VerbTerm_RelSuf	RelConc8_VRoot_RecipExt_VerbTerm_RelSuf	NStem_NStem_NStem_NStem_NStem
ya_qinisek_is_a	SC4_Past_VRoot_CausExt_VerbTerm	PossConc9_VRoot_CausExt_VerbTerm	SC4_Past_VRoot_CausExt_VerbTerm	VRoot_VRoot_VRoot_VRoot
u_ku_zi_nik_el_a	NPrePre15_BPre15_ReflPre_VRoot_ApplExt_VerbTerm	NPrePre15_BPre15_ReflPre_VRoot_ApplExt_VerbTerm	NPrePre15_BPre15_ReflPre_VRoot_ApplExt_VerbTerm	NStem_NStem_NStem_NStem_NStem_NStem
kwa_yo	PossConc15_PronStem4	PossConc15_PronStem9	PossConc15_PronStem4	NStem_NStem
ku_phuhliso	LocPre_NPrePre11_BPre11_NStem	LocPre_BPre11	LocPre_NPrePre11_BPre11_NStem	NStem_NStem
olu_londoloz_ek_a_yo	RelConc11_VRoot_NeutExt_VerbTerm_RelSuf	RelConc11_VRoot_NeutExt_VerbTerm_RelSuf	RelConc11_VRoot_NeutExt_VerbTerm_RelSuf	NStem_NStem_NStem_NStem_NStem
no_ku_tshatyalal_is_w_a	AdvPre_NPrePre15_BPre15_VRoot_CausExt_PassExt_VerbTerm	AdvPre_BPre15_VRoot_CausExt_PassExt_VerbTerm	AdvPre_NPrePre15_BPre15_VRoot_CausExt_PassExt_VerbTerm	VRoot_VRoot_VRoot_VRoot_NStem_NStem
kwe_n_tswelo	PossConc15_NPrePre9_BPre9_NStem	PossConc15_BPre9_NStem	PossConc15_NPrePre9_BPre9_NStem	NStem_NStem_NStem
ngo_ku_sebenz_is_a	AdvPre_NPrePre15_BPre15_VRoot_CausExt_VerbTerm	AdvPre_BPre15_VRoot_CausExt_VerbTerm	AdvPre_NPrePre15_BPre15_VRoot_CausExt_VerbTerm	VRoot_NStem_VRoot_NStem_VRoot
i_Si_bhengezo	NPrePre7_BPre7_NStem	NPrePre7_BPre7_NStem	NPrePre7_BPre7_NStem	NStem_NStem_NStem
se_N_ku_lungwane	PossConc7_NPrePre9_BPre9_NStem	PossConc7_CopPre_LocPre_NStem	PossConc7_NPrePre9_BPre9_NStem	NStem_NStem_NStem_NStem
.	Punc	PUNC	Punc	NStem
I_in_jongo	NPrePre10_BPre10_NStem	NPrePre10_BPre10_NStem	NPrePre10_BPre10_NStem	NStem_NStem_NStem
Ze_n_kulungwane	PossConc10_NPrePre9_BPre9_NStem	PossConc10_BPre9_NStem	PossConc10_NPrePre9_BPre9_NStem	NStem_NStem_NStem
Zo_phuhliso	PossConc10_NPrePre11_BPre11_NStem	PossConc10_BPre11	PossConc10_NPrePre11_BPre11_NStem	NStem_NStem
(	Punc	PUNC	Punc	PUNC
MD_GS	Abbr	Abbr_Abbr	Abbr	NStem_NStem
)	Punc	PUNC	Punc	PUNC
zi_ng_u_malath_a__ndlel_a	BPre10_CopPre_NPrePre1a_NStem_BPre9_NStem	SC10_CopPre_SC3_VRoot_VerbTerm_VRoot_VerbTerm	BPre10_CopPre_NPrePre1a_NStem_BPre9_NStem	VRoot_VRoot_VRoot_VRoot_VRoot_VRoot_NStem
wo_ku_hlangabez_ana	PossConc1a_NPrePre15_BPre15_VRoot_RecipExt_VerbTerm	PossConc3_BPre15_VRoot_NStem	PossConc1a_NPrePre15_BPre15_VRoot_RecipExt_VerbTerm	NStem_NStem_NStem_NStem
no_ku_zi_nik_el_a	AdvPre_NPrePre15_BPre15_ReflPre_VRoot_VerbTerm	AdvPre_BPre15_ReflPre_VRoot_ApplExt_VerbTerm	AdvPre_NPrePre15_BPre15_ReflPre_VRoot_VerbTerm	VRoot_NStem_VRoot_VRoot_NStem_NStem
kw_i_Si_bhengezo	LocPre_NPrePre7_BPre7_NStem	LocPre_NPrePre7_BPre7_NStem	LocPre_NPrePre7_BPre7_NStem	NStem_NStem_NStem_NStem
se_N_ku_lungwane	PossConc7_NPrePre9_BPre9_NStem	PossConc7_CopPre_LocPre_NStem	PossConc7_NPrePre9_BPre9_NStem	NStem_NStem_NStem_NStem
.	Punc	PUNC	Punc	PUNC
I_i_fomu	NPrePre10_BPre10_NStem	NPrePre10_BPre10_NStem	NPrePre10_BPre10_NStem	NStem_NStem_NStem
ku_ma_phepha	LocPre_NPrePre6_BPre6_NStem	LocPre_BPre6_NStem	LocPre_NPrePre6_BPre6_NStem	NStem_NStem_NStem
a_mbalwa	RelConc6_RelStem	RelConc6_RelStem	RelConc6_RelStem	NStem_NStem
a_landel_a_yo	RelConc6_VRoot_VerbTerm_RelSuf	RelConc6_VRoot_VerbTerm_RelSuf	RelConc6_VRoot_VerbTerm_RelSuf	NStem_NStem_NStem_NStem
y_i_n_dlel_a	CopPre_NPrePre9_BPre9_NStem	CopPre_NPrePre9_BPre9_VRoot_VerbTerm	CopPre_NPrePre9_BPre9_NStem	NStem_NStem_NStem_NStem_NStem
e_lung_il_e_yo	RelConc9_VRoot_Perf_VerbTerm_RelSuf	RelConc9_VRoot_Perf_VerbTerm_RelSuf	RelConc9_VRoot_Perf_VerbTerm_RelSuf	NStem_VRoot_VRoot_VRoot_VRoot
yo_ku_qal_a	PossConc9_NPrePre15_BPre15_VRoot_VerbTerm	PossConc9_BPre15_VRoot_VerbTerm	PossConc9_NPrePre15_BPre15_VRoot_VerbTerm	NStem_NStem_NStem_PUNC
u_kuba	Conj	SC1_Conj	Conj	NStem_NStem
u_fun_a	SC1_VRoot_VerbTerm	SC3_VRoot_VerbTerm	SC1_VRoot_VerbTerm	NStem_NStem_NStem
u_kw_enz_a	NPrePre15_BPre15_VRoot_VerbTerm	NPrePre15_BPre15_VRoot_VerbTerm	NPrePre15_BPre15_VRoot_VerbTerm	NStem_NStem_NStem_NStem
u_hlolo	NPrePre11_NStem	NPrePre11_NStem	NPrePre11_NStem	NStem_NStem
lwe_e_m_funo	PossConc11_NPrePre10_BPre10_NStem	PossConc11_NPrePre9_BPre9_NStem	PossConc11_NPrePre10_BPre10_NStem	NStem_NStem_VRoot_NStem
jikelel_e	Adv	VRoot_VerbTerm	Adv	NStem_NStem
.	Punc	PUNC	Punc	PUNC
Xa	Conj	Conj	Conj	Conj
u_gcwalis_a	SC2ps_VRoot_CausExt_VerbTerm	SC1a_VRoot_VerbTerm	SC2ps_VRoot_CausExt_VerbTerm	NStem_NStem_NStem
i_i_fomu	NPrePre10_BPre10_NStem	NPrePre10_BPre10_NStem	NPrePre10_BPre10_NStem	NStem_NStem_NStem
u_ya	SC2ps_Fut	SC1_Fut	SC2ps_Fut	PUNC_PUNC
ku_fuman_a	SC15_VRoot_VerbTerm	SC15_VRoot_VerbTerm	SC15_VRoot_VerbTerm	NStem_NStem_NStem
u_fi_fi	NPrePre11_NStem	NPrePre11_BPre7_NStem	NPrePre11_NStem	NStem_NStem_NStem
lwe_e_n_gxaki	PossConc11_NPrePre10_BPre10_NStem	PossConc11_NPrePre9_BPre9_NStem	PossConc11_NPrePre10_BPre10_NStem	VRoot_VRoot_VRoot_VRoot
a_ma_khosikazi	NPrePre6_BPre6_NStem	NPrePre6_BPre6_NStem	NPrePre6_BPre6_NStem	NStem_NStem_NStem
a_jong_an_a	SC6_VRoot_RecipExt_VerbTerm	SC6_VRoot_RecipExt_VerbTerm	SC6_VRoot_RecipExt_VerbTerm	NStem_NStem_NStem_NStem
na_zo	AdvPre_PronStem10	AdvPre_PronStem10	AdvPre_PronStem10	PUNC_PUNC
kw_i_n_dawo	LocPre_NPrePre9_BPre9_NStem	LocPre_NPrePre9_BPre9_NStem	LocPre_NPrePre9_BPre9_NStem	VRoot_NStem_VRoot_VRoot
ya_kho	PossConc9_PossPron	PossConc9_PossPron	PossConc9_PossPron	NStem_NStem
.	Punc	PUNC	Punc	PUNC
U_kuba	Conj	NPre15_Conj	Conj	PUNC_PUNC
a_wuz_az_i	NegPre_SC3_OC10_VRoot_VerbTerm	SC6_OC3_VRoot_VerbTerm	NegPre_SC3_OC10_VRoot_VerbTerm	NStem_NStem_NStem_NStem
zo_nke	QuantConc10_QuantStem	QuantConc10_QuantStem	QuantConc10_QuantStem	NStem_NStem
i_im_pendulo	NPrePre10_BPre10_NStem	NPrePre10_BPre10_NStem	NPrePre10_BPre10_NStem	NStem_NStem_NStem
,	Punc	PUNC	Punc	NStem
zam_a	VRoot_VerbTerm	VRoot_VerbTerm	VRoot_VerbTerm	PUNC_NStem
u_ku_fuman_a	NPrePre15_BPre15_VRoot_VerbTerm	NPrePre15_BPre15_VRoot_VerbTerm	NPrePre15_BPre15_VRoot_VerbTerm	VRoot_VRoot_VRoot_VRoot
u_lw_az_i	NPrePre11_BPre11_NStem	NPrePre11_BPre11_VRoot_VerbTerm	NPrePre11_BPre11_NStem	NStem_NStem_NStem_NStem
ku_masipala	LocPre_NPrePre1a_NStem	LocPre_NStem	LocPre_NPrePre1a_NStem	NStem_NStem
,	Punc	PUNC	Punc	PUNC
i_klinikhi	NPrePre9_NStem	NPrePre9_NStem	NPrePre9_NStem	NStem_NStem
,	Punc	PUNC	Punc	PUNC
i_mi_butho	NPrePre4_BPre4_NStem	NPrePre4_BPre4_NStem	NPrePre4_BPre4_NStem	NStem_NStem_NStem
ya_s_e_ku_hlal_e_ni	PossConc4_PreLoc-s_LocPre_NPrePre15_BPre15_VRoot_VerbTerm_LocSuf	PossConc9_PreLocs_LocPre_BPre15_VRoot_VerbTerm_VerbTerm	PossConc4_PreLoc-s_LocPre_NPrePre15_BPre15_VRoot_VerbTerm_LocSuf	VRoot_VRoot_VRoot_NStem_VRoot_VRoot_VRoot
okanye	Conj	Conj	Conj	Conj
i_in_konzo	NPrePre10_BPre10_NStem	NPrePre10_BPre10_NStem	NPrePre10_BPre10_NStem	NStem_NStem_NStem
zi_ka_rhulumente	PossConc10_PossKA_NStem	PossConc10_PossKA_NStem	PossConc10_PossKA_NStem	NStem_NStem_NStem
.	Punc	PUNC	Punc	PUNC
I_se_ns_a_si	NPrePre9_NStem	SC9_Pro_VRoot_VerbTerm_BPre7	NPrePre9_NStem	NStem_NStem_NStem_NStem_NStem
ku_fanel_e	SC15_VRoot_VerbTerm	SC15_VRoot_VerbTerm	SC15_VRoot_VerbTerm	NStem_NStem_NStem
i_be	CopPre_Cop	SC9_Cop	CopPre_Cop	PUNC_PUNC
no_lw_az_i	AdvPre_NPrePre11_BPre11_NStem	AdvPre_BPre11_VRoot_VerbTerm	AdvPre_NPrePre11_BPre11_NStem	NStem_NStem_NStem_VRoot
ma_lunga	Adv	BPre6_NStem	Adv	PUNC_PUNC
ne_mo	AdvPre_NPrePre9_NStem	AdvPre_NStem	AdvPre_NPrePre9_NStem	PUNC_PUNC
y_e_zo_qoqosho	PossConc9_RelConc8_PossConc8_NPrePre11_BPre11_NStem	PossConc9_RelConc8_PossConc8_BPre11	PossConc9_RelConc8_PossConc8_NPrePre11_BPre11_NStem	NStem_NStem_NStem_NStem
ya_ba_ntu	PossConc9_NPrePre2_BPre2_NStem	PossConc9_BPre2_NStem	PossConc9_NPrePre2_BPre2_NStem	NStem_NStem_NStem
kw_i_n_dawo	LocPre_NPrePre9_BPre9_NStem	LocPre_NPrePre9_BPre9_NStem	LocPre_NPrePre9_BPre9_NStem	NStem_NStem_VRoot_NStem
ya_kho	PossConc9_PossPron	PossConc9_PossPron	PossConc9_PossPron	PUNC_PUNC
.	Punc	PUNC	Punc	PUNC
I_projekthi	NPrePre9_NStem	NPrePre9_NStem	NPrePre9_NStem	PUNC_PUNC
nga_nye	AdvPre_EnumStem	AdvPre_EnumStem	AdvPre_EnumStem	NStem_PUNC
i_ne_m_fano	NPrePre9_CopPre_NPrePre9_BPre9_NStem	CopPre_CopPre_BPre9_NStem	NPrePre9_CopPre_NPrePre9_BPre9_NStem	NStem_NStem_NStem_NStem
ya_yo	PossConc9_PronStem9	PossConc9_PronStem4	PossConc9_PronStem9	NStem_NStem
e_yo_dwa	RelConc9_QuantConc9_QuantStem	RelConc9_QuantConc9_QuantStem	RelConc9_QuantConc9_QuantStem	PUNC_PUNC_PUNC
,	Punc	PUNC	Punc	NStem
kwaye	Conj	Conj	Conj	PUNC
i_ne_mi_ngeni	CopPre_CopPre_BPre4_NStem	CopPre_CopPre_BPre4_NStem	CopPre_CopPre_BPre4_NStem	NStem_NStem_NStem_NStem
ya_yo	PossConc9_PronStem9	PossConc9_PronStem9	PossConc9_PronStem9	PUNC_PUNC
e_jong_an_a	SC4_VRoot_RecipExt_VerbTerm	RelConc9_VRoot_RecipExt_VerbTerm	SC4_VRoot_RecipExt_VerbTerm	NStem_NStem_NStem_NStem
na_yo	AdvPre_PronStem4	AdvPre_PronStem9	AdvPre_PronStem4	PUNC_PUNC
ne_mi_ba	AdvPre_NPrePre4_BPre4_NStem	AdvPre_BPre4_NStem	AdvPre_NPrePre4_BPre4_NStem	NStem_NStem_NStem
e_fanel_e	RelConc4_VRoot_VerbTerm	RelConc9_VRoot_VerbTerm	RelConc4_VRoot_VerbTerm	NStem_NStem_NStem
ku_thath_el_w_a	SC15_VRoot_ApplExt_PassExt_VerbTerm	SC15_VRoot_ApplExt_PassExt_VerbTerm	SC15_VRoot_ApplExt_PassExt_VerbTerm	NStem_NStem_NStem_NStem_NStem
i_n_gqalelo	NPrePre9_BPre9_NStem	NPrePre9_BPre9_NStem	NPrePre9_BPre9_NStem	NStem_NStem_NStem
.	Punc	PUNC	Punc	PUNC
I_si_cwangciso	NPrePre7_BPre7_NStem	NPrePre7_BPre7_NStem	NPrePre7_BPre7_NStem	NStem_NStem_NStem
esi_ne_m_fano	RelConc7_CopPre_NPrePre9_BPre9_NStem	RelConc7_CopPre_BPre9_NStem	RelConc7_CopPre_NPrePre9_BPre9_NStem	NStem_NStem_NStem_NStem
e_yo_dwa	RelConc9_QuantConc9_QuantStem	RelConc9_QuantConc9_QuantStem	RelConc9_QuantConc9_QuantStem	NStem_NStem_NStem
ng_oko	AdvPre_Dem15_Pos2	AdvPre_CDEM15	AdvPre_Dem15_Pos2	PUNC_PUNC
ke	Conj	Conj	Conj	Conj
si_fanel_e	SC7_VRoot_VerbTerm	SC7_VRoot_VerbTerm	SC7_VRoot_VerbTerm	NStem_NStem_NStem
u_kuba	Conj	NPrePre15_Conj	Conj	PUNC_PUNC
si_be_kho	CopPre_CopPre_Adv	CopPre_CopPre_Adv	CopPre_CopPre_Adv	NStem_NStem_NStem
u_kuze	Conj	NPrePre15_NStem	Conj	NStem_NStem
i_projekthi	NPrePre9_NStem	NPrePre9_NStem	NPrePre9_NStem	NStem_NStem
i_gqity_w_e	SC4_VRoot_PassExt_VerbTerm	SC9_VRoot_PassExt_VerbTerm	SC4_VRoot_PassExt_VerbTerm	NStem_NStem_NStem_NStem
nge_m_pumelelo	AdvPre_NPrePre9_BPre9_NStem	AdvPre_BPre9_NStem	AdvPre_NPrePre9_BPre9_NStem	NStem_VRoot_VRoot
.	Punc	PUNC	Punc	PUNC
U_m_zobo	NPrePre3_BPre3_NStem	NPrePre3_BPre3_NStem	NPrePre3_BPre3_NStem	NStem_NStem_NStem
o_ng_e_zantsi	RelConc3_AdvPre_LocPre_Adv	RelConc3_AdvPre_LocPre_Adv	RelConc3_AdvPre_LocPre_Adv	NStem_NStem_NStem_VRoot
u_bon_is_a	SC3_VRoot_CausExt_VerbTerm	SC1_VRoot_CausExt_VerbTerm	SC3_VRoot_CausExt_VerbTerm	NStem_NStem_NStem_NStem
i_khonkco	NPrePre5_BPre5_NStem	NPrePre5_NStem	NPrePre5_BPre5_NStem	NStem_PUNC
phakathi	Adv	Adv	Adv	PUNC
ko_bu_na_kho	PossConc15_NPrePre15_BPre14_CopPre_Adv	PossConc15_BPre14_CopPre_Adv	PossConc15_NPrePre15_BPre14_CopPre_Adv	NStem_NStem_NStem_NStem
,	Punc	PUNC	Punc	PUNC
a_ma_thuba	NPrePre6_BPre6_NStem	NPrePre6_BPre6_NStem	NPrePre6_BPre6_NStem	NStem_NStem_NStem
ne_n_gqesho	AdvPre_NPrePre9_BPre9_NStem	AdvPre_BPre9_NStem	AdvPre_NPrePre9_BPre9_NStem	NStem_NStem_NStem
kw_i_i_meko	LocPre_NPrePre10_BPre10_NStem	LocPre_NPrePre10_BPre10_NStem	LocPre_NPrePre10_BPre10_NStem	NStem_NStem_NStem_NStem
zo_ku_hlal_a	PossConc10_NPrePre15_BPre15_VRoot_VerbTerm	PossConc10_BPre15_VRoot_VerbTerm	PossConc10_NPrePre15_BPre15_VRoot_VerbTerm	NStem_NStem_VRoot_VRoot
no_ku_phil_a	AdvPre_NPrePre15_BPre15_VRoot_VerbTerm	AdvPre_BPre15_VRoot_VerbTerm	AdvPre_NPrePre15_BPre15_VRoot_VerbTerm	NStem_NStem_NStem_NStem
.	Punc	PUNC	Punc	PUNC
U_bon_is_a	SC3_VRoot_CausExt_VerbTerm	SC1_VRoot_CausExt_VerbTerm	SC3_VRoot_CausExt_VerbTerm	NStem_NStem_NStem_NStem
i_n_dlel_a	NPrePre9_BPre9_NStem	NPrePre9_BPre9_VRoot_VerbTerm	NPrePre9_BPre9_NStem	NStem_NStem_NStem_NStem
u_bu_n_kokheli	NPrePre14_BPre14_BPre9_NStem	NPrePre14_BPre14_BPre9_NStem	NPrePre14_BPre14_BPre9_NStem	NStem_NStem_NStem_NStem
,	Punc	PUNC	Punc	PUNC
u_bu_m_mi	NPrePre14_BPre14_BPre1_NStem	NPrePre14_BPre14_BPre1_NStem	NPrePre14_BPre14_BPre1_NStem	NStem_NStem_NStem_NStem
obu_sebenz_a_yo	RelConc14_VRoot_VerbTerm_RelSuf	RelConc14_VRoot_VerbTerm_RelSuf	RelConc14_VRoot_VerbTerm_RelSuf	NStem_NStem_NStem_NStem
no_rhulumente	AdvPre_NPrePre1a_NStem	AdvPre_NStem	AdvPre_NPrePre1a_NStem	NStem_NStem
o_ne_m_pumelelo	RelConc1a_CopPre_NPrePre9_BPre9_NStem	RelConc3_CopPre_BPre9_NStem	RelConc1a_CopPre_NPrePre9_BPre9_NStem	NStem_NStem_VRoot_NStem
aba_nga_nced_a	RelConc2_Pot_VRoot_VerbTerm	RelConc2_Pot_VRoot_VerbTerm	RelConc2_Pot_VRoot_VerbTerm	NStem_NStem_NStem_NStem
e_ku_qhub_e_ni	LocPre_NPrePre15_BPre15_VRoot_VerbTerm_LocSuf	LocPre_BPre15_VRoot_VerbTerm_LocSuf	LocPre_NPrePre15_BPre15_VRoot_VerbTerm_LocSuf	VRoot_VRoot_VRoot_VRoot_VRoot
u_phuhliso	NPrePre11_NStem	NPrePre11_NStem	NPrePre11_NStem	PUNC_PUNC
ku_m_mandla	LocPre_NPrePre3_BPre3_NStem	LocPre_BPre3_NStem	LocPre_NPrePre3_BPre3_NStem	NStem_NStem_NStem
o_na_mathelen_e_yo	RelConc3_VRoot_RecipExt_VerbTerm_RelSuf	RelConc3_CopPre_VRoot_VerbTerm_RelSuf	RelConc3_VRoot_RecipExt_VerbTerm_RelSuf	VRoot_VRoot_VRoot_VRoot_VRoot
ng_okwa_s_e_ku_hlal_e_ni	AdvPre_AdvPre_PreLoc-s_LocPre_NPrePre15_BPre15_VRoot_VerbTerm_LocSuf	AdvPre_AdvPre_PreLocs_LocPre_BPre15_VRoot_VerbTerm_VerbTerm	AdvPre_AdvPre_PreLoc-s_LocPre_NPrePre15_BPre15_VRoot_VerbTerm_LocSuf	VRoot_NStem_VRoot_VRoot_VRoot_VRoot_NStem_VRoot
.	Punc	PUNC	Punc	PUNC
I_Zi_khokelo	NPrePre8_BPre8_NStem	NPrePre8_BPre8_NStem	NPrePre8_BPre8_NStem	NStem_NStem_NStem
:	Punc	PUNC	Punc	PUNC
I_Zi_seko	NPrePre8_BPre8_NStem	NPrePre8_BPre8_NStem	NPrePre8_BPre8_NStem	NStem_NStem_NStem
zo_M_sebenzi	PossConc8_NPrePre3_BPre3_NStem	PossConc10_BPre3_NStem	PossConc8_NPrePre3_BPre3_NStem	NStem_NStem_NStem
ezi_Zinz_il_e_yo	RelConc8_VRoot_Perf_VerbTerm_RelSuf	RelConc10_VRoot_Perf_VerbTerm_RelSuf	RelConc8_VRoot_Perf_VerbTerm_RelSuf	NStem_NStem_NStem_NStem_NStem
zi_ka_Masipala	PossConc8_PossKA_NStem	PossConc10_PossKA_NStem	PossConc8_PossKA_NStem	NStem_NStem_NStem
no_Nikezelo	AdvPre_NPrePre11_BPre11_NStem	AdvPre_ProperName	AdvPre_NPrePre11_BPre11_NStem	NStem_NStem
lwe_e_N_konzo	PossConc11_NPrePre10_BPre10_NStem	PossConc11_NPrePre9_BPre9_NStem	PossConc11_NPrePre10_BPre10_NStem	VRoot_NStem_VRoot_VRoot
,	Punc	PUNC	Punc	PUNC
1	Num	NUM	Num	PUNC
E_preli	ProperName	PossConc6_NStem	ProperName	NStem_NStem
2007	Num	NUM	Num	PUNC
z_i_zi_khokelo	CopPre_NPrePre8_BPre8_NStem	CopPre_NPrePre8_BPre8_NStem	CopPre_NPrePre8_BPre8_NStem	NStem_NStem_NStem_NStem
ezi_phuhl_is_el_w_e	RelConc8_VRoot_CausExt_ApplExt_PassExt_VerbTerm	RelConc10_VRoot_CausExt_ApplExt_PassExt_VerbTerm	RelConc8_VRoot_CausExt_ApplExt_PassExt_VerbTerm	VRoot_VRoot_NStem_NStem_NStem_VRoot
u_ku_nced_a	NPrePre15_BPre15_VRoot_VerbTerm	NPrePre15_BPre15_VRoot_VerbTerm	NPrePre15_BPre15_VRoot_VerbTerm	NStem_NStem_NStem_NStem
u_rhulumente	NPrePre1a_NStem	NPrePre1a_NStem	NPrePre1a_NStem	VRoot_NStem
e_ku_zalisek_is_e_ni	LocPre_NPrePre15_BPre15_VRoot_CausExt_VerbTerm_LocSuf	LocPre_BPre15_VRoot_CausExt_VerbTerm_VerbTerm	LocPre_NPrePre15_BPre15_VRoot_CausExt_VerbTerm_LocSuf	NStem_VRoot_VRoot_VRoot_NStem_NStem
i_m_fanelo	NPrePre9_BPre9_NStem	NPrePre9_BPre9_NStem	NPrePre9_BPre9_NStem	NStem_NStem_NStem
ya_khe	PossConc9_PossPron	PossConc9_PossPron	PossConc9_PossPron	PUNC_PUNC
ng_oko_m_gaqo__si_se_ko	AdvPre_AdvPre_BPre3_NStem_BPre7_NStem	AdvPre_AdvPre_BPre3_NStem_BPre7_Pro_PronStem15	AdvPre_AdvPre_BPre3_NStem_BPre7_NStem	NStem_NStem_NStem_NStem_NStem_NStem_NStem
yo_ku_nikezel_a	PossConc9_NPrePre15_BPre15_VRoot_VerbTerm	PossConc9_BPre15_VRoot_VerbTerm	PossConc9_NPrePre15_BPre15_VRoot_VerbTerm	NStem_NStem_NStem_NStem
i_in_konzo	NPrePre10_BPre10_NStem	NPrePre10_BPre10_NStem	NPrePre10_BPre10_NStem	NStem_NStem_NStem
ezi_s_i_si_se_ko	RelConc10_CopPre_NPrePre7_BPre7_NStem	RelConc10_CopPre_NPrePre7_BPre7_NStem_PronStem15	RelConc10_CopPre_NPrePre7_BPre7_NStem	NStem_NStem_NStem_NStem_NStem_NStem
zi_ka_masipala	PossConc10_PossKA_NStem	PossConc10_PossKA_NStem	PossConc10_PossKA_NStem	NStem_NStem_NStem
.	Punc	PUNC	Punc	PUNC
I_sa_zobe	NPrePre7_BPre7_NStem	NPrePre7_BPre7_NStem	NPrePre7_BPre7_NStem	NStem_NStem_NStem
se__Ve_nn	PossConc7_NPrePre9_ProperName	PossConc7_ProperName_AdjStem	PossConc7_NPrePre9_ProperName	NStem_NStem_NStem
s_i_si_xhobo	CopPre_NPrePre7_BPre7_NStem	CopPre_NPrePre7_BPre7_NStem	CopPre_NPrePre7_BPre7_NStem	NStem_NStem_VRoot_VRoot
so_ku_hlalutya	PossConc7_NPrePre15_BPre15_VRoot_VerbTerm	PossConc7_BPre15_NStem	PossConc7_NPrePre15_BPre15_VRoot_VerbTerm	NStem_NStem_NStem
u_bonelelo	NPrePre11_NStem	NPrePre11_NStem	NPrePre11_NStem	NStem_NStem
lwe_e_n_konzo	PossConc11_NPrePre10_BPre10_NStem	PossConc11_NPrePre9_BPre9_NStem	PossConc11_NPrePre10_BPre10_NStem	NStem_NStem_NStem_NStem
e_lu_ntw_ini	LocPre_NPrePre11_BPre11_NStem_LocSuf	LocPre_BPre11_NStem_LocSuf	LocPre_NPrePre11_BPre11_NStem_LocSuf	NStem_NStem_NStem_NStem
.	Punc	PUNC	Punc	PUNC
A_ma_lungu	NPrePre6_BPre6_NStem	NPrePre6_BPre6_NStem	NPrePre6_BPre6_NStem	NStem_NStem_NStem
aba_hlali	NPrePre2_BPre2_NStem	RelConc2_NStem	NPrePre2_BPre2_NStem	NStem_NStem
a_chong_a	SC6_VRoot_VerbTerm	SC6_VRoot_VerbTerm	SC6_VRoot_VerbTerm	NStem_NStem_NStem
i_mi_butho	NPrePre4_BPre4_NStem	NPrePre4_BPre4_NStem	NPrePre4_BPre4_NStem	NStem_NStem_NStem
,	Punc	PUNC	Punc	PUNC
i_in_konzo	NPrePre10_BPre10_NStem	NPrePre10_BPre10_NStem	NPrePre10_BPre10_NStem	NStem_NStem_NStem
na_ba_niki	AdvPre_NPrePre2_BPre2_NStem	AdvPre_BPre2_NStem	AdvPre_NPrePre2_BPre2_NStem	NStem_NStem_NStem
be_e_n_konzo	PossConc2_NPrePre10_BPre10_NStem	PossConc2_PossConc6_BPre9_NStem	PossConc2_NPrePre10_BPre10_NStem	NStem_NStem_NStem_NStem
ba_ba_bek_e	SC2_OC2_VRoot_VerbTerm	SC2_OC2_VRoot_VerbTerm	SC2_OC2_VRoot_VerbTerm	NStem_NStem_NStem_NStem
ng_okwe_zin_tlu	AdvPre_AdvPre_NPrePre10_BPre10_NStem	AdvPre_AdvPre_BPre10_NStem	AdvPre_AdvPre_NPrePre10_BPre10_NStem	NStem_NStem_NStem_VRoot
ng_oko_ku_balulek_a	AdvPre_AdvPre_NPrePre15_BPre15_VRoot_VerbTerm	AdvPre_AdvPre_BPre15_VRoot_VerbTerm	AdvPre_AdvPre_NPrePre15_BPre15_VRoot_VerbTerm	VRoot_NStem_VRoot_VRoot_VRoot
na_ng_oko_fikelelo	AdvPre_AdvPre_NPrePre15_BPre15_NStem	AdvPre_AdvPre_AdvPre_NStem	AdvPre_AdvPre_NPrePre15_BPre15_NStem	NStem_VRoot_NStem_NStem
.	Punc	PUNC	Punc	PUNC
Si_kwa_s_i_si_xhobo	CopPre_AdvPre_CopPre_NPrePre7_BPre7_NStem	CopPre_AdvPre_CopPre_NPrePre7_BPre7_NStem	CopPre_AdvPre_CopPre_NPrePre7_BPre7_NStem	NStem_VRoot_NStem_VRoot_NStem_NStem
esi_l_u_ncedo	RelConc7_CopPre_NPrePre11_BPre11_NStem	RelConc7_CopPre_NPrePre11_NStem	RelConc7_CopPre_NPrePre11_BPre11_NStem	NStem_NStem_NStem_NStem
e_ku_qond_e_ni	LocPre_NPrePre15_BPre15_VRoot_VerbTerm_LocSuf	LocPre_BPre15_VRoot_VerbTerm_VerbTerm	LocPre_NPrePre15_BPre15_VRoot_VerbTerm_LocSuf	NStem_NStem_NStem_NStem_NStem
i_im_funo	NPrePre10_BPre10_NStem	NPrePre10_BPre10_NStem	NPrePre10_BPre10_NStem	PUNC_NStem_NStem
za_ba_hlali	PossConc10_NPrePre2_BPre2_NStem	PossConc10_BPre2_NStem	PossConc10_NPrePre2_BPre2_NStem	VRoot_NStem_VRoot
.	Punc	PUNC	Punc	PUNC
A_zi	VRoot_VerbTerm	SC6_EnumConc10	VRoot_VerbTerm	NStem_NStem
ngo_phuhliso	AdvPre_NPrePre11_BPre11_NStem	AdvPre_BPre11	AdvPre_NPrePre11_BPre11_NStem	NStem_NStem
kwa_ba_nye	LocPre_AdjPref2_AdjStem	PossConc15_AdjPref2_AdjStem	LocPre_AdjPref2_AdjStem	NStem_NStem_NStem
oo_masipala	NPrePre2a_NStem	NPrePre2a_NStem	NPrePre2a_NStem	NStem_NStem
_	Punc		Punc	
ba_fund_e	SC2_VRoot_VerbTerm	SC2_VRoot_VerbTerm	SC2_VRoot_VerbTerm	NStem_NStem_NStem
kw_i_im_bono	LocPre_NPrePre10_BPre10_NStem	LocPre_NPrePre10_BPre10_NStem	LocPre_NPrePre10_BPre10_NStem	NStem_NStem_NStem_NStem
na_ma_va	AdvPre_NPrePre6_BPre6_NStem	AdvPre_BPre6_NStem	AdvPre_NPrePre6_BPre6_NStem	NStem_NStem_NStem
abo	PossConc6_PronStem2	CDEM02	PossConc6_PronStem2	PUNC
.	Punc	PUNC	Punc	PUNC
Kodwa	Conj	Conj	Conj	PUNC
u_rhwebo	NPrePre11_NStem	NPrePre11_NStem	NPrePre11_NStem	NStem_NStem
lwa_ma_zwe	PossConc11_NPrePre6_BPre6_NStem	PossConc11_BPre6_NStem	PossConc11_NPrePre6_BPre6_NStem	NStem_NStem_NStem
nga_ma_zwe	AdvPre_NPrePre6_BPre6_NStem	AdvPre_BPre6_NStem	AdvPre_NPrePre6_BPre6_NStem	NStem_NStem_NStem
na_lo	AdvPre_PronStem11	AdvPre_PronStem5	AdvPre_PronStem11	Conj_PUNC
lu_be	CopPre_Cop	SC11_Cop	CopPre_Cop	NStem_NStem
ne_galelo	CopPre_NPrePre5_BPre5_NStem	AdvPre_BPre5	CopPre_NPrePre5_BPre5_NStem	NStem_NStem
ku_m_ngcipheko	LocPre_NPrePre3_BPre3_NStem	LocPre_BPre3_NStem	LocPre_NPrePre3_BPre3_NStem	NStem_NStem_NStem
o_phakam_il_e_yo	RelConc3_VRoot_Perf_VerbTerm_RelSuf	RelConc3_VRoot_Perf_VerbTerm_RelSuf	RelConc3_VRoot_Perf_VerbTerm_RelSuf	NStem_NStem_NStem_NStem_NStem
no_bu_nzulu	AdvPre_NPrePre14_BPre14_NStem	AdvPre_BPre14_NStem	AdvPre_NPrePre14_BPre14_NStem	NStem_NStem_NStem
kw_i_mi_cimbi	LocPre_NPrePre4_BPre4_NStem	LocPre_NPrePre4_BPre4_NStem	LocPre_NPrePre4_BPre4_NStem	NStem_NStem_NStem_NStem
ye_hlabathi	PossConc4_NPrePre5_BPre5_NStem	PossConc9_BPre5	PossConc4_NPrePre5_BPre5_NStem	NStem_NStem
_	Punc		Punc	
u_ku_sukel_a	NPrePre15_BPre15_VRoot_VerbTerm	NPrePre15_BPre15_VRoot_VerbTerm	NPrePre15_BPre15_VRoot_VerbTerm	NStem_NStem_NStem_NStem
ku_bu_ntshaphantshapha	LocPre_NPrePre14_BPre14_NStem	LocPre_BPre14_NStem	LocPre_NPrePre14_BPre14_NStem	VRoot_VRoot_VRoot
be_shishini	PossConc14_NPrePre5_BPre5_NStem	PossConc14_BPre5	PossConc14_NPrePre5_BPre5_NStem	NStem_NStem
l_e_ze_zi_mali	PossConc5_RelConc8_PossConc8_NPrePre10_BPre10_NStem	PossConc5_RelConc8_PossConc8_BPre10_NStem	PossConc5_RelConc8_PossConc8_NPrePre10_BPre10_NStem	NStem_PUNC_PUNC_NStem_NStem
,	Punc	PUNC	Punc	PUNC
u_ku_ya	NPrePre15_BPre15_VRoot_VerbTerm	NPrePre15_BPre15_Fut	NPrePre15_BPre15_VRoot_VerbTerm	PUNC_PUNC_PUNC
kw_i_m_fuduko	LocPre_NPrePre9_BPre9_NStem	LocPre_NPrePre9_BPre9_NStem	LocPre_NPrePre9_BPre9_NStem	NStem_NStem_NStem_NStem
ya_ba_ntu	PossConc9_NPrePre2_BPre2_NStem	PossConc9_BPre2_NStem	PossConc9_NPrePre2_BPre2_NStem	NStem_NStem_NStem
aba_ne_za_khono	RelConc2_CopPre_NPrePre8_BPre8_NStem	RelConc2_CopPre_BPre8_NStem	RelConc2_CopPre_NPrePre8_BPre8_NStem	NStem_NStem_NStem_NStem
u_ku_suk_a	NPrePre15_BPre15_VRoot_VerbTerm	NPrePre15_BPre15_VRoot_VerbTerm	NPrePre15_BPre15_VRoot_VerbTerm	NStem_NStem_NStem_NStem
ku_ma_zwe	LocPre_NPrePre6_BPre6_NStem	LocPre_BPre6_NStem	LocPre_NPrePre6_BPre6_NStem	PUNC_PUNC_PUNC
a_sa_hlum_a_yo	RelConc6_Pro_VRoot_VerbTerm_RelSuf	RelConc6_Pro_VRoot_VerbTerm_RelSuf	RelConc6_Pro_VRoot_VerbTerm_RelSuf	NStem_NStem_VRoot_NStem_NStem
,	Punc	PUNC	Punc	PUNC
u_ku_ya	NPrePre15_BPre15_VRoot_VerbTerm	NPrePre15_BPre15_Fut	NPrePre15_BPre15_VRoot_VerbTerm	PUNC_PUNC_PUNC
e_ku_tshintsh_w_e_ni	LocPre_NPrePre15_BPre15_VRoot_PassExt_VerbTerm_LocSuf	LocPre_BPre15_VRoot_PassExt_VerbTerm_VerbTerm	LocPre_NPrePre15_BPre15_VRoot_PassExt_VerbTerm_LocSuf	VRoot_VRoot_VRoot_VRoot_VRoot_VRoot
ko_nxulumano	PossConc15_NPrePre11_BPre11_NStem	PossConc15_BPre11	PossConc15_NPrePre11_BPre11_NStem	NStem_NStem
lwa_ma_ndla	PossConc11_NPrePre6_BPre6_NStem	PossConc11_BPre6_NStem	PossConc11_NPrePre6_BPre6_NStem	NStem_NStem_NStem
phakathi	Adv	Adv	Adv	PUNC
ko_rhulumente	BPre5_PossKA_NStem	PossConc15_NStem	BPre5_PossKA_NStem	NStem_NStem
n_e_ze_zi_mali	AdvPre_RelConc8_PossConc8_NPrePre10_BPre10_NStem	AdvPre_RelConc8_PossConc8_BPre10_NStem	AdvPre_RelConc8_PossConc8_NPrePre10_BPre10_NStem	NStem_NStem_NStem_NStem_NStem
.	Punc	PUNC	Punc	PUNC
Ngenxa	Conj	Adv	Conj	NStem
y_ezi	PossConc9_Dem10_Pos1	PossConc9_CDEM10	PossConc9_Dem10_Pos1	PUNC_PUNC
patheni	NStem	Interrog	NStem	PUNC
,	Punc	PUNC	Punc	PUNC
u_ku_thoth_a	NPrePre15_BPre15_VRoot_VerbTerm	NPrePre15_BPre15_VRoot_VerbTerm	NPrePre15_BPre15_VRoot_VerbTerm	NStem_NStem_NStem_NStem
kw_a_kutsha	AdvPre_AdvPre_AdjStem	LocPre_Past_BPre5	AdvPre_AdvPre_AdjStem	NStem_NStem_NStem
nje	Adv	Adv	Adv	PUNC
ku_qoqosho	LocPre_NPrePre11_BPre11_NStem	LocPre_BPre11	LocPre_NPrePre11_BPre11_NStem	NStem_NStem
ku_ma_zwe	LocPre_NPrePre6_BPre6_NStem	LocPre_BPre6_NStem	LocPre_NPrePre6_BPre6_NStem	NStem_NStem_NStem
a_sa_hlum_a_yo	RelConc6_Pro_VRoot_VerbTerm_RelSuf	RelConc6_Pro_VRoot_VerbTerm_RelSuf	RelConc6_Pro_VRoot_VerbTerm_RelSuf	VRoot_NStem_NStem_NStem_VRoot
ku_bangel_a	SC15_VRoot_VerbTerm	SC15_VRoot_VerbTerm	SC15_VRoot_VerbTerm	NStem_NStem_NStem
u_m_ngcipheko	NPrePre3_BPre3_NStem	NPrePre3_BPre3_NStem	NPrePre3_BPre3_NStem	NStem_VRoot_NStem
o_bon_akal_a_yo	RelConc3_VRoot_NeutExt_VerbTerm_RelSuf	RelConc3_VRoot_NeutExt_VerbTerm_RelSuf	RelConc3_VRoot_NeutExt_VerbTerm_RelSuf	VRoot_NStem_NStem_VRoot_NStem
ku_ma_zwe	LocPre_NPrePre6_BPre6_NStem	LocPre_BPre6_NStem	LocPre_NPrePre6_BPre6_NStem	NStem_NStem_NStem
a_sa_hlum_a_yo	RelConc6_Pro_VRoot_VerbTerm_RelSuf	RelConc6_Pro_VRoot_VerbTerm_RelSuf	RelConc6_Pro_VRoot_VerbTerm_RelSuf	VRoot_NStem_NStem_NStem_VRoot
.	Punc	PUNC	Punc	PUNC
U_ku_bek_a	NPrePre15_BPre15_VRoot_VerbTerm	NPrePre15_BPre15_VRoot_VerbTerm	NPrePre15_BPre15_VRoot_VerbTerm	NStem_NStem_NStem_NStem
i_li_so	NPrePre5_BPre5_NStem	NPrePre5_BPre5_NStem	NPrePre5_BPre5_NStem	NStem_PUNC_NStem
ne_mi_linganiselo	AdvPre_NPrePre4_BPre4_NStem	AdvPre_BPre4_NStem	AdvPre_NPrePre4_BPre4_NStem	NStem_NStem_NStem
yo_m_sebenzi	PossConc4_NPrePre3_BPre3_NStem	PossConc4_BPre3_NStem	PossConc4_NPrePre3_BPre3_NStem	NStem_NStem_NStem
.	Punc	PUNC	Punc	PUNC
Qwalasel_a	VRoot_VerbTerm	VRoot_VerbTerm	VRoot_VerbTerm	NStem_NStem
le	Dem4_Pos1	CDEM09	Dem4_Pos1	PUNC
mi_buzo	BPre4_NStem	BPre4_NStem	BPre4_NStem	NStem_NStem
i_landel_a_yo	RelConc4_VRoot_VerbTerm_RelSuf	RelConc9_VRoot_VerbTerm_RelSuf	RelConc4_VRoot_VerbTerm_RelSuf	NStem_NStem_NStem_NStem
.	Punc	PUNC	Punc	PUNC
Kwa_khona	AdvPre_Adv	AdvPre_Adv	AdvPre_Adv	NStem_NStem
ku_balulek_ile	SC15_VRoot_Perf_VerbTerm	SC15_VRoot_Perf	SC15_VRoot_Perf_VerbTerm	NStem_NStem_NStem
u_ku_qinisek_is_a	NPrePre15_BPre15_VRoot_CausExt_VerbTerm	NPrePre15_BPre15_VRoot_CausExt_VerbTerm	NPrePre15_BPre15_VRoot_CausExt_VerbTerm	VRoot_NStem_VRoot_VRoot_NStem
u_kuba	Conj	SC1_Conj	Conj	PUNC_PUNC
aba_ntu	NPrePre2_BPre2_NStem	RelConc2_NStem	NPrePre2_BPre2_NStem	NStem_NStem
aba_bo_dwa	RelConc2_QuantConc2_QuantStem	RelConc2_QuantConc2_QuantStem	RelConc2_QuantConc2_QuantStem	NStem_NStem_NStem
ba_no_xanduva	CopPre_AdvPre_NPrePre11_BPre11_NStem	CopPre_CopPre_BPre11	CopPre_AdvPre_NPrePre11_BPre11_NStem	NStem_NStem_NStem
lo_ku_lungis_a	PossConc11_NPrePre15_BPre15_VRoot_VerbTerm	PossConc5_BPre15_VRoot_VerbTerm	PossConc11_NPrePre15_BPre15_VRoot_VerbTerm	NStem_NStem_NStem_NStem
esi	Dem7_Pos1	CDEM07	Dem7_Pos1	PUNC
si_cwangciso	BPre7_NStem	BPre7_NStem	BPre7_NStem	NStem_NStem
u_ku_thintel_a	NPrePre15_BPre15_VRoot_VerbTerm	NPrePre15_BPre15_VRoot_VerbTerm	NPrePre15_BPre15_VRoot_VerbTerm	NStem_NStem_NStem_NStem
i_meko	NPrePre9_NStem	NPrePre9_NStem	NPrePre9_NStem	PUNC_PUNC
a_pho	Dem16_Pos2	PossConc6_PossPron	Dem16_Pos2	PUNC_PUNC
ku_nge_kho	CopPre_NegPre_Adv	CopPre_NegPre_Adv	CopPre_NegPre_Adv	NStem_NStem_NStem
na_m_nye	AdvPre_AdjPref1_AdjStem	AdvPre_AdjPref1_AdjStem	AdvPre_AdjPref1_AdjStem	PUNC_PUNC_NStem
o_thath_a	RelConc1_VRoot_VerbTerm	RelConc1_VRoot_VerbTerm	RelConc1_VRoot_VerbTerm	NStem_NStem_NStem
u_xanduva	NPrePre11_NStem	NPrePre11_NStem	NPrePre11_NStem	NStem_NStem
olu_ngqal_il_e_yo	RelConc11_VRoot_Perf_VerbTerm_RelSuf	RelConc11_VRoot_Perf_VerbTerm_RelSuf	RelConc11_VRoot_Perf_VerbTerm_RelSuf	NStem_NStem_NStem_NStem_NStem
ngo_ku_lungisel_el_a	AdvPre_NPrePre15_BPre15_VRoot_ApplExt_ApplExt_VerbTerm	AdvPre_BPre15_VRoot_ApplExt_VerbTerm	AdvPre_NPrePre15_BPre15_VRoot_ApplExt_ApplExt_VerbTerm	VRoot_VRoot_VRoot_VRoot_VRoot
eso	Dem7_Pos2	CDEM07	Dem7_Pos2	PUNC
si_cwangciso	BPre7_NStem	BPre7_NStem	BPre7_NStem	NStem_NStem
.	Punc	PUNC	Punc	PUNC
U_k_omelez_a	NPrePre15_BPre15_VRoot_VerbTerm	NPrePre15_BPre15_VRoot_VerbTerm	NPrePre15_BPre15_VRoot_VerbTerm	NStem_NStem_NStem_NStem
i_in_konzo	NPrePre10_BPre10_NStem	NPrePre10_BPre10_NStem	NPrePre10_BPre10_NStem	NStem_NStem_NStem
ezi_ng_u_ndoqo	RelConc10_CopPre_NPrePre1a_NStem	RelConc10_CopPre_NPrePre1a_NStem	RelConc10_CopPre_NPrePre1a_NStem	NStem_NStem_NStem_NStem
zo_khathalelo	PossConc10_NPrePre11_NStem	PossConc10_NStem	PossConc10_NPrePre11_NStem	NStem_NStem
lwe_m_pilo	PossConc11_NPrePre9_BPre9_NStem	PossConc11_BPre9_NStem	PossConc11_NPrePre9_BPre9_NStem	NStem_NStem_NStem
no_kw_and_is_a	AdvPre_NPrePre15_BPre15_VRoot_CausExt_VerbTerm	AdvPre_BPre15_VRoot_CausExt_VerbTerm	AdvPre_NPrePre15_BPre15_VRoot_CausExt_VerbTerm	NStem_NStem_NStem_NStem_NStem
i_in_kqubo	NPrePre10_BPre10_NStem	NPrePre10_BPre10_NStem	NPrePre10_BPre10_NStem	NStem_NStem_NStem
ze_m_pilo	PossConc10_NPrePre9_BPre9_NStem	PossConc10_BPre9_NStem	PossConc10_NPrePre9_BPre9_NStem	NStem_NStem_NStem
ezi_sek_el_w_e	RelConc10_VRoot_ApplExt_PassExt_VerbTerm	RelConc10_VRoot_ApplExt_PassExt_VerbTerm	RelConc10_VRoot_ApplExt_PassExt_VerbTerm	NStem_NStem_NStem_NStem_NStem
kw_i_mi_mandla	LocPre_NPrePre4_BPre4_NStem	LocPre_NPrePre4_BPre4_NStem	LocPre_NPrePre4_BPre4_NStem	NStem_NStem_NStem_VRoot
,	Punc	PUNC	Punc	PUNC
ezi_fan_a	RelConc8_VRoot_VerbTerm	RelConc10_VRoot_VerbTerm	RelConc8_VRoot_VerbTerm	NStem_NStem_NStem
ne_e_n_kqubo	AdvPre_NPrePre10_BPre10_NStem	AdvPre_NPrePre9_BPre9_NStem	AdvPre_NPrePre10_BPre10_NStem	NStem_NStem_NStem_NStem
zo_m_sebenzi	PossConc10_NPrePre3_BPre3_NStem	PossConc10_BPre3_NStem	PossConc10_NPrePre3_BPre3_NStem	NStem_NStem_NStem
we_m_pilo	PossConc3_NPrePre9_BPre9_NStem	PossConc3_BPre9_NStem	PossConc3_NPrePre9_BPre9_NStem	NStem_NStem_NStem
yo_lu_ntu	PossConc9_NPrePre11_BPre11_NStem	PossConc9_BPre11_NStem	PossConc9_NPrePre11_BPre11_NStem	NStem_NStem_NStem
n_e_y_a_ba_b_el_ekisi	AdvPre_RelConc9_PossConc9_NPrePre2_BPre2_NStem	AdvPre_RelConc9_PossConc9_NPrePre2_BPre2_CopPre_ApplExt_NStem	AdvPre_RelConc9_PossConc9_NPrePre2_BPre2_NStem	NStem_VRoot_NStem_VRoot_VRoot_VRoot_VRoot_NStem
,	Punc	PUNC	Punc	PUNC
ne_m_fundo	AdvPre_NPrePre9_BPre9_NStem	AdvPre_BPre9_NStem	AdvPre_NPrePre9_BPre9_NStem	NStem_NStem_NStem
nge_ze_m_pilo	AdvPre_RelConc8_PossConc8_NPrePre9_BPre9_NStem	AdvPre_PossConc8_BPre9_NStem	AdvPre_RelConc8_PossConc8_NPrePre9_BPre9_NStem	NStem_NStem_NStem_NStem
.	Punc	PUNC	Punc	PUNC
U_m_lamli	NPrePre1_BPre3_NStem	NPrePre1_BPre1_NStem	NPrePre1_BPre3_NStem	NStem_NStem_NStem
u_fanel_e	SC1_VRoot_VerbTerm	SC2ps_VRoot_VerbTerm	SC1_VRoot_VerbTerm	NStem_NStem_NStem
u_ku_hlalutya	NPrePre15_BPre15_VRoot_VerbTerm	NPrePre15_BPre15_NStem	NPrePre15_BPre15_VRoot_VerbTerm	NStem_NStem_NStem
i_m_pikiswano	NPrePre9_BPre9_NStem	NPrePre9_BPre9_NStem	NPrePre9_BPre9_NStem	NStem_NStem_NStem
.	Punc	PUNC	Punc	PUNC
I_Komiti	NPrePre9_NStem	NPrePre9_NStem	NPrePre9_NStem	PUNC_PUNC
ye_Wadi	PossConc9_NPrePre9_NStem	PossConc9_NStem	PossConc9_NPrePre9_NStem	NStem_NStem
na_ba_nye	AdvPre_AdjPref2_AdjStem	AdvPre_AdjPref2_AdjStem	AdvPre_AdjPref2_AdjStem	NStem_NStem_NStem
aba_ntu	NPrePre2_BPre2_NStem	RelConc2_NStem	NPrePre2_BPre2_NStem	PUNC_PUNC
aba_no_ku_bandakany_ek_a	RelConc2_AdvPre_NPrePre15_BPre15_VRoot_VerbTerm	RelConc2_AdvPre_BPre15_VRoot_NeutExt_VerbTerm	RelConc2_AdvPre_NPrePre15_BPre15_VRoot_VerbTerm	VRoot_VRoot_VRoot_VRoot_NStem_VRoot
kw_i_m_pumezo	LocPre_NPrePre9_BPre9_NStem	LocPre_NPrePre9_BPre9_NStem	LocPre_NPrePre9_BPre9_NStem	NStem_NStem_NStem_NStem
,	Punc	PUNC	Punc	PUNC
ku_quk_a	SC15_VRoot_VerbTerm	SC15_VRoot_VerbTerm	SC15_VRoot_VerbTerm	NStem_NStem_NStem
u_m_meli	NPrePre1_BPre1_NStem	NPrePre1_BPre1_NStem	NPrePre1_BPre1_NStem	PUNC_PUNC_PUNC
nge_n_jongo	AdvPre_NPrePre9_BPre9_NStem	AdvPre_BPre9_NStem	AdvPre_NPrePre9_BPre9_NStem	NStem_NStem_NStem
nga_nye	AdvPre_EnumStem	AdvPre_EnumStem	AdvPre_EnumStem	NStem_NStem
e_vel_a	RelConc9_VRoot_VerbTerm	RelConc9_VRoot_VerbTerm	RelConc9_VRoot_VerbTerm	NStem_NStem_NStem
kw_i_in_tlanganiso	LocPre_NPrePre10_BPre10_NStem	LocPre_NPrePre10_BPre10_NStem	LocPre_NPrePre10_BPre10_NStem	VRoot_VRoot_VRoot_VRoot
za_ma_qela	PossConc10_NPre6_BPre6_NStem	PossConc10_BPre6_NStem	PossConc10_NPre6_BPre6_NStem	NStem_NStem_NStem
a_sebenzyo	SC6_VRoot_VerbTerm_RelSuf	PossConc6_NStem	SC6_VRoot_VerbTerm_RelSuf	NStem_NStem
kw_i_i_yure	LocPre_NPrePre10_BPre10_NStem	LocPre_NPrePre10_BPre10_NStem	LocPre_NPrePre10_BPre10_NStem	NStem_NStem_NStem_NStem
ezim_bini	AdjPref10_AdjStem	AdjPref10_AdjStem	AdjPref10_AdjStem	NStem_NStem
ngo_ku_sebenz_is_a	AdvPre_NPrePre15_BPre15_VRoot_CausExt_VerbTerm	AdvPre_BPre15_VRoot_CausExt_VerbTerm	AdvPre_NPrePre15_BPre15_VRoot_CausExt_VerbTerm	VRoot_VRoot_VRoot_VRoot_VRoot
u_thungelwano	NPrePre11_NStem	NPrePre11_NStem	NPrePre11_NStem	NStem_NStem
u_kw_enz_el_a	NPrePre15_BPre15_VRoot_ApplExt_VerbTerm	NPrePre15_BPre15_VRoot_ApplExt_VerbTerm	NPrePre15_BPre15_VRoot_ApplExt_VerbTerm	VRoot_VRoot_VRoot_NStem_NStem
i_si_cwangciso	NPrePre7_BPre7_NStem	NPrePre7_BPre7_NStem	NPrePre7_BPre7_NStem	NStem_NStem_NStem
sa_ma_nyathelo	PossConc7_NPrePre6_BPre6_NStem	PossConc7_BPre6_NStem	PossConc7_NPrePre6_BPre6_NStem	VRoot_VRoot_NStem
oku_ba_nced_a	RelConc6_NPrePre15_BPre15_OC2_VRoot_VerbTerm	RelConc15_OC2_VRoot_VerbTerm	RelConc6_NPrePre15_BPre15_OC2_VRoot_VerbTerm	NStem_NStem_NStem_NStem
.	Punc	PUNC	Punc	NStem
U_ku_thath_a	NPrePre15_BPre15_VRoot_VerbTerm	NPrePre15_BPre15_VRoot_VerbTerm	NPrePre15_BPre15_VRoot_VerbTerm	NStem_NStem_NStem_VRoot
i_n_xaxheba	NPrePre9_BPre9_NStem	NPrePre9_BPre9_NStem	NPrePre9_BPre9_NStem	PUNC_PUNC_PUNC
oku_m_is_w_e	RelConc15_Intrans_CausExt_PassExt_VerbTerm	RelConc15_VRoot_CausExt_PassExt_VerbTerm	RelConc15_Intrans_CausExt_PassExt_VerbTerm	NStem_NStem_NStem_NStem_NStem
nge_n_dlel_a	AdvPre_NPrePre9_BPre9_NStem	AdvPre_BPre9_VRoot_VerbTerm	AdvPre_NPrePre9_BPre9_NStem	NStem_NStem_NStem_NStem
e_th_ile	RelConc9_VRoot_Perf	RelConc9_VRoot_Perf	RelConc9_VRoot_Perf	PUNC_PUNC_PUNC
:	Punc	PUNC	Punc	PUNC
U_ninzi	NPrePre11_NStem	NPrePre11_NStem	NPrePre11_NStem	PUNC_PUNC
l_oo_masipala	PossConc11_NPrePre2a_NStem	PossConc11_NPrePre2a_NStem	PossConc11_NPrePre2a_NStem	NStem_NStem_NStem
aba_tsha	AdjPref2_AdjStem	AdjPref2_AdjStem	AdjPref2_AdjStem	NStem_NStem
ba_khulu	CopPre_AdjStem	CopPre_AdjStem	CopPre_AdjStem	NStem_NStem
ka_khulu	AdvPre_AdjStem	AdvPre_AdjStem	AdvPre_AdjStem	NStem_NStem
ng_oko_m_linganiselo	AdvPre_AdvPre_NPrePre3_BPre3_NStem	AdvPre_AdvPre_BPre3_NStem	AdvPre_AdvPre_NPrePre3_BPre3_NStem	VRoot_NStem_VRoot_NStem
we_nani	PossConc3_NPrePre5_BPre5_NStem	PossConc3_BPre5	PossConc3_NPrePre5_BPre5_NStem	NStem_NStem
la_ba_ntu	PossConc5_NPrePre2_BPre2_NStem	PossConc5_BPre2_NStem	PossConc5_NPrePre2_BPre2_NStem	NStem_NStem_NStem
no_m_mandla	AdvPre_NPrePre3_BPre3_NStem	AdvPre_BPre3_NStem	AdvPre_NPrePre3_BPre3_NStem	NStem_NStem_NStem
e_ku_vum_el_e_ni	LocPre_NPrePre15_BPre15_VRoot_ApplExt_VerbTerm_LocSuf	LocPre_BPre15_VRoot_ApplExt_VerbTerm_VerbTerm	LocPre_NPrePre15_BPre15_VRoot_ApplExt_VerbTerm_LocSuf	VRoot_VRoot_NStem_VRoot_VRoot_NStem
u_ku_thath_a	NPrePre15_BPre15_VRoot_VerbTerm	NPrePre15_BPre15_VRoot_VerbTerm	NPrePre15_BPre15_VRoot_VerbTerm	NStem_NStem_NStem_NStem
i_n_xaxheba	NPrePre9_BPre9_NStem	NPrePre9_BPre9_NStem	NPrePre9_BPre9_NStem	NStem_NStem_NStem
oku_th_e	RelConc15_VRoot_VerbTerm	RelConc15_VRoot_VerbTerm	RelConc15_VRoot_VerbTerm	NStem_NStem_NStem
ngqo	Ideoph	Ideoph	Ideoph	PUNC
ku_ninzi	LocPre_AdjStem	LocPre_AdjStem	LocPre_AdjStem	PUNC_PUNC
lwa_ba_hlali	PossConc11_BPre2_NStem	PossConc11_BPre2_NStem	PossConc11_BPre2_NStem	VRoot_VRoot_VRoot
kw_i_in_kqubo	LocPre_NPrePre10_BPre10_NStem	LocPre_NPrePre10_BPre10_NStem	LocPre_NPrePre10_BPre10_NStem	VRoot_NStem_NStem_VRoot
ezi_banzi	RelConc10_RelStem	RelConc10_RelStem	RelConc10_RelStem	NStem_NStem
zo_cwangciso	PossConc10_NPrePre11_NStem	PossConc10_BPre11	PossConc10_NPrePre11_NStem	NStem_VRoot
.	Punc	PUNC	Punc	NStem
U_ku_thath_a	NPrePre15_BPre15_VRoot_VerbTerm	NPrePre15_BPre15_VRoot_VerbTerm	NPrePre15_BPre15_VRoot_VerbTerm	NStem_NStem_NStem_NStem
i_n_xaxheba	NPrePre9_BPre9_NStem	NPrePre9_BPre9_NStem	NPrePre9_BPre9_NStem	NStem_NStem_VRoot
kw_i_si_cwangciso	LocPre_NPrePre7_BPre7_NStem	LocPre_NPrePre7_BPre7_NStem	LocPre_NPrePre7_BPre7_NStem	NStem_NStem_NStem_NStem
so_phuhliso	PossConc7_NPrePre11_BPre11_NStem	PossConc7_BPre11	PossConc7_NPrePre11_BPre11_NStem	NStem_NStem
olu_many_an_is_iw_e_yo	RelConc11_VRoot_RecipExt_CausExt_PassExt_VerbTerm_RelSuf	RelConc11_VRoot_RecipExt_CausExt_PassExt_VerbTerm_RelSuf	RelConc11_VRoot_RecipExt_CausExt_PassExt_VerbTerm_RelSuf	NStem_VRoot_VRoot_NStem_VRoot_NStem_NStem
ke	Conj	Conj	Conj	Conj
ng_oko	AdvPre_Dem15_Pos2	AdvPre_Adv	AdvPre_Dem15_Pos2	PUNC_PUNC
ku_fun_a	SC15_VRoot_VerbTerm	SC15_VRoot_VerbTerm	SC15_VRoot_VerbTerm	NStem_NStem_NStem
i_mi_thetho	NPrePre4_BPre4_NStem	NPrePre4_BPre4_NStem	NPrePre4_BPre4_NStem	NStem_NStem_NStem
e_cac_il_e_yo	RelConc4_VRoot_Perf_VerbTerm_RelSuf	RelConc4_VRoot_Perf_VerbTerm_RelSuf	RelConc4_VRoot_Perf_VerbTerm_RelSuf	VRoot_VRoot_NStem_VRoot_VRoot
ne_e_n_kqubo	AdvPre_NPrePre10_BPre10_NStem	AdvPre_NPrePre9_BPre9_NStem	AdvPre_NPrePre10_BPre10_NStem	NStem_NStem_NStem_NStem
ezi_chaz_a	RelConc10_VRoot_VerbTerm	RelConc8_VRoot_VerbTerm	RelConc10_VRoot_VerbTerm	NStem_NStem_NStem
ng_oku_ko_dwa	AdvPre_RelConc15_QuantConc15_QuantStem	AdvPre_RelConc15_QuantConc15_QuantStem	AdvPre_RelConc15_QuantConc15_QuantStem	NStem_NStem_NStem_NStem
u_kuba	Conj	NPre15_Conj	Conj	Conj_PUNC
ng_u_bani	CopPre_NPrePre1a_Interrog	CopPre_NPrePre1a_Interrog	CopPre_NPrePre1a_Interrog	NStem_NStem_NStem
na	Interrog	Interrog	Interrog	PUNC
o_za	RelConc1a_AuxVStem	RelConc3_AuxVStem	RelConc1a_AuxVStem	PUNC_NStem
ku_thath_a	SC15_VRoot_VerbTerm	SC15_VRoot_VerbTerm	SC15_VRoot_VerbTerm	NStem_NStem_NStem
i_n_xaxheba	NPrePre9_BPre9_NStem	NPrePre9_BPre9_NStem	NPrePre9_BPre9_NStem	NStem_NStem_NStem
okanye	Conj	Conj	Conj	PUNC
e_ku_z_a	RelConc1a_SC15_AuxVStem	RelConc9_SC15_VRoot_VerbTerm	RelConc1a_SC15_AuxVStem	NStem_NStem_NStem_NStem
ku_cety_is_w_ana	SC15_VRoot_PassExt_RecipExt_VerbTerm	SC15_NStem_CausExt_PassExt_DimSuf	SC15_VRoot_PassExt_RecipExt_VerbTerm	NStem_NStem_NStem_NStem_NStem
na_ye	AdvPre_PronStem1	AdvPre_PronStem1	AdvPre_PronStem1	PUNC_PUNC
,	Punc	PUNC	Punc	PUNC
e_game_ni	LocPre_NPrePre5_BPre5_NStem_LocSuf	LocPre_BPre5_NStem	LocPre_NPrePre5_BPre5_NStem_LocSuf	PUNC_PUNC_PUNC
li_ka_bani	SC5_PossKA_Interrog	SC5_PossKA_Interrog	SC5_PossKA_Interrog	PUNC_PUNC_PUNC
,	Punc	PUNC	Punc	Conj
kowu_phi	LocPre_RelConc3_EnumConc3_EnumStem	PossConc15_EnumStem	LocPre_RelConc3_EnumConc3_EnumStem	NStem_NStem
u_m_ba	NPrePre3_BPre3_NStem	NPrePre3_BPre3_NStem	NPrePre3_BPre3_NStem	NStem_NStem_NStem
,	Punc	PUNC	Punc	PUNC
nge_yi_phi	AdvPre_RelConc9_EnumConc9_EnumStem	AdvPre_EnumConc9_EnumStem	AdvPre_RelConc9_EnumConc9_EnumStem	NStem_NStem_NStem
i_n_dlel_a	NPrePre9_BPre9_NStem	NPrePre9_BPre9_VRoot_VerbTerm	NPrePre9_BPre9_NStem	NStem_NStem_NStem_NStem
yo_m_butho	PossConc9_NPrePre3_BPre3_NStem	PossConc9_BPre3_NStem	PossConc9_NPrePre3_BPre3_NStem	NStem_NStem_NStem
,	Punc	PUNC	Punc	PUNC
nge_si_phi	AdvPre_RelConc9_EnumConc7_EnumStem	AdvPre_EnumConc7_EnumStem	AdvPre_RelConc9_EnumConc7_EnumStem	NStem_NStem_NStem
i_si_phumo	NPrePre7_BPre7_NStem	NPrePre7_BPre7_NStem	NPrePre7_BPre7_NStem	NStem_NStem_NStem
.	Punc	PUNC	Punc	PUNC
U_m_gaqo__si_se_ko	NPrePre3_BPre3_NStem_BPre7_NStem	NPrePre3_BPre3_NStem_BPre7_Pro_PronStem15	NPrePre3_BPre3_NStem_BPre7_NStem	NStem_NStem_NStem_VRoot_VRoot_NStem
u_m_is_a	SC3_VRoot_CausExt_VerbTerm	SC3_VRoot_CausExt_VerbTerm	SC3_VRoot_CausExt_VerbTerm	NStem_NStem_NStem_NStem
i_im_funo	NPrePre10_BPre10_NStem	NPrePre10_BPre10_NStem	NPrePre10_BPre10_NStem	NStem_NStem_NStem
ezim_bini	AdjPref10_AdjStem	AdjPref10_AdjStem	AdjPref10_AdjStem	NStem_NStem
ezi_s_i_si_se_ko	RelConc10_CopPre_NPrePre7_BPre7_NStem	RelConc10_CopPre_NPrePre7_BPre7_NStem_PronStem15	RelConc10_CopPre_NPrePre7_BPre7_NStem	NStem_NStem_NStem_NStem_NStem_NStem
zo_kw_enz_iw_a	PossConc10_NPrePre15_BPre15_VRoot_PassExt_VerbTerm	PossConc10_BPre15_VRoot_PassExt_VerbTerm	PossConc10_NPrePre15_BPre15_VRoot_PassExt_VerbTerm	VRoot_VRoot_VRoot_VRoot_VRoot
k_o_wiso__m_thetho	PossConc15_NPrePre11_BPre11_NStem_BPre3_NStem	LocPre_PossConc6_NStem_NStem_BPre3	PossConc15_NPrePre11_BPre11_NStem_BPre3_NStem	VRoot_VRoot_VRoot_VRoot_VRoot
lu_ka_masipala	PossConc11_PossKA_NStem	PossConc11_PossKA_NStem	PossConc11_PossKA_NStem	NStem_NStem_NStem
.	Punc	PUNC	Punc	PUNC
Oko_ku_qal_a	AdvPre_NPrePre15_BPre15_VRoot_VerbTerm	AdvPre_BPre15_VRoot_VerbTerm	AdvPre_NPrePre15_BPre15_VRoot_VerbTerm	NStem_NStem_NStem_NStem
,	Punc	PUNC	Punc	PUNC
u_m_thetho	NPrePre3_BPre3_NStem	NPrePre3_BPre3_NStem	NPrePre3_BPre3_NStem	NStem_NStem_NStem
o_yil_w_a_yo	RelConc3_VRoot_PassExt_VerbTerm_RelSuf	RelConc3_VRoot_PassExt_VerbTerm_RelSuf	RelConc3_VRoot_PassExt_VerbTerm_RelSuf	NStem_NStem_NStem_NStem_NStem
ku_funek_a	SC5_VRoot_VerbTerm	SC15_VRoot_VerbTerm	SC5_VRoot_VerbTerm	NStem_NStem_NStem
u_fuman_e	SC1_VRoot_VerbTerm	SC2ps_VRoot_VerbTerm	SC1_VRoot_VerbTerm	NStem_VRoot_VRoot
i_n_kxaso	NPrePre9_BPre9_NStem	NPrePre9_BPre9_NStem	NPrePre9_BPre9_NStem	NStem_NStem_NStem
ye_si_ninzi	PossConc9_NPrePre7_BPre7_AdjStem	PossConc9_BPre7_AdjStem	PossConc9_NPrePre7_BPre7_AdjStem	PUNC_PUNC_PUNC
sa_ma_lungu	PossConc7_NPrePre6_BPre6_NStem	PossConc7_BPre6_NStem	PossConc7_NPrePre6_BPre6_NStem	VRoot_NStem_NStem
e_bhunga	PossConc6_NPrePre5_BPre5_NStem	PossConc6_BPre5	PossConc6_NPrePre5_BPre5_NStem	NStem_NStem
e_wo_nke	RelConc6_QuantConc6_QuantStem	SC6_QuantConc6_QuantStem	RelConc6_QuantConc6_QuantStem	NStem_NStem_NStem
,	Punc	PUNC	Punc	PUNC
okwe_si_bini	AdvPre_NPrePre7_BPre7_AdjStem	AdvPre_BPre7_AdjStem	AdvPre_NPrePre7_BPre7_AdjStem	NStem_VRoot_NStem
,	Punc	PUNC	Punc	NStem
u_lu_ntu	NPrePre11_BPre11_NStem	NPrePre11_BPre11_NStem	NPrePre11_BPre11_NStem	PUNC_PUNC_PUNC
kw_i_mi_mandla	LocPre_NPrePre4_BPre4_NStem	LocPre_NPrePre4_BPre4_NStem	LocPre_NPrePre4_BPre4_NStem	NStem_NStem_NStem_NStem
ku_funek_a	SC15_VRoot_VerbTerm	SC15_VRoot_VerbTerm	SC15_VRoot_VerbTerm	NStem_NStem_NStem
lu_be	SC11_AuxVStem	CopPre_Cop	SC11_AuxVStem	PUNC_PUNC
lu_fumen_e	SC11_VRoot_VerbTerm	SC11_VRoot_VerbTerm	SC11_VRoot_VerbTerm	NStem_NStem_NStem
i_thuba	NPrePre5_BPre5_NStem	NPrePre5_NStem	NPrePre5_BPre5_NStem	PUNC_PUNC
lo_ku_phos_a	PossConc5_NPrePre15_BPre15_VRoot_VerbTerm	PossConc5_BPre15_VRoot_VerbTerm	PossConc5_NPrePre15_BPre15_VRoot_VerbTerm	NStem_NStem_NStem_NStem
i_galelo	NPrePre5_BPre5_NStem	NPrePre5_NStem	NPrePre5_BPre5_NStem	PUNC_PUNC
ng_oku_nxulumen_e	AdvPre_RelConc15_VRoot_VerbTerm	AdvPre_RelConc15_VRoot_VerbTerm	AdvPre_RelConc15_VRoot_VerbTerm	NStem_NStem_NStem_VRoot
no_m_thetho	AdvPre_NPrePre3_BPre3_NStem	AdvPre_BPre3_NStem	AdvPre_NPrePre3_BPre3_NStem	NStem_NStem_NStem
lowo	Dem3_Pos2	CDEM01	Dem3_Pos2	PUNC
o_yil_w_a_yo	RelConc3_VRoot_PassExt_VerbTerm_RelSuf	RelConc3_VRoot_PassExt_VerbTerm_RelSuf	RelConc3_VRoot_PassExt_VerbTerm_RelSuf	VRoot_NStem_NStem_NStem_NStem
.	Punc	PUNC	Punc	PUNC
I_z_akhiwo	NPrePre8_BPre8_NStem	NPrePre8_BPre8_NStem	NPrePre8_BPre8_NStem	NStem_NStem_NStem
e_s_e_zi_khona	RelConc8_Pro_CopPre_Adv	RelConc9_PreLocs_LocPre_CopPre_Adv	RelConc8_Pro_CopPre_Adv	NStem_NStem_NStem_NStem_NStem
kw_i_Wadi	LocPre_NPrePre9_NStem	LocPre_NPrePre9_NStem	LocPre_NPrePre9_NStem	NStem_NStem_NStem
zi_cel_w_a	SC8_VRoot_PassExt_VerbTerm	SC10_VRoot_PassExt_VerbTerm	SC8_VRoot_PassExt_VerbTerm	NStem_NStem_NStem_NStem
u_kuba	Conj	SC2ps_Conj	Conj	PUNC_PUNC
zi_thum_el_e	SC8_VRoot_VerbTerm	SC10_VRoot_ApplExt_VerbTerm	SC8_VRoot_VerbTerm	NStem_NStem_NStem_NStem
a_ma_gama	NPrePre6_BPre6_NStem	NPrePre6_BPre6_NStem	NPrePre6_BPre6_NStem	NStem_NStem_NStem
ez_iw_a_tyumbil_e_yo	RelConc10_OC6_VRoot_Perf_VerbTerm_RelSuf	RelConc10_PassExt_VerbTerm_VRoot_VerbTerm_RelSuf	RelConc10_OC6_VRoot_Perf_VerbTerm_RelSuf	VRoot_VRoot_VRoot_VRoot_VRoot_VRoot
e_n_tlanganisw_eni	LocPre_NPrePre9_BPre9_NStem_LocSuf	LocPre_BPre9_NStem_LocSuf	LocPre_NPrePre9_BPre9_NStem_LocSuf	VRoot_VRoot_VRoot_VRoot
a_pho	Dem16_Pos2	PossConc6_PossPron	Dem16_Pos2	NStem_PUNC
a_ma_gama	NPrePre6_BPre6_NStem	NPrePre6_BPre6_NStem	NPrePre6_BPre6_NStem	NStem_NStem_NStem
ku_funek_a	SC15_VRoot_VerbTerm	SC15_VRoot_VerbTerm	SC15_VRoot_VerbTerm	NStem_NStem_NStem
e_qinisek_is_w_e	SC6_VRoot_CausExt_PassExt_VerbTerm	RelConc9_VRoot_CausExt_PassExt_VerbTerm	SC6_VRoot_CausExt_PassExt_VerbTerm	VRoot_VRoot_VRoot_VRoot_VRoot
khona	Adv	Adv	Adv	PUNC
ng_a_ba_hlali	CopPre_NPrePre2_BPre2_NStem	CopPre_NPrePre2_BPre2_NStem	CopPre_NPrePre2_BPre2_NStem	NStem_NStem_NStem_NStem
be_Wadi	PossConc2_NPrePre9_NStem	PossConc2_NStem	PossConc2_NPrePre9_NStem	PUNC_PUNC
u_kuze	Conj	NPrePre15_AuxVStem	Conj	NStem_NStem
a_be	CopPre_Cop	CopPre_Cop	CopPre_Cop	PUNC_PUNC
y_i_n_xalenye	CopPre_NPrePre9_BPre9_NStem	CopPre_NPrePre9_BPre9_NStem	CopPre_NPrePre9_BPre9_NStem	NStem_NStem_NStem_NStem
ye_Komiti	PossConc9_NPrePre9_NStem	PossConc9_NStem	PossConc9_NPrePre9_NStem	NStem_PUNC
ye_Wadi	PossConc9_NPrePre9_NStem	PossConc9_NStem	PossConc9_NPrePre9_NStem	NStem_NStem
.	Punc	PUNC	Punc	NStem
Oo_manejala	NPre2a_NStem	NPrePre2a_NStem	NPre2a_NStem	NStem_NStem
be_bhunga	PossConc2_NPrePre5_NStem	PossConc2_NStem	PossConc2_NPrePre5_NStem	NStem_NStem
ba_fuman_a	SC2_VRoot_VerbTerm	SC2_VRoot_VerbTerm	SC2_VRoot_VerbTerm	NStem_NStem_NStem
i_in_gxelo	NPrePre10_BPre10_NStem	NPrePre10_BPre10_NStem	NPrePre10_BPre10_NStem	NStem_NStem_NStem
ezi_suk_a	RelConc10_VRoot_VerbTerm	RelConc8_VRoot_VerbTerm	RelConc10_VRoot_VerbTerm	NStem_NStem_NStem
kw_i_Yunithi	LocPre_NPrePre9_NStem	LocPre_NPrePre9_ProperName	LocPre_NPrePre9_NStem	NStem_PUNC_PUNC
yo_ku_Thath_a	PossConc9_NPrePre15_BPre15_VRoot_VerbTerm	PossConc9_BPre15_VRoot_VerbTerm	PossConc9_NPrePre15_BPre15_VRoot_VerbTerm	NStem_NStem_NStem_NStem
i_N_xaxheba	NPrePre9_BPre9_NStem	NPrePre9_BPre9_NStem	NPrePre9_BPre9_NStem	NStem_NStem_NStem
ko_Lu_ntu	PossConc15_NPrePre11_BPre11_NStem	PossConc15_BPre11_NStem	PossConc15_NPrePre11_BPre11_NStem	NStem_NStem_NStem
ze_nyathelo	PossConc10_NPrePre5_NStem	PossConc8_NStem	PossConc10_NPrePre5_NStem	NStem_NStem
lo_lawulo	PossConc5_NPrePre11_BPre11_NStem	PossConc11_BPre11	PossConc5_NPrePre11_BPre11_NStem	NStem_NStem
okanye	Conj	Conj	Conj	PUNC
ezi_za	RelConc10_AuxVStem	RelConc10_AuxVStem	RelConc10_AuxVStem	PUNC_PUNC
ku_qwalasel_w_a	SC15_VRoot_PassExt_VerbTerm	SC15_VRoot_PassExt_VerbTerm	SC15_VRoot_PassExt_VerbTerm	VRoot_VRoot_VRoot_VRoot
nga_ba_lawuli	CopPre_NPrePre2_BPre2_NStem	AdvPre_BPre2_NStem	CopPre_NPrePre2_BPre2_NStem	NStem_NStem_NStem
nga_phambi	AdvPre_Adv	AdvPre_Adv	AdvPre_Adv	NStem_NStem
ko_gqithiso	PossConc15_NPrePre11_NStem	PossConc15_NStem	PossConc15_NPrePre11_NStem	NStem_NStem
kw_i_komiti	LocPre_NPrePre9_NStem	LocPre_NPrePre9_NStem	LocPre_NPrePre9_NStem	NStem_NStem_NStem
ye_si_gqeba	PossConc9_NPrePre7_BPre7_NStem	PossConc9_BPre7_NStem	PossConc9_NPrePre7_BPre7_NStem	NStem_NStem_NStem
esi_lawul_a_yo	RelConc7_VRoot_VerbTerm_RelSuf	RelConc7_VRoot_VerbTerm_RelSuf	RelConc7_VRoot_VerbTerm_RelSuf	NStem_NStem_NStem_NStem
okanye	Conj	Conj	Conj	Conj
kw_i_komiti	LocPre_NPrePre9_NStem	LocPre_NPrePre9_NStem	LocPre_NPrePre9_NStem	NStem_NStem_NStem
kasi_bond_a	PossKA_BPre7_NStem	AdvPre_VRoot_VerbTerm	PossKA_BPre7_NStem	PUNC_PUNC_PUNC
ye_si_gqeba	PossConc9_NPrePre7_BPre7_NStem	PossConc9_BPre7_NStem	PossConc9_NPrePre7_BPre7_NStem	NStem_NStem_NStem
esi_lawul_a_yo	RelConc7_VRoot_VerbTerm_RelSuf	RelConc7_VRoot_VerbTerm_RelSuf	RelConc7_VRoot_VerbTerm_RelSuf	NStem_NStem_NStem_NStem
u_kuze	Conj	NPrePre15_NStem	Conj	NStem_NStem
kw_enz_iw_e	SC15_VRoot_PassExt_VerbTerm	SC15_VRoot_PassExt_VerbTerm	SC15_VRoot_PassExt_VerbTerm	NStem_VRoot_VRoot_VRoot
i_si_gqibo	NPrePre7_BPre7_NStem	NPrePre7_BPre7_NStem	NPrePre7_BPre7_NStem	NStem_NStem_NStem
se_zo_politiko	PossConc7_RelConc8_PossConc8_NPrePre11_BPre11_NStem	PossConc7_PossConc8_BPre11	PossConc7_RelConc8_PossConc8_NPrePre11_BPre11_NStem	NStem_PUNC_PUNC
.	Punc	PUNC	Punc	NStem
U_masipala	NPrePre1a_NStem	NPrePre1a_NStem	NPrePre1a_NStem	NStem_NStem
u_ceba	NPrePre1a_NStem	NPrePre1a_NStem	NPrePre1a_NStem	PUNC_PUNC
u_kw_akh_a	NPrePre15_BPre15_VRoot_VerbTerm	NPrePre15_BPre15_VRoot_VerbTerm	NPrePre15_BPre15_VRoot_VerbTerm	NStem_NStem_NStem_NStem
i_si_bhedlel_e	NPrePre7_BPre7_NStem	SC9_OC1pp_VRoot_VerbTerm	NPrePre7_BPre7_NStem	VRoot_NStem_VRoot_NStem
kw_i_wadi	LocPre_NPrePre9_NStem	LocPre_NPrePre9_NStem	LocPre_NPrePre9_NStem	NStem_NStem_NStem
ABC	Abbr	Abbr	Abbr	PUNC
.	Punc	PUNC	Punc	PUNC
Lo	Dem3_Pos1	CDEM03	Dem3_Pos1	PUNC
m_sebenzi	BPre3_NStem	BPre3_NStem	BPre3_NStem	PUNC_PUNC
u_nik_w_e	SC3_VRoot_PassExt_VerbTerm	SC3_VRoot_PassExt_VerbTerm	SC3_VRoot_PassExt_VerbTerm	NStem_NStem_NStem_NStem
u_m_cebisi	NPrePre1_BPre1_NStem	NPrePre1_BPre1_NStem	NPrePre1_BPre1_NStem	VRoot_NStem_VRoot
wa_nga_phandle	PossConc1_AdvPre_Adv	PossConc3_AdvPre_Adv	PossConc1_AdvPre_Adv	NStem_NStem_PUNC
u_kuba	Conj	SC2ps_Conj	Conj	PUNC_PUNC
a_fuman_e	SC1_VRoot_VerbTerm	SC6_VRoot_VerbTerm	SC1_VRoot_VerbTerm	NStem_NStem_NStem
u_lw_az_i	NPrePre11_BPre11_NStem	NPrePre11_BPre11_VRoot_VerbTerm	NPrePre11_BPre11_NStem	VRoot_NStem_NStem_NStem
nge_nani	AdvPre_NPrePre5_BPre5_NStem	AdvPre_BPre5	AdvPre_NPrePre5_BPre5_NStem	PUNC_PUNC
la_ba_ntu	PossConc5_NPrePre2_BPre2_NStem	PossConc5_BPre2_NStem	PossConc5_NPrePre2_BPre2_NStem	NStem_NStem_NStem
ba_le	PossConc2_Dem9_Pos1	SC2_CDEM09	PossConc2_Dem9_Pos1	PUNC_PUNC
wadi	NStem	NStem	NStem	PUNC
,	Punc	PUNC	Punc	PUNC
u_m_gangatho	NPrePre3_BPre3_NStem	NPrePre3_BPre3_NStem	NPrePre3_BPre3_NStem	PUNC_PUNC_PUNC
wa_ba_sebenz_a_yo	PossConc3_SC2_VRoot_VerbTerm_RelSuf	PossConc3_RelConc2_VRoot_VerbTerm_RelSuf	PossConc3_SC2_VRoot_VerbTerm_RelSuf	NStem_NStem_NStem_NStem_NStem
na_ba_nga_sebenz_i_yo	AdvPre_SC2_NegPre_VRoot_VerbTerm_RelSuf	AdvPre_RelConc2_NegPre_VRoot_VerbTerm_RelSuf	AdvPre_SC2_NegPre_VRoot_VerbTerm_RelSuf	VRoot_VRoot_VRoot_VRoot_VRoot_VRoot
,	Punc	PUNC	Punc	PUNC
i_nani	NPrePre5_BPre5_NStem	NPrePre5_NStem	NPrePre5_BPre5_NStem	PUNC_PUNC
la_ba_lu_phel_e_yo	PossConc5_RelConc2_VRoot_VerbTerm_RelSuf	PossConc5_RelConc2_OC11_VRoot_VerbTerm_RelSuf	PossConc5_RelConc2_VRoot_VerbTerm_RelSuf	VRoot_NStem_VRoot_VRoot_VRoot_VRoot
,	Punc	PUNC	Punc	PUNC
i_nani	NPrePre5_BPre5_NStem	NPrePre5_NStem	NPrePre5_BPre5_NStem	PUNC_PUNC
l_olu_tsha	PossConc5_NPrePre11_BPre11_AdjStem	CopPre_AdjPref11_AdjStem	PossConc5_NPrePre11_BPre11_AdjStem	NStem_NStem_NStem
,	Punc	PUNC	Punc	PUNC
i_nani	NPrePre5_BPre5_NStem	NPrePre5_NStem	NPrePre5_BPre5_NStem	NStem_NStem
la_ba_phil_a	PossConc5_RelConc2_VRoot_VerbTerm	PossConc5_OC2_VRoot_VerbTerm	PossConc5_RelConc2_VRoot_VerbTerm	NStem_NStem_NStem_NStem
ne_HIV	AdvPre_NPrePre9_Abbr	AdvPre_Abbr	AdvPre_NPrePre9_Abbr	PUNC_PUNC
no_gawul_a_yo	AdvPre_NPrePre1a_NStem	AdvPre_VRoot_VerbTerm_RelSuf	AdvPre_NPrePre1a_NStem	NStem_NStem_NStem_NStem
.	Punc	PUNC	Punc	PUNC
A_ba_katheth_an_i	NegPre_SC2_ExclNeg_VRoot_RecipExt_VerbTerm	NegPre_BPre2_VRoot_RecipExt_VerbTerm	NegPre_SC2_ExclNeg_VRoot_RecipExt_VerbTerm	NStem_NStem_NStem_NStem_NStem
na_ba_hlali	AdvPre_NPrePre2_BPre2_NStem	AdvPre_BPre2_NStem	AdvPre_NPrePre2_BPre2_NStem	NStem_NStem_NStem
u_ku_fuman_is_a	NPrePre15_BPre15_VRoot_VerbTerm	NPrePre15_BPre15_VRoot_CausExt_VerbTerm	NPrePre15_BPre15_VRoot_VerbTerm	NStem_NStem_NStem_NStem_NStem
u_kuba	Conj	SC2ps_Conj	Conj	PUNC_Conj
i_nga_ba	SC9_Interrog	SC9_Pot_Interrog	SC9_Interrog	NStem_NStem_NStem
i_wadi	NPrePre9_NStem	NPrePre9_NStem	NPrePre9_NStem	NStem_NStem
ABC	Abbr	Abbr	Abbr	PUNC
y_i_n_dawo	CopPre_NPrePre9_BPre9_NStem	CopPre_NPrePre9_BPre9_NStem	CopPre_NPrePre9_BPre9_NStem	NStem_NStem_VRoot_NStem
e_ngcono	RelConc9_RelStem	RelConc9_RelStem	RelConc9_RelStem	NStem_NStem
yo_kw_akh_a	PossConc9_NPrePre15_BPre15_VRoot_VerbTerm	PossConc9_BPre15_VRoot_VerbTerm	PossConc9_NPrePre15_BPre15_VRoot_VerbTerm	NStem_NStem_NStem_NStem
i_si_bhedlel_e	NPrePre7_BPre7_NStem	SC9_OC1pp_VRoot_VerbTerm	NPrePre7_BPre7_NStem	NStem_NStem_NStem_NStem
.	Punc	PUNC	Punc	NStem
U_ninzi	NPrePre11_NStem	NPrePre11_NStem	NPrePre11_NStem	NStem_NStem
lwa_ba_ntu	PossConc11_NPrePre2_BPre2_NStem	PossConc11_BPre2_NStem	PossConc11_NPrePre2_BPre2_NStem	NStem_NStem_NStem
e_ku_banj_w_e	RelConc9_SC15_VRoot_PassExt_VerbTerm	RelConc9_SC15_VRoot_PassExt_VerbTerm	RelConc9_SC15_VRoot_PassExt_VerbTerm	NStem_NStem_NStem_NStem_NStem
na_bo	AdvPre_PronStem2	AdvPre_PronStem2	AdvPre_PronStem2	PUNC_PUNC
u_dliwano__ndlebe	NPrePre11_NStem_BPre9_NStem	NPrePre11_NStem_NStem	NPrePre11_NStem_BPre9_NStem	NStem_NStem_NStem
ba_thi	SC2_VRoot_VerbTerm	PossConc2_NStem	SC2_VRoot_VerbTerm	PUNC_PUNC
i_si_bhedlel_e	NPrePre7_BPre7_NStem	SC9_OC1pp_VRoot_VerbTerm	NPrePre7_BPre7_NStem	VRoot_NStem_VRoot_NStem
si_ding_ek_a	SC7_VRoot_NeutExt_VerbTerm	SC7_VRoot_NeutExt_VerbTerm	SC7_VRoot_NeutExt_VerbTerm	NStem_NStem_NStem_NStem
kw_i_wadi	LocPre_NPrePre9_NStem	LocPre_NPrePre9_NStem	LocPre_NPrePre9_NStem	NStem_NStem_NStem
XYZ	Abbr	Abbr	Abbr	PUNC
.	Punc	PUNC	Punc	NStem
U_masipala	NPrePre1a_NStem	NPrePre1a_NStem	NPrePre1a_NStem	NStem_NStem
a_kazi_thathi	NegPre_SC1_OC10_VRoot_VerbTerm	PossConc6_AugSuf_NStem	NegPre_SC1_OC10_VRoot_VerbTerm	NStem_NStem_NStem
i_zim_vo	NPrePre10_BPre10_NStem	NPrePre10_BPre10_NStem	NPrePre10_BPre10_NStem	NStem_NStem_NStem
za_ba_hlali	PossConc2_NPrePre2_BPre2_NStem	PossConc10_BPre2_NStem	PossConc2_NPrePre2_BPre2_NStem	NStem_NStem_NStem
.	Punc	PUNC	Punc	PUNC
Qwalasel_a	VRoot_VerbTerm	VRoot_VerbTerm	VRoot_VerbTerm	NStem_PUNC
u_m_buzo	NPrePre3_BPre3_NStem	NPrePre3_BPre3_NStem	NPrePre3_BPre3_NStem	NStem_NStem_NStem
o_ng_e_zantsi	RelConc3_AdvPre_LocPre_Adv	RelConc3_AdvPre_LocPre_Adv	RelConc3_AdvPre_LocPre_Adv	VRoot_NStem_NStem_VRoot
.	Punc	PUNC	Punc	PUNC
Chong_a	VRoot_VerbTerm	VRoot_VerbTerm	VRoot_VerbTerm	PUNC_PUNC
i_zi_mbo	NPrePre8_BPre8_NStem	NPrePre8_BPre8_NStem	NPrePre8_BPre8_NStem	NStem_NStem_NStem
ezi_no_ku_ba_kho	RelConc8_CopPre_Conj_Adv	RelConc10_CopPre_BPre15_CopPre_Adv	RelConc8_CopPre_Conj_Adv	NStem_NStem_NStem_NStem_NStem
ezi_no_kuba	RelConc8_AdvPre_Conj	RelConc10_CopPre_Conj	RelConc8_AdvPre_Conj	NStem_NStem_NStem
lu_ncedo	CopPre_NPrePre11_BPre11_NStem	BPre11_NStem	CopPre_NPrePre11_BPre11_NStem	NStem_NStem
e_ku_fuman_e_ni	LocPre_NPrePre15_BPre15_VRoot_VerbTerm_LocSuf	LocPre_BPre15_VRoot_VerbTerm_ImpSuf	LocPre_NPrePre15_BPre15_VRoot_VerbTerm_LocSuf	NStem_NStem_NStem_VRoot_NStem
aba_sebenzi	NPrePre2_BPre2_NStem	RelConc2_NStem	NPrePre2_BPre2_NStem	NStem_NStem
,	Punc	PUNC	Punc	PUNC
i_zi_mbo	NPrePre8_BPre8_NStem	NPrePre8_BPre8_NStem	NPrePre8_BPre8_NStem	NStem_NStem_NStem
ze_zi_fo	PossConc8_NPrePre8_BPre8_NStem	PossConc10_BPre8_NStem	PossConc8_NPrePre8_BPre8_NStem	PUNC_PUNC_PUNC
,	Punc	PUNC	Punc	NStem
a_ma_nqanaba	NPrePre6_BPre6_NStem	NPrePre6_BPre6_NStem	NPrePre6_BPre6_NStem	NStem_NStem_NStem
es_ondlo	PossConc6_NPrePre7_BPre7_NStem	RelConc7_NStem	PossConc6_NPrePre7_BPre7_NStem	NStem_NStem
njl	Abbr	Abbr	Abbr	PUNC
.	Punc	PUNC	Punc	PUNC
.	Punc	PUNC	Punc	PUNC
.	Punc	PUNC	Punc	PUNC
bhala	VRoot_VerbTerm	NStem	VRoot_VerbTerm	PUNC
i_in_yanga	NPrePre10_BPre10_NStem	NPrePre10_BPre10_NStem	NPrePre10_BPre10_NStem	NStem_NStem_NStem
zo_nyaka	PossConc10_NPrePre3_BPre3_NStem	PossConc10_BPre3	PossConc10_NPrePre3_BPre3_NStem	NStem_NStem
kw_i_fliptshathi	LocPre_NPrePre9_NStem	LocPre_NPrePre9_NStem	LocPre_NPrePre9_NStem	NStem_NStem_NStem
u_ze	SC2ps_AuxVStem	SC1_AuxVStem	SC2ps_AuxVStem	PUNC_PUNC
u_buz_e	SC2ps_VRoot_VerbTerm	SC2ps_VRoot_VerbTerm	SC2ps_VRoot_VerbTerm	NStem_NStem_NStem
a_ma_lungu	NPrePre6_BPre6_NStem	NPrePre6_BPre6_NStem	NPrePre6_BPre6_NStem	NStem_NStem_NStem
e_qela	PossConc6_NPrePre5_BPre5_NStem	PossConc6_BPre5	PossConc6_NPrePre5_BPre5_NStem	NStem_NStem
u_kuba	Conj	SC3_Conj	Conj	PUNC_PUNC
eso	Dem7_Pos2	CDEM07	Dem7_Pos2	PUNC
si_ganeko	BPre7_NStem	BPre7_NStem	BPre7_NStem	NStem_NStem
s_enz_ek_a	SC7_VRoot_NeutExt_VerbTerm	SC7_VRoot_NeutExt_VerbTerm	SC7_VRoot_NeutExt_VerbTerm	NStem_NStem_NStem_NStem
nini	Adv	Adv	Adv	Conj
kwaye	Conj	Conj	Conj	Conj
sasi_no_bu_zaza	CopPre_Past_CopPre_CopPre_NPrePre14_BPre14_NStem	PossConc7_AdvPre_BPre14_NStem	CopPre_Past_CopPre_CopPre_NPrePre14_BPre14_NStem	NStem_NStem_NStem_NStem
obu_ngakanani	RelConc14_Adv	RelConc14_Adv	RelConc14_Adv	NStem_NStem
.	Punc	PUNC	Punc	PUNC
Oku	Dem15_Pos1	CDEM15	Dem15_Pos1	PUNC
u_no_ku_kw_enz_a	SC2ps_AdvPre_NPrePre15_BPre15_OC15_VRoot_VerbTerm	SC3_AdvPre_BPre15_BPre15_VRoot_VerbTerm	SC2ps_AdvPre_NPrePre15_BPre15_OC15_VRoot_VerbTerm	VRoot_NStem_VRoot_VRoot_VRoot_VRoot
nga_zo	AdvPre_PronStem10	AdvPre_PronStem10	AdvPre_PronStem10	PUNC_PUNC
zo_nke	QuantConc10_QuantStem	QuantConc10_QuantStem	QuantConc10_QuantStem	PUNC_NStem
i_zi_mbo	NPrePre8_BPre8_NStem	NPrePre8_BPre8_NStem	NPrePre8_BPre8_NStem	NStem_NStem_NStem
ezi_chong_iw_e_yo	RelConc10_VRoot_PassExt_VerbTerm_RelSuf	RelConc10_VRoot_PassExt_VerbTerm_RelSuf	RelConc10_VRoot_PassExt_VerbTerm_RelSuf	VRoot_NStem_VRoot_NStem_NStem
.	Punc	PUNC	Punc	NStem
Xox_a	VRoot_VerbTerm	VRoot_VerbTerm	VRoot_VerbTerm	NStem_NStem
ne_qela	AdvPre_NPrePre5_BPre5_NStem	AdvPre_BPre5	AdvPre_NPrePre5_BPre5_NStem	PUNC_PUNC
ngezi_phumo	AdvPre_NPrePre8_BPre8_NStem	AdvPre_BPre10	AdvPre_NPrePre8_BPre8_NStem	NStem_NStem
ezi_no_kuba	RelConc8_AdvPre_Conj	RelConc10_AdvPre_Conj	RelConc8_AdvPre_Conj	NStem_NStem_NStem
khona	Adv	Adv	Adv	PUNC
ng_esi_mbo	AdvPre_NPrePre7_BPre7_NStem	AdvPre_RelConc7_NStem	AdvPre_NPrePre7_BPre7_NStem	NStem_NStem_NStem
nga_si_nye	AdvPre_EnumConc7_EnumStem	AdvPre_EnumConc7_EnumStem	AdvPre_EnumConc7_EnumStem	PUNC_PUNC_PUNC
esi_chong_iw_e_yo	RelConc7_VRoot_PassExt_VerbTerm_RelSuf	RelConc7_VRoot_PassExt_VerbTerm_RelSuf	RelConc7_VRoot_PassExt_VerbTerm_RelSuf	NStem_NStem_NStem_NStem_VRoot
.	Punc	PUNC	Punc	PUNC
I_bhunga	NPrePre5_NStem	NPrePre5_NStem	NPrePre5_NStem	NStem_NStem
li_nga_biz_a	SC5_Pot_VRoot_VerbTerm	SC5_Pot_VRoot_VerbTerm	SC5_Pot_VRoot_VerbTerm	NStem_NStem_NStem_NStem
i_Qong_a	NPrePre5_BPre5_NStem	SC9_VRoot_VerbTerm	NPrePre5_BPre5_NStem	NStem_NStem_NStem
le_e_N_gxoxo	PossConc5_NPrePre5_BPre10_NStem	PossConc5_NPrePre9_BPre9_NStem	PossConc5_NPrePre5_BPre10_NStem	VRoot_VRoot_NStem_VRoot
za_Ba_meli	PossConc10_NPrePre2_BPre2_NStem	PossConc10_BPre2_NStem	PossConc10_NPrePre2_BPre2_NStem	NStem_NStem_NStem
be__I_DP	PossConc2_NPrePre9_Abbr	PossConc2_NPrePre9_Abbr	PossConc2_NPrePre9_Abbr	PUNC_PUNC_PUNC
u_kuba	Conj	Conj_Conj	Conj	PUNC_PUNC
li_fuman_e	SC5_VRoot_VerbTerm	SC5_VRoot_VerbTerm	SC5_VRoot_VerbTerm	NStem_NStem_NStem
u_ku_thath_a	NPrePre15_BPre15_VRoot_VerbTerm	NPrePre15_BPre15_VRoot_VerbTerm	NPrePre15_BPre15_VRoot_VerbTerm	PUNC_PUNC_PUNC_PUNC
i_n_xaxheba	NPrePre9_BPre9_NStem	NPrePre9_BPre9_NStem	NPrePre9_BPre9_NStem	NStem_NStem_NStem
oku_ninzi	PossConc6_AdjPref15_AdjStem	AdjPref15_AdjStem	PossConc6_AdjPref15_AdjStem	NStem_NStem
ne_galelo	AdvPre_NPrePre5_BPre5_NStem	AdvPre_BPre5	AdvPre_NPrePre5_BPre5_NStem	NStem_NStem
eli_suk_a	RelConc5_VRoot_VerbTerm	RelConc5_VRoot_VerbTerm	RelConc5_VRoot_VerbTerm	NStem_NStem_NStem
ku_ba_hlali	LocPre_BPre2_NStem	LocPre_BPre2_NStem	LocPre_BPre2_NStem	NStem_NStem_NStem
.	Punc	PUNC	Punc	PUNC
Eli	Dem5_Pos1	CDEM05	Dem5_Pos1	Conj
qong_a	NStem	VRoot_VerbTerm	NStem	NStem_NStem
le_e_n_gxoxo	PossConc5_NPrePre10_BPre10_NStem	PossConc5_NPrePre9_BPre9_NStem	PossConc5_NPrePre10_BPre10_NStem	NStem_NStem_NStem_NStem
li_nga_quk_a_oo_ceba	BPre5_Pot_VRoot_VerbTerm_NPrePre2a_NStem	SC5_Pot_VRoot_VerbTerm_NPrePre2a_NStem	BPre5_Pot_VRoot_VerbTerm_NPrePre2a_NStem	VRoot_VRoot_NStem_VRoot_VRoot_NStem
,	Punc	PUNC	Punc	PUNC
a_ma_lungu	NPrePre6_BPre6_NStem	NPrePre6_BPre6_NStem	NPrePre6_BPre6_NStem	NStem_NStem_NStem
e_komiti	PossConc6_NPrePre9_NStem	PossConc6_NStem	PossConc6_NPrePre9_NStem	NStem_NStem
ye_si_gqeba	PossConc9_NPrePre7_BPre7_NStem	PossConc9_BPre7_NStem	PossConc9_NPrePre7_BPre7_NStem	NStem_NStem_NStem
esi_lawul_a_yo	RelConc7_VRoot_VerbTerm_RelSuf	RelConc7_VRoot_VerbTerm_RelSuf	RelConc7_VRoot_VerbTerm_RelSuf	NStem_NStem_NStem_NStem
,	Punc	PUNC	Punc	NStem
a_ma_gosa	NPrePre6_BPre6_NStem	NPrePre6_BPre6_NStem	NPrePre6_BPre6_NStem	NStem_NStem_NStem
a_phezulu	RelConc6_Adv	RelConc6_Adv	RelConc6_Adv	NStem_NStem
o_lawulo	PossConc6_NPrePre11_BPre11_NStem	PossConc6_BPre11	PossConc6_NPrePre11_BPre11_NStem	PUNC_PUNC
,	Punc	PUNC	Punc	PUNC
a_ma_lungu	NPrePre6_BPre6_NStem	NPrePre6_BPre6_NStem	NPrePre6_BPre6_NStem	NStem_NStem_NStem
e_Komiti	PossConc6_NPrePre9_NStem	PossConc6_NStem	PossConc6_NPrePre9_NStem	PUNC_PUNC
ye_Wadi	PossConc9_NPrePre9_NStem	PossConc9_NStem	PossConc9_NPrePre9_NStem	PUNC_PUNC
kunye	Conj	Conj	Conj	PUNC
na_ba_meli	AdvPre_BPre2_NStem	AdvPre_BPre2_NStem	AdvPre_BPre2_NStem	NStem_NStem_NStem
aba_suk_a	RelConc2_VRoot_VerbTerm	RelConc2_VRoot_VerbTerm	RelConc2_VRoot_VerbTerm	PUNC_PUNC_PUNC
ku_ma_qela	LocPre_BPre6_NStem	LocPre_BPre6_NStem	LocPre_BPre6_NStem	NStem_NStem_NStem
a_chaphazel_ek_a_yo	RelConc6_VRoot_NeutExt_VerbTerm_RelSuf	RelConc6_VRoot_NeutExt_VerbTerm_RelSuf	RelConc6_VRoot_NeutExt_VerbTerm_RelSuf	VRoot_VRoot_VRoot_VRoot_VRoot
,	Punc	PUNC	Punc	Conj
i_in_kokeli	NPrePre10_BPre10_NStem	NPrePre10_BPre10_NStem	NPrePre10_BPre10_NStem	NStem_NStem_NStem
zo_m_thonyama	PossConc10_NPrePre3_BPre3_NStem	PossConc10_BPre3_NStem	PossConc10_NPrePre3_BPre3_NStem	VRoot_NStem_VRoot
na_ba_ntu	AdvPre_NPrePre2_BPre2_NStem	AdvPre_BPre2_NStem	AdvPre_NPrePre2_BPre2_NStem	NStem_NStem_NStem
b_oo_vimba	PossConc2_NPrePre2a_NStem	PossConc14_NPrePre2a_NStem	PossConc2_NPrePre2a_NStem	VRoot_NStem_NStem
.	Punc	PUNC	Punc	NStem
I_si_gqeba	NPrePre7_BPre7_NStem	NPrePre7_BPre7_NStem	NPrePre7_BPre7_NStem	NStem_NStem_NStem
si_bhexesha	SC7_VRoot_VerbTerm	BPre7_NStem	SC7_VRoot_VerbTerm	NStem_NStem
i_in_gxoxo	NPrePre10_BPre10_NStem	NPrePre10_BPre10_NStem	NPrePre10_BPre10_NStem	NStem_NStem_NStem
no_kw_enz_iw_a	AdvPre_NPrePre15_BPre15_VRoot_PassExt_VerbTerm	AdvPre_BPre15_VRoot_PassExt_VerbTerm	AdvPre_NPrePre15_BPre15_VRoot_PassExt_VerbTerm	NStem_NStem_NStem_NStem_NStem
kwe_zi_gqibo	PossConc15_NPrePre8_BPre8_NStem	PossConc15_BPre8_NStem	PossConc15_NPrePre8_BPre8_NStem	NStem_NStem_NStem
ezi_dityan_el_w_e_yo	RelConc8_VRoot_ApplExt_PassExt_VerbTerm_RelSuf	RelConc10_VRoot_ApplExt_PassExt_VerbTerm_RelSuf	RelConc8_VRoot_ApplExt_PassExt_VerbTerm_RelSuf	VRoot_VRoot_VRoot_NStem_VRoot_VRoot
kw_i__I_DP	LocPre_NPrePre9_Abbr	LocPre_NPrePre10_BPre10_Abbr	LocPre_NPrePre9_Abbr	NStem_NStem_NStem_NStem
.	Punc	PUNC	Punc	PUNC
I_Qong_a	NPrePre5_BPre5_NStem	SC9_VRoot_VerbTerm	NPrePre5_BPre5_NStem	NStem_NStem_NStem
le_e_N_gxoxo	PossConc5_NPrePre10_BPre10_NStem	PossConc5_NPrePre9_BPre9_NStem	PossConc5_NPrePre10_BPre10_NStem	NStem_NStem_NStem_NStem
la_Ba_meli	PossConc5_NPrePre2_BPre2_NStem	PossConc5_BPre2_NStem	PossConc5_NPrePre2_BPre2_NStem	PUNC_PUNC_PUNC
be__I_DP	PossConc2_NPrePre9_Abbr	PossConc2_Abbr_Abbr	PossConc2_NPrePre9_Abbr	NStem_NStem_NStem
ku_funek_a	SC15_VRoot_VerbTerm	SC15_VRoot_VerbTerm	SC15_VRoot_VerbTerm	NStem_NStem_NStem
li_be	CopPre_Cop	CopPre_Cop	CopPre_Cop	NStem_NStem
ng_u_m_butho	CopPre_NPrePre3_BPre3_NStem	CopPre_NPrePre3_BPre3_NStem	CopPre_NPrePre3_BPre3_NStem	NStem_NStem_NStem_NStem
o_s_i_si_gxina	RelConc3_CopPre_NPrePre7_BPre7_NStem	RelConc3_CopPre_NPrePre7_BPre7_NStem	RelConc3_CopPre_NPrePre7_BPre7_NStem	NStem_NStem_NStem_NStem_NStem
okwa_no_m_sebenzi	RelConc3_AdvPre_AdvPre_NPrePre3_BPre3_NStem	AdvPre_CopPre_BPre3_NStem	RelConc3_AdvPre_AdvPre_NPrePre3_BPre3_NStem	NStem_NStem_NStem_NStem
wo_ku_bek_a	PossConc3_NPrePre15_BPre15_VRoot_VerbTerm	PossConc3_BPre15_VRoot_VerbTerm	PossConc3_NPrePre15_BPre15_VRoot_VerbTerm	NStem_NStem_NStem_NStem
i_li_so	NPrePre5_BPre5_NStem	NPrePre5_BPre5_NStem	NPrePre5_BPre5_NStem	PUNC_PUNC_PUNC
e_m_sebenzi	LocPre_NPrePre3_BPre3_NStem	LocPre_BPre3_NStem	LocPre_NPrePre3_BPre3_NStem	NStem_NStem_NStem
nge_xesha	AdvPre_NPrePre5_BPre5_NStem	AdvPre_BPre5	AdvPre_NPrePre5_BPre5_NStem	PUNC_PUNC
lo_zalisekiso	PossConc5_NPrePre11_BPre11_NStem	PossConc11_BPre11	PossConc5_NPrePre11_BPre11_NStem	NStem_NStem
lwe__I_DP	PossConc11_NPrePre9_Abbr	PossConc11_NPrePre9_Abbr	PossConc11_NPrePre9_Abbr	NStem_NStem_NStem
.	Punc	PUNC	Punc	PUNC
I_qela	NPrePre5_BPre5_NStem	NPrePre5_NStem	NPrePre5_BPre5_NStem	NStem_NStem
,	Punc	PUNC	Punc	PUNC
eli_khokel_w_a	RelConc5_VRoot_PassExt_VerbTerm	RelConc5_VRoot_PassExt_VerbTerm	RelConc5_VRoot_PassExt_VerbTerm	NStem_NStem_NStem_NStem
'	Punc	PUNC	Punc	PUNC
ng_a_ba_bhexeshi	CopPre_NPrePre2_BPre2_NStem	CopPre_NPrePre2_BPre2_NStem	CopPre_NPrePre2_BPre2_NStem	NStem_NStem_NStem_NStem
'	Punc	PUNC	Punc	PUNC
,	Punc	PUNC	Punc	PUNC
ma_li_nik_e	ImpPre_SC5_VRoot_VerbTerm	ImpPre_SC5_VRoot_VerbTerm	ImpPre_SC5_VRoot_VerbTerm	NStem_NStem_NStem_NStem
a_ma_gqabantshintshi	NPrePre6_BPre6_NStem	NPrePre6_BPre6_NStem	NPrePre6_BPre6_NStem	VRoot_VRoot_VRoot
nga_ma_qela	CopPre_NPrePre6_BPre6_NStem	AdvPre_BPre6_NStem	CopPre_NPrePre6_BPre6_NStem	NStem_NStem_NStem
e_ze_n_tlalo	RelConc8_PossConc8_NPrePre9_BPre9_NStem	RelConc8_PossConc8_BPre9_NStem	RelConc8_PossConc8_NPrePre9_BPre9_NStem	NStem_NStem_NStem_NStem
a_hluk_a__hluken_e_yo	RelConc6_VRoot_VerbTerm_VRoot_RecipExt_VerbTerm_RelSuf	RelConc6_VRoot_VerbTerm_VRoot_VerbTerm_RelSuf	RelConc6_VRoot_VerbTerm_VRoot_RecipExt_VerbTerm_RelSuf	NStem_NStem_NStem_NStem_NStem_NStem
ku_lu_ntu	LocPre_NPrePre11_BPre11_NStem	LocPre_BPre11_NStem	LocPre_NPrePre11_BPre11_NStem	NStem_NStem_NStem
lwa_bo	PossConc11_PronStem2	PossConc11_PronStem2	PossConc11_PronStem2	PUNC_PUNC
ba_ze	SC2_AuxVStem	SC2_AuxVStem	SC2_AuxVStem	PUNC_PUNC
ba_wa_bhal_e	SC2_OC6_VRoot_VerbTerm	SC2_OC6_VRoot_VerbTerm	SC2_OC6_VRoot_VerbTerm	VRoot_NStem_VRoot_NStem
kw_i_fliptshathi	LocPre_NPrePre9_NStem	LocPre_NPrePre9_NStem	LocPre_NPrePre9_NStem	NStem_NStem_VRoot
,	Punc	PUNC	Punc	PUNC
kwa_khona	AdvPre_Adv	AdvPre_Adv	AdvPre_Adv	NStem_NStem
ngo_ku_futshane	AdvPre_AdjPref15_AdjStem	AdvPre_BPre15_AdjStem	AdvPre_AdjPref15_AdjStem	VRoot_VRoot_VRoot
,	Punc	PUNC	Punc	PUNC
ze_zi_phi	CopPre_RelConc10_EnumConc10_EnumStem	PossConc10_EnumConc10_EnumStem	CopPre_RelConc10_EnumConc10_EnumStem	NStem_NStem_NStem
i_in_guquko	NPrePre10_BPre10_NStem	NPrePre10_BPre10_NStem	NPrePre10_BPre10_NStem	VRoot_VRoot_VRoot
ez_enz_ek_e	RelConc8_VRoot_NeutExt_VerbTerm	RelConc10_VRoot_NeutExt_VerbTerm	RelConc8_VRoot_NeutExt_VerbTerm	NStem_NStem_VRoot_NStem
kw_i_s_akhiwo	LocPre_NPrePre7_BPre7_NStem	LocPre_NPrePre7_BPre7_NStem	LocPre_NPrePre7_BPre7_NStem	NStem_NStem_NStem_NStem
so_lu_ntu	PossConc7_NPrePre11_BPre11_NStem	PossConc7_BPre11_NStem	PossConc7_NPrePre11_BPre11_NStem	NStem_NStem_NStem
lwa_bo	PossConc11_PronStem2	PossConc11_PronStem2	PossConc11_PronStem2	NStem_NStem
kw_i_mi_nyaka	LocPre_NPrePre4_BPre4_NStem	LocPre_NPrePre4_BPre4_NStem	LocPre_NPrePre4_BPre4_NStem	NStem_NStem_NStem_NStem
e_mbalwa	RelConc4_RelStem	RelConc4_RelStem	RelConc4_RelStem	NStem_NStem
e_dlul_il_e_yo	RelConc4_VRoot_Perf_VerbTerm_RelSuf	RelConc4_VRoot_Perf_VerbTerm_RelSuf	RelConc4_VRoot_Perf_VerbTerm_RelSuf	VRoot_VRoot_VRoot_VRoot_VRoot
ba_ze	SC2_AuxVStem	SC2_AuxVStem	SC2_AuxVStem	PUNC_PUNC
ba_dwel_is_e	SC2_VRoot_CausExt_VerbTerm	SC2_VRoot_CausExt_VerbTerm	SC2_VRoot_CausExt_VerbTerm	NStem_NStem_NStem_NStem
a_wo_na	SC6_PronStem6_PronSuf	SC6_PronStem6_PronSuf	SC6_PronStem6_PronSuf	PUNC_PUNC_NStem
ma_qela	BPre6_NStem	BPre6_NStem	BPre6_NStem	PUNC_NStem
a_z_i_zi_sulu	RelConc6_CopPre_NPrePre8_BPre8_NStem	RelConc6_CopPre_NPrePre8_BPre8_NStem	RelConc6_CopPre_NPrePre8_BPre8_NStem	NStem_NStem_NStem_NStem_NStem
na_wo_na	AdvPre_PronStem6_PronSuf	AdvPre_PronStem3_PronSuf	AdvPre_PronStem6_PronSuf	NStem_NStem_NStem
ma_qela	BPre6_NStem	BPre6_NStem	BPre6_NStem	NStem_NStem
a_khusel_ek_il_e_yo	RelConc6_VRoot_NeutExt_Perf_VerbTerm_RelSuf	RelConc6_VRoot_NeutExt_Perf_VerbTerm_RelSuf	RelConc6_VRoot_NeutExt_Perf_VerbTerm_RelSuf	VRoot_NStem_NStem_NStem_VRoot_NStem
,	Punc	PUNC	Punc	PUNC
umz.	Abbr	Abbr	Abbr	NStem
a_khusel_ek_il_e_yo	RelConc6_VRoot_NeutExt_Perf_VerbTerm_RelSuf	RelConc6_VRoot_NeutExt_Perf_VerbTerm_RelSuf	RelConc6_VRoot_NeutExt_Perf_VerbTerm_RelSuf	VRoot_NStem_NStem_NStem_VRoot_VRoot
a_se_no_kuba	RelConc6_Pro_CopPre_Conj	RelConc6_Pro_CopPre_Conj	RelConc6_Pro_CopPre_Conj	NStem_NStem_NStem_NStem
z_i_in_gcali	CopPre_NPrePre10_BPre10_NStem	CopPre_NPrePre10_BPre10_NStem	CopPre_NPrePre10_BPre10_NStem	NStem_NStem_NStem_NStem
,	Punc	PUNC	Punc	PUNC
kanti	Conj	Conj	Conj	NStem
a_z_i_zi_sulu	RelConc6_CopPre_NPrePre8_BPre8_NStem	RelConc6_CopPre_NPrePre8_BPre8_NStem	RelConc6_CopPre_NPrePre8_BPre8_NStem	VRoot_VRoot_NStem_NStem_NStem
a_se_no_kuba	CopPre_Pro_CopPre_Conj	RelConc6_Pro_CopPre_Conj	CopPre_Pro_CopPre_Conj	NStem_NStem_NStem_NStem
ng_aba_zi_nge_li	CopPre_NPrePre6_BPre2_NStem	CopPre_RelConc2_ReflPre_NegPre_BPre5	CopPre_NPrePre6_BPre2_NStem	NStem_NStem_NStem_NStem_NStem
be_mi_sebenzi	PossConc2_NPrePre4_BPre4_NStem	PossConc14_BPre4_NStem	PossConc2_NPrePre4_BPre4_NStem	NStem_NStem_NStem
emi_tsha	AdjPref4_AdjStem	AdjPref4_AdjStem	AdjPref4_AdjStem	NStem_NStem
.	Punc	PUNC	Punc	PUNC
U_Nkz	NPrePre1a_Abbr	NPrePre1a_Abbr	NPrePre1a_Abbr	NStem_NStem
.	Punc	PUNC	Punc	PUNC
Ma_hla_ng_u	ProperName	BPre6_NStem_CopPre_NPrePre1a	ProperName	NStem_NStem_NStem_VRoot
u_thenge	SC1_VRoot_VerbTerm	SC1_NStem	SC1_VRoot_VerbTerm	NStem_NStem
i_n_dlu	NPrePre9_BPre9_NStem	NPrePre9_BPre9_NStem	NPrePre9_BPre9_NStem	NStem_NStem_NStem
kwaye	Conj	Conj	Conj	PUNC
u_dinga	SC1_VRoot_VerbTerm	NPrePre11_NStem	SC1_VRoot_VerbTerm	NStem_NStem
u_ku_fakel_w_a	NPrePre15_BPre15_VRoot_ApplExt_PassExt_VerbTerm	NPrePre15_BPre15_VRoot_PassExt_VerbTerm	NPrePre15_BPre15_VRoot_ApplExt_PassExt_VerbTerm	NStem_NStem_NStem_NStem_NStem
u_m_bane	NPrePre3_BPre3_NStem	NPrePre3_BPre3_NStem	NPrePre3_BPre3_NStem	NStem_NStem_NStem
.	Punc	PUNC	Punc	PUNC
U_ya	SC1a_Fut	SC1_Fut	SC1a_Fut	NStem_NStem
kwa_masipala	LocPre_NPrePre1a_NStem	PossConc15_NStem	LocPre_NPrePre1a_NStem	NStem_NStem
u_zal_is_a	SC1a_VRoot_CausExt_VerbTerm	SC3_VRoot_CausExt_VerbTerm	SC1a_VRoot_CausExt_VerbTerm	NStem_PUNC_NStem_NStem
i_fomu	NPrePre9_NStem	NPrePre9_NStem	NPrePre9_NStem	NStem_NStem
a_hlawul_e	SC1a_VRoot_VerbTerm	SC6_VRoot_VerbTerm	SC1a_VRoot_VerbTerm	VRoot_NStem_NStem
n_e_di_phozi_th_i	AdvPre_NPrePre9_NStem	AdvPre_RelConc9_BPre10_VRoot_VRoot_VerbTerm	AdvPre_NPrePre9_NStem	VRoot_VRoot_NStem_VRoot_VRoot_VRoot
.	Punc	PUNC	Punc	PUNC
Xa	Conj	Conj	Conj	PUNC
e_fik_a	SC1a_VRoot_VerbTerm	RelConc4_VRoot_VerbTerm	SC1a_VRoot_VerbTerm	NStem_NStem_NStem
u_bon_a	SC1a_VRoot_VerbTerm	SC3_VRoot_VerbTerm	SC1a_VRoot_VerbTerm	PUNC_PUNC_PUNC
u_m_gca	NPrePre3_BPre3_NStem	NPrePre3_BPre3_NStem	NPrePre3_BPre3_NStem	NStem_NStem_NStem
om_de	AdjPref3_AdjStem	AdjPref3_AdjStem	AdjPref3_AdjStem	PUNC_PUNC
na_ye	AdvPre_PronStem1	AdvPre_PronStem1	AdvPre_PronStem1	NStem_NStem
u_ya_hlal_a	NPrePre1a_Pres_VRoot_VerbTerm	SC1_Pres_VRoot_VerbTerm	NPrePre1a_Pres_VRoot_VerbTerm	NStem_NStem_NStem_NStem
e_landela	SC1a_VRoot_VerbTerm	PossConc6_NStem	SC1a_VRoot_VerbTerm	NStem_NStem
u_m_ntu	NPrePre1_BPre1_NStem	NPrePre1_BPre1_NStem	NPrePre1_BPre1_NStem	NStem_NStem_NStem
wo_ku_gqibel_a	PossConc1_NPrePre15_BPre15_VRoot_VerbTerm	PossConc3_BPre15_VRoot_VerbTerm	PossConc1_NPrePre15_BPre15_VRoot_VerbTerm	NStem_VRoot_VRoot_VRoot
e_m_gce_ni	LocPre_NPrePre3_BPre3_NStem_LocSuf	LocPre_BPre3_NStem_LocSuf	LocPre_NPrePre3_BPre3_NStem_LocSuf	NStem_NStem_NStem_NStem
.	Punc	PUNC	Punc	NStem
A_ba_sebenzi	NPrePre2_BPre2_NStem	NPrePre2_BPre2_NStem	NPrePre2_BPre2_NStem	NStem_NStem_NStem
ba_kwa_masipala	RelConc2_PossConc15_NStem	PossConc2_PossConc15_NStem	RelConc2_PossConc15_NStem	NStem_NStem_NStem
ba_fund_a	SC2_VRoot_VerbTerm	SC2_VRoot_VerbTerm	SC2_VRoot_VerbTerm	NStem_NStem_NStem
a_ma_phephandaba	NPrePre6_BPre6_NStem	NPrePre6_BPre6_NStem	NPrePre6_BPre6_NStem	NStem_NStem_NStem
ba_phunga	SC2_VRoot_VerbTerm	PossConc2_Adv	SC2_VRoot_VerbTerm	NStem_NStem
neti	AdvPre_NPrePre9_NStem	Adv	AdvPre_NPrePre9_NStem	PUNC
.	Punc	PUNC	Punc	NStem
A_ba_ntu	NPrePre2_BPre2_NStem	NPrePre2_BPre2_NStem	NPrePre2_BPre2_NStem	NStem_NStem_NStem
aba_lind_il_e_yo	RelConc2_VRoot_Perf_VerbTerm_RelSuf	RelConc2_VRoot_Perf_VerbTerm_RelSuf	RelConc2_VRoot_Perf_VerbTerm_RelSuf	NStem_NStem_NStem_NStem_NStem
ba_ya_khalaz_a	SC2_Pres_VRoot_VerbTerm	SC2_Pres_VRoot_VerbTerm	SC2_Pres_VRoot_VerbTerm	NStem_NStem_NStem_NStem
kodwa	Conj	Conj	Conj	PUNC
ba_xelel_w_a	SC2_VRoot_PassExt_VerbTerm	SC2_VRoot_PassExt_VerbTerm	SC2_VRoot_PassExt_VerbTerm	VRoot_NStem_VRoot_NStem
u_kuba	Conj	Conj_Conj	Conj	PUNC_PUNC
aba_sebenzi	NPrePre2_BPre2_NStem	RelConc2_NStem	NPrePre2_BPre2_NStem	NStem_NStem
ba_ne_lungelo	CopPre_CopPre_NPrePre5_BPre5_NStem	CopPre_CopPre_NStem	CopPre_CopPre_NPrePre5_BPre5_NStem	NStem_NStem_NStem
lo_ku_thath_a	PossConc5_NPrePre15_BPre15_VRoot_VerbTerm	PossConc5_BPre15_VRoot_VerbTerm	PossConc5_NPrePre15_BPre15_VRoot_VerbTerm	NStem_NStem_NStem_NStem
i_khe_fan_a	NPrePre5_BPre5_NStem_DimSuf	SC9_VRoot_VRoot_VerbTerm	NPrePre5_BPre5_NStem_DimSuf	NStem_NStem_NStem_NStem
leti	PossConc5_NPrePre9_NStem	NStem	PossConc5_NPrePre9_NStem	PUNC
.	Punc	PUNC	Punc	NStem
U_lind_a	SC1_VRoot_VerbTerm	SC2ps_VRoot_VerbTerm	SC1_VRoot_VerbTerm	PUNC_PUNC_NStem
i_i_yure	NPrePre10_BPre10_NStem	NPrePre10_BPre10_NStem	NPrePre10_BPre10_NStem	NStem_NStem_NStem
ezi__3	RelConc10_Num	RelConc8_Num	RelConc10_Num	PUNC_PUNC
e_m_va	LocPre_NPrePre3_BPre3_NStem	LocPre_BPre3_NStem	LocPre_NPrePre3_BPre3_NStem	NStem_NStem_NStem
k_oko	PossConc15_Dem15_Pos2	LocPre_CDEM15	PossConc15_Dem15_Pos2	PUNC_PUNC
l_i_xesha	CopPre_NPrePre5_BPre5_NStem	CopPre_NPrePre5_NStem	CopPre_NPrePre5_BPre5_NStem	NStem_NStem_NStem
lel_antshi	PossConc5_NPrePre9_NStem	PossConc5_NStem	PossConc5_NPrePre9_NStem	NStem_NStem
.	Punc	PUNC	Punc	Conj
Ngo__2._30	AdvPre_Num	AdvPre_Num_Num	AdvPre_Num	PUNC_PUNC_PUNC
aba_sebenzi	NPrePre2_BPre2_NStem	RelConc2_NStem	NPrePre2_BPre2_NStem	PUNC_PUNC
ba_ya_buy_a	SC2_Pres_VRoot_VerbTerm	SC2_Pres_VRoot_VerbTerm	SC2_Pres_VRoot_VerbTerm	NStem_NStem_NStem_NStem
kodwa	Conj	Conj	Conj	PUNC
nge_xesha	AdvPre_NPrePre5_BPre5_NStem	AdvPre_BPre5	AdvPre_NPrePre5_BPre5_NStem	NStem_NStem
e_fik_a	SC1_VRoot_VerbTerm	RelConc4_VRoot_VerbTerm	SC1_VRoot_VerbTerm	PUNC_PUNC_PUNC
ku_bo	LocPre_PronStem2	LocPre_PronStem2	LocPre_PronStem2	PUNC_PUNC
se_ku_s_e_m_va	Pro_CopPre_PreLoc-s_LocPre_NPrePre3_BPre3_NStem	PossConc7_LocPre_PreLocs_LocPre_BPre3_NStem	Pro_CopPre_PreLoc-s_LocPre_NPrePre3_BPre3_NStem	NStem_VRoot_VRoot_VRoot_NStem_NStem
kwe_xesha	PossConc15_NPrePre5_BPre5_NStem	PossConc15_BPre5	PossConc15_NPrePre5_BPre5_NStem	NStem_NStem
.	Punc	PUNC	Punc	PUNC
Jong_a	VRoot_VerbTerm	VRoot_VerbTerm	VRoot_VerbTerm	NStem_PUNC
u_m_buzo	NPrePre3_BPre3_NStem	NPrePre3_BPre3_NStem	NPrePre3_BPre3_NStem	NStem_NStem_NStem
we_si_bini	PossConc3_NPrePre7_BPre7_AdjStem	PossConc3_BPre7_AdjStem	PossConc3_NPrePre7_BPre7_AdjStem	NStem_NStem_NStem
u_ze	SC2ps_AuxVStem	SC1_AuxVStem	SC2ps_AuxVStem	PUNC_PUNC
u_thath_e	SC2ps_VRoot_VerbTerm	SC3_VRoot_VerbTerm	SC2ps_VRoot_VerbTerm	NStem_NStem_NStem
i_im_pendulo	NPrePre10_BPre10_NStem	NPrePre10_BPre10_NStem	NPrePre10_BPre10_NStem	NStem_NStem_NStem
.	Punc	PUNC	Punc	PUNC
U_ku_qulunq_w_a	NPrePre15_BPre15_VRoot_PassExt_VerbTerm	NPrePre15_BPre15_VRoot_PassExt_VerbTerm	NPrePre15_BPre15_VRoot_PassExt_VerbTerm	VRoot_NStem_NStem_VRoot_VRoot
kwe_zi_Cwangciso	PossConc15_NPrePre8_BPre8_NStem	PossConc15_BPre8_NStem	PossConc15_NPrePre8_BPre8_NStem	NStem_NStem_NStem
zo_Phuhliso	PossConc8_NPrePre11_BPre11_NStem	PossConc10_BPre11	PossConc8_NPrePre11_BPre11_NStem	NStem_NStem
olu_Many_an_is_iw_e_yo	RelConc11_VRoot_RecipExt_CausExt_PassExt_VerbTerm_RelSuf	RelConc11_VRoot_RecipExt_CausExt_PassExt_VerbTerm_RelSuf	RelConc11_VRoot_RecipExt_CausExt_PassExt_VerbTerm_RelSuf	NStem_VRoot_VRoot_VRoot_VRoot_VRoot_VRoot
si_sa_khono	CopPre_NPrePre7_BPre7_NStem	BPre7_BPre7_NStem	CopPre_NPrePre7_BPre7_NStem	NStem_NStem_NStem
so_ku_sebenz_a	PossConc7_NPrePre15_BPre15_VRoot_VerbTerm	PossConc7_BPre15_VRoot_VerbTerm	PossConc7_NPrePre15_BPre15_VRoot_VerbTerm	VRoot_VRoot_VRoot_VRoot
esi_s_e_m_gangathw_eni	RelConc7_PreLoc-s_LocPre_NPrePre3_BPre3_NStem_LocSuf	RelConc7_PreLocs_LocPre_BPre3_NStem_LocSuf	RelConc7_PreLoc-s_LocPre_NPrePre3_BPre3_NStem_LocSuf	VRoot_NStem_NStem_VRoot_VRoot_VRoot
si_ka_rhulumente	PossConc7_PossKA_NStem	PossConc7_PossKA_NStem	PossConc7_PossKA_NStem	NStem_NStem_NStem
we_n_gingqi	PossConc3_NPrePre9_BPre9_NStem	PossConc1a_BPre9_NStem	PossConc3_NPrePre9_BPre9_NStem	NStem_NStem_NStem
.	Punc	PUNC	Punc	PUNC
Ezi	Dem8_Pos1	CDEM10	Dem8_Pos1	PUNC
zi_cwangciso	BPre8_NStem	BPre8_NStem	BPre8_NStem	NStem_NStem
zi_ya	SC8_Fut	SC10_Fut	SC8_Fut	NStem_NStem
ku_z_is_a	SC15_VRoot_CausExt_VerbTerm	SC15_VRoot_CausExt_VerbTerm	SC15_VRoot_CausExt_VerbTerm	NStem_NStem_NStem_NStem
i_n_guqulelo	NPrePre9_BPre9_NStem	NPrePre9_BPre9_NStem	NPrePre9_BPre9_NStem	NStem_NStem_NStem
kw_i_i_dolophu	LocPre_NPrePre10_BPre10_NStem	LocPre_NPrePre10_BPre10_NStem	LocPre_NPrePre10_BPre10_NStem	VRoot_NStem_VRoot_NStem
ne_zi_xeko	AdvPre_NPrePre8_BPre8_NStem	AdvPre_BPre8_NStem	AdvPre_NPrePre8_BPre8_NStem	NStem_NStem_NStem
kunye	Conj	Conj	Conj	PUNC
ne_n_dlel_a	AdvPre_NPrePre9_BPre9_NStem	AdvPre_BPre9_VRoot_VerbTerm	AdvPre_NPrePre9_BPre9_NStem	NStem_NStem_NStem_NStem
yo_lawulo	PossConc9_NPrePre11_BPre11_NStem	PossConc9_BPre11	PossConc9_NPrePre11_BPre11_NStem	NStem_NStem
lwa_zo	PossConc11_PronStem8	PossConc11_PronStem10	PossConc11_PronStem8	PUNC_PUNC
,	Punc	PUNC	Punc	PUNC
njeng_oko	AdvPre_Dem15_Pos2	Adv_Adv	AdvPre_Dem15_Pos2	NStem_NStem
i_n_kqubo	NPrePre9_BPre9_NStem	NPrePre9_BPre9_NStem	NPrePre9_BPre9_NStem	NStem_NStem_NStem
ye__I_DP	PossConc9_NPrePre9_Abbr	PossConc9_NPrePre9_Abbr	PossConc9_NPrePre9_Abbr	NStem_NStem_NStem
i_ne_n_jongo	BPre9_CopPre_NPrePre9_BPre9_NStem	CopPre_CopPre_BPre9_NStem	BPre9_CopPre_NPrePre9_BPre9_NStem	NStem_NStem_NStem_NStem
yo_ku_fikelel_a	PossConc9_NPrePre15_BPre15_Intrans_VerbTerm	PossConc9_BPre15_VRoot_VerbTerm	PossConc9_NPrePre15_BPre15_Intrans_VerbTerm	NStem_NStem_NStem_NStem
kw_i_zi_gqibo	LocPre_NPrePre8_BPre8_NStem	LocPre_NPrePre8_BPre8_NStem	LocPre_NPrePre8_BPre8_NStem	NStem_NStem_NStem_NStem
ezi_njenge_mi_ba	RelConc8_AdvPre_NPrePre4_BPre4_NStem	RelConc10_AdvPre_BPre4_NStem	RelConc8_AdvPre_NPrePre4_BPre4_NStem	NStem_NStem_NStem_NStem
yo_hlahlo	PossConc9_NPrePre11_BPre11_NStem	PossConc9_BPre11	PossConc9_NPrePre11_BPre11_NStem	NStem_NStem
lw_ab_iwo__mali	BPre11_NStem_NStem	BPre11_NStem_NStem_NStem	BPre11_NStem_NStem	NStem_VRoot_VRoot_NStem
lu_ka_masipala	PossConc11_PossKA_NStem	PossConc11_PossKA_NStem	PossConc11_PossKA_NStem	NStem_NStem_NStem
,	Punc	PUNC	Punc	PUNC
u_lawulo	NPrePre11_NStem	NPrePre11_NStem	NPrePre11_NStem	NStem_NStem
lo_m_hlaba	PossConc11_NPrePre3_BPre3_NStem	PossConc11_BPre3_NStem	PossConc11_NPrePre3_BPre3_NStem	NStem_NStem_NStem
,	Punc	PUNC	Punc	PUNC
u_ku_nyus_a	NPrePre15_BPre15_VRoot_VerbTerm	NPrePre15_BPre15_VRoot_VerbTerm	NPrePre15_BPre15_VRoot_VerbTerm	PUNC_PUNC_NStem_PUNC
u_m_gangatho	NPrePre3_BPre3_NStem	NPrePre3_BPre3_NStem	NPrePre3_BPre3_NStem	NStem_NStem_NStem
wo_phuhliso	PossConc3_NPrePre11_BPre11_NStem	PossConc3_BPre11	PossConc3_NPrePre11_BPre11_NStem	PUNC_PUNC
lo_qoqosho	PossConc11_NPrePre11_BPre11_NStem	PossConc11_BPre11	PossConc11_NPrePre11_BPre11_NStem	VRoot_VRoot
lwe_n_gingqi	PossConc11_NPrePre9_BPre9_NStem	PossConc11_BPre9_NStem	PossConc11_NPrePre9_BPre9_NStem	NStem_NStem_NStem
no_guqulo	AdvPre_NPrePre11_BPre11_NStem	AdvPre_BPre11	AdvPre_NPrePre11_BPre11_NStem	NStem_NStem
lwa_ma_ziko	PossConc11_NPrePre6_BPre6_NStem	PossConc11_BPre6_NStem	PossConc11_NPrePre6_BPre6_NStem	NStem_NStem_NStem
.	Punc	PUNC	Punc	PUNC
E_ku_fezek_is_e_ni	LocPre_NPrePre15_BPre11_VRoot_CausExt_VerbTerm_LocSuf	LocPre_BPre15_VRoot_CausExt_VerbTerm_VerbTerm	LocPre_NPrePre15_BPre11_VRoot_CausExt_VerbTerm_LocSuf	NStem_NStem_NStem_NStem_NStem_NStem
u_xanduva	NPrePre11_NStem	NPrePre11_NStem	NPrePre11_NStem	NStem_NStem
lwa_khe	PossConc11_PossPron	PossConc11_PossPron	PossConc11_PossPron	NStem_NStem
,	Punc	PUNC	Punc	PUNC
u_rhulumente	NPrePre1a_NStem	NPrePre1a_NStem	NPrePre1a_NStem	NStem_NStem
we_n_gingqi	PossConc3_NPrePre9_BPre9_NStem	PossConc1a_BPre9_NStem	PossConc3_NPrePre9_BPre9_NStem	NStem_NStem_NStem
ku_funek_a	SC15_VRoot_VerbTerm	SC15_VRoot_VerbTerm	SC15_VRoot_VerbTerm	PUNC_PUNC_PUNC
a_sebenz_is_an_e	SC1_VRoot_CausExt_RecipExt_VerbTerm	SC6_VRoot_CausExt_RecipExt_VerbTerm	SC1_VRoot_CausExt_RecipExt_VerbTerm	VRoot_VRoot_VRoot_VRoot_VRoot
a_phind_e	SC1_VRoot_VerbTerm	SC6_VRoot_VerbTerm	SC1_VRoot_VerbTerm	NStem_NStem_NStem
a_lungelelanis_e	SC1_Intrans_PassExt_VerbTerm	SC6_VRoot_VerbTerm	SC1_Intrans_PassExt_VerbTerm	NStem_NStem_NStem
i_zi_cwangciso	NPrePre8_BPre8_NStem	NPrePre8_BPre8_NStem	NPrePre8_BPre8_NStem	NStem_NStem_VRoot
za_khe	PossConc8_PossPron	PossConc10_PossPron	PossConc8_PossPron	PUNC_PUNC
ne_zi_cwangciso__nkqubo	AdvPre_NPrePre8_BPre8_NStem_BPre9_NStem	AdvPre_BPre8_NStem_NStem	AdvPre_NPrePre8_BPre8_NStem_BPre9_NStem	VRoot_NStem_VRoot_VRoot
kunye	Conj	Conj	Conj	NStem
n_ezo	AdvPre_Dem8_Pos2	AdvPre_CDEM10	AdvPre_Dem8_Pos2	NStem_NStem
ze_mi_nye	PossConc8_AdjPref4_AdjStem	PossConc8_BPre4_AdjStem	PossConc8_AdjPref4_AdjStem	PUNC_NStem_PUNC
i_mi_gangatho	NPrePre4_BPre4_NStem	NPrePre4_BPre4_NStem	NPrePre4_BPre4_NStem	NStem_NStem_NStem
ka_rhulumente	PossKA_NPrePre1a_NStem	PossKA_NStem	PossKA_NPrePre1a_NStem	NStem_NStem
.	Punc	PUNC	Punc	PUNC
Lo	Dem3_Pos1	CDEM03	Dem3_Pos1	PUNC
m_zekelo	BPre3_NStem	BPre3_NStem	BPre3_NStem	NStem_NStem
wo_phando	PossConc3_NPrePre11_BPre11_NStem	PossConc3_BPre11	PossConc3_NPrePre11_BPre11_NStem	NStem_NStem
u_bon_is_a	SC3_VRoot_CausExt_VerbTerm	SC1_VRoot_CausExt_VerbTerm	SC3_VRoot_CausExt_VerbTerm	PUNC_PUNC_PUNC_PUNC
a_ma_nye	AdjPref6_AdjStem	NPrePre6_AdjPref6_AdjStem	AdjPref6_AdjStem	PUNC_PUNC_PUNC
a_ma_lungiselelo	NPrePre6_BPre6_NStem	NPrePre6_BPre6_NStem	NPrePre6_BPre6_NStem	NStem_NStem_NStem
a_lu_ncedo	RelConc6_CopPre_NPrePre11_BPre11_NStem	PossConc6_BPre11_NStem	RelConc6_CopPre_NPrePre11_BPre11_NStem	NStem_NStem_NStem
a_hamb_is_an_a	RelConc6_VRoot_CausExt_RecipExt_VerbTerm	SC6_VRoot_CausExt_RecipExt_VerbTerm	RelConc6_VRoot_CausExt_RecipExt_VerbTerm	VRoot_NStem_NStem_VRoot_NStem
ne_n_kqubo	AdvPre_NPrePre9_BPre9_NStem	AdvPre_BPre9_NStem	AdvPre_NPrePre9_BPre9_NStem	NStem_NStem_NStem
yo_hlelo	PossConc9_NPrePre11_BPre11_NStem	PossConc9_BPre11	PossConc9_NPrePre11_BPre11_NStem	NStem_NStem
ng_oku_tsha	AdvPre_AdjPref15_AdjStem	AdvPre_AdjPref15_AdjStem	AdvPre_AdjPref15_AdjStem	NStem_NStem_NStem
lwe__I_DP	PossConc11_NPrePre9_Abbr	PossConc11_Abbr_Abbr	PossConc11_NPrePre9_Abbr	NStem_NStem_NStem
ka_Masipala	PossKA_NPrePre1a_NStem	PossKA_NStem	PossKA_NPrePre1a_NStem	NStem_NStem
we_Si_thili	PossConc1a_NPrePre7_BPre7_NStem	PossConc3_BPre7_NStem	PossConc1a_NPrePre7_BPre7_NStem	NStem_NStem_NStem
sa_se_N_ka_nga_la	PossConc7_PreLoc-s_LocPre_ProperName	Pro_Pro_CopPre_NegPre_NegPre_NStem	PossConc7_PreLoc-s_LocPre_ProperName	NStem_NStem_NStem_NStem_NStem_NStem
.	Punc	PUNC	Punc	PUNC
A_ba_lawuli	NPrePre2_BPre2_NStem	NPrePre2_BPre2_NStem	NPrePre2_BPre2_NStem	NStem_NStem_NStem
be_e_projekthi	PossConc2_NPrePre10_BPre2_NStem	PossConc2_PossConc6_NStem	PossConc2_NPrePre10_BPre2_NStem	NStem_NStem_NStem
ba_nga_zi_landela	SC2_Pot_OC10_VRoot_VerbTerm	RelConc2_Pot_BPre8_NStem	SC2_Pot_OC10_VRoot_VerbTerm	NStem_NStem_NStem_NStem
ngo_qwalaselo	AdvPre_NPrePre11_BPre11_NStem	AdvPre_BPre11	AdvPre_NPrePre11_BPre11_NStem	NStem_NStem
njani	Adv	Adv	Adv	NStem
i_i_projekthi	NPrePre10_BPre10_NStem	NPrePre10_BPre10_NStem	NPrePre10_BPre10_NStem	NStem_NStem_NStem
u_kuze	Conj	NPrePre15_NStem	Conj	NStem_NStem
ba_qinisek_is_e	SC2_VRoot_CausExt_VerbTerm	SC2_VRoot_CausExt_VerbTerm	SC2_VRoot_CausExt_VerbTerm	VRoot_VRoot_NStem_VRoot
u_kuba	Conj	SC2ps_Conj	Conj	PUNC_PUNC
zi_qhuty_w_a	SC10_VRoot_PassExt_VerbTerm	SC10_VRoot_PassExt_VerbTerm	SC10_VRoot_PassExt_VerbTerm	NStem_VRoot_NStem_VRoot
nge_n_dlel_a	AdvPre_NPrePre9_BPre9_NStem	AdvPre_BPre9_VRoot_VerbTerm	AdvPre_NPrePre9_BPre9_NStem	NStem_NStem_NStem_NStem
e_fanel_ek_il_e_yo	RelConc4_VRoot_NeutExt_Perf_VerbTerm_RelSuf	RelConc9_VRoot_NeutExt_Perf_VerbTerm_RelSuf	RelConc4_VRoot_NeutExt_Perf_VerbTerm_RelSuf	VRoot_VRoot_VRoot_VRoot_VRoot_NStem
?	Punc	PUNC	Punc	Conj
A_ba_thathi__n_xaxheba	NPrePre2_BPre2_NStem_BPre9_NStem	NPrePre2_BPre2_NStem_BPre9_NStem	NPrePre2_BPre2_NStem_BPre9_NStem	VRoot_NStem_NStem_NStem_NStem
ba_sebenz_a	SC2_VRoot_VerbTerm	SC2_VRoot_VerbTerm	SC2_VRoot_VerbTerm	NStem_NStem_NStem
ng_okw_a_ma_qela	AdvPre_AdvPre_NPrePre6_BPre6_NStem	AdvPre_AdvPre_NPrePre6_BPre6_NStem	AdvPre_AdvPre_NPrePre6_BPre6_NStem	NStem_NStem_NStem_VRoot_NStem
a_ma__4	NPrePre6_BPre6_Num	NPrePre6_BPre6_Num	NPrePre6_BPre6_Num	NStem_NStem_NStem
u_ku_ya	SC15_BPre15_VRoot_VerbTerm	NPrePre15_BPre15_Fut	SC15_BPre15_VRoot_VerbTerm	PUNC_PUNC_PUNC
ku__6	LocPre_Num	LocPre_Num	LocPre_Num	PUNC_PUNC
ba_ze	SC2_AuxVStem	SC2_AuxVStem	SC2_AuxVStem	NStem_NStem
ba_phuhl_is_e	SC2_VRoot_CausExt_VerbTerm	SC2_VRoot_CausExt_VerbTerm	SC2_VRoot_CausExt_VerbTerm	NStem_VRoot_NStem_NStem
i_si_cwangciso	NPrePre7_BPre7_NStem	NPrePre7_BPre7_NStem	NPrePre7_BPre7_NStem	VRoot_VRoot_VRoot
so_m_sebenzi	PossConc7_NPrePre3_BPre3_NStem	PossConc7_BPre3_NStem	PossConc7_NPrePre3_BPre3_NStem	NStem_NStem_NStem
ka_masipala	PossKA_NPrePre1a_NStem	PossKA_NStem	PossKA_NPrePre1a_NStem	NStem_NStem
.	Punc	PUNC	Punc	PUNC
U_ku_zi_bandakany_a	NPrePre15_BPre15_ReflPre_VRoot_VerbTerm	NPrePre15_BPre15_ReflPre_VRoot_VerbTerm	NPrePre15_BPre15_ReflPre_VRoot_VerbTerm	VRoot_NStem_VRoot_VRoot_NStem
kwa_ba_hlali	PossConc15_NPrePre2_BPre2_NStem	PossConc15_BPre2_NStem	PossConc15_NPrePre2_BPre2_NStem	NStem_VRoot_NStem
kw_i__I_DP	LocPre_NPrePre9_Abbr	LocPre_NPrePre10_BPre10_Abbr	LocPre_NPrePre9_Abbr	NStem_NStem_NStem_NStem
ku_vum_el_a	SC15_VRoot_ApplExt_VerbTerm	SC15_VRoot_ApplExt_VerbTerm	SC15_VRoot_ApplExt_VerbTerm	VRoot_VRoot_VRoot_VRoot
u_ku_shenxa	NPrePre15_BPre15_VRoot_VerbTerm	NPrePre15_BPre15_NStem	NPrePre15_BPre15_VRoot_VerbTerm	NStem_NStem_NStem
kwa_be_mi	PossConc15_NPrePre2_BPre2_NStem	PossConc15_BPre2_NStem	PossConc15_NPrePre2_BPre2_NStem	NStem_NStem_NStem
aba_nga_ba_sebenzisi	RelConc2_CopPre_NPrePre2_BPre2_NStem	RelConc2_AdvPre_BPre2_NStem	RelConc2_CopPre_NPrePre2_BPre2_NStem	VRoot_VRoot_NStem_VRoot
aba_ngen_a_galelo	RelConc2_NegPre_CopPre_NStem	RelConc2_VRoot_VerbTerm_BPre5	RelConc2_NegPre_CopPre_NStem	PUNC_PUNC_PUNC_PUNC
kw_i_in_konzo	LocPre_NPrePre10_BPre10_NStem	LocPre_NPrePre10_BPre10_NStem	LocPre_NPrePre10_BPre10_NStem	NStem_NStem_NStem_NStem
ba_be	SC2_AuxVStem	CopPre_Cop	SC2_AuxVStem	PUNC_PUNC
ng_a_be_mi	CopPre_NPrePre2_BPre2_NStem	CopPre_NPrePre2_BPre2_NStem	CopPre_NPrePre2_BPre2_NStem	NStem_NStem_NStem_NStem
abaz_enz_el_a_yo	RelConc2_ReflPre_VRoot_ApplExt_VerbTerm_RelSuf	RelConc2_VRoot_ApplExt_VerbTerm_RelSuf	RelConc2_ReflPre_VRoot_ApplExt_VerbTerm_RelSuf	NStem_NStem_VRoot_NStem_NStem
na_ba_kw_az_i_yo	AdvPre_NPrePre2_BPre2_SC15_VRoot_VerbTerm_RelSuf	AdvPre_RelConc2_BPre15_VRoot_VerbTerm_RelSuf	AdvPre_NPrePre2_BPre2_SC15_VRoot_VerbTerm_RelSuf	NStem_NStem_NStem_NStem_NStem_NStem
u_ku_thath_a	NPrePre15_BPre15_VRoot_VerbTerm	NPrePre15_BPre15_VRoot_VerbTerm	NPrePre15_BPre15_VRoot_VerbTerm	VRoot_NStem_VRoot_NStem
i_n_xaxheba	NPrePre9_BPre9_NStem	NPrePre9_BPre9_NStem	NPrePre9_BPre9_NStem	NStem_NStem_NStem
e_ku_hlangabez_e_ni	LocPre_NPrePre15_BPre15_VRoot_VerbTerm_LocSuf	LocPre_BPre15_VRoot_VerbTerm_VerbTerm	LocPre_NPrePre15_BPre15_VRoot_VerbTerm_LocSuf	NStem_NStem_NStem_NStem_NStem
i_zin_to	NPrePre10_BPre10_NStem	NPrePre10_BPre10_NStem	NPrePre10_BPre10_NStem	NStem_NStem_NStem
ezi_phambili	RelConc10_Adv	RelConc10_Adv	RelConc10_Adv	PUNC_PUNC
ku_phuhliso	LocPre_NPrePre11_BPre11_NStem	LocPre_BPre11	LocPre_NPrePre11_BPre11_NStem	NStem_NStem
lwa_bo	PossConc11_PronStem2	PossConc11_PronStem2	PossConc11_PronStem2	PUNC_PUNC
.	Punc	PUNC	Punc	PUNC
U_lawulo	NPrePre11_NStem	NPrePre11_NStem	NPrePre11_NStem	NStem_NStem
lo_ku_sebenz_a	PossConc11_NPrePre15_BPre15_VRoot_VerbTerm	PossConc11_BPre15_VRoot_VerbTerm	PossConc11_NPrePre15_BPre15_VRoot_VerbTerm	VRoot_VRoot_NStem_NStem
s_i_si_xhobo	CopPre_NPrePre7_BPre7_NStem	CopPre_NPrePre7_BPre7_NStem	CopPre_NPrePre7_BPre7_NStem	NStem_NStem_NStem_NStem
esi_nga_setyenz_is_w_a	RelConc7_NegPre_VRoot_CausExt_PassExt_VerbTerm	RelConc7_NegPre_VRoot_CausExt_PassExt_VerbTerm	RelConc7_NegPre_VRoot_CausExt_PassExt_VerbTerm	VRoot_VRoot_VRoot_VRoot_VRoot_VRoot
u_ku_nced_a	NPrePre15_BPre15_VRoot_VerbTerm	NPrePre15_BPre15_VRoot_VerbTerm	NPrePre15_BPre15_VRoot_VerbTerm	NStem_NStem_NStem_NStem
ku_qinisek_is_w_e	SC15_VRoot_CausExt_PassExt_VerbTerm	SC15_VRoot_CausExt_PassExt_VerbTerm	SC15_VRoot_CausExt_PassExt_VerbTerm	NStem_NStem_NStem_NStem_NStem
u_ku_hanj_is_w_a	NPrePre15_BPre15_VRoot_CausExt_PassExt_VerbTerm	NPrePre15_BPre15_VRoot_CausExt_PassExt_VerbTerm	NPrePre15_BPre15_VRoot_CausExt_PassExt_VerbTerm	NStem_NStem_NStem_NStem_NStem_NStem
ngcono	Adv	Adv	Adv	NStem
kwe_e_n_konzo	PossConc15_NPrePre10_BPre10_NStem	PossConc15_NPrePre9_BPre9_NStem	PossConc15_NPrePre10_BPre10_NStem	VRoot_VRoot_NStem_VRoot
no_ku_phucul_a	AdvPre_NPrePre15_BPre15_VRoot_VerbTerm	AdvPre_BPre15_VRoot_VerbTerm	AdvPre_NPrePre15_BPre15_VRoot_VerbTerm	NStem_NStem_NStem_NStem
u_ku_sebenz_a	NPrePre15_BPre15_VRoot_VerbTerm	NPrePre15_BPre15_VRoot_VerbTerm	NPrePre15_BPre15_VRoot_VerbTerm	VRoot_NStem_NStem_NStem
ngezi_phumo	AdvPre_NPrePre8_BPre8_NStem	AdvPre_BPre10	AdvPre_NPrePre8_BPre8_NStem	NStem_NStem
na_nge_mi_gangatho	AdvPre_AdvPre_NPrePre4_BPre4_NStem	AdvPre_AdvPre_BPre4_NStem	AdvPre_AdvPre_NPrePre4_BPre4_NStem	NStem_NStem_NStem_NStem
e_ngcono	RelConc9_RelStem	RelConc9_RelStem	RelConc9_RelStem	NStem_NStem
.	Punc	PUNC	Punc	PUNC
Okwe_si_thathu	AdvPre_NPrePre7_BPre7_AdjStem	AdvPre_BPre7_AdjStem	AdvPre_NPrePre7_BPre7_AdjStem	VRoot_VRoot_NStem
,	Punc	PUNC	Punc	PUNC
i_mi_ba	NPrePre4_BPre4_NStem	NPrePre4_BPre4_NStem	NPrePre4_BPre4_NStem	NStem_NStem_NStem
e_phambili	RelConc9_Adv	RelConc4_Adv	RelConc9_Adv	PUNC_PUNC
yo_kw_and_is_a	PossConc4_NPrePre15_BPre15_VRoot_CausExt_VerbTerm	PossConc9_BPre15_VRoot_CausExt_VerbTerm	PossConc4_NPrePre15_BPre15_VRoot_CausExt_VerbTerm	NStem_NStem_NStem_NStem_VRoot
okanye	Conj	Conj	Conj	Conj
yo_ku_phucul_a	PossConc4_NPrePre15_BPre15_VRoot_VerbTerm	PossConc9_BPre15_VRoot_VerbTerm	PossConc4_NPrePre15_BPre15_VRoot_VerbTerm	VRoot_VRoot_VRoot_VRoot
i_in_konzo	NPrePre10_BPre10_NStem	NPrePre10_BPre10_NStem	NPrePre10_BPre10_NStem	PUNC_PUNC_PUNC
ku_funek_a	SC15_VRoot_VerbTerm	SC15_VRoot_VerbTerm	SC15_VRoot_VerbTerm	NStem_NStem_NStem
ku_gqity_w_e	SC15_VRoot_PassExt_VerbTerm	SC15_VRoot_PassExt_VerbTerm	SC15_VRoot_PassExt_VerbTerm	NStem_VRoot_VRoot_VRoot
nga_yo	AdvPre_PronStem9	AdvPre_PronStem9	AdvPre_PronStem9	PUNC_PUNC
.	Punc	PUNC	Punc	PUNC
Ba_kuba	SC2_AuxVStem	PossConc2_Conj	SC2_AuxVStem	PUNC_PUNC
be_cac_is_e	SC2_VRoot_CausExt_VerbTerm	SC2_VRoot_CausExt_VerbTerm	SC2_VRoot_CausExt_VerbTerm	NStem_NStem_NStem_NStem
i_zin_to	NPrePre10_BPre10_NStem	NPrePre10_BPre10_NStem	NPrePre10_BPre10_NStem	PUNC_PUNC_PUNC
aba_zi_fuman_is_il_e_yo	RelConc2_OC10_VRoot_Perf_VerbTerm_RelSuf	RelConc2_OC10_VRoot_CausExt_Perf_VerbTerm_RelSuf	RelConc2_OC10_VRoot_Perf_VerbTerm_RelSuf	VRoot_VRoot_VRoot_VRoot_VRoot_VRoot_VRoot
phambi	Adv	Adv	Adv	Conj
kwa_bo	PossConc15_PronStem2	PossConc15_PronStem2	PossConc15_PronStem2	PUNC_PUNC
bo_nke	QuantConc2_QuantStem	QuantConc2_QuantStem	QuantConc2_QuantStem	NStem_NStem
aba_ntu	NPrePre2_BPre2_NStem	RelConc2_NStem	NPrePre2_BPre2_NStem	NStem_PUNC
,	Punc	PUNC	Punc	PUNC
ba_z_ahlul_a	SC2_ReflPre_VRoot_VerbTerm	SC2_ReflPre_VRoot_VerbTerm	SC2_ReflPre_VRoot_VerbTerm	NStem_NStem_NStem_NStem
ng_okw_a_ma_qela	AdvPre_AdvPre_NPrePre6_BPre6_NStem	AdvPre_AdvPre_NPrePre6_BPre6_NStem	AdvPre_AdvPre_NPrePre6_BPre6_NStem	VRoot_VRoot_VRoot_NStem_VRoot
a_ma_ncinci	AdjPref6_AdjStem	NPrePre6_BPre6_AdjStem	AdjPref6_AdjStem	NStem_NStem_NStem
ba_nik_e	SC2_VRoot_VerbTerm	SC2_VRoot_VerbTerm	SC2_VRoot_VerbTerm	NStem_NStem_NStem
i_qela	NPrePre5_BPre5_NStem	NPrePre5_NStem	NPrePre5_BPre5_NStem	NStem_NStem
nga_li_nye	AdvPre_EnumConc5_EnumStem	AdvPre_EnumConc5_EnumStem	AdvPre_EnumConc5_EnumStem	PUNC_PUNC_PUNC
u_lu_dwe	NPrePre11_BPre11_NStem	NPrePre11_BPre11_NStem	NPrePre11_BPre11_NStem	NStem_NStem_NStem
lo_ku_qwalasel_a	PossConc11_NPrePre15_BPre15_VRoot_VerbTerm	PossConc11_BPre15_VRoot_VerbTerm	PossConc11_NPrePre15_BPre15_VRoot_VerbTerm	NStem_NStem_NStem_NStem
olu_nga_bhal_w_a_nga	RelConc11_NegPre_VRoot_PassExt_VerbTerm_NegPre	RelConc11_NegPre_VRoot_PassExt_VerbTerm_NegPre	RelConc11_NegPre_VRoot_PassExt_VerbTerm_NegPre	VRoot_NStem_VRoot_NStem_NStem_NStem
n_to	BPre9_NStem	BPre9_NStem	BPre9_NStem	PUNC_PUNC
nge_m_pahla	AdvPre_NPrePre9_BPre9_NStem	AdvPre_BPre9_NStem	AdvPre_NPrePre9_BPre9_NStem	NStem_NStem_NStem
e_xabis_ek_il_e_yo	RelConc9_VRoot_NeutExt_Perf_VerbTerm_RelSuf	RelConc9_VRoot_NeutExt_Perf_VerbTerm_RelSuf	RelConc9_VRoot_NeutExt_Perf_VerbTerm_RelSuf	NStem_NStem_NStem_NStem_NStem_NStem
.	Punc	PUNC	Punc	NStem
A_ba_thathi__n_xaxheba	NPrePre2_BPre2_NStem_BPre9_NStem	NPrePre2_BPre2_NStem_BPre9_NStem	NPrePre2_BPre2_NStem_BPre9_NStem	NStem_NStem_VRoot_VRoot_VRoot
ma_ba_zalis_e	ImpPre_SC2_VRoot_VerbTerm	ImpPre_SC2_VRoot_VerbTerm	ImpPre_SC2_VRoot_VerbTerm	NStem_NStem_NStem_NStem
u_lu_dwe	NPrePre11_BPre11_NStem	NPrePre11_BPre11_NStem	NPrePre11_BPre11_NStem	NStem_NStem_NStem
lo_ku_qwalasel_w_a	PossConc11_NPrePre15_BPre15_VRoot_PassExt_VerbTerm	PossConc11_BPre15_VRoot_PassExt_VerbTerm	PossConc11_NPrePre15_BPre15_VRoot_PassExt_VerbTerm	NStem_VRoot_VRoot_VRoot_VRoot
u_kw_enz_el_a	NPrePre15_BPre15_VRoot_ApplExt_VerbTerm	NPrePre15_BPre15_VRoot_ApplExt_VerbTerm	NPrePre15_BPre15_VRoot_ApplExt_VerbTerm	NStem_VRoot_NStem_NStem_NStem
i_qela	NPrePre5_BPre5_NStem	NPrePre5_NStem	NPrePre5_BPre5_NStem	NStem_NStem
eli_nye	AdjPref5_AdjStem	AdjPref5_AdjStem	AdjPref5_AdjStem	NStem_NStem
l_e_ze_n_tlalo	PossConc5_RelConc8_PossConc8_NPrePre9_BPre9_NStem	PossConc5_RelConc8_PossConc8_BPre9_NStem	PossConc5_RelConc8_PossConc8_NPrePre9_BPre9_NStem	NStem_VRoot_VRoot_VRoot_NStem
kw_i_wadi	LocPre_NPrePre9_NStem	LocPre_NPrePre9_NStem	LocPre_NPrePre9_NStem	NStem_NStem_NStem
ya_bo	PossConc9_PronStem2	PossConc4_PronStem2	PossConc9_PronStem2	PUNC_PUNC
.	Punc	PUNC	Punc	NStem
U_ku_sek_w_a	NPrePre15_BPre15_VRoot_PassExt_VerbTerm	NPrePre15_BPre15_VRoot_PassExt_VerbTerm	NPrePre15_BPre15_VRoot_PassExt_VerbTerm	VRoot_VRoot_VRoot_VRoot_VRoot
kwe_bhunga	PossConc15_NPrePre5_BPre5_NStem	PossConc15_NStem	PossConc15_NPrePre5_BPre5_NStem	NStem_NStem
le__AIDS	PossConc5_NPrePre9_Abbr	PossConc5_Abbr	PossConc5_NPrePre9_Abbr	PUNC_PUNC
kw_i_si_thili	LocPre_NPrePre7_BPre7_NStem	LocPre_NPrePre7_BPre7_NStem	LocPre_NPrePre7_BPre7_NStem	NStem_NStem_NStem_NStem
.	Punc	PUNC	Punc	PUNC
I_si_dima	NPrePre7_BPre7_NStem	NPrePre7_BPre7_NStem	NPrePre7_BPre7_NStem	NStem_NStem_NStem
_	Punc		Punc	
u_ku_thath_a	NPrePre15_BPre15_VRoot_VerbTerm	NPrePre15_BPre15_VRoot_VerbTerm	NPrePre15_BPre15_VRoot_VerbTerm	NStem_NStem_NStem_NStem
i_n_xaxheba	NPrePre9_BPre9_NStem	NPrePre9_BPre9_NStem	NPrePre9_BPre9_NStem	NStem_NStem_VRoot
na_ma_qela	AdvPre_NPrePre6_BPre6_NStem	AdvPre_BPre6_NStem	AdvPre_NPrePre6_BPre6_NStem	NStem_NStem_NStem
o_nke	QuantConc6_QuantStem	QuantConc6_QuantStem	QuantConc6_QuantStem	NStem_NStem
a_chaphazel_ek_a_yo	RelConc6_VRoot_NeutExt_VerbTerm_RelSuf	RelConc6_VRoot_NeutExt_VerbTerm_RelSuf	RelConc6_VRoot_NeutExt_VerbTerm_RelSuf	NStem_NStem_NStem_VRoot_NStem
ku_funek_a	SC15_VRoot_VerbTerm	SC15_VRoot_VerbTerm	SC15_VRoot_VerbTerm	NStem_NStem_NStem
ku_sek_el_w_e	SC15_VRoot_ApplExt_PassExt_VerbTerm	SC15_VRoot_ApplExt_PassExt_VerbTerm	SC15_VRoot_ApplExt_PassExt_VerbTerm	NStem_NStem_NStem_NStem_NStem
kw_i_n_tlonipho	LocPre_NPrePre9_BPre9_NStem	LocPre_NPrePre9_BPre9_NStem	LocPre_NPrePre9_BPre9_NStem	VRoot_VRoot_VRoot_VRoot
ya_ma_cala	PossConc9_NPrePre6_BPre6_NStem	PossConc9_BPre6_NStem	PossConc9_NPrePre6_BPre6_NStem	PUNC_PUNC_PUNC
,	Punc	PUNC	Punc	NStem
u_ku_lingan_a	NPrePre15_BPre15_VRoot_VerbTerm	NPrePre15_BPre15_VRoot_VerbTerm	NPrePre15_BPre15_VRoot_VerbTerm	NStem_NStem_NStem_VRoot
ne_si_dima	AdvPre_NPrePre7_BPre7_NStem	AdvPre_BPre7_NStem	AdvPre_NPrePre7_BPre7_NStem	NStem_NStem_NStem
.	Punc	PUNC	Punc	PUNC
U_sodolophu	NPrePre1a_NStem	NPrePre1a_NStem	NPrePre1a_NStem	NStem_NStem
u_Mathabo	NPrePre1a_ProperName	NPrePre3_ProperName	NPrePre1a_ProperName	PUNC_PUNC
Le_e_to	ProperName	PossConc5_NPrePre10_NStem	ProperName	PUNC_PUNC_PUNC
ku_masipala	LocPre_NPrePre1a_NStem	LocPre_NStem	LocPre_NPrePre1a_NStem	NStem_NStem
i_Matjha_be_ng	NPrePre9_NStem	NPrePre9_ProperName_Past_CopPre	NPrePre9_NStem	NStem_NStem_NStem_NStem
e_Free	LocPre_ProperName	LocPre_ProperName	LocPre_ProperName	PUNC_PUNC
State	ProperName	ProperName	ProperName	PUNC
wa_ngen_a	SC1a_Past_VRoot_VerbTerm	OC6_VRoot_VerbTerm	SC1a_Past_VRoot_VerbTerm	NStem_NStem_NStem
e_ofisi_ni	LocPre_NStem_LocSuf	LocPre_NStem_LocSuf	LocPre_NStem_LocSuf	PUNC_PUNC_PUNC
ngo_Matshi	AdvPre_NPrePre1a_ProperName	AdvPre_ProperName	AdvPre_NPrePre1a_ProperName	NStem_NStem
2006	Num	NUM	Num	PUNC
.	Punc	PUNC	Punc	PUNC
Ng_eli	AdvPre_Dem5_Pos1	AdvPre_RelConc5	AdvPre_Dem5_Pos1	PUNC_PUNC
xesha	NStem	NStem	NStem	NStem
waye_ngen_a	SC1a_Past_SC1a_VRoot_VerbTerm	PossConc9_VRoot_VerbTerm	SC1a_Past_SC1a_VRoot_VerbTerm	NStem_NStem_NStem
ku_le	LocPre_Dem9_Pos1	SC15_CDEM09	LocPre_Dem9_Pos1	PUNC_Conj
ofisi	NStem	NStem	NStem	PUNC
u_masipala	NPrePre1a_NStem	NPrePre1a_NStem	NPrePre1a_NStem	NStem_NStem
wayetyala	SC1a_Past_SC1a_VRoot_VerbTerm	POSS04	SC1a_Past_SC1a_VRoot_VerbTerm	NStem
i_mali	NPrePre9_NStem	NPrePre9_NStem	NPrePre9_NStem	PUNC_PUNC
e_ninzi	AdjPref9_AdjStem	AdjPref9_AdjStem	AdjPref9_AdjStem	NStem_NStem
ya_ma_nzi	PossConc9_NPrePre6_BPre6_NStem	PossConc9_BPre6_NStem	PossConc9_NPrePre6_BPre6_NStem	NStem_NStem_NStem
kw_i_Se_dibe_ng	LocPre_NPrePre9_ProperName	LocPre_NPrePre7_Pro_NStem_BPre9	LocPre_NPrePre9_ProperName	NStem_NStem_NStem_NStem_NStem
Water	Foreign	Foreign	Foreign	Conj
.	Punc	PUNC	Punc	PUNC
Ku_nge_ka_bi	CopPre_NegPre_ExclNeg_Cop	CopPre_NegPre_CopPre_Cop	CopPre_NegPre_ExclNeg_Cop	NStem_NStem_NStem_NStem
ku_dala	CopPre_AdjStem	CopPre_AdjStem	CopPre_AdjStem	PUNC_PUNC
e_m_va	LocPre_NPrePre3_BPre3_NStem	LocPre_BPre3_NStem	LocPre_NPrePre3_BPre3_NStem	NStem_NStem_NStem
ko_ku_ngen_a	PossConc15_NPrePre15_BPre15_VRoot_VerbTerm	PossConc15_BPre15_VRoot_VerbTerm	PossConc15_NPrePre15_BPre15_VRoot_VerbTerm	NStem_NStem_NStem_NStem
ku_le	LocPre_Dem9_Pos1	SC15_CDEM09	LocPre_Dem9_Pos1	PUNC_PUNC
ofisi	NStem	NStem	NStem	PUNC
elo	Dem5_Pos2	CDEM05	Dem5_Pos2	PUNC
tyala	NStem	NStem	NStem	PUNC
lase_li_hlawul_w_e	SC5_Past_Pro_OC5_VRoot_PassExt_VerbTerm	Pro_SC5_VRoot_PassExt_VerbTerm	SC5_Past_Pro_OC5_VRoot_PassExt_VerbTerm	NStem_NStem_NStem_VRoot_VRoot
.	Punc	PUNC	Punc	PUNC
Nga_phandle	AdvPre_Adv	AdvPre_Adv	AdvPre_Adv	NStem_NStem
kw_eli	LocPre_Dem5_Pos1	PossConc15_CDEM05	LocPre_Dem5_Pos1	PUNC_PUNC
tyala	NStem	NStem	NStem	PUNC
,	Punc	PUNC	Punc	PUNC
kw_a_ku_kho	CopPre_Past_CopPre_Adv	SC15_Past_CopPre_Adv	CopPre_Past_CopPre_Adv	NStem_NStem_NStem_NStem
i_tyala	NPrePre5_BPre5_NStem	NPrePre5_NStem	NPrePre5_BPre5_NStem	NStem_NStem
le_mi_n_xeba	PossConc5_NPrePre4_BPre4_NStem	PossConc5_BPre4_BPre9_NStem	PossConc5_NPrePre4_BPre4_NStem	NStem_NStem_NStem_NStem
ye_e_ofisi	PossConc4_NPrePre10_BPre10_NStem	PossConc9_NPrePre9_NStem	PossConc4_NPrePre10_BPre10_NStem	NStem_NStem_NStem
zi_ka_masipala	PossConc10_PossKA_NStem	PossConc10_PossKA_NStem	PossConc10_PossKA_NStem	NStem_VRoot_VRoot
na_lo	AdvPre_PronStem5	AdvPre_PronStem11	AdvPre_PronStem5	NStem_NStem
lali_ntinga	SC5_Past_SC5_VRoot_VerbTerm	NStem_NStem	SC5_Past_SC5_VRoot_VerbTerm	NStem_NStem
kunye	Conj	Conj	Conj	PUNC
no_ku_ngaqokelel_w_a	AdvPre_NPrePre15_BPre15_NegPre_VRoot_PassExt_VerbTerm	AdvPre_BPre15_VRoot_PassExt_VerbTerm	AdvPre_NPrePre15_BPre15_NegPre_VRoot_PassExt_VerbTerm	VRoot_VRoot_VRoot_VRoot_VRoot
kaku_hl_e	AdvPre_AdjStem	AdvPre_VRoot_VerbTerm	AdvPre_AdjStem	NStem_NStem_NStem
kwe_mali	PossConc15_NPrePre9_NStem	PossConc15_NStem	PossConc15_NPrePre9_NStem	PUNC_PUNC
e_ngen_a_yo	RelConc9_VRoot_VerbTerm_RelSuf	RelConc9_VRoot_VerbTerm_RelSuf	RelConc9_VRoot_VerbTerm_RelSuf	NStem_NStem_NStem_NStem
kwa_shiy_a	SC15_Past_VRoot_VerbTerm	PossConc15_VRoot_VerbTerm	SC15_Past_VRoot_VerbTerm	NStem_NStem_NStem
lo	Dem1a_Pos1	CDEM03	Dem1a_Pos1	PUNC
masipala	NStem	NStem	NStem	NStem
e_ntyumpantyum_pek_a	SC1a_VRoot_VerbTerm	RelConc9_VRoot_VRoot_VerbTerm	SC1a_VRoot_VerbTerm	VRoot_NStem_VRoot_VRoot
e_ma_tyal_e_ni	LocPre_NPrePre6_BPre6_NStem_LocSuf	LocPre_BPre6_NStem_LocPre_LocSuf	LocPre_NPrePre6_BPre6_NStem_LocSuf	NStem_NStem_NStem_NStem_NStem
.	Punc	PUNC	Punc	PUNC
Lo	Dem1a_Pos1	CDEM03	Dem1a_Pos1	Conj
sodolophu	NStem	NStem	NStem	NStem
wa_sek_a	SC1a_Past_VRoot_VerbTerm	OC6_VRoot_VerbTerm	SC1a_Past_VRoot_VerbTerm	NStem_NStem_NStem
i_komiti	NPrePre9_NStem	NPrePre9_NStem	NPrePre9_NStem	NStem_NStem
e_ya_yi_jong_en_e	RelConc9_Pres_SC9_VRoot_RecipExt_VerbTerm	RelConc9_Pres_OC9_VRoot_RecipExt_VerbTerm	RelConc9_Pres_SC9_VRoot_RecipExt_VerbTerm	NStem_NStem_VRoot_NStem_NStem_VRoot
ne_mali	AdvPre_NPrePre9_NStem	AdvPre_NStem	AdvPre_NPrePre9_NStem	PUNC_PUNC
e_ngen_a_yo	RelConc9_VRoot_VerbTerm_RelSuf	RelConc9_VRoot_VerbTerm_RelSuf	RelConc9_VRoot_VerbTerm_RelSuf	NStem_NStem_NStem_NStem
n_e_phum_a_yo	AdvPre_RelConc9_VRoot_VerbTerm_RelSuf	AdvPre_RelConc9_VRoot_VerbTerm_RelSuf	AdvPre_RelConc9_VRoot_VerbTerm_RelSuf	NStem_NStem_NStem_NStem_NStem
n_e_y_a_yi_hlangan_a	AdvPre_RelConc9_Past_SC9_VRoot_VerbTerm	AdvPre_RelConc9_SC9_VerbTerm_OC9_VRoot_VerbTerm	AdvPre_RelConc9_Past_SC9_VRoot_VerbTerm	VRoot_NStem_VRoot_VRoot_VRoot_VRoot_VRoot
ka_nye	AdvPre_AdjStem	AdvPre_AdjStem	AdvPre_AdjStem	PUNC_PUNC
nge_veki	AdvPre_NPrePre9_NStem	AdvPre_NStem	AdvPre_NPrePre9_NStem	NStem_NStem
i_nik_e	SC9_VRoot_VerbTerm	SC9_VRoot_VerbTerm	SC9_VRoot_VerbTerm	NStem_PUNC_NStem
i_in_gxelo	NPrePre10_BPre10_NStem	NPrePre10_BPre10_NStem	NPrePre10_BPre10_NStem	NStem_NStem_NStem
nge_mali	AdvPre_NPrePre9_NStem	AdvPre_NStem	AdvPre_NPrePre9_NStem	PUNC_PUNC
e_ngen_a_yo	RelConc9_VRoot_VerbTerm_RelSuf	RelConc9_VRoot_VerbTerm_RelSuf	RelConc9_VRoot_VerbTerm_RelSuf	NStem_NStem_NStem_NStem
n_e_phum_a_yo	AdvPre_RelConc9_VRoot_VerbTerm_RelSuf	AdvPre_RelConc9_VRoot_VerbTerm_RelSuf	AdvPre_RelConc9_VRoot_VerbTerm_RelSuf	NStem_NStem_NStem_NStem_NStem
ku_masipala	LocPre_NPrePre1a_NStem	LocPre_NStem	LocPre_NPrePre1a_NStem	NStem_NStem
kunye	Conj	Conj	Conj	PUNC
ne_e_n_konzo	AdvPre_NPrePre10_BPre10_NStem	AdvPre_NPrePre9_BPre9_NStem	AdvPre_NPrePre10_BPre10_NStem	NStem_NStem_NStem_NStem
ezi_buthathaka	RelConc10_RelStem	RelConc10_RelStem	RelConc10_RelStem	NStem_NStem
ku_m_sebenzi	LocPre_NPrePre3_BPre3_NStem	LocPre_BPre3_NStem	LocPre_NPrePre3_BPre3_NStem	NStem_NStem_NStem
ka_masipala	PossKA_NPrePre1a_NStem	PossKA_NStem	PossKA_NPrePre1a_NStem	NStem_NStem
na_ku_nikezelo	AdvPre_LocPre_NStem	AdvPre_LocPre_NStem	AdvPre_LocPre_NStem	PUNC_PUNC_PUNC
lwe_e_n_konzo	PossConc11_NPrePre10_BPre10_NStem	PossConc11_NPrePre9_BPre9_NStem	PossConc11_NPrePre10_BPre10_NStem	NStem_NStem_NStem_VRoot
.	Punc	PUNC	Punc	PUNC
Njeng_oko	AdvPre_Dem15_Pos2	AdvPre_RelConc15	AdvPre_Dem15_Pos2	NStem_NStem
u_masipala	NPrePre1a_NStem	NPrePre1a_NStem	NPrePre1a_NStem	NStem_NStem
waye_no_lw_az_i	SC1a_Past_AdvPre_NPrePre11_BPre11_VRoot_VerbTerm	PossConc3_AdvPre_BPre11_VRoot_VerbTerm	SC1a_Past_AdvPre_NPrePre11_BPre11_VRoot_VerbTerm	VRoot_NStem_VRoot_VRoot_NStem
olu_ncinci	AdjPref11_AdjStem	AdjPref11_AdjStem	AdjPref11_AdjStem	NStem_NStem
ng_a_ba_hlali	AdvPre_NPrePre2_BPre2_NStem	CopPre_NPrePre2_BPre2_NStem	AdvPre_NPrePre2_BPre2_NStem	VRoot_VRoot_NStem_NStem
ba_lo	PossConc2_PronStem5	PossConc2_PronStem5	PossConc2_PronStem5	PUNC_PUNC
masipala	NStem	NStem	NStem	NStem
,	Punc	PUNC	Punc	PUNC
kw_a_qal_is_w_a	SC15_Past_VRoot_CausExt_VerbExt_VerbTerm	SC15_Past_VRoot_CausExt_PassExt_VerbTerm	SC15_Past_VRoot_CausExt_VerbExt_VerbTerm	NStem_NStem_NStem_VRoot_NStem_VRoot
i_projekthi	NPrePre9_NStem	NPrePre9_NStem	NPrePre9_NStem	NStem_NStem
yo_ku_qokelel_a	PossConc9_NPrePre15_BPre15_VRoot_VerbTerm	PossConc9_BPre15_VRoot_VerbTerm	PossConc9_NPrePre15_BPre15_VRoot_VerbTerm	VRoot_NStem_VRoot_NStem
u_lw_az_i	NPrePre11_BPre11_NStem	NPrePre11_BPre11_VRoot_VerbTerm	NPrePre11_BPre11_NStem	NStem_NStem_NStem_NStem
u_kuze	Conj	NPrePre15_NStem	Conj	PUNC_PUNC
u_masipala	NPrePre1a_NStem	NPrePre1a_NStem	NPrePre1a_NStem	NStem_NStem
a_be	CopPre_Cop	CopPre_Cop	CopPre_Cop	Conj_Conj
no_lw_az_i	AdvPre_NPrePre11_BPre11_NStem	AdvPre_BPre11_VRoot_VerbTerm	AdvPre_NPrePre11_BPre11_NStem	NStem_NStem_NStem_NStem
olu_ngcono	RelConc11_RelStem	RelConc11_RelStem	RelConc11_RelStem	NStem_NStem
ma_lunga	Adv	BPre6_NStem	Adv	PUNC_PUNC
no_kuba	AdvPre_Conj	AdvPre_Conj	AdvPre_Conj	PUNC_PUNC
ma_ngaphi	AdjPref6_AdjStem	AdjPref6_AdjStem	AdjPref6_AdjStem	NStem_NStem
a_ma_khaya	NPrePre6_BPre6_NStem	NPrePre6_BPre6_NStem	NPrePre6_BPre6_NStem	NStem_NStem_NStem
e_ku_funek_a	RelConc6_SC15_VRoot_VerbTerm	RelConc9_SC15_VRoot_VerbTerm	RelConc6_SC15_VRoot_VerbTerm	NStem_NStem_NStem_NStem
iw_a_hli_nz_ek_e	SC9_OC6_VRoot_VerbTerm	SC11_Past_VRoot_VRoot_NeutExt_VerbTerm	SC9_OC6_VRoot_VerbTerm	NStem_VRoot_NStem_VRoot_NStem_NStem
nga_ma_nzi	CopPre_NPrePre6_BPre6_NStem	AdvPre_BPre6_NStem	CopPre_NPrePre6_BPre6_NStem	NStem_NStem_NStem
no_m_bane	AdvPre_NPrePre3_BPre3_NStem	AdvPre_BPre3_NStem	AdvPre_NPrePre3_BPre3_NStem	NStem_NStem_NStem
no_kuba	AdvPre_Conj	AdvPre_Conj	AdvPre_Conj	PUNC_PUNC
zi_yi_n_to_ni	CopPre_CopPre_BPre9_NStem_InterrogSuf	CopPre_CopPre_BPre9_NStem_InterrogSuf	CopPre_CopPre_BPre9_NStem_InterrogSuf	NStem_NStem_NStem_NStem_NStem
i_zi_dingo	NPrePre8_BPre8_NStem	NPrePre8_BPre8_NStem	NPrePre8_BPre8_NStem	NStem_NStem_NStem
ze_e_n_konzo	PossConc10_NPrePre10_BPre10_NStem	PossConc10_NPrePre10_BPre9_NStem	PossConc10_NPrePre10_BPre10_NStem	NStem_NStem_NStem_NStem
za_bo	PossConc8_PronStem2	PossConc10_PronStem2	PossConc8_PronStem2	NStem_NStem
.	Punc	PUNC	Punc	NStem
U_thi	SC2ps_VRoot_VerbTerm	NPrePre1a_NStem	SC2ps_VRoot_VerbTerm	NStem_PUNC
e_yo_na	SC9_PronStem9_PronSuf	SC9_PronStem9_PronSuf	SC9_PronStem9_PronSuf	PUNC_PUNC_PUNC
n_to	BPre9_NStem	BPre9_NStem	BPre9_NStem	PUNC_PUNC
i_m_ncedil_e_yo	SC9_OC1a_VRoot_Perf_VerbTerm_RelSuf	RelConc9_BPre9_VRoot_VerbTerm_RelSuf	SC9_OC1a_VRoot_Perf_VerbTerm_RelSuf	NStem_VRoot_VRoot_VRoot_VRoot
u_ku_phumez_a	NPrePre15_BPre15_VRoot_VerbTerm	NPrePre15_BPre15_VRoot_VerbTerm	NPrePre15_BPre15_VRoot_VerbTerm	NStem_NStem_NStem_NStem
oku	Dem15_Pos1	CDEM15	Dem15_Pos1	PUNC
y_i_n_dlel_a	CopPre_NPrePre9_BPre9_NStem	CopPre_NPrePre9_BPre9_VRoot_VerbTerm	CopPre_NPrePre9_BPre9_NStem	NStem_VRoot_VRoot_VRoot_NStem
yo_ku_sebenz_is_a	PossConc9_NPrePre15_BPre15_VRoot_CausExt_VerbTerm	PossConc9_BPre15_VRoot_CausExt_VerbTerm	PossConc9_NPrePre15_BPre15_VRoot_CausExt_VerbTerm	NStem_VRoot_NStem_NStem_NStem
i_in_dlel_a	NPrePre10_BPre10_NStem	NPrePre10_BPre10_VRoot_VerbTerm	NPrePre10_BPre10_NStem	NStem_NStem_NStem_NStem
ya_bon_a	PossConc9_LocPre_PronStem2_PronSuf	PossConc4_VRoot_VerbTerm	PossConc9_LocPre_PronStem2_PronSuf	PUNC_PUNC_PUNC
ba_ntu	BPre2_NStem	BPre2_NStem	BPre2_NStem	NStem_NStem
ba_phantsi	RelConc2_Adv	CopPre_Adv	RelConc2_Adv	NStem_NStem
.	Punc	PUNC	Punc	NStem
U_M_thetho	NPrePre3_BPre3_NStem	NPrePre3_BPre3_NStem	NPrePre3_BPre3_NStem	NStem_NStem_NStem
o_biz_w_a	RelConc3_VRoot_PassExt_VerbTerm	RelConc3_VRoot_PassExt_VerbTerm	RelConc3_VRoot_PassExt_VerbTerm	NStem_NStem_NStem_NStem
The	Foreign	Foreign	Foreign	PUNC
Minicipal	Foreign	ProperName	Foreign	PUNC
Property	Foreign	Foreign	Foreign	PUNC
Rates	Foreign	Foreign	Foreign	PUNC
Act	Foreign	Foreign	Foreign	PUNC
u_khokel_a	SC3_VRoot_VerbTerm	SC3_VRoot_VerbTerm	SC3_VRoot_VerbTerm	NStem_NStem_NStem
oo_masipala	NPrePre2a_NStem	NPrePre2a_NStem	NPrePre2a_NStem	NStem_NStem
ne_n_dlel_a	AdvPre_NPrePre9_BPre9_NStem	AdvPre_BPre9_VRoot_VerbTerm	AdvPre_NPrePre9_BPre9_NStem	NStem_NStem_NStem_NStem
aba_fanel_e	RelConc2_VRoot_VerbTerm	RelConc2_VRoot_VerbTerm	RelConc2_VRoot_VerbTerm	NStem_NStem_NStem
u_ku_m_is_el_a	NPrePre15_BPre15_VRoot_CausExt_ApplExt_VerbTerm	NPrePre15_BPre15_VRoot_CausExt_ApplExt_VerbTerm	NPrePre15_BPre15_VRoot_CausExt_ApplExt_VerbTerm	NStem_NStem_NStem_NStem_NStem_NStem
i_in_tlawulo	NPrePre10_BPre10_NStem	NPrePre10_BPre10_NStem	NPrePre10_BPre10_NStem	NStem_NStem_NStem
nga_yo	AdvPre_PronStem9	AdvPre_PronStem9	AdvPre_PronStem9	NStem_NStem
(	Punc	PUNC	Punc	PUNC
i_i_rhafu	NPrePre10_BPre10_NStem	NPrePre10_BPre10_NStem	NPrePre10_BPre10_NStem	NStem_NStem_NStem
nge_ntlawulo	AdvPre_NPrePre9_BPre9_NStem	AdvPre_Adv	AdvPre_NPrePre9_BPre9_NStem	NStem_NStem
)	Punc	PUNC	Punc	Conj
kw_i_in_dawo	LocPre_NPrePre10_BPre10_NStem	LocPre_NPrePre10_BPre10_NStem	LocPre_NPrePre10_BPre10_NStem	NStem_NStem_NStem_NStem
za_bo	PossConc10_PronStem2	PossConc10_PronStem2	PossConc10_PronStem2	PUNC_PUNC
.	Punc	PUNC	Punc	PUNC
U_M_thetho	NPrePre3_BPre3_NStem	NPrePre3_BPre3_NStem	NPrePre3_BPre3_NStem	NStem_NStem_NStem
u_ne_n_jongo	CopPre_AdvPre_NPrePre9_BPre9_NStem	CopPre_CopPre_BPre9_NStem	CopPre_AdvPre_NPrePre9_BPre9_NStem	NStem_NStem_NStem_NStem
yo_kw_enz_a	PossConc9_NPrePre15_BPre15_VRoot_VerbTerm	PossConc9_BPre15_VRoot_VerbTerm	PossConc9_NPrePre15_BPre15_VRoot_VerbTerm	NStem_PUNC_NStem_NStem
i_in_dlel_a	NPrePre10_BPre10_NStem	NPrePre10_BPre10_VRoot_VerbTerm	NPrePre10_BPre10_NStem	NStem_VRoot_VRoot_NStem
zo_ku_bek_a	PossConc10_NPrePre15_BPre15_VRoot_VerbTerm	PossConc10_BPre15_VRoot_VerbTerm	PossConc10_NPrePre15_BPre15_VRoot_VerbTerm	NStem_NStem_NStem_NStem
i_xabiso	NPrePre5_BPre5_NStem	NPrePre5_NStem	NPrePre5_BPre5_NStem	NStem_NStem
e_m_pahle_ni	LocPre_NPrePre9_BPre9_NStem_LocSuf	LocPre_BPre9_NStem_LocSuf	LocPre_NPrePre9_BPre9_NStem_LocSuf	NStem_NStem_NStem_NStem
ngo_hlobo	AdvPre_NPrePre11_BPre11_NStem	AdvPre_BPre11	AdvPre_NPrePre11_BPre11_NStem	PUNC_PUNC
olu_bek_a	RelConc11_VRoot_VerbTerm	RelConc11_VRoot_VerbTerm	RelConc11_VRoot_VerbTerm	NStem_NStem_NStem
i_in_tlawulo	NPrePre10_BPre10_NStem	NPrePre10_BPre10_NStem	NPrePre10_BPre10_NStem	NStem_VRoot_NStem
ezi_nga_khethi	RelConc10_NegPre_VRoot_VerbTerm	RelConc10_AdvPre_NStem	RelConc10_NegPre_VRoot_VerbTerm	NStem_NStem_NStem
cala	NStem	NStem	NStem	Conj
na_ngo_bu_lungis_a	AdvPre_AdvPre_NPrePre14_BPre14_NStem	AdvPre_AdvPre_BPre14_VRoot_VerbTerm	AdvPre_AdvPre_NPrePre14_BPre14_NStem	VRoot_VRoot_VRoot_VRoot_VRoot
.	Punc	PUNC	Punc	NStem
U_ku_vavany_a	NPrePre15_BPre15_VRoot_VerbTerm	NPrePre15_BPre15_VRoot_VerbTerm	NPrePre15_BPre15_VRoot_VerbTerm	VRoot_VRoot_VRoot_NStem
i_projekthi	NPrePre9_NStem	NPrePre9_NStem	NPrePre9_NStem	PUNC_NStem
_	Punc		Punc	
u_ku_s_a	NPrePre15_BPre15_VRoot_VerbTerm	NPrePre15_BPre15_VRoot_VerbTerm	NPrePre15_BPre15_VRoot_VerbTerm	NStem_NStem_NStem_NStem
i_so	NPrePre5_BPre5_NStem	NPrePre5_NStem	NPrePre5_BPre5_NStem	NStem_NStem
no_ku_phononong_a	AdvPre_NPrePre15_BPre15_VRoot_VerbTerm	AdvPre_BPre15_VRoot_VerbTerm	AdvPre_NPrePre15_BPre15_VRoot_VerbTerm	NStem_NStem_NStem_NStem
ku_setyenz_is_w_a	SC15_VRoot_CausExt_PassExt_VerbTerm	SC15_VRoot_CausExt_PassExt_VerbTerm	SC15_VRoot_CausExt_PassExt_VerbTerm	NStem_NStem_NStem_NStem_NStem
i_z_alathisi	NPrePre8_BPre8_NStem	NPrePre8_BPre8_NStem	NPrePre8_BPre8_NStem	NStem_NStem_NStem
e_sel_e	RelConc8_AuxVStem	RelConc9_VRoot_VerbTerm	RelConc8_AuxVStem	NStem_NStem_NStem
zi_m_is_iw_e	SC8_VRoot_CausExt_PassExt_VerbTerm	SC10_VRoot_CausExt_PassExt_VerbTerm	SC8_VRoot_CausExt_PassExt_VerbTerm	NStem_NStem_NStem_NStem_NStem
u_ku_jong_a	NPrePre15_BPre15_VRoot_VerbTerm	NPrePre15_BPre15_VRoot_VerbTerm	NPrePre15_BPre15_VRoot_VerbTerm	NStem_NStem_NStem_NStem
i_n_dlel_a	NPrePre9_BPre9_NStem	NPrePre9_BPre9_VRoot_VerbTerm	NPrePre9_BPre9_NStem	VRoot_NStem_NStem_NStem
i_projekthi	NPrePre9_NStem	NPrePre9_NStem	NPrePre9_NStem	NStem_PUNC
e_qhub_el_a	RelConc9_VRoot_ApplExt_VerbTerm	RelConc9_VRoot_ApplExt_VerbTerm	RelConc9_VRoot_ApplExt_VerbTerm	VRoot_VRoot_NStem_NStem
phambili	Adv	Adv	Adv	PUNC
nga_yo	AdvPre_PronStem9	AdvPre_PronStem9	AdvPre_PronStem9	PUNC_PUNC
,	Punc	PUNC	Punc	PUNC
y_e_yi_phi	CopPre_RelConc4_EnumConc4_EnumStem	CopPre_RelConc9_EnumConc9_EnumStem	CopPre_RelConc4_EnumConc4_EnumStem	NStem_NStem_NStem_NStem
i_mi_ngeni	NPrePre4_BPre4_NStem	NPrePre4_BPre4_NStem	NPrePre4_BPre4_NStem	NStem_NStem_NStem
e_vel_il_e_yo	RelConc4_VRoot_Perf_VerbTerm_RelSuf	RelConc9_VRoot_Perf_VerbTerm_RelSuf	RelConc4_VRoot_Perf_VerbTerm_RelSuf	NStem_NStem_NStem_NStem_NStem
no_kuba	AdvPre_Conj	AdvPre_Conj	AdvPre_Conj	NStem_NStem
ku_funek_a	SC5_VRoot_VerbTerm	SC15_VRoot_VerbTerm	SC5_VRoot_VerbTerm	NStem_NStem_NStem
ku_lungelelan_is_w_e	SC15_VRoot_CausExt_PassExt_VerbTerm	SC15_VRoot_CausExt_PassExt_VerbTerm	SC15_VRoot_CausExt_PassExt_VerbTerm	NStem_VRoot_NStem_VRoot_NStem
njani	Adv	Adv	Adv	NStem
u_ku_qhuty_w_a	NPrePre15_BPre15_VRoot_PassExt_VerbTerm	NPrePre15_BPre15_VRoot_PassExt_VerbTerm	NPrePre15_BPre15_VRoot_PassExt_VerbTerm	NStem_NStem_VRoot_NStem_NStem
.	Punc	PUNC	Punc	PUNC
U_kuba	Conj	SC2ps_Conj	Conj	NStem_NStem
u_masipala	NPrePre1a_NStem	NPrePre1a_NStem	NPrePre1a_NStem	NStem_NStem
u_cinga	SC1a_VRoot_VerbTerm	NPrePre11_NStem	SC1a_VRoot_VerbTerm	NStem_NStem
u_ku_sek_a	NPrePre15_BPre15_VRoot_VerbTerm	NPrePre15_BPre15_VRoot_VerbTerm	NPrePre15_BPre15_VRoot_VerbTerm	NStem_NStem_NStem_NStem
i_si_cwangciso__nkqubo	NPrePre7_BPre7_NStem_BPre9_NStem	NPrePre7_BPre7_NStem_NStem	NPrePre7_BPre7_NStem_BPre9_NStem	VRoot_VRoot_NStem_VRoot
se__HIV	PossConc7_NPrePre9_Abbr	PossConc7_Abbr	PossConc7_NPrePre9_Abbr	PUNC_PUNC
/	Punc	PUNC	Punc	Conj
AIDS	Abbr	Abbr	Abbr	PUNC
.	Punc	PUNC	Punc	PUNC
I_n_kqubo	NPrePre9_BPre9_NStem	NPrePre9_BPre9_NStem	NPrePre9_BPre9_NStem	NStem_VRoot_NStem
e_sebenz_a_yo	RelConc9_VRoot_VerbTerm_RelSuf	RelConc9_VRoot_VerbTerm_RelSuf	RelConc9_VRoot_VerbTerm_RelSuf	NStem_NStem_NStem_NStem
ye__HIV	PossConc9_NPrePre9_Abbr	PossConc9_Abbr	PossConc9_NPrePre9_Abbr	PUNC_PUNC
/	Punc	PUNC	Punc	PUNC
AIDS	Abbr	Abbr	Abbr	PUNC
i_fun_a	SC9_VRoot_VerbTerm	SC9_VRoot_VerbTerm	SC9_VRoot_VerbTerm	NStem_NStem_NStem
i_n_kqubo__si_khokelo	NPrePre9_BPre9_NStem_BPre7_NStem	NPrePre9_BPre9_NStem_BPre7_NStem	NPrePre9_BPre9_NStem_BPre7_NStem	VRoot_VRoot_VRoot_VRoot_VRoot
ne_n_tsebenziswano	AdvPre_NPrePre9_BPre9_NStem	AdvPre_BPre9_NStem	AdvPre_NPrePre9_BPre9_NStem	NStem_VRoot_NStem
kunye	Conj	Conj	Conj	PUNC
ne_n_kxaso	AdvPre_NPrePre9_BPre9_NStem	AdvPre_BPre9_NStem	AdvPre_NPrePre9_BPre9_NStem	NStem_NStem_NStem
e_suk_a	RelConc6_SC9_VRoot_VerbTerm	RelConc9_VRoot_VerbTerm	RelConc6_SC9_VRoot_VerbTerm	PUNC_PUNC_PUNC
ku_wo	LocPre_PronStem6	LocPre_PronStem6	LocPre_PronStem6	PUNC_PUNC
o_nke	QuantConc6_QuantStem	QuantConc6_QuantStem	QuantConc6_QuantStem	NStem_NStem
a_ma_qela	NPrePre6_BPre6_NStem	NPrePre6_BPre6_NStem	NPrePre6_BPre6_NStem	NStem_NStem_NStem
a_chaphazel_ek_a_yo	RelConc6_VRoot_NeutExt_VerbTerm_RelSuf	RelConc6_VRoot_NeutExt_VerbTerm_RelSuf	RelConc6_VRoot_NeutExt_VerbTerm_RelSuf	NStem_NStem_VRoot_NStem_VRoot
.	Punc	PUNC	Punc	PUNC
I_bhunga	NPrePre5_NStem	NPrePre5_NStem	NPrePre5_NStem	NStem_NStem
li_nga_sek_a	SC5_Pot_VRoot_VerbTerm	SC5_Pot_VRoot_VerbTerm	SC5_Pot_VRoot_VerbTerm	NStem_NStem_NStem_NStem
i_Qong_a	NPrePre5_BPre5_NStem	SC9_VRoot_VerbTerm	NPrePre5_BPre5_NStem	NStem_PUNC_NStem
le_e_N_gxoxo	PossConc5_NPrePre10_BPre10_NStem	PossConc5_NPrePre9_BPre9_NStem	PossConc5_NPrePre10_BPre10_NStem	NStem_NStem_NStem_NStem
kunye	Conj	Conj	Conj	PUNC
na_bo	AdvPre_PronStem2	AdvPre_PronStem2	AdvPre_PronStem2	PUNC_PUNC
bo_nke	QuantConc2_QuantStem	QuantConc2_QuantStem	QuantConc2_QuantStem	NStem_NStem
a_ba_dlali__ndima	NPrePre2_BPre2_NStem_BPre9_NStem	NPrePre2_BPre2_NStem_NStem	NPrePre2_BPre2_NStem_BPre9_NStem	NStem_NStem_NStem_NStem
a_ba_quk_a	RelConc2_VRoot_VerbTerm	NPrePre2_SC2_VRoot_VerbTerm	RelConc2_VRoot_VerbTerm	NStem_NStem_NStem_NStem
i_n_kxaso	NPrePre9_BPre9_NStem	NPrePre9_BPre9_NStem	NPrePre9_BPre9_NStem	PUNC_PUNC_PUNC
ka_zwelonke	PossKA_NPrePre1a_NStem	PossKA_NStem	PossKA_NPrePre1a_NStem	NStem_NStem
n_e_ye_phondo	AdvPre_RelConc9_PossConc9_NPrePre5_BPre5_NStem	AdvPre_RelConc9_PossConc9_BPre5	AdvPre_RelConc9_PossConc9_NPrePre5_BPre5_NStem	NStem_NStem_NStem_NStem
e_njenge_Sebe	RelConc9_AdvPre_NPrePre5_NStem	RelConc9_AdvPre_BPre5	RelConc9_AdvPre_NPrePre5_NStem	PUNC_NStem_PUNC
l_e_ze_M_pilo	PossConc5_RelConc8_PossConc8_NPrePre9_BPre9_NStem	PossConc5_RelConc8_PossConc8_BPre9_BPre9	PossConc5_RelConc8_PossConc8_NPrePre9_BPre9_NStem	VRoot_VRoot_NStem_VRoot_VRoot
,	Punc	PUNC	Punc	PUNC
i_Sebe	NPrePre5_BPre5_NStem	NPrePre5_NStem	NPrePre5_BPre5_NStem	PUNC_PUNC
le_Mi_cimbi	PossConc5_NPrePre4_BPre4_NStem	PossConc5_BPre4_NStem	PossConc5_NPrePre4_BPre4_NStem	NStem_NStem_NStem
ya_Ma_nzi	PossConc4_NPrePre6_BPre6_NStem	PossConc9_BPre6_NStem	PossConc4_NPrePre6_BPre6_NStem	NStem_NStem_NStem
ne_Sebe	AdvPre_NPrePre5_BPre5_NStem	AdvPre_ProperName	AdvPre_NPrePre5_BPre5_NStem	NStem_NStem
l_e_ze_M_fundo	PossConc5_RelConc8_PossConc8_NPrePre9_BPre9_NStem	PossConc5_RelConc8_PossConc8_BPre9_NStem	PossConc5_RelConc8_PossConc8_NPrePre9_BPre9_NStem	NStem_VRoot_NStem_NStem_NStem
,	Punc	PUNC	Punc	PUNC
i_i__NGO	NPrePre10_BPre10_Abbr	NPrePre10_BPre10_Abbr	NPrePre10_BPre10_Abbr	PUNC_PUNC_PUNC
ne_e__CBO	AdvPre_NPrePre10_BPre10_Abbr	AdvPre_NPrePre9_Abbr	AdvPre_NPrePre10_BPre10_Abbr	NStem_NStem_NStem
ezi_sebenz_a	RelConc10_VRoot_VerbTerm	RelConc10_VRoot_VerbTerm	RelConc10_VRoot_VerbTerm	NStem_NStem_NStem
ngo_m_ba	AdvPre_NPrePre3_BPre3_NStem	AdvPre_BPre3_NStem	AdvPre_NPrePre3_BPre3_NStem	PUNC_PUNC_PUNC
we__HIV	PossConc3_NPrePre9_Abbr	PossConc3_Abbr	PossConc3_NPrePre9_Abbr	PUNC_PUNC
/	Punc	PUNC	Punc	PUNC
AIDS	Abbr	Abbr	Abbr	PUNC
,	Punc	PUNC	Punc	PUNC
i_mi_butho	NPrePre4_BPre4_NStem	NPrePre4_BPre4_NStem	NPrePre4_BPre4_NStem	NStem_NStem_NStem
yo_no_on_tlalo__n_tle	PossConc4_AdvPre_NPrePre2a_BPre9_NStem_BPre9_AdjStem	CopPre_AdvPre_AdjPref9_NStem_AdjPref9_AdjStem	PossConc4_AdvPre_NPrePre2a_BPre9_NStem_BPre9_AdjStem	NStem_NStem_NStem_VRoot_NStem_VRoot
,	Punc	PUNC	Punc	PUNC
a_ma_bhunga	NPrePre6_BPre6_NStem	NPrePre6_BPre6_NStem	NPrePre6_BPre6_NStem	NStem_NStem_NStem
esi_thili	PossConc6_NPrePre7_BPre7_NStem	RelConc7_NStem	PossConc6_NPrePre7_BPre7_NStem	NStem_NStem
ne_n_gingqi	AdvPre_NPrePre9_BPre9_NStem	AdvPre_BPre9_NStem	AdvPre_NPrePre9_BPre9_NStem	NStem_NStem_NStem
e__AIDS	PossConc6_NPrePre9_Abbr	PossConc6_Abbr	PossConc6_NPrePre9_Abbr	PUNC_PUNC
na_ma_ziko	AdvPre_NPrePre6_BPre6_NStem	AdvPre_BPre6_NStem	AdvPre_NPrePre6_BPre6_NStem	NStem_NStem_NStem
e_n_kolo	PossConc6_NPrePre9_BPre9_NStem	PossConc6_BPre9_NStem	PossConc6_NPrePre9_BPre9_NStem	NStem_PUNC_PUNC
.	Punc	PUNC	Punc	NStem
I_si_cwangciso__nkqubo	NPrePre7_BPre7_NStem_BPre9_NStem	NPrePre7_BPre7_NStem_NStem	NPrePre7_BPre7_NStem_BPre9_NStem	NStem_VRoot_VRoot_VRoot
esi_banzi	RelConc7_RelStem	RelConc7_RelStem	RelConc7_RelStem	NStem_NStem
si_y_a	SC1_AuxVStem	SC1pp_VRoot_VerbTerm	SC1_AuxVStem	NStem_NStem_NStem
ku_funek_a	SC15_VRoot_VerbTerm	SC15_VRoot_VerbTerm	SC15_VRoot_VerbTerm	NStem_NStem_NStem
njeng_oko	AdvPre_Dem15_Pos2	Adv_CDEM15	AdvPre_Dem15_Pos2	NStem_NStem
i__HIV	NPrePre9_Abbr	NPrePre9_Abbr	NPrePre9_Abbr	PUNC_PUNC
/	Punc	PUNC	Punc	PUNC
AIDS	Abbr	Abbr	Abbr	PUNC
i_ne_m_pembelelo	CopPre_CopPre_NPrePre9_BPre9_NStem	CopPre_CopPre_BPre9_NStem	CopPre_CopPre_NPrePre9_BPre9_NStem	NStem_NStem_NStem_NStem
e_ba_ntw_an_e_ni	LocPre_OC2_NStem_DimSuf_LocSuf	LocPre_BPre2_NStem_RecipExt_VerbTerm_LocSuf	LocPre_OC2_NStem_DimSuf_LocSuf	NStem_VRoot_VRoot_VRoot_VRoot_NStem
aba_z_i_in_kedama	RelConc2_CopPre_NPrePre10_BPre10_NStem	RelConc2_CopPre_NPrePre10_BPre10_NStem	RelConc2_CopPre_NPrePre10_BPre10_NStem	NStem_NStem_NStem_NStem_NStem
na_ba_nga_fuman_i	AdvPre_RelConc2_NegPre_VRoot_VerbTerm	AdvPre_RelConc2_NegPre_VRoot_VerbTerm	AdvPre_RelConc2_NegPre_VRoot_VerbTerm	VRoot_NStem_VRoot_NStem_NStem
n_kathalelo	BPre9_NStem	BPre9_NStem	BPre9_NStem	NStem_NStem
e_suk_a	RelConc9_VRoot_VerbTerm	RelConc9_VRoot_VerbTerm	RelConc9_VRoot_VerbTerm	NStem_NStem_NStem
ku_ba_zali	LocPre_NPrePre2_BPre2_NStem	LocPre_BPre2_NStem	LocPre_NPrePre2_BPre2_NStem	NStem_NStem_NStem
ne_n_kxaso	AdvPre_NPrePre9_BPre9_NStem	AdvPre_BPre9_NStem	AdvPre_NPrePre9_BPre9_NStem	NStem_NStem_NStem
nge_ze_mali	AdvPre_RelConc8_PossConc8_NPrePre9_NStem	AdvPre_PossConc8_NStem	AdvPre_RelConc8_PossConc8_NPrePre9_NStem	NStem_NStem_NStem
,	Punc	PUNC	Punc	PUNC
aba_ntu	NPrePre2_BPre2_NStem	RelConc2_NStem	NPrePre2_BPre2_NStem	NStem_NStem
a_ba_dala	AdjPref2_AdjStem	NPrePre2_CopPre_AdjStem	AdjPref2_AdjStem	NStem_NStem_NStem
aba_nge_na_ba_ntu	RelConc2_NegPre_CopPre_NStem	RelConc2_NegPre_CopPre_BPre2_NStem	RelConc2_NegPre_CopPre_NStem	VRoot_NStem_VRoot_NStem_VRoot
bo_ku_ba_khathal_el_a	PossConc2_NPrePre15_BPre15_OC2_VRoot_ApplExt_VerbTerm	PossConc14_BPre15_OC2_VRoot_ApplExt_VerbTerm	PossConc2_NPrePre15_BPre15_OC2_VRoot_ApplExt_VerbTerm	VRoot_NStem_NStem_VRoot_NStem_VRoot
kunye	Conj	Conj	Conj	NStem
na_ba_ntu	AdvPre_NPrePre2_BPre2_NStem	AdvPre_BPre2_NStem	AdvPre_NPrePre2_BPre2_NStem	NStem_NStem_NStem
aba_tsha	AdjPref2_AdjStem	AdjPref2_AdjStem	AdjPref2_AdjStem	NStem_NStem
.	Punc	PUNC	Punc	PUNC
I_m_pembelelo	NPrePre9_BPre9_NStem	NPrePre9_BPre9_NStem	NPrePre9_BPre9_NStem	NStem_NStem_NStem
y_e_zo_qoqosho	PossConc9_RelConc9_PossConc8_NPrePre11_BPre11_NStem	PossConc9_RelConc8_PossConc8_BPre11	PossConc9_RelConc9_PossConc8_NPrePre11_BPre11_NStem	NStem_NStem_NStem_NStem
n_e_ye_n_tlalo	AdvPre_RelConc8_PossConc9_NPrePre9_BPre9_NStem	AdvPre_RelConc9_PossConc9_BPre9_NStem	AdvPre_RelConc8_PossConc9_NPrePre9_BPre9_NStem	NStem_VRoot_NStem_NStem_NStem
kw_i_bhunga	LocPre_NPrePre5_BPre5_NStem	LocPre_NPrePre5_BPre5	LocPre_NPrePre5_BPre5_NStem	NStem_NStem_NStem
i_kwa_fun_a	SC9_AdvPre_VRoot_VerbTerm	SC9_AdvPre_VRoot_VerbTerm	SC9_AdvPre_VRoot_VerbTerm	NStem_NStem_NStem_NStem
u_ku_qwalasel_w_a	NPrePre15_BPre15_VRoot_PassExt_VerbTerm	NPrePre15_BPre15_VRoot_PassExt_VerbTerm	NPrePre15_BPre15_VRoot_PassExt_VerbTerm	VRoot_NStem_VRoot_VRoot_VRoot
kwaye	Conj	Conj	Conj	PUNC
i_bhunga	NPrePre5_NStem	NPrePre5_NStem	NPrePre5_NStem	NStem_NStem
li_nga_sek_a	SC5_Pot_VRoot_VerbTerm	SC5_Pot_VRoot_VerbTerm	SC5_Pot_VRoot_VerbTerm	NStem_NStem_NStem_NStem
i_Qong_a	NPrePre5_BPre5_NStem	SC9_VRoot_VerbTerm	NPrePre5_BPre5_NStem	NStem_NStem_NStem
le_e_N_gxoxo	PossConc5_NPrePre10_BPre10_NStem	PossConc5_NPrePre9_BPre9_NStem	PossConc5_NPrePre10_BPre10_NStem	NStem_NStem_NStem_NStem
u_kuba	Conj	SC1_Conj	Conj	PUNC_PUNC
l_enz_e	SC5_VRoot_VerbTerm	SC5_VRoot_VerbTerm	SC5_VRoot_VerbTerm	NStem_NStem_NStem
a_ma_lungiselelo	NPrePre6_BPre6_NStem	NPrePre6_BPre6_NStem	NPrePre6_BPre6_NStem	VRoot_VRoot_VRoot
esi_cwangciso__nkqubo	PossConc6_NPrePre7_BPre7_NStem_BPre9_NStem	RelConc7_NStem_NStem	PossConc6_NPrePre7_BPre7_NStem_BPre9_NStem	VRoot_NStem_VRoot
esi_bandakany_a	RelConc7_VRoot_VerbTerm	RelConc7_VRoot_VerbTerm	RelConc7_VRoot_VerbTerm	NStem_NStem_VRoot
u_lu_ntu	NPrePre11_BPre11_NStem	NPrePre11_BPre11_NStem	NPrePre11_BPre11_NStem	NStem_NStem_NStem
lu_lo_nke	CopPre_QuantConc11_QuantStem	CopPre_QuantConc5_QuantStem	CopPre_QuantConc11_QuantStem	NStem_NStem_NStem
ku_m_mandla	LocPre_NPrePre3_BPre3_NStem	LocPre_BPre3_NStem	LocPre_NPrePre3_BPre3_NStem	PUNC_PUNC_PUNC
.	Punc	PUNC	Punc	PUNC
U_m_sebenzi	NPrePre3_BPre3_NStem	NPrePre3_BPre3_NStem	NPrePre3_BPre3_NStem	NStem_NStem_NStem
we_qela	PossConc3_NPrePre5_BPre5_NStem	PossConc3_BPre5	PossConc3_NPrePre5_BPre5_NStem	PUNC_NStem
wo_ku_gqibezel_a	PossConc3_BPre15_VRoot_VerbTerm	PossConc3_BPre15_VRoot_VerbTerm	PossConc3_BPre15_VRoot_VerbTerm	NStem_NStem_NStem_NStem
u_thungelwano	NPrePre11_NStem	NPrePre11_NStem	NPrePre11_NStem	NStem_NStem
lwe__SW_OT	PossConc11_NPrePre9_Abbr	PossConc11_BPre11_Abbr	PossConc11_NPrePre9_Abbr	NStem_NStem_NStem
ne_Komiti	AdvPre_NPrePre9_NStem	AdvPre_NStem	AdvPre_NPrePre9_NStem	PUNC_PUNC
ye_Wadi	PossConc9_NPrePre9_NStem	PossConc9_NStem	PossConc9_NPrePre9_NStem	NStem_NStem
zi_nik_e	SC10_VRoot_VerbTerm	SC10_VRoot_VerbTerm	SC10_VRoot_VerbTerm	NStem_NStem_NStem
ma_lunga	Adv	BPre6_NStem	Adv	PUNC_PUNC
ne_e_yure	AdvPre_NPrePre10_BPre10_NStem	AdvPre_NPrePre9_NStem	AdvPre_NPrePre10_BPre10_NStem	NStem_NStem_NStem
ezim_bini	AdjPref10_AdjStem	AdjPref10_AdjStem	AdjPref10_AdjStem	NStem_NStem
.	Punc	PUNC	Punc	PUNC
U_m_sebenzi	NPrePre1_BPre1_NStem	NPrePre3_BPre3_NStem	NPrePre1_BPre1_NStem	PUNC_PUNC_PUNC
2	Num	NUM	Num	PUNC
Yi_ba	CopPre_Cop	CopPre_Cop	CopPre_Cop	PUNC_PUNC
no_m_bono	CopPre_NPrePre3_BPre3_NStem	AdvPre_BPre3_NStem	CopPre_NPrePre3_BPre3_NStem	NStem_NStem_NStem
wo_suku	PossConc3_NPrePre11_BPre11_NStem	PossConc3_NStem	PossConc3_NPrePre11_BPre11_NStem	PUNC_PUNC
lwe_si_qhelo	PossConc11_NPrePre7_BPre7_NStem	PossConc11_BPre7_NStem	PossConc11_NPrePre7_BPre7_NStem	NStem_NStem_NStem
lwe_n_kosikazi	PossConc11_NPrePre9_BPre9_NStem	PossConc11_BPre9_NStem	PossConc11_NPrePre9_BPre9_NStem	NStem_NStem_NStem
no_m_yeni	AdvPre_NPrePre1_BPre1_NStem	AdvPre_BPre1_NStem	AdvPre_NPrePre1_BPre1_NStem	PUNC_NStem_PUNC
kw_i_qela	LocPre_NPrePre5_BPre5_NStem	LocPre_NPrePre5_BPre5	LocPre_NPrePre5_BPre5_NStem	NStem_NStem_NStem
la_s_e_ku_hlal_e_ni	PossConc5_PreLoc-s_LocPre_NPrePre15_BPre15_VRoot_VerbTerm_LocSuf	PossConc5_PreLocs_LocPre_BPre15_VRoot_VerbTerm_LocSuf	PossConc5_PreLoc-s_LocPre_NPrePre15_BPre15_VRoot_VerbTerm_LocSuf	NStem_NStem_NStem_NStem_NStem_NStem_NStem
oli_kheth_il_e_yo	RelConc1_OC5_VRoot_Perf_VerbTerm_RelSuf	RelConc11_VRoot_Perf_VerbTerm_RelSuf	RelConc1_OC5_VRoot_Perf_VerbTerm_RelSuf	NStem_VRoot_VRoot_VRoot_NStem
.	Punc	PUNC	Punc	PUNC
Sebenz_is_a	VRoot_CausExt_VerbTerm	VRoot_CausExt_VerbTerm	VRoot_CausExt_VerbTerm	NStem_NStem_NStem
i_theyibhile	NPrePre9_NStem	NPrePre9_NStem	NPrePre9_NStem	NStem_NStem
kw_i_phepha	LocPre_NPrePre5_BPre5_NStem	LocPre_NPrePre5_BPre5	LocPre_NPrePre5_BPre5_NStem	NStem_NStem_NStem
eli_landel_a_yo	RelConc5_VRoot_VerbTerm_RelSuf	RelConc5_VRoot_VerbTerm_RelSuf	RelConc5_VRoot_VerbTerm_RelSuf	NStem_NStem_NStem_NStem
u_ku_dwel_is_a	NPrePre15_BPre15_VRoot_CausExt_VerbTerm	NPrePre15_BPre15_VRoot_CausExt_VerbTerm	NPrePre15_BPre15_VRoot_CausExt_VerbTerm	NStem_NStem_NStem_NStem_NStem
i_mi_sebenzi	NPrePre4_BPre4_NStem	NPrePre4_BPre4_NStem	NPrePre4_BPre4_NStem	NStem_NStem_NStem
e_y_enz_iw_a	RelConc4_OC9_VRoot_PassExt_VerbTerm	RelConc9_OC9_VRoot_PassExt_VerbTerm	RelConc4_OC9_VRoot_PassExt_VerbTerm	VRoot_VRoot_VRoot_VRoot_VRoot
y_i_n_kosikazi	CopPre_NPrePre9_BPre9_NStem	CopPre_NPrePre9_BPre9_NStem	CopPre_NPrePre9_BPre9_NStem	VRoot_VRoot_VRoot_VRoot
no_m_yeni	AdvPre_NPrePre1_BPre1_NStem	AdvPre_BPre1_NStem	AdvPre_NPrePre1_BPre1_NStem	PUNC_PUNC_PUNC
e_m_zi_ni	LocPre_NPrePre3_BPre3_NStem_LocSuf	LocPre_BPre3_NStem_LocSuf	LocPre_NPrePre3_BPre3_NStem_LocSuf	NStem_NStem_NStem_NStem
nge_e_yure	AdvPre_NPrePre9_BPre10_NStem	AdvPre_NPrePre9_NStem	AdvPre_NPrePre9_BPre10_NStem	NStem_NStem_NStem
ezi_nga_ma__2_4	RelConc10_CopPre_NPrePre6_BPre6_Num	RelConc10_AdvPre_BPre6_Num_Num	RelConc10_CopPre_NPrePre6_BPre6_Num	NStem_NStem_NStem_NStem_NStem
ku_xwebhu	LocPre_NPrePre11_BPre11_NStem	LocPre_BPre11	LocPre_NPrePre11_BPre11_NStem	NStem_NStem
lwe_phepha	PossConc11_NPrePre5_BPre5_NStem	PossConc11_BPre5	PossConc11_NPrePre5_BPre5_NStem	NStem_NStem
le_fli_phutshathi	PossConc5_NPrePre9_NStem	PossConc5_BPre10_NStem	PossConc5_NPrePre9_NStem	NStem_NStem_NStem
.	Punc	PUNC	Punc	PUNC
Gcwalis_a	VRoot_CausExt_VerbTerm	VRoot_VerbTerm	VRoot_CausExt_VerbTerm	PUNC_PUNC
u_m_sebenzi	NPrePre3_BPre3_NStem	NPrePre3_BPre3_NStem	NPrePre3_BPre3_NStem	NStem_NStem_NStem
u_m_ntu	NPrePre1_BPre1_NStem	NPrePre1_BPre1_NStem	NPrePre1_BPre1_NStem	NStem_NStem_NStem
a_w_enz_a_yo	RelConc1_OC3_VRoot_VerbTerm_RelSuf	RelConc6_OC6_VRoot_VerbTerm_RelSuf	RelConc1_OC3_VRoot_VerbTerm_RelSuf	NStem_NStem_VRoot_NStem_NStem
nge_xesha	AdvPre_NPrePre5_BPre5_NStem	AdvPre_BPre5	AdvPre_NPrePre5_BPre5_NStem	PUNC_PUNC
eli_bon_is_iw_e_yo	RelConc5_VRoot_CausExt_PassExt_VerbTerm_RelSuf	RelConc5_VRoot_CausExt_PassExt_VerbTerm_RelSuf	RelConc5_VRoot_CausExt_PassExt_VerbTerm_RelSuf	NStem_VRoot_VRoot_VRoot_VRoot_VRoot
,	Punc	PUNC	Punc	NStem
no_kuba	AdvPre_Conj	AdvPre_Conj	AdvPre_Conj	NStem_NStem
ng_u_m_sebenzi	CopPre_NPrePre3_BPre3_NStem	CopPre_NPrePre3_BPre3_NStem	CopPre_NPrePre3_BPre3_NStem	VRoot_VRoot_NStem_NStem
o_hlawul_el_w_a_yo	RelConc3_VRoot_ApplExt_PassExt_VerbTerm_RelSuf	RelConc3_VRoot_ApplExt_PassExt_VerbTerm_RelSuf	RelConc3_VRoot_ApplExt_PassExt_VerbTerm_RelSuf	NStem_NStem_NStem_NStem_VRoot_VRoot
,	Punc	PUNC	Punc	NStem
kwaye	Conj	Conj	Conj	Conj
i_n_tlawulo	NPrePre9_BPre9_NStem	NPrePre9_BPre9_NStem	NPrePre9_BPre9_NStem	NStem_NStem_NStem
nge_yure	AdvPre_NPrePre9_NStem	AdvPre_NStem	AdvPre_NPrePre9_NStem	PUNC_PUNC
i_th_i_ni	SC9_VRoot_VerbTerm_InterrogSuf	SC9_VRoot_VerbTerm_InterrogSuf	SC9_VRoot_VerbTerm_InterrogSuf	NStem_NStem_NStem_NStem
.	Punc	PUNC	Punc	NStem
Fik_a	VRoot_VerbTerm	VRoot_VerbTerm	VRoot_VerbTerm	PUNC_PUNC
kwa_nge_thuba	AdvPre_AdvPre_NPrePre5_BPre5_NStem	AdvPre_AdvPre_BPre5	AdvPre_AdvPre_NPrePre5_BPre5_NStem	NStem_NStem_PUNC
u_ze	SC2ps_AuxVStem	SC1_AuxVStem	SC2ps_AuxVStem	NStem_NStem
u_jong_e	SC2ps_VRoot_VerbTerm	SC2ps_VRoot_VerbTerm	SC2ps_VRoot_VerbTerm	NStem_NStem_NStem
i_zi_xhobo	NPrePre8_BPre8_NStem	NPrePre8_BPre8_NStem	NPrePre8_BPre8_NStem	VRoot_NStem_NStem
kwa_nga_phambili	AdvPre_AdvPre_Adv	AdvPre_AdvPre_Adv	AdvPre_AdvPre_Adv	PUNC_PUNC_PUNC
u_ze	SC2ps_AuxVStem	SC1_AuxVStem	SC2ps_AuxVStem	PUNC_PUNC
u_be_ne_xesha	CopPre_CopPre_AdvPre_NPrePre5_BPre5_NStem	CopPre_CopPre_CopPre_BPre5	CopPre_CopPre_AdvPre_NPrePre5_BPre5_NStem	NStem_VRoot_VRoot_VRoot
el_anel_e_yo	RelConc5_VRoot_VerbTerm_RelSuf	RelConc5_VRoot_VerbTerm_RelSuf	RelConc5_VRoot_VerbTerm_RelSuf	NStem_VRoot_NStem_NStem
lo_ku_lungis_a	PossConc5_NPrePre15_BPre15_VRoot_VerbTerm	PossConc11_BPre15_VRoot_VerbTerm	PossConc5_NPrePre15_BPre15_VRoot_VerbTerm	NStem_NStem_NStem_NStem
u_lw_az_i	NPrePre11_BPre11_NStem	NPrePre11_BPre11_VRoot_VerbTerm	NPrePre11_BPre11_NStem	NStem_NStem_NStem_NStem
o_za	RelConc3_AuxVStem	RelConc3_AuxVStem	RelConc3_AuxVStem	PUNC_PUNC
ku_theth_a	SC15_VRoot_VerbTerm	SC15_VRoot_VerbTerm	SC15_VRoot_VerbTerm	NStem_NStem_NStem
nga_lo	AdvPre_PronStem11	AdvPre_PronStem11	AdvPre_PronStem11	NStem_NStem
.	Punc	PUNC	Punc	PUNC
I_n_tlanganiso	NPrePre9_BPre9_NStem	NPrePre9_BPre9_NStem	NPrePre9_BPre9_NStem	NStem_NStem_NStem
i_xox_a	SC9_VRoot_VerbTerm	SC9_VRoot_VerbTerm	SC9_VRoot_VerbTerm	NStem_NStem_NStem
nge_e_n_kqubo	AdvPre_NPrePre10_BPre10_NStem	AdvPre_NPrePre9_BPre9_NStem	AdvPre_NPrePre10_BPre10_NStem	VRoot_VRoot_NStem_NStem
ze__I_DP	PossConc8_NPrePre9_Abbr	PossConc10_NPrePre9_Abbr	PossConc8_NPrePre9_Abbr	NStem_NStem_NStem
zo_kw_enz_a	PossConc10_NPrePre15_BPre15_VRoot_VerbTerm	PossConc10_BPre15_VRoot_VerbTerm	PossConc10_NPrePre15_BPre15_VRoot_VerbTerm	PUNC_PUNC_PUNC_PUNC
i_si_cwangciso	NPrePre7_BPre7_NStem	NPrePre7_BPre7_NStem	NPrePre7_BPre7_NStem	NStem_NStem_NStem
.	Punc	PUNC	Punc	PUNC
Ku_l_u_ncedo	CopPre_CopPre_NPrePre11_BPre11_NStem	CopPre_CopPre_NPrePre11_NStem	CopPre_CopPre_NPrePre11_BPre11_NStem	NStem_NStem_NStem_NStem
u_ku_sebenz_is_a	NPrePre15_BPre15_VRoot_CausExt_VerbTerm	NPrePre15_BPre15_VRoot_CausExt_VerbTerm	NPrePre15_BPre15_VRoot_CausExt_VerbTerm	NStem_VRoot_NStem_NStem_VRoot
u_m_jikelo	NPrePre3_BPre3_NStem	NPrePre3_BPre3_NStem	NPrePre3_BPre3_NStem	NStem_PUNC_NStem
we__CBP	PossConc3_NPrePre9_Abbr	PossConc3_Abbr	PossConc3_NPrePre9_Abbr	PUNC_PUNC
.	Punc	PUNC	Punc	Conj
I_n_tlanganiso	NPrePre9_BPre9_NStem	NPrePre9_BPre9_NStem	NPrePre9_BPre9_NStem	NStem_NStem_NStem
i_kwa_fuman_a	SC9_AdvPre_VRoot_VerbTerm	SC9_AdvPre_VRoot_VerbTerm	SC9_AdvPre_VRoot_VerbTerm	NStem_NStem_NStem_NStem
u_lw_az_i	NPrePre11_BPre11_NStem	NPrePre11_BPre11_VRoot_VerbTerm	NPrePre11_BPre11_NStem	NStem_NStem_NStem_NStem
kw_i_n_gxoxo	LocPre_NPrePre9_BPre9_NStem	LocPre_NPrePre9_BPre9_NStem	LocPre_NPrePre9_BPre9_NStem	NStem_NStem_VRoot_NStem
ye_n_tlanganiso	PossConc9_NPrePre9_BPre9_NStem	PossConc9_BPre9_NStem	PossConc9_NPrePre9_BPre9_NStem	NStem_NStem_NStem
e_y_andulel_a	RelConc9_SC9_VRoot_VerbTerm	RelConc9_SC9_VRoot_VerbTerm	RelConc9_SC9_VRoot_VerbTerm	NStem_NStem_NStem_NStem
i_si_cwangciso	NPrePre7_BPre7_NStem	NPrePre7_BPre7_NStem	NPrePre7_BPre7_NStem	NStem_NStem_NStem
,	Punc	PUNC	Punc	PUNC
a_ma_qela	NPrePre6_BPre6_NStem	NPrePre6_BPre6_NStem	NPrePre6_BPre6_NStem	NStem_NStem_NStem
e_ze_n_tlalo	RelConc8_PossConc8_NPrePre9_BPre9_NStem	RelConc8_PossConc8_BPre9_NStem	RelConc8_PossConc8_NPrePre9_BPre9_NStem	NStem_NStem_NStem_NStem
e_e_n_tlobo	PossConc6_NPrePre10_BPre10_NStem	PossConc6_PossConc6_BPre9_NStem	PossConc6_NPrePre10_BPre10_NStem	NStem_NStem_NStem_NStem
ez_ahluk_a__hluken_e_yo	RelConc10_VRoot_VerbTerm_VRoot_RecipExt_VerbTerm_RelSuf	RelConc10_VRoot_VerbTerm_VRoot_VerbTerm_RelSuf	RelConc10_VRoot_VerbTerm_VRoot_RecipExt_VerbTerm_RelSuf	VRoot_VRoot_NStem_VRoot_VRoot_VRoot
ezi_chong_iw_e_yo	RelConc10_VRoot_PassExt_VerbTerm_RelSuf	RelConc10_VRoot_PassExt_VerbTerm_RelSuf	RelConc10_VRoot_PassExt_VerbTerm_RelSuf	VRoot_VRoot_VRoot_VRoot_VRoot
kwaye	Conj	Conj	Conj	PUNC
kanti	Conj	Conj	Conj	PUNC
i_n_tlanganiso	NPrePre9_BPre9_NStem	NPrePre9_BPre9_NStem	NPrePre9_BPre9_NStem	NStem_NStem_NStem
i_se_no_k_ongez_el_el_a	SC9_Pro_AdvPre_NPrePre15_BPre14_VRoot_ApplExt_ApplExt_VerbTerm	SC9_Pro_AdvPre_BPre15_VRoot_ApplExt_ApplExt_VerbTerm	SC9_Pro_AdvPre_NPrePre15_BPre14_VRoot_ApplExt_ApplExt_VerbTerm	VRoot_NStem_NStem_NStem_NStem_NStem_NStem_NStem
k_olu	LocPre_Dem11_Pos1	LocPre_CDEM11	LocPre_Dem11_Pos1	PUNC_PUNC
lu_dwe	BPre11_NStem	BPre11_NStem	BPre11_NStem	NStem_NStem
.	Punc	PUNC	Punc	PUNC
I_n_tlanganiso	NPrePre9_BPre9_NStem	NPrePre9_BPre9_NStem	NPrePre9_BPre9_NStem	NStem_NStem_VRoot
y_enz_a	SC9_VRoot_VerbTerm	SC9_VRoot_VerbTerm	SC9_VRoot_VerbTerm	NStem_NStem_NStem
i_si_cwangciso	NPrePre7_BPre7_NStem	NPrePre7_BPre7_NStem	NPrePre7_BPre7_NStem	NStem_NStem_NStem
setheyibhile	PossConc7_NPrePre9_NStem	NStem	PossConc7_NPrePre9_NStem	NStem
ye_veki	PossConc9_NPrePre9_NStem	PossConc9_NStem	PossConc9_NPrePre9_NStem	NStem_PUNC
ku_bandakany_w_a	SC15_VRoot_PassExt_VerbTerm	SC15_VRoot_PassExt_VerbTerm	SC15_VRoot_PassExt_VerbTerm	NStem_NStem_NStem_NStem
u_lu_dwe	NPrePre11_BPre11_NStem	NPrePre11_BPre11_NStem	NPrePre11_BPre11_NStem	PUNC_PUNC_PUNC
lwa_ma_xesha	PossConc11_NPrePre6_BPre6_NStem	PossConc11_BPre6_NStem	PossConc11_NPrePre6_BPre6_NStem	VRoot_VRoot_NStem
e_e_n_tlanganiso	PossConc6_NPrePre10_BPre10_NStem	PossConc6_PossConc6_BPre9_NStem	PossConc6_NPrePre10_BPre10_NStem	NStem_VRoot_NStem_VRoot
kunye	Conj	Conj	Conj	Conj
na_ba_meli	AdvPre_NPrePre2_BPre2_NStem	AdvPre_BPre2_NStem	AdvPre_NPrePre2_BPre2_NStem	NStem_NStem_NStem
aba_vel_a	RelConc2_VRoot_VerbTerm	RelConc2_VRoot_VerbTerm	RelConc2_VRoot_VerbTerm	NStem_NStem_NStem
ku_ma_qela	LocPre_NPrePre6_BPre6_NStem	LocPre_BPre6_NStem	LocPre_NPrePre6_BPre6_NStem	NStem_NStem_NStem
e_ze_n_tlalo	RelConc8_PossConc8_NPrePre9_BPre9_NStem	RelConc8_PossConc8_BPre9_NStem	RelConc8_PossConc8_NPrePre9_BPre9_NStem	PUNC_PUNC_PUNC_PUNC
.	Punc	PUNC	Punc	PUNC
Ku_l_u_ncedo	CopPre_CopPre_NPrePre11_BPre11_NStem	CopPre_CopPre_NPrePre11_NStem	CopPre_CopPre_NPrePre11_BPre11_NStem	NStem_NStem_NStem_VRoot
u_ku_chong_a	NPrePre15_BPre15_VRoot_VerbTerm	NPrePre15_BPre15_VRoot_VerbTerm	NPrePre15_BPre15_VRoot_VerbTerm	NStem_NStem_NStem_NStem
u_m_ntu	NPrePre1_BPre1_NStem	NPrePre1_BPre1_NStem	NPrePre1_BPre1_NStem	NStem_NStem_NStem
o_th_ile	RelConc3_VRoot_Perf	RelConc3_VRoot_Perf	RelConc3_VRoot_Perf	NStem_NStem_PUNC
kw_i_qela	LocPre_NPrePre5_BPre5_NStem	LocPre_NPrePre5_BPre5	LocPre_NPrePre5_BPre5_NStem	NStem_NStem_NStem
nga_li_nye	AdvPre_EnumConc5_EnumStem	AdvPre_EnumConc5_EnumStem	AdvPre_EnumConc5_EnumStem	PUNC_PUNC_PUNC
l_e_ze_n_tlalo	PossConc5_RelConc8_PossConc8_NPrePre9_BPre9_NStem	PossConc5_RelConc8_PossConc8_BPre9_NStem	PossConc5_RelConc8_PossConc8_NPrePre9_BPre9_NStem	VRoot_VRoot_VRoot_NStem_VRoot
o_y_a	RelConc1_Fut	RelConc3_VRoot_VerbTerm	RelConc1_Fut	NStem_NStem_NStem
ku_khuthaz_a	SC15_VRoot_VerbTerm	SC15_VRoot_VerbTerm	SC15_VRoot_VerbTerm	NStem_NStem_NStem
aba_nye	AdjPref2_AdjStem	AdjPref2_AdjStem	AdjPref2_AdjStem	PUNC_PUNC
nge_zi	AdvPre_Dem10_Pos1	AdvPre_BPre8	AdvPre_Dem10_Pos1	PUNC_PUNC
n_tlanganiso	BPre9_NStem	BPre9_NStem	BPre9_NStem	PUNC_PUNC
ezi_cwangcis_el_w_e	RelConc10_VRoot_ApplExt_PassExt_VerbTerm	RelConc10_VRoot_ApplExt_PassExt_VerbTerm	RelConc10_VRoot_ApplExt_PassExt_VerbTerm	NStem_NStem_NStem_NStem_NStem
a_ma_xesha	NPrePre6_BPre6_NStem	NPrePre6_BPre6_NStem	NPrePre6_BPre6_NStem	NStem_NStem_NStem
.	Punc	PUNC	Punc	PUNC
Khuthaz_a	VRoot_VerbTerm	VRoot_VerbTerm	VRoot_VerbTerm	NStem_NStem
aba_thathi__n_xaxheba	NPrePre2_BPre2_NStem_BPre9_NStem	RelConc2_NStem_BPre9_NStem	NPrePre2_BPre2_NStem_BPre9_NStem	NStem_NStem_NStem_NStem
u_ku_ya	NPrePre15_BPre15_VRoot_VerbTerm	NPrePre15_BPre15_Fut	NPrePre15_BPre15_VRoot_VerbTerm	NStem_NStem_NStem
ku_zo	LocPre_PronStem10	LocPre_PronStem10	LocPre_PronStem10	PUNC_Conj
zo_nke	QuantConc10_QuantStem	QuantConc10_QuantStem	QuantConc10_QuantStem	NStem_NStem
i_in_tlanganiso	NPrePre10_BPre10_NStem	NPrePre10_BPre10_NStem	NPrePre10_BPre10_NStem	NStem_NStem_NStem
zo_kw_enz_a	PossConc10_NPrePre15_BPre15_VRoot_VerbTerm	PossConc10_BPre15_VRoot_VerbTerm	PossConc10_NPrePre15_BPre15_VRoot_VerbTerm	NStem_NStem_NStem_NStem
i_zi_cwangciso	NPrePre8_BPre8_NStem	NPrePre8_BPre8_NStem	NPrePre8_BPre8_NStem	VRoot_VRoot_VRoot
.	Punc	PUNC	Punc	PUNC
A_ma_qela	NPrePre6_BPre6_NStem	NPrePre6_BPre6_NStem	NPrePre6_BPre6_NStem	PUNC_PUNC_PUNC
a_hluk_a__hluke_nyo	RelConc6_VRoot_VerbTerm_VRoot_RecipExt_RelSuf	RelConc6_VRoot_VerbTerm_VRoot_RelSuf	RelConc6_VRoot_VerbTerm_VRoot_RecipExt_RelSuf	VRoot_VRoot_VRoot_VRoot_VRoot
kw_e_ze_n_tlalo__lu_qo_qosho	LocPre_RelConc8_PossConc8_NPrePre9_BPre9_NStem_BPre11_NStem	LocPre_RelConc8_PossConc8_BPre9_NStem_BPre11_NStem_NStem	LocPre_RelConc8_PossConc8_NPrePre9_BPre9_NStem_BPre11_NStem	VRoot_VRoot_VRoot_VRoot_NStem_VRoot_VRoot_VRoot
a_lungelelan_a	SC6_VRoot_VerbTerm	SC6_VRoot_VerbTerm	SC6_VRoot_VerbTerm	NStem_NStem_NStem
njani	Adv	Adv	Adv	NStem
na_la_wo	AdvPre_Dem6_Pos2_PronStem6	AdvPre_PossConc5_PronStem6	AdvPre_Dem6_Pos2_PronStem6	NStem_NStem_NStem
aba_ntu	NPrePre2_BPre2_NStem	RelConc2_NStem	NPrePre2_BPre2_NStem	NStem_NStem
aba_z_i_zi_tyebi	RelConc2_CopPre_NPrePre8_BPre8_NStem	RelConc2_CopPre_NPrePre8_BPre8_NStem	RelConc2_CopPre_NPrePre8_BPre8_NStem	NStem_NStem_NStem_NStem_NStem
?	Punc	PUNC	Punc	PUNC
(	Punc	PUNC	Punc	Conj
umz	Abbr	Abbr	Abbr	PUNC
.	Punc	PUNC	Punc	PUNC
aba_ntu	NPrePre2_BPre2_NStem	RelConc2_NStem	NPrePre2_BPre2_NStem	PUNC_PUNC
a_ba_dala	AdjPref2_AdjStem	NPrePre2_SC2_AdjStem	AdjPref2_AdjStem	NStem_NStem_NStem
i_n_koliso	NPrePre9_BPre9_NStem	NPrePre9_BPre9_NStem	NPrePre9_BPre9_NStem	NStem_NStem_NStem
ya_bo	PossConc9_PronStem2	PossConc9_PronStem2	PossConc9_PronStem2	PUNC_PUNC
is_w_el_e	SC9_VRoot_VerbTerm	CausExt_VRoot_ApplExt_VerbTerm	SC9_VRoot_VerbTerm	NStem_NStem_NStem_NStem
ka_khulu	AdvPre_AdjStem	AdvPre_AdjStem	AdvPre_AdjStem	PUNC_PUNC
)	Punc	PUNC	Punc	PUNC
?	Punc	PUNC	Punc	PUNC
A_ba_bhexeshi	NPrePre2_BPre2_NStem	NPrePre2_BPre2_NStem	NPrePre2_BPre2_NStem	NStem_NStem_NStem
ba_ka_masipala	PossConc2_PossKA_NStem	PossConc2_PossKA_NStem	PossConc2_PossKA_NStem	NStem_NStem_NStem
aba_vel_a	RelConc2_VRoot_VerbTerm	RelConc2_VRoot_VerbTerm	RelConc2_VRoot_VerbTerm	NStem_NStem_NStem
ku_ma_candelo	LocPre_NPrePre6_BPre6_NStem	LocPre_BPre6_NStem	LocPre_NPrePre6_BPre6_NStem	NStem_NStem_NStem
a_hluk_a__hluken_e_yo	RelConc6_VRoot_VerbTerm_VRoot_RecipExt_VerbTerm_RelSuf	RelConc6_VRoot_VerbTerm_VRoot_VerbTerm_RelSuf	RelConc6_VRoot_VerbTerm_VRoot_RecipExt_VerbTerm_RelSuf	VRoot_VRoot_VRoot_VRoot_VRoot_VRoot
ka_masipala	PossKA_NPrePre1a_NStem	PossKA_NStem	PossKA_NPrePre1a_NStem	NStem_NStem
okanye	Conj	Conj	Conj	PUNC
a_ma_gosa	NPrePre6_BPre6_NStem	NPrePre6_BPre6_NStem	NPrePre6_BPre6_NStem	NStem_NStem_NStem
a_s_e_bu_rhulumen_e_ni	PossConc6_PreLoc-s_LocPre_BPre14_NStem_LocSuf	RelConc6_PreLocs_LocPre_BPre14_VRoot_VerbTerm_LocSuf	PossConc6_PreLoc-s_LocPre_BPre14_NStem_LocSuf	VRoot_VRoot_VRoot_VRoot_VRoot_VRoot_NStem
e_zo_bu_chule	RelConc10_PossConc8_NPrePre14_BPre14_NStem	RelConc8_PossConc8_BPre14_NStem	RelConc10_PossConc8_NPrePre14_BPre14_NStem	NStem_NStem_NStem_NStem
a_vel_a	RelConc6_VRoot_VerbTerm	SC6_VRoot_VerbTerm	RelConc6_VRoot_VerbTerm	NStem_NStem_NStem
ku_ma_sebe	LocPre_NPrePre6_BPre6_NStem	LocPre_BPre6_NStem	LocPre_NPrePre6_BPre6_NStem	NStem_NStem_NStem
ezi_thili	PossConc6_NPrePre8_BPre8_NStem	RelConc8_NStem	PossConc6_NPrePre8_BPre8_NStem	NStem_NStem
okanye	Conj	Conj	Conj	Conj
a_ma_phondo	NPrePre6_BPre6_NStem	NPrePre6_BPre6_NStem	NPrePre6_BPre6_NStem	NStem_NStem_NStem
.	Punc	PUNC	Punc	PUNC
U_ku_zi_nik_el_a	NPrePre15_BPre15_ReflPre_VRoot_ApplExt_VerbTerm	NPrePre15_BPre15_ReflPre_VRoot_ApplExt_VerbTerm	NPrePre15_BPre15_ReflPre_VRoot_ApplExt_VerbTerm	NStem_NStem_NStem_NStem_NStem_NStem
ku_ku_tya	CopPre_NPrePre15_BPre15_NStem	LocPre_BPre15_NStem	CopPre_NPrePre15_BPre15_NStem	NStem_NStem_NStem
kwe_mi_zi	PossConc15_NPrePre4_BPre4_NStem	PossConc15_BPre4_NStem	PossConc15_NPrePre4_BPre4_NStem	NStem_NStem_NStem
no_khuseleko	AdvPre_NPrePre11_BPre11_NStem	AdvPre_BPre11	AdvPre_NPrePre11_BPre11_NStem	NStem_NStem
lwe_sondlo	PossConc11_NPrePre7_BPre7_NStem	PossConc11_BPre5	PossConc11_NPrePre7_BPre7_NStem	NStem_NStem
olu_bandakany_a	RelConc11_VRoot_VerbTerm	RelConc11_VRoot_VerbTerm	RelConc11_VRoot_VerbTerm	NStem_NStem_NStem
i_nyathelo	NPrePre5_BPre5_NStem	NPrePre5_NStem	NPrePre5_BPre5_NStem	NStem_NStem
le_candelo	PossConc5_NPrePre5_NStem	PossConc5_NStem	PossConc5_NPrePre5_NStem	NStem_NStem
lo_lu_ntu	PossConc11_NPrePre11_BPre11_NStem	PossConc11_BPre11_NStem	PossConc11_NPrePre11_BPre11_NStem	NStem_NStem_NStem
n_e_la_bucala	AdvPre_RelConc5_PossConc5_Adv	AdvPre_RelConc9_PossConc5_Adv	AdvPre_RelConc5_PossConc5_Adv	NStem_NStem_NStem_NStem
.	Punc	PUNC	Punc	NStem
U_m_Gaqo__si_se_ko	NPrePre3_BPre3_NStem_BPre7_NStem	NPrePre3_BPre3_NStem_BPre7_BPre7_PronStem15	NPrePre3_BPre3_NStem_BPre7_NStem	NStem_NStem_VRoot_NStem_NStem_VRoot
u_bonelel_a	SC3_VRoot_VerbTerm	SC1_VRoot_VerbTerm	SC3_VRoot_VerbTerm	NStem_NStem_NStem
ngo_lu_ntu	AdvPre_NPrePre11_BPre11_NStem	AdvPre_BPre11_NStem	AdvPre_NPrePre11_BPre11_NStem	NStem_NStem_NStem
olu_many_en_e_yo	RelConc11_VRoot_RecipExt_VerbTerm_RelSuf	RelConc11_VRoot_RecipExt_VerbTerm_RelSuf	RelConc11_VRoot_RecipExt_VerbTerm_RelSuf	NStem_NStem_NStem_NStem_NStem
,	Punc	PUNC	Punc	PUNC
olu_ne_m_pumelelo	RelConc11_AdvPre_NPrePre9_BPre9_NStem	RelConc11_CopPre_BPre9_NStem	RelConc11_AdvPre_NPrePre9_BPre9_NStem	NStem_NStem_NStem_NStem
,	Punc	PUNC	Punc	PUNC
olu_nge_na_lucalucalulo	RelConc11_NegPre_AdvPre_NPrePre11_BPre11_NStem	RelConc11_NegPre_CopPre_NStem	RelConc11_NegPre_AdvPre_NPrePre11_BPre11_NStem	VRoot_VRoot_VRoot_VRoot
nge_bala	AdvPre_NPrePre5_BPre5_NStem	AdvPre_BPre5	AdvPre_NPrePre5_BPre5_NStem	NStem_NStem
na_nge_si_ni	AdvPre_AdvPre_NPrePre7_BPre7_NStem	AdvPre_AdvPre_BPre7_NStem	AdvPre_AdvPre_NPrePre7_BPre7_NStem	NStem_VRoot_NStem_NStem
;	Punc	PUNC	Punc	PUNC
i_li_zwe	NPrePre5_BPre5_NStem	NPrePre5_BPre5_NStem	NPrePre5_BPre5_NStem	NStem_NStem_NStem
el_ilela_bo	RelConc5_CopPre_RelConc9_PossConc5_PronStem2	RelConc5_COP_PronStem2	RelConc5_CopPre_RelConc9_PossConc5_PronStem2	PUNC_PUNC_PUNC
bo_nke	QuantConc2_QuantStem	QuantConc2_QuantStem	QuantConc2_QuantStem	PUNC_PUNC
aba_hlal_a	RelConc2_VRoot_VerbTerm	RelConc2_VRoot_VerbTerm	RelConc2_VRoot_VerbTerm	NStem_NStem_NStem
ku_lo	LocPre_Dem5_Pos1	LocPre_PronStem5	LocPre_Dem5_Pos1	PUNC_PUNC
,	Punc	PUNC	Punc	PUNC
be_many_ane	SC2_Intrans_RecipExt_VerbTerm	SC2_VRoot_DimSuf	SC2_Intrans_RecipExt_VerbTerm	NStem_NStem_NStem
kw_i_yantlukwano	LocPre_NPrePre9_NStem	LocPre_NPrePre9_NStem	LocPre_NPrePre9_NStem	NStem_NStem_NStem
ya_lo	PossConc9_PronStem5	PossConc9_PronStem5	PossConc9_PronStem5	PUNC_PUNC
.	Punc	PUNC	Punc	PUNC
U_m_Gaqo__si_se_ko	NPrePre3_BPre3_NStem_BPre7_NStem	NPrePre3_BPre3_NStem_BPre7_Pro_PronStem15	NPrePre3_BPre3_NStem_BPre7_NStem	VRoot_VRoot_VRoot_VRoot_VRoot_NStem
u_kwa_nyanzel_is_a	NPrePre3_AdvPre_VRoot_CausExt_VerbTerm	SC3_AdvPre_VRoot_CausExt_VerbTerm	NPrePre3_AdvPre_VRoot_CausExt_VerbTerm	NStem_NStem_NStem_NStem_NStem
i_li_zwe	NPrePre5_BPre5_NStem	NPrePre5_BPre5_NStem	NPrePre5_BPre5_NStem	NStem_NStem_NStem
u_kuba	Conj	NPre15_Conj	Conj	PUNC_PUNC
li_phil_is_e	NPrePre5_VRoot_CausExt_VerbTerm	SC5_VRoot_CausExt_VerbTerm	NPrePre5_VRoot_CausExt_VerbTerm	VRoot_NStem_VRoot_VRoot
i_i_yantlukwano	NPrePre10_BPre10_NStem	NPrePre10_BPre10_NStem	NPrePre10_BPre10_NStem	NStem_VRoot_NStem
ze_xesha	PossConc10_NPrePre5_BPre5_NStem	PossConc10_BPre5	PossConc10_NPrePre5_BPre5_NStem	PUNC_PUNC
eli_dlul_il_e_yo	RelConc5_VRoot_Perf_VerbTerm_RelSuf	RelConc5_VRoot_Perf_VerbTerm_RelSuf	RelConc5_VRoot_Perf_VerbTerm_RelSuf	NStem_NStem_NStem_NStem_NStem
,	Punc	PUNC	Punc	PUNC
ku_qond_w_a	SC15_VRoot_PassExt_VerbTerm	SC15_VRoot_PassExt_VerbTerm	SC15_VRoot_PassExt_VerbTerm	VRoot_NStem_VRoot_VRoot
u_kuba	Conj	Conj_Conj	Conj	NStem_NStem
u_Mzantsi	NPrePre3_ProperName	NPrePre3_ProperName	NPrePre3_ProperName	NStem_NStem
Afrika	ProperName	ProperName	ProperName	PUNC
u_vel_a	NPrePre3_VRoot_VerbTerm	SC3_VRoot_VerbTerm	NPrePre3_VRoot_VerbTerm	NStem_NStem_NStem
kw_i_n_kqubo	LocPre_NPrePre9_BPre9_NStem	LocPre_NPrePre9_BPre9_NStem	LocPre_NPrePre9_BPre9_NStem	NStem_NStem_NStem_NStem
a_pho	Dem16_Pos2	PossConc6_PossPron	Dem16_Pos2	PUNC_PUNC
u_ninzi	NPrePre11_NStem	NPrePre11_NStem	NPrePre11_NStem	PUNC_PUNC
lwa_be_mi	PossConc11_NPrePre2_BPre2_NStem	PossConc11_BPre2_NStem	PossConc11_NPrePre2_BPre2_NStem	NStem_NStem_NStem
ba_phang_w_a	SC2_Past_VRoot_PassExt_VerbTerm	SC2_VRoot_PassExt_VerbTerm	SC2_Past_VRoot_PassExt_VerbTerm	NStem_NStem_NStem_NStem
a_ma_thuba	NPrePre6_BPre6_NStem	NPrePre6_BPre6_NStem	NPrePre6_BPre6_NStem	NStem_NStem_NStem
.	Punc	PUNC	Punc	PUNC
Ma_ku_khunjul_w_e	ImpPre_SC15_VRoot_PassExt_VerbTerm	ImpPre_SC15_VRoot_PassExt_VerbTerm	ImpPre_SC15_VRoot_PassExt_VerbTerm	NStem_NStem_VRoot_NStem_NStem
u_kuba	Conj	SC1_Conj	Conj	PUNC_PUNC
i__lo_gframe	NPrePre9_Foreign	NPrePre9_PronStem5_Foreign	NPrePre9_Foreign	NStem_NStem_NStem
i_lu_xwebhu	CopPre_BPre11_NStem	NPrePre5_BPre11_NStem	CopPre_BPre11_NStem	NStem_NStem_NStem
olu_phil_a_yo	RelConc11_VRoot_VerbTerm_RelSuf	RelConc11_VRoot_VerbTerm_RelSuf	RelConc11_VRoot_VerbTerm_RelSuf	NStem_VRoot_NStem_VRoot
,	Punc	PUNC	Punc	PUNC
kwaye	Conj	Conj	Conj	Conj
ku_funek_a	SC15_VRoot_VerbTerm	SC15_VRoot_VerbTerm	SC15_VRoot_VerbTerm	NStem_NStem_NStem
u_kuba	Conj	NPrePre15_Conj	Conj	PUNC_PUNC
ku_man_e	SC15_AuxVStem	SC15_VRoot_VerbTerm	SC15_AuxVStem	PUNC_NStem_NStem
u_ku_jolis_a	NPrePre15_BPre15_VRoot_VerbTerm	NPrePre15_BPre15_VRoot_VerbTerm	NPrePre15_BPre15_VRoot_VerbTerm	NStem_NStem_NStem_NStem
lu_man_e	SC11_AuxVStem	SC11_VRoot_VerbTerm	SC11_AuxVStem	PUNC_NStem_NStem
u_ku_kroty_el_w_a	NPrePre15_BPre15_VRoot_PassExt_VerbTerm	NPrePre15_BPre15_VRoot_ApplExt_PassExt_VerbTerm	NPrePre15_BPre15_VRoot_PassExt_VerbTerm	NStem_NStem_VRoot_VRoot_VRoot_VRoot
ng_eli	AdvPre_Dem5_Pos1	AdvPre_RelConc5	AdvPre_Dem5_Pos1	NStem_NStem
xesha	NStem	NStem	NStem	PUNC
ku_qhuty_w_a	SC15_VRoot_PassExt_VerbTerm	SC15_VRoot_PassExt_VerbTerm	SC15_VRoot_PassExt_VerbTerm	NStem_NStem_VRoot_VRoot
u_m_jikelo	NPrePre3_BPre3_NStem	NPrePre3_BPre3_NStem	NPrePre3_BPre3_NStem	NStem_NStem_NStem
we_projekthi	PossConc3_NPrePre9_NStem	PossConc3_NStem	PossConc3_NPrePre9_NStem	NStem_NStem
.	Punc	PUNC	Punc	PUNC
Si_si_xhobo	CopPre_NPrePre7_BPre7_NStem	CopPre_BPre7_NStem	CopPre_NPrePre7_BPre7_NStem	NStem_NStem_NStem
esi_qulunq_el_w_e	RelConc7_VRoot_ApplExt_PassExt_VerbTerm	RelConc7_VRoot_ApplExt_PassExt_VerbTerm	RelConc7_VRoot_ApplExt_PassExt_VerbTerm	VRoot_VRoot_VRoot_VRoot_VRoot
u_kuba	Conj	Conj_Conj	Conj	PUNC_PUNC
si_nced_e	SC7_VRoot_VerbTerm	SC7_VRoot_VerbTerm	SC7_VRoot_VerbTerm	NStem_NStem_NStem
a_ma_qela	NPrePre6_BPre6_NStem	NPrePre6_BPre6_NStem	NPrePre6_BPre6_NStem	NStem_NStem_NStem
e_projekthi	RelConc6_NPrePre9_NStem	PossConc6_NStem	RelConc6_NPrePre9_NStem	NStem_NStem
,	Punc	PUNC	Punc	PUNC
si_nga_ba_thintel_i	SC7_NegPre_OC2_VRoot_VerbTerm	SC7_NegPre_BPre2_VRoot_VerbTerm	SC7_NegPre_OC2_VRoot_VerbTerm	NStem_VRoot_NStem_VRoot_VRoot
,	Punc	PUNC	Punc	PUNC
a_si_ngo_m_thetho	NegPre_CopPre_NegPre_NPrePre3_BPre3_NStem	NegPre_BPre7_NegPre_BPre3_NStem	NegPre_CopPre_NegPre_NPrePre3_BPre3_NStem	NStem_NStem_VRoot_NStem_VRoot
wa_ma_Medi	PossConc6_NPrePre6_BPre6_ProperName	PossConc3_BPre6_NStem	PossConc6_NPrePre6_BPre6_ProperName	NStem_NStem_NStem
na_ma_Peresi	AdvPre_BPre6_ProperName	AdvPre_BPre6_ProperName	AdvPre_BPre6_ProperName	NStem_NStem_NStem
kwaye	Conj	Conj	Conj	PUNC
ku_funek_a	SC15_VRoot_VerbTerm	SC15_VRoot_VerbTerm	SC15_VRoot_VerbTerm	NStem_NStem_NStem
si_hlaziy_w_e	SC7_VRoot_PassExt_VerbTerm	SC7_VRoot_PassExt_VerbTerm	SC7_VRoot_PassExt_VerbTerm	NStem_NStem_NStem_NStem
ng_okwe_e_meko	AdvPre_NPrePre10_BPre10_NStem	AdvPre_AdvPre_NPrePre9_NStem	AdvPre_NPrePre10_BPre10_NStem	NStem_NStem_NStem_NStem
zo_ku_qhuty_w_a	PossConc10_NPrePre15_BPre15_VRoot_PassExt_VerbTerm	PossConc10_BPre15_VRoot_PassExt_VerbTerm	PossConc10_NPrePre15_BPre15_VRoot_PassExt_VerbTerm	VRoot_VRoot_VRoot_NStem_VRoot
kwe_projekthi	PossConc15_NPrePre9_NStem	PossConc15_NStem	PossConc15_NPrePre9_NStem	NStem_NStem
,	Punc	PUNC	Punc	PUNC
ng_okwe_e_m_funo	AdvPre_NPrePre10_BPre10_NStem	AdvPre_AdvPre_NPrePre9_BPre9_NStem	AdvPre_NPrePre10_BPre10_NStem	NStem_VRoot_VRoot_NStem_NStem
zo_ku_bek_w_a	PossConc10_NPrePre15_BPre15_VRoot_PassExt_VerbTerm	PossConc10_BPre15_VRoot_PassExt_VerbTerm	PossConc10_NPrePre15_BPre15_VRoot_PassExt_VerbTerm	NStem_NStem_NStem_NStem_NStem
kwe_li_so	PossConc15_NPrePre5_BPre5_NStem	PossConc15_BPre5_NStem	PossConc15_NPrePre5_BPre5_NStem	NStem_NStem_NStem
ne_mi_sebenzi	AdvPre_NPrePre4_BPre4_NStem	AdvPre_BPre4_NStem	AdvPre_NPrePre4_BPre4_NStem	NStem_NStem_NStem
yo_hlaziyo	PossConc4_NPrePre11_BPre11_NStem	PossConc9_BPre11	PossConc4_NPrePre11_BPre11_NStem	NStem_NStem
.	Punc	PUNC	Punc	PUNC
U_hambo	NPrePre11_NStem	NPrePre11_NStem	NPrePre11_NStem	NStem_NStem
lwe_candelo	PossConc11_NPrePre5_BPre5_NStem	PossConc11_BPre5	PossConc11_NPrePre5_BPre5_NStem	NStem_NStem
la_ba_hlali	PossConc5_NPrePre2_BPre2_NStem	PossConc5_BPre2_NStem	PossConc5_NPrePre2_BPre2_NStem	NStem_NStem_NStem
lu_phuhl_is_a	SC11_VRoot_CausExt_VerbTerm	SC11_VRoot_CausExt_VerbTerm	SC11_VRoot_CausExt_VerbTerm	NStem_NStem_NStem_NStem
i_m_bono	NPrePre9_BPre9_NStem	NPrePre9_BPre9_NStem	NPrePre9_BPre9_NStem	PUNC_PUNC_PUNC
ya_ba_hlali	PossConc9_NPrePre2_BPre2_NStem	PossConc9_BPre2_NStem	PossConc9_NPrePre2_BPre2_NStem	NStem_NStem_NStem
ng_okw_andlal_ek_a	AdvPre_NPrePre15_BPre15_VRoot_NeutExt_VerbTerm	AdvPre_RelConc15_VRoot_NeutExt_VerbTerm	AdvPre_NPrePre15_BPre15_VRoot_NeutExt_VerbTerm	NStem_NStem_NStem_NStem_VRoot
kwa_ngoku	AdvPre_Adv	AdvPre_Adv	AdvPre_Adv	PUNC_PUNC
kwe_zi_thuba	PossConc15_NPrePre8_BPre8_NStem	PossConc15_BPre8_NStem	PossConc15_NPrePre8_BPre8_NStem	NStem_NStem_NStem
ezi_phakathi	RelConc10_Adv	RelConc10_Adv	RelConc10_Adv	NStem_NStem
ko_lu_ntu	PossConc15_NPrePre11_BPre11_NStem	PossConc15_BPre11_NStem	PossConc15_NPrePre11_BPre11_NStem	NStem_NStem_NStem
.	Punc	PUNC	Punc	PUNC
A_ma_lungu	NPrePre6_BPre6_NStem	NPrePre6_BPre6_NStem	NPrePre6_BPre6_NStem	NStem_NStem_NStem
e_qela	PossConc6_NPrePre5_BPre5_NStem	PossConc6_BPre5	PossConc6_NPrePre5_BPre5_NStem	NStem_NStem
ma_wa_vot_ele	ImpPre_SC6_VRoot_ApplExt_VerbTerm	ImpPre_OC6_VRoot_NStem	ImpPre_SC6_VRoot_ApplExt_VerbTerm	NStem_NStem_NStem_NStem
i_zi_phumo	NPrePre8_BPre8_NStem	NPrePre8_BPre8_NStem	NPrePre8_BPre8_NStem	NStem_NStem_NStem
ezi_z_e_zo_na	RelConc8_CopPre_SC9_PronStem8_PronSuf	RelConc10_CopPre_LocPre_PronStem10_PronSuf	RelConc8_CopPre_SC9_PronStem8_PronSuf	NStem_NStem_NStem_NStem_NStem
zi_khol_ek_il_e_yo	RelConc8_VRoot_Perf_VerbTerm_RelSuf	RelConc10_VRoot_NeutExt_Perf_VerbTerm_RelSuf	RelConc8_VRoot_Perf_VerbTerm_RelSuf	NStem_NStem_VRoot_NStem_VRoot_VRoot
zi_thathu	AdjPref8_AdjStem	CopPre_AdjStem	AdjPref8_AdjStem	NStem_NStem
a_zi_nqwenel_a_yo	RelConc6_OC8_VRoot_VerbTerm_RelSuf	RelConc6_OC10_VRoot_VerbTerm_RelSuf	RelConc6_OC8_VRoot_VerbTerm_RelSuf	VRoot_VRoot_VRoot_VRoot_VRoot
.	Punc	PUNC	Punc	NStem
I_lungu	NPrePre5_BPre5_NStem	NPrePre5_NStem	NPrePre5_BPre5_NStem	NStem_NStem
nga_li_nye	AdvPre_EnumConc5_EnumStem	AdvPre_EnumConc5_EnumStem	AdvPre_EnumConc5_EnumStem	PUNC_PUNC_PUNC
le_qela	PossConc5_NPrePre5_BPre5_NStem	PossConc5_BPre9	PossConc5_NPrePre5_BPre5_NStem	NStem_NStem
li_ne_e_voti	CopPre_AdvPre_NPrePre9_NStem	CopPre_AdvPre_NPrePre9_NStem	CopPre_AdvPre_NPrePre9_NStem	NStem_NStem_NStem_NStem
ezin_tathu	AdjPref10_AdjStem	AdjPref10_AdjStem	AdjPref10_AdjStem	PUNC_PUNC
kwaye	Conj	Conj	Conj	PUNC
'	Punc	PUNC	Punc	PUNC
li_nga_vota	SC5_Pot_VRoot_VerbTerm	CopPre_AdvPre_NStem	SC5_Pot_VRoot_VerbTerm	NStem_PUNC_NStem
'	Punc	PUNC	Punc	PUNC
ngo_ku_bek_a	AdvPre_NPrePre15_BPre15_VRoot_VerbTerm	AdvPre_BPre15_VRoot_VerbTerm	AdvPre_NPrePre15_BPre15_VRoot_VerbTerm	NStem_NStem_NStem_NStem
u_phawu	NPrePre11_NStem	NPrePre11_NStem	NPrePre11_NStem	NStem_NStem
olu_nye	AdjPref11_AdjStem	AdjPref11_AdjStem	AdjPref11_AdjStem	PUNC_PUNC
lo_ku_korekish_a	PossConc11_NPrePre15_BPre15_VRoot_VerbTerm	PossConc11_BPre15_VRoot_VerbTerm	PossConc11_NPrePre15_BPre15_VRoot_VerbTerm	NStem_NStem_VRoot_VRoot
okanye	Conj	Conj	Conj	NStem
i_im_pawu	NPrePre10_BPre10_NStem	NPrePre10_BPre10_NStem	NPrePre10_BPre10_NStem	NStem_NStem_NStem
zo_ku_korekish_a	PossConc10_NPrePre15_BPre15_VRoot_VerbTerm	PossConc10_BPre15_VRoot_VerbTerm	PossConc10_NPrePre15_BPre15_VRoot_VerbTerm	NStem_NStem_NStem_NStem
e_cale_ni	LocPre_NPrePre5_BPre5_NStem_LocSuf	LocPre_BPre5_NStem	LocPre_NPrePre5_BPre5_NStem_LocSuf	NStem_NStem_NStem
kw_esi_phumo	PossConc15_NPrePre7_BPre7_NStem	LocPre_RelConc7_NStem	PossConc15_NPrePre7_BPre7_NStem	PUNC_PUNC_PUNC
aba_zi_v_a	RelConc2_ReflPre_VRoot_VerbTerm	RelConc2_ReflPre_VRoot_VerbTerm	RelConc2_ReflPre_VRoot_VerbTerm	NStem_NStem_NStem_NStem
be_zi_bek_a	SC2_OC8_VRoot_VerbTerm	SC2_OC10_VRoot_VerbTerm	SC2_OC8_VRoot_VerbTerm	NStem_NStem_NStem_NStem
phambili	Adv	Adv	Adv	PUNC
.	Punc	PUNC	Punc	PUNC
ESI	Dem7_Pos1	CDEM07	Dem7_Pos1	NStem
S_AHLUKO	BPre7_NStem	BPre7_NStem	BPre7_NStem	NStem_NStem
SI_CHAZ_A	SC7_VRoot_VerbTerm	SC7_VRoot_VerbTerm	SC7_VRoot_VerbTerm	NStem_NStem_NStem
KWAYE	Conj	POSS15	Conj	PUNC
SI_NIK_A	SC7_VRoot_VerbTerm	SC7_VRoot_VerbTerm	SC7_VRoot_VerbTerm	NStem_NStem_NStem
I_IN_KCUK_A_CHA	NPrePre10_BPre10_NStem	NPrePre10_BPre10_VRoot_VerbTerm_AuxVStem	NPrePre10_BPre10_NStem	NStem_NStem_VRoot_VRoot_NStem
nge_bakal_a	AdvPre_NPrePre5_BPre5_NStem	AdvPre_VRoot_VerbTerm	AdvPre_NPrePre5_BPre5_NStem	NStem_NStem_NStem
nga_li_nye	AdvPre_EnumConc5_EnumStem	AdvPre_EnumConc5_EnumStem	AdvPre_EnumConc5_EnumStem	NStem_NStem_NStem
le_Mephu	PossConc5_NPrePre9_NStem	PossConc5_NStem	PossConc5_NPrePre9_NStem	NStem_NStem
Ye_n_dlel_a	PossConc9_NPrePre9_BPre9_NStem	PossConc9_BPre9_VRoot_VerbTerm	PossConc9_NPrePre9_BPre9_NStem	NStem_NStem_NStem_NStem
e_chatshazel_w_a	RelConc9_VRoot_PassExt_VerbTerm	RelConc9_VRoot_PassExt_VerbTerm	RelConc9_VRoot_PassExt_VerbTerm	VRoot_NStem_NStem_NStem
kw_i_si_khokelo	LocPre_NPrePre7_BPre7_NStem	LocPre_NPrePre7_BPre7_NStem	LocPre_NPrePre7_BPre7_NStem	NStem_NStem_NStem_NStem
se__AI_CDD	PossConc7_NPrePre9_Abbr	PossConc7_NPrePre9_Abbr	PossConc7_NPrePre9_Abbr	NStem_NStem_NStem
CBP	Abbr	Abbr	Abbr	PUNC
.	Punc	PUNC	Punc	PUNC
Esi	Dem7_Pos1	CDEM07	Dem7_Pos1	PUNC
s_ahluko	BPre7_NStem	BPre7_NStem	BPre7_NStem	NStem_NStem
si_thath_a	SC1_VRoot_VerbTerm	SC7_VRoot_VerbTerm	SC1_VRoot_VerbTerm	NStem_NStem_NStem
u_hambo	NPrePre11_NStem	NPrePre11_NStem	NPrePre11_NStem	NStem_NStem
olu_gqith_a	RelConc11_VRoot_VerbTerm	RelConc11_VRoot_VerbTerm	RelConc11_VRoot_VerbTerm	NStem_NStem_NStem
kw_i_bakal_a	LocPre_NPrePre5_BPre5_NStem	LocPre_SC9_VRoot_VerbTerm	LocPre_NPrePre5_BPre5_NStem	NStem_NStem_NStem_NStem
nga_li_nye	AdvPre_EnumConc5_EnumStem	AdvPre_EnumConc5_EnumStem	AdvPre_EnumConc5_EnumStem	NStem_NStem_NStem
kwaye	Conj	Conj	Conj	Conj
,	Punc	PUNC	Punc	PUNC
ngo_ku_sek_w_e	AdvPre_RelConc15_VRoot_PassExt_VerbTerm	AdvPre_BPre15_VRoot_PassExt_VerbTerm	AdvPre_RelConc15_VRoot_PassExt_VerbTerm	NStem_NStem_NStem_NStem_NStem
kw_i_Si_khokelo	LocPre_NPrePre7_BPre7_NStem	LocPre_NPrePre7_BPre7_NStem	LocPre_NPrePre7_BPre7_NStem	NStem_NStem_NStem_NStem
se__AI_CDD	PossConc7_NPrePre9_Abbr	PossConc7_Abbr_Abbr	PossConc7_NPrePre9_Abbr	NStem_NStem_NStem
,	Punc	PUNC	Punc	PUNC
si_cebis_a	SC1pp_VRoot_VerbTerm	SC1pp_VRoot_VerbTerm	SC1pp_VRoot_VerbTerm	NStem_NStem_NStem
nge_n_dlel_a	AdvPre_NPrePre9_BPre9_NStem	AdvPre_BPre9_VRoot_VerbTerm	AdvPre_NPrePre9_BPre9_NStem	NStem_NStem_NStem_NStem
i_bakal_a	NPrePre5_BPre5_NStem	SC9_VRoot_VerbTerm	NPrePre5_BPre5_NStem	NStem_NStem_NStem
nga_li_nye	AdvPre_EnumConc5_EnumStem	AdvPre_EnumConc5_EnumStem	AdvPre_EnumConc5_EnumStem	PUNC_PUNC_PUNC
li_no_ku_qhuty_w_a	SC5_AdvPre_NPrePre15_BPre15_VRoot_PassExt_VerbTerm	SC5_AdvPre_BPre15_VRoot_PassExt_VerbTerm	SC5_AdvPre_NPrePre15_BPre15_VRoot_PassExt_VerbTerm	NStem_NStem_VRoot_VRoot_NStem_NStem
nga_lo	AdvPre_PronStem5	AdvPre_PronStem11	AdvPre_PronStem5	PUNC_PUNC
.	Punc	PUNC	Punc	PUNC
Esi	Dem7_Pos1	CDEM07	Dem7_Pos1	PUNC
s_ahluko	BPre7_NStem	BPre7_NStem	BPre7_NStem	NStem_NStem
si_shwankathel_a	SC7_VRoot_VerbTerm	SC7_VRoot_VerbTerm	SC7_VRoot_VerbTerm	NStem_NStem_NStem
a_ma_nqaku	NPrePre6_BPre6_NStem	NPrePre6_BPre6_NStem	NPrePre6_BPre6_NStem	NStem_NStem_NStem
a_ng_u_ndoqo	RelConc6_CopPre_NPrePre1a_NStem	RelConc6_CopPre_NPrePre1a_NStem	RelConc6_CopPre_NPrePre1a_NStem	VRoot_NStem_NStem_VRoot
.	Punc	PUNC	Punc	PUNC
I_n_gcaciso	NPrePre9_BPre9_NStem	NPrePre9_BPre9_NStem	NPrePre9_BPre9_NStem	NStem_NStem_NStem
e_the	RelConc9_VRoot_VerbTerm	PossConc6_Foreign	RelConc9_VRoot_VerbTerm	PUNC_PUNC
vetshe	Ideoph	Ideoph	Ideoph	NStem
i_quleth_w_e	SC9_VRoot_PassExt_VerbTerm	SC9_VRoot_PassExt_VerbTerm	SC9_VRoot_PassExt_VerbTerm	NStem_NStem_NStem_NStem
kw_i_Si_khokelo	LocPre_NPrePre7_BPre7_NStem	LocPre_NPrePre7_BPre7_NStem	LocPre_NPrePre7_BPre7_NStem	VRoot_VRoot_VRoot_VRoot
se__AI_CDD	PossConc7_NPrePre9_Abbr	PossConc7_Abbr_Abbr	PossConc7_NPrePre9_Abbr	NStem_NStem_NStem
.	Punc	PUNC	Punc	PUNC
A_y_i_thath_a	SC6_OC4_VRoot_VerbTerm	SC6_CopPre_SC9_VRoot_VerbTerm	SC6_OC4_VRoot_VerbTerm	NStem_NStem_NStem_NStem_NStem
njani	Adv	Adv	Adv	PUNC
i_n_xaxheba	NPrePre9_BPre9_NStem	NPrePre9_BPre9_NStem	NPrePre9_BPre9_NStem	VRoot_VRoot_NStem
a_ma_khosikazi	NPrePre6_BPre6_NStem	NPrePre6_BPre6_NStem	NPrePre6_BPre6_NStem	NStem_NStem_PUNC
kw_i_mi_sebenzi	LocPre_NPrePre4_BPre4_NStem	LocPre_NPrePre4_BPre4_NStem	LocPre_NPrePre4_BPre4_NStem	NStem_NStem_NStem_PUNC
ye_n_kqubo	PossConc4_NPrePre9_BPre9_NStem	PossConc9_BPre9_NStem	PossConc4_NPrePre9_BPre9_NStem	NStem_NStem_NStem
(	Punc	PUNC	Punc	PUNC
ku_quk_a	SC15_VRoot_VerbTerm	SC15_VRoot_VerbTerm	SC15_VRoot_VerbTerm	NStem_NStem_NStem
i_in_kqubo	NPrePre10_BPre10_NStem	NPrePre10_BPre10_NStem	NPrePre10_BPre10_NStem	NStem_NStem_NStem
zo_qeqesho	PossConc10_NPrePre11_BPre11_NStem	PossConc10_BPre11	PossConc10_NPrePre11_BPre11_NStem	VRoot_NStem
,	Punc	PUNC	Punc	PUNC
i_i_s_e_mi_na	NPrePre10_BPre10_NStem	NPrePre10_BPre10_PreLocs_LocPre_BPre4_PronSuf	NPrePre10_BPre10_NStem	NStem_NStem_NStem_NStem_NStem_NStem
ne_e_n_tlanganiso	AdvPre_NPrePre10_BPre10_NStem	AdvPre_PossConc6_BPre9_NStem	AdvPre_NPrePre10_BPre10_NStem	VRoot_VRoot_NStem_VRoot
)	Punc	PUNC	Punc	PUNC
?	Punc	PUNC	Punc	PUNC
A_ma_doda	NPrePre6_BPre6_NStem	NPrePre6_BPre6_NStem	NPrePre6_BPre6_NStem	NStem_NStem_NStem
wo_na	PronStem6_PronSuf	PronStem3_PronSuf	PronStem6_PronSuf	PUNC_PUNC
?	Punc	PUNC	Punc	Conj
I_ngaba	CopPre_Interrog	SC9_Interrog	CopPre_Interrog	PUNC_PUNC
kw_a_ku_kho	CopPre_Past_CopPre_Adv	SC15_Past_CopPre_Adv	CopPre_Past_CopPre_Adv	PUNC_PUNC_PUNC_PUNC
u_hlahlo	NPrePre11_NStem	NPrePre11_NStem	NPrePre11_NStem	PUNC_NStem
lw_ab_iwo__mali	BPre11_NStem_NStem	BPre11_NStem_NStem_NStem	BPre11_NStem_NStem	NStem_NStem_NStem_NStem
olu_lo_dwa	RelConc11_QuantConc11_QuantStem	RelConc11_QuantConc5_QuantStem	RelConc11_QuantConc11_QuantStem	PUNC_PUNC_PUNC
olw_enz_el_w_e	RelConc11_VRoot_ApplExt_PassExt_VerbTerm	RelConc11_VRoot_ApplExt_PassExt_VerbTerm	RelConc11_VRoot_ApplExt_PassExt_VerbTerm	NStem_NStem_NStem_NStem_NStem
a_ma_khosikazi	NPrePre6_BPre6_NStem	NPrePre6_BPre6_NStem	NPrePre6_BPre6_NStem	NStem_NStem_NStem
?	Punc	PUNC	Punc	PUNC
U_ku_phawul_w_a	NPrePre15_BPre15_VRoot_PassExt_VerbTerm	NPrePre15_BPre15_VRoot_PassExt_VerbTerm	NPrePre15_BPre15_VRoot_PassExt_VerbTerm	VRoot_NStem_VRoot_NStem_NStem
k_oo_vimba	LocPre_NPrePre2a_NStem	PossConc15_BPre2a_NStem	LocPre_NPrePre2a_NStem	NStem_NStem_NStem
_	Punc		Punc	
I_i_Komiti	NPrePre10_BPre10_NStem	NPrePre10_BPre10_NStem	NPrePre10_BPre10_NStem	NStem_NStem_NStem
ze_Wadi	PossConc10_NPrePre9_NStem	PossConc10_NStem	PossConc10_NPrePre9_NStem	NStem_NStem
zi_bek_el_w_e	SC10_VRoot_ApplExt_PassExt_VerbTerm	SC10_VRoot_ApplExt_PassExt_VerbTerm	SC10_VRoot_ApplExt_PassExt_VerbTerm	NStem_NStem_NStem_NStem_NStem
u_kw_az_i	NPrePre15_BPre15_VRoot_VerbTerm	NPrePre15_BPre15_VRoot_VerbTerm	NPrePre15_BPre15_VRoot_VerbTerm	NStem_NStem_NStem_NStem
u_kuba	Conj	SC1_Conj	Conj	PUNC_PUNC
ng_aba_phi	CopPre_RelConc2_EnumStem	CopPre_RelConc2_EnumStem	CopPre_RelConc2_EnumStem	NStem_NStem_NStem
na	Interrog	Interrog	Interrog	PUNC
oo_vimba	NPrePre2a_NStem	BPre2a_NStem	NPrePre2a_NStem	PUNC_PUNC
aba_kho_yo	RelConc2a_Adv_RelSuf	RelConc2_Adv_RelSuf	RelConc2a_Adv_RelSuf	NStem_NStem_NStem
ku_lu_ntu	LocPre_NPrePre11_BPre11_NStem	LocPre_BPre11_NStem	LocPre_NPrePre11_BPre11_NStem	NStem_NStem_NStem
ku_ba_hlali	LocPre_NPrePre2_BPre2_NStem	LocPre_BPre2_NStem	LocPre_NPrePre2_BPre2_NStem	NStem_NStem_NStem
kw_a_kunye	AdvPre_Conj	SC15_Past_Conj	AdvPre_Conj	NStem_NStem_NStem
ne_mi_da	AdvPre_NPrePre4_BPre4_NStem	AdvPre_BPre4_NStem	AdvPre_NPrePre4_BPre4_NStem	PUNC_PUNC_PUNC
ya_bo	PossConc4_PronStem2	PossConc9_PronStem2	PossConc4_PronStem2	PUNC_PUNC
kw_a_kunye	AdvPre_Conj	CopPre_Past_Conj	AdvPre_Conj	NStem_NStem_NStem
ne_n_dlel_a	AdvPre_NPrePre9_BPre9_NStem	AdvPre_BPre9_VRoot_VerbTerm	AdvPre_NPrePre9_BPre9_NStem	NStem_NStem_VRoot_NStem
i_bhunga	NPrePre5_BPre5_NStem	NPrePre5_NStem	NPrePre5_BPre5_NStem	NStem_NStem
eli_no_kuba_sebenz_is_a	RelConc5_CopPre_NPrePre15_BPre15_OC2_VRoot_CausExt_VerbTerm	RelConc5_AdvPre_Conj_VRoot_CausExt_VerbTerm	RelConc5_CopPre_NPrePre15_BPre15_OC2_VRoot_CausExt_VerbTerm	VRoot_VRoot_NStem_VRoot_VRoot_VRoot
nga_yo	AdvPre_PronStem9	AdvPre_PronStem9	AdvPre_PronStem9	PUNC_PUNC
oo_vimba	NPrePre2a_NStem	BPre2a_NStem	NPrePre2a_NStem	PUNC_PUNC
.	Punc	PUNC	Punc	PUNC
A_ba	Dem2_Pos1	CopPre_Cop	Dem2_Pos1	PUNC_PUNC
vimba	NStem	NStem	NStem	PUNC
ba_nga_l_u_ncedo	CopPre_Pot_CopPre_NPrePre11_BPre11_NStem	CopPre_Pot_CopPre_NPrePre11_NStem	CopPre_Pot_CopPre_NPrePre11_BPre11_NStem	VRoot_VRoot_VRoot_VRoot_VRoot
naxa	Conj	Conj	Conj	PUNC
u_masipala	NPrePre1a_NStem	NPrePre1a_NStem	NPrePre1a_NStem	NStem_NStem
e_gqib_e	SC1a_VRoot_VerbTerm	RelConc4_VRoot_VerbTerm	SC1a_VRoot_VerbTerm	NStem_NStem_NStem
e_kubeni	Conj	LocPre_Adv	Conj	NStem_NStem
a_nikezel_e	SC1a_VRoot_ApplExt_VerbTerm	RelConc6_VRoot_VerbTerm	SC1a_VRoot_ApplExt_VerbTerm	NStem_NStem_NStem
i_n_konzo	NPrePre9_BPre9_NStem	NPrePre9_BPre9_NStem	NPrePre9_BPre9_NStem	NStem_NStem_NStem
k_oo_Ma_hlulelane	LocPre_NPrePre2a_NStem	LocPre_NPrePre2a_BPre6_NStem	LocPre_NPrePre2a_NStem	VRoot_NStem_VRoot_VRoot
kw_i_N_konzo	LocPre_NPrePre9_BPre9_NStem	LocPre_NPrePre9_BPre9_NStem	LocPre_NPrePre9_BPre9_NStem	NStem_NStem_NStem_NStem
zi_ka_Masipala	PossConc10_PossKA_NStem	PossConc10_PossKA_NStem	PossConc10_PossKA_NStem	NStem_NStem_NStem
.	Punc	PUNC	Punc	PUNC
I_i_Komiti	NPrePre10_BPre10_NStem	NPrePre10_BPre10_NStem	NPrePre10_BPre10_NStem	NStem_NStem_NStem
ze_Wadi	PossConc10_NPrePre9_NStem	PossConc10_NStem	PossConc10_NPrePre9_NStem	PUNC_PUNC
zi_nga_nced_is_a	SC10_Pot_VRoot_CausExt_VerbTerm	SC10_Pot_VRoot_CausExt_VerbTerm	SC10_Pot_VRoot_CausExt_VerbTerm	NStem_VRoot_NStem_VRoot_NStem
e_ku_phawul_e_ni	LocPre_NPrePre15_BPre15_VRoot_VerbTerm_LocSuf	LocPre_BPre15_VRoot_VerbTerm_VerbTerm	LocPre_NPrePre15_BPre15_VRoot_VerbTerm_LocSuf	NStem_NStem_NStem_NStem_NStem
u_m_nikezel_i	NPrePre1_BPre1_NStem	NPrePre1_BPre1_VRoot_VerbTerm	NPrePre1_BPre1_NStem	NStem_NStem_NStem_VRoot
we_n_konzo	PossConc1_NPrePre9_BPre9_NStem	PossConc1_BPre9_NStem	PossConc1_NPrePre9_BPre9_NStem	NStem_NStem_NStem
o_fanel_ek_il_e_yo	RelConc1_VRoot_NeutExt_Perf_VerbTerm_RelSuf	RelConc3_VRoot_NeutExt_Perf_VerbTerm_RelSuf	RelConc1_VRoot_NeutExt_Perf_VerbTerm_RelSuf	NStem_NStem_NStem_NStem_NStem_NStem
o_no_ku_hlangabez_ana	RelConc1_CopPre_NPrePre15_BPre15_VRoot_RecipExt_VerbTerm	RelConc3_AdvPre_BPre15_VRoot_DimSuf	RelConc1_CopPre_NPrePre15_BPre15_VRoot_RecipExt_VerbTerm	NStem_VRoot_VRoot_NStem_VRoot
ne_e_n_jongo	AdvPre_NPrePre10_BPre10_NStem	AdvPre_NPrePre9_BPre9_NStem	AdvPre_NPrePre10_BPre10_NStem	NStem_NStem_NStem_NStem
zo_nikezelo	PossConc10_NPrePre11_BPre11_NStem	PossConc10_BPre11	PossConc10_NPrePre11_BPre11_NStem	PUNC_PUNC
lu_ka_masipala	PossConc11_PossKA_NStem	PossConc11_PossKA_NStem	PossConc11_PossKA_NStem	NStem_NStem_NStem
nge_xabiso	AdvPre_NPrePre5_BPre5_NStem	AdvPre_BPre5	AdvPre_NPrePre5_BPre5_NStem	NStem_NStem
eli_fanel_ek_il_e_yo	RelConc5_VRoot_NeutExt_Perf_VerbTerm_RelSuf	RelConc5_VRoot_NeutExt_Perf_VerbTerm_RelSuf	RelConc5_VRoot_NeutExt_Perf_VerbTerm_RelSuf	NStem_NStem_NStem_VRoot_NStem_NStem
kw_a_kunye	AdvPre_Conj	SC15_Past_Conj	AdvPre_Conj	NStem_NStem_NStem
ne_n_dlel_a	AdvPre_NPrePre9_BPre9_NStem	AdvPre_BPre9_VRoot_VerbTerm	AdvPre_NPrePre9_BPre9_NStem	NStem_NStem_NStem_NStem
e_fanel_ek_il_e_yo	RelConc9_VRoot_NeutExt_Perf_VerbTerm_RelSuf	RelConc9_VRoot_NeutExt_Perf_VerbTerm_RelSuf	RelConc9_VRoot_NeutExt_Perf_VerbTerm_RelSuf	NStem_VRoot_NStem_NStem_VRoot_VRoot
yo_ku_fuman_a	PossConc9_NPrePre15_BPre15_VRoot_VerbTerm	PossConc9_BPre15_VRoot_VerbTerm	PossConc9_NPrePre15_BPre15_VRoot_VerbTerm	NStem_VRoot_NStem_NStem
i_zin_to	NPrePre10_BPre10_NStem	NPrePre10_BPre10_NStem	NPrePre10_BPre10_NStem	PUNC_PUNC_PUNC
.	Punc	PUNC	Punc	PUNC
Zi_guqul_a	SC8_VRoot_VerbTerm	SC10_VRoot_VerbTerm	SC8_VRoot_VerbTerm	NStem_NStem_NStem
u_ku_nga_lingan_i	NPrePre15_BPre15_NegPre_VRoot_VerbTerm	NPrePre15_BPre15_NegPre_VRoot_VerbTerm	NPrePre15_BPre15_NegPre_VRoot_VerbTerm	NStem_NStem_NStem_NStem_NStem
ko_nxulumano	PossConc15_NPrePre11_BPre11_NStem	PossConc15_BPre11	PossConc15_NPrePre11_BPre11_NStem	NStem_NStem
lwa_ma_gunya	PossConc11_NPrePre6_BPre6_NStem	PossConc11_BPre6_NStem	PossConc11_NPrePre6_BPre6_NStem	NStem_VRoot_NStem
phakathi	Adv	Adv	Adv	PUNC
kwa_ma_doda	PossConc15_NPrePre6_BPre6_NStem	PossConc15_BPre6_NStem	PossConc15_NPrePre6_BPre6_NStem	NStem_NStem_NStem
na_ma_khosikazi	AdvPre_NPrePre6_BPre6_NStem	AdvPre_BPre6_NStem	AdvPre_NPrePre6_BPre6_NStem	NStem_NStem_NStem
.	Punc	PUNC	Punc	PUNC
A_ma_khosikazi	NPrePre6_BPre6_NStem	NPrePre6_BPre6_NStem	NPrePre6_BPre6_NStem	NStem_NStem_NStem
ku_funek_a	SC15_VRoot_VerbTerm	SC15_VRoot_VerbTerm	SC15_VRoot_VerbTerm	NStem_VRoot_NStem
a_be	CopPre_Cop	CopPre_Cop	CopPre_Cop	PUNC_PUNC
no_ku_fikelel_a	CopPre_NPrePre15_BPre15_VRoot_VerbTerm	AdvPre_BPre15_VRoot_VerbTerm	CopPre_NPrePre15_BPre15_VRoot_VerbTerm	VRoot_VRoot_NStem_NStem
kw_i_zin_to	LocPre_NPrePre10_BPre10_NStem	LocPre_NPrePre10_BPre10_NStem	LocPre_NPrePre10_BPre10_NStem	NStem_NStem_NStem_NStem
ezi_ya	RelConc10_Fut	RelConc8_Fut	RelConc10_Fut	PUNC_PUNC
ku_wa_xhob_is_a	SC15_OC6_VRoot_CausExt_VerbTerm	SC15_OC6_VRoot_CausExt_VerbTerm	SC15_OC6_VRoot_CausExt_VerbTerm	VRoot_VRoot_VRoot_VRoot_VRoot
_	Punc		Punc	
njengo_qeqesho	AdvPre_NPrePre11_BPre11_NStem	AdvPre_NStem	AdvPre_NPrePre11_BPre11_NStem	NStem_NStem
,	Punc	PUNC	Punc	PUNC
i_i_mali__mb_o_leko	NPrePre10_BPre10_NStem_BPre9_NStem	NPrePre10_BPre10_NStem_CopPre_LocPre_NStem	NPrePre10_BPre10_NStem_BPre9_NStem	NStem_VRoot_VRoot_VRoot_VRoot_VRoot
,	Punc	PUNC	Punc	PUNC
a_ma_gunya	NPrePre6_BPre6_NStem	NPrePre6_BPre6_NStem	NPrePre6_BPre6_NStem	NStem_NStem_NStem
oku_sayina	PossConc6_NPrePre15_BPre15_VRoot_VerbTerm	RelConc15_RelStem	PossConc6_NPrePre15_BPre15_VRoot_VerbTerm	PUNC_PUNC
e_ku_qesh_is_e_ni	LocPre_NPrePre15_BPre15_VRoot_CausExt_VerbTerm_LocSuf	LocPre_BPre15_VRoot_CausExt_VerbTerm_LocSuf	LocPre_NPrePre15_BPre15_VRoot_CausExt_VerbTerm_LocSuf	VRoot_VRoot_VRoot_VRoot_VRoot_VRoot
i_zin_dlu	NPrePre10_BPre10_NStem	NPrePre10_BPre10_NStem	NPrePre10_BPre10_NStem	NStem_NStem_NStem
no_ku_m_el_w_a	AdvPre_NPrePre15_BPre15_VRoot_ApplExt_PassExt_VerbTerm	AdvPre_BPre15_VRoot_ApplExt_PassExt_VerbTerm	AdvPre_NPrePre15_BPre15_VRoot_ApplExt_PassExt_VerbTerm	NStem_NStem_NStem_NStem_NStem_NStem
ku_ma_qumrhu	LocPre_NPrePre6_BPre6_NStem	LocPre_BPre6_NStem	LocPre_NPrePre6_BPre6_NStem	NStem_VRoot_NStem
e_zo_politiko	RelConc6_PossConc8_NPrePre11_BPre11_NStem	RelConc8_PossConc8_BPre11	RelConc6_PossConc8_NPrePre11_BPre11_NStem	NStem_NStem_NStem
.	Punc	PUNC	Punc	PUNC
I_mi_ngeni	NPrePre4_BPre4_NStem	NPrePre4_BPre4_NStem	NPrePre4_BPre4_NStem	NStem_NStem_NStem
emi_ninzi	AdjPref4_AdjStem	AdjPref4_AdjStem	AdjPref4_AdjStem	PUNC_PUNC
ya_s_e_Mzantsi	PossConc4_PreLoc-s_LocPre_ProperName	PossConc9_PreLocs_LocPre_ProperName	PossConc4_PreLoc-s_LocPre_ProperName	NStem_NStem_NStem_NStem
Afrika	ProperName	ProperName	ProperName	PUNC
ku_nga_jong_w_ana	SC15_NegPre_VRoot_PassExt_RecipExt_VerbTerm	SC15_NegPre_VRoot_PassExt_DimSuf	SC15_NegPre_VRoot_PassExt_RecipExt_VerbTerm	NStem_NStem_NStem_NStem_NStem
na_yo	AdvPre_PronStem9	AdvPre_PronStem9	AdvPre_PronStem9	NStem_PUNC
ku_phel_a	Adv	SC15_VRoot_VerbTerm	Adv	NStem_NStem_NStem
nge_n_tsebenziswano	AdvPre_NPrePre9_BPre9_NStem	AdvPre_BPre9_NStem	AdvPre_NPrePre9_BPre9_NStem	NStem_VRoot_VRoot
ye_mi_m_mandla	PossConc9_NPrePre4_BPre4_NStem	PossConc9_BPre4_BPre3_NStem	PossConc9_NPrePre4_BPre4_NStem	VRoot_NStem_VRoot_NStem
.	Punc	PUNC	Punc	NStem
Logama	Adv	ProperName	Adv	PUNC
u_Mzantsi	NPrePre3_ProperName	NPrePre3_ProperName	NPrePre3_ProperName	NStem_NStem
Afrika	ProperName	ProperName	ProperName	PUNC
u_li_li_zwe	CopPre_CopPre_NPrePre5_BPre5_NStem	CopPre_BPre5_BPre5_NStem	CopPre_CopPre_NPrePre5_BPre5_NStem	NStem_VRoot_NStem_VRoot
eli_no_ku_nqongophala	RelConc5_CopPre_NPrePre15_BPre15_NStem	RelConc5_CopPre_BPre15_NStem	RelConc5_CopPre_NPrePre15_BPre15_NStem	NStem_NStem_VRoot_VRoot
kwa_ma_nzi	PossConc15_NPrePre6_BPre6_NStem	PossConc15_BPre6_NStem	PossConc15_NPrePre6_BPre6_NStem	NStem_NStem_NStem
,	Punc	PUNC	Punc	PUNC
a_ma_zwe	NPrePre6_BPre6_NStem	NPrePre6_BPre6_NStem	NPrePre6_BPre6_NStem	NStem_NStem_NStem
a_ma_ninzi	AdjPref6_AdjStem	NPrePre6_BPre6_AdjStem	AdjPref6_AdjStem	NStem_NStem_NStem
a_nga_ba_melwane	RelConc6_CopPre_NPrePre2_BPre2_NStem	RelConc6_AdvPre_RelConc2_NStem	RelConc6_CopPre_NPrePre2_BPre2_NStem	NStem_NStem_NStem_NStem
a_na_ma_nzi	RelConc6_CopPre_BPre6_NStem	RelConc6_CopPre_BPre6_NStem	RelConc6_CopPre_BPre6_NStem	VRoot_NStem_VRoot_VRoot
a_ma_ninzi	AdjPref6_AdjStem	NPrePre6_AdjPref6_AdjStem	AdjPref6_AdjStem	NStem_NStem_NStem
.	Punc	PUNC	Punc	PUNC
Ku_kho	CopPre_Adv	CopPre_Adv	CopPre_Adv	PUNC_PUNC
ezi_nye	AdjPref10_AdjStem	AdjPref10_AdjStem	AdjPref10_AdjStem	PUNC_PUNC
i_in_gingqi	NPrePre10_BPre10_NStem	NPrePre10_BPre10_NStem	NPrePre10_BPre10_NStem	NStem_NStem_NStem
a_pho	Dem16_Pos2	PossConc6_PossPron	Dem16_Pos2	PUNC_PUNC
u_ku_nikezel_a	NPrePre15_BPre15_VRoot_VerbTerm	NPrePre15_BPre15_VRoot_VerbTerm	NPrePre15_BPre15_VRoot_VerbTerm	VRoot_VRoot_VRoot_VRoot
ku_ka_zwelonke	PossConc15_PossKA_NStem	PossConc15_PossKA_NStem	PossConc15_PossKA_NStem	NStem_NStem_NStem
oku_fezek_is_a_yo	RelConc15_VRoot_VerbTerm_RelSuf	RelConc15_VRoot_CausExt_VerbTerm_RelSuf	RelConc15_VRoot_VerbTerm_RelSuf	NStem_NStem_NStem_NStem_VRoot
ku_bonelel_a	SC15_VRoot_VerbTerm	SC15_VRoot_VerbTerm	SC15_VRoot_VerbTerm	NStem_NStem_NStem
nga_ma_thuba	AdvPre_NPrePre6_BPre6_NStem	AdvPre_BPre6_NStem	AdvPre_NPrePre6_BPre6_NStem	NStem_NStem_NStem
en_tsebenziswano	PossConc6_NPrePre9_BPre9_NStem	PossConc6_NStem	PossConc6_NPrePre9_BPre9_NStem	NStem_NStem
e_y_i_n_zuzo	RelConc9_CopPre_NPrePre9_BPre9_NStem	RelConc9_CopPre_NPrePre9_BPre9_NStem	RelConc9_CopPre_NPrePre9_BPre9_NStem	NStem_NStem_NStem_NStem_NStem
ma_cala	BPre6_NStem	BPre6_NStem	BPre6_NStem	PUNC_PUNC
.	Punc	PUNC	Punc	PUNC
Ng_oko_m_zekelo	AdvPre_AdvPre_NPrePre3_BPre3_NStem	AdvPre_AdvPre_BPre3_NStem	AdvPre_AdvPre_NPrePre3_BPre3_NStem	NStem_NStem_NStem_NStem
,	Punc	PUNC	Punc	PUNC
u_Mzantsi	NPrePre3_ProperName	NPrePre3_ProperName	NPrePre3_ProperName	PUNC_PUNC
Afrika	ProperName	ProperName	ProperName	PUNC
ku_funek_a	SC15_VRoot_VerbTerm	SC15_VRoot_VerbTerm	SC15_VRoot_VerbTerm	NStem_NStem_NStem
u_tyal_e	SC3_VRoot_VerbTerm	SC2ps_VRoot_VerbTerm	SC3_VRoot_VerbTerm	NStem_NStem_NStem
kwaye	Conj	Conj	Conj	PUNC
u_nced_e	SC3_VRoot_VerbTerm	SC1a_VRoot_VerbTerm	SC3_VRoot_VerbTerm	NStem_NStem_NStem
e_ku_sebenz_is_e_ni	LocPre_NPrePre15_BPre15_VRoot_CausExt_VerbTerm_LocSuf	LocPre_BPre15_VRoot_CausExt_VerbTerm_VerbTerm	LocPre_NPrePre15_BPre15_VRoot_CausExt_VerbTerm_LocSuf	NStem_VRoot_VRoot_VRoot_VRoot_VRoot
u_lu_hlu	NPrePre11_BPre11_NStem	NPrePre11_BPre11_NStem	NPrePre11_BPre11_NStem	NStem_NStem_NStem
olu_banzi	RelConc11_RelStem	RelConc11_RelStem	RelConc11_RelStem	NStem_NStem
la_ma_thuba	PossConc11_BPre6_NStem	PossConc5_BPre6_NStem	PossConc11_BPre6_NStem	NStem_NStem_NStem
o_m_bane	PossConc6_NPrePre3_BPre3_NStem	PossConc6_BPre3_NStem	PossConc6_NPrePre3_BPre3_NStem	PUNC_PUNC_PUNC
o_ne_khabhoni	RelConc3_CopPre_NPrePre9_NStem	RelConc1_AdvPre_NStem	RelConc3_CopPre_NPrePre9_NStem	NStem_NStem_NStem
e_s_e_zantsi	RelConc9_PreLoc-s_LocPre_Adv	RelConc9_PreLocs_LocPre_Adv	RelConc9_PreLoc-s_LocPre_Adv	VRoot_VRoot_VRoot_VRoot
o_suk_a	RelConc3_VRoot_VerbTerm	RelConc3_VRoot_VerbTerm	RelConc3_VRoot_VerbTerm	NStem_NStem_NStem
ku_m_bane	LocPre_NPrePre3_BPre3_NStem	LocPre_BPre3_NStem	LocPre_NPrePre3_BPre3_NStem	PUNC_PUNC_PUNC
wa_ma_nzi	PossConc3_NPrePre6_BPre6_NStem	PossConc3_BPre6_NStem	PossConc3_NPrePre6_BPre6_NStem	NStem_NStem_NStem
ne_mi_nye	AdvPre_AdjPref4_AdjStem	AdvPre_BPre4_AdjStem	AdvPre_AdjPref4_AdjStem	NStem_NStem_NStem
i_mi_thombo	NPrePre4_BPre4_NStem	NPrePre4_BPre4_NStem	NPrePre4_BPre4_NStem	NStem_NStem_NStem
yo_m_bane	PossConc4_NPrePre3_BPre3_NStem	PossConc9_BPre3_NStem	PossConc4_NPrePre3_BPre3_NStem	NStem_NStem_NStem
e_coc_ek_il_e_yo	RelConc9_VRoot_NeutExt_Perf_VerbTerm_RelSuf	RelConc9_VRoot_NeutExt_Perf_VerbTerm_RelSuf	RelConc9_VRoot_NeutExt_Perf_VerbTerm_RelSuf	NStem_NStem_NStem_NStem_NStem_VRoot
ku_ma_zantsi	LocPre_NPrePre6_BPre6_Adv	LocPre_BPre6_Adv	LocPre_NPrePre6_BPre6_Adv	NStem_NStem_VRoot
e_Af_rika	PossConc6_NPrePre5_ProperName	LocPre_ProperName_ProperName	PossConc6_NPrePre5_ProperName	NStem_NStem_NStem
.	Punc	PUNC	Punc	PUNC
I_nani	NPrePre5_BPre5_NStem	NPrePre5_NStem	NPrePre5_BPre5_NStem	NStem_NStem
le_mi_sebenzi	PossConc5_NPrePre4_BPre4_NStem	PossConc5_BPre4_NStem	PossConc5_NPrePre4_BPre4_NStem	NStem_NStem_NStem
e_velis_iw_e_yo	RelConc4_VRoot_CausExt_PassExt_VerbTerm_RelSuf	RelConc9_VRoot_PassExt_VerbTerm_RelSuf	RelConc4_VRoot_CausExt_PassExt_VerbTerm_RelSuf	NStem_NStem_NStem_NStem_NStem
ku_ma_nyathelo	LocPre_NPrePre6_BPre6_NStem	LocPre_BPre6_NStem	LocPre_NPrePre6_BPre6_NStem	NStem_NStem_NStem
a_ma_tsha	AdjPref6_AdjStem	NPrePre6_BPre6_AdjStem	AdjPref6_AdjStem	NStem_NStem_NStem
o_phuhliso	PossConc6_NPrePre15_BPre11_NStem	PossConc6_BPre11	PossConc6_NPrePre15_BPre11_NStem	NStem_NStem
lw_e_zo_qoqosho	PossConc11_RelConc9_PossConc8_NPrePre11_BPre11_NStem	PossConc11_RelConc8_PossConc8_BPre11	PossConc11_RelConc9_PossConc8_NPrePre11_BPre11_NStem	VRoot_VRoot_NStem_VRoot
ku_masipala	LocPre_NPrePre1a_NStem	LocPre_NStem	LocPre_NPrePre1a_NStem	NStem_NStem
we_n_gingqi	PossConc1a_NPrePre9_BPre9_NStem	PossConc1a_BPre9_NStem	PossConc1a_NPrePre9_BPre9_NStem	NStem_NStem_NStem
u_ku_quk_a	NPrePre15_BPre15_VRoot_VerbTerm	NPrePre15_BPre15_VRoot_VerbTerm	NPrePre15_BPre15_VRoot_VerbTerm	NStem_NStem_NStem_NStem
ne_e_projekthi	AdvPre_NPrePre10_BPre10_NStem	AdvPre_NPrePre9_NStem	AdvPre_NPrePre10_BPre10_NStem	NStem_NStem_NStem
ze_kapitali	PossConc10_NPrePre9_NStem	PossConc10_NStem	PossConc10_NPrePre9_NStem	NStem_NStem
.	Punc	PUNC	Punc	NStem
U_ku_bhexesha	NPrePre15_BPre15_VRoot_VerbTerm	NPrePre15_BPre15_NStem	NPrePre15_BPre15_VRoot_VerbTerm	PUNC_PUNC_PUNC
no_ku_qinisek_is_a	AdvPre_NPrePre15_BPre15_VRoot_CausExt_VerbTerm	AdvPre_BPre15_VRoot_CausExt_VerbTerm	AdvPre_NPrePre15_BPre15_VRoot_CausExt_VerbTerm	NStem_NStem_NStem_NStem_NStem
u_ku_thath_a	NPrePre15_BPre15_VRoot_VerbTerm	NPrePre15_BPre15_VRoot_VerbTerm	NPrePre15_BPre15_VRoot_VerbTerm	NStem_NStem_NStem_NStem
i_n_xaxheba	NPrePre9_BPre9_NStem	NPrePre9_BPre9_NStem	NPrePre9_BPre9_NStem	NStem_NStem_NStem
ko_lu_ntu	PossConc15_NPrePre11_BPre11_NStem	PossConc15_BPre11_NStem	PossConc15_NPrePre11_BPre11_NStem	NStem_NStem_NStem
kw_enz_iw_a	SC15_VRoot_PassExt_VerbTerm	SC15_VRoot_PassExt_VerbTerm	SC15_VRoot_PassExt_VerbTerm	VRoot_VRoot_VRoot_VRoot
njeng_oko	AdvPre_Dem15_Pos2	AdvPre_Adv	AdvPre_Dem15_Pos2	PUNC_PUNC
ku_bon_iw_e	SC15_VRoot_PassExt_VerbTerm	SC15_VRoot_PassExt_VerbTerm	SC15_VRoot_PassExt_VerbTerm	NStem_NStem_NStem_NStem
ku_wiso__m_thetho	LocPre_NStem_BPre3_NStem	LocPre_NStem_BPre3_NStem	LocPre_NStem_BPre3_NStem	VRoot_VRoot_VRoot_VRoot
olu_fanel_ek_il_e_yo	RelConc11_VRoot_NeutExt_Perf_VerbTerm_RelSuf	RelConc11_VRoot_NeutExt_Perf_VerbTerm_RelSuf	RelConc11_VRoot_NeutExt_Perf_VerbTerm_RelSuf	VRoot_VRoot_VRoot_VRoot_NStem_VRoot
ku_ya	SC15_Fut	SC15_Fut	SC15_Fut	PUNC_PUNC
ku_vel_is_a	SC15_VRoot_CausExt_VerbTerm	SC15_VRoot_CausExt_VerbTerm	SC15_VRoot_CausExt_VerbTerm	NStem_NStem_NStem_NStem
i_mi_ngeni	NPrePre4_BPre4_NStem	NPrePre4_BPre4_NStem	NPrePre4_BPre4_NStem	NStem_NStem_NStem
kw_i_i_Komiti	LocPre_NPrePre10_BPre10_NStem	LocPre_NPrePre10_BPre10_NStem	LocPre_NPrePre10_BPre10_NStem	NStem_VRoot_VRoot_VRoot
ze_Wadi	PossConc10_NPrePre9_NStem	PossConc10_NStem	PossConc10_NPrePre9_NStem	PUNC_PUNC
e_ku_lawul_e_ni	LocPre_NPrePre15_BPre15_VRoot_VerbTerm_LocSuf	LocPre_BPre15_VRoot_VerbTerm_VerbTerm	LocPre_NPrePre15_BPre15_VRoot_VerbTerm_LocSuf	NStem_NStem_NStem_NStem_NStem
a_ma_qela	NPrePre6_BPre6_NStem	NPrePre6_BPre6_NStem	NPrePre6_BPre6_NStem	NStem_NStem_NStem
ne_mi_nqweno	AdvPre_NPrePre4_BPre4_NStem	AdvPre_BPre4_NStem	AdvPre_NPrePre4_BPre4_NStem	NStem_NStem_NStem
e_nga_fan_i_yo	RelConc4_NegPre_VRoot_VerbTerm_RelSuf	RelConc9_NegPre_VRoot_VerbTerm_RelSuf	RelConc4_NegPre_VRoot_VerbTerm_RelSuf	NStem_NStem_NStem_NStem_NStem
kw_i_i_wadi	LocPre_NPrePre10_BPre10_NStem	LocPre_NPrePre10_BPre10_NStem	LocPre_NPrePre10_BPre10_NStem	NStem_NStem_NStem_NStem
za_zo	PossConc10_PronStem10	PossConc10_PronStem10	PossConc10_PronStem10	PUNC_PUNC
.	Punc	PUNC	Punc	PUNC
A_ma_lungu	NPrePre6_BPre6_NStem	NPrePre6_BPre6_NStem	NPrePre6_BPre6_NStem	NStem_NStem_NStem
e_Komiti	PossConc6_NPrePre9_NStem	PossConc6_NStem	PossConc6_NPrePre9_NStem	NStem_NStem
ye_Wadi	PossConc9_NPrePre9_NStem	PossConc9_NStem	PossConc9_NPrePre9_NStem	NStem_NStem
ku_funek_a	SC15_VRoot_VerbTerm	SC15_VRoot_VerbTerm	SC15_VRoot_VerbTerm	NStem_NStem_NStem
a_ku_qond_e	SC6_OC15_VRoot_VerbTerm	SC6_SC15_VRoot_VerbTerm	SC6_OC15_VRoot_VerbTerm	NStem_NStem_NStem_NStem
u_ku_nga_fan_i	NPrePre15_BPre15_NegPre_VRoot_VerbTerm	NPrePre15_BPre15_NegPre_VRoot_VerbTerm	NPrePre15_BPre15_NegPre_VRoot_VerbTerm	NStem_NStem_NStem_NStem_NStem
ko_lu_ntu	PossConc15_NPrePre11_BPre11_NStem	PossConc15_BPre11_NStem	PossConc15_NPrePre11_BPre11_NStem	NStem_NStem_NStem
lwa_wo	PossConc11_PronStem6	PossConc11_PronStem6	PossConc11_PronStem6	NStem_NStem
ze	AuxVStem	Conj	AuxVStem	PUNC
a_lungis_e	SC6_VRoot_VerbTerm	SC6_VRoot_VerbTerm	SC6_VRoot_VerbTerm	NStem_NStem_NStem
i_zi_cwangciso__qh_inga	NPrePre8_BPre8_NStem_NStem	NPrePre8_BPre8_NStem_NStem_NegPre	NPrePre8_BPre8_NStem_NStem	VRoot_VRoot_VRoot_VRoot_NStem
ezi_sebenz_a_yo	RelConc8_VRoot_VerbTerm_RelSuf	RelConc10_VRoot_VerbTerm_RelSuf	RelConc8_VRoot_VerbTerm_RelSuf	NStem_VRoot_VRoot_VRoot
u_ku_qinisek_is_a	NPrePre15_BPre15_VRoot_CausExt_VerbTerm	NPrePre15_BPre15_VRoot_CausExt_VerbTerm	NPrePre15_BPre15_VRoot_CausExt_VerbTerm	VRoot_VRoot_VRoot_VRoot_NStem
u_quko	NPrePre11_NStem	NPrePre11_NStem	NPrePre11_NStem	NStem_NStem
lwa_ma_lungu	PossConc11_NPrePre6_BPre6_NStem	PossConc11_BPre6_NStem	PossConc11_NPrePre6_BPre6_NStem	NStem_NStem_NStem
o_nke	QuantConc6_QuantStem	QuantConc6_QuantStem	QuantConc6_QuantStem	NStem_NStem
e_e_wadi	PossConc6_NPrePre10_BPre10_NStem	PossConc6_PossConc6_NStem	PossConc6_NPrePre10_BPre10_NStem	NStem_NStem_NStem
za_wo	PossConc10_PronStem6	PossConc10_PronStem6	PossConc10_PronStem6	PUNC_PUNC
.	Punc	PUNC	Punc	NStem
E_ku_gaye_ni	LocPre_NPrePre15_BPre15_VRoot_VerbTerm_LocSuf	LocPre_BPre15_VRoot_VerbTerm	LocPre_NPrePre15_BPre15_VRoot_VerbTerm_LocSuf	NStem_NStem_NStem_NStem
u_lu_ntu	NPrePre11_BPre11_NStem	NPrePre11_BPre11_NStem	NPrePre11_BPre11_NStem	NStem_NStem_NStem
u_kuba	Conj	NPre15_Conj	Conj	PUNC_PUNC
lu_xhas_e	SC11_VRoot_VerbTerm	SC11_VRoot_VerbTerm	SC11_VRoot_VerbTerm	NStem_NStem_NStem
i_si_cwangciso	NPrePre7_BPre7_NStem	NPrePre7_BPre7_NStem	NPrePre7_BPre7_NStem	VRoot_VRoot_VRoot
,	Punc	PUNC	Punc	PUNC
no_ku_phononong_w_a	AdvPre_NPrePre15_BPre15_VRoot_PassExt_VerbTerm	AdvPre_BPre15_VRoot_PassExt_VerbTerm	AdvPre_NPrePre15_BPre15_VRoot_PassExt_VerbTerm	NStem_NStem_NStem_NStem_NStem
kwe_futh_e	PossConc15_NPrePre5_BPre5_NStem	PossConc15_VRoot_VerbTerm	PossConc15_NPrePre5_BPre5_NStem	NStem_NStem_NStem
la_s_e_ku_hlal_e_ni	PossConc5_PreLoc-s_LocPre_NPrePre15_BPre15_VRoot_VerbTerm_LocSuf	PossConc5_PreLocs_LocPre_BPre15_VRoot_VerbTerm_VerbTerm	PossConc5_PreLoc-s_LocPre_NPrePre15_BPre15_VRoot_VerbTerm_LocSuf	VRoot_VRoot_VRoot_VRoot_VRoot_NStem_VRoot
e_ku_nciph_is_e_ni	LocPre_NPrePre15_BPre15_VRoot_CausExt_VerbTerm_LocSuf	LocPre_BPre15_VRoot_CausExt_VerbTerm_VerbTerm	LocPre_NPrePre15_BPre15_VRoot_CausExt_VerbTerm_LocSuf	VRoot_VRoot_VRoot_VRoot_VRoot_VRoot
u_bu_hlwempu	NPrePre14_BPre14_NStem	NPrePre14_BPre14_NStem	NPrePre14_BPre14_NStem	NStem_NStem_NStem
no_ku_nga_lingan_i	AdvPre_NPrePre15_BPre15_NegPre_VRoot_VerbTerm	AdvPre_BPre15_NegPre_VRoot_VerbTerm	AdvPre_NPrePre15_BPre15_NegPre_VRoot_VerbTerm	NStem_NStem_VRoot_VRoot_NStem
ngo_tyalo__mali	AdvPre_NPrePre11_BPre11_NStem_NStem	AdvPre_BPre11_NStem	AdvPre_NPrePre11_BPre11_NStem_NStem	NStem_NStem_NStem
ne_n_gqesho	AdvPre_NPrePre9_BPre9_NStem	AdvPre_BPre9_NStem	AdvPre_NPrePre9_BPre9_NStem	NStem_NStem_NStem
.	Punc	PUNC	Punc	PUNC
I_in_tlanganiso	NPrePre10_BPre10_NStem	NPrePre10_BPre10_NStem	NPrePre10_BPre10_NStem	NStem_NStem_NStem
zo_lu_ntu	PossConc10_NPrePre11_BPre11_NStem	PossConc10_BPre11_NStem	PossConc10_NPrePre11_BPre11_NStem	NStem_NStem_NStem
jikelel_e	Adv	VRoot_VerbTerm	Adv	NStem_NStem
zi_banj_w_a	SC10_VRoot_PassExt_VerbTerm	SC10_VRoot_PassExt_VerbTerm	SC10_VRoot_PassExt_VerbTerm	NStem_NStem_NStem_NStem
e_m_va	LocPre_NPrePre3_BPre3_NStem	LocPre_BPre3_NStem	LocPre_NPrePre3_BPre3_NStem	NStem_NStem_NStem
kwe_n_tlanganiso	PossConc15_NPrePre9_BPre9_NStem	PossConc15_BPre9_NStem	PossConc15_NPrePre9_BPre9_NStem	NStem_NStem_NStem
nga_nye	AdvPre_EnumStem	AdvPre_EnumStem	AdvPre_EnumStem	PUNC_PUNC
ye_bhunga	PossConc9_NPrePre5_NStem	PossConc9_NStem	PossConc9_NPrePre5_NStem	NStem_NStem
u_kw_az_is_a	NPrePre15_BPre15_VRoot_CausExt_VerbTerm	NPrePre15_BPre15_VRoot_CausExt_VerbTerm	NPrePre15_BPre15_VRoot_CausExt_VerbTerm	VRoot_VRoot_NStem_VRoot_NStem
aba_hlali	NPrePre2_BPre2_NStem	RelConc2_NStem	NPrePre2_BPre2_NStem	NStem_NStem
.	Punc	PUNC	Punc	PUNC
U_kw_enz_iw_a	NPrePre15_BPre15_VRoot_PassExt_VerbTerm	NPrePre15_BPre15_VRoot_PassExt_VerbTerm	NPrePre15_BPre15_VRoot_PassExt_VerbTerm	NStem_VRoot_VRoot_VRoot_VRoot
kwe_si_cwangciso	PossConc15_NPrePre7_BPre7_NStem	PossConc15_BPre7_NStem	PossConc15_NPrePre7_BPre7_NStem	VRoot_VRoot_VRoot
_	Punc		Punc	
I_komiti	NPrePre9_NStem	NPrePre9_NStem	NPrePre9_NStem	NStem_NStem
ye_Wadi	PossConc9_NPrePre9_NStem	PossConc9_NStem	PossConc9_NPrePre9_NStem	NStem_NStem
i_sebenz_a	SC9_VRoot_VerbTerm	SC9_VRoot_VerbTerm	SC9_VRoot_VerbTerm	NStem_NStem_NStem
ng_oku_sondela	AdvPre_NPrePre15_BPre15_VRoot_VerbTerm	AdvPre_RelConc15_NStem	AdvPre_NPrePre15_BPre15_VRoot_VerbTerm	NStem_NStem_NStem
kw_i_lungu	LocPre_NPrePre5_NStem	LocPre_NPrePre5_BPre5	LocPre_NPrePre5_NStem	NStem_NStem_NStem
le_bhunga	PossConc5_NPrePre5_NStem	PossConc5_NStem	PossConc5_NPrePre5_NStem	NStem_NStem
u_kuze	Conj	NPrePre15_AuxVStem	Conj	NStem_NStem
ku_chong_w_e	SC15_VRoot_PassExt_VerbTerm	SC15_VRoot_PassExt_VerbTerm	SC15_VRoot_PassExt_VerbTerm	VRoot_VRoot_VRoot_VRoot
i_zin_to	NPrePre10_BPre10_NStem	NPrePre10_BPre10_NStem	NPrePre10_BPre10_NStem	NStem_NStem_NStem
ezi_balulek_il_e_yo	RelConc10_VRoot_Perf_VerbTerm_RelSuf	RelConc10_VRoot_Perf_VerbTerm_RelSuf	RelConc10_VRoot_Perf_VerbTerm_RelSuf	VRoot_VRoot_VRoot_NStem_VRoot
ngo_ku_shiy_an_a	AdvPre_NPrePre15_BPre15_VRoot_RecipExt_VerbTerm	AdvPre_BPre15_VRoot_RecipExt_VerbTerm	AdvPre_NPrePre15_BPre15_VRoot_RecipExt_VerbTerm	VRoot_NStem_NStem_NStem_NStem
kwa_zo	PossConc15_PronStem10	PossConc15_PronStem10	PossConc15_PronStem10	PUNC_PUNC
kananjalo	AdvPre_AdvPre_Adv	Adv	AdvPre_AdvPre_Adv	PUNC
ku_qinisek_is_w_e	SC15_VRoot_CausExt_PassExt_VerbTerm	SC15_VRoot_CausExt_PassExt_VerbTerm	SC15_VRoot_CausExt_PassExt_VerbTerm	VRoot_NStem_VRoot_VRoot_NStem
u_kuba	Conj	SC2ps_Conj	Conj	PUNC_PUNC
ezo	Dem8_Pos2	CDEM10	Dem8_Pos2	PUNC
zin_to	BPre10_NStem	BPre10_NStem	BPre10_NStem	PUNC_PUNC
zi_phambili	RelConc10_Adv	CopPre_Adv	RelConc10_Adv	NStem_NStem
zi_bandakany_iw_e	SC15_VRoot_PassExt_VerbTerm	SC10_VRoot_PassExt_VerbTerm	SC15_VRoot_PassExt_VerbTerm	NStem_NStem_NStem_NStem
kw_i_zi_ndululo	LocPre_NPrePre8_BPre8_NStem	LocPre_NPrePre8_BPre8_NStem	LocPre_NPrePre8_BPre8_NStem	NStem_NStem_NStem_NStem
zo_hlahlo	PossConc8_NPrePre11_BPre11_NStem	PossConc10_BPre11	PossConc8_NPrePre11_BPre11_NStem	NStem_NStem
lw_ab_iwo__mali	BPre11_NStem_NStem	BPre11_NStem_NStem_NStem	BPre11_NStem_NStem	NStem_VRoot_VRoot_NStem
na_kw_i_zi_cwangciso	AdvPre_LocPre_NPrePre8_BPre8_NStem	AdvPre_LocPre_NPrePre8_BPre8_NStem	AdvPre_LocPre_NPrePre8_BPre8_NStem	NStem_NStem_NStem_NStem_NStem
ze_e_projekthi	PossConc10_NPrePre10_BPre10_NStem	PossConc10_NPrePre9_NStem	PossConc10_NPrePre10_BPre10_NStem	NStem_NStem_NStem
.	Punc	PUNC	Punc	PUNC
U_Rhulumente	NPrePre1a_NStem	NPrePre1a_NStem	NPrePre1a_NStem	NStem_NStem
ku_funek_a	SC15_VRoot_VerbTerm	SC15_VRoot_VerbTerm	SC15_VRoot_VerbTerm	NStem_NStem_NStem
a_be	CopPre_Cop	CopPre_Cop	CopPre_Cop	NStem_NStem
ne_ntumekelelo	AdvPre_NPrePre9_BPre9_NStem	AdvPre_NStem	AdvPre_NPrePre9_BPre9_NStem	NStem_NStem
yo_ku_khangel_a	PossConc9_NPrePre15_BPre15_Intrans_VerbTerm	PossConc9_BPre15_VRoot_VerbTerm	PossConc9_NPrePre15_BPre15_Intrans_VerbTerm	NStem_NStem_NStem_NStem
e_ma_zi_jong_w_e	RelConc10_ImpPre_OC10_VRoot_PassExt_VerbTerm	RelConc10_ImpPre_OC10_VRoot_PassExt_VerbTerm	RelConc10_ImpPre_OC10_VRoot_PassExt_VerbTerm	VRoot_VRoot_VRoot_VRoot_VRoot_VRoot
ku_qal_a	SC15_VRoot_VerbTerm	SC15_VRoot_VerbTerm	SC15_VRoot_VerbTerm	NStem_NStem_NStem
.	Punc	PUNC	Punc	PUNC
I_khab_i_nethi	NPrePre9_NStem	NPrePre9_NStem_NPrePre9_NStem	NPrePre9_NStem	VRoot_VRoot_VRoot_NStem
na_ma_gosa	AdvPre_NPrePre6_BPre6_NStem	AdvPre_BPre6_NStem	AdvPre_NPrePre6_BPre6_NStem	NStem_NStem_NStem
ka_rhulumente	PossKA_NPrePre1a_NStem	PossKA_NStem	PossKA_NPrePre1a_NStem	NStem_NStem
a_phezulu	RelConc6_Adv	RelConc6_Adv	RelConc6_Adv	NStem_NStem
ku_mel_e	SC15_AuxVStem	SC15_VRoot_VerbTerm	SC15_AuxVStem	PUNC_PUNC_PUNC
ba_jolis_e	SC2_VRoot_VerbTerm	SC2_VRoot_VerbTerm	SC2_VRoot_VerbTerm	NStem_NStem_NStem
i_n_gqalelo	NPrePre9_BPre9_NStem	NPrePre9_BPre9_NStem	NPrePre9_BPre9_NStem	NStem_NStem_NStem
ya_wo	PossConc9_PronStem3	PossConc9_PronStem6	PossConc9_PronStem3	NStem_NStem
kw_i_zin_to	LocPre_NPrePre10_BPre10_NStem	LocPre_NPrePre10_BPre10_NStem	LocPre_NPrePre10_BPre10_NStem	NStem_NStem_NStem_NStem
e_ma_zi_jong_w_e	RelConc10_ImpPre_OC10_VRoot_PassExt_VerbTerm	RelConc10_ImpPre_OC10_VRoot_PassExt_VerbTerm	RelConc10_ImpPre_OC10_VRoot_PassExt_VerbTerm	VRoot_VRoot_VRoot_VRoot_VRoot_NStem
ku_qal_a	SC15_VRoot_VerbTerm	SC15_VRoot_VerbTerm	SC15_VRoot_VerbTerm	NStem_NStem_NStem
ezi_mbalwa	RelConc10_RelStem	RelConc10_RelStem	RelConc10_RelStem	NStem_NStem
ng_okwe_si_cwangciso__qh_inga	AdvPre_AdvPre_NPrePre7_BPre7_NStem_NStem	AdvPre_AdvPre_BPre7_NStem_NStem_NegPre	AdvPre_AdvPre_NPrePre7_BPre7_NStem_NStem	VRoot_VRoot_VRoot_VRoot_VRoot_NStem
.	Punc	PUNC	Punc	PUNC
Esi	Dem7_Pos1	CDEM07	Dem7_Pos1	Conj
si_cwangciso	BPre7_NStem	BPre7_NStem	BPre7_NStem	NStem_NStem
si_bonelel_a	SC7_VRoot_VerbTerm	SC7_VRoot_VerbTerm	SC7_VRoot_VerbTerm	NStem_NStem_NStem
ngo_bu_me	AdvPre_NPrePre14_BPre14_NStem	AdvPre_BPre14_NStem	AdvPre_NPrePre14_BPre14_NStem	NStem_PUNC_PUNC
be_si_cwangciso__qh_inga	PossConc14_NPrePre7_BPre7_NStem_NStem	PossConc2_BPre7_NStem_NStem_NegPre	PossConc14_NPrePre7_BPre7_NStem_NStem	VRoot_VRoot_VRoot_VRoot_VRoot
obu_njalo	RelConc14_Adv	RelConc14_Adv	RelConc14_Adv	NStem_NStem
.	Punc	PUNC	Punc	PUNC
Si_chong_a	SC7_VRoot_VerbTerm	SC7_VRoot_VerbTerm	SC7_VRoot_VerbTerm	NStem_NStem_NStem
i_zin_to	NPrePre10_BPre10_NStem	NPrePre10_BPre10_NStem	NPrePre10_BPre10_NStem	NStem_NStem_PUNC
e_ma_zi_jong_w_e	RelConc10_ImpPre_OC10_VRoot_PassExt_VerbTerm	RelConc10_ImpPre_OC10_VRoot_PassExt_VerbTerm	RelConc10_ImpPre_OC10_VRoot_PassExt_VerbTerm	NStem_NStem_NStem_NStem_NStem_NStem
ku_qal_a	SC15_VRoot_VerbTerm	SC15_VRoot_VerbTerm	SC15_VRoot_VerbTerm	NStem_NStem_PUNC
ezi_kw_i_nqanaba	RelConc10_LocPre_NPrePre9_BPre9_NStem	RelConc10_LocPre_NPrePre9_BPre9	RelConc10_LocPre_NPrePre9_BPre9_NStem	VRoot_NStem_NStem_NStem
eli_phezulu	RelConc5_Adv	RelConc5_Adv	RelConc5_Adv	PUNC_NStem
,	Punc	PUNC	Punc	PUNC
kw_ezi_nye	PossConc15_AdjPref8_AdjStem	LocPre_AdjPref10_AdjStem	PossConc15_AdjPref8_AdjStem	PUNC_PUNC_PUNC
i_in_gingqi	NPrePre10_BPre10_NStem	NPrePre10_BPre10_NStem	NPrePre10_BPre10_NStem	NStem_VRoot_VRoot
,	Punc	PUNC	Punc	PUNC
kunye	Conj	Conj	Conj	Conj
no_landelelwano	AdvPre_NPrePre11_NStem	AdvPre_NStem	AdvPre_NPrePre11_NStem	NStem_NStem
olu_lo_dwa	RelConc11_QuantConc11_QuantStem	RelConc11_QuantConc11_QuantStem	RelConc11_QuantConc11_QuantStem	PUNC_PUNC_PUNC
.	Punc	PUNC	Punc	PUNC
Ng_oko_m_zekelo	AdvPre_AdvPre_NPrePre3_BPre3_NStem	AdvPre_AdvPre_BPre3_NStem	AdvPre_AdvPre_NPrePre3_BPre3_NStem	VRoot_NStem_NStem_VRoot
,	Punc	PUNC	Punc	PUNC
si_qaqamb_is_a	SC7_VRoot_CausExt_VerbTerm	SC7_VRoot_CausExt_VerbTerm	SC7_VRoot_CausExt_VerbTerm	NStem_NStem_NStem_NStem
i_m_funo	NPrePre9_BPre9_NStem	NPrePre9_BPre9_NStem	NPrePre9_BPre9_NStem	NStem_NStem_NStem
yo_ku_nyus_a	PossConc9_NPrePre15_BPre15_VRoot_VerbTerm	PossConc9_BPre15_VRoot_VerbTerm	PossConc9_NPrePre15_BPre15_VRoot_VerbTerm	NStem_NStem_NStem_NStem
u_lingano	NPrePre11_NStem	NPrePre11_NStem	NPrePre11_NStem	NStem_NStem
kw_i_i_kholeji	LocPre_NPrePre10_BPre10_NStem	LocPre_NPrePre10_BPre10_NStem	LocPre_NPrePre10_BPre10_NStem	NStem_NStem_NStem_NStem
ze_FET	PossConc10_NPrePre9_Abbr	PossConc8_Abbr	PossConc10_NPrePre9_Abbr	NStem_NStem
phambi	Adv	Adv	Adv	PUNC
ko_kw_and_is_a	PossConc15_NPrePre15_BPre15_VRoot_CausExt_VerbTerm	PossConc15_BPre15_VRoot_CausExt_VerbTerm	PossConc15_NPrePre15_BPre15_VRoot_CausExt_VerbTerm	NStem_NStem_NStem_NStem_NStem
u_m_thamo	NPrePre3_BPre3_NStem	NPrePre3_BPre3_NStem	NPrePre3_BPre3_NStem	NStem_NStem_NStem
ngo_ku_khawulez_a	AdvPre_NPrePre15_BPre15_VRoot_VerbTerm	AdvPre_BPre15_VRoot_VerbTerm	AdvPre_NPrePre15_BPre15_VRoot_VerbTerm	NStem_NStem_NStem_NStem
.	Punc	PUNC	Punc	PUNC
U_ku_phumez_a	NPrePre15_BPre15_VRoot_VerbTerm	NPrePre15_BPre15_VRoot_VerbTerm	NPrePre15_BPre15_VRoot_VerbTerm	NStem_NStem_NStem_NStem
esi	Dem7_Pos1	CDEM07	Dem7_Pos1	PUNC
si_cwangciso	BPre7_NStem	BPre7_NStem	BPre7_NStem	NStem_NStem
ku_ya	SC15_Fut	SC15_Fut	SC15_Fut	PUNC_PUNC
ku_fun_a	SC15_VRoot_VerbTerm	SC15_VRoot_VerbTerm	SC15_VRoot_VerbTerm	NStem_NStem_NStem
i_zi_gqibo	NPrePre8_BPre8_NStem	NPrePre8_BPre8_NStem	NPrePre8_BPre8_NStem	NStem_NStem_NStem
ezi_qath_a	RelConc8_RelStem	RelConc10_VRoot_VerbTerm	RelConc8_RelStem	NStem_NStem_NStem
,	Punc	PUNC	Punc	PUNC
n_ezi_no_kuba	AdvPre_RelConc8_AdvPre_Conj	AdvPre_RelConc10_AdvPre_Conj	AdvPre_RelConc8_AdvPre_Conj	NStem_NStem_NStem_NStem
ze_zi_ngadumanga	CopPre_RelConc8_NegPre_VRoot_VerbTerm_NegPre	PossConc10_BPre8_Adv	CopPre_RelConc8_NegPre_VRoot_VerbTerm_NegPre	NStem_NStem_NStem
.	Punc	PUNC	Punc	PUNC
I_li_zwe	NPrePre5_BPre5_NStem	NPrePre5_BPre5_NStem	NPrePre5_BPre5_NStem	NStem_NStem_NStem
ku_mel_e	SC15_AuxVStem	SC15_VRoot_VerbTerm	SC15_AuxVStem	NStem_NStem_NStem
li_fun_e	SC5_VRoot_VerbTerm	SC5_VRoot_VerbTerm	SC5_VRoot_VerbTerm	NStem_NStem_NStem
u_ku_phucul_a	NPrePre15_BPre15_VRoot_VerbTerm	NPrePre15_BPre15_VRoot_VerbTerm	NPrePre15_BPre15_VRoot_VerbTerm	NStem_NStem_NStem_NStem
ng_oku_qhubek_ek_a_yo	AdvPre_RelConc15_VRoot_NeutExt_VerbTerm_RelSuf	AdvPre_RelConc15_VRoot_NeutExt_VerbTerm_RelSuf	AdvPre_RelConc15_VRoot_NeutExt_VerbTerm_RelSuf	VRoot_VRoot_VRoot_VRoot_VRoot_VRoot
u_ku_sebenz_a	NPrePre15_BPre15_VRoot_VerbTerm	NPrePre15_BPre15_VRoot_VerbTerm	NPrePre15_BPre15_VRoot_VerbTerm	NStem_NStem_NStem_NStem
kwe_mi_funziselo	PossConc15_NPrePre4_BPre4_NStem	PossConc15_BPre4_NStem	PossConc15_NPrePre4_BPre4_NStem	NStem_NStem_NStem
e_ku_phuhl_is_w_eni	LocPre_NPrePre15_BPre15_VRoot_CausExt_PassExt_VerbTerm_LocSuf	LocPre_BPre15_VRoot_CausExt_PassExt_LocSuf	LocPre_NPrePre15_BPre15_VRoot_CausExt_PassExt_VerbTerm_LocSuf	NStem_VRoot_VRoot_VRoot_VRoot_VRoot
kwa_ba_ntsundu	PossConc15_NPrePre2_BPre2_RelStem	PossConc15_BPre2_NStem	PossConc15_NPrePre2_BPre2_RelStem	VRoot_NStem_VRoot
ku_qoqosho	LocPre_NPrePre11_BPre11_NStem	LocPre_BPre11	LocPre_NPrePre11_BPre11_NStem	NStem_NStem
.	Punc	PUNC	Punc	NStem
A_ma_qela	NPrePre6_BPre6_NStem	NPrePre6_BPre6_NStem	NPrePre6_BPre6_NStem	NStem_NStem_NStem
aba_hlali	NPrePre2_BPre6_NStem	RelConc2_NStem	NPrePre2_BPre6_NStem	PUNC_PUNC
a_ne_n_dima	CopPre_CopPre_NPrePre9_BPre9_NStem	RelConc6_AdvPre_BPre9_NStem	CopPre_CopPre_NPrePre9_BPre9_NStem	VRoot_VRoot_NStem_VRoot
a_yi_dlal_a_yo	RelConc2_OC9_VRoot_VerbTerm_RelSuf	RelConc6_OC9_VRoot_VerbTerm_RelSuf	RelConc2_OC9_VRoot_VerbTerm_RelSuf	NStem_NStem_NStem_NStem_NStem
e_ku_bek_e_ni	LocPre_NPrePre15_BPre15_VRoot_VerbTerm_LocSuf	LocPre_BPre15_VRoot_VerbTerm_VerbTerm	LocPre_NPrePre15_BPre15_VRoot_VerbTerm_LocSuf	VRoot_NStem_VRoot_NStem_VRoot
i_li_so	NPrePre5_BPre5_NStem	NPrePre5_BPre5_NStem	NPrePre5_BPre5_NStem	NStem_NStem_NStem
kw_i_si_xokelelwano	LocPre_NPrePre7_BPre7_NStem	LocPre_NPrePre7_BPre7_NStem	LocPre_NPrePre7_BPre7_NStem	NStem_NStem_NStem_NStem
so_m_gangatho	PossConc7_NPrePre3_BPre3_NStem	PossConc7_BPre3_NStem	PossConc7_NPrePre3_BPre3_NStem	NStem_NStem_NStem
wo_ku_sebenz_a	PossConc3_NPrePre15_BPre15_VRoot_VerbTerm	PossConc3_BPre15_VRoot_VerbTerm	PossConc3_NPrePre15_BPre15_VRoot_VerbTerm	VRoot_VRoot_VRoot_VRoot
ku_ka_masipala	PossConc15_PossKA_NStem	PossConc15_PossKA_NStem	PossConc15_PossKA_NStem	NStem_NStem_NStem
na_s_e_ku_m_is_el_e_ni	AdvPre_PreLoc-s_LocPre_NPrePre15_BPre15_VRoot_VerbTerm_LocSuf	AdvPre_PreLocs_LocPre_BPre15_VRoot_CausExt_ApplExt_VerbTerm_LocSuf	AdvPre_PreLoc-s_LocPre_NPrePre15_BPre15_VRoot_VerbTerm_LocSuf	VRoot_VRoot_VRoot_VRoot_NStem_NStem_VRoot_VRoot_VRoot
a_ma_nqanaba	NPrePre6_BPre6_NStem	NPrePre6_BPre6_NStem	NPrePre6_BPre6_NStem	VRoot_NStem_NStem
e_ku_jolis_w_e	RelConc9_SC15_VRoot_PassExt_VerbTerm	RelConc9_SC15_VRoot_PassExt_VerbTerm	RelConc9_SC15_VRoot_PassExt_VerbTerm	VRoot_VRoot_NStem_VRoot_VRoot
ku_wo	LocPre_PronStem6	LocPre_PronStem6	LocPre_PronStem6	PUNC_PUNC
a_fanel_ek_il_e_yo	RelConc6_VRoot_NeutExt_Perf_VerbTerm_RelSuf	RelConc6_VRoot_NeutExt_Perf_VerbTerm_RelSuf	RelConc6_VRoot_NeutExt_Perf_VerbTerm_RelSuf	VRoot_VRoot_NStem_VRoot_NStem_NStem
na_ng_u_ndoqo	AdvPre_CopPre_NPrePre1a_NStem	AdvPre_CopPre_NPrePre1a_NStem	AdvPre_CopPre_NPrePre1a_NStem	VRoot_VRoot_VRoot_NStem
o_m_gangatho	PossConc6_NPrePre3_BPre3_NStem	PossConc6_BPre3_NStem	PossConc6_NPrePre3_BPre3_NStem	NStem_NStem_NStem
wo_ku_sebenz_a	PossConc3_NPrePre15_BPre15_VRoot_VerbTerm	PossConc3_BPre15_VRoot_VerbTerm	PossConc3_NPrePre15_BPre15_VRoot_VerbTerm	NStem_NStem_NStem_NStem
.	Punc	PUNC	Punc	PUNC
I__CBP	NPrePre9_Abbr	NPrePre9_Abbr	NPrePre9_Abbr	NStem_NStem
y_i_n_kqubo	CopPre_NPrePre9_BPre9_NStem	CopPre_NPrePre9_BPre9_NStem	CopPre_NPrePre9_BPre9_NStem	VRoot_NStem_NStem_NStem
e_nik_a	RelConc2_VRoot_VerbTerm	RelConc9_VRoot_VerbTerm	RelConc2_VRoot_VerbTerm	PUNC_PUNC_PUNC
i_n_kxaso	NPrePre9_BPre9_NStem	NPrePre9_BPre9_NStem	NPrePre9_BPre9_NStem	NStem_NStem_NStem
e_ku_nced_is_e_ni	LocPre_NPrePre15_BPre15_VRoot_CausExt_VerbTerm_LocSuf	LocPre_BPre15_VRoot_CausExt_VerbTerm_ImpSuf	LocPre_NPrePre15_BPre15_VRoot_CausExt_VerbTerm_LocSuf	NStem_NStem_NStem_NStem_NStem_NStem
i_i_Komiti	NPrePre10_BPre10_NStem	NPrePre10_BPre10_NStem	NPrePre10_BPre10_NStem	NStem_NStem_NStem
ze_Wadi	PossConc10_NPrePre9_NStem	PossConc10_ProperName	PossConc10_NPrePre9_NStem	NStem_NStem
u_kuba	Conj	Conj_Conj	Conj	PUNC_PUNC
zi_kw_az_i	SC10_BPre15_VRoot_VerbTerm	SC10_BPre15_VRoot_VerbTerm	SC10_BPre15_VRoot_VerbTerm	NStem_NStem_NStem_NStem
u_ku_nced_is_a	NPrePre15_BPre15_VRoot_CausExt_VerbTerm	NPrePre15_BPre15_VRoot_CausExt_VerbTerm	NPrePre15_BPre15_VRoot_CausExt_VerbTerm	NStem_VRoot_VRoot_NStem_VRoot
a_ma_qela	NPrePre6_BPre6_NStem	NPrePre6_BPre6_NStem	NPrePre6_BPre6_NStem	NStem_NStem_NStem
aba_hlali	NPrePre2_BPre6_NStem	RelConc2_NStem	NPrePre2_BPre6_NStem	NStem_NStem
abo	Dem2_Pos2	CDEM02	Dem2_Pos2	PUNC
e_ku_fak_e_ni	LocPre_NPrePre15_BPre15_VRoot_VerbTerm_LocSuf	LocPre_BPre15_VRoot_VerbTerm_LocSuf	LocPre_NPrePre15_BPre15_VRoot_VerbTerm_LocSuf	NStem_NStem_NStem_NStem_NStem
i_galelo	NPrePre5_BPre5_NStem	NPrePre5_NStem	NPrePre5_BPre5_NStem	NStem_NStem
ku_le	LocPre_Dem9_Pos1	SC15_CDEM09	LocPre_Dem9_Pos1	NStem_NStem
n_kqubo	BPre9_NStem	BPre9_NStem	BPre9_NStem	NStem_NStem
.	Punc	PUNC	Punc	PUNC
I_khuthaz_a	SC9_VRoot_VerbTerm	SC9_VRoot_VerbTerm	SC9_VRoot_VerbTerm	NStem_NStem_NStem
u_ku_phendul_a	NPrePre15_BPre15_VRoot_VerbTerm	NPrePre15_BPre15_VRoot_VerbTerm	NPrePre15_BPre15_VRoot_VerbTerm	NStem_NStem_NStem_NStem
nge_z_enzo	AdvPre_NPrePre8_BPre8_NStem	AdvPre_BPre8_NStem	AdvPre_NPrePre8_BPre8_NStem	NStem_NStem_NStem
za_khe	PossConc8_PossPron	PossConc10_PossPron	PossConc8_PossPron	PUNC_PUNC
no_ku_nga_fihl_i	AdvPre_NPrePre15_BPre15_NegPre_VRoot_VerbTerm	AdvPre_BPre15_NegPre_VRoot_VerbTerm	AdvPre_NPrePre15_BPre15_NegPre_VRoot_VerbTerm	NStem_NStem_NStem_VRoot_VRoot
oku_fanel_e	RelConc15_VRoot_VerbTerm	RelConc15_VRoot_VerbTerm	RelConc15_VRoot_VerbTerm	NStem_NStem_NStem
u_ku_tyhil_w_a	NPrePre15_BPre15_VRoot_PassExt_VerbTerm	NPrePre15_BPre15_VRoot_PassExt_VerbTerm	NPrePre15_BPre15_VRoot_PassExt_VerbTerm	VRoot_VRoot_NStem_VRoot_VRoot
.	Punc	PUNC	Punc	Conj
U_ku_thath_a	NPrePre15_BPre15_VRoot_VerbTerm	NPrePre15_BPre15_VRoot_VerbTerm	NPrePre15_BPre15_VRoot_VerbTerm	NStem_NStem_NStem_NStem
i_n_xaxheba	NPrePre9_BPre9_NStem	NPrePre9_BPre9_NStem	NPrePre9_BPre9_NStem	NStem_NStem_NStem
ko_lu_ntu	PossConc15_NPrePre11_BPre11_NStem	PossConc15_BPre11_NStem	PossConc15_NPrePre11_BPre11_NStem	NStem_NStem_NStem
ku_nga_ne_n_zuzo	BPre15_Pot_AdvPre_NPrePre9_BPre9_NStem	CopPre_Pot_CopPre_BPre9_NStem	BPre15_Pot_AdvPre_NPrePre9_BPre9_NStem	NStem_NStem_NStem_NStem_NStem
e_n_tle	AdjPref9_AdjStem	AdjPref9_AdjPref9_AdjStem	AdjPref9_AdjStem	NStem_NStem_NStem
kw_i_wadi	LocPre_NPrePre9_NStem	LocPre_NPrePre9_NStem	LocPre_NPrePre9_NStem	NStem_NStem_NStem
njeng_oko	AdvPre_Dem15_Pos2	Adv_Adv	AdvPre_Dem15_Pos2	NStem_NStem
i_zim_vo	NPrePre10_BPre10_NStem	NPrePre10_BPre10_NStem	NPrePre10_BPre10_NStem	NStem_NStem_NStem
za_ba_hlali	PossConc10_NPrePre2_BPre2_NStem	PossConc10_BPre2_NStem	PossConc10_NPrePre2_BPre2_NStem	NStem_NStem_NStem
zi_quk_iw_e	SC10_VRoot_PassExt_VerbTerm	SC10_VRoot_PassExt_VerbTerm	SC10_VRoot_PassExt_VerbTerm	NStem_VRoot_VRoot_NStem
kw_i_zi_cwangciso	LocPre_NPrePre8_BPre8_NStem	LocPre_NPrePre8_BPre8_NStem	LocPre_NPrePre8_BPre8_NStem	NStem_NStem_VRoot_NStem
zo_phuhliso	PossConc8_NPrePre11_BPre11_NStem	PossConc10_BPre11	PossConc8_NPrePre11_BPre11_NStem	NStem_NStem
no_ku_khul_a	AdvPre_NPrePre15_BPre15_VRoot_VerbTerm	AdvPre_BPre15_VRoot_VerbTerm	AdvPre_NPrePre15_BPre15_VRoot_VerbTerm	NStem_NStem_NStem_NStem
.	Punc	PUNC	Punc	PUNC
U_k_omelez_a	NPrePre15_BPre15_VRoot_VerbTerm	NPrePre15_BPre15_VRoot_VerbTerm	NPrePre15_BPre15_VRoot_VerbTerm	NStem_NStem_NStem_NStem
i_si_xokelelwano	NPrePre7_BPre7_NStem	NPrePre7_BPre7_NStem	NPrePre7_BPre7_NStem	NStem_NStem_NStem
so_bu_lungis_w_a	PossConc7_NPrePre14_BPre14_VRoot_PassExt_VerbTerm	PossConc7_BPre14_VRoot_PassExt_VerbTerm	PossConc7_NPrePre14_BPre14_VRoot_PassExt_VerbTerm	NStem_VRoot_NStem_NStem_NStem
obu_jong_en_e	RelConc14_VRoot_RecipExt_VerbTerm	RelConc14_VRoot_RecipExt_VerbTerm	RelConc14_VRoot_RecipExt_VerbTerm	NStem_NStem_NStem_NStem
no_lw_aphulo__m_thetho	AdvPre_NPrePre11_BPre11_NStem_BPre3_NStem	AdvPre_BPre11_NStem_BPre3_NStem	AdvPre_NPrePre11_BPre11_NStem_BPre3_NStem	NStem_VRoot_VRoot_NStem_NStem
.	Punc	PUNC	Punc	PUNC
Oku	Dem15_Pos1	CDEM15	Dem15_Pos1	Conj
ku_fun_a	SC15_VRoot_VerbTerm	SC15_VRoot_VerbTerm	SC15_VRoot_VerbTerm	NStem_NStem_NStem
u_ku_sebenz_is_an_a	NPrePre15_BPre15_VRoot_CausExt_RecipExt_VerbTerm	NPrePre15_BPre15_VRoot_CausExt_RecipExt_VerbTerm	NPrePre15_BPre15_VRoot_CausExt_RecipExt_VerbTerm	VRoot_VRoot_VRoot_NStem_VRoot_NStem
phakathi	Adv	Adv	Adv	NStem
kwa_ma_sebe	PossConc15_NPrePre6_BPre6_NStem	PossConc15_BPre6_NStem	PossConc15_NPrePre6_BPre6_NStem	NStem_NStem_NStem
o_nke	QuantConc6_QuantStem	QuantConc6_QuantStem	QuantConc6_QuantStem	NStem_NStem
ku_bu_lungis_a	LocPre_NPrePre14_BPre14_NStem	SC15_BPre14_VRoot_VerbTerm	LocPre_NPrePre14_BPre14_NStem	NStem_NStem_VRoot_NStem
bu_ka_rhulumente	PossConc14_PossKA_NStem	PossConc14_PossKA_NStem	PossConc14_PossKA_NStem	NStem_NStem_NStem
,	Punc	PUNC	Punc	PUNC
u_thintelo	NPrePre11_NStem	NPrePre11_NStem	NPrePre11_NStem	NStem_NStem
lo_lw_aphulo__m_thetho	PossConc11_NPrePre11_BPre11_NStem_BPre3_NStem	PossConc11_BPre11_NStem_BPre3_NStem	PossConc11_NPrePre11_BPre11_NStem_BPre3_NStem	VRoot_VRoot_VRoot_VRoot_VRoot
ne_m_bumb_a	AdvPre_NPrePre9_NPrePre3_VRoot_VerbTerm	AdvPre_OC1a_VRoot_VerbTerm	AdvPre_NPrePre9_NPrePre3_VRoot_VerbTerm	NStem_NStem_NStem_NStem
yo_khuseleko	PossConc9_NPrePre11_BPre11_NStem	PossConc9_BPre11	PossConc9_NPrePre11_BPre11_NStem	NStem_NStem
.	Punc	PUNC	Punc	PUNC
I_in_gcebiso	NPrePre10_BPre10_NStem	NPrePre10_BPre10_NStem	NPrePre10_BPre10_NStem	NStem_NStem_NStem
zo_ku_Phononong_w_a	PossConc10_NPrePre15_BPre15_VRoot_PassExt_VerbTerm	PossConc10_BPre15_VRoot_PassExt_VerbTerm	PossConc10_NPrePre15_BPre15_VRoot_PassExt_VerbTerm	VRoot_NStem_VRoot_VRoot_NStem
kwe_Si_xokelelwano	PossConc15_NPrePre7_BPre7_NStem	PossConc15_BPre7_NStem	PossConc15_NPrePre7_BPre7_NStem	NStem_NStem_NStem
so_Bu_lungis_a	PossConc7_NPrePre14_BPre14_NStem	PossConc7_BPre14_VRoot_VerbTerm	PossConc7_NPrePre14_BPre14_NStem	VRoot_NStem_NStem_NStem
obu_jong_en_e	RelConc14_VRoot_RecipExt_VerbTerm	RelConc14_VRoot_RecipExt_VerbTerm	RelConc14_VRoot_RecipExt_VerbTerm	NStem_NStem_NStem_NStem
no_Lw_aphulo__m_thetho	AdvPre_NPrePre11_BPre11_NStem_BPre3_NStem	AdvPre_BPre11_NStem_BPre3_NStem	AdvPre_NPrePre11_BPre11_NStem_BPre3_NStem	VRoot_VRoot_NStem_VRoot_VRoot
sa_s_e_Mzantsi	PossConc7_PreLoc-s_LocPre_ProperName	PossConc7_PreLocs_LocPre_ProperName	PossConc7_PreLoc-s_LocPre_ProperName	NStem_NStem_NStem_NStem
Afrika	ProperName	ProperName	ProperName	PUNC
zi_ya	SC10_Fut	SC10_Fut	SC10_Fut	PUNC_PUNC
ku_hamb_a	SC15_VRoot_VerbTerm	SC15_VRoot_VerbTerm	SC15_VRoot_VerbTerm	PUNC_PUNC_PUNC
u_m_gama	NPrePre3_BPre3_NStem	NPrePre3_BPre3_NStem	NPrePre3_BPre3_NStem	NStem_NStem_NStem
e_ku_jong_an_e_ni	LocPre_NPrePre15_BPre15_VRoot_RecipExt_VerbTerm_LocSuf	LocPre_BPre15_VRoot_RecipExt_VerbTerm_VerbTerm	LocPre_NPrePre15_BPre15_VRoot_RecipExt_VerbTerm_LocSuf	VRoot_NStem_VRoot_VRoot_VRoot_VRoot
no_bu_thathaka	AdvPre_NPrePre14_BPre14_RelStem	AdvPre_BPre14_NStem	AdvPre_NPrePre14_BPre14_RelStem	NStem_NStem_NStem
ba_ngoku	PossConc14_Adv	CopPre_Adv	PossConc14_Adv	PUNC_PUNC
be_si_xokelelwano	PossConc14_NPrePre7_BPre7_NStem	PossConc14_BPre7_NStem	PossConc14_NPrePre7_BPre7_NStem	NStem_NStem_NStem
.	Punc	PUNC	Punc	PUNC
I_si_phumo	NPrePre7_BPre7_NStem	NPrePre7_BPre7_NStem	NPrePre7_BPre7_NStem	NStem_NStem_NStem
nga_si_nye	AdvPre_EnumConc7_EnumStem	AdvPre_EnumConc7_EnumStem	AdvPre_EnumConc7_EnumStem	NStem_NStem_NStem
ku_funek_a	SC15_VRoot_VerbTerm	SC15_VRoot_VerbTerm	SC15_VRoot_VerbTerm	PUNC_PUNC_PUNC
kw_enz_iw_e	SC15_VRoot_PassExt_VerbTerm	SC15_VRoot_PassExt_VerbTerm	SC15_VRoot_PassExt_VerbTerm	VRoot_NStem_NStem_VRoot
i_n_gxelo	NPrePre9_BPre9_NStem	NPrePre9_BPre9_NStem	NPrePre9_BPre9_NStem	NStem_NStem_NStem
nga_so	AdvPre_PronStem7	AdvPre_PronStem7	AdvPre_PronStem7	PUNC_PUNC
kw_i_kholam	LocPre_NPrePre9_NStem	LocPre_NPrePre9_NStem	LocPre_NPrePre9_NStem	NStem_NStem_NStem
ye_n_kqubo	PossConc9_NPrePre9_BPre9_NStem	PossConc9_BPre9_NStem	PossConc9_NPrePre9_BPre9_NStem	NStem_NStem_NStem
.	Punc	PUNC	Punc	NStem
Na_yi_phi	AdvPre_EnumConc9_EnumStem	AdvPre_EnumConc9_EnumStem	AdvPre_EnumConc9_EnumStem	NStem_NStem_NStem
na	Interrog	Interrog	Interrog	Conj
i_mi_sebenzi	NPrePre4_BPre4_NStem	NPrePre4_BPre4_NStem	NPrePre4_BPre4_NStem	NStem_NStem_NStem
e_ya_yi_nga_cety_w_a_nga	RelConc4_SC4_Past_SC4_NegPre_VRoot_PassExt_VerbTerm_NegPre	RelConc9_Pres_OC9_NegPre_VRoot_PassExt_VerbTerm_NegPre	RelConc4_SC4_Past_SC4_NegPre_VRoot_PassExt_VerbTerm_NegPre	VRoot_NStem_VRoot_VRoot_VRoot_VRoot_VRoot_VRoot
,	Punc	PUNC	Punc	PUNC
kodwa	Conj	Conj	Conj	PUNC
ya_thi	SC4_Past_VRoot_VerbTerm	PossConc9_NStem	SC4_Past_VRoot_VerbTerm	NStem_NStem
y_enz_iw_a	SC4_VRoot_PassExt_VerbTerm	SC9_VRoot_PassExt_VerbTerm	SC4_VRoot_PassExt_VerbTerm	NStem_VRoot_NStem_NStem
ku_funek_a	SC15_VRoot_VerbTerm	SC15_VRoot_VerbTerm	SC15_VRoot_VerbTerm	NStem_NStem_NStem
i_fak_w_e	SC9_VRoot_PassExt_VerbTerm	SC9_VRoot_PassExt_VerbTerm	SC9_VRoot_PassExt_VerbTerm	NStem_NStem_NStem_NStem
phaya	Dem16_Pos3	CDEMLOC	Dem16_Pos3	PUNC
e_ma_zantsi	LocPre_NPrePre6_BPre6_NStem	LocPre_BPre6_Adv	LocPre_NPrePre6_BPre6_NStem	NStem_NStem_NStem
.	Punc	PUNC	Punc	PUNC
Ku_kho	CopPre_Adv	CopPre_Adv	CopPre_Adv	NStem_NStem
a_ma_tyeli	NPrePre6_BPre6_NStem	NPrePre6_BPre6_NStem	NPrePre6_BPre6_NStem	NStem_NStem_NStem
a_pho	Dem16_Pos2	PossConc6_PossPron	Dem16_Pos2	PUNC_PUNC
u_masipala	NPrePre1a_NStem	NPrePre1a_NStem	NPrePre1a_NStem	NStem_NStem
a_nga_zi_v_a	SC1a_Pot_ReflPre_VRoot_VerbTerm	SC6_Pot_ReflPre_VRoot_VerbTerm	SC1a_Pot_ReflPre_VRoot_VerbTerm	NStem_NStem_NStem_NStem_NStem
ngathi	Adv	Adv	Adv	PUNC
e_n_dawe_ni	LocPre_NPrePre9_BPre9_NStem_LocSuf	LocPre_BPre9_NStem_LocSuf	LocPre_NPrePre9_BPre9_NStem_LocSuf	NStem_NStem_NStem_NStem
yo_ku_nikezel_a	PossConc9_NPrePre15_BPre15_VRoot_VerbTerm	PossConc9_BPre15_VRoot_VerbTerm	PossConc9_NPrePre15_BPre15_VRoot_VerbTerm	VRoot_NStem_VRoot_VRoot
i_in_konzo	NPrePre10_BPre10_NStem	NPrePre10_BPre10_NStem	NPrePre10_BPre10_NStem	NStem_NStem_NStem
ezi_th_e	RelConc10_VRoot_VerbTerm	RelConc10_VRoot_VerbTerm	RelConc10_VRoot_VerbTerm	NStem_NStem_NStem
ngqo	Ideoph	Ideoph	Ideoph	PUNC
,	Punc	PUNC	Punc	Conj
ku_ngangcono	CopPre_Pot_RelStem	CopPre_RelStem	CopPre_Pot_RelStem	NStem_NStem
u_ku_qesha	NPrePre15_BPre15_VRoot_VerbTerm	NPrePre15_BPre15_NStem	NPrePre15_BPre15_VRoot_VerbTerm	NStem_NStem_NStem
u_m_ntu	NPrePre1_BPre1_NStem	NPrePre1_BPre1_NStem	NPrePre1_BPre1_NStem	NStem_NStem_NStem
o_th_ile	RelConc3_VRoot_Perf	RelConc3_VRoot_Perf	RelConc3_VRoot_Perf	NStem_NStem_NStem
(	Punc	PUNC	Punc	PUNC
u_m_nikezel_i	NPrePre1_BPre1_NStem	NPrePre1_BPre1_VRoot_VerbTerm	NPrePre1_BPre1_NStem	NStem_NStem_NStem_NStem
we_n_konzo	PossConc1_NPrePre9_BPre9_NStem	PossConc3_BPre9_NStem	PossConc1_NPrePre9_BPre9_NStem	VRoot_NStem_NStem
)	Punc	PUNC	Punc	PUNC
u_kuba	Conj	Conj_Conj	Conj	PUNC_PUNC
enz_e	VRoot_VerbTerm	VRoot_VerbTerm	VRoot_VerbTerm	NStem_NStem
njalo	Adv	Adv	Adv	PUNC
.	Punc	PUNC	Punc	PUNC
I_zi_zathu	NPrePre8_BPre8_NStem	NPrePre8_BPre8_NStem	NPrePre8_BPre8_NStem	NStem_NStem_NStem
zo_kuba	PossConc10_Conj	PossConc10_Conj	PossConc10_Conj	PUNC_PUNC
u_masipala	NPrePre1a_NStem	NPrePre1a_NStem	NPrePre1a_NStem	NStem_NStem
a_khethe	SC1a_VRoot_VerbTerm	PossConc6_NStem	SC1a_VRoot_VerbTerm	NStem_NStem
le	Dem4_Pos1	CDEM09	Dem4_Pos1	PUNC
n_dlel_a	BPre9_NStem	BPre9_VRoot_VerbTerm	BPre9_NStem	NStem_NStem_NStem
k_ukuba	CopPre_Conj	CopPre_Conj	CopPre_Conj	PUNC_PUNC
aba_nye	AdjPref2_AdjStem	AdjPref2_AdjStem	AdjPref2_AdjStem	PUNC_PUNC
oo_masipala	NPrePre2a_NStem	NPrePre2a_NStem	NPrePre2a_NStem	NStem_NStem
,	Punc	PUNC	Punc	PUNC
i_mi_butho	NPrePre4_BPre4_NStem	NPrePre4_BPre4_NStem	NPrePre4_BPre4_NStem	NStem_PUNC_NStem
(	Punc	PUNC	Punc	PUNC
i_i__NGO	NPrePre10_BPre10_Abbr	NPrePre10_BPre10_Abbr	NPrePre10_BPre10_Abbr	PUNC_PUNC_PUNC
okanye	Conj	Conj	Conj	PUNC
i_i__CBO	NPrePre10_BPre10_Abbr	NPrePre10_BPre10_Abbr	NPrePre10_BPre10_Abbr	NStem_NStem_NStem
)	Punc	PUNC	Punc	PUNC
okanye	Conj	Conj	Conj	PUNC
i_in_kampani	NPrePre10_BPre10_NStem	NPrePre10_BPre10_NStem	NPrePre10_BPre10_NStem	NStem_NStem_NStem
za_bucala	PossConc10_Adv	PossConc10_Adv	PossConc10_Adv	NStem_NStem
zi_nganoo_vimba	CopPre_Pot_CopPre_NPrePre2a_NStem	CopPre_AdvPre_NStem	CopPre_Pot_CopPre_NPrePre2a_NStem	NStem_NStem_VRoot
aba_ngcono	RelConc2_RelStem	RelConc2_RelStem	RelConc2_RelStem	NStem_NStem
ne_za_khono	AdvPre_NPrePre8_BPre8_NStem	AdvPre_BPre8_NStem	AdvPre_NPrePre8_BPre8_NStem	NStem_NStem_NStem
zo_lawulo	PossConc10_NPrePre11_BPre11_NStem	PossConc10_BPre11	PossConc10_NPrePre11_BPre11_NStem	NStem_NStem
e_ku_nikezel_e_ni	LocPre_NPrePre15_BPre15_VRoot_VerbTerm_LocSuf	LocPre_BPre15_VRoot_VerbTerm_VerbTerm	LocPre_NPrePre15_BPre15_VRoot_VerbTerm_LocSuf	NStem_NStem_NStem_VRoot_NStem
i_n_konzo	NPrePre9_BPre9_NStem	NPrePre9_BPre9_NStem	NPrePre9_BPre9_NStem	NStem_NStem_NStem
.	Punc	PUNC	Punc	PUNC
A_ba_thathi__n_xaxheba	NPrePre2_BPre2_NStem_BPre9_NStem	NPrePre2_BPre2_NStem_BPre9_NStem	NPrePre2_BPre2_NStem_BPre9_NStem	VRoot_VRoot_VRoot_VRoot_VRoot
ba_gqibezel_a	SC2_VRoot_VerbTerm	SC2_VRoot_VerbTerm	SC2_VRoot_VerbTerm	NStem_NStem_NStem
u_m_zekelo	NPrePre3_BPre3_NStem	NPrePre3_BPre3_NStem	NPrePre3_BPre3_NStem	NStem_NStem_NStem
o_ng_e_zantsi	RelConc3_AdvPre_LocPre_Adv	RelConc3_AdvPre_LocPre_Adv	RelConc3_AdvPre_LocPre_Adv	VRoot_VRoot_NStem_VRoot
o_malunga	RelConc3_Adv	RelConc3_Adv	RelConc3_Adv	PUNC_PUNC
ne_n_dlel_a	AdvPre_NPrePre9_BPre9_NStem	AdvPre_BPre9_VRoot_VerbTerm	AdvPre_NPrePre9_BPre9_NStem	NStem_NStem_NStem_NStem
i__K_PI	NPrePre9_Abbr	NPrePre9_Abbr_Abbr	NPrePre9_Abbr	NStem_NStem_NStem
e_hlangabez_ana	RelConc9_VRoot_RecipExt_VerbTerm	LocPre_RelStem_DimSuf	RelConc9_VRoot_RecipExt_VerbTerm	NStem_NStem_NStem
nga_yo	AdvPre_PronStem9	AdvPre_PronStem9	AdvPre_PronStem9	PUNC_PUNC
ne_e_m_funo	AdvPre_NPrePre10_BPre10_NStem	AdvPre_NPrePre10_BPre9_NStem	AdvPre_NPrePre10_BPre10_NStem	NStem_NStem_NStem_NStem
ze_mi_miselo	PossConc8_NPrePre4_BPre4_NStem	PossConc8_BPre4_NStem	PossConc8_NPrePre4_BPre4_NStem	NStem_NStem_NStem
.	Punc	PUNC	Punc	PUNC
Sebenz_is_a	VRoot_CausExt_VerbTerm	VRoot_CausExt_VerbTerm	VRoot_CausExt_VerbTerm	NStem_NStem_NStem
u_m_gca	NPrePre3_BPre3_NStem	NPrePre3_BPre3_NStem	NPrePre3_BPre3_NStem	NStem_NStem_NStem
wo_ku_qal_a	PossConc3_NPrePre15_BPre15_VRoot_VerbTerm	PossConc3_BPre15_VRoot_VerbTerm	PossConc3_NPrePre15_BPre15_VRoot_VerbTerm	NStem_VRoot_NStem_NStem
njengo_m_zekelo	AdvPre_NPrePre3_BPre3_NStem	AdvPre_BPre3_NStem	AdvPre_NPrePre3_BPre3_NStem	NStem_NStem_NStem
a_ze	SC6_AuxVStem	SC6_AuxVStem	SC6_AuxVStem	PUNC_PUNC
a_ma_qela	NPrePre6_BPre6_NStem	NPrePre6_BPre6_NStem	NPrePre6_BPre6_NStem	NStem_NStem_NStem
a_gcwalis_e	SC6_VRoot_VerbTerm	SC6_VRoot_VerbTerm	SC6_VRoot_VerbTerm	NStem_NStem_NStem
u_lu_hlu	NPrePre11_BPre11_NStem	NPrePre11_BPre11_NStem	NPrePre11_BPre11_NStem	NStem_NStem_NStem
.	Punc	PUNC	Punc	PUNC
I_m_bali	NPrePre9_BPre9_NStem	NPrePre9_BPre9_NStem	NPrePre9_BPre9_NStem	NStem_NStem_NStem
yo_Mzantsi	PossConc9_NPrePre3_ProperName	PossConc9_ProperName	PossConc9_NPrePre3_ProperName	NStem_NStem
Afrika	ProperName	ProperName	ProperName	PUNC
na_ma_va	AdvPre_NPrePre6_BPre6_NStem	AdvPre_BPre6_NStem	AdvPre_NPrePre6_BPre6_NStem	PUNC_PUNC_PUNC
a_ma_nye	AdjPref6_AdjStem	NPrePre6_AdjPref6_AdjStem	AdjPref6_AdjStem	NStem_NStem_NStem
a_ma_zwe	NPrePre6_BPre6_NStem	NPrePre6_BPre6_NStem	NPrePre6_BPre6_NStem	NStem_NStem_NStem
a_bon_is_a	SC6_VRoot_CausExt_VerbTerm	SC6_VRoot_CausExt_VerbTerm	SC6_VRoot_CausExt_VerbTerm	NStem_NStem_NStem_NStem
u_kuba	Conj	Conj_Conj	Conj	PUNC_PUNC
u_manyano	NPrePre11_NStem	NPrePre11_NStem	NPrePre11_NStem	NStem_NStem
no_ku_na_mathel_a	AdvPre_NPrePre15_BPre15_VRoot_VerbTerm	AdvPre_BPre15_CopPre_VRoot_VerbTerm	AdvPre_NPrePre15_BPre15_VRoot_VerbTerm	NStem_VRoot_VRoot_NStem_VRoot
kwa_s_e_ku_hlal_e_ni	PossConc15_PreLoc-s_LocPre_NPrePre15_BPre15_VRoot_VerbTerm_LocSuf	PossConc15_PreLocs_LocPre_BPre15_VRoot_VerbTerm_LocSuf	PossConc15_PreLoc-s_LocPre_NPrePre15_BPre15_VRoot_VerbTerm_LocSuf	NStem_NStem_VRoot_VRoot_VRoot_VRoot_VRoot
zi_y_i_m_funeko	CopPre_CopPre_NPrePre9_BPre9_NStem	CopPre_CopPre_NPrePre9_BPre9_NStem	CopPre_CopPre_NPrePre9_BPre9_NStem	NStem_PUNC_NStem_NStem_NStem
u_ku_hlangabez_ana	NPrePre15_BPre15_VRoot_RecipExt_VerbTerm	NPrePre15_BPre15_VRoot_DimSuf	NPrePre15_BPre15_VRoot_RecipExt_VerbTerm	NStem_NStem_NStem_NStem
ne_e_n_jongo	AdvPre_NPrePre10_BPre10_NStem	AdvPre_NPrePre9_BPre9_NStem	AdvPre_NPrePre10_BPre10_NStem	NStem_NStem_NStem_NStem
za_s_e_ku_hlal_e_ni	PossConc10_PreLoc-s_LocPre_NPrePre15_BPre15_VRoot_VerbTerm_LocSuf	PossConc10_PreLocs_LocPre_BPre15_VRoot_VerbTerm_VerbTerm	PossConc10_PreLoc-s_LocPre_NPrePre15_BPre15_VRoot_VerbTerm_LocSuf	NStem_NStem_NStem_NStem_NStem_NStem_VRoot
no_qoqosho	AdvPre_NPrePre11_BPre11_NStem	AdvPre_BPre11	AdvPre_NPrePre11_BPre11_NStem	NStem_NStem
.	Punc	PUNC	Punc	PUNC
I_n_gabul_a__zi_gc_awu	NPrePre9_BPre9_NStem_BPre8_NStem	NPrePre9_BPre9_NStem_VerbTerm_BPre10_NStem_NStem	NPrePre9_BPre9_NStem_BPre8_NStem	VRoot_NStem_VRoot_VRoot_VRoot_VRoot_VRoot
ku_m_Gaqo__si_se_ko	LocPre_NPrePre3_BPre3_NStem_BPre7_NStem	LocPre_BPre3_NStem_BPre7_Pro_PronStem15	LocPre_NPrePre3_BPre3_NStem_BPre7_NStem	NStem_VRoot_NStem_NStem_NStem_NStem
i_ku_qaqamb_is_a	SC9_OC15_VRoot_CausExt_VerbTerm	SC9_BPre15_VRoot_CausExt_VerbTerm	SC9_OC15_VRoot_CausExt_VerbTerm	VRoot_VRoot_NStem_VRoot_NStem
ngcono	Adv	Adv	Adv	PUNC
oku	Dem15_Pos1	CDEM15	Dem15_Pos1	Conj
ku_lungelelan_a	SC15_VRoot_VerbTerm	SC15_VRoot_VerbTerm	SC15_VRoot_VerbTerm	NStem_NStem_NStem
.	Punc	PUNC	Punc	PUNC
Si_qond_a	SC1pp_VRoot_VerbTerm	SC7_VRoot_VerbTerm	SC1pp_VRoot_VerbTerm	NStem_NStem_NStem
i_si_nyanzeliso	NPrePre7_BPre7_NStem	NPrePre7_BPre7_NStem	NPrePre7_BPre7_NStem	VRoot_NStem_NStem
si_ka_rhulumente	PossConc7_PossKA_NStem	PossConc7_PossKA_NStem	PossConc7_PossKA_NStem	NStem_NStem_NStem
e_ku_jik_e_ni	LocPre_NPrePre15_BPre15_VRoot_VerbTerm_LocSuf	LocPre_BPre15_VRoot_VerbTerm_ImpSuf	LocPre_NPrePre15_BPre15_VRoot_VerbTerm_LocSuf	VRoot_VRoot_VRoot_VRoot_VRoot
i_im_pembelelo	NPrePre10_BPre10_NStem	NPrePre10_BPre10_NStem	NPrePre10_BPre10_NStem	NStem_NStem_NStem
zo_ku_cukul_w_a	PossConc10_NPrePre15_BPre15_VRoot_PassExt_VerbTerm	PossConc10_BPre15_VRoot_PassExt_VerbTerm	PossConc10_NPrePre15_BPre15_VRoot_PassExt_VerbTerm	NStem_NStem_NStem_NStem_NStem
ngo_bu_hlanga	AdvPre_NPrePre14_BPre14_NStem	AdvPre_BPre14_NStem	AdvPre_NPrePre14_BPre14_NStem	NStem_NStem_NStem
,	Punc	PUNC	Punc	NStem
kw_i_meko	LocPre_NPrePre9_NStem	LocPre_NPrePre9_NStem	LocPre_NPrePre9_NStem	NStem_NStem_NStem
a_pho	Dem16_Pos2	PossConc6_PossPron	Dem16_Pos2	PUNC_PUNC
bo_nke	QuantConc2_QuantStem	QuantConc2_QuantStem	QuantConc2_QuantStem	NStem_NStem
a_be_mi	NPrePre2_BPre2_NStem	NPrePre2_BPre2_NStem	NPrePre2_BPre2_NStem	NStem_NStem_NStem
be_zi_v_a	SC2_ReflPre_VRoot_VerbTerm	SC2_ReflPre_VRoot_VerbTerm	SC2_ReflPre_VRoot_VerbTerm	NStem_NStem_NStem_NStem
be_y_i_n_xalenye	Past_CopPre_NPrePre9_BPre9_NStem	CopPre_CopPre_NPrePre9_BPre9_NStem	Past_CopPre_NPrePre9_BPre9_NStem	VRoot_VRoot_NStem_NStem_NStem
ye_li_zwe	PossConc9_NPrePre5_BPre5_NStem	PossConc9_BPre5_NStem	PossConc9_NPrePre5_BPre5_NStem	NStem_NStem_NStem
ne_e_n_kqubo	AdvPre_NPrePre10_BPre10_NStem	AdvPre_NPrePre10_BPre9_NStem	AdvPre_NPrePre10_BPre10_NStem	NStem_NStem_NStem_VRoot
za_lo	PossConc10_PronStem5	PossConc10_PronStem5	PossConc10_PronStem5	PUNC_PUNC
.	Punc	PUNC	Punc	PUNC
I_i_Komiti	NPrePre10_BPre10_NStem	NPrePre10_BPre10_NStem	NPrePre10_BPre10_NStem	NStem_NStem_NStem
ze_Wadi	PossConc10_NPrePre9_NStem	PossConc10_NStem	PossConc10_NPrePre9_NStem	NStem_NStem
ku_funek_a	SC15_VRoot_VerbTerm	SC15_VRoot_VerbTerm	SC15_VRoot_VerbTerm	NStem_NStem_NStem
zi_phuhl_is_e	SC10_VRoot_CausExt_VerbTerm	SC10_VRoot_CausExt_VerbTerm	SC10_VRoot_CausExt_VerbTerm	NStem_NStem_NStem_NStem
zi_phind_e	SC10_VRoot_VerbTerm	SC10_VRoot_VerbTerm	SC10_VRoot_VerbTerm	NStem_NStem_NStem
zi_zalisek_is_e	SC10_VRoot_CausExt_VerbTerm	SC10_VRoot_CausExt_VerbTerm	SC10_VRoot_CausExt_VerbTerm	NStem_NStem_NStem_NStem
i_in_kqubo	NPrePre10_BPre10_NStem	NPrePre10_BPre10_NStem	NPrePre10_BPre10_NStem	NStem_NStem_NStem
ezi_ya	RelConc10_Fut	RelConc10_Fut	RelConc10_Fut	NStem_NStem
ku_nced_a	SC15_VRoot_VerbTerm	SC15_VRoot_VerbTerm	SC15_VRoot_VerbTerm	NStem_NStem_NStem
e_ku_gqithis_e_ni	LocPre_NPrePre15_BPre15_VRoot_LocSuf	LocPre_BPre15_VRoot_VerbTerm_VerbTerm	LocPre_NPrePre15_BPre15_VRoot_LocSuf	VRoot_NStem_VRoot_VRoot_VRoot
u_lw_az_i	NPrePre11_BPre11_NStem	NPrePre11_BPre11_VRoot_VerbTerm	NPrePre11_BPre11_NStem	NStem_NStem_NStem_NStem
olu_fanel_ek_il_e_yo	RelConc11_VRoot_NeutExt_Perf_VerbTerm_RelSuf	RelConc11_VRoot_NeutExt_Perf_VerbTerm_RelSuf	RelConc11_VRoot_NeutExt_Perf_VerbTerm_RelSuf	VRoot_VRoot_NStem_NStem_NStem_VRoot
olu_y_a	RelConc11_VRoot_VerbTerm	RelConc11_VRoot_VerbTerm	RelConc11_VRoot_VerbTerm	NStem_NStem_NStem
n_olu_suk_a	AdvPre_RelConc11_VRoot_VerbTerm	AdvPre_RelConc11_VRoot_VerbTerm	AdvPre_RelConc11_VRoot_VerbTerm	NStem_NStem_NStem_NStem
ku_ba_ba_hlali	LocPre_BPre2_OC2_NStem	LocPre_BPre2_BPre2_NStem	LocPre_BPre2_OC2_NStem	NStem_NStem_NStem_NStem
lu_si_y_a	SC11_Pro_VRoot_VerbTerm	SC11_Pro_VRoot_VerbTerm	SC11_Pro_VRoot_VerbTerm	NStem_NStem_NStem_NStem
kw_i_bhunga	LocPre_NPrePre5_BPre5_NStem	LocPre_NPrePre5_BPre5	LocPre_NPrePre5_BPre5_NStem	NStem_NStem_NStem
n_olu_suk_a	AdvPre_RelConc11_VRoot_VerbTerm	AdvPre_RelConc11_VRoot_VerbTerm	AdvPre_RelConc11_VRoot_VerbTerm	NStem_NStem_NStem_NStem
kw_i_bhunga	LocPre_NPrePre5_BPre5_NStem	LocPre_NPrePre5_BPre5	LocPre_NPrePre5_BPre5_NStem	PUNC_PUNC_PUNC
lu_si_y_a	SC11_Pro_VRoot_VerbTerm	SC11_Pro_VRoot_VerbTerm	SC11_Pro_VRoot_VerbTerm	PUNC_PUNC_NStem_NStem
ku_ba_ba_hlali	LocPre_BPre2_OC2_NStem	LocPre_BPre2_BPre2_NStem	LocPre_BPre2_OC2_NStem	NStem_NStem_NStem_NStem
.	Punc	PUNC	Punc	PUNC
I_in_kqubo	NPrePre10_BPre10_NStem	NPrePre10_BPre10_NStem	NPrePre10_BPre10_NStem	NStem_NStem_NStem
ku_funek_a	SC15_VRoot_VerbTerm	SC15_VRoot_VerbTerm	SC15_VRoot_VerbTerm	NStem_NStem_NStem
zi_qwalasel_e	SC10_VRoot_VerbTerm	SC10_VRoot_VerbTerm	SC10_VRoot_VerbTerm	NStem_NStem_NStem
zo_nke	QuantConc10_QuantStem	QuantConc10_QuantStem	QuantConc10_QuantStem	NStem_NStem
i_zi_cwangciso	NPrePre8_BPre8_NStem	NPrePre8_BPre8_NStem	NPrePre8_BPre8_NStem	NStem_NStem_NStem
z_oo_masipala	PossConc10_NPrePre2a_NStem	PossConc10_NPrePre2a_NStem	PossConc10_NPrePre2a_NStem	NStem_NStem_NStem
ne_e_projekthi	AdvPre_NPrePre10_BPre10_NStem	AdvPre_NPrePre9_NStem	AdvPre_NPrePre10_BPre10_NStem	NStem_NStem_NStem
u_kuze	Conj	NPrePre11_NStem	Conj	PUNC_PUNC
zi_bon_e	SC10_VRoot_VerbTerm	SC10_VRoot_VerbTerm	SC10_VRoot_VerbTerm	NStem_NStem_NStem
i_n_dawo	NPrePre9_BPre9_NStem	NPrePre9_BPre9_NStem	NPrePre9_BPre9_NStem	NStem_NStem_NStem
ne_n_dlel_a	AdvPre_NPrePre9_BPre9_NStem	AdvPre_BPre9_VRoot_VerbTerm	AdvPre_NPrePre9_BPre9_NStem	NStem_NStem_NStem_NStem
yo_nxibelelwano	PossConc9_NPrePre11_BPre11_NStem	PossConc9_BPre11	PossConc9_NPrePre11_BPre11_NStem	NStem_NStem
e_ku_khuthaz_e_ni	LocPre_NPrePre15_BPre15_VRoot_VerbTerm_LocSuf	LocPre_BPre15_VRoot_VerbTerm_VerbTerm	LocPre_NPrePre15_BPre15_VRoot_VerbTerm_LocSuf	NStem_NStem_NStem_NStem_NStem
u_ku_thath_a	NPrePre15_BPre15_VRoot_VerbTerm	NPrePre15_BPre15_VRoot_VerbTerm	NPrePre15_BPre15_VRoot_VerbTerm	NStem_NStem_NStem_NStem
i_n_xaxheba	NPrePre9_BPre9_NStem	NPrePre9_BPre9_NStem	NPrePre9_BPre9_NStem	NStem_NStem_NStem
ku_ka_wo_nke__wo_nke	PossConc15_PossKA_QuantConc1a_QuantStem_QuantConc1a_QuantStem	PossConc15_PossKA_QuantConc1a_QuantStem_QuantConc1a_QuantStem	PossConc15_PossKA_QuantConc1a_QuantStem_QuantConc1a_QuantStem	NStem_NStem_NStem_NStem_NStem_NStem
.	Punc	PUNC	Punc	PUNC
U_ku_nik_a	NPrePre15_BPre15_VRoot_VerbTerm	NPrePre15_BPre15_VRoot_VerbTerm	NPrePre15_BPre15_VRoot_VerbTerm	NStem_VRoot_NStem_NStem
i_mi_butho	NPrePre4_BPre4_NStem	NPrePre4_BPre4_NStem	NPrePre4_BPre4_NStem	NStem_NStem_NStem
ya_ba_hlali	PossConc4_NPrePre2_BPre2_NStem	PossConc9_BPre2_NStem	PossConc4_NPrePre2_BPre2_NStem	NStem_NStem_NStem
i_thuba	NPrePre5_BPre5_NStem	NPrePre5_NStem	NPrePre5_BPre5_NStem	NStem_NStem
lo_ku_ngen_a	PossConc5_NPrePre15_BPre15_VRoot_VerbTerm	PossConc11_BPre15_VRoot_VerbTerm	PossConc5_NPrePre15_BPre15_VRoot_VerbTerm	VRoot_VRoot_VRoot_VRoot
ku_bu_qabane	LocPre_NPrePre14_BPre14_NStem	LocPre_BPre14_NStem	LocPre_NPrePre14_BPre14_NStem	NStem_NStem_NStem
ne_e_kontrakthi	AdvPre_NPrePre10_BPre10_NStem	AdvPre_NPrePre9_NStem	AdvPre_NPrePre10_BPre10_NStem	NStem_NStem_NStem
no_rhulumente	AdvPre_NPrePre1a_NStem	AdvPre_NStem	AdvPre_NPrePre1a_NStem	NStem_NStem
we_n_gingqi	PossConc1a_NPrePre9_BPre9_NStem	PossConc1a_BPre9_NStem	PossConc1a_NPrePre9_BPre9_NStem	NStem_NStem_NStem
u_kuze	Conj	NPrePre15_NStem	Conj	PUNC_PUNC
ba_ququzel_el_e	SC2_Intrans_ApplExt_VerbTerm	SC2_VRoot_ApplExt_VerbTerm	SC2_Intrans_ApplExt_VerbTerm	VRoot_VRoot_VRoot_VRoot
u_k_ongez_w_a	NPrePre15_BPre15_VRoot_PassExt_VerbTerm	NPrePre15_BPre15_VRoot_PassExt_VerbTerm	NPrePre15_BPre15_VRoot_PassExt_VerbTerm	VRoot_VRoot_VRoot_VRoot_VRoot
kwe_mi_thombo	PossConc15_NPrePre4_BPre4_NStem	PossConc15_BPre4_NStem	PossConc15_NPrePre4_BPre4_NStem	NStem_NStem_NStem
.	Punc	PUNC	Punc	PUNC
I_zi_cwangciso__b_uq_ili	NPrePre8_BPre8_NStem_BPre14_NStem	NPrePre8_BPre8_NStem_CopPre_VRoot_Perf	NPrePre8_BPre8_NStem_BPre14_NStem	VRoot_NStem_VRoot_VRoot_VRoot_VRoot
z_i_zi_cwangciso	CopPre_NPrePre8_BPre8_NStem	CopPre_NPrePre8_BPre8_NStem	CopPre_NPrePre8_BPre8_NStem	VRoot_VRoot_VRoot_VRoot
ezi_fun_a	RelConc8_VRoot_VerbTerm	RelConc10_VRoot_VerbTerm	RelConc8_VRoot_VerbTerm	NStem_NStem_NStem
u_ku_qhuty_el_w_a	NPrePre15_BPre15_VRoot_ApplExt_PassExt_VerbTerm	NPrePre15_BPre15_VRoot_ApplExt_PassExt_VerbTerm	NPrePre15_BPre15_VRoot_ApplExt_PassExt_VerbTerm	VRoot_VRoot_VRoot_NStem_VRoot_NStem
i_m_pumezo	NPrePre9_BPre9_NStem	NPrePre9_BPre9_NStem	NPrePre9_BPre9_NStem	NStem_NStem_NStem
ye_n_jongo	PossConc9_NPrePre9_BPre9_NStem	PossConc9_BPre9_NStem	PossConc9_NPrePre9_BPre9_NStem	NStem_NStem_NStem
.	Punc	PUNC	Punc	PUNC
Ku_m_sebenzi	LocPre_NPrePre3_BPre3_NStem	LocPre_BPre3_NStem	LocPre_NPrePre3_BPre3_NStem	NStem_NStem_NStem
o_landel_a_yo	RelConc3_VRoot_VerbTerm_RelSuf	RelConc3_VRoot_VerbTerm_RelSuf	RelConc3_VRoot_VerbTerm_RelSuf	NStem_NStem_NStem_NStem
i_zi_cwangciso__b_uq_ili	NPrePre8_BPre8_NStem_BPre14_NStem	NPrePre8_BPre8_NStem_CopPre_VRoot_Perf	NPrePre8_BPre8_NStem_BPre14_NStem	VRoot_VRoot_VRoot_VRoot_VRoot_VRoot
zi_chong_el_w_e	SC10_VRoot_ApplExt_PassExt_VerbTerm	SC10_VRoot_ApplExt_PassExt_VerbTerm	SC10_VRoot_ApplExt_PassExt_VerbTerm	NStem_NStem_VRoot_VRoot_NStem
u_kwa_kh_el_w_a	NPrePre15_BPre15_VRoot_ApplExt_PassExt_VerbTerm	SC3_AdvPre_VRoot_ApplExt_PassExt_VerbTerm	NPrePre15_BPre15_VRoot_ApplExt_PassExt_VerbTerm	NStem_VRoot_VRoot_VRoot_VRoot_VRoot
phezu	Adv	Adv	Adv	PUNC
ko_k_omelel_a	PossConc15_NPrePre15_BPre15_VRoot_VerbTerm	PossConc15_BPre15_VRoot_VerbTerm	PossConc15_NPrePre15_BPre15_VRoot_VerbTerm	NStem_NStem_NStem_NStem
u_kuze	Conj	NPrePre15_NStem	Conj	PUNC_PUNC
k_oyis_w_e	SC15_VRoot_PassExt_VerbTerm	SC15_VRoot_PassExt_VerbTerm	SC15_VRoot_PassExt_VerbTerm	NStem_NStem_NStem_NStem
u_buthathaka	NPrePre14_BPre14_RelStem	NPrePre14_RelStem	NPrePre14_BPre14_RelStem	NStem_NStem
.	Punc	PUNC	Punc	NStem
U_m_sebenzi	NPrePre3_BPre3_NStem	NPrePre3_BPre3_NStem	NPrePre3_BPre3_NStem	NStem_NStem_NStem
o_landel_a_yo	RelConc3_VRoot_VerbTerm_RelSuf	RelConc3_VRoot_VerbTerm_RelSuf	RelConc3_VRoot_VerbTerm_RelSuf	NStem_NStem_NStem_NStem
u_thath_a	SC3_VRoot_VerbTerm	SC1_VRoot_VerbTerm	SC3_VRoot_VerbTerm	NStem_NStem_NStem
eli	Dem5_Pos1	CDEM05	Dem5_Pos1	PUNC
nyathelo	BPre5_NStem	NStem	BPre5_NStem	PUNC
u_li_s_e	SC1_OC5_VRoot_VerbTerm	SC2ps_OC5_VRoot_VerbTerm	SC1_OC5_VRoot_VerbTerm	NStem_NStem_NStem_NStem
phambili	Adv	Adv	Adv	PUNC
u_chong_e	SC3_VRoot_VerbTerm	SC2ps_VRoot_VerbTerm	SC3_VRoot_VerbTerm	NStem_NStem_NStem
i_i_projekthi	NPrePre10_BPre10_NStem	NPrePre10_BPre10_NStem	NPrePre10_BPre10_NStem	NStem_NStem_NStem
ne_mi_sebenzi	AdvPre_NPrePre4_BPre4_NStem	AdvPre_BPre4_NStem	AdvPre_NPrePre4_BPre4_NStem	NStem_NStem_NStem
e_fun_a	RelConc4_VRoot_VerbTerm	RelConc9_VRoot_VerbTerm	RelConc4_VRoot_VerbTerm	PUNC_PUNC_PUNC
u_ku_sungul_el_w_a	NPrePre15_BPre15_VRoot_ApplExt_PassExt_VerbTerm	NPrePre15_BPre15_VRoot_ApplExt_PassExt_VerbTerm	NPrePre15_BPre15_VRoot_ApplExt_PassExt_VerbTerm	VRoot_VRoot_VRoot_NStem_VRoot_VRoot
u_ku_hlangabez_ana	NPrePre15_BPre15_VRoot_RecipExt_VerbTerm	NPrePre15_BPre15_VRoot_DimSuf	NPrePre15_BPre15_VRoot_RecipExt_VerbTerm	VRoot_VRoot_NStem_NStem
ne_si_cwangciso__b_uq_ili	AdvPre_BPre7_NStem_BPre14_NStem	AdvPre_BPre7_NStem_CopPre_VRoot_Perf	AdvPre_BPre7_NStem_BPre14_NStem	NStem_NStem_VRoot_VRoot_NStem_VRoot
nga_si_nye	AdvPre_EnumConc7_EnumStem	AdvPre_EnumConc7_EnumStem	AdvPre_EnumConc7_EnumStem	NStem_NStem_NStem
.	Punc	PUNC	Punc	PUNC
Bon_is_anani	VRoot_CausExt_RecipExt_VerbTerm_ImpSuf	ProperName_CausExt_DimSuf	VRoot_CausExt_RecipExt_VerbTerm_ImpSuf	NStem_NStem_NStem
na_b_el_ane	AdvPre_VRoot_ApplExt_RecipExt_VerbTerm	AdvPre_VRoot_ApplExt_RecipExt	AdvPre_VRoot_ApplExt_RecipExt_VerbTerm	NStem_NStem_NStem_NStem
nge_zi_m_vo	AdvPre_NPrePre8_BPre8_BPre9_NStem	AdvPre_BPre8_BPre9_NStem	AdvPre_NPrePre8_BPre8_BPre9_NStem	NStem_NStem_NStem_NStem
ma_lunga	Adv	BPre6_NStem	Adv	PUNC_PUNC
ne_e_n_dlel_a	AdvPre_NPrePre10_BPre10_NStem	AdvPre_SC9_BPre9_VRoot_VerbTerm	AdvPre_NPrePre10_BPre10_NStem	NStem_VRoot_VRoot_NStem_VRoot
le	Dem4_Pos1	CDEM09	Dem4_Pos1	PUNC
mi_thetho__si_se_ko	BPre4_NStem_BPre7_NStem	BPre4_NStem_BPre7_BPre7_NStem	BPre4_NStem_BPre7_NStem	VRoot_NStem_VRoot_VRoot_NStem
e_no_ku_fezek_is_w_a	SC4_AdvPre_NPrePre15_BPre15_VRoot_CausExt_PassExt_VerbTerm	RelConc9_AdvPre_BPre15_VRoot_CausExt_PassExt_VerbTerm	SC4_AdvPre_NPrePre15_BPre15_VRoot_CausExt_PassExt_VerbTerm	NStem_NStem_NStem_VRoot_VRoot_NStem_VRoot
ngcono	Adv	Adv	Adv	NStem
nga_yo	AdvPre_PronStem9	AdvPre_PronStem9	AdvPre_PronStem9	PUNC_PUNC
.	Punc	PUNC	Punc	PUNC
Jong_a	VRoot_VerbTerm	VRoot_VerbTerm	VRoot_VerbTerm	PUNC_PUNC
i_mi_buzo	NPrePre4_BPre4_NStem	NPrePre4_BPre4_NStem	NPrePre4_BPre4_NStem	NStem_NStem_NStem
e_cety_is_iw_e_yo	RelConc4_VRoot_CausExt_PassExt_VerbTerm_RelSuf	RelConc4_VRoot_CausExt_PassExt_VerbTerm_RelSuf	RelConc4_VRoot_CausExt_PassExt_VerbTerm_RelSuf	NStem_NStem_NStem_NStem_NStem_NStem
ku_lu_hlu	LocPre_NPrePre11_BPre11_NStem	LocPre_BPre11_NStem	LocPre_NPrePre11_BPre11_NStem	NStem_NStem_NStem
olu_kw_i_phepha	RelConc11_LocPre_NPrePre5_BPre5_NStem	RelConc11_LocPre_NPrePre5_BPre5	RelConc11_LocPre_NPrePre5_BPre5_NStem	NStem_NStem_NStem_NStem
90	Num	NUM	Num	PUNC
n_eli_no_k_ongez_a	AdvPre_RelConc5_CopPre_NPrePre15_BPre15_VRoot_VerbTerm	AdvPre_RelConc5_AdvPre_BPre15_VRoot_VerbTerm	AdvPre_RelConc5_CopPre_NPrePre15_BPre15_VRoot_VerbTerm	NStem_NStem_NStem_NStem_NStem_NStem
kw_i_zim_vo	LocPre_NPrePre10_BPre10_NStem	LocPre_NPrePre10_BPre10_NStem	LocPre_NPrePre10_BPre10_NStem	NStem_NStem_NStem_NStem
ezi_nik_w_e	RelConc10_VRoot_PassExt_VerbTerm	RelConc10_VRoot_PassExt_VerbTerm	RelConc10_VRoot_PassExt_VerbTerm	NStem_NStem_NStem_NStem
ng_a_ba_thathi__n_xaxheba	AdvPre_NPrePre2_BPre2_NStem_BPre9_NStem	CopPre_NPrePre2_BPre2_NStem_BPre9_NStem	AdvPre_NPrePre2_BPre2_NStem_BPre9_NStem	VRoot_VRoot_VRoot_NStem_NStem_VRoot
.	Punc	PUNC	Punc	NStem
I__Organis_ed	NPrePre9_Foreign	NPrePre9_Foreign_Foreign	NPrePre9_Foreign	NStem_NStem_NStem
Lo_cal	Foreign	PossConc5_CDEMLOC	Foreign	PUNC_PUNC
Government	Foreign	Foreign	Foreign	Conj
Act	Foreign	Foreign	Foreign	PUNC
,	Punc	PUNC	Punc	PUNC
1997	Num	NUM	Num	PUNC
i_nikezel_a	SC9_VRoot_VerbTerm	SC9_VRoot_VerbTerm	SC9_VRoot_VerbTerm	VRoot_NStem_NStem
u_lw_amkelo	NPrePre11_BPre11_NStem	NPrePre11_BPre11_NStem	NPrePre11_BPre11_NStem	NStem_NStem_NStem
ku_m_butho	LocPre_NPrePre3_BPre3_NStem	LocPre_BPre3_NStem	LocPre_NPrePre3_BPre3_NStem	NStem_NStem_NStem
om_nye	AdjPref3_AdjStem	AdjPref3_AdjStem	AdjPref3_AdjStem	PUNC_PUNC
ka_zwelonke	PossKA_NPrePre1a_NStem	PossKA_NStem	PossKA_NPrePre1a_NStem	NStem_NStem
omel_e	RelConc6_VRoot_ApplExt_VerbTerm	VRoot_VerbTerm	RelConc6_VRoot_ApplExt_VerbTerm	NStem_NStem
u_ninzi	NPrePre11_NStem	NPrePre11_NStem	NPrePre11_NStem	PUNC_PUNC
l_oo_masipala	PossConc11_NPrePre2a_NStem	PossConc11_NPrePre2a_NStem	PossConc11_NPrePre2a_NStem	NStem_NStem_NStem
kw_i_phondo	LocPre_NPrePre5_NStem	LocPre_NPrePre5_BPre5	LocPre_NPrePre5_NStem	NStem_NStem_NStem
nga_li_nye	AdvPre_EnumConc5_EnumStem	AdvPre_EnumConc5_EnumStem	AdvPre_EnumConc5_EnumStem	NStem_NStem_NStem
.	Punc	PUNC	Punc	PUNC
I__So_uth	NPrePre9_ProperName	NPrePre9_PossConc7_ProperName	NPrePre9_ProperName	NStem_NStem_NStem
African	ProperName	ProperName	ProperName	PUNC
Lo_cal	Foreign	PossConc5_BPre3	Foreign	PUNC_PUNC
Government	Foreign	Foreign	Foreign	Conj
Asso_ciation	Foreign	PossConc7_NStem	Foreign	NStem_NStem
(	Punc	PUNC	Punc	Conj
SA_LGA	Abbr	PossConc7_Abbr	Abbr	NStem_NStem
)	Punc	PUNC	Punc	PUNC
s_i_si_gqeba	CopPre_NPrePre7_BPre7_NStem	CopPre_NPrePre7_BPre7_NStem	CopPre_NPrePre7_BPre7_NStem	NStem_NStem_NStem_NStem
esi_s_e_m_thethw_eni	RelConc7_PreLoc-s_LocPre_NPrePre3_BPre3_NStem_LocSuf	RelConc7_PreLocs_LocPre_BPre3_NStem_LocSuf	RelConc7_PreLoc-s_LocPre_NPrePre3_BPre3_NStem_LocSuf	VRoot_VRoot_VRoot_VRoot_VRoot_VRoot
es_az_iw_a_yo	RelConc7_VRoot_PassExt_VerbTerm_RelSuf	RelConc7_VRoot_PassExt_VerbTerm_RelSuf	RelConc7_VRoot_PassExt_VerbTerm_RelSuf	NStem_NStem_NStem_NStem_NStem
ku_rhulumente	LocPre_NPrePre1a_NStem	LocPre_NStem	LocPre_NPrePre1a_NStem	NStem_NStem
we_n_gingqi	PossConc1a_NPrePre9_BPre9_NStem	PossConc1a_BPre9_NStem	PossConc1a_NPrePre9_BPre9_NStem	NStem_NStem_PUNC
.	Punc	PUNC	Punc	PUNC
I__SA_LGA	NPrePre9_Abbr	NPrePre7_BPre7_NStem	NPrePre9_Abbr	NStem_NStem_NStem
i_mel_e	SC9_VRoot_VerbTerm	SC9_VRoot_VerbTerm	SC9_VRoot_VerbTerm	NStem_NStem_NStem
i_mi_ba	NPrePre4_BPre4_NStem	NPrePre4_BPre4_NStem	NPrePre4_BPre4_NStem	NStem_NStem_NStem
e_xhalab_is_a_yo	RelConc4_VRoot_CausExt_VerbTerm_RelSuf	RelConc9_Intrans_CausExt_VerbTerm_RelSuf	RelConc4_VRoot_CausExt_VerbTerm_RelSuf	NStem_VRoot_NStem_VRoot_NStem
ya_ma_lungu	PossConc4_NPrePre6_BPre6_NStem	PossConc9_BPre6_NStem	PossConc4_NPrePre6_BPre6_NStem	NStem_NStem_NStem
a_yo	PossConc6_PronStem9	PossConc6_PronStem9	PossConc6_PronStem9	PUNC_PUNC
.	Punc	PUNC	Punc	NStem
A_ba_thathi__n_xaxheba	NPrePre2_BPre2_NStem_BPre9_NStem	NPrePre2_BPre2_NStem_BPre9_NStem	NPrePre2_BPre2_NStem_BPre9_NStem	VRoot_VRoot_VRoot_VRoot_VRoot
ba_phendul_a	SC2_VRoot_VerbTerm	SC2_VRoot_VerbTerm	SC2_VRoot_VerbTerm	NStem_NStem_NStem
i_mi_buzo	NPrePre4_BPre4_NStem	NPrePre4_BPre4_NStem	NPrePre4_BPre4_NStem	NStem_NStem_VRoot
e_nge_zantsi	RelConc9_AdvPre_Adv	RelConc9_AdvPre_Adv	RelConc9_AdvPre_Adv	NStem_NStem_NStem
ng_okw_a_ma_qela	AdvPre_AdvPre_NPrePre6_BPre6_NStem	AdvPre_AdvPre_NPrePre6_BPre6_NStem	AdvPre_AdvPre_NPrePre6_BPre6_NStem	NStem_NStem_NStem_NStem_NStem
ezi_thathu	AdjPref8_AdjStem	AdjPref8_AdjStem	AdjPref8_AdjStem	NStem_NStem
kw_i_mi_zuzu	LocPre_NPrePre4_BPre4_NStem	LocPre_NPrePre4_BPre4_NStem	LocPre_NPrePre4_BPre4_NStem	NStem_NStem_NStem_NStem
e_mbalwa	RelConc4_RelStem	RelConc4_RelStem	RelConc4_RelStem	PUNC_PUNC
ba_ze	SC2_AuxVStem	SC2_AuxVStem	SC2_AuxVStem	PUNC_PUNC
ba_b_el_ane	SC2_VRoot_ApplExt_RecipExt_VerbTerm	SC2_VRoot_ApplExt_AdjStem	SC2_VRoot_ApplExt_RecipExt_VerbTerm	NStem_NStem_VRoot_NStem
nge_e_m_pendulo	AdvPre_NPrePre10_BPre10_NStem	AdvPre_NPrePre9_BPre9_NStem	AdvPre_NPrePre10_BPre10_NStem	NStem_NStem_NStem_NStem
kw_i_n_dibano	LocPre_NPrePre9_BPre9_NStem	LocPre_NPrePre9_BPre9_NStem	LocPre_NPrePre9_BPre9_NStem	NStem_NStem_NStem_NStem
ya_bo	PossConc9_PronStem2	PossConc9_PronStem2	PossConc9_PronStem2	PUNC_PUNC
bo_nke	QuantConc2_QuantStem	QuantConc2_QuantStem	QuantConc2_QuantStem	NStem_NStem
.	Punc	PUNC	Punc	PUNC
Zi_n_tlobo	BPre10_NStem	CopPre_BPre9_NStem	BPre10_NStem	NStem_NStem_NStem
zi_ni	SC10_Interrog	SC10_InterrogSuf	SC10_Interrog	PUNC_PUNC
ze_e_n_gxaki	PossConc10_NPrePre10_BPre10_NStem	PossConc10_RelConc9_BPre9_NStem	PossConc10_NPrePre10_BPre10_NStem	VRoot_VRoot_NStem_NStem
ezi_fanel_e	RelConc10_VRoot_VerbTerm	RelConc10_VRoot_VerbTerm	RelConc10_VRoot_VerbTerm	NStem_NStem_NStem
ku_ku_sonjulul_w_a	SC15_NPrePre15_BPre15_VRoot_PassExt_VerbTerm	SC15_BPre15_VRoot_PassExt_VerbTerm	SC15_NPrePre15_BPre15_VRoot_PassExt_VerbTerm	NStem_NStem_NStem_NStem_NStem
lu_hlahlo	CopPre_NPrePre11_NStem	CopPre_NStem	CopPre_NPrePre11_NStem	NStem_NStem
lw_ab_iwo__mali	BPre11_NStem_NStem	BPre11_NStem_NStem_NStem	BPre11_NStem_NStem	VRoot_NStem_NStem_NStem
?	Punc	PUNC	Punc	PUNC
Ku_balulek_ile	SC15_VRoot_Perf_VerbTerm	SC15_VRoot_Perf	SC15_VRoot_Perf_VerbTerm	NStem_NStem_NStem
aba_ntu	NPrePre2_BPre2_NStem	RelConc2_NStem	NPrePre2_BPre2_NStem	NStem_NStem
ba_vakal_is_e	SC2_VRoot_NeutExt_CausExt_PassExt_VerbTerm	SC2_VRoot_CausExt_VerbTerm	SC2_VRoot_NeutExt_CausExt_PassExt_VerbTerm	NStem_NStem_NStem_NStem
i_zim_vo	NPrePre10_BPre10_NStem	NPrePre10_BPre10_NStem	NPrePre10_BPre10_NStem	NStem_NStem_NStem
za_bo	PossConc10_PronStem2	PossConc10_PronStem2	PossConc10_PronStem2	PUNC_PUNC
ba_be	CopPre_Cop	CopPre_Cop	CopPre_Cop	PUNC_PUNC
ne_galelo	CopPre_NPrePre5_BPre5_NStem	AdvPre_BPre5	CopPre_NPrePre5_BPre5_NStem	NStem_NStem
,	Punc	PUNC	Punc	PUNC
no_kuba	AdvPre_Conj	AdvPre_Conj	AdvPre_Conj	PUNC_PUNC
ngathi	Adv	Adv	Adv	PUNC
a_lu_balulek_a_nga	NegPre_SC11_VRoot_VerbTerm_NegPre	NegPre_SC11_VRoot_VerbTerm_NegPre	NegPre_SC11_VRoot_VerbTerm_NegPre	NStem_NStem_NStem_NStem_NStem
ka_ngakanani	AdvPre_Interrog	AdvPre_Interrog	AdvPre_Interrog	NStem_NStem
,	Punc	PUNC	Punc	PUNC
njeng_oko	AdvPre_Dem15_Pos2	AdvPre_Adv	AdvPre_Dem15_Pos2	NStem_NStem
oku	Dem15_Pos1	CDEM15	Dem15_Pos1	PUNC
ku_ya	SC15_Fut	SC15_Fut	SC15_Fut	PUNC_PUNC
ku_phucul_a	SC15_VRoot_VerbTerm	SC15_VRoot_VerbTerm	SC15_VRoot_VerbTerm	NStem_NStem_NStem
i_n_gqiqo	NPrePre9_BPre9_NStem	NPrePre9_BPre9_NStem	NPrePre9_BPre9_NStem	NStem_NStem_NStem
no_bu_nini	AdvPre_BPre14_NStem	AdvPre_BPre14_NStem	AdvPre_BPre14_NStem	PUNC_PUNC_PUNC
.	Punc	PUNC	Punc	PUNC
I__P_MS	NPrePre9_Abbr	NPrePre9_Abbr_Abbr	NPrePre9_Abbr	NStem_NStem_NStem
ka_masipala	PossKA_NStem	PossKA_NStem	PossKA_NStem	NStem_NStem
ku_funek_a	SC15_VRoot_VerbTerm	SC15_VRoot_VerbTerm	SC15_VRoot_VerbTerm	NStem_NStem_NStem
i_quk_e	SC9_VRoot_VerbTerm	SC9_VRoot_VerbTerm	SC9_VRoot_VerbTerm	NStem_NStem_NStem
i_mi_ba	NPrePre4_BPre4_NStem	NPrePre4_BPre4_NStem	NPrePre4_BPre4_NStem	NStem_NStem_NStem
e_phawul_w_e	RelConc4_VRoot_PassExt_VerbTerm	RelConc9_VRoot_PassExt_VerbTerm	RelConc4_VRoot_PassExt_VerbTerm	NStem_NStem_VRoot_NStem
li_bhunga	CopPre_NPrePre5_BPre5_NStem	BPre5_NStem	CopPre_NPrePre5_BPre5_NStem	NStem_NStem
njeng_oko	AdvPre_Dem15_Pos2	Adv_RelConc15	AdvPre_Dem15_Pos2	NStem_NStem
i_nxulumen_e	SC9_VRoot_VerbTerm	SC9_VRoot_VerbTerm	SC9_VRoot_VerbTerm	VRoot_VRoot_VRoot
ngqo	Ideoph	Ideoph	Ideoph	PUNC
kw_i_i__KPA	LocPre_NPrePre10_BPre10_Abbr	LocPre_NPrePre10_BPre10_Abbr	LocPre_NPrePre10_BPre10_Abbr	NStem_NStem_NStem_NStem
z_oo_masipala	PossConc10_NPrePre2a_NStem	PossConc10_NPrePre2a_NStem	PossConc10_NPrePre2a_NStem	NStem_NStem_NStem
ba_lo	PossConc2_PronStem5	PossConc14_PronStem5	PossConc2_PronStem5	PUNC_PUNC
.	Punc	PUNC	Punc	PUNC
Ezi	Dem10_Pos1	CDEM10	Dem10_Pos1	PUNC
KPI	Abbr	Abbr	Abbr	PUNC
zi_landel_a_yo	BPre8_VRoot_VerbTerm_RelSuf	RelConc10_VRoot_VerbTerm_RelSuf	BPre8_VRoot_VerbTerm_RelSuf	NStem_NStem_NStem_NStem
ku_funek_a	SC15_VRoot_VerbTerm	SC15_VRoot_VerbTerm	SC15_VRoot_VerbTerm	NStem_NStem_NStem
zi_be	CopPre_Cop	CopPre_Cop	CopPre_Cop	PUNC_PUNC
y_i_n_xenye	CopPre_NPrePre9_BPre9_NStem	CopPre_NPrePre9_BPre9_NStem	CopPre_NPrePre9_BPre9_NStem	NStem_NStem_NStem_NStem
ye__P_MS	PossConc9_NPrePre9_Abbr	PossConc9_Abbr_Abbr	PossConc9_NPrePre9_Abbr	NStem_NStem_NStem
ka_masipala	PossKA_NStem	PossKA_NStem	PossKA_NStem	NStem_NStem
nga_m_nye	AdvPre_EnumConc1a_EnumStem	AdvPre_EnumConc3_EnumStem	AdvPre_EnumConc1a_EnumStem	NStem_NStem_NStem
de	AuxVStem	AuxVStem	AuxVStem	PUNC
zi_be	CopPre_Cop	SC10_Cop	CopPre_Cop	PUNC_PUNC
zi_ya	SC10_Fut	SC10_Fut	SC10_Fut	PUNC_PUNC
setyenz_is_w_a	VRoot_CausExt_PassExt_VerbTerm	VRoot_CausExt_PassExt_VerbTerm	VRoot_CausExt_PassExt_VerbTerm	NStem_NStem_NStem_NStem
ngu_lo	CopPre_Dem3_Pos1	CopPre_PronStem11	CopPre_Dem3_Pos1	PUNC_PUNC
masipala	NStem	NStem	NStem	NStem
.	Punc	PUNC	Punc	NStem
Ezi	Dem8_Pos1	CDEM10	Dem8_Pos1	PUNC
zi_z_alathisi	CopPre_NPrePre8_BPre8_NStem	CopPre_BPre8_NStem	CopPre_NPrePre8_BPre8_NStem	NStem_NStem_NStem
zi_ka_zwelonke	PossConc8_PossKA_NStem	PossConc10_PossKA_NStem	PossConc8_PossKA_NStem	NStem_VRoot_NStem
ezi_nikez_el_w_e	RelConc8_VRoot_ApplExt_PassExt_VerbTerm	RelConc10_VRoot_ApplExt_PassExt_VerbTerm	RelConc8_VRoot_ApplExt_PassExt_VerbTerm	NStem_NStem_NStem_NStem_NStem
ng_u_M_phathiswa	CopPre_NPrePre1a_BPre1_NStem	CopPre_NPrePre1_BPre1_NStem	CopPre_NPrePre1a_BPre1_NStem	NStem_NStem_NStem_NStem
e_m_va	LocPre_NPrePre3_BPre3_NStem	LocPre_BPre3_NStem	LocPre_NPrePre3_BPre3_NStem	NStem_NStem_NStem
ko_thethwano	PossConc15_NPrePre11_BPre11_NStem	PossConc15_BPre11	PossConc15_NPrePre11_BPre11_NStem	VRoot_VRoot
ne_e__MEC	AdvPre_NPrePre10_BPre10_Abbr	AdvPre_NPrePre9_Abbr	AdvPre_NPrePre10_BPre10_Abbr	NStem_NStem_NStem
ze_phondo	PossConc10_NPrePre5_BPre5_NStem	PossConc10_BPre5	PossConc10_NPrePre5_BPre5_NStem	NStem_NStem
ku_rhulumente	LocPre_NPrePre1a_NStem	LocPre_NStem	LocPre_NPrePre1a_NStem	NStem_NStem
we_n_gingqi	PossConc1_NPrePre9_BPre9_NStem	PossConc1a_BPre9_NStem	PossConc1_NPrePre9_BPre9_NStem	NStem_NStem_NStem
ne__SA_LGA	AdvPre_NPrePre9_Abbr	AdvPre_BPre7_Abbr	AdvPre_NPrePre9_Abbr	NStem_NStem_NStem
.	Punc	PUNC	Punc	PUNC
Kodwa	Conj	Conj	Conj	Conj
ke	Conj	Conj	Conj	PUNC
,	Punc	PUNC	Punc	Conj
ku_balulek_ile	SC15_VRoot_Perf_VerbTerm	SC15_VRoot_Perf	SC15_VRoot_Perf_VerbTerm	NStem_NStem_NStem
u_ku_nakan_a	NPrePre15_BPre15_NStem	NPrePre15_BPre15_VRoot_VerbTerm	NPrePre15_BPre15_NStem	NStem_NStem_NStem_NStem
u_kuba	Conj	SC1_Conj	Conj	PUNC_PUNC
u_ku_nga_fan_i	NPrePre15_BPre15_NegPre_VRoot_VerbTerm	NPrePre15_BPre15_NegPre_VRoot_VerbTerm	NPrePre15_BPre15_NegPre_VRoot_VerbTerm	NStem_NStem_NStem_NStem_NStem
ku_kwa_fun_a	SC15_AdvPre_VRoot_VerbTerm	SC15_AdvPre_VRoot_VerbTerm	SC15_AdvPre_VRoot_VerbTerm	NStem_NStem_NStem_NStem
u_ku_bon_w_a	NPrePre15_BPre15_VRoot_PassExt_VerbTerm	NPrePre15_BPre15_VRoot_PassExt_VerbTerm	NPrePre15_BPre15_VRoot_PassExt_VerbTerm	NStem_NStem_NStem_NStem_NStem
kw_i_mi_ba	LocPre_NPrePre4_BPre4_NStem	LocPre_NPrePre4_BPre4_NStem	LocPre_NPrePre4_BPre4_NStem	NStem_NStem_NStem_NStem
e_nxulumen_e	RelConc4_VRoot_VerbTerm	RelConc4_VRoot_VerbTerm	RelConc4_VRoot_VerbTerm	NStem_VRoot_NStem
ne_gunya	AdvPre_NPrePre5_BPre5_NStem	AdvPre_BPre5	AdvPre_NPrePre5_BPre5_NStem	NStem_NStem
ne_zi_bonelelo	AdvPre_NPrePre8_BPre8_NStem	AdvPre_BPre8_NStem	AdvPre_NPrePre8_BPre8_NStem	NStem_NStem_NStem
.	Punc	PUNC	Punc	PUNC
Oku_ninzi	AdjPref15_AdjStem	AdjPref15_AdjStem	AdjPref15_AdjStem	NStem_PUNC
k_oko	LocPre_Dem15_Pos2	LocPre_CDEM15	LocPre_Dem15_Pos2	PUNC_PUNC
ku_nakan_w_a	SC15_VRoot_PassExt_VerbTerm	SC15_VRoot_PassExt_VerbTerm	SC15_VRoot_PassExt_VerbTerm	NStem_NStem_NStem_NStem
'	Punc	PUNC	Punc	PUNC
njengo_ku_nga_fan_i	AdvPre_NPrePre15_BPre15_NegPre_VRoot_VerbTerm	AdvPre_BPre15_NegPre_VRoot_VerbTerm	AdvPre_NPrePre15_BPre15_NegPre_VRoot_VerbTerm	VRoot_VRoot_NStem_NStem_VRoot
'	Punc	PUNC	Punc	PUNC
ku_vel_e	SC15_VRoot_VerbTerm	SC15_VRoot_VerbTerm	SC15_VRoot_VerbTerm	PUNC_PUNC_NStem
ngenxa	Conj	Conj	Conj	PUNC
yo_nxulumano	PossConc9_NPrePre11_BPre11_NStem	PossConc9_BPre11	PossConc9_NPrePre11_BPre11_NStem	NStem_NStem
lwe_gunya	PossConc11_NPrePre5_BPre5_NStem	PossConc11_BPre5	PossConc11_NPrePre5_BPre5_NStem	NStem_NStem
ne_mi_cimbi	AdvPre_NPrePre4_BPre4_NStem	AdvPre_BPre4_NStem	AdvPre_NPrePre4_BPre4_NStem	NStem_NStem_NStem
yo_kw_ab_iwa	PossConc4_NPrePre15_BPre15_VRoot_PassExt_VerbTerm	PossConc9_BPre15_VRoot_PassExt	PossConc4_NPrePre15_BPre15_VRoot_PassExt_VerbTerm	NStem_NStem_NStem_NStem
kwe_zi_bonelelo	PossConc15_NPrePre8_BPre8_NStem	PossConc15_BPre8_NStem	PossConc15_NPrePre8_BPre8_NStem	VRoot_NStem_NStem
.	Punc	PUNC	Punc	PUNC
I_i_yantlukwano	NPrePre10_BPre10_NStem	NPrePre10_BPre10_NStem	NPrePre10_BPre10_NStem	NStem_NStem_NStem
a_zi_m_is_w_a	NegPre_OC10_VRoot_CausExt_PassExt_VerbTerm	NegPre_SC8_VRoot_CausExt_PassExt_VerbTerm	NegPre_OC10_VRoot_CausExt_PassExt_VerbTerm	NStem_NStem_VRoot_NStem_NStem_NStem
nge_n_x'e_nga_phambili	AdvPre_RelConc9_AdvPre_Adv	AdvPre_BPre9_NStem_AdvPre_Adv	AdvPre_RelConc9_AdvPre_Adv	VRoot_VRoot_VRoot_VRoot_VRoot
zo_nke	QuantConc10_QuantStem	QuantConc10_QuantStem	QuantConc10_QuantStem	NStem_NStem
,	Punc	PUNC	Punc	PUNC
kwaye	Conj	Conj	Conj	PUNC
na_l_apho	AdvPre_CopPre_Dem16_Pos2	AdvPre_BPre5_NStem	AdvPre_CopPre_Dem16_Pos2	PUNC_NStem_NStem
kw_enz_ek_a_yo	SC15_VRoot_NeutExt_VerbTerm_RelSuf	RelConc15_VRoot_NeutExt_VerbTerm_RelSuf	SC15_VRoot_NeutExt_VerbTerm_RelSuf	NStem_NStem_NStem_NStem_VRoot
,	Punc	PUNC	Punc	NStem
z_enz_iw_a	SC10_VRoot_PassExt_VerbTerm	SC10_VRoot_PassExt_VerbTerm	SC10_VRoot_PassExt_VerbTerm	VRoot_VRoot_VRoot_VRoot
n_kulu	AdjPref9_AdjStem	AdjPref9_AdjStem	AdjPref9_AdjStem	PUNC_PUNC
nge_zi_nye	AdvPre_RelConc8_EnumConc8_EnumStem	AdvPre_BPre8_AdjStem	AdvPre_RelConc8_EnumConc8_EnumStem	NStem_NStem_NStem
i_zi_nyanzelo	NPrePre8_BPre8_NStem	NPrePre8_BPre8_NStem	NPrePre8_BPre8_NStem	NStem_NStem_NStem
z_e_ze_n_tlalo	PossConc8_RelConc8_PossConc8_NPrePre9_BPre9_NStem	PossConc10_RelConc8_PossConc8_BPre9_NStem	PossConc8_RelConc8_PossConc8_NPrePre9_BPre9_NStem	VRoot_VRoot_VRoot_NStem_VRoot
n_e_zo_qoqosho	AdvPre_RelConc8_PossConc8_NPrePre11_BPre11_NStem	AdvPre_RelConc8_PossConc8_BPre11	AdvPre_RelConc8_PossConc8_NPrePre11_BPre11_NStem	NStem_NStem_NStem_NStem
.	Punc	PUNC	Punc	PUNC
Kw_i_i_meko	LocPre_NPrePre10_BPre10_NStem	LocPre_NPrePre10_BPre10_NStem	LocPre_NPrePre10_BPre10_NStem	NStem_NStem_NStem_NStem
ezi_ninzi	AdjPref8_AdjStem	AdjPref8_AdjStem	AdjPref8_AdjStem	NStem_NStem
i_i_yantlukwano	NPrePre10_BPre10_NStem	NPrePre10_BPre10_NStem	NPrePre10_BPre10_NStem	NStem_NStem_VRoot
phakathi	Adv	Adv	Adv	PUNC
kwe_si_tyebi	PossConc15_NPrePre7_BPre7_NStem	PossConc15_BPre7_NStem	PossConc15_NPrePre7_BPre7_NStem	NStem_NStem_NStem
ne_hlwempu	AdvPre_NPrePre5_BPre5_NStem	AdvPre_BPre5	AdvPre_NPrePre5_BPre5_NStem	NStem_NStem
;	Punc	PUNC	Punc	Conj
u_ku_qesh_w_a	NPrePre15_BPre15_VRoot_PassExt_VerbTerm	NPrePre15_BPre15_VRoot_PassExt_VerbTerm	NPrePre15_BPre15_VRoot_PassExt_VerbTerm	VRoot_VRoot_VRoot_VRoot_NStem
no_ku_nga_qesh_w_a	AdvPre_NPrePre15_BPre15_NegPre_VRoot_PassExt_VerbTerm	AdvPre_BPre15_NegPre_VRoot_PassExt_VerbTerm	AdvPre_NPrePre15_BPre15_NegPre_VRoot_PassExt_VerbTerm	VRoot_NStem_NStem_NStem_VRoot_VRoot
;	Punc	PUNC	Punc	PUNC
i_in_dawo	NPrePre10_BPre10_NStem	NPrePre10_BPre10_NStem	NPrePre10_BPre10_NStem	NStem_NStem_NStem
ezi_se_doloph_ini	RelConc10_PreLoc-s_LocPre_NStem_LocSuf	RelConc10_Pro_NStem_LocSuf	RelConc10_PreLoc-s_LocPre_NStem_LocSuf	VRoot_VRoot_VRoot_VRoot
na_ma_phandle	AdvPre_NPrePre6_BPre6_Adv	AdvPre_BPre6_Adv	AdvPre_NPrePre6_BPre6_Adv	NStem_NStem_NStem
;	Punc	PUNC	Punc	PUNC
o_fund_il_e_yo	RelConc1_VRoot_Perf_VerbTerm_RelSuf	RelConc3_VRoot_Perf_VerbTerm_RelSuf	RelConc1_VRoot_Perf_VerbTerm_RelSuf	NStem_NStem_NStem_NStem_NStem
no_nga_fund_a_nga	AdvPre_RelConc1_NegPre_VRoot_NegPre_VerbTerm	AdvPre_NegPre_VRoot_VerbTerm_NegPre	AdvPre_RelConc1_NegPre_VRoot_NegPre_VerbTerm	NStem_NStem_NStem_NStem_NStem
z_akh_iw_e	OC10_VRoot_PassExt_VerbTerm	SC10_VRoot_PassExt_VerbTerm	OC10_VRoot_PassExt_VerbTerm	NStem_NStem_NStem_NStem
ng_okwa_s_e_n_tlalw_eni	AdvPre_AdvPre_PreLoc-s_LocPre_BPre9_NStem_LocSuf	AdvPre_AdvPre_PreLocs_LocPre_BPre9_NStem_LocSuf	AdvPre_AdvPre_PreLoc-s_LocPre_BPre9_NStem_LocSuf	VRoot_VRoot_VRoot_VRoot_VRoot_VRoot_VRoot
kwaye	Conj	Conj	Conj	PUNC
zi_no_politiko	CopPre_CopPre_NPrePre11_BPre11_NStem	CopPre_CopPre_BPre11	CopPre_CopPre_NPrePre11_BPre11_NStem	NStem_NStem_NStem
ng_oku_nzulu	AdvPre_RelConc15_RelStem	AdvPre_RelConc15_NStem	AdvPre_RelConc15_RelStem	NStem_NStem_NStem
.	Punc	PUNC	Punc	PUNC
Ezi	Dem10_Pos1	CDEM10	Dem10_Pos1	PUNC
yantlukwano	NStem	NStem	NStem	NStem
zi_no_ku_ncinci	RelConc10_CopPre_RelConc15_AdjStem	CopPre_CopPre_BPre15_AdjStem	RelConc10_CopPre_RelConc15_AdjStem	NStem_NStem_NStem_NStem
oku_no_kw_enz_a	RelConc15_CopPre_NPrePre15_BPre15_VRoot_VerbTerm	RelConc15_AdvPre_BPre15_VRoot_VerbTerm	RelConc15_CopPre_NPrePre15_BPre15_VRoot_VerbTerm	VRoot_VRoot_VRoot_VRoot_NStem
ne_zi_mo	AdvPre_NPrePre10_BPre10_NStem	AdvPre_BPre8_NStem	AdvPre_NPrePre10_BPre10_NStem	PUNC_PUNC_Conj
zo_m_zimba	PossConc8_NPrePre3_BPre3_NStem	PossConc10_BPre3_NStem	PossConc8_NPrePre3_BPre3_NStem	NStem_NStem_NStem
a_zal_w_e	SC1_VRoot_PassExt_VerbTerm	SC6_VRoot_PassExt_VerbTerm	SC1_VRoot_PassExt_VerbTerm	NStem_NStem_NStem_NStem
na_zo	AdvPre_PronStem10	AdvPre_PronStem10	AdvPre_PronStem10	PUNC_PUNC
u_m_ntu	NPrePre1_BPre1_NStem	NPrePre1_BPre1_NStem	NPrePre1_BPre1_NStem	NStem_NStem_NStem
kwaye	Conj	Conj	Conj	PUNC
u_lawulo	NPrePre11_NStem	NPrePre11_NStem	NPrePre11_NStem	NStem_NStem
lo_ku_nga_fan_i	PossConc11_NPrePre15_BPre15_NegPre_VRoot_VerbTerm	PossConc5_BPre15_NegPre_VRoot_VerbTerm	PossConc11_NPrePre15_BPre15_NegPre_VRoot_VerbTerm	VRoot_VRoot_VRoot_VRoot_VRoot
olu_y_i_m_pumelelo	RelConc11_CopPre_NPrePre9_BPre9_NStem	RelConc11_CopPre_NPrePre9_BPre9_NStem	RelConc11_CopPre_NPrePre9_BPre9_NStem	NStem_NStem_NStem_NStem_NStem
lu_y_a	SC11_Fut	SC11_VRoot_VerbTerm	SC11_Fut	NStem_NStem_NStem
ku_fun_a	SC15_VRoot_VerbTerm	SC15_VRoot_VerbTerm	SC15_VRoot_VerbTerm	NStem_NStem_NStem
i_n_gqwalasel_a	NPrePre9_BPre9_NStem	NPrePre9_BPre9_VRoot_VerbTerm	NPrePre9_BPre9_NStem	NStem_NStem_NStem_NStem
ngo_ku_sekek_e	AdvPre_RelConc15_VRoot_NeutExt_VerbTerm	AdvPre_BPre15_VRoot_VerbTerm	AdvPre_RelConc15_VRoot_NeutExt_VerbTerm	VRoot_NStem_NStem_NStem
kw_i_n_kcubeko	LocPre_NPrePre9_BPre9_NStem	LocPre_NPrePre9_BPre9_NStem	LocPre_NPrePre9_BPre9_NStem	NStem_NStem_NStem_NStem
ya_ma_lungelo	PossConc9_NPrePre6_BPre6_NStem	PossConc9_BPre6_NStem	PossConc9_NPrePre6_BPre6_NStem	NStem_NStem_NStem
olu_ntu	PossConc6_NPrePre11_BPre11_NStem	RelConc11_NStem	PossConc6_NPrePre11_BPre11_NStem	PUNC_PUNC
.	Punc	PUNC	Punc	NStem
U_MASIPALA	NPrePre1a_NStem	NPrePre1a_NStem	NPrePre1a_NStem	NStem_NStem
NG_OKO_MT_H_ETHO	AdvPre_AdvPre_BPre3_NStem	AdvPre_RelConc15_NPrePre3_NStem_BPre6	AdvPre_AdvPre_BPre3_NStem	NStem_VRoot_NStem_VRoot_NStem
KU_FUNEK_A	SC15_VRoot_VerbTerm	SC15_VRoot_VerbTerm	SC15_VRoot_VerbTerm	NStem_NStem_NStem
E_NZ_E	VRoot_VerbTerm	RelConc9_VRoot_VerbTerm	VRoot_VerbTerm	NStem_NStem_NStem
I_SI_XOKELE_LWANO	NPrePre7_BPre7_NStem	NPrePre7_BPre7_NStem_NStem	NPrePre7_BPre7_NStem	VRoot_NStem_NStem_VRoot
SO_KU_LAWUL_A	PossConc7_NPrePre15_BPre15_VRoot_VerbTerm	PossConc7_BPre15_VRoot_VerbTerm	PossConc7_NPrePre15_BPre15_VRoot_VerbTerm	NStem_NStem_NStem_VRoot
U_KU_SEBENZ_A	NPrePre15_BPre15_VRoot_VerbTerm	NPrePre15_BPre15_VRoot_VerbTerm	NPrePre15_BPre15_VRoot_VerbTerm	NStem_NStem_NStem_NStem
I__P_MS	NPrePre9_Abbr	NPrePre9_Abbr_Abbr	NPrePre9_Abbr	NStem_NStem_NStem
E_ZA	RelConc9_AuxVStem	RelConc9_AuxVStem	RelConc9_AuxVStem	PUNC_PUNC
KUNYU_S_A	SC15_VRoot_VerbTerm	SC15_VRoot_VerbTerm	SC15_VRoot_VerbTerm	NStem_NStem_NStem
U_M_GANGATHO	NPrePre3_BPre3_NStem	NPrePre3_BPre3_NStem	NPrePre3_BPre3_NStem	NStem_NStem_NStem
WO_KU_SEBENZ_A	PossConc3_NPrePre15_BPre15_VRoot_VerbTerm	PossConc3_BPre15_VRoot_VerbTerm	PossConc3_NPrePre15_BPre15_VRoot_VerbTerm	NStem_NStem_NStem_NStem
NG_OKU_KHUTHALA	AdvPre_NPrePre15_BPre15_VRoot_VerbTerm	AdvPre_RelConc15_BPre15	AdvPre_NPrePre15_BPre15_VRoot_VerbTerm	NStem_NStem_VRoot
NA_NG_OKU_SEBENZ_A_YO	AdvPre_AdvPre_RelConc15_VRoot_VerbTerm_RelSuf	AdvPre_AdvPre_RelConc15_VRoot_VerbTerm_RelSuf	AdvPre_AdvPre_RelConc15_VRoot_VerbTerm_RelSuf	NStem_NStem_NStem_VRoot_NStem_NStem
,	Punc	PUNC	Punc	PUNC
ANIKE	SC1a_VRoot_VerbTerm	Abbr	SC1a_VRoot_VerbTerm	NStem
I_N_KCA_ZO	NPrePre9_BPre9_NStem	NPrePre9_BPre9_NStem_NStem	NPrePre9_BPre9_NStem	VRoot_VRoot_VRoot_NStem
NG_OKU_SEBENZ_IS_A	AdvPre_NPrePre15_BPre15_VRoot_CausExt_VerbTerm	AdvPre_RelConc15_VRoot_CausExt_VerbTerm	AdvPre_NPrePre15_BPre15_VRoot_CausExt_VerbTerm	NStem_NStem_NStem_NStem_NStem
I_ZI_XHOBO	NPrePre8_BPre8_NStem	NPrePre8_BPre8_NStem	NPrePre8_BPre8_NStem	NStem_NStem_NStem
ZI_KA_MASIPALA	PossConc10_PossKA_NStem	PossConc10_PossKA_NStem	PossConc10_PossKA_NStem	VRoot_VRoot_VRoot
NO_KUBA	AdvPre_Conj	AdvPre_Conj	AdvPre_Conj	NStem_NStem
ABON_IS_E	SC1a_VRoot_CausExt_VerbTerm	RelConc2_CausExt_VerbTerm	SC1a_VRoot_CausExt_VerbTerm	NStem_NStem_NStem
NO_KU_FEZEK_IS_W_A	AdvPre_NPrePre15_BPre15_VRoot_CausExt_PassExt_VerbTerm	AdvPre_BPre15_VRoot_CausExt_PassExt_VerbTerm	AdvPre_NPrePre15_BPre15_VRoot_CausExt_PassExt_VerbTerm	NStem_VRoot_VRoot_VRoot_VRoot_NStem
KWE_ZI_PHUMO	PossConc15_NPrePre8_BPre8_NStem	PossConc15_BPre8_NStem	PossConc15_NPrePre8_BPre8_NStem	VRoot_VRoot_VRoot
.	Punc	PUNC	Punc	PUNC
I__P_MS	NPrePre9_Abbr	NPrePre9_Abbr_Abbr	NPrePre9_Abbr	NStem_NStem_NStem
I_NA_KO	CopPre_CopPre_PronStem15	CopPre_CopPre_PronStem15	CopPre_CopPre_PronStem15	NStem_NStem_NStem
U_KU_SEBENZ_A	NPrePre15_BPre15_VRoot_VerbTerm	NPrePre15_BPre15_VRoot_VerbTerm	NPrePre15_BPre15_VRoot_VerbTerm	NStem_NStem_NStem_NStem
NJENGESI_XHOBO	AdvPre_NPrePre7_BPre7_NStem	AdvPre_NPrePre5	AdvPre_NPrePre7_BPre7_NStem	VRoot_VRoot
ESI_LUMKIS_A	RelConc7_VRoot_CausExt_VerbTerm	RelConc7_VRoot_VerbTerm	RelConc7_VRoot_CausExt_VerbTerm	VRoot_VRoot_VRoot
KU_SELITHUBA	CopPre_Pro_NPrePre5_BPre5_NStem	LocPre_COP	CopPre_Pro_NPrePre5_BPre5_NStem	NStem_NStem
NA_NJENG_OKO	AdvPre_AdvPre_Dem15_Pos2	AdvPre_AdvPre_RelConc15	AdvPre_AdvPre_Dem15_Pos2	VRoot_NStem_VRoot
I_BON_IS_A	SC9_VRoot_CausExt_VerbTerm	SC9_VRoot_CausExt_VerbTerm	SC9_VRoot_CausExt_VerbTerm	NStem_NStem_NStem_NStem
U_KU_NGA_SEBENZI	NPrePre15_BPre15_NegPre_VRoot_VerbTerm	NPrePre15_BPre15_NegPre_NPrePre3	NPrePre15_BPre15_NegPre_VRoot_VerbTerm	VRoot_NStem_VRoot_VRoot
OKANYE	Conj	Adv	Conj	NStem
U_KU_SEBENZ_A	NPrePre15_BPre15_VRoot_VerbTerm	NPrePre15_BPre15_VRoot_VerbTerm	NPrePre15_BPre15_VRoot_VerbTerm	NStem_VRoot_VRoot_VRoot
NG_OKU_NGE_KHO	AdvPre_RelConc15_NegPre_Adv	AdvPre_RelConc15_AdvPre_BPre7	AdvPre_RelConc15_NegPre_Adv	VRoot_VRoot_VRoot_VRoot
M_GANGATHW_ENI	BPre3_NStem_LocSuf	BPre3_NStem_LocSuf	BPre3_NStem_LocSuf	NStem_VRoot_VRoot
,	Punc	PUNC	Punc	PUNC
NGAKO	AdvPre_PronStem15	ADV	AdvPre_PronStem15	PUNC
OKO	Dem15_Pos2	CDEM15	Dem15_Pos2	PUNC
I_VUM_EL_A	SC9_VRoot_ApplExt_VerbTerm	SC9_VRoot_ApplExt_VerbTerm	SC9_VRoot_ApplExt_VerbTerm	NStem_NStem_NStem_NStem
U_NGE_NELELO	NPrePre11_NStem	CopPre_AdvPre_NPrePre9	NPrePre11_NStem	VRoot_VRoot_VRoot
U_KU_ZE	Conj	NPrePre15_BPre15_AuxVStem	Conj	NStem_NStem_NStem
KU_BE	CopPre_Cop	CopPre_Cop	CopPre_Cop	PUNC_PUNC
KHO	Adv	ADVLOC	Adv	PUNC
U_KU_PHUCUK_A	NPrePre15_BPre15_VRoot_VerbTerm	NPrePre15_BPre15_VRoot_VerbTerm	NPrePre15_BPre15_VRoot_VerbTerm	VRoot_VRoot_NStem_NStem
.	Punc	PUNC	Punc	PUNC
E_nye	AdjPref9_AdjStem	AdjPref9_AdjStem	AdjPref9_AdjStem	PUNC_PUNC
ye_e_n_jongo	PossConc9_NPrePre10_BPre10_NStem	PossConc9_NPrePre10_BPre9_NStem	PossConc9_NPrePre10_BPre10_NStem	NStem_NStem_NStem_NStem
ezi_phambili	RelConc10_Adv	RelConc10_Adv	RelConc10_Adv	NStem_NStem
zi_ka_rhulumente	PossConc10_PossKA_NStem	PossConc10_PossKA_NStem	PossConc10_PossKA_NStem	NStem_NStem_NStem
ku_ku_dlul_is_el_a	SC15_NPrePre15_BPre15_VRoot_ApplExt_VerbTerm	SC15_BPre15_VRoot_CausExt_ApplExt_VerbTerm	SC15_NPrePre15_BPre15_VRoot_ApplExt_VerbTerm	NStem_NStem_NStem_NStem_NStem_NStem
u_xanduva	NPrePre11_NStem	NPrePre11_NStem	NPrePre11_NStem	NStem_NStem
lo_ku_nikezel_a	PossConc11_NPrePre15_BPre15_VRoot_VerbTerm	PossConc11_BPre15_VRoot_VerbTerm	PossConc11_NPrePre15_BPre15_VRoot_VerbTerm	NStem_VRoot_VRoot_VRoot
i_in_konzo	NPrePre10_BPre10_NStem	NPrePre10_BPre10_NStem	NPrePre10_BPre10_NStem	NStem_NStem_NStem
e_vel_a	RelConc9_VRoot_VerbTerm	RelConc9_VRoot_VerbTerm	RelConc9_VRoot_VerbTerm	PUNC_PUNC_PUNC
ku_rhulumente	LocPre_NPrePre1a_NStem	LocPre_NStem	LocPre_NPrePre1a_NStem	NStem_NStem
ka_zwelonke	PossKA_NPrePre1a_NStem	PossKA_NStem	PossKA_NPrePre1a_NStem	NStem_VRoot
u_ku_ya	NPrePre15_BPre15_VRoot_VerbTerm	NPrePre15_BPre15_Fut	NPrePre15_BPre15_VRoot_VerbTerm	NStem_NStem_NStem
k_o_wa_ma_phondo	LocPre_RelConc1a_OC1a_BPre6_NStem	LocPre_RelConc3_PossConc6_BPre6_NStem	LocPre_RelConc1a_OC1a_BPre6_NStem	NStem_NStem_NStem_NStem_NStem
na_ko_oso_ma_gunya	AdvPre_LocPre_NPrePre2a_NStem	AdvPre_PossConc15_NStem_BPre6_NStem	AdvPre_LocPre_NPrePre2a_NStem	NStem_NStem_NStem_NStem_NStem
be_n_gingqi	PossConc2_NPrePre9_BPre9_NStem	PossConc2_BPre9_NStem	PossConc2_NPrePre9_BPre9_NStem	NStem_NStem_NStem
.	Punc	PUNC	Punc	Conj
U_ku_nikezel_w_a	NPrePre15_BPre15_VRoot_PassExt_VerbTerm	NPrePre15_BPre15_VRoot_PassExt_VerbTerm	NPrePre15_BPre15_VRoot_PassExt_VerbTerm	NStem_NStem_NStem_NStem_NStem
kwe_e_n_konzo	PossConc15_NPrePre10_BPre10_NStem	PossConc15_NPrePre9_BPre9_NStem	PossConc15_NPrePre10_BPre10_NStem	NStem_NStem_NStem_NStem
ku_funek_a	SC15_VRoot_VerbTerm	SC15_VRoot_VerbTerm	SC15_VRoot_VerbTerm	NStem_NStem_NStem
ku_be	CopPre_Cop	CopPre_Cop	CopPre_Cop	PUNC_PUNC
se_za_ndle_ni	PreLoc-s_LocPre_NPrePre8_BPre8_NStem_LocSuf	PossConc7_BPre8_NStem_LocSuf	PreLoc-s_LocPre_NPrePre8_BPre8_NStem_LocSuf	NStem_NStem_NStem_NStem
za_bo	PossConc10_PronStem2	PossConc10_PronStem2	PossConc10_PronStem2	PUNC_PUNC
ba_ku_futshane	RelConc2_LocPre_AdjStem	PossConc2_LocPre_AdjStem	RelConc2_LocPre_AdjStem	NStem_NStem_NStem
na_ba_sebenzisi	AdvPre_NPrePre2_BPre2_NStem	AdvPre_BPre2_NStem	AdvPre_NPrePre2_BPre2_NStem	NStem_VRoot_VRoot
ku_na_ku_rhulumente	AdvPre_LocPre_NStem	CopPre_CopPre_BPre15_NStem	AdvPre_LocPre_NStem	NStem_NStem_NStem_NStem
om_khulu	AdjPref1a_AdjStem	AdjPref3_AdjStem	AdjPref1a_AdjStem	PUNC_PUNC
,	Punc	PUNC	Punc	PUNC
ye_na	PronStem1_PronSuf	PronStem1_PronSuf	PronStem1_PronSuf	PUNC_PUNC
ye_na	PronStem1_PronSuf	PronStem1_PronSuf	PronStem1_PronSuf	PUNC_PUNC
'	Punc	PUNC	Punc	PUNC
e_m_gce_ni	LocPre_NPrePre3_BPre3_NStem_LocSuf	LocPre_BPre3_NStem_LocSuf	LocPre_NPrePre3_BPre3_NStem_LocSuf	NStem_NStem_VRoot_NStem
o_nga_phambili	RelConc3_AdvPre_Adv	RelConc3_AdvPre_Adv	RelConc3_AdvPre_Adv	NStem_NStem_NStem
'	Punc	PUNC	Punc	PUNC
.	Punc	PUNC	Punc	NStem
Ku_funek_a	SC15_VRoot_VerbTerm	SC15_VRoot_VerbTerm	SC15_VRoot_VerbTerm	NStem_NStem_NStem
i_be	CopPre_Cop	SC9_Cop	CopPre_Cop	PUNC_PUNC
i_be	SC9_Cop	CopPre_Cop	SC9_Cop	PUNC_PUNC
ne_s_akhelo	AdvPre_NPrePre7_BPre7_NStem	AdvPre_BPre7_NStem	AdvPre_NPrePre7_BPre7_NStem	NStem_NStem_NStem
so_m_gaqo__nkqubo	PossConc7_NPrePre3_BPre3_NStem_BPre9_NStem	PossConc7_BPre3_NStem_NStem	PossConc7_NPrePre3_BPre3_NStem_BPre9_NStem	NStem_NStem_VRoot_NStem
ka_zwelonke	PossKA_NPrePre1a_NStem	PossKA_NStem	PossKA_NPrePre1a_NStem	NStem_NStem
o_phuhl_is_w_e	RelConc3_VRoot_CausExt_PassExt_VerbTerm	RelConc3_VRoot_CausExt_PassExt_VerbTerm	RelConc3_VRoot_CausExt_PassExt_VerbTerm	NStem_NStem_VRoot_VRoot_VRoot
nga_ma_sebe	AdvPre_NPrePre6_BPre6_NStem	AdvPre_BPre6_NStem	AdvPre_NPrePre6_BPre6_NStem	NStem_NStem_NStem
abandakany_ek_a_yo	RelConc6_VRoot_NeutExt_VerbTerm_RelSuf	VRoot_NeutExt_VerbTerm_RelSuf	RelConc6_VRoot_NeutExt_VerbTerm_RelSuf	NStem_NStem_NStem_NStem
ka_rhulumente	PossKA_NPrePre1a_NStem	PossKA_NStem	PossKA_NPrePre1a_NStem	NStem_NStem
ka_zwelonke	PossKA_NPrePre1a_NStem	PossKA_NStem	PossKA_NPrePre1a_NStem	NStem_NStem
.	Punc	PUNC	Punc	PUNC
U_rhulumente	NPrePre1a_NStem	NPrePre1a_NStem	NPrePre1a_NStem	NStem_NStem
ku_funek_a	SC15_VRoot_VerbTerm	SC15_VRoot_VerbTerm	SC15_VRoot_VerbTerm	NStem_NStem_NStem
a_phucul_e	SC1a_VRoot_VerbTerm	SC6_VRoot_VerbTerm	SC1a_VRoot_VerbTerm	NStem_NStem_NStem
u_lawulo	NPrePre11_NStem	NPrePre11_NStem	NPrePre11_NStem	PUNC_PUNC
lwa_khe	PossConc11_PossPron	PossConc11_PossPron	PossConc11_PossPron	NStem_NStem
lwe_si_xokelelwano	PossConc11_NPrePre7_BPre7_NStem	PossConc11_BPre7_NStem	PossConc11_NPrePre7_BPre7_NStem	NStem_NStem_NStem
,	Punc	PUNC	Punc	PUNC
ku_quk_a	SC15_VRoot_VerbTerm	SC15_VRoot_VerbTerm	SC15_VRoot_VerbTerm	NStem_NStem_NStem
i_zi_vumelwano	NPrePre8_BPre8_NStem	NPrePre8_BPre8_NStem	NPrePre8_BPre8_NStem	NStem_NStem_NStem
zo_ku_ngenelel_a	PossConc10_NPrePre15_BPre15_VRoot_VerbTerm	PossConc10_BPre15_VRoot_VerbTerm	PossConc10_NPrePre15_BPre15_VRoot_VerbTerm	NStem_NStem_NStem_NStem
phakathi	Adv	Adv	Adv	NStem
k_oo_masipala	LocPre_NPrePre2a_NStem	LocPre_NPrePre2a_NStem	LocPre_NPrePre2a_NStem	NStem_NStem_NStem
be_n_gingqi	PossConc2a_NPrePre9_BPre9_NStem	PossConc2_BPre9_NStem	PossConc2a_NPrePre9_BPre9_NStem	PUNC_PUNC_PUNC
na_ba_s_e_khaya	AdvPre_RelConc2_PreLoc-s_LocPre_NPrePre5_BPre5_NStem	AdvPre_RelConc2_PreLocs_LocPre_NStem	AdvPre_RelConc2_PreLoc-s_LocPre_NPrePre5_BPre5_NStem	NStem_NStem_NStem_NStem_NStem
a_pho	Dem16_Pos2	PossConc6_PossPron	Dem16_Pos2	PUNC_PUNC
ku_kho	CopPre_Adv	CopPre_Adv	CopPre_Adv	PUNC_PUNC
u_ku_phindwa_ph_ind_w_a	NPrePre15_BPre15_VRoot_PassExt_VerbTerm_VRoot_PassExt_VerbTerm	NPrePre15_BPre15_VRoot_NeutExt_VRoot_PassExt_VerbTerm	NPrePre15_BPre15_VRoot_PassExt_VerbTerm_VRoot_PassExt_VerbTerm	NStem_NStem_NStem_NStem_NStem_NStem_NStem
okanye	Conj	Conj	Conj	PUNC
u_ngquzulwano	NPrePre11_NStem	NPrePre11_NStem	NPrePre11_NStem	NStem_NStem
e_kw_ab_iw_e_ni	LocPre_NPrePre15_BPre15_VRoot_PassExt_VerbTerm_LocSuf	LocPre_BPre15_VRoot_PassExt_VerbTerm_VerbTerm	LocPre_NPrePre15_BPre15_VRoot_PassExt_VerbTerm_LocSuf	VRoot_VRoot_VRoot_VRoot_NStem_NStem
ko_xanduva	PossConc15_NPrePre11_BPre11_NStem	PossConc15_BPre11	PossConc15_NPrePre11_BPre11_NStem	NStem_NStem
ne_mi_thombo	AdvPre_NPrePre4_BPre4_NStem	AdvPre_BPre4_NStem	AdvPre_NPrePre4_BPre4_NStem	NStem_NStem_NStem
.	Punc	PUNC	Punc	PUNC
A_ma_phondo	NPrePre6_BPre6_NStem	NPrePre6_BPre6_NStem	NPrePre6_BPre6_NStem	NStem_NStem_NStem
ku_mel_e	SC15_AuxVStem	SC15_VRoot_VerbTerm	SC15_AuxVStem	NStem_NStem_NStem
a_jolis_e	SC6_VRoot_VerbTerm	SC6_VRoot_VerbTerm	SC6_VRoot_VerbTerm	PUNC_PUNC_PUNC
kw_i_mi_sebenzi	LocPre_NPrePre4_BPre4_NStem	LocPre_NPrePre4_BPre4_NStem	LocPre_NPrePre4_BPre4_NStem	NStem_NStem_NStem_NStem
ya_wo	PossConc4_PronStem3	PossConc9_PronStem6	PossConc4_PronStem3	PUNC_PUNC
e_ng_u_ndoqo	RelConc9_CopPre_NPrePre1a_NStem	RelConc9_CopPre_NPrePre1a_NStem	RelConc9_CopPre_NPrePre1a_NStem	NStem_NStem_NStem_NStem
no_ku_phuhl_is_a	AdvPre_NPrePre15_BPre15_VRoot_CausExt_VerbTerm	AdvPre_BPre15_VRoot_CausExt_VerbTerm	AdvPre_NPrePre15_BPre15_VRoot_CausExt_VerbTerm	NStem_NStem_VRoot_NStem_NStem
i_si_khundla	NPrePre7_BPre7_NStem	NPrePre7_BPre7_NStem	NPrePre7_BPre7_NStem	NStem_NStem_NStem
u_ku_xhas_a	NPrePre15_BPre15_VRoot_VerbTerm	NPrePre15_BPre15_VRoot_VerbTerm	NPrePre15_BPre15_VRoot_VerbTerm	NStem_VRoot_NStem_NStem
no_k_ongamel_a	AdvPre_NPrePre15_BPre15_VRoot_ApplExt_VerbTerm	AdvPre_BPre15_VRoot_VerbTerm	AdvPre_NPrePre15_BPre15_VRoot_ApplExt_VerbTerm	NStem_NStem_NStem_VRoot
u_rhulumente	NPrePre1a_NStem	NPrePre1a_NStem	NPrePre1a_NStem	NStem_NStem
wa_s_e_khaya	PossConc1a_PreLoc-s_LocPre_NPrePre5_BPre5_NStem	PossConc3_PreLocs_LocPre_BPre5	PossConc1a_PreLoc-s_LocPre_NPrePre5_BPre5_NStem	NStem_NStem_NStem_NStem
.	Punc	PUNC	Punc	PUNC
U_bu_me	NPrePre14_BPre14_NStem	NPrePre14_BPre14_NStem	NPrePre14_BPre14_NStem	NStem_NStem_NStem
bo_m_gaqo__si_se_ko	PossConc14_NPrePre3_BPre3_NStem_BPre7_NStem	PossConc14_BPre3_NStem_BPre7_BPre7_PronStem15	PossConc14_NPrePre3_BPre3_NStem_BPre7_NStem	NStem_NStem_NStem_NStem_NStem_NStem
bu_vum_el_a	SC14_VRoot_VerbTerm	SC14_VRoot_ApplExt_VerbTerm	SC14_VRoot_VerbTerm	VRoot_VRoot_NStem_VRoot
u_kuba	Conj	Conj_Conj	Conj	PUNC_PUNC
ku_be_kho	CopPre_CopPre_Adv	CopPre_CopPre_Adv	CopPre_CopPre_Adv	PUNC_NStem_PUNC
u_kw_ahluk_a	NPrePre15_BPre15_VRoot_VerbTerm	NPrePre15_BPre15_VRoot_VerbTerm	NPrePre15_BPre15_VRoot_VerbTerm	NStem_NStem_NStem_NStem
ngakumbi	Adv	Adv	Adv	PUNC
e_ku_nikez_el_w_eni	LocPre_NPrePre15_BPre15_VRoot_PassExt_VerbTerm_LocSuf	LocPre_BPre15_VRoot_ApplExt_PassExt_LocSuf	LocPre_NPrePre15_BPre15_VRoot_PassExt_VerbTerm_LocSuf	NStem_VRoot_NStem_VRoot_NStem_VRoot
kwa_ma_ndla	PossConc15_NPrePre6_BPre6_NStem	PossConc15_BPre6_NStem	PossConc15_NPrePre6_BPre6_NStem	NStem_NStem_NStem
ne_mi_sebenzi	AdvPre_NPrePre4_BPre4_NStem	AdvPre_BPre4_NStem	AdvPre_NPrePre4_BPre4_NStem	NStem_NStem_NStem
,	Punc	PUNC	Punc	PUNC
kwaye	Conj	Conj	Conj	PUNC
oku	Dem15_Pos1	CDEM15	Dem15_Pos1	PUNC
ku_mel_e	SC15_AuxVStem	SC15_VRoot_VerbTerm	SC15_AuxVStem	NStem_NStem_NStem
ku_setyenz_is_w_e	SC15_VRoot_CausExt_PassExt_VerbTerm	SC15_VRoot_CausExt_PassExt_VerbTerm	SC15_VRoot_CausExt_PassExt_VerbTerm	NStem_NStem_VRoot_VRoot_NStem
u_ku_qinisek_is_a	NPrePre15_BPre15_VRoot_CausExt_VerbTerm	NPrePre15_BPre15_VRoot_CausExt_VerbTerm	NPrePre15_BPre15_VRoot_CausExt_VerbTerm	NStem_VRoot_VRoot_VRoot_NStem
u_ku_th_i	NPrePre15_BPre15_VRoot_VerbTerm	NPrePre15_BPre15_VRoot_VerbTerm	NPrePre15_BPre15_VRoot_VerbTerm	NStem_NStem_NStem_NStem
gingci	Ideoph	NStem	Ideoph	NStem
oku_ngcono	RelConc15_RelStem	RelConc15_RelStem	RelConc15_RelStem	NStem_NStem
phakathi	Adv	Adv	Adv	PUNC
kwe_si_khundla	PossConc15_NPrePre7_BPre7_NStem	PossConc15_BPre7_NStem	PossConc15_NPrePre7_BPre7_NStem	NStem_NStem_NStem
no_xanduva	AdvPre_NPrePre11_BPre11_NStem	AdvPre_BPre11	AdvPre_NPrePre11_BPre11_NStem	NStem_NStem
lwa_ma_phondo	PossConc11_NPrePre6_BPre6_NStem	PossConc11_BPre6_NStem	PossConc11_NPrePre6_BPre6_NStem	NStem_NStem_NStem
n_oo_masipala	AdvPre_NPrePre2a_NStem	AdvPre_NPrePre2a_NStem	AdvPre_NPrePre2a_NStem	NStem_NStem_NStem
.	Punc	PUNC	Punc	PUNC
I_n_kqubo	NPrePre9_BPre9_NStem	NPrePre9_BPre9_NStem	NPrePre9_BPre9_NStem	NStem_NStem_NStem
e_kho_yo	RelConc9_Adv_RelSuf	RelConc4_Adv_RelSuf	RelConc9_Adv_RelSuf	NStem_PUNC_NStem
i_nga_phucul_w_a	NPrePre9_Pot_VRoot_PassExt_VerbTerm	SC9_Pot_VRoot_PassExt_VerbTerm	NPrePre9_Pot_VRoot_PassExt_VerbTerm	VRoot_VRoot_VRoot_VRoot_VRoot
,	Punc	PUNC	Punc	PUNC
nge_n_gcaciso	AdvPre_NPrePre9_BPre9_NStem	AdvPre_BPre9_NStem	AdvPre_NPrePre9_BPre9_NStem	NStem_NStem_NStem
yo_xanduva	PossConc9_NPrePre11_BPre11_NStem	PossConc9_NStem	PossConc9_NPrePre11_BPre11_NStem	NStem_NStem
kw_i_in_kalo	LocPre_NPrePre10_BPre10_NStem	LocPre_NPrePre10_BPre10_NStem	LocPre_NPrePre10_BPre10_NStem	NStem_NStem_NStem_NStem
ze_zin_dlu	PossConc10_NPrePre10_BPre10_NStem	PossConc10_BPre10_NStem	PossConc10_NPrePre10_BPre10_NStem	NStem_NStem_NStem
,	Punc	PUNC	Punc	PUNC
za_ma_nzi	PossConc10_NPrePre6_BPre6_NStem	PossConc10_BPre6_NStem	PossConc10_NPrePre6_BPre6_NStem	NStem_NStem_NStem
,	Punc	PUNC	Punc	PUNC
zo_gutyulo	PossConc10_NPrePre11_BPre11_NStem	PossConc10_BPre11	PossConc10_NPrePre11_BPre11_NStem	NStem_NStem
,	Punc	PUNC	Punc	PUNC
zo_m_bane	PossConc10_NPrePre3_BPre3_NStem	PossConc10_BPre3_NStem	PossConc10_NPrePre3_BPre3_NStem	PUNC_PUNC_PUNC
no_thutho	AdvPre_NPrePre11_BPre11_NStem	AdvPre_BPre11	AdvPre_NPrePre11_BPre11_NStem	NStem_NStem
lo_lu_ntu	PossConc11_NPrePre11_BPre11_NStem	PossConc11_BPre11_NStem	PossConc11_NPrePre11_BPre11_NStem	NStem_NStem_NStem
.	Punc	PUNC	Punc	PUNC
I_i_dolophu_kazi	NPrePre10_BPre10_NStem_AugSuf	NPrePre10_BPre10_NStem_AugSuf	NPrePre10_BPre10_NStem_AugSuf	VRoot_NStem_VRoot_VRoot
ezin_kulu	AdjPref10_AdjStem	AdjPref10_AdjStem	AdjPref10_AdjStem	PUNC_PUNC
ku_mel_e	SC15_AuxVStem	SC15_VRoot_VerbTerm	SC15_AuxVStem	PUNC_PUNC_PUNC
zi_nik_w_e	SC10_VRoot_PassExt_VerbTerm	SC10_VRoot_PassExt_VerbTerm	SC10_VRoot_PassExt_VerbTerm	NStem_NStem_NStem_NStem
i_mali	NPrePre9_NStem	NPrePre9_NStem	NPrePre9_NStem	PUNC_NStem
ka_rhulumente	PossKA_NPrePre1a_NStem	PossKA_NStem	PossKA_NPrePre1a_NStem	NStem_NStem
en_kulu	AdjPref9_AdjStem	AdjPref9_AdjStem	AdjPref9_AdjStem	PUNC_NStem
na_ma_ndla	AdvPre_NPrePre6_BPre6_NStem	AdvPre_BPre6_NStem	AdvPre_NPrePre6_BPre6_NStem	NStem_NStem_NStem
o_politiko	PossConc6_NPrePre11_BPre11_NStem	PossConc6_BPre11	PossConc6_NPrePre11_BPre11_NStem	PUNC_PUNC
e_ku_ququzel_el_e_ni	LocPre_NPrePre15_BPre15_VRoot_VerbTerm_LocSuf	LocPre_BPre15_VRoot_ApplExt_VerbTerm_VerbTerm	LocPre_NPrePre15_BPre15_VRoot_VerbTerm_LocSuf	VRoot_VRoot_VRoot_VRoot_VRoot_VRoot
u_ku_phucul_w_a	NPrePre15_BPre15_VRoot_PassExt_VerbTerm	NPrePre15_BPre15_VRoot_PassExt_VerbTerm	NPrePre15_BPre15_VRoot_PassExt_VerbTerm	VRoot_VRoot_NStem_VRoot_NStem
ko_ku_hlal_is_w_a	PossConc15_NPrePre15_BPre15_VRoot_CausExt_PassExt_VerbTerm	PossConc15_BPre15_VRoot_CausExt_PassExt_VerbTerm	PossConc15_NPrePre15_BPre15_VRoot_CausExt_PassExt_VerbTerm	VRoot_VRoot_VRoot_VRoot_VRoot_VRoot
ko_lu_ntu	PossConc15_NPrePre11_BPre11_NStem	PossConc15_BPre11_NStem	PossConc15_NPrePre11_BPre11_NStem	NStem_NStem_NStem
,	Punc	PUNC	Punc	PUNC
u_thutho	NPrePre11_NStem	NPrePre11_NStem	NPrePre11_NStem	NStem_NStem
no_ku_cwangcis_w_a	AdvPre_NPrePre15_BPre15_VRoot_PassExt_VerbTerm	AdvPre_BPre15_VRoot_PassExt_VerbTerm	AdvPre_NPrePre15_BPre15_VRoot_PassExt_VerbTerm	VRoot_VRoot_VRoot_VRoot_VRoot
kwe_si_thuba	PossConc15_NPrePre7_BPre7_NStem	PossConc15_BPre7_NStem	PossConc15_NPrePre7_BPre7_NStem	NStem_NStem_NStem
.	Punc	PUNC	Punc	PUNC
Kw_ezi_nye	PossConc15_AdjPref8_AdjStem	LocPre_AdjPref10_AdjStem	PossConc15_AdjPref8_AdjStem	PUNC_PUNC_PUNC
i_in_kalo	NPrePre10_BPre10_NStem	NPrePre10_BPre10_NStem	NPrePre10_BPre10_NStem	PUNC_PUNC_PUNC
,	Punc	PUNC	Punc	PUNC
i_zin_to	NPrePre10_BPre10_NStem	NPrePre10_BPre10_NStem	NPrePre10_BPre10_NStem	PUNC_PUNC_PUNC
zo_m_mandla	PossConc10_NPrePre3_BPre3_NStem	PossConc10_BPre3_NStem	PossConc10_NPrePre3_BPre3_NStem	NStem_NStem_NStem
zi_nga_bonelel_a	SC10_Pot_VRoot_VerbTerm	SC10_Pot_VRoot_VerbTerm	SC10_Pot_VRoot_VerbTerm	NStem_NStem_NStem_NStem
i_in_konzo	NPrePre10_BPre10_NStem	NPrePre10_BPre10_NStem	NPrePre10_BPre10_NStem	NStem_NStem_NStem
e_game_ni	LocPre_NPrePre5_BPre5_NStem_LocSuf	LocPre_BPre5_NStem	LocPre_NPrePre5_BPre5_NStem_LocSuf	NStem_NStem_NStem
l_oo_masipala	PossConc5_NPrePre2a_NStem	PossConc11_NPrePre2a_NStem	PossConc5_NPrePre2a_NStem	NStem_NStem_NStem
aba_nge_na_mi_thombo	RelConc2_NegPre_CopPre_NPrePre4_BPre4_NStem	RelConc2_NegPre_CopPre_BPre4_NStem	RelConc2_NegPre_CopPre_NPrePre4_BPre4_NStem	NStem_NStem_NStem_NStem_NStem
i_nge_phi	RelConc9_NegPre_EnumStem	CopPre_NegPre_EnumStem	RelConc9_NegPre_EnumStem	NStem_PUNC_PUNC
,	Punc	PUNC	Punc	PUNC
kodwa	Conj	Conj	Conj	PUNC
oku	Dem15_Pos1	CDEM15	Dem15_Pos1	Conj
ku_mel_e	SC15_AuxVStem	SC15_VRoot_VerbTerm	SC15_AuxVStem	NStem_NStem_NStem
ku_khokel_w_e	SC15_VRoot_PassExt_VerbTerm	SC15_VRoot_PassExt_VerbTerm	SC15_VRoot_PassExt_VerbTerm	NStem_NStem_NStem_NStem
ng_oo_masipala	AdvPre_NPrePre2a_NStem	AdvPre_NPrePre2a_NStem	AdvPre_NPrePre2a_NStem	NStem_NStem_NStem
u_ku_phepha	NPrePre15_BPre15_VRoot_VerbTerm	NPrePre15_BPre15_NStem	NPrePre15_BPre15_VRoot_VerbTerm	NStem_NStem_NStem
u_ku_jong_el_w_a	NPrePre15_BPre15_VRoot_ApplExt_PassExt_VerbTerm	NPrePre15_BPre15_VRoot_ApplExt_PassExt_VerbTerm	NPrePre15_BPre15_VRoot_ApplExt_PassExt_VerbTerm	NStem_NStem_NStem_NStem_NStem_NStem
phantsi	Adv	Adv	Adv	NStem
ko_ku_nik_a	PossConc15_NPrePre15_BPre15_VRoot_VerbTerm	PossConc15_BPre15_VRoot_VerbTerm	PossConc15_NPrePre15_BPre15_VRoot_VerbTerm	NStem_NStem_NStem_NStem
i_n_gxelo	NPrePre9_BPre9_NStem	NPrePre9_BPre9_NStem	NPrePre9_BPre9_NStem	NStem_NStem_NStem
ng_okwe_n_tando	AdvPre_AdvPre_NPrePre9_BPre9_NStem	AdvPre_AdvPre_BPre9_NStem	AdvPre_AdvPre_NPrePre9_BPre9_NStem	NStem_NStem_NStem_NStem
ye_si_ninzi	PossConc9_NPrePre7_BPre7_AdjStem	PossConc9_BPre7_AdjStem	PossConc9_NPrePre7_BPre7_AdjStem	NStem_NStem_NStem
ku_hanjiso	LocPre_NStem	LocPre_NStem	LocPre_NStem	NStem_NStem
lwe_e_n_konzo	PossConc11_NPrePre10_BPre10_NStem	PossConc11_NPrePre9_BPre9_NStem	PossConc11_NPrePre10_BPre10_NStem	NStem_NStem_NStem_NStem
.	Punc	PUNC	Punc	PUNC
Chaz_a	VRoot_VerbTerm	VRoot_VerbTerm	VRoot_VerbTerm	NStem_NStem
i_im_pendulo	NPrePre10_BPre10_NStem	NPrePre10_BPre10_NStem	NPrePre10_BPre10_NStem	NStem_NStem_NStem
za_wo	PossConc10_PronStem6	PossConc10_PronStem6	PossConc10_PronStem6	NStem_NStem
ku_m_sebenzi	LocPre_NPrePre3_BPre3_NStem	LocPre_BPre3_NStem	LocPre_NPrePre3_BPre3_NStem	NStem_NStem_NStem
we_qela	PossConc3_NPrePre9_BPre9_NStem	PossConc3_BPre5	PossConc3_NPrePre9_BPre9_NStem	NStem_NStem
.	Punc	PUNC	Punc	PUNC
I_si_qinisekiso	NPrePre7_BPre7_NStem	NPrePre7_BPre7_NStem	NPrePre7_BPre7_NStem	VRoot_VRoot_VRoot
se__I_SO	PossConc7_NPrePre9_Abbr	PossConc7_NPrePre7_PronStem7	PossConc7_NPrePre9_Abbr	NStem_NStem_NStem
:	Punc	PUNC	Punc	Conj
u_kuba	Conj	SC1_Conj	Conj	PUNC_PUNC
ne_xhala	CopPre_NPrePre5_BPre5_NStem	AdvPre_BPre5	CopPre_NPrePre5_BPre5_NStem	NStem_NStem
lo_ku_phumez_a	PossConc5_NPrePre15_BPre15_VRoot_VerbTerm	PossConc5_BPre15_VRoot_VerbTerm	PossConc5_NPrePre15_BPre15_VRoot_VerbTerm	NStem_NStem_NStem_NStem
i_n_kqubo	NPrePre9_BPre9_NStem	NPrePre9_BPre9_NStem	NPrePre9_BPre9_NStem	NStem_NStem_NStem
e_ya_mkel_w_e_yo	RelConc9_SC9_VRoot_PassExt_VerbTerm_RelSuf	RelConc9_Pres_VRoot_PassExt_VerbTerm_RelSuf	RelConc9_SC9_VRoot_PassExt_VerbTerm_RelSuf	VRoot_VRoot_VRoot_VRoot_VRoot_VRoot
ku_ma_zwe	LocPre_NPrePre6_BPre6_NStem	LocPre_BPre6_NStem	LocPre_NPrePre6_BPre6_NStem	NStem_NStem_NStem
nga_ma_zwe	AdvPre_NPrePre6_BPre6_NStem	AdvPre_BPre6_NStem	AdvPre_NPrePre6_BPre6_NStem	PUNC_PUNC_PUNC
ng_oku_phathelel_e	AdvPre_NPrePre15_BPre15_VRoot_VerbTerm	AdvPre_RelConc15_VRoot_VerbTerm	AdvPre_NPrePre15_BPre15_VRoot_VerbTerm	NStem_NStem_NStem_NStem
ku_lawulo	LocPre_NPrePre11_NStem	LocPre_NStem	LocPre_NPrePre11_NStem	NStem_NStem
lo_bu_lunga	PossConc5_NPrePre14_BPre14_NStem	PossConc5_BPre14_NStem	PossConc5_NPrePre14_BPre14_NStem	NStem_NStem_NStem
,	Punc	PUNC	Punc	Conj
u_ku_zi_hlol_a	NPrePre17_BPre17_ReflPre_VRoot_VerbTerm	NPrePre15_BPre15_ReflPre_VRoot_VerbTerm	NPrePre17_BPre17_ReflPre_VRoot_VerbTerm	NStem_NStem_NStem_NStem_NStem
no_vavanyo	AdvPre_NPrePre11_BPre11_NStem	AdvPre_BPre11	AdvPre_NPrePre11_BPre11_NStem	NStem_NStem
lwe_qela	PossConc11_NPrePre5_BPre5_NStem	PossConc11_BPre5	PossConc11_NPrePre5_BPre5_NStem	NStem_NStem
le_si_thathu	PossConc5_NPrePre7_BPre7_AdjStem	PossConc5_BPre7_NStem	PossConc5_NPrePre7_BPre7_AdjStem	NStem_NStem_NStem
lo_m_velis_i	PossConc5_NPrePre1_BPre1_NStem	PossConc11_BPre15_VRoot_VerbTerm	PossConc5_NPrePre1_BPre1_NStem	VRoot_VRoot_VRoot_VRoot
.	Punc	PUNC	Punc	PUNC
I_m_velaphi	NPrePre9_BPre9_NStem	NPrePre9_BPre9_NStem	NPrePre9_BPre9_NStem	NStem_NStem_NStem
ya_nga_phandle	PossConc9_AdvPre_Adv	PossConc9_AdvPre_Adv	PossConc9_AdvPre_Adv	NStem_NStem_NStem
:	Punc	PUNC	Punc	PUNC
Ezi	Dem10_Pos1	CDEM10	Dem10_Pos1	PUNC
z_enz_iw_a	SC10_VRoot_PassExt_VerbTerm	SC10_VRoot_PassExt_VerbTerm	SC10_VRoot_PassExt_VerbTerm	NStem_NStem_NStem_NStem
nga_phandle	AdvPre_Adv	AdvPre_Adv	AdvPre_Adv	NStem_NStem
ku_ka_masipala	PossConc15_PossKA_NStem	PossConc15_PossKA_NStem	PossConc15_PossKA_NStem	NStem_NStem_NStem
njenge_mali__mb_o_leko	AdvPre_NPrePre9_NStem_BPre9_NStem	AdvPre_NStem_AdvPre_VerbTerm_NStem	AdvPre_NPrePre9_NStem_BPre9_NStem	NStem_NStem_NStem_NStem_NStem
e_funyen_w_e	RelConc9_VRoot_PassExt_VerbTerm	RelConc9_VRoot_PassExt_VerbTerm	RelConc9_VRoot_PassExt_VerbTerm	NStem_NStem_NStem_NStem
ku_ma_ziko	LocPre_NPrePre6_BPre6_NStem	LocPre_BPre6_NStem	LocPre_NPrePre6_BPre6_NStem	NStem_NStem_NStem
o_rhwebo	PossConc6_NPrePre11_BPre11_NStem	PossConc6_BPre11	PossConc6_NPrePre11_BPre11_NStem	NStem_NStem
.	Punc	PUNC	Punc	PUNC
U_ku_lawul_a	NPrePre15_BPre15_VRoot_VerbTerm	NPrePre15_BPre15_VRoot_VerbTerm	NPrePre15_BPre15_VRoot_VerbTerm	NStem_NStem_NStem_NStem
i_xesha	NPrePre5_BPre5_NStem	NPrePre5_NStem	NPrePre5_BPre5_NStem	NStem_NStem
:	Punc	PUNC	Punc	PUNC
U_ku_yi_qond_a	NPrePre15_BPre15_OC9_VRoot_VerbTerm	NPrePre15_BPre15_OC9_VRoot_VerbTerm	NPrePre15_BPre15_OC9_VRoot_VerbTerm	NStem_NStem_NStem_NStem_NStem
i_n_dlel_a	NPrePre9_BPre9_NStem	NPrePre9_BPre9_VRoot_VerbTerm	NPrePre9_BPre9_NStem	NStem_NStem_NStem_NStem
e_hamb_a	RelConc9_VRoot_VerbTerm	RelConc9_VRoot_VerbTerm	RelConc9_VRoot_VerbTerm	NStem_NStem_NStem
nga_yo	AdvPre_PronStem9	AdvPre_PronStem9	AdvPre_PronStem9	PUNC_NStem
i_projekthi	NPrePre9_NStem	NPrePre9_NStem	NPrePre9_NStem	NStem_PUNC
no_ku_diban_a	AdvPre_NPrePre15_BPre15_VRoot_VerbTerm	AdvPre_BPre15_VRoot_VerbTerm	AdvPre_NPrePre15_BPre15_VRoot_VerbTerm	NStem_NStem_NStem_NStem
rhoqo	Ideoph	Ideoph	Ideoph	NStem
na_ma_qela	AdvPre_BPre6_NStem	AdvPre_BPre6_NStem	AdvPre_BPre6_NStem	NStem_NStem_NStem
a_chaphazel_ek_a_yo	RelConc6_VRoot_NeutExt_VerbTerm_RelSuf	RelConc6_VRoot_NeutExt_VerbTerm_RelSuf	RelConc6_VRoot_NeutExt_VerbTerm_RelSuf	VRoot_NStem_NStem_VRoot_NStem
ne_qela	AdvPre_NPrePre5_BPre5_NStem	AdvPre_BPre5	AdvPre_NPrePre5_BPre5_NStem	NStem_NStem
le_projekthi	PossConc5_NPrePre9_NStem	PossConc5_NStem	PossConc5_NPrePre9_NStem	NStem_NStem
nge_e_n_jongo	AdvPre_NPrePre10_BPre10_NStem	AdvPre_NPrePre9_BPre9_NStem	AdvPre_NPrePre10_BPre10_NStem	NStem_NStem_NStem_NStem
zo_ku_jong_a	PossConc10_NPrePre15_BPre15_VRoot_VerbTerm	PossConc10_BPre15_VRoot_VerbTerm	PossConc10_NPrePre15_BPre15_VRoot_VerbTerm	NStem_NStem_NStem_NStem
i_mi_ba	NPrePre4_BPre4_NStem	NPrePre4_BPre4_NStem	NPrePre4_BPre4_NStem	NStem_NStem_NStem
e_phathelel_e	RelConc4_VRoot_VerbTerm	RelConc9_VRoot_VerbTerm	RelConc4_VRoot_VerbTerm	NStem_NStem_NStem
kw_i_xesha	LocPre_NPrePre5_BPre5_NStem	LocPre_NPrePre5_BPre5	LocPre_NPrePre5_BPre5_NStem	NStem_NStem_NStem
.	Punc	PUNC	Punc	PUNC
Zi_ninzi	CopPre_AdjStem	CopPre_AdjStem	CopPre_AdjStem	NStem_NStem
i_zin_to	NPrePre10_BPre10_NStem	NPrePre10_BPre10_NStem	NPrePre10_BPre10_NStem	NStem_NStem_NStem
ezi_no_kw_enz_a	RelConc10_AdvPre_NPrePre15_BPre15_VRoot_VerbTerm	RelConc10_AdvPre_BPre15_VRoot_VerbTerm	RelConc10_AdvPre_NPrePre15_BPre15_VRoot_VerbTerm	NStem_NStem_NStem_NStem_NStem
u_kuba	Conj	NPrePre15_Conj	Conj	PUNC_PUNC
i_xesha	NPrePre5_BPre5_NStem	NPrePre5_NStem	NPrePre5_BPre5_NStem	NStem_NStem
e_beli_bek_el_w_e	RelConc5_Past_OC5_VRoot_ApplExt_PassExt_VerbTerm	RelConc9_VRoot_VRoot_ApplExt_PassExt_VerbTerm	RelConc5_Past_OC5_VRoot_ApplExt_PassExt_VerbTerm	NStem_NStem_NStem_NStem_NStem_NStem
i_projekthi	NPrePre9_NStem	NPrePre9_NStem	NPrePre9_NStem	PUNC_PUNC
li_tshintshe	SC5_VRoot_VerbTerm	CopPre_AdjStem	SC5_VRoot_VerbTerm	NStem_NStem
.	Punc	PUNC	Punc	PUNC
I_zin_to	NPrePre10_BPre10_NStem	NPrePre10_BPre10_NStem	NPrePre10_BPre10_NStem	PUNC_PUNC_PUNC
ezi_no_ku_th_i	RelConc10_AdvPre_NPrePre15_BPre15_VRoot_VerbTerm	RelConc10_AdvPre_BPre15_VRoot_VerbTerm	RelConc10_AdvPre_NPrePre15_BPre15_VRoot_VerbTerm	NStem_NStem_NStem_NStem_NStem
zi_vel_e	SC10_VRoot_VerbTerm	SC10_VRoot_VerbTerm	SC10_VRoot_VerbTerm	NStem_NStem_NStem
ku_funek_a	BPre15_VRoot_VerbTerm	SC15_VRoot_VerbTerm	BPre15_VRoot_VerbTerm	NStem_NStem_NStem
zi_lungisel_el_w_e	OC10_VRoot_ApplExt_ApplExt_PassExt_VerbTerm	SC10_VRoot_ApplExt_PassExt_VerbTerm	OC10_VRoot_ApplExt_ApplExt_PassExt_VerbTerm	NStem_NStem_NStem_NStem_NStem
kwa_phaya	LocPre_Dem16_Pos3	PossConc15_CDEMLOC	LocPre_Dem16_Pos3	NStem_NStem
e_ku_qal_e_ni	LocPre_NPrePre15_BPre15_VRoot_VerbTerm_LocSuf	LocPre_BPre15_VRoot_VerbTerm_LocSuf	LocPre_NPrePre15_BPre15_VRoot_VerbTerm_LocSuf	NStem_NStem_NStem_NStem_NStem
ko_ku_bek_w_a	PossConc15_NPrePre15_BPre15_VRoot_PassExt_VerbTerm	PossConc15_BPre15_VRoot_PassExt_VerbTerm	PossConc15_NPrePre15_BPre15_VRoot_PassExt_VerbTerm	NStem_NStem_NStem_NStem_NStem
kwa_ma_xesha	PossConc15_NPrePre6_BPre6_NStem	PossConc15_BPre6_NStem	PossConc15_NPrePre6_BPre6_NStem	NStem_NStem_NStem
,	Punc	PUNC	Punc	PUNC
kwaye	Conj	Conj	Conj	PUNC
o_nke	QuantConc6_QuantStem	QuantConc6_QuantStem	QuantConc6_QuantStem	PUNC_PUNC
a_ma_qela	NPrePre6_BPre6_NStem	NPrePre6_BPre6_NStem	NPrePre6_BPre6_NStem	NStem_NStem_NStem
a_chaphazel_ek_a_yo	RelConc6_VRoot_NeutExt_VerbTerm_RelSuf	RelConc6_VRoot_NeutExt_VerbTerm_RelSuf	RelConc6_VRoot_NeutExt_VerbTerm_RelSuf	VRoot_VRoot_NStem_NStem_VRoot
ku_funek_a	BPre15_VRoot_VerbTerm	SC15_VRoot_VerbTerm	BPre15_VRoot_VerbTerm	NStem_NStem_NStem
a_z_is_w_e	RelConc6_VRoot_CausExt_PassExt_VerbTerm	SC6_VRoot_CausExt_PassExt_VerbTerm	RelConc6_VRoot_CausExt_PassExt_VerbTerm	NStem_NStem_VRoot_NStem_NStem
nge_n_kqubo	AdvPre_NPrePre9_BPre9_NStem	AdvPre_BPre9_NStem	AdvPre_NPrePre9_BPre9_NStem	NStem_NStem_NStem
.	Punc	PUNC	Punc	NStem
U_bu_lunga	NPrePre14_BPre14_NStem	NPrePre14_BPre14_NStem	NPrePre14_BPre14_NStem	NStem_NStem_NStem
be_m_fundo	PossConc14_NPrePre9_BPre9_NStem	PossConc14_BPre9_NStem	PossConc14_NPrePre9_BPre9_NStem	PUNC_NStem_PUNC
ku_ninzi	LocPre_AdjStem	LocPre_AdjStem	LocPre_AdjStem	NStem_NStem
lwa_ba_ntw_ana	PossConc11_NPrePre2_BPre2_NStem_DimSuf	PossConc11_BPre2_NStem_DimSuf	PossConc11_NPrePre2_BPre2_NStem_DimSuf	NStem_NStem_NStem_NStem
aba_mnyama	RelConc2_RelStem	RelConc2_RelStem	RelConc2_RelStem	NStem_NStem
bu_phantsi	CopPre_Adv	CopPre_Adv	CopPre_Adv	NStem_NStem
.	Punc	PUNC	Punc	PUNC
Oku	Dem15_Pos1	CDEM15	Dem15_Pos1	PUNC
kwa_lel_a	SC15_VRoot_ApplExt_VerbTerm	PossConc15_VRoot_VerbTerm	SC15_VRoot_ApplExt_VerbTerm	NStem_NStem_NStem
aba_fundi	NPrePre2_BPre2_NStem	RelConc2_NStem	NPrePre2_BPre2_NStem	NStem_NStem
aba_ninzi	AdjPref2_AdjStem	AdjPref2_AdjStem	AdjPref2_AdjStem	NStem_NStem
u_ku_fikelel_a	NPrePre15_BPre15_VRoot_VerbTerm	NPrePre15_BPre15_VRoot_VerbTerm	NPrePre15_BPre15_VRoot_VerbTerm	NStem_NStem_NStem_VRoot
kw_i_n_gqesho	LocPre_NPrePre9_BPre9_NStem	LocPre_NPrePre9_BPre9_NStem	LocPre_NPrePre9_BPre9_NStem	VRoot_NStem_NStem_NStem
.	Punc	PUNC	Punc	PUNC
Ku_kwa_nciph_is_a	SC15_AdvPre_VRoot_CausExt_VerbTerm	SC15_AdvPre_VRoot_CausExt_VerbTerm	SC15_AdvPre_VRoot_CausExt_VerbTerm	NStem_NStem_VRoot_NStem_NStem
u_bu_na_kho	NPrePre14_BPre14_CopPre_Adv	NPrePre14_BPre14_CopPre_Adv	NPrePre14_BPre14_CopPre_Adv	NStem_NStem_NStem_NStem
be_mi_vuzo	PossConc14_NPrePre4_BPre4_NStem	PossConc14_BPre4_NStem	PossConc14_NPrePre4_BPre4_NStem	NStem_NStem_NStem
no_ku_hamb_a	AdvPre_NPrePre15_BPre15_VRoot_VerbTerm	AdvPre_BPre15_VRoot_VerbTerm	AdvPre_NPrePre15_BPre15_VRoot_VerbTerm	NStem_NStem_NStem_NStem
kw_e_ze_m_fundo	PossConc15_RelConc9_PossConc8_NPrePre10_BPre10_NStem	LocPre_RelConc8_PossConc8_BPre9_NStem	PossConc15_RelConc9_PossConc8_NPrePre10_BPre10_NStem	NStem_NStem_NStem_NStem_NStem
kwa_bo	PossConc15_PronStem2	PossConc15_PronStem2	PossConc15_PronStem2	PUNC_PUNC
ba_ye	SC2_AuxVStem	SC2_AuxVStem	SC2_AuxVStem	PUNC_PUNC
ba_wu_fuman_e	SC2_OC3_VRoot_VerbTerm	SC2_OC3_VRoot_VerbTerm	SC2_OC3_VRoot_VerbTerm	NStem_NStem_NStem_NStem
u_m_sebenzi	NPrePre3_BPre3_NStem	NPrePre3_BPre3_NStem	NPrePre3_BPre3_NStem	NStem_NStem_NStem
_	Punc		Punc	
ze	Conj	Conj	Conj	PUNC
ku_nyin_e	SC15_VRoot_VerbTerm	SC15_VRoot_VerbTerm	SC15_VRoot_VerbTerm	NStem_NStem_NStem
u_bu_na_kho	NPrePre14_BPre14_CopPre_Adv	NPrePre14_BPre14_CopPre_NStem	NPrePre14_BPre14_CopPre_Adv	NStem_NStem_NStem_NStem
ba_ma_ndla	PossConc2_NPrePre6_BPre6_NStem	PossConc2_BPre6_NStem	PossConc2_NPrePre6_BPre6_NStem	NStem_NStem_NStem
ba_ma_shishini	PossConc2_NPrePre6_BPre6_NStem	PossConc14_BPre6_NStem	PossConc2_NPrePre6_BPre6_NStem	NStem_NStem_NStem
o_Mzantsi	PossConc6_NPrePre3_ProperName	PossConc6_ProperName	PossConc6_NPrePre3_ProperName	NStem_NStem
Afrika	ProperName	ProperName	ProperName	PUNC
.	Punc	PUNC	Punc	PUNC
I_shedyuli	NPrePre9_NStem	NPrePre9_NStem	NPrePre9_NStem	NStem_NStem
ye_zi_bonelelo	PossConc9_NPrePre8_BPre8_NStem	PossConc9_BPre8_NStem	PossConc9_NPrePre8_BPre8_NStem	NStem_NStem_NStem
i_ya	SC9_AuxVStem	SC9_Fut	SC9_AuxVStem	NStem_NStem
ku_qulath_a	SC15_VRoot_VerbTerm	SC15_VRoot_VerbTerm	SC15_VRoot_VerbTerm	NStem_NStem_NStem
i_mi_sebenzi	NPrePre4_BPre4_NStem	NPrePre4_BPre4_NStem	NPrePre4_BPre4_NStem	PUNC_PUNC_PUNC
e_bi_th_e	RelConc4_Past_VRoot_VerbTerm	RelConc9_Past_VRoot_VerbTerm	RelConc4_Past_VRoot_VerbTerm	NStem_NStem_NStem_NStem
ya_qulunq_w_a	SC4_Past_VRoot_PassExt_VerbTerm	PossConc9_VRoot_PassExt_VerbTerm	SC4_Past_VRoot_PassExt_VerbTerm	NStem_NStem_NStem_NStem
kw_i_shedyuli	LocPre_NPrePre9_NStem	LocPre_NPrePre9_NStem	LocPre_NPrePre9_NStem	NStem_NStem_NStem
ye_mi_sebenzi	PossConc4_NPrePre4_BPre4_NStem	PossConc9_BPre4_NStem	PossConc4_NPrePre4_BPre4_NStem	NStem_NStem_NStem
,	Punc	PUNC	Punc	PUNC
kwaye	Conj	Conj	Conj	PUNC
ke	Conj	Conj	Conj	PUNC
le	Dem4_Pos1	CDEM09	Dem4_Pos1	Conj
mi_sebenzi	BPre4_NStem	BPre4_NStem	BPre4_NStem	NStem_NStem
ku_funek_a	SC15_VRoot_VerbTerm	SC15_VRoot_VerbTerm	SC15_VRoot_VerbTerm	NStem_NStem_NStem
i_dwel_is_w_e	SC4_VRoot_CausExt_PassExt_VerbTerm	SC9_VRoot_CausExt_PassExt_VerbTerm	SC4_VRoot_CausExt_PassExt_VerbTerm	NStem_NStem_NStem_NStem_NStem
kwa_khona	AdvPre_Adv	AdvPre_Adv	AdvPre_Adv	NStem_NStem
kw_a_kunye	AdvPre_Conj	SC15_Past_Conj	AdvPre_Conj	NStem_NStem_NStem
na_zo	AdvPre_PronStem10	AdvPre_PronStem10	AdvPre_PronStem10	PUNC_PUNC
zo_nke	QuantConc10_QuantStem	QuantConc10_QuantStem	QuantConc10_QuantStem	NStem_NStem
i_im_funo	NPrePre10_BPre10_NStem	NPrePre10_BPre10_NStem	NPrePre10_BPre10_NStem	NStem_NStem_NStem
ne_e_n_dleko	AdvPre_NPrePre10_BPre10_NStem	AdvPre_NPrePre10_BPre9_NStem	AdvPre_NPrePre10_BPre10_NStem	NStem_NStem_VRoot_VRoot
e_hamb_a	RelConc4_VRoot_VerbTerm	RelConc9_VRoot_VerbTerm	RelConc4_VRoot_VerbTerm	NStem_NStem_NStem
na_zo	AdvPre_PronStem10	AdvPre_PronStem10	AdvPre_PronStem10	NStem_PUNC
nge_e_n_jongo	AdvPre_NPrePre10_BPre10_NStem	AdvPre_NPrePre10_BPre9_NStem	AdvPre_NPrePre10_BPre10_NStem	NStem_NStem_NStem_NStem
zo_ku_qinisek_is_a	PossConc10_NPrePre15_SC15_VRoot_CausExt_VerbTerm	PossConc10_BPre15_VRoot_CausExt_VerbTerm	PossConc10_NPrePre15_SC15_VRoot_CausExt_VerbTerm	VRoot_VRoot_VRoot_NStem_NStem
u_ku_fezek_is_w_a	NPrePre15_SC15_VRoot_CausExt_PassExt_VerbTerm	NPrePre15_BPre15_VRoot_CausExt_PassExt_VerbTerm	NPrePre15_SC15_VRoot_CausExt_PassExt_VerbTerm	NStem_NStem_VRoot_VRoot_NStem_VRoot
kwa_yo	PossConc15_PronStem4	PossConc15_PronStem9	PossConc15_PronStem4	PUNC_PUNC
.	Punc	PUNC	Punc	PUNC
