morphemes	target_surface_gold	prediction_surface_gold	target_surface_pred	prediction_surface_pred
Zi_ningi	AdjPref10_AdjStem	NStem_NStem	AdjPref10_AdjStem	NStem_NStem
i_zin_hlobo	NPrePre10_BPre10_NStem	NStem_NStem_NStem	NPrePre10_BPre10_NStem	NStem_NStem_NStem
ez_ehluk_en_e	RelConc10_VRoot_RecipExt_Perf_VerbTerm	NStem_NStem_NStem_NStem	RelConc10_VRoot_RecipExt_Perf_VerbTerm	NStem_NStem_NStem_NStem
zo_ku_phath_w_a	PossConc10_BPre15_VRoot_PassExt_VerbTerm	VRoot_VRoot_VRoot_NStem_VRoot	PossConc10_BPre15_VRoot_PassExt_VerbTerm	VRoot_VRoot_VRoot_VRoot_VRoot
kwe_phrojekthi	PossConc15_NPrePre5_NStem	NStem_NStem	PossConc15_NPrePre5_NStem	PUNC_PUNC
ezi_setshenz_is_w_a	RelConc8_VRoot_CausExt_PassExt_VerbTerm	VRoot_VRoot_VRoot_VRoot_VRoot	RelConc8_VRoot_CausExt_PassExt_VerbTerm	VRoot_VRoot_VRoot_VRoot_VRoot
e_m_khakhe_ni	LocPre_NPrePre3_BPre3_NStem_LocSuf	NStem_VRoot_NStem_NStem	LocPre_NPrePre3_BPre3_NStem_LocSuf	NStem_NStem_NStem_NStem
we_ze_ntuthuko	PossConc1_PossConc8_BPre9_NStem	VRoot_VRoot_VRoot	PossConc1_PossConc8_BPre9_NStem	VRoot_VRoot_VRoot
.	Punc	PUNC	Punc	PUNC
Lezi	Dem10_Pos1	PUNC	Dem10_Pos1	PUNC
zi_vam_a	SC8_Intrans_VerbTerm	NStem_NStem_NStem	SC8_Intrans_VerbTerm	NStem_NStem_NStem
u_kw_ehluk_a	NPrePre15_BPre15_VRoot_VerbTerm	NStem_NStem_NStem_NStem	NPrePre15_BPre15_VRoot_VerbTerm	NStem_NStem_NStem_NStem
kwe_zi_nye	PossConc15_AdjPref8_AdjStem	NStem_NStem_NStem	PossConc15_AdjPref8_AdjStem	NStem_NStem_NStem
i_zin_dlel_a	NPrePre10_BPre10_NStem	NStem_NStem_NStem_NStem	NPrePre10_BPre10_NStem	NStem_NStem_NStem_NStem
ezi_setshenz_is_w_a	RelConc8_VRoot_CausExt_PassExt_VerbTerm	VRoot_VRoot_VRoot_VRoot_VRoot	RelConc8_VRoot_CausExt_PassExt_VerbTerm	VRoot_VRoot_VRoot_VRoot_VRoot
e_m_khakhe_ni	LocPre_NPrePre3_BPre3_NStem_LocSuf	NStem_NStem_NStem_NStem	LocPre_NPrePre3_BPre3_NStem_LocSuf	NStem_NStem_NStem_NStem
o_hlangen_e	BPre2a_NStem	NStem_NStem_NStem	BPre2a_NStem	NStem_NStem_NStem
.	Punc	PUNC	Punc	PUNC
Ku_m_qondosizinda	BPre17_NStem	VRoot_VRoot_VRoot	BPre17_NStem	VRoot_VRoot_VRoot
(	Punc	PUNC	Punc	Conj
conte_xt	Foreign	NStem_NStem	Foreign	NStem_NStem
)	Punc	Conj	Punc	Conj
wa_s_e_Ningizimu	PossConc3_PreLoc-s_LocPre_NPrePre5_BPre5_ProperName	PUNC_PUNC_PUNC_PUNC	PossConc3_PreLoc-s_LocPre_NPrePre5_BPre5_ProperName	VRoot_VRoot_VRoot_VRoot
Afrika	ProperName	Conj	ProperName	Conj
a_yi_kho	NegPre_CopPre_Adv	NStem_NStem_NStem	NegPre_CopPre_Adv	NStem_NStem_NStem
i_n_dlel_a	NPrePre9_BPre9_NStem	NStem_NStem_NStem_NStem	NPrePre9_BPre9_NStem	NStem_NStem_NStem_NStem
e_yo_dwa	RelConc9_QuantConc9_QuantStem	NStem_NStem_NStem	RelConc9_QuantConc9_QuantStem	NStem_NStem_NStem
e_gunyaz_iw_e	RelConc9_VRoot_PassExt_VerbTerm	VRoot_VRoot_NStem_VRoot	RelConc9_VRoot_PassExt_VerbTerm	NStem_NStem_NStem_NStem
yo_m_khakha	PossConc9_NPrePre3_BPre3_NStem	NStem_NStem_NStem	PossConc9_NPrePre3_BPre3_NStem	NStem_NStem_NStem
wo_m_phakathi	PossConc3_NPrePre3_BPre3_NStem	NStem_NStem_NStem	PossConc3_NPrePre3_BPre3_NStem	NStem_NStem_NStem
futh_i	Conj	NStem_NStem	Conj	NStem_NStem
ku_yo_hlal_a	SC15_Fut_VRoot_VerbTerm	NStem_NStem_NStem_NStem	SC15_Fut_VRoot_VerbTerm	NStem_NStem_NStem_NStem
ku_no_mehluko	LocPre_AdvPre_NStem	NStem_NStem_NStem	LocPre_AdvPre_NStem	NStem_NStem_NStem
phakathi	Adv	PUNC	Adv	PUNC
kwe_zin_dlel_a	PossConc15_NPrePre10_BPre10_NStem	NStem_VRoot_NStem_VRoot	PossConc15_NPrePre10_BPre10_NStem	NStem_VRoot_NStem_NStem
ezi_setshenz_is_w_a	RelConc8_VRoot_CausExt_PassExt_VerbTerm	VRoot_VRoot_VRoot_VRoot_VRoot	RelConc8_VRoot_CausExt_PassExt_VerbTerm	VRoot_VRoot_VRoot_VRoot_VRoot
e_mi_nyangw_eni	LocPre_BPre4_NStem_LocSuf	VRoot_VRoot_VRoot_VRoot	LocPre_BPre4_NStem_LocSuf	VRoot_VRoot_VRoot_VRoot
e_ye_hluk_en_e	RelConc4_OC4_VRoot_RecipExt_Perf_VerbTerm	VRoot_VRoot_VRoot_VRoot_VRoot	RelConc4_OC4_VRoot_RecipExt_Perf_VerbTerm	VRoot_VRoot_VRoot_VRoot_VRoot
ka_hulumeni	PossKA_NPrePre1a_NStem	NStem_NStem	PossKA_NPrePre1a_NStem	NStem_NStem
.	Punc	PUNC	Punc	PUNC
A_ma_lungu	NPrePre6_BPre6_NStem	NStem_NStem_NStem	NPrePre6_BPre6_NStem	NStem_NStem_NStem
e_Komidi	LocPre_NStem	NStem_NStem	LocPre_NStem	NStem_NStem
Le_sigceme	Dem9_Pos1_NStem	NStem_NStem	Dem9_Pos1_NStem	NStem_NStem
ku_mel_e	SC15_VRoot_VerbTerm	NStem_NStem_NStem	SC15_VRoot_VerbTerm	NStem_NStem_NStem
a_z_i	SC6_VRoot_VerbTerm	NStem_NStem_NStem	SC6_VRoot_VerbTerm	PUNC_PUNC_PUNC
ngo_Ku_phath_w_a	AdvPre_NPrePre15_BPre15_VRoot_PassExt_VerbTerm	VRoot_VRoot_VRoot_VRoot_VRoot	AdvPre_NPrePre15_BPre15_VRoot_PassExt_VerbTerm	VRoot_VRoot_VRoot_VRoot_VRoot
K_om_jikelezo	PossConc15_NPrePre3_NStem	NStem_NStem_NStem	PossConc15_NPrePre3_NStem	NStem_NStem_NStem
We_phrojekthi	PossConc1_NPrePre5_NStem	NStem_NStem	PossConc1_NPrePre5_NStem	NStem_NStem
(	Punc	Conj	Punc	Conj
Project	Foreign	Conj	Foreign	Conj
Cycl_e	Foreign	NStem_NStem	Foreign	NStem_NStem
Mana_ge_ment	Foreign	NStem_NStem_NStem	Foreign	NStem_NStem_NStem
(	Punc	Conj	Punc	Conj
PC_M	Abbr	PUNC_PUNC	Abbr	PUNC_PUNC
)	Punc	Conj	Punc	Conj
njengoba	Conj	PUNC	Conj	PUNC
ku_y_i_n_dlel_a	LocPre_CopPre_NPrePre9_BPre9_NStem	VRoot_VRoot_VRoot_VRoot_VRoot_VRoot	LocPre_CopPre_NPrePre9_BPre9_NStem	VRoot_VRoot_VRoot_VRoot_VRoot_VRoot
e_vam_a	RelConc9_Intrans_VerbTerm	NStem_NStem_NStem	RelConc9_Intrans_VerbTerm	NStem_NStem_NStem
u_ku_setshenz_is_w_a	NPrePre15_BPre15_VRoot_CausExt_PassExt_VerbTerm	VRoot_VRoot_VRoot_VRoot_VRoot_VRoot	NPrePre15_BPre15_VRoot_CausExt_PassExt_VerbTerm	VRoot_VRoot_VRoot_VRoot_VRoot_VRoot
ka_khulu	AdvPre_AdjStem	NStem_NStem	AdvPre_AdjStem	NStem_NStem
.	Punc	PUNC	Punc	PUNC
U_kw_ehlukan_is_w_a	SC15_BPre15_VRoot_CausExt_PassExt_VerbTerm	VRoot_VRoot_VRoot_VRoot_VRoot_VRoot	SC15_BPre15_VRoot_CausExt_PassExt_VerbTerm	VRoot_VRoot_VRoot_VRoot_VRoot_VRoot
no_ku_biz_w_a	AdvPre_BPre15_VRoot_PassExt_VerbTerm	NStem_NStem_NStem_NStem_NStem	AdvPre_BPre15_VRoot_PassExt_VerbTerm	NStem_NStem_NStem_NStem_NStem
nga_ma_gama	AdvPre_NPrePre6_BPre6_NStem	NStem_NStem_NStem	AdvPre_NPrePre6_BPre6_NStem	PUNC_PUNC_PUNC
kwe_zi_gaba	PossConc15_NPrePre8_BPre8_NStem	NStem_NStem_NStem	PossConc15_NPrePre8_BPre8_NStem	PUNC_PUNC_NStem
noma	Conj	Conj	Conj	PUNC
i_mi_khakha	NPrePre4_BPre4_NStem	NStem_NStem_NStem	NPrePre4_BPre4_NStem	NStem_NStem_NStem
yo_m_jikelezo	PossConc9_BPre3_NStem	NStem_NStem_NStem	PossConc9_BPre3_NStem	NStem_NStem_NStem
we_phrojekthi	PossConc1_NPrePre5_NStem	NStem_NStem	PossConc1_NPrePre5_NStem	NStem_NStem
ku_nga_hluk_a	BPre15_AdvPre_VRoot_VerbTerm	NStem_NStem_NStem_NStem	BPre15_AdvPre_VRoot_VerbTerm	NStem_NStem_NStem_NStem
ku_ye	LocPre_PronStem1	PUNC_PUNC	LocPre_PronStem1	PUNC_PUNC
ngo_kwe_n_hlangano	AdvPre_NPrePre15_PossConc9_BPre9_NStem	NStem_NStem_NStem_NStem	AdvPre_NPrePre15_PossConc9_BPre9_NStem	VRoot_VRoot_VRoot_VRoot
noma	Conj	Conj	Conj	Conj
u_m_nyango	NPrePre3_BPre3_NStem	NStem_NStem_NStem	NPrePre3_BPre3_NStem	NStem_NStem_NStem
ka_hulumeni	PossKA_NPrePre1a_NStem	NStem_NStem	PossKA_NPrePre1a_NStem	NStem_NStem
o_yi_khokhel_a_yo	RelConc3_CopPre_NStem_RelSuf	VRoot_VRoot_VRoot_VRoot_VRoot	RelConc3_CopPre_NStem_RelSuf	VRoot_VRoot_VRoot_VRoot_VRoot
.	Punc	PUNC	Punc	PUNC
Ku_ngabe	Conj	NStem_NStem	Conj	NStem_NStem
aba_ntu	NPrePre2_BPre2_NStem	NStem_NStem	NPrePre2_BPre2_NStem	NStem_NStem
be_si_fazane	PossConc2_NPrePre7_BPre7_NStem	NStem_NStem_NStem	PossConc2_NPrePre7_BPre7_NStem	NStem_NStem_NStem
ba_bhek_an_a	SC2_VRoot_RecipExt_VerbTerm	NStem_NStem_NStem_NStem	SC2_VRoot_RecipExt_VerbTerm	NStem_NStem_NStem_NStem
ne_zin_gqinamb_a	AdvPre_NPrePre10_BPre10_NStem	VRoot_VRoot_VRoot_VRoot	AdvPre_NPrePre10_BPre10_NStem	VRoot_VRoot_VRoot_VRoot
ezi_thile	RelConc10_RelStem	NStem_NStem	RelConc10_RelStem	NStem_NStem
noma	Conj	Conj	Conj	Conj
i_zi_vimbo	NPrePre8_BPre8_NStem	NStem_NStem_NStem	NPrePre8_BPre8_NStem	NStem_NStem_NStem
e_ku_zi_bandakany_eni	RelConc8_BPre15_ReflPre_VRoot_VerbTerm_LocSuf	VRoot_VRoot_VRoot_VRoot_VRoot	RelConc8_BPre15_ReflPre_VRoot_VerbTerm_LocSuf	VRoot_VRoot_VRoot_VRoot_VRoot
e_mi_sebenz_ini	LocPre_NPrePre4_BPre4_NStem_LocSuf	VRoot_VRoot_VRoot_VRoot	LocPre_NPrePre4_BPre4_NStem_LocSuf	VRoot_VRoot_VRoot_VRoot
yo_hlelo	PossConc4_NPrePre11_NStem	NStem_NStem	PossConc4_NPrePre11_NStem	NStem_NStem
?	Punc	Conj	Punc	PUNC
A_be_si_lis_a	NPrePre2_BPre2_BPre7_NStem	VRoot_NStem_VRoot_VRoot_VRoot	NPrePre2_BPre2_BPre7_NStem	VRoot_VRoot_NStem_VRoot_VRoot
bo_na	PronStem2_PronSuf	PUNC_PUNC	PronStem2_PronSuf	PUNC_PUNC
?	Punc	Conj	Punc	Conj
Uma	Conj	Conj	Conj	Conj
ku_njalo	SC15_Adv	PUNC_PUNC	SC15_Adv	PUNC_PUNC
,	Punc	PUNC	Punc	PUNC
hlobo	NStem	PUNC	NStem	PUNC
lu_ni	BPre11_Interrog	PUNC_PUNC	BPre11_Interrog	PUNC_PUNC
?	Punc	Conj	Punc	Conj
I__B_atho	NPrePre9_ProperName	NStem_NStem_NStem	NPrePre9_ProperName	NStem_NStem_NStem
Pele	ProperName	PUNC	ProperName	PUNC
i_dinga	SC9_VRoot_VerbTerm	NStem_NStem	SC9_VRoot_VerbTerm	NStem_NStem
u_kuth_i	Conj	NStem_NStem_NStem	Conj	NStem_NStem_NStem
'	Punc	PUNC	Punc	PUNC
u_mu_ntu	NPrePre1_BPre1_NStem	NStem_NStem_NStem	NPrePre1_BPre1_NStem	NStem_NStem_NStem
nga_mu_nye	AdvPre_BPre1_EnumStem	NStem_NStem_NStem	AdvPre_BPre1_EnumStem	NStem_NStem_NStem
o_sebenz_a	RelConc1_VRoot_VerbTerm	NStem_NStem_NStem	RelConc1_VRoot_VerbTerm	NStem_VRoot_NStem
e_mnyangw_eni	LocPre_BPre3_NStem_LocSuf	VRoot_VRoot_VRoot	LocPre_BPre3_NStem_LocSuf	VRoot_VRoot_VRoot
ka_Hulumeni	PossKA_NPrePre1a_NStem	NStem_NStem	PossKA_NPrePre1a_NStem	PUNC_NStem
ku_mel_e	SC15_VRoot_VerbTerm	PUNC_PUNC_PUNC	SC15_VRoot_VerbTerm	NStem_NStem_NStem
a_zi_qhenye	SC1_ReflPre_VRoot_VerbTerm	NStem_NStem_NStem	SC1_ReflPre_VRoot_VerbTerm	NStem_NStem_NStem
u_kuth_i	Conj	NStem_NStem_NStem	Conj	NStem_NStem_NStem
u_y_i_si_sebenzi	BPre1_CopPre_NPrePre7_BPre7_NStem	VRoot_VRoot_VRoot_VRoot_VRoot	BPre1_CopPre_NPrePre7_BPre7_NStem	VRoot_VRoot_VRoot_VRoot_VRoot
sa_ba_ntu	PossConc7_BPre2_NStem	NStem_NStem_NStem	PossConc7_BPre2_NStem	NStem_NStem_NStem
'	Punc	Conj	Punc	PUNC
futh_i	Conj	NStem_NStem	Conj	NStem_PUNC
i_zi_miso	NPrePre8_BPre8_NStem	NStem_NStem_NStem	NPrePre8_BPre8_NStem	NStem_NStem_NStem
ezi_y_i_si_shiyagalombili	RelConc10_CopPre_NPrePre7_BPre7_NStem	VRoot_VRoot_VRoot_VRoot_VRoot	RelConc10_CopPre_NPrePre7_BPre7_NStem	VRoot_VRoot_VRoot_VRoot_VRoot
ezi_s_e_m_thethw_eni	RelConc8_PreLoc-s_LocPre_BPre3_NStem_LocSuf	VRoot_VRoot_VRoot_VRoot_VRoot_VRoot	RelConc8_PreLoc-s_LocPre_BPre3_NStem_LocSuf	VRoot_VRoot_VRoot_VRoot_VRoot_VRoot
za_kh_a	SC8_VRoot_VerbTerm	NStem_NStem_NStem	SC8_VRoot_VerbTerm	NStem_NStem_NStem
i_si_sekelo	NPrePre7_BPre7_NStem	NStem_NStem_NStem	NPrePre7_BPre7_NStem	NStem_NStem_NStem
oku_yi_so_na	RelConc15_CopPre_PronStem7_PronSuf	NStem_NStem_NStem_NStem	RelConc15_CopPre_PronStem7_PronSuf	NStem_NStem_NStem_NStem
esi_yi_nkaba	RelConc7_CopPre_NPrePre9_NStem	NStem_NStem_NStem	RelConc7_CopPre_NPrePre9_NStem	NStem_NStem_NStem
yo_kw_enz_ek_a_yo	PossConc9_NPrePre15_BPre15_VRoot_NeutExt_VerbTerm_RelSuf	VRoot_VRoot_VRoot_VRoot_VRoot_VRoot	PossConc9_NPrePre15_BPre15_VRoot_NeutExt_VerbTerm_RelSuf	VRoot_VRoot_VRoot_VRoot_VRoot_VRoot
kwa_nge_mpela	SC15_AdvPre_Adv	NStem_NStem_NStem	SC15_AdvPre_Adv	NStem_NStem_NStem
ko_ku_thuthuk_is_a	PossConc15_NPrePre15_BPre15_VRoot_CausExt_VerbTerm	VRoot_VRoot_VRoot_VRoot_VRoot	PossConc15_NPrePre15_BPre15_VRoot_CausExt_VerbTerm	VRoot_VRoot_VRoot_VRoot_VRoot
u_hulumeni	NPrePre1a_NStem	NStem_NStem	NPrePre1a_NStem	NStem_NStem
we_n_dawo	PossConc3_BPre9_NStem	NStem_NStem_NStem	PossConc3_BPre9_NStem	NStem_NStem_NStem
ngo_ku_phathelen_e	AdvPre_NPrePre15_BPre15_VRoot_Perf_VerbTerm	VRoot_VRoot_VRoot_VRoot	AdvPre_NPrePre15_BPre15_VRoot_Perf_VerbTerm	VRoot_VRoot_VRoot_VRoot
ne_zi_dingo	AdvPre_NPrePre8_BPre8_NStem	NStem_NStem_NStem	AdvPre_NPrePre8_BPre8_NStem	NStem_NStem_NStem
zo_m_phakathi	PossConc8_NPrePre3_BPre3_Adv	NStem_NStem_NStem	PossConc8_NPrePre3_BPre3_Adv	NStem_NStem_NStem
we_n_dawo	PossConc3_BPre9_NStem	NStem_NStem_NStem	PossConc3_BPre9_NStem	NStem_NStem_NStem
ku_nga_qal_a	SC15_Pot_VRoot_VerbTerm	NStem_NStem_NStem_NStem	SC15_Pot_VRoot_VerbTerm	NStem_NStem_NStem_NStem
u_kw_enz_ek_a	NPrePre15_BPre15_VRoot_NeutExt_VerbTerm	VRoot_VRoot_VRoot_VRoot_VRoot	NPrePre15_BPre15_VRoot_NeutExt_VerbTerm	VRoot_VRoot_VRoot_VRoot_VRoot
.	Punc	PUNC	Punc	PUNC
Ye_thul_a	CopPre_VRoot_VerbTerm	NStem_NStem_NStem	CopPre_VRoot_VerbTerm	NStem_NStem_NStem
i_zi_gaba	NPrePre8_BPre8_NStem	Conj_Conj_PUNC	NPrePre8_BPre8_NStem	NStem_PUNC_PUNC
ze_N_kombandlel_a	PossConc8_NPrePre9_BPre9_NStem	VRoot_VRoot_VRoot_VRoot	PossConc8_NPrePre9_BPre9_NStem	VRoot_VRoot_VRoot_VRoot
ngo_ku_sebenz_is_a	AdvPre_SC15_VRoot_CausExt_VerbTerm	VRoot_VRoot_VRoot_VRoot_VRoot	AdvPre_SC15_VRoot_CausExt_VerbTerm	VRoot_VRoot_VRoot_VRoot_VRoot
u_m_shini	NPrePre3_BPre3_NStem	NStem_NStem_NStem	NPrePre3_BPre3_NStem	NStem_NStem_NStem
i__da_ta	NPrePre9_NStem	NStem_NStem_NStem	NPrePre9_NStem	NStem_NStem_NStem
projector	Foreign	Conj	Foreign	PUNC
,	Punc	PUNC	Punc	PUNC
noma	Conj	Conj	Conj	Conj
i__o_verhead	NPrePre9_Foreign	NStem_NStem_NStem	NPrePre9_Foreign	NStem_NStem_NStem
projector	Foreign	PUNC	Foreign	PUNC
.	Punc	PUNC	Punc	PUNC
Uma	Conj	Conj	Conj	Conj
u_ngen_a_yo	BPre1_NegPre_AdvPre_PronStem9	NStem_NStem_NStem_NStem	BPre1_NegPre_AdvPre_PronStem9	NStem_NStem_VRoot_VRoot
le	Dem9_Pos1	Conj	Dem9_Pos1	Conj
mi_shini	BPre4_NStem	NStem_NStem	BPre4_NStem	NStem_NStem
aba_bamb_e	RelConc2_VRoot_VerbTerm	NStem_NStem_NStem	RelConc2_VRoot_VerbTerm	NStem_NStem_NStem
i_qhaz_a	NPrePre5_BPre5_NStem	NStem_NStem_NStem	NPrePre5_BPre5_NStem	NStem_NStem_NStem
ba_nga_sebenz_is_a	SC2_Pot_VRoot_CausExt_VerbTerm	VRoot_VRoot_VRoot_VRoot_VRoot	SC2_Pot_VRoot_CausExt_VerbTerm	VRoot_VRoot_VRoot_VRoot_VRoot
a_ma_nothi	NPrePre6_BPre6_NStem	NStem_NStem_NStem	NPrePre6_BPre6_NStem	NStem_NStem_NStem
a_bo	PossConc6_PronStem2	PUNC_PUNC	PossConc6_PronStem2	PUNC_PUNC
esi_fundo	RelConc7_NStem	PUNC_PUNC	RelConc7_NStem	PUNC_PUNC
,	Punc	PUNC	Punc	PUNC
a_s_e_khasi_ni	RelConc6_PreLoc-s_LocPre_NStem_LocSuf	VRoot_VRoot_NStem_VRoot_VRoot	RelConc6_PreLoc-s_LocPre_NStem_LocSuf	NStem_NStem_NStem_NStem_NStem
la_ma__52	PossConc5_NPrePre6_BPre6_Num	NStem_NStem_NStem	PossConc5_NPrePre6_BPre6_Num	NStem_NStem_NStem
,	Punc	PUNC	Punc	PUNC
u_ku_landel_a	NPrePre15_BPre15_VRoot_ApplExt_VerbTerm	NStem_NStem_NStem_NStem	NPrePre15_BPre15_VRoot_ApplExt_VerbTerm	NStem_NStem_NStem_NStem
i_n_cazelo	NPrePre9_BPre9_NStem	NStem_NStem_NStem	NPrePre9_BPre9_NStem	NStem_NStem_NStem
.	Punc	PUNC	Punc	PUNC
Sebenz_is_a	VRoot_CausExt_VerbTerm	NStem_NStem_NStem	VRoot_CausExt_VerbTerm	NStem_NStem_NStem
u_m_dwebo	NPrePre3_BPre3_NStem	NStem_NStem_NStem	NPrePre3_BPre3_NStem	VRoot_VRoot_NStem
u_ku_khomba	NPrePre15_BPre15_VRoot_VerbTerm	NStem_NStem_NStem	NPrePre15_BPre15_VRoot_VerbTerm	NStem_NStem_NStem
leso	Dem7_Pos2	PUNC	Dem7_Pos2	PUNC
na_leso	AdvPre_Dem7_Pos2	NStem_NStem	AdvPre_Dem7_Pos2	NStem_NStem
si_gaba	BPre7_NStem	PUNC_PUNC	BPre7_NStem	PUNC_PUNC
.	Punc	PUNC	Punc	PUNC
U_ku_xox_is_an_a	NPrePre15_BPre15_VRoot_CausExt_RecipExt_VerbTerm	VRoot_VRoot_VRoot_VRoot_VRoot_VRoot	NPrePre15_BPre15_VRoot_CausExt_RecipExt_VerbTerm	NStem_NStem_NStem_NStem_NStem_NStem
y_i_n_qubo	NPre9_NPrePre9_BPre9_NStem	VRoot_NStem_NStem_NStem	NPre9_NPrePre9_BPre9_NStem	NStem_NStem_NStem_NStem
lapho	Conj	PUNC	Conj	PUNC
i_zin_hlangothi	NPrePre10_BPre10_NStem	NStem_VRoot_NStem	NPrePre10_BPre10_NStem	NStem_NStem_NStem
ezi_fun_a	RelConc10_VRoot_VerbTerm	NStem_NStem_NStem	RelConc10_VRoot_VerbTerm	NStem_NStem_NStem
i_mi_phumel_a	NPrePre4_BPre4_NStem	VRoot_VRoot_NStem_NStem	NPrePre4_BPre4_NStem	NStem_NStem_NStem_NStem
e_ya_hluk_il_e	RelConc4_SC4_VRoot_Perf_VerbTerm	VRoot_VRoot_VRoot_VRoot_VRoot	RelConc4_SC4_VRoot_Perf_VerbTerm	VRoot_VRoot_VRoot_VRoot_VRoot
zi_fun_a	SC10_VRoot_VerbTerm	NStem_NStem_NStem	SC10_VRoot_VerbTerm	NStem_NStem_NStem
u_ku_finyelel_a	NPrePre15_BPre15_VRoot_VerbTerm	VRoot_VRoot_NStem_NStem	NPrePre15_BPre15_VRoot_VerbTerm	VRoot_VRoot_VRoot_VRoot
ku_m_phumel_a	LocPre_NPrePre3_BPre3_NStem	VRoot_NStem_VRoot_NStem	LocPre_NPrePre3_BPre3_NStem	NStem_NStem_NStem_NStem
oku_vunyelwan_a	RelConc15_VRoot_PassExt_RecipExt_VerbTerm	NStem_NStem_NStem	RelConc15_VRoot_PassExt_RecipExt_VerbTerm	VRoot_VRoot_VRoot
nga_wo	AdvPre_PronStem6	PUNC_PUNC	AdvPre_PronStem6	PUNC_PUNC
futh_i	Conj	NStem_NStem	Conj	NStem_NStem
ku_lokhu	LocPre_Dem15_Pos1	NStem_NStem	LocPre_Dem15_Pos1	NStem_NStem
zi_nga_bel_an_a	SC10_Pot_VRoot_ApplExt_RecipExt_VerbTerm	NStem_NStem_NStem_NStem_NStem	SC10_Pot_VRoot_ApplExt_RecipExt_VerbTerm	NStem_NStem_NStem_NStem_NStem
ngo_lw_az_i	AdvPre_BPre11_NStem	NStem_NStem_NStem_NStem	AdvPre_BPre11_NStem	NStem_NStem_NStem_NStem
,	Punc	PUNC	Punc	PUNC
u_ku_xazulul_a	NPrePre15_BPre15_VRoot_VerbTerm	VRoot_VRoot_VRoot_VRoot	NPrePre15_BPre15_VRoot_VerbTerm	VRoot_VRoot_VRoot_VRoot
i_n_kinga	NPrePre9_BPre9_NStem	NStem_NStem_NStem	NPrePre9_BPre9_NStem	NStem_NStem_NStem
,	Punc	PUNC	Punc	PUNC
u_ku_vumel_an_a	NPrePre15_BPre15_VRoot_ApplExt_RecipExt_VerbTerm	VRoot_VRoot_VRoot_VRoot_VRoot	NPrePre15_BPre15_VRoot_ApplExt_RecipExt_VerbTerm	VRoot_VRoot_VRoot_VRoot_NStem
,	Punc	PUNC	Punc	PUNC
u_ku_hlangan_is_a	NPrePre15_BPre15_VRoot_CausExt_VerbTerm	VRoot_VRoot_VRoot_VRoot_VRoot	NPrePre15_BPre15_VRoot_CausExt_VerbTerm	VRoot_VRoot_VRoot_VRoot_VRoot
no_ku_shintshanisel_an_a	AdvPre_NPrePre15_BPre15_VRoot_ApplExt_RecipExt_VerbTerm	VRoot_VRoot_VRoot_VRoot_VRoot	AdvPre_NPrePre15_BPre15_VRoot_ApplExt_RecipExt_VerbTerm	VRoot_VRoot_VRoot_VRoot_VRoot
nge_zi_khundla	AdvPre_NPrePre8_BPre8_NStem	NStem_NStem_NStem	AdvPre_NPrePre8_BPre8_NStem	NStem_NStem_NStem
no_ku_fun_a	AdvPre_NPrePre15_BPre15_VRoot_VerbTerm	NStem_NStem_NStem_NStem	AdvPre_NPrePre15_BPre15_VRoot_VerbTerm	NStem_NStem_NStem_NStem
u_ku_hlangan_is_a	NPrePre15_BPre15_VRoot_CausExt_VerbTerm	VRoot_VRoot_VRoot_VRoot_VRoot	NPrePre15_BPre15_VRoot_CausExt_VerbTerm	VRoot_VRoot_VRoot_VRoot_VRoot
i_zi_mfuno	NPrePre10_BPre10_NStem	NStem_NStem_NStem	NPrePre10_BPre10_NStem	NStem_NStem_NStem
lapho	Conj	PUNC	Conj	PUNC
ku_ng_enz_ek_a	SC15_Pot_VRoot_NeutExt_VerbTerm	VRoot_VRoot_VRoot_VRoot_VRoot	SC15_Pot_VRoot_NeutExt_VerbTerm	VRoot_VRoot_VRoot_VRoot_VRoot
khona	AbsPron15	PUNC	AbsPron15	PUNC
.	Punc	PUNC	Punc	NStem
U_kw_az_is_w_a	NPrePre15_BPre15_VRoot_CausExt_PassExt_VerbTerm	VRoot_VRoot_VRoot_VRoot_VRoot_NStem	NPrePre15_BPre15_VRoot_CausExt_PassExt_VerbTerm	VRoot_VRoot_VRoot_VRoot_VRoot_VRoot
ngo_hlelo	AdvPre_NPrePre11_NStem	NStem_NStem	AdvPre_NPrePre11_NStem	NStem_NStem
_	Punc		Punc	
sebenz_is_a	VRoot_CausExt_VerbTerm	NStem_NStem_NStem	VRoot_CausExt_VerbTerm	NStem_NStem_NStem
i_zin_dlel_a	NPrePre10_BPre10_NStem	NStem_NStem_NStem_NStem	NPrePre10_BPre10_NStem	VRoot_VRoot_VRoot_VRoot
ez_ahlukehluk_en_e	RelConc10_VRoot_RecipExt_VerbTerm	VRoot_VRoot_VRoot_VRoot	RelConc10_VRoot_RecipExt_VerbTerm	VRoot_VRoot_VRoot_VRoot
u_kw_az_is_a	NPrePre15_BPre15_VRoot_CausExt_VerbTerm	VRoot_NStem_NStem_NStem_NStem	NPrePre15_BPre15_VRoot_CausExt_VerbTerm	VRoot_VRoot_VRoot_NStem_NStem
a_ma_komidi	NPrePre6_BPre6_NStem	NStem_NStem_NStem	NPrePre6_BPre6_NStem	NStem_NStem_NStem
ezi_gceme	RelConc8_NStem	NStem_NStem	RelConc8_NStem	NStem_NStem
,	Punc	PUNC	Punc	PUNC
i_mi_phakathi	NPrePre4_BPre4_Adv	NStem_NStem_NStem	NPrePre4_BPre4_Adv	NStem_NStem_NStem
,	Punc	PUNC	Punc	PUNC
u_bu_holi	NPrePre14_BPre14_NStem	NStem_NStem_NStem	NPrePre14_BPre14_NStem	NStem_NStem_NStem
be_ndabuko	PossConc2_NPrePre9_NStem	NStem_NStem	PossConc2_NPrePre9_NStem	NStem_NStem
na_ba_holi	AdvPre_NPrePre2_BPre2_NStem	NStem_NStem_NStem	AdvPre_NPrePre2_BPre2_NStem	NStem_NStem_NStem
aba_ne_mi_bono	RelConc2a_AdvPre_NPrePre4_BPre4_NStem	NStem_NStem_NStem_NStem	RelConc2a_AdvPre_NPrePre4_BPre4_NStem	NStem_NStem_NStem_NStem
yo_ku_th_i	PossConc4_Conj	NStem_NStem_NStem_NStem	PossConc4_Conj	NStem_NStem_NStem_NStem
i_n_qubo	NPrePre9_BPre9_NStem	NStem_NStem_NStem	NPrePre9_BPre9_NStem	NStem_NStem_NStem
ye__C_BP	PossConc4_NPrePre9_Abbr	NStem_NStem_NStem	PossConc4_NPrePre9_Abbr	NStem_NStem_NStem
i_zo_qal_a	SC9_Fut_VRoot_VerbTerm	NStem_NStem_NStem_NStem	SC9_Fut_VRoot_VerbTerm	NStem_NStem_NStem_NStem
.	Punc	PUNC	Punc	PUNC
A_ma_phandle_ni	NPrePre6_BPre6_NStem_LocSuf	NStem_NStem_NStem_NStem	NPrePre6_BPre6_NStem_LocSuf	NStem_NStem_NStem_NStem
ku_nga_ba	SC15_Pot_VRoot_VerbTerm	NStem_NStem_NStem	SC15_Pot_VRoot_VerbTerm	NStem_NStem_NStem
na_ma_wadi	AdvPre_BPre6_NStem	NStem_NStem_NStem	AdvPre_BPre6_NStem	NStem_NStem_NStem
a_ma_khulu	AdjPref6_AdjStem	NStem_NStem_NStem	AdjPref6_AdjStem	NStem_NStem_NStem
ana_ba_ntu	RelConc6_AdvPre_BPre2_NStem	NStem_NStem_NStem	RelConc6_AdvPre_BPre2_NStem	NStem_NStem_NStem
aba_hlangis_a	RelConc2_VRoot_CausExt_VerbTerm	NStem_NStem_NStem	RelConc2_VRoot_CausExt_VerbTerm	NStem_NStem_NStem
i_zi_godi	NPrePre8_BPre8_NStem	NStem_NStem_NStem	NPrePre8_BPre8_NStem	NStem_NStem_NStem
na_ba_s_e_ma_pulazi_ni	CopPre_RelConc2_PreLoc-s_LocPre_NStem_LocSuf	VRoot_VRoot_VRoot_VRoot_VRoot_VRoot_VRoot	CopPre_RelConc2_PreLoc-s_LocPre_NStem_LocSuf	VRoot_VRoot_VRoot_VRoot_VRoot_VRoot_VRoot
.	Punc	PUNC	Punc	PUNC
Ku_ne_zin_hlangano	BPre15_AdvPre_NPrePre10_BPre10_NStem	VRoot_VRoot_VRoot_VRoot	BPre15_AdvPre_NPrePre10_BPre10_NStem	VRoot_NStem_VRoot_NStem
ezi_yi_dlanz_an_a	RelConc10_ACau_NStem_DimSuf	VRoot_VRoot_VRoot_VRoot_VRoot	RelConc10_ACau_NStem_DimSuf	VRoot_VRoot_VRoot_VRoot_VRoot
ezi_sebenz_a_yo	RelConc8_VRoot_VerbTerm_RelSuf	VRoot_VRoot_VRoot_VRoot	RelConc8_VRoot_VerbTerm_RelSuf	VRoot_VRoot_VRoot_VRoot
.	Punc	PUNC	Punc	PUNC
I_si_godi	NPrePre7_BPre7_NStem	NStem_NStem_NStem	NPrePre7_BPre7_NStem	NStem_NStem_NStem
nga_si_nye	AdvPre_BPre7_EnumStem	NStem_NStem_NStem	AdvPre_BPre7_EnumStem	NStem_NStem_NStem
noma	Conj	Conj	Conj	Conj
i_qembu	NPrePre5_BPre5_NStem	NStem_NStem	NPrePre5_BPre5_NStem	NStem_NStem
la_ba_s_e_ma_pulazi_ni	RelConc2_ReflPre_BPre6_NStem_InterrogSuf	VRoot_VRoot_VRoot_VRoot_VRoot_VRoot_VRoot	RelConc2_ReflPre_BPre6_NStem_InterrogSuf	VRoot_VRoot_VRoot_VRoot_VRoot_VRoot_VRoot
li_nga_kheth_a	SC5_AdvPre_VRoot_VerbTerm	NStem_NStem_NStem_NStem	SC5_AdvPre_VRoot_VerbTerm	NStem_NStem_NStem_NStem
u_mmeli	NPrePre1_BPre1_NStem	NStem_NStem	NPrePre1_BPre1_NStem	NStem_NStem
o_nga_ba_mel_a	RelConc3_AdvPre_SC2_NStem	NStem_NStem_NStem_NStem_NStem	RelConc3_AdvPre_SC2_NStem	NStem_NStem_NStem_NStem_NStem
Kw_i_komiti	LocPre_NPrePre5_NStem	NStem_NStem_NStem	LocPre_NPrePre5_NStem	NStem_NStem_NStem
Le_wadi	Dem4_Pos1_NStem	NStem_NStem	Dem4_Pos1_NStem	NStem_PUNC
.	Punc	PUNC	Punc	NStem
U_mongo	NPrePre3_NStem	NStem_NStem	NPrePre3_NStem	PUNC_NStem
wo_M_thethosisekelo	PossConc1a_NStem	VRoot_VRoot_VRoot	PossConc1a_NStem	VRoot_VRoot_VRoot
nguMqulu	CopPre_NStem	NStem	CopPre_NStem	NStem
Wa_ma_lungelo	PossConc1a_NPrePre6_BPre6_NStem	NStem_NStem_NStem	PossConc1a_NPrePre6_BPre6_NStem	NStem_NStem_NStem
.	Punc	PUNC	Punc	PUNC
U_Mqulu	BPre3_ProperName	NStem_NStem	BPre3_ProperName	NStem_NStem
Wa_ma_lungelo	PossConc1a_NPrePre6_BPre6_NStem	NStem_NStem_NStem	PossConc1a_NPrePre6_BPre6_NStem	NStem_NStem_NStem
u_vikel_a	SC3_VRoot_VerbTerm	NStem_NStem_NStem	SC3_VRoot_VerbTerm	NStem_NStem_NStem
a_ma_lungelo	NPrePre6_BPre6_NStem	NStem_NStem_NStem	NPrePre6_BPre6_NStem	NStem_NStem_NStem
a_zo	PossConc6_PronStem8	PUNC_PUNC	PossConc6_PronStem8	PUNC_PUNC
zo_nke	QuantConc8_QuantStem	NStem_NStem	QuantConc8_QuantStem	NStem_NStem
i_zakhamizi	NPrePre8_NStem	NStem_NStem	NPrePre8_NStem	NStem_NStem
u_kuth_i	Conj	NStem_NStem_NStem	Conj	NStem_NStem_NStem
zi_phath_w_e	SC8_VRoot_PassExt_VerbTerm	NStem_NStem_NStem_NStem	SC8_VRoot_PassExt_VerbTerm	NStem_NStem_NStem_NStem
ngo_ku_lingan_a_yo	AdvPre_NPrePre15_BPre15_NStem_RelSuf	VRoot_NStem_VRoot_VRoot_NStem	AdvPre_NPrePre15_BPre15_NStem_RelSuf	NStem_NStem_NStem_NStem_NStem
ka_nye	AdvPre_AdjStem	PUNC_PUNC	AdvPre_AdjStem	PUNC_PUNC
na_ngo_ku_hloniph_ek_a	AdvPre_CopPre_RelConc15_NStem	VRoot_VRoot_VRoot_VRoot_VRoot_VRoot	AdvPre_CopPre_RelConc15_NStem	VRoot_VRoot_VRoot_VRoot_VRoot_VRoot
nga_phandle	AdvPre_Adv	NStem_NStem	AdvPre_Adv	NStem_NStem
ko_ku_bhek_a	PossConc15_RelConc15_VRoot_VerbTerm	NStem_NStem_NStem_NStem	PossConc15_RelConc15_VRoot_VerbTerm	NStem_NStem_NStem_NStem
u_bu_hlanga	NPrePre14_BPre14_NStem	NStem_NStem_NStem	NPrePre14_BPre14_NStem	NStem_NStem_NStem
,	Punc	PUNC	Punc	PUNC
u_bu_lili	NPrePre14_BPre14_NStem	NStem_NStem_NStem	NPrePre14_BPre14_NStem	NStem_NStem_NStem
,	Punc	PUNC	Punc	PUNC
u_ku_ceb_a	NPrePre15_BPre15_NStem	NStem_NStem_NStem_NStem	NPrePre15_BPre15_NStem	NStem_NStem_NStem_NStem
noma	Conj	Conj	Conj	Conj
i_si_mo	NPrePre7_BPre7_NStem	NStem_NStem_NStem	NPrePre7_BPre7_NStem	NStem_NStem_NStem
so_mu_ntu	PossConc7_NPrePre1_BPre1_NStem	NStem_NStem_NStem	PossConc7_NPrePre1_BPre1_NStem	NStem_NStem_NStem
.	Punc	PUNC	Punc	PUNC
U_M_thetho	NPrePre1_ProperName	NStem_NStem_NStem	NPrePre1_ProperName	NStem_NStem_NStem
We_zin_hlaka	PossConc1a_NPrePre10_BPre10_NStem	NStem_NStem_NStem	PossConc1a_NPrePre10_BPre10_NStem	NStem_NStem_NStem
Zi_ka_masipala	PossConc8_PossKA_NStem	NStem_NStem_NStem	PossConc8_PossKA_NStem	NStem_NStem_NStem
,	Punc	PUNC	Punc	PUNC
1998	Num	Conj	Num	Conj
u_bek_a	SC1_VRoot_VerbTerm	NStem_NStem_NStem	SC1_VRoot_VerbTerm	NStem_NStem_NStem
u_th_i	SC1_VRoot_VerbTerm	PUNC_PUNC_PUNC	SC1_VRoot_VerbTerm	NStem_PUNC_PUNC
u_masipala	BPre11_NStem	NStem_NStem	BPre11_NStem	NStem_NStem
u_ne_lungelo	BPre1_AdvPre_NPrePre5_BPre5_NStem	NStem_NStem_NStem	BPre1_AdvPre_NPrePre5_BPre5_NStem	NStem_NStem_NStem
lo_ku_hlakaz_a	PossConc5_NPrePre15_Intrans_VerbTerm	VRoot_VRoot_VRoot_VRoot	PossConc5_NPrePre15_Intrans_VerbTerm	NStem_VRoot_VRoot_NStem
i_Komidi	NPrePre9_NStem	NStem_NStem	NPrePre9_NStem	NStem_NStem
Le_sigceme	Dem9_Pos1_NStem	NStem_NStem	Dem9_Pos1_NStem	NStem_NStem
u_ma	Conj	PUNC_PUNC	Conj	PUNC_PUNC
li_hlul_ek_a	NPrePre5_NStem	NStem_NStem_NStem_NStem	NPrePre5_NStem	NStem_NStem_NStem_NStem
u_ku_fez_a	NPrePre15_BPre15_VRoot_VerbTerm	NStem_NStem_NStem_NStem	NPrePre15_BPre15_VRoot_VerbTerm	NStem_NStem_NStem_NStem
i_zin_hloso	NPrePre10_BPre10_NStem	NStem_NStem_NStem	NPrePre10_BPre10_NStem	NStem_NStem_NStem
za_lo	PossConc10_PronStem11	PUNC_PUNC	PossConc10_PronStem11	PUNC_PUNC
.	Punc	PUNC	Punc	PUNC
Lokhu	Dem15_Pos1	PUNC	Dem15_Pos1	PUNC
kw_enz_iw_a	SC15_VRoot_PassExt_VerbTerm	NStem_NStem_NStem_NStem	SC15_VRoot_PassExt_VerbTerm	VRoot_VRoot_VRoot_VRoot
i_ka_khulukazi	NPrePre9_AdvPre_NStem	VRoot_NStem_NStem	NPrePre9_AdvPre_NStem	NStem_NStem_NStem
u_ma	Conj	PUNC_PUNC	Conj	PUNC_PUNC
i_Komidi	NPrePre9_NStem	NStem_NStem	NPrePre9_NStem	NStem_NStem
Le_sigceme	Dem9_Pos1_NStem	NStem_NStem	Dem9_Pos1_NStem	NStem_NStem
li_hlul_ek_a	NPrePre5_NStem	VRoot_VRoot_VRoot_VRoot	NPrePre5_NStem	NStem_NStem_NStem_NStem
u_kw_enz_a	NPrePre15_BPre15_VRoot_VerbTerm	NStem_NStem_NStem_NStem	NPrePre15_BPre15_VRoot_VerbTerm	NStem_NStem_NStem_VRoot
u_m_sebenzi	NPrePre3_BPre3_NStem	NStem_NStem_NStem	NPrePre3_BPre3_NStem	NStem_NStem_NStem
wa_lo	PossConc1_NStem	PUNC_PUNC	PossConc1_NStem	PUNC_PUNC
.	Punc	PUNC	Punc	PUNC
Yini	Interrog	PUNC	Interrog	PUNC
o_y_enz_a_yo	RelConc1_OC9_VRoot_VerbTerm_RelSuf	NStem_NStem_NStem_NStem_NStem	RelConc1_OC9_VRoot_VerbTerm_RelSuf	VRoot_VRoot_VRoot_VRoot_VRoot
e_y_enz_a	RelConc4_CopPre_VRoot_VerbTerm	NStem_NStem_NStem_NStem	RelConc4_CopPre_VRoot_VerbTerm	NStem_NStem_NStem_NStem
ku_be	SC15_AuxVStem	PUNC_PUNC	SC15_AuxVStem	PUNC_PUNC
nzima	RelStem	Conj	RelStem	Conj
u_ku_khulum_a	NPrePre15_BPre15_VRoot_VerbTerm	VRoot_NStem_NStem_VRoot	NPrePre15_BPre15_VRoot_VerbTerm	VRoot_VRoot_VRoot_VRoot
na_ye	AdvPre_PronStem1	PUNC_PUNC	AdvPre_PronStem1	PUNC_PUNC
?	Punc	Conj	Punc	PUNC
Fund_a	VRoot_VerbTerm	PUNC_PUNC	VRoot_VerbTerm	PUNC_PUNC
lo	Dem3_Pos1	Conj	Dem3_Pos1	Conj
mz_ek_el_iso	NStem	NStem_VRoot_NStem_NStem	NStem	NStem_NStem_NStem_NStem
o_landel_a_yo	RelConc3_Intrans_VerbTerm_RelSuf	NStem_NStem_NStem_NStem	RelConc3_Intrans_VerbTerm_RelSuf	NStem_NStem_NStem_NStem
.	Punc	PUNC	Punc	PUNC
U_M_BUZO	NPre2_NStem	NStem_NStem_NStem	NPre2_NStem	NStem_NStem_NStem
2	Num	Conj	Num	PUNC
Yi_zi_phi	CopPre_NPrePre10_BPre10_Interrog	NStem_NStem_NStem	CopPre_NPrePre10_BPre10_Interrog	NStem_NStem_NStem
i_zi_ngxenye	NPrePre10_BPre10_NStem	NStem_NStem_NStem	NPrePre10_BPre10_NStem	VRoot_NStem_VRoot
ezi_balulek_il_e	RelConc8_VRoot_Perf_VerbTerm	VRoot_VRoot_VRoot_VRoot	RelConc8_VRoot_Perf_VerbTerm	VRoot_VRoot_VRoot_VRoot
oku_m_el_e	RelConc15_VRoot_ApplExt_VerbTerm	NStem_NStem_NStem_NStem	RelConc15_VRoot_ApplExt_VerbTerm	NStem_NStem_NStem_NStem
u_ku_b_a	Conj	NStem_NStem_NStem_NStem	Conj	NStem_NStem_NStem_NStem
zi_b_e	SC10_VRoot_VerbTerm	NStem_NStem_NStem	SC10_VRoot_VerbTerm	NStem_NStem_NStem
khona	AbsPron15	PUNC	AbsPron15	PUNC
ku__P_MS	BPre17_Abbr	NStem_NStem_NStem	BPre17_Abbr	NStem_NStem_NStem
?	Punc	Conj	Punc	Conj
U_hlaka	NPrePre11_BPre11_NStem	NStem_NStem	NPrePre11_BPre11_NStem	PUNC_PUNC
lo_ku_lawul_a	PossConc5_NPrePre15_Intrans_VerbTerm	NStem_NStem_NStem_NStem	PossConc5_NPrePre15_Intrans_VerbTerm	NStem_NStem_NStem_NStem
i_n_dawo	NPrePre9_BPre9_NStem	NStem_NStem_NStem	NPrePre9_BPre9_NStem	NStem_NStem_NStem
.	Punc	PUNC	Punc	PUNC
I_n_tuthuko	NPrePre9_BPre9_NStem	NStem_NStem_NStem	NPrePre9_BPre9_NStem	NStem_VRoot_NStem
e_no_m_phumel_a	RelConc9_AdvPre_NPrePre3_BPre3_NStem	VRoot_VRoot_VRoot_VRoot_VRoot	RelConc9_AdvPre_NPrePre3_BPre3_NStem	VRoot_VRoot_VRoot_VRoot_VRoot
o_s_e_m_qoka	RelConc3_PreLoc-s_LocPre_BPre3_NStem	VRoot_VRoot_VRoot_VRoot_VRoot	RelConc3_PreLoc-s_LocPre_BPre3_NStem	PUNC_PUNC_PUNC_PUNC_NStem
e_n_dawe_ni	LocPre_BPre9_NStem_LocSuf	NStem_VRoot_NStem_VRoot	LocPre_BPre9_NStem_LocSuf	NStem_NStem_NStem_NStem
noma	Conj	Conj	Conj	Conj
e_nhlalakahle_ni	LocPre_NStem_LocSuf	VRoot_VRoot_VRoot	LocPre_NStem_LocSuf	NStem_NStem_NStem
ku_mel_e	SC15_VRoot_VerbTerm	NStem_NStem_NStem	SC15_VRoot_VerbTerm	NStem_NStem_NStem
ku_qal_e	SC15_VRoot_VerbTerm	NStem_NStem_NStem	SC15_VRoot_VerbTerm	NStem_NStem_NStem
kw_enz_iw_e	SC15_VRoot_PassExt_VerbTerm	VRoot_VRoot_VRoot_VRoot	SC15_VRoot_PassExt_VerbTerm	VRoot_VRoot_VRoot_VRoot
ngo_ku_xhas_a	AdvPre_NPrePre15_BPre15_VRoot_VerbTerm	NStem_NStem_NStem_NStem	AdvPre_NPrePre15_BPre15_VRoot_VerbTerm	NStem_NStem_NStem_NStem
i_ntuthuko	NPrePre9_BPre9_NStem	NStem_NStem	NPrePre9_BPre9_NStem	NStem_NStem
ezin_dawe_ni	RelConc8_BPre10_NStem_LocSuf	NStem_NStem_NStem	RelConc8_BPre10_NStem_LocSuf	NStem_NStem_NStem
ezi_hloben_e	RelConc8_NStem	NStem_NStem_NStem	RelConc8_NStem	NStem_VRoot_VRoot
.	Punc	PUNC	Punc	PUNC
U_ku_bamb_a	NPrePre15_BPre15_VRoot_VerbTerm	NStem_NStem_NStem_NStem	NPrePre15_BPre15_VRoot_VerbTerm	NStem_NStem_NStem_VRoot
ko_m_phakathi	PossConc15_NPrePre3_BPre3_NStem	NStem_NStem_NStem	PossConc15_NPrePre3_BPre3_NStem	NStem_NStem_NStem
we_n_dawo	PossConc3_BPre9_NStem	NStem_NStem_NStem	PossConc3_BPre9_NStem	PUNC_PUNC_PUNC
i_qhaz_a	NPrePre5_BPre5_NStem	NStem_NStem_NStem	NPrePre5_BPre5_NStem	NStem_NStem_NStem
e_ku_sebenze_ni	LocPre_BPre15_VRoot_VerbTerm_LocSuf	NStem_NStem_NStem_NStem	LocPre_BPre15_VRoot_VerbTerm_LocSuf	NStem_NStem_VRoot_VRoot
ku_ka_masipala	BPre15_PossKA_NStem	NStem_VRoot_NStem	BPre15_PossKA_NStem	NStem_VRoot_VRoot
ku_qinis_ek_is_w_e	SC15_VRoot_NeutExt_CausExt_PassExt_VerbTerm	VRoot_VRoot_VRoot_VRoot_VRoot_VRoot	SC15_VRoot_NeutExt_CausExt_PassExt_VerbTerm	VRoot_VRoot_VRoot_VRoot_VRoot_VRoot
ngo_ku_sebenz_a	AdvPre_NPrePre15_BPre15_VRoot_VerbTerm	NStem_VRoot_VRoot_VRoot	AdvPre_NPrePre15_BPre15_VRoot_VerbTerm	VRoot_VRoot_VRoot_VRoot
kwa_ma_Komidi	PossConc15_NPrePre6_BPre6_NStem	NStem_NStem_NStem	PossConc15_NPrePre6_BPre6_NStem	NStem_NStem_NStem
Ezi_gceme	RelConc8_NStem	NStem_NStem	RelConc8_NStem	NStem_NStem
futh_i	Conj	NStem_NStem	Conj	NStem_NStem
ku_no_m_bandel_a	BPre15_AdvPre_NPrePre3_BPre3_NStem	VRoot_VRoot_VRoot_VRoot_VRoot	BPre15_AdvPre_NPrePre3_BPre3_NStem	NStem_VRoot_VRoot_VRoot_NStem
wo_m_thetho	PossConc3_NPrePre3_BPre3_NStem	NStem_NStem_NStem	PossConc3_NPrePre3_BPre3_NStem	NStem_NStem_NStem
wo_ku_b_a	PossConc3_Conj	NStem_NStem_NStem_NStem	PossConc3_Conj	NStem_NStem_NStem_NStem
u_masipala	NPrePre1a_NStem	NStem_NStem	NPrePre1a_NStem	NStem_NStem
a_mbandakanye	SC1_BPre3_VRoot_VerbTerm	VRoot_NStem	SC1_BPre3_VRoot_VerbTerm	NStem_NStem
u_m_phakathi	NPrePre3_BPre3_Adv	NStem_NStem_NStem	NPrePre3_BPre3_Adv	NStem_NStem_NStem
,	Punc	PUNC	Punc	PUNC
ngo_ku_sebenz_is_a	AdvPre_NPrePre15_BPre15_VRoot_CausExt_VerbTerm	VRoot_VRoot_VRoot_VRoot_VRoot	AdvPre_NPrePre15_BPre15_VRoot_CausExt_VerbTerm	VRoot_VRoot_VRoot_VRoot_VRoot
a_ma_Komidi	NPrePre6_BPre6_NStem	NStem_PUNC_PUNC	NPrePre6_BPre6_NStem	NStem_NStem_NStem
Ezi_gceme	RelConc8_NStem	NStem_NStem	RelConc8_NStem	NStem_NStem
,	Punc	PUNC	Punc	PUNC
e_kw_enz_e_ni	LocPre_BPre15_VRoot_VerbTerm_LocSuf	VRoot_VRoot_VRoot_VRoot_VRoot	LocPre_BPre15_VRoot_VerbTerm_LocSuf	VRoot_VRoot_NStem_VRoot_VRoot
a_ma__K_PI	NPrePre6_BPre6_Abbr	NStem_NStem_NStem_NStem	NPrePre6_BPre6_Abbr	NStem_NStem_NStem_NStem
ne_mi_klamo	AdvPre_NPrePre4_BPre4_NStem	NStem_NStem_NStem	AdvPre_NPrePre4_BPre4_NStem	NStem_NStem_NStem
yo_ku_sebenz_a	PossConc4_NPrePre15_BPre15_VRoot_VerbTerm	VRoot_VRoot_VRoot_VRoot	PossConc4_NPrePre15_BPre15_VRoot_VerbTerm	VRoot_VRoot_VRoot_VRoot
no_ku_qinis_ek_is_a	AdvPre_NPrePre15_BPre15_VRoot_NeutExt_CausExt_VerbTerm	VRoot_VRoot_VRoot_VRoot_VRoot_VRoot	AdvPre_NPrePre15_BPre15_VRoot_NeutExt_CausExt_VerbTerm	VRoot_VRoot_VRoot_VRoot_VRoot_VRoot
u_ku_bamb_a	NPrePre15_BPre15_VRoot_VerbTerm	NStem_NStem_NStem_NStem	NPrePre15_BPre15_VRoot_VerbTerm	NStem_NStem_NStem_VRoot
ko_m_phakathi	PossConc15_NPrePre3_BPre3_NStem	NStem_NStem_NStem	PossConc15_NPrePre3_BPre3_NStem	NStem_NStem_NStem
i_qhaz_a	NPrePre5_BPre5_NStem	NStem_NStem_NStem	NPrePre5_BPre5_NStem	NStem_NStem_NStem
e_ku_bhek_e_ni	LocPre_BPre15_VRoot_VerbTerm	NStem_NStem_NStem_VRoot_VRoot	LocPre_BPre15_VRoot_VerbTerm	VRoot_VRoot_VRoot_VRoot_VRoot
na_s_e_ku_buyekez_e_ni	AdvPre_PreLoc-s_LocPre_BPre15_VRoot_VerbTerm_LocSuf	VRoot_VRoot_VRoot_VRoot_VRoot_VRoot_VRoot	AdvPre_PreLoc-s_LocPre_BPre15_VRoot_VerbTerm_LocSuf	VRoot_VRoot_VRoot_VRoot_VRoot_VRoot_VRoot
lokhu	Dem15_Pos1	PUNC	Dem15_Pos1	PUNC
.	Punc	PUNC	Punc	PUNC
A_hlal_a	NPre6_Intrans_VerbTerm	NStem_NStem_NStem	NPre6_Intrans_VerbTerm	NStem_NStem_NStem
e_no_lw_az_i	RelConc9_AdvPre_NPrePre11_BPre11_VRoot_VerbTerm	VRoot_VRoot_NStem_VRoot_VRoot	RelConc9_AdvPre_NPrePre11_BPre11_VRoot_VerbTerm	VRoot_VRoot_VRoot_VRoot_VRoot
nge_mi_biko	AdvPre_NPrePre4_BPre4_NStem	NStem_NStem_NStem	AdvPre_NPrePre4_BPre4_NStem	NStem_NStem_NStem
e_maya_lan_a	RelConc9_NStem_DimSuf	NStem_NStem_NStem_NStem	RelConc9_NStem_DimSuf	NStem_NStem_NStem_NStem
no_ku_qoq_w_a	AdvPre_BPre15_VRoot_PassExt_VerbTerm	VRoot_VRoot_VRoot_VRoot_VRoot	AdvPre_BPre15_VRoot_PassExt_VerbTerm	VRoot_VRoot_VRoot_VRoot_VRoot
kwe_zi_mali	PossConc15_NPrePre10_BPre10_NStem	NStem_NStem_NStem	PossConc15_NPrePre10_BPre10_NStem	NStem_NStem_NStem
ka_nye	AdvPre_AdjStem	PUNC_PUNC	AdvPre_AdjStem	PUNC_PUNC
no_ku_leth_w_a	AdvPre_BPre15_VRoot_PassExt_VerbTerm	VRoot_VRoot_VRoot_VRoot_VRoot	AdvPre_BPre15_VRoot_PassExt_VerbTerm	VRoot_VRoot_VRoot_VRoot_VRoot
kwe_mi_sebenzi	PossConc15_NPrePre4_BPre4_NStem	NStem_NStem_NStem	PossConc15_NPrePre4_BPre4_NStem	NStem_NStem_NStem
ya_masipala	PossConc4_NStem	NStem_NStem	PossConc4_NStem	NStem_NStem
.	Punc	PUNC	Punc	PUNC
U_ku_b_a	NPrePre15_BPre15_VRoot_VerbTerm	NStem_NStem_NStem_NStem	NPrePre15_BPre15_VRoot_VerbTerm	NStem_NStem_NStem_NStem
ne_khono	AdvPre_NPrePre5_BPre5_NStem	NStem_NStem	AdvPre_NPrePre5_BPre5_NStem	NStem_NStem
no_ku_kw_az_i	AdvPre_LocPre_BPre15_NStem	NStem_NStem_NStem_NStem_NStem	AdvPre_LocPre_BPre15_NStem	NStem_NStem_NStem_NStem_NStem
u_ku_sebenz_a	NPrePre15_BPre15_VRoot_VerbTerm	VRoot_VRoot_VRoot_VRoot	NPrePre15_BPre15_VRoot_VerbTerm	VRoot_VRoot_VRoot_VRoot
ko_thishanhloko	AdvPre_NStem	NStem_NStem	AdvPre_NStem	NStem_NStem
be_zi_kole	PossConc2a_NPrePre8_BPre8_NStem	NStem_NStem_NStem	PossConc2a_NPrePre8_BPre8_NStem	NStem_NStem_NStem
.	Punc	PUNC	Punc	PUNC
U_phawu	NPrePre11_BPre11_NStem	NStem_NStem	NPrePre11_BPre11_NStem	NStem_NStem
olu_vam_il_e	RelConc11_VRoot_Perf	NStem_NStem_NStem_NStem	RelConc11_VRoot_Perf	NStem_NStem_NStem_NStem
lwe_si_kole	PossConc11_NPrePre7_BPre7_NStem	NStem_NStem_NStem	PossConc11_NPrePre7_BPre7_NStem	NStem_NStem_NStem
esi_pheth_w_e	RelConc7_VRoot_PassExt_VerbTerm	NStem_NStem_NStem_NStem	RelConc7_VRoot_PassExt_VerbTerm	NStem_NStem_NStem_NStem
ka_hle	AdvPre_Adv	NStem_NStem	AdvPre_Adv	NStem_NStem
u_bu_holi	NPrePre14_BPre14_NStem	NStem_NStem_NStem	NPrePre14_BPre14_NStem	NStem_NStem_NStem
.	Punc	PUNC	Punc	PUNC
U_m_nyango	NPrePre3_BPre3_NStem	NStem_NStem_NStem	NPrePre3_BPre3_NStem	NStem_NStem_NStem
We_ze_m_fundo	PossConc1_PossConc8_BPre3_NStem	NStem_NStem_NStem_NStem	PossConc1_PossConc8_BPre3_NStem	NStem_NStem_NStem_NStem
E_y_i_si_sekelo	RelConc4_CopPre_NPrePre7_BPre7_NStem	VRoot_VRoot_VRoot_VRoot_VRoot	RelConc4_CopPre_NPrePre7_BPre7_NStem	VRoot_VRoot_VRoot_VRoot_VRoot
u_suvul_e	SC3_VRoot_VerbTerm	NStem_NStem_NStem	SC3_VRoot_VerbTerm	NStem_NStem_NStem
ngo_ku_s_e_m_thethw_eni	AdvPre_NPrePre15_BPre15_PreLoc-s_LocPre_BPre3_NStem_LocSuf	VRoot_VRoot_VRoot_VRoot_VRoot_VRoot_VRoot	AdvPre_NPrePre15_BPre15_PreLoc-s_LocPre_BPre3_NStem_LocSuf	VRoot_VRoot_VRoot_VRoot_VRoot_VRoot_VRoot
u_hlelo	NPrePre11_BPre11_NStem	NStem_NStem	NPrePre11_BPre11_NStem	NStem_NStem
lo_ku_kal_a	PossConc5_NPrePre15_Intrans_VerbTerm	NStem_NStem_NStem_NStem	PossConc5_NPrePre15_Intrans_VerbTerm	NStem_NStem_NStem_NStem
a_ma_khono	NPrePre6_BPre6_NStem	NStem_NStem_NStem	NPrePre6_BPre6_NStem	NStem_NStem_NStem
o_thishanhloko	BPre2a_NStem	NStem_NStem	BPre2a_NStem	NStem_NStem
na_ma_sekel_a	AdvPre_NPrePre6_BPre6_NStem	NStem_NStem_NStem_NStem	AdvPre_NPrePre6_BPre6_NStem	NStem_NStem_VRoot_VRoot
o_thishanhloko	BPre2a_NStem	NStem_NStem	BPre2a_NStem	NStem_NStem
.	Punc	PUNC	Punc	PUNC
Lolu	Dem11_Pos1	PUNC	Dem11_Pos1	PUNC
cwaningo	NStem	NStem	NStem	NStem
lu_yo_siz_a	SC5_Fut_VRoot_VerbTerm	NStem_NStem_NStem_NStem	SC5_Fut_VRoot_VerbTerm	NStem_NStem_NStem_NStem
u_ku_vez_a	NPrePre15_BPre15_VRoot_VerbTerm	NStem_NStem_NStem_NStem	NPrePre15_BPre15_VRoot_VerbTerm	NStem_NStem_NStem_NStem
aba_sebenz_a	RelConc2_VRoot_VerbTerm	NStem_NStem_NStem	RelConc2_VRoot_VerbTerm	NStem_NStem_NStem
ka_bi	AdvPre_AdjStem	PUNC_PUNC	AdvPre_AdjStem	PUNC_PUNC
,	Punc	PUNC	Punc	PUNC
ku_ye	LocPre_PronStem1	PUNC_PUNC	LocPre_PronStem1	PUNC_PUNC
ngezi_linganiso	AdvPre_NPrePre8_BPre8_NStem	NStem_NStem	AdvPre_NPrePre8_BPre8_NStem	VRoot_VRoot
za_ba_fundi	PossConc10_NPrePre2_BPre2_NStem	NStem_NStem_NStem	PossConc10_NPrePre2_BPre2_NStem	NStem_NStem_NStem
,	Punc	PUNC	Punc	PUNC
be_se	SC2_AuxVStem	PUNC_PUNC	SC2_AuxVStem	PUNC_PUNC
lu_vum_el_a	CopPre_VRoot_ApplExt_VerbTerm	NStem_NStem_NStem_NStem	CopPre_VRoot_ApplExt_VerbTerm	NStem_NStem_NStem_NStem
u_ku_sekel_w_a	NPrePre15_BPre15_VRoot_ApplExt_PassExt_VerbTerm	VRoot_VRoot_NStem_NStem_VRoot	NPrePre15_BPre15_VRoot_ApplExt_PassExt_VerbTerm	PUNC_NStem_NStem_NStem_PUNC
oku_fanel_e	RelConc15_VRoot_VerbTerm	NStem_NStem_NStem	RelConc15_VRoot_VerbTerm	NStem_NStem_NStem
ko_thishanhloko	AdvPre_NStem	NStem_NStem	AdvPre_NStem	NStem_NStem
no_thisha	AdvPre_NPrePre2a_NStem	NStem_NStem	AdvPre_NPrePre2a_NStem	PUNC_PUNC
.	Punc	PUNC	Punc	PUNC
O_thishanhloko	BPre2a_NStem	NStem_NStem	BPre2a_NStem	VRoot_VRoot
ku_mel_e	SC15_VRoot_VerbTerm	NStem_NStem_NStem	SC15_VRoot_VerbTerm	NStem_NStem_NStem
ba_kheth_w_e	SC2a_VRoot_PassExt_VerbTerm	NStem_NStem_NStem_NStem	SC2a_VRoot_PassExt_VerbTerm	NStem_NStem_NStem_NStem
ngo_ku_sebenz_a	AdvPre_NPrePre15_BPre15_VRoot_VerbTerm	VRoot_VRoot_VRoot_VRoot	AdvPre_NPrePre15_BPre15_VRoot_VerbTerm	VRoot_VRoot_VRoot_VRoot
ka_hle	AdvPre_Adv	NStem_NStem	AdvPre_Adv	NStem_NStem
kwa_bo	PossConc15_PronStem2	PUNC_PUNC	PossConc15_PronStem2	PUNC_PUNC
ku_phel_a	SC15_VRoot_VerbTerm	NStem_NStem_NStem	SC15_VRoot_VerbTerm	NStem_NStem_NStem
,	Punc	PUNC	Punc	PUNC
ba_nikez_w_e	SC2_VRoot_PassExt_VerbTerm	NStem_NStem_NStem_NStem	SC2_VRoot_PassExt_VerbTerm	VRoot_VRoot_NStem_VRoot
a_ma_ndla	NPrePre6_BPre6_NStem	NStem_NStem_NStem	NPrePre6_BPre6_NStem	NStem_NStem_NStem
a_ma_khudlw_an_a	AdjPref6_AdjStem_DimSuf	VRoot_VRoot_VRoot_VRoot_VRoot	AdjPref6_AdjStem_DimSuf	VRoot_VRoot_VRoot_VRoot_VRoot
e_ku_phath_e_ni	LocPre_NPrePre15_BPre15_VRoot_VerbTerm_LocSuf	VRoot_VRoot_VRoot_VRoot_VRoot	LocPre_NPrePre15_BPre15_VRoot_VerbTerm_LocSuf	VRoot_VRoot_VRoot_VRoot_VRoot
i_zi_kole	NPrePre8_BPre8_NStem	NStem_NStem_NStem	NPrePre8_BPre8_NStem	NStem_NStem_NStem
no_ku_th_i	AdvPre_BPre15_VRoot_VerbTerm	NStem_NStem_NStem_NStem	AdvPre_BPre15_VRoot_VerbTerm	NStem_NStem_NStem_NStem
ba_kw_az_i	SC2_OC15_VRoot_VerbTerm	NStem_NStem_NStem_NStem	SC2_OC15_VRoot_VerbTerm	NStem_NStem_NStem_NStem
u_ku_zi_phendulel_a	NPrePre15_BPre15_ReflPre_VRoot_ApplExt_VerbTerm	VRoot_VRoot_VRoot_VRoot_VRoot	NPrePre15_BPre15_ReflPre_VRoot_ApplExt_VerbTerm	VRoot_VRoot_VRoot_VRoot_VRoot
nge_n_dlel_a	AdvPre_NPrePre9_BPre9_NStem	NStem_NStem_NStem_NStem	AdvPre_NPrePre9_BPre9_NStem	NStem_NStem_NStem_NStem
abe_nz_a	RelConc2_VRoot_VerbTerm	NStem_NStem_NStem	RelConc2_VRoot_VerbTerm	NStem_NStem_NStem
nga_yo	AdvPre_PronStem9	PUNC_PUNC	AdvPre_PronStem9	PUNC_PUNC
u_m_sebenzi	NPrePre3_BPre3_NStem	NStem_NStem_NStem	NPrePre3_BPre3_NStem	NStem_NStem_NStem
.	Punc	PUNC	Punc	PUNC
Nge_si_khathi	AdvPre_NPrePre7_BPre7_NStem	NStem_NStem_NStem	AdvPre_NPrePre7_BPre7_NStem	NStem_NStem_NStem
ku_khonj_w_a	SC15_VRoot_PassExt_VerbTerm	VRoot_VRoot_VRoot_VRoot	SC15_VRoot_PassExt_VerbTerm	VRoot_VRoot_VRoot_VRoot
oku_s_e_m_qoka	RelConc15_PreLoc-s_LocPre_BPre3_NStem	VRoot_VRoot_VRoot_VRoot_VRoot	RelConc15_PreLoc-s_LocPre_BPre3_NStem	NStem_NStem_NStem_NStem_NStem
ngo_ku_bamb_is_an_a	AdvPre_NPrePre15_BPre15_VRoot_CausExt_RecipExt_VerbTerm	VRoot_VRoot_VRoot_VRoot_VRoot_VRoot	AdvPre_NPrePre15_BPre15_VRoot_CausExt_RecipExt_VerbTerm	VRoot_VRoot_VRoot_VRoot_VRoot_VRoot
no_m_phakathi	AdvPre_NPrePre3_BPre4_Adv	NStem_NStem_NStem	AdvPre_NPrePre3_BPre4_Adv	NStem_NStem_NStem
,	Punc	PUNC	Punc	PUNC
ku_ya_siz_a	SC15_Pres_VRoot_VerbTerm	NStem_NStem_NStem_NStem	SC15_Pres_VRoot_VerbTerm	NStem_NStem_NStem_NStem
u_ku_khuthaz_a	NPrePre15_BPre15_VRoot_VerbTerm	NStem_VRoot_VRoot_VRoot	NPrePre15_BPre15_VRoot_VerbTerm	VRoot_VRoot_VRoot_VRoot
a_ma_lungu	NPrePre6_BPre6_NStem	NStem_NStem_NStem	NPrePre6_BPre6_NStem	NStem_NStem_NStem
o_m_phakathi	RelConc3_BPre3_Adv	NStem_NStem_NStem	RelConc3_BPre3_Adv	NStem_NStem_NStem
u_ku_cabanga	NPrePre15_BPre15_VRoot_VerbTerm	NStem_NStem_NStem	NPrePre15_BPre15_VRoot_VerbTerm	VRoot_NStem_NStem
ngo_ku_banzi	AdvPre_NPrePre15_BPre15_RelStem	NStem_NStem_NStem	AdvPre_NPrePre15_BPre15_RelStem	NStem_NStem_NStem
no_ku_nak_a	AdvPre_NPrePre15_BPre15_VRoot_VerbTerm	NStem_NStem_NStem_NStem	AdvPre_NPrePre15_BPre15_VRoot_VerbTerm	PUNC_PUNC_PUNC_NStem
i_zi_dingo	NPrePre8_BPre8_NStem	NStem_NStem_NStem	NPrePre8_BPre8_NStem	NStem_NStem_NStem
za_manje	PossConc8_Adv	PUNC_PUNC	PossConc8_Adv	PUNC_PUNC
,	Punc	PUNC	Punc	PUNC
ze_si_khathi	PossConc8_NPrePre7_BPre7_NStem	NStem_NStem_NStem	PossConc8_NPrePre7_BPre7_NStem	NStem_NStem_NStem
esi_nge_si_de	RelConc8_NegPre_BPre8_AdjStem	PUNC_PUNC_PUNC_PUNC	RelConc8_NegPre_BPre8_AdjStem	NStem_NStem_NStem_NStem
ka_khulu	AdvPre_AdjStem	NStem_NStem	AdvPre_AdjStem	NStem_NStem
ka_nye	Conj	PUNC_PUNC	Conj	PUNC_PUNC
ne_ze_si_khathi	AdvPre_NPrePre8_PossConc8_NPrePre7_BPre7_NStem	VRoot_NStem_NStem_NStem	AdvPre_NPrePre8_PossConc8_NPrePre7_BPre7_NStem	VRoot_NStem_NStem_NStem
esi_de	AdjPref7_AdjStem	PUNC_PUNC	AdjPref7_AdjStem	PUNC_PUNC
.	Punc	PUNC	Punc	PUNC
A_ma__K_PI	NPrePre6_BPre6_Abbr	NStem_NStem_NStem_NStem	NPrePre6_BPre6_Abbr	NStem_NStem_NStem_NStem
a_qond_is_w_e	SC6_VRoot_CausExt_PassExt_VerbTerm	VRoot_VRoot_VRoot_VRoot_VRoot	SC6_VRoot_CausExt_PassExt_VerbTerm	VRoot_VRoot_VRoot_VRoot_VRoot
ku_ma_yunithi	LocPre_BPre6_NStem	NStem_NStem_NStem	LocPre_BPre6_NStem	NStem_NStem_NStem
oku_phath_a	RelConc15_VRoot_VerbTerm	NStem_NStem_NStem	RelConc15_VRoot_VerbTerm	NStem_NStem_NStem
ka_nye	AdvPre_AdjStem	PUNC_PUNC	AdvPre_AdjStem	PUNC_PUNC
na_ba_sebenzi	AdvPre_NPrePre2_BPre2_NStem	NStem_NStem_NStem	AdvPre_NPrePre2_BPre2_NStem	NStem_NStem_NStem
ba_ka_masipala	PossConc2_PossKA_NStem	NStem_NStem_NStem	PossConc2_PossKA_NStem	NStem_NStem_NStem
,	Punc	PUNC	Punc	PUNC
ka_nye	AdvPre_AdjStem	PUNC_PUNC	AdvPre_AdjStem	PUNC_PUNC
na_kho	AdvPre_PronStem15	PUNC_PUNC	AdvPre_PronStem15	PUNC_PUNC
ko_nke	QuantConc15_QuantStem	NStem_NStem	QuantConc15_QuantStem	NStem_NStem
o_kwa_masipala	BPre2a_PossConc15_NStem	NStem_NStem_NStem	BPre2a_PossConc15_NStem	NStem_NStem_NStem
ka_nye	AdvPre_AdjStem	PUNC_PUNC	AdvPre_AdjStem	PUNC_PUNC
no_mhlinzeki	AdvPre_ProperName	NStem_NStem	AdvPre_ProperName	VRoot_VRoot
we_mi_sebenzi	PossConc3_NPrePre4_BPre4_NStem	NStem_NStem_NStem	PossConc3_NPrePre4_BPre4_NStem	NStem_NStem_NStem
u_masipala	NPrePre1_NStem	NStem_NStem	NPrePre1_NStem	NStem_NStem
enz_e	SC6_VRoot_VerbTerm	NStem_NStem	SC6_VRoot_VerbTerm	NStem_NStem
na_ye	AdvPre_PronStem1	PUNC_PUNC	AdvPre_PronStem1	PUNC_PUNC
i_si_vumelwane	NPrePre7_BPre7_NStem	NStem_NStem_NStem	NPrePre7_BPre7_NStem	NStem_NStem_NStem
so_ku_leth_w_a	PossConc7_NPrePre15_BPre15_VRoot_PassExt_VerbTerm	VRoot_VRoot_VRoot_VRoot_VRoot	PossConc7_NPrePre15_BPre15_VRoot_PassExt_VerbTerm	VRoot_VRoot_VRoot_VRoot_VRoot
kwe_mi_sebenzi	PossConc15_NPrePre4_BPre4_NStem	NStem_NStem_NStem	PossConc15_NPrePre4_BPre4_NStem	NStem_NStem_NStem
.	Punc	PUNC	Punc	PUNC
O_masipala	NPrePre2a_NStem	NStem_NStem	NPrePre2a_NStem	NStem_NStem
ba_ne_zi_mfuno	BPre2_AdvPre_NPrePre10_BPre10_NStem	NStem_NStem_NStem_NStem	BPre2_AdvPre_NPrePre10_BPre10_NStem	NStem_NStem_NStem_NStem
ez_ahlukahluk_en_e	RelConc8_VRoot_RecipExt_VerbTerm	VRoot_VRoot_VRoot_VRoot	RelConc8_VRoot_RecipExt_VerbTerm	VRoot_VRoot_VRoot_VRoot
futh_i	Conj	NStem_NStem	Conj	NStem_NStem
be_nga_zi_thol_a	SC2_Pot_ReflPre_VRoot_VerbTerm	VRoot_VRoot_VRoot_VRoot_VRoot	SC2_Pot_ReflPre_VRoot_VerbTerm	VRoot_VRoot_VRoot_VRoot_VRoot
be_ncintis_an_a	PossConc2_VRoot_CausExt_RecipExt_VerbTerm	VRoot_VRoot_VRoot_VRoot	PossConc2_VRoot_CausExt_RecipExt_VerbTerm	VRoot_VRoot_VRoot_VRoot
bo_dwa	QuantConc2a_QuantStem	PUNC_PUNC	QuantConc2a_QuantStem	PUNC_PUNC
.	Punc	PUNC	Punc	PUNC
I__P_MS	NPrePre9_Abbr	NStem_NStem_NStem	NPrePre9_Abbr	NStem_NStem_NStem
ku_fanel_e	SC15_VRoot_VerbTerm	NStem_NStem_NStem	SC15_VRoot_VerbTerm	NStem_NStem_NStem
i_fak_e	SC9_VRoot_VerbTerm	NStem_NStem_NStem	SC9_VRoot_VerbTerm	NStem_PUNC_NStem
phakathi	Adv	PUNC	Adv	PUNC
ezin_ingi	AdjPref10_AdjStem	NStem_NStem	AdjPref10_AdjStem	NStem_NStem
za_lezi	PossConc10_Dem10_Pos1	NStem_NStem	PossConc10_Dem10_Pos1	NStem_NStem
zi_mfuno	BPre10_NStem	NStem_NStem	BPre10_NStem	NStem_NStem
njengoba	Conj	PUNC	Conj	PUNC
zi_balulek_il_e	SC10_Intrans_Perf_VerbTerm	VRoot_VRoot_VRoot_VRoot	SC10_Intrans_Perf_VerbTerm	VRoot_VRoot_VRoot_VRoot
futh_i	Conj	NStem_NStem	Conj	NStem_NStem
zi_khona	SC10_Adv	NStem_NStem	SC10_Adv	NStem_NStem
njalo	Adv	Conj	Adv	Conj
.	Punc	PUNC	Punc	PUNC
Ku_zo_kw_enz_ek_a	SC15_Fut_BPre15_VRoot_NeutExt_VerbTerm	VRoot_VRoot_VRoot_VRoot_VRoot_VRoot	SC15_Fut_BPre15_VRoot_NeutExt_VerbTerm	VRoot_VRoot_VRoot_VRoot_VRoot_VRoot
futh_i	Conj	NStem_PUNC	Conj	NStem_NStem
ku_be	SC15_AuxVStem	PUNC_PUNC	SC15_AuxVStem	PUNC_PUNC
khona	AbsPron15	PUNC	AbsPron15	PUNC
i_zi_dingo	NPrePre8_BPre8_NStem	NStem_NStem_NStem	NPrePre8_BPre8_NStem	NStem_NStem_NStem
ez_ahlukahluk_en_e	RelConc8_VRoot_RecipExt_VerbTerm	VRoot_NStem_NStem_VRoot	RelConc8_VRoot_RecipExt_VerbTerm	VRoot_VRoot_VRoot_VRoot
e_mi_phakath_ini	LocPre_NPrePre4_BPre4_NStem_LocSuf	VRoot_VRoot_NStem_VRoot	LocPre_NPrePre4_BPre4_NStem_LocSuf	VRoot_VRoot_VRoot_VRoot
ya_s_e_ma_khaya	PossConc9_PreLoc-s_LocPre_BPre6_NStem	VRoot_VRoot_VRoot_VRoot_VRoot	PossConc9_PreLoc-s_LocPre_BPre6_NStem	VRoot_VRoot_VRoot_VRoot_VRoot
u_ma	Conj	PUNC_PUNC	Conj	PUNC_PUNC
ku_qhathan_is_w_a	SC15_VRoot_PassExt_VerbTerm	VRoot_VRoot_VRoot_VRoot_VRoot	SC15_VRoot_PassExt_VerbTerm	VRoot_VRoot_VRoot_VRoot_VRoot
ne_ya_s_e_ma_dolobhe_ni	AdvPre_NPrePre4_PossConc4_PreLoc-s_LocPre_BPre6_NStem_LocSuf	VRoot_VRoot_VRoot_VRoot_VRoot_VRoot_VRoot	AdvPre_NPrePre4_PossConc4_PreLoc-s_LocPre_BPre6_NStem_LocSuf	VRoot_VRoot_VRoot_VRoot_VRoot_VRoot_VRoot
.	Punc	PUNC	Punc	PUNC
A_ba_bambiqhaz_a	NPrePre2_BPre2_NStem	NStem_NStem_NStem_NStem	NPrePre2_BPre2_NStem	VRoot_VRoot_VRoot_VRoot
ba_bhek_a	SC2_VRoot_VerbTerm	NStem_NStem_NStem	SC2_VRoot_VerbTerm	NStem_NStem_NStem
u_cwaningo	NPrePre11_BPre11_NStem	NStem_NStem	NPrePre11_BPre11_NStem	NStem_NStem
lwe_n_dawo	PossConc11_NPrePre9_BPre9_NStem	NStem_NStem_NStem	PossConc11_NPrePre9_BPre9_NStem	NStem_NStem_NStem
i__Se_ymour	NPrePre9_ProperName	NStem_NStem_NStem	NPrePre9_ProperName	NStem_NStem_NStem
.	Punc	NStem	Punc	PUNC
U_ku_khul_a	NPrePre15_BPre15_VRoot_VerbTerm	NStem_NStem_NStem_NStem	NPrePre15_BPre15_VRoot_VerbTerm	NStem_VRoot_NStem_VRoot
nga_ma_ndla	AdvPre_NStem	NStem_NStem_NStem	AdvPre_NStem	NStem_NStem_NStem
kwe__Afrika	CopPre_BPre5_ProperName	PUNC_PUNC	CopPre_BPre5_ProperName	PUNC_PUNC
ku_phind_e	SC15_VRoot_VerbTerm	NStem_NStem_NStem	SC15_VRoot_VerbTerm	NStem_NStem_NStem
ku_hlinz_ek_e	BPre17_VRoot_NPas_VerbTerm	VRoot_NStem_VRoot_VRoot	BPre17_VRoot_NPas_VerbTerm	VRoot_VRoot_VRoot_VRoot
nga_ma_thuba	AdvPre_NPrePre6_BPre6_NStem	NStem_NStem_NStem	AdvPre_NPrePre6_BPre6_NStem	NStem_NStem_NStem
a_ma_femu	NPrePre6_BPre6_NStem	NStem_NStem_NStem	NPrePre6_BPre6_NStem	NStem_NStem_NStem
ne_zi_mboni	AdvPre_NPrePre10_BPre10_NStem	NStem_NStem_NStem	AdvPre_NPrePre10_BPre10_NStem	NStem_NStem_NStem
za_s_e_Ningizimu	PossConc10_PreLoc-s_LocPre_NPrePre5_BPre5_ProperName	VRoot_VRoot_VRoot_VRoot	PossConc10_PreLoc-s_LocPre_NPrePre5_BPre5_ProperName	NStem_NStem_NStem_NStem
Afrika	ProperName	Conj	ProperName	PUNC
,	Punc	PUNC	Punc	PUNC
e_za_b_a	RelConc9_Pas_AuxVStem	NStem_NStem_NStem_NStem	RelConc9_Pas_AuxVStem	NStem_NStem_NStem_PUNC
ne_sandla	AdvPre_NPrePre7_BPre7_NStem	NStem_NStem	AdvPre_NPrePre7_BPre7_NStem	NStem_NStem
e_n_tuthukw_eni	RelConc9_BPre9_NStem_LocSuf	VRoot_VRoot_VRoot_VRoot	RelConc9_BPre9_NStem_LocSuf	VRoot_VRoot_VRoot_VRoot
ngo_ku_tshal_a	AdvPre_NPrePre15_BPre15_VRoot_VerbTerm	NStem_NStem_NStem_NStem	AdvPre_NPrePre15_BPre15_VRoot_VerbTerm	NStem_NStem_VRoot_NStem
i_zi_mali	NPrePre10_BPre10_NStem	NStem_NStem_NStem	NPrePre10_BPre10_NStem	NStem_NStem_NStem
kwe_zo_ku_xhuman_a	LocPre_RelConc4_PossConc10_BPre15_VRoot_RecipExt_VerbTerm	NStem_NStem_VRoot_NStem_NStem	LocPre_RelConc4_PossConc10_BPre15_VRoot_RecipExt_VerbTerm	VRoot_VRoot_VRoot_VRoot_VRoot
nge_zi_ngcingo	AdvPre_NPrePre8_BPre8_NStem	NStem_NStem_NStem	AdvPre_NPrePre8_BPre8_NStem	NStem_NStem_NStem
,	Punc	PUNC	Punc	PUNC
e_zo_ku_bek_w_a	RelConc4_PossConc10_BPre15_VRoot_PassExt_VerbTerm	VRoot_VRoot_VRoot_VRoot_VRoot_VRoot	RelConc4_PossConc10_BPre15_VRoot_PassExt_VerbTerm	VRoot_VRoot_VRoot_VRoot_VRoot_VRoot
kwe_mali	PossConc15_NPrePre9_BPre9_NStem	PUNC_PUNC	PossConc15_NPrePre9_BPre9_NStem	PUNC_PUNC
e_ma_bhang_e	LocPre_BPre6_NStem	NStem_NStem_NStem_NStem	LocPre_BPre6_NStem	VRoot_NStem_NStem_NStem
,	Punc	PUNC	Punc	PUNC
e_zo_ku_mb_iw_a	RelConc4_PossConc10_BPre15_VRoot_PassExt_VerbTerm	VRoot_VRoot_VRoot_VRoot_VRoot_VRoot	RelConc4_PossConc10_BPre15_VRoot_PassExt_VerbTerm	VRoot_VRoot_VRoot_VRoot_VRoot_VRoot
phansi	Adv	NStem	Adv	NStem
,	Punc	PUNC	Punc	PUNC
e_zo_kw_akha	RelConc4_PossConc10_BPre15_VRoot_VerbTerm	NStem_NStem_NStem_NStem	RelConc4_PossConc10_BPre15_VRoot_VerbTerm	NStem_NStem_NStem_NStem
ne_zo_ku_dayisa	AdvPre_RelConc4_PossConc11_BPre15_Intrans_VerbTerm	NStem_NStem_NStem_NStem	AdvPre_RelConc4_PossConc11_BPre15_Intrans_VerbTerm	NStem_NStem_NStem_NStem
.	Punc	PUNC	Punc	PUNC
U_ku_bamb_is_an_a	NPrePre15_BPre15_VRoot_CausExt_RecipExt_VerbTerm	VRoot_VRoot_VRoot_VRoot_VRoot_VRoot	NPrePre15_BPre15_VRoot_CausExt_RecipExt_VerbTerm	VRoot_VRoot_VRoot_VRoot_VRoot_VRoot
oku_no_ku_sondel_an_a	RelConc2_AdvPre_BPre15_Intrans_RecipExt_VerbTerm	VRoot_VRoot_VRoot_VRoot_VRoot_VRoot	RelConc2_AdvPre_BPre15_Intrans_RecipExt_VerbTerm	NStem_VRoot_VRoot_VRoot_NStem_VRoot
phakathi	Adv	PUNC	Adv	PUNC
kwa_ma_zwe	PossConc15_NPrePre6_BPre6_NStem	NStem_NStem_NStem	PossConc15_NPrePre6_BPre6_NStem	NStem_NStem_NStem
,	Punc	PUNC	Punc	Conj
a_ma_femu	NPrePre6_BPre6_NStem	NStem_NStem_NStem	NPrePre6_BPre6_NStem	NStem_NStem_NStem
na_ba_ntu	AdvPre_NPrePre2_BPre2_NStem	NStem_NStem_NStem	AdvPre_NPrePre2_BPre2_NStem	NStem_NStem_NStem
ku_yo_jul_is_a	SC15_Fut_VRoot_CausExt_VerbTerm	NStem_NStem_NStem_NStem_NStem	SC15_Fut_VRoot_CausExt_VerbTerm	NStem_NStem_NStem_NStem_NStem
u_ku_hlangan_a	NPrePre15_BPre15_VRoot_VerbTerm	NStem_NStem_NStem_NStem	NPrePre15_BPre15_VRoot_VerbTerm	NStem_NStem_VRoot_NStem
ko_m_notho	PossConc15_NPrePre3_BPre3_NStem	NStem_NStem_NStem	PossConc15_NPrePre3_BPre3_NStem	NStem_NStem_NStem
no_m_phakathi	AdvPre_NPrePre3_BPre3_NStem	NStem_NStem_NStem	AdvPre_NPrePre3_BPre3_NStem	NStem_NStem_NStem
,	Punc	PUNC	Punc	PUNC
ku_be	SC15_AuxVStem	NStem_NStem	SC15_AuxVStem	PUNC_PUNC
ne_sandla	AdvPre_NPrePre7_BPre7_NStem	NStem_NStem	AdvPre_NPrePre7_BPre7_NStem	NStem_NStem
e_ma_zinge_ni	LocPre_NPrePre6_BPre6_NStem_LocSuf	NStem_NStem_NStem_NStem	LocPre_NPrePre6_BPre6_NStem_LocSuf	NStem_NStem_NStem_NStem
a_phezulu	RelConc6_Adv	PUNC_PUNC	RelConc6_Adv	NStem_NStem
oku_khul_a	PossConc6_NPrePre15_BPre15_VRoot_VerbTerm	NStem_NStem_NStem	PossConc6_NPrePre15_BPre15_VRoot_VerbTerm	NStem_NStem_NStem
ne_n_tuthuko	AdvPre_NPrePre9_BPre9_NStem	VRoot_NStem_NStem	AdvPre_NPrePre9_BPre9_NStem	NStem_NStem_NStem
.	Punc	PUNC	Punc	PUNC
I_n_dlel_a	NPrePre9_BPre9_NStem	NStem_VRoot_NStem_NStem	NPrePre9_BPre9_NStem	NStem_NStem_NStem_NStem
es_enzanga_yo	RelConc9_SC1pp_VRoot_VerbTerm_AdvPre_PronStem9	NStem_NStem_NStem	RelConc9_SC1pp_VRoot_VerbTerm_AdvPre_PronStem9	NStem_NStem_NStem
ne_si_khol_el_w_a	AdvPre_NPrePre9_SC1pp_VRoot_ApplExt_PassExt_VerbTerm	NStem_NStem_NStem_VRoot_NStem_NStem	AdvPre_NPrePre9_SC1pp_VRoot_ApplExt_PassExt_VerbTerm	NStem_NStem_NStem_NStem_NStem_NStem
ku_kho	LocPre_PronStem15	PUNC_PUNC	LocPre_PronStem15	PUNC_PUNC
_	Punc		Punc	
nikez_a	VRoot_VerbTerm	NStem_NStem	VRoot_VerbTerm	NStem_NStem
i_si_bonelo	NPrePre7_BPre7_NStem	NStem_NStem_NStem	NPrePre7_BPre7_NStem	NStem_NStem_NStem
o_si_sus_el_a	RelConc1_SC7_VRoot_ApplExt_VerbTerm	NStem_NStem_NStem_NStem_NStem	RelConc1_SC7_VRoot_ApplExt_VerbTerm	NStem_NStem_NStem_NStem_NStem
e_m_pilw_eni	LocPre_BPre3_NStem_LocSuf	VRoot_VRoot_VRoot_VRoot	LocPre_BPre3_NStem_LocSuf	VRoot_VRoot_VRoot_VRoot
ya_kho	PossConc9_PronStem15	PUNC_PUNC	PossConc9_PronStem15	PUNC_PUNC
ya_nsuku_zo_nke	PossConc9_NStem	VRoot_VRoot_VRoot_VRoot	PossConc9_NStem	VRoot_VRoot_VRoot_VRoot
lapho	Conj	PUNC	Conj	PUNC
lokhu	Dem15_Pos1	PUNC	Dem15_Pos1	PUNC
ku_be	SC15_AuxVStem	PUNC_PUNC	SC15_AuxVStem	PUNC_PUNC
no_m_thelel_a	AdvPre_NPrePre3_BPre3_NStem	NStem_NStem_NStem_VRoot	AdvPre_NPrePre3_BPre3_NStem	NStem_NStem_VRoot_VRoot
khona	AbsPron15	PUNC	AbsPron15	PUNC
e_ku_bhek_ane_ni	LocPre_BPre15_VRoot_RecipExt_VerbTerm_LocSuf	VRoot_VRoot_VRoot_VRoot_VRoot	LocPre_BPre15_VRoot_RecipExt_VerbTerm_LocSuf	VRoot_VRoot_VRoot_VRoot_VRoot
kwa_kho	PossConc15_PronStem1ps	PUNC_PUNC	PossConc15_PronStem1ps	PUNC_PUNC
ne_ngxabano	AdvPre_NPrePre9_NStem	NStem_NStem	AdvPre_NPrePre9_NStem	NStem_NStem
.	Punc	PUNC	Punc	PUNC
U_ku_hlol_w_a	NPrePre15_BPre15_VRoot_PassExt_VerbTerm	VRoot_VRoot_VRoot_VRoot_VRoot	NPrePre15_BPre15_VRoot_PassExt_VerbTerm	VRoot_VRoot_VRoot_VRoot_NStem
kwe_zi_dingo	PossConc15_NPrePre8_BPre8_NStem	NStem_NStem_NStem	PossConc15_NPrePre8_BPre8_NStem	NStem_NStem_NStem
no_cwaningo	AdvPre_NPrePre11_BPre11_NStem	NStem_NStem	AdvPre_NPrePre11_BPre11_NStem	NStem_NStem
lo_ku_ng_enz_ek_a	PossConc11_SC15_Pot_VRoot_NeutExt_VerbTerm	VRoot_VRoot_VRoot_VRoot_VRoot_VRoot	PossConc11_SC15_Pot_VRoot_NeutExt_VerbTerm	NStem_NStem_NStem_NStem_NStem_NStem
_	Punc		Punc	
u_ku_bhek_a	NPrePre15_BPre15_VRoot_VerbTerm	NStem_NStem_NStem_NStem	NPrePre15_BPre15_VRoot_VerbTerm	NStem_NStem_NStem_NStem
u_kuth_i	NPrePre15_BPre15_VRoot_VerbTerm	NStem_NStem_NStem	NPrePre15_BPre15_VRoot_VerbTerm	NStem_NStem_NStem
yini	Interrog	PUNC	Interrog	PUNC
e_dinga	RelConc9_VRoot_VerbTerm	NStem_NStem	RelConc9_VRoot_VerbTerm	NStem_NStem
u_kw_enz_iw_a	NPrePre15_BPre15_VRoot_PassExt_VerbTerm	VRoot_VRoot_VRoot_VRoot_VRoot	NPrePre15_BPre15_VRoot_PassExt_VerbTerm	VRoot_VRoot_VRoot_VRoot_VRoot
no_ku_th_i	AdvPre_BPre15_VRoot_VerbTerm	NStem_NStem_NStem_NStem	AdvPre_BPre15_VRoot_VerbTerm	NStem_NStem_NStem_NStem
ku_ng_enz_ek_a	SC15_Pot_VRoot_NeutExt_VerbTerm	VRoot_VRoot_VRoot_VRoot_VRoot	SC15_Pot_VRoot_NeutExt_VerbTerm	VRoot_VRoot_VRoot_VRoot_VRoot
ka_njani	AdvPre_Interrog	NStem_NStem	AdvPre_Interrog	NStem_NStem
u_kuth_i	NPrePre15_BPre15_VRoot_VerbTerm	NStem_NStem_NStem	NPrePre15_BPre15_VRoot_VerbTerm	NStem_NStem_NStem
i_phrojekthi	NPrePre5_NStem	NStem_NStem	NPrePre5_NStem	NStem_NStem
i_phumelel_e	SC9_VRoot_VerbTerm	NStem_NStem_NStem	SC9_VRoot_VerbTerm	NStem_NStem_NStem
,	Punc	PUNC	Punc	PUNC
lokhu	Dem15_Pos1	NStem	Dem15_Pos1	PUNC
ku_phind_e	SC15_VRoot_VerbTerm	NStem_NStem_NStem	SC15_VRoot_VerbTerm	NStem_NStem_NStem
kw_az_iw_e	SC15_VRoot_PassExt_VerbTerm	NStem_NStem_NStem_NStem	SC15_VRoot_PassExt_VerbTerm	NStem_NStem_NStem_NStem
njenge_si_gaba	AdvPre_BPre7_NStem	NStem_NStem_NStem	AdvPre_BPre7_NStem	NStem_NStem_NStem
so_ku_hlonz_w_a	PossConc7_NPrePre15_BPre15_VRoot_PassExt_VerbTerm	VRoot_VRoot_VRoot_VRoot_VRoot	PossConc7_NPrePre15_BPre15_VRoot_PassExt_VerbTerm	NStem_NStem_NStem_NStem_NStem
no_ku_hlaziy_w_a	AdvPre_BPre15_VRoot_PassExt_VerbTerm	VRoot_VRoot_VRoot_VRoot_VRoot	AdvPre_BPre15_VRoot_PassExt_VerbTerm	VRoot_VRoot_VRoot_VRoot_VRoot
kwe_zi_phumo	PossConc15_NPrePre7_BPre7_NStem	NStem_NStem_NStem	PossConc15_NPrePre7_BPre7_NStem	NStem_NStem_NStem
noma	Conj	PUNC	Conj	Conj
i_mi_phumel_a	NPrePre4_BPre4_NStem	NStem_NStem_NStem_NStem	NPrePre4_BPre4_NStem	NStem_NStem_NStem_NStem
yo_ku_hlel_a	PossConc9_NPrePre15_BPre15_VRoot_VerbTerm	NStem_NStem_NStem_NStem	PossConc9_NPrePre15_BPre15_VRoot_VerbTerm	NStem_NStem_NStem_NStem
.	Punc	PUNC	Punc	PUNC
Chaz_a	VRoot_VerbTerm	NStem_NStem	VRoot_VerbTerm	NStem_NStem
u_lw_az_i	NPrePre11_BPre11_NStem	VRoot_VRoot_VRoot_VRoot	NPrePre11_BPre11_NStem	NStem_NStem_NStem_VRoot
olu_s_e_ma_nothi_ni	RelConc11_PreLoc-s_LocPre_BPre6_NStem_LocSuf	VRoot_VRoot_VRoot_VRoot_VRoot_VRoot	RelConc11_PreLoc-s_LocPre_BPre6_NStem_LocSuf	VRoot_VRoot_VRoot_VRoot_VRoot_VRoot
ezi_fundo	RelConc8_NStem	PUNC_PUNC	RelConc8_NStem	PUNC_NStem
ku__3._1	LocPre_Num	NStem_NStem_NStem	LocPre_Num	NStem_NStem_NStem
ku_y_a	SC15_VRoot_VerbTerm	NStem_NStem_NStem	SC15_VRoot_VerbTerm	NStem_NStem_NStem
ku__3._2	LocPre_Num	NStem_NStem_NStem	LocPre_Num	NStem_NStem_NStem
.	Punc	PUNC	Punc	PUNC
I_zin_dlel_a	NPrePre10_BPre10_NStem	NStem_NStem_NStem_NStem	NPrePre10_BPre10_NStem	NStem_NStem_NStem_NStem
ne_ngqalasizinda	AdvPre_NPre9_NStem	NStem_NStem	AdvPre_NPre9_NStem	NStem_NStem
ye_zo_ku_thuth_a	PossConc9_RelConc4_PossConc10_BPre15_VRoot_CausExt_PassExt_VerbTerm	NStem_NStem_NStem_NStem_NStem	PossConc9_RelConc4_PossConc10_BPre15_VRoot_CausExt_PassExt_VerbTerm	VRoot_VRoot_VRoot_NStem_VRoot
u_m_phakathi	NPrePre3_BPre3_NStem	NStem_NStem_NStem	NPrePre3_BPre3_NStem	NStem_NStem_NStem
,	Punc	PUNC	Punc	PUNC
ku_bandakany_a	SC15_VRoot_VerbTerm	NStem_NStem_NStem	SC15_VRoot_VerbTerm	VRoot_NStem_NStem
u_ku_vus_elel_w_a	NPrePre15_BPre15_VRoot_IntensExt_PassExt_VerbTerm	VRoot_VRoot_VRoot_VRoot_VRoot_VRoot	NPrePre15_BPre15_VRoot_IntensExt_PassExt_VerbTerm	VRoot_VRoot_VRoot_VRoot_VRoot_VRoot
kwe_zi_timel_a	PossConc15_NPrePre8_BPre8_NStem	VRoot_VRoot_VRoot_VRoot	PossConc15_NPrePre8_BPre8_NStem	NStem_NStem_VRoot_NStem
,	Punc	PUNC	Punc	PUNC
ku_sekel_w_e	SC15_VRoot_ApplExt_PassExt_VerbTerm	NStem_NStem_NStem_NStem	SC15_VRoot_ApplExt_PassExt_VerbTerm	NStem_VRoot_NStem_NStem
u_ku_xhuman_a	NPrePre15_BPre15_VRoot_RecipExt_VerbTerm	NStem_NStem_NStem_NStem	NPrePre15_BPre15_VRoot_RecipExt_VerbTerm	NStem_NStem_NStem_NStem
oku_hloben_e	RelConc15_RelStem	VRoot_NStem_NStem	RelConc15_RelStem	NStem_NStem_NStem
ne_mi_sebenzi	AdvPre_NPrePre4_BPre4_NStem	NStem_NStem_NStem	AdvPre_NPrePre4_BPre4_NStem	NStem_NStem_NStem
ezinz_e	RelConc4_RelStem	NStem_NStem	RelConc4_RelStem	NStem_NStem
e_m_gwaqe_ni	LocPre_NStem_LocSuf	NStem_NStem_NStem_NStem	LocPre_NStem_LocSuf	NStem_NStem_NStem_NStem
.	Punc	PUNC	Punc	PUNC
I_komiti	BPre5_NStem	NStem_NStem	BPre5_NStem	NStem_NStem
Le_wadi	PossConc5_NStem	NStem_NStem	PossConc5_NStem	NStem_NStem
li_nga_lungis_elel_a	SC5_Pot_VRoot_Perf_VerbTerm	VRoot_VRoot_VRoot_VRoot_VRoot	SC5_Pot_VRoot_Perf_VerbTerm	VRoot_VRoot_VRoot_VRoot_VRoot
u_hlelo	BPre11_NStem	NStem_NStem	BPre11_NStem	NStem_NStem
lo_ku_bik_a	Fut_VRoot_VerbTerm	VRoot_VRoot_NStem_NStem	Fut_VRoot_VerbTerm	NStem_NStem_NStem_NStem
,	Punc	PUNC	Punc	PUNC
olu_fan_a	RelConc11_VRoot_VerbTerm	NStem_NStem_NStem	RelConc11_VRoot_VerbTerm	NStem_NStem_NStem
na_lolo	CopPre_Dem3_Pos2	NStem_NStem	CopPre_Dem3_Pos2	NStem_NStem
olu_setshenz_is_w_e	RelConc11_VRoot_CausExt_PassExt_VerbTerm	VRoot_VRoot_VRoot_VRoot_VRoot	RelConc11_VRoot_CausExt_PassExt_VerbTerm	VRoot_VRoot_VRoot_VRoot_VRoot
u_ku_hlol_a	NPrePre15_BPre15_VRoot_VerbTerm	NStem_NStem_NStem_NStem	NPrePre15_BPre15_VRoot_VerbTerm	NStem_NStem_NStem_NStem
u_ku_sebenz_a	NPrePre15_BPre15_VRoot_VerbTerm	VRoot_VRoot_VRoot_VRoot	NPrePre15_BPre15_VRoot_VerbTerm	VRoot_VRoot_VRoot_VRoot
kwa_ba_sebenzi	PossConc15_NPrePre2_BPre2_NStem	NStem_NStem_NStem	PossConc15_NPrePre2_BPre2_NStem	NStem_NStem_NStem
ka_nye	AdvPre_AdjStem	PUNC_PUNC	AdvPre_AdjStem	PUNC_PUNC
na_ba_qash_w_a	AdvPre_BPre2_VRoot_PassExt_VerbTerm	VRoot_VRoot_VRoot_VRoot_VRoot	AdvPre_BPre2_VRoot_PassExt_VerbTerm	VRoot_VRoot_VRoot_VRoot_VRoot
bo_m_khandlu	PossConc2_NPrePre3_BPre3_NStem	NStem_NStem_NStem	PossConc2_NPrePre3_BPre3_NStem	NStem_NStem_NStem
oku_chaz_w_e	RelConc15_VRoot_PassExt_VerbTerm	NStem_NStem_NStem_NStem	RelConc15_VRoot_PassExt_VerbTerm	NStem_NStem_NStem_NStem
kw_imojuli	LocPre_NStem	NStem_NStem	LocPre_NStem	NStem_NStem
4	Num	Conj	Num	PUNC
.	Punc	PUNC	Punc	PUNC
Ngo_kwe_ngqalasizinda	AdvPre_NPrePre15_BPre15_NStem	VRoot_VRoot_NStem	AdvPre_NPrePre15_BPre15_NStem	VRoot_VRoot_VRoot
e_sek_el_a	RelConc9_Intrans_ApplExt_VerbTerm	NStem_NStem_NStem_NStem	RelConc9_Intrans_ApplExt_VerbTerm	NStem_NStem_NStem_NStem
e_zoku_hlal_is_w_a	RelConc9_PossConc10_BPre15_VRoot_CausExt_PassExt_VerbTerm	VRoot_VRoot_VRoot_VRoot_VRoot_VRoot	RelConc9_PossConc10_BPre15_VRoot_CausExt_PassExt_VerbTerm	VRoot_VRoot_VRoot_VRoot_VRoot_VRoot
kwa_ba_ntu	PossConc15_NPrePre2_BPre2_NStem	NStem_NStem_NStem	PossConc15_NPrePre2_BPre2_NStem	NStem_NStem_NStem
(	Punc	Conj	Punc	Conj
e_ze_zi_ndlu	RelConc4_PossConc8_BPre8_NStem	NStem_NStem_NStem_NStem	RelConc4_PossConc8_BPre8_NStem	NStem_NStem_NStem_NStem
,	Punc	PUNC	Punc	PUNC
e_za_manzi	RelConc4_PossConc10_NStem	NStem_NStem_NStem	RelConc4_PossConc10_NStem	NStem_NStem_NStem
,	Punc	PUNC	Punc	PUNC
u_ku_sus_w_a	NPrePre15_BPre15_Intrans_PassExt_VerbTerm	NStem_NStem_NStem_NStem_NStem	NPrePre15_BPre15_Intrans_PassExt_VerbTerm	NStem_NStem_NStem_NStem_NStem
k_oku_ngcola	PossConc15_RelConc15_VRoot_VerbTerm	NStem_NStem_NStem	PossConc15_RelConc15_VRoot_VerbTerm	NStem_NStem_NStem
,	Punc	PUNC	Punc	PUNC
e_ze_mi_gwaqo	RelConc4_PossConc10_BPre4_NStem	NStem_VRoot_NStem_VRoot	RelConc4_PossConc10_BPre4_NStem	NStem_VRoot_NStem_NStem
,	Punc	PUNC	Punc	PUNC
a_ma_pak_i	NPrePre6_BPre6_NStem	NStem_NStem_NStem_NStem	NPrePre6_BPre6_NStem	NStem_NStem_NStem_NStem
,	Punc	PUNC	Punc	PUNC
njalo	Adv	PUNC	Adv	Conj
njalo	Adv	Conj	Adv	Conj
njalo	Adv	Conj	Adv	PUNC
)	Punc	Conj	Punc	PUNC
i_si_thombe	NPrePre7_BPre7_NStem	NStem_NStem_NStem	NPrePre7_BPre7_NStem	NStem_NStem_NStem
si_dida	SC7_Intrans_VerbTerm	NStem_NStem	SC7_Intrans_VerbTerm	NStem_NStem
ngo_ku_ngena_si_dingo	AdvPre_NPrePre15_BPre15_NegPre_NStem	VRoot_VRoot_VRoot_VRoot_VRoot	AdvPre_NPrePre15_BPre15_NegPre_NStem	VRoot_VRoot_VRoot_VRoot_VRoot
.	Punc	PUNC	Punc	PUNC
U_m_sebenzi	NPrePre3_BPre3_NStem	NStem_NStem_NStem	NPrePre3_BPre3_NStem	NStem_NStem_NStem
wo_ku_hlel_a	PossConc1a_NPrePre15_Intrans_VerbTerm	NStem_NStem_NStem_NStem	PossConc1a_NPrePre15_Intrans_VerbTerm	NStem_NStem_NStem_NStem
u_s_e_zinge_ni	RelConc3_PreLoc-s_LocPre_VRoot_VerbTerm_LocSuf	VRoot_VRoot_VRoot_VRoot_VRoot	RelConc3_PreLoc-s_LocPre_VRoot_VerbTerm_LocSuf	VRoot_VRoot_VRoot_VRoot_VRoot
le_zin_dawo	PossConc5_NPrePre10_BPre10_NStem	NStem_NStem_NStem	PossConc5_NPrePre10_BPre10_NStem	NStem_NStem_NStem
,	Punc	PUNC	Punc	PUNC
u_m_sebenzi	NPrePre3_BPre3_NStem	NStem_NStem_NStem	NPrePre3_BPre3_NStem	NStem_NStem_NStem
we_ze_zi_ndlu	PossConc3_RelConc9_PossConc10_BPre10_NStem	NStem_NStem_NStem_NStem	PossConc3_RelConc9_PossConc10_BPre10_NStem	NStem_NStem_VRoot_NStem
u_s_e_zinge_ni	RelConc3_PreLoc-s_LocPre_VRoot_VerbTerm_LocSuf	VRoot_VRoot_VRoot_VRoot_VRoot	RelConc3_PreLoc-s_LocPre_VRoot_VerbTerm_LocSuf	VRoot_VRoot_VRoot_VRoot_VRoot
le_si_fundazwe	PossConc5_NPrePre7_BPre7_NStem	NStem_NStem_NStem	PossConc5_NPrePre7_BPre7_NStem	NStem_NStem_NStem
,	Punc	PUNC	Punc	NStem
u_ku_zi_bophezel_a	NPrePre15_BPre15_ReflPre_VRoot_Perf_VerbTerm	VRoot_VRoot_VRoot_VRoot_VRoot	NPrePre15_BPre15_ReflPre_VRoot_Perf_VerbTerm	VRoot_VRoot_VRoot_VRoot_VRoot
ngo_ku_hlinzek_w_a	AdvPre_NPrePre15_BPre15_NStem	VRoot_VRoot_VRoot_VRoot_VRoot	AdvPre_NPrePre15_BPre15_NStem	VRoot_VRoot_VRoot_VRoot_VRoot
kwa_ma_nzi	PossConc15_NPrePre6_BPre6_NStem	NStem_NStem_NStem	PossConc15_NPrePre6_BPre6_NStem	NStem_NStem_NStem
no_gesi	AdvPre_NPrePre1a_NStem	NStem_NStem	AdvPre_NPrePre1a_NStem	NStem_NStem
ku_hlukan_is_w_e	SC15_VRoot_CausExt_PassExt_VerbTerm	VRoot_VRoot_VRoot_VRoot_VRoot	SC15_VRoot_CausExt_PassExt_VerbTerm	VRoot_VRoot_VRoot_VRoot_VRoot
phakathi	Adv	PUNC	Adv	PUNC
kwa_labo	PossConc15_Dem2_Pos2	PUNC_PUNC	PossConc15_Dem2_Pos2	PUNC_PUNC
oku_m_el_e	RelConc15_VRoot_ApplExt_VerbTerm	NStem_NStem_NStem_NStem	RelConc15_VRoot_ApplExt_VerbTerm	NStem_NStem_NStem_NStem
b_enz_e	SC2_VRoot_VerbTerm	NStem_NStem_NStem	SC2_VRoot_VerbTerm	NStem_NStem_NStem
i_mi_sebenzi	NPrePre4_BPre4_Intrans_VerbTerm	NStem_NStem_NStem	NPrePre4_BPre4_Intrans_VerbTerm	NStem_NStem_NStem
e_mi_khulu	AdjPref4_AdjStem	NStem_NStem_NStem	AdjPref4_AdjStem	NStem_NStem_NStem
ne_si_khwama	CopPre_NPrePre7_BPre7_NStem	NStem_NStem_NStem	CopPre_NPrePre7_BPre7_NStem	NStem_NStem_NStem
.	Punc	PUNC	Punc	PUNC
Ngo_kwa_nge_mpela	AdvPre_PossConc15_CopPre_BPre3_Adv	NStem_NStem_VRoot_NStem	AdvPre_PossConc15_CopPre_BPre3_Adv	NStem_NStem_NStem_NStem
,	Punc	PUNC	Punc	PUNC
lezi	Dem10_Pos1	PUNC	Dem10_Pos1	PUNC
zin_hlelo	BPre10_NStem	NStem_NStem	BPre10_NStem	NStem_NStem
a_zi_sebenzi	NegPre_SC8_VRoot_VerbTerm	NStem_NStem_NStem	NegPre_SC8_VRoot_VerbTerm	NStem_NStem_NStem
.	Punc	PUNC	Punc	PUNC
Ngo_ku_vam_il_e	AdvPre_NPrePre15_BPre15_VRoot_Perf	NStem_NStem_VRoot_NStem_VRoot	AdvPre_NPrePre15_BPre15_VRoot_Perf	NStem_NStem_NStem_NStem_NStem
,	Punc	PUNC	Punc	PUNC
e_zoku_hlal_is_w_a	RelConc4_PossConc10_BPre15_VRoot_CausExt_PassExt_VerbTerm	VRoot_VRoot_VRoot_VRoot_VRoot_VRoot	RelConc4_PossConc10_BPre15_VRoot_CausExt_PassExt_VerbTerm	VRoot_VRoot_VRoot_VRoot_VRoot_VRoot
ko_m_phakathi	PossConc15_NPrePre3_BPre3_NStem	NStem_NStem_NStem	PossConc15_NPrePre3_BPre3_NStem	NStem_NStem_NStem
a_zi_hlel_ek_il_e	SC8_Intrans_NPas_Perf_VerbTerm	VRoot_VRoot_VRoot_VRoot_VRoot_VRoot	SC8_Intrans_NPas_Perf_VerbTerm	VRoot_VRoot_VRoot_VRoot_VRoot_VRoot
ka_hle	AdvPre_Adv	NStem_NStem	AdvPre_Adv	NStem_NStem
,	Punc	PUNC	Punc	PUNC
ku_no_ku_bamb_is_an_a	BPre17_CopPre_BPre15_Intrans_CausExt_RecipExt_VerbTerm	VRoot_VRoot_VRoot_VRoot_VRoot_VRoot_VRoot	BPre17_CopPre_BPre15_Intrans_CausExt_RecipExt_VerbTerm	VRoot_VRoot_VRoot_VRoot_VRoot_VRoot_VRoot
oku_ncane	AdjPref15_AdjStem	NStem_NStem	AdjPref15_AdjStem	NStem_NStem
phakathi	Adv	NStem	Adv	Conj
kwa_labo	PossConc15_Dem2_Pos2	PUNC_PUNC	PossConc15_Dem2_Pos2	PUNC_PUNC
aba_fak_a	RelConc2_Intrans_VerbTerm	NStem_NStem_NStem	RelConc2_Intrans_VerbTerm	NStem_NStem_NStem
i_zi_ngqalasizinda	NPrePre10_BPre10_NStem	VRoot_VRoot_VRoot	NPrePre10_BPre10_NStem	VRoot_VRoot_VRoot
za_manzi	PossConc8_NPrePre6_BPre6_NStem	NStem_NStem	PossConc8_NPrePre6_BPre6_NStem	NStem_NStem
na_labo	CopPre_Dem2_Pos2	PUNC_PUNC	CopPre_Dem2_Pos2	NStem_NStem
aba_hlinzek_a	RelConc2_VRoot_NeutExt_VerbTerm	NStem_VRoot_NStem	RelConc2_VRoot_NeutExt_VerbTerm	NStem_NStem_NStem
nge_ngqalasizinda	AdvPre_NStem	NStem_NStem	AdvPre_NStem	NStem_NStem
e_nkulu	AdjPref9_AdjStem	NStem_NStem	AdjPref9_AdjStem	NStem_NStem
.	Punc	PUNC	Punc	PUNC
U_m_sebenzi	NPrePre3_BPre3_NStem	NStem_NStem_NStem	NPrePre3_BPre3_NStem	NStem_NStem_NStem
we_ze_zi_ndlu	PossConc3_RelConc9_PossConc10_BPre10_NStem	NStem_NStem_NStem_NStem	PossConc3_RelConc9_PossConc10_BPre10_NStem	VRoot_VRoot_NStem_NStem
ku_mel_e	SC15_VRoot_VerbTerm	NStem_NStem_NStem	SC15_VRoot_VerbTerm	PUNC_NStem_PUNC
u_y_e	SC2_VRoot_VerbTerm	Conj_Conj_Conj	SC2_VRoot_VerbTerm	NStem_NStem_NStem
ezi_nge_ni	LocPre_NStem_LocSuf	NStem_NStem_NStem	LocPre_NStem_LocSuf	NStem_NStem_NStem
lapho	Dem16_Pos2	PUNC	Dem16_Pos2	PUNC
oku_hlel_w_a	RelConc15_VRoot_PassExt_VerbTerm	NStem_VRoot_VRoot_NStem	RelConc15_VRoot_PassExt_VerbTerm	NStem_NStem_NStem_VRoot
khona	PronStem15_PronSuf	PUNC	PronStem15_PronSuf	PUNC
:	Punc	Conj	Punc	PUNC
ezi_nge_ni	LocPre_NStem_LocSuf	NStem_NStem_NStem	LocPre_NStem_LocSuf	NStem_NStem_NStem
li_ka_masipala	NPrePre5_PossKA_NStem	NStem_NStem_NStem	NPrePre5_PossKA_NStem	NStem_NStem_NStem
.	Punc	PUNC	Punc	PUNC
Lolu	Dem11_Pos1	PUNC	Dem11_Pos1	PUNC
hlelo	NStem	NStem	NStem	NStem
lu_vez_a	SC11_Intrans_VerbTerm	NStem_NStem_NStem	SC11_Intrans_VerbTerm	NStem_NStem_NStem
i_zi_ncomo	NPrePre8_BPre8_NStem	NStem_NStem_NStem	NPrePre8_BPre8_NStem	NStem_NStem_NStem
zo_ku_thuthuk_is_w_a	PossConc8_NPre15_VRoot_CausExt_PassExt_VerbTerm	VRoot_VRoot_VRoot_VRoot_VRoot_VRoot	PossConc8_NPre15_VRoot_CausExt_PassExt_VerbTerm	VRoot_VRoot_VRoot_VRoot_VRoot_VRoot
nge_m_pumelelo	AdvPre_NStem	NStem_NStem_NStem	AdvPre_NStem	NStem_VRoot_VRoot
kwe_zin_dawo	PossConc15_NPrePre10_BPre10_NStem	NStem_NStem_NStem	PossConc15_NPrePre10_BPre10_NStem	NStem_NStem_NStem
za_s_e_ma_dolobhe_ni	PossConc8_PreLoc-s_LocPre_BPre6_NStem_LocSuf	VRoot_VRoot_VRoot_VRoot_VRoot_VRoot	PossConc8_PreLoc-s_LocPre_BPre6_NStem_LocSuf	VRoot_VRoot_VRoot_VRoot_VRoot_VRoot
.	Punc	Conj	Punc	PUNC
En_ye	RelConc5_EnumStem	PUNC_PUNC	RelConc5_EnumStem	PUNC_PUNC
i_projekthi	NPrePre5_NStem	NStem_NStem	NPrePre5_NStem	NStem_NStem
yo_ku_thuthuk_is_a	PossConc4_NPrePre15_BPre15_VRoot_CausExt_VerbTerm	VRoot_VRoot_VRoot_VRoot_VRoot	PossConc4_NPrePre15_BPre15_VRoot_CausExt_VerbTerm	VRoot_VRoot_VRoot_VRoot_VRoot
i_zin_dawo	NPrePre10_BPre10_NStem	NStem_NStem_NStem	NPrePre10_BPre10_NStem	NStem_NStem_NStem
za_s_e_ma_khaya	PossConc10_PreLoc-s_LocPre_BPre6_NStem	VRoot_VRoot_VRoot_VRoot_VRoot	PossConc10_PreLoc-s_LocPre_BPre6_NStem	VRoot_VRoot_VRoot_VRoot_VRoot
y_akhiph_a	SC5_VRoot_VerbTerm	NStem_NStem_NStem	SC5_VRoot_VerbTerm	NStem_NStem_NStem
i_zi_mali	NPrePre10_BPre10_NStem	NStem_NStem_NStem	NPrePre10_BPre10_NStem	NStem_NStem_NStem
ezi_bolek_is_a_yo	RelConc10_VRoot_CausExt_VerbTerm_RelSuf	VRoot_VRoot_VRoot_VRoot_VRoot	RelConc10_VRoot_CausExt_VerbTerm_RelSuf	VRoot_VRoot_VRoot_VRoot_VRoot
kwa_be_si_lis_a	PossConc15_NPrePre2_BPre2_BPre7_NStem	VRoot_VRoot_NStem_VRoot_NStem	PossConc15_NPrePre2_BPre2_BPre7_NStem	VRoot_VRoot_VRoot_VRoot_VRoot
njenge_zin_hloko	AdvPre_NPrePre10_BPre10_NStem	NStem_NStem_NStem	AdvPre_NPrePre10_BPre10_NStem	NStem_NStem_NStem
ze_mi_zi	PossConc10_NPrePre4_BPre4_NStem	NStem_NStem_NStem	PossConc10_NPrePre4_BPre4_NStem	NStem_NStem_NStem
u_ku_b_a	Conj	NStem_NStem_NStem_NStem	Conj	NStem_NStem_NStem_NStem
a_qal_e	SC2_VRoot_VerbTerm	NStem_NStem_NStem	SC2_VRoot_VerbTerm	NStem_NStem_NStem
a_ma_pulazi	NPrePre6_BPre6_NStem	NStem_NStem_NStem	NPrePre6_BPre6_NStem	NStem_NStem_NStem
oku_lima	RelConc15_VRoot_VerbTerm	PUNC_PUNC	RelConc15_VRoot_VerbTerm	PUNC_PUNC
a_ma_ncane	AdjPref6_AdjStem	NStem_NStem_NStem	AdjPref6_AdjStem	NStem_NStem_NStem
.	Punc	PUNC	Punc	PUNC
Lokhu	Dem15_Pos1	PUNC	Dem15_Pos1	PUNC
kwa_ku_y_i_m_pendulo	PossConc15_NPrePre15_BPre15_CopPre_NStem	VRoot_VRoot_VRoot_VRoot_VRoot_VRoot	PossConc15_NPrePre15_BPre15_CopPre_NStem	VRoot_VRoot_VRoot_VRoot_VRoot_VRoot
yo_ku_hlol_w_a	PossConc9_NPrePre15_BPre15_VRoot_PassExt_VerbTerm	VRoot_VRoot_VRoot_NStem_VRoot	PossConc9_NPrePre15_BPre15_VRoot_PassExt_VerbTerm	VRoot_VRoot_VRoot_VRoot_VRoot
kwe_zi_dingo	PossConc15_NPrePre8_BPre8_NStem	NStem_NStem_NStem	PossConc15_NPrePre8_BPre8_NStem	NStem_NStem_NStem
e_ya_thol_a	RelConc9_Pres_VRoot_VerbTerm	NStem_NStem_NStem_VRoot	RelConc9_Pres_VRoot_VerbTerm	NStem_NStem_NStem_NStem
u_kuth_i	Conj	NStem_NStem_NStem	Conj	NStem_NStem_NStem
e_zo_limo	RelConc9_PossConc9_NPrePre11_NStem	NStem_NStem_NStem	RelConc9_PossConc9_NPrePre11_NStem	NStem_NStem_NStem
e_n_dawe_ni	LocPre_BPre9_NStem_LocSuf	NStem_NStem_NStem_NStem	LocPre_BPre9_NStem_LocSuf	VRoot_VRoot_VRoot_VRoot
za_zi_dinga	SC8_SC8_VRoot_VerbTerm	NStem_NStem_NStem	SC8_SC8_VRoot_VerbTerm	NStem_NStem_NStem
u_ku_xhas_w_a	NPrePre15_BPre15_VRoot_PassExt_VerbTerm	VRoot_VRoot_VRoot_VRoot_VRoot	NPrePre15_BPre15_VRoot_PassExt_VerbTerm	VRoot_VRoot_VRoot_VRoot_VRoot
nge_zi_mali	AdvPre_NPrePre10_BPre10_NStem	NStem_NStem_NStem	AdvPre_NPrePre10_BPre10_NStem	NStem_NStem_NStem
u_kuze	Conj	NStem_NStem	Conj	NStem_NStem
zi_kw_az_i	SC10_OC15_VRoot_VerbTerm	NStem_NStem_NStem_NStem	SC10_OC15_VRoot_VerbTerm	NStem_NStem_NStem_NStem
u_ku_khiqiz_a	NPrePre15_BPre15_VRoot_VerbTerm	VRoot_VRoot_VRoot_VRoot	NPrePre15_BPre15_VRoot_VerbTerm	VRoot_VRoot_VRoot_VRoot
.	Punc	PUNC	Punc	PUNC
Nge_si_khathi	AdvPre_NPrePre7_BPre7_NStem	NStem_NStem_NStem	AdvPre_NPrePre7_BPre7_NStem	NStem_NStem_NStem
a_ma_projekthi	NPrePre6_BPre6_NStem	PUNC_NStem_NStem	NPrePre6_BPre6_NStem	NStem_NStem_NStem
a_ma_ningi	AdjPref6_AdjStem	NStem_NStem_NStem	AdjPref6_AdjStem	NStem_NStem_NStem
ku_lawa	BPre15_Dem5_Pos1	NStem_NStem	BPre15_Dem5_Pos1	NStem_NStem
e_hlul_ek_a	RelConc5_VRoot_NeutExt_VerbTerm	NStem_NStem_NStem_NStem	RelConc5_VRoot_NeutExt_VerbTerm	VRoot_VRoot_VRoot_VRoot
aba_xhasi	NPrePre2_BPre2_NStem	NStem_NStem	NPrePre2_BPre2_NStem	NStem_NStem
nge_zi_mali	AdvPre_NPrePre10_BPre10_NStem	NStem_NStem_NStem	AdvPre_NPrePre10_BPre10_NStem	NStem_NStem_NStem
ba_pheny_a	SC2_VRoot_VerbTerm	NStem_NStem_VRoot	SC2_VRoot_VerbTerm	NStem_NStem_NStem
ba_thol_a	SC2_VRoot_VerbTerm	NStem_NStem_NStem	SC2_VRoot_VerbTerm	NStem_NStem_NStem
u_kuth_i	Conj	NStem_NStem_NStem	Conj	NStem_NStem_NStem
i_zi_mali	NPrePre10_BPre10_NStem	NStem_NStem_NStem	NPrePre10_BPre10_NStem	NStem_NStem_NStem
e_za_zi_bolek_iw_e	RelConc9_SC10_SC10_VRoot_PassExt_VerbTerm	VRoot_VRoot_VRoot_VRoot_VRoot_VRoot	RelConc9_SC10_SC10_VRoot_PassExt_VerbTerm	VRoot_VRoot_VRoot_VRoot_VRoot_VRoot
za_zinga_setshenz_is_el_w_a	SC10_SC10_Pot_VRoot_CausExt_ApplExt_PassExt_VerbTerm	VRoot_VRoot_VRoot_VRoot_VRoot_VRoot_VRoot	SC10_SC10_Pot_VRoot_CausExt_ApplExt_PassExt_VerbTerm	VRoot_VRoot_VRoot_VRoot_VRoot_VRoot_VRoot
u_ku_lima	NPrePre15_BPre15_VRoot_VerbTerm	NStem_NStem_NStem	NPrePre15_BPre15_VRoot_VerbTerm	NStem_NStem_NStem
,	Punc	PUNC	Punc	PUNC
noma	Conj	Conj	Conj	PUNC
zi_setshenz_is_iw_e	SC10_VRoot_CausExt_PassExt_VerbTerm	VRoot_VRoot_VRoot_VRoot_VRoot	SC10_VRoot_CausExt_PassExt_VerbTerm	VRoot_VRoot_VRoot_VRoot_VRoot
,	Punc	PUNC	Punc	PUNC
kwa_kuba	SC15_SC15_AuxVStem	PUNC_PUNC	SC15_SC15_AuxVStem	PUNC_PUNC
zi_setshenz_is_el_w_e	SC10_VRoot_CausExt_ApplExt_PassExt_VerbTerm	VRoot_VRoot_VRoot_VRoot_VRoot_VRoot	SC10_VRoot_CausExt_ApplExt_PassExt_VerbTerm	VRoot_VRoot_VRoot_VRoot_VRoot_VRoot
i_zi_nto	NPrePre10_BPre10_NStem	NStem_NStem_NStem	NPrePre10_BPre10_NStem	PUNC_PUNC_PUNC
ezi_nga_fanel_ek_il_e	RelConc10_NegPre_VRoot_NeutExt_Perf_VerbTerm	VRoot_VRoot_VRoot_VRoot_VRoot_VRoot	RelConc10_NegPre_VRoot_NeutExt_Perf_VerbTerm	NStem_NStem_NStem_NStem_NStem_NStem
.	Punc	PUNC	Punc	PUNC
Ba_buy_e	SC2_VRoot_VerbTerm	NStem_NStem_NStem	SC2_VRoot_VerbTerm	NStem_NStem_NStem
ba_thol_a	SC2_VRoot_VerbTerm	NStem_NStem_NStem	SC2_VRoot_VerbTerm	NStem_NStem_NStem
u_kuth_i	Conj	NStem_NStem_NStem	Conj	NStem_NStem_NStem
yi_ze	CopPre_NStem	PUNC_PUNC	CopPre_NStem	PUNC_PUNC
noma	Conj	Conj	Conj	Conj
u_ku_lima	NPrePre15_BPre15_VRoot_VerbTerm	NStem_NStem_NStem	NPrePre15_BPre15_VRoot_VerbTerm	NStem_NStem_NStem
kwa_kw_enz_iw_a	SC15_SC15_VRoot_PassExt_VerbTerm	VRoot_VRoot_VRoot_VRoot_VRoot	SC15_SC15_VRoot_PassExt_VerbTerm	VRoot_VRoot_VRoot_VRoot_VRoot
ka_hle	AdvPre_AdjStem	NStem_NStem	AdvPre_AdjStem	NStem_NStem
nga_ba_ntu	AdvPre_NPrePre2_BPre2_NStem	NStem_NStem_NStem	AdvPre_NPrePre2_BPre2_NStem	NStem_NStem_NStem
be_si_fazane	PossConc2_NPrePre7_BPre7_NStem	NStem_NStem_NStem	PossConc2_NPrePre7_BPre7_NStem	NStem_NStem_NStem
futh_i	Conj	NStem_NStem	Conj	NStem_NStem
i_ningi	NPrePre5_AdjStem	NStem_NStem	NPrePre5_AdjStem	NStem_NStem
la_be_si_lis_a	PossConc5_BPre2_BPre7_NStem	VRoot_VRoot_VRoot_VRoot_VRoot	PossConc5_BPre2_BPre7_NStem	VRoot_VRoot_VRoot_VRoot_VRoot
li_hambil_e	SC5_VRoot_Perf_VerbTerm	NStem_NStem_NStem	SC5_VRoot_Perf_VerbTerm	NStem_NStem_NStem
la_yo_sebenz_a	SC5_Fut_VRoot_VerbTerm	NStem_NStem_VRoot_NStem	SC5_Fut_VRoot_VerbTerm	VRoot_VRoot_VRoot_VRoot
e_ma_dolobhe_ni	LocPre_BPre6_NStem_LocSuf	VRoot_VRoot_VRoot_VRoot	LocPre_BPre6_NStem_LocSuf	VRoot_VRoot_VRoot_VRoot
kodwa	Conj	PUNC	Conj	Conj
i_zi_mali	NPrePre10_BPre10_NStem	NStem_NStem_NStem	NPrePre10_BPre10_NStem	NStem_NStem_NStem
ezi_bolek_is_a_yo	RelConc8_VRoot_CausExt_VerbTerm_RelSuf	VRoot_VRoot_VRoot_VRoot_VRoot	RelConc8_VRoot_CausExt_VerbTerm_RelSuf	VRoot_VRoot_VRoot_VRoot_VRoot
za_zi_nikez_w_e	SC8_SC8_VRoot_PassExt_VerbTerm	VRoot_VRoot_VRoot_VRoot_VRoot	SC8_SC8_VRoot_PassExt_VerbTerm	NStem_NStem_NStem_NStem_NStem
a_be_si_lis_a	NPrePre2_BPre2_BPre7_NStem	NStem_VRoot_NStem_VRoot_VRoot	NPrePre2_BPre2_BPre7_NStem	VRoot_VRoot_VRoot_VRoot_VRoot
ngenxa	Conj	Conj	Conj	Conj
yo_m_sebenzi	PossConc3_NPrePre3_BPre3_NStem	NStem_NStem_NStem	PossConc3_NPrePre3_BPre3_NStem	NStem_NStem_NStem
wa_bo	PossConc2_PronStem2	PUNC_PUNC	PossConc2_PronStem2	NStem_NStem
wo_ku_b_a	PossConc3_Conj	NStem_NStem_NStem_NStem	PossConc3_Conj	NStem_NStem_NStem_NStem
y_i_zin_hloko	CopPre_BPre10_NStem	NStem_NStem_NStem_VRoot	CopPre_BPre10_NStem	NStem_NStem_NStem_NStem
ze_mi_ndeni	PossConc10_NPrePre4_BPre4_NStem	NStem_NStem_NStem	PossConc10_NPrePre4_BPre4_NStem	NStem_VRoot_NStem
ngo_kosiko	AdvPre_NPrePre11_PossConc15_NPrePre15_NStem	NStem_NStem	AdvPre_NPrePre11_PossConc15_NPrePre15_NStem	NStem_NStem
,	Punc	PUNC	Punc	PUNC
ba_be_nz_a	SC2_SC2_VRoot_VerbTerm	NStem_VRoot_VRoot_NStem	SC2_SC2_VRoot_VerbTerm	NStem_NStem_NStem_NStem
i_zin_qumo	NPrePre10_BPre10_NStem	NStem_NStem_NStem	NPrePre10_BPre10_NStem	NStem_NStem_NStem
ngo_ku_th_i	AdvPre_Conj	NStem_NStem_NStem_NStem	AdvPre_Conj	NStem_NStem_NStem_NStem
ba_nga_yi_sebenz_is_a	SC2_Pot_OC9_VRoot_CausExt_VerbTerm	VRoot_NStem_VRoot_VRoot_NStem_NStem	SC2_Pot_OC9_VRoot_CausExt_VerbTerm	VRoot_VRoot_VRoot_VRoot_VRoot_VRoot
ka_njani	AdvPre_Interrog	NStem_NStem	AdvPre_Interrog	NStem_NStem
i_mali	NPrePre9_NStem	PUNC_PUNC	NPrePre9_NStem	PUNC_PUNC
.	Punc	PUNC	Punc	PUNC
I_zi_thangami	NPrePre8_BPre8_NStem	NStem_NStem_NStem	NPrePre8_BPre8_NStem	NStem_NStem_NStem
se_sabelomali	PossConc7_NStem	NStem_NStem	PossConc7_NStem	NStem_NStem
y_i_mi_hlangano	NPre4_NPrePre4_BPre4_NStem	VRoot_VRoot_VRoot_VRoot	NPre4_NPrePre4_BPre4_NStem	NStem_NStem_NStem_NStem
e_kheth_ek_il_e	SC4_VRoot_NPas_Perf_VerbTerm	VRoot_VRoot_VRoot_VRoot_VRoot	SC4_VRoot_NPas_Perf_VerbTerm	NStem_VRoot_VRoot_NStem_VRoot
e_nikez_el_a	RelConc9_VRoot_ApplExt_VerbTerm	NStem_NStem_VRoot_NStem	RelConc9_VRoot_ApplExt_VerbTerm	NStem_NStem_VRoot_VRoot
ngo_lw_az_i	AdvPre_BPre11_NStem	NStem_NStem_NStem_NStem	AdvPre_BPre11_NStem	NStem_NStem_NStem_NStem
oku_m_el_e	RelConc15_VRoot_ApplExt_VerbTerm	NStem_NStem_NStem_NStem	RelConc15_VRoot_ApplExt_VerbTerm	NStem_NStem_NStem_NStem
u_ku_b_a	Conj	NStem_NStem_NStem_NStem	Conj	NStem_NStem_NStem_NStem
i_setshenz_is_w_e	SC4_VRoot_CausExt_PassExt_VerbTerm	VRoot_VRoot_VRoot_VRoot_VRoot	SC4_VRoot_CausExt_PassExt_VerbTerm	VRoot_VRoot_VRoot_VRoot_VRoot
nga_ma_khansela	AdvPre_BPre6_NStem	NStem_NStem_NStem	AdvPre_BPre6_NStem	NStem_NStem_NStem
ezi_gceme	RelConc8_NStem	NStem_NStem	RelConc8_NStem	NStem_NStem
u_ku_xox_a	NPrePre15_BPre15_VRoot_VerbTerm	NStem_NStem_NStem_VRoot	NPrePre15_BPre15_VRoot_VerbTerm	NStem_NStem_NStem_NStem
mayela_na	NStem_DimSuf	NStem_NStem	NStem_DimSuf	NStem_NStem
ne_n_tuthuko	AdvPre_NPrePre9_BPre9_NStem	NStem_NStem_NStem	AdvPre_NPrePre9_BPre9_NStem	NStem_NStem_NStem
e_se_y_enz_iw_e	LocPre_AuxVStem_CopPre_VRoot_PassExt_VerbTerm	VRoot_VRoot_VRoot_VRoot_VRoot_VRoot	LocPre_AuxVStem_CopPre_VRoot_PassExt_VerbTerm	VRoot_VRoot_VRoot_VRoot_VRoot_VRoot
ku_sabelomali	BPre17_NStem	NStem_NStem	BPre17_NStem	NStem_NStem
a_phind_e	SC6_VRoot_VerbTerm	NStem_NStem_NStem	SC6_VRoot_VerbTerm	NStem_NStem_NStem
a_chaz_e	SC2_Intrans_VerbTerm	NStem_NStem_NStem	SC2_Intrans_VerbTerm	NStem_NStem_NStem
na_nga_lokho	AdvPre_NStem	NStem_NStem_NStem	AdvPre_NStem	NStem_NStem_NStem
oku_shintshiw_e	RelConc15_VRoot_PassExt_VerbTerm	VRoot_VRoot_VRoot	RelConc15_VRoot_PassExt_VerbTerm	VRoot_VRoot_VRoot
ezin_hlelw_eni	RelConc8_BPre9_NStem_LocSuf	NStem_NStem_NStem	RelConc8_BPre9_NStem_LocSuf	VRoot_VRoot_VRoot
za_s_e_ku_qale_ni	PossConc8_PreLoc-s_LocPre_BPre15_NStem_LocSuf	VRoot_VRoot_NStem_VRoot_VRoot_VRoot	PossConc8_PreLoc-s_LocPre_BPre15_NStem_LocSuf	VRoot_VRoot_VRoot_VRoot_VRoot_VRoot
.	Punc	PUNC	Punc	PUNC
Uma	Conj	Conj	Conj	Conj
ku_w_ukuth_i	SC15_CopPre_Conj	NStem_NStem_NStem_NStem	SC15_CopPre_Conj	NStem_NStem_NStem_NStem
a_wu_na_wo	NegPre_CopPre_AdvPre_PronStem6	NStem_VRoot_VRoot_NStem	NegPre_CopPre_AdvPre_PronStem6	NStem_NStem_NStem_NStem
a_ma_khophi	NPrePre6_BPre6_NStem	NStem_NStem_NStem	NPrePre6_BPre6_NStem	NStem_NStem_NStem
o_hlelo	RelConc11_NStem	NStem_NStem	RelConc11_NStem	NStem_NStem
lwe__ID_P	PossConc11_NPrePre9_Abbr	NStem_NStem_NStem	PossConc11_NPrePre9_Abbr	NStem_NStem_NStem
noma	Conj	Conj	Conj	PUNC
ku_be	SC15_AuxVStem	PUNC_PUNC	SC15_AuxVStem	PUNC_PUNC
w_u_kuth_i	CopPre_NPrePre15_BPre15_VRoot_VerbTerm	NStem_NStem_NStem_NStem	CopPre_NPrePre15_BPre15_VRoot_VerbTerm	NStem_NStem_NStem_NStem
aba_bamb_e	RelConc2_VRoot_VerbTerm	NStem_NStem_NStem	RelConc2_VRoot_VerbTerm	NStem_NStem_NStem
i_qhaz_a	NPrePre5_BPre5_NStem	NStem_NStem_NStem	NPrePre5_BPre5_NStem	NStem_NStem_NStem
abalw_az_i	RelConc2_BPre11_VRoot_VerbTerm	NStem_NStem_NStem	RelConc2_BPre11_VRoot_VerbTerm	NStem_NStem_NStem
u_hlelo	NPrePre11_NStem	NStem_NStem	NPrePre11_NStem	NStem_NStem
lwe__ID_P	PossConc11_NPrePre9_Abbr	NStem_NStem_NStem	PossConc11_NPrePre9_Abbr	NStem_NStem_NStem
,	Punc	PUNC	Punc	PUNC
fund_a	VRoot_VerbTerm	PUNC_PUNC	VRoot_VerbTerm	PUNC_PUNC
i_zi_gaba	NPrePre8_BPre8_NStem	NStem_NStem_NStem	NPrePre8_BPre8_NStem	NStem_NStem_NStem
za_lo	PossConc8_PronStem11	PUNC_PUNC	PossConc8_PronStem11	PUNC_PUNC
e_khasi_ni	LocPre_NStem_LocSuf	NStem_NStem_NStem	LocPre_NStem_LocSuf	NStem_NStem_NStem
la_ma__33	PossConc5_NPrePre6_BPre6_Num	NStem_NStem_NStem	PossConc5_NPrePre6_BPre6_Num	NStem_NStem_NStem
,	Punc	PUNC	Punc	PUNC
u_chaz_e	SC2_VRoot_VerbTerm	NStem_NStem_NStem	SC2_VRoot_VerbTerm	NStem_NStem_NStem
leso	Dem7_Pos2	PUNC	Dem7_Pos2	PUNC
na_leso	AdvPre_Dem7_Pos2	NStem_NStem	AdvPre_Dem7_Pos2	NStem_NStem
si_gaba	BPre7_NStem	PUNC_PUNC	BPre7_NStem	NStem_NStem
u_bon_is_e	SC1_VRoot_CausExt_VerbTerm	NStem_NStem_NStem_NStem	SC1_VRoot_CausExt_VerbTerm	NStem_NStem_NStem_NStem
u_kuth_i	Conj	NStem_NStem_NStem	Conj	NStem_NStem_NStem
leso	Dem7_Pos2	NStem	Dem7_Pos2	PUNC
na_leso	AdvPre_Dem7_Pos2	NStem_NStem	AdvPre_Dem7_Pos2	NStem_NStem
si_gaba	BPre7_NStem	PUNC_PUNC	BPre7_NStem	NStem_NStem
si_b_e	SC7_AuxVStem	NStem_NStem_NStem	SC7_AuxVStem	NStem_NStem_NStem
na_li_phi	AdvPre_BPre5_Interrog	NStem_NStem_NStem	AdvPre_BPre5_Interrog	NStem_NStem_NStem
i_galelo	NPrePre5_NStem	NStem_NStem	NPrePre5_NStem	NStem_NStem
ezin_hlelw_eni	LocPre_BPre10_NStem_LocSuf	VRoot_VRoot_VRoot	LocPre_BPre10_NStem_LocSuf	VRoot_VRoot_VRoot
za_bo	PossConc10_PronStem2	PUNC_PUNC	PossConc10_PronStem2	PUNC_PUNC
zo_hlelo	PossConc10_NPrePre11_NStem	NStem_NStem	PossConc10_NPrePre11_NStem	NStem_NStem
lwe__ID_P	PossConc11_NPrePre9_Abbr	NStem_NStem_NStem	PossConc11_NPrePre9_Abbr	NStem_NStem_NStem
.	Punc	PUNC	Punc	PUNC
Uma	Conj	Conj	Conj	PUNC
aba_bamb_e	RelConc2_VRoot_VerbTerm	NStem_NStem_NStem	RelConc2_VRoot_VerbTerm	NStem_NStem_NStem
i_qhaz_a	NPrePre5_BPre5_NStem	NStem_NStem_NStem	NPrePre5_BPre5_NStem	NStem_NStem_NStem
belw_az_i	SC2_BPre11_VRoot_VerbTerm	NStem_NStem_NStem	SC2_BPre11_VRoot_VerbTerm	NStem_NStem_NStem
u_hlelo	NPrePre11_NStem	NStem_NStem	NPrePre11_NStem	NStem_NStem
lwe__ID_P	PossConc11_NPrePre9_Abbr	NStem_NStem_NStem	PossConc11_NPrePre9_Abbr	NStem_NStem_NStem
,	Punc	PUNC	Punc	PUNC
qhakamb_is_a	VRoot_CausExt_VerbTerm	PUNC_PUNC_PUNC	VRoot_CausExt_VerbTerm	NStem_NStem_NStem
lezi	Dem10_Pos1	PUNC	Dem10_Pos1	PUNC
zi_gaba	BPre8_NStem	PUNC_PUNC	BPre8_NStem	PUNC_PUNC
u_ba_buz_e	SC1_OC2_VRoot_VerbTerm	NStem_NStem_NStem_NStem	SC1_OC2_VRoot_VerbTerm	NStem_NStem_NStem_NStem
u_kuth_i	Conj	NStem_NStem_NStem	Conj	NStem_NStem_NStem
ba_zi_bandakanye	SC2_ReflPre_VRoot_VerbTerm	NStem_NStem_NStem	SC2_ReflPre_VRoot_VerbTerm	VRoot_NStem_NStem
ka_njani	AdvPre_Interrog	NStem_NStem	AdvPre_Interrog	NStem_NStem
ku_leso	LocPre_Dem7_Pos2	NStem_NStem	LocPre_Dem7_Pos2	NStem_NStem
na_leso	AdvPre_Dem7_Pos2	NStem_NStem	AdvPre_Dem7_Pos2	NStem_NStem
si_gaba	BPre7_NStem	PUNC_PUNC	BPre7_NStem	Conj_Conj
.	Punc	PUNC	Punc	PUNC
U_kw_enz_iw_a	NPrePre15_BPre15_VRoot_PassExt_VerbTerm	VRoot_VRoot_VRoot_VRoot_VRoot	NPrePre15_BPre15_VRoot_PassExt_VerbTerm	VRoot_VRoot_VRoot_VRoot_VRoot
ko_hlelo	PossConc15_NPrePre11_NStem	NStem_NStem	PossConc15_NPrePre11_NStem	NStem_NStem
lwe_si_gceme	PossConc11_BPre7_NStem	NStem_NStem_VRoot	PossConc11_BPre7_NStem	NStem_NStem_NStem
ku_dl_a	SC15_VRoot_VerbTerm	NStem_NStem_NStem	SC15_VRoot_VerbTerm	NStem_NStem_NStem
i_si_khathi	NPrePre7_BPre7_NStem	NStem_NStem_NStem	NPrePre7_BPre7_NStem	NStem_NStem_NStem
futh_i	Conj	NStem_NStem	Conj	NStem_NStem
ku_dinga	SC15_VRoot_VerbTerm	NStem_NStem	SC15_VRoot_VerbTerm	NStem_NStem
u_ku_hlel_el_w_a	NPrePre15_BPre15_VRoot_ApplExt_PassExt_VerbTerm	VRoot_VRoot_VRoot_VRoot_VRoot_VRoot	NPrePre15_BPre15_VRoot_ApplExt_PassExt_VerbTerm	NStem_NStem_NStem_NStem_NStem_NStem
ngo_ku_cophelel_a	AdvPre_NPrePre15_BPre15_VRoot_VerbTerm	VRoot_VRoot_VRoot_VRoot	AdvPre_NPrePre15_BPre15_VRoot_VerbTerm	VRoot_VRoot_VRoot_VRoot
.	Punc	PUNC	Punc	PUNC
Le	Dem9_Pos1	Conj	Dem9_Pos1	Conj
n_qubo	BPre9_NStem	NStem_NStem	BPre9_NStem	NStem_NStem
i_hlangan_is_a	SC9_VRoot_VerbTerm	NStem_NStem_NStem_NStem	SC9_VRoot_VerbTerm	VRoot_NStem_VRoot_VRoot
u_ku_hlaziy_a	NPrePre15_BPre15_VRoot_VerbTerm	VRoot_VRoot_VRoot_VRoot	NPrePre15_BPre15_VRoot_VerbTerm	VRoot_VRoot_VRoot_VRoot
i_si_mo	NPrePre7_BPre7_NStem	NStem_NStem_NStem	NPrePre7_BPre7_NStem	NStem_NStem_NStem
se_zi_nto	PossConc7_NPrePre10_BPre10_NStem	NStem_NStem_NStem	PossConc7_NPrePre10_BPre10_NStem	NStem_NStem_NStem
(	Punc	Conj	Punc	Conj
i_zin_suku	NPrePre10_BPre10_NStem	Conj_Conj_Conj	NPrePre10_BPre10_NStem	NStem_NStem_NStem
ezim_bili	AdjPref10_AdjStem	NStem_NStem	AdjPref10_AdjStem	NStem_NStem
)	Punc	Conj	Punc	Conj
,	Punc	PUNC	Punc	PUNC
u_ku_hlangan_is_w_a	NPrePre15_BPre15_VRoot_CausExt_PassExt_VerbTerm	VRoot_VRoot_VRoot_VRoot_VRoot_VRoot	NPrePre15_BPre15_VRoot_CausExt_PassExt_VerbTerm	VRoot_VRoot_VRoot_VRoot_VRoot_VRoot
ko_lw_az_i	PossConc15_NPrePre11_BPre11_NStem	NStem_NStem_NStem_NStem	PossConc15_NPrePre11_BPre11_NStem	NStem_NStem_NStem_NStem
(	Punc	Conj	Punc	Conj
u_suku	NPrePre11_NStem	PUNC_PUNC	NPrePre11_NStem	PUNC_PUNC
olu_lo_dwa	RelConc11_QuantConc11_QuantStem	NStem_NStem_NStem	RelConc11_QuantConc11_QuantStem	NStem_NStem_NStem
)	Punc	Conj	Punc	Conj
,	Punc	PUNC	Punc	PUNC
u_ku_hlel_a	NPrePre15_BPre15_VRoot_VerbTerm	NStem_NStem_NStem_NStem	NPrePre15_BPre15_VRoot_VerbTerm	NStem_NStem_NStem_NStem
i_n_qubo	NPrePre9_BPre9_NStem	NStem_NStem_NStem	NPrePre9_BPre9_NStem	NStem_NStem_NStem
(	Punc	Conj	Punc	Conj
u_suku	NPrePre11_NStem	PUNC_PUNC	NPrePre11_NStem	PUNC_PUNC
olu_lo_dwa	RelConc11_QuantConc11_QuantStem	NStem_NStem_NStem	RelConc11_QuantConc11_QuantStem	NStem_NStem_NStem
)	Punc	Conj	Punc	PUNC
ka_nye	Conj	PUNC_PUNC	Conj	PUNC_PUNC
no_ku_hlel_a	AdvPre_NPrePre15_BPre15_VRoot_VerbTerm	NStem_NStem_VRoot_NStem	AdvPre_NPrePre15_BPre15_VRoot_VerbTerm	VRoot_VRoot_NStem_NStem
u_ku_setshenz_is_w_a	NPrePre15_BPre15_VRoot_CausExt_PassExt_VerbTerm	NStem_NStem_NStem_NStem_NStem_NStem	NPrePre15_BPre15_VRoot_CausExt_PassExt_VerbTerm	VRoot_VRoot_VRoot_VRoot_VRoot_VRoot
ko_hlelo	PossConc15_NPrePre11_NStem	NStem_NStem	PossConc15_NPrePre11_NStem	NStem_NStem
(	Punc	Conj	Punc	PUNC
u_suku	NPrePre11_NStem	PUNC_PUNC	NPrePre11_NStem	PUNC_PUNC
olu_lo_dwa	RelConc11_QuantConc11_QuantStem	NStem_NStem_NStem	RelConc11_QuantConc11_QuantStem	NStem_NStem_NStem
)	Punc	Conj	Punc	Conj
.	Punc	PUNC	Punc	PUNC
U_ku_gqugquzel_a	NPrePre15_BPre15_VRoot_VerbTerm	VRoot_VRoot_VRoot_VRoot	NPrePre15_BPre15_VRoot_VerbTerm	VRoot_VRoot_VRoot_VRoot
i_n_qubo	NPrePre9_BPre9_NStem	NStem_NStem_NStem	NPrePre9_BPre9_NStem	NStem_NStem_NStem
yo_ku_hlel_a	PossConc9_NPrePre15_BPre15_VRoot_VerbTerm	NStem_NStem_NStem_NStem	PossConc9_NPrePre15_BPre15_VRoot_VerbTerm	NStem_NStem_NStem_NStem
kw_enz_iw_a	SC15_VRoot_PassExt_VerbTerm	VRoot_VRoot_VRoot_VRoot	SC15_VRoot_PassExt_VerbTerm	VRoot_VRoot_VRoot_VRoot
i_komidi	NPrePre5_NStem	NStem_NStem	NPrePre5_NStem	NStem_NStem
le_si_gceme	PossConc5_NPrePre7_BPre7_NStem	NStem_NStem_NStem	PossConc5_NPrePre7_BPre7_NStem	NStem_NStem_NStem
ka_nye	Conj	PUNC_PUNC	Conj	PUNC_PUNC
na_ba_gqugquzeli	AdvPre_NPrePre2_BPre2_NStem	VRoot_VRoot_VRoot	AdvPre_NPrePre2_BPre2_NStem	VRoot_VRoot_VRoot
ba_ka_masipala	PossConc1a_PossKA_NStem	VRoot_NStem_NStem	PossConc1a_PossKA_NStem	NStem_NStem_NStem
.	Punc	PUNC	Punc	PUNC
I_n_dlel_a	NPrePre9_BPre9_NStem	NStem_NStem_NStem_NStem	NPrePre9_BPre9_NStem	NStem_NStem_NStem_NStem
e_sabalel_e	RelConc9_VRoot_VerbTerm	NStem_NStem_NStem	RelConc9_VRoot_VerbTerm	NStem_NStem_NStem
yo_kw_enz_a	PossConc9_NPrePre15_BPre15_VRoot_VerbTerm	NStem_NStem_NStem_NStem	PossConc9_NPrePre15_BPre15_VRoot_VerbTerm	NStem_NStem_NStem_NStem
ka_bu_sha	AdvPre_BPre14_NStem	NStem_NStem_NStem	AdvPre_BPre14_NStem	NStem_NStem_NStem
e_hloban_is_a	RelConc9_VRoot_CausExt_VerbTerm	VRoot_VRoot_VRoot_VRoot	RelConc9_VRoot_CausExt_VerbTerm	VRoot_VRoot_VRoot_VRoot
a_ma_yunivesithi	NPrePre6_BPre6_NStem	NStem_NStem_NStem	NPrePre6_BPre6_NStem	NStem_NStem_NStem
,	Punc	PUNC	Punc	PUNC
i_mi_khandlu	NPrePre4_BPre4_NStem	NStem_NStem_NStem	NPrePre4_BPre4_NStem	NStem_NStem_NStem
ye_z_e_sayensi	PossConc9_PossConc8_NStem	NStem_NStem_VRoot_NStem	PossConc9_PossConc8_NStem	NStem_NStem_NStem_NStem
n_olu_nye	AdvPre_RelConc11_AdjStem	NStem_NStem_NStem	AdvPre_RelConc11_AdjStem	NStem_NStem_NStem
u_cwaningo	NPrePre11_BPre11_NStem	NStem_NStem	NPrePre11_BPre11_NStem	NStem_NStem
na_ba_bamb_e	AdvPre_SC2_VRoot_VerbTerm	NStem_NStem_NStem_NStem	AdvPre_SC2_VRoot_VerbTerm	NStem_NStem_NStem_NStem
i_qhaz_a	NPrePre5_BPre5_NStem	NStem_NStem_NStem	NPrePre5_BPre5_NStem	NStem_NStem_NStem
kwe_ze_ntuthuko	PossConc15_RelConc4_PossConc8_BPre9_NStem	VRoot_VRoot_VRoot	PossConc15_RelConc4_PossConc8_BPre9_NStem	VRoot_VRoot_VRoot
ne_zin_dawo	AdvPre_NPrePre10_BPre10_NStem	NStem_NStem_NStem	AdvPre_NPrePre10_BPre10_NStem	NStem_NStem_NStem
ezi_s_e_m_qoka	RelConc8_PreLoc-s_LocPre_BPre3_NStem	VRoot_VRoot_VRoot_VRoot_VRoot	RelConc8_PreLoc-s_LocPre_BPre3_NStem	VRoot_VRoot_VRoot_VRoot_VRoot
zo_mnotho	PossConc10_NStem	NStem_NStem	PossConc10_NStem	NStem_NStem
.	Punc	PUNC	Punc	PUNC
A_ba_bamb_e	RelConc2_VRoot_VerbTerm	VRoot_NStem_NStem_NStem	RelConc2_VRoot_VerbTerm	NStem_NStem_NStem_NStem
i_qhaz_a	NPrePre5_BPre5_NStem	NStem_NStem_NStem	NPrePre5_BPre5_NStem	NStem_NStem_NStem
ba_fund_a	SC2_VRoot_VerbTerm	NStem_NStem_NStem	SC2_VRoot_VerbTerm	NStem_NStem_NStem
i_zi_gameko	NPrePre8_BPre8_NStem	NStem_NStem_NStem	NPrePre8_BPre8_NStem	NStem_NStem_NStem
ezin_tathu	AdjPref10_AdjStem	NStem_NStem	AdjPref10_AdjStem	NStem_NStem
ebese	Conj	NStem	Conj	Conj
be_phendul_a	SC2_VRoot_VerbTerm	NStem_NStem_NStem	SC2_VRoot_VerbTerm	NStem_NStem_NStem
i_mi_buzo	NPrePre4_BPre4_NStem	NStem_NStem_NStem	NPrePre4_BPre4_NStem	NStem_NStem_NStem
.	Punc	PUNC	Punc	PUNC
I_zin_hlelo	NPrePre10_BPre10_NStem	NStem_NStem_NStem	NPrePre10_BPre10_NStem	NStem_NStem_NStem
zo_ku_hlela__	PossConc8_NPrePre15_BPre15_NStem	NStem_NStem_NStem	PossConc8_NPrePre15_BPre15_NStem	NStem_NStem_NStem
zi_vum_el_a	SC10_VRoot_ApplExt_VerbTerm	NStem_NStem_NStem_NStem	SC10_VRoot_ApplExt_VerbTerm	NStem_NStem_VRoot_NStem
i_projekthi	NPrePre5_NStem	NStem_NStem	NPrePre5_NStem	NStem_NStem
u_kuth_i	Conj	NStem_NStem_NStem	Conj	NStem_NStem_NStem
i_hamb_e	SC4_VRoot_VerbTerm	NStem_NStem_NStem	SC4_VRoot_VerbTerm	NStem_NStem_NStem
ngo_ko_hlelo	AdvPre_PossConc15_NStem	NStem_NStem_NStem	AdvPre_PossConc15_NStem	VRoot_NStem_NStem
futh_i	Conj	NStem_NStem	Conj	NStem_NStem
i_be	SC9_AuxVStem	PUNC_PUNC	SC9_AuxVStem	NStem_NStem
ne_zin_kinga	AdvPre_NPrePre10_BPre10_NStem	NStem_NStem_NStem	AdvPre_NPrePre10_BPre10_NStem	NStem_NStem_NStem
ezin_cane	AdjPref10_AdjStem	NStem_NStem	AdjPref10_AdjStem	NStem_NStem
ka_khulu	AdvPre_AdjStem	NStem_NStem	AdvPre_AdjStem	NStem_NStem
.	Punc	PUNC	Punc	PUNC
Njengoba	Conj	NStem	Conj	NStem
a_ma_projekthi	NPrePre6_BPre6_NStem	NStem_NStem_NStem	NPrePre6_BPre6_NStem	NStem_NStem_NStem
njengo_kwe_gama	AdvPre_PossConc15_NStem	NStem_NStem_NStem	AdvPre_PossConc15_NStem	NStem_NStem_NStem
la_wo	PossConc5_PronStem6	PUNC_PUNC	PossConc5_PronStem6	PUNC_PUNC
e_hluk_il_e	LocPre_VRoot_Perf	NStem_NStem_VRoot_VRoot	LocPre_VRoot_Perf	NStem_NStem_NStem_NStem
kwa_ma_nye	PossConc15_AdjPref6_AdjStem	NStem_NStem_NStem	PossConc15_AdjPref6_AdjStem	NStem_NStem_NStem
futh_i	Conj	NStem_NStem	Conj	NStem_NStem
abandakany_a	SC6_VRoot_VerbTerm	VRoot_NStem	SC6_VRoot_VerbTerm	NStem_NStem
i_nto	NPrePre9_NStem	NStem_NStem	NPrePre9_NStem	NStem_NStem
e_n_tsha	AdjPref9_AdjStem	NStem_NStem_NStem	AdjPref9_AdjStem	NStem_NStem_NStem
ku_labo	LocPre_Dem2_Pos3	PUNC_PUNC	LocPre_Dem2_Pos3	PUNC_PUNC
aba_bamb_e	RelConc2_VRoot_VerbTerm	NStem_NStem_NStem	RelConc2_VRoot_VerbTerm	NStem_NStem_NStem
i_qhaz_a	NPrePre5_BPre5_NStem	NStem_NStem_NStem	NPrePre5_BPre5_NStem	NStem_NStem_NStem
,	Punc	PUNC	Punc	PUNC
ku_balulek_il_e	SC15_VRoot_Perf_VerbTerm	VRoot_VRoot_VRoot_VRoot	SC15_VRoot_Perf_VerbTerm	VRoot_VRoot_VRoot_VRoot
u_kuth_i	Conj	NStem_NStem_NStem	Conj	NStem_NStem_NStem
ku_be	SC15_VRoot_VerbTerm	PUNC_PUNC	SC15_VRoot_VerbTerm	PUNC_PUNC
ne_qhinga	AdvPre_NStem	NStem_NStem	AdvPre_NStem	NStem_NStem
u_ku_qinis_ek_is_a	NPrePre15_BPre15_VRoot_CausExt_VerbTerm	NStem_NStem_NStem_NStem_NStem_NStem	NPrePre15_BPre15_VRoot_CausExt_VerbTerm	VRoot_VRoot_VRoot_VRoot_VRoot_VRoot
u_kuth_i	Conj	NStem_NStem_NStem	Conj	NStem_NStem_NStem
bo_nke	QuantConc2_QuantStem	NStem_NStem	QuantConc2_QuantStem	PUNC_PUNC
aba_bamb_e	RelConc2_VRoot_VerbTerm	NStem_NStem_NStem	RelConc2_VRoot_VerbTerm	NStem_NStem_NStem
i_qhaz_a	NPrePre5_BPre5_NStem	NStem_NStem_NStem	NPrePre5_BPre5_NStem	NStem_NStem_NStem
ku_projekthi	BPre17_NStem	NStem_NStem	BPre17_NStem	NStem_NStem
ba_ya_z_i	PossConc2a_CopPre_NStem	NStem_NStem_NStem_NStem	PossConc2a_CopPre_NStem	NStem_NStem_NStem_NStem
u_kuth_i	Conj	NStem_NStem_NStem	Conj	NStem_NStem_NStem
ku_lindel_w_eni	BPre15_NStem_LocSuf	VRoot_VRoot_VRoot_VRoot	BPre15_NStem_LocSuf	VRoot_VRoot_VRoot_VRoot
ku_bo	LocPre_PronStem2	PUNC_PUNC	LocPre_PronStem2	PUNC_PUNC
,	Punc	PUNC	Punc	PUNC
ku_fanel_e	SC15_VRoot_ApplExt_VerbTerm	NStem_NStem_NStem	SC15_VRoot_ApplExt_VerbTerm	NStem_NStem_NStem
ba_kw_enz_e	PossConc2_SC15_VRoot_VerbTerm	VRoot_VRoot_VRoot_VRoot	PossConc2_SC15_VRoot_VerbTerm	NStem_NStem_NStem_NStem
ka_njani	AdvPre_Interrog	NStem_NStem	AdvPre_Interrog	NStem_NStem
no_ku_th_i	AdvPre_BPre15_VRoot_VerbTerm	NStem_NStem_NStem_NStem	AdvPre_BPre15_VRoot_VerbTerm	NStem_NStem_NStem_NStem
ku_fanel_e	SC15_VRoot_ApplExt_VerbTerm	NStem_NStem_NStem	SC15_VRoot_ApplExt_VerbTerm	NStem_NStem_NStem
kw_enz_iw_e	SC15_VRoot_PassExt_VerbTerm	VRoot_NStem_VRoot_VRoot	SC15_VRoot_PassExt_VerbTerm	VRoot_VRoot_VRoot_VRoot
i_ni	NPrePre9_Interrog	PUNC_PUNC	NPrePre9_Interrog	PUNC_PUNC
,	Punc	PUNC	Punc	PUNC
nini	Interrog	Conj	Interrog	PUNC
.	Punc	PUNC	Punc	PUNC
U_ku_hlel_a	NPrePre15_BPre15_NStem	NStem_NStem_NStem_NStem	NPrePre15_BPre15_NStem	VRoot_NStem_VRoot_VRoot
i_projekthi	NPrePre5_NStem	NStem_NStem	NPrePre5_NStem	NStem_NStem
ku_y_i_si_sekelo	BPre17_CopPre_NPrePre7_BPre7_NStem	VRoot_VRoot_VRoot_VRoot_VRoot	BPre17_CopPre_NPrePre7_BPre7_NStem	VRoot_VRoot_VRoot_VRoot_VRoot
so_ku_phath_w_a	PossConc7_BPre15_VRoot_PassExt_VerbTerm	VRoot_VRoot_VRoot_VRoot_VRoot	PossConc7_BPre15_VRoot_PassExt_VerbTerm	VRoot_VRoot_VRoot_VRoot_VRoot
kwe_projekthi	PossConc15_NPrePre5_NStem	NStem_NStem	PossConc15_NPrePre5_NStem	NStem_NStem
.	Punc	PUNC	Punc	PUNC
Kw_akha	SC15_VRoot_VerbTerm	NStem_NStem	SC15_VRoot_VerbTerm	NStem_NStem
i_si_sekelo	NPrePre7_BPre7_NStem	NStem_NStem_NStem	NPrePre7_BPre7_NStem	NStem_NStem_NStem
e_si_zo_kw_enz_a	RelConc7_Fut_VRoot_VerbTerm	VRoot_VRoot_VRoot_VRoot_VRoot_VRoot	RelConc7_Fut_VRoot_VerbTerm	NStem_NStem_NStem_NStem_NStem_NStem
i_projekthi	NPrePre9_NStem	NStem_NStem	NPrePre9_NStem	NStem_NStem
i_be	SC9_AuxVStem	PUNC_PUNC	SC9_AuxVStem	PUNC_PUNC
y_i_m_pumelelo	CopPre_NPrePre9_BPre9_NStem	VRoot_VRoot_VRoot_VRoot	CopPre_NPrePre9_BPre9_NStem	VRoot_VRoot_VRoot_VRoot
.	Punc	PUNC	Punc	PUNC
Ku_ne_zi_zathu	BPre15_AdvPre_NPrePre8_BPre8_NStem	NStem_NStem_NStem_NStem	BPre15_AdvPre_NPrePre8_BPre8_NStem	NStem_NStem_NStem_NStem
ezin_ingi	AdjPref10_AdjStem	NStem_NStem	AdjPref10_AdjStem	NStem_NStem
ezi_dala	RelConc8_VRoot_VerbTerm	PUNC_PUNC	RelConc8_VRoot_VerbTerm	PUNC_PUNC
i_ngxabano	NPrePre9_NStem	NStem_NStem	NPrePre9_NStem	NStem_NStem
.	Punc	PUNC	Punc	PUNC
Ezin_ye	AdjPref8_AdjStem	NStem_NStem	AdjPref8_AdjStem	NStem_NStem
zi_nga_ba	SC8_Pot_AuxVStem	NStem_AdjStem_NStem	SC8_Pot_AuxVStem	NStem_NStem_NStem
'	Punc	Conj	Punc	Conj
y_i_qiniso	CopPre_NPrePre5_NStem	NStem_NStem_NStem	CopPre_NPrePre5_NStem	NStem_NStem_NStem
'	Punc	Conj	Punc	PUNC
kanti	Conj	PUNC	Conj	PUNC
ezi_nye	AdjPref8_AdjStem	PUNC_PUNC	AdjPref8_AdjStem	PUNC_PUNC
'	Punc	Conj	Punc	Conj
zi_y_i_mi_cabango	BPre8_CopPre_NPrePre4_BPre4_NStem	VRoot_VRoot_VRoot_VRoot_VRoot	BPre8_CopPre_NPrePre4_BPre4_NStem	VRoot_VRoot_VRoot_VRoot_VRoot
'	Punc	Conj	Punc	PUNC
,	Punc	PUNC	Punc	PUNC
oku_sh_o	RelConc15_VRoot_VerbTerm	NStem_PUNC_NStem	RelConc15_VRoot_VerbTerm	NStem_NStem_NStem
i_n_dlel_a	NPrePre9_NPrePre9_NStem	NStem_NStem_NStem_NStem	NPrePre9_NPrePre9_NStem	NStem_NStem_NStem_VRoot
u_mu_ntu	NPrePre1_BPre1_NStem	NStem_NStem_NStem	NPrePre1_BPre1_NStem	NStem_NStem_NStem
/	Punc	Conj	Punc	PUNC
aba_ntu	NPrePre2_BPre2_NStem	NStem_NStem	NPrePre2_BPre2_NStem	NStem_NStem
aba_bon_a	RelConc2_VRoot_VerbTerm	NStem_NStem_NStem	RelConc2_VRoot_VerbTerm	NStem_NStem_NStem
nga_yo	AdvPre_PronStem9	PUNC_PUNC	AdvPre_PronStem9	PUNC_PUNC
i_si_mo	NPrePre7_BPre7_NStem	NStem_NStem_NStem	NPrePre7_BPre7_NStem	NStem_NStem_NStem
.	Punc	PUNC	Punc	PUNC
I_mi_biko	NPrePre4_BPre4_NStem	NStem_NStem_NStem	NPrePre4_BPre4_NStem	NStem_NStem_NStem
e_ye_jwayel_ek_il_e	RelConc9_CopPre_VRoot_NeutExt_Perf	VRoot_VRoot_VRoot_VRoot_VRoot_VRoot	RelConc9_CopPre_VRoot_NeutExt_Perf	VRoot_VRoot_VRoot_VRoot_VRoot_VRoot
_	Punc		Punc	
a_ma_Komidi	NPrePre6_BPre6_NStem	NStem_NStem_NStem	NPrePre6_BPre6_NStem	NStem_NStem_NStem
Ezi_gceme	RelConc8_NStem	NStem_NStem	RelConc8_NStem	NStem_NStem
ku_fanel_e	SC15_VRoot_ApplExt_VerbTerm	NStem_NStem_NStem	SC15_VRoot_ApplExt_VerbTerm	NStem_NStem_NStem
a_thol_e	SC1_VRoot_VerbTerm	NStem_NStem_NStem	SC1_VRoot_VerbTerm	NStem_NStem_NStem
i_mi_biko	NPrePre4_BPre4_NStem	NStem_NStem_NStem	NPrePre4_BPre4_NStem	NStem_NStem_NStem
e_ye_jwayel_ek_il_e	RelConc9_CopPre_VRoot_NeutExt_Perf	VRoot_VRoot_VRoot_VRoot_VRoot_VRoot	RelConc9_CopPre_VRoot_NeutExt_Perf	VRoot_VRoot_VRoot_VRoot_VRoot_VRoot
maqondan_a	Conj	NStem_NStem	Conj	NStem_NStem
ne_n_qubekel_a	AdvPre_NPrePre9_BPre9_NStem	VRoot_VRoot_VRoot_VRoot	AdvPre_NPrePre9_BPre9_NStem	VRoot_NStem_VRoot_VRoot
phambili	Adv	PUNC	Adv	PUNC
yo_m_khandlu	PossConc4_NPrePre3_BPre3_NStem	NStem_NStem_NStem	PossConc4_NPrePre3_BPre3_NStem	NStem_NStem_NStem
.	Punc	PUNC	Punc	PUNC
A_nga_buz_a	SC6_Pres_VRoot_VerbTerm	NStem_NStem_NStem_NStem	SC6_Pres_VRoot_VerbTerm	NStem_NStem_NStem_NStem
a_ma_khansela	NPrePre6_BPre6_NStem	NStem_NStem_NStem	NPrePre6_BPre6_NStem	NStem_NStem_NStem
u_kuth_i	Conj	NStem_NStem_NStem	Conj	NStem_NStem_NStem
ku_nga_ni	BPre17_NStem	NStem_NStem_NStem	BPre17_NStem	NStem_NStem_NStem
i_mi_phumel_a	NPrePre4_BPre4_NStem	NStem_NStem_NStem_NStem	NPrePre4_BPre4_NStem	NStem_NStem_VRoot_VRoot
i_phuzile	SC4_VRoot_Perf_VerbTerm	NStem_NStem	SC4_VRoot_Perf_VerbTerm	NStem_NStem
futh_i	Conj	NStem_NStem	Conj	NStem_NStem
a_vez_e	RelConc6_Intrans_VerbTerm	NStem_NStem_NStem	RelConc6_Intrans_VerbTerm	NStem_NStem_NStem
i_zi_phakamiso	NPrePre8_BPre8_NStem	NStem_NStem_NStem	NPrePre8_BPre8_NStem	NStem_VRoot_VRoot
zo_ku_fez_a	PossConc10_NPrePre15_Intrans_VerbTerm	NStem_NStem_NStem_NStem	PossConc10_NPrePre15_Intrans_VerbTerm	PUNC_PUNC_PUNC_PUNC
i_zin_hlelo	NPrePre10_BPre10_NStem	NStem_NStem_NStem	NPrePre10_BPre10_NStem	NStem_NStem_NStem
nge_n_dlel_a	AdvPre_NPrePre9_BPre9_NStem	NStem_NStem_NStem_NStem	AdvPre_NPrePre9_BPre9_NStem	NStem_NStem_NStem_NStem
e_fanel_e	RelConc9_VRoot_VerbTerm	NStem_NStem_NStem	RelConc9_VRoot_VerbTerm	NStem_NStem_NStem
.	Punc	PUNC	Punc	PUNC
U_ku_bamb_a	NPrePre15_BPre15_VRoot_VerbTerm	VRoot_NStem_NStem_NStem	NPrePre15_BPre15_VRoot_VerbTerm	NStem_NStem_VRoot_VRoot
i_qhaz_a	NPrePre5_BPre5_NStem	NStem_NStem_NStem	NPrePre5_BPre5_NStem	NStem_NStem_NStem
ko_m_phakathi	PossConc15_NPrePre3_BPre3_NStem	NStem_NStem_NStem	PossConc15_NPrePre3_BPre3_NStem	NStem_NStem_NStem
y_i_n_qubo	CopPre_NPrePre9_BPre9_NStem	NStem_NStem_NStem_NStem	CopPre_NPrePre9_BPre9_NStem	NStem_NStem_VRoot_VRoot
e_dinga	RelConc9_VRoot_VerbTerm	NStem_NStem	RelConc9_VRoot_VerbTerm	NStem_NStem
u_ku_fak_w_a	NPrePre15_BPre15_VRoot_PassExt_VerbTerm	VRoot_VRoot_VRoot_VRoot_VRoot	NPrePre15_BPre15_VRoot_PassExt_VerbTerm	VRoot_VRoot_VRoot_VRoot_VRoot
ko_m_phakathi	PossConc15_NPrePre3_BPre3_NStem	NStem_NStem_NStem	PossConc15_NPrePre3_BPre3_NStem	NStem_NStem_NStem
ku_zo	LocPre_PronStem8	PUNC_PUNC	LocPre_PronStem8	PUNC_PUNC
zo_nke	QuantConc8_QuantStem	NStem_NStem	QuantConc8_QuantStem	NStem_NStem
i_zi_gaba	NPrePre8_BPre8_NStem	NStem_NStem_NStem	NPrePre8_BPre8_NStem	NStem_NStem_NStem
.	Punc	PUNC	Punc	PUNC
A_ma_komiti	NPrePre6_BPre6_NStem	NStem_NStem_NStem	NPrePre6_BPre6_NStem	NStem_NStem_NStem
E_wadi	RelConc6_NStem	NStem_NStem	RelConc6_NStem	NStem_NStem
a_dinga	SC6_VRoot_VerbTerm	NStem_NStem	SC6_VRoot_VerbTerm	NStem_NStem
u_ku_thol_a	NPrePre15_BPre15_VRoot_VerbTerm	NStem_NStem_NStem_NStem	NPrePre15_BPre15_VRoot_VerbTerm	VRoot_VRoot_VRoot_NStem
i_n_dlel_a	NPrePre9_NPrePre9_NStem	NStem_NStem_NStem_NStem	NPrePre9_NPrePre9_NStem	NStem_NStem_NStem_NStem
e_nhle	AdjPref9_AdjStem	NStem_NStem	AdjPref9_AdjStem	NStem_NStem
ka_khulu	AdvPre_AdjStem	NStem_NStem	AdvPre_AdjStem	NStem_NStem
yo_ku_thul_a	PossConc9_NPrePre15_BPre15_VRoot_VerbTerm	NStem_NStem_NStem_NStem	PossConc9_NPrePre15_BPre15_VRoot_VerbTerm	NStem_NStem_NStem_NStem
u_m_la_ye_zo	NPrePre3_BPre3_NStem	NStem_NStem_NStem_NStem_NStem	NPrePre3_BPre3_NStem	NStem_NStem_NStem_NStem_NStem
ku_ye	LocPre_PronStem1	PUNC_PUNC	LocPre_PronStem1	PUNC_PUNC
ngo_ku_th_i	AdvPre_Conj	NStem_NStem_NStem_NStem	AdvPre_Conj	NStem_NStem_NStem_NStem
u_m_la_ye_zo	NPrePre3_BPre3_NStem	NStem_NStem_NStem_NStem_NStem	NPrePre3_BPre3_NStem	NStem_NStem_NStem_NStem_NStem
we_nz_el_w_e	SC3_VRoot_ApplExt_PassExt_VerbTerm	VRoot_VRoot_VRoot_VRoot_VRoot	SC3_VRoot_ApplExt_PassExt_VerbTerm	VRoot_VRoot_VRoot_VRoot_VRoot
bani	Interrog	Conj	Interrog	Conj
.	Punc	PUNC	Punc	PUNC
I_si_bonelo	NPrePre7_BPre7_NStem	NStem_NStem_NStem	NPrePre7_BPre7_NStem	NStem_NStem_NStem
,	Punc	PUNC	Punc	PUNC
u_ma	Conj	Conj_Conj	Conj	PUNC_PUNC
ngabe	Conj	PUNC	Conj	PUNC
u_daba	NPrePre11_NStem	PUNC_Conj	NPrePre11_NStem	PUNC_PUNC
lu_bandakany_a	SC11_VRoot_VerbTerm	NStem_NStem_VRoot	SC11_VRoot_VerbTerm	VRoot_VRoot_VRoot
u_ku_nikez_a	NPrePre15_BPre15_VRoot_VerbTerm	NStem_NStem_NStem_NStem	NPrePre15_BPre15_VRoot_VerbTerm	NStem_NStem_NStem_NStem
i_zi_m_pendulo	NPrePre10_BPre10_BPre3_NStem	NStem_NStem_NStem_NStem	NPrePre10_BPre10_BPre3_NStem	VRoot_VRoot_NStem_NStem
lu_ngo_kw_en_tsha	BPre11_AdvPre_NPrePre15_BPre15_BPref9_NStem	VRoot_VRoot_VRoot_VRoot_VRoot	BPre11_AdvPre_NPrePre15_BPre15_BPref9_NStem	VRoot_VRoot_NStem_VRoot_VRoot
ku_nga_nikez_w_a	SC15_Pot_VRoot_PassExt_VerbTerm	VRoot_VRoot_VRoot_VRoot_VRoot	SC15_Pot_VRoot_PassExt_VerbTerm	VRoot_VRoot_VRoot_VRoot_VRoot
ngo_ku_sebenz_is_a	AdvPre_NPrePre15_BPre15_VRoot_CausExt_VerbTerm	VRoot_VRoot_VRoot_VRoot_VRoot	AdvPre_NPrePre15_BPre15_VRoot_CausExt_VerbTerm	VRoot_VRoot_VRoot_VRoot_VRoot
i_zi_teshi	NPrePre8_BPre8_NStem	NStem_NStem_NStem	NPrePre8_BPre8_NStem	NStem_NStem_NStem
ze_mi_sakazo	PossConc8_NPrePre4_BPre4_NStem	NStem_NStem_NStem	PossConc8_NPrePre4_BPre4_NStem	NStem_NStem_NStem
z_en_tsha	PossConc8_NPrePre9_BPre9_NStem	NStem_NStem_NStem	PossConc8_NPrePre9_BPre9_NStem	NStem_NStem_NStem
noma	Conj	Conj	Conj	Conj
esi_nye	AdjPref7_AdjStem	PUNC_PUNC	AdjPref7_AdjStem	PUNC_PUNC
i_s_ehlakalo	NPrePre7_BPre7_NStem	NStem_NStem_NStem	NPrePre7_BPre7_NStem	NStem_NStem_NStem
,	Punc	PUNC	Punc	PUNC
esi_fan_a	RelConc7_VRoot_VerbTerm	NStem_NStem_NStem	RelConc7_VRoot_VerbTerm	NStem_NStem_NStem
no_m_sebenzi	AdvPre_NPrePre3_BPre3_NStem	NStem_NStem_NStem	AdvPre_NPrePre3_BPre3_NStem	NStem_NStem_NStem
we_ze_mi_dlalo	PossConc3_NPrePre4_PossConc9_NPrePre4_BPre4_NStem	NStem_NStem_VRoot_NStem	PossConc3_NPrePre4_PossConc9_NPrePre4_BPre4_NStem	NStem_NStem_NStem_NStem
,	Punc	Conj	Punc	PUNC
i_n_tsha	NPrePre9_BPre9_NStem	NStem_NStem_NStem	NPrePre9_BPre9_NStem	NStem_NStem_NStem
ezi_bandakany_a	RelConc8_VRoot_VerbTerm	NStem_NStem_NStem	RelConc8_VRoot_VerbTerm	NStem_NStem_NStem
ku_so	LocPre_PronStem7	PUNC_PUNC	LocPre_PronStem7	Conj_Conj
.	Punc	PUNC	Punc	PUNC
Yo_nke	QuantConc9_QuantStem	NStem_NStem	QuantConc9_QuantStem	NStem_NStem
i_mi_khakha	NPrePre4_BPre4_NStem	NStem_NStem_NStem	NPrePre4_BPre4_NStem	NStem_NStem_NStem
yo_m_phakathi	PossConc9_NPrePre3_BPre3_Adv	NStem_NStem_NStem	PossConc9_NPrePre3_BPre3_Adv	NStem_NStem_NStem
,	Punc	PUNC	Punc	PUNC
ku_bandakany_a	SC15_VRoot_VerbTerm	NStem_NStem_NStem	SC15_VRoot_VerbTerm	VRoot_VRoot_VRoot
i_si_shaya_m_thetho	NPrePre7_BPre7_NStem	VRoot_VRoot_VRoot_VRoot_VRoot	NPrePre7_BPre7_NStem	VRoot_VRoot_VRoot_VRoot_VRoot
na_ma_jaji	AdvPre_NPrePre6_BPre6_NStem	NStem_NStem_NStem	AdvPre_NPrePre6_BPre6_NStem	NStem_NStem_NStem
,	Punc	PUNC	Punc	PUNC
ku_mel_e	SC15_VRoot_VerbTerm	NStem_NStem_NStem	SC15_VRoot_VerbTerm	PUNC_NStem_NStem
i_qinis_ek_is_e	SC9_VRoot_NeutExt_CausExt_VerbTerm	VRoot_VRoot_VRoot_VRoot_VRoot	SC9_VRoot_NeutExt_CausExt_VerbTerm	VRoot_VRoot_VRoot_VRoot_VRoot
u_kuth_i	Conj	NStem_NStem_NStem	Conj	NStem_NStem_NStem
i_zi_thelo	NPrePre8_BPre8_NStem	NStem_NStem_NStem	NPrePre8_BPre8_NStem	NStem_NStem_NStem
ze_n_tuthuko	PossConc8_BPre9_NStem	NStem_NStem_NStem	PossConc8_BPre9_NStem	VRoot_VRoot_VRoot
zi_khul_a	SC10_VRoot_VerbTerm	NStem_NStem_NStem	SC10_VRoot_VerbTerm	NStem_NStem_NStem
zize	SC8_AuxVStem	PUNC	SC8_AuxVStem	PUNC
zi_finyelel_e	SC10_VRoot_VerbTerm	NStem_NStem_NStem	SC10_VRoot_VerbTerm	NStem_VRoot_NStem
kwa_ba_mpofu	PossConc15_RelConc2_RelStem	NStem_NStem_NStem	PossConc15_RelConc2_RelStem	NStem_NStem_NStem
ka_khulu	AdvPre_AdjStem	NStem_NStem	AdvPre_AdjStem	NStem_NStem
na_ba_ncish_w_e	AdvPre_RelConc2_VRoot_PassExt_VerbTerm	VRoot_VRoot_VRoot_VRoot_VRoot	AdvPre_RelConc2_VRoot_PassExt_VerbTerm	VRoot_VRoot_VRoot_VRoot_VRoot
a_ma_thuba	NPrePre6_BPre6_NStem	NStem_NStem_NStem	NPrePre6_BPre6_NStem	NStem_NStem_NStem
,	Punc	PUNC	Punc	PUNC
u_ku_vimba	NPrePre15_BPre15_VRoot_VerbTerm	NStem_NStem_NStem	NPrePre15_BPre15_VRoot_VerbTerm	NStem_NStem_NStem
yo_nke	QuantConc9_QuantStem	NStem_NStem	QuantConc9_QuantStem	NStem_NStem
i_mi_zamo	NPrePre4_BPre4_NStem	NStem_NStem_NStem	NPrePre4_BPre4_NStem	NStem_NStem_NStem
ya_ba_mi	PossConc4_RelConc2_VRoot_VerbTerm	NStem_NStem_NStem	PossConc4_RelConc2_VRoot_VerbTerm	NStem_NStem_NStem
ka_hle	AdvPre_AdjStem	NStem_AdjStem	AdvPre_AdjStem	NStem_NStem
yo_ku_vikel_a	PossConc4_NPrePre15_BPre15_VRoot_VerbTerm	VRoot_VRoot_VRoot_VRoot	PossConc4_NPrePre15_BPre15_VRoot_VerbTerm	NStem_NStem_NStem_NStem
i_zi_nto	NPrePre10_BPre10_NStem	NStem_NStem_NStem	NPrePre10_BPre10_NStem	NStem_NStem_NStem
za_bo	PossConc10_PronStem2	PUNC_PUNC	PossConc10_PronStem2	PUNC_PUNC
ngo_ku_sebenz_is_a	AdvPre_NPrePre15_BPre15_VRoot_CausExt_VerbTerm	VRoot_VRoot_VRoot_VRoot_VRoot	AdvPre_NPrePre15_BPre15_VRoot_CausExt_VerbTerm	VRoot_VRoot_VRoot_VRoot_VRoot
leyo	Dem4_Pos2	PUNC	Dem4_Pos2	PUNC
mi_phakathi	BPre4_NStem	NStem_NStem	BPre4_NStem	NStem_NStem
e_nga_na_ma_ndla	RelConc4_NegPre_AdvPre_NPrePre6_BPre6_NStem	NStem_VRoot_VRoot_VRoot_VRoot	RelConc4_NegPre_AdvPre_NPrePre6_BPre6_NStem	VRoot_VRoot_VRoot_VRoot_VRoot
.	Punc	PUNC	Punc	PUNC
I_Ningizimu	NPrePre5_ProperName	NStem_NStem	NPrePre5_ProperName	NStem_NStem
Afrika	ProperName	Conj	ProperName	Conj
ku_mel_e	SC15_VRoot_VerbTerm	NStem_NStem_NStem	SC15_VRoot_VerbTerm	NStem_NStem_NStem
i_sebenz_is_e	SC9_VRoot_CausExt_VerbTerm	NStem_NStem_NStem_NStem	SC9_VRoot_CausExt_VerbTerm	VRoot_VRoot_NStem_VRoot
a_ma_ndla	NPrePre6_BPre6_NStem	NStem_NStem_NStem	NPrePre6_BPre6_NStem	NStem_NStem_NStem
a_yo	PossConc6_PronStem9	PUNC_PUNC	PossConc6_PronStem9	PUNC_PUNC
u_ku_khul_is_a	NPrePre15_BPre15_VRoot_CausExt_VerbTerm	NStem_VRoot_VRoot_NStem_VRoot	NPrePre15_BPre15_VRoot_CausExt_VerbTerm	VRoot_VRoot_VRoot_VRoot_VRoot
oku_thengis_w_a	RelConc15_VRoot_CausExt_PassExt_VerbTerm	NStem_NStem_NStem_NStem	RelConc15_VRoot_CausExt_PassExt_VerbTerm	NStem_NStem_VRoot_NStem
nga_phandle	AdvPre_Adv	NStem_NStem	AdvPre_Adv	NStem_NStem
.	Punc	PUNC	Punc	PUNC
Uma	Conj	PUNC	Conj	Conj
u_mnotho	NPrePre3_NStem	NStem_NStem	NPrePre3_NStem	NStem_NStem
u_ng_enzi	SC3_NegPre_VRoot_VerbTerm	NStem_NStem_NStem	SC3_NegPre_VRoot_VerbTerm	NStem_NStem_NStem
ka_hle	AdvPre_AdjStem	NStem_NStem	AdvPre_AdjStem	NStem_NStem
e_n_dawe_ni	LocPre_BPre9_NStem_LocSuf	NStem_NStem_NStem_NStem	LocPre_BPre9_NStem_LocSuf	VRoot_VRoot_VRoot_VRoot
e_yo_dwa	RelConc9_QuantConc9_QuantStem	NStem_NStem_NStem	RelConc9_QuantConc9_QuantStem	NStem_NStem_NStem
,	Punc	PUNC	Punc	PUNC
ku_mel_e	SC15_VRoot_VerbTerm	NStem_NStem_NStem	SC15_VRoot_VerbTerm	NStem_NStem_NStem
w_enz_e	SC3_VRoot_VerbTerm	NStem_NStem_NStem	SC3_VRoot_VerbTerm	NStem_NStem_NStem
ka_hle	AdvPre_AdjStem	NStem_NStem	AdvPre_AdjStem	NStem_NStem
kwe_zi_nye	PossConc15_AdjPref8_AdjStem	NStem_NStem_NStem	PossConc15_AdjPref8_AdjStem	NStem_NStem_NStem
i_zin_dawo	NPrePre10_BPre10_NStem	NStem_NStem_NStem	NPrePre10_BPre10_NStem	PUNC_PUNC_PUNC
.	Punc	PUNC	Punc	PUNC
U_kw_enz_a	NPrePre15_BPre15_VRoot_VerbTerm	VRoot_VRoot_VRoot_VRoot	NPrePre15_BPre15_VRoot_VerbTerm	VRoot_VRoot_VRoot_VRoot
ka_hle	AdvPre_AdjStem	NStem_NStem	AdvPre_AdjStem	PUNC_PUNC
kwa_leli	PossConc15_Dem5_Pos1	NStem_NStem	PossConc15_Dem5_Pos1	NStem_NStem
zwe	BPre5_NStem	PUNC	BPre5_NStem	PUNC
u_ma	Conj	PUNC_PUNC	Conj	PUNC_PUNC
li_qhathan_is_w_a	SC5_VRoot_RecipExt_CausExt_PassExt_VerbTerm	VRoot_VRoot_VRoot_VRoot_VRoot	SC5_VRoot_RecipExt_CausExt_PassExt_VerbTerm	NStem_NStem_NStem_NStem_NStem
na_ma_nye	AdvPre_AdjPref6_AdjStem	NStem_NStem_NStem	AdvPre_AdjPref6_AdjStem	NStem_NStem_NStem
ku_bandakany_a	SC15_VRoot_VerbTerm	NStem_NStem_NStem	SC15_VRoot_VerbTerm	VRoot_NStem_VRoot
u_kw_enz_a	NPrePre15_BPre15_VRoot_VerbTerm	NStem_NStem_NStem_NStem	NPrePre15_BPre15_VRoot_VerbTerm	NStem_NStem_NStem_NStem
ka_hle	AdvPre_AdjStem	NStem_NStem	AdvPre_AdjStem	NStem_NStem
kwe_zo_ku_mb_iw_a_yo	SC15_RelConc9_PossConc10_NPrePre15_BPre15_VRoot_PassExt_VerbTerm_RelSuf	VRoot_VRoot_VRoot_VRoot_VRoot_VRoot_VRoot	SC15_RelConc9_PossConc10_NPrePre15_BPre15_VRoot_PassExt_VerbTerm_RelSuf	VRoot_VRoot_VRoot_VRoot_VRoot_VRoot_VRoot
za_lo	PossConc10_PronStem11	PUNC_PUNC	PossConc10_PronStem11	PUNC_PUNC
ka_nye	AdvPre_AdjStem	PUNC_PUNC	AdvPre_AdjStem	PUNC_PUNC
ne_m_khiqizo	AdvPre_NPrePre4_BPre4_NStem	NStem_NStem_NStem	AdvPre_NPrePre4_BPre4_NStem	NStem_NStem_NStem
ya_lo	PossConc9_Dem3_Pos1	PUNC_PUNC	PossConc9_Dem3_Pos1	PUNC_PUNC
ye_m_velo	PossConc9_BPre9_NStem	NStem_NStem_NStem	PossConc9_BPre9_NStem	NStem_NStem_NStem
,	Punc	PUNC	Punc	NStem
u_m_khakha	NPrePre3_BPre3_NStem	NStem_NStem_NStem	NPrePre3_BPre3_NStem	NStem_NStem_NStem
o_s_e_zinge_ni	RelConc3_PreLoc-s_LocPre_NStem_LocSuf	VRoot_VRoot_VRoot_VRoot_VRoot	RelConc3_PreLoc-s_LocPre_NStem_LocSuf	VRoot_VRoot_VRoot_VRoot_VRoot
eli_phezulu	RelConc5_Adv	NStem_NStem	RelConc5_Adv	NStem_NStem
we_ze_zi_mali	PossConc3_NPrePre9_PossConc10_NPrePre9_BPre9_NStem	NStem_NStem_NStem_NStem	PossConc3_NPrePre9_PossConc10_NPrePre9_BPre9_NStem	NStem_NStem_NStem_NStem
no_ku_hlinzek_a	AdvPre_NPrePre15_BPre15_VRoot_VerbTerm	VRoot_VRoot_VRoot_VRoot	AdvPre_NPrePre15_BPre15_VRoot_VerbTerm	VRoot_VRoot_VRoot_VRoot
o_so_ma_bhizi_si_ni	NPrePre2a_PossConc2_BPre6_NStem	VRoot_VRoot_VRoot_VRoot_VRoot_VRoot	NPrePre2a_PossConc2_BPre6_NStem	VRoot_VRoot_VRoot_VRoot_VRoot_VRoot
nge_zi_dingo	AdvPre_NPrePre8_BPre8_NStem	NStem_NStem_NStem	AdvPre_NPrePre8_BPre8_NStem	PUNC_NStem_PUNC
za_bo	PossConc10_PronStem2	PUNC_PUNC	PossConc10_PronStem2	PUNC_PUNC
oku_s_e_zinge_ni	RelConc15_PreLoc-s_LocPre_NStem_LocSuf	VRoot_VRoot_VRoot_VRoot_VRoot	RelConc15_PreLoc-s_LocPre_NStem_LocSuf	VRoot_VRoot_VRoot_VRoot_VRoot
eli_phezulu	RelConc5_Adv	NStem_NStem	RelConc5_Adv	NStem_NStem
,	Punc	PUNC	Punc	PUNC
u_ku_b_a	Conj	NStem_NStem_NStem_NStem	Conj	NStem_NStem_NStem_NStem
s_e_duze	PreLoc-s_LocPre_Adv	NStem_NStem_NStem	PreLoc-s_LocPre_Adv	NStem_NStem_NStem
ne_zi_maketh_e	AdvPre_NPrePre8_BPre8_NStem	VRoot_VRoot_VRoot_VRoot	AdvPre_NPrePre8_BPre8_NStem	NStem_NStem_NStem_NStem
za_se__Afrika	PossConc8_PreLoc-s_LocPre_ProperName	NStem_NStem_NStem	PossConc8_PreLoc-s_LocPre_ProperName	NStem_NStem_NStem
ezi_khul_a	RelConc10_VRoot_VerbTerm	NStem_NStem_NStem	RelConc10_VRoot_VerbTerm	NStem_NStem_NStem
ngo_ku_shesh_a	AdvPre_NPrePre15_BPre15_VRoot_VerbTerm	NStem_NStem_NStem_NStem	AdvPre_NPrePre15_BPre15_VRoot_VerbTerm	PUNC_PUNC_PUNC_PUNC
,	Punc	PUNC	Punc	PUNC
a_ma_yunivesithi	NPrePre6_BPre6_NStem	NStem_NStem_NStem	NPrePre6_BPre6_NStem	NStem_NStem_NStem
a_s_e_zinge_ni	RelConc6_PreLoc-s_LocPre_NStem_LocSuf	VRoot_VRoot_VRoot_NStem_VRoot	RelConc6_PreLoc-s_LocPre_NStem_LocSuf	VRoot_VRoot_VRoot_VRoot_VRoot
eli_phezulu	RelConc5_Adv	NStem_NStem	RelConc5_Adv	NStem_NStem
no_m_khakha	AdvPre_NPrePre3_BPre3_NStem	NStem_NStem_NStem	AdvPre_NPrePre3_BPre3_NStem	NStem_NStem_NStem
o_khiqiz_a	RelConc3_VRoot_VerbTerm	NStem_NStem_NStem	RelConc3_VRoot_VerbTerm	NStem_NStem_NStem
ka_hle	AdvPre_AdjStem	NStem_NStem	AdvPre_AdjStem	NStem_NStem
we_zo_limo	PossConc3_NPrePre9_PossConc10_NPrePre11_NStem	NStem_NStem_NStem	PossConc3_NPrePre9_PossConc10_NPrePre11_NStem	NStem_NStem_NStem
.	Punc	PUNC	Punc	PUNC
I_Ningizimu	NPrePre5_ProperName	NStem_NStem	NPrePre5_ProperName	NStem_NStem
Afrika	ProperName	Conj	ProperName	Conj
i_phind_e	SC9_VRoot_VerbTerm	NStem_NStem_NStem	SC9_VRoot_VerbTerm	NStem_NStem_NStem
i_be	SC9_AuxVStem	PUNC_PUNC	SC9_AuxVStem	PUNC_PUNC
na_ba_holi	AdvPre_NPrePre2_BPre2_NStem	NStem_NStem_NStem	AdvPre_NPrePre2_BPre2_NStem	NStem_NStem_NStem
aba_hlonish_w_a_yo	RelConc2_VRoot_PassExt_VerbTerm_RelSuf	VRoot_VRoot_VRoot_VRoot_VRoot	RelConc2_VRoot_PassExt_VerbTerm_RelSuf	VRoot_VRoot_VRoot_VRoot_VRoot
e_m_hlabe_ni	LocPre_BPre3_NStem_LocSuf	VRoot_VRoot_VRoot_VRoot	LocPre_BPre3_NStem_LocSuf	VRoot_VRoot_VRoot_VRoot
e_mi_khakhe_ni	RelConc9_BPre4_NStem_LocSuf	NStem_NStem_NStem_NStem	RelConc9_BPre4_NStem_LocSuf	NStem_NStem_NStem_NStem
e_fan_a	RelConc9_VRoot_VerbTerm	NStem_NStem_NStem	RelConc9_VRoot_VerbTerm	NStem_NStem_NStem
ne_yo_zo_kw_akha	AdvPre_PossConc3_NPrePre3_PossConc10_NPrePre15_BPre15_VRoot_VerbTerm	NStem_VRoot_VRoot_VRoot_NStem	AdvPre_PossConc3_NPrePre3_PossConc10_NPrePre15_BPre15_VRoot_VerbTerm	VRoot_VRoot_VRoot_VRoot_VRoot
.	Punc	PUNC	Punc	PUNC
U_lw_az_i	NPrePre1_NPre11_NStem	NStem_NStem_NStem_NStem	NPrePre1_NPre11_NStem	NStem_NStem_NStem_NStem
_	Punc		Punc	
i_si_bonelo	NPrePre7_BPre7_NStem	NStem_NStem_NStem	NPrePre7_BPre7_NStem	NStem_NStem_NStem
,	Punc	PUNC	Punc	PUNC
u_m_khandlu	NPrePre3_BPre3_NStem	NStem_NStem_NStem	NPrePre3_BPre3_NStem	NStem_NStem_NStem
we_n_dawo	PossConc3_BPre9_NStem	NStem_NStem_NStem	PossConc3_BPre9_NStem	NStem_NStem_NStem
ku_ng_enz_ek_a	SC15_Pot_VRoot_NeutExt_VerbTerm	VRoot_NStem_VRoot_VRoot_VRoot	SC15_Pot_VRoot_NeutExt_VerbTerm	VRoot_VRoot_NStem_NStem_VRoot
u_nga_wu_nik_i	SC3_NegPre_OC3_VRoot_VerbTerm	VRoot_VRoot_VRoot_VRoot_VRoot	SC3_NegPre_OC3_VRoot_VerbTerm	VRoot_VRoot_VRoot_VRoot_VRoot
u_m_phakathi	NPrePre3_BPre3_NStem	NStem_NStem_NStem	NPrePre3_BPre3_NStem	NStem_NStem_NStem
a_ma_minithi	NPrePre6_BPre6_NStem	NStem_NStem_NStem	NPrePre6_BPre6_NStem	NStem_NStem_NStem
,	Punc	PUNC	Punc	PUNC
i_zabelomali	NPrePre8_BPre8_NStem	NStem_NStem	NPrePre8_BPre8_NStem	NStem_NStem
noma	Conj	Conj	Conj	Conj
i_mi_biko	NPrePre4_BPre4_NStem	NStem_NStem_NStem	NPrePre4_BPre4_NStem	NStem_NStem_NStem
ye_zi_mali	PossConc9_NPrePre10_BPre10_NStem	NStem_NStem_NStem	PossConc9_NPrePre10_BPre10_NStem	NStem_NStem_PUNC
.	Punc	PUNC	Punc	PUNC
Nga_leyo	AdvPre_Dem9_Pos2	NStem_NStem	AdvPre_Dem9_Pos2	NStem_NStem
n_dlel_a	BPre9_NStem	NStem_NStem_NStem	BPre9_NStem	NStem_NStem_NStem
u_m_phakathi	NPrePre3_BPre3_NStem	NStem_NStem_NStem	NPrePre3_BPre3_NStem	NStem_NStem_NStem
awukw_az_i	NegPre_SC3_BPre15_VRoot_VerbTerm	NStem_NStem_NStem	NegPre_SC3_BPre15_VRoot_VerbTerm	NStem_NStem_NStem
u_kw_enz_a	NPrePre15_BPre15_VRoot_VerbTerm	NStem_NStem_NStem_NStem	NPrePre15_BPre15_VRoot_VerbTerm	NStem_NStem_NStem_NStem
i_zin_qumo	NPrePre10_BPre10_NStem	NStem_NStem_NStem	NPrePre10_BPre10_NStem	NStem_NStem_NStem
ezi_lung_il_e	RelConc8_Intrans_Perf	NStem_NStem_NStem_NStem	RelConc8_Intrans_Perf	NStem_NStem_NStem_NStem
mayela_na	Adv	NStem_NStem	Adv	NStem_NStem
no_ku_th_i	AdvPre_BPre15_VRoot_VerbTerm	PUNC_PUNC_PUNC_PUNC	AdvPre_BPre15_VRoot_VerbTerm	NStem_NStem_NStem_NStem
yi_mali_ni	CopPre_NStem_InterrogSuf	NStem_NStem_NStem	CopPre_NStem_InterrogSuf	NStem_NStem_NStem
e_khona	RelConc9_Adv	PUNC_PUNC	RelConc9_Adv	NStem_NStem
e_zo_siz_a	RelConc9_Fut_VRoot_VerbTerm	NStem_NStem_NStem_NStem	RelConc9_Fut_VRoot_VerbTerm	NStem_NStem_NStem_NStem
u_kw_akha	NPrePre15_BPre15_VRoot_VerbTerm	NStem_NStem_NStem	NPrePre15_BPre15_VRoot_VerbTerm	NStem_NStem_NStem
u_m_tholampilo	NPrePre3_BPre3_NStem	NStem_NStem_NStem	NPrePre3_BPre3_NStem	NStem_VRoot_NStem
noma	Conj	Conj	Conj	Conj
i_si_kole	NPrePre7_BPre7_NStem	NStem_NStem_NStem	NPrePre7_BPre7_NStem	NStem_NStem_NStem
.	Punc	PUNC	Punc	PUNC
Uma	Conj	Conj	Conj	Conj
u_bek_a	SC2ps_VRoot_VerbTerm	NStem_NStem_NStem	SC2ps_VRoot_VerbTerm	NStem_NStem_NStem
u_vo	NPrePre11_NStem	PUNC_PUNC	NPrePre11_NStem	PUNC_PUNC
u_tshel_w_a	SC2ps_VRoot_PassExt_VerbTerm	NStem_NStem_NStem_NStem	SC2ps_VRoot_PassExt_VerbTerm	NStem_NStem_NStem_NStem
u_kuth_i	Conj	NStem_NStem_NStem	Conj	NStem_NStem_NStem
aku_kho	NegPre_BPre15_Adv	PUNC_PUNC	NegPre_BPre15_Adv	PUNC_PUNC
mali	NStem	Conj	NStem	Conj
kodwa	Conj	Conj	Conj	Conj
awukw_az_i	NegPre_SC2ps_BPre15_VRoot_VerbTerm	NStem_NStem_NStem	NegPre_SC2ps_BPre15_VRoot_VerbTerm	NStem_NStem_NStem
u_ku_phikis_a	NPrePre15_BPre15_VRoot_CausExt_VerbTerm	NStem_NStem_NStem_NStem	NPrePre15_BPre15_VRoot_CausExt_VerbTerm	NStem_NStem_NStem_NStem
lolu	Dem11_Pos1	PUNC	Dem11_Pos1	PUNC
lw_az_i	BPre11_NStem	NStem_NStem_NStem	BPre11_NStem	NStem_NStem_NStem
njengoba	Conj	PUNC	Conj	PUNC
be_nga_kw_az_i	SC2_NegPre_BPre15_VRoot_VerbTerm	NStem_NStem_NStem_NStem_NStem	SC2_NegPre_BPre15_VRoot_VerbTerm	NStem_NStem_NStem_NStem_NStem
u_ku_thol_a	NPrePre15_BPre15_VRoot_VerbTerm	NStem_NStem_NStem_NStem	NPrePre15_BPre15_VRoot_VerbTerm	NStem_NStem_NStem_NStem
u_lw_az_i	NPrePre11_NPre11_NStem	NStem_NStem_NStem_NStem	NPrePre11_NPre11_NStem	NStem_NStem_NStem_NStem
olu_fanel_e	RelConc11_VRoot_VerbTerm	NStem_NStem_NStem	RelConc11_VRoot_VerbTerm	NStem_NStem_NStem
.	Punc	PUNC	Punc	PUNC
Thath_a	VRoot_VerbTerm	NStem_NStem	VRoot_VerbTerm	NStem_NStem
i_zi_m_pendulo	NPrePre10_BPre10_BPre3_NStem	NStem_NStem_NStem_NStem	NPrePre10_BPre10_BPre3_NStem	VRoot_VRoot_VRoot_VRoot
za_ma_qembu	PossConc10_NPrePre6_BPre6_NStem	NStem_NStem_NStem	PossConc10_NPrePre6_BPre6_NStem	NStem_NStem_NStem
.	Punc	PUNC	Punc	PUNC
Bhek_is_a	VRoot_CausExt_VerbTerm	NStem_NStem_NStem	VRoot_CausExt_VerbTerm	NStem_NStem_NStem
aba_bamb_e	RelConc2_VRoot_VerbTerm	NStem_NStem_NStem	RelConc2_VRoot_VerbTerm	NStem_NStem_NStem
i_qhaz_a	NPrePre5_BPre5_NStem	NStem_NStem_NStem	NPrePre5_BPre5_NStem	NStem_NStem_NStem
ku__3._3	LocPre_Num	NStem_NStem_NStem	LocPre_Num	NStem_NStem_NStem
e_ma_nothi_ni	LocPre_BPre6_NStem_LocSuf	NStem_NStem_NStem_NStem	LocPre_BPre6_NStem_LocSuf	NStem_NStem_NStem_NStem
ezi_fundo	RelConc8_NStem	PUNC_PUNC	RelConc8_NStem	PUNC_PUNC
njenge_si_bonelo	AdvPre_NPrePre7_BPre7_NStem	NStem_NStem_NStem	AdvPre_NPrePre7_BPre7_NStem	NStem_NStem_NStem
esi_phelel_e	RelConc7_VRoot_VerbTerm	NStem_NStem_VRoot	RelConc7_VRoot_VerbTerm	NStem_NStem_NStem
.	Punc	PUNC	Punc	PUNC
I_zin_hlelo	NPrePre10_BPre10_NStem	NStem_NStem_NStem	NPrePre10_BPre10_NStem	NStem_NStem_NStem
zi_bhek_is_w_a	SC9_VRoot_CausExt_PassExt_VerbTerm	VRoot_VRoot_VRoot_VRoot_VRoot	SC9_VRoot_CausExt_PassExt_VerbTerm	VRoot_VRoot_VRoot_VRoot_VRoot
e_ma_bhang_e	LocPre_BPre6_NStem	NStem_NStem_NStem_NStem	LocPre_BPre6_NStem	VRoot_NStem_NStem_NStem
futh_i	Conj	NStem_NStem	Conj	NStem_NStem
zi_fanel_e	SC8_Intrans_VerbTerm	NStem_NStem_NStem	SC8_Intrans_VerbTerm	NStem_NStem_NStem
u_ku_bhek_an_a	NPrePre15_BPre15_VRoot_RecipExt_VerbTerm	VRoot_VRoot_VRoot_VRoot_VRoot	NPrePre15_BPre15_VRoot_RecipExt_VerbTerm	VRoot_VRoot_VRoot_VRoot_VRoot
ne_zi_nto	AdvPre_NPrePre10_BPre10_NStem	NStem_NStem_NStem	AdvPre_NPrePre10_BPre10_NStem	NStem_NStem_NStem
ezi_s_e_m_qoka	RelConc8_PreLoc-s_LocPre_BPre3_NStem	VRoot_VRoot_VRoot_VRoot_NStem	RelConc8_PreLoc-s_LocPre_BPre3_NStem	VRoot_VRoot_VRoot_VRoot_VRoot
za_wo	PossConc10_PronStem3	PUNC_PUNC	PossConc10_PronStem3	PUNC_PUNC
wo_nke	QuantConc3_QuantStem	NStem_NStem	QuantConc3_QuantStem	NStem_NStem
a_ma_qembu	NPrePre6_BPre6_NStem	NStem_NStem_NStem	NPrePre6_BPre6_NStem	NStem_NStem_NStem
,	Punc	PUNC	Punc	PUNC
oku_hlangan_is_a	RelConc15_VRoot_CausExt_VerbTerm	NStem_VRoot_NStem_NStem	RelConc15_VRoot_CausExt_VerbTerm	NStem_NStem_NStem_NStem
na_ba_nga_kw_az_i	AdvPre_BPre2_NegPre_BPre15_NStem	VRoot_VRoot_VRoot_VRoot_VRoot_VRoot	AdvPre_BPre2_NegPre_BPre15_NStem	VRoot_VRoot_VRoot_VRoot_VRoot_VRoot
u_ku_zi_vikel_a	NPrePre15_BPre15_NStem	VRoot_VRoot_VRoot_VRoot_VRoot	NPrePre15_BPre15_NStem	VRoot_VRoot_VRoot_VRoot_VRoot
.	Punc	PUNC	Punc	PUNC
I_si_gaba	NPrePre7_BPre7_NStem	NStem_NStem_NStem	NPrePre7_BPre7_NStem	NStem_NStem_NStem
sa_ma_khono	PossConc7_NPrePre6_BPre6_NStem	NStem_NStem_NStem	PossConc7_NPrePre6_BPre6_NStem	NStem_NStem_NStem
e_mi_sebenz_ini	LocPre_NPrePre4_BPre4_NStem_LocSuf	VRoot_VRoot_VRoot_VRoot	LocPre_NPrePre4_BPre4_NStem_LocSuf	VRoot_VRoot_VRoot_VRoot
yo_m_phakathi	PossConc9_NPrePre3_BPre3_Adv	NStem_NStem_NStem	PossConc9_NPrePre3_BPre3_Adv	NStem_NStem_NStem
si_vez_a	SC7_VRoot_VerbTerm	PUNC_PUNC_PUNC	SC7_VRoot_VerbTerm	NStem_NStem_NStem
i_si_gaba	NPrePre7_BPre7_NStem	NStem_NStem_NStem	NPrePre7_BPre7_NStem	NStem_NStem_NStem
sa_ma_khono	PossConc7_NPrePre6_BPre6_NStem	NStem_NStem_NStem	PossConc7_NPrePre6_BPre6_NStem	NStem_NStem_NStem
ku_zwelonke	LocPre_NStem	NStem_NStem	LocPre_NStem	NStem_NStem
.	Punc	PUNC	Punc	PUNC
Ku_no_ku_shod_a	SC15_AdvPre_NPrePre15_BPre15_VRoot_VerbTerm	VRoot_VRoot_VRoot_VRoot_VRoot	SC15_AdvPre_NPrePre15_BPre15_VRoot_VerbTerm	VRoot_VRoot_VRoot_VRoot_VRoot
oku_khulu	AdjPref15_AdjStem	NStem_NStem	AdjPref15_AdjStem	NStem_NStem
ko_doko_tela	PossConc15_BPre2a_NStem	NStem_NStem_NStem	PossConc15_BPre2a_NStem	NStem_NStem_NStem
aba_sebenz_a	RelConc2_VRoot_VerbTerm	NStem_NStem_NStem	RelConc2_VRoot_VerbTerm	NStem_NStem_NStem
ka_hle	AdvPre_AdjStem	NStem_NStem	AdvPre_AdjStem	NStem_NStem
aba_s_e_zinge_ni	RelConc2_PreLoc-s_LocPre_NStem_LocSuf	VRoot_VRoot_VRoot_VRoot_VRoot	RelConc2_PreLoc-s_LocPre_NStem_LocSuf	VRoot_VRoot_VRoot_VRoot_VRoot
eli_phezulu	RelConc5_Adv	NStem_NStem	RelConc5_Adv	NStem_NStem
,	Punc	PUNC	Punc	PUNC
o_njiniyela	NPrePre2a_NStem	NStem_NStem	NPrePre2a_NStem	NStem_NStem
,	Punc	PUNC	Punc	PUNC
o_chwepheshe	NPrePre2a_NStem	NStem_NStem	NPrePre2a_NStem	NStem_NStem
be_ze_mi_ninigwane	PossConc2_NPrePre4_PossConc10_NPrePre4_BPre4_NStem	VRoot_VRoot_VRoot_VRoot	PossConc2_NPrePre4_PossConc10_NPrePre4_BPre4_NStem	NStem_NStem_NStem_NStem
,	Punc	PUNC	Punc	PUNC
o_chwepheshe	NPrePre2a_NStem	NStem_NStem	NPrePre2a_NStem	NStem_NStem
be_forensi_khi	PossConc2_NPrePre9_NStem	NStem_NStem_NStem	PossConc2_NPrePre9_NStem	NStem_NStem_NStem
,	Punc	PUNC	Punc	PUNC
aba_seshi	NegPre_BPre2_VRoot_VerbTerm	NStem_NStem	NegPre_BPre2_VRoot_VerbTerm	NStem_NStem
,	Punc	PUNC	Punc	PUNC
aba_hleli	NPrePre2_BPre2_NStem	NStem_NStem	NPrePre2_BPre2_NStem	NStem_NStem
,	Punc	PUNC	Punc	NStem
aba_cwaningi	NPrePre2_BPre2_NStem	NStem_NStem	NPrePre2_BPre2_NStem	NStem_NStem
ma_bhuku	BPre6_NStem	NStem_NStem	BPre6_NStem	NStem_NStem
,	Punc	PUNC	Punc	PUNC
aba_shushisi	NPrePre2_BPre2_NStem	NStem_NStem	NPrePre2_BPre2_NStem	NStem_NStem
,	Punc	PUNC	Punc	PUNC
a_be_lulek_a	RelConc2_VRoot_VerbTerm	NStem_NStem_NStem_NStem	RelConc2_VRoot_VerbTerm	NStem_NStem_NStem_NStem
nge_zi_fundo	AdvPre_NPrePre8_BPre8_NStem	NStem_NStem_NStem	AdvPre_NPrePre8_BPre8_NStem	NStem_NStem_NStem
,	Punc	PUNC	Punc	PUNC
njalonjalo	Adv	NStem	Adv	NStem
.	Punc	PUNC	Punc	PUNC
U_kw_engez_a	NPrePre15_BPre15_VRoot_VerbTerm	NStem_NStem_NStem_NStem	NPrePre15_BPre15_VRoot_VerbTerm	NStem_NStem_NStem_VRoot
lapho	Conj	PUNC	Conj	PUNC
,	Punc	PUNC	Punc	PUNC
u_ku_kw_az_i	NPrePre15_BPre15_BPre15_VRoot_VerbTerm	NStem_NStem_NStem_NStem_NStem	NPrePre15_BPre15_BPre15_VRoot_VerbTerm	NStem_NStem_NStem_NStem_NStem
u_ku_phath_a	NPrePre15_BPre15_VRoot_VerbTerm	NStem_NStem_NStem_NStem	NPrePre15_BPre15_VRoot_VerbTerm	VRoot_NStem_NStem_NStem
kwa_ba_sebenzi	PossConc15_NPrePre2_BPre2_NStem	NStem_NStem_NStem	PossConc15_NPrePre2_BPre2_NStem	NStem_NStem_NStem
aba_s_e_zi_khundle_ni	RelConc2_PreLoc-s_LocPre_BPre8_NStem_LocSuf	VRoot_VRoot_VRoot_VRoot_VRoot_VRoot	RelConc2_PreLoc-s_LocPre_BPre8_NStem_LocSuf	VRoot_VRoot_VRoot_VRoot_VRoot_VRoot
ezi_phezulu	RelConc8_Adv	NStem_NStem	RelConc8_Adv	NStem_NStem
aba_sebenz_a	RelConc2_VRoot_VerbTerm	NStem_NStem_NStem	RelConc2_VRoot_VerbTerm	NStem_NStem_NStem
ezin_hlanganw_eni	RelConc10_BPre9_NStem_LocSuf	VRoot_NStem_VRoot	RelConc10_BPre9_NStem_LocSuf	VRoot_VRoot_VRoot
ezi_nzima	RelConc8_RelStem	PUNC_PUNC	RelConc8_RelStem	PUNC_PUNC
,	Punc	PUNC	Punc	PUNC
ku_m_qondosizinda	LocPre_BPre3_NStem	NStem_VRoot_VRoot	LocPre_BPre3_NStem	VRoot_VRoot_VRoot
we_zo_m_busazwe	PossConc3_NPrePre4_PossConc10_NPrePre3_BPre3_NStem	VRoot_VRoot_VRoot_VRoot	PossConc3_NPrePre4_PossConc10_NPrePre3_BPre3_NStem	VRoot_VRoot_VRoot_VRoot
ne_nhlalakahle	AdvPre_NPrePre9_NStem	NStem_NStem	AdvPre_NPrePre9_NStem	NStem_NStem
ku_dinga	SC15_VRoot_VerbTerm	NStem_NStem	SC15_VRoot_VerbTerm	NStem_NStem
u_ku_qash_el_w_a	NPrePre15_BPre15_VRoot_PassExt_VerbTerm	VRoot_VRoot_VRoot_VRoot_VRoot_VRoot	NPrePre15_BPre15_VRoot_PassExt_VerbTerm	VRoot_VRoot_VRoot_VRoot_VRoot_VRoot
ka_khulu	AdvPre_AdjStem	NStem_NStem	AdvPre_AdjStem	PUNC_NStem
.	Punc	PUNC	Punc	PUNC
U_ku_sombulul_a	NPrePre15_BPre15_NStem	VRoot_VRoot_VRoot_VRoot	NPrePre15_BPre15_NStem	VRoot_VRoot_VRoot_VRoot
k_oku_bili	PossConc15_NPrePre15_BPre15_AdjStem	NStem_NStem_NStem	PossConc15_NPrePre15_BPre15_AdjStem	NStem_NStem_NStem
u_ku_shod_a	NPrePre15_BPre15_NStem	VRoot_VRoot_NStem_VRoot	NPrePre15_BPre15_NStem	VRoot_NStem_VRoot_NStem
kwa_ma_khono	PossConc15_NPrePre6_BPre6_NStem	NStem_NStem_NStem	PossConc15_NPrePre6_BPre6_NStem	NStem_NStem_NStem
obu_chwepheshe	RelConc14_NStem	NStem_NStem	RelConc14_NStem	NStem_NStem
na_wo_ku_phath_a	AdvPre_PossConc6_NPrePre15_BPre15_VRoot_VerbTerm	VRoot_VRoot_VRoot_VRoot_VRoot	AdvPre_PossConc6_NPrePre15_BPre15_VRoot_VerbTerm	VRoot_VRoot_VRoot_VRoot_VRoot
,	Punc	PUNC	Punc	PUNC
u_hulumeni	NPrePre1a_NStem	NStem_NStem	NPrePre1a_NStem	NStem_NStem
ku_mel_e	SC15_VRoot_VerbTerm	NStem_NStem_NStem	SC15_VRoot_VerbTerm	NStem_NStem_NStem
a_thath_e	SC1_VRoot_VerbTerm	NStem_NStem_NStem	SC1_VRoot_VerbTerm	NStem_NStem_NStem
i_n_dlel_a	NPrePre9_NPrePre9_NStem	PUNC_PUNC_PUNC_PUNC	NPrePre9_NPrePre9_NStem	NStem_NStem_NStem_NStem
ye_si_khathi	PossConc9_NPrePre7_BPre7_NStem	NStem_NStem_NStem	PossConc9_NPrePre7_BPre7_NStem	NStem_NStem_NStem
esi_de	AdjPref7_AdjStem	PUNC_PUNC	AdjPref7_AdjStem	PUNC_PUNC
yo_ku_thuthuk_is_a	PossConc9_NPrePre15_BPre15_VRoot_CausExt_VerbTerm	NStem_VRoot_VRoot_NStem_VRoot	PossConc9_NPrePre15_BPre15_VRoot_CausExt_VerbTerm	VRoot_VRoot_VRoot_VRoot_VRoot
a_ma_khono	NPrePre6_BPre6_NStem	NStem_NStem_NStem	NPrePre6_BPre6_NStem	NStem_NStem_NStem
a_wa_dinga_yo	SC6_OC1_VRoot_VerbTerm_RelSuf	NStem_NStem_NStem_NStem	SC6_OC1_VRoot_VerbTerm_RelSuf	NStem_NStem_NStem_NStem
ngo_ku_sungul_a	AdvPre_NPrePre15_BPre15_VRoot_VerbTerm	NStem_NStem_NStem_NStem	AdvPre_NPrePre15_BPre15_VRoot_VerbTerm	NStem_NStem_NStem_NStem
i_n_dlel_a	NPrePre9_NPrePre9_NStem	NStem_NStem_NStem_NStem	NPrePre9_NPrePre9_NStem	NStem_NStem_NStem_NStem
yo_m_sebenzi	PossConc4_NPrePre3_BPre3_NStem	NStem_NStem_NStem	PossConc4_NPrePre3_BPre3_NStem	NStem_NStem_NStem
,	Punc	PUNC	Punc	PUNC
u_ku_siz_w_a	NPrePre15_BPre15_VRoot_PassExt_VerbTerm	NStem_NStem_NStem_NStem_NStem	NPrePre15_BPre15_VRoot_PassExt_VerbTerm	NStem_NStem_NStem_NStem_VRoot
kwa_ba_sebenzi	PossConc15_NPrePre2_BPre2_NStem	NStem_NStem_NStem	PossConc15_NPrePre2_BPre2_NStem	NStem_NStem_NStem
,	Punc	PUNC	Punc	PUNC
no_ku_sebenz_is_an_a	AdvPre_NPrePre15_BPre15_VRoot_CausExt_RecipExt_VerbTerm	VRoot_VRoot_VRoot_VRoot_VRoot_VRoot	AdvPre_NPrePre15_BPre15_VRoot_CausExt_RecipExt_VerbTerm	VRoot_VRoot_VRoot_VRoot_VRoot_VRoot
oku_khulu	AdjPref15_AdjStem	NStem_NStem	AdjPref15_AdjStem	NStem_NStem
na_ba_phathi	AdvPre_NPrePre2_BPre2_NStem	NStem_NStem_NStem	AdvPre_NPrePre2_BPre2_NStem	NStem_NStem_NStem
ba_ma_yunivesithi	PossConc2_BPre6_NStem	NStem_NStem_NStem	PossConc2_BPre6_NStem	NStem_NStem_NStem
ne_zi_kole	AdvPre_NPrePre8_BPre8_NStem	NStem_NStem_NStem	AdvPre_NPrePre8_BPre8_NStem	NStem_NStem_NStem
.	Punc	PUNC	Punc	PUNC
U_hlelo	NPrePre11_NStem	NStem_NStem	NPrePre11_NStem	NStem_NStem
lu_themb_ek_il_e	SC11_VRoot_NeutExt_Perf_VerbTerm	VRoot_VRoot_VRoot_VRoot_VRoot	SC11_VRoot_NeutExt_Perf_VerbTerm	VRoot_VRoot_VRoot_VRoot_VRoot
njengoba	Conj	PUNC	Conj	PUNC
ku_sebenz_a	SC15_VRoot_VerbTerm	NStem_NStem_VRoot	SC15_VRoot_VerbTerm	NStem_NStem_NStem
i_n_dlel_a	NPrePre9_NPrePre9_NStem	NStem_NStem_NStem_NStem	NPrePre9_NPrePre9_NStem	NStem_NStem_NStem_NStem
ya_lo	PossConc9_Dem11_Pos1	PUNC_PUNC	PossConc9_Dem11_Pos1	PUNC_PUNC
yo_ku_leth_a	PossConc9_NPrePre15_BPre15_VRoot_VerbTerm	NStem_NStem_NStem_NStem	PossConc9_NPrePre15_BPre15_VRoot_VerbTerm	NStem_VRoot_NStem_NStem
i_mi_sebenzi	NPrePre4_BPre4_NStem	NStem_NStem_NStem	NPrePre4_BPre4_NStem	NStem_NStem_NStem
.	Punc	PUNC	Punc	PUNC
Ku_ne_ngozi	BPre15_AdvPre_NStem	NStem_NStem_NStem	BPre15_AdvPre_NStem	NStem_NStem_NStem
ya_nge_mpela	PossConc9_AdvPre_Adv	NStem_NStem_NStem	PossConc9_AdvPre_Adv	NStem_NStem_NStem
yo_ku_th_i	PossConc9_Conj	NStem_NStem_NStem_NStem	PossConc9_Conj	NStem_NStem_NStem_NStem
u_hlelo	NPrePre11_NStem	NStem_NStem	NPrePre11_NStem	NStem_NStem
lwe_ze_ntuthuko	PossConc11_NPrePre9_PossConc10_NPrePre9_NStem	VRoot_VRoot_VRoot	PossConc11_NPrePre9_PossConc10_NPrePre9_NStem	VRoot_VRoot_VRoot
lwa_s_e_Ningizimu	PossConc11_PreLoc-s_LocPre_ProperName	VRoot_VRoot_VRoot_VRoot	PossConc11_PreLoc-s_LocPre_ProperName	VRoot_VRoot_VRoot_VRoot
Afrika	ProperName	Conj	ProperName	Conj
ngeke	CopPre_Adv	PUNC	CopPre_Adv	PUNC
lwa_phumelel_a	SC11_VRoot_VerbTerm	VRoot_VRoot_VRoot	SC11_VRoot_VerbTerm	VRoot_VRoot_VRoot
ngoba	Conj	Conj	Conj	Conj
u_hulumeni	NPrePre1a_NStem	NStem_NStem	NPrePre1a_NStem	NStem_NStem
a_ngeke	NegPre_AuxVStem	NStem_NStem	NegPre_AuxVStem	NStem_NStem
a_kw_az_i	SC1_BPre15_VRoot_VerbTerm	NStem_NStem_NStem_NStem	SC1_BPre15_VRoot_VerbTerm	NStem_NStem_NStem_NStem
u_ku_lw_enz_a	NPrePre15_BPre15_BPre11_VRoot_VerbTerm	VRoot_NStem_VRoot_NStem_VRoot	NPrePre15_BPre15_BPre11_VRoot_VerbTerm	VRoot_VRoot_VRoot_VRoot_VRoot
lu_sebenz_e	SC11_VRoot_VerbTerm	NStem_NStem_NStem	SC11_VRoot_VerbTerm	NStem_NStem_NStem
.	Punc	PUNC	Punc	PUNC
I_Khomishani	NPrePre9_NStem	NStem_NStem	NPrePre9_NStem	NStem_NStem
y_enz_a	SC9_VRoot_VerbTerm	NStem_NStem_NStem	SC9_VRoot_VerbTerm	NStem_NStem_NStem
i_zi_hlongozo	NPrePre8_BPre8_NStem	NStem_NStem_NStem	NPrePre8_BPre8_NStem	NStem_NStem_NStem
ze_zin_guquko	PossConc10_NPrePre10_BPre10_NStem	NStem_NStem_NStem	PossConc10_NPrePre10_BPre10_NStem	NStem_NStem_NStem
ze_si_khungo	PossConc10_NPrePre7_BPre7_NStem	NStem_NStem_NStem	PossConc10_NPrePre7_BPre7_NStem	NStem_NStem_NStem
ezi_finyelel_a	RelConc10_VRoot_VerbTerm	VRoot_VRoot_NStem	RelConc10_VRoot_VerbTerm	NStem_NStem_NStem
kude	Adv	PUNC	Adv	PUNC
u_ku_lungis_a	NPrePre15_BPre15_VRoot_VerbTerm	PUNC_PUNC_PUNC_PUNC	NPrePre15_BPre15_VRoot_VerbTerm	NStem_NStem_NStem_NStem
u_ku_nga_sebenzi	NPrePre15_BPre15_NegPre_VRoot_VerbTerm	NStem_NStem_NStem_NStem	NPrePre15_BPre15_NegPre_VRoot_VerbTerm	NStem_NStem_NStem_VRoot
ka_hle	AdvPre_AdjStem	NStem_NStem	AdvPre_AdjStem	NStem_NStem
kwe_mi_sebenzi	PossConc15_NPrePre4_BPre4_NStem	NStem_NStem_NStem	PossConc15_NPrePre4_BPre4_NStem	NStem_NStem_NStem
yo_m_phakathi	PossConc9_NPrePre3_BPre3_Adv	NStem_NStem_NStem	PossConc9_NPrePre3_BPre3_Adv	NStem_NStem_NStem
n_o_hulumeni	AdvPre_NPrePre2a_NStem	NStem_VRoot_NStem	AdvPre_NPrePre2a_NStem	VRoot_NStem_NStem
be_zin_dawo	PossConc2_NPrePre10_BPre10_NStem	NStem_NStem_NStem	PossConc2_NPrePre10_BPre10_NStem	NStem_NStem_NStem
.	Punc	PUNC	Punc	PUNC
U_ku_qond_a	NPrePre15_BPre15_NStem	NStem_VRoot_NStem_NStem	NPrePre15_BPre15_NStem	NStem_NStem_NStem_NStem
i_zin_dlel_a	NPrePre10_BPre10_NStem	NStem_NStem_NStem_NStem	NPrePre10_BPre10_NStem	NStem_NStem_NStem_NStem
zo_ku_zi_phil_is_a	PossConc10_NPrePre15_BPre15_ReflPre_VRoot_CausExt_VerbTerm	VRoot_VRoot_VRoot_VRoot_VRoot_VRoot	PossConc10_NPrePre15_BPre15_ReflPre_VRoot_CausExt_VerbTerm	VRoot_VRoot_VRoot_VRoot_VRoot_VRoot
ze_zi_n_hlobo	PossConc8_NPrePre10_BPre10_NStem	NStem_NStem_NStem_NStem	PossConc8_NPrePre10_BPre10_NStem	NStem_VRoot_NStem_NStem
ezi_thile	RelConc10_RelStem	NStem_NStem	RelConc10_RelStem	NStem_NStem
za_ba_ntu	PossConc10_NPrePre2_BPre2_NStem	NStem_NStem_NStem	PossConc10_NPrePre2_BPre2_NStem	NStem_NStem_NStem
ngo_kwe_n_hlalo	AdvPre_NPrePre15_PossConc15_BPre9_NStem	VRoot_VRoot_VRoot_VRoot	AdvPre_NPrePre15_PossConc15_BPre9_NStem	VRoot_VRoot_VRoot_VRoot
,	Punc	PUNC	Punc	PUNC
oku_hlangan_is_a	RelConc15_VRoot_CausExt_VerbTerm	NStem_NStem_NStem_NStem	RelConc15_VRoot_CausExt_VerbTerm	NStem_NStem_NStem_NStem
oku_yi_n_gcebo	RelConc15_CopPre_BPre9_NStem	VRoot_VRoot_VRoot_VRoot	RelConc15_CopPre_BPre9_NStem	VRoot_VRoot_VRoot_VRoot
ya_bo	PossConc9_PronStem2	Conj_Conj	PossConc9_PronStem2	PUNC_NStem
,	Punc	PUNC	Punc	NStem
i_zin_selelo	NPrePre10_BPre10_NStem	NStem_NStem_NStem	NPrePre10_BPre10_NStem	NStem_NStem_NStem
,	Punc	PUNC	Punc	NStem
aba_fis_a	RelConc2_VRoot_VerbTerm	NStem_NStem_NStem	RelConc2_VRoot_VerbTerm	NStem_NStem_NStem
u_ku_b_a	Conj	NStem_NStem_NStem_NStem	Conj	NStem_NStem_NStem_NStem
na_kho	AdvPre_PronStem15	PUNC_PUNC	AdvPre_PronStem15	PUNC_PUNC
,	Punc	Conj	Punc	PUNC
ka_nye	AdvPre_AdjStem	PUNC_PUNC	AdvPre_AdjStem	PUNC_PUNC
na_ma_thuba	AdvPre_NPrePre6_BPre6_NStem	NStem_NStem_NStem	AdvPre_NPrePre6_BPre6_NStem	NStem_NStem_NStem
aba_na_wo	RelConc2_AdvPre_PronStem6	NStem_NStem_NStem	RelConc2_AdvPre_PronStem6	NStem_NStem_NStem
.	Punc	PUNC	Punc	PUNC
U_yi_fez_e	SC2ps_OC9_VRoot_VerbTerm	NStem_NStem_NStem_NStem	SC2ps_OC9_VRoot_VerbTerm	NStem_NStem_NStem_NStem
ka_njani	AdvPre_Interrog	NStem_NStem	AdvPre_Interrog	NStem_NStem
i_n_hloso	NPrePre9_BPre9_NStem	NStem_NStem_NStem	NPrePre9_BPre9_NStem	NStem_NStem_NStem
yo_ku_leth_a	PossConc9_NPrePre15_BPre15_VRoot_VerbTerm	NStem_NStem_NStem_NStem	PossConc9_NPrePre15_BPre15_VRoot_VerbTerm	NStem_VRoot_VRoot_VRoot
u_phathina	NPrePre1_NStem	NStem_NStem	NPrePre1_NStem	NStem_NStem
wa_kho	PossConc1_PronStem2ps	PUNC_PUNC	PossConc1_PronStem2ps	PUNC_PUNC
?	Punc	Conj	Punc	Conj
I_si_gaba	NPrePre7_BPre7_NStem	NStem_NStem_NStem	NPrePre7_BPre7_NStem	NStem_NStem_NStem
se_si__2	PossConc7_NPrePre7_BPre7_Num	NStem_NStem_NStem	PossConc7_NPrePre7_BPre7_Num	NStem_NStem_NStem
si_qal_a	SC7_VRoot_VerbTerm	NStem_NStem_NStem	SC7_VRoot_VerbTerm	NStem_NStem_NStem
ngo_ku_hlaziy_a	AdvPre_NPre15_BPre15_VRoot_VerbTerm	VRoot_VRoot_VRoot_VRoot	AdvPre_NPre15_BPre15_VRoot_VerbTerm	VRoot_VRoot_VRoot_VRoot
ka_nye	AdvPre_AdjStem	PUNC_PUNC	AdvPre_AdjStem	PUNC_PUNC
no_ku_hlangan_is_a	AdvPre_NPrePre15_BPre15_VRoot_CausExt_VerbTerm	VRoot_VRoot_VRoot_VRoot_VRoot	AdvPre_NPrePre15_BPre15_VRoot_CausExt_VerbTerm	VRoot_VRoot_VRoot_VRoot_VRoot
i_mi_niningwane	NPrePre4_BPre4_NStem	NStem_NStem_NStem	NPrePre4_BPre4_NStem	NStem_NStem_NStem
e_qoq_w_e	RelConc9_VRoot_PassExt_VerbTerm	NStem_NStem_NStem_NStem	RelConc9_VRoot_PassExt_VerbTerm	VRoot_NStem_NStem_NStem
e_m_sebenz_ini	LocPre_BPre3_NStem_LocSuf	NStem_VRoot_VRoot_VRoot	LocPre_BPre3_NStem_LocSuf	VRoot_VRoot_VRoot_VRoot
yo_kw_enz_a	PossConc9_NPrePre15_BPre15_VRoot_VerbTerm	NStem_NStem_NStem_NStem	PossConc9_NPrePre15_BPre15_VRoot_VerbTerm	NStem_NStem_NStem_NStem
i_balazwe	SC6_Intrans_VerbTerm	NStem_NStem	SC6_Intrans_VerbTerm	NStem_NStem
,	Punc	PUNC	Punc	PUNC
wo_ku_nqamul_a	PossConc3_NPre15_BPre15_VRoot_VerbTerm	VRoot_VRoot_VRoot_VRoot	PossConc3_NPre15_BPre15_VRoot_VerbTerm	VRoot_VRoot_VRoot_VRoot
i_n_dawo	NPrePre9_BPre9_NStem	NStem_NStem_NStem	NPrePre9_BPre9_NStem	NStem_NStem_NStem
,	Punc	PUNC	Punc	PUNC
wo_m_lando	PossConc1a_NStem	NStem_NStem_NStem	PossConc1a_NStem	NStem_NStem_NStem
we_zi_gigaba	PossConc1_NPrePre8_BPre8_NStem	NStem_NStem_NStem	PossConc1_NPrePre8_BPre8_NStem	NStem_NStem_NStem
ngo_ku_landel_an_a	AdvPre_NPrePre15_BPre15_VRoot_ApplExt_RecipExt_VerbTerm	VRoot_VRoot_VRoot_VRoot_VRoot	AdvPre_NPrePre15_BPre15_VRoot_ApplExt_RecipExt_VerbTerm	VRoot_NStem_NStem_NStem_VRoot
kwa_zo	PossConc15_PronStem10	PUNC_PUNC	PossConc15_PronStem10	PUNC_PUNC
no_we_zi_mo	AdvPre_OC3_NStem	NStem_NStem_NStem_NStem	AdvPre_OC3_NStem	NStem_NStem_NStem_NStem
ze_si_khathi	PossConc10_NPrePre7_BPre7_NStem	NStem_NStem_NStem	PossConc10_NPrePre7_BPre7_NStem	NStem_NStem_NStem
esi_de	AdjPref7_AdjStem	PUNC_PUNC	AdjPref7_AdjStem	PUNC_PUNC
.	Punc	PUNC	Punc	PUNC
Juba	ProperName	Conj	ProperName	Conj
aba_ntu	NPrePre2_BPre2_NStem	NStem_NStem	NPrePre2_BPre2_NStem	NStem_NStem
aba_zo_bhal_a	RelConc2_Fut_VRoot_VerbTerm	NStem_NStem_NStem_NStem	RelConc2_Fut_VRoot_VerbTerm	NStem_NStem_NStem_NStem
i_zi_gaba	NPrePre8_BPre8_NStem	NStem_NStem_NStem	NPrePre8_BPre8_NStem	PUNC_NStem_PUNC
ezi_thile	RelConc8_RelStem	NStem_NStem	RelConc8_RelStem	NStem_NStem
.	Punc	PUNC	Punc	PUNC
Lokhu	Dem15_Pos1	PUNC	Dem15_Pos1	PUNC
ku_gqugquzel_a	BPre17_NStem	VRoot_VRoot_VRoot	BPre17_NStem	VRoot_VRoot_VRoot
aba_ntu	NPrePre2_BPre2_NStem	NStem_NStem	NPrePre2_BPre2_NStem	NStem_NStem
u_ku_b_a	Conj	NStem_NStem_NStem_NStem	Conj	NStem_NStem_NStem_NStem
ba_be	SC2_AuxVStem	PUNC_PUNC	SC2_AuxVStem	PUNC_PUNC
nga_ba_nikazi	AdvPre_NPrePre2_BPre2_NStem	NStem_NStem_NStem	AdvPre_NPrePre2_BPre2_NStem	NStem_NStem_NStem
bo_hlelo	PossConc2_NPrePre11_NStem	NStem_NStem	PossConc2_NPrePre11_NStem	NStem_NStem
,	Punc	PUNC	Punc	PUNC
ku_qinis_ek_is_e	SC15_VRoot_CausExt_VerbTerm	VRoot_VRoot_NStem_VRoot_VRoot	SC15_VRoot_CausExt_VerbTerm	VRoot_VRoot_VRoot_NStem_VRoot
u_ku_phothul_w_a	NPrePre15_BPre15_VRoot_PassExt_VerbTerm	VRoot_VRoot_VRoot_VRoot_VRoot	NPrePre15_BPre15_VRoot_PassExt_VerbTerm	VRoot_VRoot_VRoot_VRoot_VRoot
ka_hle	AdvPre_AdjStem	NStem_NStem	AdvPre_AdjStem	NStem_NStem
ko_m_sebenzi	PossConc15_NPrePre3_BPre3_NStem	NStem_NStem_NStem	PossConc15_NPrePre3_BPre3_NStem	NStem_NStem_NStem
.	Punc	PUNC	Punc	PUNC
Ubani	Interrog	PUNC	Interrog	PUNC
o_ne_mvume	RelConc1_AdvPre_NPrePre9_NStem	NStem_NStem_NStem	RelConc1_AdvPre_NPrePre9_NStem	NStem_NStem_NStem
yo_ku_thol_a	PossConc9_NPrePre15_BPre15_VRoot_VerbTerm	NStem_NStem_NStem_NStem	PossConc9_NPrePre15_BPre15_VRoot_VerbTerm	NStem_NStem_NStem_NStem
i_zin_siz_a	NPrePre10_BPre10_NStem	NStem_NStem_NStem_NStem	NPrePre10_BPre10_NStem	NStem_NStem_NStem_NStem
ze_Komidi	PossConc10_NPrePre5_NStem	NStem_NStem	PossConc10_NPrePre5_NStem	NStem_NStem
le_si_Gceme	PossConc5_BPre7_NStem	NStem_NStem_NStem	PossConc5_BPre7_NStem	NStem_NStem_NStem
i_si_b	Abbr	NStem_NStem_NStem	Abbr	NStem_NStem_NStem
,	Punc	PUNC	Punc	PUNC
I_zi_nto	NPrePre10_BPre10_NStem	NStem_NStem_NStem	NPrePre10_BPre10_NStem	NStem_NStem_NStem
zo_ku_thuth_a	PossConc10_NPrePre15_BPre15_VRoot_VerbTerm	NStem_NStem_NStem_NStem	PossConc10_NPrePre15_BPre15_VRoot_VerbTerm	NStem_NStem_NStem_NStem
?	Punc	Conj	Punc	Conj
A_ma_khompyuth_a	NPrePre6_BPre6_NStem	VRoot_VRoot_VRoot_VRoot	NPrePre6_BPre6_NStem	VRoot_VRoot_VRoot_VRoot
?	Punc	Conj	Punc	PUNC
U_ku_xhuman_a	NPrePre15_BPre15_VRoot_RecipExt_VerbTerm	NStem_NStem_NStem_NStem	NPrePre15_BPre15_VRoot_RecipExt_VerbTerm	NStem_NStem_VRoot_NStem
na_ba_holi	AdvPre_NPrePre2_BPre2_NStem	NStem_NStem_NStem	AdvPre_NPrePre2_BPre2_NStem	NStem_NStem_NStem
be_zo_m_busazwe	PossConc2_RelConc3_PossConc10_NPrePre3_BPre3_NStem	VRoot_VRoot_VRoot_NStem	PossConc2_RelConc3_PossConc10_NPrePre3_BPre3_NStem	NStem_NStem_NStem_NStem
?	Punc	Conj	Punc	PUNC
U_ku_xhuman_a	NPrePre15_BPre15_VRoot_RecipExt_VerbTerm	NStem_NStem_NStem_NStem	NPrePre15_BPre15_VRoot_RecipExt_VerbTerm	NStem_NStem_NStem_NStem
na_be_zin_daba	AdvPre_RelConc2_BPre10_NStem	NStem_NStem_NStem_NStem	AdvPre_RelConc2_BPre10_NStem	NStem_NStem_NStem_NStem
?	Punc	Conj	Punc	Conj
I_zi_balo	NPrePre8_BPre8_NStem	NStem_NStem_NStem	NPrePre8_BPre8_NStem	NStem_NStem_NStem
zo_ku_hlaziy_a	PossConc8_NPrePre15_BPre15_VRoot_VerbTerm	VRoot_VRoot_VRoot_VRoot	PossConc8_NPrePre15_BPre15_VRoot_VerbTerm	VRoot_VRoot_VRoot_NStem
a_ma_nani	NPrePre6_BPre6_NStem	NStem_NStem_NStem	NPrePre6_BPre6_NStem	NStem_NStem_NStem
zi_setshenz_is_el_w_a	SC10_VRoot_CausExt_ApplExt_PassExt_VerbTerm	NStem_NStem_NStem_NStem_NStem_NStem	SC10_VRoot_CausExt_ApplExt_PassExt_VerbTerm	VRoot_VRoot_VRoot_VRoot_VRoot_VRoot
u_kw_enz_a	NPrePre15_BPre15_VRoot_VerbTerm	NStem_NStem_NStem_NStem	NPrePre15_BPre15_VRoot_VerbTerm	NStem_NStem_VRoot_NStem
i_qoqo	NPrePre9_NStem	NStem_NStem	NPrePre9_NStem	NStem_NStem
le_dath_a	Dem4_Pos1_NStem	NStem_NStem_NStem	Dem4_Pos1_NStem	PUNC_PUNC_PUNC
no_ku_bon_a	AdvPre_NPrePre15_BPre15_VRoot_VerbTerm	NStem_NStem_NStem_NStem	AdvPre_NPrePre15_BPre15_VRoot_VerbTerm	NStem_NStem_NStem_NStem
u_bu_dlelwane	NPrePre14_BPre14_NStem	NStem_NStem_NStem	NPrePre14_BPre14_NStem	NStem_NStem_NStem
,	Punc	PUNC	Punc	PUNC
ku_sebenz_is_a	SC15_VRoot_CausExt_VerbTerm	VRoot_VRoot_VRoot_VRoot	SC15_VRoot_CausExt_VerbTerm	VRoot_VRoot_VRoot_VRoot
i_si_mo	NPrePre7_BPre7_NStem	NStem_NStem_NStem	NPrePre7_BPre7_NStem	NStem_NStem_NStem
so_ku_cabanga	PossConc7_NPrePre15_BPre15_Intrans_VerbTerm	NStem_NStem_NStem	PossConc7_NPrePre15_BPre15_Intrans_VerbTerm	NStem_NStem_NStem
ngo_ku_finyelel_a	AdvPre_NPrePre15_BPre15_VRoot_VerbTerm	VRoot_VRoot_VRoot_VRoot	AdvPre_NPrePre15_BPre15_VRoot_VerbTerm	VRoot_VRoot_VRoot_VRoot
ku_si_n_qumo	LocPre_BPre7_BPre9_NStem	VRoot_VRoot_NStem_NStem	LocPre_BPre7_BPre9_NStem	VRoot_VRoot_NStem_VRoot
.	Punc	PUNC	Punc	PUNC
U_ku_hlaziy_a	NPrePre15_BPre15_NStem	VRoot_VRoot_VRoot_VRoot	NPrePre15_BPre15_NStem	VRoot_VRoot_VRoot_VRoot
i_zin_ganhle	NPrePre8_BPre8_NegPre_NStem	NStem_NStem_NStem	NPrePre8_BPre8_NegPre_NStem	NStem_NStem_NStem
le_dath_a	Dem4_Pos1_NStem	NStem_VRoot_NStem	Dem4_Pos1_NStem	NStem_NStem_NStem
ku_sebenz_is_a	SC15_VRoot_CausExt_VerbTerm	VRoot_VRoot_VRoot_VRoot	SC15_VRoot_CausExt_VerbTerm	VRoot_VRoot_NStem_VRoot
u_ku_cabanga	NPrePre15_BPre15_VRoot_VerbTerm	NStem_NStem_NStem	NPrePre15_BPre15_VRoot_VerbTerm	NStem_NStem_NStem
ngo_ku_sebenz_is_a	AdvPre_NPrePre15_BPre15_VRoot_CausExt_VerbTerm	VRoot_VRoot_VRoot_VRoot_VRoot	AdvPre_NPrePre15_BPre15_VRoot_CausExt_VerbTerm	VRoot_VRoot_VRoot_VRoot_VRoot
i_mi_thetho	NPrePre4_BPre4_NStem	NStem_NStem_NStem	NPrePre4_BPre4_NStem	NStem_NStem_NStem
jikelel_e	Adv	NStem_NStem	Adv	NStem_NStem
oku_suk_el_a	PossConc10_NPrePre15_BPre15_Intrans_VerbTerm	NStem_NStem_NStem_NStem	PossConc10_NPrePre15_BPre15_Intrans_VerbTerm	NStem_NStem_NStem_NStem
ezi_mw_eni	RelConc8_NStem_LocSuf	NStem_NStem_NStem	RelConc8_NStem_LocSuf	NStem_NStem_NStem
ezi_thile	RelConc8_RelStem	NStem_NStem	RelConc8_RelStem	NStem_NStem
.	Punc	PUNC	Punc	PUNC
U_ku_cabanga	NPrePre15_BPre15_VRoot_VerbTerm	NStem_NStem_NStem	NPrePre15_BPre15_VRoot_VerbTerm	NStem_NStem_NStem
ngo_ku_sebenz_is_a	AdvPre_NPrePre15_BPre15_VRoot_CausExt_VerbTerm	VRoot_VRoot_VRoot_VRoot_VRoot	AdvPre_NPrePre15_BPre15_VRoot_CausExt_VerbTerm	VRoot_VRoot_VRoot_VRoot_VRoot
i_mi_thetho	NPrePre4_BPre4_NStem	NStem_NStem_NStem	NPrePre4_BPre4_NStem	NStem_NStem_NStem
jikelel_e	Adv	NStem_NStem	Adv	NStem_NStem
oku_suk_el_a	PossConc10_NPrePre15_BPre15_Intrans_VerbTerm	NStem_NStem_NStem_NStem	PossConc10_NPrePre15_BPre15_Intrans_VerbTerm	NStem_NStem_NStem_NStem
ezi_mw_eni	RelConc8_NStem_LocSuf	NStem_NStem_NStem	RelConc8_NStem_LocSuf	NStem_NStem_NStem
ezi_thile	RelConc8_RelStem	NStem_NStem	RelConc8_RelStem	NStem_NStem
ku_suk_a	BPre15_VRoot_VerbTerm	NStem_NStem_NStem	BPre15_VRoot_VerbTerm	NStem_NStem_NStem
ko_ku_th_ile	PossConc15_NPrePre15_BPre15_RelStem	NStem_NStem_NStem_NStem	PossConc15_NPrePre15_BPre15_RelStem	NStem_NStem_NStem_NStem
ku_ye	LocPre_PronStem1	PUNC_PUNC	LocPre_PronStem1	PUNC_PUNC
esi_me_ni	RelConc7_NStem_LocSuf	NStem_NStem_NStem	RelConc7_NStem_LocSuf	NStem_NStem_NStem
jikelel_e	Adv	NStem_NStem	Adv	NStem_NStem
_	Punc		Punc	
oku_sh_o	RelConc15_VRoot_VerbTerm	NStem_NStem_NStem	RelConc15_VRoot_VerbTerm	NStem_NStem_NStem
u_kuth_i	Conj	NStem_NStem_NStem	Conj	NStem_NStem_NStem
ku_suk_a	BPre15_VRoot_VerbTerm	NStem_NStem_NStem	BPre15_VRoot_VerbTerm	NStem_NStem_NStem
ku_lokho	LocPre_Dem15_Pos2	NStem_NStem	LocPre_Dem15_Pos2	NStem_NStem
oku_bon_w_a_yo	RelConc15_VRoot_PassExt_VerbTerm_RelSuf	NStem_NStem_NStem_NStem_NStem	RelConc15_VRoot_PassExt_VerbTerm_RelSuf	NStem_NStem_NStem_VRoot_VRoot
be_se	SC2_AuxVStem	PUNC_PUNC	SC2_AuxVStem	PUNC_PUNC
kw_enz_iw_a	SC15_VRoot_PassExt_VerbTerm	VRoot_VRoot_VRoot_VRoot	SC15_VRoot_PassExt_VerbTerm	VRoot_VRoot_VRoot_VRoot
i_si_n_qumo	NPrePre7_BPre7_BPre3_NStem	NStem_NStem_NStem_NStem	NPrePre7_BPre7_BPre3_NStem	NStem_NStem_NStem_NStem
jikelel_e	Adv	NStem_NStem	Adv	NStem_NStem
.	Punc	PUNC	Punc	PUNC
Ne_zin_dleko	NPre10_NPrePre10_BPre10_NStem	NStem_NStem_NStem	NPre10_NPrePre10_BPre10_NStem	NStem_NStem_NStem
zo_ku_bamb_a	Fut_Intrans_VerbTerm	NStem_NStem_NStem_NStem	Fut_Intrans_VerbTerm	NStem_VRoot_NStem_VRoot
i_qhaz_a	BPre5_NStem	NStem_NStem_NStem	BPre5_NStem	NStem_NStem_NStem
_	Punc		Punc	
lokhu	Dem15_Pos1	PUNC	Dem15_Pos1	PUNC
ku_fak_a	SC15_VRoot_VerbTerm	NStem_NStem_NStem	SC15_VRoot_VerbTerm	NStem_NStem_NStem
i_zin_daba	NPrePre10_BPre10_NStem	NStem_NStem_NStem	NPrePre10_BPre10_NStem	PUNC_PUNC_PUNC
za_ba_sebenzi	PossConc8_NPrePre2_BPre2_NStem	NStem_NStem_NStem	PossConc8_NPrePre2_BPre2_NStem	NStem_NStem_NStem
,	Punc	PUNC	Punc	PUNC
i_si_khathi	NPrePre7_BPre7_NStem	NStem_NStem_NStem	NPrePre7_BPre7_NStem	NStem_NStem_NStem
ka_nye	AdvPre_AdjStem	PUNC_PUNC	AdvPre_AdjStem	PUNC_PUNC
ne_zi_khwama	AdvPre_NPrePre8_BPre8_NStem	NStem_NStem_NStem	AdvPre_NPrePre8_BPre8_NStem	NStem_NStem_NStem
.	Punc	PUNC	Punc	PUNC
U_kw_enz_a	NPrePre15_BPre15_VRoot_VerbTerm	NStem_NStem_VRoot_VRoot	NPrePre15_BPre15_VRoot_VerbTerm	NStem_NStem_NStem_NStem
i_mi_hlangano	NPrePre4_BPre4_NStem	VRoot_VRoot_VRoot	NPrePre4_BPre4_NStem	NStem_NStem_NStem
ka_ning_an_a	ExclNeg_NStem_DimSuf	NStem_NStem_NStem_NStem	ExclNeg_NStem_DimSuf	NStem_NStem_NStem_NStem
,	Punc	PUNC	Punc	PUNC
u_kw_enz_a	NPrePre15_BPre15_VRoot_VerbTerm	NStem_NStem_NStem_NStem	NPrePre15_BPre15_VRoot_VerbTerm	NStem_NStem_NStem_NStem
i_mi_zamo	NPrePre4_BPre4_NStem	NStem_NStem_NStem	NPrePre4_BPre4_NStem	NStem_NStem_NStem
yo_ku_hlangan_a	Fut_Intrans_VerbTerm	NStem_NStem_NStem_NStem	Fut_Intrans_VerbTerm	NStem_NStem_NStem_NStem
na_ba_mel_e	AdvPre_SC2_VRoot_VerbTerm	NStem_NStem_NStem_NStem	AdvPre_SC2_VRoot_VerbTerm	NStem_NStem_NStem_NStem
u_m_phakathi	NPrePre3_BPre3_NStem	NStem_NStem_NStem	NPrePre3_BPre3_NStem	NStem_NStem_NStem
ka_nye	AdvPre_AdjStem	PUNC_PUNC	AdvPre_AdjStem	Conj_Conj
no_ku_khulum_a	AdvPre_BPre15_VRoot_VerbTerm	NStem_NStem_NStem_NStem	AdvPre_BPre15_VRoot_VerbTerm	VRoot_NStem_NStem_NStem
na_ma_lungu	AdvPre_NPrePre6_BPre6_NStem	NStem_NStem_NStem	AdvPre_NPrePre6_BPre6_NStem	NStem_NStem_NStem
o_m_phakathi	PossConc6_NPrePre3_BPre3_NStem	NStem_NStem_NStem	PossConc6_NPrePre3_BPre3_NStem	NStem_NStem_NStem
u_ku_zw_a	NPrePre15_BPre15_VRoot_VerbTerm	NStem_NStem_NStem_NStem	NPrePre15_BPre15_VRoot_VerbTerm	NStem_NStem_NStem_NStem
nge_zi_dingo	AdvPre_NPrePre8_BPre8_NStem	NStem_NStem_NStem	AdvPre_NPrePre8_BPre8_NStem	NStem_NStem_NStem
ne_zin_daba	AdvPre_NPrePre10_BPre10_NStem	NStem_NStem_NStem	AdvPre_NPrePre10_BPre10_NStem	NStem_NStem_NStem
za_wo	PossConc10_PronStem3	PUNC_PUNC	PossConc10_PronStem3	PUNC_PUNC
ku_thath_a	SC15_VRoot_VerbTerm	PUNC_PUNC_PUNC	SC15_VRoot_VerbTerm	NStem_NStem_NStem
i_si_khathi	NPrePre7_BPre7_NStem	NStem_NStem_NStem	NPrePre7_BPre7_NStem	NStem_NStem_NStem
.	Punc	PUNC	Punc	PUNC
A_ma_lungu	NPrePre6_BPre6_NStem	NStem_NStem_NStem	NPrePre6_BPre6_NStem	NStem_NStem_NStem
a_ma_ningi	AdjPref6_AdjStem	NStem_NStem_NStem	AdjPref6_AdjStem	NStem_NStem_NStem
E_komiti	PossConc6_NStem	NStem_NStem	PossConc6_NStem	NStem_NStem
Le_wadi	PossConc5_NStem	AdjStem_NStem	PossConc5_NStem	NStem_NStem
ka_nye	AdvPre_AdjStem	PUNC_PUNC	AdvPre_AdjStem	PUNC_PUNC
na_ma_khansela	AdvPre_NPrePre6_BPre6_NStem	NStem_NStem_NStem	AdvPre_NPrePre6_BPre6_NStem	NStem_NStem_NStem
esi_khathi_ni	RelConc7_NStem_LocSuf	NStem_NStem_NStem	RelConc7_NStem_LocSuf	NStem_NStem_NStem
esi_ningi	AdjPref7_AdjStem	NStem_NStem	AdjPref7_AdjStem	NStem_NStem
ku_mel_e	SC15_VRoot_VerbTerm	NStem_NStem_NStem	SC15_VRoot_VerbTerm	NStem_NStem_NStem
b_enz_e	CopPre_VRoot_VerbTerm	NStem_NStem_NStem	CopPre_VRoot_VerbTerm	NStem_NStem_NStem
i_si_khathi	NPrePre7_BPre7_NStem	NStem_NStem_NStem	NPrePre7_BPre7_NStem	NStem_NStem_NStem
e_m_va	LocPre_BPre3_Adv	PUNC_PUNC_PUNC	LocPre_BPre3_Adv	NStem_NStem_NStem
ko_suku	PossConc15_NPrePre11_BPre11_NStem	PUNC_PUNC	PossConc15_NPrePre11_BPre11_NStem	PUNC_PUNC
lwa_bo	PossConc11_PronStem2	NStem_NStem	PossConc11_PronStem2	NStem_NStem
olu_jwayel_ek_il_e	RelConc11_VRoot_NeutExt_Perf_VerbTerm	VRoot_VRoot_VRoot_VRoot_VRoot	RelConc11_VRoot_NeutExt_Perf_VerbTerm	VRoot_VRoot_VRoot_VRoot_VRoot
lo_m_sebenzi	PossConc11_NPrePre3_BPre3_NStem	NStem_NStem_NStem	PossConc11_NPrePre3_BPre3_NStem	NStem_NStem_NStem
.	Punc	PUNC	Punc	PUNC
A_ma_lungu	NPrePre6_BPre6_NStem	NStem_NStem_NStem	NPrePre6_BPre6_NStem	NStem_NStem_NStem
E_komiti	PossConc6_NStem	NStem_NStem	PossConc6_NStem	PUNC_PUNC
Le_wadi	PossConc5_NStem	NStem_NStem	PossConc5_NStem	NStem_NStem
a_nga_dinga	SC6_Pot_VRoot_VerbTerm	PUNC_PUNC_PUNC	SC6_Pot_VRoot_VerbTerm	NStem_NStem_NStem
u_ku_kheth_a	NPrePre15_BPre15_VRoot_VerbTerm	NStem_NStem_NStem_NStem	NPrePre15_BPre15_VRoot_VerbTerm	NStem_NStem_NStem_NStem
u_ku_setshenz_is_w_a	NPrePre15_BPre15_VRoot_CausExt_PassExt_VerbTerm	VRoot_VRoot_VRoot_VRoot_VRoot_VRoot	NPrePre15_BPre15_VRoot_CausExt_PassExt_VerbTerm	VRoot_VRoot_VRoot_VRoot_VRoot_VRoot
k_oku_fak_w_a	PossConc15_RelConc15_VRoot_PassExt_VerbTerm	VRoot_VRoot_VRoot_VRoot_VRoot	PossConc15_RelConc15_VRoot_PassExt_VerbTerm	VRoot_VRoot_NStem_NStem_VRoot
kwe_zin_hlelo	PossConc15_NPrePre10_BPre10_NStem	NStem_NStem_NStem	PossConc15_NPrePre10_BPre10_NStem	NStem_NStem_NStem
zo_ku_finyelel_a	PossConc8_NPrePre15_BPre15_VRoot_VerbTerm	VRoot_VRoot_VRoot_VRoot	PossConc8_NPrePre15_BPre15_VRoot_VerbTerm	VRoot_VRoot_VRoot_VRoot
e_m_phakath_ini	LocPre_BPre3_NStem_LocSuf	VRoot_VRoot_VRoot_VRoot	LocPre_BPre3_NStem_LocSuf	VRoot_VRoot_VRoot_VRoot
ku__ID_P	LocPre_Abbr	NStem_NStem_NStem	LocPre_Abbr	NStem_NStem_NStem
noma	Conj	Conj	Conj	Conj
kwa_ma_nye	PossConc15_AdjPref6_AdjStem	NStem_NStem_NStem	PossConc15_AdjPref6_AdjStem	NStem_NStem_NStem
a_mabhajethi	NPrePre6_BPre6_NStem	NStem_NStem	NPrePre6_BPre6_NStem	NStem_NStem
.	Punc	PUNC	Punc	PUNC
U_m_hlangano	NPrePre3_BPre3_NStem	VRoot_NStem_VRoot	NPrePre3_BPre3_NStem	VRoot_VRoot_NStem
wa_ma_hora	PossConc1a_NPrePre6_BPre6_NStem	NStem_NStem_NStem	PossConc1a_NPrePre6_BPre6_NStem	NStem_PUNC_NStem
a_ma_bili	AdjPref6_AdjStem	NStem_NStem_NStem	AdjPref6_AdjStem	NStem_NStem_NStem
na_ba_gqugquzeli	AdvPre_NPrePre2_BPre2_NStem	NStem_NStem_NStem	AdvPre_NPrePre2_BPre2_NStem	VRoot_VRoot_VRoot
bo_hlelo	PossConc2_NPrePre11_NStem	NStem_NStem	PossConc2_NPrePre11_NStem	NStem_NStem
lwe__C_BP	PossConc11_NPrePre9_Abbr	NStem_NStem_NStem	PossConc11_NPrePre9_Abbr	NStem_NStem_NStem
,	Punc	PUNC	Punc	PUNC
a_ma_lungu	NPrePre6_BPre6_NStem	NStem_NStem_NStem	NPrePre6_BPre6_NStem	NStem_NStem_NStem
e_komidi	LocPre_NStem	NStem_NStem	LocPre_NStem	NStem_NStem
le_si_gceme	Dem7_Pos1_NStem	NStem_NStem_NStem	Dem7_Pos1_NStem	NStem_NStem_NStem
na_ma_qembu	AdvPre_NPrePre6_BPre6_NStem	NStem_NStem_NStem	AdvPre_NPrePre6_BPre6_NStem	NStem_NStem_NStem
oku_sebenz_a	RelConc15_VRoot_VerbTerm	NStem_VRoot_NStem	RelConc15_VRoot_VerbTerm	NStem_NStem_NStem
a_sungul_el_w_e	SC6_VRoot_ApplExt_PassExt_VerbTerm	VRoot_VRoot_VRoot_VRoot_VRoot	SC6_VRoot_ApplExt_PassExt_VerbTerm	VRoot_VRoot_VRoot_VRoot_VRoot
leso	Dem7_Pos2	PUNC	Dem7_Pos2	PUNC
na_leso	AdvPre_Dem7_Pos2	NStem_NStem	AdvPre_Dem7_Pos2	NStem_NStem
si_fiso	BPre8_NStem	NStem_NStem	BPre8_NStem	NStem_NStem
.	Punc	PUNC	Punc	PUNC
E_si_khathi_ni	LocPre_NPrePre7_BPre7_NStem_LocSuf	NStem_NStem_NStem_NStem	LocPre_NPrePre7_BPre7_NStem_LocSuf	NStem_NStem_NStem_NStem
esi_y_i_mi_nyaka	RelConc7_CopPre_NPrePre4_BPre4_NStem	VRoot_VRoot_VRoot_VRoot_VRoot	RelConc7_CopPre_NPrePre4_BPre4_NStem	VRoot_VRoot_VRoot_VRoot_VRoot
e_mi_hlanu	AdjPref4_AdjStem	NStem_NStem_NStem	AdjPref4_AdjStem	NStem_NStem_NStem
e_ye_dlul_e	RelConc4_Past_VRoot_VerbTerm	NStem_NStem_NStem_NStem	RelConc4_Past_VRoot_VerbTerm	NStem_NStem_NStem_NStem
,	Punc	PUNC	Punc	PUNC
i_mi_khiqizo	NPrePre4_BPre4_NStem	NStem_NStem_NStem	NPrePre4_BPre4_NStem	NStem_NStem_NStem
ya_ku_leli	PossConc4_LocPre_Dem5_Pos1	NStem_NStem_NStem	PossConc4_LocPre_Dem5_Pos1	NStem_NStem_NStem
e_thunyel_w_a	RelConc4_VRoot_ApplExt_PassExt_VerbTerm	VRoot_VRoot_VRoot_VRoot	RelConc4_VRoot_ApplExt_PassExt_VerbTerm	VRoot_VRoot_VRoot_NStem
e_ma_zwe_ni	LocPre_NPrePre6_BPre6_NStem_LocSuf	NStem_NStem_NStem_NStem	LocPre_NPrePre6_BPre6_NStem_LocSuf	NStem_NStem_NStem_NStem
a_nga_phandle	SC6_AdvPre_Adv	NStem_NStem_NStem	SC6_AdvPre_Adv	NStem_NStem_NStem
a_se_thuthuk_il_e	SC6_Past_VRoot_Perf_VerbTerm	VRoot_VRoot_VRoot_VRoot_VRoot	SC6_Past_VRoot_Perf_VerbTerm	VRoot_VRoot_VRoot_VRoot_VRoot
ye_hl_il_e	SC9_VRoot_Perf_VerbTerm	NStem_NStem_NStem_NStem	SC9_VRoot_Perf_VerbTerm	NStem_NStem_NStem_NStem
ngenxa	Conj	PUNC	Conj	Conj
yo_ku_nga_ding_ek_i	PossConc9_NPre15_NegPre_VRoot_NPas_VerbTerm	VRoot_VRoot_VRoot_VRoot_VRoot_VRoot	PossConc9_NPre15_NegPre_VRoot_NPas_VerbTerm	NStem_VRoot_VRoot_NStem_NStem_NStem
ka_khulu	AdvPre_AdjStem	NStem_NStem	AdvPre_AdjStem	NStem_NStem
kwa_le	PossConc15_Dem9_Pos1	PUNC_PUNC	PossConc15_Dem9_Pos1	PUNC_PUNC
mi_khiqizo	NPre4_NStem	NStem_NStem	NPre4_NStem	NStem_NStem
.	Punc	PUNC	Punc	PUNC
Lokhu	Dem15_Pos1	PUNC	Dem15_Pos1	PUNC
kwe_hl_a	NPre15_VRoot_VerbTerm	NStem_NStem_NStem	NPre15_VRoot_VerbTerm	NStem_NStem_NStem
ko_ku_thunyel_w_a	PossConc15_NPrePre15_BPre15_VRoot_ApplExt_PassExt_VerbTerm	VRoot_VRoot_VRoot_VRoot_VRoot	PossConc15_NPrePre15_BPre15_VRoot_ApplExt_PassExt_VerbTerm	VRoot_VRoot_VRoot_VRoot_VRoot
kwe_mi_khiqizo	PossConc15_NPre4_NStem	NStem_NStem_NStem	PossConc15_NPre4_NStem	NStem_NStem_NStem
nga_phandle	AdvPre_Adv	NStem_NStem	AdvPre_Adv	NStem_NStem
a_ku_banga	SC6_LocPre_VRoot_VerbTerm	NStem_NStem_NStem	SC6_LocPre_VRoot_VerbTerm	NStem_NStem_NStem
na_galelo	AdvPre_NPrePre5_NStem	NStem_NStem	AdvPre_NPrePre5_NStem	NStem_NStem
eli_theni	AdjPref5_AdjStem	NStem_NStem	AdjPref5_AdjStem	NStem_NStem
ngenxa	Conj	Conj	Conj	Conj
yo_ku_ding_ek_a	PossConc9_NPrePre15_Intrans_NPas_VerbTerm	NStem_NStem_NStem_NStem_NStem	PossConc9_NPrePre15_Intrans_NPas_VerbTerm	NStem_VRoot_VRoot_VRoot_VRoot
kwe_mi_khiqizo	PossConc15_NPre4_NStem	NStem_NStem_VRoot	PossConc15_NPre4_NStem	NStem_NStem_NStem
ya_ku_leli	PossConc4_LocPre_Dem5_Pos1	NStem_NStem_NStem	PossConc4_LocPre_Dem5_Pos1	NStem_NStem_NStem
e__As_ia	LocPre_ProperName	NStem_NStem_NStem	LocPre_ProperName	NStem_NStem_NStem
na_ngenxa	AdvPre_Conj	PUNC_PUNC	AdvPre_Conj	PUNC_PUNC
ya_ma_nani	PossConc4_NPrePre6_BPre6_NStem	NStem_NStem_NStem	PossConc4_NPrePre6_BPre6_NStem	NStem_NStem_NStem
a_phezulu	RelConc6_Adv	NStem_NStem	RelConc6_Adv	NStem_NStem
e_m_pahla	PossConc6_NPrePre9_BPre3_NStem	NStem_NStem_NStem	PossConc6_NPrePre9_BPre3_NStem	NStem_NStem_NStem
.	Punc	PUNC	Punc	PUNC
Nakuba	Conj	NStem	Conj	PUNC
i_Ningizimu	NPrePre5_ProperName	NStem_NStem	NPrePre5_ProperName	NStem_NStem
Afrika	ProperName	Conj	ProperName	Conj
i_sa_gcin_e	SC4_ProgPre_VRoot_VerbTerm	NStem_NStem_NStem_NStem	SC4_ProgPre_VRoot_VerbTerm	NStem_NStem_NStem_NStem
i__akhawunti	NPrePre5_NStem	NStem_NStem	NPrePre5_NStem	NStem_NStem
eli_hle	AdjPref5_AdjStem	NStem_NStem	AdjPref5_AdjStem	NStem_NStem
lo_ku_hweb_el_an_a	PossConc5_NPre15_Intrans_ApplExt_RecipExt_VerbTerm	VRoot_VRoot_VRoot_VRoot_VRoot_VRoot	PossConc5_NPre15_Intrans_ApplExt_RecipExt_VerbTerm	VRoot_VRoot_VRoot_VRoot_VRoot_VRoot
na_ma_nye	AdvPre_AdjPref6_AdjStem	NStem_NStem_NStem	AdvPre_AdjPref6_AdjStem	NStem_NStem_NStem
a_ma_zwe	NPrePre6_BPre6_NStem	NStem_NStem_NStem	NPrePre6_BPre6_NStem	NStem_NStem_NStem
,	Punc	PUNC	Punc	PUNC
ngenxa	Conj	Conj	Conj	Conj
ya_ma_nani	PossConc4_NPrePre6_BPre6_NStem	NStem_NStem_NStem	PossConc4_NPrePre6_BPre6_NStem	NStem_NStem_NStem
a_phezulu	RelConc6_Adv	NStem_NStem	RelConc6_Adv	NStem_NStem
ezi_m_pahla	RelConc10_BPre3_NStem	NStem_NStem_NStem	RelConc10_BPre3_NStem	NStem_NStem_NStem
ze_m_velo	PossConc10_BPre3_NStem	NStem_NStem_NStem	PossConc10_BPre3_NStem	NStem_NStem_NStem
,	Punc	PUNC	Punc	PUNC
ku_ya_khathaz_a	SC15_Pres_Intrans_VerbTerm	VRoot_VRoot_VRoot_VRoot	SC15_Pres_Intrans_VerbTerm	VRoot_VRoot_VRoot_VRoot
u_kuth_i	Conj	NStem_NStem_NStem	Conj	NStem_NStem_NStem
i_mi_khiqizo	NPrePre4_BPre4_NStem	NStem_NStem_NStem	NPrePre4_BPre4_NStem	NStem_NStem_NStem
ye_nani	PossConc4_BPre5_NStem	NStem_NStem	PossConc4_BPre5_NStem	NStem_NStem
eli_phezulu	RelConc5_Adv	NStem_NStem	RelConc5_Adv	NStem_NStem
ne_khiqiz_w_a	AdvPre_SC4_Intrans_PassExt_VerbTerm	VRoot_VRoot_VRoot_NStem	AdvPre_SC4_Intrans_PassExt_VerbTerm	VRoot_VRoot_VRoot_VRoot
nge_zandla	AdvPre_BPre8_NStem	NStem_NStem	AdvPre_BPre8_NStem	NStem_NStem
e_thunyel_w_a	RelConc4_VRoot_ApplExt_PassExt_VerbTerm	VRoot_VRoot_VRoot_VRoot	RelConc4_VRoot_ApplExt_PassExt_VerbTerm	NStem_NStem_NStem_NStem
kwa_ma_nye	LocPre_AdjPref6_AdjStem	NStem_NStem_NStem	LocPre_AdjPref6_AdjStem	NStem_NStem_NStem
a_ma_zwe	NPrePre6_BPre6_NStem	NStem_NStem_NStem	NPrePre6_BPre6_NStem	NStem_NStem_NStem
ye_hl_il_e	SC9_VRoot_Perf_VerbTerm	NStem_NStem_NStem_NStem	SC9_VRoot_Perf_VerbTerm	NStem_NStem_NStem_NStem
.	Punc	PUNC	Punc	PUNC
I_khambi	BPre5_NStem	NStem_NStem	BPre5_NStem	NStem_NStem
_	Punc		Punc	
i_zin_qomo	NPrePre8_BPre8_NStem	NStem_NStem_NStem	NPrePre8_BPre8_NStem	NStem_NStem_NStem
zi_ye_nz_iw_a	SC8_Pro_VRoot_PassExt_VerbTerm	VRoot_VRoot_VRoot_VRoot_VRoot	SC8_Pro_VRoot_PassExt_VerbTerm	VRoot_VRoot_VRoot_VRoot_VRoot
nga_phandle	AdvPre_Adv	NStem_NStem	AdvPre_Adv	NStem_NStem
kwe_mi_bono	PossConc15_NPrePre4_BPre4_NStem	NStem_NStem_NStem	PossConc15_NPrePre4_BPre4_NStem	NStem_NStem_NStem
yo_m_phakathi	PossConc4_BPre3_NStem	NStem_NStem_NStem	PossConc4_BPre3_NStem	NStem_NStem_NStem
futh_i	Conj	NStem_NStem	Conj	NStem_NStem
ku_m_bandakany_a	LocPre_BPre3_NStem	VRoot_VRoot_VRoot_VRoot	LocPre_BPre3_NStem	VRoot_VRoot_VRoot_VRoot
i_zi_memezelo	NPrePre8_BPre8_NStem	NStem_VRoot_NStem	NPrePre8_BPre8_NStem	NStem_NStem_NStem
zo_ku_th_i	PossConc8_BPre15_VRoot_VerbTerm	NStem_NStem_NStem_NStem	PossConc8_BPre15_VRoot_VerbTerm	NStem_NStem_NStem_NStem
yini	Interrog	PUNC	Interrog	Conj
e_y_enz_ek_il_e	RelConc9_CopPre_VRoot_NeutExt_Perf	VRoot_VRoot_VRoot_VRoot_VRoot_VRoot	RelConc9_CopPre_VRoot_NeutExt_Perf	VRoot_VRoot_VRoot_VRoot_VRoot_VRoot
no_ku_th_i	AdvPre_BPre15_VRoot_VerbTerm	NStem_NStem_NStem_NStem	AdvPre_BPre15_VRoot_VerbTerm	NStem_NStem_NStem_NStem
yini	Interrog	PUNC	Interrog	PUNC
e_zo_kw_enz_ek_a	LocPre_Fut_VRoot_NPas_VerbTerm	VRoot_VRoot_VRoot_VRoot_VRoot_VRoot	LocPre_Fut_VRoot_NPas_VerbTerm	VRoot_VRoot_VRoot_VRoot_VRoot_VRoot
.	Punc	PUNC	Punc	PUNC
I_komiti	NPrePre9_NStem	NStem_NStem	NPrePre9_NStem	NStem_NStem
Le_wadi	Dem4_Pos1_NStem	NStem_NStem	Dem4_Pos1_NStem	NStem_PUNC
l_akh_iw_e	SC5_VRoot_PassExt_VerbTerm	VRoot_VRoot_VRoot_VRoot	SC5_VRoot_PassExt_VerbTerm	VRoot_VRoot_VRoot_VRoot
nga_ma_lungu	AdvPre_NPrePre6_BPre6_NStem	NStem_NStem_NStem	AdvPre_NPrePre6_BPre6_NStem	NStem_NStem_NStem
o_m_phakathi	PossConc6_NPrePre3_BPre3_NStem	NStem_NStem_NStem	PossConc6_NPrePre3_BPre3_NStem	NStem_NStem_NStem
e_wadi	LocPre_NStem	NStem_NStem	LocPre_NStem	NStem_NStem
li_ka_masipala	PossConc5_PossKA_NStem	NStem_NStem_NStem	PossConc5_PossKA_NStem	NStem_NStem_NStem
we_n_dawo	PossConc3_BPre9_NStem	NStem_NStem_NStem	PossConc3_BPre9_NStem	NStem_NStem_NStem
noma	Conj	Conj	Conj	Conj
o_masipala	NPrePre2a_NStem	NStem_NStem	NPrePre2a_NStem	NStem_NStem
ba_s_e_dolobhe_ni	PossConc2_PreLoc-s_LocPre_NStem_LocSuf	VRoot_VRoot_VRoot_VRoot_VRoot	PossConc2_PreLoc-s_LocPre_NStem_LocSuf	VRoot_VRoot_VRoot_VRoot_VRoot
.	Punc	PUNC	Punc	PUNC
Ba_yi_komiti	BPre2_CopPre_NStem	NStem_NStem_NStem	BPre2_CopPre_NStem	NStem_NStem_NStem
la_ba_luleki	Dem2_Pos1_NStem	NStem_NStem_NStem	Dem2_Pos1_NStem	NStem_NStem_VRoot
eli_ng_enz_a	SC5_OC5_VRoot_VerbTerm	NStem_NStem_NStem_NStem	SC5_OC5_VRoot_VerbTerm	NStem_NStem_NStem_NStem
i_zi_phakamiso	NPrePre8_BPre8_NStem	NStem_NStem_NStem	NPrePre8_BPre8_NStem	NStem_NStem_NStem
na_nga_yi_phi	AdvPre_CopPre_Interrog	NStem_NStem_NStem_NStem	AdvPre_CopPre_Interrog	NStem_NStem_NStem_NStem
i_n_daba	NPrePre9_BPre9_NStem	NStem_NStem_NStem	NPrePre9_BPre9_NStem	NStem_NStem_NStem
e_bhek_en_e	RelConc9_VRoot_RecipExt_Perf_VerbTerm	PUNC_PUNC_PUNC_PUNC	RelConc9_VRoot_RecipExt_Perf_VerbTerm	NStem_NStem_VRoot_VRoot
ne_wadi	AdvPre_NPrePre5_NStem	NStem_NStem	AdvPre_NPrePre5_NStem	NStem_NStem
.	Punc	PUNC	Punc	PUNC
Ba_hlangan_is_el_w_e	SC2a_VRoot_CausExt_ApplExt_PassExt_VerbTerm	VRoot_VRoot_VRoot_VRoot_VRoot_VRoot	SC2a_VRoot_CausExt_ApplExt_PassExt_VerbTerm	VRoot_VRoot_VRoot_VRoot_VRoot_VRoot
u_ku_ngez_a	NPrePre15_BPre15_NStem	NStem_NStem_NStem_NStem	NPrePre15_BPre15_NStem	NStem_NStem_NStem_NStem
u_ku_bamb_a	NPrePre15_BPre15_VRoot_VerbTerm	NStem_VRoot_VRoot_NStem	NPrePre15_BPre15_VRoot_VerbTerm	NStem_NStem_NStem_NStem
i_qhaz_a	NPrePre5_BPre5_NStem	NStem_NStem_NStem	NPrePre5_BPre5_NStem	NStem_NStem_NStem
kwa_ba_hlali	PossConc15_NStem	NStem_NStem_NStem	PossConc15_NStem	NStem_NStem_NStem
kw_iwadi	PossConc15_NPrePre5_NStem	NStem_NStem	PossConc15_NPrePre5_NStem	NStem_NStem
e_ku_thath_e_ni	LocPre_BPre15_VRoot_VerbTerm_LocSuf	VRoot_NStem_VRoot_VRoot_VRoot	LocPre_BPre15_VRoot_VerbTerm_LocSuf	VRoot_VRoot_VRoot_VRoot_VRoot
i_si_n_qumo	NPrePre7_BPre7_BPre9_NStem	NStem_NStem_NStem_NStem	NPrePre7_BPre7_BPre9_NStem	VRoot_NStem_NStem_NStem
se_n_tando	PossConc7_NPrePre9_BPre9_NStem	NStem_NStem_NStem	PossConc7_NPrePre9_BPre9_NStem	NStem_NStem_NStem
ye_ningi	PossConc9_NPrePre9_BPre9_NStem	NStem_NStem	PossConc9_NPrePre9_BPre9_NStem	NStem_NStem
u_kuze	Conj	NStem_NStem	Conj	NStem_NStem
ba_be	SC2_AuxVStem	PUNC_PUNC	SC2_AuxVStem	PUNC_Conj
no_m_thelel_a	AdvPre_NPrePre3_BPre3_NStem	NStem_NStem_NStem_NStem	AdvPre_NPrePre3_BPre3_NStem	NStem_NStem_NStem_NStem
i_zin_dabe_ni	NPrePre10_BPre10_NStem_LocSuf	NStem_NStem_NStem_NStem	NPrePre10_BPre10_NStem_LocSuf	NStem_NStem_NStem_NStem
aba_bhek_an_a	RelConc2_VRoot_RecipExt_VerbTerm	NStem_NStem_NStem_NStem	RelConc2_VRoot_RecipExt_VerbTerm	NStem_NStem_NStem_NStem
na_zo	AdvPre_PronStem8	PUNC_PUNC	AdvPre_PronStem8	PUNC_PUNC
u_suku	NPrePre11_BPre11_NStem	PUNC_PUNC	NPrePre11_BPre11_NStem	PUNC_PUNC
no_suku	AdvPre_NPrePre11_BPre11_NStem	PUNC_PUNC	AdvPre_NPrePre11_BPre11_NStem	PUNC_PUNC
ezi_m_pilw_eni	RelConc8_BPre3_NStem_LocSuf	VRoot_VRoot_VRoot_VRoot	RelConc8_BPre3_NStem_LocSuf	VRoot_VRoot_VRoot_VRoot
za_bo	PossConc10_PronStem2	PUNC_PUNC	PossConc10_PronStem2	PUNC_PUNC
.	Punc	PUNC	Punc	PUNC
Ku_lesi	LocPre_Dem7_Pos1	NStem_NStem	LocPre_Dem7_Pos1	NStem_NStem
si_gaba	BPre7_NStem	PUNC_PUNC	BPre7_NStem	PUNC_PUNC
u_m_lamuli	NPrePre1_BPre1_NStem	NStem_VRoot_VRoot	NPrePre1_BPre1_NStem	NStem_PUNC_NStem
u_biz_a	SC1_VRoot_VerbTerm	NStem_NStem_NStem	SC1_VRoot_VerbTerm	NStem_NStem_NStem
i_qembu	NPrePre5_NStem	NStem_NStem	NPrePre5_NStem	PUNC_PUNC
eli_mel_e	RelConc5_VRoot_VerbTerm	NStem_NStem_NStem	RelConc5_VRoot_VerbTerm	NStem_NStem_NStem
i_zi_mfuno	NPrePre8_BPre8_NStem	NStem_NStem_NStem	NPrePre8_BPre8_NStem	NStem_NStem_NStem
nga_li_nye	AdvPre_BPre5_AdjStem	NStem_NStem_NStem	AdvPre_BPre5_AdjStem	NStem_NStem_NStem
u_ku_b_a	Conj	NStem_NStem_NStem_NStem	Conj	NStem_NStem_NStem_NStem
li_bek_e	SC5_VRoot_VerbTerm	NStem_NStem_NStem	SC5_VRoot_VerbTerm	NStem_NStem_NStem
i_n_gxenye	NPrePre9_NStem	NStem_NStem_NStem	NPrePre9_NStem	NStem_NStem_NStem
ya_lo	PossConc9_PronStem5	PUNC_PUNC	PossConc9_PronStem5	Conj_PUNC
yo_daba	PossConc9_NPrePre11_NStem	PUNC_PUNC	PossConc9_NPrePre11_NStem	PUNC_PUNC
.	Punc	PUNC	Punc	PUNC
I_thimba	BPre5_NStem	NStem_NStem	BPre5_NStem	NStem_NStem
la_ba_gqugquzeli	PossConc5_NPrePre2_BPre2_NStem	VRoot_VRoot_VRoot	PossConc5_NPrePre2_BPre2_NStem	VRoot_VRoot_VRoot
ku_mel_e	SC15_VRoot_VerbTerm	NStem_NStem_NStem	SC15_VRoot_VerbTerm	NStem_NStem_NStem
li_hlanganis_e	SC5_VRoot_VerbTerm	NStem_NStem_NStem	SC5_VRoot_VerbTerm	NStem_NStem_NStem
na_ma_khansela	AdvPre_NPrePre6_BPre6_NStem	NStem_NStem_NStem	AdvPre_NPrePre6_BPre6_NStem	PUNC_PUNC_PUNC
e_n_dawo	LocPre_BPre9_NStem	NStem_NStem_NStem	LocPre_BPre9_NStem	NStem_NStem_NStem
,	Punc	PUNC	Punc	PUNC
a_ma_nye	AdjPref6_AdjStem	NStem_NStem_NStem	AdjPref6_AdjStem	NStem_NStem_NStem
a_ma_lungu	NPrePre6_BPre6_NStem	NStem_NStem_NStem	NPrePre6_BPre6_NStem	NStem_NStem_NStem
e_komidi	PossConc6_NStem	NStem_NStem	PossConc6_NStem	NStem_NStem
le_si_gceme	PossConc5_NPrePre7_BPre7_NStem	NStem_NStem_NStem	PossConc5_NPrePre7_BPre7_NStem	NStem_NStem_NStem
,	Punc	PUNC	Punc	PUNC
ka_nye	AdvPre_AdjStem	PUNC_PUNC	AdvPre_AdjStem	PUNC_PUNC
no_chwepeshe	AdvPre_NPrePre2a_NStem	NStem_NStem	AdvPre_NPrePre2a_NStem	NStem_NStem
aba_nga_siz_a	RelConc1_Pot_VRoot_VerbTerm	NStem_NStem_NStem_NStem	RelConc1_Pot_VRoot_VerbTerm	NStem_NStem_NStem_NStem
kw_i_n_qubo	LocPre_NPrePre9_BPre9_NStem	NStem_NStem_NStem_NStem	LocPre_NPrePre9_BPre9_NStem	NStem_NStem_NStem_NStem
yo_ku_hlel_a	PossConc9_BPre15_VRoot_VerbTerm	NStem_NStem_NStem_NStem	PossConc9_BPre15_VRoot_VerbTerm	NStem_NStem_NStem_NStem
.	Punc	PUNC	Punc	PUNC
Lokhu	Dem15_Pos1	PUNC	Dem15_Pos1	PUNC
ku_mel_e	SC15_VRoot_VerbTerm	NStem_NStem_NStem	SC15_VRoot_VerbTerm	NStem_NStem_NStem
ku_vunyel_w_ane	SC15_VRoot_ApplExt_PassExt_RecipExt_VerbTerm	VRoot_VRoot_VRoot_VRoot	SC15_VRoot_ApplExt_PassExt_RecipExt_VerbTerm	VRoot_VRoot_VRoot_VRoot
ngakho	Adv	PUNC	Adv	PUNC
esi_gabe_ni	LocPre_BPre7_NStem_LocSuf	NStem_NStem_NStem	LocPre_BPre7_NStem_LocSuf	NStem_NStem_NStem
so_ku_lungis_elel_a	PossConc7_NPrePre15_BPre15_VRoot_IntensExt_VerbTerm	VRoot_VRoot_VRoot_VRoot_VRoot	PossConc7_NPrePre15_BPre15_VRoot_IntensExt_VerbTerm	VRoot_VRoot_VRoot_VRoot_VRoot
u_ku_hlel_a	NPrePre15_BPre15_VRoot_VerbTerm	NStem_NStem_NStem_NStem	NPrePre15_BPre15_VRoot_VerbTerm	NStem_NStem_NStem_NStem
be_se	SC2_AuxVStem	PUNC_PUNC	SC2_AuxVStem	PUNC_PUNC
kwa_mukel_w_a	SC15_VRoot_PassExt_VerbTerm	NStem_NStem_NStem_NStem	SC15_VRoot_PassExt_VerbTerm	VRoot_NStem_NStem_VRoot
e_m_hlanganw_eni	LocPre_BPre3_NStem_LocSuf	VRoot_VRoot_VRoot_VRoot	LocPre_BPre3_NStem_LocSuf	VRoot_VRoot_VRoot_VRoot
wo_m_phakathi	PossConc3_NPrePre3_BPre3_Adv	NStem_NStem_NStem	PossConc3_NPrePre3_BPre3_Adv	NStem_NStem_NStem
.	Punc	PUNC	Punc	PUNC
I_thimba	BPre5_NStem	NStem_NStem	BPre5_NStem	NStem_NStem
la_ba_gqugquzeli	PossConc5_NPrePre2_BPre2_NStem	VRoot_VRoot_VRoot	PossConc5_NPrePre2_BPre2_NStem	VRoot_VRoot_VRoot
ku_mel_e	SC15_VRoot_VerbTerm	NStem_NStem_NStem	SC15_VRoot_VerbTerm	NStem_NStem_NStem
li_hlanganis_e	SC5_VRoot_VerbTerm	NStem_NStem_NStem	SC5_VRoot_VerbTerm	NStem_NStem_NStem
a_ma_lungu	NPrePre6_BPre6_NStem	NStem_NStem_NStem	NPrePre6_BPre6_NStem	NStem_NStem_NStem
e_komidi	PossConc6_NStem	NStem_NStem	PossConc6_NStem	NStem_NStem
le_si_gceme	PossConc5_NPrePre7_BPre7_NStem	NStem_NStem_NStem	PossConc5_NPrePre7_BPre7_NStem	NStem_NStem_NStem
ngo_bu_ningi	AdvPre_NPrePre14_BPre14_AdjStem	NStem_NStem_NStem	AdvPre_NPrePre14_BPre14_AdjStem	NStem_NStem_NStem
ba_wo	PossConc2_PronStem6	PUNC_PUNC	PossConc2_PronStem6	PUNC_PUNC
nga_ngo_ku_s_e_mandle_ni	AdvPre_RelConc15_PreLoc-s_LocPre_BPre6_NStem_LocSuf	VRoot_VRoot_VRoot_VRoot_VRoot_VRoot_VRoot	AdvPre_RelConc15_PreLoc-s_LocPre_BPre6_NStem_LocSuf	VRoot_VRoot_VRoot_VRoot_VRoot_VRoot_VRoot
.	Punc	PUNC	Punc	PUNC
Oku_nge_nani	RelConc15_AdvPre_NPrePre5_RelStem	NStem_NStem_NStem	RelConc15_AdvPre_NPrePre5_RelStem	NStem_NStem_NStem
a_ma_lungu	NPrePre6_BPre6_NStem	NStem_NStem_NStem	NPrePre6_BPre6_NStem	NStem_NStem_NStem
e_komidi	PossConc6_NStem	NStem_NStem	PossConc6_NStem	NStem_NStem
le_si_gceme	PossConc5_NPrePre7_BPre7_NStem	NStem_NStem_NStem	PossConc5_NPrePre7_BPre7_NStem	NStem_NStem_NStem
ku_mel_e	SC15_VRoot_VerbTerm	NStem_NStem_NStem	SC15_VRoot_VerbTerm	NStem_NStem_NStem
a_hlal_e	SC6_VRoot_VerbTerm	NStem_NStem_NStem	SC6_VRoot_VerbTerm	NStem_PUNC_PUNC
e_khona	RelConc9_Adv	NStem_NStem	RelConc9_Adv	NStem_NStem
ku_lo	LocPre_Dem3_Pos1	PUNC_PUNC	LocPre_Dem3_Pos1	PUNC_PUNC
lo_nke	QuantConc5_QuantStem	NStem_NStem	QuantConc5_QuantStem	NStem_NStem
i_sonto	BPre5_NStem	NStem_NStem	BPre5_NStem	NStem_NStem
lo_ku_hlel_a	PossConc5_NPrePre15_SC15_VRoot_VerbTerm	NStem_NStem_NStem_NStem	PossConc5_NPrePre15_SC15_VRoot_VerbTerm	NStem_NStem_NStem_NStem
,	Punc	PUNC	Punc	PUNC
aba_nye	AdjPref2_AdjStem	PUNC_PUNC	AdjPref2_AdjStem	PUNC_PUNC
bo_na	PronStem2_PronSuf	Conj_Conj	PronStem2_PronSuf	PUNC_PUNC
ba_nga_fik_a	SC2_Pot_VRoot_VerbTerm	NStem_NStem_NStem_NStem	SC2_Pot_VRoot_VerbTerm	NStem_NStem_NStem_NStem
u_ma	Conj	PUNC_PUNC	Conj	PUNC_PUNC
ku_no_kw_enz_ek_a	SC15_AdvPre_SC15_VRoot_PassExt_VerbTerm	VRoot_VRoot_VRoot_VRoot_VRoot_VRoot	SC15_AdvPre_SC15_VRoot_PassExt_VerbTerm	VRoot_VRoot_VRoot_VRoot_VRoot_VRoot
.	Punc	PUNC	Punc	PUNC
Lokhu	Dem15_Pos1	PUNC	Dem15_Pos1	PUNC
ku_sh_o	SC15_VRoot_VerbTerm	NStem_NStem_NStem	SC15_VRoot_VerbTerm	NStem_NStem_NStem
u_kuth_i	Conj	NStem_NStem_NStem	Conj	NStem_NStem_NStem
oku_nge_nani	RelConc15_AdvPre_NPrePre5_NStem	NStem_NStem_NStem	RelConc15_AdvPre_NPrePre5_NStem	NStem_NStem_NStem
a_ma_qembu	NPrePre6_BPre6_NStem	NStem_NStem_NStem	NPrePre6_BPre6_NStem	NStem_NStem_NStem
a_ma_thathu	AdjPref6_AdjStem	NStem_NStem_NStem	AdjPref6_AdjStem	NStem_NStem_NStem
a_nga_gqugquzel_w_a	SC6_Pot_VRoot_PassExt_VerbTerm	VRoot_VRoot_VRoot_VRoot_VRoot	SC6_Pot_VRoot_PassExt_VerbTerm	VRoot_VRoot_VRoot_VRoot_VRoot
nga_si_khathi	AdvPre_NPrePre7_BPre7_NStem	NStem_NStem_NStem	AdvPre_NPrePre7_BPre7_NStem	NStem_NStem_NStem
si_nye	AdjPref7_AdjStem	PUNC_PUNC	AdjPref7_AdjStem	PUNC_PUNC
.	Punc	PUNC	Punc	PUNC
Esi_me_ni	LocPre_BPre7_NStem_LocSuf	NStem_NStem_NStem	LocPre_BPre7_NStem_LocSuf	NStem_NStem_NStem
esi_hle	AdjPref7_AdjStem	NStem_NStem	AdjPref7_AdjStem	NStem_NStem
lelo	Dem5_Pos2	PUNC	Dem5_Pos2	PUNC
na_lelo	AdvPre_Dem5_Pos2	NStem_NStem	AdvPre_Dem5_Pos2	NStem_NStem
qembu	NStem	PUNC	NStem	PUNC
ku_mel_e	SC15_VRoot_VerbTerm	NStem_NStem_NStem	SC15_VRoot_VerbTerm	NStem_NStem_NStem
li_b_e	SC5_AuxVStem	NStem_NStem_NStem	SC5_AuxVStem	NStem_NStem_NStem
no_m_gqugquzeli	AdvPre_NPrePre1_BPre1_NStem	VRoot_VRoot_VRoot	AdvPre_NPrePre1_BPre1_NStem	NStem_VRoot_VRoot
ka_nye	AdvPre_AdjStem	PUNC_PUNC	AdvPre_AdjStem	PUNC_PUNC
no_mu_ntu	AdvPre_NPrePre1_BPre1_NStem	NStem_NStem_NStem	AdvPre_NPrePre1_BPre1_NStem	NStem_NStem_NStem
o_zi_nikel_e	RelConc1_ReflPre_VRoot_VerbTerm	NStem_NStem_NStem_NStem	RelConc1_ReflPre_VRoot_VerbTerm	NStem_NStem_NStem_NStem
e_ku_bhalw_eni	LocPre_SC15_VRoot_PassExt_VerbTerm_LocSuf	VRoot_VRoot_VRoot_VRoot	LocPre_SC15_VRoot_PassExt_VerbTerm_LocSuf	VRoot_VRoot_VRoot_VRoot
kwa_le	PossConc9_Dem9_Pos1	PUNC_PUNC	PossConc9_Dem9_Pos1	PUNC_PUNC
n_qubo	BPre9_NStem	NStem_NStem	BPre9_NStem	NStem_NStem
.	Punc	PUNC	Punc	PUNC
A_qinis_ek_is_a	SC6_VRoot_CausExt_VerbTerm	VRoot_VRoot_VRoot_VRoot_VRoot	SC6_VRoot_CausExt_VerbTerm	VRoot_VRoot_VRoot_VRoot_VRoot
u_ku_bamb_a	NPrePre15_BPre15_VRoot_VerbTerm	VRoot_NStem_NStem_NStem	NPrePre15_BPre15_VRoot_VerbTerm	NStem_NStem_NStem_NStem
i_qhaz_a	NPrePre5_BPre5_NStem	NStem_NStem_NStem	NPrePre5_BPre5_NStem	NStem_NStem_NStem
ko_m_phakathi	PossConc15_NPrePre3_BPre3_NStem	NStem_NStem_NStem	PossConc15_NPrePre3_BPre3_NStem	NStem_NStem_NStem
nge_n_dlel_a	AdvPre_NPrePre9_BPre9_NStem	NStem_NStem_NStem_NStem	AdvPre_NPrePre9_BPre9_NStem	VRoot_VRoot_NStem_NStem
ye_zin_kulumompikiswano	PossConc9_NStem	VRoot_VRoot_VRoot	PossConc9_NStem	VRoot_VRoot_VRoot
zo_m_phakathi	PossConc10_NPrePre3_BPre3_NStem	NStem_NStem_NStem	PossConc10_NPrePre3_BPre3_NStem	NStem_NStem_NStem
mayela_na	NStem_DimSuf	NStem_NStem	NStem_DimSuf	NStem_NStem
ne_zin_dlel_a	AdvPre_NPrePre10_BPre10_NStem	NStem_NStem_NStem_NStem	AdvPre_NPrePre10_BPre10_NStem	NStem_NStem_NStem_NStem
ezi_lung_il_e	RelConc8_Intrans_Perf	NStem_NStem_NStem_NStem	RelConc8_Intrans_Perf	NStem_NStem_NStem_NStem
zo_ku_xazulul_w_a	PossConc8_BPre15_VRoot_PassExt_VerbTerm	VRoot_VRoot_VRoot_VRoot_VRoot	PossConc8_BPre15_VRoot_PassExt_VerbTerm	VRoot_VRoot_VRoot_VRoot_VRoot
kwe_zin_kinga	PossConc15_NPrePre10_BPre10_NStem	NStem_NStem_NStem	PossConc15_NPrePre10_BPre10_NStem	NStem_NStem_NStem
.	Punc	PUNC	Punc	PUNC
U_m_lamuli	NPrePre1_BPre1_NStem	NStem_NStem_NStem	NPrePre1_BPre1_NStem	NStem_NStem_NStem
u_vum_el_a	SC1_VRoot_ApplExt_VerbTerm	NStem_NStem_NStem_NStem	SC1_VRoot_ApplExt_VerbTerm	NStem_NStem_VRoot_NStem
u_hlangothi	NPrePre11_NStem	NStem_NStem	NPrePre11_NStem	NStem_NStem
nga_lu_nye	AdvPre_BPre11_AdjStem	NStem_NStem_NStem	AdvPre_BPre11_AdjStem	NStem_NStem_NStem
u_ku_b_a	Conj	NStem_NStem_NStem_NStem	Conj	NStem_NStem_NStem_NStem
lu_chaz_e	SC11_VRoot_VerbTerm	NStem_NStem_NStem	SC11_VRoot_VerbTerm	NStem_NStem_NStem
i_si_mo	NPrePre7_BPre7_NStem	NStem_NStem_NStem	NPrePre7_BPre7_NStem	NStem_NStem_NStem
sa_lo	PossConc7_PronStem11	PUNC_PUNC	PossConc7_PronStem11	Conj_PUNC
futh_i	Conj	NStem_NStem	Conj	NStem_NStem
lu_sekel_e	SC11_VRoot_VerbTerm	NStem_NStem_NStem	SC11_VRoot_VerbTerm	NStem_NStem_NStem
i_si_celo	NPrePre7_BPre7_NStem	NStem_NStem_NStem	NPrePre7_BPre7_NStem	NStem_NStem_NStem
sa_lo	PossConc7_PronStem11	PUNC_PUNC	PossConc7_PronStem11	PUNC_PUNC
.	Punc	PUNC	Punc	PUNC
U_m_lamuli	NPrePre1_BPre1_NStem	NStem_NStem_NStem	NPrePre1_BPre1_NStem	NStem_NStem_NStem
u_bhal_a	SC1_VRoot_VerbTerm	NStem_NStem_NStem	SC1_VRoot_VerbTerm	NStem_NStem_NStem
phansi	Adv	NStem	Adv	NStem
yo_nke	QuantConc4_QuantStem	NStem_NStem	QuantConc4_QuantStem	NStem_NStem
i_mi_niningwane	NPrePre4_BPre4_NStem	NStem_NStem_NStem	NPrePre4_BPre4_NStem	NStem_NStem_NStem
futh_i	Conj	NStem_NStem	Conj	NStem_NStem
a_yi_bek_e	SC6_OC4_VRoot_VerbTerm	NStem_NStem_NStem_NStem	SC6_OC4_VRoot_VerbTerm	NStem_NStem_NStem_NStem
nga_ma_gama	AdvPre_NPrePre6_BPre6_NStem	NStem_NStem_NStem	AdvPre_NPrePre6_BPre6_NStem	NStem_NStem_NStem
e_zw_akal_a_yo	RelConc6_VRoot_NeutExt_VerbTerm_RelSuf	VRoot_VRoot_VRoot_VRoot_VRoot	RelConc6_VRoot_NeutExt_VerbTerm_RelSuf	VRoot_VRoot_VRoot_VRoot_VRoot
o_hlangoth_ini	LocPre_NStem_LocSuf	NStem_NStem_NStem	LocPre_NStem_LocSuf	VRoot_NStem_VRoot
nga_lu_nye	AdvPre_BPre11_AdjStem	NStem_NStem_NStem	AdvPre_BPre11_AdjStem	NStem_NStem_NStem
u_kuze	Conj	NStem_NStem	Conj	NStem_NStem
a_qinis_ek_is_e	SC6_VRoot_CausExt_VerbTerm	VRoot_VRoot_VRoot_VRoot_VRoot	SC6_VRoot_CausExt_VerbTerm	VRoot_VRoot_VRoot_VRoot_VRoot
u_kuth_i	Conj	NStem_NStem_NStem	Conj	NStem_NStem_NStem
u_ku_zwi_sis_ile	NPrePre15_BPre15_VRoot_IntensExt_Perf_VerbTerm	VRoot_VRoot_NStem_NStem_NStem	NPrePre15_BPre15_VRoot_IntensExt_Perf_VerbTerm	VRoot_VRoot_VRoot_VRoot_VRoot
oku_sh_iwo	RelConc15_VRoot_PassExt_VerbTerm	NStem_NStem_NStem	RelConc15_VRoot_PassExt_VerbTerm	NStem_NStem_NStem
.	Punc	PUNC	Punc	PUNC
Lokhu	Dem15_Pos1	PUNC	Dem15_Pos1	PUNC
futh_i	Conj	NStem_NStem	Conj	NStem_NStem
ku_siz_a	SC15_VRoot_VerbTerm	NStem_NStem_NStem	SC15_VRoot_VerbTerm	NStem_NStem_NStem
olu_nye	AdjPref11_AdjStem	PUNC_PUNC	AdjPref11_AdjStem	PUNC_PUNC
u_hlangothi	NPrePre11_NStem	NStem_NStem	NPrePre11_NStem	NStem_NStem
u_ku_b_a	Conj	NStem_NStem_NStem_NStem	Conj	NStem_NStem_NStem_NStem
lu_cac_is_e	SC11_VRoot_CausExt_VerbTerm	NStem_NStem_NStem_NStem	SC11_VRoot_CausExt_VerbTerm	NStem_NStem_VRoot_VRoot
a_ma_phuzu	NPrePre6_BPre6_NStem	NStem_NStem_NStem	NPrePre6_BPre6_NStem	NStem_NStem_NStem
a_nge_zw_akalanga	SC6_NegPre_VRoot_NeutExt_VerbTerm_NegPre	VRoot_VRoot_VRoot_VRoot	SC6_NegPre_VRoot_NeutExt_VerbTerm_NegPre	VRoot_VRoot_VRoot_VRoot
kolu_nye	BPre15_AdjPref11_AdjStem	NStem_NStem	BPre15_AdjPref11_AdjStem	NStem_NStem
u_hlangothi	NPrePre11_NStem	NStem_NStem	NPrePre11_NStem	NStem_NStem
.	Punc	PUNC	Punc	PUNC
U_m_lamuli	NPrePre1_BPre1_NStem	NStem_NStem_NStem	NPrePre1_BPre1_NStem	VRoot_NStem_VRoot
u_qoq_el_a	SC1_VRoot_ApplExt_VerbTerm	VRoot_VRoot_VRoot_NStem	SC1_VRoot_ApplExt_VerbTerm	NStem_NStem_NStem_NStem
n_dawonye	BPre9_NStem	NStem_NStem	BPre9_NStem	NStem_NStem
zo_nke	QuantConc8_QuantStem	NStem_NStem	QuantConc8_QuantStem	NStem_PUNC
i_zi_mo	NPrePre8_BPre8_NStem	NStem_NStem_NStem	NPrePre8_BPre8_NStem	NStem_NStem_NStem
.	Punc	PUNC	Punc	PUNC
E_ngqungquth_el_e_ni	LocPre_VRoot_VerbTerm_LocSuf	VRoot_VRoot_VRoot_VRoot_VRoot	LocPre_VRoot_VerbTerm_LocSuf	VRoot_VRoot_VRoot_VRoot_VRoot
e_biz_w_a	RelConc9_VRoot_PassExt_VerbTerm	NStem_NStem_NStem_NStem	RelConc9_VRoot_PassExt_VerbTerm	NStem_NStem_NStem_NStem
nge__	AdvPre	Conj	AdvPre	Conj
Mi_llennium	NStem	PUNC_NStem	NStem	NStem_NStem
Summi_t	Foreign	NStem_NStem	Foreign	NStem_NStem
ku_Se_pthemb_a	AdvPre_NStem	VRoot_VRoot_NStem_NStem	AdvPre_NStem	VRoot_VRoot_VRoot_VRoot
2000	Num	Conj	Num	Conj
,	Punc	PUNC	Punc	PUNC
wo_nke	QuantConc3_QuantStem	NStem_NStem	QuantConc3_QuantStem	NStem_NStem
a_ma_zwe	NPrePre6_BPre6_NStem	NStem_NStem_NStem	NPrePre6_BPre6_NStem	NStem_NStem_NStem
a_nga_phansi	RelConc6_AdvPre_Adv	NStem_NStem_NStem	RelConc6_AdvPre_Adv	VRoot_NStem_NStem
kwe_Nhlangano	PossConc15_NPrePre9_BPre9_NStem	NStem_NStem	PossConc15_NPrePre9_BPre9_NStem	NStem_NStem
Yezi_zwe	PossConc9_NPrePre8_BPre8_NStem	NStem_NStem	PossConc9_NPrePre8_BPre8_NStem	NStem_NStem
a_phinda	SC6_VRoot_VerbTerm	NStem_NStem	SC6_VRoot_VerbTerm	NStem_NStem
a_zi_bophezel_a	SC6_ReflPre_VRoot_ApplExt_VerbTerm	VRoot_VRoot_VRoot_VRoot	SC6_ReflPre_VRoot_ApplExt_VerbTerm	VRoot_VRoot_VRoot_VRoot
e_n_tuthukw_eni	LocPre_NStem_LocSuf	VRoot_VRoot_VRoot_VRoot	LocPre_NStem_LocSuf	VRoot_VRoot_VRoot_VRoot
esimem_e	RelConc9_VRoot_Perf_VerbTerm	NStem_NStem	RelConc9_VRoot_Perf_VerbTerm	NStem_NStem
na_s_e_ku_qed_w_eni	AdvPre_PreLoc-s_LocPre_BPre15_VRoot_PassExt_VerbTerm_LocSuf	VRoot_VRoot_VRoot_VRoot_VRoot_VRoot_VRoot	AdvPre_PreLoc-s_LocPre_BPre15_VRoot_PassExt_VerbTerm_LocSuf	VRoot_VRoot_VRoot_VRoot_VRoot_VRoot_VRoot
ko_bu_phofu	PossConc15_NPrePre14_BPre14_NStem	NStem_NStem_NStem	PossConc15_NPrePre14_BPre14_NStem	NStem_NStem_NStem
ngo_kwa_mukel_a	AdvPre_NPrePre15_BPre15_VRoot_VerbTerm	NStem_NStem_NStem_NStem	AdvPre_NPrePre15_BPre15_VRoot_VerbTerm	NStem_NStem_NStem_NStem
i_simemezelo	NPrePre7_BPre7_NStem	NStem_NStem	NPrePre7_BPre7_NStem	NStem_NStem
i__M_i_llennium	NPrePre9_Foreign	VRoot_VRoot_VRoot_VRoot	NPrePre9_Foreign	VRoot_VRoot_VRoot_VRoot
Declaration	NStem	PUNC	NStem	PUNC
.	Punc	Conj	Punc	PUNC
E_mi_phakath_ini	LocPre_NPrePre4_BPre4_NStem_LocSuf	VRoot_VRoot_VRoot_VRoot	LocPre_NPrePre4_BPre4_NStem_LocSuf	VRoot_VRoot_VRoot_VRoot
ezi_biz_w_a	RelConc8_VRoot_PassExt_VerbTerm	NStem_NStem_NStem_NStem	RelConc8_VRoot_PassExt_VerbTerm	NStem_NStem_NStem_NStem
nge__M_i_llennium	AdvPre_NPrePre9_NStem	VRoot_VRoot_VRoot_VRoot	AdvPre_NPrePre9_NStem	VRoot_VRoot_NStem_VRoot
Development	Foreign	Conj	Foreign	Conj
Goals	Foreign	PUNC	Foreign	PUNC
(	Punc	Conj	Punc	PUNC
MDGS	Abbr	PUNC	Abbr	PUNC
)	Punc	Conj	Punc	Conj
zi_y_i_n_kombandlel_a	BPre8_CopPre_NPrePre9_BPre9_NStem	NStem_NStem_NStem_NStem_NStem_NStem	BPre8_CopPre_NPrePre9_BPre9_NStem	NStem_NStem_VRoot_NStem_NStem_VRoot
yo_ku_hlangabez_an_a	PossConc9_NPrePre15_BPre15_VRoot_RecipExt_VerbTerm	VRoot_VRoot_VRoot_VRoot_VRoot	PossConc9_NPrePre15_BPre15_VRoot_RecipExt_VerbTerm	VRoot_VRoot_VRoot_VRoot_VRoot
ne_zi_bopho	AdvPre_NPrePre8_BPre8_NStem	NStem_NStem_NStem	AdvPre_NPrePre8_BPre8_NStem	NStem_NStem_NStem
ze__M_i_llennium	PossConc8_NPrePre9_NStem	VRoot_VRoot_VRoot_VRoot	PossConc8_NPrePre9_NStem	VRoot_VRoot_VRoot_VRoot
Declaration	NStem	PUNC	NStem	PUNC
.	Punc	PUNC	Punc	PUNC
A_ma_fomu	NPrePre6_BPre6_NStem	NStem_NStem_NStem	NPrePre6_BPre6_NStem	NStem_NStem_NStem
a_s_e_ma_khasi_ni	RelConc6_PreLoc-s_LocPre_BPre6_NStem_LocSuf	VRoot_VRoot_VRoot_VRoot_VRoot_VRoot	RelConc6_PreLoc-s_LocPre_BPre6_NStem_LocSuf	VRoot_VRoot_VRoot_VRoot_VRoot_VRoot
a_mbalwa	RelConc6_RelStem	NStem_NStem	RelConc6_RelStem	NStem_NStem
a_landel_a_yo	RelConc6_VRoot_VerbTerm_RelSuf	NStem_NStem_NStem_NStem	RelConc6_VRoot_VerbTerm_RelSuf	NStem_NStem_NStem_NStem
a_yi_n_dlel_a	RelConc6_CopPre_BPre3_NStem	VRoot_VRoot_VRoot_VRoot_VRoot	RelConc6_CopPre_BPre3_NStem	VRoot_VRoot_VRoot_VRoot_VRoot
e_nhle	AdjPref9_AdjStem	NStem_NStem	AdjPref9_AdjStem	NStem_NStem
yo_ku_qal_a	PossConc9_NPrePre15_BPre15_VRoot_VerbTerm	NStem_NStem_NStem_NStem	PossConc9_NPrePre15_BPre15_VRoot_VerbTerm	NStem_NStem_NStem_NStem
u_ma	Conj	PUNC_PUNC	Conj	PUNC_PUNC
u_fun_a	SC1ps_VRoot_VerbTerm	NStem_NStem_NStem	SC1ps_VRoot_VerbTerm	NStem_NStem_NStem
u_kw_enz_a	NPrePre15_BPre15_VRoot_VerbTerm	NStem_NStem_VRoot_NStem	NPrePre15_BPre15_VRoot_VerbTerm	NStem_NStem_NStem_NStem
u_ku_hlol_w_a	NPrePre15_BPre15_VRoot_PassExt_VerbTerm	VRoot_VRoot_VRoot_VRoot_VRoot	NPrePre15_BPre15_VRoot_PassExt_VerbTerm	VRoot_VRoot_VRoot_VRoot_VRoot
kwe_zi_dingo	PossConc15_NPrePre8_BPre8_NStem	NStem_NStem_NStem	PossConc15_NPrePre8_BPre8_NStem	NStem_NStem_NStem
jikelel_e	Ideoph	NStem_NStem	Ideoph	NStem_NStem
.	Punc	PUNC	Punc	PUNC
Nge_si_khathi	AdvPre_NPrePre7_BPre7_NStem	NStem_NStem_NStem	AdvPre_NPrePre7_BPre7_NStem	NStem_NStem_NStem
u_gcwal_is_a	SC1ps_VRoot_CausExt_VerbTerm	NStem_NStem_NStem_NStem	SC1ps_VRoot_CausExt_VerbTerm	NStem_NStem_NStem_NStem
a_ma_fomu	NPrePre6_BPre6_NStem	NStem_NStem_NStem	NPrePre6_BPre6_NStem	NStem_NStem_NStem
u_zo_thol_a	SC1ps_Fut_VRoot_VerbTerm	NStem_NStem_NStem_NStem	SC1ps_Fut_VRoot_VerbTerm	NStem_NStem_NStem_NStem
um_qondo	NPrePre3_BPre3_NStem	NStem_NStem	NPrePre3_BPre3_NStem	NStem_NStem
we_zin_kinga	PossConc3_NPrePre10_BPre10_NStem	NStem_NStem_NStem	PossConc3_NPrePre10_BPre10_NStem	NStem_NStem_NStem
aba_ntu	NPrePre2_BPre2_NStem	NStem_NStem	NPrePre2_BPre2_NStem	NStem_NStem
be_si_fazane	PossConc2_NPrePre7_BPre7_NStem	NStem_NStem_NStem	PossConc2_NPrePre7_BPre7_NStem	NStem_NStem_NStem
aba_bhek_an_a	RelConc2_VRoot_RecipExt_VerbTerm	NStem_NStem_NStem_NStem	RelConc2_VRoot_RecipExt_VerbTerm	VRoot_NStem_NStem_VRoot
na_zo	AdvPre_PronStem8	PUNC_PUNC	AdvPre_PronStem8	PUNC_PUNC
e_n_dawe_ni	LocPre_BPre9_NStem_LocSuf	NStem_NStem_NStem_NStem	LocPre_BPre9_NStem_LocSuf	NStem_NStem_NStem_NStem
ya_ngakini	PossConc9_Adv	NStem_NStem	PossConc9_Adv	NStem_NStem
.	Punc	PUNC	Punc	PUNC
Uma	Conj	Conj	Conj	Conj
u_nga_z_az_i	SC1ps_NegPre_ReflPre_VRoot_VerbTerm	VRoot_NStem_VRoot_VRoot_VRoot	SC1ps_NegPre_ReflPre_VRoot_VerbTerm	NStem_NStem_VRoot_NStem_NStem
zo_nke	QuantConc8_QuantStem	NStem_NStem	QuantConc8_QuantStem	NStem_NStem
i_zi_m_pendulo	NPrePre10_BPre10_BPre3_NStem	NStem_NStem_NStem_NStem	NPrePre10_BPre10_BPre3_NStem	VRoot_VRoot_NStem_NStem
,	Punc	PUNC	Punc	PUNC
za_ma	VRoot_VerbTerm	PUNC_PUNC	VRoot_VerbTerm	PUNC_PUNC
u_ku_thol_a	NPrePre15_BPre15_VRoot_VerbTerm	VRoot_NStem_VRoot_NStem	NPrePre15_BPre15_VRoot_VerbTerm	NStem_NStem_NStem_NStem
u_lw_az_i	NPrePre11_BPre11_NStem	NStem_NStem_NStem_NStem	NPrePre11_BPre11_NStem	NStem_NStem_NStem_NStem
ku_masipala	LocPre_NStem	NStem_NStem	LocPre_NStem	NStem_NStem
,	Punc	PUNC	Punc	PUNC
e_m_tholampilo	LocPre_BPre2_NStem	NStem_VRoot_NStem	LocPre_BPre2_NStem	NStem_NStem_NStem
,	Punc	PUNC	Punc	PUNC
ezin_hlanganw_eni	LocPre_BPre10_NStem_LocSuf	NStem_NStem_NStem	LocPre_BPre10_NStem_LocSuf	VRoot_VRoot_VRoot
zo_m_phakathi	PossConc10_BPre3_Adv	NStem_NStem_NStem	PossConc10_BPre3_Adv	NStem_NStem_NStem
noma	Conj	Conj	Conj	Conj
ezi_khungw_eni	LocPre_BPre8_NStem_LocSuf	NStem_NStem_NStem	LocPre_BPre8_NStem_LocSuf	NStem_NStem_NStem
zi_ka_hulumeni	PossConc10_PossKA_NPrePre1a_NStem	NStem_NStem_NStem	PossConc10_PossKA_NPrePre1a_NStem	NStem_NStem_NStem
.	Punc	PUNC	Punc	PUNC
I_si_khungo	NPrePre7_BPre7_NStem	NStem_NStem_NStem	NPrePre7_BPre7_NStem	NStem_NStem_NStem
so_ku_bal_w_a	PossConc7_NPrePre15_BPre15_VRoot_PassExt_VerbTerm	NStem_NStem_NStem_NStem_NStem	PossConc7_NPrePre15_BPre15_VRoot_PassExt_VerbTerm	NStem_NStem_NStem_NStem_NStem
kwa_ba_ntu	PossConc15_NPrePre2_BPre2_NStem	NStem_NStem_NStem	PossConc15_NPrePre2_BPre2_NStem	NStem_NStem_NStem
si_nga_ba	SC7_Pot_AuxVStem	NStem_NStem_NStem	SC7_Pot_AuxVStem	PUNC_PUNC_PUNC
na_lo	AdvPre_Dem11_Pos1	PUNC_PUNC	AdvPre_Dem11_Pos1	PUNC_PUNC
u_lw_az_i	NPrePre11_BPre11_NStem	NStem_NStem_NStem_NStem	NPrePre11_BPre11_NStem	NStem_NStem_NStem_NStem
mayela_na	Adv	NStem_NStem	Adv	NStem_NStem
ne_zinga	AdvPre_NPrePre8_NStem	NStem_NStem	AdvPre_NPrePre8_NStem	PUNC_PUNC
lezo_mnotho	PossConc8_NPrePre5_PossConc3_NPrePre3_NStem	NStem_NStem	PossConc8_NPrePre5_PossConc3_NPrePre3_NStem	NStem_NStem
la_ba_ntu	PossConc5_NPrePre2_BPre2_NStem	NStem_NStem_NStem	PossConc5_NPrePre2_BPre2_NStem	NStem_NStem_NStem
be_n_dawo	PossConc2_NPrePre9_BPre9_NStem	NStem_NStem_NStem	PossConc2_NPrePre9_BPre9_NStem	NStem_NStem_NStem
ya_ngakini	PossConc9_Adv	NStem_NStem	PossConc9_Adv	NStem_NStem
.	Punc	PUNC	Punc	PUNC
I_phrojekthi	BPre5_NStem	NStem_NStem	BPre5_NStem	VRoot_NStem
nga_yi_nye	AdvPre_CopPre_EnumStem	NStem_NStem_NStem	AdvPre_CopPre_EnumStem	NStem_NStem_NStem
i_hluk_il_e	SC5_VRoot_Perf_VerbTerm	NStem_NStem_VRoot_NStem	SC5_VRoot_Perf_VerbTerm	NStem_NStem_NStem_NStem
futh_i	Conj	NStem_NStem	Conj	NStem_NStem
i_ne_zin_gqinamb_a	BPre9_AdvPre_NPrePre10_BPre10_NStem	VRoot_VRoot_VRoot_VRoot_VRoot	BPre9_AdvPre_NPrePre10_BPre10_NStem	VRoot_VRoot_VRoot_VRoot_VRoot
na_ma_phuzu	NPre6_NPrePre6_BPre6_NStem	NStem_NStem_NStem	NPre6_NPrePre6_BPre6_NStem	NStem_NStem_NStem
a_yo	PossConc6_PronStem9	PUNC_PUNC	PossConc6_PronStem9	NStem_NStem
oku_m_el_e	RelConc15_VRoot_ApplExt_VerbTerm	NStem_NStem_NStem_NStem	RelConc15_VRoot_ApplExt_VerbTerm	NStem_NStem_NStem_NStem
ku_catshang_w_e	LocPre_NStem	VRoot_VRoot_VRoot_VRoot	LocPre_NStem	VRoot_VRoot_VRoot_VRoot
nga_wo	AdvPre_PronStem6	PUNC_PUNC	AdvPre_PronStem6	PUNC_PUNC
.	Punc	PUNC	Punc	PUNC
Ngakho__ke	Adv	NStem_NStem	Adv	NStem_NStem
ku_ding_ek_a	SC15_VRoot_NeutExt_VerbTerm	NStem_NStem_NStem_NStem	SC15_VRoot_NeutExt_VerbTerm	NStem_NStem_NStem_NStem
u_hlelo	NPrePre11_BPre11_NStem	NStem_NStem	NPrePre11_BPre11_NStem	NStem_NStem
olu_hluk_il_e	Past_Intrans_Perf_VerbTerm	VRoot_VRoot_VRoot_VRoot	Past_Intrans_Perf_VerbTerm	NStem_NStem_NStem_NStem
kwe_zi_nye	PossConc15_AdjPref8_AdjStem	NStem_NStem_NStem	PossConc15_AdjPref8_AdjStem	NStem_NStem_NStem
lo_ku_qed_el_a	PossConc5_NPrePre15_Intrans_VerbTerm	VRoot_VRoot_VRoot_VRoot_VRoot	PossConc5_NPrePre15_Intrans_VerbTerm	VRoot_VRoot_VRoot_VRoot_VRoot
i_phrojekthi	BPre5_NStem	NStem_NStem	BPre5_NStem	NStem_NStem
nge_m_pumelelo	AdvPre_BPre3_NStem	NStem_NStem_NStem	AdvPre_BPre3_NStem	VRoot_NStem_NStem
.	Punc	PUNC	Punc	PUNC
Lo	Dem3_Pos1	PUNC	Dem3_Pos1	Conj
m_fanekiso	NStem	NStem_NStem	NStem	NStem_NStem
o_nge_zansi	RelConc3_AdvPre_NPrePre5_NStem	NStem_NStem_NStem	RelConc3_AdvPre_NPrePre5_NStem	NStem_VRoot_NStem
u_khomba	SC3_VRoot_VerbTerm	NStem_NStem	SC3_VRoot_VerbTerm	NStem_NStem
u_ku_hloban_a	NPrePre15_BPre15_VRoot_RecipExt_VerbTerm	VRoot_VRoot_VRoot_VRoot	NPrePre15_BPre15_VRoot_RecipExt_VerbTerm	VRoot_VRoot_VRoot_VRoot
oku_sondel_en_e	RelConc15_VRoot_RecipExt_Perf_VerbTerm	NStem_NStem_NStem_NStem	RelConc15_VRoot_RecipExt_Perf_VerbTerm	NStem_NStem_NStem_NStem
phakathi	Adv	PUNC	Adv	PUNC
ko_ku_kw_az_i	PossConc15_NPrePre15_BPre15_BPre15_NStem	NStem_NStem_NStem_NStem_NStem	PossConc15_NPrePre15_BPre15_BPre15_NStem	NStem_NStem_NStem_NStem_NStem
u_ku_sebenz_a	NPrePre15_BPre15_VRoot_VerbTerm	VRoot_VRoot_VRoot_VRoot	NPrePre15_BPre15_VRoot_VerbTerm	VRoot_VRoot_VRoot_VRoot
,	Punc	PUNC	Punc	PUNC
a_ma_thuba	NPrePre6_BPre6_NStem	NStem_NStem_NStem	NPrePre6_BPre6_NStem	NStem_NStem_NStem
ne_mi_sebenzi	AdvPre_NPrePre4_BPre4_NStem	NStem_NStem_NStem	AdvPre_NPrePre4_BPre4_NStem	NStem_NStem_NStem
e_m_phakath_ini	LocPre_BPre3_NStem_LocSuf	VRoot_VRoot_VRoot_VRoot	LocPre_BPre3_NStem_LocSuf	VRoot_VRoot_VRoot_VRoot
na_s_e_zi_mw_eni	AdvPre_PreLoc-s_LocPre_BPre10_NStem_LocSuf	VRoot_VRoot_VRoot_VRoot_VRoot_VRoot	AdvPre_PreLoc-s_LocPre_BPre10_NStem_LocSuf	VRoot_VRoot_VRoot_VRoot_VRoot_VRoot
zo_ku_phil_a	PossConc8_NPrePre15_BPre15_VRoot_VerbTerm	NStem_NStem_NStem_NStem	PossConc8_NPrePre15_BPre15_VRoot_VerbTerm	NStem_NStem_NStem_NStem
.	Punc	PUNC	Punc	PUNC
U_khomb_is_a	SC3_VRoot_CausExt_VerbTerm	NStem_NStem_NStem_NStem	SC3_VRoot_CausExt_VerbTerm	NStem_NStem_NStem_NStem
u_kuth_i	Conj	NStem_NStem_NStem	Conj	NStem_NStem_NStem
u_bu_holi	NPrePre14_BPre14_NStem	NStem_NStem_NStem	NPrePre14_BPre14_NStem	NStem_NStem_NStem
,	Punc	PUNC	Punc	PUNC
u_ku_b_a	Conj	NStem_NStem_NStem_NStem	Conj	NStem_NStem_NStem_NStem
y_i_s_akhamuzi	CopPre_NPrePre7_BPre7_NStem	VRoot_VRoot_VRoot_VRoot	CopPre_NPrePre7_BPre7_NStem	VRoot_VRoot_VRoot_VRoot
esi_sebenz_a	RelConc7_VRoot_VerbTerm	NStem_NStem_VRoot	RelConc7_VRoot_VerbTerm	NStem_NStem_NStem
ka_nzima	AdvPre_Adv	PUNC_PUNC	AdvPre_Adv	PUNC_PUNC
n_o_hulumeni	AdvPre_NPrePre1a_NStem	NStem_NStem_NStem	AdvPre_NPrePre1a_NStem	VRoot_NStem_VRoot
o_phumelel_a_yo	RelConc1_VRoot_VerbTerm_RelSuf	NStem_VRoot_NStem_VRoot	RelConc1_VRoot_VerbTerm_RelSuf	VRoot_VRoot_VRoot_VRoot
ku_nga_siz_a	SC15_Pot_VRoot_VerbTerm	NStem_NStem_NStem_NStem	SC15_Pot_VRoot_VerbTerm	NStem_NStem_NStem_NStem
u_ku_leth_a	NPrePre15_BPre15_VRoot_VerbTerm	NStem_NStem_NStem_NStem	NPrePre15_BPre15_VRoot_VerbTerm	NStem_NStem_NStem_NStem
i_ntuthuko	BPre9_NStem	NStem_NStem	BPre9_NStem	VRoot_VRoot
e_n_dawe_ni	LocPre_BPre9_NStem_LocSuf	NStem_NStem_NStem_NStem	LocPre_BPre9_NStem_LocSuf	NStem_NStem_NStem_NStem
e_no_m_phakathi	RelConc9_AdvPre_NPrePre3_BPre3_Adv	NStem_NStem_NStem_NStem	RelConc9_AdvPre_NPrePre3_BPre3_Adv	NStem_VRoot_NStem_NStem
o_xhumen_e	RelConc3_VRoot_Perf_VerbTerm	NStem_NStem_NStem	RelConc3_VRoot_Perf_VerbTerm	NStem_NStem_NStem
.	Punc	PUNC	Punc	PUNC
I_mi_hlahlandlel_a	NPrePre4_BPre4_NStem	VRoot_VRoot_VRoot_VRoot	NPrePre4_BPre4_NStem	VRoot_VRoot_VRoot_VRoot
:	Punc	Conj	Punc	Conj
I_n_qalasizinda	NPrePre9_BPre9_NStem	NStem_NStem_NStem	NPrePre9_BPre9_NStem	NStem_NStem_NStem
Evikel_ek_il_e	RelConc9_VRoot_NPas_Perf_VerbTerm	NStem_NStem_NStem_NStem	RelConc9_VRoot_NPas_Perf_VerbTerm	NStem_NStem_NStem_NStem
Ka_masipala	ExclNeg_NStem	NStem_NStem	ExclNeg_NStem	NStem_NStem
No_ku_hlinzek_w_a	AdvPre_BPre15_VRoot_NeutExt_PassExt_VerbTerm	VRoot_VRoot_VRoot_VRoot_VRoot	AdvPre_BPre15_VRoot_NeutExt_PassExt_VerbTerm	VRoot_VRoot_VRoot_VRoot_VRoot
Nge_zin_sizakalo	AdvPre_NPrePre10_BPre10_NStem	NStem_NStem_NStem	AdvPre_NPrePre10_BPre10_NStem	NStem_NStem_NStem
,	Punc	PUNC	Punc	PUNC
ka__1	ExclNeg_Num	PUNC_PUNC	ExclNeg_Num	PUNC_PUNC
E_preli	LocPre_NStem	NStem_NStem	LocPre_NStem	NStem_NStem
20_07	Num	PUNC_PUNC	Num	PUNC_PUNC
y_i_mi_hlahlandlel_a	CopPre_BPre4_NStem	VRoot_VRoot_VRoot_VRoot_VRoot	CopPre_BPre4_NStem	VRoot_VRoot_VRoot_VRoot_VRoot
e_y_enz_el_w_e	RelConc9_CopPre_VRoot_ApplExt_PassExt_VerbTerm	VRoot_VRoot_VRoot_VRoot_VRoot_VRoot	RelConc9_CopPre_VRoot_ApplExt_PassExt_VerbTerm	VRoot_VRoot_VRoot_VRoot_VRoot_VRoot
u_ku_siz_a	NPrePre15_BPre15_VRoot_VerbTerm	NStem_NStem_NStem_NStem	NPrePre15_BPre15_VRoot_VerbTerm	NStem_NStem_NStem_NStem
u_hulumeni	NPrePre1a_NStem	NStem_NStem	NPrePre1a_NStem	NStem_NStem
u_kw_enz_a	NPrePre15_BPre15_VRoot_VerbTerm	NStem_NStem_NStem_NStem	NPrePre15_BPre15_VRoot_VerbTerm	NStem_NStem_NStem_NStem
i_si_bopho	NPrePre7_BPre7_NStem	NStem_NStem_NStem	NPrePre7_BPre7_NStem	NStem_NStem_NStem
sa_wo	PossConc7_PronStem6	PUNC_PUNC	PossConc7_PronStem6	PUNC_PUNC
so_m_thethosisekelo	PossConc7_NPrePre3_BPre3_NStem	VRoot_VRoot_VRoot	PossConc7_NPrePre3_BPre3_NStem	VRoot_VRoot_VRoot
so_ku_leth_a	PossConc7_NPrePre15_Intrans_VerbTerm	NStem_NStem_NStem_NStem	PossConc7_NPrePre15_Intrans_VerbTerm	NStem_NStem_NStem_NStem
i_zin_sizakalo	NPrePre10_BPre10_NStem	NStem_VRoot_NStem	NPrePre10_BPre10_NStem	NStem_NStem_NStem
zansuku_zo_nke	PossConc8_NStem	VRoot_VRoot_VRoot	PossConc8_NStem	VRoot_VRoot_VRoot
.	Punc	PUNC	Punc	PUNC
Lokhu	Dem15_Pos1	PUNC	Dem15_Pos1	Conj
kw_enz_iw_a	SC15_VRoot_PassExt_VerbTerm	VRoot_VRoot_VRoot_NStem	SC15_VRoot_PassExt_VerbTerm	NStem_NStem_NStem_NStem
ne_qembu	AdvPre_NPrePre5_NStem	NStem_NStem	AdvPre_NPrePre5_NStem	NStem_NStem
lo_m_phakathi	PossConc5_NPrePre3_BPre3_Adv	NStem_NStem_NStem	PossConc5_NPrePre3_BPre3_Adv	NStem_NStem_NStem
eli_xub_il_e	RelConc5_VRoot_Perf_VerbTerm	NStem_VRoot_NStem_VRoot	RelConc5_VRoot_Perf_VerbTerm	NStem_NStem_NStem_NStem
ngo_ku_banzi	AdvPre_NPrePre15_BPre15_RelStem	NStem_NStem_NStem	AdvPre_NPrePre15_BPre15_RelStem	NStem_NStem_NStem
futh_i	Conj	NStem_NStem	Conj	NStem_NStem
ku_wu_hlobo	BPre15_CopPre_NPrePre11_NStem	NStem_NStem_NStem	BPre15_CopPre_NPrePre11_NStem	VRoot_VRoot_VRoot
olu_th_ile	RelConc11_VRoot_Perf	NStem_NStem_NStem	RelConc11_VRoot_Perf	NStem_NStem_NStem
lwa_ma_su	PossConc11_NPrePre6_BPre6_NStem	NStem_NStem_NStem	PossConc11_NPrePre6_BPre6_NStem	NStem_NStem_NStem
.	Punc	PUNC	Punc	PUNC
Ku_dons_a	SC15_VRoot_VerbTerm	NStem_NStem_NStem	SC15_VRoot_VerbTerm	NStem_NStem_NStem
a_ma_hora	NPrePre6_BPre6_NStem	NStem_NStem_NStem	NPrePre6_BPre6_NStem	NStem_NStem_NStem
a_ma_bili	AdjPref6_AdjStem	NStem_NStem_NStem	AdjPref6_AdjStem	NStem_NStem_PUNC
kanti	Conj	PUNC	Conj	PUNC
u_m_dwebo	NPrePre3_BPre3_NStem	NStem_NStem_NStem	NPrePre3_BPre3_NStem	VRoot_NStem_VRoot
u_setshenz_is_el_w_a	SC3_VRoot_CausExt_ApplExt_PassExt_VerbTerm	NStem_VRoot_VRoot_VRoot_VRoot_VRoot	SC3_VRoot_CausExt_ApplExt_PassExt_VerbTerm	VRoot_VRoot_VRoot_VRoot_VRoot_VRoot
u_ku_qed_el_a	NPrePre15_BPre15_VRoot_ApplExt_VerbTerm	VRoot_VRoot_VRoot_VRoot_VRoot	NPrePre15_BPre15_VRoot_ApplExt_VerbTerm	VRoot_VRoot_VRoot_VRoot_VRoot
I_khasi	NPrePre5_BPre5_NStem	NStem_NStem	NPrePre5_BPre5_NStem	NStem_NStem
lo_ku_hlaziy_a	PossConc5_NPrePre15_BPre15_VRoot_VerbTerm	VRoot_VRoot_VRoot_VRoot	PossConc5_NPrePre15_BPre15_VRoot_VerbTerm	VRoot_VRoot_VRoot_VRoot
.	Punc	PUNC	Punc	PUNC
A_ya_z_i	SC6_CopPre_VRoot_VerbTerm	NStem_NStem_NStem_NStem	SC6_CopPre_VRoot_VerbTerm	NStem_NStem_NStem_NStem
nge_ntuthuko	AdvPre_NPrePre9_BPre9_NStem	NStem_NStem	AdvPre_NPrePre9_BPre9_NStem	NStem_NStem
e_y_enz_ek_a	RelConc9_CopPre_VRoot_NeutExt_VerbTerm	VRoot_VRoot_VRoot_VRoot_VRoot	RelConc9_CopPre_VRoot_NeutExt_VerbTerm	VRoot_VRoot_VRoot_VRoot_VRoot
kwa_ba_nye	PossConc15_AdjPref2_AdjStem	NStem_NStem_NStem	PossConc15_AdjPref2_AdjStem	NStem_NStem_NStem
o_masipala	NPrePre2a_NStem	PUNC_PUNC	NPrePre2a_NStem	NStem_NStem
_	Punc		Punc	
a_fund_e	SC1_VRoot_VerbTerm	NStem_NStem_NStem	SC1_VRoot_VerbTerm	NStem_NStem_NStem
e_mi_bone_ni	RelConc9_BPre4_VRoot_VerbTerm_RecipExt_VerbTerm	NStem_NStem_NStem_NStem	RelConc9_BPre4_VRoot_VerbTerm_RecipExt_VerbTerm	NStem_NStem_NStem_NStem
ya_bo	PossConc9_PronStem2	NStem_PUNC	PossConc9_PronStem2	NStem_NStem
labo	Dem2_Pos2	Conj	Dem2_Pos2	Conj
masipala	NStem	NStem	NStem	NStem
ka_nye	AdvPre_AdjStem	PUNC_PUNC	AdvPre_AdjStem	PUNC_PUNC
na_ku_lokho	AdvPre_BPre15_NStem	NStem_NStem_NStem	AdvPre_BPre15_NStem	NStem_NStem_NStem
aba_hlangabez_an_a	RelConc2_VRoot_RecipExt_VerbTerm	VRoot_VRoot_VRoot_NStem	RelConc2_VRoot_RecipExt_VerbTerm	VRoot_VRoot_VRoot_VRoot
na_kho	AdvPre_PronStem15	PUNC_PUNC	AdvPre_PronStem15	PUNC_PUNC
.	Punc	PUNC	Punc	PUNC
Kuze	Conj	PUNC	Conj	NStem
ku_be	Adv	PUNC_PUNC	Adv	PUNC_PUNC
manje	Adv	Conj	Adv	Conj
okw_enz_ek_a	RelConc15_VRoot_NeutExt_VerbTerm	VRoot_VRoot_VRoot_VRoot	RelConc15_VRoot_NeutExt_VerbTerm	VRoot_VRoot_VRoot_VRoot
kwa_ma_nye	LocPre_AdjPref6_AdjStem	NStem_NStem_NStem	LocPre_AdjPref6_AdjStem	NStem_NStem_NStem
a_ma_zwe	NPrePre6_BPre6_NStem	NStem_NStem_NStem	NPrePre6_BPre6_NStem	NStem_NStem_NStem
ku_be	SC15_AuxVStem	PUNC_PUNC	SC15_AuxVStem	NStem_NStem
no_m_thelel_a	AdvPre_BPre3_ApplExt_VerbTerm	NStem_NStem_NStem_NStem	AdvPre_BPre3_ApplExt_VerbTerm	NStem_NStem_NStem_NStem
e_ma_thube_ni	LocPre_BPre6_NStem_LocSuf	NStem_VRoot_NStem_NStem	LocPre_BPre6_NStem_LocSuf	NStem_NStem_NStem_NStem
a_ma_ningi	AdjPref6_AdjStem	NStem_NStem_NStem	AdjPref6_AdjStem	NStem_NStem_NStem
oku_lahlek_el_w_a	RelConc15_VRoot_NPas_ApplExt_PassExt_VerbTerm	VRoot_VRoot_VRoot_VRoot_VRoot	RelConc15_VRoot_NPas_ApplExt_PassExt_VerbTerm	VRoot_VRoot_VRoot_VRoot_VRoot
ka_nye	Conj	PUNC_PUNC	Conj	PUNC_PUNC
na_s_e_zin_kinge_ni	AdvPre_PreLoc-s_LocPre_BPre8_BPre9_NStem_LocSuf	VRoot_VRoot_NStem_VRoot_NStem_VRoot	AdvPre_PreLoc-s_LocPre_BPre8_BPre9_NStem_LocSuf	VRoot_VRoot_VRoot_VRoot_VRoot_NStem
ze_zin_daba	PossConc8_BPre10_NStem	NStem_NStem_NStem	PossConc8_BPre10_NStem	NStem_NStem_NStem
zo_m_hlaba	PossConc8_NPrePre3_BPre3_NStem	NStem_NStem_NStem	PossConc8_NPrePre3_BPre3_NStem	NStem_NStem_NStem
_	Punc		Punc	
ku_suk_el_a	SC15_VRoot_ApplExt_VerbTerm	NStem_NStem_NStem_NStem	SC15_VRoot_ApplExt_VerbTerm	NStem_NStem_NStem_NStem
ezi_maketh_e	RelConc10_NStem	NStem_NStem_NStem	RelConc10_NStem	NStem_NStem_NStem
ze_zi_mali	PossConc8_NPrePre8_BPre8_NStem	NStem_NStem_NStem	PossConc8_NPrePre8_BPre8_NStem	NStem_NStem_NStem
ezi_nga_simem_e	RelConc8_NegPre_AdjStem	NStem_NStem_NStem_NStem	RelConc8_NegPre_AdjStem	NStem_NStem_NStem_NStem
,	Punc	PUNC	Punc	PUNC
ku_ye	LocPre_PronStem1	PUNC_PUNC	LocPre_PronStem1	PUNC_PUNC
e_ku_hamb_e_ni	LocPre_NPrePre15_BPre15_VRoot_VerbTerm_LocSuf	VRoot_VRoot_VRoot_VRoot_VRoot	LocPre_NPrePre15_BPre15_VRoot_VerbTerm_LocSuf	VRoot_VRoot_VRoot_VRoot_VRoot
kwa_ba_ntu	PossConc15_NPrePre2_BPre2_NStem	NStem_NStem_NStem	PossConc15_NPrePre2_BPre2_NStem	NStem_NStem_NStem
aba_na_ma_khono	RelConc2_AdvPre_NPrePre6_BPre6_NStem	NStem_VRoot_NStem_NStem	RelConc2_AdvPre_NPrePre6_BPre6_NStem	NStem_NStem_NStem_NStem
ba_shiy_e	CopPre_Intrans_VerbTerm	NStem_NStem_NStem	CopPre_Intrans_VerbTerm	NStem_NStem_NStem
a_ma_zwe	NPrePre6_BPre6_NStem	NStem_NStem_NStem	NPrePre6_BPre6_NStem	NStem_NStem_NStem
a_sa_thuthuk_a	SC6_ProgPre_VRoot_VerbTerm	NStem_NStem_VRoot_NStem	SC6_ProgPre_VRoot_VerbTerm	NStem_NStem_NStem_NStem
,	Punc	PUNC	Punc	PUNC
ku_ye	LocPre_PronStem1	PUNC_PUNC	LocPre_PronStem1	PUNC_PUNC
e_ku_guquke_ni	LocPre_NPre15_VRoot_VerbTerm_LocSuf	VRoot_VRoot_VRoot_VRoot	LocPre_NPre15_VRoot_VerbTerm_LocSuf	VRoot_VRoot_VRoot_VRoot
ko_bu_dlelwane	PossConc15_BPre14_NStem	NStem_NStem_NStem	PossConc15_BPre14_NStem	NStem_NStem_NStem
ba_ma_ndla	PossConc2a_NPrePre6_BPre6_NStem	NStem_NStem_NStem	PossConc2a_NPrePre6_BPre6_NStem	NStem_NStem_NStem
phakathi	Adv	PUNC	Adv	PUNC
kwe_mi_buso	PossConc15_NPrePre4_BPre4_NStem	NStem_NStem_NStem	PossConc15_NPrePre4_BPre4_NStem	NStem_NStem_NStem
ne_zi_mali	AdvPre_NPrePre10_BPre10_NStem	NStem_NStem_NStem	AdvPre_NPrePre10_BPre10_NStem	NStem_NStem_NStem
.	Punc	PUNC	Punc	PUNC
Ngenxa	Conj	NStem	Conj	NStem
ya_lezi	PossConc9_Dem10_Pos1	NStem_NStem	PossConc9_Dem10_Pos1	NStem_NStem
zi_mo	BPre8_NStem	PUNC_PUNC	BPre8_NStem	PUNC_PUNC
,	Punc	PUNC	Punc	PUNC
u_ku_shona	NPrePre15_BPre15_VRoot_VerbTerm	NStem_NStem_NStem	NPrePre15_BPre15_VRoot_VerbTerm	NStem_NStem_NStem
phansi	Adv	NStem	Adv	NStem
ko_m_notho	PossConc15_NPrePre3_BPre3_NStem	NStem_NStem_NStem	PossConc15_NPrePre3_BPre3_NStem	NStem_NStem_NStem
wa_manje	PossConc1_Adv	PUNC_PUNC	PossConc1_Adv	PUNC_PUNC
e_ma_zwe_ni	LocPre_NPrePre6_BPre6_NStem_LocSuf	NStem_NStem_NStem_NStem	LocPre_NPrePre6_BPre6_NStem_LocSuf	NStem_NStem_NStem_NStem
a_se_thuthuk_il_e	SC6_Past_VRoot_Perf_VerbTerm	VRoot_VRoot_VRoot_VRoot_VRoot	SC6_Past_VRoot_Perf_VerbTerm	VRoot_VRoot_VRoot_VRoot_VRoot
ku_leth_a	BPre17_VRoot_VerbTerm	NStem_NStem_NStem	BPre17_VRoot_VerbTerm	NStem_NStem_NStem
i_n_gozi	NPrePre9_BPre9_NStem	NStem_NStem_NStem	NPrePre9_BPre9_NStem	NStem_NStem_NStem
e_nkulu	AdjPref9_AdjStem	NStem_NStem	AdjPref9_AdjStem	NStem_NStem
e_ma_zwe_ni	LocPre_NPrePre6_BPre6_NStem_LocSuf	NStem_NStem_NStem_NStem	LocPre_NPrePre6_BPre6_NStem_LocSuf	NStem_NStem_NStem_NStem
a_sa_thuthuk_a	SC6_ProgPre_VRoot_VerbTerm	NStem_NStem_VRoot_VRoot	SC6_ProgPre_VRoot_VerbTerm	NStem_NStem_VRoot_VRoot
.	Punc	PUNC	Punc	PUNC
U_ku_qaph_a	NPrePre15_BPre15_NStem	NStem_NStem_NStem_NStem	NPrePre15_BPre15_NStem	NStem_NStem_NStem_NStem
no_ku_lingan_is_a	AdvPre_BPre15_VRoot_CausExt_VerbTerm	VRoot_VRoot_VRoot_VRoot_VRoot	AdvPre_BPre15_VRoot_CausExt_VerbTerm	VRoot_VRoot_VRoot_VRoot_VRoot
u_ku_sebenz_a	NPrePre15_BPre15_VRoot_VerbTerm	VRoot_VRoot_VRoot_VRoot	NPrePre15_BPre15_VRoot_VerbTerm	VRoot_VRoot_VRoot_VRoot
.	Punc	PUNC	Punc	PUNC
Bhek_a	VRoot_VerbTerm	NStem_NStem	VRoot_VerbTerm	PUNC_PUNC
le	Dem4_Pos1	Conj	Dem4_Pos1	Conj
mi_buzo	BPre4_NStem	NStem_NStem	BPre4_NStem	NStem_NStem
e_landel_a_yo	RelConc4_VRoot_VerbTerm_RelSuf	NStem_NStem_NStem_VRoot	RelConc4_VRoot_VerbTerm_RelSuf	NStem_NStem_NStem_NStem
.	Punc	Conj	Punc	PUNC
Ku_s_e_m_qoka	BPre15_PreLoc-s_LocPre_BPre3_NStem	VRoot_VRoot_VRoot_VRoot_VRoot	BPre15_PreLoc-s_LocPre_BPre3_NStem	VRoot_VRoot_VRoot_VRoot_VRoot
futh_i	Conj	NStem_NStem	Conj	NStem_NStem
u_ku_qinis_ek_is_a	NPrePre15_BPre15_VRoot_CausExt_VerbTerm	VRoot_VRoot_VRoot_VRoot_VRoot_VRoot	NPrePre15_BPre15_VRoot_CausExt_VerbTerm	VRoot_VRoot_VRoot_VRoot_VRoot_VRoot
u_kuth_i	Conj	NStem_NStem_NStem	Conj	NStem_NStem_NStem
u_mu_ntu	NPrePre1_BPre1_NStem	NStem_NStem_NStem	NPrePre1_BPre1_NStem	NStem_NStem_NStem
o_th_ile	RelConc3_VRoot_Perf	NStem_NStem_NStem	RelConc3_VRoot_Perf	NStem_NStem_NStem
u_ne_si_bopho	BPre1_AdvPre_NPrePre7_BPre7_NStem	VRoot_NStem_NStem_NStem	BPre1_AdvPre_NPrePre7_BPre7_NStem	NStem_NStem_NStem_VRoot
so_ku_lungis_elel_a	PossConc7_NPrePre15_BPre15_VRoot_ApplExt_VerbTerm	VRoot_VRoot_VRoot_VRoot_VRoot	PossConc7_NPrePre15_BPre15_VRoot_ApplExt_VerbTerm	VRoot_VRoot_VRoot_VRoot_VRoot
lolu	Dem11_Pos1	PUNC	Dem11_Pos1	PUNC
hlelo	NStem	NStem	NStem	NStem
u_ku_gwem_a	NPrePre15_BPre15_VRoot_VerbTerm	NStem_VRoot_NStem_NStem	NPrePre15_BPre15_VRoot_VerbTerm	VRoot_NStem_NStem_NStem
i_si_mo	NPrePre7_BPre7_NStem	NStem_NStem_NStem	NPrePre7_BPre7_NStem	NStem_NStem_NStem
lapho	Conj	PUNC	Conj	PUNC
ku_nge_kho	SC15_NegPre_Adv	NStem_NStem_NStem	SC15_NegPre_Adv	NStem_NStem_NStem
mu_ntu	BPre1_NStem	NStem_NStem	BPre1_NStem	NStem_NStem
o_thath_a	RelConc1_VRoot_VerbTerm	NStem_NStem_NStem	RelConc1_VRoot_VerbTerm	NStem_NStem_NStem
i_si_bopho	NPrePre7_BPre7_NStem	NStem_NStem_NStem	NPrePre7_BPre7_NStem	NStem_NStem_NStem
esi_qond_il_e	RelConc7_VRoot_Perf_VerbTerm	VRoot_VRoot_NStem_NStem	RelConc7_VRoot_Perf_VerbTerm	NStem_NStem_NStem_NStem
so_ku_lungis_elel_a	PossConc7_NPrePre15_BPre15_VRoot_ApplExt_VerbTerm	VRoot_VRoot_VRoot_VRoot_VRoot	PossConc7_NPrePre15_BPre15_VRoot_ApplExt_VerbTerm	VRoot_VRoot_VRoot_VRoot_VRoot
u_hlelo	NPrePre11_NStem	NStem_NStem	NPrePre11_NStem	NStem_NStem
.	Punc	PUNC	Punc	PUNC
Qinis_a	VRoot_VerbTerm	NStem_NStem	VRoot_VerbTerm	PUNC_PUNC
i_mi_sebenzi_ngqangi	NPrePre4_BPre4_NStem	VRoot_VRoot_VRoot_VRoot	NPrePre4_BPre4_NStem	VRoot_VRoot_VRoot_VRoot
ye_zo_ku_nakekel_w_a	PossConc4_Fut_BPre15_VRoot_PassExt_VerbTerm	VRoot_VRoot_VRoot_VRoot_VRoot_VRoot	PossConc4_Fut_BPre15_VRoot_PassExt_VerbTerm	VRoot_VRoot_VRoot_VRoot_VRoot_VRoot
ngo_kwe_ze_m_pilo	AdvPre_NPrePre15_PossConc15_PossConc10_BPre3_NStem	NStem_VRoot_VRoot_VRoot_VRoot	AdvPre_NPrePre15_PossConc15_PossConc10_BPre3_NStem	NStem_VRoot_VRoot_VRoot_VRoot
no_ku_sabalal_is_a	AdvPre_NPrePre15_BPre15_VRoot_CausExt_VerbTerm	NStem_VRoot_VRoot_VRoot_VRoot	AdvPre_NPrePre15_BPre15_VRoot_CausExt_VerbTerm	VRoot_NStem_VRoot_VRoot_VRoot
i_zin_hlelo	NPrePre10_BPre10_NStem	NStem_NStem_NStem	NPrePre10_BPre10_NStem	NStem_NStem_NStem
ze_ze_m_pilo	PossConc10_Pas_BPre3_NStem	NStem_NStem_NStem_NStem	PossConc10_Pas_BPre3_NStem	NStem_NStem_NStem_NStem
ezi_zinz_e	RelConc10_VRoot_VerbTerm	NStem_NStem_NStem	RelConc10_VRoot_VerbTerm	NStem_NStem_NStem
ezi_funde_ni	LocPre_BPre8_NStem_LocSuf	NStem_NStem_NStem	LocPre_BPre8_NStem_LocSuf	NStem_NStem_NStem
,	Punc	Conj	Punc	PUNC
ezi_fan_a	RelConc10_VRoot_VerbTerm	NStem_NStem_NStem	RelConc10_VRoot_VerbTerm	NStem_NStem_NStem
na_ba_sebenzi	AdvPre_NPrePre2_BPre2_NStem	NStem_NStem_NStem	AdvPre_NPrePre2_BPre2_NStem	NStem_NStem_NStem
be_ze_m_pilo	PossConc2_NPrePre9_BPre10_NPrePre9_BPre3_NStem	NStem_NStem_NStem_NStem	PossConc2_NPrePre9_BPre10_NPrePre9_BPre3_NStem	NStem_VRoot_NStem_NStem
ba_s_e_m_phakath_ini	PossConc2_PreLoc-s_LocPre_BPre3_NStem_LocSuf	VRoot_VRoot_VRoot_VRoot_VRoot_VRoot	PossConc2_PreLoc-s_LocPre_BPre3_NStem_LocSuf	VRoot_VRoot_VRoot_VRoot_VRoot_VRoot
ne_zin_hlelo	NPre10_NPrePre10_BPre10_NStem	NStem_NStem_NStem	NPre10_NPrePre10_BPre10_NStem	NStem_NStem_NStem
za_ba_belethisi	PossConc10_NPrePre2_BPre2_NStem	NStem_NStem_NStem	PossConc10_NPrePre2_BPre2_NStem	NStem_NStem_NStem
,	Punc	PUNC	Punc	PUNC
ne_zi_fundo	NPre10_NPrePre8_BPre8_NStem	NStem_NStem_NStem	NPre10_NPrePre8_BPre8_NStem	PUNC_PUNC_PUNC
ze_ze_m_pilo	PossConc10_Pas_BPre3_NStem	NStem_NStem_NStem_NStem	PossConc10_Pas_BPre3_NStem	NStem_NStem_NStem_VRoot
.	Punc	PUNC	Punc	PUNC
U_m_lamuli	NPrePre1_BPre1_ProperName	NStem_NStem_NStem	NPrePre1_BPre1_ProperName	NStem_NStem_NStem
ku_ding_ek_a	SC15_VRoot_NeutExt_VerbTerm	NStem_NStem_NStem_NStem	SC15_VRoot_NeutExt_VerbTerm	NStem_NStem_NStem_NStem
u_ku_b_a	Conj	NStem_NStem_NStem_NStem	Conj	NStem_NStem_NStem_NStem
a_hlaziy_e	SC6_Intrans_VerbTerm	NStem_VRoot_NStem	SC6_Intrans_VerbTerm	NStem_NStem_NStem
i_ngxabano	NPrePre9_BPre9_NStem	NStem_NStem	NPrePre9_BPre9_NStem	NStem_NStem
.	Punc	PUNC	Punc	PUNC
I_komidi	NPrePre5_BPre5_NStem	NStem_NStem	NPrePre5_BPre5_NStem	NStem_NStem
le_si_gceme	Dem7_Pos1_NStem	NStem_NStem_NStem	Dem7_Pos1_NStem	NStem_NStem_NStem
ka_nye	AdvPre_AdjStem	PUNC_PUNC	AdvPre_AdjStem	PUNC_PUNC
na_ba_nye	AdvPre_AdjPref2_AdjStem	NStem_NStem_NStem	AdvPre_AdjPref2_AdjStem	NStem_NStem_NStem
aba_ntu	NPrePre2_BPre2_NStem	NStem_NStem	NPrePre2_BPre2_NStem	NStem_NStem
abano_ku_bandakany_w_a	RelConc2_AdvPre_BPre15_VRoot_PassExt_VerbTerm	VRoot_VRoot_VRoot_VRoot_VRoot	RelConc2_AdvPre_BPre15_VRoot_PassExt_VerbTerm	VRoot_VRoot_VRoot_VRoot_VRoot
e_ku_sebenze_ni	LocPre_NPrePre15_BPre15_VRoot_VerbTerm_LocSuf	NStem_NStem_NStem_NStem	LocPre_NPrePre15_BPre15_VRoot_VerbTerm_LocSuf	NStem_NStem_NStem_NStem
ko_hlelo	PossConc15_NPrePre11_BPre11_NStem	NStem_NStem	PossConc15_NPrePre11_BPre11_NStem	NStem_NStem
,	Punc	PUNC	Punc	PUNC
oku_hlangan_is_a	RelConc15_VRoot_CausExt_VerbTerm	NStem_NStem_NStem_NStem	RelConc15_VRoot_CausExt_VerbTerm	NStem_NStem_NStem_NStem
u_m_hlangano	NPrePre3_BPre3_NStem	NStem_NStem_NStem	NPrePre3_BPre3_NStem	NStem_NStem_NStem
wa_ba_mel_e	PossConc1a_NPre15_BPre15_VRoot_VerbTerm	NStem_NStem_NStem_NStem	PossConc1a_NPre15_BPre15_VRoot_VerbTerm	NStem_NStem_NStem_NStem
a_ma_qembu	NPrePre6_BPre6_NStem	NStem_NStem_NStem	NPrePre6_BPre6_NStem	NStem_NStem_NStem
oku_sebenz_a	RelConc15_VRoot_VerbTerm	NStem_NStem_VRoot	RelConc15_VRoot_VerbTerm	NStem_NStem_NStem
ezi_nhloso	LocPre_NPrePre10_BPre10_NStem	NStem_NStem	LocPre_NPrePre10_BPre10_NStem	NStem_NStem
,	Punc	PUNC	Punc	NStem
u_m_hlangano	NPrePre3_BPre3_NStem	NStem_NStem_NStem	NPrePre3_BPre3_NStem	NStem_NStem_NStem
wa_ma_hora	PossConc1a_NPrePre6_BPre6_NStem	NStem_NStem_PUNC	PossConc1a_NPrePre6_BPre6_NStem	NStem_NStem_NStem
a_ma_bili	AdjPref6_AdjStem	NStem_NStem_NStem	AdjPref6_AdjStem	NStem_NStem_NStem
ku_setshenz_is_w_a	SC15_VRoot_CausExt_PassExt_VerbTerm	VRoot_VRoot_VRoot_VRoot_VRoot	SC15_VRoot_CausExt_PassExt_VerbTerm	VRoot_VRoot_VRoot_VRoot_VRoot
i_methriksi	NPrePre9_NStem	NStem_NStem	NPrePre9_NStem	NStem_NStem
yo_hlelo	PossConc9_NPrePre11_BPre11_NStem	NStem_NStem	PossConc9_NPrePre11_BPre11_NStem	NStem_NStem
lo_ku_sebenz_a	PossConc11_NPrePre15_BPre15_VRoot_VerbTerm	VRoot_NStem_VRoot_VRoot	PossConc11_NPrePre15_BPre15_VRoot_VerbTerm	VRoot_VRoot_VRoot_VRoot
u_ku_ba_siz_a	NPrePre15_BPre15_SC2_VRoot_VerbTerm	NStem_NStem_NStem_NStem_NStem	NPrePre15_BPre15_SC2_VRoot_VerbTerm	NStem_NStem_NStem_NStem_NStem
.	Punc	PUNC	Punc	PUNC
U_ku_banjw_a	NPrePre15_BPre15_NStem	VRoot_VRoot_VRoot_VRoot	NPrePre15_BPre15_NStem	VRoot_VRoot_VRoot_VRoot
kwe_qhaz_a	PossConc15_NStem	NStem_NStem_NStem	PossConc15_NStem	NStem_NStem_NStem
oku_hlel_ek_il_e	RelConc15_VRoot_NPas_Perf_VerbTerm	VRoot_NStem_VRoot_VRoot_NStem	RelConc15_VRoot_NPas_Perf_VerbTerm	VRoot_VRoot_VRoot_VRoot_VRoot
:	Punc	Conj	Punc	PUNC
I_ningi	NPrePre9_BPre9_NStem	NStem_NStem	NPrePre9_BPre9_NStem	NStem_NStem
lo_masipala	PossConc5_NPrePre2a_NStem	NStem_NStem	PossConc5_NPrePre2a_NStem	NStem_NStem
ba_khulu	PossConc2_NStem	NStem_NStem	PossConc2_NStem	NStem_NStem
ka_khulu	AdvPre_AdjStem	NStem_NStem	AdvPre_AdjStem	NStem_NStem
mayela_na	NStem_DimSuf	NStem_NStem	NStem_DimSuf	NStem_NStem
no_ku_b_a	AdvPre_NPrePre15_BPre15_VRoot_VerbTerm	NStem_NStem_NStem_NStem	AdvPre_NPrePre15_BPre15_VRoot_VerbTerm	NStem_NStem_NStem_NStem
na_ba_ntu	AdvPre_NPrePre2_BPre2_NStem	NStem_NStem_NStem	AdvPre_NPrePre2_BPre2_NStem	NStem_NStem_NStem
aba_ningi	AdjPref2_AdjStem	NStem_NStem	AdjPref2_AdjStem	NStem_NStem
ka_nye	AdvPre_AdjStem	PUNC_PUNC	AdvPre_AdjStem	PUNC_PUNC
ne_n_dawo	AdvPre_NPrePre9_BPre9_NStem	NStem_NStem_NStem	AdvPre_NPrePre9_BPre9_NStem	NStem_NStem_NStem
e_nkulu	AdjPref9_AdjStem	NStem_NStem	AdjPref9_AdjStem	NStem_NStem
okw_enz_a	PossConc6_NPrePre15_BPre15_VRoot_VerbTerm	NStem_NStem_NStem	PossConc6_NPrePre15_BPre15_VRoot_VerbTerm	NStem_NStem_NStem
ku_nga_kw_az_ek_i	LocPre_AdvPre_BPre15_VRoot_NeutExt_VerbTerm	VRoot_VRoot_VRoot_NStem_VRoot_VRoot	LocPre_AdvPre_BPre15_VRoot_NeutExt_VerbTerm	VRoot_VRoot_VRoot_VRoot_VRoot_VRoot
u_banjw_a	SC3_Intrans_VerbTerm	NStem_NStem_NStem	SC3_Intrans_VerbTerm	NStem_NStem_NStem
kwe_qhaz_a	PossConc15_NStem	NStem_NStem_NStem	PossConc15_NStem	NStem_NStem_NStem
ngqo	Ideoph	PUNC	Ideoph	PUNC
kw_eningi	PossConc15_NPrePre9_BPre9_NStem	Conj_PUNC	PossConc15_NPrePre9_BPre9_NStem	NStem_NStem
le_z_akhamizi	Dem9_Pos1_NStem	NStem_NStem_NStem	Dem9_Pos1_NStem	NStem_NStem_NStem
ku_zin_qubo	LocPre_BPre9_NStem	NStem_NStem_NStem	LocPre_BPre9_NStem	NStem_NStem_NStem
ezi_phithene	RelConc8_Intrans_VerbTerm	NStem_NStem	RelConc8_Intrans_VerbTerm	NStem_NStem
zo_ku_hlel_a	PossConc10_NPrePre15_BPre15_VRoot_VerbTerm	NStem_NStem_NStem_NStem	PossConc10_NPrePre15_BPre15_VRoot_VerbTerm	NStem_NStem_NStem_NStem
.	Punc	PUNC	Punc	PUNC
U_ku_banjw_a	NPrePre15_BPre15_NStem	VRoot_VRoot_VRoot_VRoot	NPrePre15_BPre15_NStem	VRoot_VRoot_VRoot_VRoot
kwe_qhaz_a	PossConc15_NStem	NStem_NStem_NStem	PossConc15_NStem	NStem_NStem_NStem
o_hlelw_eni	RelConc3_NPrePre11_BPre11_NStem_LocSuf	VRoot_VRoot_VRoot	RelConc3_NPrePre11_BPre11_NStem_LocSuf	NStem_VRoot_VRoot
lwe_ntuthuko	PossConc11_NPrePre9_BPre9_NStem	VRoot_VRoot	PossConc11_NPrePre9_BPre9_NStem	NStem_NStem
e_didiyel_w_e	RelConc9_VRoot_PassExt_VerbTerm	NStem_NStem_NStem_VRoot	RelConc9_VRoot_PassExt_VerbTerm	VRoot_VRoot_VRoot_VRoot
,	Punc	PUNC	Punc	PUNC
ngakho__ke	Adv	NStem_NStem	Adv	NStem_NStem
ku_dinga	SC15_VRoot_VerbTerm	NStem_NStem	SC15_VRoot_VerbTerm	NStem_NStem
i_mi_thetho	NPrePre4_BPre4_NStem	NStem_NStem_NStem	NPrePre4_BPre4_NStem	NStem_NStem_NStem
ne_zin_qubo	AdvPre_NPrePre10_BPre10_NStem	NStem_NStem_NStem	AdvPre_NPrePre10_BPre10_NStem	NStem_NStem_NStem
oku_cac_il_e	RelConc15_Intrans_Perf_VerbTerm	NStem_NStem_NStem_NStem	RelConc15_Intrans_Perf_VerbTerm	NStem_NStem_NStem_NStem
oku_sh_o_yo	RelConc15_VRoot_VerbTerm_RelSuf	NStem_NStem_NStem_NStem	RelConc15_VRoot_VerbTerm_RelSuf	NStem_NStem_NStem_NStem
u_kuth_i	Conj	NStem_NStem_NStem	Conj	NStem_NStem_NStem
ng_u_bani	CopPre_NPrePre1a_Interrog	NStem_NStem_NStem	CopPre_NPrePre1a_Interrog	NStem_NStem_NStem
oku_m_el_e	RelConc15_VRoot_ApplExt_VerbTerm	NStem_NStem_NStem_NStem	RelConc15_VRoot_ApplExt_VerbTerm	NStem_NStem_NStem_NStem
abamb_e	RelConc2_Intrans_VerbTerm	NStem_NStem	RelConc2_Intrans_VerbTerm	NStem_NStem
i_qhaz_a	NPrePre5_BPre5_NStem	NStem_NStem_NStem	NPrePre5_BPre5_NStem	NStem_NStem_NStem
noma	Conj	Conj	Conj	Conj
oku_m_el_e	RelConc15_VRoot_ApplExt_VerbTerm	NStem_NStem_NStem_NStem	RelConc15_VRoot_ApplExt_VerbTerm	NStem_NStem_NStem_NStem
u_ku_b_a	Conj	NStem_NStem_NStem_NStem	Conj	NStem_NStem_NStem_NStem
ku_xox_is_w_ane	BPre17_VRoot_CausExt_PassExt_ApplExt_VerbTerm	VRoot_VRoot_VRoot_VRoot_VRoot	BPre17_VRoot_CausExt_PassExt_ApplExt_VerbTerm	VRoot_VRoot_VRoot_VRoot_VRoot
na_ye	AdvPre_PronStem1	PUNC_PUNC	AdvPre_PronStem1	PUNC_PUNC
,	Punc	PUNC	Punc	NStem
e_game_ni	LocPre_NPrePre5_BPre5_NStem_LocSuf	NStem_NStem_NStem	LocPre_NPrePre5_BPre5_NStem_LocSuf	NStem_NStem_NStem
lika_bani	BPre5_AdvPre_Interrog	PUNC_PUNC	BPre5_AdvPre_Interrog	PUNC_PUNC
,	Punc	PUNC	Punc	PUNC
nga_lu_phi	AdvPre_BPre5_Interrog	NStem_NStem_NStem	AdvPre_BPre5_Interrog	PUNC_PUNC_PUNC
u_daba	NPrePre11_BPre11_NStem	PUNC_PUNC	NPrePre11_BPre11_NStem	PUNC_PUNC
,	Punc	PUNC	Punc	PUNC
ku_be	SC15_VRoot_VerbTerm	PUNC_PUNC	SC15_VRoot_VerbTerm	PUNC_PUNC
ku_setshenz_is_w_a	BPre17_NStem	VRoot_VRoot_VRoot_VRoot_VRoot	BPre17_NStem	VRoot_VRoot_VRoot_VRoot_VRoot
yi_phi	EnumConc9_EnumStem	PUNC_PUNC	EnumConc9_EnumStem	PUNC_PUNC
i_n_dlel_a	NPrePre9_BPre9_NStem	NStem_NStem_NStem_NStem	NPrePre9_BPre9_NStem	NStem_NStem_NStem_NStem
ye_n_hlangano	PossConc9_NPrePre9_BPre9_NStem	NStem_NStem_NStem	PossConc9_NPrePre9_BPre9_NStem	NStem_NStem_NStem
,	Punc	PUNC	Punc	PUNC
ku_be	SC15_VRoot_VerbTerm	NStem_NStem	SC15_VRoot_VerbTerm	PUNC_PUNC
ku_lindel_w_e	BPre15_NStem	NStem_NStem_NStem_NStem	BPre15_NStem	NStem_NStem_NStem_NStem
m_phumel_a	NStem	NStem_NStem_NStem	NStem	NStem_NStem_NStem
muni	Interrog	PUNC	Interrog	Conj
.	Punc	PUNC	Punc	PUNC
U_m_thethosisekelo	NPrePre3_BPre3_NStem	VRoot_VRoot_VRoot	NPrePre3_BPre3_NStem	VRoot_VRoot_VRoot
u_bek_a	SC3_VRoot_VerbTerm	NStem_NStem_NStem	SC3_VRoot_VerbTerm	NStem_NStem_NStem
i_zi_nto	NPrePre10_BPre10_NStem	NStem_NStem_NStem	NPrePre10_BPre10_NStem	NStem_NStem_NStem
ezim_bili	AdjPref10_AdjStem	NStem_NStem	AdjPref10_AdjStem	NStem_NStem
ezi_s_e_m_qoka	RelConc8_PreLoc-s_LocPre_BPre3_NStem	VRoot_VRoot_VRoot_VRoot_VRoot	RelConc8_PreLoc-s_LocPre_BPre3_NStem	VRoot_VRoot_NStem_VRoot_VRoot
mayela_na	Adv	NStem_NStem	Adv	NStem_NStem
no_kw_enz_a	AdvPre_NPrePre15_BPre15_VRoot_VerbTerm	VRoot_VRoot_VRoot_VRoot	AdvPre_NPrePre15_BPre15_VRoot_VerbTerm	NStem_NStem_NStem_NStem
u_m_thetho	NPrePre3_BPre3_NStem	NStem_NStem_NStem	NPrePre3_BPre3_NStem	NStem_NStem_NStem
ka_masipala	PossKA_NStem	NStem_NStem	PossKA_NStem	NStem_NStem
.	Punc	PUNC	Punc	PUNC
Oko_ku_qal_a	RelConc15_NPrePre15_BPre15_VRoot_VerbTerm	NStem_NStem_NStem_NStem	RelConc15_NPrePre15_BPre15_VRoot_VerbTerm	NStem_NStem_NStem_NStem
u_m_thetho	NPrePre3_BPre3_NStem	NStem_NStem_NStem	NPrePre3_BPre3_NStem	NStem_NStem_NStem
ka_masipala	PossKA_NStem	NStem_NStem	PossKA_NStem	NStem_NStem
ku_fanel_e	SC15_VRoot_VerbTerm	NStem_NStem_NStem	SC15_VRoot_VerbTerm	NStem_NStem_NStem
u_be	SC3_AuxVStem	PUNC_PUNC	SC3_AuxVStem	PUNC_PUNC
no_xhaso	AdvPre_NPrePre11_NStem	NStem_NStem	AdvPre_NPrePre11_NStem	NStem_NStem
olu_phelel_e	RelConc11_VRoot_VerbTerm	NStem_VRoot_NStem	RelConc11_VRoot_VerbTerm	NStem_NStem_NStem
lwa_ma_khansela	PossConc11_NPrePre6_BPre6_NStem	NStem_NStem_NStem	PossConc11_NPrePre6_BPre6_NStem	VRoot_NStem_NStem
futh_i	Conj	NStem_NStem	Conj	NStem_NStem
okwe_si_bili	PossConc15_NPrePre7_BPre7_AdjStem	NStem_NStem_NStem	PossConc15_NPrePre7_BPre7_AdjStem	NStem_NStem_NStem
,	Punc	PUNC	Punc	PUNC
u_m_phakathi	NPrePre3_BPre3_Adv	NStem_NStem_NStem	NPrePre3_BPre3_Adv	NStem_NStem_NStem
ku_fanel_e	SC15_VRoot_VerbTerm	NStem_NStem_NStem	SC15_VRoot_VerbTerm	NStem_NStem_NStem
u_be	SC3_AuxVStem	PUNC_PUNC	SC3_AuxVStem	PUNC_PUNC
ne_thuba	AdvPre_NPrePre5_NStem	NStem_NStem	AdvPre_NPrePre5_NStem	NStem_NStem
lo_kuba	PossConc5_Conj	PUNC_PUNC	PossConc5_Conj	PUNC_PUNC
no_vo	AdvPre_NPrePre11_NStem	PUNC_PUNC	AdvPre_NPrePre11_NStem	PUNC_PUNC
lwa_wo	PossConc11_PronStem3	NStem_NStem	PossConc11_PronStem3	NStem_NStem
mayela_na	Adv	NStem_NStem	Adv	NStem_NStem
na_lowo	AdvPre_Dem3_Pos2	NStem_NStem	AdvPre_Dem3_Pos2	NStem_NStem
m_thetho	BPre3_NStem	NStem_NStem	BPre3_NStem	NStem_NStem
ka_masipala	PossKA_NStem	NStem_NStem	PossKA_NStem	NStem_NStem
.	Punc	PUNC	Punc	PUNC
I_zi_nhlaka	NPrePre10_BPre10_NStem	NStem_NStem_NStem	NPrePre10_BPre10_NStem	NStem_NStem_NStem
ezi_khona	RelConc8_Adv	NStem_NStem	RelConc8_Adv	NStem_NStem
esi_gceme_ni	RelConc7_NStem_LocSuf	NStem_NStem_NStem	RelConc7_NStem_LocSuf	NStem_NStem_NStem
zi_ya_nxus_w_a	SC8_Pres_Intrans_VerbTerm	VRoot_VRoot_VRoot_NStem_VRoot	SC8_Pres_Intrans_VerbTerm	VRoot_VRoot_VRoot_VRoot_NStem
u_kuth_i	Conj	NStem_NStem_NStem	Conj	NStem_NStem_NStem
zi_thum_el_e	SC8_VRoot_ApplExt_VerbTerm	NStem_NStem_NStem_NStem	SC8_VRoot_ApplExt_VerbTerm	NStem_NStem_NStem_NStem
a_ma_gama	NPrePre6_BPre6_NStem	NStem_NStem_NStem	NPrePre6_BPre6_NStem	NStem_NStem_NStem
aba_ntu	NPrePre2_BPre2_NStem	NStem_NStem	NPrePre2_BPre2_NStem	NStem_NStem
ezi_ba_qoka_yo	RelConc10_SC2_NStem_RelSuf	NStem_VRoot_NStem_NStem	RelConc10_SC2_NStem_RelSuf	NStem_NStem_NStem_NStem
e_m_hlanganw_eni	LocPre_NPrePre3_BPre3_NStem_LocSuf	VRoot_VRoot_VRoot_VRoot	LocPre_NPrePre3_BPre3_NStem_LocSuf	VRoot_VRoot_VRoot_VRoot
lapho	Dem16_Pos2	PUNC	Dem16_Pos2	PUNC
e_zo_qinis_ek_is_w_a	LocPre_Fut_VRoot_CausExt_PassExt_VerbTerm	VRoot_VRoot_VRoot_VRoot_VRoot_VRoot_VRoot	LocPre_Fut_VRoot_CausExt_PassExt_VerbTerm	VRoot_VRoot_VRoot_VRoot_VRoot_VRoot_VRoot
khona	PronStem15_PronSuf	PUNC	PronStem15_PronSuf	PUNC
nga_ba_hlali	AdvPre_BPre2_NStem	NStem_NStem_NStem	AdvPre_BPre2_NStem	NStem_NStem_NStem
ba_ku_leso	PossConc2_BPre15_Dem4_Pos2	NStem_NStem_NStem	PossConc2_BPre15_Dem4_Pos2	NStem_NStem_NStem
si_gceme	BPre7_NStem	NStem_NStem	BPre7_NStem	NStem_NStem
u_kw_akha	NPrePre15_BPre15_VRoot_VerbTerm	NStem_NStem_NStem	NPrePre15_BPre15_VRoot_VerbTerm	NStem_NStem_NStem
i_Komidi	NPrePre9_NStem	NStem_NStem	NPrePre9_NStem	NStem_NStem
Le_sigceme	Dem9_Pos1_NStem	NStem_NStem	Dem9_Pos1_NStem	NStem_NStem
.	Punc	PUNC	Punc	PUNC
A_ba_phathi	NPrePre2_BPre2_NStem	NStem_NStem_NStem	NPrePre2_BPre2_NStem	NStem_NStem_NStem
bo_m_khandlu	PossConc2_NPrePre3_BPre3_NStem	NStem_NStem_NStem	PossConc2_NPrePre3_BPre3_NStem	NStem_NStem_NStem
be_mukel_a	SC2_VRoot_VerbTerm	NStem_NStem_NStem	SC2_VRoot_VerbTerm	NStem_NStem_NStem
i_mi_biko	NPrePre4_BPre4_NStem	NStem_NStem_NStem	NPrePre4_BPre4_NStem	NStem_NStem_NStem
e_vel_a	SC4_VRoot_VerbTerm	NStem_NStem_NStem	SC4_VRoot_VerbTerm	NStem_NStem_NStem
kw_i_Zi_ko	LocPre_NPrePre5_NStem	NStem_NStem_NStem_NStem	LocPre_NPrePre5_NStem	NStem_NStem_NStem_NStem
Loku_bamb_a	PossConc5_NPrePre15_BPre15_VRoot_VerbTerm	NStem_NStem_NStem	PossConc5_NPrePre15_BPre15_VRoot_VerbTerm	NStem_NStem_NStem
Ko_m_phakathi	PossConc15_NPrePre3_BPre3_Adv	NStem_NStem_NStem	PossConc15_NPrePre3_BPre3_Adv	NStem_NStem_NStem
I_qhaz_a	NPrePre5_NStem	NStem_NStem_NStem	NPrePre5_NStem	NStem_NStem_NStem
u_ku_thath_a	NPrePre15_BPre15_VRoot_VerbTerm	NStem_NStem_NStem_NStem	NPrePre15_BPre15_VRoot_VerbTerm	NStem_NStem_NStem_NStem
i_si_nyathelo	NPrePre7_BPre7_NStem	NStem_NStem_NStem	NPrePre7_BPre7_NStem	NStem_NStem_NStem
so_ku_phath_a	PossConc7_NPrePre15_BPre15_VRoot_VerbTerm	NStem_NStem_NStem_NStem	PossConc7_NPrePre15_BPre15_VRoot_VerbTerm	NStem_NStem_NStem_NStem
noma	Conj	Conj	Conj	PUNC
u_kw_emukel_w_a	NPrePre15_BPre15_VRoot_PassExt_VerbTerm	VRoot_VRoot_VRoot_VRoot_VRoot	NPrePre15_BPre15_VRoot_PassExt_VerbTerm	VRoot_VRoot_VRoot_VRoot_VRoot
aba_phathi	NPrePre2_BPre2_NStem	NStem_NStem	NPrePre2_BPre2_NStem	NStem_NStem
nga_phambi	AdvPre_Adv	PUNC_PUNC	AdvPre_Adv	PUNC_PUNC
ko_ku_y_is_w_a	PossConc15_NPrePre15_BPre14_VRoot_CausExt_PassExt_VerbTerm	VRoot_VRoot_VRoot_VRoot_VRoot_VRoot	PossConc15_NPrePre15_BPre14_VRoot_CausExt_PassExt_VerbTerm	VRoot_VRoot_VRoot_VRoot_VRoot_VRoot
esi_gungw_ini	LocPre_BPre7_NStem_LocSuf	VRoot_VRoot_NStem	LocPre_BPre7_NStem_LocSuf	NStem_NStem_NStem
se_komidi	PossConc7_NPre5_NStem	NStem_NStem	PossConc7_NPre5_NStem	NStem_NStem
noma	Conj	Conj	Conj	PUNC
i_si_gungu	NPrePre7_BPre7_NStem	NStem_NStem_NStem	NPrePre7_BPre7_NStem	NStem_NStem_NStem
se_komidi	PossConc7_NPre5_NStem	NStem_NStem	PossConc7_NPre5_NStem	NStem_NStem
le_meya	PossConc5_NPrePre9_NStem	NStem_NStem	PossConc5_NPrePre9_NStem	NStem_NStem
u_kuze	Conj	NStem_NStem	Conj	NStem_NStem
ku_thath_w_e	SC15_VRoot_PassExt_VerbTerm	NStem_NStem_VRoot_NStem	SC15_VRoot_PassExt_VerbTerm	VRoot_VRoot_VRoot_NStem
i_zin_qumo	NPrePre10_BPre10_NStem	NStem_NStem_NStem	NPrePre10_BPre10_NStem	NStem_NStem_NStem
zo_m_busazwe	PossConc10_NPrePre3_BPre3_NStem	NStem_NStem_NStem	PossConc10_NPrePre3_BPre3_NStem	NStem_NStem_NStem
.	Punc	PUNC	Punc	PUNC
U_masipala	NPrePre1a_NStem	NStem_NStem	NPrePre1a_NStem	NStem_NStem
u_zi_mis_el_e	SC1_ReflPre_VRoot_VerbTerm	NStem_NStem_NStem_NStem_NStem	SC1_ReflPre_VRoot_VerbTerm	NStem_NStem_NStem_NStem_VRoot
u_kw_akha	NPrePre15_BPre15_VRoot_VerbTerm	NStem_NStem_NStem	NPrePre15_BPre15_VRoot_VerbTerm	NStem_NStem_NStem
i_sibhedlel_a	NPrePre7_BPre7_NStem	NStem_NStem_NStem	NPrePre7_BPre7_NStem	NStem_NStem_NStem
e_wadi_ni__ABC	LocPre_NStem_LocSuf_Abbr	NStem_NStem_NStem_NStem	LocPre_NStem_LocSuf_Abbr	NStem_NStem_NStem_NStem
.	Punc	PUNC	Punc	PUNC
I_khon_sa_li_thenti	NPrePre5_NStem	VRoot_VRoot_VRoot_VRoot_VRoot	NPrePre5_NStem	VRoot_VRoot_VRoot_VRoot_VRoot
ya_nga_phandle	PossConc9_AdvPre_Adv	NStem_NStem_NStem	PossConc9_AdvPre_Adv	NStem_NStem_NStem
i_nikez_w_e	SC5_VRoot_PassExt_VerbTerm	NStem_NStem_NStem_NStem	SC5_VRoot_PassExt_VerbTerm	NStem_NStem_NStem_NStem
i_n_kontilek_a	NPrePre9_BPre9_NStem	VRoot_VRoot_VRoot_VRoot	NPrePre9_BPre9_NStem	VRoot_VRoot_VRoot_VRoot
yo_ku_thol_a	PossConc9_NPrePre15_BPre15_VRoot_VerbTerm	NStem_NStem_NStem_NStem	PossConc9_NPrePre15_BPre15_VRoot_VerbTerm	NStem_NStem_NStem_VRoot
u_lw_az_i	NPrePre11_BPre11_NStem	VRoot_VRoot_NStem_VRoot	NPrePre11_BPre11_NStem	NStem_NStem_NStem_NStem
nge_nani	AdvPre_NPrePre5_NStem	NStem_NStem	AdvPre_NPrePre5_NStem	NStem_NStem
la_ba_ntu	PossConc5_BPre2_NStem	NStem_NStem_NStem	PossConc5_BPre2_NStem	NStem_NStem_NStem
aba_hlal_a	RelConc2_VRoot_VerbTerm	NStem_NStem_NStem	RelConc2_VRoot_VerbTerm	NStem_NStem_NStem
kw_iwadi	LocPre_NPrePre5_NStem	NStem_NStem	LocPre_NPrePre5_NStem	NStem_NStem
,	Punc	PUNC	Punc	PUNC
i_zinga	NPrePre5_NStem	NStem_NStem	NPrePre5_NStem	NStem_NStem
lo_ku_qash_w_a	PossConc5_BPre15_VRoot_PassExt_VerbTerm	VRoot_NStem_VRoot_VRoot_VRoot	PossConc5_BPre15_VRoot_PassExt_VerbTerm	VRoot_VRoot_VRoot_VRoot_VRoot
no_ku_ntul_ek_a	AdvPre_NPrePre15_BPre15_VRoot_VerbTerm	VRoot_VRoot_VRoot_VRoot_VRoot	AdvPre_NPrePre15_BPre15_VRoot_VerbTerm	VRoot_VRoot_VRoot_VRoot_VRoot
kwe_mi_sebenzi	PossConc15_NPrePre4_BPre4_NStem	NStem_NStem_NStem	PossConc15_NPrePre4_BPre4_NStem	NStem_NStem_NStem
,	Punc	PUNC	Punc	PUNC
i_nani	NPrePre5_NStem	NStem_NStem	NPrePre5_NStem	NStem_NStem
la_ba_ntu	PossConc5_BPre2_NStem	NStem_NStem_NStem	PossConc5_BPre2_NStem	NStem_NStem_NStem
a_ba_gug_il_e	RelConc2_VRoot_Perf_VerbTerm	VRoot_VRoot_VRoot_VRoot_VRoot	RelConc2_VRoot_Perf_VerbTerm	VRoot_VRoot_VRoot_VRoot_VRoot
,	Punc	PUNC	Punc	PUNC
i_nani	NPrePre5_NStem	NStem_NStem	NPrePre5_NStem	NStem_NStem
l_en_tsha	PossConc9_NPrePre9_BPre9_NStem	NStem_NStem_NStem	PossConc9_NPrePre9_BPre9_NStem	NStem_NStem_NStem
,	Punc	PUNC	Punc	PUNC
i_nani	NPrePre5_NStem	NStem_NStem	NPrePre5_NStem	NStem_NStem
la_ba_ntu	PossConc5_BPre2_NStem	NStem_NStem_NStem	PossConc5_BPre2_NStem	NStem_NStem_NStem
aba_phil_a	RelConc2_VRoot_VerbTerm	NStem_NStem_NStem	RelConc2_VRoot_VerbTerm	NStem_NStem_NStem
ne__HI_V	AdvPre_NPrePre5_Abbr	NStem_NStem_NStem	AdvPre_NPrePre5_Abbr	PUNC_PUNC_PUNC
ne__AIDS	AdvPre_NPrePre5_ProperName	PUNC_PUNC	AdvPre_NPrePre5_ProperName	PUNC_PUNC
njll	Abbr	NStem	Abbr	NStem
.	Punc	PUNC	Punc	PUNC
Abazang_e	RelConc2_AuxVStem	NStem_NStem	RelConc2_AuxVStem	NStem_NStem
ba_xhuman_e	SC2_VRoot_RecipExt_VerbTerm	NStem_NStem_NStem	SC2_VRoot_RecipExt_VerbTerm	NStem_NStem_NStem
no_m_phakathi	AdvPre_NPrePre3_BPre3_Adv	NStem_NStem_NStem	AdvPre_NPrePre3_BPre3_Adv	NStem_NStem_NStem
maqondan_a	Conj	NStem_NStem	Conj	NStem_NStem
no_ku_th_i	AdvPre_BPre15_VRoot_VerbTerm	NStem_NStem_NStem_NStem	AdvPre_BPre15_VRoot_VerbTerm	NStem_NStem_NStem_NStem
ku_ngabe	Conj	NStem_NStem	Conj	NStem_NStem
i_wadi__ABC	NPrePre5_NStem_Abbr	NStem_NStem_NStem	NPrePre5_NStem_Abbr	NStem_NStem_NStem
yi_yona	CopPre_AbsPron5	NStem_NStem	CopPre_AbsPron5	NStem_NStem
e_ngcono	RelConc5_RelStem	NStem_NStem	RelConc5_RelStem	NStem_NStem
ka_khulu	AdvPre_AdjStem	NStem_NStem	AdvPre_AdjStem	NStem_NStem
oku_nga_kh_iw_a	RelConc15_Pot_VRoot_PassExt_VerbTerm	VRoot_VRoot_VRoot_VRoot_VRoot	RelConc15_Pot_VRoot_PassExt_VerbTerm	VRoot_VRoot_VRoot_VRoot_VRoot
ku_yo	LocPre_PronStem9	PUNC_PUNC	LocPre_PronStem9	PUNC_PUNC
i_sibhedlel_a	NPrePre7_BPre7_NStem	NStem_NStem_NStem	NPrePre7_BPre7_NStem	NStem_NStem_VRoot
.	Punc	PUNC	Punc	PUNC
A_ba_ntu	NPrePre2_BPre2_NStem	NStem_NStem_NStem	NPrePre2_BPre2_NStem	NStem_NStem_NStem
aba_ningi	AdjPref2_AdjStem	NStem_NStem	AdjPref2_AdjStem	PUNC_PUNC
aba_buz_w_a	NegPre_SC2_VRoot_PassExt_VerbTerm	NStem_NStem_NStem_NStem	NegPre_SC2_VRoot_PassExt_VerbTerm	NStem_NStem_NStem_NStem
i_mi_buzo	NPrePre4_BPre4_NStem	NStem_NStem_NStem	NPrePre4_BPre4_NStem	NStem_NStem_NStem
ba_thi	SC2_VRoot_VerbTerm	PUNC_PUNC	SC2_VRoot_VerbTerm	PUNC_PUNC
i_sibhedlel_a	NPrePre7_BPre7_NStem	NStem_NStem_NStem	NPrePre7_BPre7_NStem	NStem_NStem_NStem
si_ding_ek_a	SC7_VRoot_NeutExt_VerbTerm	NStem_NStem_NStem_NStem	SC7_VRoot_NeutExt_VerbTerm	NStem_NStem_NStem_NStem
kw_iwadi__XY_Z	LocPre_NPrePre5_NStem_Abbr	VRoot_VRoot_VRoot_VRoot	LocPre_NPrePre5_NStem_Abbr	VRoot_VRoot_VRoot_VRoot
.	Punc	PUNC	Punc	PUNC
U_masipala	NPrePre1a_NStem	NStem_NStem	NPrePre1a_NStem	NStem_NStem
akayi_naka_ng_a	NegPre_CopPre_VRoot_VerbTerm_NegPre	NStem_NStem_NStem_NStem	NegPre_CopPre_VRoot_VerbTerm_NegPre	NStem_NStem_NStem_VRoot
i_mi_bono	NPrePre4_BPre4_NStem	NStem_NStem_NStem	NPrePre4_BPre4_NStem	NStem_NStem_NStem
yo_m_phakathi	PossConc4_NPrePre3_BPre3_Adv	NStem_NStem_NStem	PossConc4_NPrePre3_BPre3_Adv	NStem_NStem_NStem
.	Punc	PUNC	Punc	PUNC
Bhek_a	VRoot_VerbTerm	NStem_NStem	VRoot_VerbTerm	NStem_NStem
lo	Dem3_Pos1	PUNC	Dem3_Pos1	Conj
m_buzo	NPrePre3_NStem	NStem_NStem	NPrePre3_NStem	NStem_NStem
o_nge_zansi	RelConc3_AdvPre_NPrePre5_NStem	NStem_NStem_NStem	RelConc3_AdvPre_NPrePre5_NStem	NStem_NStem_NStem
.	Punc	PUNC	Punc	PUNC
E_ma_qenj_ini	LocPre_BPre6_NStem_LocSuf	VRoot_VRoot_VRoot_VRoot	LocPre_BPre6_NStem_LocSuf	NStem_NStem_NStem_NStem
a_nga_thandi	SC6_NegPre_VRoot_VerbTerm	NStem_NStem_NStem	SC6_NegPre_VRoot_VerbTerm	NStem_NStem_NStem
u_ku_bhal_a	NPrePre15_BPre15_VRoot_VerbTerm	NStem_NStem_NStem_NStem	NPrePre15_BPre15_VRoot_VerbTerm	NStem_NStem_NStem_NStem
,	Punc	PUNC	Punc	PUNC
u_m_hlahlandlel_a	NPrePre3_BPre3_NStem	VRoot_VRoot_VRoot_VRoot	NPrePre3_BPre3_NStem	VRoot_VRoot_VRoot_VRoot
wa_be__AI_CDD	PossConc3_BPre2_Abbr	NStem_NStem_NStem_NStem	PossConc3_BPre2_Abbr	NStem_NStem_NStem_NStem
u_th_i	SC3_VRoot_VerbTerm	NStem_NStem_NStem	SC3_VRoot_VerbTerm	NStem_NStem_NStem
a_ku_setshenz_is_w_e	RelConc6_BPre15_VRoot_CausExt_PassExt_VerbTerm	VRoot_VRoot_VRoot_NStem_VRoot_VRoot	RelConc6_BPre15_VRoot_CausExt_PassExt_VerbTerm	VRoot_VRoot_VRoot_VRoot_VRoot_VRoot
i_mbe_wu	NPrePre10_BPre10_NStem	NStem_NStem_NStem	NPrePre10_BPre10_NStem	NStem_NStem_NStem
,	Punc	PUNC	Punc	PUNC
a_ma_tshe	NPrePre6_BPre6_NStem	NStem_NStem_NStem	NPrePre6_BPre6_NStem	NStem_NStem_NStem
noma	Conj	Conj	Conj	Conj
i_zinduku	NPrePre10_BPre10_NStem	NStem_NStem	NPrePre10_BPre10_NStem	NStem_NStem
e_ma_khadi_ni	LocPre_BPre6_NStem_LocSuf	NStem_NStem_VRoot_NStem	LocPre_BPre6_NStem_LocSuf	NStem_NStem_NStem_NStem
u_kuze	Conj	NStem_NStem	Conj	NStem_NStem
aba_bamb_e	RelConc2_VRoot_VerbTerm	NStem_NStem_NStem	RelConc2_VRoot_VerbTerm	NStem_NStem_NStem
i_qhaz_a	NPrePre5_BPre5_NStem	NStem_NStem_NStem	NPrePre5_BPre5_NStem	NStem_NStem_NStem
ba_kw_az_i	SC2_BPre15_VRoot_VerbTerm	NStem_NStem_NStem_NStem	SC2_BPre15_VRoot_VerbTerm	NStem_NStem_NStem_NStem
u_ku_bon_a	NPrePre15_BPre15_VRoot_VerbTerm	NStem_NStem_NStem_NStem	NPrePre15_BPre15_VRoot_VerbTerm	NStem_NStem_NStem_NStem
u_kuth_i	Conj	NStem_NStem_NStem	Conj	NStem_NStem_NStem
i_n_kinga	NPrePre9_BPre9_NStem	NStem_NStem_NStem	NPrePre9_BPre9_NStem	NStem_NStem_NStem
i_khul_e	SC9_VRoot_VerbTerm	NStem_NStem_NStem	SC9_VRoot_VerbTerm	NStem_NStem_NStem
ka_njani	AdvPre_Interrog	NStem_NStem	AdvPre_Interrog	NStem_NStem
.	Punc	PUNC	Punc	PUNC
Lokhu	Dem15_Pos1	PUNC	Dem15_Pos1	PUNC
ku_fak_w_a	SC15_VRoot_PassExt_VerbTerm	NStem_NStem_NStem_NStem	SC15_VRoot_PassExt_VerbTerm	NStem_NStem_NStem_NStem
e_khadi_ni	LocPre_NStem_LocSuf	NStem_NStem_NStem	LocPre_NStem_LocSuf	NStem_NStem_NStem
eli_bon_is_a	RelConc5_VRoot_CausExt_VerbTerm	NStem_NStem_NStem_NStem	RelConc5_VRoot_CausExt_VerbTerm	NStem_NStem_NStem_NStem
u_nyaka	NPrePre3_NStem	NStem_NStem	NPrePre3_NStem	NStem_NStem
.	Punc	PUNC	Punc	PUNC
U_m_khandlu	NPrePre3_BPre3_NStem	NStem_NStem_NStem	NPrePre3_BPre3_NStem	NStem_NStem_NStem
u_nga_biz_a	BPre1a_AdvPre_NStem	NStem_NStem_NStem_NStem	BPre1a_AdvPre_NStem	NStem_NStem_NStem_NStem
i_Foramu	NPrePre9_NStem	NStem_NStem	NPrePre9_NStem	PUNC_NStem
Ya_ba_mel_e	PossConc9_RelConc2_VRoot_VerbTerm	NStem_NStem_NStem_NStem	PossConc9_RelConc2_VRoot_VerbTerm	NStem_NStem_NStem_NStem
I__ID_P	NPrePre9_Abbr	NStem_NStem_NStem	NPrePre9_Abbr	NStem_NStem_NStem
u_ku_thol_a	NPrePre15_BPre15_VRoot_VerbTerm	NStem_NStem_VRoot_NStem	NPrePre15_BPre15_VRoot_VerbTerm	NStem_NStem_NStem_NStem
u_ku_bamb_a	NPrePre15_BPre15_VRoot_VerbTerm	NStem_NStem_NStem_NStem	NPrePre15_BPre15_VRoot_VerbTerm	NStem_NStem_NStem_NStem
i_qhaz_a	NPrePre5_BPre5_NStem	NStem_NStem_NStem	NPrePre5_BPre5_NStem	NStem_NStem_NStem
oku_phelel_e	RelConc15_VRoot_ApplExt_VerbTerm	NStem_NStem_NStem	RelConc15_VRoot_ApplExt_VerbTerm	NStem_NStem_NStem
no_vo	AdvPre_NStem	PUNC_PUNC	AdvPre_NStem	NStem_NStem
lo_m_phakathi	PossConc5_NPrePre3_BPre3_NStem	NStem_NStem_NStem	PossConc5_NPrePre3_BPre3_NStem	NStem_NStem_NStem
.	Punc	PUNC	Punc	PUNC
I_Foramu	NPrePre9_NStem	NStem_NStem	NPrePre9_NStem	PUNC_PUNC
i_ng_afak_a	SC9_AdvPre_VRoot_VerbTerm	NStem_NStem_NStem_NStem	SC9_AdvPre_VRoot_VerbTerm	NStem_NStem_NStem_NStem
phakathi	Adv	PUNC	Adv	PUNC
a_ma_khansela	NPrePre6_BPre6_NStem	NStem_NStem_NStem	NPrePre6_BPre6_NStem	NStem_NStem_NStem
,	Punc	PUNC	Punc	PUNC
i_si_gungu	NPrePre7_BPre7_NStem	NStem_NStem_NStem	NPrePre7_BPre7_NStem	NStem_NStem_NStem
esi_phezulu	RelConc7_Adv	NStem_NStem	RelConc7_Adv	NStem_NStem
sa_ma_lungu	PossConc7_NPrePre6_BPre6_NStem	NStem_NStem_NStem	PossConc7_NPrePre6_BPre6_NStem	NStem_NStem_NStem
e_komidi	LocPre_NStem	NStem_NStem	LocPre_NStem	NStem_NStem
,	Punc	PUNC	Punc	PUNC
i_zi_phathimandla	NPrePre8_BPre8_NStem	NStem_NStem_NStem	NPrePre8_BPre8_NStem	NStem_NStem_VRoot
ezi_phezulu	RelConc8_Adv	NStem_NStem	RelConc8_Adv	NStem_NStem
zo_ku_phath_a	PossConc10_NPrePre15_BPre15_VRoot_VerbTerm	NStem_NStem_NStem_NStem	PossConc10_NPrePre15_BPre15_VRoot_VerbTerm	NStem_NStem_NStem_NStem
,	Punc	PUNC	Punc	PUNC
a_ma_lungu	NPrePre6_BPre6_NStem	NStem_NStem_NStem	NPrePre6_BPre6_NStem	NStem_NStem_NStem
e_Komidi	LocPre_NStem	NStem_NStem	LocPre_NStem	NStem_NStem
Le_sigceme	Dem9_Pos1_NStem	NStem_NStem	Dem9_Pos1_NStem	NStem_NStem
na_ba_mel_e	AdvPre_SC2_Intrans_VerbTerm	NStem_NStem_NStem_NStem	AdvPre_SC2_Intrans_VerbTerm	NStem_NStem_NStem_NStem
a_ma_qembu	NPrePre6_BPre6_NStem	NStem_NStem_NStem	NPrePre6_BPre6_NStem	NStem_NStem_NStem
a_hlel_ek_il_e	SC6_VRoot_NPas_Perf_VerbTerm	VRoot_VRoot_VRoot_VRoot_VRoot	SC6_VRoot_NPas_Perf_VerbTerm	VRoot_VRoot_VRoot_VRoot_VRoot
aba_bamb_e	RelConc2_VRoot_VerbTerm	NStem_NStem_NStem	RelConc2_VRoot_VerbTerm	NStem_NStem_NStem
i_qhaz_a	NPrePre5_BPre5_NStem	PUNC_PUNC_PUNC	NPrePre5_BPre5_NStem	NStem_NStem_NStem
,	Punc	PUNC	Punc	PUNC
aba_holi	NPrePre2_BPre2_NStem	NStem_NStem	NPrePre2_BPre2_NStem	PUNC_PUNC
be_ndabuko	PossConc2_NPrePre9_BPre9_NStem	NStem_NStem	PossConc2_NPrePre9_BPre9_NStem	NStem_NStem
na_ba_ntu	AdvPre_NPrePre2_BPre2_NStem	NStem_NStem_NStem	AdvPre_NPrePre2_BPre2_NStem	NStem_NStem_NStem
be_zin_sizakusebenz_a	PossConc2_ReflPre_NStem	VRoot_VRoot_VRoot_VRoot	PossConc2_ReflPre_NStem	VRoot_VRoot_VRoot_VRoot
.	Punc	PUNC	Punc	PUNC
lesi	Dem7_Pos1	PUNC	Dem7_Pos1	PUNC
sakhiwo	PossConc7_NStem	NStem	PossConc7_NStem	NStem
si_gqugquzel_a	SC7_Intrans_ApplExt_VerbTerm	VRoot_VRoot_VRoot	SC7_Intrans_ApplExt_VerbTerm	VRoot_VRoot_VRoot
i_zi_ngxoxo	NPrePre10_BPre10_NStem	NStem_NStem_NStem	NPrePre10_BPre10_NStem	NStem_NStem_NStem
no_ku_thath_w_a	AdvPre_BPre15_VRoot_PassExt_VerbTerm	VRoot_VRoot_VRoot_VRoot_VRoot	AdvPre_BPre15_VRoot_PassExt_VerbTerm	VRoot_VRoot_VRoot_VRoot_VRoot
kwe_zin_qumo	PossConc15_NPrePre10_BPre10_NStem	NStem_NStem_NStem	PossConc15_NPrePre10_BPre10_NStem	NStem_NStem_NStem
oku_fak_a	RelConc15_VRoot_VerbTerm	NStem_NStem_NStem	RelConc15_VRoot_VerbTerm	NStem_NStem_NStem
wo_nke	QuantConc3_QuantStem	NStem_NStem	QuantConc3_QuantStem	PUNC_PUNC
u_mu_ntu	NPrePre1_BPre1_NStem	NStem_NStem_NStem	NPrePre1_BPre1_NStem	NStem_NStem_NStem
mayela_na	NStem_DimSuf	NStem_NStem	NStem_DimSuf	NStem_NStem
ne__ID_P	AdvPre_NPrePre9_Abbr	NStem_NStem_NStem	AdvPre_NPrePre9_Abbr	NStem_NStem_NStem
.	Punc	PUNC	Punc	PUNC
I_Foramu	NPrePre9_NStem	NStem_NStem	NPrePre9_NStem	NStem_NStem
Ya_ba_mel_e	PossConc9_RelConc2_VRoot_VerbTerm	NStem_NStem_NStem_NStem	PossConc9_RelConc2_VRoot_VerbTerm	NStem_NStem_NStem_NStem
i__ID_P	NPre9_Abbr	NStem_NStem_NStem	NPre9_Abbr	NStem_NStem_NStem
ku_fanel_e	SC15_VRoot_ApplExt_VerbTerm	NStem_NStem_NStem	SC15_VRoot_ApplExt_VerbTerm	NStem_NStem_NStem
ku_be	SC15_VRoot_VerbTerm	PUNC_PUNC	SC15_VRoot_VerbTerm	PUNC_PUNC
y_i_n_hlangano	CopPre_NPrePre9_BPre9_NStem	VRoot_VRoot_VRoot_VRoot	CopPre_NPrePre9_BPre9_NStem	VRoot_VRoot_VRoot_VRoot
e_ngeke	RelConc9_Adv	NStem_NStem	RelConc9_Adv	NStem_NStem
i_phel_e	SC9_VRoot_VerbTerm	NStem_NStem_NStem	SC9_VRoot_VerbTerm	NStem_NStem_NStem
,	Punc	NStem	Punc	PUNC
e_nik_w_e	RelConc9_VRoot_PassExt_VerbTerm	NStem_NStem_NStem_NStem	RelConc9_VRoot_PassExt_VerbTerm	NStem_NStem_NStem_NStem
u_m_sebenzi	NPrePre3_BPre3_NStem	NStem_NStem_NStem	NPrePre3_BPre3_NStem	NStem_NStem_NStem
wo_ku_bhek_a	PossConc1_NPrePre15_Intrans_VerbTerm	NStem_NStem_NStem_NStem	PossConc1_NPrePre15_Intrans_VerbTerm	NStem_VRoot_VRoot_VRoot
u_ku_sebenz_a	NPrePre15_BPre15_VRoot_VerbTerm	VRoot_VRoot_VRoot_VRoot	NPrePre15_BPre15_VRoot_VerbTerm	VRoot_VRoot_VRoot_VRoot
nge_si_khathi	AdvPre_NPrePre7_BPre7_NStem	NStem_VRoot_VRoot	AdvPre_NPrePre7_BPre7_NStem	NStem_NStem_NStem
so_kw_enz_iw_a	PossConc7_NPrePre15_BPre15_VRoot_PassExt_VerbTerm	VRoot_VRoot_VRoot_VRoot_VRoot	PossConc7_NPrePre15_BPre15_VRoot_PassExt_VerbTerm	VRoot_VRoot_VRoot_VRoot_VRoot
kwe__ID_P	PossConc15_Abbr	NStem_NStem_NStem	PossConc15_Abbr	NStem_NStem_NStem
.	Punc	PUNC	Punc	PUNC
I_qembu	NPrePre5_NStem	NStem_NStem	NPrePre5_NStem	NStem_NStem
,	Punc	PUNC	Punc	PUNC
li_hol_w_a	SC5_VRoot_PassExt_VerbTerm	NStem_NStem_NStem_NStem	SC5_VRoot_PassExt_VerbTerm	NStem_NStem_NStem_NStem
'	Punc	Conj	Punc	Conj
nga_ba_gqugquzeli	AdvPre_NPrePre2_BPre2_NStem	VRoot_VRoot_VRoot	AdvPre_NPrePre2_BPre2_NStem	VRoot_VRoot_VRoot
'	Punc	PUNC	Punc	Conj
,	Punc	PUNC	Punc	PUNC
ku_mel_e	SC15_VRoot_VerbTerm	NStem_NStem_NStem	SC15_VRoot_VerbTerm	NStem_NStem_NStem
l_ethul_e	SC5_VRoot_VerbTerm	NStem_NStem_NStem	SC5_VRoot_VerbTerm	NStem_NStem_NStem
a_ma_qembu	NPrePre6_BPre6_NStem	NStem_NStem_NStem	NPrePre6_BPre6_NStem	NStem_NStem_NStem
e_hlukahluk_en_e	RelConc6_VRoot_RecipExt_Perf_VerbTerm	VRoot_VRoot_VRoot_VRoot	RelConc6_VRoot_RecipExt_Perf_VerbTerm	VRoot_VRoot_VRoot_VRoot
ngo_kwe_n_hlalo	AdvPre_NPrePre15_PossConc15_BPre9_NStem	VRoot_VRoot_NStem_VRoot	AdvPre_NPrePre15_PossConc15_BPre9_NStem	VRoot_VRoot_VRoot_VRoot
e_m_phakath_ini	LocPre_BPre3_NStem_LocSuf	VRoot_VRoot_VRoot_VRoot	LocPre_BPre3_NStem_LocSuf	VRoot_VRoot_VRoot_VRoot
wa_lo	PossConc3_PronStem5	PUNC_PUNC	PossConc3_PronStem5	PUNC_PUNC
be_se	SC2_AuxVStem	PUNC_PUNC	SC2_AuxVStem	PUNC_PUNC
li_wa_lob_a	SC5_OC5_VRoot_VerbTerm	NStem_NStem_NStem_NStem	SC5_OC5_VRoot_VerbTerm	NStem_NStem_NStem_NStem
kw_i_fliphushadi	LocPre_NPrePre5_NStem	NStem_NStem_NStem	LocPre_NPrePre5_NStem	NStem_NStem_NStem
,	Punc	PUNC	Punc	PUNC
be_se	SC2_AuxVStem	PUNC_PUNC	SC2_AuxVStem	PUNC_PUNC
li_sh_o	SC5_VRoot_VerbTerm	NStem_NStem_NStem	SC5_VRoot_VerbTerm	NStem_NStem_NStem
ka_fushane	AdvPre_AdjStem	NStem_NStem	AdvPre_AdjStem	NStem_NStem
u_kuth_i	Conj	NStem_NStem_NStem	Conj	NStem_NStem_NStem
ku_yi_ni	SC15_CopPre_Interrog	NStem_NStem_NStem	SC15_CopPre_Interrog	NStem_NStem_NStem
,	Punc	PUNC	Punc	PUNC
u_ma	Conj	PUNC_PUNC	Conj	PUNC_PUNC
ku_khona	SC15_Adv	NStem_NStem	SC15_Adv	NStem_NStem
,	Punc	PUNC	Punc	PUNC
oku_yi_zin_guquko	RelConc15_CopPre_BPre10_NStem	VRoot_VRoot_VRoot_VRoot	RelConc15_CopPre_BPre10_NStem	VRoot_VRoot_VRoot_VRoot
ez_enz_ek_il_e	RelConc10_VRoot_NeutExt_Perf_VerbTerm	VRoot_VRoot_VRoot_VRoot_VRoot	RelConc10_VRoot_NeutExt_Perf_VerbTerm	NStem_VRoot_NStem_VRoot_VRoot
e_nhlalakahle_ni	LocPre_NStem_LocSuf	VRoot_VRoot_VRoot	LocPre_NStem_LocSuf	VRoot_VRoot_VRoot
yo_m_phakathi	PossConc4_BPre3_Adv	NStem_NStem_NStem	PossConc4_BPre3_Adv	NStem_NStem_NStem
wa_lo	PossConc3_PronStem5	PUNC_PUNC	PossConc3_PronStem5	PUNC_PUNC
e_mi_nyake_ni	LocPre_NPrePre4_BPre4_NStem_LocSuf	NStem_NStem_NStem_NStem	LocPre_NPrePre4_BPre4_NStem_LocSuf	NStem_NStem_NStem_NStem
e_mbalwa	RelConc4_RelStem	NStem_NStem	RelConc4_RelStem	NStem_NStem
e_dlul_e	RelConc4_VRoot_VerbTerm	NStem_NStem_NStem	RelConc4_VRoot_VerbTerm	NStem_NStem_NStem
be_se	SC2_AuxVStem	PUNC_PUNC	SC2_AuxVStem	PUNC_PUNC
li_nikez_a	SC5_VRoot_VerbTerm	NStem_NStem_NStem	SC5_VRoot_VerbTerm	NStem_NStem_NStem
u_hlu	NPrePre11_NStem	NStem_NStem	NPrePre11_NStem	NStem_NStem
lwa_labo	PossConc11_Dem2_Pos2	NStem_NStem	PossConc11_Dem2_Pos2	NStem_NStem
aba_nge_na_ma_ndla	RelConc2_NegPre_AdvPre_BPre6_NStem	VRoot_VRoot_VRoot_VRoot_VRoot	RelConc2_NegPre_AdvPre_BPre6_NStem	VRoot_VRoot_VRoot_VRoot_VRoot
oku_zi_vikel_a	RelConc15_ReflPre_VRoot_VerbTerm	NStem_NStem_NStem_NStem	RelConc15_ReflPre_VRoot_VerbTerm	NStem_NStem_NStem_NStem
na_labo	AdvPre_Dem2_Pos2	PUNC_PUNC	AdvPre_Dem2_Pos2	PUNC_PUNC
aba_vikel_ek_il_e	RelConc2_VRoot_NeutExt_Perf_VerbTerm	VRoot_VRoot_NStem_VRoot_VRoot	RelConc2_VRoot_NeutExt_Perf_VerbTerm	VRoot_VRoot_VRoot_VRoot_VRoot
,	Punc	PUNC	Punc	PUNC
i_sib.	Abbr	NStem_NStem	Abbr	NStem_NStem
aba_vikel_ek_il_e	RelConc2_VRoot_NeutExt_Perf_VerbTerm	NStem_VRoot_VRoot_VRoot_VRoot	RelConc2_VRoot_NeutExt_Perf_VerbTerm	VRoot_VRoot_VRoot_VRoot_VRoot
ku_nga_ba	SC15_Pot_AuxVStem	NStem_NStem_NStem	SC15_Pot_AuxVStem	NStem_NStem_NStem
nga_ba_fund_el_e	AdvPre_BPre2_VRoot_ApplExt_VerbTerm	NStem_VRoot_NStem_VRoot_NStem	AdvPre_BPre2_VRoot_ApplExt_VerbTerm	NStem_VRoot_NStem_NStem_NStem
i_mi_sebenzi	NPrePre4_BPre4_NStem	NStem_NStem_NStem	NPrePre4_BPre4_NStem	NStem_NStem_NStem
,	Punc	PUNC	Punc	PUNC
aba_nge_na_ma_ndla	RelConc2_NegPre_AdvPre_BPre6_NStem	VRoot_VRoot_VRoot_VRoot_VRoot	RelConc2_NegPre_AdvPre_BPre6_NStem	VRoot_VRoot_VRoot_VRoot_NStem
oku_zi_vikel_a	RelConc15_ReflPre_VRoot_VerbTerm	NStem_NStem_NStem_VRoot	RelConc15_ReflPre_VRoot_VerbTerm	NStem_NStem_NStem_NStem
ku_be	SC15_AuxVStem	PUNC_Conj	SC15_AuxVStem	PUNC_PUNC
nga_ba_qal_a_yo	AdvPre_RelConc2_NStem_RelSuf	NStem_NStem_NStem_NStem_NStem	AdvPre_RelConc2_NStem_RelSuf	NStem_VRoot_NStem_NStem_NStem
u_ku_fun_a	NPrePre15_BPre15_VRoot_VerbTerm	NStem_NStem_NStem_NStem	NPrePre15_BPre15_VRoot_VerbTerm	NStem_NStem_NStem_NStem
a_ma_thuba	NPrePre6_BPre6_NStem	NStem_NStem_NStem	NPrePre6_BPre6_NStem	NStem_NStem_NStem
o_m_sebenzi	RelConc3_BPre3_NStem	NStem_NStem_NStem	RelConc3_BPre3_NStem	NStem_NStem_NStem
.	Punc	PUNC	Punc	PUNC
UNkk	Abbr	PUNC	Abbr	PUNC
Ma_hlangu	ProperName	NStem_NStem	ProperName	NStem_NStem
u_thenge	SC2_VRoot_VerbTerm	NStem_NStem	SC2_VRoot_VerbTerm	NStem_NStem
i_n_dlu	BPre9_NStem	NStem_NStem_NStem	BPre9_NStem	NStem_NStem_NStem
futh_i	Conj	NStem_NStem	Conj	NStem_NStem
u_fun_a	SC2_VRoot_VerbTerm	NStem_NStem_NStem	SC2_VRoot_VerbTerm	PUNC_NStem_PUNC
u_kuth_i	NPrePre15_BPre15_VRoot_VerbTerm	NStem_NStem_NStem	NPrePre15_BPre15_VRoot_VerbTerm	NStem_NStem_NStem
a_fak_el_w_e	SC6_VRoot_ApplExt_PassExt_VerbTerm	VRoot_VRoot_VRoot_VRoot_VRoot	SC6_VRoot_ApplExt_PassExt_VerbTerm	NStem_NStem_NStem_NStem_NStem
u_gesi	NPrePre1a_NStem	NStem_NStem	NPrePre1a_NStem	NStem_NStem
wa_khe	PossConc1a_PronStem1a	PUNC_PUNC	PossConc1a_PronStem1a	PUNC_PUNC
.	Punc	PUNC	Punc	PUNC
U_ya	SC1a_VRoot_VerbTerm	PUNC_PUNC	SC1a_VRoot_VerbTerm	PUNC_PUNC
kwa_masipala	LocPre_NStem	NStem_NStem	LocPre_NStem	NStem_NStem
a_fik_e	SC6_VRoot_VerbTerm	NStem_NStem_NStem	SC6_VRoot_VerbTerm	NStem_NStem_NStem
a_gcwal_is_e	SC6_VRoot_CausExt_VerbTerm	NStem_NStem_NStem_NStem	SC6_VRoot_CausExt_VerbTerm	NStem_NStem_NStem_NStem
a_ma_fomu	NPrePre6_BPre6_NStem	NStem_NStem_NStem	NPrePre6_BPre6_NStem	NStem_NStem_NStem
a_be_se	SC6_VRoot_VerbTerm	NStem_NStem_NStem	SC6_VRoot_VerbTerm	NStem_NStem_NStem
e_khokh_a	NPre1_VRoot_VerbTerm	NStem_NStem_NStem	NPre1_VRoot_VerbTerm	NStem_NStem_NStem
ne_di_phozi_thi	CopPre_NStem	NStem_NStem_NStem_NStem	CopPre_NStem	NStem_NStem_NStem_NStem
.	Punc	PUNC	Punc	PUNC
Uma	Conj	Conj	Conj	PUNC
e_fik_a	NPre1_VRoot_VerbTerm	NStem_NStem_NStem	NPre1_VRoot_VerbTerm	NStem_NStem_NStem
u_bon_a	SC2_VRoot_VerbTerm	NStem_NStem_NStem	SC2_VRoot_VerbTerm	NStem_NStem_NStem
u_mu_gqa	NPrePre1_BPre3_NStem	NStem_NStem_NStem	NPrePre1_BPre3_NStem	NStem_NStem_NStem
omu_de	AdjPref1_AdjStem	NStem_NStem	AdjPref1_AdjStem	NStem_NStem
u_ya_suka__ke	SC1_CopPre_VRoot_VerbTerm_Adv	NStem_NStem_NStem_NStem	SC1_CopPre_VRoot_VerbTerm_Adv	NStem_NStem_NStem_NStem
u_ma	Conj	PUNC_PUNC	Conj	PUNC_PUNC
khona	PronStem15_PronSuf	PUNC	PronStem15_PronSuf	PUNC
lapho	Dem16_Pos2	PUNC	Dem16_Pos2	PUNC
e_mgqe_ni	LocPre_NStem_LocSuf	NStem_NStem_NStem	LocPre_NStem_LocSuf	NStem_NStem_NStem
.	Punc	PUNC	Punc	PUNC
A_ba_sebenzi	NPrePre2_BPre2_NStem	NStem_NStem_NStem	NPrePre2_BPre2_NStem	NStem_NStem_NStem
ba_ka_masipala	PossConc2_PossKA_NStem	NStem_NStem_NStem	PossConc2_PossKA_NStem	NStem_NStem_NStem
ba_hleli	SC2a_VRoot_VerbTerm	NStem_NStem	SC2a_VRoot_VerbTerm	NStem_NStem
ba_fund_a	SC2_VRoot_VerbTerm	NStem_NStem_NStem	SC2_VRoot_VerbTerm	PUNC_PUNC_PUNC
i_pheph_a	BPre5_NStem	NStem_NStem_NStem	BPre5_NStem	NStem_NStem_NStem
ba_phuz_a	SC2_VRoot_VerbTerm	NStem_NStem_NStem	SC2_VRoot_VerbTerm	NStem_NStem_NStem
netiy_e	CopPre_NStem	NStem_NStem	CopPre_NStem	NStem_NStem
.	Punc	PUNC	Punc	PUNC
A_ba_ntu	NPrePre2_BPre2_NStem	NStem_NStem_NStem	NPrePre2_BPre2_NStem	NStem_NStem_NStem
aba_me	RelConc2_Intrans_VerbTerm	PUNC_PUNC	RelConc2_Intrans_VerbTerm	PUNC_PUNC
e_mu_gqe_ni	LocPre_NStem_LocSuf	VRoot_NStem_NStem_NStem	LocPre_NStem_LocSuf	NStem_NStem_NStem_NStem
ba_yakhalaz_a	SC2_CopPre_VRoot_VerbTerm	PUNC_PUNC_PUNC	SC2_CopPre_VRoot_VerbTerm	NStem_NStem_NStem
kodwa	Conj	Conj	Conj	Conj
ba_tshel_w_a	SC2_VRoot_PassExt_VerbTerm	NStem_NStem_NStem_NStem	SC2_VRoot_PassExt_VerbTerm	NStem_NStem_NStem_NStem
u_kuth_i	NPrePre15_BPre15_VRoot_VerbTerm	NStem_NStem_NStem	NPrePre15_BPre15_VRoot_VerbTerm	NStem_NStem_NStem
aba_sebenzi	NPrePre2_BPre2_NStem	NStem_NStem	NPrePre2_BPre2_NStem	NStem_NStem
na_bo	AdvPre_PronStem2	PUNC_PUNC	AdvPre_PronStem2	PUNC_PUNC
'	Punc	Conj	Punc	Conj
ba_ne_lungelo	BPre2_CopPre_NPrePre5_NStem	NStem_NStem_NStem	BPre2_CopPre_NPrePre5_NStem	NStem_NStem_NStem
lo_ku_thath_a	Fut_Intrans_VerbTerm	NStem_NStem_NStem_NStem	Fut_Intrans_VerbTerm	NStem_NStem_NStem_NStem
i_khefu	BPre5_NStem	NStem_NStem	BPre5_NStem	NStem_NStem
'	Punc	Conj	Punc	Conj
.	Punc	PUNC	Punc	PUNC
U_linda	SC5_VRoot_VerbTerm	PUNC_PUNC	SC5_VRoot_VerbTerm	PUNC_PUNC
a_ma_hora	NPrePre6_BPre6_NStem	NStem_NStem_NStem	NPrePre6_BPre6_NStem	NStem_NStem_NStem
a_ma__3	NPrePre6_BPre6_Num	NStem_NStem_NStem	NPrePre6_BPre6_Num	NStem_NStem_NStem
e_m_va	LocPre_BPre3_Adv	NStem_NStem_NStem	LocPre_BPre3_Adv	NStem_NStem_NStem
kwa_lokho	PossConc15_Dem15_Pos2	NStem_NStem	PossConc15_Dem15_Pos2	NStem_NStem
se_ku_y_i_si_khathi	PreLoc-s_LocPre_BPre15_CopPre_NPrePre7_BPre7_NStem	VRoot_VRoot_VRoot_VRoot_VRoot_VRoot	PreLoc-s_LocPre_BPre15_CopPre_NPrePre7_BPre7_NStem	VRoot_VRoot_VRoot_VRoot_VRoot_VRoot
s_e_lantshi	PossConc7_NStem	NStem_NStem_NStem	PossConc7_NStem	VRoot_NStem_VRoot
.	Punc	PUNC	Punc	PUNC
Ngo__2.30	CopPre_Num	NStem_NStem	CopPre_Num	NStem_NStem
emini	LocPre_NStem	PUNC	LocPre_NStem	PUNC
aba_sebenzi	NPrePre2_BPre2_NStem	NStem_NStem	NPrePre2_BPre2_NStem	NStem_NStem
ba_ya_buy_a	SC2_Pres_VRoot_VerbTerm	NStem_NStem_NStem_NStem	SC2_Pres_VRoot_VerbTerm	NStem_NStem_NStem_NStem
kodwa	Conj	Conj	Conj	Conj
e_s_a_khe	RelConc7_VRoot_VerbTerm	NStem_NStem_NStem_NStem	RelConc7_VRoot_VerbTerm	NStem_NStem_NStem_NStem
i_si_khathi	NPrePre7_BPre7_NStem	NStem_NStem_NStem	NPrePre7_BPre7_NStem	NStem_NStem_NStem
u_ma	Conj	PUNC_PUNC	Conj	PUNC_PUNC
si_fik_a	SC7_Intrans_VerbTerm	NStem_NStem_NStem	SC7_Intrans_VerbTerm	NStem_NStem_NStem
se_ku_s_e_mu_va	PossConc7_LocPre_PreLoc-s_LocPre_BPre3_NStem	VRoot_VRoot_VRoot_VRoot_VRoot_VRoot	PossConc7_LocPre_PreLoc-s_LocPre_BPre3_NStem	VRoot_VRoot_VRoot_VRoot_VRoot_VRoot
kwe_si_khathi	LocPre_NPrePre7_BPre7_NStem	NStem_NStem_NStem	LocPre_NPrePre7_BPre7_NStem	NStem_NStem_NStem
ka_khulu	AdvPre_AdjStem	NStem_NStem	AdvPre_AdjStem	NStem_NStem
.	Punc	PUNC	Punc	PUNC
Bhek_is_a	VRoot_CausExt_VerbTerm	NStem_NStem_NStem	VRoot_CausExt_VerbTerm	NStem_NStem_NStem
e_m_buzw_eni	LocPre_BPre3_NStem_LocSuf	VRoot_VRoot_VRoot_VRoot	LocPre_BPre3_NStem_LocSuf	VRoot_VRoot_VRoot_VRoot
we_si_bili	PossConc3_NPrePre7_BPre7_AdjStem	NStem_NStem_NStem	PossConc3_NPrePre7_BPre7_AdjStem	NStem_NStem_NStem
ebese	Conj	NStem	Conj	NStem
u_thath_a	SC1ps_VRoot_VerbTerm	NStem_NStem_NStem	SC1ps_VRoot_VerbTerm	NStem_NStem_NStem
i_zi_m_pendulo	NPrePre10_BPre10_BPre3_NStem	NStem_NStem_NStem_NStem	NPrePre10_BPre10_BPre3_NStem	NStem_NStem_NStem_NStem
.	Punc	PUNC	Punc	PUNC
U_ku_qok_elel_a	NPrePre15_BPre15_NStem	VRoot_VRoot_VRoot_VRoot_VRoot	NPrePre15_BPre15_NStem	VRoot_VRoot_VRoot_VRoot_VRoot
I_zin_hlelo	NPrePre10_BPre10_NStem	VRoot_NStem_NStem	NPrePre10_BPre10_NStem	NStem_NStem_NStem
Ze_n_tuthuko	PossConc8_NStem	NStem_NStem_NStem	PossConc8_NStem	VRoot_VRoot_VRoot
Ezi_didiyel_e	RelConc10_Intrans_VerbTerm	VRoot_VRoot_VRoot	RelConc10_Intrans_VerbTerm	VRoot_VRoot_VRoot
ng_u_m_sebenzi	CopPre_NPrePre3_BPre3_NStem	NStem_NStem_NStem_NStem	CopPre_NPrePre3_BPre3_NStem	NStem_NStem_NStem_NStem
ka_hulumeni	PossKA_NPrePre1a_NStem	NStem_NStem	PossKA_NPrePre1a_NStem	NStem_NStem
wa_s_e_khaya	PossConc1_PreLoc-s_LocPre_NPrePre5_BPre5_NStem	NStem_VRoot_NStem_NStem	PossConc1_PreLoc-s_LocPre_NPrePre5_BPre5_NStem	NStem_NStem_NStem_NStem
.	Punc	PUNC	Punc	PUNC
Lezi	Dem8_Pos1	PUNC	Dem8_Pos1	PUNC
zin_hlelo	BPre10_NStem	NStem_NStem	BPre10_NStem	NStem_NStem
zi_zo_leth_a	SC8_Intrans_VerbTerm	NStem_NStem_NStem_NStem	SC8_Intrans_VerbTerm	NStem_NStem_NStem_NStem
i_n_guquko	NPrePre9_BPre9_NStem	NStem_NStem_NStem	NPrePre9_BPre9_NStem	VRoot_NStem_NStem
e_ma_dolobhe_ni	LocPre_BPre6_NStem_LocSuf	VRoot_NStem_VRoot_NStem	LocPre_BPre6_NStem_LocSuf	NStem_NStem_NStem_NStem
na_s_e_ma_dolobhe_ni_kazi	AdvPre_PreLoc-s_LocPre_BPre6_NStem_LocSuf_AugSuf	VRoot_VRoot_VRoot_VRoot_VRoot_VRoot_VRoot	AdvPre_PreLoc-s_LocPre_BPre6_NStem_LocSuf_AugSuf	VRoot_VRoot_VRoot_VRoot_VRoot_VRoot_VRoot
ne_n_dlel_a	AdvPre_NPrePre9_BPre9_NStem	VRoot_NStem_VRoot_VRoot	AdvPre_NPrePre9_BPre9_NStem	VRoot_NStem_NStem_NStem
a_phath_w_a	RelConc6_VRoot_PassExt_VerbTerm	NStem_NStem_NStem_NStem	RelConc6_VRoot_PassExt_VerbTerm	NStem_NStem_NStem_NStem
nga_yo	AdvPre_PronStem9	PUNC_PUNC	AdvPre_PronStem9	PUNC_PUNC
,	Punc	PUNC	Punc	PUNC
njengoba	Conj	PUNC	Conj	PUNC
i_n_qubo	NPrePre9_BPre9_NStem	NStem_NStem_NStem	NPrePre9_BPre9_NStem	NStem_NStem_NStem
ye__ID_P	PossConc4_Abbr	NStem_NStem_NStem	PossConc4_Abbr	NStem_NStem_NStem
i_bhek_e	SC9_Intrans_VerbTerm	NStem_NStem_NStem	SC9_Intrans_VerbTerm	NStem_NStem_NStem
e_ku_finyelele_ni	LocPre_BPre15_VRoot_ApplExt_VerbTerm_LocSuf	VRoot_VRoot_VRoot_VRoot	LocPre_BPre15_VRoot_ApplExt_VerbTerm_LocSuf	VRoot_VRoot_VRoot_VRoot
ezin_qumw_eni	RelConc8_BPre9_NStem_LocSuf	VRoot_VRoot_VRoot	RelConc8_BPre9_NStem_LocSuf	VRoot_VRoot_VRoot
mayela_na	NStem_DimSuf	NStem_NStem	NStem_DimSuf	NStem_NStem
ne_zin_daba	AdvPre_NPrePre10_BPre10_NStem	NStem_NStem_NStem	AdvPre_NPrePre10_BPre10_NStem	NStem_NStem_NStem
ezi_fan_a	RelConc10_VRoot_VerbTerm	NStem_NStem_NStem	RelConc10_VRoot_VerbTerm	NStem_NStem_NStem
ne_sabelomali	AdvPre_NPrePre7_NStem	NStem_NStem	AdvPre_NPrePre7_NStem	NStem_NStem
si_ka_masipala	PossConc7_PossKA_NStem	NStem_NStem_NStem	PossConc7_PossKA_NStem	NStem_NStem_NStem
,	Punc	PUNC	Punc	PUNC
u_ku_phath_w_a	NPrePre15_BPre15_VRoot_PassExt_VerbTerm	VRoot_VRoot_VRoot_VRoot_VRoot	NPrePre15_BPre15_VRoot_PassExt_VerbTerm	NStem_NStem_VRoot_VRoot_VRoot
ko_m_hlaba	PossConc15_NPrePre3_BPre3_NStem	NStem_NStem_NStem	PossConc15_NPrePre3_BPre3_NStem	NStem_NStem_NStem
,	Punc	PUNC	Punc	PUNC
u_ku_gqugquzel_a	NPrePre15_BPre15_VRoot_ApplExt_VerbTerm	VRoot_VRoot_VRoot_VRoot	NPrePre15_BPre15_VRoot_ApplExt_VerbTerm	VRoot_VRoot_VRoot_VRoot
i_ntuthuko	NPrePre9_BPre9_NStem	NStem_NStem	NPrePre9_BPre9_NStem	NStem_NStem
kwe_zo_mnotho	PossConc15_PossConc8_NStem	NStem_NStem_NStem	PossConc15_PossConc8_NStem	NStem_NStem_NStem
we_n_dawo	PossConc3_BPre9_NStem	NStem_NStem_NStem	PossConc3_BPre9_NStem	NStem_NStem_NStem
no_ku_ku_guqul_w_a	AdvPre_NPrePre15_BPre15_LocPre_VRoot_PassExt_VerbTerm	VRoot_VRoot_VRoot_VRoot_VRoot_VRoot	AdvPre_NPrePre15_BPre15_LocPre_VRoot_PassExt_VerbTerm	VRoot_VRoot_VRoot_VRoot_VRoot_VRoot
kwe_si_khungo	PossConc15_NPrePre7_BPre7_NStem	NStem_NStem_NStem	PossConc15_NPrePre7_BPre7_NStem	NStem_NStem_NStem
.	Punc	PUNC	Punc	PUNC
E_kw_enz_e_ni	LocPre_BPre15_VRoot_VerbTerm_LocSuf	VRoot_VRoot_VRoot_VRoot_VRoot	LocPre_BPre15_VRoot_VerbTerm_LocSuf	VRoot_VRoot_VRoot_VRoot_VRoot
u_m_sebenzi	NPrePre3_BPre3_NStem	NStem_NStem_NStem	NPrePre3_BPre3_NStem	NStem_NStem_NStem
wa_wo	PossConc3_PronStem3	PUNC_PUNC	PossConc3_PronStem3	PUNC_PUNC
,	Punc	PUNC	Punc	PUNC
u_hulumeni	NPrePre1a_NStem	NStem_NStem	NPrePre1a_NStem	NStem_NStem
wa_s_e_khaya	PossConc1_PreLoc-s_LocPre_NPrePre5_BPre5_NStem	NStem_NStem_NStem_NStem	PossConc1_PreLoc-s_LocPre_NPrePre5_BPre5_NStem	NStem_NStem_NStem_NStem
ku_fanel_e	SC15_VRoot_ApplExt_VerbTerm	NStem_NStem_NStem	SC15_VRoot_ApplExt_VerbTerm	NStem_NStem_NStem
u_xhuman_is_e	NPrePre9_NStem	NStem_NStem_NStem_NStem	NPrePre9_NStem	NStem_VRoot_NStem_NStem
futh_i	Conj	NStem_NStem	Conj	NStem_NStem
u_hamb_is_an_is_e	SC1a_VRoot_CausExt_RecipExt_CausExt_VerbTerm	NStem_NStem_VRoot_VRoot_VRoot_NStem	SC1a_VRoot_CausExt_RecipExt_CausExt_VerbTerm	VRoot_VRoot_VRoot_VRoot_VRoot_VRoot
i_zin_hlelo	NPrePre10_BPre10_NStem	NStem_NStem_NStem	NPrePre10_BPre10_NStem	NStem_NStem_NStem
na_ma_su	AdvPre_NPrePre6_BPre6_NStem	PUNC_PUNC_PUNC	AdvPre_NPrePre6_BPre6_NStem	NStem_NStem_NStem
a_wo	PossConc6_PronStem6	PUNC_PUNC	PossConc6_PronStem6	PUNC_PUNC
na_lawo	AdvPre_Dem6_Pos2	NStem_NStem	AdvPre_Dem6_Pos2	NStem_NStem
ezi_nye	AdjPref10_AdjStem	PUNC_PUNC	AdjPref10_AdjStem	PUNC_PUNC
i_zi_gaba	NPrePre8_BPre8_NStem	NStem_NStem_NStem	NPrePre8_BPre8_NStem	NStem_NStem_NStem
zi_ka_hulumeni	PossConc10_PossKA_NPrePre1a_NStem	NStem_NStem_NStem	PossConc10_PossKA_NPrePre1a_NStem	NStem_NStem_NStem
.	Punc	PUNC	Punc	PUNC
lesi	Dem7_Pos1	PUNC	Dem7_Pos1	PUNC
si_fundo	BPre7_NStem	PUNC_PUNC	BPre7_NStem	PUNC_PUNC
so_ku_bon_akal_a_yo	PossConc7_BPre15_NStem_RelSuf	VRoot_VRoot_VRoot_VRoot_VRoot_VRoot	PossConc7_BPre15_NStem_RelSuf	VRoot_VRoot_VRoot_VRoot_VRoot_VRoot
si_vez_a	SC7_Intrans_VerbTerm	NStem_NStem_NStem	SC7_Intrans_VerbTerm	NStem_NStem_NStem
a_ma_nye	AdjPref6_AdjStem	PUNC_PUNC_PUNC	AdjPref6_AdjStem	NStem_NStem_NStem
a_ma_lungis_elelo	NPrePre6_BPre6_NStem	VRoot_NStem_NStem_VRoot	NPrePre6_BPre6_NStem	NStem_VRoot_VRoot_VRoot
e_z_a	RelConc9_VRoot_VerbTerm	NStem_NStem_NStem	RelConc9_VRoot_VerbTerm	NStem_NStem_NStem
e_m_va	LocPre_BPre3_Adv	NStem_NStem_NStem	LocPre_BPre3_Adv	NStem_NStem_NStem
kwe_n_qubo	PossConc15_NPrePre9_BPre9_NStem	NStem_NStem_NStem	PossConc15_NPrePre9_BPre9_NStem	NStem_NStem_NStem
yo_ku_hlol_a	PossConc9_NPrePre15_BPre15_VRoot_VerbTerm	NStem_NStem_NStem_NStem	PossConc9_NPrePre15_BPre15_VRoot_VerbTerm	NStem_NStem_NStem_NStem
i__ID_P	NPre9_Abbr	NStem_NStem_NStem	NPre9_Abbr	PUNC_PUNC_PUNC
yo_Masipala	PossConc9_NStem	NStem_NStem	PossConc9_NStem	NStem_NStem
We_si_fund_a	PossConc3_NPrePre7_BPre7_NStem	NStem_NStem_NStem_NStem	PossConc3_NPrePre7_BPre7_NStem	NStem_NStem_NStem_NStem
Sa_se_Nka_nga_la	PossConc7_Pro_BPre9_NStem	VRoot_VRoot_VRoot_VRoot_VRoot	PossConc7_Pro_BPre9_NStem	VRoot_VRoot_VRoot_VRoot_VRoot
.	Punc	PUNC	Punc	PUNC
I_zi_menenja	NPrePre8_BPre8_NStem	NStem_NStem_NStem	NPrePre8_BPre8_NStem	NStem_NStem_NStem
za_ma_projekthi	PossConc10_BPre6_NStem	NStem_NStem_NStem	PossConc10_BPre6_NStem	NStem_NStem_NStem
zi_nga_wa_landelel_a	SC8_AdvPre_OC3_VRoot_ApplExt_VerbTerm	VRoot_VRoot_VRoot_VRoot_VRoot	SC8_AdvPre_OC3_VRoot_ApplExt_VerbTerm	VRoot_VRoot_VRoot_VRoot_VRoot
ka_njani	AdvPre_Interrog	NStem_NStem	AdvPre_Interrog	NStem_NStem
a_ma_projekthi	NPrePre6_BPre6_NStem	NStem_NStem_NStem	NPrePre6_BPre6_NStem	NStem_NStem_NStem
futh_i	Conj	NStem_PUNC	Conj	NStem_NStem
zi_qinis_ek_is_e	SC8_Intrans_CausExt_VerbTerm	VRoot_VRoot_NStem_VRoot_VRoot	SC8_Intrans_CausExt_VerbTerm	VRoot_VRoot_VRoot_VRoot_VRoot
u_kuth_i	Conj	NStem_NStem_NStem	Conj	NStem_NStem_NStem
zi_sebenz_a	SC10_VRoot_VerbTerm	NStem_NStem_NStem	SC10_VRoot_VerbTerm	NStem_VRoot_VRoot
ngo_ko_hlelo	AdvPre_PossConc15_NStem	NStem_VRoot_NStem	AdvPre_PossConc15_NStem	NStem_NStem_NStem
?	Punc	Conj	Punc	PUNC
A_ba_bambiqhaz_a	NPrePre2_BPre2_NStem	VRoot_VRoot_VRoot_VRoot	NPrePre2_BPre2_NStem	VRoot_VRoot_VRoot_VRoot
ba_sebenz_a	SC2_VRoot_VerbTerm	VRoot_NStem_NStem	SC2_VRoot_VerbTerm	NStem_NStem_NStem
nga_ma_qembu	AdvPre_NPrePre6_BPre6_NStem	NStem_NStem_NStem	AdvPre_NPrePre6_BPre6_NStem	NStem_NStem_NStem
aba_ntu	NPrePre2_BPre2_NStem	NStem_NStem	NPrePre2_BPre2_NStem	NStem_NStem
aba__4	RelConc2_Num	PUNC_PUNC	RelConc2_Num	PUNC_PUNC
ku_y_a	SC15_VRoot_VerbTerm	NStem_NStem_NStem	SC15_VRoot_VerbTerm	NStem_NStem_NStem
kwa_ba_yi__	PossConc15_RelConc2_CopPre_NPrePre4	NStem_NStem_NStem	PossConc15_RelConc2_CopPre_NPrePre4	NStem_NStem_NStem
6	Num	PUNC	Num	PUNC
b_enz_a	SC2_VRoot_VerbTerm	NStem_NStem_NStem	SC2_VRoot_VerbTerm	NStem_NStem_NStem
u_hlelo	NPrePre11_BPre11_NStem	NStem_NStem	NPrePre11_BPre11_NStem	NStem_NStem
lo_ku_sebenz_a	PossConc11_NPrePre15_BPre15_VRoot_VerbTerm	VRoot_VRoot_VRoot_VRoot	PossConc11_NPrePre15_BPre15_VRoot_VerbTerm	VRoot_VRoot_VRoot_VRoot
lu_ka_masipala	PossConc1a_NStem	NStem_NStem_NStem	PossConc1a_NStem	NStem_NStem_VRoot
.	Punc	PUNC	Punc	PUNC
U_ku_bamb_a	NPrePre15_BPre15_VRoot_VerbTerm	NStem_NStem_NStem_NStem	NPrePre15_BPre15_VRoot_VerbTerm	VRoot_NStem_NStem_NStem
i_qhaz_a	NPrePre5_BPre5_NStem	NStem_NStem_NStem	NPrePre5_BPre5_NStem	NStem_NStem_NStem
ko_m_phakathi	PossConc15_NPrePre3_BPre3_NStem	NStem_NStem_NStem	PossConc15_NPrePre3_BPre3_NStem	NStem_NStem_NStem
o_hlelw_eni	LocPre_NStem_LocSuf	VRoot_NStem_VRoot	LocPre_NStem_LocSuf	VRoot_VRoot_VRoot
lwe__ID_P	PossConc11_NPrePre9_Abbr	NStem_NStem_NStem	PossConc11_NPrePre9_Abbr	NStem_NStem_NStem
kw_enz_a	SC15_VRoot_VerbTerm	NStem_NStem_NStem	SC15_VRoot_VerbTerm	NStem_NStem_NStem
i_zakhamuzi	NPrePre8_BPre8_NStem	NStem_NStem	NPrePre8_BPre8_NStem	NStem_NStem
zi_nga_bi	SC8_NegPre_AuxVStem	NStem_NStem_NStem	SC8_NegPre_AuxVStem	NStem_NStem_NStem
nga_ba_khange_z_a_yo	AdvPre_NPrePre2_BPre2_VRoot_VerbTerm_RelSuf	VRoot_VRoot_VRoot_VRoot_VRoot_VRoot	AdvPre_NPrePre2_BPre2_VRoot_VerbTerm_RelSuf	NStem_NStem_NStem_NStem_NStem_NStem
ku_phel_a	SC15_VRoot_VerbTerm	NStem_NStem_NStem	SC15_VRoot_VerbTerm	NStem_NStem_NStem
,	Punc	PUNC	Punc	PUNC
kodwa	Conj	Conj	Conj	PUNC
ba_be	SC2_AuxVStem	PUNC_PUNC	SC2_AuxVStem	PUNC_PUNC
y_i_z_akhamuzi	CopPre_NPrePre8_BPre8_NStem	VRoot_VRoot_VRoot_VRoot	CopPre_NPrePre8_BPre8_NStem	VRoot_VRoot_VRoot_VRoot
ezi_suku_mayo	RelConc8_VRoot_VerbTerm_RelSuf	NStem_NStem_NStem	RelConc8_VRoot_VerbTerm_RelSuf	NStem_NStem_NStem
zi_bamb_e	SC8_VRoot_VerbTerm	NStem_NStem_NStem	SC8_VRoot_VerbTerm	NStem_NStem_NStem
i_qhaz_a	NPrePre5_BPre5_NStem	NStem_NStem_NStem	NPrePre5_BPre5_NStem	NStem_NStem_NStem
e_ku_fez_e_ni	LocPre_BPre15_VRoot_VerbTerm_LocSuf	NStem_NStem_NStem_NStem_NStem	LocPre_BPre15_VRoot_VerbTerm_LocSuf	NStem_NStem_NStem_NStem_NStem
i_zi_fiso	NPrePre8_BPre8_NStem	NStem_NStem_NStem	NPrePre8_BPre8_NStem	NStem_NStem_NStem
za_zo	PossConc8_PronStem10	PUNC_PUNC	PossConc8_PronStem10	PUNC_PUNC
ezi_s_e_m_qoka	RelConc8_PreLoc-s_LocPre_BPre3_NStem	VRoot_VRoot_VRoot_VRoot_VRoot	RelConc8_PreLoc-s_LocPre_BPre3_NStem	VRoot_VRoot_VRoot_VRoot_VRoot
ze_ze_ntuthuko	PossConc8_PossConc10_BPre10_NStem	VRoot_VRoot_VRoot	PossConc8_PossConc10_BPre10_NStem	VRoot_VRoot_VRoot
.	Punc	PUNC	Punc	PUNC
U_ku_phath_a	NPrePre15_BPre15_NStem	PUNC_PUNC_PUNC_PUNC	NPrePre15_BPre15_NStem	NStem_NStem_NStem_NStem
u_ku_sebenz_a	NPrePre15_BPre15_VRoot_VerbTerm	VRoot_VRoot_VRoot_VRoot	NPrePre15_BPre15_VRoot_VerbTerm	NStem_NStem_NStem_NStem
nge_mfanelo	AdvPre_BPre9_NStem	NStem_NStem	AdvPre_BPre9_NStem	NStem_NStem
yi_thuluzi	CopPre_NStem	PUNC_NStem	CopPre_NStem	NStem_NStem
oku_ng_enz_ek_a	RelConc15_Pot_VRoot_NeutExt_VerbTerm	VRoot_VRoot_VRoot_VRoot_VRoot	RelConc15_Pot_VRoot_NeutExt_VerbTerm	VRoot_VRoot_VRoot_VRoot_VRoot
li_setshenz_is_w_e	SC5_VRoot_CausExt_PassExt_VerbTerm	VRoot_VRoot_VRoot_VRoot_VRoot	SC5_VRoot_CausExt_PassExt_VerbTerm	VRoot_VRoot_VRoot_VRoot_VRoot
u_ku_siz_a	NPrePre15_BPre15_VRoot_VerbTerm	NStem_NStem_NStem_NStem	NPrePre15_BPre15_VRoot_VerbTerm	NStem_NStem_NStem_NStem
u_ku_qinis_ek_is_a	NPrePre15_BPre15_VRoot_CausExt_VerbTerm	VRoot_VRoot_VRoot_VRoot_VRoot_VRoot	NPrePre15_BPre15_VRoot_CausExt_VerbTerm	VRoot_VRoot_VRoot_VRoot_VRoot_VRoot
u_kwe_thul_a	NPrePre15_BPre15_VRoot_VerbTerm	NStem_NStem_NStem_NStem	NPrePre15_BPre15_VRoot_VerbTerm	NStem_NStem_NStem_NStem
kwe_zin_sizakalo	PossConc15_NPrePre10_BPre10_NStem	NStem_NStem_NStem	PossConc15_NPrePre10_BPre10_NStem	NStem_NStem_VRoot
ka_nye	AdvPre_AdjStem	PUNC_PUNC	AdvPre_AdjStem	PUNC_PUNC
no_kw_enz_a	AdvPre_NPrePre15_BPre15_VRoot_VerbTerm	NStem_NStem_NStem_VRoot	AdvPre_NPrePre15_BPre15_VRoot_VerbTerm	NStem_NStem_NStem_NStem
ngcono	Adv	NStem	Adv	NStem
u_ku_sebenz_a	NPrePre15_BPre15_VRoot_VerbTerm	NStem_VRoot_NStem_NStem	NPrePre15_BPre15_VRoot_VerbTerm	VRoot_VRoot_VRoot_VRoot
nge_mfanelo	AdvPre_BPre9_NStem	NStem_NStem	AdvPre_BPre9_NStem	NStem_NStem
e_ku_khiqiz_e_ni	RelConc9_LocPre_NStem_LocSuf	VRoot_VRoot_VRoot_VRoot_VRoot	RelConc9_LocPre_NStem_LocSuf	VRoot_VRoot_VRoot_VRoot_VRoot
na_s_e_zinge_ni	AdvPre_PreLoc-s_LocPre_NStem_LocSuf	VRoot_VRoot_VRoot_VRoot_VRoot	AdvPre_PreLoc-s_LocPre_NStem_LocSuf	VRoot_VRoot_VRoot_VRoot_VRoot
eli_fanel_e	RelConc5_VRoot_ApplExt_VerbTerm	NStem_NStem_NStem	RelConc5_VRoot_ApplExt_VerbTerm	NStem_NStem_NStem
.	Punc	PUNC	Punc	PUNC
Okwe_si_thathu	BPre2a_PossConc15_BPre7_NStem	NStem_NStem_NStem	BPre2a_PossConc15_BPre7_NStem	NStem_VRoot_VRoot
,	Punc	PUNC	Punc	PUNC
lokho	Dem15_Pos2	PUNC	Dem15_Pos2	PUNC
oku_phambili	BPre2a_NStem	NStem_NStem	BPre2a_NStem	NStem_NStem
o_hlw_ini	RelConc3_NPrePre11_BPre11_NStem_LocSuf	NStem_NStem_NStem	RelConc3_NPrePre11_BPre11_NStem_LocSuf	NStem_NStem_NStem
lo_ku_balulek_il_e	PossConc5_BPre15_VRoot_Perf	VRoot_VRoot_VRoot_VRoot_VRoot	PossConc5_BPre15_VRoot_Perf	VRoot_VRoot_VRoot_VRoot_VRoot
oku_mayela_na	RelConc15_NStem_DimSuf	NStem_NStem_NStem	RelConc15_NStem_DimSuf	NStem_NStem_NStem
no_kwe_lul_a	AdvPre_BPre15_VRoot_VerbTerm	NStem_NStem_NStem_NStem	AdvPre_BPre15_VRoot_VerbTerm	NStem_NStem_NStem_NStem
noma	Conj	Conj	Conj	Conj
no_kw_enz_iw_a	AdvPre_NPrePre15_BPre15_VRoot_PassExt_VerbTerm	VRoot_VRoot_VRoot_VRoot_VRoot	AdvPre_NPrePre15_BPre15_VRoot_PassExt_VerbTerm	VRoot_VRoot_VRoot_VRoot_VRoot
ngcono	Adv	NStem	Adv	NStem
kwe_mi_sebenzi	PossConc15_NPrePre4_BPre4_NStem	NStem_NStem_NStem	PossConc15_NPrePre4_BPre4_NStem	NStem_NStem_NStem
ku_mel_e	SC15_VRoot_VerbTerm	NStem_NStem_NStem	SC15_VRoot_VerbTerm	NStem_NStem_NStem
ku_nquny_w_e	LocPre_BPre9_NStem	NStem_VRoot_VRoot_NStem	LocPre_BPre9_NStem	VRoot_VRoot_VRoot_VRoot
ngakho	Adv	PUNC	Adv	PUNC
.	Punc	PUNC	Punc	PUNC
Uma	Conj	PUNC	Conj	PUNC
se_bek_w_ethul_il_e	SC2_Pas_BPre15_VRoot_VerbTerm	VRoot_VRoot_VRoot_VRoot_VRoot_NStem	SC2_Pas_BPre15_VRoot_VerbTerm	VRoot_VRoot_VRoot_VRoot_VRoot_VRoot
aba_kuthol_il_e	RelConc2_BPre15_VRoot_Perf	NStem_NStem_NStem_NStem	RelConc2_BPre15_VRoot_Perf	NStem_VRoot_NStem_VRoot
e_m_hlanganw_eni	LocPre_NPrePre3_BPre3_NStem_LocSuf	VRoot_VRoot_VRoot_VRoot	LocPre_NPrePre3_BPre3_NStem_LocSuf	VRoot_VRoot_VRoot_VRoot
wa_bo	PossConc3_PronStem2	PUNC_PUNC	PossConc3_PronStem2	PUNC_NStem
bo_nke	QuantConc2_QuantStem	NStem_NStem	QuantConc2_QuantStem	NStem_NStem
,	Punc	PUNC	Punc	NStem
abe_hlukan_e	RelConc2_NStem	NStem_NStem_NStem	RelConc2_NStem	VRoot_NStem_NStem
ba_be	SC2_AuxVStem	PUNC_PUNC	SC2_AuxVStem	PUNC_PUNC
nga_ma_qembu	AdvPre_NPrePre6_BPre6_NStem	NStem_NStem_NStem	AdvPre_NPrePre6_BPre6_NStem	NStem_NStem_NStem
a_ma_ncane	AdjPref6_AdjStem	NStem_NStem_NStem	AdjPref6_AdjStem	NStem_NStem_NStem
be_se	SC2_AuxVStem	PUNC_PUNC	SC2_AuxVStem	PUNC_PUNC
u_nik_a	SC1_VRoot_VerbTerm	NStem_NStem_NStem	SC1_VRoot_VerbTerm	NStem_NStem_NStem
lelo	Dem5_Pos2	PUNC	Dem5_Pos2	PUNC
na_lelo	AdvPre_Dem5_Pos2	NStem_NStem	AdvPre_Dem5_Pos2	NStem_NStem
qembu	NStem	PUNC	NStem	PUNC
a_ma_phuzu	NPrePre6_BPre6_NStem	NStem_NStem_NStem	NPrePre6_BPre6_NStem	NStem_NStem_NStem
oku_hlol_a	RelConc15_VRoot_VerbTerm	NStem_NStem_NStem	RelConc15_VRoot_VerbTerm	NStem_NStem_NStem
i_m_pahla	NPrePre9_BPre9_NStem	NStem_NStem_NStem	NPrePre9_BPre9_NStem	NStem_NStem_NStem
yo_ku_sebenz_a	PossConc9_NPrePre15_BPre15_VRoot_VerbTerm	VRoot_VRoot_VRoot_VRoot	PossConc9_NPrePre15_BPre15_VRoot_VerbTerm	VRoot_VRoot_VRoot_VRoot
a_nge_bhal_w_e	SC6_NegPre_VRoot_PassExt_VerbTerm	VRoot_VRoot_VRoot_VRoot_VRoot	SC6_NegPre_VRoot_PassExt_VerbTerm	VRoot_VRoot_VRoot_VRoot_VRoot
lu_tho	BPre11_NStem	PUNC_PUNC	BPre11_NStem	PUNC_PUNC
.	Punc	PUNC	Punc	PUNC
A_ba_bamb_e	RelConc2_VRoot_VerbTerm	NStem_NStem_NStem_NStem	RelConc2_VRoot_VerbTerm	NStem_NStem_NStem_NStem
i_qhaz_a	NPrePre5_BPre5_NStem	NStem_NStem_NStem	NPrePre5_BPre5_NStem	NStem_NStem_NStem
ku_mel_e	SC15_VRoot_VerbTerm	NStem_NStem_NStem	SC15_VRoot_VerbTerm	NStem_NStem_NStem
ba_qed_el_e	SC2a_VRoot_VerbTerm	NStem_NStem_NStem_NStem	SC2a_VRoot_VerbTerm	NStem_VRoot_NStem_NStem
u_hlu	NPrePre11_BPre11_NStem	NStem_NStem	NPrePre11_BPre11_NStem	PUNC_PUNC
lwa_ma_phuzu	PossConc11_NPrePre6_BPre6_NStem	NStem_NStem_NStem	PossConc11_NPrePre6_BPre6_NStem	NStem_NStem_VRoot
oku_hlol_a	RelConc15_VRoot_VerbTerm	NStem_NStem_NStem	RelConc15_VRoot_VerbTerm	NStem_NStem_NStem
e_qembu	RelConc9_NPrePre5_BPre5_NStem	NStem_NStem	RelConc9_NPrePre5_BPre5_NStem	PUNC_PUNC
eli_lo_dwa	RelConc5_QuantConc5_QuantStem	NStem_NStem_NStem	RelConc5_QuantConc5_QuantStem	NStem_PUNC_PUNC
esi_gceme_ni	RelConc7_NStem_LocSuf	NStem_NStem_NStem	RelConc7_NStem_LocSuf	NStem_NStem_NStem
sa_bo	PossConc7_PronStem2	PUNC_PUNC	PossConc7_PronStem2	PUNC_PUNC
.	Punc	PUNC	Punc	PUNC
U_kw_akh_iw_a	NPre15_BPre15_VRoot_PassExt_VerbTerm	VRoot_VRoot_VRoot_VRoot_VRoot	NPre15_BPre15_VRoot_PassExt_VerbTerm	VRoot_VRoot_VRoot_VRoot_VRoot
kwe_mi_khandlu	PossConc15_NPrePre4_BPre4_NStem	NStem_NStem_NStem	PossConc15_NPrePre4_BPre4_NStem	NStem_NStem_NStem
ye_si_fund_a	PossConc9_NPrePre7_BPre7_NStem	NStem_NStem_NStem_NStem	PossConc9_NPrePre7_BPre7_NStem	NStem_NStem_NStem_NStem
ye__AIDS	PossConc9_NPrePre9_ProperName	PUNC_PUNC	PossConc9_NPrePre9_ProperName	PUNC_PUNC
.	Punc	PUNC	Punc	PUNC
I_si_thunzi	NPrePre7_BPre7_NStem	NStem_NStem_NStem	NPrePre7_BPre7_NStem	NStem_NStem_NStem
_	Punc		Punc	
u_ku_sebenz_is_an_a	NPrePre15_BPre15_VRoot_CausExt_RecipExt_VerbTerm	VRoot_VRoot_VRoot_VRoot_VRoot_VRoot	NPrePre15_BPre15_VRoot_CausExt_RecipExt_VerbTerm	NStem_NStem_NStem_NStem_NStem_NStem
na_bo	AdvPre_PronStem2	PUNC_PUNC	AdvPre_PronStem2	PUNC_PUNC
bo_nke	QuantConc2_QuantStem	NStem_NStem	QuantConc2_QuantStem	NStem_NStem
aba_bamb_e	RelConc2_VRoot_VerbTerm	NStem_NStem_NStem	RelConc2_VRoot_VerbTerm	NStem_NStem_NStem
i_qhaz_a	NPrePre5_BPre5_NStem	NStem_NStem_NStem	NPrePre5_BPre5_NStem	NStem_NStem_NStem
ku_fanel_e	SC15_VRoot_VerbTerm	NStem_NStem_NStem	SC15_VRoot_VerbTerm	NStem_NStem_NStem
ku_ncik_e	SC15_VRoot_VerbTerm	NStem_NStem_NStem	SC15_VRoot_VerbTerm	NStem_NStem_NStem
e_ku_hloniphane_ni	LocPre_BPre15_VRoot_RecipExt_VerbTerm_LocSuf	VRoot_VRoot_VRoot_VRoot	LocPre_BPre15_VRoot_RecipExt_VerbTerm_LocSuf	VRoot_VRoot_VRoot_VRoot
,	Punc	PUNC	Punc	PUNC
u_ku_lingan_a	NPrePre15_BPre15_VRoot_VerbTerm	NStem_NStem_NStem_NStem	NPrePre15_BPre15_VRoot_VerbTerm	NStem_NStem_NStem_NStem
ne_si_thunzi	AdvPre_NPrePre7_BPre7_NStem	NStem_NStem_NStem	AdvPre_NPrePre7_BPre7_NStem	NStem_NStem_NStem
.	Punc	PUNC	Punc	PUNC
U_m_phathidolobha	NPrePre1_BPre1_NStem	NStem_NStem_NStem	NPrePre1_BPre1_NStem	VRoot_VRoot_VRoot
uMathabo	ProperName	NStem	ProperName	NStem
Leeto	ProperName	PUNC	ProperName	PUNC
wa_ku_masipala	PossConc1_LocPre_NStem	NStem_NStem_NStem	PossConc1_LocPre_NStem	NStem_NStem_NStem
wa_s_e_Matjhabe_ng	PossConc1_PreLoc-s_LocPre_NStem_LocSuf	VRoot_VRoot_VRoot_VRoot_VRoot	PossConc1_PreLoc-s_LocPre_NStem_LocSuf	VRoot_VRoot_VRoot_VRoot_VRoot
e__Free	LocPre_ProperName	PUNC_PUNC	LocPre_ProperName	PUNC_PUNC
State	ProperName	Conj	ProperName	Conj
wa_ngen_a	SC1_VRoot_VerbTerm	NStem_NStem_NStem	SC1_VRoot_VerbTerm	NStem_NStem_NStem
e_hhovisi	LocPre_NStem	NStem_NStem	LocPre_NStem	NStem_NStem
ngo_Mashi	AdvPre_NPrePre1_NStem	NStem_NStem	AdvPre_NPrePre1_NStem	NStem_NStem
20_06	Num	PUNC_PUNC	Num	PUNC_PUNC
.	Punc	PUNC	Punc	PUNC
Nge_nkathi	AdvPre_NPrePre9_NStem	NStem_NStem	AdvPre_NPrePre9_NStem	NStem_NStem
e_qal_a	SC1_VRoot_VerbTerm	NStem_NStem_NStem	SC1_VRoot_VerbTerm	NStem_NStem_NStem
u_ku_sebenz_a	NPrePre15_BPre15_VRoot_VerbTerm	VRoot_VRoot_VRoot_VRoot	NPrePre15_BPre15_VRoot_VerbTerm	NStem_NStem_NStem_NStem
ku_leli	LocPre_Dem5_Pos1	NStem_NStem	LocPre_Dem5_Pos1	NStem_NStem
hhovisi	NStem	NStem	NStem	NStem
lo_masipala	PossConc5_NPrePre1a_NStem	NStem_NStem	PossConc5_NPrePre1a_NStem	NStem_NStem
wa_ye_kw_eleta	SC1_Past_VRoot_VerbTerm	VRoot_NStem_VRoot_VRoot	SC1_Past_VRoot_VerbTerm	NStem_NStem_NStem_NStem
i__Se_di_be_ng	NPrePre9_ProperName	NStem_NStem_NStem_NStem_NStem	NPrePre9_ProperName	NStem_VRoot_NStem_NStem_NStem
Water	ProperName	Conj	ProperName	Conj
i_mali	NPrePre9_BPre9_NStem	PUNC_PUNC	NPrePre9_BPre9_NStem	PUNC_PUNC
e_y_isa_mb_a	RelConc5_CopPre_NPrePre9_NStem	NStem_NStem_NStem_NStem_NStem	RelConc5_CopPre_NPrePre9_NStem	NStem_NStem_NStem_VRoot_NStem
esi_khulu	AdjPref7_AdjStem	NStem_NStem	AdjPref7_AdjStem	NStem_NStem
.	Punc	PUNC	Punc	PUNC
E_mu_va	LocPre_BPre3_Adv	NStem_NStem_NStem	LocPre_BPre3_Adv	NStem_NStem_NStem
nje	Adv	PUNC	Adv	Conj
kwe_zi_nyanga	PossConc15_NPrePre10_BPre1_NStem	NStem_NStem_NStem	PossConc15_NPrePre10_BPre1_NStem	NStem_NStem_NStem
e_thath_e	SC1_VRoot_VerbTerm	NStem_NStem_NStem	SC1_VRoot_VerbTerm	NStem_NStem_NStem
lesi	Dem7_Pos1	PUNC	Dem7_Pos1	PUNC
si_khundla	BPre7_NStem	NStem_NStem	BPre7_NStem	NStem_NStem
i_si_kweletu	NPrePre7_BPre7_NStem	NStem_NStem_VRoot	NPrePre7_BPre7_NStem	NStem_NStem_NStem
sa_khokh_el_w_a	SC7_VRoot_ApplExt_PassExt_VerbTerm	VRoot_VRoot_VRoot_VRoot_VRoot	SC7_VRoot_ApplExt_PassExt_VerbTerm	VRoot_VRoot_VRoot_NStem_VRoot
.	Punc	PUNC	Punc	PUNC
Nga_phandle	AdvPre_Adv	NStem_NStem	AdvPre_Adv	NStem_NStem
kwa_lesi	PossConc15_Dem7_Pos1	NStem_NStem	PossConc15_Dem7_Pos1	NStem_NStem
si_kweletu	BPre7_NStem	NStem_NStem	BPre7_NStem	NStem_NStem
i_mali	NPrePre9_NStem	PUNC_PUNC	NPrePre9_NStem	PUNC_PUNC
yo_ku_sebenz_is_a	PossConc9_NPrePre15_BPre15_VRoot_CausExt_VerbTerm	VRoot_VRoot_VRoot_VRoot_VRoot	PossConc9_NPrePre15_BPre15_VRoot_CausExt_VerbTerm	VRoot_VRoot_VRoot_VRoot_VRoot
u_cingo	NPrePre11_NStem	NStem_NStem	NPrePre11_NStem	NStem_NStem
ng_u_masipala	CopPre_NPrePre1a_NStem	NStem_NStem_NStem	CopPre_NPrePre1a_NStem	NStem_NStem_NStem
ya_yi_phezulu	SC9_SC9_Adv	NStem_NStem_NStem	SC9_SC9_Adv	NStem_NStem_NStem
ka_khulu	AdvPre_AdjStem	NStem_NStem	AdvPre_AdjStem	NStem_NStem
na_yo	AdvPre_PronStem9	PUNC_PUNC	AdvPre_PronStem9	PUNC_PUNC
ngoba	Conj	Conj	Conj	PUNC
u_ku_qoq_w_a	NPrePre15_BPre15_VRoot_PassExt_VerbTerm	VRoot_VRoot_NStem_VRoot_NStem	NPrePre15_BPre15_VRoot_PassExt_VerbTerm	VRoot_VRoot_VRoot_VRoot_VRoot
kwe_mali	PossConc15_NPrePre9_NStem	PUNC_PUNC	PossConc15_NPrePre9_NStem	PUNC_PUNC
e_ngen_a_yo	RelConc9_VRoot_VerbTerm_RelSuf	NStem_NStem_NStem_NStem	RelConc9_VRoot_VerbTerm_RelSuf	NStem_NStem_VRoot_NStem
kwa_ku_ku_bi	SC15_SC15_BPre15_AdjStem	NStem_NStem_NStem_NStem	SC15_SC15_BPre15_AdjStem	NStem_NStem_NStem_NStem
lokhu	Dem15_Pos1	PUNC	Dem15_Pos1	PUNC
kwa_shiy_a	SC15_VRoot_VerbTerm	NStem_NStem_NStem	SC15_VRoot_VerbTerm	NStem_NStem_NStem
u_masipala	NPrePre1a_NStem	NStem_NStem	NPrePre1a_NStem	NStem_NStem
e_shikashik_ek_a	SC1_VRoot_NeutExt_VerbTerm	VRoot_NStem_VRoot_VRoot	SC1_VRoot_NeutExt_VerbTerm	VRoot_VRoot_VRoot_VRoot
u_ku_khokh_a	NPrePre15_BPre15_VRoot_VerbTerm	NStem_VRoot_NStem_NStem	NPrePre15_BPre15_VRoot_VerbTerm	NStem_NStem_NStem_NStem
i_zi_kweletu	NPrePre8_BPre8_NStem	NStem_NStem_NStem	NPrePre8_BPre8_NStem	NStem_NStem_NStem
za_khe	PossConc8_PronStem1	PUNC_PUNC	PossConc8_PronStem1	PUNC_PUNC
.	Punc	PUNC	Punc	PUNC
U_m_phathidolobha	NPrePre1_BPre1_NStem	VRoot_VRoot_VRoot	NPrePre1_BPre1_NStem	VRoot_VRoot_VRoot
wa_m_is_a	SC1_VRoot_VerbTerm	NStem_NStem_NStem_NStem	SC1_VRoot_VerbTerm	PUNC_PUNC_PUNC_PUNC
i_komiti	NPrePre5_NStem	NStem_NStem	NPrePre5_NStem	NStem_NStem
lo_ku_bhek_a	PossConc5_NPrePre15_BPre15_VRoot_VerbTerm	VRoot_VRoot_VRoot_VRoot	PossConc5_NPrePre15_BPre15_VRoot_VerbTerm	NStem_NStem_NStem_NStem
i_mali	NPrePre9_NStem	PUNC_PUNC	NPrePre9_NStem	PUNC_PUNC
e_ngen_a_yo	RelConc9_VRoot_VerbTerm_RelSuf	NStem_NStem_NStem_NStem	RelConc9_VRoot_VerbTerm_RelSuf	NStem_NStem_NStem_NStem
no_ku_setshenz_is_w_a	AdvPre_NPrePre15_BPre15_VRoot_CausExt_PassExt_VerbTerm	VRoot_VRoot_VRoot_VRoot_VRoot_VRoot	AdvPre_NPrePre15_BPre15_VRoot_CausExt_PassExt_VerbTerm	VRoot_VRoot_VRoot_VRoot_VRoot_VRoot
kwa_yo	PossConc15_PronStem9	PUNC_PUNC	PossConc15_PronStem9	PUNC_PUNC
eli_hlangan_a	RelConc5_VRoot_VerbTerm	NStem_NStem_NStem	RelConc5_VRoot_VerbTerm	NStem_NStem_NStem
njalo	Adv	Conj	Adv	PUNC
nge_viki	AdvPre_NStem	NStem_NStem	AdvPre_NStem	NStem_NStem
be_se	SC2_AuxVStem	PUNC_PUNC	SC2_AuxVStem	PUNC_PUNC
li_nikez_a	SC5_VRoot_VerbTerm	NStem_NStem_NStem	SC5_VRoot_VerbTerm	NStem_NStem_NStem
i_mi_biko	NPrePre4_BPre4_NStem	NStem_NStem_NStem	NPrePre4_BPre4_NStem	NStem_NStem_NStem
nge_mali	AdvPre_NPrePre9_NStem	PUNC_PUNC	AdvPre_NPrePre9_NStem	PUNC_PUNC
e_ngen_a_yo	RelConc9_VRoot_VerbTerm_RelSuf	NStem_NStem_NStem_NStem	RelConc9_VRoot_VerbTerm_RelSuf	NStem_NStem_NStem_NStem
ne_phumayo	AdvPre_VRoot_VerbTerm_RelSuf	NStem_NStem	AdvPre_VRoot_VerbTerm_RelSuf	NStem_NStem
ku_masipala	LocPre_NStem	NStem_NStem	LocPre_NStem	NStem_NStem
ka_nye	Conj	PUNC_PUNC	Conj	PUNC_PUNC
ne_zin_dawo	AdvPre_NPrePre10_BPre10_NStem	NStem_NStem_NStem	AdvPre_NPrePre10_BPre10_NStem	NStem_NStem_NStem
oku_ng_enz_ek_a	RelConc15_Pot_VRoot_NeutExt_VerbTerm	VRoot_VRoot_NStem_VRoot_NStem	RelConc15_Pot_VRoot_NeutExt_VerbTerm	VRoot_VRoot_VRoot_VRoot_VRoot
zi_bu_thakathaka	SC10_BPre14_VRoot_VerbTerm	VRoot_VRoot_NStem	SC10_BPre14_VRoot_VerbTerm	NStem_NStem_NStem
e_ku_sebenze_ni	LocPre_BPre15_VRoot_VerbTerm_LocSuf	NStem_NStem_NStem_NStem	LocPre_BPre15_VRoot_VerbTerm_LocSuf	NStem_NStem_NStem_NStem
na_s_e_ku_thul_w_e_ni	AdvPre_PreLoc-s_LocPre_BPre15_VRoot_PassExt_RecipExt_VerbTerm	VRoot_VRoot_VRoot_VRoot_VRoot_VRoot_VRoot_VRoot	AdvPre_PreLoc-s_LocPre_BPre15_VRoot_PassExt_RecipExt_VerbTerm	VRoot_VRoot_VRoot_VRoot_VRoot_VRoot_VRoot_VRoot
kwe_zin_sizakalo	PossConc15_NPrePre10_BPre10_NStem	NStem_NStem_NStem	PossConc15_NPrePre10_BPre10_NStem	NStem_NStem_NStem
ng_u_masipala	CopPre_NPrePre1_NStem	NStem_NStem_NStem	CopPre_NPrePre1_NStem	NStem_NStem_NStem
.	Punc	PUNC	Punc	PUNC
Ngenxa	Conj	NStem	Conj	NStem
yo_ku_th_i	PossConc9_Conj	NStem_NStem_NStem_NStem	PossConc9_Conj	NStem_NStem_NStem_NStem
u_masipala	NPrePre1a_NStem	NStem_NStem	NPrePre1a_NStem	NStem_NStem
wa_ye_no_lw_az_i	RelConc1_PossConc9_AdvPre_NPrePre11_BPre11_NStem	VRoot_VRoot_VRoot_VRoot_VRoot_VRoot	RelConc1_PossConc9_AdvPre_NPrePre11_BPre11_NStem	VRoot_VRoot_VRoot_VRoot_VRoot_VRoot
olu_ncane	RelConc11_AdjStem	NStem_NStem	RelConc11_AdjStem	NStem_NStem
nge_z_akhamizi	AdvPre_NPrePre8_NStem	NStem_NStem_NStem	AdvPre_NPrePre8_NStem	NStem_NStem_NStem
zi_ka_masipala	PossConc8_PossKA_NStem	NStem_NStem_NStem	PossConc8_PossKA_NStem	NStem_NStem_NStem
,	Punc	PUNC	Punc	PUNC
i_phrojekthi	NPrePre5_NStem	NStem_NStem	NPrePre5_NStem	NStem_NStem
yo_ku_qoq_a	PossConc9_NPrePre15_BPre15_VRoot_VerbTerm	NStem_VRoot_NStem_NStem	PossConc9_NPrePre15_BPre15_VRoot_VerbTerm	NStem_NStem_NStem_NStem
u_lw_az_i	NPrePre11_BPre11_NStem	NStem_NStem_VRoot_NStem	NPrePre11_BPre11_NStem	NStem_NStem_NStem_NStem
i_ya_thuthuk_is_w_a	SC5_Pres_VRoot_CausExt_PassExt_VerbTerm	VRoot_VRoot_VRoot_VRoot_VRoot_VRoot	SC5_Pres_VRoot_CausExt_PassExt_VerbTerm	VRoot_VRoot_VRoot_VRoot_VRoot_VRoot
u_kuze	Conj	NStem_NStem	Conj	PUNC_PUNC
u_masipala	NPrePre1a_NStem	NStem_NStem	NPrePre1a_NStem	NStem_NStem
a_be	SC1_AuxVStem	PUNC_PUNC	SC1_AuxVStem	PUNC_PUNC
no_lw_az_i	AdvPre_NPrePre11_BPre11_NStem	VRoot_VRoot_VRoot_VRoot	AdvPre_NPrePre11_BPre11_NStem	NStem_NStem_NStem_NStem
olu_ngcono	RelConc11_RelStem	NStem_NStem	RelConc11_RelStem	NStem_NStem
lo_ku_th_i	PossConc5_Conj	NStem_NStem_NStem_NStem	PossConc5_Conj	NStem_NStem_NStem_NStem
nga_ma_khaya	AdvPre_NPrePre6_BPre6_NStem	NStem_NStem_NStem	AdvPre_NPrePre6_BPre6_NStem	NStem_NStem_NStem
amangaki	NPrePre6_BPre6_Interrog	NStem	NPrePre6_BPre6_Interrog	NStem
oku_m_el_e	RelConc15_VRoot_ApplExt_VerbTerm	NStem_NStem_NStem_NStem	RelConc15_VRoot_ApplExt_VerbTerm	NStem_NStem_NStem_NStem
a_wa_nikez_e	SC1_OC6_VRoot_VerbTerm	NStem_NStem_NStem_NStem	SC1_OC6_VRoot_VerbTerm	VRoot_NStem_NStem_NStem
a_ma_nzi	NPrePre6_BPre6_NStem	NStem_NStem_NStem	NPrePre6_BPre6_NStem	NStem_NStem_NStem
no_gesi	AdvPre_NPrePre1a_NStem	NStem_NStem	AdvPre_NPrePre1a_NStem	NStem_NStem
no_ku_th_i	AdvPre_BPre15_VRoot_VerbTerm	NStem_NStem_NStem_NStem	AdvPre_BPre15_VRoot_VerbTerm	NStem_NStem_NStem_NStem
y_i_zi_phi	CopPre_BPre10_Interrog	NStem_NStem_NStem_NStem	CopPre_BPre10_Interrog	NStem_NStem_NStem_NStem
i_zi_mfuno	NPrePre10_BPre10_NStem	NStem_NStem_NStem	NPrePre10_BPre10_NStem	NStem_NStem_NStem
ze_zin_sizakalo	PossConc10_NPrePre10_BPre10_NStem	NStem_NStem_NStem	PossConc10_NPrePre10_BPre10_NStem	VRoot_NStem_NStem
.	Punc	PUNC	Punc	PUNC
U_thi	SC1_VRoot_VerbTerm	PUNC_PUNC	SC1_VRoot_VerbTerm	PUNC_PUNC
ye_na	PronStem1_PronSuf	PUNC_PUNC	PronStem1_PronSuf	PUNC_PUNC
oku_s_e_m_qoka	RelConc15_PreLoc-s_LocPre_BPre3_NStem	NStem_NStem_VRoot_VRoot_VRoot	RelConc15_PreLoc-s_LocPre_BPre3_NStem	VRoot_VRoot_VRoot_VRoot_VRoot
ko_ku_th_i	PossConc15_NPrePre15_BPre15_VRoot_VerbTerm	NStem_NStem_NStem_NStem	PossConc15_NPrePre15_BPre15_VRoot_VerbTerm	NStem_NStem_NStem_NStem
a_finyelel_e	SC1_VRoot_VerbTerm	NStem_NStem_NStem	SC1_VRoot_VerbTerm	NStem_NStem_NStem
i_zin_hloso	NPrePre10_BPre10_NStem	NStem_NStem_NStem	NPrePre10_BPre10_NStem	NStem_NStem_NStem
za_khe	PossConc10_PronStem1	PUNC_PUNC	PossConc10_PronStem1	PUNC_PUNC
yi_su	CopPre_NPrePre5_NStem	PUNC_PUNC	CopPre_NPrePre5_NStem	PUNC_PUNC
la_khe	PossConc5_PronStem1	PUNC_PUNC	PossConc5_PronStem1	PUNC_PUNC
lo_ku_y_a	PossConc5_NPrePre15_BPre15_NStem	NStem_NStem_NStem_NStem	PossConc5_NPrePre15_BPre15_NStem	NStem_NStem_NStem_NStem
phansi	Adv	NStem	Adv	NStem
e_ba_ntw_ini	LocPre_BPre2_NStem_LocSuf	NStem_NStem_NStem_NStem	LocPre_BPre2_NStem_LocSuf	NStem_NStem_NStem_NStem
.	Punc	PUNC	Punc	PUNC
U_M_thetho	NPrePre1_ProperName	NStem_NStem_NStem	NPrePre1_ProperName	NStem_NStem_NStem
We_n_tela	PossConc3_NPrePre9_BPre9_NStem	NStem_NStem_NStem	PossConc3_NPrePre9_BPre9_NStem	NStem_NStem_NStem
Yezin_dawo	PossConc4_NPrePre10_BPre10_NStem	NStem_NStem	PossConc4_NPrePre10_BPre10_NStem	NStem_NStem
Zi_ka_masipala	PossConc8_PossKA_NStem	NStem_NStem_NStem	PossConc8_PossKA_NStem	NStem_NStem_NStem
u_khomb_is_a	SC3_VRoot_CausExt_VerbTerm	VRoot_NStem_NStem_VRoot	SC3_VRoot_CausExt_VerbTerm	NStem_NStem_VRoot_NStem
o_masipala	NPrePre2a_NStem	NStem_NStem	NPrePre2a_NStem	NStem_NStem
u_kuth_i	Conj	NStem_NStem_NStem	Conj	NStem_NStem_NStem
ku_fanel_e	SC15_VRoot_ApplExt_VerbTerm	NStem_NStem_NStem	SC15_VRoot_ApplExt_VerbTerm	NStem_NStem_NStem
ba_yi_thel_is_e	SC2_CopPre_VRoot_CausExt_VerbTerm	VRoot_NStem_VRoot_VRoot_VRoot	SC2_CopPre_VRoot_CausExt_VerbTerm	VRoot_VRoot_VRoot_VRoot_VRoot
ka_njani	AdvPre_Interrog	NStem_NStem	AdvPre_Interrog	NStem_NStem
i_ntela	NPrePre9_BPre9_NStem	NStem_NStem	NPrePre9_BPre9_NStem	NStem_NStem
ka_masipala	PossKA_NPrePre1a_NStem	NStem_NStem	PossKA_NPrePre1a_NStem	NStem_NStem
(	Punc	Conj	Punc	Conj
i_ntela	NPrePre9_BPre9_NStem	NStem_NStem	NPrePre9_BPre9_NStem	NStem_NStem
ye_n_dawo	PossConc9_NPrePre9_BPre9_NStem	NStem_NStem_NStem	PossConc9_NPrePre9_BPre9_NStem	NStem_NStem_NStem
)	Punc	Conj	Punc	Conj
ezin_dawe_ni	RelConc10_BPre10_NStem_LocSuf	NStem_NStem_NStem	RelConc10_BPre10_NStem_LocSuf	NStem_NStem_NStem
za_bo	PossConc10_PronStem2	PUNC_PUNC	PossConc10_PronStem2	PUNC_PUNC
.	Punc	PUNC	Punc	NStem
U_m_thetho	NPrePre3_BPre3_NStem	NStem_NStem_NStem	NPrePre3_BPre3_NStem	NStem_NStem_NStem
u_hlose	SC3_VRoot_VerbTerm	NStem_NStem	SC3_VRoot_VerbTerm	NStem_NStem
u_kw_enz_a	NPrePre15_BPre15_VRoot_VerbTerm	NStem_NStem_NStem_NStem	NPrePre15_BPre15_VRoot_VerbTerm	NStem_NStem_NStem_NStem
i_zin_dlel_a	NPrePre10_BPre10_NStem	PUNC_PUNC_PUNC_PUNC	NPrePre10_BPre10_NStem	NStem_NStem_NStem_NStem
zo_ku_hlol_a	PossConc10_NPrePre15_BPre15_VRoot_VerbTerm	NStem_NStem_NStem_NStem	PossConc10_NPrePre15_BPre15_VRoot_VerbTerm	PUNC_PUNC_PUNC_PUNC
ngo_kwe_zinga	AdvPre_NPrePre15_PossConc15_NStem	NStem_NStem_NStem	AdvPre_NPrePre15_PossConc15_NStem	NStem_NStem_NStem
i_zin_dawo	NPrePre10_BPre10_NStem	NStem_NStem_NStem	NPrePre10_BPre10_NStem	NStem_NStem_NStem
nge_zin_hloso	AdvPre_NPrePre10_BPre10_NStem	NStem_NStem_NStem	AdvPre_NPrePre10_BPre10_NStem	NStem_NStem_NStem
zo_ku_thel_is_a	PossConc10_BPre15_NStem	VRoot_VRoot_VRoot_VRoot_VRoot	PossConc10_BPre15_NStem	VRoot_VRoot_VRoot_VRoot_VRoot
i_ntela	NPrePre9_BPre9_NStem	NStem_NStem	NPrePre9_BPre9_NStem	NStem_NStem
ka_masipala	PossKA_NPrePre1a_NStem	NStem_NStem	PossKA_NPrePre1a_NStem	NStem_NStem
nge_n_dlel_a	AdvPre_NPrePre9_BPre9_NStem	NStem_NStem_VRoot_NStem	AdvPre_NPrePre9_BPre9_NStem	VRoot_NStem_NStem_NStem
e_no_bu_lungis_w_a	LocPre_AdvPre_BPre14_NStem	VRoot_VRoot_VRoot_VRoot_VRoot_VRoot	LocPre_AdvPre_BPre14_NStem	VRoot_VRoot_VRoot_VRoot_VRoot_VRoot
futh_i	Conj	NStem_NStem	Conj	NStem_NStem
elingan_a_yo	RelConc9_VRoot_VerbTerm_RelSuf	NStem_NStem_NStem	RelConc9_VRoot_VerbTerm_RelSuf	NStem_NStem_NStem
.	Punc	PUNC	Punc	PUNC
U_ku_hlol_w_a	NPrePre15_BPre15_VRoot_PassExt_VerbTerm	VRoot_VRoot_VRoot_VRoot_VRoot	NPrePre15_BPre15_VRoot_PassExt_VerbTerm	VRoot_VRoot_VRoot_VRoot_VRoot
kwe_projekthi	PossConc15_NPrePre5_NStem	NStem_NStem	PossConc15_NPrePre5_NStem	NStem_NStem
_	Punc		Punc	
u_ku_hlol_a	NPrePre15_BPre15_VRoot_VerbTerm	NStem_NStem_NStem_NStem	NPrePre15_BPre15_VRoot_VerbTerm	NStem_NStem_VRoot_VRoot
ka_nye	Conj	PUNC_PUNC	Conj	PUNC_PUNC
no_ku_buyekez_w_a	AdvPre_NPrePre15_BPre15_VRoot_PassExt_VerbTerm	VRoot_VRoot_VRoot_VRoot_VRoot	AdvPre_NPrePre15_BPre15_VRoot_PassExt_VerbTerm	VRoot_VRoot_VRoot_VRoot_VRoot
ku_setshenz_is_w_a	SC15_VRoot_CausExt_PassExt_VerbTerm	VRoot_VRoot_VRoot_VRoot_VRoot	SC15_VRoot_CausExt_PassExt_VerbTerm	VRoot_VRoot_VRoot_VRoot_VRoot
i_zin_komba	NPrePre10_BPre10_NStem	PUNC_NStem_NStem	NPrePre10_BPre10_NStem	NStem_NStem_NStem
e_be_zi_nquny_w_e	RelConc9_PossConc2_ReflPre_BPre9_VRoot_PassExt_VerbTerm	VRoot_VRoot_VRoot_VRoot_VRoot_VRoot	RelConc9_PossConc2_ReflPre_BPre9_VRoot_PassExt_VerbTerm	NStem_VRoot_NStem_VRoot_NStem_VRoot
e_ku_qale_ni	LocPre_BPre15_VRoot_VerbTerm_LocSuf	NStem_NStem_NStem_NStem	LocPre_BPre15_VRoot_VerbTerm_LocSuf	NStem_NStem_NStem_VRoot
u_ku_nqum_a	NPrePre15_BPre15_NStem	VRoot_VRoot_VRoot_VRoot	NPrePre15_BPre15_NStem	VRoot_VRoot_VRoot_VRoot
u_kuth_i	Conj	NStem_NStem_NStem	Conj	NStem_NStem_NStem
i_projekthi	NPrePre5_NStem	NStem_NStem	NPrePre5_NStem	NStem_NStem
i_qhubekel_a	SC5_VRoot_NeutExt_ApplExt_VerbTerm	VRoot_VRoot_VRoot	SC5_VRoot_NeutExt_ApplExt_VerbTerm	VRoot_VRoot_VRoot
ka_njani	AdvPre_Interrog	NStem_NStem	AdvPre_Interrog	PUNC_PUNC
phambili	Adv	PUNC	Adv	PUNC
,	Punc	Conj	Punc	PUNC
y_i_zi_phi	CopPre_BPre10_Interrog	NStem_NStem_NStem_NStem	CopPre_BPre10_Interrog	NStem_NStem_NStem_NStem
i_zin_gqinamb_a	NPrePre10_BPre10_NStem	VRoot_VRoot_VRoot_VRoot	NPrePre10_BPre10_NStem	VRoot_VRoot_VRoot_VRoot
e_se_zi_qhamuk_il_e	RelConc9_Pro_ReflPre_VRoot_Perf	VRoot_VRoot_NStem_VRoot_VRoot_VRoot	RelConc9_Pro_ReflPre_VRoot_Perf	VRoot_VRoot_VRoot_VRoot_VRoot_VRoot
ka_nye	Conj	PUNC_PUNC	Conj	PUNC_PUNC
no_ku_th_i	AdvPre_BPre15_VRoot_VerbTerm	NStem_NStem_NStem_NStem	AdvPre_BPre15_VRoot_VerbTerm	NStem_NStem_NStem_NStem
u_ku_setshenz_is_w_a	NPrePre15_BPre15_VRoot_CausExt_PassExt_VerbTerm	VRoot_VRoot_VRoot_VRoot_VRoot_VRoot	NPrePre15_BPre15_VRoot_CausExt_PassExt_VerbTerm	VRoot_VRoot_VRoot_VRoot_VRoot_VRoot
kwe_projekthi	PossConc15_NPrePre5_NStem	NStem_NStem	PossConc15_NPrePre5_NStem	NStem_NStem
ku_nga_s_hintshw_a	BPre15_Pot_VRoot_PassExt_VerbTerm	VRoot_VRoot_VRoot_VRoot_VRoot	BPre15_Pot_VRoot_PassExt_VerbTerm	VRoot_VRoot_VRoot_VRoot_VRoot
ka_njani	AdvPre_Interrog	NStem_NStem	AdvPre_Interrog	NStem_NStem
.	Punc	PUNC	Punc	PUNC
Uma	Conj	Conj	Conj	Conj
u_masipala	NPrePre1a_NStem	NStem_NStem	NPrePre1a_NStem	NStem_NStem
e_dinga	RelConc9_VRoot_VerbTerm	NStem_NStem	RelConc9_VRoot_VerbTerm	NStem_NStem
u_kw_akha	NPrePre15_BPre15_VRoot_VerbTerm	NStem_NStem_NStem	NPrePre15_BPre15_VRoot_VerbTerm	NStem_NStem_NStem
i_su	NPrePre5_BPre5_NStem	PUNC_PUNC	NPrePre5_BPre5_NStem	PUNC_PUNC
le__HI_V	PossConc5_Abbr	NStem_NStem_NStem	PossConc5_Abbr	NStem_NStem_NStem
/	Punc	Conj	Punc	Conj
AIDS	ProperName	PUNC	ProperName	PUNC
.	Punc	PUNC	Punc	PUNC
U_hlelo	NPrePre11_BPre11_NStem	NStem_NStem	NPrePre11_BPre11_NStem	NStem_NStem
olu_sebenz_a_yo	RelConc11_VRoot_VerbTerm_RelSuf	VRoot_VRoot_VRoot_VRoot	RelConc11_VRoot_VerbTerm_RelSuf	VRoot_VRoot_VRoot_VRoot
lwe__HI_V	PossConc11_NPrePre9_Abbr	NStem_NStem_NStem	PossConc11_NPrePre9_Abbr	NStem_NStem_NStem
/	Punc	Conj	Punc	Conj
AIDS	ProperName	Conj	ProperName	Conj
lu_dinga	OC14_Intrans_VerbTerm	NStem_NStem	OC14_Intrans_VerbTerm	NStem_NStem
i_su	NPrePre5_BPre5_NStem	PUNC_PUNC	NPrePre5_BPre5_NStem	PUNC_PUNC
lo_ku_ngen_elel_a	PossConc5_BPre15_NStem	VRoot_VRoot_VRoot_VRoot_VRoot	PossConc5_BPre15_NStem	VRoot_VRoot_VRoot_VRoot_VRoot
no_ku_bamb_is_an_a	AdvPre_NPrePre15_BPre15_VRoot_CausExt_RecipExt_VerbTerm	VRoot_VRoot_VRoot_VRoot_VRoot_VRoot	AdvPre_NPrePre15_BPre15_VRoot_CausExt_RecipExt_VerbTerm	VRoot_VRoot_VRoot_VRoot_VRoot_VRoot
ne_lo_ku_xhas_a	AdvPre_RelConc15_Intrans_VerbTerm	VRoot_VRoot_VRoot_VRoot_VRoot	AdvPre_RelConc15_Intrans_VerbTerm	VRoot_VRoot_VRoot_VRoot_VRoot
lwa_bo	PossConc11_PronStem2	NStem_NStem	PossConc11_PronStem2	NStem_NStem
bo_nke	QuantConc2_QuantStem	NStem_NStem	QuantConc2_QuantStem	NStem_NStem
aba_bamb_e	RelConc2_VRoot_VerbTerm	NStem_NStem_NStem	RelConc2_VRoot_VerbTerm	NStem_NStem_NStem
i_qhaz_a	NPrePre5_BPre5_NStem	NStem_NStem_NStem	NPrePre5_BPre5_NStem	NStem_NStem_NStem
.	Punc	PUNC	Punc	PUNC
U_m_khandlu	NPrePre3_BPre3_NStem	NStem_NStem_NStem	NPrePre3_BPre3_NStem	NStem_NStem_NStem
u_ng_enz_a	SC2_Pot_VRoot_VerbTerm	NStem_NStem_NStem_NStem	SC2_Pot_VRoot_VerbTerm	VRoot_NStem_NStem_VRoot
i_Foramu	NPrePre9_NStem	PUNC_PUNC	NPrePre9_NStem	NStem_NStem
e_na_bo	LocPre_NStem	NStem_NStem_NStem	LocPre_NStem	NStem_NStem_NStem
bo_nke	QuantConc2_QuantStem	NStem_NStem	QuantConc2_QuantStem	NStem_NStem
aba_m_bandakenyakayo	RelConc2_VRoot_NeutExt_VerbTerm_RelSuf	VRoot_VRoot_VRoot	RelConc2_VRoot_NeutExt_VerbTerm_RelSuf	VRoot_VRoot_VRoot
oku_fak_a	RelConc15_VRoot_VerbTerm	NStem_NStem_NStem	RelConc15_VRoot_VerbTerm	NStem_NStem_NStem
phakathi	Adv	PUNC	Adv	PUNC
u_sizo	NPrePre11_BPre11_NStem	NStem_NStem	NPrePre11_BPre11_NStem	NStem_NStem
luka_zwelonke	PossConc11_NPrePre1a_NStem	NStem_NStem	PossConc11_NPrePre1a_NStem	NStem_NStem
no_lwe_si_fund_a	AdvPre_PossConc11_BPre7_NStem	VRoot_VRoot_VRoot_VRoot_VRoot	AdvPre_PossConc11_BPre7_NStem	NStem_NStem_NStem_NStem_NStem
njengo_M_nyango	AdvPre_NStem	NStem_NStem_NStem	AdvPre_NStem	VRoot_NStem_NStem
We_ze_m_pilo	PossConc3_PossConc8_BPre3_NStem	NStem_NStem_NStem_NStem	PossConc3_PossConc8_BPre3_NStem	NStem_NStem_NStem_NStem
,	Punc	PUNC	Punc	PUNC
U_m_nyango	NPrePre3_BPre3_NStem	NStem_NStem_NStem	NPrePre3_BPre3_NStem	NStem_NStem_NStem
We_za_manzi	PossConc3_Pres_NStem	NStem_NStem_NStem	PossConc3_Pres_NStem	NStem_NStem_NStem
no_M_nyango	AdvPre_NStem	NStem_NStem_NStem	AdvPre_NStem	NStem_NStem_NStem
We_ze_m_fundo	PossConc1_PossConc8_BPre3_NStem	NStem_NStem_NStem_NStem	PossConc1_PossConc8_BPre3_NStem	NStem_NStem_NStem_NStem
,	Punc	PUNC	Punc	PUNC
a_ma__NGO	NPrePre6_BPre6_Abbr	NStem_NStem_NStem	NPrePre6_BPre6_Abbr	NStem_NStem_NStem
na_ma__C_BO	AdvPre_NPrePre6_BPre6_Abbr	NStem_NStem_NStem_NStem	AdvPre_NPrePre6_BPre6_Abbr	NStem_NStem_NStem_NStem
a_sebenz_a	SC1_VRoot_VerbTerm	NStem_NStem_NStem	SC1_VRoot_VerbTerm	NStem_NStem_NStem
nge_zin_daba	AdvPre_NPrePre10_BPre10_NStem	NStem_NStem_NStem	AdvPre_NPrePre10_BPre10_NStem	NStem_NStem_NStem
ze__HI_V	PossConc10_Abbr	NStem_NStem_NStem	PossConc10_Abbr	NStem_NStem_NStem
/	Punc	Conj	Punc	Conj
AIDS	ProperName	Conj	ProperName	PUNC
,	Punc	PUNC	Punc	PUNC
i_zin_hlangano	NPrePre10_BPre10_NStem	NStem_VRoot_NStem	NPrePre10_BPre10_NStem	VRoot_VRoot_NStem
ze_ze_nhlalakahle	PossConc10_Pas_BPre9_NStem	VRoot_VRoot_VRoot	PossConc10_Pas_BPre9_NStem	VRoot_VRoot_VRoot
,	Punc	PUNC	Punc	PUNC
i_mi_khandlu	NPrePre4_BPre4_NStem	NStem_NStem_NStem	NPrePre4_BPre4_NStem	NStem_NStem_NStem
ye__AIDS	PossConc9_ProperName	PUNC_PUNC	PossConc9_ProperName	PUNC_PUNC
ye_si_fund_a	PossConc9_NPrePre7_BPre7_NStem	NStem_NStem_NStem_NStem	PossConc9_NPrePre7_BPre7_NStem	NStem_NStem_NStem_NStem
ne_ye_n_dawo	AdvPre_PossConc9_BPre9_NStem	NStem_NStem_NStem_NStem	AdvPre_PossConc9_BPre9_NStem	NStem_NStem_VRoot_NStem
ne_zi_khungo	AdvPre_NPrePre8_BPre8_NStem	NStem_NStem_NStem	AdvPre_NPrePre8_BPre8_NStem	NStem_NStem_NStem
ze_ze_n_kolo	PossConc8_Pas_BPre9_NStem	NStem_NStem_NStem_NStem	PossConc8_Pas_BPre9_NStem	NStem_NStem_NStem_NStem
.	Punc	PUNC	Punc	PUNC
I_su	NPrePre5_BPre5_NStem	PUNC_PUNC	NPrePre5_BPre5_NStem	NStem_NStem
eli_phelel_e	RelConc5_VRoot_ApplExt_VerbTerm	NStem_NStem_NStem	RelConc5_VRoot_ApplExt_VerbTerm	NStem_NStem_NStem
li_zo_ding_ek_a	SC5_Fut_VRoot_NeutExt_VerbTerm	NStem_NStem_NStem_VRoot_NStem	SC5_Fut_VRoot_NeutExt_VerbTerm	NStem_NStem_NStem_NStem_NStem
njengoba	Conj	Conj	Conj	PUNC
i__HI_V	NPrePre9_Abbr	NStem_NStem_NStem	NPrePre9_Abbr	NStem_NStem_NStem
/	Punc	Conj	Punc	Conj
AIDS	ProperName	Conj	ProperName	PUNC
i_sibe	BPre7_VRoot_VerbTerm	NStem_NStem	BPre7_VRoot_VerbTerm	NStem_NStem
no_m_thelel_a	AdvPre_NPrePre3_BPre3_NStem	NStem_NStem_NStem_NStem	AdvPre_NPrePre3_BPre3_NStem	NStem_NStem_NStem_NStem
o_m_khulu	AdjPref3_AdjStem	NStem_NStem_NStem	AdjPref3_AdjStem	NStem_NStem_NStem
ezi_ngan_e_ni	LocPre_NPrePre10_BPre10_NStem_LocSuf	NStem_NStem_NStem_NStem	LocPre_NPrePre10_BPre10_NStem_LocSuf	NStem_NStem_NStem_NStem
ezi_shiy_w_a	RelConc8_VRoot_PassExt_VerbTerm	NStem_NStem_NStem_NStem	RelConc8_VRoot_PassExt_VerbTerm	NStem_NStem_NStem_NStem
zi_yi_zin_tandane	BPre10_CopPre_NPrePre10_BPre10_NStem	NStem_NStem_NStem_NStem	BPre10_CopPre_NPrePre10_BPre10_NStem	NStem_NStem_NStem_NStem
futh_i	Conj	NStem_NStem	Conj	NStem_NStem
ezi_ngena_bo	RelConc8_NegPre_AdvPre_PronStem2	NStem_NStem_NStem	RelConc8_NegPre_AdvPre_PronStem2	NStem_NStem_NStem
aba_zali	NPrePre2_BPre2_NStem	NStem_NStem	NPrePre2_BPre2_NStem	NStem_NStem
aba_zo_zi_nakekel_a	RelConc2_Fut_ReflPre_VRoot_VerbTerm	VRoot_VRoot_VRoot_VRoot_VRoot	RelConc2_Fut_ReflPre_VRoot_VerbTerm	VRoot_VRoot_VRoot_VRoot_VRoot
no_sizo	AdvPre_NPrePre11_BPre11_NStem	NStem_NStem	AdvPre_NPrePre11_BPre11_NStem	NStem_NStem
lwe_ze_zi_mali	PossConc11_PossConc8_BPre8_NStem	NStem_NStem_NStem_NStem	PossConc11_PossConc8_BPre8_NStem	VRoot_VRoot_NStem_NStem
,	Punc	PUNC	Punc	PUNC
aba_ntu	NPrePre2_BPre2_NStem	NStem_NStem	NPrePre2_BPre2_NStem	NStem_NStem
abadala	AdjPref2_AdjStem	PUNC	AdjPref2_AdjStem	NStem
aba_nge_namu_ntu	RelConc2_NegPre_BPre1a_NStem	VRoot_VRoot_VRoot_VRoot	RelConc2_NegPre_BPre1a_NStem	VRoot_VRoot_VRoot_VRoot
o_zo_ba_siz_a	RelConc3_Fut_SC2_VRoot_VerbTerm	NStem_NStem_NStem_NStem_NStem	RelConc3_Fut_SC2_VRoot_VerbTerm	NStem_NStem_NStem_NStem_VRoot
na_ba_ntu	AdvPre_NPrePre2_BPre2_NStem	NStem_NStem_NStem	AdvPre_NPrePre2_BPre2_NStem	NStem_NStem_NStem
aba_s_e_ba_ncane	RelConc2_ProgPre_AdjPref2_AdjStem	VRoot_VRoot_VRoot_VRoot_VRoot	RelConc2_ProgPre_AdjPref2_AdjStem	VRoot_VRoot_VRoot_VRoot_VRoot
.	Punc	PUNC	Punc	Conj
U_m_thelel_a	NPrePre1_BPre1_NStem	NStem_NStem_NStem_NStem	NPrePre1_BPre1_NStem	NStem_NStem_NStem_VRoot
we_zo_mnotho	PossConc3_NPrePre9_NStem	NStem_NStem_NStem	PossConc3_NPrePre9_NStem	NStem_NStem_NStem
ne_nhlalo	AdvPre_NPrePre9_BPre9_NStem	NStem_NStem	AdvPre_NPrePre9_BPre9_NStem	NStem_NStem
ku_m_khandlu	LocPre_NPrePre1_BPre1_NStem	NStem_NStem_NStem	LocPre_NPrePre1_BPre1_NStem	NStem_NStem_NStem
na_wo	AdvPre_PronStem6	PUNC_PUNC	AdvPre_PronStem6	PUNC_PUNC
u_dinga	SC2_VRoot_VerbTerm	NStem_NStem	SC2_VRoot_VerbTerm	NStem_NStem
u_ku_bhek_w_a	NPrePre15_BPre15_VRoot_PassExt_VerbTerm	VRoot_VRoot_VRoot_VRoot_VRoot	NPrePre15_BPre15_VRoot_PassExt_VerbTerm	VRoot_VRoot_VRoot_VRoot_VRoot
futh_i	Conj	NStem_NStem	Conj	NStem_NStem
u_m_khandlu	NPrePre3_BPre3_NStem	NStem_NStem_NStem	NPrePre3_BPre3_NStem	NStem_NStem_NStem
u_nga_kh_a	RelConc3_AdvPre_VRoot_VerbTerm	NStem_NStem_NStem_NStem	RelConc3_AdvPre_VRoot_VerbTerm	NStem_NStem_NStem_NStem
i_Foramu	NPrePre9_NStem	NStem_NStem	NPrePre9_NStem	NStem_NStem
u_ku_lungis_elel_a	NPrePre15_BPre15_VRoot_IntensExt_VerbTerm	VRoot_VRoot_VRoot_VRoot_VRoot	NPrePre15_BPre15_VRoot_IntensExt_VerbTerm	VRoot_VRoot_VRoot_VRoot_VRoot
i_su	NPrePre5_BPre5_NStem	PUNC_PUNC	NPrePre5_BPre5_NStem	PUNC_PUNC
eli_zo_fak_a	RelConc5_Fut_VRoot_VerbTerm	NStem_NStem_NStem_NStem	RelConc5_Fut_VRoot_VerbTerm	NStem_NStem_NStem_NStem
u_m_phakathi	NPrePre3_BPre3_NStem	NStem_NStem_NStem	NPrePre3_BPre3_NStem	NStem_NStem_NStem
wo_nke	QuantConc3_QuantStem	NStem_NStem	QuantConc3_QuantStem	NStem_NStem
.	Punc	PUNC	Punc	PUNC
U_m_sebenzi	NPrePre3_BPre3_NStem	NStem_NStem_NStem	NPrePre3_BPre3_NStem	NStem_NStem_NStem
we_qembu	PossConc3_NPrePre5_BPre5_NStem	NStem_NStem	PossConc3_NPrePre5_BPre5_NStem	NStem_NStem
wo_ku_qed_el_a	PossConc1a_NPre15_BPre15_VRoot_VerbTerm	VRoot_VRoot_VRoot_VRoot_VRoot	PossConc1a_NPre15_BPre15_VRoot_VerbTerm	VRoot_VRoot_VRoot_VRoot_VRoot
i_methriksi	NPrePre9_NStem	NStem_NStem	NPrePre9_NStem	NStem_NStem
ye__SW_OT	PossConc9_NPrePre9_Abbr	NStem_NStem_NStem	PossConc9_NPrePre9_Abbr	NStem_NStem_NStem
ka_nye	AdvPre_AdjStem	PUNC_PUNC	AdvPre_AdjStem	PUNC_PUNC
ne_komidi	AdvPre_NPrePre5_BPre5_NStem	NStem_NStem	AdvPre_NPrePre5_BPre5_NStem	NStem_NStem
le_si_gceme	RelConc7_NStem	NStem_NStem_NStem	RelConc7_NStem	NStem_NStem_NStem
na_ba_ntu	AdvPre_NPrePre2_BPre2_NStem	NStem_NStem_NStem	AdvPre_NPrePre2_BPre2_NStem	NStem_NStem_NStem
aba_se_m_qoka	RelConc2_PreLoc-s_LocPre_BPre3_NStem	NStem_VRoot_NStem_NStem	RelConc2_PreLoc-s_LocPre_BPre3_NStem	NStem_NStem_NStem_NStem
aba_w_u_m_thombo	RelConc2_CopPre_NPrePre3_BPre3_NStem	VRoot_NStem_NStem_VRoot_NStem	RelConc2_CopPre_NPrePre3_BPre3_NStem	VRoot_VRoot_VRoot_VRoot_VRoot
w_o_lw_az_i	SC3_Fut_OC11_VRoot_VerbTerm	VRoot_VRoot_VRoot_VRoot_VRoot	SC3_Fut_OC11_VRoot_VerbTerm	VRoot_VRoot_VRoot_VRoot_VRoot
.	Punc	PUNC	Punc	PUNC
Sebenz_is_a	VRoot_CausExt_VerbTerm	NStem_NStem_NStem	VRoot_CausExt_VerbTerm	NStem_NStem_NStem
a_ma_hora	NPrePre6_BPre6_NStem	NStem_NStem_NStem	NPrePre6_BPre6_NStem	NStem_NStem_NStem
a_ma_bili	AdjPref6_AdjStem	NStem_NStem_NStem	AdjPref6_AdjStem	NStem_NStem_NStem
.	Punc	PUNC	Punc	PUNC
U_m_sebenzi	NPrePre3_BPre3_NStem	NStem_NStem_NStem	NPrePre3_BPre3_NStem	NStem_NStem_NStem
2	Num	PUNC	Num	Conj
Cabanga	VRoot_VerbTerm	PUNC	VRoot_VerbTerm	PUNC
ng_o_suku	AdvPre_NPrePre11_BPre11_NStem	NStem_NStem_NStem	AdvPre_NPrePre11_BPre11_NStem	NStem_NStem_NStem
ezi_m_pilw_eni	RelConc8_BPre3_NStem_LocSuf	NStem_NStem_NStem_NStem	RelConc8_BPre3_NStem_LocSuf	VRoot_VRoot_VRoot_VRoot
ze_n_kosikazi	PossConc8_NPrePre9_BPre9_NStem	NStem_NStem_NStem	PossConc8_NPrePre9_BPre9_NStem	NStem_NStem_NStem
no_m_yeni	AdvPre_NPrePre1_BPre1_NStem	NStem_NStem_NStem	AdvPre_NPrePre1_BPre1_NStem	NStem_NStem_NStem
aba_qhamuk_a	RelConc2_Intrans_VerbTerm	NStem_NStem_NStem	RelConc2_Intrans_VerbTerm	NStem_NStem_NStem
e_qenj_ini	RelConc9_NStem_LocSuf	NStem_NStem_NStem	RelConc9_NStem_LocSuf	NStem_NStem_NStem
eli_thile	RelConc5_RelStem	NStem_NStem	RelConc5_RelStem	NStem_NStem
lo_m_phakathi	PossConc5_NPrePre3_BPre3_NStem	NStem_NStem_NStem	PossConc5_NPrePre3_BPre3_NStem	NStem_NStem_NStem
o_li_kheth_ile	RelConc2a_SC5_VRoot_Perf	VRoot_NStem_NStem_NStem	RelConc2a_SC5_VRoot_Perf	NStem_NStem_NStem_NStem
.	Punc	PUNC	Punc	PUNC
Sebenz_is_a	VRoot_CausExt_VerbTerm	NStem_NStem_NStem	VRoot_CausExt_VerbTerm	NStem_NStem_NStem
i_thebhul_a	BPre5_NStem	NStem_NStem_NStem	BPre5_NStem	NStem_NStem_NStem
eli_s_e_khasi_ni	RelConc5_PreLoc-s_LocPre_NStem_LocSuf	NStem_VRoot_VRoot_VRoot_VRoot	RelConc5_PreLoc-s_LocPre_NStem_LocSuf	VRoot_VRoot_VRoot_VRoot_VRoot
eli_landel_a_yo	RelConc5_Intrans_VerbTerm_RelSuf	NStem_NStem_NStem_NStem	RelConc5_Intrans_VerbTerm_RelSuf	NStem_NStem_NStem_NStem
u_ku_ba_la	NPrePre15_BPre15_VRoot_VerbTerm	NStem_NStem_NStem_NStem	NPrePre15_BPre15_VRoot_VerbTerm	NStem_NStem_NStem_NStem
i_mi_sebenzi	NPrePre4_BPre4_NStem	NStem_NStem_NStem	NPrePre4_BPre4_NStem	NStem_NStem_NStem
e_y_enz_iw_e	RelConc4_CopPre_VRoot_PassExt_VerbTerm	VRoot_VRoot_VRoot_VRoot_VRoot	RelConc4_CopPre_VRoot_PassExt_VerbTerm	VRoot_VRoot_VRoot_VRoot_VRoot
ngu_nkosikazi	CopPre_NStem	NStem_NStem	CopPre_NStem	NStem_NStem
ka_nye	AdvPre_AdjStem	PUNC_PUNC	AdvPre_AdjStem	PUNC_PUNC
no_m_yeni	AdvPre_NPrePre1_BPre1_NStem	NStem_NStem_NStem	AdvPre_NPrePre1_BPre1_NStem	NStem_NStem_NStem
e_khaya	LocPre_NPrePre5_BPre5_NStem	NStem_NStem	LocPre_NPrePre5_BPre5_NStem	PUNC_PUNC
e_ma_horeni	NPre6_BPre6_NStem_LocSuf	NStem_NStem_NStem	NPre6_BPre6_NStem_LocSuf	NStem_NStem_NStem
a_nga_ma__2_4	RelConc6_AdvPre_NPrePre6_BPre6_Num	NStem_NStem_NStem_NStem_NStem	RelConc6_AdvPre_NPrePre6_BPre6_Num	NStem_NStem_NStem_NStem_NStem
e_phephe_ni	LocPre_NPrePre5_BPre5_NStem_LocSuf	VRoot_NStem_NStem	LocPre_NPrePre5_BPre5_NStem_LocSuf	NStem_NStem_NStem
le_fliphushadi	Dem9_Pos1_NStem	NStem_NStem	Dem9_Pos1_NStem	NStem_NStem
.	Punc	PUNC	Punc	PUNC
Gcwal_is_a	VRoot_CausExt_VerbTerm	NStem_NStem_NStem	VRoot_CausExt_VerbTerm	NStem_NStem_NStem
u_m_sebenzi	NPrePre3_BPre3_NStem	NStem_NStem_NStem	NPrePre3_BPre3_NStem	NStem_NStem_NStem
u_mu_ntu	NPrePre1_BPre1_NStem	NStem_NStem_NStem	NPrePre1_BPre1_NStem	NStem_NStem_NStem
a_w_enz_a_yo	RelConc6_OC3_VRoot_VerbTerm_RelSuf	VRoot_VRoot_VRoot_VRoot_VRoot	RelConc6_OC3_VRoot_VerbTerm_RelSuf	VRoot_VRoot_VRoot_VRoot_VRoot
esi_khathi_ni	RelConc7_NStem_LocSuf	NStem_NStem_NStem	RelConc7_NStem_LocSuf	NStem_NStem_NStem
esi_bhal_iw_e	RelConc7_VRoot_PassExt_VerbTerm	VRoot_VRoot_VRoot_VRoot	RelConc7_VRoot_PassExt_VerbTerm	NStem_NStem_NStem_NStem
,	Punc	PUNC	Punc	PUNC
no_ku_th_i	AdvPre_BPre15_VRoot_VerbTerm	NStem_NStem_NStem_NStem	AdvPre_BPre15_VRoot_VerbTerm	NStem_NStem_NStem_NStem
u_m_sebenzi	NPrePre3_BPre3_NStem	NStem_NStem_NStem	NPrePre3_BPre3_NStem	NStem_NStem_NStem
u_ya_khokh_el_w_a	SC3_Pres_VRoot_ApplExt_PassExt_VerbTerm	VRoot_VRoot_VRoot_VRoot_VRoot_VRoot	SC3_Pres_VRoot_ApplExt_PassExt_VerbTerm	VRoot_VRoot_VRoot_VRoot_VRoot_VRoot
yini	Interrog	PUNC	Interrog	PUNC
,	Punc	PUNC	Punc	PUNC
no_ku_th_i	AdvPre_BPre15_VRoot_VerbTerm	NStem_NStem_NStem_NStem	AdvPre_BPre15_VRoot_VerbTerm	NStem_NStem_NStem_NStem
u_khokhel_a	SC3_VRoot_ApplExt_VerbTerm	NStem_NStem_NStem	SC3_VRoot_ApplExt_VerbTerm	PUNC_PUNC_PUNC
mali_ni	NStem	PUNC_PUNC	NStem	PUNC_PUNC
nge_hora	NPre5_NStem	PUNC_PUNC	NPre5_NStem	PUNC_PUNC
.	Punc	PUNC	Punc	PUNC
Fik_a	VRoot_VerbTerm	PUNC_PUNC	VRoot_VerbTerm	PUNC_NStem
ku_s_e_ne_si_khathi	LocPre_Pro_AdvPre_BPre7_NStem	VRoot_VRoot_VRoot_VRoot_VRoot_VRoot	LocPre_Pro_AdvPre_BPre7_NStem	VRoot_VRoot_VRoot_VRoot_VRoot_VRoot
u_bhek_e	SC2_VRoot_VerbTerm	NStem_NStem_NStem	SC2_VRoot_VerbTerm	NStem_NStem_NStem
i_mi_shini	NPrePre4_BPre4_NStem	NStem_NStem_NStem	NPrePre4_BPre4_NStem	NStem_NStem_NStem
nga_phambi	AdvPre_Adv	PUNC_PUNC	AdvPre_Adv	PUNC_PUNC
kwe_si_khathi	PossConc15_NPrePre7_BPre7_NStem	NStem_NStem_NStem	PossConc15_NPrePre7_BPre7_NStem	NStem_NStem_NStem
futh_i	Conj	NStem_NStem	Conj	NStem_NStem
u_be	SC3_VRoot_VerbTerm	PUNC_PUNC	SC3_VRoot_VerbTerm	PUNC_PUNC
ne_si_khathi	AdvPre_NPrePre7_BPre7_NStem	NStem_NStem_NStem	AdvPre_NPrePre7_BPre7_NStem	NStem_NStem_NStem
es_anel_e	RelConc9_SC7_VRoot_VerbTerm	NStem_NStem_NStem	RelConc9_SC7_VRoot_VerbTerm	NStem_NStem_NStem
u_ku_lungis_a	NPrePre15_BPre15_VRoot_VerbTerm	NStem_NStem_NStem_NStem	NPrePre15_BPre15_VRoot_VerbTerm	NStem_NStem_NStem_NStem
i_mi_niningwane	NPrePre4_BPre4_NStem	NStem_NStem_NStem	NPrePre4_BPre4_NStem	NStem_NStem_NStem
o_zo_khulum_a	RelConc3_Fut_VRoot_VerbTerm	VRoot_NStem_NStem_NStem	RelConc3_Fut_VRoot_VerbTerm	NStem_NStem_NStem_NStem
nga_yo	AdvPre_PronStem9	PUNC_PUNC	AdvPre_PronStem9	PUNC_PUNC
.	Punc	PUNC	Punc	PUNC
Ku_lo	LocPre_Dem3_Pos1	PUNC_PUNC	LocPre_Dem3_Pos1	PUNC_PUNC
mhlangano	BPre3_NStem	NStem	BPre3_NStem	NStem
ku_xox_w_a	SC15_VRoot_PassExt_VerbTerm	NStem_NStem_NStem_NStem	SC15_VRoot_PassExt_VerbTerm	NStem_NStem_NStem_NStem
nge_n_qubo	AdvPre_NPrePre9_NStem	NStem_NStem_NStem	AdvPre_NPrePre9_NStem	NStem_NStem_NStem
yo_hlelo	PossConc9_NPrePre11_NStem	PUNC_PUNC	PossConc9_NPrePre11_NStem	NStem_NStem
lwe__ID_P	PossConc11_NPrePre9_Abbr	NStem_NStem_NStem	PossConc11_NPrePre9_Abbr	NStem_NStem_NStem
.	Punc	PUNC	Punc	PUNC
Ku_ya_siz_a	SC15_Pres_VRoot_VerbTerm	NStem_NStem_NStem_NStem	SC15_Pres_VRoot_VerbTerm	NStem_NStem_NStem_NStem
u_ku_sebenz_is_a	NPrePre15_BPre15_VRoot_CausExt_VerbTerm	VRoot_VRoot_VRoot_VRoot_VRoot	NPrePre15_BPre15_VRoot_CausExt_VerbTerm	VRoot_VRoot_VRoot_VRoot_VRoot
u_ku_landel_an_a	NPrePre15_BPre15_VRoot_RecipExt_VerbTerm	VRoot_VRoot_VRoot_VRoot_VRoot	NPrePre15_BPre15_VRoot_RecipExt_VerbTerm	VRoot_VRoot_VRoot_VRoot_VRoot
kwe_mi_cimbi	PossConc15_NPrePre4_BPre4_NStem	NStem_NStem_NStem	PossConc15_NPrePre4_BPre4_NStem	NStem_NStem_NStem
yo_hlelo	PossConc9_NPrePre11_NStem	NStem_NStem	PossConc9_NPrePre11_NStem	NStem_NStem
lwe__C_BP	PossConc11_NPrePre9_Abbr	NStem_NStem_NStem	PossConc11_NPrePre9_Abbr	NStem_NStem_NStem
.	Punc	PUNC	Punc	PUNC
U_m_hlangano	NPrePre3_BPre3_NStem	NStem_NStem_NStem	NPrePre3_BPre3_NStem	NStem_NStem_NStem
u_phind_e	SC3_VRoot_VerbTerm	NStem_NStem_NStem	SC3_VRoot_VerbTerm	NStem_NStem_NStem
w_az_is_w_e	SC3_VRoot_CausExt_PassExt_VerbTerm	NStem_NStem_NStem_NStem_NStem	SC3_VRoot_CausExt_PassExt_VerbTerm	VRoot_VRoot_VRoot_NStem_VRoot
nge_ngxoxo	AdvPre_NPrePre9_NStem	NStem_NStem	AdvPre_NPrePre9_NStem	NStem_NStem
yo_m_hlangano	PossConc9_NPrePre3_BPre3_NStem	NStem_NStem_VRoot	PossConc9_NPrePre3_BPre3_NStem	NStem_NStem_NStem
wo_ku_lungis_elel_a	PossConc3_NPrePre15_BPre15_VRoot_ApplExt_ApplExt_VerbTerm	VRoot_VRoot_VRoot_VRoot_VRoot	PossConc3_NPrePre15_BPre15_VRoot_ApplExt_ApplExt_VerbTerm	VRoot_VRoot_VRoot_VRoot_VRoot
u_ku_hlel_a	NPrePre15_BPre15_VRoot_VerbTerm	NStem_NStem_NStem_NStem	NPrePre15_BPre15_VRoot_VerbTerm	NStem_NStem_NStem_NStem
,	Punc	PUNC	Punc	PUNC
i_zin_hlobo	NPrePre10_BPre10_NStem	NStem_NStem_NStem	NPrePre10_BPre10_NStem	NStem_NStem_NStem
ez_ehluk_en_e	RelConc10_VRoot_RecipExt_Perf_VerbTerm	NStem_NStem_NStem_NStem	RelConc10_VRoot_RecipExt_Perf_VerbTerm	VRoot_VRoot_VRoot_VRoot
za_ba_ntu	PossConc10_NPrePre2_BPre2_NStem	NStem_NStem_NStem	PossConc10_NPrePre2_BPre2_NStem	NStem_NStem_NStem
ngo_kwe_n_hlalo	AdvPre_NPrePre15_PossConc15_BPre9_NStem	VRoot_VRoot_VRoot_VRoot	AdvPre_NPrePre15_PossConc15_BPre9_NStem	VRoot_VRoot_VRoot_VRoot
ezi_hlonz_iw_e	RelConc10_VRoot_PassExt_VerbTerm	VRoot_VRoot_VRoot_VRoot	RelConc10_VRoot_PassExt_VerbTerm	VRoot_VRoot_VRoot_VRoot
.	Punc	PUNC	Punc	PUNC
U_m_hlangano	NPrePre3_BPre3_NStem	VRoot_VRoot_NStem	NPrePre3_BPre3_NStem	NStem_NStem_NStem
u_nge_ngez_a	SC3_Pot_VRoot_VerbTerm	NStem_NStem_NStem_NStem	SC3_Pot_VRoot_VerbTerm	NStem_NStem_NStem_NStem
ku_lolu	LocPre_Dem11_Pos1	NStem_NStem	LocPre_Dem11_Pos1	NStem_NStem
hlu	NStem	PUNC	NStem	PUNC
.	Punc	PUNC	Punc	PUNC
U_m_hlangano	NPrePre3_BPre3_NStem	NStem_NStem_NStem	NPrePre3_BPre3_NStem	NStem_NStem_NStem
w_enz_a	SC3_VRoot_VerbTerm	NStem_NStem_NStem	SC3_VRoot_VerbTerm	NStem_NStem_NStem
u_hlelo	NPrePre11_NStem	NStem_NStem	NPrePre11_NStem	NStem_NStem
en_cane	AdjPref9_AdjStem	NStem_NStem	AdjPref9_AdjStem	NStem_NStem
u_m_sebenzi	NPrePre3_BPre3_NStem	NStem_NStem_NStem	NPrePre3_BPre3_NStem	NStem_NStem_NStem
lwesonto	PossConc11_NPrePre5_NStem	NStem	PossConc11_NPrePre5_NStem	NStem
,	Punc	PUNC	Punc	PUNC
oku_hlangan_is_a	RelConc15_VRoot_CausExt_VerbTerm	NStem_NStem_NStem_NStem	RelConc15_VRoot_CausExt_VerbTerm	NStem_VRoot_VRoot_NStem
u_hlelo	NPrePre11_NStem	NStem_NStem	NPrePre11_NStem	NStem_NStem
lwe_mi_hlangano	PossConc11_NPrePre4_BPre4_NStem	VRoot_VRoot_VRoot	PossConc11_NPrePre4_BPre4_NStem	VRoot_VRoot_VRoot
na_ba_mel_e	AdvPre_NPrePre2_SC2_VRoot_VerbTerm	NStem_NStem_NStem_NStem	AdvPre_NPrePre2_SC2_VRoot_VerbTerm	NStem_NStem_NStem_NStem
aba_ntu	NPrePre2_BPre2_NStem	NStem_NStem	NPrePre2_BPre2_NStem	NStem_NStem
abe_hluk_en_e	RelConc2_VRoot_RecipExt_VerbTerm	VRoot_VRoot_VRoot_VRoot	RelConc2_VRoot_RecipExt_VerbTerm	VRoot_VRoot_VRoot_VRoot
ngo_kwe_n_hlalo	AdvPre_NPrePre15_PossConc15_BPre9_NStem	VRoot_VRoot_VRoot_VRoot	AdvPre_NPrePre15_PossConc15_BPre9_NStem	VRoot_VRoot_VRoot_VRoot
.	Punc	PUNC	Punc	PUNC
Ku_ya_siz_a	SC15_Pres_VRoot_VerbTerm	NStem_NStem_NStem_NStem	SC15_Pres_VRoot_VerbTerm	NStem_NStem_NStem_NStem
u_ku_kheth_a	NPrePre15_BPre15_VRoot_VerbTerm	NStem_NStem_NStem_NStem	NPrePre15_BPre15_VRoot_VerbTerm	NStem_NStem_NStem_NStem
u_mu_ntu	NPrePre1_BPre1_NStem	NStem_NStem_NStem	NPrePre1_BPre1_NStem	NStem_NStem_NStem
ku_lelo	LocPre_Dem5_Pos2	NStem_NStem	LocPre_Dem5_Pos2	NStem_NStem
na_lelo	AdvPre_Dem5_Pos2	NStem_NStem	AdvPre_Dem5_Pos2	NStem_NStem
qembu	NStem	PUNC	NStem	PUNC
la_ba_ntu	PossConc5_NPrePre2_BPre2_NStem	NStem_NStem_NStem	PossConc5_NPrePre2_BPre2_NStem	NStem_NStem_NStem
ngo_kwe_n_hlalo	AdvPre_NPrePre15_PossConc15_BPre9_NStem	VRoot_NStem_VRoot_VRoot	AdvPre_NPrePre15_PossConc15_BPre9_NStem	VRoot_VRoot_VRoot_VRoot
,	Punc	PUNC	Punc	PUNC
o_zo_hlangan_is_a	RelConc3_Fut_VRoot_VerbTerm	NStem_VRoot_VRoot_VRoot_VRoot	RelConc3_Fut_VRoot_VerbTerm	NStem_NStem_NStem_NStem_VRoot
o_zo_hlangan_is_a	RelConc3_Fut_VRoot_VerbTerm	VRoot_VRoot_VRoot_VRoot_VRoot	RelConc3_Fut_VRoot_VerbTerm	VRoot_VRoot_VRoot_VRoot_VRoot
aba_zo_hamb_el_a	RelConc2_Fut_VRoot_ApplExt_VerbTerm	VRoot_VRoot_VRoot_VRoot_VRoot	RelConc2_Fut_VRoot_ApplExt_VerbTerm	VRoot_VRoot_VRoot_VRoot_VRoot
le	Dem4_Pos1	Conj	Dem4_Pos1	Conj
mi_hlangano	BPre4_NStem	NStem_NStem	BPre4_NStem	NStem_NStem
e_hlel_iw_e	RelConc4_VRoot_PassExt_VerbTerm	VRoot_VRoot_VRoot_VRoot	RelConc4_VRoot_PassExt_VerbTerm	VRoot_VRoot_VRoot_VRoot
.	Punc	PUNC	Punc	PUNC
Khuthaz_a	VRoot_VerbTerm	NStem_NStem	VRoot_VerbTerm	NStem_PUNC
aba_bamb_e	RelConc2_VRoot_VerbTerm	NStem_NStem_NStem	RelConc2_VRoot_VerbTerm	NStem_NStem_NStem
i_qhaz_a	NPrePre5_BPre5_NStem	NStem_NStem_NStem	NPrePre5_BPre5_NStem	NStem_NStem_NStem
u_ku_b_a	Conj	NStem_NStem_NStem_NStem	Conj	NStem_NStem_NStem_NStem
ba_hamb_el_e	SC2_VRoot_ApplExt_VerbTerm	NStem_NStem_NStem_NStem	SC2_VRoot_ApplExt_VerbTerm	NStem_NStem_NStem_NStem
yo_nke	QuantConc4_QuantStem	NStem_NStem	QuantConc4_QuantStem	NStem_NStem
i_mi_hlangano	NPrePre4_BPre4_NStem	NStem_NStem_NStem	NPrePre4_BPre4_NStem	VRoot_NStem_NStem
e_hlel_iw_e	RelConc4_VRoot_PassExt_VerbTerm	VRoot_VRoot_VRoot_VRoot	RelConc4_VRoot_PassExt_VerbTerm	VRoot_VRoot_VRoot_VRoot
.	Punc	PUNC	Punc	PUNC
Ba_ku_zi_phi	PossConc2_SC15_BPre8_Interrog	NStem_NStem_NStem_NStem	PossConc2_SC15_BPre8_Interrog	NStem_NStem_NStem_NStem
i_zi_gaba	NPrePre8_BPre8_NStem	NStem_NStem_NStem	NPrePre8_BPre8_NStem	NStem_NStem_NStem
ze_m_pilo	PossConc8_NPrePre9_BPre3_NStem	NStem_NStem_NStem	PossConc8_NPrePre9_BPre3_NStem	NStem_NStem_NStem
aba_ntu	NPrePre2_BPre2_NStem	NStem_NStem	NPrePre2_BPre2_NStem	NStem_NStem
ngo_kwe_si_mo	AdvPre_NPrePre15_PossConc15_NStem	NStem_NStem_NStem_NStem	AdvPre_NPrePre15_PossConc15_NStem	NStem_NStem_NStem_NStem
se_nhlalo	PossConc7_NPrePre9_BPre9_NStem	NStem_NStem	PossConc7_NPrePre9_BPre9_NStem	NStem_NStem
ne_se_zo_mnotho	AdvPre_NPrePre4_Pro_PossConc10_NPrePre3_NStem	VRoot_VRoot_NStem_VRoot	AdvPre_NPrePre4_Pro_PossConc10_NPrePre3_NStem	NStem_NStem_NStem_NStem
?	Punc	Conj	Punc	PUNC
(	Punc	Conj	Punc	PUNC
i_sib.	Abbr	NStem_NStem	Abbr	NStem_NStem
abadala	AdjPref2_AdjStem	PUNC	AdjPref2_AdjStem	PUNC
ba_nga_ba_ntu	BPre2_CopPre_NPrePre2_BPre2_NStem	NStem_NStem_VRoot_NStem	BPre2_CopPre_NPrePre2_BPre2_NStem	NStem_NStem_NStem_NStem
aba_mpofu	RelConc2_RelStem	NStem_NStem	RelConc2_RelStem	NStem_NStem
)	Punc	Conj	Punc	Conj
?	Punc	Conj	Punc	Conj
A_ba_gqugquzeli	NPrePre2_BPre2_NStem	VRoot_VRoot_VRoot	NPrePre2_BPre2_NStem	VRoot_VRoot_VRoot
ba_ka_masipala	PossConc2_PossKA_NStem	NStem_NStem_NStem	PossConc2_PossKA_NStem	NStem_NStem_NStem
aba_vel_a	RelConc2_VRoot_VerbTerm	NStem_NStem_NStem	RelConc2_VRoot_VerbTerm	NStem_NStem_NStem
e_mi_khakhe_ni	LocPre_BPre4_NStem_LocSuf	NStem_NStem_NStem_NStem	LocPre_BPre4_NStem_LocSuf	NStem_NStem_NStem_NStem
e_hluk_en_e	RelConc4_VRoot_VerbTerm	NStem_NStem_NStem_NStem	RelConc4_VRoot_VerbTerm	NStem_NStem_NStem_NStem
ka_masipala	PossKA_NStem	NStem_NStem	PossKA_NStem	NStem_NStem
noma	Conj	Conj	Conj	Conj
i_zi_khulu	NPrePre8_BPre8_NStem	NStem_NStem_NStem	NPrePre8_BPre8_NStem	NStem_NStem_NStem
zi_ka_hulumeni	PossConc8_PossKA_NPrePre1a_NStem	NStem_NStem_NStem	PossConc8_PossKA_NPrePre1a_NStem	NStem_NStem_NStem
ezi_ng_o_chwepheshe	RelConc8_CopPre_NPrePre2a_NStem	NStem_NStem_NStem_NStem	RelConc8_CopPre_NPrePre2a_NStem	VRoot_VRoot_VRoot_VRoot
ezi_vel_a	RelConc8_VRoot_VerbTerm	NStem_NStem_NStem	RelConc8_VRoot_VerbTerm	NStem_NStem_NStem
e_mi_nyangw_eni	LocPre_BPre4_NStem_LocSuf	VRoot_VRoot_VRoot_VRoot	LocPre_BPre4_NStem_LocSuf	VRoot_VRoot_VRoot_VRoot
ye_si_fundazwe	PossConc4_NPrePre7_BPre7_NStem	NStem_NStem_NStem	PossConc4_NPrePre7_BPre7_NStem	NStem_NStem_NStem
noma	Conj	PUNC	Conj	Conj
ezi_funde_ni	LocPre_BPre8_NStem_LocSuf	NStem_NStem_NStem	LocPre_BPre8_NStem_LocSuf	NStem_NStem_NStem
.	Punc	PUNC	Punc	PUNC
U_ku_zi_bophezel_a	NPrePre15_BPre15_ReflPre_VRoot_VerbTerm	VRoot_VRoot_VRoot_VRoot_VRoot	NPrePre15_BPre15_ReflPre_VRoot_VerbTerm	VRoot_VRoot_VRoot_VRoot_VRoot
e_ku_qinis_ek_is_e_ni	LocPre_NPrePre15_BPre15_VRoot_Neutext_CausExt_VerbTerm_LocSuf	VRoot_VRoot_VRoot_VRoot_VRoot_VRoot_VRoot	LocPre_NPrePre15_BPre15_VRoot_Neutext_CausExt_VerbTerm_LocSuf	VRoot_VRoot_VRoot_VRoot_VRoot_VRoot_VRoot
ngo_bu_khona	AdvPre_NPrePre14_BPre14_Adv	NStem_NStem_NStem	AdvPre_NPrePre14_BPre14_Adv	NStem_NStem_NStem
bo_ku_dl_a	PossConc14_NPrePre15_BPre15_NStem	NStem_NStem_NStem_NStem	PossConc14_NPrePre15_BPre15_NStem	NStem_NStem_NStem_NStem
e_ma_khaya	LocPre_BPre6_NStem	NStem_NStem_NStem	LocPre_BPre6_NStem	NStem_NStem_NStem
no_ku_dl_a	AdvPre_NPrePre15_BPre15_NStem	NStem_NStem_NStem_NStem	AdvPre_NPrePre15_BPre15_NStem	PUNC_PUNC_PUNC_PUNC
oku_no_m_soco	RelConc15_AdvPre_NPrePre3_BPre3_NStem	NStem_NStem_NStem_NStem	RelConc15_AdvPre_NPrePre3_BPre3_NStem	NStem_NStem_NStem_NStem
ku_bandakany_a	SC15_VRoot_VerbTerm	NStem_NStem_NStem	SC15_VRoot_VerbTerm	NStem_NStem_VRoot
oku_ng_enz_iw_a	RelConc15_AdvPre_VRoot_PassExt_VerbTerm	VRoot_VRoot_VRoot_VRoot_VRoot	RelConc15_AdvPre_VRoot_PassExt_VerbTerm	VRoot_VRoot_VRoot_VRoot_VRoot
u_m_khakha	NPrePre3_BPre3_NStem	NStem_NStem_NStem	NPrePre3_BPre3_NStem	NStem_NStem_NStem
ka_hulumeni	PossConc1a_NStem	NStem_NStem	PossConc1a_NStem	NStem_NStem
no_m_khakha	AdvPre_NPrePre3_BPre3_NStem	NStem_NStem_NStem	AdvPre_NPrePre3_BPre3_NStem	NStem_NStem_NStem
o_zi_mel_e	RelConc3_ReflPre_VRoot_VerbTerm	NStem_NStem_NStem_NStem	RelConc3_ReflPre_VRoot_VerbTerm	NStem_NStem_NStem_NStem
.	Punc	PUNC	Punc	PUNC
U_m_thethosisekelo	NPrePre3_BPre3_NStem	VRoot_VRoot_VRoot	NPrePre3_BPre3_NStem	VRoot_VRoot_VRoot
u_hlinzek_a	SC3_VRoot_NPas_VerbTerm	NStem_NStem_NStem	SC3_VRoot_NPas_VerbTerm	NStem_NStem_NStem
ngo_m_bono	AdvPre_BPre3_NStem	NStem_NStem_NStem	AdvPre_BPre3_NStem	NStem_NStem_NStem
wo_m_phakathi	PossConc3_NPrePre3_BPre3_NStem	NStem_NStem_NStem	PossConc3_NPrePre3_BPre3_NStem	NStem_NStem_NStem
o_hlangen_e	RelConc1_VRoot_VerbTerm	NStem_NStem_NStem	RelConc1_VRoot_VerbTerm	PUNC_PUNC_PUNC
,	Punc	PUNC	Punc	PUNC
o_ne_nqubekel_a	RelConc1_AdvPre_BPre9_NStem	VRoot_VRoot_VRoot_VRoot	RelConc1_AdvPre_BPre9_NStem	VRoot_VRoot_VRoot_VRoot
phambili	Adv	PUNC	Adv	PUNC
,	Punc	PUNC	Punc	PUNC
o_nga_cwa_si	RelConc1_NegPre_VRoot_VerbTerm	NStem_NStem_NStem_NStem	RelConc1_NegPre_VRoot_VerbTerm	NStem_NStem_NStem_NStem
ngo_ko_bu_hlanga	AdvPre_PossConc15_BPre14_NStem	NStem_NStem_NStem_NStem	AdvPre_PossConc15_BPre14_NStem	NStem_NStem_NStem_VRoot
na_ng_oko_bu_lili	CopPre_AdvPre_AdvPre_BPre14_NStem	NStem_NStem_NStem_NStem_NStem	CopPre_AdvPre_AdvPre_BPre14_NStem	NStem_NStem_NStem_VRoot_VRoot
;	Punc	Conj	Punc	Conj
i_zwe	NPrePre5_BPre5_NStem	NStem_NStem	NPrePre5_BPre5_NStem	NStem_NStem
labo	Dem2_Pos2	Conj	Dem2_Pos2	Conj
bo_nke	QuantConc2_QuantStem	NStem_NStem	QuantConc2_QuantStem	NStem_NStem
aba_hlal_a	RelConc2_VRoot_VerbTerm	NStem_NStem_NStem	RelConc2_VRoot_VerbTerm	NStem_NStem_NStem
ku_lo	LocPre_Dem3_Pos1	PUNC_PUNC	LocPre_Dem3_Pos1	PUNC_PUNC
,	Punc	PUNC	Punc	PUNC
eli_hlangen_e	RelConc5_VRoot_VerbTerm	NStem_NStem_NStem	RelConc5_VRoot_VerbTerm	NStem_NStem_NStem
e_kuhlukane_ni	LocPre_NPre15_VRoot_RecipExt_VerbTerm	NStem_NStem_NStem	LocPre_NPre15_VRoot_RecipExt_VerbTerm	NStem_NStem_NStem
kwa_lo	PossConc15_PronStem5	PUNC_PUNC	PossConc15_PronStem5	PUNC_PUNC
.	Punc	PUNC	Punc	PUNC
U_m_thethosisekelo	NPrePre3_BPre3_NStem	VRoot_VRoot_VRoot	NPrePre3_BPre3_NStem	NStem_NStem_NStem
u_phind_e	SC1_VRoot_VerbTerm	NStem_NStem_NStem	SC1_VRoot_VerbTerm	NStem_NStem_NStem
u_phoq_e	SC3_VRoot_VerbTerm	NStem_NStem_NStem	SC3_VRoot_VerbTerm	NStem_NStem_NStem
i_zwe	NPrePre5_BPre5_NStem	NStem_NStem	NPrePre5_BPre5_NStem	NStem_NStem
u_kuth_i	Conj	NStem_NStem_NStem	Conj	NStem_NStem_NStem
li_phol_e	NPrePre5_VRoot_VerbTerm	NStem_NStem_NStem	NPrePre5_VRoot_VerbTerm	NStem_NStem_NStem
e_kw_ehlukane_ni	LocPre_OC15_VRoot_RecipExt_VerbTerm	VRoot_NStem_VRoot_VRoot	LocPre_OC15_VRoot_RecipExt_VerbTerm	VRoot_VRoot_VRoot_VRoot
kwe_si_khathi	PossConc15_NPrePre7_BPre7_NStem	NStem_NStem_NStem	PossConc15_NPrePre7_BPre7_NStem	NStem_NStem_NStem
esi_dlul_e	RelConc7_Intrans_VerbTerm	NStem_NStem_NStem	RelConc7_Intrans_VerbTerm	NStem_NStem_NStem
,	Punc	PUNC	Punc	PUNC
u_bon_a	SC2_VRoot_VerbTerm	NStem_NStem_NStem	SC2_VRoot_VerbTerm	NStem_NStem_NStem
u_kuth_i	Conj	NStem_NStem_NStem	Conj	NStem_NStem_NStem
i_Ningizimu	NPrePre5_ProperName	NStem_NStem	NPrePre5_ProperName	NStem_NStem
Afrika	ProperName	Conj	ProperName	Conj
i_vel_a	SC9_VRoot_VerbTerm	NStem_NStem_NStem	SC9_VRoot_VerbTerm	NStem_NStem_NStem
e_n_dlele_ni	LocPre_NPrePre9_BPre9_NStem_LocSuf	NStem_NStem_NStem_NStem	LocPre_NPrePre9_BPre9_NStem_LocSuf	VRoot_NStem_VRoot_VRoot
lapho	Dem16_Pos2	PUNC	Dem16_Pos2	PUNC
i_ningi	BPre9_NStem	NStem_NStem	BPre9_NStem	NStem_NStem
la_ba_ntu	PossConc5_NPrePre2_BPre2_NStem	NStem_NStem_NStem	PossConc5_NPrePre2_BPre2_NStem	NStem_NStem_NStem
ba_yo	PossConc14_PronStem9	Conj_Conj	PossConc14_PronStem9	PUNC_PUNC
lali_phucwe	SC5_OC6_VRoot_PassExt_VerbTerm	NStem_NStem	SC5_OC6_VRoot_PassExt_VerbTerm	NStem_NStem
khona	AbsPron15	PUNC	AbsPron15	PUNC
a_ma_thuba	NPrePre6_BPre6_NStem	NStem_NStem_NStem	NPrePre6_BPre6_NStem	NStem_NStem_NStem
.	Punc	PUNC	Punc	PUNC
Khumbula	VRoot_VerbTerm	NStem	VRoot_VerbTerm	NStem
u_kuth_i	Conj	NStem_NStem_NStem	Conj	NStem_NStem_NStem
i_logifreyimu	BPre5_NStem	NStem_NStem	BPre5_NStem	NStem_NStem
yi_dokhumenti	CopPre_NStem	NStem_NStem	CopPre_NStem	NStem_NStem
e_phil_a_yo	RelConc9_VRoot_VerbTerm_RelSuf	NStem_NStem_NStem_VRoot	RelConc9_VRoot_VerbTerm_RelSuf	NStem_NStem_NStem_NStem
futh_i	Conj	NStem_NStem	Conj	NStem_NStem
ku_mel_e	SC15_VRoot_VerbTerm	NStem_NStem_NStem	SC15_VRoot_VerbTerm	NStem_NStem_NStem
i_bhek_w_e	SC9_VRoot_PassExt_VerbTerm	NStem_NStem_NStem_NStem	SC9_VRoot_PassExt_VerbTerm	NStem_NStem_NStem_NStem
njalo	Adv	Conj	Adv	PUNC
futh_i	Conj	NStem_NStem	Conj	NStem_NStem
ku_y_iw_e	SC15_VRoot_PassExt_VerbTerm	NStem_NStem_NStem_NStem	SC15_VRoot_PassExt_VerbTerm	VRoot_NStem_VRoot_NStem
ku_yo	LocPre_PronStem9	PUNC_PUNC	LocPre_PronStem9	PUNC_PUNC
nge_si_khathi	AdvPre_NPrePre7_BPre7_NStem	NStem_NStem_NStem	AdvPre_NPrePre7_BPre7_NStem	NStem_NStem_NStem
ku_qhubek_a	SC15_VRoot_VerbTerm	PUNC_PUNC_PUNC	SC15_VRoot_VerbTerm	NStem_NStem_NStem
u_m_jikelezo	BPre1_NStem	NStem_NStem_NStem	BPre1_NStem	VRoot_NStem_NStem
we_phrojekthi	PossConc3_NPrePre5_NStem	NStem_NStem	PossConc3_NPrePre5_NStem	NStem_VRoot
.	Punc	PUNC	Punc	PUNC
I_yi_thuluzi	BPre9_CopPre_NStem	NStem_NStem_NStem	BPre9_CopPre_NStem	NStem_NStem_NStem
el_enz_el_w_e	RelConc8_VRoot_RecipExt_PassExt_VerbTerm	VRoot_VRoot_VRoot_VRoot_VRoot	RelConc8_VRoot_RecipExt_PassExt_VerbTerm	VRoot_VRoot_VRoot_VRoot_VRoot
u_ku_siz_a	NPrePre15_BPre15_VRoot_VerbTerm	NStem_NStem_NStem_NStem	NPrePre15_BPre15_VRoot_VerbTerm	NStem_NStem_NStem_NStem
a_be_thimba	RelConc2_NStem	NStem_VRoot_NStem	RelConc2_NStem	NStem_NStem_NStem
le_phrojekthi	Dem4_Pos1_NStem	NStem_NStem	Dem4_Pos1_NStem	NStem_NStem
,	Punc	PUNC	Punc	PUNC
hhay_i	Interjec	NStem_NStem	Interjec	NStem_NStem
u_ku_ba_vimba	NPrePre15_BPre15_SC2_VRoot_VerbTerm	NStem_NStem_NStem_NStem	NPrePre15_BPre15_SC2_VRoot_VerbTerm	NStem_NStem_NStem_NStem
noma	Conj	Conj	Conj	Conj
u_ku_ba_nqand_a	NPrePre15_BPre15_NStem	VRoot_VRoot_VRoot_VRoot_VRoot	NPrePre15_BPre15_NStem	VRoot_VRoot_VRoot_VRoot_VRoot
ka_nye	AdvPre_AdjStem	PUNC_PUNC	AdvPre_AdjStem	NStem_NStem
no_ku_ba_phath_a	AdvPre_BPre15_SC2_Intrans_VerbTerm	VRoot_VRoot_VRoot_VRoot_VRoot	AdvPre_BPre15_SC2_Intrans_VerbTerm	VRoot_VRoot_VRoot_VRoot_VRoot
ka_bi	AdvPre_AdjStem	PUNC_PUNC	AdvPre_AdjStem	PUNC_PUNC
,	Punc	PUNC	Punc	PUNC
ayi_so	NegPre_CopPre_NStem	NStem_NStem	NegPre_CopPre_NStem	NStem_NStem
i_si_mbelambel_a	NPrePre7_BPre7_NStem	VRoot_VRoot_VRoot_VRoot	NPrePre7_BPre7_NStem	VRoot_VRoot_NStem_VRoot
futh_i	Conj	NStem_NStem	Conj	NStem_NStem
ku_mel_e	SC15_VRoot_VerbTerm	NStem_NStem_NStem	SC15_VRoot_VerbTerm	NStem_NStem_NStem
i_bukez_w_e	SC9_Intrans_VerbTerm	NStem_NStem_NStem_NStem	SC9_Intrans_VerbTerm	NStem_NStem_NStem_NStem
ngo_ku_bhek_a	AdvPre_NPrePre15_BPre15_VRoot_VerbTerm	VRoot_NStem_NStem_NStem	AdvPre_NPrePre15_BPre15_VRoot_VerbTerm	NStem_NStem_NStem_NStem
a_ma_qiniso	NPrePre6_BPre6_NStem	NStem_NStem_NStem	NPrePre6_BPre6_NStem	NStem_NStem_NStem
oku_setshenz_is_w_a	RelConc15_VRoot_CausExt_PassExt_VerbTerm	VRoot_VRoot_VRoot_VRoot_VRoot	RelConc15_VRoot_CausExt_PassExt_VerbTerm	VRoot_VRoot_VRoot_VRoot_VRoot
kwe_phrojekthi	PossConc15_NPrePre5_NStem	NStem_NStem	PossConc15_NPrePre5_NStem	VRoot_VRoot
,	Punc	PUNC	Punc	PUNC
njengoba	Conj	PUNC	Conj	PUNC
i_zin_qubo	NPrePre10_BPre10_NStem	NStem_NStem_NStem	NPrePre10_BPre10_NStem	NStem_NStem_NStem
zo_ku_qaphel_a	PossConc10_NPrePre15_Intrans_VerbTerm	VRoot_VRoot_VRoot_NStem	PossConc10_NPrePre15_Intrans_VerbTerm	VRoot_VRoot_VRoot_VRoot
no_ku_buyekez_a	AdvPre_NPrePre15_BPre15_VRoot_VerbTerm	VRoot_VRoot_VRoot_VRoot	AdvPre_NPrePre15_BPre15_VRoot_VerbTerm	NStem_NStem_NStem_NStem
zi_sh_o	SC10_VRoot_VerbTerm	NStem_NStem_NStem	SC10_VRoot_VerbTerm	NStem_NStem_NStem
.	Punc	PUNC	Punc	PUNC
Zam_a	VRoot_VerbTerm	PUNC_PUNC	VRoot_VerbTerm	PUNC_PUNC
u_ku_bandakany_a	NPrePre15_BPre15_VRoot_VerbTerm	VRoot_VRoot_VRoot_VRoot	NPrePre15_BPre15_VRoot_VerbTerm	NStem_NStem_NStem_NStem
aba_ntu	NPrePre2_BPre2_NStem	NStem_NStem	NPrePre2_BPre2_NStem	NStem_NStem
aba_hlonz_iw_e	RelConc2_VRoot_PassExt_VerbTerm	VRoot_VRoot_VRoot_VRoot	RelConc2_VRoot_PassExt_VerbTerm	VRoot_VRoot_VRoot_VRoot
abe_hlukehluk_en_e	RelConc2_VRoot_RecipExt_VerbTerm	VRoot_VRoot_VRoot_VRoot	RelConc2_VRoot_RecipExt_VerbTerm	VRoot_VRoot_VRoot_VRoot
ngo_kwe_n_hlalo	AdvPre_NPrePre15_PossConc15_BPre9_NStem	VRoot_VRoot_NStem_VRoot	AdvPre_NPrePre15_PossConc15_BPre9_NStem	NStem_NStem_NStem_NStem
,	Punc	PUNC	Punc	PUNC
oku_hlangan_is_a	RelConc15_VRoot_CausExt_VerbTerm	NStem_NStem_NStem_NStem	RelConc15_VRoot_CausExt_VerbTerm	NStem_NStem_NStem_NStem
aba_ntu	NPrePre2_BPre2_NStem	NStem_NStem	NPrePre2_BPre2_NStem	NStem_NStem
aba_no_lw_az_i	RelConc2_AdvPre_NPrePre11_BPre11_NStem	NStem_NStem_NStem_NStem_NStem	RelConc2_AdvPre_NPrePre11_BPre11_NStem	VRoot_VRoot_VRoot_VRoot_VRoot
nge_zin_daba	AdvPre_NPrePre10_BPre10_NStem	NStem_NStem_NStem	AdvPre_NPrePre10_BPre10_NStem	NStem_NStem_NStem
ze_ze_m_velo	PossConc10_NPrePre10_PossConc10_NPrePre9_BPre3_NStem	NStem_NStem_NStem_NStem	PossConc10_NPrePre10_PossConc10_NPrePre9_BPre3_NStem	NStem_NStem_NStem_NStem
ye_n_dawo	PossConc9_NPrePre9_BPre9_NStem	NStem_NStem_NStem	PossConc9_NPrePre9_BPre9_NStem	NStem_NStem_NStem
.	Punc	PUNC	Punc	PUNC
A_ma_lungu	NPrePre6_BPre6_NStem	NStem_NStem_NStem	NPrePre6_BPre6_NStem	NStem_NStem_NStem
e_qembu	RelConc9_NPrePre5_BPre5_NStem	NStem_NStem	RelConc9_NPrePre5_BPre5_NStem	NStem_NStem
ku_mel_e	SC15_VRoot_VerbTerm	NStem_NStem_NStem	SC15_VRoot_VerbTerm	NStem_NStem_NStem
a_vot_el_e	SC6_VRoot_ApplExt_VerbTerm	NStem_NStem_NStem_NStem	SC6_VRoot_ApplExt_VerbTerm	NStem_NStem_NStem_NStem
oku_thathu	AdjPref15_AdjStem	NStem_NStem	AdjPref15_AdjStem	NStem_NStem
oku_se_qhulw_ini	RelConc15_PreLoc-s_LocPre_NStem_LocSuf	VRoot_NStem_VRoot_VRoot	RelConc15_PreLoc-s_LocPre_NStem_LocSuf	VRoot_VRoot_VRoot_VRoot
oku_y_i_ntuthuko	RelConc15_CopPre_NPrePre9_NStem	VRoot_VRoot_VRoot_VRoot	RelConc15_CopPre_NPrePre9_NStem	VRoot_VRoot_VRoot_VRoot
e_fis_w_a_yo	RelConc9_VRoot_PassExt_VerbTerm_RelSuf	NStem_NStem_NStem_NStem_VRoot	RelConc9_VRoot_PassExt_VerbTerm_RelSuf	NStem_NStem_NStem_NStem_NStem
.	Punc	PUNC	Punc	PUNC
Lelo	Dem5_Pos2	PUNC	Dem5_Pos2	PUNC
na_lelo	AdvPre_Dem5_Pos2	NStem_NStem	AdvPre_Dem5_Pos2	NStem_NStem
lungu	NStem	PUNC	NStem	PUNC
le_qembu	PossConc5_NPrePre5_BPre5_NStem	NStem_NStem	PossConc5_NPrePre5_BPre5_NStem	NStem_NStem
li_na_ma_voti	BPre5_AdvPre_NPrePre6_BPre6_NStem	NStem_NStem_NStem_NStem	BPre5_AdvPre_NPrePre6_BPre6_NStem	NStem_NStem_NStem_NStem
a_ma_thathu	AdjPref6_AdjStem	NStem_NStem_NStem	AdjPref6_AdjStem	NStem_NStem_NStem
futh_i	Conj	NStem_NStem	Conj	NStem_NStem
li_nga_vot_a	SC6_Pot_VRoot_VerbTerm	NStem_NStem_NStem_NStem	SC6_Pot_VRoot_VerbTerm	NStem_NStem_NStem_NStem
ngo_ku_bek_a	AdvPre_NPrePre15_BPre15_VRoot_VerbTerm	NStem_NStem_NStem_NStem	AdvPre_NPrePre15_BPre15_VRoot_VerbTerm	NStem_NStem_NStem_NStem
u_phawu	NPrePre11_BPre11_NStem	PUNC_PUNC	NPrePre11_BPre11_NStem	NStem_NStem
maqondan_a	Conj	NStem_NStem	Conj	NStem_NStem
ne_n_tuthuko	AdvPre_BPre9_NStem	NStem_NStem_NStem	AdvPre_BPre9_NStem	NStem_NStem_NStem
eli_cabanga	RelConc5_VRoot_VerbTerm	NStem_NStem	RelConc5_VRoot_VerbTerm	NStem_NStem
u_kuth_i	Conj	NStem_NStem_NStem	Conj	NStem_NStem_NStem
ku_mel_e	SC15_VRoot_VerbTerm	NStem_NStem_NStem	SC15_VRoot_VerbTerm	NStem_NStem_NStem
i_qhakanjisw_e	SC9_VRoot_CausExt_PassExt_VerbTerm	VRoot_VRoot_VRoot	SC9_VRoot_CausExt_PassExt_VerbTerm	VRoot_VRoot_VRoot
.	Punc	PUNC	Punc	PUNC
lesi	Dem7_Pos1	PUNC	Dem7_Pos1	PUNC
S_AHLUKO	BPre7_NStem	NStem_NStem	BPre7_NStem	NStem_NStem
SI_CHAZ_A	SC7_VRoot_VerbTerm	NStem_NStem_NStem	SC7_VRoot_VerbTerm	NStem_NStem_NStem
SI_N_IKEZ_E	SC7_VRoot_VerbTerm	NStem_NStem_NStem_NStem	SC7_VRoot_VerbTerm	NStem_NStem_NStem_NStem
I_MINININGWANE	NPrePre4_BPre4_NStem	NStem_NStem	NPrePre4_BPre4_NStem	NStem_NStem
ya_leso	PossConc4_Dem7_Pos2	NStem_NStem	PossConc4_Dem7_Pos2	NStem_NStem
na_leso	AdvPre_Dem7_Pos2	PUNC_NStem	AdvPre_Dem7_Pos2	NStem_NStem
si_gaba	BPre7_NStem	PUNC_PUNC	BPre7_NStem	PUNC_PUNC
so_M_hlahlandlel_a	PossConc7_NPrePre3_BPre3_NStem	VRoot_VRoot_VRoot_VRoot	PossConc7_NPrePre3_BPre3_NStem	VRoot_VRoot_VRoot_VRoot
wo_ku_hlel_a	PossConc3_NPrePre15_BPre15_VRoot_VerbTerm	NStem_NStem_NStem_NStem	PossConc3_NPrePre15_BPre15_VRoot_VerbTerm	VRoot_NStem_NStem_NStem
oku_gqugquzel_a	RelConc15_VRoot_VerbTerm	VRoot_VRoot_VRoot	RelConc15_VRoot_VerbTerm	VRoot_VRoot_VRoot
u_m_phakathi	NPrePre3_BPre3_Adv	NStem_NStem_NStem	NPrePre3_BPre3_Adv	NStem_NStem_NStem
njengoba	Conj	PUNC	Conj	PUNC
w_ethul_w_a	SC3_VRoot_PassExt_VerbTerm	NStem_NStem_NStem_NStem	SC3_VRoot_PassExt_VerbTerm	NStem_NStem_NStem_NStem
e_Mhlahlandlele_ni	LocPre_BPre3_NStem_LocSuf	VRoot_VRoot_VRoot	LocPre_BPre3_NStem_LocSuf	VRoot_VRoot_VRoot
wa_be__AI_CDD	PossConc3_BPre2_Abbr	NStem_NStem_NStem_NStem	PossConc3_BPre2_Abbr	NStem_NStem_NStem_NStem
.	Punc	PUNC	Punc	PUNC
lesi	Dem7_Pos1	PUNC	Dem7_Pos1	PUNC
sa_hluko	BPre7_NStem	NStem_NStem	BPre7_NStem	NStem_NStem
si_landel_a	SC7_VRoot_VerbTerm	NStem_NStem_NStem	SC7_VRoot_VerbTerm	PUNC_PUNC_PUNC
leso	Dem7_Pos2	PUNC	Dem7_Pos2	PUNC
na_leso	AdvPre_Dem7_Pos2	NStem_NStem	AdvPre_Dem7_Pos2	NStem_NStem
si_gaba	BPre7_NStem	PUNC_PUNC	BPre7_NStem	PUNC_PUNC
futh_i	Conj	NStem_NStem	Conj	NStem_NStem
,	Punc	PUNC	Punc	PUNC
ngo_ku_sebenz_is_a	AdvPre_NPrePre15_BPre15_VRoot_CausExt_VerbTerm	VRoot_VRoot_VRoot_VRoot_VRoot	AdvPre_NPrePre15_BPre15_VRoot_CausExt_VerbTerm	VRoot_VRoot_VRoot_VRoot_VRoot
u_M_hlahlandlel_a	NPrePre3_BPre3_NStem	VRoot_VRoot_VRoot_VRoot	NPrePre3_BPre3_NStem	VRoot_VRoot_VRoot_VRoot
wa_be__AI_CDD	PossConc3_BPre2_Abbr	VRoot_NStem_VRoot_NStem	PossConc3_BPre2_Abbr	NStem_NStem_NStem_NStem
,	Punc	PUNC	Punc	PUNC
si_phakamis_a	SC1pp_VRoot_VerbTerm	NStem_NStem_NStem	SC1pp_VRoot_VerbTerm	NStem_NStem_NStem
i_n_dlel_a	NPrePre9_NPrePre9_NStem	NStem_NStem_NStem_NStem	NPrePre9_NPrePre9_NStem	NStem_VRoot_VRoot_VRoot
leso	Dem7_Pos2	PUNC	Dem7_Pos2	PUNC
na_leso	AdvPre_Dem7_Pos2	NStem_NStem	AdvPre_Dem7_Pos2	NStem_NStem
si_gaba	BPre7_NStem	PUNC_PUNC	BPre7_NStem	PUNC_PUNC
esi_nga_setshenz_is_w_a	RelConc7_Pot_VRoot_CausExt_PassExt_VerbTerm	VRoot_VRoot_VRoot_VRoot_VRoot_VRoot	RelConc7_Pot_VRoot_CausExt_PassExt_VerbTerm	VRoot_VRoot_VRoot_VRoot_VRoot_VRoot
nga_yo	AdvPre_PronStem9	PUNC_PUNC	AdvPre_PronStem9	Conj_Conj
.	Punc	PUNC	Punc	NStem
lesi	Dem7_Pos1	PUNC	Dem7_Pos1	PUNC
sa_hluko	BPre7_NStem	NStem_NStem	BPre7_NStem	NStem_NStem
si_qoq_a	SC7_VRoot_VerbTerm	NStem_NStem_NStem	SC7_VRoot_VerbTerm	NStem_NStem_NStem
a_ma_phuzu	NPrePre6_BPre6_NStem	NStem_NStem_NStem	NPrePre6_BPre6_NStem	PUNC_PUNC_PUNC
a_se_m_qoka	RelConc6_Pro_BPre3_NStem	NStem_NStem_NStem_NStem	RelConc6_Pro_BPre3_NStem	NStem_NStem_NStem_NStem
.	Punc	PUNC	Punc	PUNC
Isethulo	NPrePre7_BPre7_NStem	NStem	NPrePre7_BPre7_NStem	NStem
esi_phelel_e	RelConc7_VRoot_VerbTerm	NStem_NStem_VRoot	RelConc7_VRoot_VerbTerm	NStem_NStem_NStem
si_qukethwe	SC7_VRoot_PassExt_Perf_VerbTerm	NStem_NStem	SC7_VRoot_PassExt_Perf_VerbTerm	NStem_NStem
w_u_M_hlahlandlel_a	CopPre_NPrePre3_BPre3_NStem	VRoot_VRoot_VRoot_VRoot_VRoot	CopPre_NPrePre3_BPre3_NStem	VRoot_VRoot_VRoot_VRoot_VRoot
wa_be__AI_CDD	PossConc3_BPre2_Abbr	NStem_NStem_NStem_NStem	PossConc3_BPre2_Abbr	NStem_NStem_NStem_NStem
.	Punc	PUNC	Punc	PUNC
Ku_ngabe	Conj	NStem_NStem	Conj	NStem_NStem
aba_ntu	NPrePre2_BPre2_NStem	NStem_NStem	NPrePre2_BPre2_NStem	NStem_NStem
be_si_fazane	PossConc2_NPrePre7_BPre7_NStem	NStem_NStem_NStem	PossConc2_NPrePre7_BPre7_NStem	NStem_NStem_NStem
ba_bandakany_w_a	SC2_VRoot_PassExt_VerbTerm	NStem_VRoot_VRoot_VRoot	SC2_VRoot_PassExt_VerbTerm	VRoot_VRoot_VRoot_VRoot
ka_njani	AdvPre_Interrog	NStem_NStem	AdvPre_Interrog	NStem_NStem
e_mi_sebenz_ini	LocPre_NPrePre4_BPre4_NStem_LocSuf	VRoot_VRoot_VRoot_VRoot	LocPre_NPrePre4_BPre4_NStem_LocSuf	VRoot_VRoot_VRoot_VRoot
yo_hlelo	PossConc4_NPrePre11_NStem	NStem_NStem	PossConc4_NPrePre11_NStem	NStem_NStem
(	Punc	PUNC	Punc	Conj
ku_hlangan_is_a	SC15_VRoot_CausExt_VerbTerm	NStem_NStem_NStem_NStem	SC15_VRoot_CausExt_VerbTerm	NStem_NStem_NStem_NStem
ne_zin_hlelo	NPre10_NPrePre10_BPre10_NStem	NStem_NStem_NStem	NPre10_NPrePre10_BPre10_NStem	NStem_NStem_NStem
zo_qeqesho	PossConc10_NPrePre10_NStem	NStem_NStem	PossConc10_NPrePre10_NStem	NStem_NStem
,	Punc	PUNC	Punc	PUNC
i_mi_buthano	NPrePre4_BPre4_NStem	NStem_VRoot_VRoot	NPrePre4_BPre4_NStem	NStem_NStem_NStem
ka_nye	Conj	PUNC_PUNC	Conj	PUNC_PUNC
ne_mi_hlangano	AdvPre_NPrePre4_BPre4_NStem	NStem_NStem_NStem	AdvPre_NPrePre4_BPre4_NStem	NStem_VRoot_VRoot
)	Punc	Conj	Punc	PUNC
?	Punc	PUNC	Punc	Conj
A_be_si_lis_a	NPrePre2_BPre2_BPre7_NStem	VRoot_NStem_NStem_NStem_NStem	NPrePre2_BPre2_BPre7_NStem	NStem_NStem_NStem_NStem_NStem
bo_na	PronStem2_PronSuf	PUNC_PUNC	PronStem2_PronSuf	PUNC_PUNC
?	Punc	PUNC	Punc	PUNC
Ku_ngabe	Conj	NStem_NStem	Conj	NStem_NStem
za_b_a	SC8_AuxVStem	NStem_NStem_NStem	SC8_AuxVStem	NStem_NStem_NStem
khona	AbsPron15	PUNC	AbsPron15	PUNC
yini	Interrog	PUNC	Interrog	PUNC
i_zabelo	NPrePre8_NStem	NStem_NStem	NPrePre8_NStem	NStem_NStem
z_e_sabiwomali	PossConc8_NPrePre7_NStem	VRoot_NStem_NStem	PossConc8_NPrePre7_NStem	VRoot_VRoot_VRoot
ezi_qond_en_e	RelConc8_VRoot_RecipExt_Perf_VerbTerm	NStem_NStem_NStem_NStem	RelConc8_VRoot_RecipExt_Perf_VerbTerm	NStem_VRoot_NStem_NStem
ngqo	Ideoph	PUNC	Ideoph	PUNC
na_ba_ntu	AdvPre_NPrePre2_BPre2_NStem	NStem_NStem_NStem	AdvPre_NPrePre2_BPre2_NStem	NStem_NStem_NStem
be_si_fazane	PossConc2_NPrePre7_BPre7_NStem	NStem_NStem_NStem	PossConc2_NPrePre7_BPre7_NStem	NStem_NStem_NStem
?	Punc	Conj	Punc	Conj
U_ku_vez_a	NPrePre15_BPre15_NStem	NStem_NStem_NStem_NStem	NPrePre15_BPre15_NStem	NStem_NStem_NStem_NStem
i_zin_sizakusebenz_a	NPrePre10_BPre10_NStem	VRoot_VRoot_VRoot_VRoot	NPrePre10_BPre10_NStem	VRoot_VRoot_VRoot_VRoot
_	Punc		Punc	
a_ma_Komidi	NPrePre6_BPre6_NStem	NStem_NStem_NStem	NPrePre6_BPre6_NStem	NStem_NStem_NStem
Ezi_gceme	RelConc8_NStem	NStem_NStem	RelConc8_NStem	NStem_NStem
a_s_e_n_dawe_ni	RelConc6_Pro_BPre9_NStem_LocSuf	VRoot_VRoot_VRoot_VRoot_VRoot_VRoot	RelConc6_Pro_BPre9_NStem_LocSuf	NStem_NStem_NStem_NStem_NStem_NStem
a_fanel_e	SC6_VRoot_ApplExt_VerbTerm	NStem_NStem_NStem	SC6_VRoot_ApplExt_VerbTerm	NStem_NStem_NStem
u_kw_az_i	NPrePre15_BPre15_VRoot_VerbTerm	NStem_NStem_NStem_NStem	NPrePre15_BPre15_VRoot_VerbTerm	NStem_NStem_NStem_NStem
u_kuth_i	Conj	NStem_NStem_NStem	Conj	NStem_NStem_NStem
y_i_zi_phi	CopPre_NPrePre10_BPre10_Interrog	NStem_NStem_NStem_NStem	CopPre_NPrePre10_BPre10_Interrog	NStem_NStem_NStem_NStem
i_zin_sizakusebenz_a	NPrePre10_BPre10_NStem	VRoot_VRoot_VRoot_VRoot	NPrePre10_BPre10_NStem	VRoot_VRoot_VRoot_VRoot
ezi_khona	RelConc8_Adv	NStem_NStem	RelConc8_Adv	NStem_NStem
e_m_phakath_ini	LocPre_BPre3_NStem_LocSuf	VRoot_VRoot_VRoot_VRoot	LocPre_BPre3_NStem_LocSuf	VRoot_NStem_VRoot_VRoot
no_ku_nga_phel_el_i	AdvPre_NPrePre15_BPre15_NegPre_NStem	VRoot_VRoot_VRoot_VRoot_VRoot_VRoot	AdvPre_NPrePre15_BPre15_NegPre_NStem	VRoot_VRoot_VRoot_VRoot_VRoot_VRoot
kwa_zo	PossConc15_PronStem10	PUNC_PUNC	PossConc15_PronStem10	NStem_NStem
no_ku_th_i	AdvPre_BPre15_VRoot_VerbTerm	NStem_NStem_NStem_NStem	AdvPre_BPre15_VRoot_VerbTerm	NStem_NStem_NStem_NStem
u_m_khandlu	NPrePre3_BPre3_NStem	PUNC_PUNC_PUNC	NPrePre3_BPre3_NStem	NStem_NStem_NStem
u_nga_zi_sebenz_is_a	SC1_AdvPre_ReflPre_VRoot_CausExt_VerbTerm	VRoot_VRoot_VRoot_VRoot_VRoot_VRoot	SC1_AdvPre_ReflPre_VRoot_CausExt_VerbTerm	VRoot_VRoot_VRoot_VRoot_VRoot_VRoot
ka_njani	AdvPre_Interrog	NStem_NStem	AdvPre_Interrog	NStem_NStem
lezi	Dem10_Pos1	PUNC	Dem10_Pos1	PUNC
zin_sizakusebenz_a	SC8_Intrans_VerbTerm	VRoot_VRoot_VRoot	SC8_Intrans_VerbTerm	VRoot_VRoot_VRoot
.	Punc	PUNC	Punc	PUNC
Lezi	Dem10_Pos1	PUNC	Dem10_Pos1	PUNC
zin_sizakusebenz_a	SC8_Intrans_VerbTerm	VRoot_VRoot_VRoot	SC8_Intrans_VerbTerm	VRoot_VRoot_VRoot
zi_nga_ba	BPre10_AdvPre_AuxVStem	NStem_NStem_NStem	BPre10_AdvPre_AuxVStem	NStem_NStem_NStem
lu_sizo	BPre11_NStem	NStem_NStem	BPre11_NStem	NStem_NStem
u_ma	Conj	PUNC_PUNC	Conj	PUNC_PUNC
u_masipala	BPre1a_NStem	NStem_NStem	BPre1a_NStem	NStem_NStem
u_n_qum_a	RelConc3_BPre9_VRoot_VerbTerm	NStem_PUNC_PUNC_NStem	RelConc3_BPre9_VRoot_VerbTerm	NStem_NStem_NStem_NStem
u_ku_leth_a	NPrePre15_BPre15_VRoot_VerbTerm	NStem_NStem_NStem_NStem	NPrePre15_BPre15_VRoot_VerbTerm	NStem_NStem_NStem_NStem
i_n_sizakalo	NPrePre9_BPre9_NStem	NStem_NStem_NStem	NPrePre9_BPre9_NStem	NStem_NStem_NStem
ngo_ku_sebenz_is_a	AdvPre_NPrePre15_BPre15_VRoot_CausExt_VerbTerm	VRoot_VRoot_VRoot_VRoot_VRoot	AdvPre_NPrePre15_BPre15_VRoot_CausExt_VerbTerm	VRoot_VRoot_VRoot_VRoot_VRoot
U_bamb_is_w_ano	NPrePre11_BPre11_NStem	VRoot_VRoot_VRoot_VRoot_VRoot	NPrePre11_BPre11_NStem	NStem_VRoot_NStem_VRoot_NStem
Lwe_zin_sizakalo	PossConc11_NPrePre10_BPre10_NStem	VRoot_VRoot_VRoot	PossConc11_NPrePre10_BPre10_NStem	NStem_VRoot_VRoot
Zi_ka_masipala	PossConc8_PossKA_NStem	NStem_NStem_NStem	PossConc8_PossKA_NStem	NStem_NStem_NStem
.	Punc	PUNC	Punc	PUNC
A_ma_Komidi	NPrePre6_BPre6_NStem	NStem_NStem_NStem	NPrePre6_BPre6_NStem	NStem_NStem_NStem
Ezi_gceme	RelConc8_NStem	NStem_NStem	RelConc8_NStem	NStem_NStem
a_nga_siz_a	SC6_AdvPre_VRoot_VerbTerm	NStem_NStem_NStem_NStem	SC6_AdvPre_VRoot_VerbTerm	NStem_NStem_NStem_NStem
e_ku_vez_e_ni	RelConc4_BPre15_VRoot_VerbTerm_LocSuf	NStem_NStem_NStem_NStem_NStem	RelConc4_BPre15_VRoot_VerbTerm_LocSuf	VRoot_NStem_NStem_VRoot_VRoot
u_m_lethi	BPre1a_NStem	NStem_NStem_NStem	BPre1a_NStem	NStem_NStem_NStem
we_zin_sizakalo	PossConc3_NPrePre10_BPre10_NStem	NStem_NStem_NStem	PossConc3_NPrePre10_BPre10_NStem	NStem_NStem_NStem
o_fanel_ek_il_e	SC3_VRoot_NPas_Perf_VerbTerm	VRoot_VRoot_VRoot_VRoot_VRoot	SC3_VRoot_NPas_Perf_VerbTerm	VRoot_VRoot_VRoot_VRoot_VRoot
o_zo_kw_az_i	SC3_Fut_VRoot_VerbTerm	NStem_NStem_NStem_NStem_NStem	SC3_Fut_VRoot_VerbTerm	NStem_NStem_NStem_NStem_NStem
u_ku_hlangabez_an_a	NPrePre15_BPre15_VRoot_RecipExt_VerbTerm	VRoot_VRoot_VRoot_VRoot_VRoot	NPrePre15_BPre15_VRoot_RecipExt_VerbTerm	VRoot_VRoot_VRoot_VRoot_VRoot
ne_mi_gomo	AdvPre_NPrePre4_BPre4_NStem	NStem_NStem_NStem	AdvPre_NPrePre4_BPre4_NStem	NStem_NStem_NStem
ka_masipala	PossKA_NPrePre1a_NStem	NStem_NStem	PossKA_NPrePre1a_NStem	NStem_NStem
yo_ku_leth_a	PossConc9_NPrePre15_BPre15_VRoot_VerbTerm	NStem_NStem_NStem_NStem	PossConc9_NPrePre15_BPre15_VRoot_VerbTerm	NStem_NStem_NStem_NStem
i_zin_sizakalo	NPrePre10_BPre10_NStem	NStem_NStem_NStem	NPrePre10_BPre10_NStem	NStem_NStem_NStem
nge_nani	AdvPre_NStem	NStem_NStem	AdvPre_NStem	NStem_NStem
eli_finyelel_ek_a_yo	RelConc5_VRoot_NPas_VerbTerm_RelSuf	VRoot_VRoot_VRoot_VRoot_VRoot	RelConc5_VRoot_NPas_VerbTerm_RelSuf	VRoot_VRoot_VRoot_VRoot_VRoot
na_nge_n_dlel_a	CopPre_AdvPre_NPrePre9_BPre9_NStem	VRoot_VRoot_NStem_VRoot_NStem	CopPre_AdvPre_NPrePre9_BPre9_NStem	VRoot_NStem_VRoot_NStem_VRoot
yo_kw_enz_a	PossConc9_NPrePre15_BPre15_VRoot_VerbTerm	NStem_NStem_NStem_NStem	PossConc9_NPrePre15_BPre15_VRoot_VerbTerm	NStem_NStem_NStem_NStem
u_m_sebenzi	NPrePre3_BPre3_NStem	NStem_NStem_NStem	NPrePre3_BPre3_NStem	NStem_NStem_NStem
e_nik_a	RelConc9_Intrans_VerbTerm	NStem_NStem_NStem	RelConc9_Intrans_VerbTerm	NStem_NStem_NStem
i_thuba	NPrePre5_BPre5_NStem	NStem_NStem	NPrePre5_BPre5_NStem	NStem_NStem
kwa_ba_be_buk_el_w_a	PossConc15_BPre2_RelConc15_VRoot_PassExt_VerbTerm	VRoot_VRoot_VRoot_VRoot_VRoot_VRoot_VRoot	PossConc15_BPre2_RelConc15_VRoot_PassExt_VerbTerm	VRoot_VRoot_VRoot_VRoot_VRoot_VRoot_VRoot
phansi	Adv	NStem	Adv	NStem
.	Punc	PUNC	Punc	PUNC
A_shintshe	SC1_VRoot_VerbTerm	NStem_NStem	SC1_VRoot_VerbTerm	NStem_NStem
u_bu_dlelwano	NPrePre14_BPre14_NStem	NStem_NStem_NStem	NPrePre14_BPre14_NStem	NStem_NStem_NStem
ba_ma_ndla	PossConc14_NPrePre6_BPre6_NStem	NStem_NStem_NStem	PossConc14_NPrePre6_BPre6_NStem	NStem_NStem_NStem
a_nga_lingani	NegPre_VRoot_RecipExt_VerbTerm	NStem_NStem_NStem	NegPre_VRoot_RecipExt_VerbTerm	NStem_NStem_NStem
phakathi	Adv	PUNC	Adv	PUNC
kwa_be_si_lis_a	PossConc15_NPrePre2_BPre2_BPre7_NStem	VRoot_NStem_VRoot_VRoot_VRoot	PossConc15_NPrePre2_BPre2_BPre7_NStem	VRoot_VRoot_VRoot_VRoot_VRoot
ka_nye	Conj	PUNC_PUNC	Conj	PUNC_PUNC
na_be_si_fazane	AdvPre_NPrePre2_BPre2_BPre7_NStem	NStem_NStem_NStem_NStem	AdvPre_NPrePre2_BPre2_BPre7_NStem	NStem_NStem_NStem_NStem
.	Punc	PUNC	Punc	PUNC
A_ba_ntu	NPrePre2_BPre2_NStem	NStem_NStem_NStem	NPrePre2_BPre2_NStem	NStem_NStem_NStem
be_si_fazane	PossConc2_NPrePre7_BPre7_NStem	NStem_NStem_NStem	PossConc2_NPrePre7_BPre7_NStem	NStem_NStem_NStem
ku_fanel_e	SC15_VRoot_VerbTerm	NStem_NStem_NStem	SC15_VRoot_VerbTerm	NStem_NStem_NStem
ba_kw_az_i	SC2_BPre15_VRoot_VerbTerm	NStem_NStem_NStem_NStem	SC2_BPre15_VRoot_VerbTerm	NStem_NStem_NStem_NStem
u_ku_thol_a	NPrePre15_BPre15_VRoot_VerbTerm	NStem_NStem_NStem_NStem	NPrePre15_BPre15_VRoot_VerbTerm	NStem_NStem_NStem_NStem
i_zi_nto	NPrePre10_BPre10_NStem	NStem_NStem_NStem	NPrePre10_BPre10_NStem	NStem_NStem_NStem
ezi_zo_ba_nikez_a	RelConc10_Fut_SC2_VRoot_VerbTerm	VRoot_VRoot_VRoot_VRoot_VRoot	RelConc10_Fut_SC2_VRoot_VerbTerm	VRoot_VRoot_VRoot_VRoot_VRoot
a_ma_ndla	NPrePre6_BPre6_NStem	NStem_NStem_NStem	NPrePre6_BPre6_NStem	NStem_NStem_NStem
_	Punc		Punc	
njeng_oqeqesho	AdvPre_NPrePre11_NStem	VRoot_VRoot	AdvPre_NPrePre11_NStem	VRoot_VRoot
,	Punc	PUNC	Punc	PUNC
i_zi_mali	NPrePre10_BPre10_NStem	PUNC_PUNC_PUNC	NPrePre10_BPre10_NStem	NStem_NStem_NStem
ezi_bolek_is_a_yo	RelConc10_VRoot_CausExt_VerbTerm_RelSuf	VRoot_VRoot_VRoot_VRoot_VRoot	RelConc10_VRoot_CausExt_VerbTerm_RelSuf	NStem_NStem_NStem_NStem_NStem
,	Punc	PUNC	Punc	PUNC
a_ma_ndla	NPrePre6_BPre6_NStem	NStem_NStem_NStem	NPrePre6_BPre6_NStem	NStem_NStem_NStem
oku_sayin_el_a	RelConc15_VRoot_ApplExt_VerbTerm	NStem_NStem_NStem_NStem	RelConc15_VRoot_ApplExt_VerbTerm	NStem_NStem_NStem_VRoot
i_zi_ndlu	NPrePre10_BPre10_NStem	NStem_NStem_NStem	NPrePre10_BPre10_NStem	NStem_NStem_NStem
ezi_qashis_a_yo	RelConc10_VRoot_CausExt_VerbTerm_RelSuf	NStem_NStem_NStem_NStem	RelConc10_VRoot_CausExt_VerbTerm_RelSuf	NStem_NStem_NStem_NStem
ka_nye	Conj	PUNC_PUNC	Conj	PUNC_PUNC
no_ku_melel_ek_a	AdvPre_NPrePre15_BPre15_VRoot_NeutExt_VerbTerm	NStem_NStem_NStem_NStem_VRoot	AdvPre_NPrePre15_BPre15_VRoot_NeutExt_VerbTerm	VRoot_VRoot_VRoot_VRoot_VRoot
ezi_khungw_eni	RelConc8_NStem_LocSuf	NStem_NStem_NStem	RelConc8_NStem_LocSuf	VRoot_VRoot_NStem
zezo_m_busazwe	PossConc8_NPrePre10_PossConc8_NPrePre3_BPre3_NStem	VRoot_VRoot_VRoot	PossConc8_NPrePre10_PossConc8_NPrePre3_BPre3_NStem	NStem_NStem_NStem
.	Punc	PUNC	Punc	PUNC
I_zin_gqinamb_a	NPrePre10_BPre10_NStem	VRoot_VRoot_VRoot_VRoot	NPrePre10_BPre10_NStem	VRoot_VRoot_VRoot_VRoot
ezi_ning_an_a	RelConc10_AdjStem_DimSuf	NStem_NStem_NStem_NStem	RelConc10_AdjStem_DimSuf	NStem_NStem_NStem_NStem
za_s_e_Ningizimu	PossConc10_PreLoc-s_LocPre_NPrePre5_BPre5_ProperName	VRoot_VRoot_VRoot_VRoot	PossConc10_PreLoc-s_LocPre_NPrePre5_BPre5_ProperName	VRoot_VRoot_VRoot_VRoot
Afrika	ProperName	Conj	ProperName	Conj
ku_nga_bhek_an_w_a	BPre17_Pot_VRoot_RecipExt_PassExt_VerbTerm	VRoot_VRoot_VRoot_VRoot_VRoot_VRoot	BPre17_Pot_VRoot_RecipExt_PassExt_VerbTerm	VRoot_VRoot_VRoot_VRoot_VRoot_VRoot
na_zo	AdvPre_PronStem10	PUNC_PUNC	AdvPre_PronStem10	NStem_NStem
ku_phel_a	LocPre_Adv	NStem_NStem_NStem	LocPre_Adv	NStem_NStem_NStem
ngo_ku_bamb_is_an_a	AdvPre_NPrePre15_BPre15_VRoot_CausExt_RecipExt_VerbTerm	VRoot_VRoot_VRoot_VRoot_VRoot_VRoot	AdvPre_NPrePre15_BPre15_VRoot_CausExt_RecipExt_VerbTerm	NStem_NStem_NStem_NStem_NStem_NStem
kwe_zi_fund_a	PossConc15_NPrePre8_BPre8_NStem	NStem_NStem_NStem_NStem	PossConc15_NPrePre8_BPre8_NStem	NStem_NStem_NStem_NStem
.	Punc	PUNC	Punc	PUNC
Nge_si_khathi	AdvPre_BPre7_Adv	NStem_NStem_NStem	AdvPre_BPre7_Adv	NStem_NStem_NStem
i_Ningizimu	NPrePre5_BPre5_ProperName	NStem_NStem	NPrePre5_BPre5_ProperName	NStem_NStem
Afrika	ProperName	Conj	ProperName	PUNC
i_yi_zwe	BPre9_CopPre_NStem	NStem_NStem_NStem	BPre9_CopPre_NStem	NStem_NStem_NStem
eli_nge_na_wo	RelConc5_NegPre_Adv	NStem_NStem_NStem_NStem	RelConc5_NegPre_Adv	NStem_NStem_NStem_NStem
ka_hle	AdvPre_Adv	NStem_NStem	AdvPre_Adv	NStem_NStem
a_ma_nzi	NPrePre6_BPre6_NStem	NStem_NStem_NStem	NPrePre6_BPre6_NStem	NStem_NStem_NStem
,	Punc	PUNC	Punc	PUNC
a_ma_zwe	NPrePre6_BPre6_NStem	NStem_NStem_NStem	NPrePre6_BPre6_NStem	NStem_NStem_NStem
a_ngo_makhelwane	RelConc6_AdvPre_NPrePre2a_NStem	NStem_NStem_NStem	RelConc6_AdvPre_NPrePre2a_NStem	VRoot_NStem_VRoot
a_ma_ning_an_a	AdjPref6_AdjStem_DimSuf	NStem_NStem_NStem_NStem_NStem	AdjPref6_AdjStem_DimSuf	NStem_NStem_NStem_NStem_NStem
a_na_ma_nzi	RelConc6_AdvPre_NStem	NStem_NStem_VRoot_NStem	RelConc6_AdvPre_NStem	NStem_NStem_NStem_NStem
a_ma_ningi	AdjPref6_AdjStem	NStem_NStem_NStem	AdjPref6_AdjStem	NStem_NStem_NStem
.	Punc	PUNC	Punc	PUNC
Ku_ne_zi_nye	BPre15_AdvPre_RelConc10_AdjStem	NStem_NStem_NStem_NStem	BPre15_AdvPre_RelConc10_AdjStem	NStem_NStem_NStem_NStem
i_zin_dawo	NPrePre10_BPre10_NStem	NStem_NStem_NStem	NPrePre10_BPre10_NStem	NStem_NStem_NStem
lapho	Dem16_Pos2	PUNC	Dem16_Pos2	PUNC
i_zi_khwama	NPrePre8_BPre8_NStem	NStem_NStem_NStem	NPrePre8_BPre8_NStem	NStem_NStem_NStem
ze_mali	PossConc8_NStem	PUNC_PUNC	PossConc8_NStem	PUNC_PUNC
yo_ku_siz_a	PossConc4_NPrePre15_BPre15_VRoot_VerbTerm	NStem_NStem_NStem_NStem	PossConc4_NPrePre15_BPre15_VRoot_VerbTerm	NStem_NStem_NStem_NStem
zi_hlinzek_a	SC10_Intrans_NPas_VerbTerm	NStem_NStem_NStem	SC10_Intrans_NPas_VerbTerm	NStem_NStem_NStem
khona	AbsPron15	PUNC	AbsPron15	PUNC
nga_ma_thuba	AdvPre_NPrePre6_BPre6_NStem	NStem_NStem_NStem	AdvPre_NPrePre6_BPre6_NStem	NStem_NStem_NStem
oku_siz_an_a	RelConc15_VRoot_RecipExt_VerbTerm	NStem_NStem_NStem_NStem	RelConc15_VRoot_RecipExt_VerbTerm	NStem_NStem_NStem_NStem
ngo_ku_bamb_is_an_a	AdvPre_NPrePre15_BPre15_VRoot_CausExt_RecipExt_VerbTerm	VRoot_VRoot_VRoot_VRoot_VRoot_VRoot	AdvPre_NPrePre15_BPre15_VRoot_CausExt_RecipExt_VerbTerm	VRoot_VRoot_VRoot_VRoot_VRoot_VRoot
.	Punc	PUNC	Punc	NStem
I_si_bonelo	NPrePre7_BPre7_NStem	NStem_NStem_NStem	NPrePre7_BPre7_NStem	NStem_NStem_NStem
,	Punc	PUNC	Punc	PUNC
i_Ningizimu	NPrePre5_BPre5_ProperName	NStem_NStem	NPrePre5_BPre5_ProperName	NStem_NStem
Afrika	ProperName	Conj	ProperName	PUNC
ku_mel_e	SC15_VRoot_VerbTerm	NStem_NStem_NStem	SC15_VRoot_VerbTerm	NStem_NStem_NStem
i_tshal_e	SC9_VRoot_VerbTerm	NStem_NStem_NStem	SC9_VRoot_VerbTerm	NStem_NStem_NStem
i_mali	NPrePre9_BPre9_NStem	PUNC_PUNC	NPrePre9_BPre9_NStem	PUNC_PUNC
be_se	SC2_AuxVStem	Conj_Conj	SC2_AuxVStem	PUNC_PUNC
i_siz_a	SC9_VRoot_VerbTerm	NStem_NStem_NStem	SC9_VRoot_VerbTerm	NStem_NStem_NStem
u_ku_sebenz_is_a	NPrePre15_BPre15_VRoot_CausExt_VerbTerm	VRoot_VRoot_VRoot_VRoot_VRoot	NPrePre15_BPre15_VRoot_CausExt_VerbTerm	VRoot_VRoot_VRoot_VRoot_VRoot
a_ma_thuba	NPrePre6_BPre6_NStem	NStem_NStem_NStem	NPrePre6_BPre6_NStem	NStem_NStem_NStem
a_ma_ningi	AdjPref6_AdjStem	NStem_NStem_NStem	AdjPref6_AdjStem	NStem_NStem_NStem
a_hluk_en_e	VRoot_RecipExt_Perf	NStem_NStem_NStem_NStem	VRoot_RecipExt_Perf	NStem_NStem_NStem_NStem
a_ma_ndla	NPrePre6_BPre6_NStem	NStem_NStem_NStem	NPrePre6_BPre6_NStem	NStem_NStem_NStem
a_ne_khabhoni	RelConc6_AdvPre_BPre9_NStem	NStem_NStem_NStem	RelConc6_AdvPre_BPre9_NStem	NStem_NStem_NStem
en_cane	AdjPref9_AdjStem	NStem_NStem	AdjPref9_AdjStem	NStem_NStem
a_vel_a	SC6_VRoot_VerbTerm	NStem_NStem_NStem	SC6_VRoot_VerbTerm	NStem_NStem_NStem
ku_gesi	LocPre_BPre11_NStem	NStem_NStem	LocPre_BPre11_NStem	NStem_NStem
o_sus_el_w_a	RelConc3_VRoot_ApplExt_PassExt_VerbTerm	NStem_NStem_NStem_NStem_NStem	RelConc3_VRoot_ApplExt_PassExt_VerbTerm	NStem_NStem_VRoot_VRoot_NStem
e_ma_nzi_ni	LocPre_NStem_LocSuf	NStem_VRoot_NStem_NStem	LocPre_NStem_LocSuf	NStem_NStem_NStem_NStem
ka_nye	Conj	PUNC_PUNC	Conj	PUNC_PUNC
ne_mi_nye	AdvPre_AdjPref4_AdjStem	NStem_NStem_NStem	AdvPre_AdjPref4_AdjStem	NStem_NStem_NStem
i_mi_thombo	NPrePre4_BPre4_NStem	NStem_NStem_NStem	NPrePre4_BPre4_NStem	NStem_NStem_NStem
ya_ma_ndla	PossConc9_NPrePre6_NStem	NStem_NStem_NStem	PossConc9_NPrePre6_NStem	NStem_NStem_NStem
a_hlanz_ek_il_e	RelConc6_VRoot_NeutExt_Perf_VerbTerm	VRoot_VRoot_VRoot_VRoot_VRoot	RelConc6_VRoot_NeutExt_Perf_VerbTerm	VRoot_VRoot_VRoot_VRoot_VRoot
e_ningizimu	LocPre_ProperName	NStem_NStem	LocPre_ProperName	NStem_NStem
ne__Afrika	AdvPre_NPrePre5_ProperName	PUNC_PUNC	AdvPre_NPrePre5_ProperName	PUNC_PUNC
.	Punc	PUNC	Punc	PUNC
I_nani	NPrePre5_BPre5_NStem	NStem_NStem	NPrePre5_BPre5_NStem	NStem_NStem
le_mi_sebenzi	PossConc5_NPrePre4_BPre4_NStem	NStem_NStem_NStem	PossConc5_NPrePre4_BPre4_NStem	NStem_NStem_NStem
e_dal_iw_e	SC4_VRoot_PassExt_VerbTerm	NStem_NStem_VRoot_NStem	SC4_VRoot_PassExt_VerbTerm	NStem_NStem_NStem_NStem
nge_zin_hlelo	NPre10_NPrePre10_BPre10_NStem	NStem_NStem_NStem	NPre10_NPrePre10_BPre10_NStem	NStem_NStem_NStem
ze_n_tuthuko	PossConc8_NStem	NStem_VRoot_NStem	PossConc8_NStem	VRoot_NStem_VRoot
ye_zo_mnotho	PossConc4_NPrePre4_NStem	NStem_NStem_NStem	PossConc4_NPrePre4_NStem	NStem_NStem_NStem
we_n_dawo	PossConc3_BPre9_NStem	NStem_NStem_NStem	PossConc3_BPre9_NStem	NStem_NStem_NStem
zi_ka_masipala	PossConc8_PossKA_NStem	NStem_NStem_NStem	PossConc8_PossKA_NStem	NStem_NStem_NStem
oku_fak_a	RelConc15_VRoot_VerbTerm	NStem_NStem_NStem	RelConc15_VRoot_VerbTerm	NStem_NStem_NStem
phakathi	Adv	PUNC	Adv	PUNC
a_ma_phrojekthi	NPrePre6_BPre6_NStem	VRoot_VRoot_VRoot	NPrePre6_BPre6_NStem	VRoot_VRoot_VRoot
e_khephithali	RelConc5_NStem	NStem_NStem	RelConc5_NStem	NStem_NStem
.	Punc	PUNC	Punc	PUNC
U_kw_enz_a	NPrePre15_BPre15_VRoot_VerbTerm	NStem_NStem_NStem_NStem	NPrePre15_BPre15_VRoot_VerbTerm	NStem_NStem_NStem_NStem
lul_a	Adv	NStem_NStem	Adv	NStem_NStem
ka_nye	AdvPre_AdjStem	PUNC_PUNC	AdvPre_AdjStem	PUNC_PUNC
no_ku_qinis_ek_is_a	AdvPre_NPrePre15_BPre15_VRoot_CausExt_NeutExt_CausExt_VerbTerm	VRoot_VRoot_VRoot_VRoot_VRoot_VRoot	AdvPre_NPrePre15_BPre15_VRoot_CausExt_NeutExt_CausExt_VerbTerm	VRoot_VRoot_VRoot_VRoot_VRoot_VRoot
u_ku_bamb_a	NPrePre15_BPre15_VRoot_VerbTerm	NStem_NStem_NStem_NStem	NPrePre15_BPre15_VRoot_VerbTerm	NStem_NStem_NStem_NStem
i_qhaz_a	NPrePre5_BPre5_NStem	NStem_NStem_NStem	NPrePre5_BPre5_NStem	NStem_NStem_NStem
ko_m_phakathi	PossConc15_NPrePre3_BPre3_NStem	NStem_NStem_NStem	PossConc15_NPrePre3_BPre3_NStem	NStem_NStem_NStem
kw_enz_iw_a	SC15_VRoot_PassExt_VerbTerm	VRoot_VRoot_VRoot_VRoot	SC15_VRoot_PassExt_VerbTerm	VRoot_VRoot_VRoot_VRoot
njengoba	Conj	PUNC	Conj	PUNC
ku_bek_iw_e	SC15_VRoot_PassExt_VerbTerm	NStem_NStem_NStem_NStem	SC15_VRoot_PassExt_VerbTerm	NStem_NStem_NStem_NStem
e_mi_thethw_eni	LocPre_NPrePre4_BPre4_NStem_LocSuf	VRoot_VRoot_VRoot_VRoot	LocPre_NPrePre4_BPre4_NStem_LocSuf	VRoot_VRoot_VRoot_VRoot
e_fanel_e	RelConc9_VRoot_VerbTerm	NStem_NStem_NStem	RelConc9_VRoot_VerbTerm	NStem_NStem_NStem
ku_zo_leth_a	SC15_Fut_VRoot_VerbTerm	NStem_NStem_NStem_NStem	SC15_Fut_VRoot_VerbTerm	NStem_NStem_NStem_NStem
i_zin_selel_e	NPrePre10_BPre10_NStem	VRoot_NStem_VRoot_VRoot	NPrePre10_BPre10_NStem	NStem_NStem_NStem_NStem
E_ma_komidi_ni	LocPre_BPre6_NStem_LocSuf	NStem_NStem_NStem_NStem	LocPre_BPre6_NStem_LocSuf	VRoot_VRoot_VRoot_VRoot
Ezi_gceme	RelConc8_Intrans_VerbTerm	NStem_NStem	RelConc8_Intrans_VerbTerm	NStem_NStem
u_ku_phath_a	NPrePre15_BPre15_VRoot_VerbTerm	NStem_NStem_NStem_VRoot	NPrePre15_BPre15_VRoot_VerbTerm	NStem_NStem_NStem_NStem
a_ma_qembu	NPrePre6_BPre6_NStem	NStem_NStem_NStem	NPrePre6_BPre6_NStem	NStem_NStem_NStem
a_hlukahluk_en_e	RelConc6_VRoot_VerbTerm	VRoot_VRoot_VRoot_VRoot	RelConc6_VRoot_VerbTerm	VRoot_VRoot_VRoot_VRoot
ka_nye	AdvPre_AdjStem	PUNC_PUNC	AdvPre_AdjStem	PUNC_PUNC
ne_zin_tshisekelo	NPre10_NPrePre10_BPre10_NStem	VRoot_VRoot_VRoot	NPre10_NPrePre10_BPre10_NStem	VRoot_VRoot_VRoot
ezi_gceme_ni	RelConc8_NStem_LocSuf	NStem_NStem_NStem	RelConc8_NStem_LocSuf	NStem_NStem_NStem
za_wo	PossConc10_PronStem3	PUNC_PUNC	PossConc10_PronStem3	PUNC_PUNC
.	Punc	PUNC	Punc	PUNC
A_ma_komidi	NPrePre6_BPre6_NStem	NStem_NStem_NStem	NPrePre6_BPre6_NStem	NStem_NStem_NStem
Ezi_gceme	RelConc8_Intrans_VerbTerm	NStem_NStem	RelConc8_Intrans_VerbTerm	NStem_NStem
ku_mel_e	SC15_VRoot_VerbTerm	Conj_Conj_Conj	SC15_VRoot_VerbTerm	NStem_NStem_NStem
a_qaphel_e	RelConc6_VRoot_VerbTerm	NStem_NStem_NStem	RelConc6_VRoot_VerbTerm	VRoot_NStem_VRoot
u_kw_ahlukahlukan_a	NPrePre15_BPre15_VRoot_RecipExt_VerbTerm	VRoot_VRoot_VRoot_VRoot	NPrePre15_BPre15_VRoot_RecipExt_VerbTerm	VRoot_VRoot_VRoot_VRoot
e_mi_phakath_ini	LocPre_NPrePre4_BPre4_NStem_LocSuf	VRoot_VRoot_VRoot_VRoot	LocPre_NPrePre4_BPre4_NStem_LocSuf	VRoot_VRoot_VRoot_VRoot
ya_wo	PossConc9_PronStem3	PUNC_PUNC	PossConc9_PronStem3	PUNC_PUNC
ka_nye	AdvPre_AdjStem	PUNC_PUNC	AdvPre_AdjStem	PUNC_PUNC
no_ku_qhamuk_a	AdvPre_BPre15_VRoot_VerbTerm	VRoot_VRoot_VRoot_VRoot	AdvPre_BPre15_VRoot_VerbTerm	VRoot_VRoot_VRoot_VRoot
na_ma_qhinga	AdvPre_NPrePre6_BPre6_NStem	NStem_NStem_NStem	AdvPre_NPrePre6_BPre6_NStem	VRoot_VRoot_NStem
a_yi_mpumelelo	RelConc6_CopPre_NStem	VRoot_VRoot_VRoot	RelConc6_CopPre_NStem	VRoot_VRoot_VRoot
oku_qinis_ek_is_a	RelConc15_VRoot_NeutExt_CausExt_VerbTerm	VRoot_VRoot_VRoot_VRoot_VRoot	RelConc15_VRoot_NeutExt_CausExt_VerbTerm	VRoot_VRoot_VRoot_VRoot_VRoot
u_ku_fak_w_a	NPrePre15_BPre15_VRoot_PassExt_VerbTerm	VRoot_VRoot_VRoot_VRoot_VRoot	NPrePre15_BPre15_VRoot_PassExt_VerbTerm	VRoot_VRoot_VRoot_VRoot_VRoot
kwa_wo	PossConc15_PronStem3	PUNC_PUNC	PossConc15_PronStem3	PUNC_PUNC
wo_nke	QuantConc3_QuantStem	NStem_NStem	QuantConc3_QuantStem	NStem_NStem
a_ma_lungu	NPrePre6_BPre6_NStem	NStem_NStem_NStem	NPrePre6_BPre6_NStem	NStem_NStem_NStem
e_ma_wadi_ni	LocPre_BPre6_NStem_LocSuf	NStem_NStem_NStem_NStem	LocPre_BPre6_NStem_LocSuf	NStem_NStem_NStem_NStem
a_wo	PossConc6_PronStem6	PUNC_PUNC	PossConc6_PronStem6	PUNC_PUNC
a_hluk_en_e	VRoot_RecipExt_Perf	NStem_NStem_NStem_NStem	VRoot_RecipExt_Perf	NStem_NStem_NStem_NStem
.	Punc	PUNC	Punc	PUNC
E_ku_hlangan_is_e_ni	LocPre_BPre15_VRoot_CausExt_VerbTerm_RecipExt_VerbTerm	VRoot_VRoot_VRoot_VRoot_VRoot_VRoot	LocPre_BPre15_VRoot_CausExt_VerbTerm_RecipExt_VerbTerm	VRoot_VRoot_VRoot_VRoot_VRoot_VRoot
u_m_phakathi	NPrePre3_BPre3_NStem	NStem_NStem_NStem	NPrePre3_BPre3_NStem	NStem_NStem_NStem
u_ku_sekel_a	NPrePre15_BPre15_VRoot_VerbTerm	NStem_NStem_NStem_NStem	NPrePre15_BPre15_VRoot_VerbTerm	NStem_NStem_NStem_NStem
u_hlelo	NPrePre11_NStem	NStem_NStem	NPrePre11_NStem	NStem_NStem
,	Punc	PUNC	Punc	PUNC
no_ku_bhek_a	AdvPre_NPrePre15_BPre15_VRoot_VerbTerm	NStem_NStem_NStem_NStem	AdvPre_NPrePre15_BPre15_VRoot_VerbTerm	NStem_NStem_NStem_NStem
u_ku_bumb_an_a	NPrePre15_BPre15_VRoot_RecipExt_VerbTerm	VRoot_VRoot_VRoot_VRoot_VRoot	NPrePre15_BPre15_VRoot_RecipExt_VerbTerm	NStem_NStem_NStem_NStem_NStem
ko_m_phakathi	PossConc15_NPrePre3_BPre3_NStem	NStem_NStem_NStem	PossConc15_NPrePre3_BPre3_NStem	NStem_NStem_NStem
u_ku_nciph_is_a	NPrePre15_BPre15_VRoot_CausExt_VerbTerm	VRoot_VRoot_VRoot_VRoot_VRoot	NPrePre15_BPre15_VRoot_CausExt_VerbTerm	VRoot_VRoot_VRoot_VRoot_VRoot
u_bu_phofu	NPrePre14_BPre14_NStem	NStem_NStem_NStem	NPrePre14_BPre14_NStem	NStem_NStem_NStem
no_ku_nga_lingani	AdvPre_NPrePre15_BPre15_NegPre_VRoot_VerbTerm	NStem_NStem_NStem_NStem	AdvPre_NPrePre15_BPre15_NegPre_VRoot_VerbTerm	NStem_NStem_NStem_NStem
ngo_k_ong_a	AdvPre_NPrePre15_BPre15_VRoot_VerbTerm	NStem_NStem_NStem_NStem	AdvPre_NPrePre15_BPre15_VRoot_VerbTerm	NStem_NStem_NStem_NStem
na_ma_thuba	AdvPre_NPrePre6_BPre6_NStem	NStem_NStem_NStem	AdvPre_NPrePre6_BPre6_NStem	NStem_NStem_NStem
e_mi_sebenzi	RelConc6_BPre4_NStem	NStem_NStem_NStem	RelConc6_BPre4_NStem	NStem_NStem_NStem
.	Punc	PUNC	Punc	PUNC
I_mi_hlangano	NPrePre4_BPre4_NStem	NStem_NStem_NStem	NPrePre4_BPre4_NStem	NStem_NStem_NStem
yo_m_phakathi	PossConc4_NPrePre3_BPre3_Adv	NStem_NStem_NStem	PossConc4_NPrePre3_BPre3_Adv	NStem_NStem_NStem
i_ya_banjw_a	SC4_Pres_VRoot_PassExt_VerbTerm	VRoot_VRoot_VRoot_VRoot	SC4_Pres_VRoot_PassExt_VerbTerm	VRoot_VRoot_VRoot_VRoot
e_m_va	LocPre_BPre3_Adv	NStem_NStem_NStem	LocPre_BPre3_Adv	NStem_NStem_NStem
kwa_lowo	PossConc15_Dem3_Pos2	NStem_NStem	PossConc15_Dem3_Pos2	NStem_NStem
na_lowo	AdvPre_Dem3_Pos2	NStem_NStem	AdvPre_Dem3_Pos2	NStem_NStem
mhlangano	BPre3_NStem	NStem	BPre3_NStem	NStem
wo_m_khandlu	PossConc3_NPrePre3_BPre3_NStem	NStem_NStem_NStem	PossConc3_NPrePre3_BPre3_NStem	NStem_NStem_NStem
u_ku_nik_a	NPrePre15_BPre15_VRoot_VerbTerm	NStem_NStem_NStem_NStem	NPrePre15_BPre15_VRoot_VerbTerm	NStem_NStem_NStem_NStem
u_m_phakathi	NPrePre3_BPre3_NStem	NStem_NStem_NStem	NPrePre3_BPre3_NStem	NStem_NStem_NStem
oku_sha	AdjPref15_AdjStem	PUNC_PUNC	AdjPref15_AdjStem	PUNC_PUNC
.	Punc	PUNC	Punc	PUNC
U_ku_hlel_a	NPrePre15_BPre15_NStem	NStem_NStem_NStem_NStem	NPrePre15_BPre15_NStem	NStem_NStem_NStem_NStem
_	Punc		Punc	
i_Komidi	NPrePre9_NStem	NStem_NStem	NPrePre9_NStem	NStem_NStem
Le_sigceme	Dem4_Pos1_NStem	NStem_NStem	Dem4_Pos1_NStem	NStem_NStem
li_sebenz_a	NPrePre5_NStem	NStem_VRoot_VRoot	NPrePre5_NStem	NStem_VRoot_NStem
ngo_ku_sondel_an_a	AdvPre_NPrePre15_BPre15_Intrans_RecipExt_VerbTerm	VRoot_VRoot_VRoot_VRoot_VRoot	AdvPre_NPrePre15_BPre15_Intrans_RecipExt_VerbTerm	NStem_NStem_NStem_NStem_NStem
ne_khansela	AdvPre_NPrePre5_BPre5_NStem	NStem_NStem	AdvPre_NPrePre5_BPre5_NStem	NStem_NStem
u_ku_hlonz_a	NPrePre15_BPre15_NStem	NStem_VRoot_VRoot_VRoot	NPrePre15_BPre15_NStem	VRoot_VRoot_VRoot_VRoot
i_zi_dingongqangi	NPrePre8_BPre8_NStem	VRoot_VRoot_VRoot	NPrePre8_BPre8_NStem	VRoot_VRoot_VRoot
ka_nye	AdvPre_AdjStem	PUNC_PUNC	AdvPre_AdjStem	PUNC_PUNC
no_ku_qinis_ek_is_a	AdvPre_NPrePre15_BPre15_VRoot_CausExt_NeutExt_CausExt_VerbTerm	VRoot_VRoot_VRoot_VRoot_VRoot_VRoot	AdvPre_NPrePre15_BPre15_VRoot_CausExt_NeutExt_CausExt_VerbTerm	VRoot_VRoot_VRoot_VRoot_VRoot_VRoot
u_kuth_i	Conj	NStem_NStem_NStem	Conj	NStem_NStem_NStem
lezi	Dem10_Pos1	PUNC	Dem10_Pos1	PUNC
zi_dingongqangi	BPre8_NStem	NStem_NStem	BPre8_NStem	NStem_NStem
zi_ya_fak_w_a	SC8_Pres_VRoot_PassExt_VerbTerm	VRoot_VRoot_VRoot_VRoot_VRoot	SC8_Pres_VRoot_PassExt_VerbTerm	VRoot_VRoot_VRoot_VRoot_VRoot
ku_z_abelomali	BPre17_NStem	NStem_NStem_NStem	BPre17_NStem	NStem_NStem_NStem
ezi_hlongoz_w_a_yo	RelConc8_VRoot_PassExt_VerbTerm_RelSuf	VRoot_VRoot_VRoot_VRoot_VRoot	RelConc8_VRoot_PassExt_VerbTerm_RelSuf	VRoot_VRoot_VRoot_VRoot_VRoot
ka_nye	AdvPre_AdjStem	PUNC_PUNC	AdvPre_AdjStem	PUNC_PUNC
na_s_e_zin_hlelw_eni	AdvPre_PreLoc-s_LocPre_ReflPre_BPre9_NStem_LocSuf	VRoot_VRoot_VRoot_VRoot_VRoot_VRoot	AdvPre_PreLoc-s_LocPre_ReflPre_BPre9_NStem_LocSuf	VRoot_VRoot_VRoot_VRoot_VRoot_VRoot
za_ma_projekthi	PossConc8_BPre6_NStem	NStem_NStem_NStem	PossConc8_BPre6_NStem	NStem_NStem_NStem
.	Punc	PUNC	Punc	PUNC
U_hulumeni	NPrePre1a_NStem	NStem_NStem	NPrePre1a_NStem	NStem_NStem
ku_mel_e	SC15_VRoot_VerbTerm	NStem_NStem_NStem	SC15_VRoot_VerbTerm	NStem_NStem_NStem
a_zi_mis_el_e	SC1_ReflPre_VRoot_ApplExt_VerbTerm	NStem_NStem_NStem_NStem_NStem	SC1_ReflPre_VRoot_ApplExt_VerbTerm	VRoot_NStem_NStem_VRoot_VRoot
u_kw_enz_a	NPrePre15_BPre15_VRoot_VerbTerm	VRoot_VRoot_NStem_VRoot	NPrePre15_BPre15_VRoot_VerbTerm	VRoot_NStem_VRoot_VRoot
lokho	Dem15_Pos2	PUNC	Dem15_Pos2	PUNC
oku_s_e_m_qoka	RelConc15_PreLoc-s_LocPre_BPre3_NStem	VRoot_VRoot_VRoot_VRoot_VRoot	RelConc15_PreLoc-s_LocPre_BPre3_NStem	VRoot_VRoot_VRoot_VRoot_VRoot
ku_qal_a	SC15_VRoot_VerbTerm	NStem_NStem_NStem	SC15_VRoot_VerbTerm	NStem_NStem_NStem
.	Punc	PUNC	Punc	PUNC
I_khabhinethi	BPre4_NStem	NStem_NStem	BPre4_NStem	VRoot_VRoot
ne_zi_khulu	AdvPre_NPrePre8_BPre8_AdjStem	NStem_NStem_NStem	AdvPre_NPrePre8_BPre8_AdjStem	NStem_NStem_NStem
ezi_phezulu	RelConc8_Adv	NStem_NStem	RelConc8_Adv	NStem_NStem
zo_m_phakathi	PossConc10_NPrePre3_BPre3_NStem	NStem_NStem_NStem	PossConc10_NPrePre3_BPre3_NStem	NStem_NStem_NStem
ku_mel_e	SC15_VRoot_VerbTerm	NStem_NStem_NStem	SC15_VRoot_VerbTerm	NStem_NStem_NStem
zi_gxil_e	BPre10_VRoot_VerbTerm	NStem_NStem_NStem	BPre10_VRoot_VerbTerm	NStem_NStem_NStem
e_masw_ini	LocPre_NStem_LocSuf	NStem_NStem_NStem	LocPre_NStem_LocSuf	NStem_NStem_NStem
a_mbalwa	RelConc6_RelStem	NStem_NStem	RelConc6_RelStem	NStem_NStem
okw_enz_a	PossConc6_NPrePre15_BPre15_VRoot_VerbTerm	NStem_NStem_NStem	PossConc6_NPrePre15_BPre15_VRoot_VerbTerm	NStem_NStem_NStem
ku_qal_a	SC15_VRoot_VerbTerm	NStem_NStem_NStem	SC15_VRoot_VerbTerm	PUNC_PUNC_PUNC
lokho	Dem15_Pos2	PUNC	Dem15_Pos2	PUNC
oku_s_e_m_qoka	RelConc15_PreLoc-s_LocPre_BPre3_NStem	VRoot_VRoot_VRoot_VRoot_VRoot	RelConc15_PreLoc-s_LocPre_BPre3_NStem	VRoot_NStem_NStem_VRoot_VRoot
.	Punc	PUNC	Punc	PUNC
Lolu	Dem11_Pos1	PUNC	Dem11_Pos1	PUNC
hlelo	NStem	NStem	NStem	NStem
lu_hllinzek_a	CopPre_VRoot_NeutExt_VerbTerm	NStem_NStem_VRoot	CopPre_VRoot_NeutExt_VerbTerm	NStem_VRoot_NStem
nga_lolo	AdvPre_Dem11_Pos2	NStem_NStem	AdvPre_Dem11_Pos2	NStem_NStem
hlaka	NStem	PUNC	NStem	PUNC
lwa_ma_su	PossConc11_NPrePre6_BPre6_NStem	NStem_NStem_NStem	PossConc11_NPrePre6_BPre6_NStem	NStem_NStem_NStem
.	Punc	PUNC	Punc	PUNC
Lu_khomba	CopPre_VRoot_VerbTerm	NStem_NStem	CopPre_VRoot_VerbTerm	NStem_NStem
i_zinga	NPrePre5_BPre5_NStem	NStem_NStem	NPrePre5_BPre5_NStem	NStem_NStem
eli_phezulu	RelConc5_Adv	NStem_NStem	RelConc5_Adv	NStem_NStem
la_lokho	Dem6_Pos1_NStem	NStem_NStem	Dem6_Pos1_NStem	NStem_NStem
oku_m_el_e	RelConc15_VRoot_ApplExt_VerbTerm	NStem_NStem_NStem_NStem	RelConc15_VRoot_ApplExt_VerbTerm	NStem_NStem_NStem_NStem
kw_enz_iw_e	SC15_VRoot_PassExt_VerbTerm	VRoot_VRoot_VRoot_VRoot	SC15_VRoot_PassExt_VerbTerm	VRoot_VRoot_VRoot_VRoot
ku_qal_a	SC15_VRoot_VerbTerm	NStem_NStem_NStem	SC15_VRoot_VerbTerm	NStem_NStem_NStem
,	Punc	PUNC	Punc	PUNC
futh_i	Conj	NStem_NStem	Conj	NStem_NStem
kwe_zi_nye	PossConc15_AdjPref8_AdjStem	NStem_NStem_NStem	PossConc15_AdjPref8_AdjStem	NStem_NStem_NStem
i_zin_dawo	NPrePre10_BPre10_NStem	NStem_NStem_NStem	NPrePre10_BPre10_NStem	NStem_NStem_NStem
,	Punc	PUNC	Punc	PUNC
u_ku_landel_an_a	NPrePre15_BPre15_VRoot_ApplExt_VerbTerm	VRoot_VRoot_VRoot_VRoot_VRoot	NPrePre15_BPre15_VRoot_ApplExt_VerbTerm	VRoot_VRoot_VRoot_VRoot_VRoot
kwa_kho	PossConc15_PronStem2	PUNC_PUNC	PossConc15_PronStem2	PUNC_PUNC
,	Punc	PUNC	Punc	PUNC
njenge_si_bonelo	AdvPre_NPrePre7_BPre7_NStem	NStem_NStem_NStem	AdvPre_NPrePre7_BPre7_NStem	NStem_NStem_NStem
,	Punc	PUNC	Punc	PUNC
ku_khomba	SC15_VRoot_VerbTerm	NStem_NStem	SC15_VRoot_VerbTerm	NStem_NStem
i_si_dingo	NPrePre7_BPre7_NStem	NStem_NStem_NStem	NPrePre7_BPre7_NStem	NStem_NStem_NStem
so_ku_khul_is_a	PossConc7_BPre15_VRoot_CausExt_VerbTerm	NStem_VRoot_VRoot_VRoot_VRoot	PossConc7_BPre15_VRoot_CausExt_VerbTerm	VRoot_VRoot_VRoot_VRoot_VRoot
i_zinga	NPrePre5_BPre5_NStem	NStem_NStem	NPrePre5_BPre5_NStem	NStem_NStem
la_ma_ko_li_shi	PossConc5_NPrePre6_BPre6_NStem	NStem_NStem_NStem_NStem_NStem	PossConc5_NPrePre6_BPre6_NStem	NStem_NStem_NStem_NStem_NStem
a_ma__FE_T	NPrePre6_BPre6_Abbr	NStem_NStem_NStem_NStem	NPrePre6_BPre6_Abbr	NStem_NStem_NStem_NStem
nga_phambi	AdvPre_Adv	PUNC_PUNC	AdvPre_Adv	PUNC_PUNC
ko_ku_sabalal_is_a	PossConc15_NPrePre15_BPre15_VRoot_CausExt_VerbTerm	VRoot_VRoot_VRoot_VRoot_VRoot	PossConc15_NPrePre15_BPre15_VRoot_CausExt_VerbTerm	VRoot_VRoot_VRoot_VRoot_VRoot
ngo_ku_shesh_a	AdvPre_NPrePre15_BPre15_VRoot_VerbTerm	NStem_NStem_NStem_NStem	AdvPre_NPrePre15_BPre15_VRoot_VerbTerm	NStem_NStem_NStem_NStem
a_ma_khono	NPrePre6_BPre6_NStem	NStem_NStem_NStem	NPrePre6_BPre6_NStem	NStem_NStem_NStem
a_wo	PossConc6_PronStem6	PUNC_PUNC	PossConc6_PronStem6	PUNC_PUNC
.	Punc	PUNC	Punc	PUNC
U_ku_sebenz_is_a	NPrePre15_BPre15_VRoot_CausExt_VerbTerm	VRoot_VRoot_VRoot_VRoot_VRoot	NPrePre15_BPre15_VRoot_CausExt_VerbTerm	VRoot_VRoot_VRoot_VRoot_VRoot
lolu	Dem11_Pos1	PUNC	Dem11_Pos1	PUNC
hlelo	NStem	NStem	NStem	NStem
ku_yo_dinga	SC15_Fut_VRoot_VerbTerm	NStem_NStem_NStem	SC15_Fut_VRoot_VerbTerm	PUNC_PUNC_PUNC
i_zin_qumo	NPrePre10_BPre10_NStem	NStem_NStem_NStem	NPrePre10_BPre10_NStem	NStem_NStem_NStem
ezi_nzima	RelConc8_RelStem	PUNC_PUNC	RelConc8_RelStem	PUNC_PUNC
futh_i	Conj	NStem_NStem	Conj	NStem_NStem
ezi_no_ku_nga_jwayeleki	RelConc10_AdvPre_BPre15_NegPre_NStem	NStem_NStem_NStem_NStem_NStem	RelConc10_AdvPre_BPre15_NegPre_NStem	VRoot_VRoot_VRoot_VRoot_VRoot
.	Punc	PUNC	Punc	PUNC
I_zwe	NPrePre5_NStem	NStem_NStem	NPrePre5_NStem	NStem_NStem
ku_mel_e	SC15_VRoot_VerbTerm	NStem_NStem_NStem	SC15_VRoot_VerbTerm	NStem_NStem_NStem
li_fun_e	NPrePre5_NStem	NStem_NStem_NStem	NPrePre5_NStem	NStem_NStem_NStem
njalo	Adv	Conj	Adv	Conj
u_ku_thuthuk_is_a	NPrePre15_BPre15_VRoot_CausExt_VerbTerm	VRoot_VRoot_VRoot_VRoot_VRoot	NPrePre15_BPre15_VRoot_CausExt_VerbTerm	VRoot_VRoot_VRoot_VRoot_VRoot
u_ku_sebenz_a	NPrePre15_BPre15_VRoot_VerbTerm	VRoot_VRoot_VRoot_VRoot	NPrePre15_BPre15_VRoot_VerbTerm	VRoot_VRoot_VRoot_VRoot
nge_m_pumelelo	AdvPre_BPre3_Adv	NStem_NStem_NStem	AdvPre_BPre3_Adv	NStem_NStem_NStem
kwe_zin_dlel_a	PossConc15_NPrePre10_BPre10_NStem	NStem_NStem_NStem_NStem	PossConc15_NPrePre10_BPre10_NStem	NStem_NStem_NStem_NStem
zo_ku_thuthuk_is_w_a	PossConc8_BPre15_VRoot_CausExt_PassExt_VerbTerm	VRoot_VRoot_VRoot_VRoot_VRoot_VRoot	PossConc8_BPre15_VRoot_CausExt_PassExt_VerbTerm	VRoot_VRoot_VRoot_VRoot_VRoot_VRoot
ko_m_notho	PossConc15_NPrePre3_BPre3_NStem	NStem_NStem_NStem	PossConc15_NPrePre3_BPre3_NStem	NStem_NStem_NStem
wa_ba_ntu	PossConc1_NPrePre2_BPre2_NStem	NStem_NStem_NStem	PossConc1_NPrePre2_BPre2_NStem	NStem_NStem_NStem
aba_mnyama	RelConc2_RelStem	NStem_NStem	RelConc2_RelStem	NStem_NStem
.	Punc	PUNC	Punc	PUNC
I_mi_phakathi	NPrePre4_BPre4_NStem	NStem_NStem_NStem	NPrePre4_BPre4_NStem	NStem_NStem_NStem
na_yo	AdvPre_PronStem9	PUNC_PUNC	AdvPre_PronStem9	PUNC_PUNC
i_bamb_a	SC4_VRoot_VerbTerm	NStem_NStem_NStem	SC4_VRoot_VerbTerm	NStem_NStem_NStem
i_qhaz_a	NPrePre5_BPre5_NStem	NStem_NStem_NStem	NPrePre5_BPre5_NStem	NStem_NStem_NStem
e_ku_landele_ni	LocPre_BPre15_NStem_LocSuf	NStem_NStem_NStem_NStem	LocPre_BPre15_NStem_LocSuf	NStem_NStem_NStem_NStem
u_hlelo	NPrePre11_NStem	NStem_NStem	NPrePre11_NStem	NStem_NStem
lo_ku_sebenz_a	PossConc11_NPrePre15_BPre15_VRoot_VerbTerm	VRoot_VRoot_VRoot_VRoot	PossConc11_NPrePre15_BPre15_VRoot_VerbTerm	VRoot_VRoot_VRoot_VRoot
ko_masipala	PossConc15_NStem	NStem_NStem	PossConc15_NStem	NStem_NStem
ba_yo	PossConc14_PronStem9	PUNC_PUNC	PossConc14_PronStem9	PUNC_PUNC
ka_nye	AdvPre_AdjStem	PUNC_PUNC	AdvPre_AdjStem	PUNC_PUNC
na_s_e_ku_bek_e_ni	AdvPre_PreLoc-s_LocPre_BPre15_VRoot_LocSuf	VRoot_VRoot_VRoot_VRoot_VRoot_VRoot_VRoot	AdvPre_PreLoc-s_LocPre_BPre15_VRoot_LocSuf	NStem_NStem_NStem_NStem_VRoot_NStem_NStem
i_mi_gomo	NPrePre4_BPre4_NStem	NStem_NStem_NStem	NPrePre4_BPre4_NStem	NStem_NStem_NStem
e_fanel_e	RelConc4_VRoot_VerbTerm	NStem_NStem_NStem	RelConc4_VRoot_VerbTerm	NStem_NStem_NStem
e_s_e_m_qoka	RelConc4_PreLoc-s_LocPre_BPre3_NStem	VRoot_VRoot_NStem_VRoot_VRoot	RelConc4_PreLoc-s_LocPre_BPre3_NStem	VRoot_VRoot_VRoot_VRoot_VRoot
nga_lokho	AdvPre_Dem15_Pos2	NStem_NStem	AdvPre_Dem15_Pos2	NStem_NStem
oku_m_el_e	RelConc15_VRoot_ApplExt_VerbTerm	PUNC_PUNC_PUNC_PUNC	RelConc15_VRoot_ApplExt_VerbTerm	NStem_NStem_NStem_NStem
kw_enz_ek_e	SC15_VRoot_NeutExt_VerbTerm	NStem_NStem_NStem_NStem	SC15_VRoot_NeutExt_VerbTerm	NStem_NStem_NStem_NStem
ne_si_khathi	AdvPre_NPrePre7_BPre7_NStem	NStem_NStem_NStem	AdvPre_NPrePre7_BPre7_NStem	NStem_NStem_NStem
oku_m_el_e	RelConc15_VRoot_ApplExt_VerbTerm	NStem_NStem_NStem_NStem	RelConc15_VRoot_ApplExt_VerbTerm	NStem_NStem_NStem_NStem
kw_enz_ek_e	SC15_VRoot_NeutExt_VerbTerm	NStem_NStem_NStem_NStem	SC15_VRoot_NeutExt_VerbTerm	NStem_NStem_NStem_NStem
nga_so	AdvPre_PronStem7	Conj_Conj	AdvPre_PronStem7	PUNC_PUNC
.	Punc	PUNC	Punc	PUNC
U_hlelo	NPrePre11_NStem	NStem_NStem	NPrePre11_NStem	NStem_NStem
lwe__C_BP	PossConc11_NPrePre9_Abbr	NStem_NStem_NStem	PossConc11_NPrePre9_Abbr	NStem_NStem_NStem
lu_wu_hlelo	BPre11_CopPre_NStem	VRoot_VRoot_VRoot	BPre11_CopPre_NStem	VRoot_NStem_NStem
olwe_sek_a	RelConc3_PossConc11_VRoot_VerbTerm	NStem_NStem_NStem	RelConc3_PossConc11_VRoot_VerbTerm	NStem_NStem_NStem
a_ma_komidi	NPrePre6_BPre6_NStem	NStem_NStem_NStem	NPrePre6_BPre6_NStem	NStem_NStem_NStem
ezi_gceme	RelConc8_NStem	NStem_NStem	RelConc8_NStem	NStem_NStem
e_kusiz_e_ni	LocPre_BPre15_VRoot_VerbTerm_LocSuf	NStem_NStem_NStem_NStem	LocPre_BPre15_VRoot_VerbTerm_LocSuf	NStem_NStem_NStem_NStem
i_mi_phakathi	NPrePre4_BPre4_NStem	NStem_NStem_NStem	NPrePre4_BPre4_NStem	NStem_PUNC_NStem
ya_wo	PossConc4_PronStem3	PUNC_PUNC	PossConc4_PronStem3	PUNC_PUNC
u_ku_fak_a	NPrePre15_BPre15_VRoot_VerbTerm	NStem_NStem_NStem_NStem	NPrePre15_BPre15_VRoot_VerbTerm	NStem_NStem_NStem_NStem
u_lw_az_i	NPrePre11_BPre11_NStem	NStem_NStem_VRoot_VRoot	NPrePre11_BPre11_NStem	NStem_NStem_NStem_NStem
lwa_yo	PossConc11_PronStem9	NStem_NStem	PossConc11_PronStem9	NStem_NStem
ku_lolu	LocPre_Dem11_Pos1	NStem_NStem	LocPre_Dem11_Pos1	NStem_NStem
hlelo	NStem	NStem	NStem	NStem
.	Punc	PUNC	Punc	PUNC
Lu_khuthaz_a	SC11_VRoot_VerbTerm	NStem_NStem_NStem	SC11_VRoot_VerbTerm	NStem_NStem_NStem
u_ku_zi_phendulel_a	NPrePre15_BPre15_ReflPre_VRoot_ApplExt_VerbTerm	VRoot_VRoot_VRoot_VRoot_VRoot	NPrePre15_BPre15_ReflPre_VRoot_ApplExt_VerbTerm	VRoot_VRoot_VRoot_VRoot_VRoot
no_ku_bhobo_kel_an_a	AdvPre_NPrePre15_BPre15_VRoot_ApplExt_RecipExt_VerbTerm	VRoot_VRoot_VRoot_VRoot_VRoot_VRoot	AdvPre_NPrePre15_BPre15_VRoot_ApplExt_RecipExt_VerbTerm	VRoot_VRoot_VRoot_VRoot_VRoot_VRoot
.	Punc	PUNC	Punc	PUNC
U_ku_bamb_a	NPrePre15_BPre15_VRoot_VerbTerm	NStem_NStem_NStem_NStem	NPrePre15_BPre15_VRoot_VerbTerm	NStem_NStem_NStem_NStem
i_qhaz_a	BPre5_NStem	NStem_NStem_NStem	BPre5_NStem	NStem_NStem_NStem
ko_m_phakathi	PossConc15_NPrePre3_BPre3_NStem	NStem_NStem_NStem	PossConc15_NPrePre3_BPre3_NStem	NStem_NStem_NStem
ku_nga_ba	SC15_Pot_Cop	NStem_NStem_NStem	SC15_Pot_Cop	NStem_NStem_NStem
ne_zinzuzo	NPre10_NPrePre10_BPre10_NStem	NStem_NStem	NPre10_NPrePre10_BPre10_NStem	NStem_NStem
ezin_hle	AdjPref10_AdjStem	NStem_NStem	AdjPref10_AdjStem	PUNC_PUNC
kw_iwadi	LocPre_NPrePre5_NStem	NStem_NStem	LocPre_NPrePre5_NStem	NStem_NStem
ngoba	Conj	Conj	Conj	PUNC
i_mi_bono	NPrePre4_BPre4_NStem	NStem_NStem_NStem	NPrePre4_BPre4_NStem	NStem_NStem_NStem
yo_m_phakathi	PossConc4_BPre3_NStem	NStem_NStem_NStem	PossConc4_BPre3_NStem	NStem_NStem_NStem
i_fak_w_a	SC4_VRoot_PassExt_VerbTerm	NStem_NStem_NStem_NStem	SC4_VRoot_PassExt_VerbTerm	NStem_NStem_NStem_NStem
ezin_hlelw_eni	LocPre_NPrePre10_BPre10_NStem_LocSuf	NStem_NStem_VRoot	LocPre_NPrePre10_BPre10_NStem_LocSuf	VRoot_VRoot_VRoot
zo_ku_thuthuk_is_a	OC10_NPrePre15_BPre15_VRoot_CausExt_VerbTerm	NStem_NStem_NStem_NStem_NStem	OC10_NPrePre15_BPre15_VRoot_CausExt_VerbTerm	VRoot_VRoot_VRoot_NStem_VRoot
no_ku_khul_is_a	CopPre_SC15_VRoot_VerbTerm	VRoot_VRoot_VRoot_VRoot_VRoot	CopPre_SC15_VRoot_VerbTerm	NStem_VRoot_VRoot_VRoot_VRoot
.	Punc	PUNC	Punc	PUNC
U_ku_qinis_w_a	NPrePre15_BPre15_VRoot_PassExt_VerbTerm	VRoot_VRoot_NStem_VRoot_VRoot	NPrePre15_BPre15_VRoot_PassExt_VerbTerm	VRoot_VRoot_VRoot_VRoot_VRoot
kwe_n_dlel_a	PossConc15_NPrePre9_BPre9_NStem	NStem_NStem_NStem_NStem	PossConc15_NPrePre9_BPre9_NStem	NStem_NStem_NStem_NStem
yo_ku_sebenz_a	PossConc9_NPrePre15_BPre15_VRoot_VerbTerm	VRoot_NStem_VRoot_VRoot	PossConc9_NPrePre15_BPre15_VRoot_VerbTerm	VRoot_VRoot_NStem_VRoot
ko_m_thetho	PossConc15_NPrePre3_BPre3_NStem	NStem_NStem_NStem	PossConc15_NPrePre3_BPre3_NStem	NStem_NStem_NStem
.	Punc	PUNC	Punc	PUNC
Lokhu	Dem15_Pos1	PUNC	Dem15_Pos1	PUNC
ku_dinga	SC15_VRoot_VerbTerm	NStem_NStem	SC15_VRoot_VerbTerm	NStem_NStem
u_ku_bamb_is_an_a	NPrePre15_BPre15_VRoot_CausExt_RecipExt_VerbTerm	VRoot_VRoot_VRoot_VRoot_VRoot_VRoot	NPrePre15_BPre15_VRoot_CausExt_RecipExt_VerbTerm	VRoot_VRoot_VRoot_VRoot_VRoot_VRoot
phakathi	Adv	PUNC	Adv	PUNC
kwa_yo	PossConc15_PronStem4	PUNC_PUNC	PossConc15_PronStem4	PUNC_PUNC
yo_nke	QuantConc4_QuantStem	NStem_NStem	QuantConc4_QuantStem	NStem_NStem
i_mi_nyango	NPrePre4_BPre4_NStem	NStem_NStem_NStem	NPrePre4_BPre4_NStem	NStem_NStem_NStem
yo_m_thetho	PossConc4_NPrePre3_BPre3_NStem	NStem_NStem_NStem	PossConc4_NPrePre3_BPre3_NStem	NStem_NStem_NStem
ka_hulumeni	PossConc1a_NStem	NStem_NStem	PossConc1a_NStem	NStem_NStem
,	Punc	PUNC	Punc	PUNC
u_ku_vinj_el_w_a	NPrePre15_BPre15_NStem	VRoot_VRoot_VRoot_VRoot_VRoot_VRoot	NPrePre15_BPre15_NStem	VRoot_VRoot_VRoot_VRoot_VRoot_VRoot
ko_b_elelesi	PossConc15_NPrePre14_BPre14_NStem	NStem_NStem_NStem	PossConc15_NPrePre14_BPre14_NStem	NStem_NStem_NStem
,	Punc	PUNC	Punc	PUNC
ne_qembu	AdvPre_NPrePre5_NStem	NStem_NStem	AdvPre_NPrePre5_NStem	NStem_NStem
le_zo_ku_pheph_a	PossConc5_NPrePre5_PossConc10_NPrePre15_BPre15_NStem	VRoot_VRoot_VRoot_VRoot_VRoot	PossConc5_NPrePre5_PossConc10_NPrePre15_BPre15_NStem	VRoot_VRoot_VRoot_VRoot_VRoot
.	Punc	PUNC	Punc	PUNC
I_zin_como	NPrePre10_BPre10_NStem	NStem_NStem_NStem	NPrePre10_BPre10_NStem	NStem_NStem_NStem
Ezis_e_ku_buyekez_w_eni	LocPre_SC8_Pro_BPre15_VRoot_PassExt_VerbTerm_LocSuf	VRoot_VRoot_VRoot_VRoot_VRoot_VRoot	LocPre_SC8_Pro_BPre15_VRoot_PassExt_VerbTerm_LocSuf	VRoot_VRoot_VRoot_VRoot_VRoot_VRoot
Kwe_n_qubo	PossConc15_NPrePre9_NStem	PUNC_PUNC_NStem	PossConc15_NPrePre9_NStem	NStem_NStem_NStem
Y_a_s_e_Ningizimu	PossConc9_PreLoc-s_LocPre_ProperName	VRoot_VRoot_VRoot_VRoot_VRoot	PossConc9_PreLoc-s_LocPre_ProperName	VRoot_VRoot_VRoot_VRoot_VRoot
Afrika	ProperName	Conj	ProperName	Conj
Ye_zoku_sebenz_a	PossConc9_NPrePre9_PossConc10_NPrePre15_BPre15_VRoot_VerbTerm	VRoot_VRoot_VRoot_NStem	PossConc9_NPrePre9_PossConc10_NPrePre15_BPre15_VRoot_VerbTerm	VRoot_VRoot_VRoot_VRoot
Ko_m_thetho	PossConc15_NPrePre3_BPre3_NStem	NStem_NStem_NStem	PossConc15_NPrePre3_BPre3_NStem	NStem_NStem_NStem
zi_yo_ba	SC8_Fut_AuxVStem	Conj_Conj_Conj	SC8_Fut_AuxVStem	NStem_NStem_NStem
ne_galelo	AdvPre_NPrePre5_NStem	NStem_NStem	AdvPre_NPrePre5_NStem	NStem_NStem
eli_khulu	AdjPref5_AdjStem	NStem_NStem	AdjPref5_AdjStem	PUNC_PUNC
e_ku_bhek_ane_ni	LocPre_BPre15_VRoot_RecipExt_VerbTerm_LocSuf	VRoot_VRoot_VRoot_VRoot_VRoot	LocPre_BPre15_VRoot_RecipExt_VerbTerm_LocSuf	VRoot_VRoot_VRoot_VRoot_VRoot
no_bu_thakathaka	AdvPre_NPrePre14_BPre14_NStem	VRoot_NStem_NStem	AdvPre_NPrePre14_BPre14_NStem	NStem_NStem_NStem
ba_manje	PossConc2_Adv	PUNC_PUNC	PossConc2_Adv	PUNC_PUNC
be_nqubo	PossConc14_NPrePre9_NStem	NStem_NStem	PossConc14_NPrePre9_NStem	NStem_NStem
.	Punc	PUNC	Punc	PUNC
I_n_komba	NPrePre9_BPre9_NStem	PUNC_PUNC_PUNC	NPrePre9_BPre9_NStem	NStem_NStem_NStem
nga_yi_nye	AdvPre_CopPre_EnumStem	NStem_NStem_NStem	AdvPre_CopPre_EnumStem	NStem_NStem_NStem
ku_mel_e	SC15_VRoot_VerbTerm	PUNC_NStem_NStem	SC15_VRoot_VerbTerm	NStem_NStem_NStem
i_bik_w_e	SC9_VRoot_PassExt_VerbTerm	NStem_NStem_NStem_NStem	SC9_VRoot_PassExt_VerbTerm	NStem_NStem_NStem_NStem
kw_i_kholomu	LocPre_NPrePre5_NStem	VRoot_NStem_VRoot	LocPre_NPrePre5_NStem	VRoot_NStem_VRoot
ye_nqubekelaphambili	PossConc4_NStem	VRoot_VRoot	PossConc4_NStem	VRoot_VRoot
.	Punc	PUNC	Punc	PUNC
Noma	Conj	PUNC	Conj	PUNC
y_i_mi_phi	CopPre_BPre4_Interrog	NStem_NStem_NStem_NStem	CopPre_BPre4_Interrog	NStem_NStem_NStem_NStem
i_mi_sebenzi	NPrePre4_BPre4_NStem	NStem_NStem_NStem	NPrePre4_BPre4_NStem	NStem_NStem_NStem
e_nga_hlel_w_a_ng_a	Past_NegPre_Intrans_VerbTerm	VRoot_VRoot_VRoot_VRoot_VRoot_VRoot_VRoot	Past_NegPre_Intrans_VerbTerm	VRoot_VRoot_VRoot_VRoot_VRoot_VRoot_VRoot
kodwa	Conj	Conj	Conj	Conj
e_y_enz_iw_a	RelConc9_CopPre_VRoot_PassExt_VerbTerm	VRoot_VRoot_VRoot_VRoot_VRoot	RelConc9_CopPre_VRoot_PassExt_VerbTerm	VRoot_VRoot_VRoot_VRoot_VRoot
ku_mel_e	SC15_VRoot_VerbTerm	NStem_NStem_NStem	SC15_VRoot_VerbTerm	NStem_NStem_NStem
i_fak_w_e	SC4_VRoot_PassExt_VerbTerm	NStem_NStem_NStem_NStem	SC4_VRoot_PassExt_VerbTerm	NStem_NStem_NStem_NStem
nge_zansi	AdvPre_NPrePre5_BPre5_NStem	NStem_NStem	AdvPre_NPrePre5_BPre5_NStem	NStem_NStem
.	Punc	PUNC	Punc	PUNC
Ku_ya_ye	LocPre_CopPre_AuxVStem	NStem_NStem_NStem	LocPre_CopPre_AuxVStem	NStem_NStem_NStem
ku_be	OC15_VRoot_VerbTerm	PUNC_PUNC	OC15_VRoot_VerbTerm	PUNC_PUNC
ne_zi_mo	AdvPre_NPrePre8_BPre8_NStem	NStem_NStem_NStem	AdvPre_NPrePre8_BPre8_NStem	NStem_NStem_NStem
lapho	Dem16_Pos2	PUNC	Dem16_Pos2	NStem
u_masipala	LocPre_NStem	NStem_NStem	LocPre_NStem	NStem_NStem
a_nga_cabanga	SC6_AdvPre_VRoot_VerbTerm	NStem_NStem_NStem	SC6_AdvPre_VRoot_VerbTerm	VRoot_VRoot_VRoot
u_kuth_i	Conj	NStem_NStem_NStem	Conj	NStem_NStem_NStem
esi_khundle_ni	RelConc7_NStem_LocSuf	NStem_NStem_NStem	RelConc7_NStem_LocSuf	VRoot_NStem_NStem
so_ku_hlinzek_a	PossConc7_NPrePre15_BPre15_Intrans_VerbTerm	VRoot_VRoot_VRoot_NStem	PossConc7_NPrePre15_BPre15_Intrans_VerbTerm	VRoot_VRoot_VRoot_VRoot
u_m_sebenzi	NPrePre3_BPre3_NStem	NStem_NStem_NStem	NPrePre3_BPre3_NStem	NStem_NStem_NStem
ngqo	Ideoph	PUNC	Ideoph	PUNC
ku_nga_ba_ngcono	LocPre_Pot_BPre2_NStem	VRoot_VRoot_VRoot_VRoot	LocPre_Pot_BPre2_NStem	VRoot_VRoot_VRoot_VRoot
a_qash_e	CopPre_VRoot_VerbTerm	NStem_NStem_NStem	CopPre_VRoot_VerbTerm	NStem_NStem_NStem
omu_nye	AdjPref1_AdjStem	NStem_NStem	AdjPref1_AdjStem	NStem_NStem
u_mu_ntu	NPrePre1_BPre1_NStem	Conj_Conj_Conj	NPrePre1_BPre1_NStem	NStem_NStem_NStem
(	Punc	PUNC	Punc	PUNC
u_m_hlinzeki	NPrePre1a_BPre1a_VRoot_NeutExt_VerbTerm	VRoot_VRoot_VRoot	NPrePre1a_BPre1a_VRoot_NeutExt_VerbTerm	VRoot_VRoot_VRoot
we_mi_sebenzi	PossConc3_NPrePre4_BPre4_NStem	NStem_NStem_NStem	PossConc3_NPrePre4_BPre4_NStem	NStem_NStem_NStem
)	Punc	Conj	Punc	Conj
u_ku_b_a	Conj	NStem_NStem_NStem_NStem	Conj	NStem_NStem_NStem_NStem
a_hlinz_ek_e	SC6_Intrans_VerbTerm	PUNC_PUNC_PUNC_PUNC	SC6_Intrans_VerbTerm	VRoot_VRoot_VRoot_VRoot
nga_lowo	AdvPre_Dem1_Pos2	NStem_NStem	AdvPre_Dem1_Pos2	NStem_NStem
m_sebenzi	BPre3_NStem	NStem_NStem	BPre3_NStem	NStem_NStem
.	Punc	PUNC	Punc	PUNC
I_zi_zathu	NPrePre8_BPre8_NStem	NStem_NStem_NStem	NPrePre8_BPre8_NStem	NStem_NStem_NStem
ez_enz_a	RelConc8_VRoot_VerbTerm	NStem_NStem_NStem	RelConc8_VRoot_VerbTerm	NStem_NStem_NStem
u_masipala	NPrePre1a_NStem	NStem_NStem	NPrePre1a_NStem	NStem_NStem
u_ku_b_a	Conj	NStem_NStem_NStem_NStem	Conj	NStem_NStem_NStem_NStem
a_kheth_e	SC1_VRoot_VerbTerm	NStem_NStem_NStem	SC1_VRoot_VerbTerm	NStem_NStem_NStem
u_kw_enz_a	NPrePre15_BPre15_VRoot_VerbTerm	NStem_NStem_NStem_NStem	NPrePre15_BPre15_VRoot_VerbTerm	NStem_NStem_NStem_NStem
lokhu	Dem15_Pos1	PUNC	Dem15_Pos1	PUNC
w_u_kuth_i	CopPre_NPrePre15_BPre15_VRoot_VerbTerm	NStem_NStem_NStem_NStem	CopPre_NPrePre15_BPre15_VRoot_VerbTerm	VRoot_NStem_VRoot_NStem
aba_nye	AdjPref2_AdjStem	PUNC_PUNC	AdjPref2_AdjStem	PUNC_PUNC
o_masipala	NPrePre2a_NStem	NStem_NStem	NPrePre2a_NStem	NStem_NStem
,	Punc	PUNC	Punc	PUNC
i_zin_hlangano	NPrePre10_BPre10_NStem	NStem_NStem_NStem	NPrePre10_BPre10_NStem	NStem_NStem_NStem
(	Punc	Conj	Punc	Conj
a_ma__NGO	NPrePre6_BPre6_Abbr	NStem_NStem_NStem	NPrePre6_BPre6_Abbr	NStem_NStem_NStem
noma	Conj	Conj	Conj	Conj
a_ma__C_BO	NPrePre6_BPre6_Abbr	NStem_NStem_NStem_NStem	NPrePre6_BPre6_Abbr	NStem_NStem_NStem_NStem
)	Punc	Conj	Punc	Conj
noma	Conj	PUNC	Conj	Conj
i_zin_kampani	NPrePre10_BPre10_NStem	NStem_NStem_NStem	NPrePre10_BPre10_NStem	NStem_NStem_NStem
ezi_zi_mel_e	RelConc8_ReflPre_VRoot_ApplExt_VerbTerm	NStem_NStem_NStem_NStem	RelConc8_ReflPre_VRoot_ApplExt_VerbTerm	NStem_NStem_NStem_NStem
ku_nga_ba	SC15_Pot_VRoot_VerbTerm	NStem_NStem_NStem	SC15_Pot_VRoot_VerbTerm	NStem_NStem_NStem
ne_zin_sizakusebenz_a	AdvPre_NPrePre10_NStem	VRoot_VRoot_VRoot_VRoot	AdvPre_NPrePre10_NStem	VRoot_VRoot_VRoot_VRoot
ka_nye	AdvPre_AdjStem	PUNC_PUNC	AdvPre_AdjStem	PUNC_PUNC
na_ma_khono	AdvPre_NPrePre6_BPre6_NStem	NStem_NStem_NStem	AdvPre_NPrePre6_BPre6_NStem	NStem_NStem_NStem
e_zoku_lawul_a	SC9_Fut_VRoot_VerbTerm	NStem_NStem_NStem_NStem	SC9_Fut_VRoot_VerbTerm	VRoot_NStem_NStem_VRoot
oku_ngcono	RelConc15_RelStem	NStem_NStem	RelConc15_RelStem	NStem_NStem
e_ku_hlinz_ek_w_eni	SC9_BPre15_VRoot_NeutExt_PassExt_RecipExt_VerbTerm	VRoot_VRoot_VRoot_VRoot_VRoot_VRoot	SC9_BPre15_VRoot_NeutExt_PassExt_RecipExt_VerbTerm	VRoot_VRoot_VRoot_VRoot_VRoot_VRoot
kwa_lowo	PossConc15_Dem1_Pos2	NStem_NStem	PossConc15_Dem1_Pos2	NStem_NStem
m_sebenzi	BPre3_NStem	NStem_NStem	BPre3_NStem	Conj_Conj
.	Punc	PUNC	Punc	PUNC
A_ba_bamb_e	RelConc2_VRoot_VerbTerm	NStem_NStem_NStem_NStem	RelConc2_VRoot_VerbTerm	NStem_VRoot_NStem_NStem
i_qhaz_a	NPrePre5_BPre5_NStem	NStem_NStem_NStem	NPrePre5_BPre5_NStem	NStem_NStem_NStem
b_enz_a	SC2_VRoot_VerbTerm	NStem_NStem_NStem	SC2_VRoot_VerbTerm	NStem_NStem_NStem
i_si_bonelo	NPrePre7_BPre7_NStem	NStem_NStem_NStem	NPrePre7_BPre7_NStem	NStem_NStem_NStem
esi_nge_zansi	RelConc7_AdvPre_Adv	VRoot_VRoot_VRoot	RelConc7_AdvPre_Adv	NStem_NStem_NStem
so_ku_th_i	PossConc7_Conj	NStem_NStem_NStem_NStem	PossConc7_Conj	NStem_NStem_NStem_NStem
i__K_PI	NPrePre9_Abbr	NStem_NStem_NStem	NPrePre9_Abbr	NStem_NStem_NStem
i_hamb_is_an_a	SC9_VRoot_CausExt_RecipExt_VerbTerm	VRoot_VRoot_NStem_VRoot_NStem	SC9_VRoot_CausExt_RecipExt_VerbTerm	VRoot_VRoot_VRoot_VRoot_VRoot
ka_njani	AdvPre_Interrog	NStem_NStem	AdvPre_Interrog	NStem_NStem
no_ku_fun_w_a	AdvPre_NPrePre15_BPre15_VRoot_PassExt_VerbTerm	NStem_NStem_VRoot_NStem_NStem	AdvPre_NPrePre15_BPre15_VRoot_PassExt_VerbTerm	VRoot_NStem_VRoot_NStem_NStem
ng_u_m_thetho	CopPre_NPrePre3_BPre3_NStem	NStem_NStem_NStem_NStem	CopPre_NPrePre3_BPre3_NStem	NStem_NStem_NStem_VRoot
.	Punc	PUNC	Punc	PUNC
Sebenz_is_a	VRoot_CausExt_VerbTerm	NStem_NStem_NStem	VRoot_CausExt_VerbTerm	VRoot_NStem_NStem
u_mu_gqa	NPrePre1_BPre3_NStem	NStem_NStem_NStem	NPrePre1_BPre3_NStem	NStem_NStem_NStem
wo_ku_qal_a	PossConc3_NPrePre15_BPre15_VRoot_VerbTerm	NStem_NStem_NStem_NStem	PossConc3_NPrePre15_BPre15_VRoot_VerbTerm	NStem_NStem_NStem_NStem
njenge_si_bonelo	AdvPre_NPrePre7_BPre7_NStem	NStem_NStem_NStem	AdvPre_NPrePre7_BPre7_NStem	NStem_NStem_NStem
ebese	Conj	PUNC	Conj	NStem
a_ma_qembu	NPrePre6_BPre6_NStem	NStem_NStem_NStem	NPrePre6_BPre6_NStem	NStem_NStem_NStem
e_qed_el_a	SC6_VRoot_VerbTerm	NStem_NStem_NStem_NStem	SC6_VRoot_VerbTerm	VRoot_NStem_NStem_NStem
i_tafula	NPrePre5_NStem	NStem_NStem	NPrePre5_NStem	NStem_NStem
.	Punc	PUNC	Punc	PUNC
U_m_lando	NPrePre3_BPre3_NStem	NStem_NStem_NStem	NPrePre3_BPre3_NStem	NStem_NStem_NStem
wa_s_e_Ningizimu	PossConc3_PreLoc-s_LocPre_NPrePre5_BPre5_ProperName	VRoot_VRoot_VRoot_VRoot	PossConc3_PreLoc-s_LocPre_NPrePre5_BPre5_ProperName	VRoot_NStem_VRoot_VRoot
Afrika	ProperName	Conj	ProperName	Conj
na_lokhu	AdvPre_Dem15_Pos1	NStem_NStem	AdvPre_Dem15_Pos1	NStem_NStem
okw_enz_ek_e	RelConc15_VRoot_NPas_VerbTerm	VRoot_NStem_VRoot_VRoot	RelConc15_VRoot_NPas_VerbTerm	VRoot_VRoot_VRoot_VRoot
kwa_ma_nye	LocPre_AdjPref6_AdjStem	NStem_NStem_NStem	LocPre_AdjPref6_AdjStem	NStem_NStem_NStem
a_ma_zwe	NPrePre6_BPre6_NStem	NStem_NStem_NStem	NPrePre6_BPre6_NStem	NStem_NStem_NStem
ku_ya_khomb_is_a	BPre17_Pres_VRoot_CausExt_VerbTerm	VRoot_VRoot_NStem_VRoot_VRoot	BPre17_Pres_VRoot_CausExt_VerbTerm	VRoot_VRoot_VRoot_VRoot_VRoot
u_kuth_i	Conj	NStem_NStem_NStem	Conj	NStem_NStem_NStem
u_ku_bumb_an_a	NPrePre15_BPre15_VRoot_RecipExt_VerbTerm	VRoot_VRoot_VRoot_VRoot_VRoot	NPrePre15_BPre15_VRoot_RecipExt_VerbTerm	VRoot_VRoot_VRoot_VRoot_VRoot
no_ku_hlangan_a	AdvPre_BPre15_NStem	NStem_NStem_NStem_NStem	AdvPre_BPre15_NStem	NStem_NStem_NStem_NStem
ko_m_phakathi	PossConc15_NPrePre3_BPre3_NStem	NStem_NStem_NStem	PossConc15_NPrePre3_BPre3_NStem	NStem_NStem_NStem
ku_ya_ding_ek_a	SC15_CopPre_VRoot_NeutExt_VerbTerm	NStem_NStem_NStem_NStem_NStem	SC15_CopPre_VRoot_NeutExt_VerbTerm	NStem_NStem_NStem_NStem_VRoot
u_ku_hlangabez_an_a	NPrePre15_BPre15_VRoot_RecipExt_VerbTerm	VRoot_VRoot_VRoot_VRoot_VRoot	NPrePre15_BPre15_VRoot_RecipExt_VerbTerm	VRoot_VRoot_VRoot_VRoot_VRoot
ne_zin_jongo	AdvPre_NPrePre10_BPre10_NStem	NStem_NStem_NStem	AdvPre_NPrePre10_BPre10_NStem	NStem_NStem_NStem
zo_m_phakathi	PossConc10_NPrePre3_BPre3_NStem	NStem_NStem_NStem	PossConc10_NPrePre3_BPre3_NStem	NStem_NStem_NStem
ne_zo_mnotho	AdvPre_RelConc4_PossConc8_NStem	NStem_NStem_NStem	AdvPre_RelConc4_PossConc8_NStem	NStem_NStem_NStem
.	Punc	PUNC	Punc	NStem
I_si_ngeniso	NPrePre7_BPre7_NStem	NStem_NStem_NStem	NPrePre7_BPre7_NStem	NStem_NStem_NStem
so_M_thethosisekelo	PossConc7_NPrePre3_BPre3_NStem	VRoot_VRoot_VRoot	PossConc7_NPrePre3_BPre3_NStem	VRoot_VRoot_VRoot
si_li_vez_a	SC7_OC11_Intrans_VerbTerm	NStem_NStem_NStem_NStem	SC7_OC11_Intrans_VerbTerm	NStem_NStem_NStem_NStem
ka_hle	AdvPre_Adv	NStem_NStem	AdvPre_Adv	NStem_NStem
leli	Dem5_Pos1	PUNC	Dem5_Pos1	PUNC
phuzu	NStem	PUNC	NStem	PUNC
.	Punc	PUNC	Punc	PUNC
Si_khomb_is_a	SC1pp_Intrans_CausExt_VerbTerm	VRoot_NStem_NStem_VRoot	SC1pp_Intrans_CausExt_VerbTerm	NStem_NStem_NStem_NStem
u_ku_zi_bophezel_a	NPrePre15_BPre15_ReflPre_Intrans_Pers_VerbTerm	VRoot_VRoot_VRoot_VRoot_VRoot	NPrePre15_BPre15_ReflPre_Intrans_Pers_VerbTerm	VRoot_VRoot_VRoot_VRoot_VRoot
ko_m_buso	PossConc15_NPrePre3_BPre3_NStem	NStem_NStem_NStem	PossConc15_NPrePre3_BPre3_NStem	NStem_NStem_NStem
u_ku_buy_is_el_a	NPrePre15_BPre15_VRoot_CausExt_ApplExt_VerbTerm	VRoot_NStem_NStem_NStem_NStem_NStem	NPrePre15_BPre15_VRoot_CausExt_ApplExt_VerbTerm	VRoot_VRoot_VRoot_VRoot_VRoot_VRoot
e_mu_va	LocPre_BPre3_Adv	NStem_NStem_NStem	LocPre_BPre3_Adv	NStem_NStem_NStem
i_mi_phumel_a	NPrePre4_BPre4_NStem	NStem_NStem_NStem_NStem	NPrePre4_BPre4_NStem	NStem_NStem_NStem_NStem
yo_bandlululo	PossConc4_BPre11_NStem	NStem_NStem	PossConc4_BPre11_NStem	NStem_NStem
,	Punc	PUNC	Punc	PUNC
ku_m_qondosizinda	LocPre_BPre3_NStem	VRoot_VRoot_VRoot	LocPre_BPre3_NStem	VRoot_VRoot_VRoot
lapho	Dem16_Pos2	PUNC	Dem16_Pos2	PUNC
bo_nke	QuantConc2_QuantStem	NStem_NStem	QuantConc2_QuantStem	NStem_NStem
aba_ntu	NPrePre2_BPre2_NStem	NStem_NStem	NPrePre2_BPre2_NStem	NStem_NStem
be_zo_zi_zw_a	SC2a_Fut_ReflPre_VRoot_VerbTerm	VRoot_VRoot_VRoot_VRoot_NStem	SC2a_Fut_ReflPre_VRoot_VerbTerm	VRoot_VRoot_VRoot_VRoot_VRoot
be_y_i_n_gxenye	BPre2a_CopPre_NPrePre9_BPre9_NStem	VRoot_VRoot_VRoot_VRoot_VRoot	BPre2a_CopPre_NPrePre9_BPre9_NStem	VRoot_VRoot_VRoot_VRoot_VRoot
ya_leli	PossConc9_Dem5_Pos1	NStem_NStem	PossConc9_Dem5_Pos1	NStem_NStem
zwe	BPre5_NStem	PUNC	BPre5_NStem	PUNC
ne_zin_hlelo	NPre10_NPrePre10_BPre10_NStem	NStem_NStem_NStem	NPre10_NPrePre10_BPre10_NStem	NStem_NStem_NStem
za_lo	PossConc10_PronStem11	PUNC_PUNC	PossConc10_PronStem11	PUNC_PUNC
.	Punc	PUNC	Punc	PUNC
A_ma_Komidi	NPrePre6_BPre6_NStem	NStem_NStem_NStem	NPrePre6_BPre6_NStem	NStem_NStem_NStem
Ezi_gceme	RelConc8_NStem	NStem_NStem	RelConc8_NStem	NStem_NStem
ku_fanel_e	SC15_VRoot_ApplExt_VerbTerm	NStem_NStem_NStem	SC15_VRoot_ApplExt_VerbTerm	NStem_NStem_NStem
enz_e	SC6_VRoot_VerbTerm	NStem_NStem	SC6_VRoot_VerbTerm	NStem_NStem
futh_i	Conj	NStem_NStem	Conj	NStem_NStem
a_sebenz_is_e	SC6_VRoot_CausExt_VerbTerm	VRoot_VRoot_VRoot_VRoot	SC6_VRoot_CausExt_VerbTerm	VRoot_VRoot_VRoot_VRoot
i_zin_qubo	NPrePre10_BPre10_NStem	NStem_NStem_NStem	NPrePre10_BPre10_NStem	NStem_NStem_NStem
ezi_zo_siz_a	RelConc8_Fut_VRoot_VerbTerm	NStem_NStem_NStem_NStem	RelConc8_Fut_VRoot_VerbTerm	NStem_NStem_NStem_NStem
e_ku_dlul_ise_ni	LocPre_BPre15_NStem_LocSuf	VRoot_NStem_VRoot_VRoot_VRoot	LocPre_BPre15_NStem_LocSuf	VRoot_VRoot_VRoot_VRoot_VRoot
u_lw_az_i	NPrePre11_BPre11_NStem	NStem_NStem_NStem_NStem	NPrePre11_BPre11_NStem	NStem_NStem_NStem_NStem
olu_fanel_e	RelConc11_VRoot_ApplExt_VerbTerm	NStem_NStem_NStem	RelConc11_VRoot_ApplExt_VerbTerm	NStem_NStem_NStem
e_m_phakath_ini	LocPre_BPre3_NStem_LocSuf	VRoot_VRoot_VRoot_VRoot	LocPre_BPre3_NStem_LocSuf	VRoot_VRoot_VRoot_VRoot
lu_ya	CopPre_AuxVStem	PUNC_PUNC	CopPre_AuxVStem	PUNC_PUNC
e_m_khandlw_ini	LocPre_BPre3_NStem_LocSuf	VRoot_VRoot_VRoot_VRoot	LocPre_BPre3_NStem_LocSuf	VRoot_VRoot_VRoot_VRoot
n_olu_suk_a	AdvPre_NStem	NStem_NStem_NStem_NStem	AdvPre_NStem	NStem_NStem_NStem_NStem
e_m_khandlw_ini	LocPre_BPre3_NStem_LocSuf	VRoot_VRoot_VRoot_VRoot	LocPre_BPre3_NStem_LocSuf	VRoot_VRoot_NStem_VRoot
lu_ya	CopPre_AuxVStem	PUNC_PUNC	CopPre_AuxVStem	PUNC_PUNC
e_m_phakath_ini	LocPre_BPre3_NStem_LocSuf	VRoot_VRoot_VRoot_VRoot	LocPre_BPre3_NStem_LocSuf	VRoot_VRoot_VRoot_NStem
.	Punc	PUNC	Punc	PUNC
I_zin_qubo	NPrePre10_BPre10_NStem	NStem_NStem_NStem	NPrePre10_BPre10_NStem	NStem_NStem_NStem
ku_fanel_e	SC15_VRoot_ApplExt_VerbTerm	NStem_NStem_NStem	SC15_VRoot_ApplExt_VerbTerm	NStem_NStem_NStem
zi_bhek_e	SC8_VRoot_VerbTerm	NStem_NStem_NStem	SC8_VRoot_VerbTerm	NStem_NStem_NStem
zo_nke	QuantConc8_QuantStem	NStem_NStem	QuantConc8_QuantStem	Conj_Conj
i_zin_hlelo	NPrePre10_BPre10_NStem	NStem_NStem_NStem	NPrePre10_BPre10_NStem	VRoot_VRoot_VRoot
zi_ka_masipala	PossConc10_PossKA_NStem	VRoot_VRoot_NStem	PossConc10_PossKA_NStem	NStem_NStem_NStem
na_ma_phrojethi	AdvPre_NPrePre6_BPre6_NStem	VRoot_VRoot_VRoot	AdvPre_NPrePre6_BPre6_NStem	NStem_NStem_NStem
futh_i	Conj	NStem_NStem	Conj	NStem_NStem
zi_bhek_e	SC8_VRoot_VerbTerm	NStem_NStem_NStem	SC8_VRoot_VerbTerm	NStem_NStem_NStem
u_kuth_i	Conj	NStem_NStem_NStem	Conj	NStem_NStem_NStem
u_ku_xhuman_a	NPrePre15_BPre15_VRoot_RecipExt_VerbTerm	NStem_NStem_NStem_NStem	NPrePre15_BPre15_VRoot_RecipExt_VerbTerm	NStem_NStem_NStem_NStem
k_oku_gqugquzel_a	AdvPre_NPrePre15_BPre15_NStem	VRoot_VRoot_VRoot_VRoot	AdvPre_NPrePre15_BPre15_NStem	VRoot_VRoot_VRoot_VRoot
u_ku_bamb_a	NPrePre15_BPre15_VRoot_VerbTerm	NStem_NStem_NStem_NStem	NPrePre15_BPre15_VRoot_VerbTerm	NStem_NStem_NStem_NStem
ko_m_phakathi	PossConc15_NPrePre3_BPre3_NStem	NStem_NStem_NStem	PossConc15_NPrePre3_BPre3_NStem	NStem_NStem_NStem
i_qhaz_a	NPrePre5_BPre5_NStem	NStem_NStem_NStem	NPrePre5_BPre5_NStem	NStem_NStem_NStem
ku_ng_enz_ek_a	SC15_Pot_VRoot_NeutExt_VerbTerm	VRoot_VRoot_VRoot_VRoot_VRoot	SC15_Pot_VRoot_NeutExt_VerbTerm	VRoot_VRoot_VRoot_VRoot_VRoot
ku_phi	SC15_Interrog	PUNC_PUNC	SC15_Interrog	PUNC_PUNC
futh_i	Conj	NStem_NStem	Conj	NStem_NStem
ka_njani	AdvPre_Interrog	NStem_NStem	AdvPre_Interrog	NStem_NStem
.	Punc	PUNC	Punc	PUNC
U_ku_nikez_a	NPrePre15_BPre15_VRoot_VerbTerm	NStem_NStem_NStem_NStem	NPrePre15_BPre15_VRoot_VerbTerm	NStem_NStem_NStem_NStem
u_m_phakathi	NPrePre3_BPre3_NStem	NStem_NStem_NStem	NPrePre3_BPre3_NStem	NStem_NStem_NStem
o_s_e_m_thethw_eni	RelConc3_PreLoc-s_LocPre_BPre3_NStem_LocSuf	VRoot_VRoot_VRoot_VRoot_VRoot_VRoot	RelConc3_PreLoc-s_LocPre_BPre3_NStem_LocSuf	VRoot_VRoot_VRoot_VRoot_VRoot_VRoot
a_ma_thuba	NPrePre6_BPre6_NStem	NStem_NStem_NStem	NPrePre6_BPre6_NStem	NStem_NStem_NStem
oku_ngen_a	PossConc6_NPrePre15_Intrans_VerbTerm	NStem_NStem_NStem	PossConc6_NPrePre15_Intrans_VerbTerm	NStem_NStem_NStem
ku_zin_hlangano	LocPre_BPre8_NStem	NStem_NStem_NStem	LocPre_BPre8_NStem	NStem_VRoot_NStem
ka_nye	Conj	PUNC_PUNC	Conj	PUNC_PUNC
na_ku_zi_vumelwano	AdvPre_BPre15_ReflPre_ProperName	VRoot_VRoot_VRoot_VRoot	AdvPre_BPre15_ReflPre_ProperName	VRoot_VRoot_VRoot_VRoot
n_o_hulumeni	AdvPre_NPrePre2a_NStem	NStem_NStem_NStem	AdvPre_NPrePre2a_NStem	NStem_NStem_NStem
we_n_dawo	PossConc3_BPre9_NStem	NStem_NStem_NStem	PossConc3_BPre9_NStem	NStem_NStem_NStem
u_kuze	Conj	NStem_NStem	Conj	NStem_NStem
ku_thol_akal_e	SC15_VRoot_NeutExt_VerbTerm	VRoot_VRoot_NStem_VRoot	SC15_VRoot_NeutExt_VerbTerm	VRoot_VRoot_VRoot_VRoot
i_mi_thombo	NPrePre4_BPre4_NStem	NStem_NStem_NStem	NPrePre4_BPre4_NStem	NStem_NStem_NStem
e_y_engez_iw_e	SC4_OC4_VRoot_PassExt_VerbTerm	VRoot_VRoot_VRoot_VRoot_VRoot	SC4_OC4_VRoot_PassExt_VerbTerm	VRoot_VRoot_VRoot_VRoot_VRoot
.	Punc	PUNC	Punc	PUNC
A_masu	NPrePre6_BPre6_NStem	PUNC_PUNC	NPrePre6_BPre6_NStem	PUNC_PUNC
y_i_zin_hlelo	CopPre_NPrePre10_BPre10_NStem	VRoot_VRoot_VRoot_VRoot	CopPre_NPrePre10_BPre10_NStem	VRoot_VRoot_VRoot_VRoot
oku_m_el_e	RelConc15_VRoot_ApplExt_VerbTerm	NStem_NStem_NStem_NStem	RelConc15_VRoot_ApplExt_VerbTerm	NStem_NStem_NStem_NStem
zi_setshenz_is_w_e	SC2_VRoot_CausExt_PassExt_VerbTerm	VRoot_VRoot_VRoot_VRoot_VRoot	SC2_VRoot_CausExt_PassExt_VerbTerm	VRoot_VRoot_VRoot_VRoot_VRoot
u_ku_fez_a	NPrePre15_BPre15_VRoot_VerbTerm	NStem_NStem_NStem_NStem	NPrePre15_BPre15_VRoot_VerbTerm	NStem_NStem_NStem_NStem
i_n_hloso	NPrePre9_BPre9_NStem	NStem_NStem_NStem	NPrePre9_BPre9_NStem	PUNC_PUNC_PUNC
.	Punc	PUNC	Punc	PUNC
E_m_sebenz_ini	LocPre_BPre3_NStem_LocSuf	VRoot_NStem_VRoot_VRoot	LocPre_BPre3_NStem_LocSuf	VRoot_VRoot_NStem_VRoot
o_landel_a_yo	Past_VRoot_VerbTerm_RelSuf	NStem_NStem_NStem_NStem	Past_VRoot_VerbTerm_RelSuf	NStem_NStem_NStem_NStem
ku_hlonz_w_a	SC15_VRoot_PassExt_VerbTerm	VRoot_VRoot_VRoot_VRoot	SC15_VRoot_PassExt_VerbTerm	VRoot_VRoot_VRoot_VRoot
a_ma_su	NPrePre6_BPre6_NStem	NStem_NStem_NStem	NPrePre6_BPre6_NStem	NStem_NStem_NStem
u_kw_akh_el_a	NPrePre15_BPre15_VRoot_ApplExt_VerbTerm	VRoot_VRoot_VRoot_VRoot_VRoot	NPrePre15_BPre15_VRoot_ApplExt_VerbTerm	VRoot_VRoot_VRoot_VRoot_VRoot
phezu	Adv	Conj	Adv	PUNC
k_oku_nga_ma_ndla	PossConc15_RelConc15_Pot_NStem	VRoot_VRoot_VRoot_VRoot_NStem	PossConc15_RelConc15_Pot_NStem	VRoot_VRoot_VRoot_VRoot_VRoot
no_ku_sus_a	AdvPre_BPre15_Intrans_VerbTerm	NStem_NStem_NStem_NStem	AdvPre_BPre15_Intrans_VerbTerm	NStem_NStem_NStem_NStem
u_bu_thakathaka	NPrePre14_BPre14_NStem	NStem_NStem_VRoot	NPrePre14_BPre14_NStem	NStem_NStem_NStem
.	Punc	PUNC	Punc	PUNC
E_m_sebenz_ini	LocPre_BPre3_NStem_LocSuf	VRoot_VRoot_VRoot_VRoot	LocPre_BPre3_NStem_LocSuf	VRoot_VRoot_VRoot_NStem
o_landel_a_yo	Past_VRoot_VerbTerm_RelSuf	NStem_NStem_NStem_NStem	Past_VRoot_VerbTerm_RelSuf	NStem_NStem_NStem_NStem
ku_qhutshek_w_a	BPre17_NStem	VRoot_VRoot_VRoot_VRoot	BPre17_NStem	VRoot_VRoot_VRoot_VRoot
na_lesi	AdvPre_Dem7_Pos1	NStem_NStem	AdvPre_Dem7_Pos1	NStem_NStem
si_nyathelo	BPre7_NStem	NStem_NStem	BPre7_NStem	NStem_NStem
ku_hlonz_w_e	SC15_VRoot_PassExt_VerbTerm	VRoot_VRoot_VRoot_VRoot	SC15_VRoot_PassExt_VerbTerm	VRoot_VRoot_VRoot_VRoot
i_zin_hlelo	NPrePre10_BPre10_NStem	NStem_NStem_NStem	NPrePre10_BPre10_NStem	NStem_NStem_NStem
ne_mi_sebenzi	AdvPre_NPrePre4_BPre4_NStem	NStem_NStem_NStem	AdvPre_NPrePre4_BPre4_NStem	NStem_NStem_NStem
oku_m_el_e	RelConc15_VRoot_ApplExt_VerbTerm	NStem_NStem_NStem_NStem	RelConc15_VRoot_ApplExt_VerbTerm	NStem_NStem_NStem_NStem
ku_qal_w_e	SC15_VRoot_PassExt_VerbTerm	NStem_NStem_NStem_NStem	SC15_VRoot_PassExt_VerbTerm	NStem_NStem_NStem_NStem
u_ku_fez_a	NPrePre15_BPre15_VRoot_VerbTerm	NStem_NStem_NStem_NStem	NPrePre15_BPre15_VRoot_VerbTerm	NStem_NStem_NStem_NStem
lelo	Dem5_Pos2	PUNC	Dem5_Pos2	PUNC
na_lelo	AdvPre_Dem5_Pos2	NStem_NStem	AdvPre_Dem5_Pos2	NStem_NStem
su	NStem	Conj	NStem	Conj
.	Punc	PUNC	Punc	PUNC
Bon_is_an_ani	VRoot_RecipExt_VerbTerm	NStem_NStem_NStem_NStem	VRoot_RecipExt_VerbTerm	NStem_NStem_NStem_NStem
na_bel_an_e	NStem	NStem_NStem_NStem_NStem	NStem	NStem_NStem_NStem_NStem
na_nge_mi_bono	AdvPre_CopPre_BPre4_NStem	NStem_NStem_NStem_NStem	AdvPre_CopPre_BPre4_NStem	NStem_VRoot_VRoot_NStem
mayela_na	NStem_DimSuf	NStem_NStem	NStem_DimSuf	NStem_PUNC
ne_zin_dlel_a	AdvPre_NPrePre10_BPre10_NStem	NStem_NStem_NStem_NStem	AdvPre_NPrePre10_BPre10_NStem	NStem_NStem_NStem_NStem
oku_nga_finyelel_w_a	RelConc15_Pres_VRoot_PassExt_VerbTerm	VRoot_VRoot_VRoot_VRoot_VRoot	RelConc15_Pres_VRoot_PassExt_VerbTerm	VRoot_VRoot_VRoot_VRoot_VRoot
nga_zo	AdvPre_PronStem10	PUNC_PUNC	AdvPre_PronStem10	PUNC_PUNC
ka_ngcono	AdvPre_Adv	NStem_NStem	AdvPre_Adv	NStem_NStem
ku_le	LocPre_Dem9_Pos1	PUNC_PUNC	LocPre_Dem9_Pos1	PUNC_PUNC
mi_gomo	BPre4_NStem	NStem_NStem	BPre4_NStem	NStem_NStem
.	Punc	PUNC	Punc	PUNC
Bhek_a	VRoot_VerbTerm	NStem_NStem	VRoot_VerbTerm	NStem_NStem
i_mi_buzo	NPrePre4_BPre4_NStem	NStem_NStem_NStem	NPrePre4_BPre4_NStem	NStem_NStem_NStem
e_phakanyisiw_e	RelConc9_Intrans_VerbTerm	VRoot_VRoot_VRoot	RelConc9_Intrans_VerbTerm	VRoot_VRoot_VRoot
ku_thebula	BPre17_NStem	NStem_NStem	BPre17_NStem	NStem_NStem
e_khasi_ni	LocPre_NPrePre5_BPre5_NStem_LocSuf	NStem_NStem_NStem	LocPre_NPrePre5_BPre5_NStem_LocSuf	NStem_NStem_NStem
la_ma__90	PossConc5_NPrePre6_BPre6_Num	NStem_NStem_NStem	PossConc5_NPrePre6_BPre6_Num	NStem_NStem_NStem
e_nga_ngez_a	RelConc9_Pres_NStem	NStem_NStem_NStem_NStem	RelConc9_Pres_NStem	NStem_VRoot_NStem_NStem
ku_le	LocPre_Dem9_Pos1	PUNC_PUNC	LocPre_Dem9_Pos1	PUNC_PUNC
mi_bono	BPre4_NStem	NStem_NStem	BPre4_NStem	NStem_NStem
e_bek_w_e	RelConc9_VRoot_PassExt_VerbTerm	NStem_NStem_NStem_NStem	RelConc9_VRoot_PassExt_VerbTerm	NStem_NStem_NStem_NStem
nga_ba_bambiqhaz_a	AdvPre_PossConc2_NStem	VRoot_VRoot_VRoot_VRoot	AdvPre_PossConc2_NStem	VRoot_VRoot_VRoot_VRoot
.	Punc	PUNC	Punc	PUNC
U_M_thetho	NPrePre1_ProperName	NStem_NStem_NStem	NPrePre1_ProperName	NStem_NStem_NStem
Wo_hulumeni	PossConc3_NStem	NStem_NStem	PossConc3_NStem	NStem_NStem
Be_n_dawo	PossConc2_NPrePre9_BPre9_NStem	NStem_NStem_NStem	PossConc2_NPrePre9_BPre9_NStem	NStem_NStem_NStem
Aba_hlel_ek_il_e	RelConc2_VRoot_NPas_Perf_VerbTerm	VRoot_VRoot_VRoot_VRoot_VRoot	RelConc2_VRoot_NPas_Perf_VerbTerm	VRoot_VRoot_VRoot_VRoot_VRoot
,	Punc	PUNC	Punc	PUNC
ka__1_997	ExclNeg_Num	NStem_NStem_NStem	ExclNeg_Num	NStem_NStem_NStem
u_nikez_a	SC3_VRoot_VerbTerm	NStem_NStem_NStem	SC3_VRoot_VerbTerm	NStem_NStem_NStem
u_kw_emukel_ek_a	NPrePre15_BPre15_VRoot_NeutExt_VerbTerm	VRoot_VRoot_VRoot_VRoot_VRoot	NPrePre15_BPre15_VRoot_NeutExt_VerbTerm	VRoot_VRoot_VRoot_VRoot_VRoot
k_oku_hlelek_a	PossConc15_BPre15_NStem	VRoot_VRoot_NStem_NStem	PossConc15_BPre15_NStem	NStem_NStem_NStem_NStem
ku_zwelonke	LocPre_NPrePre5_BPre5_NStem	NStem_NStem	LocPre_NPrePre5_BPre5_NStem	NStem_NStem
oku_m_el_e	RelConc15_VRoot_ApplExt_VerbTerm	NStem_NStem_NStem_NStem	RelConc15_VRoot_ApplExt_VerbTerm	NStem_NStem_NStem_NStem
o_masipala	NPrePre2a_NStem	NStem_NStem	NPrePre2a_NStem	NStem_NStem
aba_ningi	AdjPref2_AdjStem	NStem_NStem	AdjPref2_AdjStem	NStem_NStem
esi_fundazw_eni	RelConc7_NStem_LocSuf	NStem_VRoot_NStem	RelConc7_NStem_LocSuf	NStem_NStem_NStem
nga_si_nye	AdvPre_BPre7_EnumStem	NStem_NStem_NStem	AdvPre_BPre7_EnumStem	NStem_NStem_NStem
.	Punc	PUNC	Punc	PUNC
I_n_hlangano	NPrePre9_BPre9_NStem	NStem_NStem_NStem	NPrePre9_BPre9_NStem	VRoot_VRoot_NStem
Yo_hulumeni	PossConc4_NStem	NStem_NStem	PossConc4_NStem	NStem_NStem
Be_n_dawo	PossConc2_NPrePre9_BPre9_NStem	NStem_NStem_NStem	PossConc2_NPrePre9_BPre9_NStem	NStem_NStem_NStem
Y_a_s_e_Ningizimu	PossConc9_PreLoc-s_LocPre_ProperName	VRoot_VRoot_VRoot_VRoot_VRoot	PossConc9_PreLoc-s_LocPre_ProperName	VRoot_VRoot_VRoot_VRoot_VRoot
Afrika	ProperName	Conj	ProperName	Conj
(	Punc	Conj	Punc	PUNC
SA_LGA	Abbr	NStem_NStem	Abbr	NStem_NStem
)	Punc	Conj	Punc	PUNC
y_i_s_akhiwo	CopPre_NStem	NStem_NStem_NStem_NStem	CopPre_NStem	VRoot_VRoot_VRoot_VRoot
e_se_mukel_ek_il_e	RelConc9_AuxVStem_VRoot_NPas_Perf	VRoot_VRoot_VRoot_VRoot_VRoot_VRoot	RelConc9_AuxVStem_VRoot_NPas_Perf	VRoot_VRoot_VRoot_VRoot_VRoot_VRoot
so_hulumeni	PossConc7_NStem	NStem_NStem	PossConc7_NStem	NStem_NStem
be_n_dawo	PossConc2_NPrePre9_BPre9_NStem	NStem_NStem_NStem	PossConc2_NPrePre9_BPre9_NStem	NStem_NStem_NStem
.	Punc	PUNC	Punc	PUNC
I__S_ALGA	BPre9_Abbr	NStem_NStem_NStem	BPre9_Abbr	NStem_NStem_NStem
i_mel_e	SC9_VRoot_VerbTerm	NStem_NStem_NStem	SC9_VRoot_VerbTerm	NStem_NStem_NStem
i_zi_mfuno	NPrePre8_BPre8_NStem	NStem_NStem_NStem	NPrePre8_BPre8_NStem	NStem_VRoot_NStem
za_ma_lungu	PossConc8_NPrePre6_BPre6_NStem	NStem_NStem_NStem	PossConc8_NPrePre6_BPre6_NStem	NStem_NStem_NStem
a_yo	PossConc6_PronStem9	PUNC_PUNC	PossConc6_PronStem9	PUNC_PUNC
.	Punc	PUNC	Punc	PUNC
A_ba_bamb_e	RelConc2_VRoot_VerbTerm	NStem_NStem_NStem_NStem	RelConc2_VRoot_VerbTerm	VRoot_NStem_NStem_NStem
i_qhaz_a	NPrePre5_BPre5_NStem	NStem_NStem_NStem	NPrePre5_BPre5_NStem	PUNC_PUNC_PUNC
ba_phendul_a	SC2_VRoot_VerbTerm	NStem_VRoot_NStem	SC2_VRoot_VerbTerm	NStem_NStem_NStem
i_mi_buzo	NPrePre4_BPre4_NStem	NStem_NStem_NStem	NPrePre4_BPre4_NStem	NStem_NStem_NStem
e_nge_zansi	RelConc4_AdvPre_NPrePre5_BPre5_NStem	NStem_NStem_NStem	RelConc4_AdvPre_NPrePre5_BPre5_NStem	NStem_NStem_NStem
e_ma_qenjni	LocPre_BPre6_NStem	VRoot_VRoot_VRoot	LocPre_BPre6_NStem	VRoot_VRoot_VRoot
aba_ntu	NPrePre2_BPre2_NStem	NStem_NStem	NPrePre2_BPre2_NStem	NStem_NStem
aba_thathu	AdjPref2a_AdjStem	NStem_NStem	AdjPref2a_AdjStem	NStem_NStem
i_mi_zuzu	NPrePre4_BPre4_NStem	NStem_NStem_NStem	NPrePre4_BPre4_NStem	NStem_NStem_NStem
e_mbalwa	RelConc4_RelStem	NStem_NStem	RelConc4_RelStem	NStem_NStem
be_se	SC2_AuxVStem	PUNC_PUNC	SC2_AuxVStem	PUNC_PUNC
ku_shiy_el_w_an_a	LocPre_VRoot_PassExt_RecipExt_VerbTerm	VRoot_VRoot_VRoot_VRoot_VRoot_VRoot	LocPre_VRoot_PassExt_RecipExt_VerbTerm	VRoot_VRoot_VRoot_VRoot_NStem_VRoot
nge_zi_mpendulo	AdvPre_NPrePre8_BPre8_NStem	NStem_NStem_VRoot	AdvPre_NPrePre8_BPre8_NStem	NStem_NStem_VRoot
e_ku_lungis_elele_ni	LocPre_BPre15_VRoot_IntensExt_RecipExt_VerbTerm	VRoot_VRoot_VRoot_VRoot_VRoot	LocPre_BPre15_VRoot_IntensExt_RecipExt_VerbTerm	VRoot_VRoot_VRoot_VRoot_VRoot
.	Punc	PUNC	Punc	PUNC
Yi_zi_phi	CopPre_NPrePre10_BPre10_Interrog	NStem_NStem_NStem	CopPre_NPrePre10_BPre10_Interrog	NStem_NStem_NStem
i_zin_hlobo	NPrePre10_BPre10_NStem	NStem_NStem_NStem	NPrePre10_BPre10_NStem	NStem_NStem_NStem
ze_zin_kinga	PossConc8_NPrePre10_BPre10_NStem	NStem_NStem_NStem	PossConc8_NPrePre10_BPre10_NStem	NStem_NStem_NStem
u_kw_aba	NPrePre15_BPre15_VRoot_VerbTerm	NStem_NStem_NStem	NPrePre15_BPre15_VRoot_VerbTerm	NStem_NStem_NStem
i_mali	NPrePre9_BPre9_NStem	PUNC_PUNC	NPrePre9_BPre9_NStem	PUNC_PUNC
oku_fanel_e	RelConc15_VRoot_VerbTerm	NStem_NStem_NStem	RelConc15_VRoot_VerbTerm	NStem_NStem_NStem
ku_z_ethul_e	LocPre_BPre8_NStem	NStem_NStem_NStem_NStem	LocPre_BPre8_NStem	NStem_NStem_NStem_NStem
?	Punc	Conj	Punc	PUNC
Ku_s_e_m_qoka	BPre15_PreLoc-s_LocPre_BPre3_NStem	VRoot_VRoot_VRoot_VRoot_VRoot	BPre15_PreLoc-s_LocPre_BPre3_NStem	VRoot_VRoot_VRoot_VRoot_VRoot
u_ku_nikez_a	NPrePre15_BPre15_VRoot_VerbTerm	NStem_NStem_NStem_NStem	NPrePre15_BPre15_VRoot_VerbTerm	NStem_NStem_NStem_NStem
aba_ntu	NPrePre2_BPre2_NStem	NStem_NStem	NPrePre2_BPre2_NStem	NStem_NStem
i_thuba	NPrePre5_BPre5_NStem	NStem_NStem	NPrePre5_BPre5_NStem	NStem_NStem
lo_ku_vez_a	PossConc5_NPre15_NPrePre15_Intrans_VerbTerm	NStem_NStem_NStem_NStem	PossConc5_NPre15_NPrePre15_Intrans_VerbTerm	NStem_NStem_NStem_NStem
i_zi_mvo	NPrePre8_BPre8_NStem	NStem_NStem_NStem	NPrePre8_BPre8_NStem	NStem_NStem_NStem
za_bo	PossConc10_PronStem2	PUNC_PUNC	PossConc10_PronStem2	PUNC_PUNC
ba_siz_e	PossConc2_VRoot_VerbTerm	PUNC_PUNC_PUNC	PossConc2_VRoot_VerbTerm	NStem_NStem_NStem
,	Punc	PUNC	Punc	PUNC
ngi_sh_o	CopPre_VRoot_VerbTerm	NStem_NStem_NStem	CopPre_VRoot_VerbTerm	NStem_NStem_NStem
noma	Conj	Conj	Conj	Conj
ngabe	Conj	PUNC	Conj	PUNC
aba_ku_sh_o_yo	RelConc2_BPre15_NStem_RelSuf	NStem_NStem_NStem_NStem_NStem	RelConc2_BPre15_NStem_RelSuf	NStem_NStem_NStem_NStem_VRoot
ku_buk_ek_a	BPre17_NStem	NStem_NStem_NStem_NStem	BPre17_NStem	NStem_NStem_NStem_NStem
ku_nge_lu_tho	BPre17_AdvPre_NStem	NStem_NStem_NStem_NStem	BPre17_AdvPre_NStem	NStem_NStem_NStem_NStem
,	Punc	PUNC	Punc	PUNC
ngoba	Conj	Conj	Conj	Conj
ngo_kw_enz_e	AdvPre_NPrePre15_PossConc15_VRoot_VerbTerm	NStem_NStem_NStem_NStem	AdvPre_NPrePre15_PossConc15_VRoot_VerbTerm	NStem_NStem_NStem_NStem
njalo	Adv	Conj	Adv	Conj
ku_phucul_w_a	LocPre_NStem	NStem_NStem_NStem_NStem	LocPre_NStem	NStem_NStem_NStem_NStem
u_ku_qond_a	NPrePre15_BPre15_VRoot_VerbTerm	VRoot_VRoot_NStem_NStem	NPrePre15_BPre15_VRoot_VerbTerm	NStem_NStem_NStem_NStem
no_ku_zi_zw_a	AdvPre_BPre15_Intrans_VerbTerm	VRoot_VRoot_VRoot_VRoot_VRoot	AdvPre_BPre15_Intrans_VerbTerm	VRoot_NStem_VRoot_VRoot_VRoot
be_nga_ba_nikazi	BPre2_AdvPre_NPrePre2_BPre2_NStem	NStem_NStem_NStem_NStem	BPre2_AdvPre_NPrePre2_BPre2_NStem	NStem_NStem_NStem_NStem
bo_hlelo	PossConc2_NPrePre11_NStem	NStem_NStem	PossConc2_NPrePre11_NStem	NStem_NStem
.	Punc	PUNC	Punc	PUNC
I__P_MS	NPrePre9_Abbr	NStem_NStem_NStem	NPrePre9_Abbr	NStem_NStem_NStem
ka_masipala	PossKA_NStem	NStem_NStem	PossKA_NStem	NStem_NStem
ku_fanel_e	SC15_VRoot_VerbTerm	NStem_NStem_NStem	SC15_VRoot_VerbTerm	NStem_NStem_NStem
i_fak_e	SC9_VRoot_VerbTerm	NStem_NStem_NStem	SC9_VRoot_VerbTerm	NStem_NStem_NStem
ne_zin_daba	AdvPre_BPre10_BPre9_NStem	NStem_NStem_NStem	AdvPre_BPre10_BPre9_NStem	NStem_NStem_NStem
ezi_vez_w_e	RelConc9_VRoot_VerbExt_VerbTerm	NStem_NStem_NStem_NStem	RelConc9_VRoot_VerbExt_VerbTerm	NStem_NStem_NStem_NStem
ng_u_m_khandlu	CopPre_NPrePre3_BPre3_NStem	NStem_NStem_NStem_NStem	CopPre_NPrePre3_BPre3_NStem	NStem_NStem_VRoot_NStem
njengoba	Conj	PUNC	Conj	PUNC
zi_hamb_is_an_a	SC10_VRoot_CausExt_RecipExt_VerbTerm	VRoot_VRoot_VRoot_VRoot_VRoot	SC10_VRoot_CausExt_RecipExt_VerbTerm	VRoot_VRoot_VRoot_VRoot_VRoot
na_ma__K_PI	AdvPre_NPrePre6_BPre6_Abbr	NStem_NStem_NStem_NStem	AdvPre_NPrePre6_BPre6_Abbr	NStem_NStem_NStem_NStem
o_masipala	NPrePre2a_NStem	NStem_NStem	NPrePre2a_NStem	NStem_NStem
wa_wo	PossConc6_PronStem6	PUNC_PUNC	PossConc6_PronStem6	PUNC_PUNC
.	Punc	PUNC	Punc	PUNC
Lawa	Dem6_Pos2	PUNC	Dem6_Pos2	PUNC
ma__K_PI	BPre6_Abbr	NStem_NStem_NStem	BPre6_Abbr	NStem_NStem_NStem
a_landel_a_yo	RelConc6_VRoot_VerbTerm_RelSuf	NStem_NStem_NStem_NStem	RelConc6_VRoot_VerbTerm_RelSuf	VRoot_NStem_NStem_NStem
ku_fanel_e	SC15_VRoot_VerbTerm	NStem_NStem_NStem	SC15_VRoot_VerbTerm	NStem_NStem_NStem
a_be	SC6_AuxVStem	PUNC_PUNC	SC6_AuxVStem	PUNC_PUNC
y_i_n_gxenye	CopPre_NPrePre9_BPre9_NStem	VRoot_VRoot_VRoot_VRoot	CopPre_NPrePre9_BPre9_NStem	VRoot_VRoot_VRoot_VRoot
ye__P_MS	PossConc9_NPrePre9_Abbr	NStem_NStem_NStem	PossConc9_NPrePre9_Abbr	NStem_NStem_NStem
ka_masipala	PossKA_NStem	NStem_NStem	PossKA_NStem	NStem_NStem
nga_mu_nye	AdvPre_BPre1_EnumStem	NStem_NStem_NStem	AdvPre_BPre1_EnumStem	NStem_NStem_NStem
nge_n_dlel_a	AdvPre_BPre9_NStem	NStem_NStem_NStem_NStem	AdvPre_BPre9_NStem	VRoot_VRoot_VRoot_VRoot
yo_ku_th_i	PossConc9_Conj	NStem_NStem_NStem_NStem	PossConc9_Conj	NStem_NStem_NStem_NStem
a_ya_hamb_is_an_a	SC9_Pres_VRoot_CausExt_PassExt_VerbTerm	VRoot_VRoot_VRoot_VRoot_VRoot_VRoot	SC9_Pres_VRoot_CausExt_PassExt_VerbTerm	VRoot_VRoot_VRoot_VRoot_VRoot_VRoot
na_lowo	AdvPre_Dem3_Pos2	NStem_NStem	AdvPre_Dem3_Pos2	NStem_NStem
masipala	NStem	NStem	NStem	NStem
.	Punc	PUNC	Punc	PUNC
Lezi	Dem10_Pos1	PUNC	Dem10_Pos1	PUNC
y_i_zin_komba	CopPre_NPrePre10_BPre10_NStem	NStem_NStem_NStem_NStem	CopPre_NPrePre10_BPre10_NStem	NStem_NStem_NStem_NStem
zi_ka_zwelonke	PossConc10_PossKA_NStem	NStem_VRoot_VRoot	PossConc10_PossKA_NStem	VRoot_VRoot_VRoot
ezi_khish_w_a	RelConc10_VRoot_PassExt_VerbTerm	NStem_NStem_NStem_NStem	RelConc10_VRoot_PassExt_VerbTerm	NStem_NStem_NStem_NStem
ngu_Ngqongqoshe	CopPre_NPrePre1a_NStem	VRoot_VRoot	CopPre_NPrePre1a_NStem	VRoot_VRoot
nge_mu_va	AdvPre_BPre3_Adv	NStem_NStem_NStem	AdvPre_BPre3_Adv	NStem_NStem_NStem
k_oku_bon_is_an_a	PossConc15_NPrePre15_BPre15_VRoot_CausExt_PassExt_VerbTerm	VRoot_VRoot_VRoot_VRoot_VRoot_VRoot	PossConc15_NPrePre15_BPre15_VRoot_CausExt_PassExt_VerbTerm	VRoot_VRoot_VRoot_VRoot_VRoot_VRoot
no__ME_C	AdvPre_NPrePre2a_Abbr	NStem_NStem_NStem	AdvPre_NPrePre2a_Abbr	NStem_NStem_NStem
be_zi_fund_a	PossConc2_NPrePre8_BPre8_NStem	NStem_NStem_NStem_NStem	PossConc2_NPrePre8_BPre8_NStem	NStem_NStem_NStem_NStem
b_o_hulumeni	PossConc2_NPrePre2a_NStem	NStem_NStem_NStem	PossConc2_NPrePre2a_NStem	NStem_NStem_NStem
ba_s_e_khaya	PossConc2_PreLoc-s_LocPre_NStem	NStem_NStem_NStem_NStem	PossConc2_PreLoc-s_LocPre_NStem	NStem_NStem_NStem_NStem
ne__S_ALGA	AdvPre_NPrePre9_Abbr	NStem_NStem_NStem	AdvPre_NPrePre9_Abbr	NStem_NStem_NStem
.	Punc	PUNC	Punc	PUNC
Kodwa__ke	Adv	PUNC_PUNC	Adv	PUNC_PUNC
,	Punc	PUNC	Punc	PUNC
ku_balulek_il_e	SC15_VRoot_Perf_VerbTerm	VRoot_VRoot_VRoot_VRoot	SC15_VRoot_Perf_VerbTerm	VRoot_VRoot_VRoot_VRoot
u_ku_vum_a	NPrePre15_BPre15_VRoot_VerbTerm	NStem_NStem_NStem_NStem	NPrePre15_BPre15_VRoot_VerbTerm	NStem_NStem_NStem_NStem
u_kuth_i	Conj	NStem_NStem_NStem	Conj	NStem_NStem_NStem
u_kw_ahlukahlukan_a	NPrePre15_BPre15_VRoot_RecipExt_VerbTerm	VRoot_VRoot_VRoot_VRoot	NPrePre15_BPre15_VRoot_RecipExt_VerbTerm	VRoot_VRoot_VRoot_VRoot
ku_dinga	SC15_VRoot_VerbTerm	NStem_NStem	SC15_VRoot_VerbTerm	NStem_NStem
futh_i	Conj	NStem_NStem	Conj	NStem_NStem
u_kuth_i	Conj	NStem_NStem_NStem	Conj	NStem_NStem_NStem
ku_bon_akal_e	SC15_VRoot_VerbTerm	NStem_NStem_NStem_NStem	SC15_VRoot_VerbTerm	NStem_NStem_NStem_NStem
mayela_na	NStem_DimSuf	NStem_NStem	NStem_DimSuf	NStem_NStem
ne_zin_daba	AdvPre_NPrePre10_BPre10_NStem	NStem_NStem_NStem	AdvPre_NPrePre10_BPre10_NStem	NStem_NStem_NStem
ezi_hloben_e	RelConc8_NStem	NStem_NStem_NStem	RelConc8_NStem	VRoot_NStem_VRoot
na_ma_ndla	AdvPre_NPrePre6_BPre6_NStem	NStem_NStem_NStem	AdvPre_NPrePre6_BPre6_NStem	NStem_NStem_NStem
ka_nye	AdvPre_AdjStem	PUNC_PUNC	AdvPre_AdjStem	PUNC_PUNC
ne_zin_siz_a	AdvPre_NPrePre10_BPre10_NStem	NStem_NStem_NStem_NStem	AdvPre_NPrePre10_BPre10_NStem	NStem_NStem_NStem_NStem
.	Punc	PUNC	Punc	PUNC
Oku_ningi	AdjPref15_AdjStem	NStem_NStem	AdjPref15_AdjStem	NStem_NStem
oku_bon_akal_a	RelConc15_Intrans_VerbTerm	NStem_NStem_NStem_NStem	RelConc15_Intrans_VerbTerm	NStem_NStem_NStem_NStem
'	Punc	PUNC	Punc	Conj
njengo_kwa_hlukahlukan_a	AdvPre_BPre15_VRoot_VerbTerm_VRoot_RecipExt_VerbTerm	VRoot_VRoot_VRoot_NStem	AdvPre_BPre15_VRoot_VerbTerm_VRoot_RecipExt_VerbTerm	VRoot_VRoot_VRoot_VRoot
'	Punc	Conj	Punc	PUNC
ku_vel_a	LocPre_NStem	PUNC_PUNC_PUNC	LocPre_NStem	NStem_NStem_NStem
ngenxa	Conj	PUNC	Conj	Conj
ye_zin_daba	PossConc9_NPrePre10_BPre10_NStem	NStem_NStem_NStem	PossConc9_NPrePre10_BPre10_NStem	NStem_NStem_NStem
ezi_mayela_na	RelConc10_NStem_DimSuf	NStem_NStem_NStem	RelConc10_NStem_DimSuf	NStem_NStem_NStem
na_ma_ndla	AdvPre_NPrePre6_BPre6_NStem	NStem_NStem_NStem	AdvPre_NPrePre6_BPre6_NStem	NStem_NStem_NStem
ka_nye	AdvPre_AdjStem	PUNC_PUNC	AdvPre_AdjStem	PUNC_PUNC
no_kw_ab_iw_a	AdvPre_NPrePre15_BPre15_VRoot_PassExt_VerbTerm	VRoot_VRoot_NStem_VRoot_VRoot	AdvPre_NPrePre15_BPre15_VRoot_PassExt_VerbTerm	VRoot_VRoot_VRoot_VRoot_NStem
kwe_zin_siz_a	PossConc15_NPrePre10_BPre10_NStem	NStem_NStem_NStem_NStem	PossConc15_NPrePre10_BPre10_NStem	NStem_NStem_NStem_NStem
.	Punc	PUNC	Punc	PUNC
U_kw_ahlukan_a	Past_VRoot_VerbTerm	NStem_NStem_NStem_NStem	Past_VRoot_VerbTerm	NStem_NStem_NStem_NStem
a_ku_hlali	RelConc6_BPre15_VRoot_VerbTerm	NStem_NStem_NStem	RelConc6_BPre15_VRoot_VerbTerm	NStem_VRoot_VRoot
ku_bon_akal_a	BPre17_NStem	NStem_NStem_NStem_NStem	BPre17_NStem	NStem_NStem_NStem_NStem
,	Punc	PUNC	Punc	PUNC
futh_i	Conj	NStem_NStem	Conj	NStem_NStem
lapho	Conj	PUNC	Conj	PUNC
oku_bon_akal_a	PossConc9_NPrePre15_Intrans_VerbTerm	NStem_NStem_NStem_NStem	PossConc9_NPrePre15_Intrans_VerbTerm	NStem_NStem_NStem_NStem
khona	PronStem15_PronSuf	PUNC	PronStem15_PronSuf	PUNC
kw_enz_iw_a	SC15_VRoot_PassExt_VerbTerm	VRoot_VRoot_VRoot_VRoot	SC15_VRoot_PassExt_VerbTerm	VRoot_VRoot_VRoot_VRoot
ku_be	SC15_VRoot_VerbTerm	PUNC_PUNC	SC15_VRoot_VerbTerm	PUNC_PUNC
ku_khulu	LocPre_NStem	NStem_NStem	LocPre_NStem	NStem_NStem
ngo_ku_sebenz_is_a	AdvPre_NPrePre15_BPre15_VRoot_CausExt_VerbTerm	VRoot_VRoot_VRoot_VRoot_VRoot	AdvPre_NPrePre15_BPre15_VRoot_CausExt_VerbTerm	VRoot_VRoot_VRoot_VRoot_VRoot
i_z_akhiwo	NPrePre8_BPre8_NStem	NStem_NStem_NStem	NPrePre8_BPre8_NStem	NStem_NStem_NStem
zo_m_phakathi	PossConc10_NPrePre3_BPre3_NStem	NStem_NStem_NStem	PossConc10_NPrePre3_BPre3_NStem	NStem_NStem_NStem
ka_nye	AdvPre_AdjStem	PUNC_PUNC	AdvPre_AdjStem	PUNC_PUNC
ne_zo_mnotho	AdvPre_PossConc8_NStem	NStem_NStem_NStem	AdvPre_PossConc8_NStem	NStem_NStem_NStem
.	Punc	PUNC	Punc	PUNC
E_zi_mw_eni	RelConc8_NStem_LocSuf	NStem_NStem_NStem_VRoot	RelConc8_NStem_LocSuf	NStem_NStem_NStem_NStem
ezin_ingi	AdjPref10_AdjStem	PUNC_PUNC	AdjPref10_AdjStem	NStem_NStem
u_kw_ahlukan_a	NPrePre15_BPre15_VRoot_VerbTerm	NStem_NStem_NStem_NStem	NPrePre15_BPre15_VRoot_VerbTerm	NStem_NStem_NStem_NStem
phakathi	Adv	PUNC	Adv	PUNC
kwa_ba_y_i_zi_cebi	PossConc15_RelConc15_CopPre_BPre8_NStem	NStem_NStem_NStem_NStem_NStem_NStem	PossConc15_RelConc15_CopPre_BPre8_NStem	VRoot_VRoot_VRoot_VRoot_VRoot_VRoot
ka_nye	AdvPre_AdjStem	PUNC_PUNC	AdvPre_AdjStem	PUNC_PUNC
na_ba_hlwe_m_pu	AdvPre_BPre2_NStem	VRoot_VRoot_VRoot_VRoot_VRoot	AdvPre_BPre2_NStem	VRoot_VRoot_VRoot_VRoot_VRoot
;	Punc	Conj	Punc	PUNC
aba_sebenz_a_yo	RelConc2_VRoot_VerbTerm_RelSuf	VRoot_VRoot_VRoot_VRoot	RelConc2_VRoot_VerbTerm_RelSuf	VRoot_VRoot_VRoot_VRoot
na_ba_nga_sebenzi	AdvPre_BPre2_NegPre_VRoot_VerbTerm	NStem_NStem_NStem_NStem	AdvPre_BPre2_NegPre_VRoot_VerbTerm	VRoot_NStem_NStem_NStem
;	Punc	Conj	Punc	Conj
aba_s_e_ma_dolobhe_ni	RelConc2_PreLoc-s_LocPre_BPre6_NStem_LocSuf	VRoot_VRoot_VRoot_VRoot_VRoot_VRoot	RelConc2_PreLoc-s_LocPre_BPre6_NStem_LocSuf	NStem_NStem_NStem_NStem_NStem_NStem
na_ba_s_e_ma_phandle_ni	CopPre_RelConc2_PreLoc-s_LocPre_BPre6_NStem_LocSuf	VRoot_VRoot_VRoot_VRoot_VRoot_VRoot_VRoot	CopPre_RelConc2_PreLoc-s_LocPre_BPre6_NStem_LocSuf	VRoot_VRoot_VRoot_VRoot_VRoot_VRoot_VRoot
;	Punc	Conj	Punc	PUNC
aba_fund_il_e	RelConc2_VRoot_Perf_VerbTerm	NStem_NStem_NStem_NStem	RelConc2_VRoot_Perf_VerbTerm	NStem_NStem_NStem_NStem
na_ba_nga_fund_il_e	AdvPre_BPre2_NegPre_VRoot_Perf	VRoot_VRoot_VRoot_VRoot_VRoot_VRoot	AdvPre_BPre2_NegPre_VRoot_Perf	NStem_NStem_NStem_NStem_NStem_NStem
;	Punc	Conj	Punc	Conj
ku_y_akh_iw_a	SC15_CopPre_VRoot_PassExt_VerbTerm	VRoot_VRoot_VRoot_VRoot_VRoot	SC15_CopPre_VRoot_PassExt_VerbTerm	VRoot_VRoot_VRoot_VRoot_VRoot
e_m_phakath_ini	LocPre_BPre3_NStem_LocSuf	VRoot_VRoot_VRoot_VRoot	LocPre_BPre3_NStem_LocSuf	VRoot_VRoot_VRoot_VRoot
futh_i	Conj	NStem_NStem	Conj	NStem_NStem
ku_gxil_il_e	SC15_VRoot_Perf	NStem_NStem_NStem_NStem	SC15_VRoot_Perf	NStem_NStem_NStem_NStem
ngo_kwe_zo_m_busazwe	AdvPre_NPrePre15_PossConc15_PossConc8_BPre3_NStem	VRoot_VRoot_VRoot_VRoot_VRoot	AdvPre_NPrePre15_PossConc15_PossConc8_BPre3_NStem	VRoot_VRoot_VRoot_VRoot_VRoot
.	Punc	PUNC	Punc	PUNC
Lokhu	Dem15_Pos1	PUNC	Dem15_Pos1	Conj
kw_ahlukan_a	BPre15_VRoot_RecipExt_VerbTerm	NStem_NStem_NStem	BPre15_VRoot_RecipExt_VerbTerm	NStem_NStem_NStem
ku_no_m_thelel_a	BPre15_AdvPre_NPrePre3_BPre3_NStem	NStem_VRoot_NStem_VRoot_VRoot	BPre15_AdvPre_NPrePre3_BPre3_NStem	VRoot_VRoot_VRoot_VRoot_VRoot
om_ncane	AdjPref1_AdjStem	NStem_NStem	AdjPref1_AdjStem	NStem_NStem
e_m_landw_eni	LocPre_NPrePre3_BPre3_NStem_LocSuf	VRoot_VRoot_VRoot_VRoot	LocPre_NPrePre3_BPre3_NStem_LocSuf	NStem_NStem_NStem_NStem
o_bon_akal_a_yo	Past_Intrans_VerbTerm_RelSuf	NStem_NStem_VRoot_VRoot_VRoot	Past_Intrans_VerbTerm_RelSuf	VRoot_VRoot_VRoot_VRoot_VRoot
a_zal_w_a	SC1_VRoot_PassExt_VerbTerm	NStem_NStem_NStem_NStem	SC1_VRoot_PassExt_VerbTerm	NStem_NStem_NStem_NStem
na_wo	AdvPre_PronStem6	PUNC_PUNC	AdvPre_PronStem6	PUNC_PUNC
u_mu_ntu	NPrePre1_BPre1_NStem	NStem_NStem_NStem	NPrePre1_BPre1_NStem	NStem_NStem_NStem
futh_i	Conj	NStem_NStem	Conj	NStem_NStem
u_ku_phath_a	NPrePre15_BPre15_VRoot_VerbTerm	NStem_NStem_NStem_NStem	NPrePre15_BPre15_VRoot_VerbTerm	NStem_NStem_VRoot_NStem
u_kw_ahlukahlukan_a	NPrePre15_BPre15_VRoot_RecipExt_VerbTerm	VRoot_VRoot_VRoot_VRoot	NPrePre15_BPre15_VRoot_RecipExt_VerbTerm	VRoot_VRoot_VRoot_VRoot
nge_m_pumelelo	AdvPre_BPre3_NStem	NStem_NStem_NStem	AdvPre_BPre3_NStem	NStem_NStem_NStem
ku_yo_dinga	SC15_Fut_VRoot_VerbTerm	NStem_NStem_NStem	SC15_Fut_VRoot_VerbTerm	NStem_NStem_NStem
u_ku_bhek_w_a	NPrePre15_BPre15_VRoot_PassExt_VerbTerm	VRoot_VRoot_NStem_VRoot_VRoot	NPrePre15_BPre15_VRoot_PassExt_VerbTerm	VRoot_VRoot_VRoot_VRoot_VRoot
ku_susel_w_a	BPre17_NStem	VRoot_NStem_NStem_NStem	BPre17_NStem	NStem_NStem_NStem_NStem
esikw_eni	LocPre_NStem_LocSuf	NStem_NStem	LocPre_NStem_LocSuf	NStem_NStem
la_ma_lungelo	PossConc5_NPrePre6_BPre6_NStem	NStem_NStem_NStem	PossConc5_NPrePre6_BPre6_NStem	NStem_NStem_NStem
esi_ntu	PossConc6_NPrePre7_BPre7_NStem	NStem_NStem	PossConc6_NPrePre7_BPre7_NStem	NStem_NStem
.	Punc	PUNC	Punc	PUNC
UMASIPALA	NPrePre1a_NStem	NStem	NPrePre1a_NStem	NStem
NGAMUNYE	AdvPre_BPre1_EnumStem	NStem	AdvPre_BPre1_EnumStem	NStem
KU_DING_EK_A	SC15_VRoot_NeutExt_VerbTerm	NStem_NStem_NStem_NStem	SC15_VRoot_NeutExt_VerbTerm	NStem_NStem_NStem_NStem
NGO_KO_M_THETHO	AdvPre_PossConc15_NPrePre3_BPre3_NStem	VRoot_VRoot_VRoot_VRoot	AdvPre_PossConc15_NPrePre3_BPre3_NStem	NStem_VRoot_VRoot_VRoot
UKUBA	Conj	PUNC	Conj	PUNC
ATHUTHUKIS_E	SC1_VRoot_CausExt_VerbTerm	VRoot_VRoot	SC1_VRoot_CausExt_VerbTerm	VRoot_VRoot
U_HLELO	NPrePre11_NStem	NStem_NStem	NPrePre11_NStem	NStem_NStem
LO_KU_PHATH_A	PossConc11_NPrePre15_BPre15_VRoot_VerbTerm	NStem_NStem_NStem_NStem	PossConc11_NPrePre15_BPre15_VRoot_VerbTerm	NStem_NStem_NStem_NStem
U_KU_SEBENZ_A	NPrePre15_BPre15_VRoot_VerbTerm	VRoot_VRoot_VRoot_VRoot	NPrePre15_BPre15_VRoot_VerbTerm	VRoot_VRoot_VRoot_VRoot
NGE_M_FANELO	AdvPre_NPrePre9_NStem	VRoot_VRoot_VRoot	AdvPre_NPrePre9_NStem	VRoot_VRoot_VRoot
(	Punc	Conj	Punc	Conj
I__P_MS	NPrePre9_Abbr	NStem_NStem_NStem	NPrePre9_Abbr	NStem_NStem_NStem
)	Punc	Conj	Punc	PUNC
OLUZO_KWE_NGE_ZELA	RelConc11_Fut_BPre15_VRoot_ApplExt_VerbTerm	VRoot_VRoot_VRoot_VRoot	RelConc11_Fut_BPre15_VRoot_ApplExt_VerbTerm	VRoot_VRoot_VRoot_VRoot
U_KU_SEBENZ_A	NPrePre15_BPre15_VRoot_VerbTerm	VRoot_VRoot_VRoot_VRoot	NPrePre15_BPre15_VRoot_VerbTerm	VRoot_VRoot_VRoot_VRoot
NGE_M_FANELO	AdvPre_NPrePre9_NStem	VRoot_VRoot_VRoot	AdvPre_NPrePre9_NStem	VRoot_VRoot_VRoot
NA_NGE_M_PUMELELO	AdvPre_AdvPre_NPrePre9_BPre9_NStem	VRoot_VRoot_VRoot_VRoot	AdvPre_AdvPre_NPrePre9_BPre9_NStem	VRoot_VRoot_VRoot_VRoot
KWE_N_HLANGANO	PossConc15_NPrePre9_BPre9_NStem	VRoot_VRoot_VRoot	PossConc15_NPrePre9_BPre9_NStem	VRoot_VRoot_VRoot
,	Punc	PUNC	Punc	PUNC
LU_CHAZ_E	SC11_VRoot_VerbTerm	NStem_NStem_NStem	SC11_VRoot_VerbTerm	NStem_NStem_NStem
U_KU_SETSHENZISW_A	NPrePre15_BPre15_VRoot_CausExt_PassExt_VerbTerm	VRoot_VRoot_VRoot_VRoot	NPrePre15_BPre15_VRoot_CausExt_PassExt_VerbTerm	VRoot_VRoot_VRoot_VRoot
KWE_MI_THOMBO	PossConc15_NPrePre4_BPre4_NStem	VRoot_VRoot_VRoot	PossConc15_NPrePre4_BPre4_NStem	NStem_NStem_NStem
KA_MASIPALA	PossKA_NStem	NStem_NStem	PossKA_NStem	NStem_NStem
BE_S_E	SC2_AuxVStem	NStem_NStem_NStem	SC2_AuxVStem	NStem_NStem_NStem
LUBONISA	SC11_VRoot_CausExt_VerbTerm	NStem	SC11_VRoot_CausExt_VerbTerm	NStem
U_KU_FINYELEL_A	NPrePre15_BPre15_VRoot_VerbTerm	VRoot_VRoot_VRoot_VRoot	NPrePre15_BPre15_VRoot_VerbTerm	VRoot_VRoot_VRoot_VRoot
KWI_MI_PHUMEL_A	LocPre_NPrePre4_BPre4_NStem	NStem_NStem_NStem_NStem	LocPre_NPrePre4_BPre4_NStem	VRoot_VRoot_VRoot_VRoot
.	Punc	PUNC	Punc	PUNC
I__P_MS	NPrePre9_Abbr	NStem_NStem_NStem	NPrePre9_Abbr	NStem_NStem_NStem
I_YA_KW_AZ_I	SC9_Pres_BPre15_VRoot_VerbTerm	NStem_NStem_NStem_NStem_NStem	SC9_Pres_BPre15_VRoot_VerbTerm	NStem_NStem_NStem_NStem_NStem
FUTHI	Conj	PUNC	Conj	NStem
U_KU_SEBENZ_A	NPrePre15_BPre15_VRoot_VerbTerm	VRoot_VRoot_VRoot_VRoot	NPrePre15_BPre15_VRoot_VerbTerm	VRoot_VRoot_VRoot_VRoot
NJENGE_N_DLEL_A	AdvPre_NPrePre9_BPre9_NStem	VRoot_VRoot_VRoot_VRoot	AdvPre_NPrePre9_BPre9_NStem	VRoot_VRoot_VRoot_VRoot
YO_KU_XWAYIS_A	PossConc9_BPre15_VRoot_VerbTerm	VRoot_VRoot_VRoot_VRoot	PossConc9_BPre15_VRoot_VerbTerm	VRoot_VRoot_VRoot_VRoot
YANGA_PHAMBI	PossConc9_AdvPre_Adv	NStem_NStem	PossConc9_AdvPre_Adv	NStem_NStem
KWE_SI_KHATHI	PossConc15_NPrePre7_BPre7_NStem	VRoot_VRoot_VRoot	PossConc15_NPrePre7_BPre7_NStem	VRoot_VRoot_VRoot
NJENGOBA	Conj	NStem	Conj	NStem
I_BONISA	SC9_VRoot_CausExt_VerbTerm	NStem_NStem	SC9_VRoot_CausExt_VerbTerm	NStem_NStem
U_KU_NGA_SEBENZI	NPrePre15_BPre15_NegPre_VRoot_VerbTerm	VRoot_VRoot_VRoot_VRoot	NPrePre15_BPre15_NegPre_VRoot_VerbTerm	VRoot_VRoot_VRoot_VRoot
NGE_M_FANELO	AdvPre_NPrePre9_NStem	VRoot_NStem_VRoot	AdvPre_NPrePre9_NStem	VRoot_VRoot_VRoot
NOMA	Conj	PUNC	Conj	PUNC
U_KU_SEBENZ_A	NPrePre15_BPre15_VRoot_VerbTerm	VRoot_VRoot_VRoot_VRoot	NPrePre15_BPre15_VRoot_VerbTerm	VRoot_VRoot_VRoot_VRoot
NGA_PHANSI	AdvPre_Adv	NStem_NStem	AdvPre_Adv	VRoot_NStem
KWE_ZINGA	PossConc15_NPrePre5_NStem	NStem_NStem	PossConc15_NPrePre5_NStem	NStem_NStem
ELI_BEKIW_E	RelConc5_VRoot_PassExt_VerbTerm	NStem_VRoot_NStem	RelConc5_VRoot_PassExt_VerbTerm	VRoot_VRoot_VRoot
,	Punc	PUNC	Punc	PUNC
NGALOKHO	AdvPre_Dem15_Pos2	NStem	AdvPre_Dem15_Pos2	NStem
I_VUMEL_A	SC9_VRoot_ApplExt_VerbTerm	NStem_NStem_NStem	SC9_VRoot_ApplExt_VerbTerm	NStem_NStem_NStem
U_KU_NGENEL_EL_A	NPrePre15_BPre15_VRoot_ApplExt_ApplExt_VerbTerm	NStem_VRoot_NStem_VRoot_NStem	NPrePre15_BPre15_VRoot_ApplExt_ApplExt_VerbTerm	VRoot_VRoot_VRoot_VRoot_VRoot
OKU_FANEL_E	RelConc15_VRoot_VerbTerm	NStem_NStem_NStem	RelConc15_VRoot_VerbTerm	NStem_NStem_NStem
UKUZE	Conj	NStem	Conj	NStem
KW_ENZ_IW_E	SC15_VRoot_PassExt_VerbTerm	VRoot_NStem_VRoot_VRoot	SC15_VRoot_PassExt_VerbTerm	VRoot_VRoot_VRoot_VRoot
NGCONO	Adv	NStem	Adv	NStem
.	Punc	PUNC	Punc	PUNC
E_yo_dwa	RelConc9_QuantConc9_QuantStem	NStem_NStem_NStem	RelConc9_QuantConc9_QuantStem	NStem_NStem_NStem
ye_zi_nhloso	PossConc9_NPrePre10_BPre10_NStem	VRoot_NStem_NStem	PossConc9_NPrePre10_BPre10_NStem	NStem_NStem_NStem
zi_ka_hulumeni	PossConc8_PossKA_NPrePre1a_NStem	NStem_NStem_NStem	PossConc8_PossKA_NPrePre1a_NStem	VRoot_NStem_NStem
u_ku_dlul_is_el_a	NPrePre15_BPre15_VRoot_CausExt_ApplExt_VerbTerm	VRoot_VRoot_VRoot_VRoot_VRoot_VRoot	NPrePre15_BPre15_VRoot_CausExt_ApplExt_VerbTerm	VRoot_VRoot_VRoot_VRoot_VRoot_VRoot
i_zi_bopho	NPrePre8_BPre8_NStem	NStem_NStem_NStem	NPrePre8_BPre8_NStem	NStem_NStem_NStem
zo_kwe_thul_w_a	PossConc8_BPre15_NStem	VRoot_VRoot_VRoot_VRoot_VRoot	PossConc8_BPre15_NStem	VRoot_VRoot_VRoot_VRoot_VRoot
kwe_zin_sizakalo	BPre15_BPre10_NStem	NStem_NStem_VRoot	BPre15_BPre10_NStem	NStem_VRoot_VRoot
u_ku_suk_a	NPrePre15_BPre15_VRoot_VerbTerm	NStem_NStem_NStem_NStem	NPrePre15_BPre15_VRoot_VerbTerm	NStem_NStem_NStem_NStem
ku_Hulumeni	LocPre_NPrePre1a_NStem	NStem_NStem	LocPre_NPrePre1a_NStem	NStem_NStem
ka_zwelonke	PossKA_NPrePre1a_NStem	NStem_NStem	PossKA_NPrePre1a_NStem	VRoot_NStem
ku_y_a	SC15_VRoot_VerbTerm	NStem_NStem_NStem	SC15_VRoot_VerbTerm	NStem_NStem_NStem
ku_zi_phathimandla	LocPre_BPre8_NStem	NStem_NStem_NStem	LocPre_BPre8_NStem	NStem_NStem_NStem
ze_si_fundazwe	PossConc10_NPrePre7_BPre7_NStem	NStem_NStem_NStem	PossConc10_NPrePre7_BPre7_NStem	NStem_NStem_NStem
ne_ze_n_dawo	AdvPre_PossConc8_BPre9_NStem	NStem_NStem_VRoot_NStem	AdvPre_PossConc8_BPre9_NStem	NStem_NStem_NStem_NStem
.	Punc	PUNC	Punc	PUNC
U_kwe_thul_w_a	NPrePre15_BPre15_Intrans_PassExt_VerbTerm	VRoot_VRoot_VRoot_VRoot_VRoot	NPrePre15_BPre15_Intrans_PassExt_VerbTerm	NStem_NStem_NStem_NStem_NStem
kwe_zin_sizakalo	BPre15_BPre10_NStem	NStem_NStem_NStem	BPre15_BPre10_NStem	NStem_NStem_NStem
ku_mel_e	SC15_VRoot_VerbTerm	NStem_NStem_NStem	SC15_VRoot_VerbTerm	NStem_NStem_NStem
ku_be	SC15_VRoot_VerbTerm	PUNC_PUNC	SC15_VRoot_VerbTerm	PUNC_PUNC
se_zandle_ni	PossConc7_BPre8_NStem_LocSuf	NStem_NStem_NStem	PossConc7_BPre8_NStem_LocSuf	NStem_NStem_NStem
za_labo	PossConc8_Dem2_Pos2	PUNC_PUNC	PossConc8_Dem2_Pos2	PUNC_PUNC
aba_s_e_duzane	RelConc2_PreLoc-s_LocPre_NStem	NStem_NStem_NStem_NStem	RelConc2_PreLoc-s_LocPre_NStem	NStem_NStem_NStem_NStem
ka_khulu	AdvPre_AdjStem	NStem_NStem	AdvPre_AdjStem	NStem_NStem
na_ba_sebenzisi	AdvPre_OC2_NStem	NStem_NStem_NStem	AdvPre_OC2_NStem	VRoot_NStem_NStem
bo_ku_gcin_a	PossConc2a_BPre15_NStem	NStem_NStem_NStem_NStem	PossConc2a_BPre15_NStem	NStem_PUNC_PUNC_NStem
ku_no_ku_b_a	SC15_AdvPre_NPrePre15_BPre15_VRoot_VerbTerm	NStem_NStem_NStem_NStem_NStem	SC15_AdvPre_NPrePre15_BPre15_VRoot_VerbTerm	VRoot_VRoot_VRoot_VRoot_VRoot
ku_Hulumeni	LocPre_NStem	NStem_NStem	LocPre_NStem	NStem_NStem
wa_phakathi	PossConc1a_Adv	NStem_NStem	PossConc1a_Adv	NStem_NStem
,	Punc	PUNC	Punc	PUNC
oku_suk_e	RelConc15_VRoot_VerbTerm	NStem_NStem_NStem	RelConc15_VRoot_VerbTerm	NStem_NStem_NStem
ka_khulu	AdvPre_AdjStem	NStem_NStem	AdvPre_AdjStem	NStem_NStem
'	Punc	Conj	Punc	Conj
e_mu_gqe_ni	LocPre_NStem_LocSuf	VRoot_VRoot_VRoot_VRoot	LocPre_NStem_LocSuf	NStem_NStem_NStem_NStem
wo_ku_qal_a	PossConc3_NPrePre15_BPre15_VRoot_VerbTerm	NStem_NStem_NStem_NStem	PossConc3_NPrePre15_BPre15_VRoot_VerbTerm	NStem_NStem_NStem_NStem
'	Punc	Conj	Punc	Conj
.	Punc	PUNC	Punc	PUNC
Ku_m_el_e	SC15_VRoot_VerbTerm	NStem_NStem_NStem_NStem	SC15_VRoot_VerbTerm	NStem_NStem_NStem_NStem
ku_phind_e	SC15_VRoot_VerbTerm	NStem_NStem_NStem	SC15_VRoot_VerbTerm	NStem_NStem_NStem
ku_wel_e	LocPre_VRoot_VerbTerm	NStem_NStem_NStem	LocPre_VRoot_VerbTerm	NStem_NStem_NStem
nga_phakathi	AdvPre_Adv	NStem_NStem	AdvPre_Adv	NStem_NStem
kwe_zin_hlaka	BPre15_NPrePre10_BPre10_NStem	NStem_NStem_NStem	BPre15_NPrePre10_BPre10_NStem	NStem_NStem_NStem
ze_n_qubomgomo	PossConc10_NPrePre9_BPre9_NStem	VRoot_VRoot_VRoot	PossConc10_NPrePre9_BPre9_NStem	VRoot_VRoot_VRoot
ka_zwelonke	PossKA_NPrePre1a_NStem	NStem_NStem	PossKA_NPrePre1a_NStem	NStem_NStem
ezi_thuthuk_is_w_e	RelConc8_VRoot_CausExt_PassExt_VerbTerm	VRoot_VRoot_VRoot_VRoot_VRoot	RelConc8_VRoot_CausExt_PassExt_VerbTerm	VRoot_VRoot_VRoot_VRoot_VRoot
y_i_mi_nyango	CopPre_NPrePre4_BPre4_NStem	NStem_NStem_NStem_NStem	CopPre_NPrePre4_BPre4_NStem	VRoot_NStem_NStem_NStem
ka_Hulumeni	PossKA_NPrePre1a_NStem	NStem_NStem	PossKA_NPrePre1a_NStem	NStem_NStem
ka_zwelonke	PossKA_NPrePre1a_NStem	NStem_NStem	PossKA_NPrePre1a_NStem	NStem_NStem
e_fanel_e	RelConc9_VRoot_VerbTerm	NStem_NStem_NStem	RelConc9_VRoot_VerbTerm	NStem_NStem_NStem
.	Punc	PUNC	Punc	PUNC
U_hlaka	NPrePre11_NStem	NStem_NStem	NPrePre11_NStem	NStem_NStem
lo_m_thethosisekelo	PossConc11_NPrePre3_BPre3_NStem	VRoot_VRoot_VRoot	PossConc11_NPrePre3_BPre3_NStem	VRoot_VRoot_VRoot
lu_vum_el_a	SC11_VRoot_VerbTerm	NStem_NStem_NStem_NStem	SC11_VRoot_VerbTerm	NStem_NStem_NStem_NStem
u_kw_ahluk_a	NPrePre15_BPre15_VRoot_VerbTerm	VRoot_VRoot_NStem_NStem	NPrePre15_BPre15_VRoot_VerbTerm	NStem_NStem_NStem_NStem
e_kw_ab_iw_e_ni	LocPre_BPre15_VRoot_PassExt_VerbTerm_LocSuf	VRoot_VRoot_VRoot_VRoot_VRoot_VRoot	LocPre_BPre15_VRoot_PassExt_VerbTerm_LocSuf	VRoot_VRoot_VRoot_VRoot_VRoot_VRoot
kwa_ma_ndla	PossConc15_NPrePre6_BPre6_NStem	NStem_NStem_NStem	PossConc15_NPrePre6_BPre6_NStem	NStem_NStem_NStem
ne_mi_sebenzi	AdvPre_NPrePre4_BPre4_NStem	NStem_NStem_NStem	AdvPre_NPrePre4_BPre4_NStem	NStem_NStem_NStem
,	Punc	PUNC	Punc	PUNC
lokhu	Dem15_Pos1	PUNC	Dem15_Pos1	PUNC
ku_mel_e	SC15_VRoot_VerbTerm	NStem_NStem_NStem	SC15_VRoot_VerbTerm	NStem_NStem_NStem
kw_enz_iw_e	SC15_VRoot_PassExt_VerbTerm	VRoot_VRoot_VRoot_VRoot	SC15_VRoot_PassExt_VerbTerm	VRoot_VRoot_VRoot_VRoot
u_ku_qinis_ek_is_a	NPrePre15_BPre15_VRoot_CausExt_VerbTerm	VRoot_VRoot_VRoot_VRoot_VRoot_VRoot	NPrePre15_BPre15_VRoot_CausExt_VerbTerm	VRoot_VRoot_VRoot_VRoot_VRoot_VRoot
u_ku_sebenz_is_an_a	NPrePre15_BPre15_VRoot_CausExt_RecipExt_VerbTerm	VRoot_VRoot_VRoot_VRoot_VRoot_VRoot	NPrePre15_BPre15_VRoot_CausExt_RecipExt_VerbTerm	VRoot_VRoot_VRoot_VRoot_VRoot_VRoot
ka_hle	AdvPre_AdjStem	NStem_NStem	AdvPre_AdjStem	NStem_NStem
phakathi	Adv	PUNC	Adv	PUNC
kwa_ma_khono	PossConc15_NPrePre6_BPre6_NStem	NStem_NStem_NStem	PossConc15_NPrePre6_BPre6_NStem	NStem_NStem_NStem
ne_mi_sebenzi	AdvPre_NPrePre4_BPre4_NStem	NStem_NStem_NStem	AdvPre_NPrePre4_BPre4_NStem	NStem_NStem_NStem
ye_zi_fundazwe	PossConc9_NPrePre8_BPre8_NStem	NStem_NStem_NStem	PossConc9_NPrePre8_BPre8_NStem	NStem_NStem_NStem
no_masipala	AdvPre_NPrePre2a_NStem	NStem_NStem	AdvPre_NPrePre2a_NStem	NStem_NStem
.	Punc	PUNC	Punc	PUNC
I_n_dlel_a	NPrePre9_BPre9_NStem	NStem_NStem_NStem_NStem	NPrePre9_BPre9_NStem	NStem_NStem_NStem_NStem
e_khona	RelConc9_Adv	NStem_NStem	RelConc9_Adv	NStem_NStem
i_nga_thuthuk_is_w_a	SC9_Pot_VRoot_CausExt_PassExt_VerbTerm	VRoot_VRoot_VRoot_VRoot_VRoot_VRoot	SC9_Pot_VRoot_CausExt_PassExt_VerbTerm	VRoot_VRoot_VRoot_VRoot_VRoot_VRoot
,	Punc	PUNC	Punc	PUNC
ngo_ku_th_i	AdvPre_Conj	NStem_NStem_NStem_NStem	AdvPre_Conj	NStem_NStem_NStem_NStem
ku_cacis_w_e	SC15_VRoot_CausExt_PassExt_VerbTerm	NStem_NStem_NStem_NStem	SC15_VRoot_CausExt_PassExt_VerbTerm	VRoot_VRoot_VRoot_VRoot
nge_mi_sebenzi	AdvPre_NPrePre4_BPre4_NStem	NStem_NStem_NStem	AdvPre_NPrePre4_BPre4_NStem	NStem_NStem_NStem
e_mi_khakhe_ni	LocPre_BPre4_NStem_LocSuf	NStem_NStem_NStem_NStem	LocPre_BPre4_NStem_LocSuf	VRoot_NStem_NStem_NStem
ye_ze_zi_ndlu	PossConc4_NPrePre10_PossConc10_BPre10_NStem	NStem_NStem_NStem_NStem	PossConc4_NPrePre10_PossConc10_BPre10_NStem	NStem_NStem_NStem_NStem
,	Punc	PUNC	Punc	PUNC
e_za_manzi	RelConc9_PossConc10_NStem	NStem_NStem_NStem	RelConc9_PossConc10_NStem	NStem_NStem_NStem
,	Punc	PUNC	Punc	PUNC
e_zoku_sus_w_a	RelConc9_PossConc10_NPrePre15_BPre15_VRoot_PassExt_VerbTerm	NStem_NStem_VRoot_NStem_NStem	RelConc9_PossConc10_NPrePre15_BPre15_VRoot_PassExt_VerbTerm	VRoot_VRoot_VRoot_VRoot_NStem
k_oku_ngcola	PossConc15_RelConc15_VRoot_VerbTerm	PUNC_PUNC_PUNC	PossConc15_RelConc15_VRoot_VerbTerm	NStem_NStem_NStem
,	Punc	PUNC	Punc	PUNC
e_zo_gesi	RelConc9_PossConc10_NPrePre1a_NStem	NStem_NStem_NStem	RelConc9_PossConc10_NPrePre1a_NStem	NStem_NStem_NStem
ka_nye	AdvPre_AdjStem	PUNC_PUNC	AdvPre_AdjStem	PUNC_PUNC
ne_zo_ku_thuth_w_a	AdvPre_NPrePre9_PossConc10_NPrePre15_BPre15_VRoot_PassExt_VerbTerm	VRoot_VRoot_VRoot_VRoot_VRoot_VRoot	AdvPre_NPrePre9_PossConc10_NPrePre15_BPre15_VRoot_PassExt_VerbTerm	VRoot_VRoot_VRoot_VRoot_VRoot_VRoot
ko_m_phakathi	PossConc15_NPrePre3_BPre3_NStem	NStem_NStem_NStem	PossConc15_NPrePre3_BPre3_NStem	NStem_NStem_NStem
.	Punc	PUNC	Punc	PUNC
A_ma_dolobha	NPrePre6_BPre6_NStem	NStem_NStem_NStem	NPrePre6_BPre6_NStem	NStem_NStem_NStem
a_ma_khulu	AdjPref6_AdjStem	NStem_NStem_NStem	AdjPref6_AdjStem	NStem_NStem_NStem
ku_mel_e	SC15_VRoot_VerbTerm	NStem_NStem_NStem	SC15_VRoot_VerbTerm	NStem_NStem_NStem
a_nikez_w_e	SC6_VRoot_PassExt_VerbTerm	NStem_NStem_NStem_NStem	SC6_VRoot_PassExt_VerbTerm	NStem_NStem_NStem_NStem
i_mali	NPrePre9_NStem	NStem_NStem	NPrePre9_NStem	PUNC_PUNC
na_ma_ndla	AdvPre_NPrePre6_BPre6_NStem	NStem_NStem_NStem	AdvPre_NPrePre6_BPre6_NStem	NStem_NStem_NStem
e_zo_m_busazwe	RelConc6_PossConc10_NPrePre3_BPre3_NStem	NStem_NStem_VRoot_VRoot	RelConc6_PossConc10_NPrePre3_BPre3_NStem	VRoot_VRoot_VRoot_VRoot
a_ma_ningi	AdjPref6_AdjStem	NStem_NStem_NStem	AdjPref6_AdjStem	NStem_NStem_NStem
u_ku_lawul_a	NPrePre15_BPre15_VRoot_VerbTerm	NStem_NStem_NStem_NStem	NPrePre15_BPre15_VRoot_VerbTerm	NStem_NStem_NStem_NStem
u_ku_thuthuk_is_w_a	NPrePre15_BPre15_VRoot_CausExt_PassExt_VerbTerm	NStem_NStem_NStem_NStem_NStem_NStem	NPrePre15_BPre15_VRoot_CausExt_PassExt_VerbTerm	VRoot_VRoot_VRoot_VRoot_VRoot_VRoot
k_oku_hlal_is_w_a	PossConc15_NPrePre15_BPre15_VRoot_CausExt_PassExt_VerbTerm	VRoot_VRoot_VRoot_VRoot_VRoot_VRoot	PossConc15_NPrePre15_BPre15_VRoot_CausExt_PassExt_VerbTerm	VRoot_VRoot_VRoot_VRoot_VRoot_VRoot
kwa_ba_ntu	PossConc15_NPrePre2_BPre2_NStem	NStem_NStem_NStem	PossConc15_NPrePre2_BPre2_NStem	NStem_NStem_NStem
,	Punc	PUNC	Punc	PUNC
e_zo_ku_thuth_a	RelConc9_PossConc10_NPrePre15_BPre15_VRoot_VerbTerm	VRoot_VRoot_VRoot_VRoot_VRoot	RelConc9_PossConc10_NPrePre15_BPre15_VRoot_VerbTerm	VRoot_VRoot_VRoot_VRoot_VRoot
no_ku_hlel_w_a	AdvPre_NPrePre15_BPre15_VRoot_PassExt_VerbTerm	VRoot_VRoot_VRoot_VRoot_VRoot	AdvPre_NPrePre15_BPre15_VRoot_PassExt_VerbTerm	VRoot_NStem_VRoot_NStem_VRoot
kwe_zin_dawo	PossConc15_NPrePre10_BPre10_NStem	NStem_NStem_NStem	PossConc15_NPrePre10_BPre10_NStem	NStem_NStem_NStem
.	Punc	PUNC	Punc	PUNC
Kw_ezi_nye	PossConc15_AdjPref10_AdjStem	NStem_NStem_NStem	PossConc15_AdjPref10_AdjStem	NStem_NStem_NStem
i_zin_dawo	NPrePre10_BPre10_NStem	NStem_NStem_NStem	NPrePre10_BPre10_NStem	NStem_NStem_NStem
,	Punc	PUNC	Punc	PUNC
i_mi_sebenzi	NPrePre4_BPre4_NStem	NStem_NStem_NStem	NPrePre4_BPre4_NStem	NStem_NStem_NStem
ye_zi_fund_a	PossConc4_NPrePre8_BPre8_NStem	NStem_NStem_NStem_NStem	PossConc4_NPrePre8_BPre8_NStem	NStem_NStem_NStem_NStem
i_nga_hlinzek_a	SC4_Pot_VRoot_NeutExt_VerbTerm	VRoot_VRoot_VRoot_VRoot	SC4_Pot_VRoot_NeutExt_VerbTerm	VRoot_VRoot_VRoot_VRoot
nge_mi_sebenzi	AdvPre_NPrePre4_BPre4_NStem	NStem_NStem_NStem	AdvPre_NPrePre4_BPre4_NStem	NStem_NStem_NStem
y_enz_el_e	SC4_VRoot_ApplExt_VerbTerm	NStem_NStem_NStem_NStem	SC4_VRoot_ApplExt_VerbTerm	NStem_NStem_NStem_NStem
o_masipala	NPrePre2a_NStem	NStem_NStem	NPrePre2a_NStem	NStem_NStem
aba_nge_na_zo	RelConc2_NegPre_AdvPre_PronStem10	NStem_NStem_NStem_NStem	RelConc2_NegPre_AdvPre_PronStem10	NStem_NStem_NStem_NStem
ka_hle	AdvPre_AdjStem	NStem_NStem	AdvPre_AdjStem	NStem_NStem
i_zin_sizakusebenz_a	NPrePre9_BPre9_NStem	VRoot_VRoot_VRoot_VRoot	NPrePre9_BPre9_NStem	VRoot_VRoot_VRoot_VRoot
,	Punc	PUNC	Punc	Conj
kodwa	Conj	Conj	Conj	PUNC
lokhu	Dem15_Pos1	PUNC	Dem15_Pos1	PUNC
ku_mel_e	SC15_VRoot_VerbTerm	NStem_NStem_NStem	SC15_VRoot_VerbTerm	NStem_NStem_NStem
ku_hol_w_e	SC15_VRoot_PassExt_VerbTerm	NStem_NStem_NStem_NStem	SC15_VRoot_PassExt_VerbTerm	NStem_NStem_NStem_NStem
o_masipala	NPrePre2a_NStem	NStem_NStem	NPrePre2a_NStem	NStem_NStem
u_ku_balek_el_a	NPrePre15_BPre15_VRoot_ApplExt_VerbTerm	VRoot_VRoot_VRoot_VRoot_VRoot	NPrePre15_BPre15_VRoot_ApplExt_VerbTerm	VRoot_VRoot_VRoot_VRoot_VRoot
u_ku_buk_el_a	NPrePre15_BPre15_VRoot_ApplExt_VerbTerm	NStem_NStem_NStem_NStem_NStem	NPrePre15_BPre15_VRoot_ApplExt_VerbTerm	NStem_NStem_NStem_VRoot_NStem
phansi	Adv	NStem	Adv	NStem
u_ku_leth_w_a	NPrePre15_BPre15_VRoot_PassExt_VerbTerm	VRoot_VRoot_VRoot_VRoot_VRoot	NPrePre15_BPre15_VRoot_PassExt_VerbTerm	VRoot_VRoot_VRoot_VRoot_VRoot
kwe_mi_sebenzi	PossConc15_NPrePre4_BPre4_NStem	NStem_NStem_NStem	PossConc15_NPrePre4_BPre4_NStem	NStem_NStem_NStem
ngo_ku_ka_hulumeni	AdvPre_NPrePre15_BPre15_PossConc1a_NStem	VRoot_VRoot_VRoot_VRoot	AdvPre_NPrePre15_BPre15_PossConc1a_NStem	VRoot_VRoot_VRoot_VRoot
we_n_tando	PossConc3_NPrePre9_NStem	NStem_NStem_NStem	PossConc3_NPrePre9_NStem	NStem_NStem_NStem
ye_ningi	PossConc9_NPrePre9_AdjStem	NStem_NStem	PossConc9_NPrePre9_AdjStem	NStem_NStem
.	Punc	PUNC	Punc	PUNC
Ngenxa	Conj	NStem	Conj	NStem
yo_ku_nga_bibikho	PossConc9_NPrePre15_BPre15_NegPre_AuxVStem_AuxVStem_Adv	NStem_NStem_NStem_NStem	PossConc9_NPrePre15_BPre15_NegPre_AuxVStem_AuxVStem_Adv	VRoot_VRoot_VRoot_VRoot
kwe_si_khathi	PossConc15_NPrePre7_BPre7_NStem	NStem_NStem_NStem	PossConc15_NPrePre7_BPre7_NStem	NStem_NStem_NStem
es_anel_e	RelConc9_SC7_VRoot_VerbTerm	NStem_NStem_NStem	RelConc9_SC7_VRoot_VerbTerm	NStem_NStem_NStem
aba_ntu	NPrePre2_BPre2_NStem	NStem_NStem	NPrePre2_BPre2_NStem	NStem_NStem
nga_ba_bili	AdvPre_AdjPref2_AdjStem	NStem_NStem_NStem	AdvPre_AdjPref2_AdjStem	NStem_NStem_NStem
ku_ng_enz_ek_a	SC15_Pot_VRoot_NeutExt_VerbTerm	VRoot_VRoot_VRoot_VRoot_VRoot	SC15_Pot_VRoot_NeutExt_VerbTerm	VRoot_NStem_VRoot_VRoot_VRoot
ba_nikez_w_e	SC2_VRoot_PassExt_VerbTerm	NStem_NStem_NStem_NStem	SC2_VRoot_PassExt_VerbTerm	NStem_NStem_NStem_NStem
i_si_gameko	NPrePre7_BPre7_NStem	NStem_NStem_NStem	NPrePre7_BPre7_NStem	NStem_NStem_NStem
esi_so_dwa	RelConc7_QuantConc7_QuantStem	NStem_NStem_NStem	RelConc7_QuantConc7_QuantStem	NStem_NStem_NStem
noma	Conj	PUNC	Conj	Conj
ezim_bili	AdjPref10_AdjStem	PUNC_PUNC	AdjPref10_AdjStem	NStem_NStem
aba_zo_zi_bhek_a	RelConc2_Fut_OC8_VRoot_VerbTerm	VRoot_VRoot_VRoot_VRoot_VRoot	RelConc2_Fut_OC8_VRoot_VerbTerm	VRoot_VRoot_VRoot_VRoot_VRoot
.	Punc	PUNC	Punc	PUNC
I_si_qinisekiso	NPrePre7_BPre7_NStem	VRoot_VRoot_VRoot	NPrePre7_BPre7_NStem	VRoot_VRoot_VRoot
se__ISO	PossConc7_NPrePre9_NStem	PUNC_PUNC	PossConc7_NPrePre9_NStem	PUNC_PUNC
:	Punc	Conj	Punc	Conj
si_phathelen_e	SC7_VRoot_ApplExt_RecipExt_VerbTerm	NStem_NStem_VRoot	SC7_VRoot_ApplExt_RecipExt_VerbTerm	NStem_NStem_NStem
no_ku_setshenz_is_w_a	AdvPre_NPrePre15_BPre15_VRoot_CausExt_PassExt_VerbTerm	VRoot_VRoot_VRoot_VRoot_VRoot_VRoot	AdvPre_NPrePre15_BPre15_VRoot_CausExt_PassExt_VerbTerm	NStem_NStem_NStem_NStem_VRoot_NStem
kwe_si_miso	PossConc15_NPrePre7_BPre7_NStem	NStem_NStem_NStem	PossConc15_NPrePre7_BPre7_NStem	NStem_NStem_NStem
es_amuk_el_w_e	RelConc7_VRoot_PassExt_VerbTerm	VRoot_VRoot_VRoot_VRoot_VRoot	RelConc7_VRoot_PassExt_VerbTerm	VRoot_VRoot_VRoot_VRoot_VRoot
ezi_nge_ni	LocPre_NStem_LocSuf	NStem_NStem_NStem	LocPre_NStem_LocSuf	NStem_NStem_NStem
lo_m_hlaba	PossConc11_NPrePre3_BPre3_NStem	NStem_NStem_NStem	PossConc11_NPrePre3_BPre3_NStem	NStem_NStem_NStem
so_ku_phath_a	PossConc7_NPrePre15_BPre15_VRoot_VerbTerm	NStem_NStem_NStem_VRoot	PossConc7_NPrePre15_BPre15_VRoot_VerbTerm	VRoot_VRoot_VRoot_NStem
oku_s_e_zinge_ni	RelConc15_PreLoc-s_LocPre_NStem_LocSuf	VRoot_VRoot_VRoot_VRoot_VRoot	RelConc15_PreLoc-s_LocPre_NStem_LocSuf	VRoot_VRoot_VRoot_VRoot_VRoot
eli_hle	AdjPref5_AdjStem	NStem_NStem	AdjPref5_AdjStem	NStem_NStem
,	Punc	PUNC	Punc	PUNC
u_ku_zi_hlol_a	NPrePre15_BPre15_ReflPre_VRoot_VerbTerm	VRoot_VRoot_VRoot_VRoot_NStem	NPrePre15_BPre15_ReflPre_VRoot_VerbTerm	VRoot_VRoot_VRoot_VRoot_VRoot
ka_nye	AdvPre_AdjStem	PUNC_PUNC	AdvPre_AdjStem	PUNC_PUNC
no_ku_b_a	AdvPre_NPrePre15_BPre15_VRoot_VerbTerm	NStem_NStem_NStem_NStem	AdvPre_NPrePre15_BPre15_VRoot_VerbTerm	NStem_NStem_NStem_NStem
u_m_hloli	NPrePre1_BPre1_NStem	NStem_NStem_NStem	NPrePre1_BPre1_NStem	NStem_NStem_NStem
wa_nga_phandle	SC3_AdvPre_Adv	NStem_NStem_NStem	SC3_AdvPre_Adv	NStem_NStem_NStem
kwe_bhizinisi	PossConc15_NPrePre5_BPre5_NStem	NStem_NStem	PossConc15_NPrePre5_BPre5_NStem	NStem_NStem
a_hlol_e	SC1_VRoot_VerbTerm	NStem_NStem_NStem	SC1_VRoot_VerbTerm	NStem_NStem_NStem
u_menzi	NPrePre1_BPre1_NStem	NStem_NStem	NPrePre1_BPre1_NStem	NStem_NStem
wo_m_khiqizo	PossConc1_NPrePre3_BPre3_NStem	PUNC_PUNC_PUNC	PossConc1_NPrePre3_BPre3_NStem	NStem_NStem_NStem
.	Punc	PUNC	Punc	PUNC
I_mi_thombo	NPrePre4_BPre4_NStem	NStem_NStem_NStem	NPrePre4_BPre4_NStem	NStem_NStem_NStem
ya_nga_phandle	PossConc9_Pot_Adv	NStem_NStem_NStem	PossConc9_Pot_Adv	NStem_NStem_NStem
:	Punc	Conj	Punc	PUNC
Le	Dem4_Pos1	Conj	Dem4_Pos1	Conj
mi_thombo	BPre4_NStem	NStem_NStem	BPre4_NStem	NStem_NStem
y_enz_iw_a	SC9_VRoot_PassExt_VerbTerm	VRoot_VRoot_VRoot_VRoot	SC9_VRoot_PassExt_VerbTerm	VRoot_VRoot_VRoot_VRoot
nga_phandle	AdvPre_Adv	NStem_NStem	AdvPre_Adv	NStem_NStem
ku_ka_masipala	BPre15_PossKA_NStem	NStem_NStem_NStem	BPre15_PossKA_NStem	NStem_NStem_NStem
njenge_malimboleko	NPre9_NStem	NStem_NStem	NPre9_NStem	NStem_NStem
e_thol_w_a	RelConc9_VRoot_PassExt_VerbTerm	NStem_NStem_NStem_NStem	RelConc9_VRoot_PassExt_VerbTerm	NStem_NStem_NStem_NStem
ezi_khungw_ini	RelConc8_NStem_LocSuf	NStem_NStem_NStem	RelConc8_NStem_LocSuf	NStem_NStem_NStem
zo_hwebo	PossConc10_NStem	NStem_NStem	PossConc10_NStem	NStem_NStem
.	Punc	PUNC	Punc	PUNC
U_ku_lawul_w_a	NPrePre15_BPre15_VRoot_PassExt_VerbTerm	VRoot_VRoot_VRoot_VRoot_VRoot	NPrePre15_BPre15_VRoot_PassExt_VerbTerm	NStem_NStem_NStem_NStem_NStem
kwe_si_khathi	PossConc15_NPrePre7_BPre7_NStem	NStem_NStem_NStem	PossConc15_NPrePre7_BPre7_NStem	NStem_NStem_NStem
:	Punc	Conj	Punc	Conj
U_ku_qaphel_a	NPrePre15_BPre15_VRoot_ApplExt_VerbTerm	VRoot_VRoot_VRoot_VRoot	NPrePre15_BPre15_VRoot_ApplExt_VerbTerm	VRoot_VRoot_VRoot_VRoot
i_n_qubekelaphambili	NPrePre9_BPre9_NStem	VRoot_VRoot_VRoot	NPrePre9_BPre9_NStem	VRoot_VRoot_VRoot
ye_phrojekthi	PossConc9_NPrePre5_NStem	NStem_NStem	PossConc9_NPrePre5_NStem	NStem_NStem
ka_nye	AdvPre_AdjStem	PUNC_PUNC	AdvPre_AdjStem	PUNC_PUNC
no_ku_hlangan_a	AdvPre_NPrePre15_BPre15_VRoot_VerbTerm	NStem_NStem_NStem_NStem	AdvPre_NPrePre15_BPre15_VRoot_VerbTerm	NStem_NStem_NStem_NStem
njalo	Adv	Conj	Adv	PUNC
na_ba_bamb_e	AdvPre_RelConc2_VRoot_VerbTerm	NStem_NStem_NStem_NStem	AdvPre_RelConc2_VRoot_VerbTerm	NStem_NStem_NStem_NStem
i_qhaz_a	NPrePre5_BPre5_NStem	NStem_NStem_NStem	NPrePre5_BPre5_NStem	NStem_NStem_NStem
na_ma_lunga	AdvPre_NPrePre6_BPre6_NStem	NStem_NStem_NStem	AdvPre_NPrePre6_BPre6_NStem	NStem_NStem_NStem
e_thimba	RelConc9_NPrePre5_BPre5_NStem	NStem_NStem	RelConc9_NPrePre5_BPre5_NStem	NStem_NStem
le_phrojekthi	PossConc5_NPrePre5_NStem	NStem_NStem	PossConc5_NPrePre5_NStem	NStem_NStem
u_ku_lingan_is_a	NPrePre15_BPre15_VRoot_CausExt_VerbTerm	VRoot_VRoot_VRoot_VRoot_VRoot	NPrePre15_BPre15_VRoot_CausExt_VerbTerm	VRoot_VRoot_VRoot_VRoot_VRoot
no_ku_bhek_a	AdvPre_BPre15_VRoot_VerbTerm	NStem_NStem_NStem_NStem	AdvPre_BPre15_VRoot_VerbTerm	NStem_VRoot_NStem_NStem
a_ma_phuzu	NPrePre6_BPre6_NStem	NStem_NStem_NStem	NPrePre6_BPre6_NStem	NStem_NStem_NStem
a_hamb_is_an_a	SC6_VRoot_CausExt_RecipExt_VerbTerm	VRoot_VRoot_VRoot_VRoot_VRoot	SC6_VRoot_CausExt_RecipExt_VerbTerm	VRoot_VRoot_VRoot_VRoot_VRoot
ne_si_khathi	AdvPre_NPrePre7_BPre7_NStem	NStem_NStem_NStem	AdvPre_NPrePre7_BPre7_NStem	NStem_NStem_NStem
.	Punc	PUNC	Punc	PUNC
A_ma_phuzu	NPrePre6_BPre6_NStem	NStem_NStem_NStem	NPrePre6_BPre6_NStem	NStem_NStem_NStem
a_ma_ningi	AdjPref6_AdjStem	NStem_NStem_NStem	AdjPref6_AdjStem	NStem_NStem_NStem
a_nga_bangel_a	SC6_Pot_VRoot_ApplExt_VerbTerm	NStem_NStem_NStem_NStem	SC6_Pot_VRoot_ApplExt_VerbTerm	NStem_NStem_NStem_NStem
u_kuth_i	NPrePre15_BPre15_VRoot_VerbTerm	NStem_NStem_NStem	NPrePre15_BPre15_VRoot_VerbTerm	NStem_NStem_NStem
ku_guquk_e	SC15_VRoot_VerbTerm	NStem_NStem_NStem	SC15_VRoot_VerbTerm	NStem_NStem_NStem
i_si_khathi	NPrePre7_BPre7_NStem	NStem_NStem_NStem	NPrePre7_BPre7_NStem	NStem_NStem_NStem
esi_bek_el_w_e	RelConc7_VRoot_ApplExt_PassExt_VerbTerm	NStem_NStem_NStem_NStem_NStem	RelConc7_VRoot_ApplExt_PassExt_VerbTerm	NStem_NStem_NStem_NStem_NStem
i_phrojekthi	NPrePre5_NStem	NStem_NStem	NPrePre5_NStem	NStem_NStem
.	Punc	PUNC	Punc	PUNC
Oku_ng_enz_iw_a	RelConc15_Pot_VRoot_ApplExt_VerbTerm	VRoot_VRoot_VRoot_VRoot_VRoot	RelConc15_Pot_VRoot_ApplExt_VerbTerm	VRoot_VRoot_VRoot_VRoot_VRoot
u_ma	Conj	PUNC_PUNC	Conj	PUNC_PUNC
u_ma	Conj	PUNC_PUNC	Conj	PUNC_PUNC
ku_nga_phumeleli	SC15_NegPre_VRoot_VerbTerm	NStem_NStem_NStem	SC15_NegPre_VRoot_VerbTerm	VRoot_VRoot_VRoot
ku_mel_e	SC15_VRoot_VerbTerm	NStem_NStem_NStem	SC15_VRoot_VerbTerm	NStem_NStem_NStem
ku_fak_w_e	SC15_VRoot_PassExt_VerbTerm	NStem_NStem_NStem_NStem	SC15_VRoot_PassExt_VerbTerm	NStem_NStem_NStem_NStem
kw_i_shedul_a	AdvPre_NPrePre5_NStem	NStem_NStem_NStem_NStem	AdvPre_NPrePre5_NStem	NStem_NStem_NStem_NStem
yo_ku_qal_a	PossConc9_NPrePre15_BPre15_VRoot_VerbTerm	NStem_NStem_NStem_NStem	PossConc9_NPrePre15_BPre15_VRoot_VerbTerm	NStem_NStem_NStem_NStem
futh_i	Conj	NStem_NStem	Conj	NStem_NStem
i_n_qubekelaphambili	NPrePre9_BPre9_NStem	VRoot_VRoot_NStem	NPrePre9_BPre9_NStem	VRoot_VRoot_VRoot
ku_mel_e	SC15_VRoot_VerbTerm	NStem_NStem_NStem	SC15_VRoot_VerbTerm	NStem_NStem_NStem
ya_z_is_w_e	SC10_VRoot_CausExt_PassExt_VerbTerm	NStem_NStem_NStem_NStem_NStem	SC10_VRoot_CausExt_PassExt_VerbTerm	VRoot_VRoot_VRoot_NStem_NStem
bo_nke	QuantConc2_QuantStem	NStem_NStem	QuantConc2_QuantStem	NStem_NStem
aba_bamb_e	RelConc2_VRoot_VerbTerm	NStem_NStem_NStem	RelConc2_VRoot_VerbTerm	NStem_NStem_NStem
i_qhaz_a	NPrePre5_BPre5_NStem	NStem_NStem_NStem	NPrePre5_BPre5_NStem	NStem_NStem_NStem
.	Punc	PUNC	Punc	PUNC
I_zinga	NPrePre5_BPre5_NStem	NStem_NStem	NPrePre5_BPre5_NStem	NStem_NStem
le_m_fundo	PossConc5_NPrePre9_BPre9_NStem	NStem_NStem_NStem	PossConc5_NPrePre9_BPre9_NStem	NStem_NStem_NStem
le_ningi	PossConc5_NPrePre9_BPre9_NStem	NStem_NStem	PossConc5_NPrePre9_BPre9_NStem	NStem_NStem
le_zi_ngane	PossConc5_NPrePre10_BPre10_NStem	NStem_NStem_NStem	PossConc5_NPrePre10_BPre10_NStem	NStem_NStem_NStem
za_ba_ntu	PossConc10_NPrePre2_BPre2_NStem	NStem_NStem_NStem	PossConc10_NPrePre2_BPre2_NStem	NStem_NStem_NStem
aba_mnyama	RelConc2_RelStem	NStem_NStem	RelConc2_RelStem	NStem_NStem
li_phansi	SC5_Adv	NStem_NStem	SC5_Adv	NStem_NStem
.	Punc	PUNC	Punc	PUNC
Lokhu	Dem15_Pos1	PUNC	Dem15_Pos1	PUNC
ku_ncisha	LocPre_NStem	NStem_NStem	LocPre_NStem	NStem_NStem
i_ningi	NPrePre9_BPre9_NStem	NStem_NStem	NPrePre9_BPre9_NStem	NStem_NStem
la_ba_fundi	PossConc5_NPrePre2_BPre2_NStem	NStem_NStem_NStem	PossConc5_NPrePre2_BPre2_NStem	NStem_NStem_NStem
a_ma_thuba	NPrePre6_BPre6_NStem	NStem_NStem_NStem	NPrePre6_BPre6_NStem	NStem_NStem_NStem
oku_thol_a	RelConc15_VRoot_VerbTerm	NStem_NStem_NStem	RelConc15_VRoot_VerbTerm	NStem_NStem_NStem
i_mi_sebenzi	NPrePre4_BPre4_Intrans_VerbTerm	NStem_NStem_NStem	NPrePre4_BPre4_Intrans_VerbTerm	NStem_NStem_NStem
.	Punc	PUNC	Punc	Conj
Ku_phind_e	LocPre_NStem	NStem_NStem_NStem	LocPre_NStem	NStem_NStem_NStem
ku_nciphis_e	SC15_VRoot_CausExt_VerbTerm	VRoot_NStem_VRoot	SC15_VRoot_CausExt_VerbTerm	VRoot_VRoot_VRoot
a_ma_ndla	NPrePre6_BPre6_NStem	NStem_NStem_NStem	NPrePre6_BPre6_NStem	NStem_NStem_NStem
oku_hol_a	RelConc15_VRoot_VerbTerm	NStem_NStem_NStem	RelConc15_VRoot_VerbTerm	NStem_NStem_NStem
no_ku_khul_a	AdvPre_NPrePre15_BPre15_VRoot_VerbTerm	NStem_NStem_NStem_NStem	AdvPre_NPrePre15_BPre15_VRoot_VerbTerm	NStem_NStem_VRoot_NStem
ngo_ko_m_sebenzi	AdvPre_PossConc15_BPre3_NStem	NStem_NStem_NStem_NStem	AdvPre_PossConc15_BPre3_NStem	NStem_NStem_NStem_NStem
ku_labo	LocPre_Dem2_Pos3	PUNC_PUNC	LocPre_Dem2_Pos3	PUNC_PUNC
aba_thol_a	RelConc2_VRoot_VerbTerm	NStem_NStem_NStem	RelConc2_VRoot_VerbTerm	NStem_NStem_NStem
i_mi_sebenzi	NPrePre4_BPre4_Intrans_VerbTerm	NStem_NStem_NStem	NPrePre4_BPre4_Intrans_VerbTerm	NStem_NStem_NStem
_	Punc		Punc	
futh_i	Conj	NStem_NStem	Conj	NStem_NStem
ku_nciph_is_a	SC15_VRoot_CausExt_VerbTerm	VRoot_VRoot_VRoot_VRoot	SC15_VRoot_CausExt_VerbTerm	VRoot_VRoot_VRoot_VRoot
a_ma_ndla	NPrePre6_BPre6_NStem	NStem_NStem_NStem	NPrePre6_BPre6_NStem	NStem_NStem_NStem
oku_guquk_a	RelConc15_Intrans_VerbTerm	NStem_NStem_NStem	RelConc15_Intrans_VerbTerm	NStem_NStem_NStem
kwa_ma_bhizinisi	PossConc15_NPrePre6_BPre6_NStem	NStem_NStem_NStem	PossConc15_NPrePre6_BPre6_NStem	NStem_NStem_NStem
a_s_e_Ningizimu	PossConc6_PreLoc-s_LocPre_ProperName	VRoot_VRoot_VRoot_VRoot	PossConc6_PreLoc-s_LocPre_ProperName	VRoot_VRoot_VRoot_VRoot
Afrika	ProperName	Conj	ProperName	PUNC
.	Punc	PUNC	Punc	NStem
I_shedul_a	NPrePre9_ProperName	NStem_NStem_NStem	NPrePre9_ProperName	NStem_NStem_NStem
le_zin_sizakusebenz_a	PossConc5_BPre5_NStem	VRoot_VRoot_VRoot_VRoot	PossConc5_BPre5_NStem	VRoot_VRoot_VRoot_VRoot
li_yo_qukath_a	SC5_Fut_VRoot_VerbTerm	VRoot_VRoot_VRoot_VRoot	SC5_Fut_VRoot_VerbTerm	VRoot_VRoot_VRoot_VRoot
i_mi_sebenzi	NPrePre4_BPre4_NStem	NStem_NStem_NStem	NPrePre4_BPre4_NStem	NStem_NStem_NStem
e_ya_fak_w_a	RelConc9_Pres_VRoot_PassExt_VerbTerm	VRoot_VRoot_VRoot_VRoot_VRoot	RelConc9_Pres_VRoot_PassExt_VerbTerm	VRoot_VRoot_VRoot_VRoot_VRoot
kw_i_shedul_a	LocPre_NPrePre5_NStem	NStem_NStem_NStem_NStem	LocPre_NPrePre5_NStem	NStem_NStem_NStem_NStem
yo_m_sebenzi	PossConc4_NPrePre3_BPre3_NStem	NStem_NStem_NStem	PossConc4_NPrePre3_BPre3_NStem	NStem_NStem_NStem
,	Punc	PUNC	Punc	PUNC
lokhu	Dem15_Pos1	PUNC	Dem15_Pos1	PUNC
ku_mel_e	SC15_VRoot_VerbTerm	AdjStem_NStem_NStem	SC15_VRoot_VerbTerm	NStem_NStem_NStem
ku_phind_e	SC15_VRoot_VerbTerm	NStem_NStem_NStem	SC15_VRoot_VerbTerm	NStem_NStem_NStem
ku_bhal_w_e	SC15_VRoot_PassExt_VerbTerm	NStem_NStem_NStem_NStem	SC15_VRoot_PassExt_VerbTerm	NStem_NStem_NStem_NStem
ko_nke	QuantConc15_QuantStem	NStem_NStem	QuantConc15_QuantStem	NStem_NStem
na_zo	AdvPre_PronStem8	PUNC_PUNC	AdvPre_PronStem8	PUNC_PUNC
zo_nke	QuantConc10_QuantStem	NStem_NStem	QuantConc10_QuantStem	NStem_NStem
i_zi_dingo	NPrePre8_BPre8_NStem	NStem_NStem_NStem	NPrePre8_BPre8_NStem	NStem_NStem_NStem
ka_nye	AdvPre_AdjStem	PUNC_PUNC	AdvPre_AdjStem	PUNC_PUNC
ne_zin_dleko	NPre10_NPrePre10_BPre10_NStem	NStem_NStem_NStem	NPre10_NPrePre10_BPre10_NStem	NStem_NStem_NStem
u_ku_qinis_ek_is_a	NPrePre15_BPre15_VRoot_CausExt_VerbTerm	VRoot_VRoot_VRoot_VRoot_VRoot_VRoot	NPrePre15_BPre15_VRoot_CausExt_VerbTerm	VRoot_VRoot_VRoot_VRoot_VRoot_VRoot
i_m_pumelelo	NPrePre9_BPre9_NStem	NStem_NStem_NStem	NPrePre9_BPre9_NStem	NStem_NStem_NStem
ya_kho	PossConc4_PronStem15	PUNC_PUNC	PossConc4_PronStem15	PUNC_PUNC
.	Punc	PUNC	Punc	PUNC
