morphemes	target_surface_gold	prediction_surface_gold	target_surface_pred	prediction_surface_pred
Ku_kho	CopPre_Adv	PUNC_PUNC	CopPre_Adv	LocPre_PronStem2
i_in_tlobo	NPrePre10_BPre10_NStem	NStem_NStem_NStem	NPrePre10_BPre10_NStem	NPrePre9_BPre9_NStem
ezi_ninzi	AdjPref8_AdjStem	NStem_NStem	AdjPref8_AdjStem	AdjPref10_AdjStem
zo_lawulo	PossConc10_NPrePre11_BPre11_NStem	NStem_NStem	PossConc10_NPrePre11_BPre11_NStem	BPre2a_NStem
lwe_e_projekthi	PossConc11_NPrePre10_BPre10_NStem	NStem_NStem_VRoot	PossConc11_NPrePre10_BPre10_NStem	PossConc11_LocPre_NStem
ezi_setyenz_is_w_a_yo	RelConc10_VRoot_CausExt_PassExt_VerbTerm_RelSuf	VRoot_VRoot_VRoot_VRoot_VRoot_VRoot	RelConc10_VRoot_CausExt_PassExt_VerbTerm_RelSuf	RelConc10_VRoot_CausExt_PassExt_VerbTerm_RelSuf
kw_i_candelo	LocPre_NPrePre5_BPre5_NStem	NStem_NStem_NStem	LocPre_NPrePre5_BPre5_NStem	PossConc15_NPrePre4_NStem
lo_phuhliso	PossConc5_NPrePre11_BPre11_NStem	NStem_NStem	PossConc5_NPrePre11_BPre11_NStem	RelConc3_NStem
.	Punc	PUNC	Punc	PUNC
Ezi	Dem10_Pos1	PUNC	Dem10_Pos1	CDEM07
n_tlobo	BPre9_NStem	NStem_NStem	BPre9_NStem	BPre9_NStem
ke	Conj	PUNC	Conj	Adv
zi_kholis_a	SC10_VRoot_VerbTerm	NStem_NStem_NStem	SC10_VRoot_VerbTerm	SC2_VRoot_VerbTerm
u_kw_ahluk_a	NPrePre15_SC15_Intrans_VerbTerm	NStem_NStem_NStem_NStem	NPrePre15_SC15_Intrans_VerbTerm	SC2ps_OC15_VRoot_VerbTerm
kw_ezo	PossConc15_Dem10_Pos2	NStem_NStem	PossConc15_Dem10_Pos2	PossConc15_NStem
zi_setyenz_is_w_a	SC10_VRoot_CausExt_PassExt_VerbTerm	VRoot_VRoot_VRoot_VRoot_VRoot	SC10_VRoot_CausExt_PassExt_VerbTerm	SC7_VRoot_CausExt_PassExt_VerbTerm
ku_ma_candelo	LocPre_NPrePre6_BPre6_NStem	NStem_NStem_NStem	LocPre_NPrePre6_BPre6_NStem	LocPre_BPre6_NStem
o_shishino	PossConc6_NStem	NStem_NStem	PossConc6_NStem	LocPre_NStem
.	Punc	PUNC	Punc	PUNC
Ng_okwa_lapha	AdvPre_AdvPre_Adv	NStem_NStem_NStem	AdvPre_AdvPre_Adv	AdvPre_NeutExt_NStem
e_Mzantsi	LocPre_ProperName	NStem_NStem	LocPre_ProperName	LocPre_ProperName
Afrika	ProperName	PUNC	ProperName	ProperName
a_ku_kho	NegPre_CopPre_Adv	NStem_NStem_NStem	NegPre_CopPre_Adv	NegPre_OC15_PronStem17
si_khokelo	BPre7_NStem	NStem_NStem	BPre7_NStem	BPre7_NStem
sa_kwa_rhulumente	PossConc7_LocPre_NStem	NStem_NStem_NStem	PossConc7_LocPre_NStem	PossConc7_BPre15_NStem
si_lungisel_el_w_e	SC7_VRoot_ApplExt_ApplExt_PassExt_VerbTerm	VRoot_VRoot_VRoot_NStem_VRoot	SC7_VRoot_ApplExt_ApplExt_PassExt_VerbTerm	SC7_VRoot_ApplExt_PassExt_VerbTerm
u_kuba	Conj	PUNC_PUNC	Conj	NPrePre1a_NStem
si_setyenz_is_w_e	SC7_VRoot_CausExt_PassExt_VerbTerm	VRoot_VRoot_VRoot_VRoot_VRoot	SC7_VRoot_CausExt_PassExt_VerbTerm	SC7_VRoot_CausExt_PassExt_VerbTerm
ng_oku_fan_a_yo	AdvPre_RelConc15_VRoot_VerbTerm_RelSuf	VRoot_NStem_NStem_NStem_NStem	AdvPre_RelConc15_VRoot_VerbTerm_RelSuf	CopPre_RelConc15_VRoot_VerbTerm_RelSuf
kw_eli	LocPre_Dem5_Pos1	PUNC_PUNC	LocPre_Dem5_Pos1	PossConc15_NStem
candelo	NStem	PUNC	NStem	NStem
;	Punc	PUNC	Punc	PUNC
i_n_to	NPrePre9_BPre9_NStem	NStem_NStem_NStem	NPrePre9_BPre9_NStem	NPrePre9_BPre9_NStem
ke	Conj	PUNC	Conj	Adv
leyo	Dem9_Pos2	PUNC	Dem9_Pos2	CDEM04
e_theth_a	RelConc9_VRoot_VerbTerm	NStem_NStem_NStem	RelConc9_VRoot_VerbTerm	SC6_VRoot_VerbTerm
u_kuba	Conj	PUNC_PUNC	Conj	NPrePre1a_NStem
u_ya	SC2ps_Fut	PUNC_PUNC	SC2ps_Fut	NPrePre1a_NStem
ku_hlal_a	SC15_VRoot_VerbTerm	NStem_NStem_NStem	SC15_VRoot_VerbTerm	BPre15_VRoot_VerbTerm
u_ba_khona	CopPre_CopPre_Adv	NStem_NStem_NStem	CopPre_CopPre_Adv	NPrePre1a_BPre2_Adv
u_mahluko	NPrePre1a_NStem	NStem_NStem	NPrePre1a_NStem	NPrePre1a_NStem
kw_i_zi_khokelo	LocPre_NPrePre8_BPre8_NStem	VRoot_VRoot_VRoot_VRoot	LocPre_NPrePre8_BPre8_NStem	PossConc15_NPrePre4_BPre7_NStem
ezi_setyenz_is_w_a	RelConc8_VRoot_CausExt_PassExt_VerbTerm	VRoot_VRoot_VRoot_VRoot_VRoot	RelConc8_VRoot_CausExt_PassExt_VerbTerm	SC7_VRoot_CausExt_PassExt_VerbTerm
nga_ma_sebe	AdvPre_NPrePre6_BPre6_NStem	NStem_NStem_NStem	AdvPre_NPrePre6_BPre6_NStem	AdvPre_BPre6_NStem
nga_ma_sebe	AdvPre_NPrePre6_BPre6_NStem	NStem_NStem_NStem	AdvPre_NPrePre6_BPre6_NStem	AdvPre_BPre6_NStem
nga_ma_sebe	AdvPre_NPrePre6_BPre6_NStem	PUNC_PUNC_PUNC	AdvPre_NPrePre6_BPre6_NStem	AdvPre_BPre6_NStem
ka_rhulumente	PossKA_NPrePre1a_NStem	NStem_NStem	PossKA_NPrePre1a_NStem	AdvPre_NStem
.	Punc	PUNC	Punc	PUNC
A_ma_lungu	NPrePre6_BPre6_NStem	NStem_NStem_NStem	NPrePre6_BPre6_NStem	PossConc6_BPre6_NStem
e_e_komiti	PossConc6_NPrePre10_BPre10_NStem	NStem_NStem_NStem	PossConc6_NPrePre10_BPre10_NStem	PossConc6_LocPre_NStem
ze_e_wadi	PossConc10_NPrePre10_BPre10_NStem	NStem_NStem_NStem	PossConc10_NPrePre10_BPre10_NStem	AdvPre_LocPre_NStem
ku_funek_a	SC15_VRoot_VerbTerm	NStem_NStem_NStem	SC15_VRoot_VerbTerm	BPre15_VRoot_VerbTerm
a_be	CopPre_Cop	PUNC_PUNC	CopPre_Cop	SC1_AuxVStem
no_lw_az_i	AdvPre_NPrePre11_BPre11_NStem	NStem_NStem_NStem_NStem	AdvPre_NPrePre11_BPre11_NStem	AdvPre_BPre11_VRoot_VerbTerm
nge_Project	AdvPre_NPrePre9_Foreign	PUNC_PUNC	AdvPre_NPrePre9_Foreign	AdvPre_Foreign
Cycle	Foreign	NStem	Foreign	Foreign
Management	Foreign	PUNC	Foreign	Foreign
(	Punc	PUNC	Punc	PUNC
PC_M	Abbr	PUNC_PUNC	Abbr	Abbr_BPre3
)	Punc	PUNC	Punc	PUNC
,	Punc	PUNC	Punc	PUNC
u_Lawulo	NPrePre11_NStem	NStem_NStem	NPrePre11_NStem	NPrePre1a_NStem
lo_M_jikelo	PossConc11_NPrePre3_BPre3_NStem	NStem_VRoot_NStem	PossConc11_NPrePre3_BPre3_NStem	RelConc3_BPre3_NStem
we_Projekthi	PossConc3_NPrePre9_NStem	NStem_NStem	PossConc3_NPrePre9_NStem	PossConc3_NStem
,	Punc	PUNC	Punc	PUNC
njeng_oko	AdvPre_Dem15_Pos2	NStem_NStem	AdvPre_Dem15_Pos2	AdvPre_NStem
i_s_e_so_na	NPrePre9_SC7_PronStem7_PronSuf	NStem_NStem_NStem_NStem_NStem	NPrePre9_SC7_PronStem7_PronSuf	SC9_PreLocs_LocPre_PronStem7_DimSuf
si_khokelo	BPre7_NStem	NStem_NStem	BPre7_NStem	BPre7_NStem
si_kholis_e	SC7_VRoot_VerbTerm	NStem_NStem_NStem	SC7_VRoot_VerbTerm	SC1pp_VRoot_VerbTerm
ka_khulu	AdvPre_AdjStem	NStem_NStem	AdvPre_AdjStem	AdvPre_AdjStem
u_ku_setyenz_is_w_a	NPrePre15_SC15_VRoot_CausExt_PassExt_VerbTerm	VRoot_VRoot_VRoot_VRoot_VRoot_VRoot	NPrePre15_SC15_VRoot_CausExt_PassExt_VerbTerm	SC3_OC15_VRoot_CausExt_PassExt_VerbTerm
.	Punc	PUNC	Punc	PUNC
I_zi_gaba	NPrePre8_BPre8_NStem	NStem_NStem_NStem	NPrePre8_BPre8_NStem	NPrePre4_BPre7_NStem
nge_zi_gaba	AdvPre_NPrePre8_BPre8_NStem	NStem_NStem_NStem	AdvPre_NPrePre8_BPre8_NStem	AdvPre_BPre7_NStem
zo_m_jikelo	PossConc8_NPrePre3_BPre3_NStem	NStem_NStem_NStem	PossConc8_NPrePre3_BPre3_NStem	NPre2a_BPre3_NStem
we_projekthi	PossConc3_NPrePre9_NStem	NStem_NStem	PossConc3_NPrePre9_NStem	PossConc3_NStem
zi_se_no_kw_ahluk_a	SC10_Pro_AdvPre_VRoot_VerbTerm	VRoot_VRoot_VRoot_VRoot_VRoot_VRoot	SC10_Pro_AdvPre_VRoot_VerbTerm	SC7_Pro_Fut_BPre15_VRoot_VerbTerm
nge_n_dlel_a	AdvPre_NPrePre9_BPre9_NStem	VRoot_NStem_VRoot_NStem	AdvPre_NPrePre9_BPre9_NStem	AdvPre_BPre9_VRoot_VerbTerm
ez_ahlul_a__hlul_w_a	RelConc10_VRoot_VerbTerm_VRoot_PassExt_VerbTerm	VRoot_VRoot_VRoot_VRoot_VRoot_VRoot	RelConc10_VRoot_VerbTerm_VRoot_PassExt_VerbTerm	AdvPre_VRoot_VerbTerm_VRoot_PassExt_VerbTerm
nga_yo	AdvPre_PronStem9	PUNC_PUNC	AdvPre_PronStem9	AdvPre_PronStem9
na_ng_a_ma_gama	AdvPre_CopPre_NPrePre6_BPre6_NStem	NStem_NStem_VRoot_VRoot_NStem	AdvPre_CopPre_NPrePre6_BPre6_NStem	AdvPre_CopPre_NPrePre6_BPre6_NStem
a_zo	PossConc6_PronStem10	PUNC_PUNC	PossConc6_PronStem10	PossConc6_PronStem6
,	Punc	PUNC	Punc	PUNC
ng_okwa_ba_niki	AdvPre_AdvPre_BPre2_NStem	NStem_VRoot_VRoot_VRoot	AdvPre_AdvPre_BPre2_NStem	AdvPre_RelConc15_BPre2_NStem
be_n_kxaso__mali	PossConc2_NPrePre9_BPre9_NStem_NStem	NStem_NStem_NStem_NStem	PossConc2_NPrePre9_BPre9_NStem_NStem	PossConc2_BPre9_NStem_NStem
okanye	Conj	PUNC	Conj	Adv
ng_okw_a_ma_sebe	AdvPre_AdvPre_BPre6_NStem	VRoot_VRoot_VRoot_NStem_VRoot	AdvPre_AdvPre_BPre6_NStem	AdvPre_RelConc15_NPrePre6_BPre6_NStem
ka_rhulumente	PossKA_NPrePre1a_NStem	NStem_NStem	PossKA_NPrePre1a_NStem	AdvPre_NStem
.	Punc	NStem	Punc	PUNC
I_ngaba	SC9_Interrog	NStem_NStem	SC9_Interrog	BPre4_NStem
a_ma_khosikazi	NPrePre6_BPre6_NStem	NStem_NStem_NStem	NPrePre6_BPre6_NStem	NPrePre6_BPre6_NStem
a_jong_an_a	SC6_VRoot_RecipExt_VerbTerm	NStem_NStem_NStem_NStem	SC6_VRoot_RecipExt_VerbTerm	SC6_VRoot_RecipExt_VerbTerm
na_yo	AdvPre_PronStem4	PUNC_PUNC	AdvPre_PronStem4	AdvPre_PronStem9
na_yi_phi	AdvPre_EnumConc9_EnumStem	NStem_NStem_NStem	AdvPre_EnumConc9_EnumStem	AdvPre_CopPre_EnumStem
na	Interrog	Conj	Interrog	AdvPre
i_mi_qobo	NPrePre4_BPre4_NStem	NStem_NStem_NStem	NPrePre4_BPre4_NStem	NPrePre4_BPre4_NStem
okanye	Conj	PUNC	Conj	Conj
i_zi_thintelo	NPrePre8_BPre8_NStem	NStem_NStem_NStem	NPrePre8_BPre8_NStem	NPrePre4_BPre7_NStem
e_ku_thath_e_ni	LocPre_NPrePre15_BPre15_VRoot_VerbTerm_LocSuf	VRoot_VRoot_VRoot_VRoot_VRoot	LocPre_NPrePre15_BPre15_VRoot_VerbTerm_LocSuf	LocPre_OC15_VRoot_VerbTerm_LocSuf
i_n_xaxheba	NPrePre9_BPre9_NStem	NStem_VRoot_NStem	NPrePre9_BPre9_NStem	NPrePre9_BPre9_NStem
kw_i_mi_sebenzi	LocPre_NPrePre4_BPre4_NStem	NStem_VRoot_VRoot_VRoot	LocPre_NPrePre4_BPre4_NStem	PossConc15_NPrePre4_BPre4_NStem
ye_n_kqubo	PossConc4_NPrePre9_BPre9_NStem	NStem_NStem_NStem	PossConc4_NPrePre9_BPre9_NStem	PossConc9_BPre9_NStem
?	Punc	PUNC	Punc	PUNC
A_ma_doda	NPrePre6_BPre6_NStem	PUNC_PUNC_PUNC	NPrePre6_BPre6_NStem	PossConc6_BPre6_NStem
wo_na	PronStem6_PronSuf	PUNC_PUNC	PronStem6_PronSuf	PronStem3_PronSuf
?	Punc	PUNC	Punc	PUNC
U_kuba	Conj	PUNC_PUNC	Conj	NPrePre1a_NStem
ku_njalo	CopPre_Adv	PUNC_PUNC	CopPre_Adv	SC15_Adv
,	Punc	PUNC	Punc	PUNC
olu_phi	RelConc11_EnumStem	PUNC_PUNC	RelConc11_EnumStem	RelConc11_EnumStem
u_hlobo	NPrePre11_NStem	NStem_NStem	NPrePre11_NStem	NPrePre1a_NStem
?	Punc	PUNC	Punc	PUNC
I_Batho	NPrePre9_ProperName	NStem_NStem	NPrePre9_ProperName	NPre9_ProperName
Pele	ProperName	PUNC	ProperName	ProperName
i_dinga	SC9_VRoot_VerbTerm	NStem_NStem	SC9_VRoot_VerbTerm	NPrePre4_NStem
u_kuba	Conj	PUNC_PUNC	Conj	NPrePre1a_NStem
'	Punc	PUNC	Punc	PUNC
wo_nke	QuantConc1_QuantStem	PUNC_PUNC	QuantConc1_QuantStem	QuantConc3_NStem
u_m_ntu	NPrePre1_BPre1_NStem	NStem_NStem_NStem	NPrePre1_BPre1_NStem	NPrePre1_BPre1_NStem
o_sebenz_a	RelConc1_VRoot_VerbTerm	NStem_NStem_NStem	RelConc1_VRoot_VerbTerm	SC6_VRoot_VerbTerm
kw_i_n_konzo	LocPre_NPrePre9_BPre9_NStem	NStem_NStem_NStem_NStem	LocPre_NPrePre9_BPre9_NStem	PossConc15_NPrePre9_BPre9_NStem
yo_lu_ntu	PossConc9_NPrePre11_BPre11_NStem	NStem_NStem_NStem	PossConc9_NPrePre11_BPre11_NStem	PossConc9_BPre11_NStem
a_be	CopPre_Cop	PUNC_PUNC	CopPre_Cop	SC1_AuxVStem
ne_qhayi_ya	AdvPre_NPrePre5_BPre5_NStem	NStem_NStem_NStem	AdvPre_NPrePre5_BPre5_NStem	AdvPre_NStem_NStem
ngo_kuba	AdvPre_Conj	PUNC_Conj	AdvPre_Conj	AdvPre_NStem
ng_u_m_khonzi	CopPre_NPrePre1_BPre1_NStem	NStem_VRoot_NStem_VRoot	CopPre_NPrePre1_BPre1_NStem	NPrePre1_NPrePre1_BPre1_NStem
wa_ba_ntu	PossConc1_NPrePre2_BPre2_NStem	NStem_NStem_NStem	PossConc1_NPrePre2_BPre2_NStem	PossConc1_BPre2_NStem
'	Punc	PUNC	Punc	PUNC
u_kuze	Conj	NStem_NStem	Conj	NPrePre1a_Conj
i_mi_thetho__si_se_ko	NPrePre4_BPre4_NStem_BPre7_NStem	VRoot_VRoot_VRoot_VRoot_VRoot_VRoot	NPrePre4_BPre4_NStem_BPre7_NStem	NPrePre4_BPre4_NStem_BPre7_PossConc7_RelSuf
esi_bhozo	RelConc7_NPrePre7_BPre7_NStem	PUNC_PUNC	RelConc7_NPrePre7_BPre7_NStem	RelConc7_NStem
e_m_is_w_e	RelConc4_VRoot_CausExt_PassExt_VerbTerm	NStem_NStem_NStem_NStem_NStem	RelConc4_VRoot_CausExt_PassExt_VerbTerm	NegPre_VRoot_CausExt_PassExt_VerbTerm
ku_wiso__m_thetho	LocPre_NStem_BPre3_NStem	VRoot_VRoot_VRoot_VRoot	LocPre_NStem_BPre3_NStem	LocPre_NStem_BPre3_NStem
i_be	CopPre_Cop	PUNC_PUNC	CopPre_Cop	SC9_AuxVStem
s_i_si_se_ko	CopPre_NPrePre7_BPre7_NStem	NStem_NStem_NStem_NStem_NStem	CopPre_NPrePre7_BPre7_NStem	PreLocs_NPrePre4_BPre7_PossConc7_RelSuf
esi_ng_u_m_bindi	RelConc7_CopPre_NPrePre3_BPre3_NStem	VRoot_VRoot_VRoot_VRoot_VRoot	RelConc7_CopPre_NPrePre3_BPre3_NStem	RelConc7_CopPre_NPrePre3_BPre3_NStem
wo_phuhliso	PossConc3_NPrePre11_BPre11_NStem	NStem_NStem	PossConc3_NPrePre11_BPre11_NStem	PronStem3_NStem
lu_ka_rhulumente	PossConc11_PossKA_NStem	NStem_NStem_NStem	PossConc11_PossKA_NStem	BPre11_ExclNeg_NStem
we_n_gingqi	PossConc1a_NPrePre9_BPre9_NStem	NStem_NStem_NStem	PossConc1a_NPrePre9_BPre9_NStem	PossConc3_BPre9_NStem
a_pho	Dem16_Pos2	PUNC_PUNC	Dem16_Pos2	PossConc6_Interrog
i_zi_dingo	NPrePre8_BPre8_NStem	NStem_NStem_NStem	NPrePre8_BPre8_NStem	NPrePre4_BPre4_NStem
za_ba_hlali	PossConc2_NPrePre2_BPre2_NStem	NStem_NStem_NStem	PossConc2_NPrePre2_BPre2_NStem	AdvPre_BPre2_NStem
zi_nga_qal_is_a	SC8_Pot_VRoot_CausExt_VerbTerm	NStem_NStem_NStem_NStem_NStem	SC8_Pot_VRoot_CausExt_VerbTerm	CopPre_Pot_VRoot_CausExt_VerbTerm
u_kw_enz_iw_a	NPrePre15_BPre15_VRoot_PassExt_VerbTerm	VRoot_VRoot_VRoot_VRoot_VRoot	NPrePre15_BPre15_VRoot_PassExt_VerbTerm	SC1a_OC15_VRoot_PassExt_VerbTerm
khona	Adv	NStem	Adv	Adv
.	Punc	PUNC	Punc	PUNC
U_kw_az_is_a	NPrePre15_BPre15_VRoot_CausExt_VerbTerm	NStem_NStem_NStem_NStem_NStem	NPrePre15_BPre15_VRoot_CausExt_VerbTerm	SC1a_OC15_VRoot_CausExt_VerbTerm
ng_a_ma_bakal_a	AdvPre_NPrePre6_BPre6_NStem	NStem_NStem_NStem_NStem_NStem	AdvPre_NPrePre6_BPre6_NStem	AdvPre_NPrePre6_BPre6_VRoot_VerbTerm
e_Mephu	PossConc6_NPrePre9_NStem	NStem_NStem	PossConc6_NPrePre9_NStem	LocPre_ProperName
ye_n_dlel_a	PossConc9_NPrePre9_BPre9_NStem	NStem_NStem_NStem_NStem	PossConc9_NPrePre9_BPre9_NStem	PossConc9_BPre9_VRoot_VerbTerm
ngo_ku_sebenz_is_a	AdvPre_NPrePre15_BPre15_VRoot_CausExt_VerbTerm	VRoot_VRoot_VRoot_VRoot_VRoot	AdvPre_NPrePre15_BPre15_VRoot_CausExt_VerbTerm	AdvPre_OC15_VRoot_CausExt_VerbTerm
i_dath_a	NPrePre9_NStem	NStem_NStem_NStem	NPrePre9_NStem	SC9_VRoot_VerbTerm
projektha	NStem	PUNC	NStem	NStem
,	Punc	PUNC	Punc	PUNC
okanye	Conj	PUNC	Conj	Conj
i_projektha	NPrePre9_NStem	NStem_NStem	NPrePre9_NStem	NPrePre4_NStem
e_bon_is_a	RelConc9_VRoot_CausExt_VerbTerm	NStem_NStem_NStem_NStem	RelConc9_VRoot_CausExt_VerbTerm	RelConc9_VRoot_CausExt_VerbTerm
phezu	Adv	Adv	Adv	Adv
kwe_e_n_tloko	PossConc15_NPrePre10_BPre10_NStem	NStem_NStem_NStem_NStem	PossConc15_NPrePre10_BPre10_NStem	PossConc15_LocPre_BPre9_NStem
.	Punc	PUNC	Punc	PUNC
Xa	Conj	PUNC	Conj	ProperName
u_nge_na_ba_thathi__n_xaxheba	CopPre_NegPre_CopPre_NPrePre2_BPre2_NStem_BPre9_NStem	VRoot_VRoot_VRoot_VRoot_VRoot_VRoot_VRoot	CopPre_NegPre_CopPre_NPrePre2_BPre2_NStem_BPre9_NStem	RelConc3_NegPre_AdvPre_BPre2_NStem_BPre9_NStem
u_nga_sebenz_is_a	SC2_Pot_VRoot_CausExt_VerbTerm	NStem_NStem_NStem_NStem_NStem	SC2_Pot_VRoot_CausExt_VerbTerm	SC2ps_Pot_VRoot_CausExt_VerbTerm
a_ma_nqaku	NPrePre6_BPre6_NStem	NStem_VRoot_NStem	NPrePre6_BPre6_NStem	NPrePre6_BPre6_NStem
esi_fundo	PossConc6_NPrePre7_BPre7_NStem	PUNC_PUNC	PossConc6_NPrePre7_BPre7_NStem	RelConc7_NStem
abo	PossConc6_PronStem2	PUNC	PossConc6_PronStem2	CDEM02
,	Punc	PUNC	Punc	PUNC
i_phepha	NPrePre5_BPre5_NStem	NStem_NStem	NPrePre5_BPre5_NStem	NPre9_NStem
la_ma__52	PossConc5_BPre6_Num	NStem_NStem_NStem	PossConc5_BPre6_Num	PossConc5_BPre6_Num
u_ku_landela	NPrePre15_BPre15_VRoot_VerbTerm	NStem_NStem_NStem	NPrePre15_BPre15_VRoot_VerbTerm	NPrePre1a_BPre15_NStem
i_n_kcazelo	NPrePre9_BPre9_NStem	VRoot_NStem_VRoot	NPrePre9_BPre9_NStem	NPrePre9_BPre9_NStem
.	Punc	NStem	Punc	PUNC
Ng_oku_sebenz_is_a	AdvPre_NPrePre15_BPre15_VRoot_CausExt_VerbTerm	VRoot_VRoot_VRoot_VRoot_VRoot	AdvPre_NPrePre15_BPre15_VRoot_CausExt_VerbTerm	AdvPre_RelConc15_VRoot_CausExt_VerbTerm
i_sa_zobe	NPrePre7_BPre7_NStem	NStem_NStem_NStem	NPrePre7_BPre7_NStem	BPre9_NegPre_NStem
u_chong_a	SC2pp_VRoot_VerbTerm	NStem_NStem_NStem	SC2pp_VRoot_VerbTerm	SC3_VRoot_VerbTerm
i_bakal_a	NPrePre5_BPre5_NStem	NStem_NStem_NStem	NPrePre5_BPre5_NStem	SC9_VRoot_VerbTerm
nga_li_nye	AdvPre_EnumConc5_EnumStem	NStem_NStem_NStem	AdvPre_EnumConc5_EnumStem	AdvPre_AdjPref5_AdjStem
.	Punc	PUNC	Punc	PUNC
U_thetha_thethwano	NPrePre11_NStem_NStem	VRoot_VRoot_VRoot	NPrePre11_NStem_NStem	NPrePre1a_NStem_NStem
y_i_n_kqubo	CopPre_NPrePre9_BPre9_NStem	VRoot_VRoot_VRoot_VRoot	CopPre_NPrePre9_BPre9_NStem	CopPre_NPrePre9_BPre9_NStem
a_pho	Dem16_Pos2	PUNC_PUNC	Dem16_Pos2	PossConc6_PronStem6
a_ma_qela	NPrePre6_BPre6_NStem	NStem_NStem_NStem	NPrePre6_BPre6_NStem	NPrePre6_BPre6_NStem
a_phikis_an_a	SC6_VRoot_RecipExt_VerbTerm	VRoot_VRoot_NStem_VRoot	SC6_VRoot_RecipExt_VerbTerm	SC6_VRoot_RecipExt_VerbTerm
ngezi_phumo	AdvPre_NPrePre8_BPre8_NStem	NStem_NStem	AdvPre_NPrePre8_BPre8_NStem	AdvPre_NStem
ez_ahluken_e_yo	RelConc8_VRoot_VerbTerm_RelSuf	VRoot_VRoot_VRoot_VRoot	RelConc8_VRoot_VerbTerm_RelSuf	RelConc8_VRoot_Perf_PronStem9
e_ku_fikelel_w_e	LocPre_NPrePre15_BPre15_VRoot_PassExt_VerbTerm	VRoot_VRoot_VRoot_VRoot_VRoot	LocPre_NPrePre15_BPre15_VRoot_PassExt_VerbTerm	LocPre_OC15_VRoot_PassExt_VerbTerm
ku_zo	LocPre_PronStem8	PUNC_PUNC	LocPre_PronStem8	LocPre_PronStem4
e_ku_fuman_e_ni	LocPre_NPrePre15_BPre15_VRoot_VerbTerm_LocSuf	VRoot_VRoot_VRoot_VRoot_VRoot	LocPre_NPrePre15_BPre15_VRoot_VerbTerm_LocSuf	LocPre_BPre15_VRoot_VerbTerm_LocSuf
i_si_phumo	NPrePre7_BPre7_NStem	NStem_NStem_NStem	NPrePre7_BPre7_NStem	NPrePre4_BPre7_NStem
kwaye	Conj	PUNC	Conj	Adv
a_se_no_kw_ab_el_an_a	SC6_Pro_Pro_BPre15_VRoot_ApplExt_RecipExt_VerbTerm	VRoot_VRoot_VRoot_VRoot_VRoot_VRoot_VRoot_VRoot	SC6_Pro_Pro_BPre15_VRoot_ApplExt_RecipExt_VerbTerm	SC6_Pro_Fut_BPre15_VRoot_ApplExt_RecipExt_VerbTerm
ngo_lw_az_i	AdvPre_NPrePre11_BPre11_NStem	NStem_NStem_NStem_NStem	AdvPre_NPrePre11_BPre11_NStem	CopPre_BPre11_NegPre_VerbTerm
,	Punc	PUNC	Punc	PUNC
u_ku_sombulul_a	NPrePre15_BPre15_VRoot_VerbTerm	VRoot_VRoot_VRoot_VRoot	NPrePre15_BPre15_VRoot_VerbTerm	SC3_OC15_VRoot_VerbTerm
i_n_gxaki	NPrePre9_BPre9_NStem	NStem_NStem_NStem	NPrePre9_BPre9_NStem	NPrePre9_BPre9_NStem
,	Punc	PUNC	Punc	PUNC
u_ku_hlangabez_ana	NPrePre15_BPre15_VRoot_RecipExt_VerbTerm	VRoot_VRoot_VRoot_VRoot	NPrePre15_BPre15_VRoot_RecipExt_VerbTerm	SC3_OC15_VRoot_DimSuf
,	Punc	PUNC	Punc	PUNC
u_ku_thungelan_a	NPrePre15_BPre15_VRoot_VerbTerm	VRoot_VRoot_VRoot_VRoot	NPrePre15_BPre15_VRoot_VerbTerm	SC3_OC15_VRoot_VerbTerm
no_ku_rhweb_a	AdvPre_NPrePre15_BPre15_VRoot_VerbTerm	VRoot_VRoot_NStem_VRoot	AdvPre_NPrePre15_BPre15_VRoot_VerbTerm	AdvPre_SC15_VRoot_VerbTerm
nge_zi_khundla	AdvPre_NPrePre8_BPre8_NStem	NStem_NStem_NStem	AdvPre_NPrePre8_BPre8_NStem	AdvPre_BPre5_NStem
,	Punc	PUNC	Punc	PUNC
xa	Conj	PUNC	Conj	Adv
ku_fanel_ek_ile	SC15_VRoot_NeutExt_Perf_VerbTerm	NStem_NStem_NStem_NStem	SC15_VRoot_NeutExt_Perf_VerbTerm	SC15_VRoot_NPas_Perf
,	Punc	NStem	Punc	PUNC
e_ku_xolelan_is_e_ni	LocPre_NPrePre15_BPre15_VRoot_VerbTerm_LocSuf	VRoot_VRoot_VRoot_VRoot_VRoot_VRoot	LocPre_NPrePre15_BPre15_VRoot_VerbTerm_LocSuf	LocPre_BPre15_VRoot_CausExt_VerbTerm_LocSuf
i_mi_dla	NPrePre4_BPre4_NStem	NStem_NStem_NStem	NPrePre4_BPre4_NStem	NPrePre4_BPre4_NStem
.	Punc	PUNC	Punc	PUNC
U_kw_az_is_a	NPrePre15_BPre15_VRoot_CausExt_VerbTerm	NStem_NStem_NStem_NStem_NStem	NPrePre15_BPre15_VRoot_CausExt_VerbTerm	SC2ps_OC15_VRoot_CausExt_VerbTerm
aba_ntu	NPrePre2_BPre2_NStem	NStem_NStem	NPrePre2_BPre2_NStem	RelConc2_NStem
ngo_ku_banzi	AdvPre_RelConc15_RelStem	PUNC_PUNC_PUNC	AdvPre_RelConc15_RelStem	AdvPre_BPre15_NStem
_	Punc		Punc	
sebenz_is_a	VRoot_CausExt_VerbTerm	NStem_NStem_NStem	VRoot_CausExt_VerbTerm	VRoot_CausExt_VerbTerm
i_in_dlel_a	NPrePre10_BPre10_NStem	NStem_NStem_NStem_NStem	NPrePre10_BPre10_NStem	SC4_OC4_VRoot_VerbTerm
zo_kw_az_is_a	PossConc10_NPrePre15_BPre15_VRoot_CausExt_VerbTerm	VRoot_NStem_VRoot_VRoot_NStem	PossConc10_NPrePre15_BPre15_VRoot_CausExt_VerbTerm	CopPre_OC15_VRoot_CausExt_VerbTerm
i_i_Komiti	NPrePre10_BPre10_NStem	NStem_NStem_NStem	NPrePre10_BPre10_NStem	NPrePre4_NPrePre4_NStem
ze_Wadi	PossConc10_NPrePre9_NStem	NStem_NStem	PossConc10_NPrePre9_NStem	AdvPre_NStem
,	Punc	PUNC	Punc	PUNC
a_ma_qela	NPrePre6_BPre6_NStem	NStem_NStem_NStem	NPrePre6_BPre6_NStem	NPrePre6_BPre6_NStem
aba_hlali	NPrePre2_BPre2_NStem	NStem_NStem	NPrePre2_BPre2_NStem	NegPre_NStem
,	Punc	PUNC	Punc	PUNC
i_zi_phath_a__ma_ndla	NPrePre8_BPre8_NStem_NStem	VRoot_VRoot_VRoot_VRoot_VRoot_VRoot	NPrePre8_BPre8_NStem_NStem	NPrePre4_OC9_VRoot_VerbTerm_BPre6_NStem
zo_m_thom_nyama	PossConc8_NPrePre3_BPre3_NStem	VRoot_VRoot_VRoot_VRoot	PossConc8_NPrePre3_BPre3_NStem	AdvPre_BPre3_VRoot_Adv
ne_e_n_kokeli	AdvPre_NPrePre10_BPre10_NStem	NStem_NStem_NStem_NStem	AdvPre_NPrePre10_BPre10_NStem	AdvPre_LocPre_NPre9_NStem
ze_zim_vo	PossConc8_NPrePre8_BPre8_NStem	PUNC_NStem_PUNC	PossConc8_NPrePre8_BPre8_NStem	PossConc9_NPre10_NStem
ngo_ku_th_i	AdvPre_NPrePre15_BPre15_VRoot_VerbTerm	NStem_NStem_NStem_NStem	AdvPre_NPrePre15_BPre15_VRoot_VerbTerm	AdvPre_OC15_VRoot_VerbTerm
ku_z_a	SC15_AuxVStem	NStem_NStem_NStem	SC15_AuxVStem	BPre15_VRoot_VerbTerm
ku_qhuty_w_a	SC15_VRoot_PassExt_VerbTerm	NStem_NStem_NStem_NStem	SC15_VRoot_PassExt_VerbTerm	BPre15_VRoot_PassExt_VerbTerm
i_n_kqubo	NPrePre9_BPre9_NStem	NStem_NStem_NStem	NPrePre9_BPre9_NStem	NPrePre9_BPre9_NStem
ye__CBP	PossConc9_NPrePre9_Abbr	NStem_NStem	PossConc9_NPrePre9_Abbr	PossConc9_Abbr
.	Punc	PUNC	Punc	PUNC
Ema_phandle_ni	LocPre_NPrePre6_BPre6_NStem_LocSuf	NStem_NStem_NStem	LocPre_NPrePre6_BPre6_NStem_LocSuf	NPre6_NStem_LocSuf
ba_ng_aba	CopPre_Pot_Cop	PUNC_PUNC_PUNC	CopPre_Pot_Cop	BPre2_Pot_NStem
ne_e_wadi	CopPre_NPrePre10_BPre10_NStem	NStem_NStem_NStem	CopPre_NPrePre10_BPre10_NStem	AdvPre_PossConc6_NStem
ezin_kulu	AdjPref10_AdjStem	PUNC_PUNC	AdjPref10_AdjStem	AdvPre_AdjStem
na_ba_ntu	AdvPre_NPrePre2_BPre2_NStem	NStem_NStem_NStem	AdvPre_NPrePre2_BPre2_NStem	AdvPre_BPre2_NStem
aba_tyal_w_e	RelConc2_VRoot_PassExt_VerbTerm	NStem_NStem_NStem_NStem	RelConc2_VRoot_PassExt_VerbTerm	RelConc2_VRoot_PassExt_VerbTerm
ku_yo	LocPre_PronStem9	PUNC_PUNC	LocPre_PronStem9	LocPre_PronStem9
yo_nke	QuantConc9_QuantStem	NStem_NStem	QuantConc9_QuantStem	QuantConc4_AdjStem
loo	Dem9_Pos2	PUNC	Dem9_Pos2	PronStem4
lali	NStem	PUNC	NStem	CDEM05
okanye	Conj	PUNC	Conj	Adv
i_fama	NPrePre9_NStem	PUNC_PUNC	NPrePre9_NStem	NPrePre4_NStem
.	Punc	PUNC	Punc	PUNC
I_m_balwa	CopPre_RelStem	NStem_NStem_NStem	CopPre_RelStem	NPrePre9_BPre9_NStem
ka_khulu	AdvPre_AdjStem	NStem_NStem	AdvPre_AdjStem	AdvPre_AdjStem
i_mi_butho	NPrePre4_BPre4_NStem	NStem_NStem_NStem	NPrePre4_BPre4_NStem	NPrePre4_BPre4_NStem
e_sebenz_a_yo	RelConc4_VRoot_VerbTerm_RelSuf	VRoot_NStem_VRoot_VRoot	RelConc4_VRoot_VerbTerm_RelSuf	PossConc6_VRoot_VerbTerm_RelSuf
.	Punc	PUNC	Punc	PUNC
I_lali	NPrePre5_NStem	NStem_NStem	NPrePre5_NStem	NPre9_NStem
nga_nye	AdvPre_EnumStem	PUNC_PUNC	AdvPre_EnumStem	AdvPre_AdjStem
okanye	Conj	PUNC	Conj	Adv
i_qela	NPrePre5_BPre5_NStem	NStem_NStem	NPrePre5_BPre5_NStem	NPrePre4_NStem
le_e_fama	PossConc5_NPrePre10_BPre10_NStem	NStem_NStem_NStem	PossConc5_NPrePre10_BPre10_NStem	PossConc5_LocPre_NStem
ku_funek_a	SC15_VRoot_VerbTerm	NStem_NStem_NStem	SC15_VRoot_VerbTerm	BPre15_VRoot_VerbTerm
li_nyul_e	SC5_VRoot_VerbTerm	NStem_NStem_NStem	SC5_VRoot_VerbTerm	SC5_VRoot_VerbTerm
u_m_thunywa	NPrePre1_BPre1_NStem	NStem_NStem_NStem	NPrePre1_BPre1_NStem	NPrePre3_BPre3_NStem
u_kuba	Conj	PUNC_PUNC	Conj	NPrePre1a_NStem
a_khonz_e	SC1_VRoot_VerbTerm	NStem_NStem_NStem	SC1_VRoot_VerbTerm	SC6_VRoot_VerbTerm
kw_i_Komiti	LocPre_NPrePre9_NStem	NStem_NStem_NStem	LocPre_NPrePre9_NStem	PossConc15_NPre9_NStem
ye_Wadi	PossConc9_NPrePre9_NStem	NStem_NStem	PossConc9_NPrePre9_NStem	PossConc9_NStem
.	Punc	PUNC	Punc	PUNC
I_n_tliziyo	NPrePre9_BPre9_NStem	NStem_NStem_NStem	NPrePre9_BPre9_NStem	NPrePre9_BPre9_NStem
yo_M_gaqo__si_se_ko	PossConc9_NPrePre3_BPre3_NStem_BPre7_NStem	VRoot_VRoot_VRoot_VRoot_VRoot_VRoot	PossConc9_NPrePre3_BPre3_NStem_BPre7_NStem	PossConc4_BPre3_NStem_BPre7_PossConc7_RelSuf
ng_u_M_thetho	CopPre_NPrePre3_BPre3_NStem	NStem_NStem_NStem_NStem	CopPre_NPrePre3_BPre3_NStem	CopPre_NPrePre3_BPre3_NStem
Oyil_w_a_yo	RelConc3_VRoot_PassExt_VerbTerm_RelSuf	VRoot_VRoot_VRoot_VRoot	RelConc3_VRoot_PassExt_VerbTerm_RelSuf	VRoot_PassExt_VerbTerm_RelSuf
wa_Ma_lungelo	PossConc3_NPrePre6_BPre6_NStem	NStem_NStem_NStem	PossConc3_NPrePre6_BPre6_NStem	PossConc3_BPre6_NStem
.	Punc	PUNC	Punc	PUNC
U_M_thetho	NPrePre3_BPre3_NStem	PUNC_PUNC_PUNC	NPrePre3_BPre3_NStem	NPrePre3_BPre3_NStem
Oyil_w_a_yo	RelConc3_VRoot_PassExt_VerbTerm_RelSuf	NStem_NStem_VRoot_NStem	RelConc3_VRoot_PassExt_VerbTerm_RelSuf	VRoot_PassExt_VerbTerm_RelSuf
wa_Ma_lungelo	PossConc3_NPrePre6_BPre6_NStem	NStem_NStem_NStem	PossConc3_NPrePre6_BPre6_NStem	PossConc3_BPre6_NStem
u_phakamis_a	SC3_VRoot_VerbTerm	VRoot_VRoot_VRoot	SC3_VRoot_VerbTerm	SC2ps_VRoot_VerbTerm
a_ma_lungelo	NPrePre6_BPre6_NStem	NStem_NStem_NStem	NPrePre6_BPre6_NStem	NPrePre6_BPre6_NStem
abo	PossConc6_PronStem2	PUNC	PossConc6_PronStem2	CDEM02
bo_nke	QuantConc2_QuantStem	NStem_NStem	QuantConc2_QuantStem	BPre2_NStem
aba_hlali	NPrePre2_BPre2_NStem	NStem_NStem	NPrePre2_BPre2_NStem	NegPre_NStem
na_be_mi	AdvPre_NPrePre2_BPre2_NStem	NStem_NStem_NStem	AdvPre_NPrePre2_BPre2_NStem	AdvPre_PossConc2_NStem
okuba	PossConc6_Conj	PUNC	PossConc6_Conj	NStem
ba_phath_w_e	SC2_VRoot_PassExt_VerbTerm	NStem_NStem_NStem_NStem	SC2_VRoot_PassExt_VerbTerm	SC2_VRoot_PassExt_VerbTerm
ng_oku_fan_a_yo	AdvPre_RelConc15_VRoot_VerbTerm_RelSuf	NStem_VRoot_NStem_NStem_NStem	AdvPre_RelConc15_VRoot_VerbTerm_RelSuf	AdvPre_RelConc15_VRoot_VerbTerm_RelSuf
na_nge_si_dima	AdvPre_AdvPre_NPrePre7_BPre7_NStem	NStem_NStem_NStem_NStem	AdvPre_AdvPre_NPrePre7_BPre7_NStem	AdvPre_AdvPre_BPre7_NStem
ku_nga_kheth_w_a	SC15_Pot_VRoot_PassExt_VerbTerm	VRoot_VRoot_VRoot_VRoot_VRoot	SC15_Pot_VRoot_PassExt_VerbTerm	SC15_Pot_VRoot_PassExt_VerbTerm
ng_oko_hlanga	AdvPre_AdvPre_NStem	NStem_NStem_NStem	AdvPre_AdvPre_NStem	CopPre_RelConc15_NStem
,	Punc	NStem	Punc	PUNC
i_si_ni	NPrePre7_BPre7_NStem	NStem_NStem_NStem	NPrePre7_BPre7_NStem	NPrePre4_BPre7_Interrog
,	Punc	PUNC	Punc	PUNC
u_bu_tyebi	NPrePre14_BPre14_NStem	NStem_NStem_NStem	NPrePre14_BPre14_NStem	NPrePre3_BPre14_NStem
okanye	Conj	Conj	Conj	Adv
i_wo_ng_a	NPrePre5_NStem	NStem_NStem_NStem_NStem	NPrePre5_NStem	SC9_PronStem6_CopPre_VerbTerm
.	Punc	PUNC	Punc	PUNC
I__Municipal	NPrePre9_Foreign	PUNC_PUNC	NPrePre9_Foreign	NPrePre4_ProperName
Structures	Foreign	NStem	Foreign	Foreign
Act	Foreign	PUNC	Foreign	ProperName
,	Punc	PUNC	Punc	PUNC
1998	Num	PUNC	Num	NUM
i_phawul_a	SC9_VRoot_VerbTerm	NStem_NStem_NStem	SC9_VRoot_VerbTerm	SC9_VRoot_VerbTerm
u_kuba	Conj	PUNC_PUNC	Conj	NPrePre1a_NStem
u_masipala	NPrePre1a_NStem	NStem_NStem	NPrePre1a_NStem	NPrePre1a_NStem
u_ne_lungelo	CopPre_CopPre_NPrePre5_NStem	NStem_NStem_NStem	CopPre_CopPre_NPrePre5_NStem	NPrePre1a_AdvPre_NStem
lo_ku_chith_a	PossConc5_NPrePre15_BPre15_VRoot_VerbTerm	NStem_VRoot_VRoot_VRoot	PossConc5_NPrePre15_BPre15_VRoot_VerbTerm	PossConc5_OC15_VRoot_VerbTerm
i_Komiti	NPrePre9_NStem	NStem_NStem	NPrePre9_NStem	NPre9_NStem
ye_Wadi	PossConc9_NPrePre9_NStem	NStem_NStem	PossConc9_NPrePre9_NStem	PossConc9_NStem
xa	Conj	PUNC	Conj	Adv
i_silel_a	SC7_VRoot_VerbTerm	NStem_NStem_NStem	SC7_VRoot_VerbTerm	SC4_VRoot_VerbTerm
e_ku_fez_e_ni	LocPre_NPrePre15_BPre15_VRoot_VerbTerm_LocSuf	NStem_NStem_NStem_NStem_NStem	LocPre_NPrePre15_BPre15_VRoot_VerbTerm_LocSuf	LocPre_BPre15_VRoot_VerbTerm_LocSuf
i_n_jongo	NPrePre9_BPre9_NStem	NStem_NStem_NStem	NPrePre9_BPre9_NStem	NPrePre9_BPre9_NStem
ya_yo	PossConc9_PronStem9	PUNC_PUNC	PossConc9_PronStem9	PossConc4_PronStem9
.	Punc	PUNC	Punc	PUNC
Oku	Dem15_Pos1	PUNC	Dem15_Pos1	CDEM15
kw_enz_iw_a	BPre15_VRoot_PassExt_VerbTerm	VRoot_VRoot_VRoot_VRoot	BPre15_VRoot_PassExt_VerbTerm	SC15_VRoot_PassExt_VerbTerm
ngakumbi	Adv	NStem	Adv	Adv
xa	Conj	PUNC	Conj	Adv
i_Komiti	NPrePre9_NStem	NStem_NStem	NPrePre9_NStem	NPre9_NStem
ye_Wadi	PossConc9_NPrePre9_NStem	NStem_NStem	PossConc9_NPrePre9_NStem	PossConc9_NStem
i_nga_wu_phumez_a_nga	SC9_NegPre_OC3_VRoot_VerbTerm_NegPre	VRoot_VRoot_VRoot_VRoot_VRoot_VRoot	SC9_NegPre_OC3_VRoot_VerbTerm_NegPre	SC4_Pot_OC3_VRoot_VerbTerm_NegPre
u_m_sebenzi	NPrePre3_BPre3_NStem	NStem_NStem_NStem	NPrePre3_BPre3_NStem	NPrePre1_BPre3_NStem
wa_yo	PossConc3_PronStem4	PUNC_PUNC	PossConc3_PronStem4	PossConc3_PronStem9
.	Punc	PUNC	Punc	PUNC
Yi_n_to_ni	CopPre_BPre9_NStem_InterrogSuf	NStem_NStem_NStem_NStem	CopPre_BPre9_NStem_InterrogSuf	CopPre_BPre9_NStem_LocSuf
o_y_enz_a_yo	RelConc1_OC9_VRoot_VerbTerm_RelSuf	VRoot_VRoot_VRoot_VRoot_VRoot	RelConc1_OC9_VRoot_VerbTerm_RelSuf	SC6_OC4_VRoot_VerbTerm_RelSuf
e_kw_enz_a	LocPre_NPrePre15_BPre15_VRoot_VerbTerm	NStem_NStem_NStem_NStem	LocPre_NPrePre15_BPre15_VRoot_VerbTerm	PossConc6_OC15_VRoot_VerbTerm
ku_be_nzima	CopPre_CopPre_RelStem	NStem_NStem_NStem	CopPre_CopPre_RelStem	SC15_PossConc2_Adv
u_ku_theth_a	NPrePre15_BPre15_VRoot_VerbTerm	VRoot_VRoot_NStem_NStem	NPrePre15_BPre15_VRoot_VerbTerm	SC2ps_OC15_VRoot_VerbTerm
?	Punc	PUNC	Punc	PUNC
Fund_a	VRoot_VerbTerm	PUNC_PUNC	VRoot_VerbTerm	VRoot_VerbTerm
u_fundo__nzulu	NPrePre11_NStem_NStem	NStem_NStem_NStem	NPrePre11_NStem_NStem	NPrePre1a_NStem_NStem
olu_landel_a_yo	RelConc11_VRoot_VerbTerm_RelSuf	NStem_NStem_NStem_NStem	RelConc11_VRoot_VerbTerm_RelSuf	RelConc11_VRoot_VerbTerm_RelSuf
ma_lunga	Adv	PUNC_PUNC	Adv	BPre6_NStem
ne_si_ganeko	AdvPre_NPrePre7_BPre7_NStem	NStem_NStem_NStem	AdvPre_NPrePre7_BPre7_NStem	AdvPre_BPre7_NStem
.	Punc	PUNC	Punc	PUNC
U_M_BUZO	NPrePre3_BPre3_NStem	NStem_NStem_NStem	NPrePre3_BPre3_NStem	NPrePre3_BPre3_NStem
2	Num	PUNC	Num	NUM
Y_e_yi_phi	CopPre_RelConc9_EnumConc9_EnumStem	NStem_NStem_NStem_NStem	CopPre_RelConc9_EnumConc9_EnumStem	CopPre_LocPre_CopPre_EnumStem
i_mi_ba	NPrePre4_BPre4_NStem	NStem_NStem_NStem	NPrePre4_BPre4_NStem	NPrePre4_BPre4_NStem
e_balulek_il_e_yo	RelConc4_VRoot_Perf_VerbTerm_RelSuf	VRoot_VRoot_VRoot_VRoot_VRoot	RelConc4_VRoot_Perf_VerbTerm_RelSuf	SC6_VRoot_ApplExt_VerbTerm_PronStem9
e_ku_funek_a	RelConc9_SC15_VRoot_VerbTerm	NStem_NStem_NStem_NStem	RelConc9_SC15_VRoot_VerbTerm	PossConc6_OC15_VRoot_VerbTerm
i_qulath_w_e	NPrePre4_VRoot_PassExt_VerbTerm	VRoot_VRoot_VRoot_VRoot	NPrePre4_VRoot_PassExt_VerbTerm	SC9_VRoot_PassExt_VerbTerm
kw_i__P_MS	LocPre_NPrePre9_Abbr	NStem_NStem_NStem_NStem	LocPre_NPrePre9_Abbr	PossConc15_NPrePre4_Abbr_Abbr
?	Punc	PUNC	Punc	PUNC
U_bu_me	NPrePre14_BPre14_NStem	NStem_NStem_NStem	NPrePre14_BPre14_NStem	NPrePre1a_BPre14_NStem
bo_lawulo	PossConc14_NPrePre11_BPre11_NStem	NStem_NStem	PossConc14_NPrePre11_BPre11_NStem	BPre2a_NStem
l_oku_si_ngqong_il_e_yo	PossConc11_RelConc15_OC1pp_VRoot_Perf_VerbTerm_RelSuf	VRoot_VRoot_VRoot_VRoot_VRoot_VRoot_VRoot	PossConc11_RelConc15_OC1pp_VRoot_Perf_VerbTerm_RelSuf	PossConc5_RelConc15_OC7_VRoot_VerbExt_VerbTerm_PronStem9
.	Punc	PUNC	Punc	PUNC
U_phuhliso	NPrePre11_NStem	PUNC_PUNC	NPrePre11_NStem	NPrePre1a_NStem
olu_ne_e_m_pembelelo	RelConc11_AdvPre_NPrePre9_BPre10_NStem	VRoot_VRoot_VRoot_VRoot_VRoot	RelConc11_AdvPre_NPrePre9_BPre10_NStem	RelConc11_AdvPre_LocPre_BPre3_NStem
z_oku_si_ngqong_il_e_yo	PossConc10_RelConc15_SC1pp_VRoot_Perf_VerbTerm_RelSuf	VRoot_VRoot_VRoot_VRoot_VRoot_VRoot_VRoot	PossConc10_RelConc15_SC1pp_VRoot_Perf_VerbTerm_RelSuf	CopPre_RelConc15_OC7_VRoot_ApplExt_VerbTerm_RelSuf
oku_mandundu	RelConc15_RelStem	NStem_NStem	RelConc15_RelStem	RelConc15_NStem
okanye	Conj	Conj	Conj	Adv
okwa_s_e_ku_hlal_e_ni	RelConc15_PossConc15_PreLoc-s_LocPre_NPrePre15_BPre15_VRoot_VerbTerm_LocSuf	NStem_NStem_NStem_NStem_NStem_NStem_NStem	RelConc15_PossConc15_PreLoc-s_LocPre_NPrePre15_BPre15_VRoot_VerbTerm_LocSuf	RelConc15_PreLocs_LocPre_BPre15_VRoot_VerbTerm_LocSuf
ku_fun_a	SC15_VRoot_VerbTerm	NStem_NStem_NStem	SC15_VRoot_VerbTerm	BPre15_VRoot_VerbTerm
u_ku_phenjelel_w_a	NPrePre15_BPre15_VRoot_PassExt_VerbTerm	VRoot_VRoot_VRoot_VRoot_VRoot	NPrePre15_BPre15_VRoot_PassExt_VerbTerm	SC3_OC15_VRoot_PassExt_VerbTerm
y_i_n_kxaso	CopPre_NPrePre9_BPre9_NStem	VRoot_VRoot_VRoot_VRoot	CopPre_NPrePre9_BPre9_NStem	CopPre_NPrePre9_BPre9_NStem
e_ku_phucul_e_ni	LocPre_NPrePre15_BPre15_VRoot_VerbTerm_LocSuf	VRoot_VRoot_VRoot_NStem_VRoot	LocPre_NPrePre15_BPre15_VRoot_VerbTerm_LocSuf	LocPre_BPre15_VRoot_VerbTerm_LocSuf
i_in_gingqi	NPrePre10_BPre10_NStem	NStem_NStem_NStem	NPrePre10_BPre10_NStem	NPrePre9_BPre9_NStem
ezi_nxulumen_e_yo	RelConc10_VRoot_VerbTerm_RelSuf	VRoot_VRoot_VRoot_VRoot	RelConc10_VRoot_VerbTerm_RelSuf	RelConc10_VRoot_VerbTerm_PronStem9
.	Punc	PUNC	Punc	PUNC
U_ku_thath_a	NPrePre15_BPre15_VRoot_VerbTerm	NStem_NStem_NStem_NStem	NPrePre15_BPre15_VRoot_VerbTerm	SC2ps_OC15_VRoot_VerbTerm
i_n_xaxheba	NPrePre9_BPre9_NStem	NStem_NStem_NStem	NPrePre9_BPre9_NStem	NPrePre9_BPre9_NStem
kwa_ba_hlali	PossConc15_NPrePre2_BPre2_NStem	NStem_NStem_NStem	PossConc15_NPrePre2_BPre2_NStem	PossConc15_BPre2_NStem
be_n_gingqi	PossConc2_NPrePre9_BPre9_NStem	NStem_NStem_NStem	PossConc2_NPrePre9_BPre9_NStem	PossConc2_BPre9_NStem
ku_m_sebenzi	LocPre_NPrePre3_BPre3_NStem	NStem_NStem_NStem	LocPre_NPrePre3_BPre3_NStem	LocPre_BPre1_NStem
ka_masipala	PossKA_NStem	NStem_NStem	PossKA_NStem	AdvPre_NStem
ku_qinisek_is_w_a	SC15_VRoot_CausExt_PassExt_VerbTerm	NStem_NStem_NStem_NStem_NStem	SC15_VRoot_CausExt_PassExt_VerbTerm	SC15_VRoot_CausExt_PassExt_VerbTerm
ku_m_sebenzi	LocPre_NPrePre3_BPre3_NStem	NStem_NStem_NStem	LocPre_NPrePre3_BPre3_NStem	LocPre_BPre1_NStem
we_e_Komiti	PossConc1_NPrePre10_BPre10_NStem	NStem_NStem_NStem	PossConc1_NPrePre10_BPre10_NStem	PossConc3_LocPre_NStem
ze_Wadi	PossConc10_NPrePre9_NStem	NStem_NStem	PossConc10_NPrePre9_NStem	AdvPre_NStem
kwaye	Conj	PUNC	Conj	Adv
ku_kho	CopPre_Adv	PUNC_PUNC	CopPre_Adv	LocPre_PronStem2
i_m_funeko	NPrePre9_BPre9_NStem	PUNC_PUNC_PUNC	NPrePre9_BPre9_NStem	NPrePre4_BPre3_NStem
e_s_e_m_thethw_eni	RelConc9_PreLoc-s_LocPre_NPrePre3_BPre3_NStem_LocSuf	VRoot_VRoot_VRoot_VRoot_VRoot_VRoot	RelConc9_PreLoc-s_LocPre_NPrePre3_BPre3_NStem_LocSuf	LocPre_PreLocs_LocPre_BPre3_NStem_LocSuf
yo_kuba	PossConc9_Conj	PUNC_PUNC	PossConc9_Conj	PronStem9_NStem
u_masipala	NPrePre1a_NStem	NStem_NStem	NPrePre1a_NStem	NPrePre1a_NStem
abandakanye	SC1a_VRoot_VerbTerm	NStem	SC1a_VRoot_VerbTerm	NStem
aba_hlali	NPrePre2_BPre2_NStem	NStem_NStem	NPrePre2_BPre2_NStem	NegPre_NStem
be_n_gingqi	PossConc2_NPrePre9_BPre9_NStem	NStem_NStem_NStem	PossConc2_NPrePre9_BPre9_NStem	PossConc2_BPre9_NStem
,	Punc	PUNC	Punc	PUNC
kw_i_i_Komiti	LocPre_NPrePre10_BPre10_NStem	NStem_NStem_NStem_NStem	LocPre_NPrePre10_BPre10_NStem	PossConc15_NPrePre4_NPrePre4_NStem
ze_Wadi	PossConc10_NPrePre9_NStem	NStem_NStem	PossConc10_NPrePre9_NStem	PossConc9_NStem
,	Punc	PUNC	Punc	PUNC
e_ku_m_is_e_ni	LocPre_BPre15_VRoot_CausExt_VerbTerm_LocSuf	VRoot_VRoot_VRoot_VRoot_VRoot_VRoot	LocPre_BPre15_VRoot_CausExt_VerbTerm_LocSuf	LocPre_OC15_VRoot_CausExt_VerbTerm_LocSuf
i_i__K_PI	NPrePre10_BPre10_Abbr	PUNC_PUNC_PUNC_PUNC	NPrePre10_BPre10_Abbr	NPrePre4_NPrePre4_Abbr_Abbr
ne_e_thagethi	AdvPre_NPrePre10_BPre10_NStem	PUNC_PUNC_PUNC	AdvPre_NPrePre10_BPre10_NStem	AdvPre_LocPre_NStem
zo_kw_enz_iw_a	PossConc10_NPrePre15_BPre15_VRoot_PassExt_VerbTerm	VRoot_VRoot_VRoot_VRoot_VRoot	PossConc10_NPrePre15_BPre15_VRoot_PassExt_VerbTerm	AdvPre_OC15_VRoot_PassExt_VerbTerm
ko_m_sebenzi	PossConc15_NPrePre3_BPre3_NStem	NStem_NStem_NStem	PossConc15_NPrePre3_BPre3_NStem	LocPre_BPre1_NStem
kw_a_kunye	AdvPre_Conj	PUNC_PUNC_PUNC	AdvPre_Conj	BPre15_LocPre_Adv
no_ku_qinisek_is_a	AdvPre_NPrePre15_BPre15_VRoot_CausExt_VerbTerm	VRoot_VRoot_VRoot_VRoot_VRoot	AdvPre_NPrePre15_BPre15_VRoot_CausExt_VerbTerm	AdvPre_BPre15_VRoot_CausExt_VerbTerm
u_ku_thath_a	NPrePre15_BPre15_VRoot_VerbTerm	NStem_NStem_NStem_NStem	NPrePre15_BPre15_VRoot_VerbTerm	SC1_OC15_VRoot_VerbTerm
i_n_xaxheba	NPrePre9_BPre9_NStem	NStem_NStem_NStem	NPrePre9_BPre9_NStem	NPrePre9_BPre9_NStem
kwa_ba_hlali	PossConc15_NPrePre2_BPre2_NStem	NStem_NStem_NStem	PossConc15_NPrePre2_BPre2_NStem	PossConc15_BPre2_NStem
e_ku_bek_e_ni	LocPre_NPrePre15_BPre15_VRoot_VerbTerm_LocSuf	PUNC_PUNC_PUNC_PUNC_PUNC	LocPre_NPrePre15_BPre15_VRoot_VerbTerm_LocSuf	LocPre_BPre15_VRoot_VerbTerm_LocSuf
e_sw_eni	LocPre_NStem_LocSuf	NStem_NStem_VRoot	LocPre_NStem_LocSuf	LocPre_NStem_LocSuf
na_s_e_ku_hlel_e_ni	AdvPre_PreLoc-s_LocPre_NPrePre15_BPre15_VRoot_VerbTerm_LocSuf	VRoot_VRoot_VRoot_VRoot_VRoot_VRoot_VRoot	AdvPre_PreLoc-s_LocPre_NPrePre15_BPre15_VRoot_VerbTerm_LocSuf	AdvPre_PreLocs_LocPre_BPre15_VRoot_VerbTerm_LocSuf
ng_oku_tsha	AdvPre_AdjPref15_AdjStem	NStem_NStem_NStem	AdvPre_AdjPref15_AdjStem	AdvPre_RelConc15_NStem
oku	Dem15_Pos1	PUNC	Dem15_Pos1	CDEM15
.	Punc	PUNC	Punc	PUNC
Ahlaziy_e	SC6_VRoot_VerbTerm	NStem_NStem	SC6_VRoot_VerbTerm	ProperName_VerbTerm
rhoqo	Ideoph	NStem	Ideoph	NStem
i_in_gxelo	NPrePre10_BPre10_NStem	NStem_NStem_NStem	NPrePre10_BPre10_NStem	NPrePre9_BPre9_NStem
ngo_ku_qokelel_w_a	AdvPre_NPrePre15_BPre15_VRoot_PassExt_VerbTerm	VRoot_VRoot_VRoot_VRoot_VRoot	AdvPre_NPrePre15_BPre15_VRoot_PassExt_VerbTerm	CopPre_OC15_VRoot_PassExt_VerbTerm
kwe_ngeniso	PossConc15_NPrePre9_NStem	NStem_NStem	PossConc15_NPrePre9_NStem	PossConc15_NStem
ye_bhunga	PossConc9_NPrePre5_NStem	NStem_NStem	PossConc9_NPrePre5_NStem	PossConc9_NStem
no_nikezelo	AdvPre_NPrePre11_BPre11_NStem	NStem_NStem	AdvPre_NPrePre11_BPre11_NStem	CopPre_NStem
lwe_e_n_konzo	PossConc11_NPrePre10_BPre10_NStem	VRoot_VRoot_VRoot_VRoot	PossConc11_NPrePre10_BPre10_NStem	PossConc11_LocPre_NPre9_NStem
.	Punc	PUNC	Punc	PUNC
U_bu_chule	NPrePre14_BPre14_NStem	NStem_NStem_NStem	NPrePre14_BPre14_NStem	NPrePre3_BPre14_NStem
no_kuba_na_kho	AdvPre_NPrePre15_BPre15_CopPre_CopPre_Adv	NStem_NStem_NStem_NStem	AdvPre_NPrePre15_BPre15_CopPre_CopPre_Adv	CopPre_RelConc2_AdvPre_PronStem2
kwe_e_n_qununu	PossConc15_NPrePre10_BPre10_NStem	VRoot_VRoot_VRoot_VRoot	PossConc15_NPrePre10_BPre10_NStem	PossConc15_LocPre_BPre9_NStem
ze_zi_kolo	PossConc10_NPrePre8_BPre8_NStem	NStem_NStem_NStem	PossConc10_NPrePre8_BPre8_NStem	PossConc9_BPre5_NStem
.	Punc	PUNC	Punc	PUNC
U_phawu	NPrePre11_NStem	NStem_NStem	NPrePre11_NStem	NPrePre1a_NStem
olu_xhaphak_il_e_yo	RelConc11_VRoot_Perf_VerbTerm_RelSuf	VRoot_VRoot_VRoot_VRoot_VRoot	RelConc11_VRoot_Perf_VerbTerm_RelSuf	RelConc11_VRoot_ApplExt_VerbTerm_RelSuf
lwe_si_kolo	PossConc11_NPrePre7_BPre7_NStem	NStem_NStem_NStem	PossConc11_NPrePre7_BPre7_NStem	PossConc11_BPre7_NStem
esi_qhuty_w_a	RelConc7_VRoot_PassExt_VerbTerm	VRoot_NStem_VRoot_VRoot	RelConc7_VRoot_PassExt_VerbTerm	RelConc7_VRoot_PassExt_VerbTerm
kaku_hl_e	AdvPre_AdjStem	NStem_NStem_NStem	AdvPre_AdjStem	AdvPre_VRoot_VerbTerm
b_u_bu_n_kokheli	CopPre_NPrePre14_BPre14_BPre9_NStem	VRoot_VRoot_VRoot_VRoot_VRoot	CopPre_NPrePre14_BPre14_BPre9_NStem	PossConc14_NPrePre15_BPre14_BPre9_NStem
.	Punc	PUNC	Punc	PUNC
I_Sebe	NPrePre5_BPre5_NStem	PUNC_PUNC	NPrePre5_BPre5_NStem	NPrePre4_ProperName
le_M_fundo	PossConc5_NPrePre9_BPre9_NStem	NStem_NStem_NStem	PossConc5_NPrePre9_BPre9_NStem	PossConc5_BPre9_NStem
esi_si_Seko	RelConc7_BPre7_NStem	NStem_NStem_NStem	RelConc7_BPre7_NStem	RelConc7_BPre7_NStem
ku_tsha	AdvPre_AdjStem	NStem_NStem	AdvPre_AdjStem	BPre15_NStem
nje	Adv	PUNC	Adv	Adv
li_ndulul_e	SC5_VRoot_VerbTerm	NStem_NStem_NStem	SC5_VRoot_VerbTerm	SC5_Intrans_VerbTerm
i_n_kqubo	NPrePre9_BPre9_NStem	NStem_NStem_NStem	NPrePre9_BPre9_NStem	NPrePre9_BPre9_NStem
yo_ku_linganisel_a	PossConc9_NPrePre15_BPre15_VRoot_ApplExt_VerbTerm	NStem_NStem_NStem_NStem	PossConc9_NPrePre15_BPre15_VRoot_ApplExt_VerbTerm	CopPre_BPre15_VRoot_VerbTerm
u_bu_chule	NPrePre14_BPre14_NStem	NStem_NStem_NStem	NPrePre14_BPre14_NStem	NPrePre14_BPre14_NStem
be_e_n_qununu	PossConc14_NPrePre10_BPre10_NStem	VRoot_VRoot_VRoot_VRoot	PossConc14_NPrePre10_BPre10_NStem	PossConc2_LocPre_BPre9_NStem
na_ma_sek_el_a	AdvPre_NPrePre6_BPre6_NStem	NStem_NStem_NStem_NStem_NStem	AdvPre_NPrePre6_BPre6_NStem	AdvPre_BPre6_VRoot_ApplExt_VerbTerm
n_qununu	BPre9_NStem	NStem_NStem	BPre9_NStem	BPre9_NStem
,	Punc	PUNC	Punc	PUNC
olu	Dem11_Pos1	PUNC	Dem11_Pos1	CDEM11
phononongo	NStem	NStem	NStem	NStem
lu_y_a	SC11_Fut	NStem_NStem_NStem	SC11_Fut	SC11_VRoot_VerbTerm
ku_nced_a	SC15_VRoot_VerbTerm	NStem_NStem_NStem	SC15_VRoot_VerbTerm	BPre15_VRoot_VerbTerm
kananjalo	Adv	PUNC	Adv	NStem
e_ku_chong_e_ni	LocPre_NPrePre15_BPre15_VRoot_VerbTerm_LocSuf	VRoot_VRoot_VRoot_VRoot_VRoot	LocPre_NPrePre15_BPre15_VRoot_VerbTerm_LocSuf	LocPre_BPre15_VRoot_VerbTerm_LocSuf
abo	Dem2_Pos2	PUNC	Dem2_Pos2	CDEM02
ba_sebenz_a	SC2_VRoot_VerbTerm	NStem_NStem_NStem	SC2_VRoot_VerbTerm	SC2_VRoot_VerbTerm
buthathaka	RelStem	NStem	RelStem	NStem
,	Punc	PUNC	Punc	PUNC
ku_jong_w_e	SC15_VRoot_PassExt_VerbTerm	NStem_NStem_NStem_NStem	SC15_VRoot_PassExt_VerbTerm	SC15_VRoot_PassExt_VerbTerm
ku_ma_nqaku	LocPre_NPrePre6_BPre6_NStem	NStem_NStem_NStem	LocPre_NPrePre6_BPre6_NStem	LocPre_BPre6_NStem
aba_fundi	NPrePre2_BPre2_NStem	PUNC_PUNC	NPrePre2_BPre2_NStem	RelConc2_NStem
,	Punc	PUNC	Punc	PUNC
no_ku_vum_el_a	AdvPre_NPrePre15_BPre15_VRoot_ApplExt_VerbTerm	VRoot_VRoot_VRoot_VRoot_VRoot	AdvPre_NPrePre15_BPre15_VRoot_ApplExt_VerbTerm	AdvPre_OC15_VRoot_ApplExt_VerbTerm
i_n_kxaso	NPrePre9_BPre9_NStem	NStem_NStem_NStem	NPrePre9_BPre9_NStem	NPrePre9_BPre9_NStem
e_fanel_ek_il_e_yo	RelConc4_VRoot_NeutExt_Perf_VerbTerm_RelSuf	NStem_NStem_NStem_NStem_NStem_NStem	RelConc4_VRoot_NeutExt_Perf_VerbTerm_RelSuf	LocPre_VRoot_NPas_ApplExt_VerbTerm_RelSuf
kw_i_in_qununu	LocPre_NPrePre10_BPre10_NStem	VRoot_VRoot_VRoot_VRoot	LocPre_NPrePre10_BPre10_NStem	PossConc15_NPrePre9_BPre9_NStem
n_oo_titshala	AdvPre_NPrePre2a_NStem	NStem_NStem_NStem	AdvPre_NPrePre2a_NStem	AdvPre_PronStem3_NStem
.	Punc	PUNC	Punc	PUNC
I_in_qununu	NPrePre10_BPre10_NStem	VRoot_VRoot_VRoot	NPrePre10_BPre10_NStem	NPrePre9_BPre9_NStem
ku_mel_e	SC15_AuxVStem	NStem_NStem_NStem	SC15_AuxVStem	SC15_VRoot_VerbTerm
zi_kheth_w_e	SC10_VRoot_PassExt_VerbTerm	NStem_NStem_NStem_NStem	SC10_VRoot_PassExt_VerbTerm	SC2_VRoot_PassExt_VerbTerm
ng_okwe_m_fanel_eko	AdvPre_AdvPre_NPrePre9_BPre9_NStem	VRoot_VRoot_VRoot_VRoot_VRoot	AdvPre_AdvPre_NPrePre9_BPre9_NStem	AdvPre_RelConc15_BPre3_NStem_NStem
e_m_sul_w_a	RelConc9_RelStem	NStem_NStem_NStem_NStem_NStem	RelConc9_RelStem	LocPre_BPre3_VRoot_PassExt_VerbTerm
,	Punc	PUNC	Punc	PUNC
zi_nik_w_e	SC10_VRoot_PassExt_VerbTerm	NStem_NStem_NStem_NStem	SC10_VRoot_PassExt_VerbTerm	SC7_VRoot_PassExt_VerbTerm
a_ma_ndla	NPrePre6_BPre6_NStem	NStem_NStem_NStem	NPrePre6_BPre6_NStem	NPrePre6_BPre6_NStem
a_ma_khulu	AdjPref6_AdjStem	NStem_NStem_NStem	AdjPref6_AdjStem	PossConc6_BPre6_NStem
ku_lawulo	LocPre_NPrePre11_NStem	NStem_NStem	LocPre_NPrePre11_NStem	LocPre_NStem
lwe_si_kolo	PossConc11_NPrePre7_BPre7_NStem	NStem_NStem_NStem	PossConc11_NPrePre7_BPre7_NStem	PossConc11_BPre7_NStem
kwaye	Conj	PUNC	Conj	Adv
i_be	SC9_AuxVStem	PUNC_PUNC	SC9_AuxVStem	SC9_AuxVStem
zi_zo	CopPre_PronStem10	PUNC_PUNC	CopPre_PronStem10	CopPre_NStem
ezi_nik_a	RelConc10_VRoot_VerbTerm	NStem_NStem_NStem	RelConc10_VRoot_VerbTerm	RelConc10_VRoot_VerbTerm
i_n_gxelo	NPrePre9_BPre9_NStem	NStem_NStem_NStem	NPrePre9_BPre9_NStem	NPrePre9_BPre9_NStem
ngezi_phumo	AdvPre_NPrePre8_BPre8_NStem	NStem_NStem	AdvPre_NPrePre8_BPre8_NStem	AdvPre_NStem
za_ba_ntw_ana	PossConc10_NPrePre2_BPre2_NStem_DimSuf	NStem_NStem_NStem_NStem	PossConc10_NPrePre2_BPre2_NStem_DimSuf	PossConc15_BPre2_NStem_DimSuf
.	Punc	PUNC	Punc	PUNC
Xa	Conj	PUNC	Conj	ProperName
u_phuhl_is_a	SC2ps_VRoot_CausExt_VerbTerm	NStem_NStem_NStem_NStem	SC2ps_VRoot_CausExt_VerbTerm	SC3_VRoot_CausExt_VerbTerm
i_zin_to	NPrePre10_BPre10_NStem	NStem_NStem_NStem	NPrePre10_BPre10_NStem	SC9_VRoot_PronStem10
ezi_phambili	RelConc10_Adv	NStem_NStem	RelConc10_Adv	RelConc7_Adv
kunye	Conj	PUNC	Conj	Adv
na_ba_hlali	AdvPre_NPrePre2_BPre2_NStem	NStem_NStem_NStem	AdvPre_NPrePre2_BPre2_NStem	AdvPre_BPre2_NStem
ku_lu_ncedo	CopPre_CopPre_NPrePre11_BPre11_NStem	VRoot_NStem_NStem	CopPre_CopPre_NPrePre11_BPre11_NStem	LocPre_BPre11_NStem
u_ku_khuthaz_a	NPrePre15_BPre15_VRoot_VerbTerm	VRoot_VRoot_VRoot_VRoot	NPrePre15_BPre15_VRoot_VerbTerm	SC2ps_OC15_VRoot_VerbTerm
a_ma_lungu	NPrePre6_BPre6_NStem	NStem_NStem_NStem	NPrePre6_BPre6_NStem	NPrePre6_BPre6_NStem
aba_hlali	PossConc6_BPre2_NStem	NStem_NStem	PossConc6_BPre2_NStem	NegPre_NStem
u_kuba	Conj	PUNC_PUNC	Conj	NPrePre1a_NStem
ba_cinge	SC2_VRoot_VerbTerm	NStem_NStem	SC2_VRoot_VerbTerm	BPre2_NStem
banzi	RelStem	NStem	RelStem	NStem
kwaye	Conj	PUNC	Conj	Adv
ba_qwalasel_e	SC2_VRoot_VerbTerm	NStem_NStem_VRoot	SC2_VRoot_VerbTerm	CopPre_Intrans_VerbTerm
i_im_funo	NPrePre10_BPre10_NStem	NStem_NStem_NStem	NPrePre10_BPre10_NStem	NPrePre4_BPre9_NStem
ze_thuba	PossConc10_NPrePre5_BPre5_NStem	NStem_NStem	PossConc10_NPrePre5_BPre5_NStem	AdvPre_NStem
eli_futshane	AdjPref5_AdjStem	NStem_NStem	AdjPref5_AdjStem	RelConc5_NStem
,	Punc	PUNC	Punc	PUNC
eli_phakathi	RelConc5_Adv	NStem_NStem	RelConc5_Adv	RelConc5_Adv
n_eli_de	AdvPre_AdjPref5_AdjStem	NStem_NStem_NStem	AdvPre_AdjPref5_AdjStem	AdvPre_NStem_NStem
.	Punc	PUNC	Punc	PUNC
I_i__K_PI	NPrePre10_BPre10_Abbr	NStem_NStem_NStem_NStem	NPrePre10_BPre10_Abbr	NPrePre4_NPrePre4_Abbr_Abbr
zi_sebenz_a	SC10_VRoot_VerbTerm	NStem_VRoot_NStem	SC10_VRoot_VerbTerm	SC1pp_VRoot_VerbTerm
kw_i_i_yunithi	LocPre_NPrePre10_BPre10_NStem	PUNC_PUNC_PUNC_PUNC	LocPre_NPrePre10_BPre10_NStem	PossConc15_NPrePre4_NPre9_NStem
zo_lawulo	PossConc10_NPrePre11_BPre11_NStem	NStem_NStem	PossConc10_NPrePre11_BPre11_NStem	BPre2a_NStem
lu_ka_masipala	PossConc11_PossKA_NStem	NStem_NStem_NStem	PossConc11_PossKA_NStem	BPre11_AdvPre_NStem
na_ba_sebenzi	AdvPre_NPrePre2_BPre2_NStem	NStem_NStem_NStem	AdvPre_NPrePre2_BPre2_NStem	AdvPre_BPre2_NStem
,	Punc	PUNC	Punc	PUNC
kw_a_kunye	AdvPre_Conj	NStem_NStem_NStem	AdvPre_Conj	BPre15_LocPre_Adv
na_si_phi_na	AdvPre_EnumConc7_EnumStem_Interrog	NStem_NStem_NStem_NStem	AdvPre_EnumConc7_EnumStem_Interrog	AdvPre_BPre7_EnumStem_Interrog
i_si_bonelelo	NPrePre7_BPre7_NStem	NStem_NStem_VRoot	NPrePre7_BPre7_NStem	NPrePre4_BPre7_NStem
si_ka_masipala	PossConc7_PossKA_NStem	NStem_NStem_NStem	PossConc7_PossKA_NStem	BPre7_AdvPre_NStem
no_m_nikezel_i	AdvPre_NPrePre3_BPre3_NStem	VRoot_VRoot_VRoot_VRoot	AdvPre_NPrePre3_BPre3_NStem	AdvPre_BPre3_VRoot_VerbTerm
we_e_n_konzo	PossConc1_NPrePre10_BPre10_NStem	VRoot_NStem_VRoot_NStem	PossConc1_NPrePre10_BPre10_NStem	PossConc3_LocPre_BPre9_NStem
u_masipala	NPrePre1a_NStem	NStem_NStem	NPrePre1a_NStem	NPrePre1a_NStem
a_ne_si_vumelwano	RelConc6_AdvPre_NPrePre7_BPre7_NStem	NStem_NStem_NStem_NStem	RelConc6_AdvPre_NPrePre7_BPre7_NStem	RelConc6_AdvPre_BPre7_NStem
so_nikezelo	PossConc7_NPrePre11_BPre11_NStem	NStem_NStem	PossConc7_NPrePre11_BPre11_NStem	BPre7_NStem
lwe_e_n_konzo	PossConc11_NPrePre10_BPre10_NStem	VRoot_VRoot_VRoot_VRoot	PossConc11_NPrePre10_BPre10_NStem	PossConc11_LocPre_BPre9_NStem
na_so	AdvPre_PronStem7	PUNC_PUNC	AdvPre_PronStem7	AdvPre_PronStem7
.	Punc	PUNC	Punc	PUNC
Oo_masipala	NPrePre2a_NStem	NStem_NStem	NPrePre2a_NStem	RelConc3_NStem
ba_ne_mi_dla	CopPre_AdvPre_NPre4_BPre4_NStem	NStem_NStem_NStem_NStem	CopPre_AdvPre_NPre4_BPre4_NStem	BPre2_AdvPre_BPre4_NStem
e_yo_hluken_e_yo	RelConc4_Pres_VRoot_VerbTerm_RelSuf	VRoot_VRoot_VRoot_VRoot_VRoot	RelConc4_Pres_VRoot_VerbTerm_RelSuf	PossConc6_Pres_VRoot_VerbTerm_RelSuf
kwaye	Conj	Adv	Conj	Adv
ba_nga_fuman_is_a	SC2_Pot_VRoot_CausExt_VerbTerm	VRoot_VRoot_VRoot_VRoot_VRoot	SC2_Pot_VRoot_CausExt_VerbTerm	SC2_Pot_VRoot_CausExt_VerbTerm
u_kuba	Conj	PUNC_PUNC	Conj	NPrePre1a_NStem
ba_ya_khuphisan_a	SC2_Pres_VRoot_VerbTerm	VRoot_VRoot_VRoot_VRoot	SC2_Pres_VRoot_VerbTerm	SC2_Pres_VRoot_VerbTerm
om_nye	AdjPref1_AdjStem	PUNC_PUNC	AdjPref1_AdjStem	AdjPref1_AdjStem
n_om_nye	AdvPre_AdjPref1_AdjStem	NStem_NStem_NStem	AdvPre_AdjPref1_AdjStem	AdvPre_AdjPref1_AdjStem
.	Punc	PUNC	Punc	PUNC
I__P_MS	NPrePre9_Abbr	NStem_NStem_NStem	NPrePre9_Abbr	NPrePre4_Abbr_Abbr
ku_funek_a	SC15_VRoot_VerbTerm	NStem_NStem_NStem	SC15_VRoot_VerbTerm	BPre15_VRoot_VerbTerm
i_quk_e	SC9_VRoot_VerbTerm	NStem_NStem_NStem	SC9_VRoot_VerbTerm	SC9_VRoot_VerbTerm
i_si_ninzi	NPrePre7_BPre7_AdjStem	NStem_NStem_NStem	NPrePre7_BPre7_AdjStem	NPrePre4_BPre7_NStem
sa_le	PossConc7_Dem4_Pos1	PUNC_PUNC	PossConc7_Dem4_Pos1	PossConc7_Perf
mi_dla	BPre4_NStem	PUNC_PUNC	BPre4_NStem	BPre4_NStem
njeng_oko	AdvPre_Dem15_Pos2	NStem_NStem	AdvPre_Dem15_Pos2	AdvPre_NStem
i_phil_a	SC9_VRoot_VerbTerm	NStem_NStem_NStem	SC9_VRoot_VerbTerm	SC4_VRoot_VerbTerm
kwaye	Conj	PUNC	Conj	Adv
i_no_ku_gcin_ek_a	SC9_AdvPre_NPrePre15_BPre15_VRoot_NeutExt_VerbTerm	VRoot_VRoot_VRoot_VRoot_VRoot_VRoot	SC9_AdvPre_NPrePre15_BPre15_VRoot_NeutExt_VerbTerm	SC4_Fut_OC15_VRoot_NeutExt_VerbTerm
.	Punc	NStem	Punc	PUNC
Ku_ya	SC15_Fut	PUNC_PUNC	SC15_Fut	BPre15_AuxVStem
ku_ba_kho	CopPre_CopPre_Adv	NStem_NStem_NStem	CopPre_CopPre_Adv	LocPre_PossConc2_PronStem2
ne_e_m_funo	AdvPre_NPrePre10_BPre10_NStem	NStem_NStem_NStem_NStem	AdvPre_NPrePre10_BPre10_NStem	AdvPre_LocPre_BPre3_NStem
ez_ahluken_e_yo	RelConc10_VRoot_VerbTerm_RelSuf	VRoot_VRoot_VRoot_VRoot	RelConc10_VRoot_VerbTerm_RelSuf	RelConc8_VRoot_VerbTerm_PronStem9
kw_i_mi_mandla	LocPre_NPrePre4_BPre4_NStem	NStem_NStem_NStem_NStem	LocPre_NPrePre4_BPre4_NStem	PossConc15_NPrePre4_BPre4_NStem
e_s_e_ma_phandle_ni	RelConc4_PreLoc-s_LocPre_NPrePre6_BPre6_NStem_LocSuf	VRoot_VRoot_VRoot_VRoot_VRoot_VRoot	RelConc4_PreLoc-s_LocPre_NPrePre6_BPre6_NStem_LocSuf	LocPre_PreLocs_LocPre_BPre6_NStem_LocSuf
xa	Conj	PUNC	Conj	Adv
ku_thelekis_w_a	SC15_VRoot_PassExt_VerbTerm	VRoot_VRoot_VRoot_VRoot	SC15_VRoot_PassExt_VerbTerm	BPre15_VRoot_PassExt_VerbTerm
n_oo_masipala	AdvPre_NPrePre2a_NStem	NStem_NStem_NStem	AdvPre_NPrePre2a_NStem	AdvPre_BPre2a_NStem
ba_s_e_zi_doloph_ini	PossConc2_PreLoc-s_LocPre_BPre10_NStem_LocSuf	VRoot_VRoot_VRoot_VRoot_VRoot_VRoot	PossConc2_PreLoc-s_LocPre_BPre10_NStem_LocSuf	BPre2_PreLocs_LocPre_BPre7_NStem_LocSuf
.	Punc	PUNC	Punc	PUNC
A_ba_thathi__n_xaxheba	NPrePre2_BPre2_NStem_BPre9_NStem	VRoot_VRoot_VRoot_VRoot_VRoot	NPrePre2_BPre2_NStem_BPre9_NStem	RelConc6_BPre2_NStem_BPre9_NStem
ba_sebenz_is_a	SC2_VRoot_CausExt_VerbTerm	VRoot_VRoot_NStem_VRoot	SC2_VRoot_CausExt_VerbTerm	SC2_VRoot_CausExt_VerbTerm
u_m_zekelo	NPrePre3_BPre3_NStem	NStem_NStem_NStem	NPrePre3_BPre3_NStem	NPrePre3_BPre3_NStem
wo_phando	PossConc3_NPrePre11_BPre11_NStem	NStem_NStem	PossConc3_NPrePre11_BPre11_NStem	PossConc3_NStem
lwa_kwa__S_e_ymour	PossConc11_PossConc15_ProperName	VRoot_VRoot_VRoot_VRoot_VRoot	PossConc11_PossConc15_ProperName	PossConc11_PossConc15_PreLocs_LocPre_NStem
.	Punc	PUNC	Punc	PUNC
U_ku_khul_a	NPrePre15_BPre15_VRoot_VerbTerm	VRoot_NStem_NStem_NStem	NPrePre15_BPre15_VRoot_VerbTerm	SC1_OC15_VRoot_VerbTerm
oku_na_ma_ndla	RelConc15_AdvPre_NPrePre6_BPre6_NStem	NStem_NStem_NStem_NStem	RelConc15_AdvPre_NPrePre6_BPre6_NStem	RelConc15_AdvPre_BPre6_NStem
kwa_s_e__Afrika	PossConc15_PreLoc-s_LocPre_ProperName	NStem_NStem_NStem_NStem	PossConc15_PreLoc-s_LocPre_ProperName	PossConc15_PreLocs_LocPre_ProperName
na_ko	AdvPre_PronStem15	PUNC_PUNC	AdvPre_PronStem15	AdvPre_PronStem15
ku_bonelel_a	SC15_VRoot_VerbTerm	NStem_NStem_NStem	SC15_VRoot_VerbTerm	BPre15_VRoot_VerbTerm
nga_ma_thuba	AdvPre_NPrePre6_BPre6_NStem	NStem_NStem_NStem	AdvPre_NPrePre6_BPre6_NStem	AdvPre_BPre6_NStem
kw_i_mi_zi__m_veliso	LocPre_NPrePre4_BPre4_NStem_BPre9_NStem	VRoot_VRoot_VRoot_VRoot_VRoot_VRoot	LocPre_NPrePre4_BPre4_NStem_BPre9_NStem	PossConc15_NPrePre4_BPre4_NStem_BPre3_NStem
na_ma_shishini	AdvPre_NPrePre6_BPre6_NStem	NStem_NStem_NStem	AdvPre_NPrePre6_BPre6_NStem	AdvPre_BPre6_NStem
a_s_e_Mzantsi	PossConc6_PreLoc-s_LocPre_ProperName	VRoot_VRoot_VRoot_VRoot	PossConc6_PreLoc-s_LocPre_ProperName	PossConc6_PreLocs_LocPre_ProperName
Afrika	ProperName	PUNC	ProperName	ProperName
,	Punc	PUNC	Punc	PUNC
a_th_e	SC6_VRoot_VerbTerm	NStem_NStem_NStem	SC6_VRoot_VerbTerm	SC6_VRoot_VerbTerm
a_ne_galelo	RelConc6_CopPre_NPrePre5_BPre5_NStem	NStem_NStem_NStem	RelConc6_CopPre_NPrePre5_BPre5_NStem	RelConc6_AdvPre_NStem
ku_phuhliso	LocPre_NPrePre11_BPre11_NStem	NStem_NStem	LocPre_NPrePre11_BPre11_NStem	LocPre_NStem
ngo_ku_tyala	AdvPre_NPrePre15_BPre15_VRoot_VerbTerm	NStem_NStem_NStem	AdvPre_NPrePre15_BPre15_VRoot_VerbTerm	AdvPre_BPre15_NStem
i_mali	NPrePre9_NStem	PUNC_PUNC	NPrePre9_NStem	NPre9_NStem
ku_thungelwano	LocPre_NPrePre11_BPre11_NStem	NStem_NStem	LocPre_NPrePre11_BPre11_NStem	LocPre_NStem
ngo_cingo	AdvPre_NPrePre11_BPre11_NStem	NStem_NStem	AdvPre_NPrePre11_BPre11_NStem	RelConc3_NStem
,	Punc	NStem	Punc	PUNC
kw_e_ze_bhanki	LocPre_RelConc8_PossConc8_NPrePre9_NStem	NStem_NStem_NStem_NStem	LocPre_RelConc8_PossConc8_NPrePre9_NStem	PossConc15_LocPre_Pres_NStem
,	Punc	PUNC	Punc	PUNC
kw_i_mi_godi	LocPre_NPrePre4_BPre4_NStem	VRoot_VRoot_NStem_VRoot	LocPre_NPrePre4_BPre4_NStem	PossConc15_NPrePre4_BPre4_NStem
,	Punc	PUNC	Punc	PUNC
ku_lw_akhiwo	LocPre_NPrePre11_BPre11_NStem	NStem_NStem_NStem	LocPre_NPrePre11_BPre11_NStem	LocPre_BPre11_NStem
na_kw_i_n_tengiso	AdvPre_LocPre_NPrePre9_BPre9_NStem	NStem_NStem_NStem_NStem_NStem	AdvPre_LocPre_NPrePre9_BPre9_NStem	AdvPre_BPre15_NPrePre9_BPre9_NStem
.	Punc	PUNC	Punc	PUNC
U_bu_dlelane	NPrePre14_BPre14_NStem	NStem_NStem_VRoot	NPrePre14_BPre14_NStem	NPrePre1a_BPre14_NStem
obusondel_elen_e_yo	RelConc14_VRoot_ApplExt_RecipExt_VerbTerm_RelSuf	VRoot_VRoot_VRoot_VRoot	RelConc14_VRoot_ApplExt_RecipExt_VerbTerm_RelSuf	VRoot_IntensExt_VerbTerm_RelSuf
phakathi	Adv	PUNC	Adv	Adv
kwa_ma_zwe	PossConc15_NPrePre6_BPre6_NStem	NStem_NStem_NStem	PossConc15_NPrePre6_BPre6_NStem	PossConc15_BPre6_NStem
,	Punc	PUNC	Punc	PUNC
i_mi_zi__m_veliso	NPrePre4_BPre4_NStem_BPre3_NStem	VRoot_VRoot_VRoot_VRoot_VRoot	NPrePre4_BPre4_NStem_BPre3_NStem	NPrePre4_BPre4_NStem_BPre3_NStem
na_ba_ntu	AdvPre_NPrePre2_BPre2_NStem	NStem_NStem_NStem	AdvPre_NPrePre2_BPre2_NStem	AdvPre_BPre2_NStem
bu_ya	SC14_Fut	PUNC_PUNC	SC14_Fut	BPre14_NStem
kw_enz_a	SC15_VRoot_VerbTerm	NStem_NStem_NStem	SC15_VRoot_VerbTerm	BPre15_VRoot_VerbTerm
nzulu	RelStem	PUNC	RelStem	Adv
i_n_tlanganisel_a	NPrePre9_BPre9_NStem	VRoot_VRoot_VRoot_VRoot	NPrePre9_BPre9_NStem	SC4_BPre9_VRoot_VerbTerm
yo_qoqosho	PossConc9_NPrePre11_BPre11_NStem	NStem_NStem	PossConc9_NPrePre11_BPre11_NStem	PossConc4_NStem
na_s_e_ku_hlal_e_ni	AdvPre_PreLoc-s_LocPre_NPrePre15_BPre15_VRoot_VerbTerm_LocSuf	VRoot_VRoot_VRoot_VRoot_VRoot_VRoot_VRoot	AdvPre_PreLoc-s_LocPre_NPrePre15_BPre15_VRoot_VerbTerm_LocSuf	AdvPre_PreLocs_LocPre_BPre15_VRoot_VerbTerm_LocSuf
,	Punc	NStem	Punc	PUNC
bu_ne_galelo	CopPre_CopPre_NPrePre5_BPre5_NStem	NStem_NStem_NStem	CopPre_CopPre_NPrePre5_BPre5_NStem	BPre14_AdvPre_NStem
ku_ma_zinga	LocPre_NPrePre6_BPre6_NStem	NStem_NStem_NStem	LocPre_NPrePre6_BPre6_NStem	LocPre_BPre6_NStem
a_phezulu	RelConc6_Adv	NStem_NStem	RelConc6_Adv	SC6_Adv
oku_khul_a	PossConc6_NPrePre15_BPre15_VRoot_VerbTerm	NStem_NStem_NStem	PossConc6_NPrePre15_BPre15_VRoot_VerbTerm	RelConc15_VRoot_VerbTerm
no_phuhliso	AdvPre_NPrePre11_BPre11_NStem	NStem_NStem	AdvPre_NPrePre11_BPre11_NStem	AdvPre_NStem
.	Punc	PUNC	Punc	PUNC
U_lu_vo	NPrePre11_BPre11_NStem	NStem_NStem_NStem	NPrePre11_BPre11_NStem	NPrePre3_BPre11_NStem
no_ku_khol_el_w_a	AdvPre_NPrePre15_BPre15_VRoot_ApplExt_PassExt_VerbTerm	VRoot_VRoot_VRoot_VRoot_VRoot_VRoot	AdvPre_NPrePre15_BPre15_VRoot_ApplExt_PassExt_VerbTerm	AdvPre_OC15_VRoot_ApplExt_PassExt_VerbTerm
_	Punc		Punc	
nik_a	VRoot_VerbTerm	PUNC_PUNC	VRoot_VerbTerm	VRoot_VerbTerm
u_m_zekelo	NPrePre3_BPre3_NStem	NStem_NStem_NStem	NPrePre3_BPre3_NStem	NPrePre3_BPre3_NStem
ku_bomi	LocPre_NPrePre14_BPre14_NStem	NStem_NStem	LocPre_NPrePre14_BPre14_NStem	LocPre_NStem
ba_kho	PossConc14_PossPron	PUNC_PUNC	PossConc14_PossPron	PossConc2_PronStem17
be_mi_hla	PossConc14_NPrePre4_BPre4_NStem	NStem_NStem_NStem	PossConc14_NPrePre4_BPre4_NStem	PossConc2_BPre4_NStem
nge_mi_hla	AdvPre_NPrePre4_BPre4_NStem	NStem_NStem_NStem	AdvPre_NPrePre4_BPre4_NStem	AdvPre_BPre4_NStem
a_pho	Dem16_Pos2	PUNC_PUNC	Dem16_Pos2	PossConc6_PronStem6
oku	Dem15_Pos1	PUNC	Dem15_Pos1	CDEM15
ku_be	CopPre_Cop	PUNC_PUNC	CopPre_Cop	SC15_AuxVStem
ne_m_pembelelo	CopPre_NPrePre9_BPre9_NStem	NStem_NStem_NStem	CopPre_NPrePre9_BPre9_NStem	AdvPre_BPre3_NStem
kw_i_m_pendulo	LocPre_NPrePre9_BPre9_NStem	NStem_NStem_NStem_NStem	LocPre_NPrePre9_BPre9_NStem	PossConc15_NPrePre9_BPre9_NStem
ya_kho	PossConc9_PossPron	PUNC_PUNC	PossConc9_PossPron	PossConc4_PronStem15
ku_ngquzulwano	LocPre_NPrePre11_NStem	VRoot_VRoot	LocPre_NPrePre11_NStem	BPre17_NStem
.	Punc	PUNC	Punc	PUNC
U_vandlakanyo	NPrePre11_NStem	NStem_NStem	NPrePre11_NStem	NPrePre1a_NStem
lwe_e_m_funo	PossConc11_NPrePre10_BPre10_NStem	NStem_NStem_NStem_NStem	PossConc11_NPrePre10_BPre10_NStem	PossConc11_LocPre_BPre3_NStem
no_phando	AdvPre_NPrePre11_BPre11_NStem	NStem_NStem	AdvPre_NPrePre11_BPre11_NStem	AdvPre_NStem
ng_okw_enz_ek_a	AdvPre_NPrePre15_SC15_VRoot_NeutExt_VerbTerm	VRoot_VRoot_VRoot_VRoot_VRoot	AdvPre_NPrePre15_SC15_VRoot_NeutExt_VerbTerm	AdvPre_RelConc15_VRoot_NeutExt_VerbTerm
_	Punc		Punc	
u_ku_khangel_a	NPrePre15_BPre15_VRoot_VerbTerm	NStem_NStem_NStem_NStem	NPrePre15_BPre15_VRoot_VerbTerm	SC2ps_OC15_VRoot_VerbTerm
u_kuba	Conj	PUNC_PUNC	Conj	NPrePre1a_NStem
z_i_in_to_ni	CopPre_NPrePre10_BPre10_NStem_InterrogSuf	NStem_NStem_NStem_NStem_NStem	CopPre_NPrePre10_BPre10_NStem_InterrogSuf	VRoot_NPrePre4_BPre9_NStem_LocSuf
na	Interrog	PUNC	Interrog	Interrog
e_ku_funek_a	RelConc10_SC15_VRoot_VerbTerm	NStem_NStem_NStem_VRoot	RelConc10_SC15_VRoot_VerbTerm	PossConc6_OC15_VRoot_VerbTerm
z_enz_iw_e	SC10_VRoot_PassExt_VerbTerm	VRoot_VRoot_VRoot_VRoot	SC10_VRoot_PassExt_VerbTerm	SC15_VRoot_PassExt_VerbTerm
no_kuba	AdvPre_Conj	PUNC_PUNC	AdvPre_Conj	CopPre_NStem
ng_aba	Conj	PUNC_PUNC	Conj	AdvPre_NStem
ku_z_a	SC15_AuxVStem	NStem_NStem_NStem	SC15_AuxVStem	BPre15_VRoot_VerbTerm
ku_kw_az_ek_a	SC15_SC15_VRoot_NeutExt_VerbTerm	NStem_NStem_NStem_NStem_NStem	SC15_SC15_VRoot_NeutExt_VerbTerm	BPre15_OC15_VRoot_NPas_VerbTerm
ka_ngakanani	AdvPre_Interrog	NStem_NStem	AdvPre_Interrog	AdvPre_Adv
na	Interrog	PUNC	Interrog	AdvPre
u_ku_qhuba	NPrePre15_SC15_VRoot_VerbTerm	NStem_NStem_NStem	NPrePre15_SC15_VRoot_VerbTerm	NPrePre1a_BPre15_NStem
le	Dem9_Pos1	PUNC	Dem9_Pos1	PossConc5
projekthi	NStem	PUNC	NStem	NStem
,	Punc	PUNC	Punc	PUNC
kwaye	Conj	PUNC	Conj	Adv
ke	Conj	Adv	Conj	Adv
esi	Dem7_Pos1	PUNC	Dem7_Pos1	CDEM07
si_gaba	BPre7_NStem	PUNC_PUNC	BPre7_NStem	BPre7_NStem
s_az_iw_a	SC7_VRoot_PassExt_VerbTerm	NStem_NStem_NStem_NStem	SC7_VRoot_PassExt_VerbTerm	SC7_VRoot_PassExt_VerbTerm
ngo_kuba	AdvPre_Conj	PUNC_PUNC	AdvPre_Conj	AdvPre_NStem
s_i_si_gaba	CopPre_NPrePre7_BPre7_NStem	NStem_NStem_NStem_NStem	CopPre_NPrePre7_BPre7_NStem	PossConc7_NPrePre4_BPre7_NStem
so_ku_khangel_a	PossConc7_NPrePre15_BPre15_VRoot_VerbTerm	NStem_NStem_NStem_NStem	PossConc7_NPrePre15_BPre15_VRoot_VerbTerm	PossConc7_OC15_VRoot_VerbTerm
okanye	Conj	PUNC	Conj	Conj
so_hlalutyo	PossConc7_NPrePre11_NStem	NStem_NStem	PossConc7_NPrePre11_NStem	BPre7_NStem
okanye	Conj	PUNC	Conj	Conj
i_si_gaba	NPrePre7_BPre7_NStem	NStem_NStem_NStem	NPrePre7_BPre7_NStem	NPrePre4_BPre7_NStem
so_ku_cwangcis_a	PossConc7_NPrePre15_SC15_VRoot_VerbTerm	VRoot_VRoot_VRoot_VRoot	PossConc7_NPrePre15_SC15_VRoot_VerbTerm	PossConc7_OC15_VRoot_VerbTerm
i_zi_phumo	NPrePre8_BPre8_NStem	NStem_NStem_NStem	NPrePre8_BPre8_NStem	NPrePre4_CopPre_NStem
.	Punc	PUNC	Punc	PUNC
Chaz_a	VRoot_VerbTerm	NStem_NStem	VRoot_VerbTerm	VRoot_VerbTerm
u_lw_az_i	NPrePre11_BPre11_NStem	NStem_NStem_NStem_NStem	NPrePre11_BPre11_NStem	SC3_BPre11_VRoot_VerbTerm
ku_ma_nqaku	LocPre_NPrePre6_BPre6_NStem	NStem_NStem_NStem	LocPre_NPrePre6_BPre6_NStem	LocPre_BPre6_NStem
nge_zi_fundo	AdvPre_NPrePre8_BPre8_NStem	NStem_NStem_NStem	AdvPre_NPrePre8_BPre8_NStem	AdvPre_BPre7_NStem
u_ku_suk_a	NPrePre15_BPre15_VRoot_VerbTerm	NStem_NStem_NStem_NStem	NPrePre15_BPre15_VRoot_VerbTerm	SC3_OC15_VRoot_VerbTerm
ku__3.1	LocPre_Num	PUNC_PUNC	LocPre_Num	LocPre_Num
u_ku_ya	NPrePre15_BPre15_VRoot_VerbTerm	NStem_NStem_NStem	NPrePre15_BPre15_VRoot_VerbTerm	NPrePre1a_BPre15_AuxVStem
ku__3._2	LocPre_Num	NStem_NStem_NStem	LocPre_Num	LocPre_Num_Num
.	Punc	PUNC	Punc	PUNC
U_thutho	NPrePre11_NStem	NStem_NStem	NPrePre11_NStem	PossConc2a_NStem
lo_lu_ntu	PossConc11_NPrePre11_BPre11_NStem	NStem_NStem_NStem	PossConc11_NPrePre11_BPre11_NStem	PossConc5_BPre11_NStem
ne_e_n_kqubo	AdvPre_NPrePre10_BPre10_NStem	VRoot_VRoot_NStem_VRoot	AdvPre_NPrePre10_BPre10_NStem	AdvPre_PossConc6_BPre9_NStem
,	Punc	PUNC	Punc	PUNC
ku_quk_a	SC15_VRoot_VerbTerm	NStem_NStem_NStem	SC15_VRoot_VerbTerm	BPre15_VRoot_VerbTerm
no_ku_hlaziy_w_a	AdvPre_NPrePre15_BPre15_VRoot_PassExt_VerbTerm	VRoot_VRoot_VRoot_VRoot_VRoot	AdvPre_NPrePre15_BPre15_VRoot_PassExt_VerbTerm	AdvPre_BPre15_VRoot_PassExt_VerbTerm
ko_ololiw_e	PossConc15_NPrePre2a_NStem	NStem_VRoot_NStem	PossConc15_NPrePre2a_NStem	SC15_VRoot_VerbTerm
aba_khwel_w_a	RelConc2a_VRoot_PassExt_VerbTerm	VRoot_VRoot_VRoot_NStem	RelConc2a_VRoot_PassExt_VerbTerm	RelConc2_VRoot_PassExt_VerbTerm
ng_a_ba_ntu	AdvPre_NPrePre2_BPre2_NStem	NStem_NStem_VRoot_NStem	AdvPre_NPrePre2_BPre2_NStem	AdvPre_NPrePre2_BPre2_NStem
,	Punc	PUNC	Punc	PUNC
ku_xhas_w_a	SC15_VRoot_PassExt_VerbTerm	VRoot_VRoot_NStem_NStem	SC15_VRoot_PassExt_VerbTerm	SC15_VRoot_PassExt_VerbTerm
nga_ma_khonkco	AdvPre_NPrePre6_BPre6_NStem	NStem_NStem_NStem	AdvPre_NPrePre6_BPre6_NStem	AdvPre_BPre6_NStem
a_phakany_is_iw_e_yo	RelConc6_VRoot_PassExt_VerbTerm_RelSuf	VRoot_VRoot_VRoot_VRoot_VRoot_VRoot	RelConc6_VRoot_PassExt_VerbTerm_RelSuf	SC6_VRoot_CausExt_PassExt_VerbTerm_PronStem9
ne_e_n_konzo	AdvPre_NPrePre10_BPre10_NStem	NStem_NStem_NStem_NStem	AdvPre_NPrePre10_BPre10_NStem	AdvPre_LocPre_BPre9_NStem
ezi_sek_el_w_e	RelConc10_VRoot_ApplExt_PassExt_VerbTerm	NStem_NStem_NStem_NStem_NStem	RelConc10_VRoot_ApplExt_PassExt_VerbTerm	RelConc10_VRoot_ApplExt_PassExt_VerbTerm
ezin_dlele_ni	LocPre_NPrePre10_BPre10_NStem_LocSuf	NStem_NStem_NStem	LocPre_NPrePre10_BPre10_NStem_LocSuf	BPre10_NStem_LocSuf
.	Punc	PUNC	Punc	PUNC
I_Komiti	NPrePre9_NStem	NStem_NStem	NPrePre9_NStem	NPre9_NStem
ye_Wadi	PossConc9_NPrePre9_NStem	NStem_NStem	PossConc9_NPrePre9_NStem	PossConc4_NStem
i_nga_lungis_a	SC9_Pot_VRoot_VerbTerm	NStem_NStem_NStem_NStem	SC9_Pot_VRoot_VerbTerm	SC9_Pot_VRoot_VerbTerm
i_n_kqubo	NPrePre9_BPre9_NStem	NStem_NStem_NStem	NPrePre9_BPre9_NStem	NPrePre9_BPre9_NStem
yo_ku_nik_a	PossConc9_NPrePre15_BPre15_VRoot_VerbTerm	NStem_NStem_NStem_NStem	PossConc9_NPrePre15_BPre15_VRoot_VerbTerm	PossConc9_OC15_VRoot_VerbTerm
i_n_gxelo	NPrePre9_BPre9_NStem	NStem_NStem_NStem	NPrePre9_BPre9_NStem	NPrePre9_BPre9_NStem
,	Punc	PUNC	Punc	PUNC
e_fan_a_yo	RelConc9_VRoot_VerbTerm_RelSuf	NStem_NStem_NStem_NStem	RelConc9_VRoot_VerbTerm_RelSuf	SC6_VRoot_VerbTerm_RelSuf
n_e_setyenz_is_el_w_a	AdvPre_RelConc9_VRoot_CausExt_ApplExt_PassExt_VerbTerm	VRoot_VRoot_VRoot_VRoot_VRoot_VRoot_NStem	AdvPre_RelConc9_VRoot_CausExt_ApplExt_PassExt_VerbTerm	AdvPre_LocPre_VRoot_CausExt_ApplExt_PassExt_VerbTerm
u_ku_vavany_a	NPrePre15_BPre15_VRoot_VerbTerm	VRoot_VRoot_VRoot_VRoot	NPrePre15_BPre15_VRoot_VerbTerm	SC3_OC15_VRoot_VerbTerm
u_ku_sebenz_a	NPrePre15_BPre15_VRoot_VerbTerm	VRoot_VRoot_VRoot_VRoot	NPrePre15_BPre15_VRoot_VerbTerm	SC3_OC15_VRoot_VerbTerm
kwa_ma_gosa	PossConc15_NPrePre6_BPre6_NStem	PUNC_PUNC_PUNC	PossConc15_NPrePre6_BPre6_NStem	PossConc15_BPre6_NStem
na_ba_sebenzi	AdvPre_NPrePre2_BPre2_NStem	NStem_NStem_NStem	AdvPre_NPrePre2_BPre2_NStem	AdvPre_BPre2_NStem
ku_ma_bhunga	LocPre_NPrePre6_BPre6_NStem	NStem_NStem_NStem	LocPre_NPrePre6_BPre6_NStem	LocPre_BPre6_NStem
ne_nik_w_e	AdvPre_RelConc9_VRoot_PassExt_VerbTerm	NStem_NStem_NStem_NStem	AdvPre_RelConc9_VRoot_PassExt_VerbTerm	AdvPre_VRoot_PassExt_VerbTerm
kw_i_modyuli	LocPre_NPrePre9_NStem	NStem_NStem_NStem	LocPre_NPrePre9_NStem	PossConc15_NPrePre4_NStem
4	Num	PUNC	Num	NUM
.	Punc	PUNC	Punc	PUNC
Ku_ma_ziko	LocPre_NPrePre6_BPre6_NStem	NStem_NStem_NStem	LocPre_NPrePre6_BPre6_NStem	LocPre_BPre6_NStem
a_xhas_a	RelConc6_VRoot_VerbTerm	NStem_NStem_NStem	RelConc6_VRoot_VerbTerm	SC6_VRoot_VerbTerm
u_ku_hlal_is_w_a	NPrePre15_BPre15_VRoot_CausExt_PassExt_VerbTerm	NStem_VRoot_VRoot_VRoot_VRoot_VRoot	NPrePre15_BPre15_VRoot_CausExt_PassExt_VerbTerm	SC3_OC15_VRoot_CausExt_PassExt_VerbTerm
ko_lu_ntu	PossConc15_NPrePre11_BPre11_NStem	NStem_NStem_NStem	PossConc15_NPrePre11_BPre11_NStem	PossConc15_BPre11_NStem
(	Punc	PUNC	Punc	PUNC
i_zin_dlu	NPrePre10_BPre10_NStem	NStem_NStem_NStem	NPrePre10_BPre10_NStem	BPre9_BPre10_NStem
,	Punc	PUNC	Punc	PUNC
a_ma_nzi	NPrePre6_BPre6_NStem	NStem_NStem_NStem	NPrePre6_BPre6_NStem	PossConc6_BPre6_NStem
,	Punc	PUNC	Punc	PUNC
u_gutyulo	NPrePre11_NStem	NStem_NStem	NPrePre11_NStem	NPrePre1a_NStem
,	Punc	PUNC	Punc	PUNC
i_in_dlel_a	NPrePre10_BPre10_NStem	NStem_NStem_NStem_NStem	NPrePre10_BPre10_NStem	SC4_VRoot_VRoot_VerbTerm
,	Punc	PUNC	Punc	PUNC
i_i_paka	NPrePre10_BPre10_NStem	NStem_NStem_NStem	NPrePre10_BPre10_NStem	NPrePre4_NPrePre4_NStem
njalo	Adv	PUNC	Adv	Adv
njalo	Adv	PUNC	Adv	Adv
njalo	Adv	PUNC	Adv	Adv
)	Punc	PUNC	Punc	PUNC
,	Punc	PUNC	Punc	PUNC
u_m_fanekiso	NPrePre3_BPre3_NStem	NStem_NStem_NStem	NPrePre3_BPre3_NStem	NPrePre3_BPre3_NStem
u_nzima	CopPre_RelStem	PUNC_PUNC	CopPre_RelStem	NPrePre1a_NStem
ng_oku_nge_na_si_zathu	AdvPre_RelConc15_NegPre_CopPre_NPrePre7_BPre7_NStem	VRoot_VRoot_VRoot_VRoot_VRoot_VRoot	AdvPre_RelConc15_NegPre_CopPre_NPrePre7_BPre7_NStem	AdvPre_RelConc15_NegPre_AdvPre_BPre7_NStem
.	Punc	PUNC	Punc	PUNC
U_m_sebenzi	NPrePre3_BPre3_NStem	NStem_NStem_NStem	NPrePre3_BPre3_NStem	NPrePre1_BPre1_NStem
we_si_cwangciso	PossConc3_NPrePre7_BPre7_NStem	VRoot_VRoot_VRoot	PossConc3_NPrePre7_BPre7_NStem	PossConc3_BPre7_NStem
u_bek_w_e	SC3_VRoot_PassExt_VerbTerm	PUNC_PUNC_PUNC_PUNC	SC3_VRoot_PassExt_VerbTerm	SC3_VRoot_PassExt_VerbTerm
kw_i_nqanaba	LocPre_NPrePre9_BPre5_NStem	NStem_NStem_NStem	LocPre_NPrePre9_BPre5_NStem	PossConc15_BPre4_NStem
la_s_e_khaya	PossConc5_PreLoc-s_LocPre_NPrePre5_BPre5_NStem	NStem_NStem_NStem_NStem	PossConc5_PreLoc-s_LocPre_NPrePre5_BPre5_NStem	PossConc5_PreLocs_LocPre_NStem
,	Punc	PUNC	Punc	PUNC
u_m_sebenzi	NPrePre3_BPre3_NStem	NStem_NStem_NStem	NPrePre3_BPre3_NStem	NPrePre1_BPre1_NStem
we_zin_dlu	PossConc3_NPrePre10_BPre10_NStem	NStem_NStem_NStem	PossConc3_NPrePre10_BPre10_NStem	PossConc3_NPre10_NStem
u_kw_i_nqanaba	CopPre_LocPre_NPrePre5_BPre5_NStem	VRoot_NStem_VRoot_NStem	CopPre_LocPre_NPrePre5_BPre5_NStem	NPrePre1a_BPre15_LocPre_NStem
le_phondo	PossConc5_NPrePre5_BPre5_NStem	NStem_NStem	PossConc5_NPrePre5_BPre5_NStem	PossConc5_NStem
,	Punc	PUNC	Punc	PUNC
no_xanduva	AdvPre_NPrePre11_BPre11_NStem	NStem_NStem	AdvPre_NPrePre11_BPre11_NStem	AdvPre_NStem
lo_ku_bonelel_a	PossConc11_NPrePre15_BPre15_VRoot_VerbTerm	VRoot_VRoot_VRoot_NStem	PossConc11_NPrePre15_BPre15_VRoot_VerbTerm	SC15_OC15_VRoot_VerbTerm
nga_ma_nzi	AdvPre_NPrePre6_BPre6_NStem	NStem_NStem_NStem	AdvPre_NPrePre6_BPre6_NStem	AdvPre_BPre6_NStem
no_m_bane	AdvPre_NPrePre3_BPre3_NStem	NStem_NStem_NStem	AdvPre_NPrePre3_BPre3_NStem	AdvPre_BPre3_NStem
l_ahlul_w_e	SC5_VRoot_PassExt_VerbTerm	VRoot_VRoot_NStem_VRoot	SC5_VRoot_PassExt_VerbTerm	SC5_VRoot_PassExt_VerbTerm
phakathi	Adv	PUNC	Adv	Adv
kwa_bo	PossConc15_PronStem2	PUNC_PUNC	PossConc15_PronStem2	PossConc15_PronStem2
ba_no_xanduva	CopPre_CopPre_NPrePre11_BPre11_NStem	NStem_NStem_NStem	CopPre_CopPre_NPrePre11_BPre11_NStem	BPre2_AdvPre_NStem
lwe_e_n_konzo	PossConc11_NPrePre10_BPre10_NStem	NStem_NStem_NStem_NStem	PossConc11_NPrePre10_BPre10_NStem	PossConc11_LocPre_BPre9_NStem
ezi_s_is_ambuku	RelConc10_CopPre_NPrePre7_BPre7_NStem	NStem_NStem_NStem_NStem	RelConc10_CopPre_NPrePre7_BPre7_NStem	RelConc10_PreLocs_CausExt_NStem
ne_m_bon_akalo	AdvPre_NPrePre9_BPre9_NStem	NStem_NStem_NStem_NStem	AdvPre_NPrePre9_BPre9_NStem	AdvPre_BPre3_VRoot_NStem
e_njengo_m_nath_a	RelConc9_AdvPre_NPrePre3_BPre3_NStem	VRoot_VRoot_VRoot_VRoot_VRoot	RelConc9_AdvPre_NPrePre3_BPre3_NStem	PossConc6_AdvPre_OC1_VRoot_VerbTerm
.	Punc	PUNC	Punc	PUNC
Ng_okw_enz_ek_a_yo	AdvPre_RelConc15_VRoot_NeutExt_VerbTerm_RelSuf	VRoot_VRoot_VRoot_VRoot_VRoot_VRoot	AdvPre_RelConc15_VRoot_NeutExt_VerbTerm_RelSuf	CopPre_RelConc15_VRoot_NeutExt_VerbTerm_RelSuf
,	Punc	NStem	Punc	PUNC
la	Dem6_Pos1	PUNC	Dem6_Pos1	Conj
ma_lungiselelo	BPre6_NStem	NStem_NStem	BPre6_NStem	BPre6_NStem
a_wa_sebenzi	NegPre_SC6_VRoot_VerbTerm	NStem_NStem_NStem	NegPre_SC6_VRoot_VerbTerm	RelConc6_OC3_NStem
.	Punc	PUNC	Punc	PUNC
Jikelel_e	Adv	NStem_NStem	Adv	VRoot_VerbTerm
,	Punc	PUNC	Punc	PUNC
u_ku_bek_w_a	NPrePre15_BPre15_VRoot_PassExt_VerbTerm	NStem_NStem_NStem_NStem_NStem	NPrePre15_BPre15_VRoot_PassExt_VerbTerm	SC3_OC15_VRoot_PassExt_VerbTerm
ko_lu_ntu	PossConc15_NPrePre11_BPre11_NStem	NStem_NStem_NStem	PossConc15_NPrePre11_BPre11_NStem	PossConc15_BPre11_NStem
ku_cwangcis_w_e	SC15_VRoot_PassExt_VerbTerm	VRoot_VRoot_VRoot_VRoot	SC15_VRoot_PassExt_VerbTerm	SC15_VRoot_PassExt_VerbTerm
kaku_bi	AdvPre_AdjStem	NStem_NStem	AdvPre_AdjStem	AdvPre_AdjStem
,	Punc	PUNC	Punc	PUNC
ku_kho	CopPre_Adv	PUNC_PUNC	CopPre_Adv	LocPre_PronStem17
u_ququzelelo	NPrePre11_NStem	NStem_NStem	NPrePre11_NStem	NPrePre1a_NStem
olu_ncinci	AdjPref11_AdjStem	NStem_NStem	AdjPref11_AdjStem	RelConc11_NStem
phakathi	Adv	PUNC	Adv	Adv
kwa_ma_ziko	PossConc15_NPrePre6_BPre6_NStem	NStem_NStem_NStem	PossConc15_NPrePre6_BPre6_NStem	PossConc15_BPre6_NStem
a_fak_el_a	SC6_VRoot_ApplExt_VerbTerm	NStem_NStem_NStem_NStem	SC6_VRoot_ApplExt_VerbTerm	SC6_VRoot_ApplExt_VerbTerm
oku_bon_akal_a	RelConc15_VRoot_NeutExt_VerbTerm	NStem_NStem_NStem_NStem	RelConc15_VRoot_NeutExt_VerbTerm	RelConc15_VRoot_NeutExt_VerbTerm
njengo_m_nath_a	AdvPre_NPrePre3_BPre3_NStem	VRoot_VRoot_VRoot_VRoot	AdvPre_NPrePre3_BPre3_NStem	AdvPre_OC1_VRoot_VerbTerm
kwa_ma_nzi	PossConc15_NPrePre6_BPre6_NStem	NStem_NStem_NStem	PossConc15_NPrePre6_BPre6_NStem	PossConc15_BPre6_NStem
na_bo	AdvPre_PronStem2	PUNC_PUNC	AdvPre_PronStem2	AdvPre_PronStem2
ba_no_xanduva	RelConc2_CopPre_NPrePre11_BPre11_NStem	VRoot_NStem_NStem	RelConc2_CopPre_NPrePre11_BPre11_NStem	BPre2_CopPre_NStem
lo_ku_bonelel_a	PossConc11_NPrePre15_BPre15_VRoot_VerbTerm	NStem_NStem_NStem_NStem	PossConc11_NPrePre15_BPre15_VRoot_VerbTerm	PossConc5_OC15_VRoot_VerbTerm
a_ma_ziko	NPrePre6_BPre6_NStem	NStem_NStem_NStem	NPrePre6_BPre6_NStem	NPrePre6_BPre6_NStem
a_s_i_s_ambuku	RelConc6_CopPre_NPrePre7_BPre7_NStem	VRoot_VRoot_VRoot_VRoot_VRoot	RelConc6_CopPre_NPrePre7_BPre7_NStem	PossConc6_PreLocs_NPrePre4_BPre7_NStem
.	Punc	PUNC	Punc	PUNC
U_xanduva	NPrePre11_NStem	NStem_NStem	NPrePre11_NStem	NPrePre1a_NStem
lwe_zin_dlu	PossConc11_NPrePre10_BPre10_NStem	NStem_NStem_NStem	PossConc11_NPrePre10_BPre10_NStem	PossConc11_NPre10_NStem
ku_mel_e	SC15_AuxVStem	NStem_NStem_NStem	SC15_AuxVStem	SC15_VRoot_VerbTerm
lu_tshintshel_w_e	SC11_VRoot_ApplExt_PassExt_VerbTerm	VRoot_VRoot_VRoot_VRoot	SC11_VRoot_ApplExt_PassExt_VerbTerm	SC11_VRoot_PassExt_VerbTerm
kw_i_nqanaba	LocPre_NPrePre9_BPre5_NStem	NStem_NStem_NStem	LocPre_NPrePre9_BPre5_NStem	PossConc15_BPre4_NStem
a_pho	Dem16_Pos2	PUNC_PUNC	Dem16_Pos2	PossConc6_Interrog
u_ku_cwangcis_w_a	NPrePre15_BPre15_VRoot_PassExt_VerbTerm	VRoot_VRoot_VRoot_VRoot_VRoot	NPrePre15_BPre15_VRoot_PassExt_VerbTerm	SC3_OC15_VRoot_PassExt_VerbTerm
kw_enz_iw_a	SC15_VRoot_PassExt_VerbTerm	VRoot_VRoot_VRoot_VRoot	SC15_VRoot_PassExt_VerbTerm	SC15_VRoot_PassExt_VerbTerm
khona	Adv	PUNC	Adv	Adv
:	Punc	PUNC	Punc	PUNC
kw_i_nqanaba	LocPre_NPrePre5_BPre5_NStem	NStem_NStem_NStem	LocPre_NPrePre5_BPre5_NStem	PossConc15_BPre4_NStem
li_ka_masipala	PossConc5_PossKA_NStem	NStem_NStem_NStem	PossConc5_PossKA_NStem	BPre5_AdvPre_NStem
.	Punc	PUNC	Punc	PUNC
I_si_cwangciso	NPrePre7_BPre7_NStem	VRoot_VRoot_VRoot	NPrePre7_BPre7_NStem	NPrePre9_BPre7_NStem
si_bek_a	SC7_VRoot_VerbTerm	NStem_NStem_NStem	SC7_VRoot_VerbTerm	SC7_VRoot_VerbTerm
i_in_gcebiso	NPrePre10_BPre10_NStem	VRoot_NStem_VRoot	NPrePre10_BPre10_NStem	NPrePre9_BPre9_NStem
zo_ku_phuhl_is_w_a	PossConc10_NPre15_BPre15_VRoot_CausExt_PassExt_VerbTerm	VRoot_VRoot_VRoot_VRoot_VRoot_VRoot	PossConc10_NPre15_BPre15_VRoot_CausExt_PassExt_VerbTerm	AdvPre_OC15_VRoot_CausExt_PassExt_VerbTerm
kwe_dolophu	PossConc15_NPrePre9_NStem	NStem_NStem	PossConc15_NPrePre9_NStem	PossConc15_NStem
oku_sebenz_a_yo	RelConc15_VRoot_VerbTerm_RelSuf	VRoot_VRoot_VRoot_VRoot	RelConc15_VRoot_VerbTerm_RelSuf	RelConc15_VRoot_VerbTerm_RelSuf
.	Punc	PUNC	Punc	PUNC
E_nye	AdjPref9_AdjStem	PUNC_PUNC	AdjPref9_AdjStem	LocPre_EnumStem
i_projekthi	NPrePre9_NStem	NStem_NStem	NPrePre9_NStem	NPrePre4_NStem
yo_phuhliso	PossConc9_NPrePre11_BPre11_NStem	NStem_NStem	PossConc9_NPrePre11_BPre11_NStem	PossConc9_NStem
lwa_ma_phandle	PossConc11_NPrePre6_BPre6_Adv	NStem_NStem_NStem	PossConc11_NPrePre6_BPre6_Adv	PossConc11_BPre6_NStem
y_enz_a	SC9_VRoot_VerbTerm	NStem_NStem_NStem	SC9_VRoot_VerbTerm	SC9_VRoot_VerbTerm
i_mb_o_leko__mali	NPrePre9_BPre9_NStem_NStem	VRoot_VRoot_VRoot_VRoot_VRoot	NPrePre9_BPre9_NStem_NStem	BPre9_VRoot_LocPre_NStem_NStem
u_kuba	Conj	PUNC_PUNC	Conj	NPrePre1a_NStem
i_fuman_ek_e	SC9_VRoot_NeutExt_VerbTerm	NStem_NStem_NStem_NStem	SC9_VRoot_NeutExt_VerbTerm	SC9_VRoot_NeutExt_VerbTerm
ku_ma_doda	LocPre_NPrePre6_BPre6_NStem	NStem_NStem_NStem	LocPre_NPrePre6_BPre6_NStem	LocPre_BPre6_NStem
njenge_e_n_tloko	AdvPre_NPrePre10_BPre10_NStem	NStem_NStem_NStem_NStem	AdvPre_NPrePre10_BPre10_NStem	AdvPre_LocPre_BPre9_NStem
za_ma_khaya	PossConc10_NPrePre6_BPre6_NStem	NStem_NStem_NStem	PossConc10_NPrePre6_BPre6_NStem	PossConc9_BPre6_NStem
u_kw_enz_el_a	NPrePre15_BPre15_VRoot_ApplExt_VerbTerm	VRoot_VRoot_NStem_VRoot_VRoot	NPrePre15_BPre15_VRoot_ApplExt_VerbTerm	SC2ps_OC15_VRoot_ApplExt_VerbTerm
u_ku_phuhl_is_a	NPrePre15_BPre15_VRoot_CausExt_VerbTerm	VRoot_VRoot_VRoot_VRoot_VRoot	NPrePre15_BPre15_VRoot_CausExt_VerbTerm	SC2ps_OC15_VRoot_CausExt_VerbTerm
u_limo	NPrePre11_NStem	NStem_NStem	NPrePre11_NStem	NPrePre1a_NStem
olu_ncinci	AdjPref11_AdjStem	NStem_NStem	AdjPref11_AdjStem	RelConc11_NStem
.	Punc	PUNC	Punc	PUNC
Oku	Dem15_Pos1	PUNC	Dem15_Pos1	CDEM15
ya_yik_u_ku_sabel_a	Past_SC9_SC15_BPre15_VRoot_VerbTerm	VRoot_VRoot_VRoot_VRoot_VRoot_VRoot	Past_SC9_SC15_BPre15_VRoot_VerbTerm	SC9_VRoot_NPrePre15_OC15_VRoot_VerbTerm
ku_hlolo	LocPre_NPrePre11_NStem	NStem_NStem	LocPre_NPrePre11_NStem	LocPre_NStem
lwe_e_m_funo	PossConc11_NPrePre10_BPre10_NStem	VRoot_VRoot_VRoot_VRoot	PossConc11_NPrePre10_BPre10_NStem	PossConc11_LocPre_BPre3_NStem
olw_a_fuman_is_a	RelConc11_VRoot_CausExt_VerbTerm	VRoot_VRoot_VRoot_VRoot_VRoot	RelConc11_VRoot_CausExt_VerbTerm	VRoot_SC6_VRoot_CausExt_VerbTerm
u_kuba	Conj	PUNC_PUNC	Conj	NPrePre1a_NStem
u_limo	NPrePre11_NStem	NStem_NStem	NPrePre11_NStem	NPrePre1a_NStem
ku_laa	LocPre_Dem3_Pos3	NStem_NStem	LocPre_Dem3_Pos3	SC15_AuxVStem
m_mandla	BPre3_NStem	NStem_NStem	BPre3_NStem	BPre3_NStem
lw_a_lu_fun_a	SC11_Past_BPre11_VRoot_VerbTerm	VRoot_VRoot_VRoot_VRoot_VRoot	SC11_Past_BPre11_VRoot_VerbTerm	SC11_VerbTerm_OC11_VRoot_VerbTerm
u_tyalo__mali	NPrePre11_NStem_NStem	NStem_NStem_NStem	NPrePre11_NStem_NStem	NPrePre1a_NStem_NStem
olu_y_i_n_ku_zi	RelConc11_CopPre_NPrePre9_BPre9_NStem	VRoot_VRoot_VRoot_VRoot_VRoot_VRoot	RelConc11_CopPre_NPrePre9_BPre9_NStem	RelConc11_CopPre_NPrePre9_BPre9_BPre15_NStem
u_kw_enz_el_a	NPrePre15_BPre15_VRoot_ApplExt_VerbTerm	VRoot_VRoot_VRoot_VRoot_VRoot	NPrePre15_BPre15_VRoot_ApplExt_VerbTerm	SC1a_OC15_VRoot_ApplExt_VerbTerm
u_kuba	Conj	PUNC_PUNC	Conj	NPrePre1a_NStem
lu_velis_e	SC11_VRoot_CausExt_VerbTerm	NStem_NStem_NStem	SC11_VRoot_CausExt_VerbTerm	CopPre_VRoot_VerbTerm
.	Punc	PUNC	Punc	PUNC
Xa	Conj	PUNC	Conj	ProperName
i_i_projekthi	NPrePre10_BPre10_NStem	NStem_NStem_NStem	NPrePre10_BPre10_NStem	NPrePre4_NPrePre4_NStem
ezi_ninzi	AdjPref8_AdjStem	NStem_NStem	AdjPref8_AdjStem	AdjPref7_AdjStem
zolu	PossConc10_Dem11_Pos1	PUNC	PossConc10_Dem11_Pos1	CDEM11
hlobo	NStem	PUNC	NStem	NStem
z_asilel_a	SC10_Past_VRoot_VerbTerm	NStem_NStem_NStem	SC10_Past_VRoot_VerbTerm	SC2_VRoot_VerbTerm
a_ba_xhasi	NPrePre2_BPre2_NStem	NStem_NStem_NStem	NPrePre2_BPre2_NStem	PossConc6_OC2_NStem
ba_phand_a	SC2_Past_VRoot_VerbTerm	NStem_NStem_NStem	SC2_Past_VRoot_VerbTerm	SC2_VRoot_VerbTerm
kwaye	Conj	PUNC	Conj	Adv
ba_fuman_is_a	SC2_Past_VRoot_VerbTerm	NStem_NStem_NStem_NStem	SC2_Past_VRoot_VerbTerm	SC2_VRoot_CausExt_VerbTerm
u_kuba	Conj	PUNC_PUNC	Conj	NPrePre1a_NStem
i_i_mali__mb_o_leko	NPrePre10_BPre10_NStem_BPre9_NStem	VRoot_VRoot_VRoot_VRoot_VRoot_VRoot	NPrePre10_BPre10_NStem_BPre9_NStem	BPre9_BPre9_NStem_VRoot_VerbTerm_NStem
z_ange	AuxVStem	PUNC_PUNC	AuxVStem	BPre5_NStem
zi_setyenz_is_el_w_e	SC10_VRoot_CausExt_ApplExt_PassExt_VerbTerm	VRoot_VRoot_VRoot_VRoot_VRoot_VRoot	SC10_VRoot_CausExt_ApplExt_PassExt_VerbTerm	SC2_VRoot_CausExt_ApplExt_PassExt_VerbTerm
u_limo	NPrePre11_NStem	NStem_NStem	NPrePre11_NStem	NPrePre1a_NStem
,	Punc	PUNC	Punc	PUNC
okanye	Conj	Adv	Conj	Adv
u_kuba	Conj	PUNC_PUNC	Conj	NPrePre1a_NStem
za_setyenz_is_w_a	SC10_Past_VRoot_CausExt_PassExt_VerbTerm	VRoot_VRoot_VRoot_VRoot_VRoot	SC10_Past_VRoot_CausExt_PassExt_VerbTerm	SC15_VRoot_CausExt_PassExt_VerbTerm
,	Punc	PUNC	Punc	PUNC
za_setyenz_is_el_w_a	SC10_Past_VRoot_CausExt_ApplExt_PassExt_VerbTerm	VRoot_VRoot_VRoot_VRoot_VRoot_VRoot	SC10_Past_VRoot_CausExt_ApplExt_PassExt_VerbTerm	SC2_VRoot_CausExt_ApplExt_PassExt_VerbTerm
i_zin_to	NPrePre10_BPre10_NStem	NStem_NStem_NStem	NPrePre10_BPre10_NStem	BPre4_VRoot_NStem
ezi_nga_fanel_ek_a_nga	RelConc10_NegPre_VRoot_NeutExt_VerbTerm_NegPre	VRoot_VRoot_VRoot_VRoot_VRoot_VRoot	RelConc10_NegPre_VRoot_NeutExt_VerbTerm_NegPre	RelConc10_Pot_VRoot_NeutExt_VerbTerm_NegPre
.	Punc	PUNC	Punc	PUNC
Kwa_khona	AdvPre_Adv	NStem_NStem	AdvPre_Adv	PossConc15_Adv
ba_fuman_is_a	SC2_Past_VRoot_VerbTerm	NStem_NStem_NStem_NStem	SC2_Past_VRoot_VerbTerm	SC2_VRoot_CausExt_VerbTerm
u_kuba	Conj	PUNC_PUNC	Conj	NPrePre1a_NStem
nangona	Conj	PUNC	Conj	Conj
u_limo	NPrePre11_NStem	NStem_NStem	NPrePre11_NStem	NPrePre1a_NStem
lw_a_lu_se_nz_iw_a	SC11_Past_BPre11_ProgPre_VRoot_PassExt_VerbTerm	VRoot_VRoot_VRoot_VRoot_VRoot_VRoot_VRoot	SC11_Past_BPre11_ProgPre_VRoot_PassExt_VerbTerm	CopPre_VerbTerm_SC11_ProgPre_VRoot_PassExt_VerbTerm
nga_ma_khosikazi	CopPre_NPrePre9_BPre6_NStem	NStem_NStem_NStem	CopPre_NPrePre9_BPre6_NStem	AdvPre_BPre6_NStem
ng_okwe_nene	AdvPre_AdvPre_NPrePre9_Adv	NStem_NStem_NStem	AdvPre_AdvPre_NPrePre9_Adv	AdvPre_RelConc15_AdjStem
kwaye	Conj	PUNC	Conj	Conj
a_ma_doda	NPrePre6_BPre6_NStem	NStem_NStem_NStem	NPrePre6_BPre6_NStem	NPrePre6_BPre6_NStem
a_ma_ninzi	AdjPref6_AdjStem	NStem_NStem_NStem	AdjPref6_AdjStem	PossConc6_BPre6_NStem
a_ya	SC6_Fut	PUNC_PUNC	SC6_Fut	RelConc6_AuxVStem
ku_sebenz_a	SC15_VRoot_VerbTerm	NStem_NStem_NStem	SC15_VRoot_VerbTerm	BPre15_VRoot_VerbTerm
ezi_doloph_ini	LocPre_BPre10_NStem_LocSuf	NStem_NStem_NStem	LocPre_BPre10_NStem_LocSuf	RelConc7_NStem_LocSuf
,	Punc	PUNC	Punc	PUNC
i_i_mali__mb_o_leko	NPrePre10_BPre10_NStem_BPre9_NStem	VRoot_VRoot_VRoot_VRoot_VRoot_VRoot	NPrePre10_BPre10_NStem_BPre9_NStem	NPrePre4_NPrePre4_NStem_VRoot_VerbTerm_NStem
z_enz_iw_a	SC10_VRoot_PassExt_VerbTerm	VRoot_VRoot_VRoot_VRoot	SC10_VRoot_PassExt_VerbTerm	SC2_VRoot_PassExt_VerbTerm
z_a_fuman_ek_a	SC10_Past_VRoot_NeutExt_VerbTerm	VRoot_NStem_NStem_VRoot_VRoot	SC10_Past_VRoot_NeutExt_VerbTerm	VRoot_SC6_VRoot_NeutExt_VerbTerm
ku_ma_doda	LocPre_NPrePre6_BPre6_NStem	NStem_NStem_NStem	LocPre_NPrePre6_BPre6_NStem	LocPre_BPre6_NStem
kwaye	Conj	PUNC	Conj	Adv
ngenxa	Conj	PUNC	Conj	Adv
ye_n_dima	PossConc9_NPrePre9_BPre9_NStem	NStem_NStem_NStem	PossConc9_NPrePre9_BPre9_NStem	PossConc9_BPre9_NStem
ya_bo	PossConc9_PronStem2	PUNC_PUNC	PossConc9_PronStem2	PossConc9_PronStem2
ye_si_thethe	PossConc9_NPrePre7_BPre7_NStem	NStem_NStem_NStem	PossConc9_NPrePre7_BPre7_NStem	PossConc9_BPre7_NStem
yo_kuba	PossConc9_Conj	PUNC_PUNC	PossConc9_Conj	PronStem9_NStem
y_i_n_tloko	CopPre_NPrePre9_BPre9_NStem	NStem_NStem_NStem_NStem	CopPre_NPrePre9_BPre9_NStem	CopPre_NPrePre9_BPre9_NStem
yo_sapho	PossConc9_NPrePre11_BPre11_NStem	NStem_NStem	PossConc9_NPrePre11_BPre11_NStem	PossConc9_NStem
,	Punc	PUNC	Punc	PUNC
ba_be_no_kw_enz_a	SC2_Past_AdvPre_NPrePre15_BPre15_VRoot_VerbTerm	VRoot_VRoot_VRoot_VRoot_NStem_NStem	SC2_Past_AdvPre_NPrePre15_BPre15_VRoot_VerbTerm	SC2_AuxVStem_AdvPre_OC15_VRoot_VerbTerm
i_zi_gqibo	NPrePre8_BPre8_NStem	NStem_NStem_NStem	NPrePre8_BPre8_NStem	NPrePre4_BPre7_NStem
ma_lunga	Adv	PUNC_PUNC	Adv	BPre6_NStem
ne_n_dlel_a	AdvPre_NPrePre9_BPre9_NStem	NStem_NStem_NStem_NStem	AdvPre_NPrePre9_BPre9_NStem	AdvPre_BPre9_VRoot_VerbTerm
yo_ku_sebenz_is_a	PossConc9_NPrePre15_BPre15_VRoot_CausExt_VerbTerm	VRoot_VRoot_VRoot_VRoot_VRoot	PossConc9_NPrePre15_BPre15_VRoot_CausExt_VerbTerm	PossConc4_OC15_VRoot_CausExt_VerbTerm
i_mali	NPrePre9_NStem	PUNC_PUNC	NPrePre9_NStem	NPre9_NStem
.	Punc	PUNC	Punc	PUNC
U_dliwano__ndlebe	NPrePre11_NStem_BPre9_NStem	VRoot_VRoot_VRoot	NPrePre11_NStem_BPre9_NStem	NPrePre1a_NStem_NStem
lo_hlahlo	PossConc11_NPrePre11_BPre11_NStem	NStem_NStem	PossConc11_NPrePre11_BPre11_NStem	RelConc3_NStem
lw_ab_iwo__mali	BPre11_NStem_NStem	VRoot_VRoot_VRoot_VRoot	BPre11_NStem_NStem	BPre11_VRoot_PassExt_NStem
z_i_in_tlanganiso	CopPre_NPrePre10_BPre10_NStem	VRoot_NStem_NStem_NStem	CopPre_NPrePre10_BPre10_NStem	PossConc14_NPrePre9_BPre9_NStem
ezi_zo_dwa	RelConc10_QuantConc10_QuantStem	NStem_NStem_NStem	RelConc10_QuantConc10_QuantStem	RelConc7_Fut_NStem
zo_gqithiso	PossConc10_NPrePre11_NStem	NStem_NStem	PossConc10_NPrePre11_NStem	NPre2a_NStem
lwe_n_gxelo	PossConc11_NPrePre9_BPre9_NStem	VRoot_VRoot_VRoot	PossConc11_NPrePre9_BPre9_NStem	PossConc11_NPre9_NStem
na_l_apho	AdvPre_CopPre_Dem16_Pos2	NStem_NStem_NStem	AdvPre_CopPre_Dem16_Pos2	AdvPre_BPre5_NStem
a_ma_lungu	NPrePre6_BPre6_NStem	NStem_NStem_NStem	NPrePre6_BPre6_NStem	NPrePre6_BPre6_NStem
e_bhunga	PossConc6_NPrePre5_BPre5_NStem	NStem_PUNC	PossConc6_NPrePre5_BPre5_NStem	LocPre_NStem
kw_i_wadi	LocPre_NPrePre9_NStem	NStem_NStem_NStem	LocPre_NPrePre9_NStem	PossConc15_BPre9_NStem
ku_funek_a	SC15_VRoot_VerbTerm	NStem_NStem_NStem	SC15_VRoot_VerbTerm	BPre15_VRoot_VerbTerm
ezi_sebenzis_ile	RelConc8_VRoot_CausExt_Perf_VerbTerm	NStem_NStem_NStem	RelConc8_VRoot_CausExt_Perf_VerbTerm	RelConc10_VRoot_Perf
e_ku_xox_e_ni	LocPre_NPrePre15_BPre15_VRoot_VerbTerm_LocSuf	VRoot_VRoot_VRoot_VRoot_VRoot	LocPre_NPrePre15_BPre15_VRoot_VerbTerm_LocSuf	LocPre_OC15_VRoot_VerbTerm_LocSuf
ngo_phuhliso	AdvPre_NPrePre11_BPre11_NStem	NStem_NStem	AdvPre_NPrePre11_BPre11_NStem	CopPre_NStem
ku_hlahlo	LocPre_NPrePre11_NStem	NStem_NStem	LocPre_NPrePre11_NStem	LocPre_NStem
lw_ab_iwo__mali	BPre11_NStem_NStem	PUNC_PUNC_PUNC_PUNC	BPre11_NStem_NStem	BPre11_VRoot_PassExt_NStem
no_ku_cac_is_a	AdvPre_NPrePre15_BPre15_VRoot_CausExt_VerbTerm	VRoot_VRoot_VRoot_VRoot_VRoot	AdvPre_NPrePre15_BPre15_VRoot_CausExt_VerbTerm	AdvPre_OC15_VRoot_CausExt_VerbTerm
oku_tshintsh_il_e_yo	RelConc15_VRoot_Perf_VerbTerm_RelSuf	VRoot_VRoot_VRoot_VRoot_VRoot	RelConc15_VRoot_Perf_VerbTerm_RelSuf	RelConc15_VRoot_ApplExt_VerbTerm_RelSuf
kw_i_zi_cwangciso	LocPre_NPrePre8_BPre8_NStem	VRoot_NStem_VRoot_NStem	LocPre_NPrePre8_BPre8_NStem	PossConc15_NPrePre4_BPre7_NStem
zo_ku_qal_a	PossConc10_NPrePre15_BPre15_VRoot_VerbTerm	NStem_NStem_NStem_NStem	PossConc10_NPrePre15_BPre15_VRoot_VerbTerm	AdvPre_OC15_VRoot_VerbTerm
.	Punc	PUNC	Punc	PUNC
Xa	Conj	PUNC	Conj	ProperName
u_ngen_a_zo	CopPre_NegPre_CopPre_PronStem10	NStem_NStem_NStem_NStem	CopPre_NegPre_CopPre_PronStem10	SC2ps_VRoot_VerbTerm_PronStem4
i_i_kopi	NPrePre10_BPre10_NStem	NStem_NStem_NStem	NPrePre10_BPre10_NStem	NPrePre4_NPrePre4_NStem
ze__I_DP	PossConc8_NPrePre9_Abbr	NStem_NStem_NStem	PossConc8_NPrePre9_Abbr	AdvPre_NPrePre4_Abbr
kunye	Conj	PUNC	Conj	Conj
/	Punc	PUNC	Punc	PUNC
okanye	Conj	PUNC	Conj	Adv
aba_thathi__n_xaxheba	NPrePre2_BPre2_NStem_BPre9_NStem	VRoot_VRoot_VRoot_VRoot	NPrePre2_BPre2_NStem_BPre9_NStem	RelConc2_NStem_BPre9_NStem
ba_be	SC2_AuxVStem	PUNC_PUNC	SC2_AuxVStem	SC2_AuxVStem
be_nga_y_az_i	SC2_NegPre_SC9_VRoot_VerbTerm	NStem_NStem_NStem_NStem_NStem	SC2_NegPre_SC9_VRoot_VerbTerm	SC2_NegPre_OC9_VRoot_VerbTerm
i__I_DP	NPrePre9_Abbr	NStem_NStem_NStem	NPrePre9_Abbr	NPre9_NPre9_Abbr
ba_cac_is_el_e	SC2_VRoot_ApplExt_VerbTerm	VRoot_VRoot_VRoot_VRoot_VRoot	SC2_VRoot_ApplExt_VerbTerm	SC2_VRoot_CausExt_ApplExt_VerbTerm
a_ma_bakal_a	NPrePre6_BPre6_NStem	NStem_NStem_NStem_NStem	NPrePre6_BPre6_NStem	NPrePre6_BPre6_VRoot_VerbTerm
a_kw_i_phepha	RelConc6_LocPre_NPrePre5_BPre5_NStem	NStem_NStem_NStem_NStem	RelConc6_LocPre_NPrePre5_BPre5_NStem	NegPre_BPre15_NPrePre4_NStem
la_ma__3_3	PossConc5_BPre6_Num	NStem_NStem_NStem_NStem	PossConc5_BPre6_Num	PossConc5_AdjPref6_Num_Num
,	Punc	Conj	Punc	PUNC
u_ba_chaz_el_a	SC1_OC2_VRoot_ApplExt_VerbTerm	VRoot_VRoot_VRoot_VRoot_VRoot	SC1_OC2_VRoot_ApplExt_VerbTerm	SC2ps_SC2_VRoot_ApplExt_VerbTerm
i_bakal_a	NPrePre5_BPre5_NStem	NStem_NStem_NStem	NPrePre5_BPre5_NStem	SC9_VRoot_VerbTerm
nga_li_nye	AdvPre_EnumConc5_EnumStem	NStem_NStem_NStem	AdvPre_EnumConc5_EnumStem	AdvPre_AdjPref5_AdjStem
u_ba_bon_is_a	SC1_SC2_VRoot_CausExt_VerbTerm	VRoot_VRoot_VRoot_VRoot_VRoot	SC1_SC2_VRoot_CausExt_VerbTerm	SC2ps_OC2_VRoot_CausExt_VerbTerm
i_n_dlel_a	NPrePre9_BPre9_NStem	NStem_NStem_NStem_NStem	NPrePre9_BPre9_NStem	NPrePre9_BPre9_VRoot_VerbTerm
i_bakal_a	NPrePre5_BPre5_NStem	NStem_NStem_NStem	NPrePre5_BPre5_NStem	SC9_VRoot_VerbTerm
nga_li_nye	AdvPre_EnumConc5_EnumStem	NStem_NStem_NStem	AdvPre_EnumConc5_EnumStem	AdvPre_AdjPref5_AdjStem
eli_be	RelConc5_Cop	PUNC_PUNC	RelConc5_Cop	RelConc5_AuxVStem
ne_e_m_pembelelo	AdvPre_NPrePre10_BPre10_NStem	VRoot_VRoot_VRoot_VRoot	AdvPre_NPrePre10_BPre10_NStem	AdvPre_LocPre_BPre3_NStem
nga_yo	AdvPre_PronStem9	PUNC_PUNC	AdvPre_PronStem9	AdvPre_PronStem9
kw_i__I_DP	LocPre_NPrePre9_Abbr	NStem_NStem_NStem_NStem	LocPre_NPrePre9_Abbr	PossConc15_NPre9_NPre9_Abbr
ya_bo	PossConc9_PronStem2	PUNC_PUNC	PossConc9_PronStem2	PossConc9_PronStem2
.	Punc	PUNC	Punc	PUNC
Xa	Conj	PUNC	Conj	ProperName
aba_thathi__n_xaxheba	NPrePre2_BPre2_NStem_BPre9_NStem	VRoot_VRoot_VRoot_VRoot	NPrePre2_BPre2_NStem_BPre9_NStem	RelConc2_NStem_BPre9_NStem
be_yi_qhel_ile	SC2_OC9_VRoot_Perf	VRoot_NStem_VRoot_NStem	SC2_OC9_VRoot_Perf	SC2_OC9_VRoot_Perf
i__I_DP	NPrePre9_Abbr	NStem_NStem_NStem	NPrePre9_Abbr	NPrePre4_NPrePre4_Abbr
ya_bo	PossConc9_PronStem2	PUNC_PUNC	PossConc9_PronStem2	PossConc9_PronStem2
ba_khany_is_el_e	SC2_VRoot_CausExt_ApplExt_VerbTerm	VRoot_VRoot_VRoot_VRoot_VRoot	SC2_VRoot_CausExt_ApplExt_VerbTerm	SC2_VRoot_CausExt_ApplExt_VerbTerm
ng_a_ma_bakal_a	CopPre_NPrePre6_BPre6_NStem	NStem_NStem_NStem_NStem_NStem	CopPre_NPrePre6_BPre6_NStem	AdvPre_NPrePre6_BPre6_VRoot_VerbTerm
u_ze	SC1_AuxVStem	PUNC_PUNC	SC1_AuxVStem	NPrePre1a_NStem
u_ba_buz_e	SC2ps_OC2_VRoot_VerbTerm	NStem_NStem_NStem_NStem	SC2ps_OC2_VRoot_VerbTerm	SC3_SC2_VRoot_VerbTerm
nge_n_dlel_a	AdvPre_NPrePre9_BPre9_NStem	NStem_NStem_NStem_NStem	AdvPre_NPrePre9_BPre9_NStem	AdvPre_BPre9_VRoot_VerbTerm
aba_thath_e	RelConc2_VRoot_VerbTerm	NStem_NStem_NStem	RelConc2_VRoot_VerbTerm	RelConc2_VRoot_VerbTerm
i_n_xaxheba	NPrePre9_BPre9_NStem	NStem_NStem_NStem	NPrePre9_BPre9_NStem	NPrePre9_BPre9_NStem
nga_yo	AdvPre_PronStem9	PUNC_PUNC	AdvPre_PronStem9	AdvPre_PronStem9
kw_i_bakal_a	LocPre_NPrePre5_BPre5_NStem	NStem_NStem_NStem_NStem	LocPre_NPrePre5_BPre5_NStem	BPre15_NPrePre4_VRoot_VerbTerm
nga_li_nye	AdvPre_EnumConc5_EnumStem	NStem_NStem_NStem	AdvPre_EnumConc5_EnumStem	AdvPre_AdjPref5_AdjStem
.	Punc	PUNC	Punc	PUNC
U_ku_phuhl_is_a	NPrePre15_BPre15_VRoot_CausExt_VerbTerm	VRoot_VRoot_NStem_VRoot_VRoot	NPrePre15_BPre15_VRoot_CausExt_VerbTerm	SC3_OC15_VRoot_CausExt_VerbTerm
i_si_cwangciso	NPrePre7_BPre7_NStem	VRoot_VRoot_VRoot	NPrePre7_BPre7_NStem	NPrePre4_BPre7_NStem
se_wadi	PossConc7_NPrePre9_NStem	NStem_NStem	PossConc7_NPrePre9_NStem	PossConc7_NStem
ku_thath_a	SC15_VRoot_VerbTerm	NStem_NStem_NStem	SC15_VRoot_VerbTerm	BPre15_VRoot_VerbTerm
i_xesha	NPrePre5_BPre5_NStem	NStem_NStem	NPrePre5_BPre5_NStem	NPrePre4_NStem
kwaye	Conj	PUNC	Conj	Adv
si_fun_a	SC7_VRoot_VerbTerm	NStem_NStem_NStem	SC7_VRoot_VerbTerm	SC1_VRoot_VerbTerm
u_kw_enz_iw_a	NPrePre15_BPre15_VRoot_PassExt_VerbTerm	VRoot_VRoot_VRoot_VRoot_VRoot	NPrePre15_BPre15_VRoot_PassExt_VerbTerm	SC3_OC15_VRoot_PassExt_VerbTerm
ngo_ku_qaphel_a	AdvPre_NPrePre15_BPre15_VRoot_VerbTerm	VRoot_VRoot_VRoot_VRoot	AdvPre_NPrePre15_BPre15_VRoot_VerbTerm	CopPre_OC15_VRoot_VerbTerm
.	Punc	PUNC	Punc	PUNC
I_n_kqubo	NPrePre9_BPre9_NStem	NStem_NStem_NStem	NPrePre9_BPre9_NStem	NPrePre9_BPre9_NStem
i_bandakany_a	SC9_VRoot_VerbTerm	VRoot_VRoot_VRoot	SC9_VRoot_VerbTerm	SC9_VRoot_VerbTerm
u_hlalutyo	NPrePre11_NStem	NStem_NStem	NPrePre11_NStem	NPrePre1a_NStem
lwe_meko	PossConc11_NPrePre9_NStem	NStem_NStem	PossConc11_NPrePre9_NStem	PossConc11_NStem
(	Punc	PUNC	Punc	PUNC
i_in_tsuku	NPrePre10_BPre10_NStem	NStem_NStem_NStem	NPrePre10_BPre10_NStem	NPrePre4_NPre9_NStem
ezim_bini	AdjPref10_AdjStem	NStem_NStem	AdjPref10_AdjStem	LocPre_BPre3
)	Punc	PUNC	Punc	PUNC
,	Punc	PUNC	Punc	PUNC
u_ku_hlanganisel_w_a	NPrePre15_BPre15_VRoot_ApplExt_PassExt_VerbTerm	VRoot_VRoot_VRoot_VRoot_VRoot	NPrePre15_BPre15_VRoot_ApplExt_PassExt_VerbTerm	SC1a_BPre15_VRoot_PassExt_VerbTerm
kwe_e_n_kcukacha	PossConc15_NPrePre10_BPre10_NStem	VRoot_VRoot_VRoot_VRoot	PossConc15_NPrePre10_BPre10_NStem	PossConc15_LocPre_BPre9_NStem
(	Punc	PUNC	Punc	PUNC
u_suku	NPrePre11_NStem	PUNC_PUNC	NPrePre11_NStem	NPrePre1a_NStem
olu_nye	AdjPref11_AdjStem	PUNC_PUNC	AdjPref11_AdjStem	AdjPref11_EnumStem
)	Punc	PUNC	Punc	PUNC
,	Punc	PUNC	Punc	PUNC
u_kw_enz_a	NPrePre15_BPre15_VRoot_VerbTerm	NStem_NStem_NStem_NStem	NPrePre15_BPre15_VRoot_VerbTerm	SC2ps_OC15_VRoot_VerbTerm
i_si_cwangciso	NPrePre7_BPre7_NStem	VRoot_VRoot_VRoot	NPrePre7_BPre7_NStem	NPrePre4_BPre7_NStem
se_n_kqubo	PossConc7_NPrePre9_BPre9_NStem	VRoot_NStem_NStem	PossConc7_NPrePre9_BPre9_NStem	PossConc7_BPre9_NStem
(	Punc	PUNC	Punc	PUNC
u_suku	NPrePre11_NStem	PUNC_PUNC	NPrePre11_NStem	NPrePre1a_NStem
olu_nye	AdjPref11_AdjStem	PUNC_PUNC	AdjPref11_AdjStem	AdjPref11_AdjStem
)	Punc	Adv	Punc	PUNC
no_kw_enz_a	AdvPre_NPrePre15_BPre15_VRoot_VerbTerm	VRoot_VRoot_VRoot_NStem	AdvPre_NPrePre15_BPre15_VRoot_VerbTerm	AdvPre_OC15_VRoot_VerbTerm
i_si_cwangciso	NPrePre7_BPre7_NStem	VRoot_VRoot_VRoot	NPrePre7_BPre7_NStem	NPrePre4_BPre7_NStem
se_m_pumezo	PossConc7_NPrePre9_BPre9_NStem	NStem_NStem_NStem	PossConc7_NPrePre9_BPre9_NStem	PossConc7_BPre3_NStem
(	Punc	PUNC	Punc	PUNC
u_suku	NPrePre11_NStem	PUNC_PUNC	NPrePre11_NStem	NPrePre1a_NStem
olu_nye	AdjPref11_AdjStem	PUNC_PUNC	AdjPref11_AdjStem	AdjPref11_AdjStem
)	Punc	PUNC	Punc	PUNC
.	Punc	PUNC	Punc	PUNC
U_ku_nced_is_a	NPrePre15_BPre15_VRoot_CausExt_VerbTerm	VRoot_VRoot_VRoot_VRoot_VRoot	NPrePre15_BPre15_VRoot_CausExt_VerbTerm	SC2ps_OC15_VRoot_CausExt_VerbTerm
kw_i_n_kqubo	LocPre_NPrePre9_BPre9_NStem	VRoot_VRoot_VRoot_VRoot	LocPre_NPrePre9_BPre9_NStem	PossConc15_NPrePre9_BPre9_NStem
ye_si_cwangciso	PossConc9_NPrePre7_BPre7_NStem	VRoot_VRoot_VRoot	PossConc9_NPrePre7_BPre7_NStem	PossConc9_BPre7_NStem
kw_enz_iw_a	BPre15_VRoot_PassExt_VerbTerm	NStem_VRoot_VRoot_VRoot	BPre15_VRoot_PassExt_VerbTerm	SC15_VRoot_PassExt_VerbTerm
y_i_Komiti	CopPre_NPrePre9_NStem	NStem_NStem_NStem	CopPre_NPrePre9_NStem	CopPre_NPre9_NStem
ye_Wadi	PossConc9_NPrePre9_NStem	NStem_NStem	PossConc9_NPrePre9_NStem	PossConc9_NStem
e_qeqesh_iw_e_yo	RelConc9_VRoot_PassExt_VerbTerm_RelSuf	VRoot_VRoot_VRoot_VRoot_VRoot	RelConc9_VRoot_PassExt_VerbTerm_RelSuf	LocPre_VRoot_PassExt_VerbTerm_RelSuf
na_ba_bhexeshi	AdvPre_NPrePre2_BPre2_NStem	NStem_NStem_NStem	AdvPre_NPrePre2_BPre2_NStem	AdvPre_BPre2_NStem
ba_ka_masipala	PossConc2_PossKA_NStem	NStem_NStem_NStem	PossConc2_PossKA_NStem	BPre2_ExclNeg_NStem
.	Punc	PUNC	Punc	PUNC
I_si_xokelelwano	NPrePre7_BPre7_NStem	VRoot_VRoot_VRoot	NPrePre7_BPre7_NStem	NPrePre4_BPre7_NStem
esi_banzi	RelConc7_RelStem	NStem_NStem	RelConc7_RelStem	RelConc7_NStem
se_zin_to	PossConc7_NPrePre10_BPre10_NStem	NStem_NStem_NStem	PossConc7_NPrePre10_BPre10_NStem	NegPre_VRoot_PronStem10
ezin_tsha	AdjPref10_AdjStem	PUNC_PUNC	AdjPref10_AdjStem	AdvPre_AdjStem
ezi_dibanis_a	RelConc10_VRoot_VerbTerm	NStem_NStem_NStem	RelConc10_VRoot_VerbTerm	RelConc10_VRoot_VerbTerm
i_i_yunivesithi	NPrePre10_BPre10_NStem	NStem_NStem_NStem	NPrePre10_BPre10_NStem	NPre9_BPre9_NStem
,	Punc	PUNC	Punc	PUNC
a_ma_bhunga	NPrePre6_BPre6_NStem	NStem_NStem_NStem	NPrePre6_BPre6_NStem	NPrePre6_BPre6_NStem
e_nzululwaz_i	PossConc6_NPrePre9_NStem	VRoot_VRoot_VRoot	PossConc6_NPrePre9_NStem	LocPre_VRoot_VerbTerm
n_olu_nye	AdvPre_AdjPref11_AdjStem	NStem_NStem_NStem	AdvPre_AdjPref11_AdjStem	AdvPre_AdjPref11_EnumStem
u_phando	NPrePre11_NStem	PUNC_PUNC	NPrePre11_NStem	NPrePre1a_NStem
na_ba_dlal_a	AdvPre_RelConc2_VRoot_VerbTerm	NStem_NStem_NStem_NStem	AdvPre_RelConc2_VRoot_VerbTerm	AdvPre_BPre2_VRoot_VerbTerm
i_n_dima	NPrePre9_BPre9_NStem	NStem_NStem_NStem	NPrePre9_BPre9_NStem	NPrePre9_BPre9_NStem
ku_phuhliso	LocPre_NPrePre11_BPre11_NStem	NStem_NStem	LocPre_NPrePre11_BPre11_NStem	LocPre_NStem
ne_zin_to	AdvPre_NPrePre10_BPre10_NStem	NStem_NStem_NStem	AdvPre_NPrePre10_BPre10_NStem	AdvPre_BPre10_PronStem10
e_ma_zi_jong_w_e	RelConc9_ImpPre_OC10_VRoot_PassExt_VerbTerm	VRoot_VRoot_VRoot_VRoot_VRoot_VRoot	RelConc9_ImpPre_OC10_VRoot_PassExt_VerbTerm	NPrePre6_BPre6_OC5_VRoot_PassExt_VerbTerm
ku_qal_a	SC15_VRoot_VerbTerm	NStem_NStem_NStem	SC15_VRoot_VerbTerm	BPre15_VRoot_VerbTerm
kw_i_in_kalo	LocPre_NPrePre10_BPre10_NStem	NStem_NStem_NStem_NStem	LocPre_NPrePre10_BPre10_NStem	PossConc15_NPrePre9_BPre9_NStem
zo_qoqosho	PossConc10_NPrePre11_BPre11_NStem	NStem_NStem	PossConc10_NPrePre11_BPre11_NStem	BPre2a_NStem
.	Punc	PUNC	Punc	PUNC
A_ba_thathi__n_xaxheba	NPrePre2_BPre2_NStem_BPre9_NStem	VRoot_VRoot_VRoot_VRoot_VRoot	NPrePre2_BPre2_NStem_BPre9_NStem	RelConc6_BPre2_NStem_BPre9_NStem
ba_fund_a	SC2_VRoot_VerbTerm	NStem_NStem_NStem	SC2_VRoot_VerbTerm	SC2_VRoot_VerbTerm
i_i_meko	NPrePre10_BPre10_NStem	NStem_NStem_NStem	NPrePre10_BPre10_NStem	NPrePre4_BPre4_NStem
ezin_tathu	AdjPref10_AdjStem	NStem_NStem	AdjPref10_AdjStem	AdvPre_NStem
ba_ze	SC2_AuxVStem	PUNC_PUNC	SC2_AuxVStem	BPre2_NStem
ba_phendul_e	SC2_VRoot_VerbTerm	NStem_NStem_NStem	SC2_VRoot_VerbTerm	SC2_VRoot_VerbTerm
i_mi_buzo	NPrePre4_BPre4_NStem	NStem_NStem_NStem	NPrePre4_BPre4_NStem	NPrePre4_BPre4_NStem
.	Punc	PUNC	Punc	PUNC
I_in_kqubo	NPrePre10_BPre10_NStem	NStem_NStem_NStem	NPrePre10_BPre10_NStem	NPrePre9_BPre9_NStem
zo_kw_enz_a	PossConc10_NPrePre15_BPre15_VRoot_VerbTerm	NStem_NStem_NStem_NStem	PossConc10_NPrePre15_BPre15_VRoot_VerbTerm	RelConc3_OC15_VRoot_VerbTerm
i_zi_cwangciso	NPrePre8_BPre8_NStem	VRoot_VRoot_VRoot	NPrePre8_BPre8_NStem	NPrePre4_Pres_NStem
_	Punc		Punc	
z_enz_a	SC10_VRoot_VerbTerm	NStem_NStem_NStem	SC10_VRoot_VerbTerm	BPre15_VRoot_VerbTerm
u_kuba	Conj	PUNC_PUNC	Conj	NPrePre1a_NStem
i_projekthi	NPrePre9_NStem	NStem_NStem	NPrePre9_NStem	NPrePre4_NStem
i_qhub_e	SC9_VRoot_VerbTerm	NStem_NStem_NStem	SC9_VRoot_VerbTerm	SC9_VRoot_VerbTerm
nga_phandle	AdvPre_Adv	NStem_NStem	AdvPre_Adv	AdvPre_Adv
kwa_ma_gingxi__gingxi	PossConc15_NPrePre6_BPre6_NStem_NStem	VRoot_VRoot_VRoot_VRoot	PossConc15_NPrePre6_BPre6_NStem_NStem	PossConc15_BPre6_NStem_NStem
kwaye	Conj	PUNC	Conj	Foreign
ne_e_n_gxaki	AdvPre_NPrePre9_BPre9_NStem	VRoot_NStem_VRoot_VRoot	AdvPre_NPrePre9_BPre9_NStem	AdvPre_NPrePre6_BPre9_NStem
zi_be	CopPre_Cop	PUNC_PUNC	CopPre_Cop	RelConc10_AuxVStem
m_balwa	RelStem	NStem_NStem	RelStem	BPre3_NStem
ka_ngangoko	AdvPre_Adv	PUNC_PUNC	AdvPre_Adv	AdvPre_Adv
ku_no_kw_enz_ek_a	SC15_AdvPre_NPrePre15_BPre15_VRoot_NeutExt_VerbTerm	VRoot_VRoot_VRoot_VRoot_VRoot_VRoot	SC15_AdvPre_NPrePre15_BPre15_VRoot_NeutExt_VerbTerm	SC15_Adv_OC15_VRoot_NPas_VerbTerm
.	Punc	PUNC	Punc	PUNC
Njeng_oko	AdvPre_Dem15_Pos2	NStem_NStem	AdvPre_Dem15_Pos2	AdvPre_NStem
xa	Conj	PUNC	Conj	Adv
zi_chaz_w_a	SC10_VRoot_PassExt_VerbTerm	NStem_NStem_NStem_NStem	SC10_VRoot_PassExt_VerbTerm	SC2_VRoot_PassExt_VerbTerm
i_i_projekthi	NPrePre10_BPre10_NStem	NStem_NStem_NStem	NPrePre10_BPre10_NStem	NPrePre4_NPrePre4_NStem
zi_fan_a	SC10_VRoot_VerbTerm	NStem_NStem_NStem	SC10_VRoot_VerbTerm	CopPre_VRoot_VerbTerm
zo_dwa	QuantConc10_QuantStem	PUNC_PUNC	QuantConc10_QuantStem	NStem_NStem
kwaye	Conj	Adv	Conj	Adv
zi_bandakany_a	SC10_VRoot_VerbTerm	NStem_NStem_NStem	SC10_VRoot_VerbTerm	NPrePre2_VRoot_VerbTerm
i_n_to	NPrePre9_BPre9_NStem	NStem_NStem_NStem	NPrePre9_BPre9_NStem	NPrePre9_BPre9_NStem
en_tsha	AdjPref9_AdjStem	NStem_NStem	AdjPref9_AdjStem	AdvPre_NStem
e_th_ile	RelConc9_VRoot_Perf	NStem_NStem_NStem	RelConc9_VRoot_Perf	SC3_VRoot_Perf
ma_lunga	Adv	PUNC_PUNC	Adv	BPre6_NStem
na_bo	AdvPre_PronStem2	PUNC_PUNC	AdvPre_PronStem2	AdvPre_PronStem2
ba_bandakany_ek_a_yo	SC2_VRoot_NeutExt_VerbTerm_RelSuf	VRoot_VRoot_VRoot_VRoot_VRoot	SC2_VRoot_NeutExt_VerbTerm_RelSuf	NPrePre2_VRoot_NeutExt_VerbTerm_PronStem9
,	Punc	PUNC	Punc	PUNC
ku_y_i_m_funeko	CopPre_CopPre_NPrePre9_BPre9_NStem	VRoot_VRoot_VRoot_VRoot_VRoot	CopPre_CopPre_NPrePre9_BPre9_NStem	BPre17_CopPre_NPrePre4_BPre3_NStem
u_kuba	Conj	PUNC_PUNC	Conj	NPrePre1a_NStem
ne_si_cwangciso	AdvPre_NPrePre7_BPre7_NStem	VRoot_VRoot_VRoot	AdvPre_NPrePre7_BPre7_NStem	AdvPre_BPre7_NStem
esi_qinisek_is_a	RelConc7_VRoot_CausExt_VerbTerm	VRoot_VRoot_VRoot_VRoot	RelConc7_VRoot_CausExt_VerbTerm	RelConc7_VRoot_CausExt_VerbTerm
u_kuba	Conj	PUNC_PUNC	Conj	NPrePre1a_NStem
bo_nke	QuantConc2_QuantStem	NStem_NStem	QuantConc2_QuantStem	QuantConc2_NStem
aba_bandakany_ek_a	RelConc2_VRoot_NeutExt_VerbTerm	VRoot_VRoot_VRoot_VRoot	RelConc2_VRoot_NeutExt_VerbTerm	RelConc2_VRoot_NeutExt_VerbTerm
kw_i_projekthi	LocPre_NPrePre9_NStem	NStem_NStem_NStem	LocPre_NPrePre9_NStem	PossConc15_NPrePre4_NStem
ba_ya_kw_az_i	SC2_Pres_BPre15_VRoot_VerbTerm	NStem_NStem_NStem_NStem_NStem	SC2_Pres_BPre15_VRoot_VerbTerm	SC2_Pres_OC15_VRoot_VerbTerm
oku_lindel_ek_e	RelConc15_VRoot_ApplExt_NeutExt_VerbTerm	NStem_NStem_NStem_NStem	RelConc15_VRoot_ApplExt_NeutExt_VerbTerm	RelConc15_VRoot_NeutExt_VerbTerm
ku_bo	LocPre_PronStem2	PUNC_PUNC	LocPre_PronStem2	LocPre_PronStem2
,	Punc	PUNC	Punc	PUNC
i_n_dlel_a	NPrePre9_BPre9_NStem	NStem_VRoot_NStem_NStem	NPrePre9_BPre9_NStem	SC4_CopPre_VRoot_VerbTerm
aba_fanel_e	RelConc2_VRoot_VerbTerm	NStem_NStem_NStem	RelConc2_VRoot_VerbTerm	RelConc2_VRoot_VerbTerm
u_ku_kw_enz_a	NPrePre15_BPre15_OC15_VRoot_VerbTerm	VRoot_VRoot_VRoot_VRoot_VRoot	NPrePre15_BPre15_OC15_VRoot_VerbTerm	SC2ps_BPre15_OC15_VRoot_VerbTerm
nga_yo	AdvPre_PronStem9	PUNC_PUNC	AdvPre_PronStem9	AdvPre_PronStem9
,	Punc	PUNC	Punc	PUNC
nini	Adv	PUNC	Adv	Interrog
kwaye	Conj	PUNC	Conj	Adv
i_yi_n_to_ni	CopPre_SC9_BPre9_NStem_InterrogSuf	NStem_NStem_NStem_NStem_NStem	CopPre_SC9_BPre9_NStem_InterrogSuf	BPre9_CopPre_BPre9_NStem_LocSuf
e_ku_funek_a	RelConc9_SC15_VRoot_VerbTerm	NStem_NStem_NStem_NStem	RelConc9_SC15_VRoot_VerbTerm	PossConc6_OC15_VRoot_VerbTerm
y_enz_iw_e	SC9_VRoot_PassExt_VerbTerm	VRoot_VRoot_VRoot_VRoot	SC9_VRoot_PassExt_VerbTerm	SC4_VRoot_PassExt_VerbTerm
.	Punc	PUNC	Punc	PUNC
E_nyan_isw_eni	LocPre_NStem_LocSuf	NStem_NStem_NStem_NStem	LocPre_NStem_LocSuf	LocPre_VRoot_CausExt_LocSuf
i_si_cwangciso	NPrePre7_BPre7_NStem	VRoot_VRoot_VRoot	NPrePre7_BPre7_NStem	NPrePre4_BPre7_NStem
se_projekthi	PossConc7_NPrePre9_NStem	NStem_NStem	PossConc7_NPrePre9_NStem	PossConc7_NStem
si_yi_n_tsi_ka	CopPre_CopPre_NPrePre9_BPre9_NStem	VRoot_NStem_VRoot_VRoot_VRoot	CopPre_CopPre_NPrePre9_BPre9_NStem	SC7_OC9_BPre9_NStem_ExclNeg
yo_lawulo	PossConc9_NPrePre11_BPre11_NStem	NStem_NStem	PossConc9_NPrePre11_BPre11_NStem	PossConc4_NStem
lwe_projekthi	PossConc11_NPrePre9_NStem	NStem_NStem	PossConc11_NPrePre9_NStem	PossConc11_NStem
.	Punc	PUNC	Punc	PUNC
S_enz_a	SC7_VRoot_VerbTerm	NStem_NStem_NStem	SC7_VRoot_VerbTerm	SC1_VRoot_VerbTerm
i_si_se_ko	NPrePre7_BPre7_NStem	NStem_NStem_NStem_NStem	NPrePre7_BPre7_NStem	NPrePre4_BPre7_PossConc7_RelSuf
a_pho	Dem16_Pos2	PUNC_PUNC	Dem16_Pos2	PossConc6_PronStem6
i_m_pumelelo	NPrePre9_BPre9_NStem	NStem_NStem_NStem	NPrePre9_BPre9_NStem	NPrePre9_BPre3_NStem
ye_projekthi	PossConc9_NPrePre9_NStem	NStem_NStem	PossConc9_NPrePre9_NStem	PossConc9_NStem
i_l_el_e	SC9_VRoot_VerbTerm	NStem_NStem_NStem_NStem	SC9_VRoot_VerbTerm	SC9_VRoot_ApplExt_VerbTerm
khona	Adv	PUNC	Adv	Adv
.	Punc	PUNC	Punc	PUNC
Zi_ninzi	CopPre_AdjStem	NStem_NStem	CopPre_AdjStem	AdjPref7_AdjStem
i_zi_zathu	NPrePre8_BPre8_NStem	NStem_NStem_NStem	NPrePre8_BPre8_NStem	NPrePre4_BPre7_NStem
zo_ku_vel_a	PossConc8_NPrePre15_BPre15_VRoot_VerbTerm	NStem_NStem_NStem_NStem	PossConc8_NPrePre15_BPre15_VRoot_VerbTerm	AdvPre_OC15_VRoot_VerbTerm
ko_ngquzulwano	PossConc15_NPrePre11_NStem	NStem_VRoot	PossConc15_NPrePre11_NStem	QuantConc15_NStem
.	Punc	PUNC	Punc	PUNC
Olu_nye	AdjPref11_AdjStem	PUNC_PUNC	AdjPref11_AdjStem	AdjPref11_EnumStem
'	Punc	PUNC	Punc	PUNC
lu_nga_yi_nene	CopPre_Pot_CopPre_NPrePre9_NStem	NStem_NStem_NStem_NStem	CopPre_Pot_CopPre_NPrePre9_NStem	BPre11_AdvPre_OC9_NStem
'	Punc	PUNC	Punc	PUNC
olu_nye	AdjPref11_AdjStem	PUNC_PUNC	AdjPref11_AdjStem	AdjPref11_AdjStem
'	Punc	PUNC	Punc	PUNC
lu_nga_bon_w_a	SC11_Pot_VRoot_PassExt_VerbTerm	NStem_NStem_NStem_NStem_VRoot	SC11_Pot_VRoot_PassExt_VerbTerm	SC11_AdvPre_VRoot_PassExt_VerbTerm
'	Punc	PUNC	Punc	PUNC
njenge_n_dlel_a	AdvPre_NPrePre9_BPre9_NStem	NStem_NStem_VRoot_NStem	AdvPre_NPrePre9_BPre9_NStem	AdvPre_NPre9_VRoot_VerbTerm
u_m_ntu	NPrePre1_BPre1_NStem	NStem_NStem_NStem	NPrePre1_BPre1_NStem	NPrePre1_BPre1_NStem
/	Punc	PUNC	Punc	PUNC
aba_ntu	NPrePre2_BPre2_NStem	NStem_NStem	NPrePre2_BPre2_NStem	RelConc2_NStem
aba_bon_a	RelConc2_VRoot_VerbTerm	NStem_NStem_NStem	RelConc2_VRoot_VerbTerm	RelConc2_VRoot_VerbTerm
nga_yo	AdvPre_PronStem9	PUNC_PUNC	AdvPre_PronStem9	AdvPre_PronStem9
i_meko	NPrePre9_NStem	NStem_NStem	NPrePre9_NStem	NPrePre4_NStem
e_th_ile	RelConc9_VRoot_Perf	NStem_NStem_NStem	RelConc9_VRoot_Perf	SC6_VRoot_Perf
.	Punc	PUNC	Punc	PUNC
I_in_gxelo	NPrePre10_BPre10_NStem	NStem_VRoot_NStem	NPrePre10_BPre10_NStem	NPrePre9_BPre9_NStem
ezi_khutsh_w_a	RelConc10_VRoot_PassExt_VerbTerm	NStem_NStem_NStem_NStem	RelConc10_VRoot_PassExt_VerbTerm	RelConc10_VRoot_PassExt_VerbTerm
rhoqo	Ideoph	NStem	Ideoph	NStem
_	Punc		Punc	
I_i_Komiti	NPrePre10_BPre10_NStem	NStem_NStem_NStem	NPrePre10_BPre10_NStem	NPre9_NPre9_NStem
ze_Wadi	PossConc10_NPrePre9_NStem	NStem_NStem	PossConc10_NPrePre9_NStem	AdvPre_NStem
ku_funek_a	SC15_VRoot_VerbTerm	NStem_NStem_NStem	SC15_VRoot_VerbTerm	BPre15_VRoot_VerbTerm
zi_fuman_e	SC10_VRoot_VerbTerm	NStem_NStem_NStem	SC10_VRoot_VerbTerm	SC5_VRoot_VerbTerm
i_n_gxelo	NPrePre9_BPre9_NStem	NStem_VRoot_NStem	NPrePre9_BPre9_NStem	NPrePre9_BPre9_NStem
ya_rhoqo	PossConc9_Ideoph	NStem_NStem	PossConc9_Ideoph	PossConc4_NStem
ma_lunga	Adv	PUNC_PUNC	Adv	BPre6_NStem
ne_n_kqubel_a__phambili	AdvPre_NPrePre9_BPre9_NStem_Adv	VRoot_VRoot_VRoot_VRoot_VRoot	AdvPre_NPrePre9_BPre9_NStem_Adv	AdvPre_BPre9_VRoot_VerbTerm_VRoot
ye_bhunga	PossConc9_NPrePre5_NStem	NStem_NStem	PossConc9_NPrePre5_NStem	PossConc9_NStem
.	Punc	PUNC	Punc	PUNC
I_n_ga_buz_a	SC9_Pot_VRoot_VerbTerm	NStem_NStem_NStem_NStem_NStem	SC9_Pot_VRoot_VerbTerm	NPrePre9_BPre9_Pot_VRoot_VerbTerm
oo_ceba_malunga	BPre2a_NStem_Adv	NStem_NStem_NStem	BPre2a_NStem_Adv	RelConc2a_NStem_NStem
no_ku_coth_a	AdvPre_NPrePre15_BPre15_VRoot_VerbTerm	NStem_NStem_NStem_NStem	AdvPre_NPrePre15_BPre15_VRoot_VerbTerm	AdvPre_OC15_VRoot_VerbTerm
kwe_n_kqubel_a__phambili	PossConc15_NPrePre9_BPre9_NStem_Adv	VRoot_VRoot_VRoot_VRoot_VRoot	PossConc15_NPrePre9_BPre9_NStem_Adv	PossConc15_BPre9_VRoot_VerbTerm_NStem
i_ze	SC9_AuxVStem	PUNC_PUNC	SC9_AuxVStem	NPrePre4_NStem
i_cebis_e	SC9_VRoot_VerbTerm	NStem_NStem_NStem	SC9_VRoot_VerbTerm	SC9_VRoot_VerbTerm
i_in_dlel_a	NPrePre10_BPre10_NStem	NStem_NStem_NStem_NStem	NPrePre10_BPre10_NStem	SC4_OC4_VRoot_VerbTerm
zo_ku_hlangabez_ana	PossConc10_NPrePre15_BPre15_VRoot_RecipExt_VerbTerm	VRoot_NStem_VRoot_VRoot	PossConc10_NPrePre15_BPre15_VRoot_RecipExt_VerbTerm	RelConc3_OC15_VRoot_DimSuf
ne_zi_cwangciso	AdvPre_NPrePre8_BPre8_NStem	VRoot_VRoot_VRoot	AdvPre_NPrePre8_BPre8_NStem	AdvPre_BPre7_NStem
nge_n_dlel_a	AdvPre_NPrePre9_BPre9_NStem	NStem_NStem_NStem_NStem	AdvPre_NPrePre9_BPre9_NStem	AdvPre_BPre9_VRoot_VerbTerm
e_sebenz_a_yo	RelConc9_VRoot_VerbTerm_RelSuf	VRoot_VRoot_VRoot_VRoot	RelConc9_VRoot_VerbTerm_RelSuf	LocPre_VRoot_VerbTerm_RelSuf
.	Punc	PUNC	Punc	PUNC
U_ku_thath_a	NPrePre15_BPre15_VRoot_VerbTerm	NStem_NStem_NStem_VRoot	NPrePre15_BPre15_VRoot_VerbTerm	SC2ps_OC15_VRoot_VerbTerm
i_n_xaxheba	NPrePre9_BPre9_NStem	NStem_VRoot_VRoot	NPrePre9_BPre9_NStem	NPrePre9_BPre9_NStem
y_i_n_kqubo	CopPre_NPrePre9_BPre9_NStem	VRoot_VRoot_VRoot_VRoot	CopPre_NPrePre9_BPre9_NStem	CopPre_NPrePre9_BPre9_NStem
e_dinga	RelConc9_VRoot_VerbTerm	NStem_NStem	RelConc9_VRoot_VerbTerm	LocPre_NStem
u_ku_quk_w_a	NPrePre15_BPre15_VRoot_PassExt_VerbTerm	NStem_NStem_VRoot_VRoot_NStem	NPrePre15_BPre15_VRoot_PassExt_VerbTerm	SC3_OC15_VRoot_PassExt_VerbTerm
kwa_ba_hlali	PossConc15_NPrePre2_BPre2_NStem	NStem_NStem_NStem	PossConc15_NPrePre2_BPre2_NStem	PossConc15_BPre2_NStem
ku_wo	LocPre_PronStem6	PUNC_PUNC	LocPre_PronStem6	LocPre_PronStem6
o_nke	QuantConc6_QuantStem	NStem_NStem	QuantConc6_QuantStem	QuantConc6_NStem
a_ma_nyathelo	NPrePre6_BPre6_NStem	NStem_VRoot_VRoot	NPrePre6_BPre6_NStem	NPrePre6_BPre6_NStem
.	Punc	PUNC	Punc	PUNC
I_i_Komiti	NPrePre10_BPre10_NStem	NStem_NStem_NStem	NPrePre10_BPre10_NStem	NPre9_NPre9_NStem
ze_Wadi	PossConc10_NPrePre9_NStem	NStem_NStem	PossConc10_NPrePre9_NStem	PossConc9_NStem
zi_dinga	SC10_VRoot_VerbTerm	NStem_NStem	SC10_VRoot_VerbTerm	CopPre_NStem
u_ku_fuman_a	NPrePre15_BPre15_VRoot_VerbTerm	NStem_NStem_NStem_NStem	NPrePre15_BPre15_VRoot_VerbTerm	SC2ps_OC15_VRoot_VerbTerm
i_n_dlel_a	NPrePre9_BPre9_NStem	NStem_VRoot_NStem_NStem	NPrePre9_BPre9_NStem	NPrePre9_BPre9_VRoot_VerbTerm
e_ngcono	RelConc9_RelStem	NStem_NStem	RelConc9_RelStem	LocPre_NStem
yo_ku_dlul_is_a	PossConc9_NPrePre15_BPre15_VRoot_CausExt_VerbTerm	VRoot_VRoot_VRoot_VRoot_VRoot	PossConc9_NPrePre15_BPre15_VRoot_CausExt_VerbTerm	CopPre_OC15_VRoot_CausExt_VerbTerm
u_m_yalezo	NPrePre3_BPre3_NStem	NStem_NStem_NStem	NPrePre3_BPre3_NStem	NPrePre3_BPre3_NStem
ngo_ku_xhomekek_e	AdvPre_RelConc15_VRoot_VerbTerm	NStem_NStem_NStem_NStem	AdvPre_RelConc15_VRoot_VerbTerm	AdvPre_OC15_VRoot_VerbTerm
k_ukuba	CopPre_Conj	PUNC_PUNC	CopPre_Conj	BPre15_NStem
w_enz_el_w_e	SC3_VRoot_ApplExt_PassExt_VerbTerm	VRoot_VRoot_VRoot_VRoot_VRoot	SC3_VRoot_ApplExt_PassExt_VerbTerm	SC3_VRoot_ApplExt_PassExt_VerbTerm
bani	Interrog	PUNC	Interrog	Interrog
na	Interrog	PUNC	Interrog	Conj
loo	Dem3_Pos2	Adv	Dem3_Pos2	CDEM01
m_yalezou_m_zekelo	BPre3_NStem_NPrePre3_BPre3_NStem	VRoot_VRoot_VRoot_VRoot	BPre3_NStem_NPrePre3_BPre3_NStem	BPre3_NStem_BPre3_NStem
u_kuba	Conj	PUNC_PUNC	Conj	NPrePre1a_NStem
u_m_ba	NPrePre3_BPre3_NStem	NStem_NStem_NStem	NPrePre3_BPre3_NStem	NPrePre3_BPre3_AuxVStem
u_bandakany_a	SC3_VRoot_VerbTerm	NStem_NStem_NStem	SC3_VRoot_VerbTerm	SC2ps_VRoot_VerbTerm
u_lu_tsha	NPrePre11_BPre11_AdjStem	NStem_NStem_NStem	NPrePre11_BPre11_AdjStem	NPrePre1_BPre11_NStem
i_n_gxelo	NPrePre9_BPre9_NStem	NStem_NStem_NStem	NPrePre9_BPre9_NStem	NPrePre9_BPre9_NStem
i_nga_nik_w_a	SC9_BPre9_VRoot_PassExt_VerbTerm	NStem_NStem_NStem_NStem_NStem	SC9_BPre9_VRoot_PassExt_VerbTerm	SC4_Pot_VRoot_PassExt_VerbTerm
kw_i_si_tishi	LocPre_NPrePre7_BPre7_NStem	NStem_NStem_NStem_VRoot	LocPre_NPrePre7_BPre7_NStem	PossConc15_NPrePre4_BPre7_NStem
si_ka_nomathotholo	PossConc7_PossKA_NStem	VRoot_VRoot_VRoot	PossConc7_PossKA_NStem	BPre7_ExclNeg_NStem
wa_s_e_ku_hlal_e_ni	PossConc1a_PreLoc-s_LocPre_NPrePre15_BPre15_VRoot_VerbTerm_LocSuf	VRoot_VRoot_VRoot_VRoot_VRoot_VRoot_VRoot	PossConc1a_PreLoc-s_LocPre_NPrePre15_BPre15_VRoot_VerbTerm_LocSuf	PossConc1a_PreLocs_LocPre_BPre15_VRoot_VerbTerm_InterrogSuf
okanye	Conj	PUNC	Conj	Adv
k_om_nye	LocPre_AdjPref3_AdjStem	NStem_NStem_NStem	LocPre_AdjPref3_AdjStem	PossConc15_AdjPref1_EnumStem
u_m_cimbi	NPrePre3_BPre3_NStem	NStem_NStem_NStem	NPrePre3_BPre3_NStem	NPrePre3_BPre3_NStem
olu_bandakany_ek_a	RelConc11_VRoot_NeutExt_VerbTerm	VRoot_VRoot_VRoot_VRoot	RelConc11_VRoot_NeutExt_VerbTerm	RelConc11_VRoot_NeutExt_VerbTerm
ku_wo	LocPre_PronStem3	PUNC_PUNC	LocPre_PronStem3	LocPre_PronStem6
u_lu_tsha	NPrePre11_BPre11_AdjStem	NStem_NStem_NStem	NPrePre11_BPre11_AdjStem	NPrePre1_BPre11_NStem
.	Punc	PUNC	Punc	PUNC
O_nke	QuantConc6_QuantStem	NStem_NStem	QuantConc6_QuantStem	QuantConc6_Adv
a_ma_candelo	NPrePre6_BPre6_NStem	NStem_NStem_NStem	NPrePre6_BPre6_NStem	NPrePre6_BPre6_NStem
olu_ntu	PossConc6_NPrePre11_BPre11_NStem	NStem_NStem	PossConc6_NPrePre11_BPre11_NStem	RelConc11_NStem
,	Punc	PUNC	Punc	PUNC
u_ku_quk_a	NPrePre15_BPre15_VRoot_VerbTerm	NStem_NStem_NStem_PUNC	NPrePre15_BPre15_VRoot_VerbTerm	SC3_OC15_VRoot_VerbTerm
i_qumrhu	NPrePre5_BPre5_NStem	NStem_NStem	NPrePre5_BPre5_NStem	NPrePre4_NStem
l_o_wiso__m_thetho	PossConc5_NPrePre11_BPre11_NStem_BPre3_NStem	NStem_NStem_NStem_NStem_NStem	PossConc5_NPrePre11_BPre11_NStem_BPre3_NStem	PossConc5_LocPre_NStem_BPre3_NStem
ne_e_jaji	AdvPre_NPrePre10_BPre10_NStem	NStem_NStem_NStem	AdvPre_NPrePre10_BPre10_NStem	AdvPre_LocPre_NStem
ze_li_zwe	PossConc10_NPrePre5_BPre5_NStem	NStem_NStem_NStem	PossConc10_NPrePre5_BPre5_NStem	PossConc5_BPre5_NStem
jikelel_e	Adv	NStem_NStem	Adv	VRoot_VerbTerm
,	Punc	PUNC	Punc	PUNC
ku_mel_e	SC15_AuxVStem	NStem_NStem_NStem	SC15_AuxVStem	SC15_VRoot_VerbTerm
a_qinisek_is_e	SC6_VRoot_CausExt_VerbTerm	VRoot_VRoot_VRoot_VRoot	SC6_VRoot_CausExt_VerbTerm	SC6_VRoot_CausExt_VerbTerm
u_kuba	Conj	PUNC_PUNC	Conj	NPrePre1a_NStem
i_zi_qhamo	NPrePre8_BPre8_NStem	NStem_NStem_NStem	NPrePre8_BPre8_NStem	NPrePre4_BPre7_NStem
zo_phuhliso	PossConc10_NPrePre11_BPre11_NStem	NStem_NStem	PossConc10_NPrePre11_BPre11_NStem	BPre2a_NStem
z_ongez_el_ek_a	SC8_VRoot_ApplExt_NeutExt_VerbTerm	NStem_NStem_NStem_NStem_NStem	SC8_VRoot_ApplExt_NeutExt_VerbTerm	SC5_VRoot_ApplExt_NeutExt_VerbTerm
kwa_bo	PossConc15_PronStem2	PUNC_PUNC	PossConc15_PronStem2	PossConc15_PronStem2
ba_nga_bon_a	CopPre_CopPre_PronStem2_PronSuf	NStem_NStem_NStem_NStem	CopPre_CopPre_PronStem2_PronSuf	SC2_Pot_VRoot_VerbTerm
ba_hlelelek_il_e_yo	RelConc2_VRoot_Perf_VerbTerm_RelSuf	VRoot_VRoot_VRoot_VRoot_VRoot	RelConc2_VRoot_Perf_VerbTerm_RelSuf	SC2_VRoot_ApplExt_VerbTerm_RelSuf
kwaye	Conj	PUNC	Conj	Adv
be_nga_bon_a	CopPre_CopPre_PronStem2_PronSuf	NStem_NStem_NStem_NStem	CopPre_CopPre_PronStem2_PronSuf	AuxVStem_Pot_VRoot_VerbTerm
ba_chweth_el_w_a	SC2_VRoot_ApplExt_PassExt_VerbTerm	VRoot_VRoot_VRoot_VRoot_VRoot	SC2_VRoot_ApplExt_PassExt_VerbTerm	SC2_VRoot_ApplExt_PassExt_VerbTerm
e_cale_ni	LocPre_NPrePre5_BPre5_NStem_LocSuf	NStem_NStem_NStem	LocPre_NPrePre5_BPre5_NStem_LocSuf	LocPre_NStem_LocSuf
,	Punc	PUNC	Punc	PUNC
be_bhang_is_a	SC2_VRoot_CausExt_VerbTerm	VRoot_VRoot_NStem_VRoot	SC2_VRoot_CausExt_VerbTerm	SC2_VRoot_CausExt_VerbTerm
i_in_zame	NPrePre10_BPre10_NStem	NStem_NStem_NStem	NPrePre10_BPre10_NStem	NPrePre9_BPre9_NStem
ezi_nga_kho	RelConc10_Pot_Adv	NStem_NStem_NStem	RelConc10_Pot_Adv	RelConc10_NegPre_Adv
nga_bo	AdvPre_PronStem2	PUNC_PUNC	AdvPre_PronStem2	AdvPre_PronStem2
ba_zi_ngcungcu	RelConc2_CopPre_NPrePre10_BPre10_NStem	VRoot_VRoot_VRoot	RelConc2_CopPre_NPrePre10_BPre10_NStem	BPre2_Pres_NStem
e_ku_khusel_e_ni	LocPre_NPrePre15_BPre15_VRoot_VerbTerm_LocSuf	VRoot_VRoot_VRoot_VRoot_VRoot	LocPre_NPrePre15_BPre15_VRoot_VerbTerm_LocSuf	LocPre_BPre15_VRoot_VerbTerm_LocSuf
i_mi_dla	NPrePre4_BPre4_NStem	NStem_NStem_NStem	NPrePre4_BPre4_NStem	NPrePre4_BPre4_NStem
e_y_e_ya_bo	RelConc4_CopPre_LocPre_PossConc4_PronStem2	NStem_NStem_NStem_NStem_NStem	RelConc4_CopPre_LocPre_PossConc4_PronStem2	PossConc6_VRoot_VerbTerm_PossConc4_PronStem2
kw_i_n_dleko	LocPre_NPrePre9_BPre9_NStem	NStem_NStem_NStem_NStem	LocPre_NPrePre9_BPre9_NStem	PossConc15_NPrePre9_BPre9_NStem
yo_lu_ntu	PossConc9_NPrePre11_BPre11_NStem	NStem_NStem_NStem	PossConc9_NPrePre11_BPre11_NStem	PossConc9_BPre11_NStem
olu_nge_na_ma_ndla	RelConc11_NegPre_CopPre_NPrePre6_BPre6_NStem	VRoot_VRoot_VRoot_VRoot_VRoot	RelConc11_NegPre_CopPre_NPrePre6_BPre6_NStem	RelConc11_NegPre_AdvPre_BPre6_NStem
.	Punc	PUNC	Punc	PUNC
U_Mzantsi	NPrePre3_ProperName	NStem_NStem	NPrePre3_ProperName	NPrePre1a_NStem
Afrika	ProperName	PUNC	ProperName	ProperName
ku_mel_e	SC15_AuxVStem	NStem_NStem_NStem	SC15_AuxVStem	SC15_VRoot_VerbTerm
u_sebenz_is_e	SC3_VRoot_CausExt_VerbTerm	VRoot_VRoot_VRoot_VRoot	SC3_VRoot_CausExt_VerbTerm	SC3_VRoot_CausExt_VerbTerm
a_ma_ndla	NPrePre6_BPre6_NStem	NStem_NStem_NStem	NPrePre6_BPre6_NStem	NPrePre6_BPre6_NStem
a_wo	PossConc6_PronStem3	PUNC_PUNC	PossConc6_PronStem3	PossConc6_PronStem6
u_kw_and_is_a	NPrePre15_BPre15_VRoot_CausExt_VerbTerm	NStem_VRoot_NStem_NStem_NStem	NPrePre15_BPre15_VRoot_CausExt_VerbTerm	SC1a_OC15_VRoot_CausExt_VerbTerm
oku_thuny_el_w_a	RelConc15_Intrans_ApplExt_PassExt_VerbTerm	VRoot_VRoot_VRoot_VRoot_VRoot	RelConc15_Intrans_ApplExt_PassExt_VerbTerm	RelConc15_VRoot_ApplExt_PassExt_VerbTerm
kwa_ma_nye	PossConc15_AdjPref6_AdjStem	NStem_NStem_NStem	PossConc15_AdjPref6_AdjStem	PossConc15_AdjPref6_AdjStem
a_ma_zwe	NPrePre6_BPre6_NStem	PUNC_NStem_NStem	NPrePre6_BPre6_NStem	PossConc6_BPre6_NStem
.	Punc	PUNC	Punc	PUNC
U_kuba	Conj	PUNC_PUNC	Conj	NPrePre1a_NStem
u_qoqosho	NPrePre11_NStem	NStem_NStem	NPrePre11_NStem	NPrePre1a_NStem
lu_no_khuphiswano	CopPre_CopPre_NPrePre11_BPre11_NStem	VRoot_VRoot_VRoot	CopPre_CopPre_NPrePre11_BPre11_NStem	BPre11_CopPre_NStem
olu_ncinci	AdjPref11_AdjStem	NStem_NStem	AdjPref11_AdjStem	RelConc11_NStem
kw_i_n_gingqi	LocPre_NPrePre9_BPre9_NStem	NStem_NStem_NStem_VRoot	LocPre_NPrePre9_BPre9_NStem	PossConc15_NPrePre9_BPre9_NStem
e_nye	AdjPref9_AdjStem	PUNC_PUNC	AdjPref9_AdjStem	LocPre_AdjStem
,	Punc	PUNC	Punc	PUNC
ku_ya	SC15_Fut	PUNC_PUNC	SC15_Fut	SC15_AuxVStem
ku_funek_a	SC15_VRoot_VerbTerm	NStem_NStem_NStem	SC15_VRoot_VerbTerm	BPre15_VRoot_VerbTerm
lw_enz_e	SC11_VRoot_VerbTerm	NStem_NStem_NStem	SC11_VRoot_VerbTerm	SC11_VRoot_VerbTerm
ngcono	Adv	NStem	Adv	NStem
kw_ezi_nye	LocPre_AdjPref10_AdjStem	NStem_NStem_NStem	LocPre_AdjPref10_AdjStem	PossConc15_AdjPref10_AdjStem
.	Punc	PUNC	Punc	PUNC
I_in_zuzo	NPrePre10_BPre10_NStem	NStem_NStem_NStem	NPrePre10_BPre10_NStem	NPrePre9_BPre9_NStem
ezi_linganis_a_yo	RelConc10_VRoot_VerbTerm_RelSuf	VRoot_VRoot_VRoot_VRoot	RelConc10_VRoot_VerbTerm_RelSuf	RelConc10_VRoot_VerbTerm_RelSuf
ze_li_zwe	PossConc10_NPrePre5_BPre5_NStem	NStem_NStem_NStem	PossConc10_NPrePre5_BPre5_NStem	PossConc5_BPre5_NStem
zi_quk_a	SC10_VRoot_VerbTerm	NStem_NStem_NStem	SC10_VRoot_VerbTerm	CopPre_VRoot_VerbTerm
i_zi_mbiwa	NPrePre8_BPre8_NStem	NStem_NStem_NStem	NPrePre8_BPre8_NStem	NPrePre4_BPre7_NStem
ne_m_veliso__mali	AdvPre_NPrePre9_BPre9_NStem_NStem	NStem_NStem_NStem_NStem	AdvPre_NPrePre9_BPre9_NStem_NStem	AdvPre_BPre3_NStem_NStem
kw_i_mi_thombo	LocPre_NPre4_BPre4_NStem	NStem_NStem_NStem_NStem	LocPre_NPre4_BPre4_NStem	PossConc15_NPrePre4_BPre4_NStem
ye_n_dalo	PossConc4_NPrePre9_BPre9_NStem	NStem_NStem_NStem	PossConc4_NPrePre9_BPre9_NStem	PossConc9_NPre9_NStem
,	Punc	PUNC	Punc	PUNC
i_candelo	NPrePre5_BPre5_NStem	NStem_NStem	NPrePre5_BPre5_NStem	NPrePre4_NStem
l_e_ze_mali	PossConc5_RelConc9_PossConc8_NPrePre9_NStem	NStem_NStem_NStem_NStem	PossConc5_RelConc9_PossConc8_NPrePre9_NStem	PossConc5_LocPre_AdvPre_NStem
no_shishino	AdvPre_NPrePre11_BPre11_NStem	NStem_NStem	AdvPre_NPrePre11_BPre11_NStem	AdvPre_NStem
eli_no_bu_n_kunkqele	RelConc5_AdvPre_NPrePre14_BPre14_NStem	VRoot_VRoot_VRoot_VRoot_VRoot	RelConc5_AdvPre_NPrePre14_BPre14_NStem	RelConc5_AdvPre_BPre14_BPre9_NStem
,	Punc	PUNC	Punc	PUNC
u_kuba	Conj	PUNC_PUNC	Conj	NPrePre1a_NStem
kufuphi	Adv	PUNC	Adv	Adv
ku_shishino	LocPre_NPrePre11_BPre11_NStem	NStem_NStem	LocPre_NPrePre11_BPre11_NStem	LocPre_NStem
lwa_s_e_Af_rika	PossConc11_PreLoc-s_LocPre_ProperName	VRoot_VRoot_VRoot_VRoot_VRoot	PossConc11_PreLoc-s_LocPre_ProperName	PossConc11_PreLocs_LocPre_ProperName_NStem
olu_khul_a	RelConc11_VRoot_VerbTerm	NStem_NStem_NStem	RelConc11_VRoot_VerbTerm	RelConc11_VRoot_VerbTerm
ngo_ku_khawulez_a	AdvPre_NPrePre15_BPre15_VRoot_VerbTerm	VRoot_NStem_NStem_NStem	AdvPre_NPrePre15_BPre15_VRoot_VerbTerm	AdvPre_OC15_VRoot_VerbTerm
,	Punc	PUNC	Punc	PUNC
u_bu_lunga	NPrePre14_BPre14_NStem	NStem_NStem_NStem	NPrePre14_BPre14_NStem	NPrePre1a_BPre14_NStem
obu_phezulu	RelConc14_Adv	NStem_NStem	RelConc14_Adv	BPre14_Adv
kw_i_i_yunivesithi	LocPre_NPrePre10_BPre10_NStem	VRoot_VRoot_VRoot_VRoot	LocPre_NPrePre10_BPre10_NStem	PossConc15_BPre9_BPre9_NStem
ne_candelo	AdvPre_NPrePre5_BPre5_NStem	PUNC_PUNC	AdvPre_NPrePre5_BPre5_NStem	AdvPre_NStem
l_e_zo_limo	PossConc5_RelConc9_PossConc8_NPrePre11_BPre11_NStem	NStem_NStem_NStem_NStem	PossConc5_RelConc9_PossConc8_NPrePre11_BPre11_NStem	PossConc5_LocPre_BPre2_NStem
la_ng_oku	PossConc5_AdvPre_Dem15_Pos1	NStem_NStem_NStem	PossConc5_AdvPre_Dem15_Pos1	RelConc6_AdvPre_CDEM15
,	Punc	NStem	Punc	PUNC
eli_ne_m_veliso	RelConc5_AdvPre_NPrePre9_BPre9_NStem	NStem_NStem_NStem_NStem	RelConc5_AdvPre_NPrePre9_BPre9_NStem	RelConc5_AdvPre_BPre3_NStem
.	Punc	PUNC	Punc	PUNC
U_Mzantsi	NPrePre3_ProperName	NStem_NStem	NPrePre3_ProperName	NPrePre1a_NStem
Afrika	ProperName	PUNC	ProperName	ProperName
u_kwa_ne_e_n_kampani	CopPre_AdvPre_CopPre_NPrePre10_BPre10_NStem	VRoot_VRoot_VRoot_VRoot_VRoot_VRoot	CopPre_AdvPre_CopPre_NPrePre10_BPre10_NStem	NPrePre1a_BPre15_AdvPre_LocPre_BPre9_NStem
ezi_z_i_in_kokheli	RelConc10_CopPre_NPrePre10_BPre10_NStem	VRoot_VRoot_VRoot_VRoot_VRoot	RelConc10_CopPre_NPrePre10_BPre10_NStem	RelConc10_VRoot_NPrePre4_BPre9_NStem
e_hlabath_ini	LocPre_NPrePre5_BPre5_NStem_LocSuf	VRoot_VRoot_NStem	LocPre_NPrePre5_BPre5_NStem_LocSuf	LocPre_NStem_LocSuf
ku_ma_candelo	LocPre_NPrePre6_BPre6_NStem	NStem_NStem_NStem	LocPre_NPrePre6_BPre6_NStem	LocPre_BPre6_NStem
a_fan_a	SC6_VRoot_VerbTerm	NStem_NStem_NStem	SC6_VRoot_VerbTerm	SC6_VRoot_VerbTerm
no_kw_akh_iw_a	AdvPre_NPrePre15_BPre15_VRoot_PassExt_VerbTerm	VRoot_VRoot_VRoot_VRoot_VRoot	AdvPre_NPrePre15_BPre15_VRoot_PassExt_VerbTerm	AdvPre_OC15_VRoot_PassExt_VerbTerm
kwe_e_n_dlel_a	PossConc15_NPrePre10_BPre10_NStem	NStem_NStem_NStem_NStem_NStem	PossConc15_NPrePre10_BPre10_NStem	PossConc15_LocPre_BPre9_VRoot_VerbTerm
.	Punc	PUNC	Punc	PUNC
U_lw_az_i	NPrePre11_BPre11_NStem	NStem_NStem_NStem_NStem	NPrePre11_BPre11_NStem	SC3_VRoot_Iter_VerbTerm
_	Punc		Punc	
u_m_zekelo	NPrePre3_BPre3_NStem	NStem_NStem_NStem	NPrePre3_BPre3_NStem	NPrePre3_BPre3_NStem
,	Punc	PUNC	Punc	PUNC
i_bhunga	NPrePre5_NStem	NStem_NStem	NPrePre5_NStem	NPrePre4_NStem
le_n_gingqi	PossConc5_NPrePre9_BPre9_NStem	NStem_NStem_NStem	PossConc5_NPrePre9_BPre9_NStem	PossConc5_BPre9_NStem
li_nga_nga_y_enzi	SC5_Pot_NegPre_OC9_VRoot_VerbTerm	VRoot_VRoot_VRoot_VRoot_VRoot	SC5_Pot_NegPre_OC9_VRoot_VerbTerm	BPre5_AdvPre_NegPre_CopPre_NStem
i_mi_zuzu	NPrePre4_BPre4_NStem	NStem_NStem_NStem	NPrePre4_BPre4_NStem	NPrePre4_BPre4_NStem
okanye	Conj	PUNC	Conj	Adv
u_hlahlo	NPrePre11_NStem	NStem_NStem	NPrePre11_NStem	NPrePre1a_NStem
lw_ab_iwo__mali	BPre11_NStem_NStem	NStem_NStem_NStem_VRoot	BPre11_NStem_NStem	BPre11_VRoot_PassExt_NStem
okanye	Conj	Conj	Conj	Adv
i_in_gxelo	NPrePre10_BPre10_NStem	NStem_NStem_NStem	NPrePre10_BPre10_NStem	NPrePre9_BPre9_NStem
ze_mali	PossConc10_NPrePre9_NStem	PUNC_PUNC	PossConc10_NPrePre9_NStem	AdvPre_NStem
kunye	Conj	Adv	Conj	Conj
na_ma_nye	AdvPre_AdjPref6_AdjStem	NStem_NStem_NStem	AdvPre_AdjPref6_AdjStem	AdvPre_AdjPref6_AdjStem
a_ma_xwebhu	NPrePre6_BPre6_NStem	NStem_NStem_NStem	NPrePre6_BPre6_NStem	NPrePre6_BPre6_NStem
a_fuman_ek_e	RelConc6_VRoot_NeutExt_VerbTerm	NStem_NStem_NStem_NStem	RelConc6_VRoot_NeutExt_VerbTerm	SC6_VRoot_NeutExt_VerbTerm
ku_lu_ntu	LocPre_NPrePre11_BPre11_NStem	NStem_NStem_NStem	LocPre_NPrePre11_BPre11_NStem	LocPre_BPre11_NStem
jikelel_e	Adv	NStem_NStem	Adv	VRoot_VerbTerm
.	Punc	PUNC	Punc	PUNC
U_lu_ntu	NPrePre11_BPre11_NStem	NStem_NStem_NStem	NPrePre11_BPre11_NStem	NPrePre1_BPre11_NStem
ke_ng_oko	Conj_AdvPre_Dem15_Pos2	NStem_NStem_NStem	Conj_AdvPre_Dem15_Pos2	Adv_AdvPre_NStem
a_lu_kw_az_i	NegPre_SC11_BPre14_VRoot_VerbTerm	NStem_NStem_NStem_NStem_NStem	NegPre_SC11_BPre14_VRoot_VerbTerm	NegPre_SC11_OC15_VRoot_VerbTerm
u_kw_enz_a	NPrePre15_BPre15_VRoot_VerbTerm	VRoot_VRoot_NStem_NStem	NPrePre15_BPre15_VRoot_VerbTerm	SC3_OC15_VRoot_VerbTerm
i_zi_gqibo	NPrePre8_BPre8_NStem	VRoot_NStem_VRoot	NPrePre8_BPre8_NStem	NPrePre4_BPre7_NStem
ma_lunga	Adv	PUNC_PUNC	Adv	BPre6_NStem
no_ncediso	AdvPre_NPrePre11_NStem	NStem_VRoot	AdvPre_NPrePre11_NStem	AdvPre_NStem
lw_e_ze_mali	PossConc11_RelConc8_PossConc8_NPrePre9_NStem	PUNC_PUNC_PUNC_PUNC	PossConc11_RelConc8_PossConc8_NPrePre9_NStem	PossConc11_LocPre_AdvPre_NStem
olu_kho_yo	RelConc11_Adv_RelSuf	NStem_NStem_NStem	RelConc11_Adv_RelSuf	RelConc11_PronStem2_PronStem9
e_kw_akh_e_ni	LocPre_NPrePre15_BPre15_VRoot_VerbTerm_LocSuf	NStem_NStem_NStem_NStem_NStem	LocPre_NPrePre15_BPre15_VRoot_VerbTerm_LocSuf	LocPre_BPre15_VRoot_VerbTerm_InterrogSuf
i_klinikhi	NPrePre9_NStem	NStem_NStem	NPrePre9_NStem	NPrePre4_NStem
okanye	Conj	Conj	Conj	Conj
i_si_kolo	NPrePre7_BPre7_NStem	NStem_NStem_NStem	NPrePre7_BPre7_NStem	NPrePre4_BPre7_NStem
.	Punc	PUNC	Punc	PUNC
Xa	Conj	PUNC	Conj	ProperName
lu_cebis_a	BPre11_VRoot_VerbTerm	NStem_NStem_NStem	BPre11_VRoot_VerbTerm	SC11_VRoot_VerbTerm
ngo_ku_th_ile	AdvPre_RelConc15_VRoot_Perf	NStem_NStem_NStem_NStem	AdvPre_RelConc15_VRoot_Perf	CopPre_OC15_VRoot_Perf
,	Punc	PUNC	Punc	PUNC
ba_xelel_w_a	SC2_VRoot_PassExt_VerbTerm	NStem_NStem_NStem_NStem	SC2_VRoot_PassExt_VerbTerm	SC2_VRoot_PassExt_VerbTerm
u_kuba	Conj	PUNC_PUNC	Conj	NPrePre1a_NStem
a_ku_kho	NegPre_CopPre_Adv	NStem_NStem_NStem	NegPre_CopPre_Adv	NegPre_OC15_Adv
mali	NStem	PUNC	NStem	NStem
e_kho_yo	RelConc9_Adv_RelSuf	NStem_NStem_NStem	RelConc9_Adv_RelSuf	LocPre_VRoot_PronStem9
kwaye	Conj	PUNC	Conj	Adv
aba_kw_az_i	NegPre_SC2_BPre15_VRoot_VerbTerm	NStem_NStem_NStem_NStem	NegPre_SC2_BPre15_VRoot_VerbTerm	NegPre_OC15_VRoot_VerbTerm
ku_ku_lw_a	SC15_BPre15_VRoot_VerbTerm	NStem_NStem_NStem_VRoot	SC15_BPre15_VRoot_VerbTerm	SC15_SC15_VRoot_VerbTerm
oko	Dem15_Pos2	PUNC	Dem15_Pos2	CDEM15
njeng_oko	AdvPre_Dem15_Pos2	NStem_NStem	AdvPre_Dem15_Pos2	AdvPre_NStem
be_nga_kw_az_i	SC2_NegPre_BPre15_VRoot_VerbTerm	NStem_NStem_NStem_NStem_NStem	SC2_NegPre_BPre15_VRoot_VerbTerm	PossConc2_NegPre_BPre15_VRoot_VerbTerm
u_ku_fikelel_a	NPrePre15_BPre15_VRoot_VerbTerm	VRoot_VRoot_VRoot_VRoot	NPrePre15_BPre15_VRoot_VerbTerm	SC2ps_OC15_VRoot_VerbTerm
ku_lw_az_i	LocPre_BPre11_VRoot_VerbTerm	VRoot_NStem_NStem_NStem	LocPre_BPre11_VRoot_VerbTerm	SC15_VRoot_NegPre_VerbTerm
olu_chan_ek_il_e_yo	RelConc11_VRoot_NeutExt_Perf_VerbTerm_RelSuf	VRoot_VRoot_VRoot_VRoot_VRoot_VRoot	RelConc11_VRoot_NeutExt_Perf_VerbTerm_RelSuf	RelConc11_VRoot_NeutExt_ApplExt_VerbTerm_RelSuf
.	Punc	PUNC	Punc	PUNC
Thath_a	VRoot_VerbTerm	NStem_NStem	VRoot_VerbTerm	VRoot_VerbTerm
i_im_pendulo	NPrePre10_BPre10_NStem	NStem_NStem_NStem	NPrePre10_BPre10_NStem	NPrePre4_NPre9_NStem
kw_i_qela	LocPre_NPrePre5_BPre5_NStem	PUNC_PUNC_PUNC	LocPre_NPrePre5_BPre5_NStem	PossConc15_NPrePre4_NStem
.	Punc	PUNC	Punc	PUNC
A_ba_thathi__n_xaxheba	NPrePre2_BPre2_NStem_BPre9_NStem	VRoot_VRoot_VRoot_VRoot_VRoot	NPrePre2_BPre2_NStem_BPre9_NStem	RelConc6_BPre2_NStem_BPre9_NStem
ma_ba_jong_e	ImpPre_SC2_VRoot_VerbTerm	NStem_NStem_NStem_NStem	ImpPre_SC2_VRoot_VerbTerm	BPre6_SC2_VRoot_VerbTerm
u__3._3	NPrePre1a_Num	NStem_NStem_NStem	NPrePre1a_Num	LocPre_Num_Num
ku_ma_nqaku	LocPre_NPrePre6_BPre6_NStem	NStem_NStem_VRoot	LocPre_NPrePre6_BPre6_NStem	LocPre_BPre6_NStem
nge_zi_fundo	AdvPre_NPrePre8_BPre8_NStem	NStem_NStem_NStem	AdvPre_NPrePre8_BPre8_NStem	AdvPre_BPre7_NStem
njengo_m_zekelo	AdvPre_NPrePre3_BPre3_NStem	VRoot_VRoot_VRoot	AdvPre_NPrePre3_BPre3_NStem	AdvPre_BPre3_NStem
o_ph_elel_e_yo	RelConc3_VRoot_VerbTerm_RelSuf	VRoot_VRoot_VRoot_VRoot_VRoot	RelConc3_VRoot_VerbTerm_RelSuf	RelConc3_VRoot_IntensExt_VerbTerm_RelSuf
.	Punc	PUNC	Punc	PUNC
I_zi_cwangciso	NPrePre8_BPre8_NStem	VRoot_VRoot_VRoot	NPrePre8_BPre8_NStem	NPrePre4_BPre7_NStem
zi_jolis_w_e	SC8_VRoot_PassExt_VerbTerm	NStem_NStem_NStem_NStem	SC8_VRoot_PassExt_VerbTerm	CopPre_VRoot_PassExt_VerbTerm
kwaye	Conj	Adv	Conj	Conj
zi_phathel_en_e	SC8_VRoot_RecipExt_VerbTerm	VRoot_VRoot_VRoot_VRoot	SC8_VRoot_RecipExt_VerbTerm	CopPre_VRoot_RecipExt_Perf
ngakumbi	Adv	NStem	Adv	Adv
no_ku_lungis_w_a	AdvPre_NPrePre15_BPre15_VRoot_PassExt_VerbTerm	VRoot_VRoot_VRoot_VRoot_VRoot	AdvPre_NPrePre15_BPre15_VRoot_PassExt_VerbTerm	AdvPre_BPre15_VRoot_PassExt_VerbTerm
kwe_zin_to	PossConc15_NPrePre10_BPre10_NStem	PUNC_PUNC_PUNC	PossConc15_NPrePre10_BPre10_NStem	PossConc15_BPre10_NStem
ezi_xabis_ek_e	RelConc10_VRoot_NeutExt_VerbTerm	NStem_NStem_NStem_NStem	RelConc10_VRoot_NeutExt_VerbTerm	RelConc10_VRoot_NeutExt_VerbTerm
ku_wo	LocPre_PronStem3	PUNC_PUNC	LocPre_PronStem3	LocPre_PronStem6
o_nke	QuantConc6_QuantStem	NStem_NStem	QuantConc6_QuantStem	QuantConc6_Adv
a_ma_qela	NPrePre6_BPre6_NStem	NStem_NStem_NStem	NPrePre6_BPre6_NStem	NPrePre6_BPre6_NStem
ng_oko_ku_shiy_a__shiy_an_a	AdvPre_NPrePre15_BPre15_VRoot_VerbTerm_VRoot_RecipExt_VerbTerm	VRoot_VRoot_NStem_VRoot_VRoot_VRoot_VRoot_VRoot	AdvPre_NPrePre15_BPre15_VRoot_VerbTerm_VRoot_RecipExt_VerbTerm	AdvPre_PossConc15_OC15_VRoot_VerbTerm_VRoot_RecipExt_VerbTerm
kwa_zo	PossConc15_PronStem10	PUNC_PUNC	PossConc15_PronStem10	PossConc15_NStem
,	Punc	PUNC	Punc	PUNC
ku_bandakany_w_a	SC15_VRoot_PassExt_VerbTerm	NStem_NStem_NStem_NStem	SC15_VRoot_PassExt_VerbTerm	BPre15_VRoot_PassExt_VerbTerm
n_e_zo_na	AdvPre_LocPre_PronStem8_PronSuf	NStem_NStem_NStem_NStem	AdvPre_LocPre_PronStem8_PronSuf	AdvPre_LocPre_PronStem9_PronSuf
z_i_zi_zi_sulu	BPre8_CopPre_NPrePre8_BPre8_NStem	VRoot_VRoot_VRoot_NStem_VRoot	BPre8_CopPre_NPrePre8_BPre8_NStem	VRoot_NPrePre4_CopPre_BPre7_NStem
.	Punc	PUNC	Punc	PUNC
U_bu_me	NPrePre14_BPre14_NStem	NStem_NStem_NStem	NPrePre14_BPre14_NStem	NPrePre1a_BPre14_NStem
be_za_khono	PossConc14_NPrePre8_BPre8_NStem	NStem_NStem_NStem	PossConc14_NPrePre8_BPre8_NStem	PossConc2_Pres_NStem
ze_n_konzo	PossConc8_NPrePre9_BPre9_NStem	NStem_NStem_NStem	PossConc8_NPrePre9_BPre9_NStem	PossConc5_BPre9_NStem
yo_lu_ntu	PossConc9_NPrePre11_BPre11_NStem	NStem_NStem_NStem	PossConc9_NPrePre11_BPre11_NStem	PossConc9_BPre11_NStem
bu_bon_akal_is_a	SC14_VRoot_NeutExt_CausExt_VerbTerm	VRoot_VRoot_VRoot_VRoot_VRoot	SC14_VRoot_NeutExt_CausExt_VerbTerm	SC14_VRoot_NeutExt_CausExt_VerbTerm
u_bu_me	NPrePre14_BPre14_NStem	NStem_NStem_NStem	NPrePre14_BPre14_NStem	NPrePre1a_BPre14_NStem
be_za_khono	PossConc14_NPrePre8_BPre8_NStem	NStem_NStem_NStem	PossConc14_NPrePre8_BPre8_NStem	PossConc2_Pres_NStem
zi_ka_zwelonke	PossConc8_PossKA_NStem	VRoot_NStem_VRoot	PossConc8_PossKA_NStem	CopPre_ExclNeg_NStem
.	Punc	PUNC	Punc	PUNC
Ku_kho	CopPre_Adv	PUNC_PUNC	CopPre_Adv	LocPre_PronStem17
u_ku_shota	NPrePre15_BPre15_VRoot_VerbTerm	NStem_NStem_NStem	NPrePre15_BPre15_VRoot_VerbTerm	NPrePre1a_BPre15_NStem
oku_mandundu	RelConc15_RelStem	NStem_NStem	RelConc15_RelStem	RelConc15_NStem
k_oo_gqi_rha	PossConc15_NPrePre2a_NStem	VRoot_VRoot_VRoot_VRoot	PossConc15_NPrePre2a_NStem	PossConc5_OC2a_NStem_NStem
aba_no_bu_lunga	RelConc2_CopPre_NPrePre14_BPre14_NStem	NStem_NStem_NStem_NStem	RelConc2_CopPre_NPrePre14_BPre14_NStem	RelConc2_AdvPre_BPre14_NStem
obu_phezulu	RelConc14_Adv	NStem_NStem	RelConc14_Adv	BPre14_NStem
,	Punc	PUNC	Punc	PUNC
i_in_jineli	NPrePre10_BPre10_NStem	NStem_NStem_NStem	NPrePre10_BPre10_NStem	NPrePre9_BPre9_NStem
,	Punc	PUNC	Punc	PUNC
i_in_gcali	NPrePre10_BPre10_NStem	NStem_NStem_NStem	NPrePre10_BPre10_NStem	BPre9_BPre9_NStem
zo_lw_az_i	PossConc10_NPrePre11_BPre11_NStem	NStem_NStem_NStem_NStem	PossConc10_NPrePre11_BPre11_NStem	AdvPre_BPre11_VRoot_VerbTerm
lo_bu_chwephesh_e	PossConc11_NPrePre14_BPre14_NStem	VRoot_VRoot_VRoot_VRoot	PossConc11_NPrePre14_BPre14_NStem	RelConc3_OC14_Intrans_VerbTerm
,	Punc	PUNC	Punc	PUNC
i_in_gcali	NPrePre10_BPre10_NStem	NStem_NStem_NStem	NPrePre10_BPre10_NStem	BPre9_BPre9_NStem
za_s_en_kundle_ni	PossConc10_PreLoc-s_LocPre_NPrePre9_BPre9_NStem_LocSuf	VRoot_VRoot_NStem_VRoot_VRoot	PossConc10_PreLoc-s_LocPre_NPrePre9_BPre9_NStem_LocSuf	PossConc5_PreLocs_LocPre_NStem_LocSuf
,	Punc	PUNC	Punc	PUNC
a_becu_phi	NPrePre2_BPre2_NStem	NStem_NStem_NStem	NPrePre2_BPre2_NStem	RelConc6_NStem_EnumStem
,	Punc	PUNC	Punc	PUNC
aba_cwangcisi	NPrePre2_BPre2_NStem	NStem_NStem	NPrePre2_BPre2_NStem	RelConc2_NStem
,	Punc	PUNC	Punc	PUNC
aba_gcin_i	NPrePre2_BPre2_NStem	NStem_NStem_NStem	NPrePre2_BPre2_NStem	NegPre_VRoot_VerbTerm
zi_n_cwadi	BPre10_NStem	NStem_NStem_NStem	BPre10_NStem	CopPre_BPre9_NStem
,	Punc	PUNC	Punc	PUNC
aba_tshutshisi	NPrePre2_BPre2_NStem	NStem_NStem	NPrePre2_BPre2_NStem	RelConc2a_NStem
,	Punc	PUNC	Punc	PUNC
aba_cebisi	NPrePre2_BPre2_NStem	NStem_NStem	NPrePre2_BPre2_NStem	NegPre_NStem
be_kharityhulam	PossConc2_NPrePre9_NStem	VRoot_NStem	PossConc2_NPrePre9_NStem	PossConc2_NStem
njalo	Adv	PUNC	Adv	Adv
njalo	Adv	Adv	Adv	Adv
njalo	Adv	PUNC	Adv	Adv
.	Punc	PUNC	Punc	PUNC
U_k_ongez_a	NPrePre15_BPre15_VRoot_VerbTerm	VRoot_NStem_VRoot_VRoot	NPrePre15_BPre15_VRoot_VerbTerm	SC1_OC15_VRoot_VerbTerm
,	Punc	PUNC	Punc	PUNC
u_bu_na_kho	NPrePre14_BPre14_CopPre_NStem	NStem_NStem_NStem_NStem	NPrePre14_BPre14_CopPre_NStem	SC2ps_BPre14_AdvPre_PronStem2ps
bo_lawulo	PossConc14_NPrePre11_BPre11_NStem	PUNC_NStem	PossConc14_NPrePre11_BPre11_NStem	BPre2a_NStem
ba_ba_sebenzi	PossConc14_NPrePre2_BPre2_NStem	NStem_NStem_NStem	PossConc14_NPrePre2_BPre2_NStem	BPre2_BPre2_NStem
aba_phezulu	RelConc2_Adv	NStem_NStem	RelConc2_Adv	AdjPref2_AdjStem
aba_sebenz_a	RelConc2_VRoot_VerbTerm	VRoot_NStem_NStem	RelConc2_VRoot_VerbTerm	RelConc2_VRoot_VerbTerm
kw_i_mi_butho	LocPre_NPrePre4_BPre4_NStem	NStem_NStem_NStem_NStem	LocPre_NPrePre4_BPre4_NStem	PossConc15_NPrePre4_BPre4_NStem
e_no_bu_nzima	RelConc4_CopPre_NPrePre14_BPre14_RelStem	NStem_NStem_NStem_NStem	RelConc4_CopPre_NPrePre14_BPre14_RelStem	PossConc6_CopPre_BPre14_NStem
,	Punc	PUNC	Punc	PUNC
kw_i_mi_xholo	LocPre_NPrePre4_BPre4_NStem	VRoot_VRoot_VRoot_VRoot	LocPre_NPrePre4_BPre4_NStem	PossConc15_NPrePre4_BPre4_NStem
ye_politiki	PossConc4_NPrePre9_NStem	NStem_NStem	PossConc4_NPrePre9_NStem	PossConc9_NStem
e_ya_s_e_ku_hlal_e_ni	RelConc9_PossConc9_PreLoc-s_LocPre_NPrePre15_BPre15_VRoot_VerbTerm_LocSuf	VRoot_VRoot_VRoot_VRoot_VRoot_VRoot_VRoot_VRoot	RelConc9_PossConc9_PreLoc-s_LocPre_NPrePre15_BPre15_VRoot_VerbTerm_LocSuf	LocPre_Pres_PreLocs_LocPre_BPre15_VRoot_VerbTerm_LocSuf
ku_fun_a	SC15_VRoot_VerbTerm	NStem_NStem_NStem	SC15_VRoot_VerbTerm	BPre15_VRoot_VerbTerm
i_n_gqalelo	NPrePre9_BPre9_NStem	NStem_NStem_NStem	NPrePre9_BPre9_NStem	NPrePre9_BPre9_NStem
en_kulu	AdjPref9_AdjStem	PUNC_PUNC	AdjPref9_AdjStem	PossConc6_NStem
.	Punc	PUNC	Punc	PUNC
U_ku_sombulul_a	NPrePre15_BPre15_VRoot_VerbTerm	VRoot_VRoot_VRoot_VRoot	NPrePre15_BPre15_VRoot_VerbTerm	SC3_OC15_VRoot_VerbTerm
zo_m_bini	QuantConc10_BPre1_AdjStem	NStem_NStem_NStem	QuantConc10_BPre1_AdjStem	NPre2a_BPre3_NStem
u_ku_shota	NPrePre15_BPre15_VRoot_VerbTerm	NStem_NStem_NStem	NPrePre15_BPre15_VRoot_VerbTerm	NPrePre1a_BPre15_NStem
kwe_za_khona	PossConc15_NPrePre8_BPre8_Adv	NStem_NStem_NStem	PossConc15_NPrePre8_BPre8_Adv	PossConc15_Pres_NStem
zo_bu_gcis_a	PossConc8_NPrePre14_BPre14_NStem	NStem_NStem_NStem_NStem	PossConc8_NPrePre14_BPre14_NStem	RelConc3_BPre14_Intrans_VerbTerm
no_lawulo	AdvPre_NPrePre11_BPre11_NStem	NStem_NStem	AdvPre_NPrePre11_BPre11_NStem	CopPre_NStem
,	Punc	PUNC	Punc	PUNC
u_rhulumente	NPrePre1a_NStem	NStem_NStem	NPrePre1a_NStem	NPrePre1a_NStem
ku_mel_e	SC15_AuxVStem	NStem_NStem_NStem	SC15_AuxVStem	SC15_VRoot_VerbTerm
a_thath_e	SC6_VRoot_VerbTerm	NStem_NStem_NStem	SC6_VRoot_VerbTerm	SC6_VRoot_VerbTerm
i_m_bono	NPrePre9_BPre9_NStem	NStem_NStem_NStem	NPrePre9_BPre9_NStem	NPrePre4_BPre4_NStem
ye_xesha	PossConc9_NPrePre5_BPre5_NStem	NStem_NStem	PossConc9_NPrePre5_BPre5_NStem	PossConc9_NStem
eli_de	AdjPref5_AdjStem	PUNC_PUNC	AdjPref5_AdjStem	RelConc5_NStem
e_ku_phuhl_is_e_ni	LocPre_NPrePre15_BPre15_VRoot_CausExt_VerbTerm_LocSuf	NStem_NStem_NStem_NStem_NStem_NStem	LocPre_NPrePre15_BPre15_VRoot_CausExt_VerbTerm_LocSuf	LocPre_BPre15_VRoot_CausExt_VerbTerm_LocSuf
i_za_khono	NPrePre8_BPre8_NStem	NStem_NStem_NStem	NPrePre8_BPre8_NStem	BPre9_Pres_NStem
ezi_y_i_m_funeko	RelConc10_CopPre_NPrePre9_BPre9_NStem	VRoot_VRoot_VRoot_VRoot_VRoot	RelConc10_CopPre_NPrePre9_BPre9_NStem	RelConc7_CopPre_NPrePre4_BPre3_NStem
nge_khondo	AdvPre_NPrePre5_BPre5_NStem	NStem_NStem	AdvPre_NPrePre5_BPre5_NStem	AdvPre_NStem
le_m_fundo	PossConc5_NPrePre9_BPre9_NStem	NStem_NStem_NStem	PossConc5_NPrePre9_BPre9_NStem	PossConc5_BPre3_NStem
,	Punc	PUNC	Punc	PUNC
ngo_ku_cebis_a	AdvPre_NPrePre15_BPre15_VRoot_VerbTerm	NStem_NStem_NStem_NStem	AdvPre_NPrePre15_BPre15_VRoot_VerbTerm	AdvPre_OC15_VRoot_VerbTerm
,	Punc	PUNC	Punc	PUNC
na_ngo_bu_dlelane	AdvPre_AdvPre_NPrePre14_BPre14_NStem	VRoot_NStem_NStem_NStem	AdvPre_AdvPre_NPrePre14_BPre14_NStem	AdvPre_CopPre_BPre14_NStem
obusondel_en_e_yo	RelConc15_VRoot_RecipExt_VerbTerm_RelSuf	VRoot_VRoot_VRoot_VRoot	RelConc15_VRoot_RecipExt_VerbTerm_RelSuf	VRoot_RecipExt_Perf_PronStem9
ne_e_yunivesithi	AdvPre_NPrePre10_BPre10_NStem	NStem_NStem_NStem	AdvPre_NPrePre10_BPre10_NStem	AdvPre_LocPre_NStem
ne_zi_fundo	AdvPre_NPrePre8_BPre8_NStem	NStem_NStem_NStem	AdvPre_NPrePre8_BPre8_NStem	AdvPre_BPre7_NStem
za_ma_candelo	PossConc10_NPrePre6_BPre6_NStem	NStem_NStem_NStem	PossConc10_NPrePre6_BPre6_NStem	PossConc9_BPre6_NStem
e_zo_lawulo	RelConc9_PossConc8_NPrePre11_BPre11_NStem	NStem_NStem_NStem	RelConc9_PossConc8_NPrePre11_BPre11_NStem	PossConc6_Pres_NStem
.	Punc	PUNC	Punc	PUNC
I_si_cwangciso	NPrePre7_BPre7_NStem	VRoot_VRoot_VRoot	NPrePre7_BPre7_NStem	NPrePre9_BPre7_NStem
si_thembek_ile	SC7_VRoot_Perf	NStem_NStem_NStem	SC7_VRoot_Perf	SC7_VRoot_Perf
ku_phel_a	Adv	NStem_NStem_NStem	Adv	BPre15_VRoot_VerbTerm
njengo_kuba	AdvPre_Conj	PUNC_PUNC	AdvPre_Conj	AdvPre_NStem
i_n_kqubo	NPrePre9_BPre9_NStem	NStem_NStem_NStem	NPrePre9_BPre9_NStem	NPrePre9_BPre9_NStem
yo_ku_hanj_is_w_a	PossConc9_NPrePre15_BPre15_VRoot_CausExt_PassExt_VerbTerm	VRoot_VRoot_VRoot_VRoot_VRoot_VRoot	PossConc9_NPrePre15_BPre15_VRoot_CausExt_PassExt_VerbTerm	CopPre_OC15_VRoot_CausExt_PassExt_VerbTerm
kwa_so	PossConc15_PronStem7	PUNC_PUNC	PossConc15_PronStem7	PossConc15_PronStem7
i_lung_ile	SC9_VRoot_Perf	NStem_NStem_NStem	SC9_VRoot_Perf	SC9_VRoot_Perf
.	Punc	PUNC	Punc	PUNC
Ku_kho	CopPre_Adv	PUNC_PUNC	CopPre_Adv	LocPre_PronStem17
u_m_gcipheko	NPrePre3_BPre3_NStem	VRoot_VRoot_VRoot	NPrePre3_BPre3_NStem	NPrePre3_BPre3_NStem
w_okwe_nene	PossConc3_RelConc15_NPrePre9_NStem	NStem_NStem_NStem	PossConc3_RelConc15_NPrePre9_NStem	CopPre_RelConc15_AdjStem
wo_kuba	PossConc3_Conj	PUNC_PUNC	PossConc3_Conj	QuantConc3_NStem
i__aj_enda	NPrePre9_NStem	NStem_NStem_NStem	NPrePre9_NStem	NPrePre4_NStem_NStem
yo_phuhliso	PossConc9_NPrePre11_BPre11_NStem	NStem_NStem	PossConc9_NPrePre11_BPre11_NStem	PossConc9_NStem
yo_Mzantsi	PossConc9_NPrePre3_ProperName	NStem_NStem	PossConc9_NPrePre3_ProperName	PossConc9_ProperName
Afrika	ProperName	PUNC	ProperName	ProperName
i_ngasilel_a	SC9_Pot_VRoot_VerbTerm	NStem_NStem_VRoot	SC9_Pot_VRoot_VerbTerm	SC4_VRoot_VerbTerm
ku_ba	Conj	PUNC_PUNC	Conj	SC15_AuxVStem
u_rhulumente	NPrePre1a_NStem	NStem_NStem	NPrePre1a_NStem	NPrePre1a_NStem
a_ka_kw_az_i	NegPre_SC1a_BPre15_VRoot_VerbTerm	PUNC_PUNC_PUNC_PUNC_PUNC	NegPre_SC1a_BPre15_VRoot_VerbTerm	NegPre_ExclNeg_OC15_VRoot_VerbTerm
u_ku_yi_fezek_is_a	NPrePre15_BPre15_OC9_VRoot_CausExt_VerbTerm	VRoot_VRoot_VRoot_VRoot_VRoot_VRoot	NPrePre15_BPre15_OC9_VRoot_CausExt_VerbTerm	SC2ps_OC15_OC9_VRoot_CausExt_VerbTerm
.	Punc	PUNC	Punc	PUNC
I_Khomishoni	NPrePre9_NStem	NStem_NStem	NPrePre9_NStem	NPre9_NStem
y_enz_a	SC9_VRoot_VerbTerm	NStem_NStem_NStem	SC9_VRoot_VerbTerm	SC9_VRoot_VerbTerm
i_in_gcebiso	NPrePre10_BPre10_NStem	NStem_NStem_NStem	NPrePre10_BPre10_NStem	NPrePre9_BPre9_NStem
zo_ku_lungis_w_a	PossConc10_NPrePre15_BPre15_VRoot_PassExt_VerbTerm	VRoot_VRoot_VRoot_VRoot_VRoot	PossConc10_NPrePre15_BPre15_VRoot_PassExt_VerbTerm	SC15_BPre15_VRoot_PassExt_VerbTerm
kwa_ma_ziko	PossConc15_NPrePre6_BPre6_NStem	NStem_NStem_NStem	PossConc15_NPrePre6_BPre6_NStem	PossConc15_BPre6_NStem
ezi_bhek_e	RelConc10_VRoot_VerbTerm	NStem_NStem_NStem	RelConc10_VRoot_VerbTerm	RelConc10_VRoot_VerbTerm
phaya	Dem16_Pos3	PUNC	Dem16_Pos3	Adv
e_ku_lungis_e_ni	LocPre_NPrePre15_BPre15_VRoot_VerbTerm_LocSuf	VRoot_VRoot_VRoot_VRoot_VRoot	LocPre_NPrePre15_BPre15_VRoot_VerbTerm_LocSuf	LocPre_BPre15_VRoot_VerbTerm_LocSuf
u_ku_nga_lungelelan_i	NPrePre15_BPre15_NegPre_VRoot_VerbTerm	VRoot_VRoot_VRoot_VRoot_VRoot	NPrePre15_BPre15_NegPre_VRoot_VerbTerm	SC2ps_OC15_NegPre_VRoot_VerbTerm
no_ku_sebenz_a	AdvPre_NPrePre15_BPre15_VRoot_VerbTerm	NStem_NStem_NStem_NStem	AdvPre_NPrePre15_BPre15_VRoot_VerbTerm	AdvPre_OC15_VRoot_VerbTerm
oku_th_i	RelConc15_VRoot_VerbTerm	NStem_NStem_NStem	RelConc15_VRoot_VerbTerm	RelConc15_VRoot_VerbTerm
ma_xa	BPre6_NStem	PUNC_PUNC	BPre6_NStem	BPre6_NStem
wa_mbi	PossConc6_EnumStem	PUNC_PUNC	PossConc6_EnumStem	PossConc3_AdjStem
ku_be	SC15_AuxVStem	PUNC_PUNC	SC15_AuxVStem	SC15_AuxVStem
phantsi	Adv	NStem	Adv	Adv
kw_i_n_konzo	LocPre_NPrePre9_BPre9_NStem	VRoot_VRoot_VRoot_NStem	LocPre_NPrePre9_BPre9_NStem	PossConc15_NPrePre9_BPre9_NStem
yo_lu_ntu	PossConc9_NPrePre11_BPre11_NStem	NStem_NStem_NStem	PossConc9_NPrePre11_BPre11_NStem	PossConc9_BPre11_NStem
no_rhulumente	AdvPre_NPrePre1a_NStem	NStem_NStem	AdvPre_NPrePre1a_NStem	AdvPre_NStem
wa_ma_khaya	PossConc1a_NPrePre6_BPre6_NStem	NStem_NStem_NStem	PossConc1a_NPrePre6_BPre6_NStem	PossConc3_BPre6_NStem
.	Punc	PUNC	Punc	PUNC
U_ku_qond_a	NPrePre15_BPre15_VRoot_VerbTerm	NStem_NStem_NStem_NStem	NPrePre15_BPre15_VRoot_VerbTerm	SC1_OC15_VRoot_VerbTerm
i_im_piliso	NPrePre10_BPre10_NStem	NStem_NStem_NStem	NPrePre10_BPre10_NStem	NPrePre9_NPre9_NStem
za_ma_qela	PossConc10_NPrePre6_BPre6_NStem	NStem_NStem_NStem	PossConc10_NPrePre6_BPre6_NStem	AdvPre_BPre6_NStem
e_ze_n_tlalo	RelConc6_PossConc10_NPrePre9_BPre9_NStem	NStem_NStem_NStem_NStem	RelConc6_PossConc10_NPrePre9_BPre9_NStem	PossConc6_PossConc9_BPre9_NStem
a_th_ile	RelConc6_VRoot_Perf	NStem_NStem_NStem	RelConc6_VRoot_Perf	SC6_VRoot_Perf
,	Punc	PUNC	Punc	PUNC
ku_bandakany_w_a	SC15_VRoot_PassExt_VerbTerm	VRoot_VRoot_VRoot_VRoot	SC15_VRoot_PassExt_VerbTerm	BPre15_VRoot_PassExt_VerbTerm
i_ma_pahla	NPrePre9_BPre9_NStem	NStem_NStem_NStem	NPrePre9_BPre9_NStem	NPrePre9_BPre6_NStem
ya_bo	PossConc9_PronStem2	PUNC_PUNC	PossConc9_PronStem2	PossConc4_PronStem2
e_xabis_ek_il_e_yo	RelConc9_VRoot_NeutExt_Perf_VerbTerm_RelSuf	VRoot_VRoot_VRoot_VRoot_VRoot_VRoot	RelConc9_VRoot_NeutExt_Perf_VerbTerm_RelSuf	LocPre_VRoot_NeutExt_ApplExt_VerbTerm_RelSuf
,	Punc	PUNC	Punc	PUNC
i_mi_celi__m_ngeni	NPrePre4_BPre4_NStem_BPre3_NStem	VRoot_VRoot_VRoot_VRoot_VRoot	NPrePre4_BPre4_NStem_BPre3_NStem	NPrePre4_BPre4_NStem_BPre3_NStem
,	Punc	PUNC	Punc	PUNC
i_zi_phumo	NPrePre8_BPre8_NStem	NStem_NStem_NStem	NPrePre8_BPre8_NStem	NPrePre4_CopPre_NStem
ezi_nqwenel_ek_a_yo	RelConc8_VRoot_VerbExt_VerbTerm_RelSuf	VRoot_VRoot_VRoot_VRoot_VRoot	RelConc8_VRoot_VerbExt_VerbTerm_RelSuf	RelConc7_VRoot_NPas_VerbTerm_PronStem9
,	Punc	PUNC	Punc	PUNC
na_ma_thuba	AdvPre_NPrePre6_BPre6_NStem	NStem_NStem_NStem	AdvPre_NPrePre6_BPre6_NStem	AdvPre_BPre6_NStem
a_fuman_ek_a_yo	RelConc6_VRoot_NeutExt_VerbTerm_RelSuf	VRoot_VRoot_VRoot_VRoot_VRoot	RelConc6_VRoot_NeutExt_VerbTerm_RelSuf	SC6_VRoot_NeutExt_VerbTerm_PronStem9
.	Punc	PUNC	Punc	PUNC
U_yi_fezek_is_e	SC2ps_OC9_VRoot_CausExt_VerbTerm	VRoot_VRoot_VRoot_VRoot_VRoot	SC2ps_OC9_VRoot_CausExt_VerbTerm	SC2ps_OC9_VRoot_CausExt_VerbTerm
njani	Adv	NStem	Adv	Adv
i_n_jongo	NPrePre9_BPre9_NStem	NStem_NStem_NStem	NPrePre9_BPre9_NStem	NPrePre9_BPre9_NStem
yo_ku_hamb_is_a	PossConc9_NPrePre15_BPre15_VRoot_CausExt_VerbTerm	NStem_NStem_NStem_NStem_NStem	PossConc9_NPrePre15_BPre15_VRoot_CausExt_VerbTerm	PossConc9_OC15_VRoot_CausExt_VerbTerm
i_qabane	NPrePre5_NStem	NStem_NStem	NPrePre5_NStem	NPrePre4_NStem
la_kho	PossConc5_PossPron	NStem_NStem	PossConc5_PossPron	PossConc5_PronStem2
?	Punc	PUNC	Punc	PUNC
I_bakal_a	NPrePre5_NStem	PUNC_PUNC_PUNC	NPrePre5_NStem	SC9_VRoot_VerbTerm
2	Num	PUNC	Num	NUM
li_qal_a	SC5_VRoot_VerbTerm	NStem_NStem_NStem	SC5_VRoot_VerbTerm	SC5_VRoot_VerbTerm
ngo_ku_hlalutya	AdvPre_NPrePre15_BPre15_VRoot_VerbTerm	NStem_NStem_NStem	AdvPre_NPrePre15_BPre15_VRoot_VerbTerm	AdvPre_BPre15_NStem
no_ku_hlanganisel_a	AdvPre_NPrePre15_BPre15_VRoot_ApplExt_VerbTerm	NStem_NStem_NStem_NStem	AdvPre_NPrePre15_BPre15_VRoot_ApplExt_VerbTerm	AdvPre_BPre15_VRoot_VerbTerm
i_in_kcukacha	NPrePre10_BPre10_NStem	NStem_NStem_NStem	NPrePre10_BPre10_NStem	NPrePre9_BPre9_NStem
ezi_qokelel_w_e	RelConc10_VRoot_PassExt_VerbTerm	VRoot_VRoot_VRoot_VRoot	RelConc10_VRoot_PassExt_VerbTerm	SC15_VRoot_PassExt_VerbTerm
xa	Conj	PUNC	Conj	Adv
ku_s_enz_iw_a	SC15_PreLoc-s_VRoot_PassExt_VerbTerm	VRoot_VRoot_VRoot_VRoot_VRoot	SC15_PreLoc-s_VRoot_PassExt_VerbTerm	BPre15_BPre7_VRoot_PassExt_VerbTerm
u_malath_a__ndlel_a	NPrePre1a_NStem_BPre9_NStem	VRoot_VRoot_VRoot_VRoot_VRoot	NPrePre1a_NStem_BPre9_NStem	SC3_VRoot_VerbTerm_VRoot_VerbTerm
,	Punc	PUNC	Punc	PUNC
i_candelo	NPrePre5_BPre5_NStem	NStem_NStem	NPrePre5_BPre5_NStem	NPrePre4_NStem
la_ba_hlali	PossConc5_NPrePre2_BPre2_NStem	NStem_NStem_NStem	PossConc5_NPrePre2_BPre2_NStem	PossConc5_BPre2_NStem
,	Punc	PUNC	Punc	PUNC
u_m_nxeba	NPrePre3_BPre3_NStem	VRoot_VRoot_VRoot	NPrePre3_BPre3_NStem	NPrePre3_BPre3_NStem
we_xesha	PossConc3_NPrePre5_BPre5_NStem	NStem_NStem	PossConc3_NPrePre5_BPre5_NStem	PossConc3_NStem
ne_mi_sebenzi	AdvPre_NPrePre4_BPre4_NStem	NStem_NStem_NStem	AdvPre_NPrePre4_BPre4_NStem	AdvPre_BPre4_NStem
ye_zi_mbo	PossConc9_NPrePre8_BPre8_NStem	NStem_NStem_NStem	PossConc9_NPrePre8_BPre8_NStem	PossConc9_BPre7_NStem
ze_mi_khwa	PossConc8_NPrePre4_BPre4_NStem	NStem_NStem_NStem	PossConc8_NPrePre4_BPre4_NStem	AdvPre_BPre4_NStem
ya_ma_thuba	PossConc4_NPrePre6_BPre6_NStem	NStem_NStem_NStem	PossConc4_NPrePre6_BPre6_NStem	PossConc9_BPre6_NStem
a_ma_de	AdjPref6_AdjStem	NStem_NStem_NStem	AdjPref6_AdjStem	NPrePre6_BPre6_NStem
.	Punc	PUNC	Punc	PUNC
U_kw_ab_el_a	NPrePre15_BPre15_VRoot_ApplExt_VerbTerm	NStem_NStem_NStem_NStem_NStem	NPrePre15_BPre15_VRoot_ApplExt_VerbTerm	SC3_OC15_VRoot_ApplExt_VerbTerm
aba_nye	AdjPref2_AdjStem	PUNC_PUNC	AdjPref2_AdjStem	AdjPref2_AdjStem
i_mi_thwalo	NPrePre4_BPre4_NStem	NStem_NStem_NStem	NPrePre4_BPre4_NStem	NPrePre4_BPre4_NStem
e_l_u_xanduva	RelConc4_CopPre_NPrePre11_BPre11_NStem	VRoot_VRoot_VRoot_VRoot	RelConc4_CopPre_NPrePre11_BPre11_NStem	PossConc6_BPre5_BPre3_NStem
lo_ku_bhala	PossConc11_NPrePre15_BPre15_VRoot_VerbTerm	NStem_NStem_NStem	PossConc11_NPrePre15_BPre15_VRoot_VerbTerm	PossConc5_BPre15_NStem
a_ma_candelo	NPrePre6_BPre6_NStem	PUNC_PUNC_PUNC	NPrePre6_BPre6_NStem	NPrePre6_BPre6_NStem
a_th_ile	RelConc6_VRoot_Perf	PUNC_PUNC_PUNC	RelConc6_VRoot_Perf	SC1_VRoot_Perf
.	Punc	PUNC	Punc	PUNC
Oku	Dem15_Pos1	PUNC	Dem15_Pos1	CDEM15
ku_khuthaz_a	SC15_VRoot_VerbTerm	NStem_NStem_NStem	SC15_VRoot_VerbTerm	BPre15_VRoot_VerbTerm
u_bu_nini	NPrePre14_BPre14_NStem	NStem_NStem_NStem	NPrePre14_BPre14_NStem	NPrePre1_BPre14_NStem
ku_qinisek_is_e	SC15_VRoot_CausExt_VerbTerm	VRoot_VRoot_VRoot_VRoot	SC15_VRoot_CausExt_VerbTerm	SC15_VRoot_CausExt_VerbTerm
u_ku_gqityezel_w_a	NPrePre15_BPre15_VRoot_PassExt_VerbTerm	VRoot_VRoot_VRoot_VRoot_VRoot	NPrePre15_BPre15_VRoot_PassExt_VerbTerm	SC1a_OC15_VRoot_PassExt_VerbTerm
ko_m_sebenzi	PossConc15_NPrePre3_BPre3_NStem	NStem_NStem_NStem	PossConc15_NPrePre3_BPre3_NStem	LocPre_BPre3_NStem
.	Punc	PUNC	Punc	PUNC
Ng_u_bani	CopPre_NPrePre1_Interrog	NStem_NStem_NStem	CopPre_NPrePre1_Interrog	CopPre_SC3_Interrog
o_fikelel_a_yo	RelConc1_VRoot_VerbTerm_RelSuf	VRoot_VRoot_VRoot_VRoot	RelConc1_VRoot_VerbTerm_RelSuf	SC1_VRoot_VerbTerm_RelSuf
kw_i_zi_bonelelo	LocPre_NPrePre8_BPre8_NStem	VRoot_VRoot_VRoot_VRoot	LocPre_NPrePre8_BPre8_NStem	PossConc15_NPrePre4_BPre7_NStem
ze_Komiti	PossConc8_NPrePre9_NStem	NStem_NStem	PossConc8_NPrePre9_NStem	PossConc9_NStem
ye_Wadi	PossConc9_NPrePre9_NStem	NStem_NStem	PossConc9_NPrePre9_NStem	PossConc9_NStem
,	Punc	PUNC	Punc	PUNC
umz	Abbr	PUNC	Abbr	Abbr
.	Punc	PUNC	Punc	PUNC
E_zo_thutho	RelConc8_PossConc8_NPrePre11_BPre11_NStem	NStem_NStem_NStem	RelConc8_PossConc8_NPrePre11_BPre11_NStem	PossConc6_NPre10_NStem
?	Punc	PUNC	Punc	PUNC
I_i_khompyutha	NPrePre10_BPre10_NStem	VRoot_VRoot_VRoot	NPrePre10_BPre10_NStem	NPrePre4_NPrePre4_NStem
?	Punc	PUNC	Punc	PUNC
I_i_fowuni	NPrePre10_BPre10_NStem	NStem_NStem_NStem	NPrePre10_BPre10_NStem	NPrePre9_BPre4_NStem
?	Punc	PUNC	Punc	PUNC
U_qhagamshelwano	NPrePre11_NStem	VRoot_VRoot	NPrePre11_NStem	NPrePre1a_NStem
ne_e_n_kokeli	AdvPre_NPrePre10_BPre10_NStem	NStem_NStem_NStem_NStem	AdvPre_NPrePre10_BPre10_NStem	AdvPre_LocPre_BPre9_NStem
zo_politiko	PossConc10_NPrePre11_BPre11_NStem	PUNC_PUNC	PossConc10_NPrePre11_BPre11_NStem	BPre2a_NStem
?	Punc	PUNC	Punc	PUNC
U_qhagamshelwano	NPrePre11_NStem	VRoot_VRoot	NPrePre11_NStem	NPrePre1a_NStem
n_ezo_sasazo	AdvPre_RelConc8_PossConc8_NPrePre11_BPre11_NStem	PUNC_PUNC_PUNC	AdvPre_RelConc8_PossConc8_NPrePre11_BPre11_NStem	AdvPre_NStem_NStem
?	Punc	PUNC	Punc	PUNC
Ku_hlahlelo	LocPre_NPrePre11_NStem	VRoot_VRoot	LocPre_NPrePre11_NStem	BPre17_NStem
lo_bu_ngakanani	PossConc11_NPrePre3_BPre14_Adv	NStem_NStem_NStem	PossConc11_NPrePre3_BPre14_Adv	RelConc9_BPre14_Interrog
,	Punc	PUNC	Punc	PUNC
ku_setyenz_is_w_a	SC15_VRoot_CausExt_PassExt_VerbTerm	VRoot_VRoot_VRoot_VRoot_VRoot	SC15_VRoot_CausExt_PassExt_VerbTerm	SC15_VRoot_CausExt_PassExt_VerbTerm
a_ma_nani	NPrePre6_BPre6_NStem	NStem_NStem_NStem	NPrePre6_BPre6_NStem	NPrePre6_BPre6_NStem
e_ku_shwankathel_e_ni	LocPre_NPrePre15_BPre15_VRoot_VerbTerm_LocSuf	VRoot_VRoot_VRoot_VRoot_VRoot	LocPre_NPrePre15_BPre15_VRoot_VerbTerm_LocSuf	LocPre_OC15_VRoot_VerbTerm_LocSuf
i_data	NPrePre9_NStem	PUNC_PUNC	NPrePre9_NStem	NPrePre4_Foreign
no_ku_bon_a	AdvPre_NPrePre15_BPre15_VRoot_VerbTerm	NStem_NStem_NStem_NStem	AdvPre_NPrePre15_BPre15_VRoot_VerbTerm	AdvPre_OC15_VRoot_VerbTerm
u_lw_alamano	NPrePre11_BPre11_NStem	NStem_VRoot_NStem	NPrePre11_BPre11_NStem	NPrePre1a_BPre11_NStem
,	Punc	PUNC	Punc	PUNC
lu_kwa_sebenz_is_a	SC11_AdvPre_VRoot_CausExt_VerbTerm	VRoot_VRoot_VRoot_VRoot_VRoot	SC11_AdvPre_VRoot_CausExt_VerbTerm	SC11_OC15_VRoot_CausExt_VerbTerm
i_n_dlel_a	NPrePre9_BPre9_NStem	NStem_VRoot_VRoot_VRoot	NPrePre9_BPre9_NStem	NPrePre9_BPre9_VRoot_VerbTerm
e_th_ile	RelConc9_VRoot_Perf	NStem_NStem_NStem	RelConc9_VRoot_Perf	SC6_VRoot_Perf
ye_n_gqiqo	PossConc9_NPrePre9_BPre9_NStem	VRoot_VRoot_VRoot	PossConc9_NPrePre9_BPre9_NStem	PossConc9_NPre9_NStem
yo_ku_nciph_is_a	PossConc9_NPrePre15_BPre15_VRoot_CausExt_VerbTerm	VRoot_VRoot_VRoot_VRoot_VRoot	PossConc9_NPrePre15_BPre15_VRoot_CausExt_VerbTerm	PossConc9_BPre15_VRoot_CausExt_VerbTerm
.	Punc	PUNC	Punc	PUNC
Ku_hlahlelo	LocPre_NPrePre11_NStem	NStem_NStem	LocPre_NPrePre11_NStem	LocPre_NStem
lo_m_gangatho	PossConc11_NPrePre3_BPre3_NStem	NStem_NStem_NStem	PossConc11_NPrePre3_BPre3_NStem	RelConc3_BPre3_NStem
we_data	PossConc3_NPrePre9_NStem	PUNC_PUNC	PossConc3_NPrePre9_NStem	PossConc3_Foreign
,	Punc	PUNC	Punc	PUNC
ku_setyenz_is_w_a	SC15_VRoot_CausExt_PassExt_VerbTerm	VRoot_VRoot_VRoot_VRoot_VRoot	SC15_VRoot_CausExt_PassExt_VerbTerm	SC15_VRoot_CausExt_PassExt_VerbTerm
i_n_gqiqo	NPrePre9_BPre9_NStem	NStem_VRoot_NStem	NPrePre9_BPre9_NStem	NPrePre9_BPre9_NStem
yo_kw_and_is_a	PossConc9_NPrePre15_BPre15_VRoot_CausExt_VerbTerm	NStem_NStem_NStem_NStem_NStem	PossConc9_NPrePre15_BPre15_VRoot_CausExt_VerbTerm	PossConc9_BPre15_VRoot_CausExt_VerbTerm
.	Punc	PUNC	Punc	PUNC
I_n_gqiqo	NPrePre9_BPre9_NStem	NStem_NStem_NStem	NPrePre9_BPre9_NStem	NPrePre9_BPre9_NStem
yo_kw_and_is_a	PossConc9_NPrePre15_BPre15_VRoot_CausExt_VerbTerm	NStem_NStem_NStem_NStem_NStem	PossConc9_NPrePre15_BPre15_VRoot_CausExt_VerbTerm	PossConc4_BPre15_VRoot_CausExt_VerbTerm
i_ya_qhubek_ek_a	SC9_Pres_VRoot_NeutExt_NeutExt_VerbTerm	VRoot_VRoot_VRoot_VRoot_VRoot	SC9_Pres_VRoot_NeutExt_NeutExt_VerbTerm	SC4_Pres_VRoot_NeutExt_VerbTerm
u_ku_suk_a	NPrePre15_BPre15_VRoot_VerbTerm	NStem_NStem_NStem_NStem	NPrePre15_BPre15_VRoot_VerbTerm	SC3_OC15_VRoot_VerbTerm
ko_ku_ko_dwa	PossConc15_RelConc15_QuantConc15_QuantStem	NStem_NStem_NStem_NStem	PossConc15_RelConc15_QuantConc15_QuantStem	PossConc15_LocPre_BPre15_NStem
u_ku_ya	SC15_BPre15_VRoot_VerbTerm	NStem_NStem_NStem	SC15_BPre15_VRoot_VerbTerm	RelConc3_BPre15_NStem
ko_ku_ninzi	PossConc15_RelConc15_AdjStem	NStem_NStem_NStem	PossConc15_RelConc15_AdjStem	PossConc15_BPre15_NStem
_	Punc		Punc	
oko	Dem15_Pos2	PUNC	Dem15_Pos2	CDEM15
ku_ku_th_i	SC15_BPre15_VRoot_VerbTerm	NStem_NStem_NStem_NStem	SC15_BPre15_VRoot_VerbTerm	SC15_OC15_VRoot_VerbTerm
,	Punc	PUNC	Punc	PUNC
u_ku_suk_a	NPrePre15_BPre15_VRoot_VerbTerm	NStem_NStem_NStem_NStem	NPrePre15_BPre15_VRoot_VerbTerm	SC2ps_OC15_VRoot_VerbTerm
kw_i_sethi	LocPre_NPrePre9_NStem	NStem_NStem_NStem	LocPre_NPrePre9_NStem	BPre15_NPre9_NStem
ye_n_gqwalaselo	PossConc9_NPrePre9_BPre9_NStem	VRoot_VRoot_VRoot	PossConc9_NPrePre9_BPre9_NStem	PossConc9_NPre9_NStem
u_ku_ya	SC15_BPre15_VRoot_VerbTerm	PUNC_PUNC_NStem	SC15_BPre15_VRoot_VerbTerm	NPrePre1a_BPre15_NStem
kw_i_si_phelo	LocPre_NPrePre7_BPre7_NStem	NStem_NStem_NStem_NStem	LocPre_NPrePre7_BPre7_NStem	PossConc15_NPrePre4_BPre7_NStem
jikelel_e	Adv	NStem_NStem	Adv	VRoot_VerbTerm
.	Punc	PUNC	Punc	PUNC
I_in_dleko	NPrePre10_BPre10_NStem	NStem_NStem_NStem	NPrePre10_BPre10_NStem	NPrePre9_BPre9_NStem
zo_ku_thath_a	PossConc10_NPrePre15_BPre15_VRoot_VerbTerm	NStem_VRoot_NStem_NStem	PossConc10_NPrePre15_BPre15_VRoot_VerbTerm	AdvPre_OC15_VRoot_VerbTerm
i_n_xaxheba	NPrePre9_BPre9_NStem	NStem_NStem_NStem	NPrePre9_BPre9_NStem	NPrePre9_BPre9_NStem
_	Punc		Punc	
oku	Dem15_Pos1	PUNC	Dem15_Pos1	CDEM15
ku_quk_a	SC15_VRoot_VerbTerm	NStem_NStem_NStem	SC15_VRoot_VerbTerm	BPre15_VRoot_VerbTerm
aba_ntu	NPrePre2_BPre2_NStem	NStem_NStem	NPrePre2_BPre2_NStem	RelConc2_NStem
,	Punc	PUNC	Punc	PUNC
i_xesha	NPrePre5_BPre5_NStem	NStem_NStem	NPrePre5_BPre5_NStem	BPre9_NStem
ne_mali	AdvPre_NPrePre9_NStem	PUNC_PUNC	AdvPre_NPrePre9_NStem	AdvPre_NStem
.	Punc	PUNC	Punc	PUNC
U_ku_bamb_a	NPrePre15_BPre15_VRoot_VerbTerm	NStem_NStem_NStem_NStem	NPrePre15_BPre15_VRoot_VerbTerm	SC1_OC15_VRoot_VerbTerm
i_in_tlanganiso	NPrePre10_BPre10_NStem	NStem_NStem_NStem	NPrePre10_BPre10_NStem	NPrePre9_BPre9_NStem
rhoqo	Ideoph	NStem	Ideoph	Adv
,	Punc	PUNC	Punc	PUNC
u_kw_enz_a	NPrePre15_BPre15_VRoot_VerbTerm	NStem_NStem_NStem_NStem	NPrePre15_BPre15_VRoot_VerbTerm	SC3_OC15_VRoot_VerbTerm
i_mi_zamo	NPrePre4_BPre4_NStem	NStem_NStem_NStem	NPrePre4_BPre4_NStem	NPrePre4_BPre4_NStem
yo_ku_diban_a	PossConc4_NPrePre15_BPre15_VRoot_VerbTerm	NStem_VRoot_NStem_VRoot	PossConc4_NPrePre15_BPre15_VRoot_VerbTerm	PossConc9_OC15_VRoot_VerbTerm
na_ba_thunywa	AdvPre_NPrePre2_BPre2_VRoot_PassExt_VerbTerm	NStem_NStem_NStem	AdvPre_NPrePre2_BPre2_VRoot_PassExt_VerbTerm	AdvPre_BPre2_NStem
ba_ba_hlali	PossConc2_NPrePre2_BPre2_NStem	NStem_NStem_NStem	PossConc2_NPrePre2_BPre2_NStem	BPre2_BPre2_NStem
no_ku_theth_a	AdvPre_NPrePre15_BPre15_VRoot_VerbTerm	VRoot_VRoot_VRoot_NStem	AdvPre_NPrePre15_BPre15_VRoot_VerbTerm	AdvPre_OC15_VRoot_VerbTerm
na_ma_lungu	AdvPre_NPrePre6_BPre6_NStem	NStem_NStem_NStem	AdvPre_NPrePre6_BPre6_NStem	AdvPre_BPre6_NStem
aba_hlali	NPrePre2_BPre2_NStem	NStem_NStem	NPrePre2_BPre2_NStem	NegPre_NStem
u_ku_v_a	NPrePre15_BPre15_VRoot_VerbTerm	NStem_NStem_NStem_NStem	NPrePre15_BPre15_VRoot_VerbTerm	SC1_OC15_VRoot_VerbTerm
i_zi_dingo	NPrePre8_BPre8_NStem	NStem_NStem_NStem	NPrePre8_BPre8_NStem	NPrePre4_BPre4_NStem
ne_mi_ba	AdvPre_NPrePre4_BPre4_NStem	NStem_NStem_NStem	AdvPre_NPrePre4_BPre4_NStem	AdvPre_BPre4_NStem
ya_bo	PossConc4_PronStem2	PUNC_PUNC	PossConc4_PronStem2	PossConc9_PronStem2
ku_thath_a	SC15_VRoot_VerbTerm	NStem_NStem_NStem	SC15_VRoot_VerbTerm	BPre15_VRoot_VerbTerm
i_xesha	NPrePre5_BPre5_NStem	NStem_NStem	NPrePre5_BPre5_NStem	NPrePre4_NStem
.	Punc	PUNC	Punc	PUNC
I_i_Komiti	NPrePre10_BPre10_NStem	NStem_NStem_NStem	NPrePre10_BPre10_NStem	NPrePre4_NPrePre4_NStem
ezi_ninzi	AdjPref8_AdjStem	NStem_NStem	AdjPref8_AdjStem	AdjPref10_AdjStem
ze_Wadi	PossConc8_NPrePre9_NStem	NStem_NStem	PossConc8_NPrePre9_NStem	PossConc9_NStem
n_oo_ceba	AdvPre_NPrePre2a_NStem	NStem_NStem_NStem	AdvPre_NPrePre2a_NStem	AdvPre_Pot_NStem
i_xesha	NPrePre5_BPre5_NStem	NStem_NStem	NPrePre5_BPre5_NStem	NPrePre4_NStem
eli_ninzi	AdjPref5_AdjStem	NStem_NStem	AdjPref5_AdjStem	AdjPref5_AdjStem
ku_ye	SC15_AuxVStem	PUNC_PUNC	SC15_AuxVStem	BPre15_PronStem1
ku_dingek_e	SC15_VRoot_NeutExt_VerbTerm	NStem_NStem_NStem	SC15_VRoot_NeutExt_VerbTerm	SC15_VRoot_VerbTerm
u_kuba	Conj	PUNC_PUNC	Conj	NPrePre1a_NStem
ba_zi_nik_e	SC2a_ReflPre_VRoot_VerbTerm	NStem_NStem_NStem_NStem	SC2a_ReflPre_VRoot_VerbTerm	SC2_OC2_VRoot_VerbTerm
i_xesha	NPrePre5_BPre5_NStem	NStem_NStem	NPrePre5_BPre5_NStem	BPre9_NStem
e_m_va	LocPre_NPrePre3_BPre3_NStem	NStem_NStem_NStem	LocPre_NPrePre3_BPre3_NStem	LocPre_BPre3_Adv
kwe_xesha	PossConc15_NPrePre5_BPre5_NStem	NStem_NStem	PossConc15_NPrePre5_BPre5_NStem	PossConc15_NStem
la_bo	PossConc5_PronStem2	PUNC_PUNC	PossConc5_PronStem2	PossConc5_PronStem2
lo_ku_sebenz_a	PossConc5_NPrePre15_BPre15_VRoot_VerbTerm	VRoot_VRoot_VRoot_VRoot	PossConc5_NPrePre15_BPre15_VRoot_VerbTerm	PossConc5_OC15_VRoot_VerbTerm
.	Punc	PUNC	Punc	PUNC
A_ma_lungu	NPrePre6_BPre6_NStem	NStem_NStem_NStem	NPrePre6_BPre6_NStem	NPrePre6_BPre6_NStem
e_e_Komiti	PossConc6_NPrePre10_BPre10_NStem	NStem_NStem_NStem	PossConc6_NPrePre10_BPre10_NStem	PossConc6_LocPre_NStem
ze_Wadi	PossConc10_NPrePre9_NStem	NStem_NStem	PossConc10_NPrePre9_NStem	AdvPre_NStem
ku_nga_ding_ek_a	SC15_Pot_VRoot_NeutExt_VerbTerm	NStem_NStem_NStem_NStem_NStem	SC15_Pot_VRoot_NeutExt_VerbTerm	SC15_Pot_VRoot_NPas_VerbTerm
u_kuba	Conj	PUNC_PUNC	Conj	NPrePre1a_NStem
a_cinga	SC6_VRoot_VerbTerm	NStem_NStem	SC6_VRoot_VerbTerm	LocPre_NStem
ngo_ku_quk_a	AdvPre_NPrePre15_BPre15_VRoot_VerbTerm	NStem_NStem_NStem_NStem	AdvPre_NPrePre15_BPre15_VRoot_VerbTerm	AdvPre_OC15_VRoot_VerbTerm
i_in_kqubo	NPrePre10_BPre10_NStem	NStem_NStem_NStem	NPrePre10_BPre10_NStem	NPrePre9_BPre9_NStem
zo_ku_fikelel_a	PossConc10_NPrePre15_BPre15_VRoot_VerbTerm	VRoot_VRoot_VRoot_VRoot	PossConc10_NPrePre15_BPre15_VRoot_VerbTerm	AdvPre_OC15_VRoot_VerbTerm
ku_ba_hlali	LocPre_BPre2_NStem	NStem_NStem_NStem	LocPre_BPre2_NStem	LocPre_BPre2_NStem
kw_i__I_DP	LocPre_NPrePre9_Abbr	NStem_NStem_NStem_NStem	LocPre_NPrePre9_Abbr	PossConc15_NPrePre4_NPrePre9_Abbr
okanye	Conj	PUNC	Conj	Adv
ko_lu_nye	LocPre_AdjPref11_AdjStem	NStem_NStem_NStem	LocPre_AdjPref11_AdjStem	PossConc15_AdjPref11_EnumStem
u_hlahlo	NPrePre11_NStem	NStem_NStem	NPrePre11_NStem	NPrePre1a_NStem
lw_ab_iwo__mali	BPre11_NStem_NStem	NStem_NStem_NStem_NStem	BPre11_NStem_NStem	BPre11_VRoot_PassExt_NStem
.	Punc	PUNC	Punc	PUNC
I_n_tlanganiso	NPrePre9_BPre9_NStem	NStem_NStem_NStem	NPrePre9_BPre9_NStem	NPrePre9_BPre9_NStem
ye_qela	PossConc9_NPrePre5_BPre5_NStem	NStem_NStem	PossConc9_NPrePre5_BPre5_NStem	PossConc9_NStem
ye_e_yure	PossConc9_NPrePre9_BPre10_NStem	NStem_NStem_NStem	PossConc9_NPrePre9_BPre10_NStem	PossConc4_LocPre_NStem
ezim_bini	AdjPref10_AdjStem	NStem_NStem	AdjPref10_AdjStem	PossConc6_BPre9
na_ba_bhexeshi	AdvPre_NPrePre2_BPre2_NStem	NStem_NStem_NStem	AdvPre_NPrePre2_BPre2_NStem	AdvPre_BPre2_NStem
be__CBP	PossConc2_NPrePre9_Abbr	NStem_NStem	PossConc2_NPrePre9_Abbr	PossConc2_Abbr
,	Punc	PUNC	Punc	PUNC
a_ma_lungu	NPrePre6_BPre6_NStem	NStem_NStem_NStem	NPrePre6_BPre6_NStem	NPrePre6_BPre6_NStem
e_Komiti	PossConc6_NPrePre9_NStem	NStem_NStem	PossConc6_NPrePre9_NStem	LocPre_NStem
ye_Wadi	PossConc9_NPrePre9_NStem	NStem_NStem	PossConc9_NPrePre9_NStem	PossConc9_NStem
na_ma_qela	AdvPre_BPre6_NStem	NStem_NStem_NStem	AdvPre_BPre6_NStem	AdvPre_BPre6_NStem
a_sebenz_a_yo	RelConc6_VRoot_VerbTerm_RelSuf	VRoot_VRoot_VRoot_VRoot	RelConc6_VRoot_VerbTerm_RelSuf	SC6_VRoot_VerbTerm_RelSuf
a_m_isel_w_e	RelConc6_VRoot_PassExt_VerbTerm	VRoot_VRoot_VRoot_VRoot_VRoot	RelConc6_VRoot_PassExt_VerbTerm	SC6_VRoot_VRoot_PassExt_VerbTerm
nge_si_phumo	AdvPre_NPrePre7_BPre7_NStem	NStem_NStem_NStem	AdvPre_NPrePre7_BPre7_NStem	AdvPre_BPre7_NStem
nga_si_nye	AdvPre_EnumConc7_EnumStem	NStem_NStem_NStem	AdvPre_EnumConc7_EnumStem	AdvPre_OC7_EnumStem
.	Punc	PUNC	Punc	PUNC
Kw_i_mi_nyaka	LocPre_NPrePre4_BPre4_NStem	VRoot_VRoot_NStem_VRoot	LocPre_NPrePre4_BPre4_NStem	PossConc15_NPrePre4_BPre4_NStem
emi_hlanu	AdjPref4_AdjStem	NStem_VRoot	AdjPref4_AdjStem	AdjPref4_AdjStem
e_dlul_il_e_yo	RelConc4_VRoot_Perf_VerbTerm_RelSuf	VRoot_VRoot_VRoot_VRoot_VRoot	RelConc4_VRoot_Perf_VerbTerm_RelSuf	SC6_VRoot_ApplExt_VerbTerm_RelSuf
,	Punc	PUNC	Punc	PUNC
u_ku_thum_el_a	NPrePre15_BPre15_VRoot_ApplExt_VerbTerm	VRoot_VRoot_VRoot_VRoot_VRoot	NPrePre15_BPre15_VRoot_ApplExt_VerbTerm	SC3_OC15_VRoot_ApplExt_VerbTerm
ko_Mzantsi	PossConc15_NPrePre3_ProperName	NStem_NStem	PossConc15_NPrePre3_ProperName	LocPre_ProperName
Afrika	ProperName	Adv	ProperName	ProperName
ku_ma_zwe	LocPre_NPrePre6_BPre6_NStem	NStem_NStem_NStem	LocPre_NPrePre6_BPre6_NStem	LocPre_BPre6_NStem
a_nga_phandle	RelConc6_AdvPre_Adv	NStem_NStem_NStem	RelConc6_AdvPre_Adv	SC6_AdvPre_Adv
a_no_qoqosho	RelConc6_CopPre_NPrePre11_BPre11_NStem	VRoot_VRoot_NStem	RelConc6_CopPre_NPrePre11_BPre11_NStem	RelConc6_CopPre_NStem
olu_phambili	RelConc11_Adv	NStem_NStem	RelConc11_Adv	RelConc11_NStem
ku_ye	SC15_AuxVStem	PUNC_NStem	SC15_AuxVStem	SC15_AuxVStem
kw_a_thoth_a	SC15_Past_VRoot_VerbTerm	NStem_NStem_NStem_NStem	SC15_Past_VRoot_VerbTerm	BPre15_SC6_VRoot_VerbTerm
e_ku_hlangabez_an_e_ni	LocPre_NPrePre15_BPre15_VRoot_RecipExt_VerbTerm_LocSuf	VRoot_VRoot_VRoot_VRoot_VRoot_VRoot	LocPre_NPrePre15_BPre15_VRoot_RecipExt_VerbTerm_LocSuf	LocPre_BPre15_VRoot_RecipExt_VerbTerm_LocSuf
ne_m_funo	AdvPre_NPrePre9_BPre9_NStem	NStem_NStem_NStem	AdvPre_NPrePre9_BPre9_NStem	AdvPre_BPre3_NStem
e_s_e_zantsi	RelConc9_PreLoc-s_LocPre_Adv	NStem_NStem_NStem_NStem	RelConc9_PreLoc-s_LocPre_Adv	LocPre_PreLocs_LocPre_NStem
.	Punc	PUNC	Punc	PUNC
Oku	Dem15_Pos1	PUNC	Dem15_Pos1	CDEM15
ku_nciph_a	SC15_VRoot_VerbTerm	NStem_NStem_NStem	SC15_VRoot_VerbTerm	BPre15_VRoot_VerbTerm
ku_bang_el_w_e	SC15_VRoot_PassExt_VerbTerm	NStem_NStem_NStem_NStem_NStem	SC15_VRoot_PassExt_VerbTerm	SC15_VRoot_ApplExt_PassExt_VerbTerm
y_i_m_funo	CopPre_NPrePre9_BPre9_NStem	NStem_VRoot_NStem_NStem	CopPre_NPrePre9_BPre9_NStem	PossConc9_NPrePre9_BPre3_NStem
e_y_and_a_yo	RelConc9_Pres_VRoot_VerbTerm_RelSuf	NStem_NStem_NStem_NStem_NStem	RelConc9_Pres_VRoot_VerbTerm_RelSuf	PossConc6_VRoot_VRoot_VerbTerm_RelSuf
e_vel_a	RelConc9_VRoot_VerbTerm	NStem_NStem_NStem	RelConc9_VRoot_VerbTerm	SC6_VRoot_VerbTerm
e__Asia	LocPre_ProperName	PUNC_PUNC	LocPre_ProperName	LocPre_ProperName
na_ma_xabiso	AdvPre_NPrePre6_BPre6_NStem	NStem_NStem_NStem	AdvPre_NPrePre6_BPre6_NStem	AdvPre_BPre6_NStem
a_phezulu	RelConc6_Adv	NStem_NStem	RelConc6_Adv	RelConc6_Adv
e_e_m_pahla	PossConc6_NPrePre10_BPre10_NStem	NStem_NStem_NStem_NStem	PossConc6_NPrePre10_BPre10_NStem	PossConc6_LocPre_BPre3_NStem
zo_rhwebo	PossConc10_NPrePre11_BPre11_NStem	NStem_NStem	PossConc10_NPrePre11_BPre11_NStem	BPre2a_NStem
.	Punc	PUNC	Punc	PUNC
Logama	Adv	PUNC	Adv	CDEM09
u_Mzantsi	NPrePre3_ProperName	NStem_NStem	NPrePre3_ProperName	NPrePre1a_ProperName
Afrika	ProperName	PUNC	ProperName	ProperName
u_gcin_e	NPrePre3_VRoot_VerbTerm	NStem_NStem_NStem	NPrePre3_VRoot_VerbTerm	SC3_VRoot_VerbTerm
u_lungelelwano	NPrePre11_NStem	NStem_NStem	NPrePre11_NStem	NPrePre1a_NStem
lo_rhwebo	PossConc11_NPrePre11_BPre11_NStem	NStem_NStem	PossConc11_NPrePre11_BPre11_NStem	RelConc3_NStem
olu_zinz_il_e_yo	RelConc11_VRoot_Perf_VerbTerm_RelSuf	VRoot_VRoot_VRoot_VRoot_VRoot	RelConc11_VRoot_Perf_VerbTerm_RelSuf	RelConc11_VRoot_ApplExt_VerbTerm_RelSuf
,	Punc	PUNC	Punc	PUNC
oku_bang_el_w_e	RelConc15_VRoot_PassExt_VerbTerm	NStem_NStem_VRoot_NStem_NStem	RelConc15_VRoot_PassExt_VerbTerm	RelConc15_VRoot_ApplExt_PassExt_VerbTerm
ka_khulu	AdvPre_AdjStem	NStem_NStem	AdvPre_AdjStem	AdvPre_AdjStem
nga_ma_xabiso	CopPre_NPrePre6_BPre6_NStem	NStem_NStem_NStem	CopPre_NPrePre6_BPre6_NStem	AdvPre_BPre6_NStem
e_e_m_pahla	PossConc6_NPrePre10_BPre10_NStem	NStem_NStem_NStem_NStem	PossConc6_NPrePre10_BPre10_NStem	PossConc6_LocPre_BPre3_NStem
zo_rhwebo	PossConc10_NPrePre11_BPre11_NStem	NStem_NStem	PossConc10_NPrePre11_BPre11_NStem	BPre2a_NStem
a_phezulu	RelConc6_Adv	NStem_NStem	RelConc6_Adv	SC6_Adv
,	Punc	NStem	Punc	PUNC
ku_bangel_a	BPre15_VRoot_VerbTerm	NStem_NStem_NStem	BPre15_VRoot_VerbTerm	BPre15_VRoot_VerbTerm
i_n_kxalabo	NPrePre9_BPre9_NStem	NStem_NStem_NStem	NPrePre9_BPre9_NStem	NPrePre9_BPre9_NStem
u_kuba	Conj	PUNC_PUNC	Conj	NPrePre1a_NStem
i_im_pahla	NPrePre10_BPre10_NStem	NStem_NStem_NStem	NPrePre10_BPre10_NStem	NPrePre9_NPre9_NStem
ezi_thuny_el_w_a	RelConc10_VRoot_ApplExt_PassExt_VerbTerm	VRoot_VRoot_VRoot_VRoot_VRoot	RelConc10_VRoot_ApplExt_PassExt_VerbTerm	RelConc10_VRoot_ApplExt_PassExt_VerbTerm
nga_phandle	AdvPre_Adv	NStem_NStem	AdvPre_Adv	AdvPre_Adv
ezi_ne_xabiso	RelConc10_CopPre_NPrePre5_BPre5_NStem	VRoot_VRoot_NStem	RelConc10_CopPre_NPrePre5_BPre5_NStem	RelConc10_AdvPre_NStem
eli_phezulu	RelConc5_Adv	NStem_NStem	RelConc5_Adv	RelConc5_Adv
ne_zi_fun_a	AdvPre_RelConc10_VRoot_VerbTerm	NStem_NStem_NStem_NStem	AdvPre_RelConc10_VRoot_VerbTerm	AdvPre_OC5_VRoot_VerbTerm
i_si_ninzi	NPrePre7_BPre7_AdjStem	NStem_NStem_NStem	NPrePre7_BPre7_AdjStem	NPrePre4_BPre7_NStem
sa_ba_sebenzi	PossConc7_NPrePre2_BPre2_NStem	NStem_NStem_NStem	PossConc7_NPrePre2_BPre2_NStem	PossConc7_BPre2_NStem
zi_ya_thoth_a	SC10_Pres_VRoot_VerbTerm	NStem_NStem_NStem_NStem	SC10_Pres_VRoot_VerbTerm	CopPre_Pres_VRoot_VerbTerm
.	Punc	PUNC	Punc	PUNC
U_nyango	NPrePre11_NStem	NStem_NStem	NPrePre11_NStem	NPrePre1a_NStem
_	Punc		Punc	
i_zi_gqibo	NPrePre8_BPre8_NStem	VRoot_VRoot_VRoot	NPrePre8_BPre8_NStem	NPrePre4_BPre7_NStem
z_enz_iw_a	SC8_VRoot_PassExt_VerbTerm	PUNC_PUNC_PUNC_PUNC	SC8_VRoot_PassExt_VerbTerm	SC2_VRoot_PassExt_VerbTerm
nga_phandle	AdvPre_Adv	NStem_NStem	AdvPre_Adv	AdvPre_Adv
kwe_galelo	PossConc15_NPrePre5_BPre5_NStem	NStem_NStem	PossConc15_NPrePre5_BPre5_NStem	PossConc15_NStem
eli_vel_a	RelConc5_VRoot_VerbTerm	NStem_NStem_NStem	RelConc5_VRoot_VerbTerm	RelConc5_VRoot_VerbTerm
ku_ba_hlali	LocPre_BPre2_NStem	PUNC_PUNC_PUNC	LocPre_BPre2_NStem	LocPre_BPre2_NStem
kwaye	Conj	PUNC	Conj	Adv
li_bandakany_a	SC5_VRoot_VerbTerm	NStem_NStem_NStem	SC5_VRoot_VerbTerm	SC5_VRoot_VerbTerm
i_z_aziso	NPrePre8_BPre8_NStem	NStem_NStem_NStem	NPrePre8_BPre8_NStem	NPrePre4_BPre4_NStem
ze_zin_to	PossConc10_NPrePre10_BPre10_NStem	NStem_NStem_NStem	PossConc10_NPrePre10_BPre10_NStem	RelConc8_BPre10_PronStem8
ez_enz_ek_il_e_yo	RelConc10_VRoot_NeutExt_Perf_VerbTerm_RelSuf	VRoot_VRoot_VRoot_VRoot_VRoot_VRoot	RelConc10_VRoot_NeutExt_Perf_VerbTerm_RelSuf	VRoot_VRoot_NeutExt_ApplExt_VerbTerm_RelSuf
okanye	Conj	PUNC	Conj	Adv
ezi_za	RelConc10_AuxVStem	PUNC_PUNC	RelConc10_AuxVStem	RelConc8_NStem
kw_enz_ek_a	SC15_VRoot_NeutExt_VerbTerm	NStem_NStem_NStem_NStem	SC15_VRoot_NeutExt_VerbTerm	SC15_VRoot_NeutExt_VerbTerm
.	Punc	PUNC	Punc	PUNC
I_Komiti	NPrePre9_NStem	NStem_NStem	NPrePre9_NStem	NPre9_NStem
ye_Wadi	PossConc9_NPrePre9_NStem	NStem_NStem	PossConc9_NPrePre9_NStem	PossConc9_NStem
y_enz_iw_a	SC9_VRoot_PassExt_VerbTerm	VRoot_VRoot_VRoot_VRoot	SC9_VRoot_PassExt_VerbTerm	SC9_VRoot_PassExt_VerbTerm
ng_a_ba_thunywa	CopPre_NPrePre2_BPre2_VRoot_PassExt_VerbTerm	NStem_NStem_NStem_NStem	CopPre_NPrePre2_BPre2_VRoot_PassExt_VerbTerm	AdvPre_RelConc6_BPre2_NStem
ba_ba_hlali	PossConc2_NPrePre2_BPre2_NStem	VRoot_VRoot_NStem	PossConc2_NPrePre2_BPre2_NStem	BPre2_BPre2_NStem
kw_i_wadi	LocPre_NPrePre9_NStem	NStem_NStem_NStem	LocPre_NPrePre9_NStem	PossConc15_BPre9_NStem
ka_masipala	PossKA_NPrePre1a_NStem	NStem_NStem	PossKA_NPrePre1a_NStem	AdvPre_NStem
we_n_gingqi	PossConc1a_NPrePre9_BPre9_NStem	NStem_NStem_NStem	PossConc1a_NPrePre9_BPre9_NStem	PossConc3_BPre9_NStem
okanye	Conj	PUNC	Conj	Adv
ku_masipala	LocPre_NPrePre1a_NStem	NStem_NStem	LocPre_NPrePre1a_NStem	LocPre_NStem
we_n_gingqi	PossConc1a_NPrePre9_BPre9_NStem	NStem_NStem_NStem	PossConc1a_NPrePre9_BPre9_NStem	PossConc3_BPre9_NStem
okanye	Conj	PUNC	Conj	Adv
o_we_si_xeko	RelConc1a_PossConc1a_NPrePre7_BPre7_NStem	NStem_NStem_NStem_NStem	RelConc1a_PossConc1a_NPrePre7_BPre7_NStem	PossConc6_PossConc3_BPre7_NStem
.	Punc	PUNC	Punc	PUNC
Baz_i_i_komiti	CopPre_CopPre_NPrePre10_BPre10_NStem	NStem_NStem_VRoot_NStem	CopPre_CopPre_NPrePre10_BPre10_NStem	VRoot_NPrePre4_NPrePre4_NStem
ezi_cebis_a_yo	RelConc10_VRoot_VerbTerm_RelSuf	NStem_NStem_NStem_NStem	RelConc10_VRoot_VerbTerm_RelSuf	PossConc9_VRoot_VerbTerm_RelSuf
ezi_no_ku_nik_a	RelConc10_CopPre_NPrePre15_BPre15_VRoot_VerbTerm	NStem_NStem_NStem_NStem_NStem	RelConc10_CopPre_NPrePre15_BPre15_VRoot_VerbTerm	RelConc7_AdvPre_OC15_VRoot_VerbTerm
i_zin_como	NPrePre10_BPre10_NStem	NStem_NStem_NStem	NPrePre10_BPre10_NStem	BPre4_CopPre_NStem
na_nga_wu_phi	AdvPre_AdvPre_EnumConc3_EnumStem	PUNC_PUNC_PUNC_PUNC	AdvPre_AdvPre_EnumConc3_EnumStem	AdvPre_AdvPre_OC3_EnumStem
u_m_cimbi	NPrePre3_BPre3_NStem	NStem_NStem_NStem	NPrePre3_BPre3_NStem	NPrePre3_BPre3_NStem
o_chaphazel_a	RelConc3_VRoot_VerbTerm	NStem_NStem_NStem	RelConc3_VRoot_VerbTerm	RelConc1_VRoot_VerbTerm
i_wadi	NPrePre9_NStem	PUNC_PUNC	NPrePre9_NStem	BPre9_NStem
.	Punc	PUNC	Punc	PUNC
Ba_m_isel_w_e	SC2_Intrans_CausExt_ApplExt_PassExt_VerbTerm	NStem_NStem_NStem_NStem_NStem	SC2_Intrans_CausExt_ApplExt_PassExt_VerbTerm	SC2_VRoot_IntensExt_PassExt_VerbTerm
u_ku_nyus_a	NPrePre15_BPre15_VRoot_VerbTerm	VRoot_VRoot_VRoot_NStem	NPrePre15_BPre15_VRoot_VerbTerm	SC3_OC15_VRoot_VerbTerm
u_ku_thath_a	NPrePre15_BPre15_VRoot_VerbTerm	NStem_NStem_NStem_NStem	NPrePre15_BPre15_VRoot_VerbTerm	SC2ps_OC15_VRoot_VerbTerm
i_n_xaxheba	NPrePre9_BPre9_NStem	NStem_NStem_NStem	NPrePre9_BPre9_NStem	NPrePre9_BPre9_NStem
kwa_ba_hlali	PossConc15_NPrePre2_BPre2_NStem	NStem_NStem_NStem	PossConc15_NPrePre2_BPre2_NStem	PossConc15_BPre2_NStem
kw_i_wadi	LocPre_NPrePre9_NStem	NStem_NStem_NStem	LocPre_NPrePre9_NStem	PossConc15_BPre9_NStem
ya_bo	PossConc9_PronStem2	PUNC_PUNC	PossConc9_PronStem2	PossConc9_PronStem2
ng_okw_enz_a	AdvPre_NPrePre15_BPre15_VRoot_VerbTerm	NStem_PUNC_NStem_NStem	AdvPre_NPrePre15_BPre15_VRoot_VerbTerm	AdvPre_RelConc15_VRoot_VerbTerm
i_zi_gqibo	NPrePre8_BPre8_NStem	VRoot_NStem_NStem	NPrePre8_BPre8_NStem	NPrePre4_BPre7_NStem
ng_okwe_demokrasi	AdvPre_AdvPre_NPrePre9_NStem	NStem_NStem_NStem	AdvPre_AdvPre_NPrePre9_NStem	AdvPre_RelConc15_NStem
u_kuze	Conj	NStem_NStem	Conj	NPrePre1a_Conj
ba_fak_e	SC2_VRoot_VerbTerm	NStem_NStem_NStem	SC2_VRoot_VerbTerm	SC2_VRoot_VerbTerm
i_galelo	NPrePre5_BPre5_NStem	NStem_NStem	NPrePre5_BPre5_NStem	NPrePre4_NStem
kw_i_mi_ba	LocPre_NPrePre4_BPre4_NStem	NStem_NStem_NStem_NStem	LocPre_NPrePre4_BPre4_NStem	BPre15_NPrePre4_BPre4_NStem
e_y_ayam_en_e_yo	RelConc4_Pres_VRoot_RecipExt_VerbTerm_RelSuf	VRoot_VRoot_VRoot_VRoot_VRoot_VRoot	RelConc4_Pres_VRoot_RecipExt_VerbTerm_RelSuf	LocPre_CopPre_VRoot_RecipExt_VerbTerm_PronStem9
no_bomi	AdvPre_NPrePre14_BPre14_NStem	NStem_NStem	AdvPre_NPrePre14_BPre14_NStem	AdvPre_NStem
ba_bo	PossConc14_PronStem2	PUNC_PUNC	PossConc14_PronStem2	PossConc2_PronStem2
be_mi_hla	PossConc14_NPrePre4_BPre4_NStem	NStem_NStem_NStem	PossConc14_NPrePre4_BPre4_NStem	PossConc2_BPre4_NStem
nge_mi_hla	AdvPre_NPrePre4_BPre4_NStem	NStem_NStem_NStem	AdvPre_NPrePre4_BPre4_NStem	AdvPre_NPre4_NStem
.	Punc	PUNC	Punc	PUNC
Kw_eli	LocPre_Dem5_Pos1	NStem_NStem	LocPre_Dem5_Pos1	PossConc15_NStem
nqanam	NStem	NStem	NStem	Adv
,	Punc	PUNC	Punc	PUNC
u_m_xolelanisi	NPrePre1_BPre1_NStem	VRoot_VRoot_VRoot	NPrePre1_BPre1_NStem	NPrePre1_BPre1_NStem
u_mem_a	SC3_VRoot_VerbTerm	NStem_NStem_NStem	SC3_VRoot_VerbTerm	SC3_VRoot_VerbTerm
i_qela	NPrePre5_BPre5_NStem	NStem_NStem	NPrePre5_BPre5_NStem	NPrePre4_NStem
nga_li_nye	AdvPre_EnumConc5_EnumStem	NStem_NStem_NStem	AdvPre_EnumConc5_EnumStem	AdvPre_AdjPref5_AdjStem
ku_ma_qela	LocPre_BPre6_NStem	NStem_NStem_NStem	LocPre_BPre6_NStem	LocPre_BPre6_NStem
a_no_m_dla	RelConc6_AdvPre_NPrePre3_BPre3_NStem	NStem_NStem_NStem_NStem	RelConc6_AdvPre_NPrePre3_BPre3_NStem	RelConc6_AdvPre_BPre3_NStem
u_kuba	Conj	PUNC_PUNC	Conj	NPrePre1a_NStem
li_chaz_e	SC5_VRoot_VerbTerm	NStem_NStem_NStem	SC5_VRoot_VerbTerm	SC5_VRoot_VerbTerm
i_bali	NPrePre5_NStem	PUNC_PUNC	NPrePre5_NStem	NPrePre4_NStem
la_wo	PossConc5_PronStem6	PUNC_PUNC	PossConc5_PronStem6	PossConc5_PronStem6
.	Punc	PUNC	Punc	PUNC
I_qela	NPrePre5_BPre5_NStem	PUNC_PUNC	NPrePre5_BPre5_NStem	NPre9_NStem
la_ba_bhexeshi	PossConc5_NPrePre2_BPre2_NStem	NStem_VRoot_NStem	PossConc5_NPrePre2_BPre2_NStem	PossConc5_BPre2_NStem
ma_li_bandakanye	ImpPre_SC5_VRoot_VerbTerm	NStem_NStem_VRoot	ImpPre_SC5_VRoot_VerbTerm	BPre6_BPre5_NStem
oo_ceba	NPrePre2a_NStem	NStem_NStem	NPrePre2a_NStem	BPre2a_NStem
be_n_gingqi	PossConc2_NPrePre9_BPre9_NStem	NStem_NStem_NStem	PossConc2_NPrePre9_BPre9_NStem	PossConc2_BPre9_NStem
,	Punc	PUNC	Punc	PUNC
a_ma_nye	AdjPref6_AdjStem	NStem_NStem_NStem	AdjPref6_AdjStem	PossConc6_AdjPref6_AdjStem
a_ma_lungu	NPrePre6_BPre6_NStem	NStem_NStem_NStem	NPrePre6_BPre6_NStem	NPrePre6_BPre6_NStem
e_Komiti	PossConc6_NPrePre9_NStem	NStem_NStem	PossConc6_NPrePre9_NStem	LocPre_NStem
ye_Wadi	PossConc9_NPrePre9_NStem	NStem_NStem	PossConc9_NPrePre9_NStem	PossConc9_NStem
,	Punc	PUNC	Punc	PUNC
na_ba_sebenzi	AdvPre_NPrePre2_BPre2_NStem	NStem_NStem_NStem	AdvPre_NPrePre2_BPre2_NStem	AdvPre_BPre2_NStem
b_e_zo_bu_chule	PossConc2_RelConc8_PossConc8_NPrePre14_BPre11_NStem	VRoot_VRoot_VRoot_VRoot_VRoot	PossConc2_RelConc8_PossConc8_NPrePre14_BPre11_NStem	PossConc14_LocPre_NPre2a_BPre14_NStem
aba_no_ku_nced_is_a	RelConc2_AdvPre_NPrePre15_BPre15_VRoot_VerbTerm	VRoot_VRoot_VRoot_VRoot_VRoot_VRoot	RelConc2_AdvPre_NPrePre15_BPre15_VRoot_VerbTerm	RelConc2_AdvPre_OC15_VRoot_CausExt_VerbTerm
nge_thuba	AdvPre_NPrePre5_BPre5_NStem	NStem_NStem	AdvPre_NPrePre5_BPre5_NStem	AdvPre_NStem
lo_kw_enz_a	PossConc5_NPrePre15_BPre15_VRoot_VerbTerm	NStem_NStem_NStem_NStem	PossConc5_NPrePre15_BPre15_VRoot_VerbTerm	RelConc3_BPre15_VRoot_VerbTerm
i_si_cwangciso	NPrePre7_BPre7_NStem	VRoot_VRoot_VRoot	NPrePre7_BPre7_NStem	NPrePre4_BPre7_NStem
.	Punc	PUNC	Punc	PUNC
Oku	Dem15_Pos1	PUNC	Dem15_Pos1	CDEM15
ma_ku_vuny_el_w_ane	ImpPre_SC15_VRoot_ApplExt_PassExt_RecipExt_VerbTerm	VRoot_VRoot_VRoot_VRoot_VRoot_VRoot	ImpPre_SC15_VRoot_ApplExt_PassExt_RecipExt_VerbTerm	BPre6_BPre15_VRoot_ApplExt_PassExt_RecipExt
nga_ko	AdvPre_PronStem15	PUNC_PUNC	AdvPre_PronStem15	AdvPre_PronStem15
kw_i_bakal_a	LocPre_NPrePre5_BPre5_NStem	NStem_NStem_NStem_NStem	LocPre_NPrePre5_BPre5_NStem	PossConc15_SC4_VRoot_VerbTerm
e_landulel_a	RelConc5_VRoot_ApplExt_VerbTerm	NStem_NStem_NStem	RelConc5_VRoot_ApplExt_VerbTerm	AdvPre_VRoot_VerbTerm
u_kw_enz_iw_a	NPrePre15_BPre15_VRoot_PassExt_VerbTerm	VRoot_VRoot_VRoot_VRoot_VRoot	NPrePre15_BPre15_VRoot_PassExt_VerbTerm	SC1a_OC15_VRoot_PassExt_VerbTerm
kwe_si_cwangciso	PossConc15_NPrePre7_BPre7_NStem	VRoot_NStem_VRoot	PossConc15_NPrePre7_BPre7_NStem	PossConc15_BPre7_NStem
ku_ze	SC15_AuxVStem	PUNC_PUNC	SC15_AuxVStem	SC15_AuxVStem
oko	Dem15_Pos2	PUNC	Dem15_Pos2	CDEM15
ku_qinisek_is_w_e	SC15_VRoot_CausExt_PassExt_VerbTerm	VRoot_VRoot_VRoot_VRoot_VRoot	SC15_VRoot_CausExt_PassExt_VerbTerm	SC15_VRoot_CausExt_PassExt_VerbTerm
kw_i_n_tlanganiso	LocPre_NPrePre9_BPre9_NStem	VRoot_VRoot_VRoot_VRoot	LocPre_NPrePre9_BPre9_NStem	PossConc15_NPrePre9_BPre9_NStem
ya_ba_hlali	PossConc9_NPrePre2_BPre2_NStem	PUNC_PUNC_PUNC	PossConc9_NPrePre2_BPre2_NStem	PossConc9_BPre2_NStem
.	Punc	PUNC	Punc	PUNC
I_qela	NPrePre5_BPre5_NStem	NStem_NStem	NPrePre5_BPre5_NStem	NPrePre4_NStem
la_ba_bhexeshi	PossConc5_NPrePre2_BPre5_NStem	NStem_NStem_NStem	PossConc5_NPrePre2_BPre5_NStem	PossConc5_BPre2_NStem
ma_li_bandakanye	ImpPre_SC5_VRoot_VerbTerm	NStem_NStem_NStem	ImpPre_SC5_VRoot_VerbTerm	BPre6_BPre5_NStem
a_ma_lungu	NPrePre6_BPre6_NStem	NStem_NStem_NStem	NPrePre6_BPre6_NStem	NPrePre6_BPre6_NStem
e_Komiti	PossConc6_NPrePre9_NStem	NStem_NStem	PossConc6_NPrePre9_NStem	LocPre_NStem
ye_Wadi	PossConc9_NPrePre9_NStem	NStem_NStem	PossConc9_NPrePre9_NStem	PossConc9_NStem
aba_ninzi	AdjPref2_AdjStem	NStem_NStem	AdjPref2_AdjStem	NegPre_NStem
ka_ngangoko	AdvPre_Adv	NStem_NStem	AdvPre_Adv	AdvPre_Adv
.	Punc	PUNC	Punc	PUNC
Obo_na	SC14_PronStem14_PronSuf	NStem_NStem	SC14_PronStem14_PronSuf	ProperName_PronSuf
bu_ncinci	AdjPref14_AdjStem	NStem_NStem	AdjPref14_AdjStem	BPre14_NStem
ma_yi_be	ImpPre_CopPre_AuxVStem	NStem_NStem_NStem	ImpPre_CopPre_AuxVStem	BPre6_OC9_AuxVStem
nga_ma_lungu	CopPre_NPrePre6_BPre6_NStem	NStem_NStem_NStem	CopPre_NPrePre6_BPre6_NStem	AdvPre_BPre6_NStem
a_ma_thathu	AdjPref6_AdjStem	NStem_NStem_NStem	AdjPref6_AdjStem	NPrePre6_BPre6_AdjStem
a_s_i_si_gxina	RelConc6_CopPre_NPrePre7_BPre7_NStem	VRoot_VRoot_VRoot_VRoot_VRoot	RelConc6_CopPre_NPrePre7_BPre7_NStem	RelConc6_PreLocs_LocPre_BPre7_NStem
esi_kho_yo	RelConc7_AdvPre_RelSuf	NStem_NStem_NStem	RelConc7_AdvPre_RelSuf	RelConc7_PronStem17_PronStem9
ku_yo	LocPre_PronStem4	PUNC_PUNC	LocPre_PronStem4	LocPre_PronStem9
yo_nke	QuantConc9_QuantStem	NStem_NStem	QuantConc9_QuantStem	QuantConc4_QuantStem
i_veki	NPrePre9_NStem	NStem_NStem	NPrePre9_NStem	BPre9_NStem
yo_kw_enz_a	PossConc9_NPrePre15_BPre15_VRoot_VerbTerm	NStem_NStem_NStem_NStem	PossConc9_NPrePre15_BPre15_VRoot_VerbTerm	PossConc9_OC15_VRoot_VerbTerm
i_si_cwangciso	NPrePre7_BPre7_NStem	VRoot_VRoot_VRoot	NPrePre7_BPre7_NStem	NPrePre4_BPre7_NStem
,	Punc	NStem	Punc	PUNC
u_kuze	Conj	NStem_NStem	Conj	SC1a_Conj
aba_nye	RelConc2_AdjStem	PUNC_PUNC	RelConc2_AdjStem	AdjPref2_AdjStem
ba_be	CopPre_Cop	PUNC_PUNC	CopPre_Cop	SC2_AuxVStem
ne_n_xaxheba	CopPre_NPrePre9_BPre9_NStem	NStem_VRoot_VRoot	CopPre_NPrePre9_BPre9_NStem	AdvPre_BPre9_NStem
na_nini	AdvPre_Adv	PUNC_PUNC	AdvPre_Adv	AdvPre_NStem
xa	Conj	PUNC	Conj	Adv
ku_no_kw_enz_ek_a	SC15_AdvPre_NPrePre15_BPre15_VRoot_NeutExt_VerbTerm	NStem_NStem_NStem_NStem_NStem_NStem	SC15_AdvPre_NPrePre15_BPre15_VRoot_NeutExt_VerbTerm	SC15_AuxVStem_OC15_VRoot_NPas_VerbTerm
.	Punc	PUNC	Punc	PUNC
Oku	Dem15_Pos1	PUNC	Dem15_Pos1	CDEM15
ku_theth_a	BPre15_VRoot_VerbTerm	NStem_NStem_NStem	BPre15_VRoot_VerbTerm	BPre15_VRoot_VerbTerm
u_kuba	Conj	PUNC_PUNC	Conj	NPrePre1a_NStem
o_bo_na	SC14_PronStem14_PronSuf	NStem_NStem_NStem	SC14_PronStem14_PronSuf	QuantConc6_PronStem2_PronSuf
bu_ncinci	AdjPref14_AdjStem	NStem_NStem	AdjPref14_AdjStem	BPre14_NStem
a_ma_qela	NPrePre6_BPre6_NStem	NStem_NStem_NStem	NPrePre6_BPre6_NStem	NPrePre6_BPre6_NStem
a_ma_thathu	AdjPref6_AdjStem	NStem_NStem_NStem	AdjPref6_AdjStem	NPrePre6_BPre6_NStem
a_no_ku_bhexesh_w_a	SC2_AdvPre_NPrePre15_BPre15_VRoot_PassExt_VerbTerm	NStem_NStem_NStem_NStem_NStem_NStem	SC2_AdvPre_NPrePre15_BPre15_VRoot_PassExt_VerbTerm	SC6_CopPre_OC15_VRoot_PassExt_VerbTerm
nga_xesha_nye	AdvPre_NPrePre5_BPre5_NStem_AdjStem	NStem_NStem_NStem	AdvPre_NPrePre5_BPre5_NStem_AdjStem	AdvPre_Adv_AdjStem
.	Punc	PUNC	Punc	PUNC
Oku_fanel_ek_il_e_yo	RelConc15_VRoot_NeutExt_Perf_VerbTerm_RelSuf	VRoot_VRoot_VRoot_VRoot_VRoot_VRoot	RelConc15_VRoot_NeutExt_Perf_VerbTerm_RelSuf	RelConc15_VRoot_NeutExt_ApplExt_VerbTerm_PronStem9
k_ukuba	CopPre_Conj	PUNC_PUNC	CopPre_Conj	AdvPre_NStem
i_qela	NPrePre5_BPre5_NStem	NStem_NStem	NPrePre5_BPre5_NStem	NPrePre4_NStem
nga_li_nye	AdvPre_EnumConc5_EnumStem	NStem_NStem_NStem	AdvPre_EnumConc5_EnumStem	AdvPre_AdjPref5_AdjStem
li_be	CopPre_Cop	PUNC_PUNC	CopPre_Cop	SC5_AuxVStem
no_m_bhexeshi	AdvPre_NPrePre3_BPre3_NStem	NStem_NStem_NStem	AdvPre_NPrePre3_BPre3_NStem	AdvPre_BPre1_NStem
kunye	Conj	PUNC	Conj	Adv
no_m_ntu	AdvPre_NPrePre1_BPre1_NStem	NStem_NStem_NStem	AdvPre_NPrePre1_BPre1_NStem	AdvPre_BPre3_NStem
o_jong_en_e	RelConc1_VRoot_RecipExt_VerbTerm	NStem_NStem_NStem_NStem	RelConc1_VRoot_RecipExt_VerbTerm	QuantConc6_VRoot_RecipExt_Perf
no_ku_gcin_a	AdvPre_NPrePre15_BPre15_VRoot_VerbTerm	NStem_NStem_NStem_NStem	AdvPre_NPrePre15_BPre15_VRoot_VerbTerm	AdvPre_SC15_VRoot_VerbTerm
a_ma_xwebhu	NPrePre6_BPre6_NStem	NStem_NStem_NStem	NPrePre6_BPre6_NStem	NPrePre6_BPre6_NStem
e_n_kqubo	PossConc6_NPrePre9_BPre9_NStem	NStem_NStem_NStem	PossConc6_NPrePre9_BPre9_NStem	PossConc6_NPre9_NStem
.	Punc	PUNC	Punc	PUNC
U_ku_khuthaz_a	NPrePre15_BPre15_VRoot_VerbTerm	NStem_NStem_NStem_NStem	NPrePre15_BPre15_VRoot_VerbTerm	SC1_OC15_VRoot_VerbTerm
u_ku_thath_a	NPrePre15_BPre15_VRoot_VerbTerm	NStem_NStem_NStem_NStem	NPrePre15_BPre15_VRoot_VerbTerm	SC2ps_OC15_VRoot_VerbTerm
i_n_xaxheba	NPrePre9_BPre9_NStem	NStem_NStem_NStem	NPrePre9_BPre9_NStem	NPrePre9_BPre9_NStem
ko_lu_ntu	PossConc15_NPrePre11_BPre11_NStem	NStem_NStem_NStem	PossConc15_NPrePre11_BPre11_NStem	PossConc15_BPre11_NStem
jikelel_e	Adv	NStem_NStem	Adv	VRoot_VerbTerm
kw_i_in_gxoxo	LocPre_NPre10_BPre10_NStem	VRoot_VRoot_VRoot_NStem	LocPre_NPre10_BPre10_NStem	PossConc15_NPrePre9_BPre9_NStem
zi_ka_wo_nke__wo_nke	PossConc10_PossKA_QuantConc1a_QuantStem_QuantConc1a_QuantStem	VRoot_VRoot_VRoot_VRoot_VRoot_VRoot	PossConc10_PossKA_QuantConc1a_QuantStem_QuantConc1a_QuantStem	CopPre_AdvPre_PronStem3_VRoot_QuantConc3_VRoot
ma_lunga	Adv	PUNC_PUNC	Adv	BPre6_NStem
ne_e_n_dlel_a	AdvPre_NPrePre10_BPre10_NStem	VRoot_VRoot_VRoot_VRoot_VRoot	AdvPre_NPrePre10_BPre10_NStem	AdvPre_LocPre_BPre9_VRoot_VerbTerm
ezi_fanel_ek_il_e_yo	RelConc10_VRoot_NeutExt_Perf_VerbTerm_RelSuf	VRoot_VRoot_VRoot_VRoot_VRoot_VRoot	RelConc10_VRoot_NeutExt_Perf_VerbTerm_RelSuf	RelConc10_VRoot_NeutExt_ApplExt_VerbTerm_RelSuf
zo_ku_sombulul_a	PossConc10_NPrePre15_BPre15_VRoot_VerbTerm	VRoot_VRoot_VRoot_VRoot	PossConc10_NPrePre15_BPre15_VRoot_VerbTerm	AdvPre_OC15_VRoot_VerbTerm
i_n_gxaki	NPrePre9_BPre9_NStem	NStem_NStem_VRoot	NPrePre9_BPre9_NStem	NPrePre9_BPre9_NStem
.	Punc	PUNC	Punc	PUNC
U_m_xolelanisi	NPrePre1_BPre1_NStem	NStem_NStem_NStem	NPrePre1_BPre1_NStem	NPrePre3_BPre3_NStem
u_vum_el_a	SC1_VRoot_ApplExt_VerbTerm	NStem_NStem_NStem_NStem	SC1_VRoot_ApplExt_VerbTerm	SC3_VRoot_ApplExt_VerbTerm
i_qela	NPrePre5_BPre5_NStem	NStem_NStem	NPrePre5_BPre5_NStem	NPrePre4_NStem
nga_li_nye	AdvPre_EnumConc5_EnumStem	NStem_NStem_NStem	AdvPre_EnumConc5_EnumStem	AdvPre_AdjPref5_AdjStem
u_kuba	Conj	PUNC_PUNC	Conj	NPrePre1a_NStem
li_chaz_e	SC5_VRoot_VerbTerm	NStem_NStem_NStem	SC5_VRoot_VerbTerm	SC5_VRoot_VerbTerm
i_meko	NPrePre9_NStem	NStem_NStem	NPrePre9_NStem	NPrePre4_NStem
ya_lo	PossConc9_PronStem5	PUNC_PUNC	PossConc9_PronStem5	PossConc4_PronStem5
li_ze	SC5_AuxVStem	PUNC_PUNC	SC5_AuxVStem	BPre5_NStem
l_enz_e	SC5_VRoot_VerbTerm	NStem_NStem_NStem	SC5_VRoot_VerbTerm	RelConc6_VRoot_VerbTerm
i_n_kuthazo	NPrePre9_BPre9_NStem	VRoot_VRoot_VRoot	NPrePre9_BPre9_NStem	NPrePre9_BPre9_NStem
kw_i_si_celo	LocPre_NPrePre7_BPre7_NStem	NStem_NStem_NStem_NStem	LocPre_NPrePre7_BPre7_NStem	PossConc15_NPrePre4_BPre7_NStem
sa_lo	PossConc7_PronStem5	PUNC_PUNC	PossConc7_PronStem5	PossConc7_PronStem5
.	Punc	PUNC	Punc	PUNC
U_m_xolelanisi	NPrePre1_BPre1_NStem	VRoot_VRoot_VRoot	NPrePre1_BPre1_NStem	NPrePre3_BPre3_NStem
u_bhala	SC1_VRoot_VerbTerm	NStem_NStem	SC1_VRoot_VerbTerm	NPrePre1a_NStem
phantsi	Adv	NStem	Adv	Adv
lo_nke	QuantConc11_QuantStem	NStem_NStem	QuantConc11_QuantStem	RelConc1_Adv
u_lw_az_i	NPrePre11_BPre11_NStem	NStem_NStem_NStem_NStem	NPrePre11_BPre11_NStem	SC3_VRoot_NegPre_VerbTerm
a_ze	SC1_AuxVStem	NStem_PUNC	SC1_AuxVStem	SC1_AuxVStem
a_lu_phind_e	SC1_OC11_VRoot_VerbTerm	NStem_NStem_NStem_NStem	SC1_OC11_VRoot_VerbTerm	SC6_SC11_VRoot_VerbTerm
kw_i_qela	LocPre_NPrePre5_BPre5_NStem	NStem_NStem_NStem	LocPre_NPrePre5_BPre5_NStem	PossConc15_NPrePre4_NStem
nga_li_nye	AdvPre_EnumConc5_EnumStem	NStem_NStem_NStem	AdvPre_EnumConc5_EnumStem	AdvPre_AdjPref5_AdjStem
u_ku_qinisek_is_a	NPrePre15_BPre15_VRoot_CausExt_VerbTerm	VRoot_VRoot_VRoot_VRoot_VRoot	NPrePre15_BPre15_VRoot_CausExt_VerbTerm	SC2ps_BPre15_VRoot_CausExt_VerbTerm
u_kuba	Conj	PUNC_PUNC	Conj	NPrePre1a_NStem
u_mamel_e	SC2ps_VRoot_VerbTerm	NStem_NStem_NStem	SC2ps_VRoot_VerbTerm	SC3_VRoot_VerbTerm
ng_oku_chan_ek_il_e_yo	AdvPre_RelConc15_VRoot_NeutExt_Perf_VerbTerm_RelSuf	VRoot_VRoot_VRoot_VRoot_VRoot_VRoot_VRoot	AdvPre_RelConc15_VRoot_NeutExt_Perf_VerbTerm_RelSuf	AdvPre_RelConc15_VRoot_NPas_ApplExt_VerbTerm_PronStem9
.	Punc	NStem	Punc	PUNC
Oku	Dem15_Pos1	PUNC	Dem15_Pos1	CDEM15
ku_kw_a_vum_el_a	SC15_AdvPre_VRoot_ApplExt_VerbTerm	VRoot_VRoot_VRoot_VRoot_VRoot_VRoot	SC15_AdvPre_VRoot_ApplExt_VerbTerm	SC15_OC15_OC2_VRoot_ApplExt_VerbTerm
a_ma_nye	AdjPref6_AdjStem	NStem_NStem_NStem	AdjPref6_AdjStem	PossConc2_AdjPref6_AdjStem
a_ma_qela	NPrePre6_BPre6_NStem	NStem_NStem_NStem	NPrePre6_BPre6_NStem	NPrePre6_BPre6_NStem
u_kuba	Conj	PUNC_PUNC	Conj	NPrePre1a_NStem
a_cac_is_e	SC6_VRoot_VerbTerm	VRoot_NStem_VRoot_VRoot	SC6_VRoot_VerbTerm	SC1_VRoot_CausExt_VerbTerm
na_wa_phi_na	AdvPre_EnumConc6_EnumStem_Interrog	NStem_NStem_NStem_NStem	AdvPre_EnumConc6_EnumStem_Interrog	AdvPre_OC6_EnumStem_DimSuf
a_ma_nqaku	NPrePre6_BPre6_NStem	NStem_NStem_NStem	NPrePre6_BPre6_NStem	NPrePre6_BPre6_NStem
a_na_wo	RelConc6_CopPre_PronStem6	NStem_NStem_NStem	RelConc6_CopPre_PronStem6	PossConc6_AdvPre_PronStem6
na_ma_nye	AdvPre_AdjPref6_AdjStem	NStem_NStem_PUNC	AdvPre_AdjPref6_AdjStem	AdvPre_AdjPref6_AdjStem
a_ma_qela	NPrePre6_BPre6_NStem	NStem_NStem_NStem	NPrePre6_BPre6_NStem	NPrePre6_BPre6_NStem
.	Punc	PUNC	Punc	PUNC
U_m_xolelanisi	NPrePre1_BPre1_NStem	VRoot_VRoot_VRoot	NPrePre1_BPre1_NStem	NPrePre1_BPre1_NStem
u_shwankathel_a	SC1_VRoot_VerbTerm	VRoot_VRoot_VRoot	SC1_VRoot_VerbTerm	SC2ps_VRoot_VerbTerm
i_meko	NPrePre9_NStem	PUNC_PUNC	NPrePre9_NStem	NPrePre4_NStem
nga_nye	AdvPre_EnumStem	PUNC_PUNC	AdvPre_EnumStem	AdvPre_AdjStem
.	Punc	PUNC	Punc	PUNC
Kw_i_n_tlanganiso	LocPre_NPrePre9_BPre9_NStem	VRoot_VRoot_VRoot_VRoot	LocPre_NPrePre9_BPre9_NStem	PossConc15_NPrePre9_BPre9_NStem
Ye_n_kulungwane	PossConc9_NPrePre9_BPre9_NStem	NStem_NStem_NStem	PossConc9_NPrePre9_BPre9_NStem	PossConc9_BPre9_NStem
Ye_e_n_kokeli	PossConc9_NPrePre10_BPre10_NStem	VRoot_NStem_NStem_VRoot	PossConc9_NPrePre10_BPre10_NStem	PossConc9_LocPre_BPre9_NStem
Ze_hlabathi	PossConc10_NPrePre5_BPre5_NStem	NStem_NStem	PossConc10_NPrePre5_BPre5_NStem	AdvPre_NStem
ngo_Se_ptem_ba	AdvPre_NPrePre1a_ProperName	NStem_NStem_NStem_NStem	AdvPre_NPrePre1a_ProperName	Pot_Pro_VRoot_VerbTerm
2000	Num	PUNC	Num	NUM
,	Punc	PUNC	Punc	PUNC
yo_nke	QuantConc4_QuantStem	NStem_NStem	QuantConc4_QuantStem	QuantConc4_AdjStem
i_mi_buso	NPrePre4_BPre4_NStem	NStem_NStem_NStem	NPrePre4_BPre4_NStem	NPrePre4_BPre4_NStem
e_ng_a_ma_lungu	RelConc4_CopPre_NPrePre6_BPre6_NStem	VRoot_VRoot_VRoot_VRoot_VRoot	RelConc4_CopPre_NPrePre6_BPre6_NStem	NPrePre6_AdvPre_NPrePre6_BPre6_NStem
Ezi_zwe	PossConc6_NPrePre8_BPre8_NStem	NStem_NStem	PossConc6_NPrePre8_BPre8_NStem	AdjPref7_NStem
Ezi_many_en_e_yo	RelConc8_VRoot_RecipExt_VerbTerm_RelSuf	NStem_NStem_NStem_NStem_NStem	RelConc8_VRoot_RecipExt_VerbTerm_RelSuf	RelConc7_VRoot_RecipExt_Perf_PronStem9
ya_qinisek_is_a	SC4_Past_VRoot_CausExt_VerbTerm	VRoot_VRoot_VRoot_VRoot	SC4_Past_VRoot_CausExt_VerbTerm	SC4_VRoot_CausExt_VerbTerm
u_ku_zi_nik_el_a	NPrePre15_BPre15_ReflPre_VRoot_ApplExt_VerbTerm	VRoot_VRoot_VRoot_VRoot_VRoot_VRoot	NPrePre15_BPre15_ReflPre_VRoot_ApplExt_VerbTerm	SC3_OC15_NegPre_VRoot_ApplExt_VerbTerm
kwa_yo	PossConc15_PronStem4	PUNC_PUNC	PossConc15_PronStem4	PossConc15_PronStem4
ku_phuhliso	LocPre_NPrePre11_BPre11_NStem	NStem_NStem	LocPre_NPrePre11_BPre11_NStem	LocPre_NStem
olu_londoloz_ek_a_yo	RelConc11_VRoot_NeutExt_VerbTerm_RelSuf	VRoot_VRoot_VRoot_VRoot_VRoot	RelConc11_VRoot_NeutExt_VerbTerm_RelSuf	RelConc11_VRoot_NeutExt_VerbTerm_RelSuf
no_ku_tshatyalal_is_w_a	AdvPre_NPrePre15_BPre15_VRoot_CausExt_PassExt_VerbTerm	VRoot_VRoot_VRoot_VRoot_VRoot_VRoot	AdvPre_NPrePre15_BPre15_VRoot_CausExt_PassExt_VerbTerm	AdvPre_OC15_VRoot_CausExt_PassExt_VerbTerm
kwe_n_tswelo	PossConc15_NPrePre9_BPre9_NStem	NStem_NStem_NStem	PossConc15_NPrePre9_BPre9_NStem	PossConc15_BPre9_NStem
ngo_ku_sebenz_is_a	AdvPre_NPrePre15_BPre15_VRoot_CausExt_VerbTerm	NStem_NStem_NStem_NStem_NStem	AdvPre_NPrePre15_BPre15_VRoot_CausExt_VerbTerm	AdvPre_OC15_VRoot_CausExt_VerbTerm
i_Si_bhengezo	NPrePre7_BPre7_NStem	NStem_NStem_NStem	NPrePre7_BPre7_NStem	NPrePre4_BPre7_NStem
se_N_ku_lungwane	PossConc7_NPrePre9_BPre9_NStem	NStem_NStem_NStem_NStem	PossConc7_NPrePre9_BPre9_NStem	PossConc7_AdvPre_BPre15_NStem
.	Punc	PUNC	Punc	PUNC
I_in_jongo	NPrePre10_BPre10_NStem	NStem_NStem_NStem	NPrePre10_BPre10_NStem	NPrePre9_BPre9_NStem
Ze_n_kulungwane	PossConc10_NPrePre9_BPre9_NStem	NStem_NStem_NStem	PossConc10_NPrePre9_BPre9_NStem	AdvPre_BPre9_NStem
Zo_phuhliso	PossConc10_NPrePre11_BPre11_NStem	NStem_NStem	PossConc10_NPrePre11_BPre11_NStem	BPre2a_NStem
(	Punc	PUNC	Punc	PUNC
MD_GS	Abbr	PUNC_PUNC	Abbr	Abbr_Abbr
)	Punc	PUNC	Punc	PUNC
zi_ng_u_malath_a__ndlel_a	BPre10_CopPre_NPrePre1a_NStem_BPre9_NStem	VRoot_VRoot_VRoot_VRoot_VRoot_VRoot_VRoot	BPre10_CopPre_NPrePre1a_NStem_BPre9_NStem	CopPre_CopPre_OC2ps_VRoot_VerbTerm_VRoot_VerbTerm
wo_ku_hlangabez_ana	PossConc1a_NPrePre15_BPre15_VRoot_RecipExt_VerbTerm	VRoot_VRoot_VRoot_VRoot	PossConc1a_NPrePre15_BPre15_VRoot_RecipExt_VerbTerm	PossConc3_OC15_VRoot_DimSuf
no_ku_zi_nik_el_a	AdvPre_NPrePre15_BPre15_ReflPre_VRoot_VerbTerm	VRoot_VRoot_VRoot_VRoot_VRoot_VRoot	AdvPre_NPrePre15_BPre15_ReflPre_VRoot_VerbTerm	AdvPre_BPre15_VRoot_VRoot_ApplExt_VerbTerm
kw_i_Si_bhengezo	LocPre_NPrePre7_BPre7_NStem	VRoot_VRoot_VRoot_VRoot	LocPre_NPrePre7_BPre7_NStem	PossConc15_NPrePre4_BPre7_NStem
se_N_ku_lungwane	PossConc7_NPrePre9_BPre9_NStem	PUNC_PUNC_PUNC_PUNC	PossConc7_NPrePre9_BPre9_NStem	PossConc7_BPre9_NPre9_NStem
.	Punc	PUNC	Punc	PUNC
I_i_fomu	NPrePre10_BPre10_NStem	NStem_NStem_NStem	NPrePre10_BPre10_NStem	NPrePre4_NPrePre4_NStem
ku_ma_phepha	LocPre_NPrePre6_BPre6_NStem	NStem_NStem_NStem	LocPre_NPrePre6_BPre6_NStem	LocPre_BPre6_NStem
a_mbalwa	RelConc6_RelStem	NStem_NStem	RelConc6_RelStem	RelConc6_RelStem
a_landel_a_yo	RelConc6_VRoot_VerbTerm_RelSuf	NStem_NStem_NStem_NStem	RelConc6_VRoot_VerbTerm_RelSuf	SC6_VRoot_VerbTerm_RelSuf
y_i_n_dlel_a	CopPre_NPrePre9_BPre9_NStem	VRoot_VRoot_VRoot_VRoot_VRoot	CopPre_NPrePre9_BPre9_NStem	CopPre_NPrePre9_BPre9_VRoot_VerbTerm
e_lung_il_e_yo	RelConc9_VRoot_Perf_VerbTerm_RelSuf	NStem_VRoot_NStem_NStem_NStem	RelConc9_VRoot_Perf_VerbTerm_RelSuf	NegPre_VRoot_ApplExt_VerbTerm_RelSuf
yo_ku_qal_a	PossConc9_NPrePre15_BPre15_VRoot_VerbTerm	NStem_NStem_NStem_NStem	PossConc9_NPrePre15_BPre15_VRoot_VerbTerm	PossConc9_OC15_VRoot_VerbTerm
u_kuba	Conj	PUNC_PUNC	Conj	NPrePre1a_NStem
u_fun_a	SC1_VRoot_VerbTerm	NStem_NStem_NStem	SC1_VRoot_VerbTerm	SC3_VRoot_VerbTerm
u_kw_enz_a	NPrePre15_BPre15_VRoot_VerbTerm	VRoot_NStem_VRoot_VRoot	NPrePre15_BPre15_VRoot_VerbTerm	SC2ps_OC15_VRoot_VerbTerm
u_hlolo	NPrePre11_NStem	PUNC_PUNC	NPrePre11_NStem	BPre1a_NStem
lwe_e_m_funo	PossConc11_NPrePre10_BPre10_NStem	NStem_NStem_NStem_NStem	PossConc11_NPrePre10_BPre10_NStem	PossConc11_LocPre_BPre3_NStem
jikelel_e	Adv	NStem_NStem	Adv	VRoot_VerbTerm
.	Punc	PUNC	Punc	PUNC
Xa	Conj	PUNC	Conj	Foreign
u_gcwalis_a	SC2ps_VRoot_CausExt_VerbTerm	NStem_NStem_NStem	SC2ps_VRoot_CausExt_VerbTerm	SC1_VRoot_VerbTerm
i_i_fomu	NPrePre10_BPre10_NStem	NStem_NStem_NStem	NPrePre10_BPre10_NStem	NPrePre4_NPrePre4_NStem
u_ya	SC2ps_Fut	PUNC_PUNC	SC2ps_Fut	NPrePre1a_NStem
ku_fuman_a	SC15_VRoot_VerbTerm	NStem_NStem_NStem	SC15_VRoot_VerbTerm	BPre15_VRoot_VerbTerm
u_fi_fi	NPrePre11_NStem	PUNC_PUNC_PUNC	NPrePre11_NStem	SC1a_CopPre_NStem
lwe_e_n_gxaki	PossConc11_NPrePre10_BPre10_NStem	NStem_NStem_VRoot_VRoot	PossConc11_NPrePre10_BPre10_NStem	PossConc11_LocPre_BPre9_NStem
a_ma_khosikazi	NPrePre6_BPre6_NStem	NStem_NStem_NStem	NPrePre6_BPre6_NStem	NPrePre6_BPre6_NStem
a_jong_an_a	SC6_VRoot_RecipExt_VerbTerm	NStem_NStem_NStem_NStem	SC6_VRoot_RecipExt_VerbTerm	SC6_VRoot_RecipExt_VerbTerm
na_zo	AdvPre_PronStem10	PUNC_PUNC	AdvPre_PronStem10	AdvPre_PronStem9
kw_i_n_dawo	LocPre_NPrePre9_BPre9_NStem	NStem_NStem_NStem_NStem	LocPre_NPrePre9_BPre9_NStem	PossConc15_NPrePre9_BPre9_NStem
ya_kho	PossConc9_PossPron	PUNC_PUNC	PossConc9_PossPron	PossConc9_PronStem15
.	Punc	PUNC	Punc	PUNC
U_kuba	Conj	PUNC_PUNC	Conj	NPrePre1a_NStem
a_wuz_az_i	NegPre_SC3_OC10_VRoot_VerbTerm	NStem_NStem_NStem_NStem	NegPre_SC3_OC10_VRoot_VerbTerm	NegPre_VRoot_NegPre_VerbTerm
zo_nke	QuantConc10_QuantStem	NStem_NStem	QuantConc10_QuantStem	AdjPref10_AdjStem
i_im_pendulo	NPrePre10_BPre10_NStem	NStem_NStem_NStem	NPrePre10_BPre10_NStem	NPrePre9_BPre9_NStem
,	Punc	PUNC	Punc	PUNC
zam_a	VRoot_VerbTerm	NStem_NStem	VRoot_VerbTerm	VRoot_VerbTerm
u_ku_fuman_a	NPrePre15_BPre15_VRoot_VerbTerm	NStem_NStem_NStem_NStem	NPrePre15_BPre15_VRoot_VerbTerm	SC3_OC15_VRoot_VerbTerm
u_lw_az_i	NPrePre11_BPre11_NStem	NStem_VRoot_NStem_NStem	NPrePre11_BPre11_NStem	SC3_VRoot_VRoot_VerbTerm
ku_masipala	LocPre_NPrePre1a_NStem	NStem_NStem	LocPre_NPrePre1a_NStem	LocPre_NStem
,	Punc	PUNC	Punc	PUNC
i_klinikhi	NPrePre9_NStem	NStem_NStem	NPrePre9_NStem	NPre9_NStem
,	Punc	PUNC	Punc	PUNC
i_mi_butho	NPrePre4_BPre4_NStem	NStem_NStem_NStem	NPrePre4_BPre4_NStem	NPrePre4_BPre4_NStem
ya_s_e_ku_hlal_e_ni	PossConc4_PreLoc-s_LocPre_NPrePre15_BPre15_VRoot_VerbTerm_LocSuf	VRoot_VRoot_VRoot_VRoot_VRoot_VRoot_VRoot	PossConc4_PreLoc-s_LocPre_NPrePre15_BPre15_VRoot_VerbTerm_LocSuf	PossConc9_PreLocs_LocPre_BPre15_VRoot_VerbTerm_LocSuf
okanye	Conj	PUNC	Conj	Adv
i_in_konzo	NPrePre10_BPre10_NStem	NStem_NStem_NStem	NPrePre10_BPre10_NStem	NPrePre9_BPre9_NStem
zi_ka_rhulumente	PossConc10_PossKA_NStem	NStem_NStem_NStem	PossConc10_PossKA_NStem	CopPre_ExclNeg_NStem
.	Punc	PUNC	Punc	PUNC
I_se_ns_a_si	NPrePre9_NStem	VRoot_VRoot_VRoot_VRoot_VRoot	NPrePre9_NStem	SC4_Pro_VRoot_VerbTerm_RelSuf
ku_fanel_e	SC15_VRoot_VerbTerm	NStem_NStem_NStem	SC15_VRoot_VerbTerm	SC15_VRoot_VerbTerm
i_be	CopPre_Cop	PUNC_PUNC	CopPre_Cop	SC9_AuxVStem
no_lw_az_i	AdvPre_NPrePre11_BPre11_NStem	NStem_NStem_NStem_NStem	AdvPre_NPrePre11_BPre11_NStem	CopPre_BPre11_NegPre_VerbTerm
ma_lunga	Adv	PUNC_PUNC	Adv	BPre6_NStem
ne_mo	AdvPre_NPrePre9_NStem	PUNC_PUNC	AdvPre_NPrePre9_NStem	AdvPre_NStem
y_e_zo_qoqosho	PossConc9_RelConc8_PossConc8_NPrePre11_BPre11_NStem	VRoot_VRoot_VRoot_VRoot	PossConc9_RelConc8_PossConc8_NPrePre11_BPre11_NStem	PossConc4_LocPre_BPre7_NStem
ya_ba_ntu	PossConc9_NPrePre2_BPre2_NStem	NStem_NStem_NStem	PossConc9_NPrePre2_BPre2_NStem	PossConc9_BPre2_NStem
kw_i_n_dawo	LocPre_NPrePre9_BPre9_NStem	VRoot_NStem_NStem_VRoot	LocPre_NPrePre9_BPre9_NStem	PossConc15_NPrePre9_BPre9_NStem
ya_kho	PossConc9_PossPron	PUNC_PUNC	PossConc9_PossPron	PossConc4_PronStem15
.	Punc	PUNC	Punc	PUNC
I_projekthi	NPrePre9_NStem	NStem_NStem	NPrePre9_NStem	NPrePre4_NStem
nga_nye	AdvPre_EnumStem	PUNC_PUNC	AdvPre_EnumStem	AdvPre_AdjStem
i_ne_m_fano	NPrePre9_CopPre_NPrePre9_BPre9_NStem	NStem_NStem_NStem_NStem	NPrePre9_CopPre_NPrePre9_BPre9_NStem	BPre4_AdvPre_BPre3_NStem
ya_yo	PossConc9_PronStem9	PUNC_PUNC	PossConc9_PronStem9	PossConc4_PronStem9
e_yo_dwa	RelConc9_QuantConc9_QuantStem	NStem_NStem_NStem	RelConc9_QuantConc9_QuantStem	PossConc6_Pres_NStem
,	Punc	PUNC	Punc	PUNC
kwaye	Conj	PUNC	Conj	Adv
i_ne_mi_ngeni	CopPre_CopPre_BPre4_NStem	NStem_NStem_NStem_NStem	CopPre_CopPre_BPre4_NStem	BPre9_AdvPre_BPre4_NStem
ya_yo	PossConc9_PronStem9	PUNC_PUNC	PossConc9_PronStem9	PossConc9_PronStem9
e_jong_an_a	SC4_VRoot_RecipExt_VerbTerm	NStem_NStem_NStem_NStem	SC4_VRoot_RecipExt_VerbTerm	SC6_VRoot_RecipExt_VerbTerm
na_yo	AdvPre_PronStem4	PUNC_PUNC	AdvPre_PronStem4	AdvPre_PronStem9
ne_mi_ba	AdvPre_NPrePre4_BPre4_NStem	NStem_NStem_NStem	AdvPre_NPrePre4_BPre4_NStem	AdvPre_BPre4_NStem
e_fanel_e	RelConc4_VRoot_VerbTerm	NStem_NStem_NStem	RelConc4_VRoot_VerbTerm	PossConc6_VRoot_VerbTerm
ku_thath_el_w_a	SC15_VRoot_ApplExt_PassExt_VerbTerm	VRoot_VRoot_VRoot_VRoot_VRoot	SC15_VRoot_ApplExt_PassExt_VerbTerm	BPre15_VRoot_ApplExt_PassExt_VerbTerm
i_n_gqalelo	NPrePre9_BPre9_NStem	VRoot_VRoot_VRoot	NPrePre9_BPre9_NStem	NPrePre9_BPre9_NStem
.	Punc	PUNC	Punc	PUNC
I_si_cwangciso	NPrePre7_BPre7_NStem	VRoot_VRoot_VRoot	NPrePre7_BPre7_NStem	NPrePre4_BPre7_NStem
esi_ne_m_fano	RelConc7_CopPre_NPrePre9_BPre9_NStem	NStem_NStem_NStem_NStem	RelConc7_CopPre_NPrePre9_BPre9_NStem	RelConc7_AdvPre_BPre3_NStem
e_yo_dwa	RelConc9_QuantConc9_QuantStem	NStem_NStem_NStem	RelConc9_QuantConc9_QuantStem	PossConc6_Pres_NStem
ng_oko	AdvPre_Dem15_Pos2	PUNC_PUNC	AdvPre_Dem15_Pos2	AdvPre_NStem
ke	Conj	PUNC	Conj	Adv
si_fanel_e	SC7_VRoot_VerbTerm	NStem_NStem_NStem	SC7_VRoot_VerbTerm	SC7_VRoot_VerbTerm
u_kuba	Conj	PUNC_PUNC	Conj	NPrePre1a_NStem
si_be_kho	CopPre_CopPre_Adv	NStem_NStem_NStem	CopPre_CopPre_Adv	SC7_AuxVStem_PronStem17
u_kuze	Conj	NStem_NStem	Conj	NPrePre1a_Conj
i_projekthi	NPrePre9_NStem	NStem_NStem	NPrePre9_NStem	NPrePre4_NStem
i_gqity_w_e	SC4_VRoot_PassExt_VerbTerm	VRoot_VRoot_VRoot_VRoot	SC4_VRoot_PassExt_VerbTerm	SC4_VRoot_PassExt_VerbTerm
nge_m_pumelelo	AdvPre_NPrePre9_BPre9_NStem	NStem_NStem_NStem	AdvPre_NPrePre9_BPre9_NStem	AdvPre_BPre3_NStem
.	Punc	NStem	Punc	PUNC
U_m_zobo	NPrePre3_BPre3_NStem	NStem_NStem_NStem	NPrePre3_BPre3_NStem	NPrePre3_BPre3_NStem
o_ng_e_zantsi	RelConc3_AdvPre_LocPre_Adv	VRoot_VRoot_VRoot_VRoot	RelConc3_AdvPre_LocPre_Adv	QuantConc6_AdvPre_LocPre_NStem
u_bon_is_a	SC3_VRoot_CausExt_VerbTerm	NStem_NStem_NStem_NStem	SC3_VRoot_CausExt_VerbTerm	SC2ps_VRoot_CausExt_VerbTerm
i_khonkco	NPrePre5_BPre5_NStem	NStem_NStem	NPrePre5_BPre5_NStem	BPre9_NStem
phakathi	Adv	PUNC	Adv	Adv
ko_bu_na_kho	PossConc15_NPrePre15_BPre14_CopPre_Adv	NStem_NStem_NStem_NStem	PossConc15_NPrePre15_BPre14_CopPre_Adv	PronStem15_BPre14_AdvPre_PronStem2
,	Punc	PUNC	Punc	PUNC
a_ma_thuba	NPrePre6_BPre6_NStem	NStem_NStem_NStem	NPrePre6_BPre6_NStem	NPrePre6_BPre6_NStem
ne_n_gqesho	AdvPre_NPrePre9_BPre9_NStem	NStem_NStem_NStem	AdvPre_NPrePre9_BPre9_NStem	AdvPre_BPre9_NStem
kw_i_i_meko	LocPre_NPrePre10_BPre10_NStem	VRoot_VRoot_NStem_VRoot	LocPre_NPrePre10_BPre10_NStem	PossConc15_NPrePre4_NPrePre4_NStem
zo_ku_hlal_a	PossConc10_NPrePre15_BPre15_VRoot_VerbTerm	NStem_NStem_VRoot_NStem	PossConc10_NPrePre15_BPre15_VRoot_VerbTerm	AdvPre_OC15_VRoot_VerbTerm
no_ku_phil_a	AdvPre_NPrePre15_BPre15_VRoot_VerbTerm	NStem_NStem_NStem_NStem	AdvPre_NPrePre15_BPre15_VRoot_VerbTerm	AdvPre_BPre15_VRoot_VerbTerm
.	Punc	PUNC	Punc	PUNC
U_bon_is_a	SC3_VRoot_CausExt_VerbTerm	NStem_NStem_NStem_NStem	SC3_VRoot_CausExt_VerbTerm	SC3_VRoot_CausExt_VerbTerm
i_n_dlel_a	NPrePre9_BPre9_NStem	NStem_NStem_NStem_VRoot	NPrePre9_BPre9_NStem	NPrePre9_BPre9_VRoot_VerbTerm
u_bu_n_kokheli	NPrePre14_BPre14_BPre9_NStem	NStem_VRoot_NStem_NStem	NPrePre14_BPre14_BPre9_NStem	NPrePre1a_BPre14_BPre9_NStem
,	Punc	PUNC	Punc	PUNC
u_bu_m_mi	NPrePre14_BPre14_BPre1_NStem	NStem_NStem_NStem_NStem	NPrePre14_BPre14_BPre1_NStem	NPrePre1_BPre14_BPre3_NStem
obu_sebenz_a_yo	RelConc14_VRoot_VerbTerm_RelSuf	VRoot_VRoot_VRoot_VRoot	RelConc14_VRoot_VerbTerm_RelSuf	SC14_VRoot_VerbTerm_RelSuf
no_rhulumente	AdvPre_NPrePre1a_NStem	NStem_NStem	AdvPre_NPrePre1a_NStem	AdvPre_NStem
o_ne_m_pumelelo	RelConc1a_CopPre_NPrePre9_BPre9_NStem	VRoot_VRoot_VRoot_VRoot	RelConc1a_CopPre_NPrePre9_BPre9_NStem	RelConc3_AdvPre_BPre3_NStem
aba_nga_nced_a	RelConc2_Pot_VRoot_VerbTerm	NStem_NStem_NStem_NStem	RelConc2_Pot_VRoot_VerbTerm	RelConc2_Pot_VRoot_VerbTerm
e_ku_qhub_e_ni	LocPre_NPrePre15_BPre15_VRoot_VerbTerm_LocSuf	VRoot_VRoot_VRoot_VRoot_VRoot	LocPre_NPrePre15_BPre15_VRoot_VerbTerm_LocSuf	LocPre_BPre15_VRoot_VerbTerm_LocSuf
u_phuhliso	NPrePre11_NStem	NStem_NStem	NPrePre11_NStem	NPrePre1a_NStem
ku_m_mandla	LocPre_NPrePre3_BPre3_NStem	NStem_NStem_NStem	LocPre_NPrePre3_BPre3_NStem	LocPre_BPre3_NStem
o_na_mathelen_e_yo	RelConc3_VRoot_RecipExt_VerbTerm_RelSuf	VRoot_VRoot_VRoot_VRoot_VRoot	RelConc3_VRoot_RecipExt_VerbTerm_RelSuf	RelConc3_AdvPre_VRoot_Perf_PronStem9
ng_okwa_s_e_ku_hlal_e_ni	AdvPre_AdvPre_PreLoc-s_LocPre_NPrePre15_BPre15_VRoot_VerbTerm_LocSuf	VRoot_VRoot_VRoot_VRoot_VRoot_VRoot_VRoot_VRoot	AdvPre_AdvPre_PreLoc-s_LocPre_NPrePre15_BPre15_VRoot_VerbTerm_LocSuf	AdvPre_RelConc15_PreLocs_LocPre_BPre15_VRoot_VerbTerm_LocSuf
.	Punc	PUNC	Punc	PUNC
I_Zi_khokelo	NPrePre8_BPre8_NStem	NStem_NStem_NStem	NPrePre8_BPre8_NStem	NPrePre4_BPre7_NStem
:	Punc	PUNC	Punc	PUNC
I_Zi_seko	NPrePre8_BPre8_NStem	NStem_NStem_NStem	NPrePre8_BPre8_NStem	NPrePre4_BPre7_NStem
zo_M_sebenzi	PossConc8_NPrePre3_BPre3_NStem	NStem_NStem_NStem	PossConc8_NPrePre3_BPre3_NStem	PossConc9_BPre3_NStem
ezi_Zinz_il_e_yo	RelConc8_VRoot_Perf_VerbTerm_RelSuf	VRoot_VRoot_VRoot_VRoot_VRoot	RelConc8_VRoot_Perf_VerbTerm_RelSuf	RelConc10_VRoot_ApplExt_VerbTerm_RelSuf
zi_ka_Masipala	PossConc8_PossKA_NStem	NStem_NStem_NStem	PossConc8_PossKA_NStem	CopPre_ExclNeg_NStem
no_Nikezelo	AdvPre_NPrePre11_BPre11_NStem	NStem_NStem	AdvPre_NPrePre11_BPre11_NStem	CopPre_NStem
lwe_e_N_konzo	PossConc11_NPrePre10_BPre10_NStem	VRoot_VRoot_VRoot_VRoot	PossConc11_NPrePre10_BPre10_NStem	PossConc11_PossConc6_BPre9_NStem
,	Punc	PUNC	Punc	PUNC
1	Num	PUNC	Num	NUM
E_preli	ProperName	NStem_NStem	ProperName	PossConc6_NStem
2007	Num	PUNC	Num	NUM
z_i_zi_khokelo	CopPre_NPrePre8_BPre8_NStem	VRoot_VRoot_VRoot_VRoot	CopPre_NPrePre8_BPre8_NStem	CopPre_NPrePre4_BPre7_NStem
ezi_phuhl_is_el_w_e	RelConc8_VRoot_CausExt_ApplExt_PassExt_VerbTerm	VRoot_VRoot_NStem_VRoot_VRoot_VRoot	RelConc8_VRoot_CausExt_ApplExt_PassExt_VerbTerm	RelConc7_VRoot_CausExt_ApplExt_PassExt_VerbTerm
u_ku_nced_a	NPrePre15_BPre15_VRoot_VerbTerm	NStem_NStem_NStem_VRoot	NPrePre15_BPre15_VRoot_VerbTerm	SC2ps_OC15_VRoot_VerbTerm
u_rhulumente	NPrePre1a_NStem	NStem_NStem	NPrePre1a_NStem	NPrePre1a_NStem
e_ku_zalisek_is_e_ni	LocPre_NPrePre15_BPre15_VRoot_CausExt_VerbTerm_LocSuf	VRoot_VRoot_VRoot_VRoot_VRoot_VRoot	LocPre_NPrePre15_BPre15_VRoot_CausExt_VerbTerm_LocSuf	LocPre_BPre15_VRoot_CausExt_VerbTerm_LocSuf
i_m_fanelo	NPrePre9_BPre9_NStem	NStem_NStem_NStem	NPrePre9_BPre9_NStem	NPrePre4_BPre3_NStem
ya_khe	PossConc9_PossPron	PUNC_PUNC	PossConc9_PossPron	PossConc9_PronStem1
ng_oko_m_gaqo__si_se_ko	AdvPre_AdvPre_BPre3_NStem_BPre7_NStem	VRoot_VRoot_VRoot_VRoot_VRoot_VRoot_VRoot	AdvPre_AdvPre_BPre3_NStem_BPre7_NStem	AdvPre_RelConc15_BPre3_NStem_BPre7_PossConc7_RelSuf
yo_ku_nikezel_a	PossConc9_NPrePre15_BPre15_VRoot_VerbTerm	VRoot_VRoot_VRoot_VRoot	PossConc9_NPrePre15_BPre15_VRoot_VerbTerm	PossConc4_OC15_VRoot_VerbTerm
i_in_konzo	NPrePre10_BPre10_NStem	NStem_NStem_NStem	NPrePre10_BPre10_NStem	NPrePre9_BPre9_NStem
ezi_s_i_si_se_ko	RelConc10_CopPre_NPrePre7_BPre7_NStem	VRoot_VRoot_VRoot_VRoot_VRoot_VRoot	RelConc10_CopPre_NPrePre7_BPre7_NStem	RelConc8_PreLocs_LocPre_BPre7_PossConc7_RelSuf
zi_ka_masipala	PossConc10_PossKA_NStem	NStem_NStem_NStem	PossConc10_PossKA_NStem	CopPre_AdvPre_NStem
.	Punc	PUNC	Punc	PUNC
I_sa_zobe	NPrePre7_BPre7_NStem	NStem_NStem_NStem	NPrePre7_BPre7_NStem	BPre4_Pro_NStem
se__Ve_nn	PossConc7_NPrePre9_ProperName	NStem_NStem_NStem	PossConc7_NPrePre9_ProperName	PossConc7_PronStem2_BPre9
s_i_si_xhobo	CopPre_NPrePre7_BPre7_NStem	NStem_VRoot_NStem_VRoot	CopPre_NPrePre7_BPre7_NStem	PossConc7_NPrePre4_BPre7_NStem
so_ku_hlalutya	PossConc7_NPrePre15_BPre15_VRoot_VerbTerm	VRoot_VRoot_VRoot	PossConc7_NPrePre15_BPre15_VRoot_VerbTerm	PossConc7_BPre15_NStem
u_bonelelo	NPrePre11_NStem	NStem_NStem	NPrePre11_NStem	NPrePre1a_NStem
lwe_e_n_konzo	PossConc11_NPrePre10_BPre10_NStem	VRoot_VRoot_VRoot_VRoot	PossConc11_NPrePre10_BPre10_NStem	PossConc11_LocPre_BPre9_NStem
e_lu_ntw_ini	LocPre_NPrePre11_BPre11_NStem_LocSuf	NStem_NStem_VRoot_NStem	LocPre_NPrePre11_BPre11_NStem_LocSuf	LocPre_BPre11_NStem_LocSuf
.	Punc	Conj	Punc	PUNC
A_ma_lungu	NPrePre6_BPre6_NStem	NStem_NStem_NStem	NPrePre6_BPre6_NStem	PossConc6_BPre6_NStem
aba_hlali	NPrePre2_BPre2_NStem	NStem_NStem	NPrePre2_BPre2_NStem	NegPre_NStem
a_chong_a	SC6_VRoot_VerbTerm	NStem_NStem_NStem	SC6_VRoot_VerbTerm	SC6_VRoot_VerbTerm
i_mi_butho	NPrePre4_BPre4_NStem	NStem_NStem_NStem	NPrePre4_BPre4_NStem	NPrePre4_BPre4_NStem
,	Punc	PUNC	Punc	PUNC
i_in_konzo	NPrePre10_BPre10_NStem	NStem_NStem_NStem	NPrePre10_BPre10_NStem	NPrePre9_BPre9_NStem
na_ba_niki	AdvPre_NPrePre2_BPre2_NStem	NStem_NStem_NStem	AdvPre_NPrePre2_BPre2_NStem	AdvPre_BPre2_NStem
be_e_n_konzo	PossConc2_NPrePre10_BPre10_NStem	NStem_NStem_NStem_VRoot	PossConc2_NPrePre10_BPre10_NStem	PossConc2_LocPre_BPre9_NStem
ba_ba_bek_e	SC2_OC2_VRoot_VerbTerm	NStem_NStem_NStem_NStem	SC2_OC2_VRoot_VerbTerm	SC2_OC2_VRoot_VerbTerm
ng_okwe_zin_tlu	AdvPre_AdvPre_NPrePre10_BPre10_NStem	VRoot_NStem_VRoot_VRoot	AdvPre_AdvPre_NPrePre10_BPre10_NStem	AdvPre_NStem_NPre10_NStem
ng_oko_ku_balulek_a	AdvPre_AdvPre_NPrePre15_BPre15_VRoot_VerbTerm	VRoot_VRoot_VRoot_VRoot_VRoot	AdvPre_AdvPre_NPrePre15_BPre15_VRoot_VerbTerm	AdvPre_AdvPre_OC15_VRoot_VerbTerm
na_ng_oko_fikelelo	AdvPre_AdvPre_NPrePre15_BPre15_NStem	VRoot_VRoot_VRoot_VRoot	AdvPre_AdvPre_NPrePre15_BPre15_NStem	AdvPre_CopPre_NPas_NStem
.	Punc	PUNC	Punc	PUNC
Si_kwa_s_i_si_xhobo	CopPre_AdvPre_CopPre_NPrePre7_BPre7_NStem	VRoot_VRoot_VRoot_VRoot_VRoot_VRoot	CopPre_AdvPre_CopPre_NPrePre7_BPre7_NStem	BPre7_OC15_VRoot_VerbTerm_BPre7_NStem
esi_l_u_ncedo	RelConc7_CopPre_NPrePre11_BPre11_NStem	VRoot_VRoot_VRoot_VRoot	RelConc7_CopPre_NPrePre11_BPre11_NStem	RelConc7_BPre11_NPrePre1a_NStem
e_ku_qond_e_ni	LocPre_NPrePre15_BPre15_VRoot_VerbTerm_LocSuf	VRoot_VRoot_VRoot_VRoot_VRoot	LocPre_NPrePre15_BPre15_VRoot_VerbTerm_LocSuf	LocPre_OC15_VRoot_VerbTerm_LocSuf
i_im_funo	NPrePre10_BPre10_NStem	NStem_NStem_NStem	NPrePre10_BPre10_NStem	NPrePre4_NPre9_NStem
za_ba_hlali	PossConc10_NPrePre2_BPre2_NStem	NStem_NStem_NStem	PossConc10_NPrePre2_BPre2_NStem	PossConc5_BPre2_NStem
.	Punc	PUNC	Punc	PUNC
A_zi	VRoot_VerbTerm	PUNC_PUNC	VRoot_VerbTerm	PossConc6_NStem
ngo_phuhliso	AdvPre_NPrePre11_BPre11_NStem	NStem_NStem	AdvPre_NPrePre11_BPre11_NStem	AdvPre_NStem
kwa_ba_nye	LocPre_AdjPref2_AdjStem	NStem_NStem_NStem	LocPre_AdjPref2_AdjStem	PossConc15_BPre2_AdjStem
oo_masipala	NPrePre2a_NStem	NStem_NStem	NPrePre2a_NStem	BPre2a_NStem
_	Punc		Punc	
ba_fund_e	SC2_VRoot_VerbTerm	NStem_NStem_NStem	SC2_VRoot_VerbTerm	SC2_VRoot_VerbTerm
kw_i_im_bono	LocPre_NPrePre10_BPre10_NStem	NStem_NStem_NStem_NStem	LocPre_NPrePre10_BPre10_NStem	PossConc15_NPrePre4_BPre4_NStem
na_ma_va	AdvPre_NPrePre6_BPre6_NStem	NStem_NStem_NStem	AdvPre_NPrePre6_BPre6_NStem	AdvPre_BPre6_NStem
abo	PossConc6_PronStem2	PUNC	PossConc6_PronStem2	CDEM02
.	Punc	PUNC	Punc	PUNC
Kodwa	Conj	PUNC	Conj	Adv
u_rhwebo	NPrePre11_NStem	NStem_NStem	NPrePre11_NStem	NPrePre1a_NStem
lwa_ma_zwe	PossConc11_NPrePre6_BPre6_NStem	NStem_NStem_NStem	PossConc11_NPrePre6_BPre6_NStem	PossConc11_BPre6_NStem
nga_ma_zwe	AdvPre_NPrePre6_BPre6_NStem	NStem_NStem_NStem	AdvPre_NPrePre6_BPre6_NStem	AdvPre_BPre6_NStem
na_lo	AdvPre_PronStem11	PUNC_PUNC	AdvPre_PronStem11	AdvPre_PronStem5
lu_be	CopPre_Cop	PUNC_PUNC	CopPre_Cop	SC11_AuxVStem
ne_galelo	CopPre_NPrePre5_BPre5_NStem	NStem_NStem	CopPre_NPrePre5_BPre5_NStem	AdvPre_NStem
ku_m_ngcipheko	LocPre_NPrePre3_BPre3_NStem	VRoot_VRoot_VRoot	LocPre_NPrePre3_BPre3_NStem	LocPre_BPre3_NStem
o_phakam_il_e_yo	RelConc3_VRoot_Perf_VerbTerm_RelSuf	VRoot_VRoot_VRoot_VRoot_VRoot	RelConc3_VRoot_Perf_VerbTerm_RelSuf	SC6_VRoot_ApplExt_VerbTerm_RelSuf
no_bu_nzulu	AdvPre_NPrePre14_BPre14_NStem	NStem_NStem_NStem	AdvPre_NPrePre14_BPre14_NStem	AdvPre_BPre14_NStem
kw_i_mi_cimbi	LocPre_NPrePre4_BPre4_NStem	NStem_NStem_NStem_NStem	LocPre_NPrePre4_BPre4_NStem	PossConc15_NPrePre4_BPre4_NStem
ye_hlabathi	PossConc4_NPrePre5_BPre5_NStem	NStem_NStem	PossConc4_NPrePre5_BPre5_NStem	PossConc9_NStem
_	Punc		Punc	
u_ku_sukel_a	NPrePre15_BPre15_VRoot_VerbTerm	VRoot_VRoot_VRoot_NStem	NPrePre15_BPre15_VRoot_VerbTerm	SC3_OC15_VRoot_VerbTerm
ku_bu_ntshaphantshapha	LocPre_NPrePre14_BPre14_NStem	VRoot_VRoot_VRoot	LocPre_NPrePre14_BPre14_NStem	LocPre_BPre14_NStem
be_shishini	PossConc14_NPrePre5_BPre5_NStem	NStem_NStem	PossConc14_NPrePre5_BPre5_NStem	PossConc2_NStem
l_e_ze_zi_mali	PossConc5_RelConc8_PossConc8_NPrePre10_BPre10_NStem	NStem_NStem_NStem_NStem_NStem	PossConc5_RelConc8_PossConc8_NPrePre10_BPre10_NStem	PossConc5_LocPre_RelConc10_NPre10_NStem
,	Punc	PUNC	Punc	PUNC
u_ku_ya	NPrePre15_BPre15_VRoot_VerbTerm	NStem_NStem_NStem	NPrePre15_BPre15_VRoot_VerbTerm	NPrePre1a_BPre15_NStem
kw_i_m_fuduko	LocPre_NPrePre9_BPre9_NStem	NStem_NStem_NStem_NStem	LocPre_NPrePre9_BPre9_NStem	PossConc15_NPrePre9_BPre3_NStem
ya_ba_ntu	PossConc9_NPrePre2_BPre2_NStem	NStem_NStem_NStem	PossConc9_NPrePre2_BPre2_NStem	PossConc9_BPre2_NStem
aba_ne_za_khono	RelConc2_CopPre_NPrePre8_BPre8_NStem	NStem_NStem_NStem_NStem	RelConc2_CopPre_NPrePre8_BPre8_NStem	RelConc2_AdvPre_NStem_NStem
u_ku_suk_a	NPrePre15_BPre15_VRoot_VerbTerm	NStem_NStem_NStem_NStem	NPrePre15_BPre15_VRoot_VerbTerm	SC3_OC15_VRoot_VerbTerm
ku_ma_zwe	LocPre_NPrePre6_BPre6_NStem	NStem_NStem_NStem	LocPre_NPrePre6_BPre6_NStem	LocPre_BPre6_NStem
a_sa_hlum_a_yo	RelConc6_Pro_VRoot_VerbTerm_RelSuf	VRoot_VRoot_VRoot_VRoot_VRoot	RelConc6_Pro_VRoot_VerbTerm_RelSuf	SC6_Pro_VRoot_VerbTerm_RelSuf
,	Punc	PUNC	Punc	PUNC
u_ku_ya	NPrePre15_BPre15_VRoot_VerbTerm	NStem_NStem_NStem	NPrePre15_BPre15_VRoot_VerbTerm	NPrePre1a_BPre15_NStem
e_ku_tshintsh_w_e_ni	LocPre_NPrePre15_BPre15_VRoot_PassExt_VerbTerm_LocSuf	VRoot_VRoot_VRoot_VRoot_VRoot_VRoot	LocPre_NPrePre15_BPre15_VRoot_PassExt_VerbTerm_LocSuf	LocPre_BPre15_VRoot_PassExt_VerbTerm_LocSuf
ko_nxulumano	PossConc15_NPrePre11_BPre11_NStem	NStem_NStem	PossConc15_NPrePre11_BPre11_NStem	BPre2_NStem
lwa_ma_ndla	PossConc11_NPrePre6_BPre6_NStem	NStem_NStem_NStem	PossConc11_NPrePre6_BPre6_NStem	PossConc11_BPre6_NStem
phakathi	Adv	PUNC	Adv	Adv
ko_rhulumente	BPre5_PossKA_NStem	NStem_NStem	BPre5_PossKA_NStem	RelSuf_NStem
n_e_ze_zi_mali	AdvPre_RelConc8_PossConc8_NPrePre10_BPre10_NStem	NStem_NStem_NStem_NStem_NStem	AdvPre_RelConc8_PossConc8_NPrePre10_BPre10_NStem	AdvPre_LocPre_NStem_NStem_NStem
.	Punc	PUNC	Punc	PUNC
Ngenxa	Conj	NStem	Conj	COP
y_ezi	PossConc9_Dem10_Pos1	PUNC_PUNC	PossConc9_Dem10_Pos1	CopPre_NStem
patheni	NStem	PUNC	NStem	NStem
,	Punc	PUNC	Punc	PUNC
u_ku_thoth_a	NPrePre15_BPre15_VRoot_VerbTerm	VRoot_NStem_NStem_NStem	NPrePre15_BPre15_VRoot_VerbTerm	SC1_OC15_VRoot_VerbTerm
kw_a_kutsha	AdvPre_AdvPre_AdjStem	NStem_NStem_NStem	AdvPre_AdvPre_AdjStem	PossConc15_LocPre_NStem
nje	Adv	PUNC	Adv	Adv
ku_qoqosho	LocPre_NPrePre11_BPre11_NStem	NStem_NStem	LocPre_NPrePre11_BPre11_NStem	LocPre_NStem
ku_ma_zwe	LocPre_NPrePre6_BPre6_NStem	NStem_NStem_NStem	LocPre_NPrePre6_BPre6_NStem	LocPre_BPre6_NStem
a_sa_hlum_a_yo	RelConc6_Pro_VRoot_VerbTerm_RelSuf	VRoot_VRoot_NStem_VRoot_NStem	RelConc6_Pro_VRoot_VerbTerm_RelSuf	SC6_Pro_VRoot_VerbTerm_RelSuf
ku_bangel_a	SC15_VRoot_VerbTerm	NStem_NStem_NStem	SC15_VRoot_VerbTerm	BPre15_VRoot_VerbTerm
u_m_ngcipheko	NPrePre3_BPre3_NStem	VRoot_VRoot_VRoot	NPrePre3_BPre3_NStem	NPrePre3_BPre3_NStem
o_bon_akal_a_yo	RelConc3_VRoot_NeutExt_VerbTerm_RelSuf	VRoot_VRoot_VRoot_VRoot_VRoot	RelConc3_VRoot_NeutExt_VerbTerm_RelSuf	RelConc7_VRoot_NeutExt_VerbTerm_PronStem9
ku_ma_zwe	LocPre_NPrePre6_BPre6_NStem	NStem_NStem_NStem	LocPre_NPrePre6_BPre6_NStem	LocPre_BPre6_NStem
a_sa_hlum_a_yo	RelConc6_Pro_VRoot_VerbTerm_RelSuf	VRoot_NStem_VRoot_VRoot_VRoot	RelConc6_Pro_VRoot_VerbTerm_RelSuf	SC6_Pro_VRoot_VerbTerm_RelSuf
.	Punc	PUNC	Punc	PUNC
U_ku_bek_a	NPrePre15_BPre15_VRoot_VerbTerm	NStem_NStem_NStem_NStem	NPrePre15_BPre15_VRoot_VerbTerm	SC1_OC15_VRoot_VerbTerm
i_li_so	NPrePre5_BPre5_NStem	NStem_NStem_NStem	NPrePre5_BPre5_NStem	NPrePre5_BPre5_NStem
ne_mi_linganiselo	AdvPre_NPrePre4_BPre4_NStem	VRoot_VRoot_VRoot	AdvPre_NPrePre4_BPre4_NStem	AdvPre_BPre4_NStem
yo_m_sebenzi	PossConc4_NPrePre3_BPre3_NStem	NStem_NStem_NStem	PossConc4_NPrePre3_BPre3_NStem	PossConc4_BPre3_NStem
.	Punc	PUNC	Punc	PUNC
Qwalasel_a	VRoot_VerbTerm	NStem_NStem	VRoot_VerbTerm	VRoot_VerbTerm
le	Dem4_Pos1	PUNC	Dem4_Pos1	PossConc5
mi_buzo	BPre4_NStem	PUNC_PUNC	BPre4_NStem	BPre4_NStem
i_landel_a_yo	RelConc4_VRoot_VerbTerm_RelSuf	NStem_NStem_NStem_NStem	RelConc4_VRoot_VerbTerm_RelSuf	SC4_VRoot_VerbTerm_RelSuf
.	Punc	PUNC	Punc	PUNC
Kwa_khona	AdvPre_Adv	NStem_NStem	AdvPre_Adv	PossConc15_Adv
ku_balulek_ile	SC15_VRoot_Perf_VerbTerm	NStem_NStem_NStem	SC15_VRoot_Perf_VerbTerm	SC15_VRoot_Perf
u_ku_qinisek_is_a	NPrePre15_BPre15_VRoot_CausExt_VerbTerm	VRoot_VRoot_VRoot_VRoot_VRoot	NPrePre15_BPre15_VRoot_CausExt_VerbTerm	SC2ps_BPre15_VRoot_CausExt_VerbTerm
u_kuba	Conj	PUNC_PUNC	Conj	NPrePre1a_NStem
aba_ntu	NPrePre2_BPre2_NStem	NStem_NStem	NPrePre2_BPre2_NStem	RelConc2_NStem
aba_bo_dwa	RelConc2_QuantConc2_QuantStem	NStem_NStem_Conj	RelConc2_QuantConc2_QuantStem	RelConc2a_BPre2_NStem
ba_no_xanduva	CopPre_AdvPre_NPrePre11_BPre11_NStem	NStem_NStem_NStem	CopPre_AdvPre_NPrePre11_BPre11_NStem	BPre2_CopPre_NStem
lo_ku_lungis_a	PossConc11_NPrePre15_BPre15_VRoot_VerbTerm	NStem_NStem_NStem_NStem	PossConc11_NPrePre15_BPre15_VRoot_VerbTerm	SC15_BPre15_VRoot_VerbTerm
esi	Dem7_Pos1	Conj	Dem7_Pos1	CDEM07
si_cwangciso	BPre7_NStem	NStem_NStem	BPre7_NStem	BPre7_NStem
u_ku_thintel_a	NPrePre15_BPre15_VRoot_VerbTerm	VRoot_NStem_VRoot_VRoot	NPrePre15_BPre15_VRoot_VerbTerm	SC2ps_OC15_VRoot_VerbTerm
i_meko	NPrePre9_NStem	NStem_NStem	NPrePre9_NStem	NPrePre4_NStem
a_pho	Dem16_Pos2	PUNC_PUNC	Dem16_Pos2	PossConc6_PronStem6
ku_nge_kho	CopPre_NegPre_Adv	NStem_NStem_NStem	CopPre_NegPre_Adv	SC15_NegPre_Adv
na_m_nye	AdvPre_AdjPref1_AdjStem	NStem_NStem_NStem	AdvPre_AdjPref1_AdjStem	AdvPre_BPre3_AdjStem
o_thath_a	RelConc1_VRoot_VerbTerm	NStem_NStem_NStem	RelConc1_VRoot_VerbTerm	SC6_VRoot_VerbTerm
u_xanduva	NPrePre11_NStem	NStem_NStem	NPrePre11_NStem	NPrePre1a_NStem
olu_ngqal_il_e_yo	RelConc11_VRoot_Perf_VerbTerm_RelSuf	NStem_NStem_NStem_NStem_NStem	RelConc11_VRoot_Perf_VerbTerm_RelSuf	RelConc11_VRoot_ApplExt_VerbTerm_RelSuf
ngo_ku_lungisel_el_a	AdvPre_NPrePre15_BPre15_VRoot_ApplExt_ApplExt_VerbTerm	VRoot_VRoot_NStem_VRoot_VRoot	AdvPre_NPrePre15_BPre15_VRoot_ApplExt_ApplExt_VerbTerm	AdvPre_OC15_VRoot_ApplExt_VerbTerm
eso	Dem7_Pos2	Adv	Dem7_Pos2	CDEM03
si_cwangciso	BPre7_NStem	VRoot_VRoot	BPre7_NStem	BPre7_NStem
.	Punc	PUNC	Punc	PUNC
U_k_omelez_a	NPrePre15_BPre15_VRoot_VerbTerm	VRoot_VRoot_VRoot_VRoot	NPrePre15_BPre15_VRoot_VerbTerm	SC2ps_BPre15_VRoot_VerbTerm
i_in_konzo	NPrePre10_BPre10_NStem	NStem_NStem_NStem	NPrePre10_BPre10_NStem	NPrePre9_BPre9_NStem
ezi_ng_u_ndoqo	RelConc10_CopPre_NPrePre1a_NStem	VRoot_VRoot_VRoot_VRoot	RelConc10_CopPre_NPrePre1a_NStem	RelConc7_AdvPre_BPre3_NStem
zo_khathalelo	PossConc10_NPrePre11_NStem	NStem_NStem	PossConc10_NPrePre11_NStem	BPre2a_NStem
lwe_m_pilo	PossConc11_NPrePre9_BPre9_NStem	NStem_VRoot_VRoot	PossConc11_NPrePre9_BPre9_NStem	PossConc11_NPre9_NStem
no_kw_and_is_a	AdvPre_NPrePre15_BPre15_VRoot_CausExt_VerbTerm	NStem_NStem_NStem_NStem_NStem	AdvPre_NPrePre15_BPre15_VRoot_CausExt_VerbTerm	CopPre_BPre15_VRoot_CausExt_VerbTerm
i_in_kqubo	NPrePre10_BPre10_NStem	NStem_NStem_NStem	NPrePre10_BPre10_NStem	NPrePre9_BPre9_NStem
ze_m_pilo	PossConc10_NPrePre9_BPre9_NStem	NStem_NStem_NStem	PossConc10_NPrePre9_BPre9_NStem	PossConc9_NPre9_NStem
ezi_sek_el_w_e	RelConc10_VRoot_ApplExt_PassExt_VerbTerm	NStem_NStem_NStem_NStem_VRoot	RelConc10_VRoot_ApplExt_PassExt_VerbTerm	RelConc10_VRoot_ApplExt_PassExt_VerbTerm
kw_i_mi_mandla	LocPre_NPrePre4_BPre4_NStem	NStem_NStem_NStem_NStem	LocPre_NPrePre4_BPre4_NStem	PossConc15_NPrePre4_BPre4_NStem
,	Punc	PUNC	Punc	PUNC
ezi_fan_a	RelConc8_VRoot_VerbTerm	NStem_NStem_NStem	RelConc8_VRoot_VerbTerm	RelConc8_VRoot_VerbTerm
ne_e_n_kqubo	AdvPre_NPrePre10_BPre10_NStem	VRoot_VRoot_VRoot_VRoot	AdvPre_NPrePre10_BPre10_NStem	AdvPre_LocPre_BPre9_NStem
zo_m_sebenzi	PossConc10_NPrePre3_BPre3_NStem	NStem_NStem_NStem	PossConc10_NPrePre3_BPre3_NStem	NPre2a_BPre1_NStem
we_m_pilo	PossConc3_NPrePre9_BPre9_NStem	NStem_NStem_NStem	PossConc3_NPrePre9_BPre9_NStem	PossConc3_BPre3_NStem
yo_lu_ntu	PossConc9_NPrePre11_BPre11_NStem	NStem_NStem_NStem	PossConc9_NPrePre11_BPre11_NStem	PossConc9_BPre11_NStem
n_e_y_a_ba_b_el_ekisi	AdvPre_RelConc9_PossConc9_NPrePre2_BPre2_NStem	VRoot_VRoot_VRoot_VRoot_VRoot_VRoot_VRoot_VRoot	AdvPre_RelConc9_PossConc9_NPrePre2_BPre2_NStem	AdvPre_LocPre_CopPre_VerbTerm_AuxVStem_VRoot_ApplExt_NStem
,	Punc	PUNC	Punc	PUNC
ne_m_fundo	AdvPre_NPrePre9_BPre9_NStem	NStem_NStem_NStem	AdvPre_NPrePre9_BPre9_NStem	AdvPre_BPre3_NStem
nge_ze_m_pilo	AdvPre_RelConc8_PossConc8_NPrePre9_BPre9_NStem	NStem_NStem_NStem_NStem	AdvPre_RelConc8_PossConc8_NPrePre9_BPre9_NStem	AdvPre_PossConc9_BPre3_NStem
.	Punc	PUNC	Punc	PUNC
U_m_lamli	NPrePre1_BPre3_NStem	NStem_NStem_NStem	NPrePre1_BPre3_NStem	NPrePre1_BPre1_NStem
u_fanel_e	SC1_VRoot_VerbTerm	NStem_NStem_NStem	SC1_VRoot_VerbTerm	SC3_VRoot_VerbTerm
u_ku_hlalutya	NPrePre15_BPre15_VRoot_VerbTerm	VRoot_VRoot_VRoot	NPrePre15_BPre15_VRoot_VerbTerm	NPrePre1a_BPre15_NStem
i_m_pikiswano	NPrePre9_BPre9_NStem	NStem_VRoot_NStem	NPrePre9_BPre9_NStem	NPrePre9_BPre3_NStem
.	Punc	PUNC	Punc	PUNC
I_Komiti	NPrePre9_NStem	NStem_NStem	NPrePre9_NStem	NPre9_NStem
ye_Wadi	PossConc9_NPrePre9_NStem	NStem_NStem	PossConc9_NPrePre9_NStem	PossConc9_NStem
na_ba_nye	AdvPre_AdjPref2_AdjStem	NStem_NStem_NStem	AdvPre_AdjPref2_AdjStem	AdvPre_BPre2_AdjStem
aba_ntu	NPrePre2_BPre2_NStem	NStem_NStem	NPrePre2_BPre2_NStem	RelConc2_NStem
aba_no_ku_bandakany_ek_a	RelConc2_AdvPre_NPrePre15_BPre15_VRoot_VerbTerm	VRoot_VRoot_VRoot_VRoot_VRoot_VRoot	RelConc2_AdvPre_NPrePre15_BPre15_VRoot_VerbTerm	RelConc2_AdvPre_BPre15_VRoot_NeutExt_VerbTerm
kw_i_m_pumezo	LocPre_NPrePre9_BPre9_NStem	VRoot_VRoot_VRoot_VRoot	LocPre_NPrePre9_BPre9_NStem	PossConc15_NPrePre9_BPre3_NStem
,	Punc	PUNC	Punc	PUNC
ku_quk_a	SC15_VRoot_VerbTerm	NStem_NStem_NStem	SC15_VRoot_VerbTerm	BPre15_VRoot_VerbTerm
u_m_meli	NPrePre1_BPre1_NStem	NStem_NStem_NStem	NPrePre1_BPre1_NStem	NPrePre3_BPre3_NStem
nge_n_jongo	AdvPre_NPrePre9_BPre9_NStem	NStem_NStem_NStem	AdvPre_NPrePre9_BPre9_NStem	AdvPre_BPre9_NStem
nga_nye	AdvPre_EnumStem	PUNC_PUNC	AdvPre_EnumStem	AdvPre_AdjStem
e_vel_a	RelConc9_VRoot_VerbTerm	NStem_NStem_NStem	RelConc9_VRoot_VerbTerm	SC6_VRoot_VerbTerm
kw_i_in_tlanganiso	LocPre_NPrePre10_BPre10_NStem	VRoot_VRoot_VRoot_VRoot	LocPre_NPrePre10_BPre10_NStem	PossConc15_NPrePre9_BPre9_NStem
za_ma_qela	PossConc10_NPre6_BPre6_NStem	NStem_NStem_NStem	PossConc10_NPre6_BPre6_NStem	AdvPre_BPre6_NStem
a_sebenzyo	SC6_VRoot_VerbTerm_RelSuf	NStem_NStem	SC6_VRoot_VerbTerm_RelSuf	RelConc6_NStem
kw_i_i_yure	LocPre_NPrePre10_BPre10_NStem	NStem_NStem_NStem_NStem	LocPre_NPrePre10_BPre10_NStem	LocPre_NPrePre4_BPre9_NStem
ezim_bini	AdjPref10_AdjStem	NStem_NStem	AdjPref10_AdjStem	LocPre_BPre9
ngo_ku_sebenz_is_a	AdvPre_NPrePre15_BPre15_VRoot_CausExt_VerbTerm	VRoot_VRoot_VRoot_VRoot_VRoot	AdvPre_NPrePre15_BPre15_VRoot_CausExt_VerbTerm	AdvPre_OC15_VRoot_CausExt_VerbTerm
u_thungelwano	NPrePre11_NStem	VRoot_VRoot	NPrePre11_NStem	NPrePre1a_NStem
u_kw_enz_el_a	NPrePre15_BPre15_VRoot_ApplExt_VerbTerm	VRoot_VRoot_VRoot_VRoot_VRoot	NPrePre15_BPre15_VRoot_ApplExt_VerbTerm	SC2ps_OC15_VRoot_ApplExt_VerbTerm
i_si_cwangciso	NPrePre7_BPre7_NStem	VRoot_VRoot_VRoot	NPrePre7_BPre7_NStem	NPrePre4_BPre7_NStem
sa_ma_nyathelo	PossConc7_NPrePre6_BPre6_NStem	NStem_VRoot_VRoot	PossConc7_NPrePre6_BPre6_NStem	PossConc7_BPre6_NStem
oku_ba_nced_a	RelConc6_NPrePre15_BPre15_OC2_VRoot_VerbTerm	NStem_NStem_NStem_NStem	RelConc6_NPrePre15_BPre15_OC2_VRoot_VerbTerm	RelConc15_OC2_VRoot_VerbTerm
.	Punc	PUNC	Punc	PUNC
U_ku_thath_a	NPrePre15_BPre15_VRoot_VerbTerm	VRoot_NStem_VRoot_NStem	NPrePre15_BPre15_VRoot_VerbTerm	SC2ps_OC15_VRoot_VerbTerm
i_n_xaxheba	NPrePre9_BPre9_NStem	NStem_NStem_NStem	NPrePre9_BPre9_NStem	NPrePre9_BPre9_NStem
oku_m_is_w_e	RelConc15_Intrans_CausExt_PassExt_VerbTerm	NStem_NStem_NStem_NStem_NStem	RelConc15_Intrans_CausExt_PassExt_VerbTerm	RelConc15_VRoot_CausExt_PassExt_VerbTerm
nge_n_dlel_a	AdvPre_NPrePre9_BPre9_NStem	NStem_NStem_NStem_NStem	AdvPre_NPrePre9_BPre9_NStem	AdvPre_BPre9_VRoot_VerbTerm
e_th_ile	RelConc9_VRoot_Perf	NStem_NStem_NStem	RelConc9_VRoot_Perf	SC6_VRoot_Perf
:	Punc	PUNC	Punc	PUNC
U_ninzi	NPrePre11_NStem	NStem_NStem	NPrePre11_NStem	NPrePre1a_NStem
l_oo_masipala	PossConc11_NPrePre2a_NStem	NStem_VRoot_VRoot	PossConc11_NPrePre2a_NStem	PossConc5_BPre2a_NStem
aba_tsha	AdjPref2_AdjStem	NStem_NStem	AdjPref2_AdjStem	AdjPref2_NStem
ba_khulu	CopPre_AdjStem	PUNC_PUNC	CopPre_AdjStem	BPre2_AdjStem
ka_khulu	AdvPre_AdjStem	NStem_NStem	AdvPre_AdjStem	AdvPre_AdjStem
ng_oko_m_linganiselo	AdvPre_AdvPre_NPrePre3_BPre3_NStem	VRoot_VRoot_VRoot_VRoot	AdvPre_AdvPre_NPrePre3_BPre3_NStem	CopPre_RelConc15_BPre3_NStem
we_nani	PossConc3_NPrePre5_BPre5_NStem	PUNC_PUNC	PossConc3_NPrePre5_BPre5_NStem	PossConc3_NStem
la_ba_ntu	PossConc5_NPrePre2_BPre2_NStem	NStem_NStem_NStem	PossConc5_NPrePre2_BPre2_NStem	PossConc5_BPre2_NStem
no_m_mandla	AdvPre_NPrePre3_BPre3_NStem	NStem_NStem_NStem	AdvPre_NPrePre3_BPre3_NStem	AdvPre_BPre3_NStem
e_ku_vum_el_e_ni	LocPre_NPrePre15_BPre15_VRoot_ApplExt_VerbTerm_LocSuf	VRoot_VRoot_VRoot_VRoot_VRoot_VRoot	LocPre_NPrePre15_BPre15_VRoot_ApplExt_VerbTerm_LocSuf	SC9_OC15_VRoot_ApplExt_VerbTerm_LocSuf
u_ku_thath_a	NPrePre15_BPre15_VRoot_VerbTerm	NStem_NStem_NStem_NStem	NPrePre15_BPre15_VRoot_VerbTerm	SC2ps_OC15_VRoot_VerbTerm
i_n_xaxheba	NPrePre9_BPre9_NStem	NStem_VRoot_NStem	NPrePre9_BPre9_NStem	NPrePre9_BPre9_NStem
oku_th_e	RelConc15_VRoot_VerbTerm	NStem_NStem_NStem	RelConc15_VRoot_VerbTerm	RelConc15_VRoot_VerbTerm
ngqo	Ideoph	PUNC	Ideoph	Ideoph
ku_ninzi	LocPre_AdjStem	NStem_NStem	LocPre_AdjStem	LocPre_NStem
lwa_ba_hlali	PossConc11_BPre2_NStem	PUNC_PUNC_PUNC	PossConc11_BPre2_NStem	PossConc11_BPre2_NStem
kw_i_in_kqubo	LocPre_NPrePre10_BPre10_NStem	VRoot_NStem_VRoot_VRoot	LocPre_NPrePre10_BPre10_NStem	PossConc15_NPrePre9_BPre9_NStem
ezi_banzi	RelConc10_RelStem	NStem_NStem	RelConc10_RelStem	RelConc7_NStem
zo_cwangciso	PossConc10_NPrePre11_NStem	PUNC_PUNC	PossConc10_NPrePre11_NStem	BPre2a_NStem
.	Punc	PUNC	Punc	PUNC
U_ku_thath_a	NPrePre15_BPre15_VRoot_VerbTerm	NStem_NStem_VRoot_NStem	NPrePre15_BPre15_VRoot_VerbTerm	SC2ps_OC15_VRoot_VerbTerm
i_n_xaxheba	NPrePre9_BPre9_NStem	NStem_VRoot_VRoot	NPrePre9_BPre9_NStem	NPrePre9_BPre9_NStem
kw_i_si_cwangciso	LocPre_NPrePre7_BPre7_NStem	VRoot_VRoot_VRoot_VRoot	LocPre_NPrePre7_BPre7_NStem	PossConc15_NPrePre4_BPre7_NStem
so_phuhliso	PossConc7_NPrePre11_BPre11_NStem	NStem_NStem	PossConc7_NPrePre11_BPre11_NStem	BPre7_NStem
olu_many_an_is_iw_e_yo	RelConc11_VRoot_RecipExt_CausExt_PassExt_VerbTerm_RelSuf	VRoot_VRoot_VRoot_VRoot_VRoot_VRoot_VRoot	RelConc11_VRoot_RecipExt_CausExt_PassExt_VerbTerm_RelSuf	RelConc11_VRoot_RecipExt_CausExt_PassExt_VerbTerm_PronStem9
ke	Conj	Conj	Conj	Adv
ng_oko	AdvPre_Dem15_Pos2	PUNC_PUNC	AdvPre_Dem15_Pos2	AdvPre_NStem
ku_fun_a	SC15_VRoot_VerbTerm	NStem_NStem_NStem	SC15_VRoot_VerbTerm	BPre15_VRoot_VerbTerm
i_mi_thetho	NPrePre4_BPre4_NStem	NStem_NStem_NStem	NPrePre4_BPre4_NStem	NPrePre4_BPre4_NStem
e_cac_il_e_yo	RelConc4_VRoot_Perf_VerbTerm_RelSuf	VRoot_VRoot_VRoot_VRoot_VRoot	RelConc4_VRoot_Perf_VerbTerm_RelSuf	LocPre_VRoot_ApplExt_VerbTerm_RelSuf
ne_e_n_kqubo	AdvPre_NPrePre10_BPre10_NStem	VRoot_VRoot_VRoot_VRoot	AdvPre_NPrePre10_BPre10_NStem	AdvPre_PossConc6_NPre9_NStem
ezi_chaz_a	RelConc10_VRoot_VerbTerm	NStem_NStem_NStem	RelConc10_VRoot_VerbTerm	SC7_VRoot_VerbTerm
ng_oku_ko_dwa	AdvPre_RelConc15_QuantConc15_QuantStem	NStem_NStem_NStem_NStem	AdvPre_RelConc15_QuantConc15_QuantStem	AdvPre_RelConc15_BPre15_NStem
u_kuba	Conj	PUNC_PUNC	Conj	NPrePre1a_NStem
ng_u_bani	CopPre_NPrePre1a_Interrog	NStem_NStem_NStem	CopPre_NPrePre1a_Interrog	CopPre_SC3_Interrog
na	Interrog	Adv	Interrog	AdvPre
o_za	RelConc1a_AuxVStem	PUNC_PUNC	RelConc1a_AuxVStem	QuantConc6_NStem
ku_thath_a	SC15_VRoot_VerbTerm	NStem_NStem_NStem	SC15_VRoot_VerbTerm	BPre15_VRoot_VerbTerm
i_n_xaxheba	NPrePre9_BPre9_NStem	NStem_NStem_NStem	NPrePre9_BPre9_NStem	NPrePre9_BPre9_NStem
okanye	Conj	PUNC	Conj	Adv
e_ku_z_a	RelConc1a_SC15_AuxVStem	NStem_NStem_NStem_NStem	RelConc1a_SC15_AuxVStem	PossConc6_OC15_VRoot_VerbTerm
ku_cety_is_w_ana	SC15_VRoot_PassExt_RecipExt_VerbTerm	VRoot_VRoot_VRoot_VRoot_VRoot	SC15_VRoot_PassExt_RecipExt_VerbTerm	BPre15_VRoot_CausExt_PassExt_DimSuf
na_ye	AdvPre_PronStem1	PUNC_PUNC	AdvPre_PronStem1	AdvPre_PronStem1
,	Punc	PUNC	Punc	PUNC
e_game_ni	LocPre_NPrePre5_BPre5_NStem_LocSuf	NStem_NStem_NStem	LocPre_NPrePre5_BPre5_NStem_LocSuf	LocPre_NStem_LocSuf
li_ka_bani	SC5_PossKA_Interrog	NStem_NStem_NStem	SC5_PossKA_Interrog	SC5_AdvPre_Interrog
,	Punc	PUNC	Punc	PUNC
kowu_phi	LocPre_RelConc3_EnumConc3_EnumStem	PUNC_PUNC	LocPre_RelConc3_EnumConc3_EnumStem	Fut_EnumStem
u_m_ba	NPrePre3_BPre3_NStem	NStem_NStem_NStem	NPrePre3_BPre3_NStem	SC1a_BPre3_AuxVStem
,	Punc	PUNC	Punc	PUNC
nge_yi_phi	AdvPre_RelConc9_EnumConc9_EnumStem	NStem_NStem_NStem	AdvPre_RelConc9_EnumConc9_EnumStem	AdvPre_OC9_EnumStem
i_n_dlel_a	NPrePre9_BPre9_NStem	NStem_NStem_NStem_NStem	NPrePre9_BPre9_NStem	SC4_BPre9_VRoot_VerbTerm
yo_m_butho	PossConc9_NPrePre3_BPre3_NStem	NStem_NStem_NStem	PossConc9_NPrePre3_BPre3_NStem	PossConc4_BPre3_NStem
,	Punc	PUNC	Punc	PUNC
nge_si_phi	AdvPre_RelConc9_EnumConc7_EnumStem	NStem_NStem_NStem	AdvPre_RelConc9_EnumConc7_EnumStem	AdvPre_BPre7_NStem
i_si_phumo	NPrePre7_BPre7_NStem	NStem_NStem_NStem	NPrePre7_BPre7_NStem	NPrePre4_BPre7_NStem
.	Punc	PUNC	Punc	PUNC
U_m_gaqo__si_se_ko	NPrePre3_BPre3_NStem_BPre7_NStem	VRoot_VRoot_VRoot_VRoot_VRoot_VRoot	NPrePre3_BPre3_NStem_BPre7_NStem	NPrePre3_BPre3_NStem_BPre7_PossConc7_RelSuf
u_m_is_a	SC3_VRoot_CausExt_VerbTerm	NStem_NStem_NStem_NStem	SC3_VRoot_CausExt_VerbTerm	SC3_VRoot_CausExt_VerbTerm
i_im_funo	NPrePre10_BPre10_NStem	NStem_NStem_NStem	NPrePre10_BPre10_NStem	NPrePre4_BPre4_NStem
ezim_bini	AdjPref10_AdjStem	NStem_NStem	AdjPref10_AdjStem	PossConc6_BPre9
ezi_s_i_si_se_ko	RelConc10_CopPre_NPrePre7_BPre7_NStem	VRoot_VRoot_VRoot_VRoot_VRoot_VRoot	RelConc10_CopPre_NPrePre7_BPre7_NStem	RelConc10_PreLocs_PreLocs_BPre7_PossConc7_RelSuf
zo_kw_enz_iw_a	PossConc10_NPrePre15_BPre15_VRoot_PassExt_VerbTerm	VRoot_VRoot_VRoot_VRoot_VRoot	PossConc10_NPrePre15_BPre15_VRoot_PassExt_VerbTerm	AdvPre_OC15_VRoot_PassExt_VerbTerm
k_o_wiso__m_thetho	PossConc15_NPrePre11_BPre11_NStem_BPre3_NStem	VRoot_VRoot_VRoot_VRoot_VRoot	PossConc15_NPrePre11_BPre11_NStem_BPre3_NStem	BPre15_LocPre_NStem_BPre3_NStem
lu_ka_masipala	PossConc11_PossKA_NStem	NStem_NStem_NStem	PossConc11_PossKA_NStem	BPre11_AdvPre_NStem
.	Punc	PUNC	Punc	PUNC
Oko_ku_qal_a	AdvPre_NPrePre15_BPre15_VRoot_VerbTerm	NStem_NStem_NStem_NStem	AdvPre_NPrePre15_BPre15_VRoot_VerbTerm	RelConc15_OC15_VRoot_VerbTerm
,	Punc	PUNC	Punc	PUNC
u_m_thetho	NPrePre3_BPre3_NStem	NStem_NStem_NStem	NPrePre3_BPre3_NStem	NPrePre3_BPre3_NStem
o_yil_w_a_yo	RelConc3_VRoot_PassExt_VerbTerm_RelSuf	NStem_NStem_NStem_VRoot_VRoot	RelConc3_VRoot_PassExt_VerbTerm_RelSuf	RelConc7_VRoot_PassExt_VerbTerm_RelSuf
ku_funek_a	SC5_VRoot_VerbTerm	NStem_NStem_NStem	SC5_VRoot_VerbTerm	BPre15_VRoot_VerbTerm
u_fuman_e	SC1_VRoot_VerbTerm	NStem_NStem_NStem	SC1_VRoot_VerbTerm	SC3_VRoot_VerbTerm
i_n_kxaso	NPrePre9_BPre9_NStem	NStem_NStem_VRoot	NPrePre9_BPre9_NStem	NPrePre9_BPre9_NStem
ye_si_ninzi	PossConc9_NPrePre7_BPre7_AdjStem	NStem_NStem_NStem	PossConc9_NPrePre7_BPre7_AdjStem	PossConc9_BPre7_NStem
sa_ma_lungu	PossConc7_NPrePre6_BPre6_NStem	NStem_NStem_NStem	PossConc7_NPrePre6_BPre6_NStem	PossConc7_BPre6_NStem
e_bhunga	PossConc6_NPrePre5_BPre5_NStem	NStem_NStem	PossConc6_NPrePre5_BPre5_NStem	LocPre_NStem
e_wo_nke	RelConc6_QuantConc6_QuantStem	NStem_NStem_NStem	RelConc6_QuantConc6_QuantStem	LocPre_QuantConc3_NStem
,	Punc	PUNC	Punc	PUNC
okwe_si_bini	AdvPre_NPrePre7_BPre7_AdjStem	NStem_NStem_NStem	AdvPre_NPrePre7_BPre7_AdjStem	LocPre_BPre7_NStem
,	Punc	PUNC	Punc	PUNC
u_lu_ntu	NPrePre11_BPre11_NStem	NStem_NStem_NStem	NPrePre11_BPre11_NStem	NPrePre1_BPre11_NStem
kw_i_mi_mandla	LocPre_NPrePre4_BPre4_NStem	VRoot_VRoot_VRoot_VRoot	LocPre_NPrePre4_BPre4_NStem	PossConc15_NPrePre4_BPre4_NStem
ku_funek_a	SC15_VRoot_VerbTerm	NStem_NStem_NStem	SC15_VRoot_VerbTerm	BPre15_VRoot_VerbTerm
lu_be	SC11_AuxVStem	PUNC_PUNC	SC11_AuxVStem	SC11_AuxVStem
lu_fumen_e	SC11_VRoot_VerbTerm	NStem_NStem_NStem	SC11_VRoot_VerbTerm	SC11_VRoot_VerbTerm
i_thuba	NPrePre5_BPre5_NStem	NStem_NStem	NPrePre5_BPre5_NStem	NPrePre4_NStem
lo_ku_phos_a	PossConc5_NPrePre15_BPre15_VRoot_VerbTerm	NStem_NStem_NStem_NStem	PossConc5_NPrePre15_BPre15_VRoot_VerbTerm	PossConc5_OC15_VRoot_VerbTerm
i_galelo	NPrePre5_BPre5_NStem	NStem_NStem	NPrePre5_BPre5_NStem	BPre9_NStem
ng_oku_nxulumen_e	AdvPre_RelConc15_VRoot_VerbTerm	VRoot_VRoot_VRoot_VRoot	AdvPre_RelConc15_VRoot_VerbTerm	AdvPre_RelConc15_VRoot_VerbTerm
no_m_thetho	AdvPre_NPrePre3_BPre3_NStem	NStem_NStem_NStem	AdvPre_NPrePre3_BPre3_NStem	NPrePre3_BPre3_NStem
lowo	Dem3_Pos2	PUNC	Dem3_Pos2	CDEM01
o_yil_w_a_yo	RelConc3_VRoot_PassExt_VerbTerm_RelSuf	VRoot_VRoot_VRoot_VRoot_VRoot	RelConc3_VRoot_PassExt_VerbTerm_RelSuf	RelConc7_VRoot_PassExt_VerbTerm_RelSuf
.	Punc	PUNC	Punc	PUNC
I_z_akhiwo	NPrePre8_BPre8_NStem	NStem_NStem_NStem	NPrePre8_BPre8_NStem	NPrePre4_BPre7_NStem
e_s_e_zi_khona	RelConc8_Pro_CopPre_Adv	NStem_NStem_NStem_NStem_NStem	RelConc8_Pro_CopPre_Adv	LocPre_PreLocs_LocPre_CopPre_Adv
kw_i_Wadi	LocPre_NPrePre9_NStem	NStem_NStem_NStem	LocPre_NPrePre9_NStem	PossConc15_NPre9_NStem
zi_cel_w_a	SC8_VRoot_PassExt_VerbTerm	NStem_NStem_NStem_NStem	SC8_VRoot_PassExt_VerbTerm	SC2pp_VRoot_PassExt_VerbTerm
u_kuba	Conj	PUNC_PUNC	Conj	NPrePre1a_NStem
zi_thum_el_e	SC8_VRoot_VerbTerm	NStem_NStem_NStem_NStem	SC8_VRoot_VerbTerm	CopPre_VRoot_ApplExt_VerbTerm
a_ma_gama	NPrePre6_BPre6_NStem	NStem_NStem_NStem	NPrePre6_BPre6_NStem	NPrePre6_BPre6_NStem
ez_iw_a_tyumbil_e_yo	RelConc10_OC6_VRoot_Perf_VerbTerm_RelSuf	VRoot_VRoot_VRoot_VRoot_VRoot_VRoot	RelConc10_OC6_VRoot_Perf_VerbTerm_RelSuf	VRoot_PassExt_VerbTerm_VRoot_VerbTerm_RelSuf
e_n_tlanganisw_eni	LocPre_NPrePre9_BPre9_NStem_LocSuf	VRoot_VRoot_VRoot_VRoot	LocPre_NPrePre9_BPre9_NStem_LocSuf	LocPre_BPre9_NStem_LocSuf
a_pho	Dem16_Pos2	PUNC_PUNC	Dem16_Pos2	PossConc6_PronStem6
a_ma_gama	NPrePre6_BPre6_NStem	PUNC_PUNC_PUNC	NPrePre6_BPre6_NStem	PossConc6_BPre6_NStem
ku_funek_a	SC15_VRoot_VerbTerm	NStem_NStem_NStem	SC15_VRoot_VerbTerm	BPre15_VRoot_VerbTerm
e_qinisek_is_w_e	SC6_VRoot_CausExt_PassExt_VerbTerm	VRoot_VRoot_VRoot_VRoot_VRoot	SC6_VRoot_CausExt_PassExt_VerbTerm	SC6_VRoot_CausExt_PassExt_VerbTerm
khona	Adv	PUNC	Adv	Adv
ng_a_ba_hlali	CopPre_NPrePre2_BPre2_NStem	VRoot_VRoot_VRoot_VRoot	CopPre_NPrePre2_BPre2_NStem	AdvPre_LocPre_BPre2_NStem
be_Wadi	PossConc2_NPrePre9_NStem	NStem_NStem	PossConc2_NPrePre9_NStem	PossConc2_NStem
u_kuze	Conj	NStem_NStem	Conj	NPrePre1a_Conj
a_be	CopPre_Cop	PUNC_PUNC	CopPre_Cop	SC1_AuxVStem
y_i_n_xalenye	CopPre_NPrePre9_BPre9_NStem	VRoot_VRoot_VRoot_VRoot	CopPre_NPrePre9_BPre9_NStem	CopPre_NPrePre9_BPre9_NStem
ye_Komiti	PossConc9_NPrePre9_NStem	NStem_NStem	PossConc9_NPrePre9_NStem	PossConc9_NStem
ye_Wadi	PossConc9_NPrePre9_NStem	NStem_NStem	PossConc9_NPrePre9_NStem	PossConc9_NStem
.	Punc	PUNC	Punc	PUNC
Oo_manejala	NPre2a_NStem	NStem_NStem	NPre2a_NStem	Comp_NStem
be_bhunga	PossConc2_NPrePre5_NStem	NStem_NStem	PossConc2_NPrePre5_NStem	PossConc2_NStem
ba_fuman_a	SC2_VRoot_VerbTerm	NStem_NStem_NStem	SC2_VRoot_VerbTerm	SC2_VRoot_VerbTerm
i_in_gxelo	NPrePre10_BPre10_NStem	NStem_NStem_NStem	NPrePre10_BPre10_NStem	NPrePre9_BPre9_NStem
ezi_suk_a	RelConc10_VRoot_VerbTerm	NStem_NStem_NStem	RelConc10_VRoot_VerbTerm	SC7_VRoot_VerbTerm
kw_i_Yunithi	LocPre_NPrePre9_NStem	NStem_NStem_NStem	LocPre_NPrePre9_NStem	BPre15_NPre9_NStem
yo_ku_Thath_a	PossConc9_NPrePre15_BPre15_VRoot_VerbTerm	NStem_NStem_NStem_NStem	PossConc9_NPrePre15_BPre15_VRoot_VerbTerm	SC9_OC15_VRoot_VerbTerm
i_N_xaxheba	NPrePre9_BPre9_NStem	NStem_NStem_NStem	NPrePre9_BPre9_NStem	NPrePre9_BPre9_NStem
ko_Lu_ntu	PossConc15_NPrePre11_BPre11_NStem	NStem_NStem_NStem	PossConc15_NPrePre11_BPre11_NStem	PossConc15_BPre11_NStem
ze_nyathelo	PossConc10_NPrePre5_NStem	NStem_NStem	PossConc10_NPrePre5_NStem	PossConc9_NStem
lo_lawulo	PossConc5_NPrePre11_BPre11_NStem	PUNC_PUNC	PossConc5_NPrePre11_BPre11_NStem	RelConc3_NStem
okanye	Conj	PUNC	Conj	Adv
ezi_za	RelConc10_AuxVStem	PUNC_PUNC	RelConc10_AuxVStem	RelConc8_NStem
ku_qwalasel_w_a	SC15_VRoot_PassExt_VerbTerm	VRoot_VRoot_VRoot_VRoot	SC15_VRoot_PassExt_VerbTerm	BPre15_VRoot_PassExt_VerbTerm
nga_ba_lawuli	CopPre_NPrePre2_BPre2_NStem	NStem_NStem_NStem	CopPre_NPrePre2_BPre2_NStem	AdvPre_BPre2_NStem
nga_phambi	AdvPre_Adv	PUNC_PUNC	AdvPre_Adv	AdvPre_Adv
ko_gqithiso	PossConc15_NPrePre11_NStem	NStem_NStem	PossConc15_NPrePre11_NStem	RelSuf_NStem
kw_i_komiti	LocPre_NPrePre9_NStem	NStem_NStem_NStem	LocPre_NPrePre9_NStem	PossConc15_NPre9_NStem
ye_si_gqeba	PossConc9_NPrePre7_BPre7_NStem	NStem_NStem_NStem	PossConc9_NPrePre7_BPre7_NStem	PossConc4_BPre7_NStem
esi_lawul_a_yo	RelConc7_VRoot_VerbTerm_RelSuf	NStem_VRoot_NStem_VRoot	RelConc7_VRoot_VerbTerm_RelSuf	RelConc7_VRoot_VerbTerm_RelSuf
okanye	Conj	PUNC	Conj	Conj
kw_i_komiti	LocPre_NPrePre9_NStem	NStem_NStem_NStem	LocPre_NPrePre9_NStem	PossConc15_NPre9_NStem
kasi_bond_a	PossKA_BPre7_NStem	NStem_NStem_NStem	PossKA_BPre7_NStem	AdvPre_VRoot_VerbTerm
ye_si_gqeba	PossConc9_NPrePre7_BPre7_NStem	NStem_NStem_NStem	PossConc9_NPrePre7_BPre7_NStem	PossConc9_BPre7_NStem
esi_lawul_a_yo	RelConc7_VRoot_VerbTerm_RelSuf	NStem_VRoot_NStem_NStem	RelConc7_VRoot_VerbTerm_RelSuf	RelConc7_VRoot_VerbTerm_RelSuf
u_kuze	Conj	NStem_NStem	Conj	NPrePre1a_Conj
kw_enz_iw_e	SC15_VRoot_PassExt_VerbTerm	VRoot_VRoot_VRoot_VRoot	SC15_VRoot_PassExt_VerbTerm	SC15_VRoot_PassExt_VerbTerm
i_si_gqibo	NPrePre7_BPre7_NStem	NStem_NStem_NStem	NPrePre7_BPre7_NStem	NPrePre4_BPre7_NStem
se_zo_politiko	PossConc7_RelConc8_PossConc8_NPrePre11_BPre11_NStem	NStem_NStem_NStem	PossConc7_RelConc8_PossConc8_NPrePre11_BPre11_NStem	PossConc7_NPre10_NStem
.	Punc	PUNC	Punc	PUNC
U_masipala	NPrePre1a_NStem	NStem_NStem	NPrePre1a_NStem	NPrePre1a_NStem
u_ceba	NPrePre1a_NStem	NStem_NStem	NPrePre1a_NStem	NPrePre1a_NStem
u_kw_akh_a	NPrePre15_BPre15_VRoot_VerbTerm	NStem_VRoot_NStem_NStem	NPrePre15_BPre15_VRoot_VerbTerm	SC2ps_OC15_VRoot_VerbTerm
i_si_bhedlel_e	NPrePre7_BPre7_NStem	NStem_NStem_VRoot_VRoot	NPrePre7_BPre7_NStem	SC9_OC7_VRoot_VerbTerm
kw_i_wadi	LocPre_NPrePre9_NStem	NStem_NStem_NStem	LocPre_NPrePre9_NStem	PossConc15_BPre5_NStem
ABC	Abbr	PUNC	Abbr	Abbr
.	Punc	PUNC	Punc	PUNC
Lo	Dem3_Pos1	PUNC	Dem3_Pos1	PronStem5
m_sebenzi	BPre3_NStem	NStem_NStem	BPre3_NStem	BPre3_NStem
u_nik_w_e	SC3_VRoot_PassExt_VerbTerm	NStem_NStem_NStem_NStem	SC3_VRoot_PassExt_VerbTerm	SC3_VRoot_PassExt_VerbTerm
u_m_cebisi	NPrePre1_BPre1_NStem	NStem_NStem_NStem	NPrePre1_BPre1_NStem	NPrePre1_BPre1_NStem
wa_nga_phandle	PossConc1_AdvPre_Adv	PUNC_NStem_PUNC	PossConc1_AdvPre_Adv	PossConc1_AdvPre_Adv
u_kuba	Conj	PUNC_PUNC	Conj	NPrePre1a_NStem
a_fuman_e	SC1_VRoot_VerbTerm	NStem_NStem_NStem	SC1_VRoot_VerbTerm	SC6_VRoot_VerbTerm
u_lw_az_i	NPrePre11_BPre11_NStem	NStem_NStem_NStem_VRoot	NPrePre11_BPre11_NStem	SC3_BPre11_VRoot_VerbTerm
nge_nani	AdvPre_NPrePre5_BPre5_NStem	NStem_NStem	AdvPre_NPrePre5_BPre5_NStem	AdvPre_NStem
la_ba_ntu	PossConc5_NPrePre2_BPre2_NStem	NStem_NStem_NStem	PossConc5_NPrePre2_BPre2_NStem	PossConc5_BPre2_NStem
ba_le	PossConc2_Dem9_Pos1	PUNC_PUNC	PossConc2_Dem9_Pos1	BPre2_AuxVStem
wadi	NStem	PUNC	NStem	NStem
,	Punc	PUNC	Punc	PUNC
u_m_gangatho	NPrePre3_BPre3_NStem	NStem_NStem_NStem	NPrePre3_BPre3_NStem	NPrePre3_BPre3_NStem
wa_ba_sebenz_a_yo	PossConc3_SC2_VRoot_VerbTerm_RelSuf	VRoot_VRoot_VRoot_VRoot_VRoot	PossConc3_SC2_VRoot_VerbTerm_RelSuf	SC3_OC2_VRoot_VerbTerm_RelSuf
na_ba_nga_sebenz_i_yo	AdvPre_SC2_NegPre_VRoot_VerbTerm_RelSuf	VRoot_VRoot_VRoot_VRoot_VRoot_VRoot	AdvPre_SC2_NegPre_VRoot_VerbTerm_RelSuf	AdvPre_OC2_NegPre_VRoot_VerbTerm_RelSuf
,	Punc	PUNC	Punc	PUNC
i_nani	NPrePre5_BPre5_NStem	NStem_NStem	NPrePre5_BPre5_NStem	NPre9_NStem
la_ba_lu_phel_e_yo	PossConc5_RelConc2_VRoot_VerbTerm_RelSuf	VRoot_VRoot_VRoot_VRoot_VRoot_VRoot	PossConc5_RelConc2_VRoot_VerbTerm_RelSuf	RelConc6_SC2_OC11_VRoot_VerbTerm_RelSuf
,	Punc	PUNC	Punc	PUNC
i_nani	NPrePre5_BPre5_NStem	NStem_NStem	NPrePre5_BPre5_NStem	NPre9_NStem
l_olu_tsha	PossConc5_NPrePre11_BPre11_AdjStem	NStem_NStem_NStem	PossConc5_NPrePre11_BPre11_AdjStem	PossConc5_RelConc11_NStem
,	Punc	PUNC	Punc	PUNC
i_nani	NPrePre5_BPre5_NStem	NStem_NStem	NPrePre5_BPre5_NStem	NPre9_NStem
la_ba_phil_a	PossConc5_RelConc2_VRoot_VerbTerm	NStem_NStem_NStem_NStem	PossConc5_RelConc2_VRoot_VerbTerm	RelConc6_SC2_VRoot_VerbTerm
ne_HIV	AdvPre_NPrePre9_Abbr	PUNC_PUNC	AdvPre_NPrePre9_Abbr	AdvPre_Abbr
no_gawul_a_yo	AdvPre_NPrePre1a_NStem	VRoot_VRoot_VRoot_VRoot	AdvPre_NPrePre1a_NStem	CopPre_VRoot_VerbTerm_RelSuf
.	Punc	PUNC	Punc	PUNC
A_ba_katheth_an_i	NegPre_SC2_ExclNeg_VRoot_RecipExt_VerbTerm	VRoot_VRoot_VRoot_VRoot_VRoot	NegPre_SC2_ExclNeg_VRoot_RecipExt_VerbTerm	NegPre_OC2_VRoot_RecipExt_VerbTerm
na_ba_hlali	AdvPre_NPrePre2_BPre2_NStem	VRoot_NStem_NStem	AdvPre_NPrePre2_BPre2_NStem	AdvPre_BPre2_NStem
u_ku_fuman_is_a	NPrePre15_BPre15_VRoot_VerbTerm	VRoot_VRoot_VRoot_VRoot_VRoot	NPrePre15_BPre15_VRoot_VerbTerm	SC2ps_OC15_VRoot_CausExt_VerbTerm
u_kuba	Conj	PUNC_PUNC	Conj	NPrePre1a_NStem
i_nga_ba	SC9_Interrog	PUNC_NStem_PUNC	SC9_Interrog	SC9_Pot_AuxVStem
i_wadi	NPrePre9_NStem	NStem_NStem	NPrePre9_NStem	BPre9_NStem
ABC	Abbr	Conj	Abbr	Abbr
y_i_n_dawo	CopPre_NPrePre9_BPre9_NStem	NStem_NStem_NStem_NStem	CopPre_NPrePre9_BPre9_NStem	CopPre_NPrePre9_BPre9_NStem
e_ngcono	RelConc9_RelStem	PUNC_PUNC	RelConc9_RelStem	LocPre_NStem
yo_kw_akh_a	PossConc9_NPrePre15_BPre15_VRoot_VerbTerm	VRoot_VRoot_NStem_VRoot	PossConc9_NPrePre15_BPre15_VRoot_VerbTerm	PossConc9_OC15_VRoot_VerbTerm
i_si_bhedlel_e	NPrePre7_BPre7_NStem	NStem_NStem_NStem_NStem	NPrePre7_BPre7_NStem	SC9_OC7_VRoot_VerbTerm
.	Punc	PUNC	Punc	PUNC
U_ninzi	NPrePre11_NStem	NStem_NStem	NPrePre11_NStem	NPrePre1a_NStem
lwa_ba_ntu	PossConc11_NPrePre2_BPre2_NStem	NStem_NStem_NStem	PossConc11_NPrePre2_BPre2_NStem	PossConc11_BPre2_NStem
e_ku_banj_w_e	RelConc9_SC15_VRoot_PassExt_VerbTerm	VRoot_VRoot_VRoot_VRoot_VRoot	RelConc9_SC15_VRoot_PassExt_VerbTerm	LocPre_BPre15_VRoot_PassExt_VerbTerm
na_bo	AdvPre_PronStem2	PUNC_PUNC	AdvPre_PronStem2	AdvPre_PronStem2
u_dliwano__ndlebe	NPrePre11_NStem_BPre9_NStem	VRoot_VRoot_VRoot	NPrePre11_NStem_BPre9_NStem	NPrePre1a_NStem_NStem
ba_thi	SC2_VRoot_VerbTerm	PUNC_PUNC	SC2_VRoot_VerbTerm	BPre2_NStem
i_si_bhedlel_e	NPrePre7_BPre7_NStem	PUNC_PUNC_PUNC_PUNC	NPrePre7_BPre7_NStem	SC4_OC7_VRoot_VerbTerm
si_ding_ek_a	SC7_VRoot_NeutExt_VerbTerm	NStem_NStem_NStem_NStem	SC7_VRoot_NeutExt_VerbTerm	SC7_VRoot_NPas_VerbTerm
kw_i_wadi	LocPre_NPrePre9_NStem	NStem_NStem_NStem	LocPre_NPrePre9_NStem	PossConc15_BPre5_NStem
XYZ	Abbr	NStem	Abbr	Abbr
.	Punc	PUNC	Punc	PUNC
U_masipala	NPrePre1a_NStem	NStem_NStem	NPrePre1a_NStem	NPrePre1a_NStem
a_kazi_thathi	NegPre_SC1_OC10_VRoot_VerbTerm	NStem_NStem_NStem	NegPre_SC1_OC10_VRoot_VerbTerm	RelConc6_BPre4_NStem
i_zim_vo	NPrePre10_BPre10_NStem	NStem_NStem_NStem	NPrePre10_BPre10_NStem	NPrePre4_BPre4_NStem
za_ba_hlali	PossConc2_NPrePre2_BPre2_NStem	NStem_NStem_NStem	PossConc2_NPrePre2_BPre2_NStem	PossConc15_BPre2_NStem
.	Punc	PUNC	Punc	PUNC
Qwalasel_a	VRoot_VerbTerm	NStem_NStem	VRoot_VerbTerm	VRoot_VerbTerm
u_m_buzo	NPrePre3_BPre3_NStem	NStem_NStem_NStem	NPrePre3_BPre3_NStem	NPrePre3_BPre3_NStem
o_ng_e_zantsi	RelConc3_AdvPre_LocPre_Adv	VRoot_VRoot_VRoot_VRoot	RelConc3_AdvPre_LocPre_Adv	RelConc3_AdvPre_LocPre_NStem
.	Punc	PUNC	Punc	PUNC
Chong_a	VRoot_VerbTerm	NStem_NStem	VRoot_VerbTerm	VRoot_VerbTerm
i_zi_mbo	NPrePre8_BPre8_NStem	NStem_NStem_NStem	NPrePre8_BPre8_NStem	NPrePre4_BPre7_NStem
ezi_no_ku_ba_kho	RelConc8_CopPre_Conj_Adv	NStem_NStem_NStem_NStem_NStem	RelConc8_CopPre_Conj_Adv	RelConc8_NegPre_BPre15_BPre2_PronStem17
ezi_no_kuba	RelConc8_AdvPre_Conj	NStem_NStem_NStem	RelConc8_AdvPre_Conj	RelConc10_AdvPre_NStem
lu_ncedo	CopPre_NPrePre11_BPre11_NStem	NStem_NStem	CopPre_NPrePre11_BPre11_NStem	BPre11_NStem
e_ku_fuman_e_ni	LocPre_NPrePre15_BPre15_VRoot_VerbTerm_LocSuf	VRoot_VRoot_VRoot_NStem_VRoot	LocPre_NPrePre15_BPre15_VRoot_VerbTerm_LocSuf	LocPre_BPre15_VRoot_VerbTerm_LocSuf
aba_sebenzi	NPrePre2_BPre2_NStem	NStem_NStem	NPrePre2_BPre2_NStem	BPre2_NStem
,	Punc	PUNC	Punc	PUNC
i_zi_mbo	NPrePre8_BPre8_NStem	NStem_NStem_NStem	NPrePre8_BPre8_NStem	NPrePre4_BPre7_NStem
ze_zi_fo	PossConc8_NPrePre8_BPre8_NStem	NStem_NStem_NStem	PossConc8_NPrePre8_BPre8_NStem	PossConc9_BPre7_NStem
,	Punc	PUNC	Punc	PUNC
a_ma_nqanaba	NPrePre6_BPre6_NStem	NStem_NStem_NStem	NPrePre6_BPre6_NStem	NPrePre6_BPre6_NStem
es_ondlo	PossConc6_NPrePre7_BPre7_NStem	NStem_NStem	PossConc6_NPrePre7_BPre7_NStem	BPre7_NStem
njl	Abbr	PUNC	Abbr	Abbr
.	Punc	PUNC	Punc	PUNC
.	Punc	PUNC	Punc	PUNC
.	Punc	PUNC	Punc	PUNC
bhala	VRoot_VerbTerm	NStem	VRoot_VerbTerm	NStem
i_in_yanga	NPrePre10_BPre10_NStem	NStem_NStem_NStem	NPrePre10_BPre10_NStem	NPrePre9_BPre9_NStem
zo_nyaka	PossConc10_NPrePre3_BPre3_NStem	NStem_NStem	PossConc10_NPrePre3_BPre3_NStem	BPre2a_NStem
kw_i_fliptshathi	LocPre_NPrePre9_NStem	VRoot_VRoot_VRoot	LocPre_NPrePre9_NStem	LocPre_NPre9_NStem
u_ze	SC2ps_AuxVStem	PUNC_PUNC	SC2ps_AuxVStem	NPrePre1a_AuxVStem
u_buz_e	SC2ps_VRoot_VerbTerm	NStem_NStem_NStem	SC2ps_VRoot_VerbTerm	SC2ps_VRoot_VerbTerm
a_ma_lungu	NPrePre6_BPre6_NStem	NStem_NStem_NStem	NPrePre6_BPre6_NStem	NPrePre6_BPre6_NStem
e_qela	PossConc6_NPrePre5_BPre5_NStem	NStem_NStem	PossConc6_NPrePre5_BPre5_NStem	LocPre_NStem
u_kuba	Conj	PUNC_PUNC	Conj	NPrePre1a_NStem
eso	Dem7_Pos2	PUNC	Dem7_Pos2	CDEM07
si_ganeko	BPre7_NStem	NStem_NStem	BPre7_NStem	BPre7_NStem
s_enz_ek_a	SC7_VRoot_NeutExt_VerbTerm	NStem_NStem_NStem_VRoot	SC7_VRoot_NeutExt_VerbTerm	SC7_VRoot_NPas_VerbTerm
nini	Adv	PUNC	Adv	Interrog
kwaye	Conj	PUNC	Conj	Adv
sasi_no_bu_zaza	CopPre_Past_CopPre_CopPre_NPrePre14_BPre14_NStem	VRoot_VRoot_VRoot_VRoot	CopPre_Past_CopPre_CopPre_NPrePre14_BPre14_NStem	PossConc7_AdvPre_BPre14_NStem
obu_ngakanani	RelConc14_Adv	NStem_NStem	RelConc14_Adv	BPre14_Interrog
.	Punc	PUNC	Punc	PUNC
Oku	Dem15_Pos1	PUNC	Dem15_Pos1	CDEM15
u_no_ku_kw_enz_a	SC2ps_AdvPre_NPrePre15_BPre15_OC15_VRoot_VerbTerm	VRoot_VRoot_VRoot_VRoot_VRoot_VRoot	SC2ps_AdvPre_NPrePre15_BPre15_OC15_VRoot_VerbTerm	SC2ps_AdvPre_LocPre_BPre15_VRoot_VerbTerm
nga_zo	AdvPre_PronStem10	PUNC_PUNC	AdvPre_PronStem10	AdvPre_PronStem9
zo_nke	QuantConc10_QuantStem	NStem_NStem	QuantConc10_QuantStem	QuantConc2a_AdjStem
i_zi_mbo	NPrePre8_BPre8_NStem	NStem_NStem_NStem	NPrePre8_BPre8_NStem	NPrePre4_CopPre_NStem
ezi_chong_iw_e_yo	RelConc10_VRoot_PassExt_VerbTerm_RelSuf	VRoot_VRoot_VRoot_VRoot_VRoot	RelConc10_VRoot_PassExt_VerbTerm_RelSuf	RelConc10_VRoot_PassExt_VerbTerm_PronStem9
.	Punc	PUNC	Punc	PUNC
Xox_a	VRoot_VerbTerm	PUNC_PUNC	VRoot_VerbTerm	VRoot_VerbTerm
ne_qela	AdvPre_NPrePre5_BPre5_NStem	NStem_NStem	AdvPre_NPrePre5_BPre5_NStem	AdvPre_NStem
ngezi_phumo	AdvPre_NPrePre8_BPre8_NStem	NStem_NStem	AdvPre_NPrePre8_BPre8_NStem	AdvPre_NStem
ezi_no_kuba	RelConc8_AdvPre_Conj	NStem_NStem_NStem	RelConc8_AdvPre_Conj	RelConc10_AdvPre_NStem
khona	Adv	PUNC	Adv	Adv
ng_esi_mbo	AdvPre_NPrePre7_BPre7_NStem	NStem_NStem_NStem	AdvPre_NPrePre7_BPre7_NStem	AdvPre_RelConc7_NStem
nga_si_nye	AdvPre_EnumConc7_EnumStem	NStem_NStem_NStem	AdvPre_EnumConc7_EnumStem	AdvPre_OC7_EnumStem
esi_chong_iw_e_yo	RelConc7_VRoot_PassExt_VerbTerm_RelSuf	VRoot_VRoot_VRoot_VRoot_VRoot	RelConc7_VRoot_PassExt_VerbTerm_RelSuf	RelConc7_VRoot_PassExt_VerbTerm_PronStem9
.	Punc	PUNC	Punc	PUNC
I_bhunga	NPrePre5_NStem	PUNC_PUNC	NPrePre5_NStem	NPrePre4_NStem
li_nga_biz_a	SC5_Pot_VRoot_VerbTerm	NStem_NStem_NStem_NStem	SC5_Pot_VRoot_VerbTerm	SC5_Pot_VRoot_VerbTerm
i_Qong_a	NPrePre5_BPre5_NStem	NStem_NStem_NStem	NPrePre5_BPre5_NStem	SC9_VRoot_VerbTerm
le_e_N_gxoxo	PossConc5_NPrePre5_BPre10_NStem	VRoot_VRoot_VRoot_VRoot	PossConc5_NPrePre5_BPre10_NStem	PossConc5_PossConc6_BPre9_NStem
za_Ba_meli	PossConc10_NPrePre2_BPre2_NStem	NStem_NStem_NStem	PossConc10_NPrePre2_BPre2_NStem	PossConc9_BPre2_NStem
be__I_DP	PossConc2_NPrePre9_Abbr	NStem_NStem_NStem	PossConc2_NPrePre9_Abbr	PossConc2_NPre9_Abbr
u_kuba	Conj	PUNC_PUNC	Conj	NPrePre1a_NStem
li_fuman_e	SC5_VRoot_VerbTerm	NStem_NStem_NStem	SC5_VRoot_VerbTerm	SC5_VRoot_VerbTerm
u_ku_thath_a	NPrePre15_BPre15_VRoot_VerbTerm	NStem_NStem_NStem_NStem	NPrePre15_BPre15_VRoot_VerbTerm	SC2ps_OC15_VRoot_VerbTerm
i_n_xaxheba	NPrePre9_BPre9_NStem	NStem_NStem_NStem	NPrePre9_BPre9_NStem	NPrePre9_BPre9_NStem
oku_ninzi	PossConc6_AdjPref15_AdjStem	NStem_NStem	PossConc6_AdjPref15_AdjStem	RelConc15_NStem
ne_galelo	AdvPre_NPrePre5_BPre5_NStem	NStem_PUNC	AdvPre_NPrePre5_BPre5_NStem	AdvPre_NStem
eli_suk_a	RelConc5_VRoot_VerbTerm	NStem_NStem_NStem	RelConc5_VRoot_VerbTerm	RelConc5_VRoot_VerbTerm
ku_ba_hlali	LocPre_BPre2_NStem	NStem_NStem_NStem	LocPre_BPre2_NStem	LocPre_BPre2_NStem
.	Punc	PUNC	Punc	PUNC
Eli	Dem5_Pos1	PUNC	Dem5_Pos1	ProperName
qong_a	NStem	NStem_NStem	NStem	VRoot_VerbTerm
le_e_n_gxoxo	PossConc5_NPrePre10_BPre10_NStem	VRoot_VRoot_VRoot_VRoot	PossConc5_NPrePre10_BPre10_NStem	PossConc5_PossConc6_BPre9_NStem
li_nga_quk_a_oo_ceba	BPre5_Pot_VRoot_VerbTerm_NPrePre2a_NStem	VRoot_VRoot_VRoot_VRoot_VRoot_VRoot	BPre5_Pot_VRoot_VerbTerm_NPrePre2a_NStem	BPre5_Pot_VRoot_VerbTerm_RelSuf_NStem
,	Punc	PUNC	Punc	PUNC
a_ma_lungu	NPrePre6_BPre6_NStem	NStem_NStem_NStem	NPrePre6_BPre6_NStem	NPrePre6_BPre6_NStem
e_komiti	PossConc6_NPrePre9_NStem	NStem_NStem	PossConc6_NPrePre9_NStem	LocPre_NStem
ye_si_gqeba	PossConc9_NPrePre7_BPre7_NStem	NStem_NStem_NStem	PossConc9_NPrePre7_BPre7_NStem	PossConc4_BPre7_NStem
esi_lawul_a_yo	RelConc7_VRoot_VerbTerm_RelSuf	NStem_NStem_NStem_NStem	RelConc7_VRoot_VerbTerm_RelSuf	RelConc7_VRoot_VerbTerm_RelSuf
,	Punc	PUNC	Punc	PUNC
a_ma_gosa	NPrePre6_BPre6_NStem	NStem_NStem_NStem	NPrePre6_BPre6_NStem	NPrePre6_BPre6_NStem
a_phezulu	RelConc6_Adv	NStem_NStem	RelConc6_Adv	SC6_Adv
o_lawulo	PossConc6_NPrePre11_BPre11_NStem	NStem_NStem	PossConc6_NPrePre11_BPre11_NStem	RelConc3_NStem
,	Punc	PUNC	Punc	PUNC
a_ma_lungu	NPrePre6_BPre6_NStem	NStem_NStem_NStem	NPrePre6_BPre6_NStem	NPrePre6_BPre6_NStem
e_Komiti	PossConc6_NPrePre9_NStem	NStem_NStem	PossConc6_NPrePre9_NStem	LocPre_NStem
ye_Wadi	PossConc9_NPrePre9_NStem	NStem_NStem	PossConc9_NPrePre9_NStem	PossConc9_NStem
kunye	Conj	PUNC	Conj	Conj
na_ba_meli	AdvPre_BPre2_NStem	NStem_NStem_NStem	AdvPre_BPre2_NStem	AdvPre_BPre2_NStem
aba_suk_a	RelConc2_VRoot_VerbTerm	NStem_NStem_NStem	RelConc2_VRoot_VerbTerm	NegPre_VRoot_VerbTerm
ku_ma_qela	LocPre_BPre6_NStem	NStem_NStem_NStem	LocPre_BPre6_NStem	LocPre_BPre6_NStem
a_chaphazel_ek_a_yo	RelConc6_VRoot_NeutExt_VerbTerm_RelSuf	VRoot_VRoot_VRoot_VRoot_VRoot	RelConc6_VRoot_NeutExt_VerbTerm_RelSuf	SC6_VRoot_NeutExt_VerbTerm_RelSuf
,	Punc	PUNC	Punc	PUNC
i_in_kokeli	NPrePre10_BPre10_NStem	NStem_NStem_NStem	NPrePre10_BPre10_NStem	NPrePre9_BPre9_NStem
zo_m_thonyama	PossConc10_NPrePre3_BPre3_NStem	NStem_NStem_NStem	PossConc10_NPrePre3_BPre3_NStem	RelConc3_BPre3_NStem
na_ba_ntu	AdvPre_NPrePre2_BPre2_NStem	NStem_NStem_NStem	AdvPre_NPrePre2_BPre2_NStem	AdvPre_BPre2_NStem
b_oo_vimba	PossConc2_NPrePre2a_NStem	NStem_NStem_NStem	PossConc2_NPrePre2a_NStem	PossConc2a_LocPre_NStem
.	Punc	PUNC	Punc	PUNC
I_si_gqeba	NPrePre7_BPre7_NStem	NStem_NStem_NStem	NPrePre7_BPre7_NStem	NPrePre4_BPre7_NStem
si_bhexesha	SC7_VRoot_VerbTerm	NStem_NStem	SC7_VRoot_VerbTerm	BPre7_NStem
i_in_gxoxo	NPrePre10_BPre10_NStem	VRoot_VRoot_VRoot	NPrePre10_BPre10_NStem	NPrePre9_BPre9_NStem
no_kw_enz_iw_a	AdvPre_NPrePre15_BPre15_VRoot_PassExt_VerbTerm	VRoot_VRoot_VRoot_VRoot_VRoot	AdvPre_NPrePre15_BPre15_VRoot_PassExt_VerbTerm	AdvPre_OC15_VRoot_PassExt_VerbTerm
kwe_zi_gqibo	PossConc15_NPrePre8_BPre8_NStem	NStem_NStem_NStem	PossConc15_NPrePre8_BPre8_NStem	PossConc15_BPre7_NStem
ezi_dityan_el_w_e_yo	RelConc8_VRoot_ApplExt_PassExt_VerbTerm_RelSuf	VRoot_VRoot_VRoot_VRoot_VRoot_VRoot	RelConc8_VRoot_ApplExt_PassExt_VerbTerm_RelSuf	RelConc7_VRoot_ApplExt_PassExt_VerbTerm_RelSuf
kw_i__I_DP	LocPre_NPrePre9_Abbr	NStem_NStem_NStem_NStem	LocPre_NPrePre9_Abbr	PossConc15_NPrePre4_NPrePre4_Abbr
.	Punc	PUNC	Punc	PUNC
I_Qong_a	NPrePre5_BPre5_NStem	NStem_NStem_NStem	NPrePre5_BPre5_NStem	SC4_VRoot_VerbTerm
le_e_N_gxoxo	PossConc5_NPrePre10_BPre10_NStem	VRoot_VRoot_VRoot_VRoot	PossConc5_NPrePre10_BPre10_NStem	PossConc5_PossConc6_NPre9_NStem
la_Ba_meli	PossConc5_NPrePre2_BPre2_NStem	NStem_NStem_NStem	PossConc5_NPrePre2_BPre2_NStem	PossConc5_BPre2_NStem
be__I_DP	PossConc2_NPrePre9_Abbr	NStem_NStem_NStem	PossConc2_NPrePre9_Abbr	PossConc2_NPrePre9_Abbr
ku_funek_a	SC15_VRoot_VerbTerm	NStem_NStem_NStem	SC15_VRoot_VerbTerm	BPre15_VRoot_VerbTerm
li_be	CopPre_Cop	PUNC_PUNC	CopPre_Cop	SC5_AuxVStem
ng_u_m_butho	CopPre_NPrePre3_BPre3_NStem	PUNC_PUNC_PUNC_PUNC	CopPre_NPrePre3_BPre3_NStem	CopPre_NPrePre3_BPre3_NStem
o_s_i_si_gxina	RelConc3_CopPre_NPrePre7_BPre7_NStem	VRoot_VRoot_VRoot_VRoot_VRoot	RelConc3_CopPre_NPrePre7_BPre7_NStem	RelConc3_PreLocs_NPrePre4_BPre7_NStem
okwa_no_m_sebenzi	RelConc3_AdvPre_AdvPre_NPrePre3_BPre3_NStem	PUNC_PUNC_PUNC_PUNC	RelConc3_AdvPre_AdvPre_NPrePre3_BPre3_NStem	RelConc15_AdvPre_BPre3_NStem
wo_ku_bek_a	PossConc3_NPrePre15_BPre15_VRoot_VerbTerm	NStem_NStem_NStem_NStem	PossConc3_NPrePre15_BPre15_VRoot_VerbTerm	PossConc1_OC15_VRoot_VerbTerm
i_li_so	NPrePre5_BPre5_NStem	NStem_NStem_NStem	NPrePre5_BPre5_NStem	BPre9_BPre5_NStem
e_m_sebenzi	LocPre_NPrePre3_BPre3_NStem	NStem_NStem_NStem	LocPre_NPrePre3_BPre3_NStem	PossConc6_BPre9_NStem
nge_xesha	AdvPre_NPrePre5_BPre5_NStem	NStem_NStem	AdvPre_NPrePre5_BPre5_NStem	AdvPre_NStem
lo_zalisekiso	PossConc5_NPrePre11_BPre11_NStem	NStem_NStem	PossConc5_NPrePre11_BPre11_NStem	RelConc3_NStem
lwe__I_DP	PossConc11_NPrePre9_Abbr	NStem_NStem_NStem	PossConc11_NPrePre9_Abbr	PossConc11_NPre9_Abbr
.	Punc	PUNC	Punc	PUNC
I_qela	NPrePre5_BPre5_NStem	NStem_NStem	NPrePre5_BPre5_NStem	NPrePre4_NStem
,	Punc	PUNC	Punc	PUNC
eli_khokel_w_a	RelConc5_VRoot_PassExt_VerbTerm	NStem_NStem_NStem_NStem	RelConc5_VRoot_PassExt_VerbTerm	RelConc5_VRoot_PassExt_VerbTerm
'	Punc	PUNC	Punc	PUNC
ng_a_ba_bhexeshi	CopPre_NPrePre2_BPre2_NStem	VRoot_VRoot_VRoot_VRoot	CopPre_NPrePre2_BPre2_NStem	AdvPre_NPrePre2_BPre2_NStem
'	Punc	PUNC	Punc	PUNC
,	Punc	PUNC	Punc	PUNC
ma_li_nik_e	ImpPre_SC5_VRoot_VerbTerm	NStem_NStem_NStem_NStem	ImpPre_SC5_VRoot_VerbTerm	Adv_OC5_VRoot_VerbTerm
a_ma_gqabantshintshi	NPrePre6_BPre6_NStem	VRoot_VRoot_VRoot	NPrePre6_BPre6_NStem	NPrePre6_BPre6_NStem
nga_ma_qela	CopPre_NPrePre6_BPre6_NStem	NStem_NStem_NStem	CopPre_NPrePre6_BPre6_NStem	AdvPre_BPre6_NStem
e_ze_n_tlalo	RelConc8_PossConc8_NPrePre9_BPre9_NStem	NStem_NStem_NStem_NStem	RelConc8_PossConc8_NPrePre9_BPre9_NStem	PossConc6_PossConc9_BPre9_NStem
a_hluk_a__hluken_e_yo	RelConc6_VRoot_VerbTerm_VRoot_RecipExt_VerbTerm_RelSuf	VRoot_VRoot_VRoot_VRoot_VRoot_VRoot	RelConc6_VRoot_VerbTerm_VRoot_RecipExt_VerbTerm_RelSuf	SC6_VRoot_VerbTerm_VRoot_VerbTerm_RelSuf
ku_lu_ntu	LocPre_NPrePre11_BPre11_NStem	NStem_NStem_NStem	LocPre_NPrePre11_BPre11_NStem	LocPre_BPre11_NStem
lwa_bo	PossConc11_PronStem2	NStem_NStem	PossConc11_PronStem2	PossConc11_PronStem2
ba_ze	SC2_AuxVStem	PUNC_PUNC	SC2_AuxVStem	BPre2_NStem
ba_wa_bhal_e	SC2_OC6_VRoot_VerbTerm	VRoot_NStem_VRoot_VRoot	SC2_OC6_VRoot_VerbTerm	SC2_Fut_VRoot_VerbTerm
kw_i_fliptshathi	LocPre_NPrePre9_NStem	VRoot_VRoot_VRoot	LocPre_NPrePre9_NStem	PossConc15_NPrePre4_NStem
,	Punc	PUNC	Punc	PUNC
kwa_khona	AdvPre_Adv	NStem_NStem	AdvPre_Adv	SC15_Adv
ngo_ku_futshane	AdvPre_AdjPref15_AdjStem	NStem_NStem_VRoot	AdvPre_AdjPref15_AdjStem	AdvPre_BPre15_NStem
,	Punc	PUNC	Punc	PUNC
ze_zi_phi	CopPre_RelConc10_EnumConc10_EnumStem	NStem_NStem_PUNC	CopPre_RelConc10_EnumConc10_EnumStem	AdvPre_OC7_Interrog
i_in_guquko	NPrePre10_BPre10_NStem	NStem_NStem_NStem	NPrePre10_BPre10_NStem	NPrePre9_BPre9_NStem
ez_enz_ek_e	RelConc8_VRoot_NeutExt_VerbTerm	NStem_NStem_NStem_NStem	RelConc8_VRoot_NeutExt_VerbTerm	RelConc10_VRoot_NeutExt_VerbTerm
kw_i_s_akhiwo	LocPre_NPrePre7_BPre7_NStem	VRoot_VRoot_VRoot_VRoot	LocPre_NPrePre7_BPre7_NStem	PossConc15_NPrePre9_BPre7_NStem
so_lu_ntu	PossConc7_NPrePre11_BPre11_NStem	NStem_NStem_NStem	PossConc7_NPrePre11_BPre11_NStem	PronStem7_BPre11_NStem
lwa_bo	PossConc11_PronStem2	NStem_NStem	PossConc11_PronStem2	PossConc11_PronStem2
kw_i_mi_nyaka	LocPre_NPrePre4_BPre4_NStem	NStem_NStem_NStem_NStem	LocPre_NPrePre4_BPre4_NStem	PossConc15_NPrePre4_BPre4_NStem
e_mbalwa	RelConc4_RelStem	NStem_NStem	RelConc4_RelStem	LocPre_RelStem
e_dlul_il_e_yo	RelConc4_VRoot_Perf_VerbTerm_RelSuf	VRoot_VRoot_VRoot_VRoot_VRoot	RelConc4_VRoot_Perf_VerbTerm_RelSuf	LocPre_VRoot_ApplExt_VerbTerm_RelSuf
ba_ze	SC2_AuxVStem	PUNC_PUNC	SC2_AuxVStem	BPre2_NStem
ba_dwel_is_e	SC2_VRoot_CausExt_VerbTerm	NStem_NStem_NStem_NStem	SC2_VRoot_CausExt_VerbTerm	SC2_VRoot_CausExt_VerbTerm
a_wo_na	SC6_PronStem6_PronSuf	NStem_NStem_NStem	SC6_PronStem6_PronSuf	PossConc6_PronStem3_PronSuf
ma_qela	BPre6_NStem	NStem_NStem	BPre6_NStem	BPre6_NStem
a_z_i_zi_sulu	RelConc6_CopPre_NPrePre8_BPre8_NStem	VRoot_VRoot_VRoot_VRoot_VRoot	RelConc6_CopPre_NPrePre8_BPre8_NStem	RelConc6_VRoot_NPrePre4_BPre7_NStem
na_wo_na	AdvPre_PronStem6_PronSuf	NStem_NStem_NStem	AdvPre_PronStem6_PronSuf	AdvPre_PronStem3_PronSuf
ma_qela	BPre6_NStem	NStem_NStem	BPre6_NStem	BPre6_NStem
a_khusel_ek_il_e_yo	RelConc6_VRoot_NeutExt_Perf_VerbTerm_RelSuf	VRoot_VRoot_VRoot_VRoot_VRoot_VRoot	RelConc6_VRoot_NeutExt_Perf_VerbTerm_RelSuf	SC6_VRoot_NeutExt_ApplExt_VerbTerm_PronStem9
,	Punc	PUNC	Punc	PUNC
umz.	Abbr	NStem	Abbr	Abbr
a_khusel_ek_il_e_yo	RelConc6_VRoot_NeutExt_Perf_VerbTerm_RelSuf	VRoot_VRoot_VRoot_VRoot_VRoot_VRoot	RelConc6_VRoot_NeutExt_Perf_VerbTerm_RelSuf	SC6_VRoot_NeutExt_ApplExt_VerbTerm_PronStem9
a_se_no_kuba	RelConc6_Pro_CopPre_Conj	NStem_NStem_NStem_NStem	RelConc6_Pro_CopPre_Conj	RelConc6_Pro_AdvPre_NStem
z_i_in_gcali	CopPre_NPrePre10_BPre10_NStem	NStem_NStem_NStem_NStem	CopPre_NPrePre10_BPre10_NStem	VRoot_NPrePre9_BPre9_NStem
,	Punc	PUNC	Punc	PUNC
kanti	Conj	PUNC	Conj	Conj
a_z_i_zi_sulu	RelConc6_CopPre_NPrePre8_BPre8_NStem	VRoot_VRoot_VRoot_VRoot_NStem	RelConc6_CopPre_NPrePre8_BPre8_NStem	RelConc6_VRoot_NPrePre4_BPre7_NStem
a_se_no_kuba	CopPre_Pro_CopPre_Conj	NStem_NStem_NStem_NStem	CopPre_Pro_CopPre_Conj	RelConc6_Pro_AdvPre_NStem
ng_aba_zi_nge_li	CopPre_NPrePre6_BPre2_NStem	NStem_NStem_NStem_NStem_NStem	CopPre_NPrePre6_BPre2_NStem	AdvPre_RelConc2_OC7_NegPre_BPre5
be_mi_sebenzi	PossConc2_NPrePre4_BPre4_NStem	NStem_NStem_NStem	PossConc2_NPrePre4_BPre4_NStem	PossConc2_BPre4_NStem
emi_tsha	AdjPref4_AdjStem	NStem_NStem	AdjPref4_AdjStem	AdjPref4_AdjStem
.	Punc	PUNC	Punc	PUNC
U_Nkz	NPrePre1a_Abbr	NStem_NStem	NPrePre1a_Abbr	NPrePre1a_NStem
.	Punc	PUNC	Punc	PUNC
Ma_hla_ng_u	ProperName	NStem_NStem_NStem_NStem	ProperName	BPre6_NStem_CopPre_NPrePre1a
u_thenge	SC1_VRoot_VerbTerm	NStem_NStem	SC1_VRoot_VerbTerm	NPrePre1a_NStem
i_n_dlu	NPrePre9_BPre9_NStem	NStem_NStem_NStem	NPrePre9_BPre9_NStem	NPrePre9_BPre9_NStem
kwaye	Conj	PUNC	Conj	Adv
u_dinga	SC1_VRoot_VerbTerm	NStem_NStem	SC1_VRoot_VerbTerm	NPrePre1a_NStem
u_ku_fakel_w_a	NPrePre15_BPre15_VRoot_ApplExt_PassExt_VerbTerm	VRoot_VRoot_VRoot_VRoot_VRoot	NPrePre15_BPre15_VRoot_ApplExt_PassExt_VerbTerm	SC3_OC15_VRoot_PassExt_VerbTerm
u_m_bane	NPrePre3_BPre3_NStem	NStem_NStem_NStem	NPrePre3_BPre3_NStem	NPrePre1_BPre3_NStem
.	Punc	PUNC	Punc	PUNC
U_ya	SC1a_Fut	PUNC_PUNC	SC1a_Fut	NPrePre1a_NStem
kwa_masipala	LocPre_NPrePre1a_NStem	NStem_NStem	LocPre_NPrePre1a_NStem	PossConc15_NStem
u_zal_is_a	SC1a_VRoot_CausExt_VerbTerm	NStem_NStem_NStem_NStem	SC1a_VRoot_CausExt_VerbTerm	SC2ps_VRoot_CausExt_VerbTerm
i_fomu	NPrePre9_NStem	NStem_NStem	NPrePre9_NStem	NPrePre4_NStem
a_hlawul_e	SC1a_VRoot_VerbTerm	NStem_NStem_NStem	SC1a_VRoot_VerbTerm	SC6_VRoot_VerbTerm
n_e_di_phozi_th_i	AdvPre_NPrePre9_NStem	VRoot_VRoot_VRoot_VRoot_VRoot_VRoot	AdvPre_NPrePre9_NStem	AdvPre_NegPre_NegPre_VRoot_VRoot_VerbTerm
.	Punc	PUNC	Punc	PUNC
Xa	Conj	PUNC	Conj	ProperName
e_fik_a	SC1a_VRoot_VerbTerm	NStem_NStem_NStem	SC1a_VRoot_VerbTerm	SC6_VRoot_VerbTerm
u_bon_a	SC1a_VRoot_VerbTerm	NStem_NStem_NStem	SC1a_VRoot_VerbTerm	SC3_VRoot_VerbTerm
u_m_gca	NPrePre3_BPre3_NStem	NStem_NStem_NStem	NPrePre3_BPre3_NStem	NPrePre3_BPre3_NStem
om_de	AdjPref3_AdjStem	PUNC_PUNC	AdjPref3_AdjStem	AdjPref3_NStem
na_ye	AdvPre_PronStem1	PUNC_PUNC	AdvPre_PronStem1	AdvPre_PronStem1
u_ya_hlal_a	NPrePre1a_Pres_VRoot_VerbTerm	VRoot_VRoot_NStem_VRoot	NPrePre1a_Pres_VRoot_VerbTerm	SC1_Pres_VRoot_VerbTerm
e_landela	SC1a_VRoot_VerbTerm	NStem_NStem	SC1a_VRoot_VerbTerm	LocPre_NStem
u_m_ntu	NPrePre1_BPre1_NStem	NStem_NStem_NStem	NPrePre1_BPre1_NStem	NPrePre1_BPre1_NStem
wo_ku_gqibel_a	PossConc1_NPrePre15_BPre15_VRoot_VerbTerm	VRoot_VRoot_VRoot_VRoot	PossConc1_NPrePre15_BPre15_VRoot_VerbTerm	PossConc3_OC15_VRoot_VerbTerm
e_m_gce_ni	LocPre_NPrePre3_BPre3_NStem_LocSuf	NStem_NStem_NStem_NStem	LocPre_NPrePre3_BPre3_NStem_LocSuf	LocPre_BPre3_NStem_LocSuf
.	Punc	PUNC	Punc	PUNC
A_ba_sebenzi	NPrePre2_BPre2_NStem	NStem_NStem_NStem	NPrePre2_BPre2_NStem	PossConc6_BPre2_NStem
ba_kwa_masipala	RelConc2_PossConc15_NStem	VRoot_NStem_NStem	RelConc2_PossConc15_NStem	PossConc2_PossConc15_NStem
ba_fund_a	SC2_VRoot_VerbTerm	NStem_NStem_NStem	SC2_VRoot_VerbTerm	SC2_VRoot_VerbTerm
a_ma_phephandaba	NPrePre6_BPre6_NStem	NStem_NStem_VRoot	NPrePre6_BPre6_NStem	NPrePre6_BPre6_NStem
ba_phunga	SC2_VRoot_VerbTerm	NStem_NStem	SC2_VRoot_VerbTerm	BPre2_NStem
neti	AdvPre_NPrePre9_NStem	PUNC	AdvPre_NPrePre9_NStem	NStem
.	Punc	PUNC	Punc	PUNC
A_ba_ntu	NPrePre2_BPre2_NStem	NStem_NStem_NStem	NPrePre2_BPre2_NStem	RelConc6_BPre2_NStem
aba_lind_il_e_yo	RelConc2_VRoot_Perf_VerbTerm_RelSuf	NStem_NStem_NStem_NStem_NStem	RelConc2_VRoot_Perf_VerbTerm_RelSuf	RelConc2_VRoot_ApplExt_VerbTerm_RelSuf
ba_ya_khalaz_a	SC2_Pres_VRoot_VerbTerm	NStem_NStem_NStem_NStem	SC2_Pres_VRoot_VerbTerm	SC2_Pres_VRoot_VerbTerm
kodwa	Conj	PUNC	Conj	Conj
ba_xelel_w_a	SC2_VRoot_PassExt_VerbTerm	NStem_VRoot_NStem_VRoot	SC2_VRoot_PassExt_VerbTerm	SC2_VRoot_PassExt_VerbTerm
u_kuba	Conj	PUNC_PUNC	Conj	NPrePre1a_NStem
aba_sebenzi	NPrePre2_BPre2_NStem	NStem_NStem	NPrePre2_BPre2_NStem	RelConc2_NStem
ba_ne_lungelo	CopPre_CopPre_NPrePre5_BPre5_NStem	NStem_NStem_NStem	CopPre_CopPre_NPrePre5_BPre5_NStem	BPre2_AdvPre_NStem
lo_ku_thath_a	PossConc5_NPrePre15_BPre15_VRoot_VerbTerm	NStem_NStem_NStem_NStem	PossConc5_NPrePre15_BPre15_VRoot_VerbTerm	SC15_OC15_VRoot_VerbTerm
i_khe_fan_a	NPrePre5_BPre5_NStem_DimSuf	NStem_NStem_NStem_NStem	NPrePre5_BPre5_NStem_DimSuf	SC4_PronStem17_VRoot_VerbTerm
leti	PossConc5_NPrePre9_NStem	PUNC	PossConc5_NPrePre9_NStem	CDEM10
.	Punc	PUNC	Punc	PUNC
U_lind_a	SC1_VRoot_VerbTerm	NStem_NStem_NStem	SC1_VRoot_VerbTerm	SC1_VRoot_VerbTerm
i_i_yure	NPrePre10_BPre10_NStem	NStem_NStem_NStem	NPrePre10_BPre10_NStem	NPrePre4_NPrePre4_NStem
ezi__3	RelConc10_Num	PUNC_PUNC	RelConc10_Num	RelConc7_Num
e_m_va	LocPre_NPrePre3_BPre3_NStem	NStem_NStem_NStem	LocPre_NPrePre3_BPre3_NStem	LocPre_BPre3_Adv
k_oko	PossConc15_Dem15_Pos2	PUNC_PUNC	PossConc15_Dem15_Pos2	BPre5_NStem
l_i_xesha	CopPre_NPrePre5_BPre5_NStem	NStem_NStem_NStem	CopPre_NPrePre5_BPre5_NStem	PossConc5_NPrePre4_NStem
lel_antshi	PossConc5_NPrePre9_NStem	NStem_NStem	PossConc5_NPrePre9_NStem	RelConc5_NStem
.	Punc	PUNC	Punc	PUNC
Ngo__2._30	AdvPre_Num	PUNC_PUNC_PUNC	AdvPre_Num	AdvPre_Num_Num
aba_sebenzi	NPrePre2_BPre2_NStem	NStem_NStem	NPrePre2_BPre2_NStem	RelConc2_NStem
ba_ya_buy_a	SC2_Pres_VRoot_VerbTerm	NStem_NStem_NStem_NStem	SC2_Pres_VRoot_VerbTerm	SC2_Pres_VRoot_VerbTerm
kodwa	Conj	PUNC	Conj	Adv
nge_xesha	AdvPre_NPrePre5_BPre5_NStem	NStem_NStem	AdvPre_NPrePre5_BPre5_NStem	AdvPre_NStem
e_fik_a	SC1_VRoot_VerbTerm	NStem_NStem_NStem	SC1_VRoot_VerbTerm	SC6_VRoot_VerbTerm
ku_bo	LocPre_PronStem2	PUNC_PUNC	LocPre_PronStem2	LocPre_PronStem2
se_ku_s_e_m_va	Pro_CopPre_PreLoc-s_LocPre_NPrePre3_BPre3_NStem	VRoot_VRoot_VRoot_VRoot_VRoot_VRoot	Pro_CopPre_PreLoc-s_LocPre_NPrePre3_BPre3_NStem	PossConc7_BPre15_PreLocs_LocPre_BPre3_Adv
kwe_xesha	PossConc15_NPrePre5_BPre5_NStem	NStem_NStem	PossConc15_NPrePre5_BPre5_NStem	PossConc15_NStem
.	Punc	PUNC	Punc	PUNC
Jong_a	VRoot_VerbTerm	PUNC_PUNC	VRoot_VerbTerm	VRoot_VerbTerm
u_m_buzo	NPrePre3_BPre3_NStem	NStem_NStem_NStem	NPrePre3_BPre3_NStem	NPrePre3_BPre3_NStem
we_si_bini	PossConc3_NPrePre7_BPre7_AdjStem	NStem_NStem_NStem	PossConc3_NPrePre7_BPre7_AdjStem	PossConc3_BPre7_NStem
u_ze	SC2ps_AuxVStem	PUNC_PUNC	SC2ps_AuxVStem	BPre1_NStem
u_thath_e	SC2ps_VRoot_VerbTerm	NStem_NStem_NStem	SC2ps_VRoot_VerbTerm	SC2ps_VRoot_VerbTerm
i_im_pendulo	NPrePre10_BPre10_NStem	NStem_NStem_NStem	NPrePre10_BPre10_NStem	NPrePre9_BPre9_NStem
.	Punc	PUNC	Punc	PUNC
U_ku_qulunq_w_a	NPrePre15_BPre15_VRoot_PassExt_VerbTerm	VRoot_VRoot_VRoot_VRoot_VRoot	NPrePre15_BPre15_VRoot_PassExt_VerbTerm	SC3_OC15_VRoot_PassExt_VerbTerm
kwe_zi_Cwangciso	PossConc15_NPrePre8_BPre8_NStem	NStem_NStem_NStem	PossConc15_NPrePre8_BPre8_NStem	PossConc15_BPre7_NStem
zo_Phuhliso	PossConc8_NPrePre11_BPre11_NStem	NStem_NStem	PossConc8_NPrePre11_BPre11_NStem	BPre2a_NStem
olu_Many_an_is_iw_e_yo	RelConc11_VRoot_RecipExt_CausExt_PassExt_VerbTerm_RelSuf	VRoot_VRoot_VRoot_VRoot_VRoot_VRoot_VRoot	RelConc11_VRoot_RecipExt_CausExt_PassExt_VerbTerm_RelSuf	RelConc11_VRoot_RecipExt_CausExt_PassExt_VerbTerm_PronStem9
si_sa_khono	CopPre_NPrePre7_BPre7_NStem	NStem_NStem_NStem	CopPre_NPrePre7_BPre7_NStem	BPre7_Pro_NStem
so_ku_sebenz_a	PossConc7_NPrePre15_BPre15_VRoot_VerbTerm	VRoot_VRoot_VRoot_VRoot	PossConc7_NPrePre15_BPre15_VRoot_VerbTerm	PossConc7_OC15_VRoot_VerbTerm
esi_s_e_m_gangathw_eni	RelConc7_PreLoc-s_LocPre_NPrePre3_BPre3_NStem_LocSuf	VRoot_VRoot_VRoot_VRoot_VRoot_VRoot	RelConc7_PreLoc-s_LocPre_NPrePre3_BPre3_NStem_LocSuf	RelConc7_PreLocs_LocPre_BPre3_NStem_LocSuf
si_ka_rhulumente	PossConc7_PossKA_NStem	NStem_NStem_NStem	PossConc7_PossKA_NStem	BPre7_ExclNeg_NStem
we_n_gingqi	PossConc3_NPrePre9_BPre9_NStem	NStem_NStem_NStem	PossConc3_NPrePre9_BPre9_NStem	PossConc3_BPre9_NStem
.	Punc	PUNC	Punc	PUNC
Ezi	Dem8_Pos1	PUNC	Dem8_Pos1	CDEM07
zi_cwangciso	BPre8_NStem	NStem_NStem	BPre8_NStem	BPre7_NStem
zi_ya	SC8_Fut	PUNC_PUNC	SC8_Fut	CopPre_NStem
ku_z_is_a	SC15_VRoot_CausExt_VerbTerm	NStem_NStem_NStem_NStem	SC15_VRoot_CausExt_VerbTerm	BPre15_VRoot_CausExt_VerbTerm
i_n_guqulelo	NPrePre9_BPre9_NStem	NStem_NStem_NStem	NPrePre9_BPre9_NStem	NPrePre9_BPre9_NStem
kw_i_i_dolophu	LocPre_NPrePre10_BPre10_NStem	VRoot_VRoot_VRoot_VRoot	LocPre_NPrePre10_BPre10_NStem	PossConc15_NPrePre4_NPrePre4_NStem
ne_zi_xeko	AdvPre_NPrePre8_BPre8_NStem	NStem_NStem_NStem	AdvPre_NPrePre8_BPre8_NStem	AdvPre_BPre7_NStem
kunye	Conj	PUNC	Conj	Adv
ne_n_dlel_a	AdvPre_NPrePre9_BPre9_NStem	NStem_NStem_NStem_NStem	AdvPre_NPrePre9_BPre9_NStem	AdvPre_BPre9_VRoot_VerbTerm
yo_lawulo	PossConc9_NPrePre11_BPre11_NStem	NStem_NStem	PossConc9_NPrePre11_BPre11_NStem	PossConc9_NStem
lwa_zo	PossConc11_PronStem8	PUNC_PUNC	PossConc11_PronStem8	PossConc11_NStem
,	Punc	PUNC	Punc	PUNC
njeng_oko	AdvPre_Dem15_Pos2	NStem_NStem	AdvPre_Dem15_Pos2	AdvPre_NStem
i_n_kqubo	NPrePre9_BPre9_NStem	NStem_VRoot_VRoot	NPrePre9_BPre9_NStem	NPrePre9_BPre9_NStem
ye__I_DP	PossConc9_NPrePre9_Abbr	NStem_NStem_NStem	PossConc9_NPrePre9_Abbr	PossConc9_NPre9_Abbr
i_ne_n_jongo	BPre9_CopPre_NPrePre9_BPre9_NStem	VRoot_VRoot_VRoot_VRoot	BPre9_CopPre_NPrePre9_BPre9_NStem	BPre9_AdvPre_BPre9_NStem
yo_ku_fikelel_a	PossConc9_NPrePre15_BPre15_Intrans_VerbTerm	VRoot_VRoot_VRoot_VRoot	PossConc9_NPrePre15_BPre15_Intrans_VerbTerm	PossConc9_OC15_VRoot_VerbTerm
kw_i_zi_gqibo	LocPre_NPrePre8_BPre8_NStem	VRoot_VRoot_VRoot_VRoot	LocPre_NPrePre8_BPre8_NStem	PossConc15_NPrePre4_BPre7_NStem
ezi_njenge_mi_ba	RelConc8_AdvPre_NPrePre4_BPre4_NStem	NStem_NStem_NStem_NStem	RelConc8_AdvPre_NPrePre4_BPre4_NStem	RelConc10_AdvPre_BPre4_NStem
yo_hlahlo	PossConc9_NPrePre11_BPre11_NStem	NStem_NStem	PossConc9_NPrePre11_BPre11_NStem	PossConc9_NStem
lw_ab_iwo__mali	BPre11_NStem_NStem	VRoot_VRoot_VRoot_VRoot	BPre11_NStem_NStem	BPre11_VRoot_PassExt_NStem
lu_ka_masipala	PossConc11_PossKA_NStem	NStem_NStem_NStem	PossConc11_PossKA_NStem	BPre11_AdvPre_NStem
,	Punc	PUNC	Punc	PUNC
u_lawulo	NPrePre11_NStem	NStem_NStem	NPrePre11_NStem	NPrePre1a_NStem
lo_m_hlaba	PossConc11_NPrePre3_BPre3_NStem	VRoot_VRoot_VRoot	PossConc11_NPrePre3_BPre3_NStem	RelConc3_BPre3_NStem
,	Punc	PUNC	Punc	PUNC
u_ku_nyus_a	NPrePre15_BPre15_VRoot_VerbTerm	VRoot_VRoot_VRoot_VRoot	NPrePre15_BPre15_VRoot_VerbTerm	SC15_OC15_VRoot_VerbTerm
u_m_gangatho	NPrePre3_BPre3_NStem	NStem_NStem_NStem	NPrePre3_BPre3_NStem	NPrePre3_BPre3_NStem
wo_phuhliso	PossConc3_NPrePre11_BPre11_NStem	NStem_NStem	PossConc3_NPrePre11_BPre11_NStem	QuantConc3_NStem
lo_qoqosho	PossConc11_NPrePre11_BPre11_NStem	NStem_NStem	PossConc11_NPrePre11_BPre11_NStem	RelConc3_NStem
lwe_n_gingqi	PossConc11_NPrePre9_BPre9_NStem	NStem_NStem_NStem	PossConc11_NPrePre9_BPre9_NStem	PossConc11_BPre9_NStem
no_guqulo	AdvPre_NPrePre11_BPre11_NStem	NStem_NStem	AdvPre_NPrePre11_BPre11_NStem	AdvPre_NStem
lwa_ma_ziko	PossConc11_NPrePre6_BPre6_NStem	NStem_NStem_NStem	PossConc11_NPrePre6_BPre6_NStem	PossConc11_BPre6_NStem
.	Punc	PUNC	Punc	PUNC
E_ku_fezek_is_e_ni	LocPre_NPrePre15_BPre11_VRoot_CausExt_VerbTerm_LocSuf	VRoot_VRoot_VRoot_VRoot_VRoot_VRoot	LocPre_NPrePre15_BPre11_VRoot_CausExt_VerbTerm_LocSuf	LocPre_OC15_VRoot_CausExt_VerbTerm_LocSuf
u_xanduva	NPrePre11_NStem	NStem_NStem	NPrePre11_NStem	NPrePre1a_NStem
lwa_khe	PossConc11_PossPron	NStem_NStem	PossConc11_PossPron	PossConc11_PronStem1
,	Punc	PUNC	Punc	PUNC
u_rhulumente	NPrePre1a_NStem	NStem_NStem	NPrePre1a_NStem	NPrePre1a_NStem
we_n_gingqi	PossConc3_NPrePre9_BPre9_NStem	NStem_NStem_NStem	PossConc3_NPrePre9_BPre9_NStem	PossConc3_BPre9_NStem
ku_funek_a	SC15_VRoot_VerbTerm	NStem_NStem_NStem	SC15_VRoot_VerbTerm	BPre15_VRoot_VerbTerm
a_sebenz_is_an_e	SC1_VRoot_CausExt_RecipExt_VerbTerm	VRoot_VRoot_VRoot_VRoot_VRoot	SC1_VRoot_CausExt_RecipExt_VerbTerm	SC6_VRoot_CausExt_RecipExt_VerbTerm
a_phind_e	SC1_VRoot_VerbTerm	NStem_NStem_NStem	SC1_VRoot_VerbTerm	SC6_VRoot_VerbTerm
a_lungelelanis_e	SC1_Intrans_PassExt_VerbTerm	VRoot_VRoot_VRoot	SC1_Intrans_PassExt_VerbTerm	SC6_Intrans_VerbTerm
i_zi_cwangciso	NPrePre8_BPre8_NStem	VRoot_VRoot_VRoot	NPrePre8_BPre8_NStem	NPrePre4_BPre7_NStem
za_khe	PossConc8_PossPron	PUNC_PUNC	PossConc8_PossPron	PossConc9_PronStem1
ne_zi_cwangciso__nkqubo	AdvPre_NPrePre8_BPre8_NStem_BPre9_NStem	VRoot_VRoot_VRoot_VRoot	AdvPre_NPrePre8_BPre8_NStem_BPre9_NStem	AdvPre_BPre2_NStem_NStem
kunye	Conj	PUNC	Conj	Adv
n_ezo	AdvPre_Dem8_Pos2	NStem_NStem	AdvPre_Dem8_Pos2	AdvPre_NStem
ze_mi_nye	PossConc8_AdjPref4_AdjStem	NStem_NStem_NStem	PossConc8_AdjPref4_AdjStem	PossConc10_BPre4_EnumStem
i_mi_gangatho	NPrePre4_BPre4_NStem	NStem_NStem_NStem	NPrePre4_BPre4_NStem	NPrePre4_BPre4_NStem
ka_rhulumente	PossKA_NPrePre1a_NStem	NStem_NStem	PossKA_NPrePre1a_NStem	AdvPre_NStem
.	Punc	PUNC	Punc	PUNC
Lo	Dem3_Pos1	PUNC	Dem3_Pos1	PronStem11
m_zekelo	BPre3_NStem	NStem_NStem	BPre3_NStem	BPre3_NStem
wo_phando	PossConc3_NPrePre11_BPre11_NStem	NStem_NStem	PossConc3_NPrePre11_BPre11_NStem	PossConc3_NStem
u_bon_is_a	SC3_VRoot_CausExt_VerbTerm	NStem_NStem_NStem_NStem	SC3_VRoot_CausExt_VerbTerm	SC3_VRoot_CausExt_VerbTerm
a_ma_nye	AdjPref6_AdjStem	NStem_NStem_NStem	AdjPref6_AdjStem	PossConc6_AdjPref6_AdjStem
a_ma_lungiselelo	NPrePre6_BPre6_NStem	NStem_NStem_NStem	NPrePre6_BPre6_NStem	NPrePre6_BPre6_NStem
a_lu_ncedo	RelConc6_CopPre_NPrePre11_BPre11_NStem	NStem_NStem_NStem	RelConc6_CopPre_NPrePre11_BPre11_NStem	RelConc6_BPre11_NStem
a_hamb_is_an_a	RelConc6_VRoot_CausExt_RecipExt_VerbTerm	NStem_NStem_VRoot_VRoot_VRoot	RelConc6_VRoot_CausExt_RecipExt_VerbTerm	SC6_VRoot_CausExt_RecipExt_VerbTerm
ne_n_kqubo	AdvPre_NPrePre9_BPre9_NStem	NStem_NStem_NStem	AdvPre_NPrePre9_BPre9_NStem	AdvPre_BPre9_NStem
yo_hlelo	PossConc9_NPrePre11_BPre11_NStem	NStem_NStem	PossConc9_NPrePre11_BPre11_NStem	PossConc4_NStem
ng_oku_tsha	AdvPre_AdjPref15_AdjStem	NStem_NStem_NStem	AdvPre_AdjPref15_AdjStem	AdvPre_RelConc15_NStem
lwe__I_DP	PossConc11_NPrePre9_Abbr	NStem_NStem_NStem	PossConc11_NPrePre9_Abbr	PossConc11_NPre9_Abbr
ka_Masipala	PossKA_NPrePre1a_NStem	NStem_NStem	PossKA_NPrePre1a_NStem	AdvPre_NStem
we_Si_thili	PossConc1a_NPrePre7_BPre7_NStem	NStem_NStem_NStem	PossConc1a_NPrePre7_BPre7_NStem	PossConc3_BPre7_NStem
sa_se_N_ka_nga_la	PossConc7_PreLoc-s_LocPre_ProperName	VRoot_VRoot_VRoot_VRoot_VRoot_VRoot	PossConc7_PreLoc-s_LocPre_ProperName	PossConc7_Pro_BPre9_ExclNeg_AdvPre_NStem
.	Punc	PUNC	Punc	PUNC
A_ba_lawuli	NPrePre2_BPre2_NStem	NStem_NStem_NStem	NPrePre2_BPre2_NStem	NegPre_BPre2_NStem
be_e_projekthi	PossConc2_NPrePre10_BPre2_NStem	NStem_NStem_NStem	PossConc2_NPrePre10_BPre2_NStem	PossConc2_LocPre_NStem
ba_nga_zi_landela	SC2_Pot_OC10_VRoot_VerbTerm	NStem_NStem_NStem_NStem	SC2_Pot_OC10_VRoot_VerbTerm	BPre2_Pot_BPre7_NStem
ngo_qwalaselo	AdvPre_NPrePre11_BPre11_NStem	NStem_NStem	AdvPre_NPrePre11_BPre11_NStem	AdvPre_NStem
njani	Adv	NStem	Adv	Adv
i_i_projekthi	NPrePre10_BPre10_NStem	NStem_NStem_NStem	NPrePre10_BPre10_NStem	NPrePre4_NPrePre4_NStem
u_kuze	Conj	NStem_NStem	Conj	NPrePre1a_Conj
ba_qinisek_is_e	SC2_VRoot_CausExt_VerbTerm	VRoot_VRoot_VRoot_VRoot	SC2_VRoot_CausExt_VerbTerm	SC2_VRoot_CausExt_VerbTerm
u_kuba	Conj	PUNC_PUNC	Conj	NPrePre1a_NStem
zi_qhuty_w_a	SC10_VRoot_PassExt_VerbTerm	VRoot_VRoot_VRoot_VRoot	SC10_VRoot_PassExt_VerbTerm	CopPre_VRoot_PassExt_VerbTerm
nge_n_dlel_a	AdvPre_NPrePre9_BPre9_NStem	NStem_NStem_VRoot_VRoot	AdvPre_NPrePre9_BPre9_NStem	AdvPre_OC15_VRoot_VerbTerm
e_fanel_ek_il_e_yo	RelConc4_VRoot_NeutExt_Perf_VerbTerm_RelSuf	VRoot_VRoot_VRoot_VRoot_VRoot_VRoot	RelConc4_VRoot_NeutExt_Perf_VerbTerm_RelSuf	PossConc6_VRoot_NeutExt_ApplExt_VerbTerm_RelSuf
?	Punc	PUNC	Punc	PUNC
A_ba_thathi__n_xaxheba	NPrePre2_BPre2_NStem_BPre9_NStem	NStem_NStem_VRoot_VRoot_NStem	NPrePre2_BPre2_NStem_BPre9_NStem	RelConc6_OC2_NStem_BPre9_NStem
ba_sebenz_a	SC2_VRoot_VerbTerm	NStem_NStem_NStem	SC2_VRoot_VerbTerm	SC2_VRoot_VerbTerm
ng_okw_a_ma_qela	AdvPre_AdvPre_NPrePre6_BPre6_NStem	NStem_NStem_NStem_NStem_NStem	AdvPre_AdvPre_NPrePre6_BPre6_NStem	AdvPre_RelConc15_NPrePre6_BPre6_NStem
a_ma__4	NPrePre6_BPre6_Num	NStem_NStem_NStem	NPrePre6_BPre6_Num	PossConc6_BPre6_Num
u_ku_ya	SC15_BPre15_VRoot_VerbTerm	NStem_NStem_NStem	SC15_BPre15_VRoot_VerbTerm	NPrePre1a_BPre15_NStem
ku__6	LocPre_Num	PUNC_PUNC	LocPre_Num	LocPre_Num
ba_ze	SC2_AuxVStem	PUNC_PUNC	SC2_AuxVStem	BPre2_NStem
ba_phuhl_is_e	SC2_VRoot_CausExt_VerbTerm	VRoot_VRoot_VRoot_VRoot	SC2_VRoot_CausExt_VerbTerm	SC2_VRoot_CausExt_VerbTerm
i_si_cwangciso	NPrePre7_BPre7_NStem	VRoot_VRoot_VRoot	NPrePre7_BPre7_NStem	NPrePre4_BPre7_NStem
so_m_sebenzi	PossConc7_NPrePre3_BPre3_NStem	NStem_NStem_NStem	PossConc7_NPrePre3_BPre3_NStem	PossConc7_BPre3_NStem
ka_masipala	PossKA_NPrePre1a_NStem	NStem_NStem	PossKA_NPrePre1a_NStem	AdvPre_NStem
.	Punc	PUNC	Punc	PUNC
U_ku_zi_bandakany_a	NPrePre15_BPre15_ReflPre_VRoot_VerbTerm	VRoot_VRoot_VRoot_VRoot_VRoot	NPrePre15_BPre15_ReflPre_VRoot_VerbTerm	SC3_BPre15_ReflPre_VRoot_VerbTerm
kwa_ba_hlali	PossConc15_NPrePre2_BPre2_NStem	NStem_VRoot_VRoot	PossConc15_NPrePre2_BPre2_NStem	PossConc15_BPre2_NStem
kw_i__I_DP	LocPre_NPrePre9_Abbr	NStem_NStem_NStem_NStem	LocPre_NPrePre9_Abbr	PossConc15_NPrePre4_NPre9_Abbr
ku_vum_el_a	SC15_VRoot_ApplExt_VerbTerm	NStem_NStem_NStem_NStem	SC15_VRoot_ApplExt_VerbTerm	SC15_VRoot_ApplExt_VerbTerm
u_ku_shenxa	NPrePre15_BPre15_VRoot_VerbTerm	NStem_NStem_NStem	NPrePre15_BPre15_VRoot_VerbTerm	NPrePre1_BPre15_NStem
kwa_be_mi	PossConc15_NPrePre2_BPre2_NStem	NStem_NStem_NStem	PossConc15_NPrePre2_BPre2_NStem	PossConc15_PossConc2_BPre4
aba_nga_ba_sebenzisi	RelConc2_CopPre_NPrePre2_BPre2_NStem	NStem_NStem_NStem_NStem	RelConc2_CopPre_NPrePre2_BPre2_NStem	RelConc2_Pot_BPre2_NStem
aba_ngen_a_galelo	RelConc2_NegPre_CopPre_NStem	VRoot_VRoot_VRoot_VRoot	RelConc2_NegPre_CopPre_NStem	RelConc2_VRoot_VerbTerm_NStem
kw_i_in_konzo	LocPre_NPrePre10_BPre10_NStem	NStem_NStem_NStem_NStem	LocPre_NPrePre10_BPre10_NStem	PossConc15_NPrePre9_BPre9_NStem
ba_be	SC2_AuxVStem	PUNC_PUNC	SC2_AuxVStem	SC2_AuxVStem
ng_a_be_mi	CopPre_NPrePre2_BPre2_NStem	NStem_NStem_NStem_NStem	CopPre_NPrePre2_BPre2_NStem	AdvPre_VerbTerm_AuxVStem_PronStem1
abaz_enz_el_a_yo	RelConc2_ReflPre_VRoot_ApplExt_VerbTerm_RelSuf	NStem_NStem_NStem_NStem_NStem	RelConc2_ReflPre_VRoot_ApplExt_VerbTerm_RelSuf	SC2_VRoot_ApplExt_VerbTerm_RelSuf
na_ba_kw_az_i_yo	AdvPre_NPrePre2_BPre2_SC15_VRoot_VerbTerm_RelSuf	VRoot_VRoot_VRoot_VRoot_VRoot_VRoot	AdvPre_NPrePre2_BPre2_SC15_VRoot_VerbTerm_RelSuf	AdvPre_BPre2_BPre15_NegPre_VerbTerm_PronStem9
u_ku_thath_a	NPrePre15_BPre15_VRoot_VerbTerm	NStem_NStem_NStem_NStem	NPrePre15_BPre15_VRoot_VerbTerm	SC2ps_OC15_VRoot_VerbTerm
i_n_xaxheba	NPrePre9_BPre9_NStem	NStem_VRoot_NStem	NPrePre9_BPre9_NStem	NPrePre9_BPre9_NStem
e_ku_hlangabez_e_ni	LocPre_NPrePre15_BPre15_VRoot_VerbTerm_LocSuf	VRoot_VRoot_VRoot_VRoot_VRoot	LocPre_NPrePre15_BPre15_VRoot_VerbTerm_LocSuf	LocPre_BPre15_VRoot_VerbTerm_LocSuf
i_zin_to	NPrePre10_BPre10_NStem	NStem_NStem_NStem	NPrePre10_BPre10_NStem	BPre9_NStem_PronStem8
ezi_phambili	RelConc10_Adv	NStem_PUNC	RelConc10_Adv	RelConc10_Adv
ku_phuhliso	LocPre_NPrePre11_BPre11_NStem	NStem_NStem	LocPre_NPrePre11_BPre11_NStem	LocPre_NStem
lwa_bo	PossConc11_PronStem2	NStem_NStem	PossConc11_PronStem2	PossConc11_PronStem2
.	Punc	PUNC	Punc	PUNC
U_lawulo	NPrePre11_NStem	NStem_NStem	NPrePre11_NStem	NPrePre1a_NStem
lo_ku_sebenz_a	PossConc11_NPrePre15_BPre15_VRoot_VerbTerm	VRoot_VRoot_VRoot_VRoot	PossConc11_NPrePre15_BPre15_VRoot_VerbTerm	PossConc5_OC15_VRoot_VerbTerm
s_i_si_xhobo	CopPre_NPrePre7_BPre7_NStem	VRoot_VRoot_VRoot_VRoot	CopPre_NPrePre7_BPre7_NStem	PreLocs_NPrePre4_BPre7_NStem
esi_nga_setyenz_is_w_a	RelConc7_NegPre_VRoot_CausExt_PassExt_VerbTerm	VRoot_VRoot_VRoot_VRoot_VRoot_VRoot	RelConc7_NegPre_VRoot_CausExt_PassExt_VerbTerm	RelConc7_Pot_VRoot_CausExt_PassExt_VerbTerm
u_ku_nced_a	NPrePre15_BPre15_VRoot_VerbTerm	NStem_NStem_NStem_NStem	NPrePre15_BPre15_VRoot_VerbTerm	SC2ps_OC15_VRoot_VerbTerm
ku_qinisek_is_w_e	SC15_VRoot_CausExt_PassExt_VerbTerm	VRoot_VRoot_VRoot_VRoot_VRoot	SC15_VRoot_CausExt_PassExt_VerbTerm	SC15_VRoot_CausExt_PassExt_VerbTerm
u_ku_hanj_is_w_a	NPrePre15_BPre15_VRoot_CausExt_PassExt_VerbTerm	NStem_NStem_NStem_NStem_NStem_NStem	NPrePre15_BPre15_VRoot_CausExt_PassExt_VerbTerm	SC3_OC15_VRoot_CausExt_PassExt_VerbTerm
ngcono	Adv	NStem	Adv	NStem
kwe_e_n_konzo	PossConc15_NPrePre10_BPre10_NStem	NStem_NStem_NStem_NStem	PossConc15_NPrePre10_BPre10_NStem	PossConc15_LocPre_BPre9_NStem
no_ku_phucul_a	AdvPre_NPrePre15_BPre15_VRoot_VerbTerm	NStem_NStem_NStem_NStem	AdvPre_NPrePre15_BPre15_VRoot_VerbTerm	AdvPre_BPre15_VRoot_VerbTerm
u_ku_sebenz_a	NPrePre15_BPre15_VRoot_VerbTerm	VRoot_VRoot_VRoot_VRoot	NPrePre15_BPre15_VRoot_VerbTerm	SC1_OC15_VRoot_VerbTerm
ngezi_phumo	AdvPre_NPrePre8_BPre8_NStem	NStem_NStem	AdvPre_NPrePre8_BPre8_NStem	AdvPre_NStem
na_nge_mi_gangatho	AdvPre_AdvPre_NPrePre4_BPre4_NStem	NStem_NStem_NStem_NStem	AdvPre_AdvPre_NPrePre4_BPre4_NStem	AdvPre_AdvPre_BPre4_NStem
e_ngcono	RelConc9_RelStem	NStem_NStem	RelConc9_RelStem	LocPre_NStem
.	Punc	PUNC	Punc	PUNC
Okwe_si_thathu	AdvPre_NPrePre7_BPre7_AdjStem	NStem_VRoot_VRoot	AdvPre_NPrePre7_BPre7_AdjStem	PossConc15_BPre7_NStem
,	Punc	PUNC	Punc	PUNC
i_mi_ba	NPrePre4_BPre4_NStem	NStem_NStem_NStem	NPrePre4_BPre4_NStem	NPrePre4_BPre4_NStem
e_phambili	RelConc9_Adv	NStem_NStem	RelConc9_Adv	LocPre_Adv
yo_kw_and_is_a	PossConc4_NPrePre15_BPre15_VRoot_CausExt_VerbTerm	NStem_NStem_NStem_NStem_NStem	PossConc4_NPrePre15_BPre15_VRoot_CausExt_VerbTerm	SC9_BPre15_VRoot_CausExt_VerbTerm
okanye	Conj	PUNC	Conj	Adv
yo_ku_phucul_a	PossConc4_NPrePre15_BPre15_VRoot_VerbTerm	NStem_NStem_NStem_NStem	PossConc4_NPrePre15_BPre15_VRoot_VerbTerm	CopPre_OC15_VRoot_VerbTerm
i_in_konzo	NPrePre10_BPre10_NStem	NStem_NStem_NStem	NPrePre10_BPre10_NStem	NPrePre9_BPre9_NStem
ku_funek_a	SC15_VRoot_VerbTerm	NStem_NStem_NStem	SC15_VRoot_VerbTerm	BPre15_VRoot_VerbTerm
ku_gqity_w_e	SC15_VRoot_PassExt_VerbTerm	VRoot_VRoot_VRoot_VRoot	SC15_VRoot_PassExt_VerbTerm	SC15_VRoot_PassExt_VerbTerm
nga_yo	AdvPre_PronStem9	PUNC_PUNC	AdvPre_PronStem9	AdvPre_PronStem9
.	Punc	PUNC	Punc	PUNC
Ba_kuba	SC2_AuxVStem	PUNC_PUNC	SC2_AuxVStem	BPre2_NStem
be_cac_is_e	SC2_VRoot_CausExt_VerbTerm	NStem_NStem_NStem_NStem	SC2_VRoot_CausExt_VerbTerm	SC2_VRoot_CausExt_VerbTerm
i_zin_to	NPrePre10_BPre10_NStem	NStem_NStem_NStem	NPrePre10_BPre10_NStem	BPre9_BPre10_PronStem10
aba_zi_fuman_is_il_e_yo	RelConc2_OC10_VRoot_Perf_VerbTerm_RelSuf	VRoot_VRoot_VRoot_VRoot_VRoot_VRoot_VRoot	RelConc2_OC10_VRoot_Perf_VerbTerm_RelSuf	RelConc2_OC2_VRoot_CausExt_ApplExt_VerbTerm_RelSuf
phambi	Adv	PUNC	Adv	Adv
kwa_bo	PossConc15_PronStem2	PUNC_PUNC	PossConc15_PronStem2	PossConc15_PronStem2
bo_nke	QuantConc2_QuantStem	NStem_NStem	QuantConc2_QuantStem	QuantConc2_NStem
aba_ntu	NPrePre2_BPre2_NStem	PUNC_PUNC	NPrePre2_BPre2_NStem	RelConc2_NStem
,	Punc	PUNC	Punc	PUNC
ba_z_ahlul_a	SC2_ReflPre_VRoot_VerbTerm	NStem_NStem_VRoot_NStem	SC2_ReflPre_VRoot_VerbTerm	SC2_OC2_VRoot_VerbTerm
ng_okw_a_ma_qela	AdvPre_AdvPre_NPrePre6_BPre6_NStem	VRoot_VRoot_VRoot_VRoot_VRoot	AdvPre_AdvPre_NPrePre6_BPre6_NStem	AdvPre_RelConc15_LocPre_BPre6_NStem
a_ma_ncinci	AdjPref6_AdjStem	NStem_VRoot_NStem	AdjPref6_AdjStem	NPrePre6_BPre6_NStem
ba_nik_e	SC2_VRoot_VerbTerm	NStem_NStem_NStem	SC2_VRoot_VerbTerm	SC2_VRoot_VerbTerm
i_qela	NPrePre5_BPre5_NStem	NStem_NStem	NPrePre5_BPre5_NStem	NPrePre4_NStem
nga_li_nye	AdvPre_EnumConc5_EnumStem	NStem_NStem_NStem	AdvPre_EnumConc5_EnumStem	AdvPre_AdjPref5_AdjStem
u_lu_dwe	NPrePre11_BPre11_NStem	NStem_NStem_NStem	NPrePre11_BPre11_NStem	NPrePre1a_BPre11_NStem
lo_ku_qwalasel_a	PossConc11_NPrePre15_BPre15_VRoot_VerbTerm	VRoot_VRoot_VRoot_VRoot	PossConc11_NPrePre15_BPre15_VRoot_VerbTerm	RelConc3_OC15_VRoot_VerbTerm
olu_nga_bhal_w_a_nga	RelConc11_NegPre_VRoot_PassExt_VerbTerm_NegPre	VRoot_VRoot_VRoot_VRoot_VRoot_VRoot	RelConc11_NegPre_VRoot_PassExt_VerbTerm_NegPre	RelConc11_Pot_VRoot_PassExt_VerbTerm_NegPre
n_to	BPre9_NStem	PUNC_PUNC	BPre9_NStem	BPre9_PronStem10
nge_m_pahla	AdvPre_NPrePre9_BPre9_NStem	NStem_NStem_NStem	AdvPre_NPrePre9_BPre9_NStem	AdvPre_BPre3_NStem
e_xabis_ek_il_e_yo	RelConc9_VRoot_NeutExt_Perf_VerbTerm_RelSuf	VRoot_VRoot_VRoot_VRoot_VRoot_VRoot	RelConc9_VRoot_NeutExt_Perf_VerbTerm_RelSuf	LocPre_VRoot_NPas_ApplExt_VerbTerm_PronStem9
.	Punc	PUNC	Punc	PUNC
A_ba_thathi__n_xaxheba	NPrePre2_BPre2_NStem_BPre9_NStem	VRoot_VRoot_VRoot_VRoot_VRoot	NPrePre2_BPre2_NStem_BPre9_NStem	RelConc6_OC2_NStem_BPre9_NStem
ma_ba_zalis_e	ImpPre_SC2_VRoot_VerbTerm	NStem_NStem_NStem_NStem	ImpPre_SC2_VRoot_VerbTerm	CopPre_OC2_Intrans_VerbTerm
u_lu_dwe	NPrePre11_BPre11_NStem	NStem_NStem_NStem	NPrePre11_BPre11_NStem	NPrePre1a_BPre11_NStem
lo_ku_qwalasel_w_a	PossConc11_NPrePre15_BPre15_VRoot_PassExt_VerbTerm	NStem_VRoot_NStem_NStem_NStem	PossConc11_NPrePre15_BPre15_VRoot_PassExt_VerbTerm	PossConc5_OC15_VRoot_PassExt_VerbTerm
u_kw_enz_el_a	NPrePre15_BPre15_VRoot_ApplExt_VerbTerm	VRoot_VRoot_VRoot_VRoot_VRoot	NPrePre15_BPre15_VRoot_ApplExt_VerbTerm	SC2ps_OC15_VRoot_ApplExt_VerbTerm
i_qela	NPrePre5_BPre5_NStem	NStem_NStem	NPrePre5_BPre5_NStem	NPrePre4_NStem
eli_nye	AdjPref5_AdjStem	PUNC_PUNC	AdjPref5_AdjStem	AdjPref5_AdjStem
l_e_ze_n_tlalo	PossConc5_RelConc8_PossConc8_NPrePre9_BPre9_NStem	VRoot_VRoot_VRoot_VRoot_VRoot	PossConc5_RelConc8_PossConc8_NPrePre9_BPre9_NStem	PossConc5_LocPre_AdvPre_BPre9_NStem
kw_i_wadi	LocPre_NPrePre9_NStem	NStem_NStem_NStem	LocPre_NPrePre9_NStem	PossConc15_BPre5_NStem
ya_bo	PossConc9_PronStem2	PUNC_PUNC	PossConc9_PronStem2	PossConc9_PronStem2
.	Punc	PUNC	Punc	PUNC
U_ku_sek_w_a	NPrePre15_BPre15_VRoot_PassExt_VerbTerm	NStem_NStem_NStem_NStem_NStem	NPrePre15_BPre15_VRoot_PassExt_VerbTerm	SC3_OC15_VRoot_PassExt_VerbTerm
kwe_bhunga	PossConc15_NPrePre5_BPre5_NStem	NStem_NStem	PossConc15_NPrePre5_BPre5_NStem	BPre15_NStem
le__AIDS	PossConc5_NPrePre9_Abbr	PUNC_PUNC	PossConc5_NPrePre9_Abbr	RelConc9_ProperName
kw_i_si_thili	LocPre_NPrePre7_BPre7_NStem	NStem_NStem_NStem_NStem	LocPre_NPrePre7_BPre7_NStem	PossConc15_NPrePre4_BPre7_NStem
.	Punc	PUNC	Punc	PUNC
I_si_dima	NPrePre7_BPre7_NStem	NStem_NStem_NStem	NPrePre7_BPre7_NStem	NPrePre4_BPre7_NStem
_	Punc		Punc	
u_ku_thath_a	NPrePre15_BPre15_VRoot_VerbTerm	NStem_NStem_NStem_VRoot	NPrePre15_BPre15_VRoot_VerbTerm	SC1_OC15_VRoot_VerbTerm
i_n_xaxheba	NPrePre9_BPre9_NStem	NStem_NStem_VRoot	NPrePre9_BPre9_NStem	NPrePre9_BPre9_NStem
na_ma_qela	AdvPre_NPrePre6_BPre6_NStem	NStem_NStem_NStem	AdvPre_NPrePre6_BPre6_NStem	AdvPre_BPre6_NStem
o_nke	QuantConc6_QuantStem	NStem_NStem	QuantConc6_QuantStem	QuantConc6_Adv
a_chaphazel_ek_a_yo	RelConc6_VRoot_NeutExt_VerbTerm_RelSuf	VRoot_VRoot_VRoot_VRoot_VRoot	RelConc6_VRoot_NeutExt_VerbTerm_RelSuf	SC6_VRoot_NeutExt_VerbTerm_PronStem9
ku_funek_a	SC15_VRoot_VerbTerm	NStem_NStem_NStem	SC15_VRoot_VerbTerm	BPre15_VRoot_VerbTerm
ku_sek_el_w_e	SC15_VRoot_ApplExt_PassExt_VerbTerm	NStem_NStem_NStem_NStem_VRoot	SC15_VRoot_ApplExt_PassExt_VerbTerm	SC15_VRoot_ApplExt_PassExt_VerbTerm
kw_i_n_tlonipho	LocPre_NPrePre9_BPre9_NStem	VRoot_VRoot_VRoot_VRoot	LocPre_NPrePre9_BPre9_NStem	PossConc15_NPrePre9_BPre9_NStem
ya_ma_cala	PossConc9_NPrePre6_BPre6_NStem	NStem_NStem_NStem	PossConc9_NPrePre6_BPre6_NStem	PossConc9_BPre6_NStem
,	Punc	PUNC	Punc	PUNC
u_ku_lingan_a	NPrePre15_BPre15_VRoot_VerbTerm	NStem_NStem_NStem_NStem	NPrePre15_BPre15_VRoot_VerbTerm	SC2ps_OC15_VRoot_VerbTerm
ne_si_dima	AdvPre_NPrePre7_BPre7_NStem	NStem_NStem_NStem	AdvPre_NPrePre7_BPre7_NStem	AdvPre_BPre7_NStem
.	Punc	PUNC	Punc	PUNC
U_sodolophu	NPrePre1a_NStem	NStem_NStem	NPrePre1a_NStem	NPrePre1a_NStem
u_Mathabo	NPrePre1a_ProperName	PUNC_PUNC	NPrePre1a_ProperName	NPrePre1a_ProperName
Le_e_to	ProperName	NStem_NStem_NStem	ProperName	RelConc9_LocPre_NStem
ku_masipala	LocPre_NPrePre1a_NStem	NStem_NStem	LocPre_NPrePre1a_NStem	LocPre_NStem
i_Matjha_be_ng	NPrePre9_NStem	VRoot_VRoot_VRoot_VRoot	NPrePre9_NStem	SC9_ProperName_PossConc2_AuxVStem
e_Free	LocPre_ProperName	PUNC_PUNC	LocPre_ProperName	LocPre_ProperName
State	ProperName	PUNC	ProperName	ProperName
wa_ngen_a	SC1a_Past_VRoot_VerbTerm	NStem_NStem_NStem	SC1a_Past_VRoot_VerbTerm	SC3_VRoot_VerbTerm
e_ofisi_ni	LocPre_NStem_LocSuf	NStem_NStem_NStem	LocPre_NStem_LocSuf	LocPre_NStem_LocSuf
ngo_Matshi	AdvPre_NPrePre1a_ProperName	NStem_NStem	AdvPre_NPrePre1a_ProperName	AdvPre_ProperName
2006	Num	PUNC	Num	NUM
.	Punc	PUNC	Punc	PUNC
Ng_eli	AdvPre_Dem5_Pos1	PUNC_PUNC	AdvPre_Dem5_Pos1	AdvPre_NStem
xesha	NStem	PUNC	NStem	NStem
waye_ngen_a	SC1a_Past_SC1a_VRoot_VerbTerm	NStem_NStem_NStem	SC1a_Past_SC1a_VRoot_VerbTerm	VRoot_VRoot_VerbTerm
ku_le	LocPre_Dem9_Pos1	NStem_NStem	LocPre_Dem9_Pos1	LocPre_AuxVStem
ofisi	NStem	PUNC	NStem	Foreign
u_masipala	NPrePre1a_NStem	NStem_NStem	NPrePre1a_NStem	NPrePre1a_NStem
wayetyala	SC1a_Past_SC1a_VRoot_VerbTerm	NStem	SC1a_Past_SC1a_VRoot_VerbTerm	NStem
i_mali	NPrePre9_NStem	PUNC_PUNC	NPrePre9_NStem	NPre9_NStem
e_ninzi	AdjPref9_AdjStem	NStem_NStem	AdjPref9_AdjStem	LocPre_NStem
ya_ma_nzi	PossConc9_NPrePre6_BPre6_NStem	NStem_NStem_NStem	PossConc9_NPrePre6_BPre6_NStem	PossConc9_BPre6_NStem
kw_i_Se_dibe_ng	LocPre_NPrePre9_ProperName	PUNC_PUNC_PUNC_PUNC_PUNC	LocPre_NPrePre9_ProperName	PossConc15_NPrePre4_Pro_NStem_VerbTerm
Water	Foreign	PUNC	Foreign	ProperName
.	Punc	PUNC	Punc	PUNC
Ku_nge_ka_bi	CopPre_NegPre_ExclNeg_Cop	NStem_NStem_NStem_NStem	CopPre_NegPre_ExclNeg_Cop	BPre15_NegPre_AdvPre_AdjStem
ku_dala	CopPre_AdjStem	PUNC_PUNC	CopPre_AdjStem	BPre15_NStem
e_m_va	LocPre_NPrePre3_BPre3_NStem	NStem_NStem_NStem	LocPre_NPrePre3_BPre3_NStem	LocPre_BPre3_Adv
ko_ku_ngen_a	PossConc15_NPrePre15_BPre15_VRoot_VerbTerm	NStem_NStem_NStem_NStem	PossConc15_NPrePre15_BPre15_VRoot_VerbTerm	PossConc15_OC15_VRoot_VerbTerm
ku_le	LocPre_Dem9_Pos1	PUNC_PUNC	LocPre_Dem9_Pos1	LocPre_AuxVStem
ofisi	NStem	PUNC	NStem	Foreign
elo	Dem5_Pos2	PUNC	Dem5_Pos2	CDEM05
tyala	NStem	PUNC	NStem	NStem
lase_li_hlawul_w_e	SC5_Past_Pro_OC5_VRoot_PassExt_VerbTerm	VRoot_VRoot_VRoot_VRoot_VRoot	SC5_Past_Pro_OC5_VRoot_PassExt_VerbTerm	RelConc6_OC5_VRoot_PassExt_VerbTerm
.	Punc	PUNC	Punc	PUNC
Nga_phandle	AdvPre_Adv	NStem_NStem	AdvPre_Adv	AdvPre_Adv
kw_eli	LocPre_Dem5_Pos1	PUNC_PUNC	LocPre_Dem5_Pos1	PossConc15_NStem
tyala	NStem	PUNC	NStem	NStem
,	Punc	PUNC	Punc	PUNC
kw_a_ku_kho	CopPre_Past_CopPre_Adv	NStem_NStem_NStem_NStem	CopPre_Past_CopPre_Adv	PossConc15_NegPre_OC15_Adv
i_tyala	NPrePre5_BPre5_NStem	NStem_NStem	NPrePre5_BPre5_NStem	BPre9_NStem
le_mi_n_xeba	PossConc5_NPrePre4_BPre4_NStem	VRoot_NStem_VRoot_VRoot	PossConc5_NPrePre4_BPre4_NStem	PossConc5_BPre4_BPre9_NStem
ye_e_ofisi	PossConc4_NPrePre10_BPre10_NStem	NStem_NStem_NStem	PossConc4_NPrePre10_BPre10_NStem	PossConc9_LocPre_NStem
zi_ka_masipala	PossConc10_PossKA_NStem	NStem_NStem_NStem	PossConc10_PossKA_NStem	CopPre_AdvPre_NStem
na_lo	AdvPre_PronStem5	PUNC_PUNC	AdvPre_PronStem5	AdvPre_PronStem5
lali_ntinga	SC5_Past_SC5_VRoot_VerbTerm	NStem_NStem	SC5_Past_SC5_VRoot_VerbTerm	RelConc5_NStem
kunye	Conj	Adv	Conj	Adv
no_ku_ngaqokelel_w_a	AdvPre_NPrePre15_BPre15_NegPre_VRoot_PassExt_VerbTerm	VRoot_VRoot_VRoot_VRoot_VRoot	AdvPre_NPrePre15_BPre15_NegPre_VRoot_PassExt_VerbTerm	AdvPre_OC15_VRoot_PassExt_VerbTerm
kaku_hl_e	AdvPre_AdjStem	NStem_NStem_NStem	AdvPre_AdjStem	RelConc15_VRoot_VerbTerm
kwe_mali	PossConc15_NPrePre9_NStem	PUNC_PUNC	PossConc15_NPrePre9_NStem	PossConc15_NStem
e_ngen_a_yo	RelConc9_VRoot_VerbTerm_RelSuf	NStem_NStem_NStem_NStem	RelConc9_VRoot_VerbTerm_RelSuf	LocPre_VRoot_VerbTerm_PronStem9
kwa_shiy_a	SC15_Past_VRoot_VerbTerm	NStem_NStem_NStem	SC15_Past_VRoot_VerbTerm	SC15_VRoot_VerbTerm
lo	Dem1a_Pos1	PUNC	Dem1a_Pos1	PronStem5
masipala	NStem	NStem	NStem	NStem
e_ntyumpantyum_pek_a	SC1a_VRoot_VerbTerm	VRoot_VRoot_VRoot_VRoot	SC1a_VRoot_VerbTerm	LocPre_Intrans_Intrans_VerbTerm
e_ma_tyal_e_ni	LocPre_NPrePre6_BPre6_NStem_LocSuf	VRoot_VRoot_VRoot_VRoot_VRoot	LocPre_NPrePre6_BPre6_NStem_LocSuf	LocPre_BPre6_VRoot_VerbTerm_LocSuf
.	Punc	PUNC	Punc	PUNC
Lo	Dem1a_Pos1	PUNC	Dem1a_Pos1	PronStem5
sodolophu	NStem	NStem	NStem	NStem
wa_sek_a	SC1a_Past_VRoot_VerbTerm	NStem_NStem_NStem	SC1a_Past_VRoot_VerbTerm	PossConc3_VRoot_VerbTerm
i_komiti	NPrePre9_NStem	NStem_NStem	NPrePre9_NStem	NPre9_NStem
e_ya_yi_jong_en_e	RelConc9_Pres_SC9_VRoot_RecipExt_VerbTerm	NStem_VRoot_NStem_VRoot_NStem_NStem	RelConc9_Pres_SC9_VRoot_RecipExt_VerbTerm	PossConc6_Pres_OC9_VRoot_RecipExt_VerbTerm
ne_mali	AdvPre_NPrePre9_NStem	PUNC_PUNC	AdvPre_NPrePre9_NStem	AdvPre_NStem
e_ngen_a_yo	RelConc9_VRoot_VerbTerm_RelSuf	NStem_NStem_NStem_NStem	RelConc9_VRoot_VerbTerm_RelSuf	PossConc6_VRoot_VerbTerm_PronStem9
n_e_phum_a_yo	AdvPre_RelConc9_VRoot_VerbTerm_RelSuf	VRoot_VRoot_VRoot_VRoot_VRoot	AdvPre_RelConc9_VRoot_VerbTerm_RelSuf	AdvPre_NegPre_VRoot_VerbTerm_RelSuf
n_e_y_a_yi_hlangan_a	AdvPre_RelConc9_Past_SC9_VRoot_VerbTerm	VRoot_VRoot_NStem_NStem_VRoot_VRoot_NStem	AdvPre_RelConc9_Past_SC9_VRoot_VerbTerm	AdvPre_LocPre_CopPre_VerbTerm_OC9_VRoot_VerbTerm
ka_nye	AdvPre_AdjStem	PUNC_PUNC	AdvPre_AdjStem	AdvPre_AdjStem
nge_veki	AdvPre_NPrePre9_NStem	NStem_NStem	AdvPre_NPrePre9_NStem	AdvPre_Adv
i_nik_e	SC9_VRoot_VerbTerm	NStem_NStem_NStem	SC9_VRoot_VerbTerm	SC9_VRoot_VerbTerm
i_in_gxelo	NPrePre10_BPre10_NStem	NStem_NStem_NStem	NPrePre10_BPre10_NStem	NPrePre9_BPre9_NStem
nge_mali	AdvPre_NPrePre9_NStem	PUNC_PUNC	AdvPre_NPrePre9_NStem	AdvPre_NStem
e_ngen_a_yo	RelConc9_VRoot_VerbTerm_RelSuf	NStem_NStem_NStem_NStem	RelConc9_VRoot_VerbTerm_RelSuf	PossConc6_VRoot_VerbTerm_PronStem9
n_e_phum_a_yo	AdvPre_RelConc9_VRoot_VerbTerm_RelSuf	VRoot_VRoot_VRoot_VRoot_NStem	AdvPre_RelConc9_VRoot_VerbTerm_RelSuf	AdvPre_PossConc6_VRoot_VerbTerm_RelSuf
ku_masipala	LocPre_NPrePre1a_NStem	PUNC_NStem	LocPre_NPrePre1a_NStem	LocPre_NStem
kunye	Conj	PUNC	Conj	Conj
ne_e_n_konzo	AdvPre_NPrePre10_BPre10_NStem	NStem_NStem_VRoot_NStem	AdvPre_NPrePre10_BPre10_NStem	AdvPre_PossConc6_BPre9_NStem
ezi_buthathaka	RelConc10_RelStem	NStem_NStem	RelConc10_RelStem	RelConc7_NStem
ku_m_sebenzi	LocPre_NPrePre3_BPre3_NStem	NStem_NStem_NStem	LocPre_NPrePre3_BPre3_NStem	LocPre_BPre1_NStem
ka_masipala	PossKA_NPrePre1a_NStem	NStem_NStem	PossKA_NPrePre1a_NStem	AdvPre_NStem
na_ku_nikezelo	AdvPre_LocPre_NStem	NStem_NStem_NStem	AdvPre_LocPre_NStem	AdvPre_BPre15_NStem
lwe_e_n_konzo	PossConc11_NPrePre10_BPre10_NStem	VRoot_VRoot_VRoot_VRoot	PossConc11_NPrePre10_BPre10_NStem	PossConc11_PossConc6_BPre9_NStem
.	Punc	PUNC	Punc	PUNC
Njeng_oko	AdvPre_Dem15_Pos2	NStem_NStem	AdvPre_Dem15_Pos2	AdvPre_NStem
u_masipala	NPrePre1a_NStem	NStem_NStem	NPrePre1a_NStem	NPrePre1a_NStem
waye_no_lw_az_i	SC1a_Past_AdvPre_NPrePre11_BPre11_VRoot_VerbTerm	VRoot_VRoot_VRoot_VRoot_VRoot	SC1a_Past_AdvPre_NPrePre11_BPre11_VRoot_VerbTerm	AdvPre_AdvPre_BPre11_VRoot_VerbTerm
olu_ncinci	AdjPref11_AdjStem	NStem_NStem	AdjPref11_AdjStem	RelConc11_NStem
ng_a_ba_hlali	AdvPre_NPrePre2_BPre2_NStem	VRoot_VRoot_VRoot_VRoot	AdvPre_NPrePre2_BPre2_NStem	AdvPre_RelConc6_BPre2_NStem
ba_lo	PossConc2_PronStem5	PUNC_PUNC	PossConc2_PronStem5	PossConc2_PronStem5
masipala	NStem	NStem	NStem	NStem
,	Punc	PUNC	Punc	PUNC
kw_a_qal_is_w_a	SC15_Past_VRoot_CausExt_VerbExt_VerbTerm	VRoot_VRoot_VRoot_VRoot_VRoot_VRoot	SC15_Past_VRoot_CausExt_VerbExt_VerbTerm	BPre15_NegPre_VRoot_CausExt_PassExt_VerbTerm
i_projekthi	NPrePre9_NStem	NStem_NStem	NPrePre9_NStem	NPrePre4_NStem
yo_ku_qokelel_a	PossConc9_NPrePre15_BPre15_VRoot_VerbTerm	VRoot_NStem_VRoot_VRoot	PossConc9_NPrePre15_BPre15_VRoot_VerbTerm	CopPre_OC15_VRoot_VerbTerm
u_lw_az_i	NPrePre11_BPre11_NStem	NStem_NStem_NStem_NStem	NPrePre11_BPre11_NStem	SC3_VRoot_NegPre_VerbTerm
u_kuze	Conj	NStem_NStem	Conj	NPrePre1a_Conj
u_masipala	NPrePre1a_NStem	NStem_NStem	NPrePre1a_NStem	NPrePre1a_NStem
a_be	CopPre_Cop	PUNC_PUNC	CopPre_Cop	SC1_AuxVStem
no_lw_az_i	AdvPre_NPrePre11_BPre11_NStem	NStem_NStem_NStem_NStem	AdvPre_NPrePre11_BPre11_NStem	AdvPre_BPre11_VRoot_VerbTerm
olu_ngcono	RelConc11_RelStem	NStem_NStem	RelConc11_RelStem	RelConc11_NStem
ma_lunga	Adv	PUNC_PUNC	Adv	BPre6_NStem
no_kuba	AdvPre_Conj	PUNC_PUNC	AdvPre_Conj	AdvPre_NStem
ma_ngaphi	AdjPref6_AdjStem	NStem_NStem	AdjPref6_AdjStem	BPre6_NStem
a_ma_khaya	NPrePre6_BPre6_NStem	NStem_NStem_NStem	NPrePre6_BPre6_NStem	NPrePre6_BPre6_NStem
e_ku_funek_a	RelConc6_SC15_VRoot_VerbTerm	NStem_NStem_NStem_NStem	RelConc6_SC15_VRoot_VerbTerm	PossConc6_OC15_VRoot_VerbTerm
iw_a_hli_nz_ek_e	SC9_OC6_VRoot_VerbTerm	VRoot_VRoot_VRoot_VRoot_VRoot_VRoot	SC9_OC6_VRoot_VerbTerm	SC9_VerbTerm_VRoot_VRoot_NPas_VerbTerm
nga_ma_nzi	CopPre_NPrePre6_BPre6_NStem	NStem_NStem_NStem	CopPre_NPrePre6_BPre6_NStem	AdvPre_BPre6_NStem
no_m_bane	AdvPre_NPrePre3_BPre3_NStem	NStem_NStem_NStem	AdvPre_NPrePre3_BPre3_NStem	BPre15_BPre3_NStem
no_kuba	AdvPre_Conj	PUNC_PUNC	AdvPre_Conj	AdvPre_NStem
zi_yi_n_to_ni	CopPre_CopPre_BPre9_NStem_InterrogSuf	NStem_NStem_NStem_NStem_NStem	CopPre_CopPre_BPre9_NStem_InterrogSuf	CopPre_CopPre_BPre9_NStem_LocSuf
i_zi_dingo	NPrePre8_BPre8_NStem	NStem_NStem_NStem	NPrePre8_BPre8_NStem	NPrePre4_BPre4_NStem
ze_e_n_konzo	PossConc10_NPrePre10_BPre10_NStem	NStem_NStem_NStem_NStem	PossConc10_NPrePre10_BPre10_NStem	PossConc9_LocPre_BPre9_NStem
za_bo	PossConc8_PronStem2	PUNC_PUNC	PossConc8_PronStem2	PossConc9_PronStem2
.	Punc	PUNC	Punc	PUNC
U_thi	SC2ps_VRoot_VerbTerm	PUNC_PUNC	SC2ps_VRoot_VerbTerm	RelConc1_NStem
e_yo_na	SC9_PronStem9_PronSuf	NStem_NStem_NStem	SC9_PronStem9_PronSuf	LocPre_PronStem9_PronSuf
n_to	BPre9_NStem	PUNC_PUNC	BPre9_NStem	BPre9_PronStem10
i_m_ncedil_e_yo	SC9_OC1a_VRoot_Perf_VerbTerm_RelSuf	NStem_NStem_NStem_NStem_NStem	SC9_OC1a_VRoot_Perf_VerbTerm_RelSuf	NPrePre4_BPre3_VRoot_VerbTerm_NStem
u_ku_phumez_a	NPrePre15_BPre15_VRoot_VerbTerm	VRoot_VRoot_NStem_NStem	NPrePre15_BPre15_VRoot_VerbTerm	SC3_OC15_VRoot_VerbTerm
oku	Dem15_Pos1	PUNC	Dem15_Pos1	CDEM15
y_i_n_dlel_a	CopPre_NPrePre9_BPre9_NStem	VRoot_NStem_NStem_VRoot_VRoot	CopPre_NPrePre9_BPre9_NStem	CopPre_NPrePre9_BPre9_VRoot_VerbTerm
yo_ku_sebenz_is_a	PossConc9_NPrePre15_BPre15_VRoot_CausExt_VerbTerm	VRoot_VRoot_VRoot_VRoot_VRoot	PossConc9_NPrePre15_BPre15_VRoot_CausExt_VerbTerm	PossConc4_OC15_VRoot_CausExt_VerbTerm
i_in_dlel_a	NPrePre10_BPre10_NStem	NStem_NStem_NStem_NStem	NPrePre10_BPre10_NStem	SC4_VRoot_VRoot_VerbTerm
ya_bon_a	PossConc9_LocPre_PronStem2_PronSuf	PUNC_PUNC_PUNC	PossConc9_LocPre_PronStem2_PronSuf	SC9_VRoot_VerbTerm
ba_ntu	BPre2_NStem	NStem_NStem	BPre2_NStem	BPre2_NStem
ba_phantsi	RelConc2_Adv	NStem_NStem	RelConc2_Adv	BPre2_NStem
.	Punc	PUNC	Punc	PUNC
U_M_thetho	NPrePre3_BPre3_NStem	NStem_NStem_NStem	NPrePre3_BPre3_NStem	NPrePre3_BPre3_NStem
o_biz_w_a	RelConc3_VRoot_PassExt_VerbTerm	NStem_NStem_NStem_NStem	RelConc3_VRoot_PassExt_VerbTerm	SC6_VRoot_PassExt_VerbTerm
The	Foreign	PUNC	Foreign	Foreign
Minicipal	Foreign	NStem	Foreign	ProperName
Property	Foreign	PUNC	Foreign	Foreign
Rates	Foreign	PUNC	Foreign	Foreign
Act	Foreign	PUNC	Foreign	ProperName
u_khokel_a	SC3_VRoot_VerbTerm	NStem_NStem_NStem	SC3_VRoot_VerbTerm	SC3_VRoot_VerbTerm
oo_masipala	NPrePre2a_NStem	NStem_NStem	NPrePre2a_NStem	BPre2a_NStem
ne_n_dlel_a	AdvPre_NPrePre9_BPre9_NStem	NStem_NStem_NStem_NStem	AdvPre_NPrePre9_BPre9_NStem	AdvPre_BPre9_VRoot_VerbTerm
aba_fanel_e	RelConc2_VRoot_VerbTerm	NStem_NStem_NStem	RelConc2_VRoot_VerbTerm	RelConc2_VRoot_VerbTerm
u_ku_m_is_el_a	NPrePre15_BPre15_VRoot_CausExt_ApplExt_VerbTerm	VRoot_VRoot_VRoot_VRoot_VRoot_VRoot	NPrePre15_BPre15_VRoot_CausExt_ApplExt_VerbTerm	SC2ps_OC15_VRoot_CausExt_ApplExt_VerbTerm
i_in_tlawulo	NPrePre10_BPre10_NStem	VRoot_NStem_VRoot	NPrePre10_BPre10_NStem	NPrePre9_BPre9_NStem
nga_yo	AdvPre_PronStem9	PUNC_PUNC	AdvPre_PronStem9	AdvPre_PronStem9
(	Punc	PUNC	Punc	PUNC
i_i_rhafu	NPrePre10_BPre10_NStem	NStem_NStem_NStem	NPrePre10_BPre10_NStem	NPrePre4_NPrePre4_NStem
nge_ntlawulo	AdvPre_NPrePre9_BPre9_NStem	VRoot_VRoot	AdvPre_NPrePre9_BPre9_NStem	AdvPre_NStem
)	Punc	PUNC	Punc	PUNC
kw_i_in_dawo	LocPre_NPrePre10_BPre10_NStem	VRoot_VRoot_NStem_NStem	LocPre_NPrePre10_BPre10_NStem	PossConc15_NPrePre9_BPre9_NStem
za_bo	PossConc10_PronStem2	PUNC_PUNC	PossConc10_PronStem2	PossConc9_PronStem2
.	Punc	PUNC	Punc	PUNC
U_M_thetho	NPrePre3_BPre3_NStem	NStem_NStem_NStem	NPrePre3_BPre3_NStem	NPrePre3_BPre3_NStem
u_ne_n_jongo	CopPre_AdvPre_NPrePre9_BPre9_NStem	NStem_NStem_NStem_NStem	CopPre_AdvPre_NPrePre9_BPre9_NStem	BPre3_AdvPre_BPre9_NStem
yo_kw_enz_a	PossConc9_NPrePre15_BPre15_VRoot_VerbTerm	NStem_NStem_NStem_NStem	PossConc9_NPrePre15_BPre15_VRoot_VerbTerm	PossConc9_OC15_VRoot_VerbTerm
i_in_dlel_a	NPrePre10_BPre10_NStem	NStem_VRoot_NStem_NStem	NPrePre10_BPre10_NStem	SC4_SC4_VRoot_VerbTerm
zo_ku_bek_a	PossConc10_NPrePre15_BPre15_VRoot_VerbTerm	NStem_NStem_NStem_NStem	PossConc10_NPrePre15_BPre15_VRoot_VerbTerm	RelConc10_OC15_VRoot_VerbTerm
i_xabiso	NPrePre5_BPre5_NStem	NStem_NStem	NPrePre5_BPre5_NStem	NPrePre4_NStem
e_m_pahle_ni	LocPre_NPrePre9_BPre9_NStem_LocSuf	VRoot_VRoot_VRoot_VRoot	LocPre_NPrePre9_BPre9_NStem_LocSuf	LocPre_BPre3_NStem_LocSuf
ngo_hlobo	AdvPre_NPrePre11_BPre11_NStem	NStem_NStem	AdvPre_NPrePre11_BPre11_NStem	AdvPre_NStem
olu_bek_a	RelConc11_VRoot_VerbTerm	PUNC_NStem_PUNC	RelConc11_VRoot_VerbTerm	RelConc11_VRoot_VerbTerm
i_in_tlawulo	NPrePre10_BPre10_NStem	PUNC_PUNC_PUNC	NPrePre10_BPre10_NStem	NPrePre9_BPre9_NStem
ezi_nga_khethi	RelConc10_NegPre_VRoot_VerbTerm	NStem_NStem_NStem	RelConc10_NegPre_VRoot_VerbTerm	RelConc5_NegPre_NStem
cala	NStem	PUNC	NStem	NStem
na_ngo_bu_lungis_a	AdvPre_AdvPre_NPrePre14_BPre14_NStem	VRoot_VRoot_VRoot_VRoot_VRoot	AdvPre_AdvPre_NPrePre14_BPre14_NStem	AdvPre_CopPre_OC14_VRoot_VerbTerm
.	Punc	PUNC	Punc	PUNC
U_ku_vavany_a	NPrePre15_BPre15_VRoot_VerbTerm	VRoot_VRoot_VRoot_VRoot	NPrePre15_BPre15_VRoot_VerbTerm	SC2ps_BPre15_VRoot_VerbTerm
i_projekthi	NPrePre9_NStem	NStem_NStem	NPrePre9_NStem	NPrePre4_NStem
_	Punc		Punc	
u_ku_s_a	NPrePre15_BPre15_VRoot_VerbTerm	NStem_NStem_NStem_NStem	NPrePre15_BPre15_VRoot_VerbTerm	SC3_OC15_VRoot_VerbTerm
i_so	NPrePre5_BPre5_NStem	PUNC_PUNC	NPrePre5_BPre5_NStem	NPrePre4_PronStem7
no_ku_phononong_a	AdvPre_NPrePre15_BPre15_VRoot_VerbTerm	VRoot_VRoot_VRoot_VRoot	AdvPre_NPrePre15_BPre15_VRoot_VerbTerm	AdvPre_BPre15_VRoot_VerbTerm
ku_setyenz_is_w_a	SC15_VRoot_CausExt_PassExt_VerbTerm	VRoot_VRoot_VRoot_VRoot_VRoot	SC15_VRoot_CausExt_PassExt_VerbTerm	SC15_VRoot_CausExt_PassExt_VerbTerm
i_z_alathisi	NPrePre8_BPre8_NStem	NStem_NStem_NStem	NPrePre8_BPre8_NStem	NPrePre4_CopPre_NStem
e_sel_e	RelConc8_AuxVStem	NStem_NStem_NStem	RelConc8_AuxVStem	SC6_VRoot_VerbTerm
zi_m_is_iw_e	SC8_VRoot_CausExt_PassExt_VerbTerm	VRoot_VRoot_VRoot_VRoot_VRoot	SC8_VRoot_CausExt_PassExt_VerbTerm	SC2_VRoot_CausExt_PassExt_VerbTerm
u_ku_jong_a	NPrePre15_BPre15_VRoot_VerbTerm	NStem_NStem_NStem_NStem	NPrePre15_BPre15_VRoot_VerbTerm	SC3_OC15_VRoot_VerbTerm
i_n_dlel_a	NPrePre9_BPre9_NStem	NStem_NStem_NStem_NStem	NPrePre9_BPre9_NStem	NPrePre9_BPre9_VRoot_VerbTerm
i_projekthi	NPrePre9_NStem	PUNC_PUNC	NPrePre9_NStem	NPrePre4_NStem
e_qhub_el_a	RelConc9_VRoot_ApplExt_VerbTerm	NStem_NStem_NStem_VRoot	RelConc9_VRoot_ApplExt_VerbTerm	SC6_VRoot_ApplExt_VerbTerm
phambili	Adv	PUNC	Adv	Adv
nga_yo	AdvPre_PronStem9	PUNC_PUNC	AdvPre_PronStem9	AdvPre_PronStem9
,	Punc	PUNC	Punc	PUNC
y_e_yi_phi	CopPre_RelConc4_EnumConc4_EnumStem	NStem_NStem_NStem_NStem	CopPre_RelConc4_EnumConc4_EnumStem	PossConc9_LocPre_CopPre_EnumStem
i_mi_ngeni	NPrePre4_BPre4_NStem	NStem_NStem_NStem	NPrePre4_BPre4_NStem	NPrePre4_BPre4_NStem
e_vel_il_e_yo	RelConc4_VRoot_Perf_VerbTerm_RelSuf	NStem_NStem_NStem_NStem_NStem	RelConc4_VRoot_Perf_VerbTerm_RelSuf	LocPre_VRoot_ApplExt_VerbTerm_PronStem9
no_kuba	AdvPre_Conj	PUNC_PUNC	AdvPre_Conj	AdvPre_NStem
ku_funek_a	SC5_VRoot_VerbTerm	NStem_NStem_NStem	SC5_VRoot_VerbTerm	BPre15_VRoot_VerbTerm
ku_lungelelan_is_w_e	SC15_VRoot_CausExt_PassExt_VerbTerm	VRoot_VRoot_VRoot_VRoot_VRoot	SC15_VRoot_CausExt_PassExt_VerbTerm	SC15_VRoot_CausExt_PassExt_VerbTerm
njani	Adv	NStem	Adv	Adv
u_ku_qhuty_w_a	NPrePre15_BPre15_VRoot_PassExt_VerbTerm	VRoot_VRoot_VRoot_VRoot_VRoot	NPrePre15_BPre15_VRoot_PassExt_VerbTerm	SC3_OC15_VRoot_PassExt_VerbTerm
.	Punc	PUNC	Punc	PUNC
U_kuba	Conj	PUNC_PUNC	Conj	NPrePre1a_NStem
u_masipala	NPrePre1a_NStem	NStem_NStem	NPrePre1a_NStem	NPrePre1a_NStem
u_cinga	SC1a_VRoot_VerbTerm	NStem_NStem	SC1a_VRoot_VerbTerm	NPrePre1a_NStem
u_ku_sek_a	NPrePre15_BPre15_VRoot_VerbTerm	NStem_NStem_NStem_NStem	NPrePre15_BPre15_VRoot_VerbTerm	SC3_OC15_VRoot_VerbTerm
i_si_cwangciso__nkqubo	NPrePre7_BPre7_NStem_BPre9_NStem	VRoot_VRoot_VRoot_VRoot	NPrePre7_BPre7_NStem_BPre9_NStem	NPrePre4_BPre7_NStem_NStem
se__HIV	PossConc7_NPrePre9_Abbr	PUNC_PUNC	PossConc7_NPrePre9_Abbr	PossConc7_Abbr
/	Punc	PUNC	Punc	PUNC
AIDS	Abbr	PUNC	Abbr	ProperName
.	Punc	PUNC	Punc	PUNC
I_n_kqubo	NPrePre9_BPre9_NStem	NStem_NStem_NStem	NPrePre9_BPre9_NStem	NPrePre9_BPre9_NStem
e_sebenz_a_yo	RelConc9_VRoot_VerbTerm_RelSuf	VRoot_VRoot_VRoot_VRoot	RelConc9_VRoot_VerbTerm_RelSuf	PossConc6_VRoot_VerbTerm_RelSuf
ye__HIV	PossConc9_NPrePre9_Abbr	PUNC_PUNC	PossConc9_NPrePre9_Abbr	PossConc9_Abbr
/	Punc	PUNC	Punc	PUNC
AIDS	Abbr	PUNC	Abbr	ProperName
i_fun_a	SC9_VRoot_VerbTerm	NStem_NStem_NStem	SC9_VRoot_VerbTerm	SC4_VRoot_VerbTerm
i_n_kqubo__si_khokelo	NPrePre9_BPre9_NStem_BPre7_NStem	VRoot_VRoot_VRoot_VRoot_VRoot	NPrePre9_BPre9_NStem_BPre7_NStem	NPrePre9_BPre9_NStem_BPre7_NStem
ne_n_tsebenziswano	AdvPre_NPrePre9_BPre9_NStem	VRoot_VRoot_VRoot	AdvPre_NPrePre9_BPre9_NStem	AdvPre_BPre9_NStem
kunye	Conj	PUNC	Conj	Adv
ne_n_kxaso	AdvPre_NPrePre9_BPre9_NStem	NStem_NStem_NStem	AdvPre_NPrePre9_BPre9_NStem	AdvPre_NPre9_NStem
e_suk_a	RelConc6_SC9_VRoot_VerbTerm	NStem_NStem_NStem	RelConc6_SC9_VRoot_VerbTerm	SC6_VRoot_VerbTerm
ku_wo	LocPre_PronStem6	PUNC_PUNC	LocPre_PronStem6	LocPre_PronStem6
o_nke	QuantConc6_QuantStem	NStem_NStem	QuantConc6_QuantStem	QuantConc6_NStem
a_ma_qela	NPrePre6_BPre6_NStem	NStem_NStem_NStem	NPrePre6_BPre6_NStem	NPrePre6_BPre6_NStem
a_chaphazel_ek_a_yo	RelConc6_VRoot_NeutExt_VerbTerm_RelSuf	VRoot_VRoot_VRoot_VRoot_VRoot	RelConc6_VRoot_NeutExt_VerbTerm_RelSuf	SC6_VRoot_NeutExt_VerbTerm_RelSuf
.	Punc	PUNC	Punc	PUNC
I_bhunga	NPrePre5_NStem	NStem_NStem	NPrePre5_NStem	BPre9_NStem
li_nga_sek_a	SC5_Pot_VRoot_VerbTerm	NStem_NStem_NStem_NStem	SC5_Pot_VRoot_VerbTerm	SC5_Pot_VRoot_VerbTerm
i_Qong_a	NPrePre5_BPre5_NStem	NStem_NStem_NStem	NPrePre5_BPre5_NStem	SC9_VRoot_VerbTerm
le_e_N_gxoxo	PossConc5_NPrePre10_BPre10_NStem	VRoot_VRoot_VRoot_VRoot	PossConc5_NPrePre10_BPre10_NStem	PossConc5_PossConc6_NPre9_NStem
kunye	Conj	PUNC	Conj	Adv
na_bo	AdvPre_PronStem2	PUNC_PUNC	AdvPre_PronStem2	AdvPre_PronStem2
bo_nke	QuantConc2_QuantStem	NStem_NStem	QuantConc2_QuantStem	BPre2a_NStem
a_ba_dlali__ndima	NPrePre2_BPre2_NStem_BPre9_NStem	VRoot_VRoot_VRoot_VRoot	NPrePre2_BPre2_NStem_BPre9_NStem	RelConc6_BPre2_NStem_NStem
a_ba_quk_a	RelConc2_VRoot_VerbTerm	NStem_NStem_NStem_NStem	RelConc2_VRoot_VerbTerm	SC6_OC2_VRoot_VerbTerm
i_n_kxaso	NPrePre9_BPre9_NStem	NStem_VRoot_NStem	NPrePre9_BPre9_NStem	NPrePre9_BPre9_NStem
ka_zwelonke	PossKA_NPrePre1a_NStem	NStem_NStem	PossKA_NPrePre1a_NStem	AdvPre_NStem
n_e_ye_phondo	AdvPre_RelConc9_PossConc9_NPrePre5_BPre5_NStem	NStem_NStem_NStem_NStem	AdvPre_RelConc9_PossConc9_NPrePre5_BPre5_NStem	AdvPre_PossConc6_PossConc9_NStem
e_njenge_Sebe	RelConc9_AdvPre_NPrePre5_NStem	NStem_NStem_NStem	RelConc9_AdvPre_NPrePre5_NStem	LocPre_AdvPre_NStem
l_e_ze_M_pilo	PossConc5_RelConc8_PossConc8_NPrePre9_BPre9_NStem	VRoot_VRoot_VRoot_VRoot_VRoot	PossConc5_RelConc8_PossConc8_NPrePre9_BPre9_NStem	PossConc5_LocPre_PossConc9_NPre9_NStem
,	Punc	PUNC	Punc	PUNC
i_Sebe	NPrePre5_BPre5_NStem	PUNC_PUNC	NPrePre5_BPre5_NStem	NPrePre4_NStem
le_Mi_cimbi	PossConc5_NPrePre4_BPre4_NStem	NStem_NStem_NStem	PossConc5_NPrePre4_BPre4_NStem	PossConc5_BPre4_NStem
ya_Ma_nzi	PossConc4_NPrePre6_BPre6_NStem	NStem_NStem_NStem	PossConc4_NPrePre6_BPre6_NStem	PossConc9_BPre6_NStem
ne_Sebe	AdvPre_NPrePre5_BPre5_NStem	PUNC_PUNC	AdvPre_NPrePre5_BPre5_NStem	AdvPre_NStem
l_e_ze_M_fundo	PossConc5_RelConc8_PossConc8_NPrePre9_BPre9_NStem	NStem_VRoot_VRoot_NStem_VRoot	PossConc5_RelConc8_PossConc8_NPrePre9_BPre9_NStem	PossConc5_LocPre_PossConc9_NPre9_NStem
,	Punc	NStem	Punc	PUNC
i_i__NGO	NPrePre10_BPre10_Abbr	NStem_NStem_NStem	NPrePre10_BPre10_Abbr	NPrePre4_NPre9_Abbr
ne_e__CBO	AdvPre_NPrePre10_BPre10_Abbr	NStem_NStem_NStem	AdvPre_NPrePre10_BPre10_Abbr	AdvPre_LocPre_Abbr
ezi_sebenz_a	RelConc10_VRoot_VerbTerm	NStem_NStem_NStem	RelConc10_VRoot_VerbTerm	RelConc7_VRoot_VerbTerm
ngo_m_ba	AdvPre_NPrePre3_BPre3_NStem	NStem_NStem_NStem	AdvPre_NPrePre3_BPre3_NStem	CopPre_BPre3_AuxVStem
we__HIV	PossConc3_NPrePre9_Abbr	PUNC_PUNC	PossConc3_NPrePre9_Abbr	PossConc9_Abbr
/	Punc	PUNC	Punc	PUNC
AIDS	Abbr	PUNC	Abbr	ProperName
,	Punc	PUNC	Punc	PUNC
i_mi_butho	NPrePre4_BPre4_NStem	NStem_NStem_NStem	NPrePre4_BPre4_NStem	NPrePre4_BPre4_NStem
yo_no_on_tlalo__n_tle	PossConc4_AdvPre_NPrePre2a_BPre9_NStem_BPre9_AdjStem	VRoot_VRoot_VRoot_VRoot_VRoot_VRoot	PossConc4_AdvPre_NPrePre2a_BPre9_NStem_BPre9_AdjStem	PronStem9_AdvPre_BPre10_NStem_BPre9_NStem
,	Punc	PUNC	Punc	PUNC
a_ma_bhunga	NPrePre6_BPre6_NStem	NStem_NStem_NStem	NPrePre6_BPre6_NStem	NPrePre6_BPre6_NStem
esi_thili	PossConc6_NPrePre7_BPre7_NStem	NStem_NStem	PossConc6_NPrePre7_BPre7_NStem	RelConc7_NStem
ne_n_gingqi	AdvPre_NPrePre9_BPre9_NStem	NStem_NStem_NStem	AdvPre_NPrePre9_BPre9_NStem	AdvPre_BPre9_NStem
e__AIDS	PossConc6_NPrePre9_Abbr	PUNC_PUNC	PossConc6_NPrePre9_Abbr	LocPre_ProperName
na_ma_ziko	AdvPre_NPrePre6_BPre6_NStem	NStem_NStem_NStem	AdvPre_NPrePre6_BPre6_NStem	AdvPre_BPre6_NStem
e_n_kolo	PossConc6_NPrePre9_BPre9_NStem	NStem_NStem_NStem	PossConc6_NPrePre9_BPre9_NStem	PossConc6_NPre9_NStem
.	Punc	PUNC	Punc	PUNC
I_si_cwangciso__nkqubo	NPrePre7_BPre7_NStem_BPre9_NStem	VRoot_VRoot_VRoot_VRoot	NPrePre7_BPre7_NStem_BPre9_NStem	NPrePre4_BPre7_NStem_NStem
esi_banzi	RelConc7_RelStem	NStem_NStem	RelConc7_RelStem	RelConc7_NStem
si_y_a	SC1_AuxVStem	NStem_NStem_NStem	SC1_AuxVStem	SC1_VRoot_VerbTerm
ku_funek_a	SC15_VRoot_VerbTerm	NStem_NStem_NStem	SC15_VRoot_VerbTerm	BPre15_VRoot_VerbTerm
njeng_oko	AdvPre_Dem15_Pos2	NStem_NStem	AdvPre_Dem15_Pos2	AdvPre_NStem
i__HIV	NPrePre9_Abbr	PUNC_PUNC	NPrePre9_Abbr	NPre9_Abbr
/	Punc	Conj	Punc	PUNC
AIDS	Abbr	PUNC	Abbr	ProperName
i_ne_m_pembelelo	CopPre_CopPre_NPrePre9_BPre9_NStem	VRoot_VRoot_VRoot_VRoot	CopPre_CopPre_NPrePre9_BPre9_NStem	BPre9_AdvPre_BPre3_NStem
e_ba_ntw_an_e_ni	LocPre_OC2_NStem_DimSuf_LocSuf	VRoot_VRoot_VRoot_VRoot_VRoot_VRoot	LocPre_OC2_NStem_DimSuf_LocSuf	LocPre_OC2_VRoot_RecipExt_VerbTerm_LocSuf
aba_z_i_in_kedama	RelConc2_CopPre_NPrePre10_BPre10_NStem	VRoot_VRoot_VRoot_VRoot_VRoot	RelConc2_CopPre_NPrePre10_BPre10_NStem	NegPre_VRoot_VerbTerm_BPre9_NStem
na_ba_nga_fuman_i	AdvPre_RelConc2_NegPre_VRoot_VerbTerm	VRoot_VRoot_VRoot_VRoot_VRoot	AdvPre_RelConc2_NegPre_VRoot_VerbTerm	AdvPre_OC2_NegPre_VRoot_VerbTerm
n_kathalelo	BPre9_NStem	NStem_NStem	BPre9_NStem	NPre9_NStem
e_suk_a	RelConc9_VRoot_VerbTerm	NStem_NStem_NStem	RelConc9_VRoot_VerbTerm	SC6_VRoot_VerbTerm
ku_ba_zali	LocPre_NPrePre2_BPre2_NStem	NStem_NStem_NStem	LocPre_NPrePre2_BPre2_NStem	LocPre_BPre2_NStem
ne_n_kxaso	AdvPre_NPrePre9_BPre9_NStem	NStem_NStem_NStem	AdvPre_NPrePre9_BPre9_NStem	AdvPre_BPre9_NStem
nge_ze_mali	AdvPre_RelConc8_PossConc8_NPrePre9_NStem	NStem_NStem_NStem	AdvPre_RelConc8_PossConc8_NPrePre9_NStem	AdvPre_BPre10_NStem
,	Punc	PUNC	Punc	PUNC
aba_ntu	NPrePre2_BPre2_NStem	NStem_NStem	NPrePre2_BPre2_NStem	RelConc2_NStem
a_ba_dala	AdjPref2_AdjStem	NStem_NStem_NStem	AdjPref2_AdjStem	PossConc6_OC2_NStem
aba_nge_na_ba_ntu	RelConc2_NegPre_CopPre_NStem	NStem_NStem_NStem_NStem_NStem	RelConc2_NegPre_CopPre_NStem	RelConc2_NegPre_AdvPre_BPre2_NStem
bo_ku_ba_khathal_el_a	PossConc2_NPrePre15_BPre15_OC2_VRoot_ApplExt_VerbTerm	VRoot_VRoot_VRoot_VRoot_VRoot_VRoot	PossConc2_NPrePre15_BPre15_OC2_VRoot_ApplExt_VerbTerm	SC2_BPre15_OC2_VRoot_ApplExt_VerbTerm
kunye	Conj	PUNC	Conj	Adv
na_ba_ntu	AdvPre_NPrePre2_BPre2_NStem	NStem_NStem_NStem	AdvPre_NPrePre2_BPre2_NStem	AdvPre_BPre2_NStem
aba_tsha	AdjPref2_AdjStem	NStem_NStem	AdjPref2_AdjStem	AdjPref2_AdjStem
.	Punc	PUNC	Punc	PUNC
I_m_pembelelo	NPrePre9_BPre9_NStem	NStem_NStem_NStem	NPrePre9_BPre9_NStem	NPrePre9_BPre9_NStem
y_e_zo_qoqosho	PossConc9_RelConc9_PossConc8_NPrePre11_BPre11_NStem	VRoot_VRoot_VRoot_VRoot	PossConc9_RelConc9_PossConc8_NPrePre11_BPre11_NStem	PossConc4_LocPre_BPre7_NStem
n_e_ye_n_tlalo	AdvPre_RelConc8_PossConc9_NPrePre9_BPre9_NStem	PUNC_PUNC_PUNC_PUNC_PUNC	AdvPre_RelConc8_PossConc9_NPrePre9_BPre9_NStem	AdvPre_LocPre_PossConc9_BPre9_NStem
kw_i_bhunga	LocPre_NPrePre5_BPre5_NStem	NStem_NStem_NStem	LocPre_NPrePre5_BPre5_NStem	PossConc15_NPrePre4_NStem
i_kwa_fun_a	SC9_AdvPre_VRoot_VerbTerm	NStem_NStem_NStem_NStem	SC9_AdvPre_VRoot_VerbTerm	SC4_OC6_VRoot_VerbTerm
u_ku_qwalasel_w_a	NPrePre15_BPre15_VRoot_PassExt_VerbTerm	VRoot_VRoot_VRoot_VRoot_VRoot	NPrePre15_BPre15_VRoot_PassExt_VerbTerm	SC3_OC15_VRoot_PassExt_VerbTerm
kwaye	Conj	PUNC	Conj	Adv
i_bhunga	NPrePre5_NStem	NStem_NStem	NPrePre5_NStem	NPrePre4_NStem
li_nga_sek_a	SC5_Pot_VRoot_VerbTerm	NStem_NStem_NStem_NStem	SC5_Pot_VRoot_VerbTerm	SC5_Pot_VRoot_VerbTerm
i_Qong_a	NPrePre5_BPre5_NStem	NStem_NStem_NStem	NPrePre5_BPre5_NStem	SC9_VRoot_VerbTerm
le_e_N_gxoxo	PossConc5_NPrePre10_BPre10_NStem	VRoot_VRoot_VRoot_VRoot	PossConc5_NPrePre10_BPre10_NStem	PossConc5_PossConc6_BPre9_NStem
u_kuba	Conj	PUNC_PUNC	Conj	NPrePre1a_NStem
l_enz_e	SC5_VRoot_VerbTerm	NStem_NStem_NStem	SC5_VRoot_VerbTerm	SC5_VRoot_VerbTerm
a_ma_lungiselelo	NPrePre6_BPre6_NStem	VRoot_NStem_NStem	NPrePre6_BPre6_NStem	NPrePre6_BPre6_NStem
esi_cwangciso__nkqubo	PossConc6_NPrePre7_BPre7_NStem_BPre9_NStem	VRoot_VRoot_VRoot	PossConc6_NPrePre7_BPre7_NStem_BPre9_NStem	RelConc7_NStem_NStem
esi_bandakany_a	RelConc7_VRoot_VerbTerm	VRoot_NStem_VRoot	RelConc7_VRoot_VerbTerm	RelConc7_VRoot_VerbTerm
u_lu_ntu	NPrePre11_BPre11_NStem	NStem_NStem_NStem	NPrePre11_BPre11_NStem	NPrePre1_BPre11_NStem
lu_lo_nke	CopPre_QuantConc11_QuantStem	NStem_NStem_NStem	CopPre_QuantConc11_QuantStem	BPre11_RelConc3_NStem
ku_m_mandla	LocPre_NPrePre3_BPre3_NStem	NStem_NStem_NStem	LocPre_NPrePre3_BPre3_NStem	LocPre_BPre3_NStem
.	Punc	PUNC	Punc	PUNC
U_m_sebenzi	NPrePre3_BPre3_NStem	NStem_NStem_NStem	NPrePre3_BPre3_NStem	NPrePre1_BPre1_NStem
we_qela	PossConc3_NPrePre5_BPre5_NStem	NStem_NStem	PossConc3_NPrePre5_BPre5_NStem	PossConc3_NStem
wo_ku_gqibezel_a	PossConc3_BPre15_VRoot_VerbTerm	VRoot_VRoot_VRoot_VRoot	PossConc3_BPre15_VRoot_VerbTerm	PossConc3_OC15_VRoot_VerbTerm
u_thungelwano	NPrePre11_NStem	NStem_NStem	NPrePre11_NStem	NPrePre1a_NStem
lwe__SW_OT	PossConc11_NPrePre9_Abbr	NStem_NStem_NStem	PossConc11_NPrePre9_Abbr	PossConc11_Abbr_Abbr
ne_Komiti	AdvPre_NPrePre9_NStem	NStem_NStem	AdvPre_NPrePre9_NStem	AdvPre_NStem
ye_Wadi	PossConc9_NPrePre9_NStem	NStem_NStem	PossConc9_NPrePre9_NStem	PossConc9_NStem
zi_nik_e	SC10_VRoot_VerbTerm	NStem_NStem_NStem	SC10_VRoot_VerbTerm	SC7_VRoot_VerbTerm
ma_lunga	Adv	PUNC_PUNC	Adv	BPre6_NStem
ne_e_yure	AdvPre_NPrePre10_BPre10_NStem	NStem_NStem_NStem	AdvPre_NPrePre10_BPre10_NStem	AdvPre_LocPre_NStem
ezim_bini	AdjPref10_AdjStem	NStem_NStem	AdjPref10_AdjStem	PossConc6_NStem
.	Punc	PUNC	Punc	PUNC
U_m_sebenzi	NPrePre1_BPre1_NStem	NStem_NStem_NStem	NPrePre1_BPre1_NStem	NPrePre1_BPre1_NStem
2	Num	PUNC	Num	NUM
Yi_ba	CopPre_Cop	PUNC_PUNC	CopPre_Cop	CopPre_AuxVStem
no_m_bono	CopPre_NPrePre3_BPre3_NStem	NStem_NStem_NStem	CopPre_NPrePre3_BPre3_NStem	AdvPre_BPre3_NStem
wo_suku	PossConc3_NPrePre11_BPre11_NStem	PUNC_PUNC	PossConc3_NPrePre11_BPre11_NStem	PossConc3_NStem
lwe_si_qhelo	PossConc11_NPrePre7_BPre7_NStem	VRoot_VRoot_VRoot	PossConc11_NPrePre7_BPre7_NStem	PossConc11_BPre7_NStem
lwe_n_kosikazi	PossConc11_NPrePre9_BPre9_NStem	VRoot_VRoot_VRoot	PossConc11_NPrePre9_BPre9_NStem	PossConc11_NPre9_NStem
no_m_yeni	AdvPre_NPrePre1_BPre1_NStem	NStem_NStem_NStem	AdvPre_NPrePre1_BPre1_NStem	AdvPre_BPre3_NStem
kw_i_qela	LocPre_NPrePre5_BPre5_NStem	NStem_NStem_NStem	LocPre_NPrePre5_BPre5_NStem	PossConc15_NPrePre4_NStem
la_s_e_ku_hlal_e_ni	PossConc5_PreLoc-s_LocPre_NPrePre15_BPre15_VRoot_VerbTerm_LocSuf	NStem_NStem_NStem_NStem_NStem_NStem_NStem	PossConc5_PreLoc-s_LocPre_NPrePre15_BPre15_VRoot_VerbTerm_LocSuf	PossConc5_PreLocs_LocPre_BPre15_VRoot_VerbTerm_LocSuf
oli_kheth_il_e_yo	RelConc1_OC5_VRoot_Perf_VerbTerm_RelSuf	VRoot_VRoot_NStem_VRoot_VRoot	RelConc1_OC5_VRoot_Perf_VerbTerm_RelSuf	RelConc3_VRoot_ApplExt_VerbTerm_RelSuf
.	Punc	PUNC	Punc	PUNC
Sebenz_is_a	VRoot_CausExt_VerbTerm	NStem_NStem_NStem	VRoot_CausExt_VerbTerm	VRoot_CausExt_VerbTerm
i_theyibhile	NPrePre9_NStem	NStem_NStem	NPrePre9_NStem	NPrePre4_NStem
kw_i_phepha	LocPre_NPrePre5_BPre5_NStem	NStem_NStem_NStem	LocPre_NPrePre5_BPre5_NStem	PossConc15_NPrePre4_NStem
eli_landel_a_yo	RelConc5_VRoot_VerbTerm_RelSuf	NStem_NStem_NStem_NStem	RelConc5_VRoot_VerbTerm_RelSuf	RelConc5_VRoot_VerbTerm_RelSuf
u_ku_dwel_is_a	NPrePre15_BPre15_VRoot_CausExt_VerbTerm	VRoot_VRoot_VRoot_VRoot_VRoot	NPrePre15_BPre15_VRoot_CausExt_VerbTerm	SC2ps_OC15_VRoot_CausExt_VerbTerm
i_mi_sebenzi	NPrePre4_BPre4_NStem	NStem_NStem_NStem	NPrePre4_BPre4_NStem	NPrePre4_BPre4_NStem
e_y_enz_iw_a	RelConc4_OC9_VRoot_PassExt_VerbTerm	VRoot_VRoot_VRoot_VRoot_VRoot	RelConc4_OC9_VRoot_PassExt_VerbTerm	PossConc6_OC4_VRoot_PassExt_VerbTerm
y_i_n_kosikazi	CopPre_NPrePre9_BPre9_NStem	VRoot_VRoot_VRoot_VRoot	CopPre_NPrePre9_BPre9_NStem	CopPre_NPrePre9_BPre9_NStem
no_m_yeni	AdvPre_NPrePre1_BPre1_NStem	NStem_NStem_NStem	AdvPre_NPrePre1_BPre1_NStem	AdvPre_BPre3_NStem
e_m_zi_ni	LocPre_NPrePre3_BPre3_NStem_LocSuf	NStem_NStem_NStem_NStem	LocPre_NPrePre3_BPre3_NStem_LocSuf	LocPre_BPre3_NStem_LocSuf
nge_e_yure	AdvPre_NPrePre9_BPre10_NStem	NStem_NStem_NStem	AdvPre_NPrePre9_BPre10_NStem	AdvPre_LocPre_NStem
ezi_nga_ma__2_4	RelConc10_CopPre_NPrePre6_BPre6_Num	NStem_NStem_NStem_NStem_NStem	RelConc10_CopPre_NPrePre6_BPre6_Num	RelConc10_AdvPre_BPre6_Num_Num
ku_xwebhu	LocPre_NPrePre11_BPre11_NStem	NStem_NStem	LocPre_NPrePre11_BPre11_NStem	LocPre_NStem
lwe_phepha	PossConc11_NPrePre5_BPre5_NStem	NStem_NStem	PossConc11_NPrePre5_BPre5_NStem	PossConc11_NStem
le_fli_phutshathi	PossConc5_NPrePre9_NStem	VRoot_VRoot_VRoot	PossConc5_NPrePre9_NStem	PossConc5_BPre5_NStem
.	Punc	PUNC	Punc	PUNC
Gcwalis_a	VRoot_CausExt_VerbTerm	NStem_NStem	VRoot_CausExt_VerbTerm	VRoot_VerbTerm
u_m_sebenzi	NPrePre3_BPre3_NStem	NStem_NStem_NStem	NPrePre3_BPre3_NStem	NPrePre1_BPre3_NStem
u_m_ntu	NPrePre1_BPre1_NStem	NStem_NStem_NStem	NPrePre1_BPre1_NStem	NPrePre1_BPre1_NStem
a_w_enz_a_yo	RelConc1_OC3_VRoot_VerbTerm_RelSuf	VRoot_VRoot_VRoot_VRoot_VRoot	RelConc1_OC3_VRoot_VerbTerm_RelSuf	SC6_OC3_VRoot_VerbTerm_PronStem4
nge_xesha	AdvPre_NPrePre5_BPre5_NStem	NStem_NStem	AdvPre_NPrePre5_BPre5_NStem	AdvPre_NStem
eli_bon_is_iw_e_yo	RelConc5_VRoot_CausExt_PassExt_VerbTerm_RelSuf	VRoot_VRoot_VRoot_VRoot_VRoot_VRoot	RelConc5_VRoot_CausExt_PassExt_VerbTerm_RelSuf	RelConc5_VRoot_CausExt_PassExt_VerbTerm_RelSuf
,	Punc	PUNC	Punc	PUNC
no_kuba	AdvPre_Conj	PUNC_PUNC	AdvPre_Conj	AdvPre_NStem
ng_u_m_sebenzi	CopPre_NPrePre3_BPre3_NStem	NStem_NStem_NStem_NStem	CopPre_NPrePre3_BPre3_NStem	CopPre_NPrePre1_BPre3_NStem
o_hlawul_el_w_a_yo	RelConc3_VRoot_ApplExt_PassExt_VerbTerm_RelSuf	VRoot_VRoot_VRoot_VRoot_VRoot_VRoot	RelConc3_VRoot_ApplExt_PassExt_VerbTerm_RelSuf	RelConc3_VRoot_ApplExt_PassExt_VerbTerm_RelSuf
,	Punc	PUNC	Punc	PUNC
kwaye	Conj	PUNC	Conj	Adv
i_n_tlawulo	NPrePre9_BPre9_NStem	NStem_NStem_NStem	NPrePre9_BPre9_NStem	NPrePre9_BPre9_NStem
nge_yure	AdvPre_NPrePre9_NStem	NStem_NStem	AdvPre_NPrePre9_NStem	AdvPre_NStem
i_th_i_ni	SC9_VRoot_VerbTerm_InterrogSuf	NStem_NStem_NStem_NStem	SC9_VRoot_VerbTerm_InterrogSuf	SC9_VRoot_VerbTerm_InterrogSuf
.	Punc	PUNC	Punc	PUNC
Fik_a	VRoot_VerbTerm	PUNC_PUNC	VRoot_VerbTerm	VRoot_VerbTerm
kwa_nge_thuba	AdvPre_AdvPre_NPrePre5_BPre5_NStem	NStem_NStem_NStem	AdvPre_AdvPre_NPrePre5_BPre5_NStem	PossConc15_AdvPre_NStem
u_ze	SC2ps_AuxVStem	PUNC_PUNC	SC2ps_AuxVStem	NPrePre1a_NStem
u_jong_e	SC2ps_VRoot_VerbTerm	NStem_NStem_NStem	SC2ps_VRoot_VerbTerm	SC3_VRoot_VerbTerm
i_zi_xhobo	NPrePre8_BPre8_NStem	NStem_NStem_NStem	NPrePre8_BPre8_NStem	NPrePre4_BPre7_NStem
kwa_nga_phambili	AdvPre_AdvPre_Adv	NStem_NStem_NStem	AdvPre_AdvPre_Adv	PossConc15_AdvPre_NStem
u_ze	SC2ps_AuxVStem	PUNC_PUNC	SC2ps_AuxVStem	NPrePre1a_NStem
u_be_ne_xesha	CopPre_CopPre_AdvPre_NPrePre5_BPre5_NStem	NStem_NStem_NStem_NStem	CopPre_CopPre_AdvPre_NPrePre5_BPre5_NStem	NPrePre1a_BPre2_AdvPre_NStem
el_anel_e_yo	RelConc5_VRoot_VerbTerm_RelSuf	NStem_NStem_NStem_NStem	RelConc5_VRoot_VerbTerm_RelSuf	RelConc5_VRoot_VerbTerm_RelSuf
lo_ku_lungis_a	PossConc5_NPrePre15_BPre15_VRoot_VerbTerm	NStem_NStem_NStem_VRoot	PossConc5_NPrePre15_BPre15_VRoot_VerbTerm	SC15_OC15_VRoot_VerbTerm
u_lw_az_i	NPrePre11_BPre11_NStem	NStem_NStem_NStem_NStem	NPrePre11_BPre11_NStem	SC3_BPre11_VRoot_VerbTerm
o_za	RelConc3_AuxVStem	PUNC_PUNC	RelConc3_AuxVStem	BPre5_NStem
ku_theth_a	SC15_VRoot_VerbTerm	NStem_NStem_NStem	SC15_VRoot_VerbTerm	BPre15_VRoot_VerbTerm
nga_lo	AdvPre_PronStem11	PUNC_PUNC	AdvPre_PronStem11	AdvPre_PronStem11
.	Punc	PUNC	Punc	PUNC
I_n_tlanganiso	NPrePre9_BPre9_NStem	NStem_VRoot_NStem	NPrePre9_BPre9_NStem	NPrePre9_BPre9_NStem
i_xox_a	SC9_VRoot_VerbTerm	NStem_NStem_NStem	SC9_VRoot_VerbTerm	SC9_VRoot_VerbTerm
nge_e_n_kqubo	AdvPre_NPrePre10_BPre10_NStem	VRoot_VRoot_VRoot_VRoot	AdvPre_NPrePre10_BPre10_NStem	AdvPre_LocPre_NPre9_NStem
ze__I_DP	PossConc8_NPrePre9_Abbr	NStem_NStem_NStem	PossConc8_NPrePre9_Abbr	PossConc9_NPre9_Abbr
zo_kw_enz_a	PossConc10_NPrePre15_BPre15_VRoot_VerbTerm	VRoot_VRoot_VRoot_VRoot	PossConc10_NPrePre15_BPre15_VRoot_VerbTerm	NPre2a_OC15_VRoot_VerbTerm
i_si_cwangciso	NPrePre7_BPre7_NStem	NStem_NStem_NStem	NPrePre7_BPre7_NStem	NPrePre4_BPre7_NStem
.	Punc	PUNC	Punc	PUNC
Ku_l_u_ncedo	CopPre_CopPre_NPrePre11_BPre11_NStem	NStem_VRoot_NStem_NStem	CopPre_CopPre_NPrePre11_BPre11_NStem	LocPre_BPre11_NPrePre1a_NStem
u_ku_sebenz_is_a	NPrePre15_BPre15_VRoot_CausExt_VerbTerm	VRoot_VRoot_VRoot_VRoot_VRoot	NPrePre15_BPre15_VRoot_CausExt_VerbTerm	SC2ps_OC15_VRoot_CausExt_VerbTerm
u_m_jikelo	NPrePre3_BPre3_NStem	NStem_NStem_VRoot	NPrePre3_BPre3_NStem	NPrePre3_BPre3_NStem
we__CBP	PossConc3_NPrePre9_Abbr	NStem_NStem	PossConc3_NPrePre9_Abbr	PossConc1_Abbr
.	Punc	PUNC	Punc	PUNC
I_n_tlanganiso	NPrePre9_BPre9_NStem	NStem_NStem_NStem	NPrePre9_BPre9_NStem	NPrePre9_BPre9_NStem
i_kwa_fuman_a	SC9_AdvPre_VRoot_VerbTerm	NStem_NStem_NStem_NStem	SC9_AdvPre_VRoot_VerbTerm	SC4_OC15_VRoot_VerbTerm
u_lw_az_i	NPrePre11_BPre11_NStem	NStem_VRoot_VRoot_VRoot	NPrePre11_BPre11_NStem	SC3_VRoot_NegPre_VerbTerm
kw_i_n_gxoxo	LocPre_NPrePre9_BPre9_NStem	VRoot_VRoot_VRoot_VRoot	LocPre_NPrePre9_BPre9_NStem	PossConc15_NPrePre9_BPre9_NStem
ye_n_tlanganiso	PossConc9_NPrePre9_BPre9_NStem	NStem_NStem_NStem	PossConc9_NPrePre9_BPre9_NStem	PossConc9_NPre9_NStem
e_y_andulel_a	RelConc9_SC9_VRoot_VerbTerm	VRoot_VRoot_VRoot_VRoot	RelConc9_SC9_VRoot_VerbTerm	PossConc6_Pres_VRoot_VerbTerm
i_si_cwangciso	NPrePre7_BPre7_NStem	VRoot_VRoot_NStem	NPrePre7_BPre7_NStem	NPrePre4_BPre7_NStem
,	Punc	PUNC	Punc	PUNC
a_ma_qela	NPrePre6_BPre6_NStem	NStem_NStem_NStem	NPrePre6_BPre6_NStem	NPrePre6_BPre6_NStem
e_ze_n_tlalo	RelConc8_PossConc8_NPrePre9_BPre9_NStem	NStem_NStem_NStem_NStem	RelConc8_PossConc8_NPrePre9_BPre9_NStem	PossConc6_PossConc9_BPre9_NStem
e_e_n_tlobo	PossConc6_NPrePre10_BPre10_NStem	NStem_NStem_NStem_NStem	PossConc6_NPrePre10_BPre10_NStem	PossConc6_PossConc6_NPre9_NStem
ez_ahluk_a__hluken_e_yo	RelConc10_VRoot_VerbTerm_VRoot_RecipExt_VerbTerm_RelSuf	VRoot_VRoot_VRoot_VRoot_VRoot_VRoot	RelConc10_VRoot_VerbTerm_VRoot_RecipExt_VerbTerm_RelSuf	AdvPre_VRoot_VerbTerm_VRoot_VerbTerm_RelSuf
ezi_chong_iw_e_yo	RelConc10_VRoot_PassExt_VerbTerm_RelSuf	VRoot_VRoot_VRoot_VRoot_VRoot	RelConc10_VRoot_PassExt_VerbTerm_RelSuf	RelConc10_VRoot_PassExt_VerbTerm_PronStem9
kwaye	Conj	PUNC	Conj	Foreign
kanti	Conj	PUNC	Conj	Conj
i_n_tlanganiso	NPrePre9_BPre9_NStem	VRoot_VRoot_NStem	NPrePre9_BPre9_NStem	NPrePre9_BPre9_NStem
i_se_no_k_ongez_el_el_a	SC9_Pro_AdvPre_NPrePre15_BPre14_VRoot_ApplExt_ApplExt_VerbTerm	VRoot_VRoot_VRoot_VRoot_VRoot_VRoot_VRoot_VRoot	SC9_Pro_AdvPre_NPrePre15_BPre14_VRoot_ApplExt_ApplExt_VerbTerm	SC4_Pro_AdvPre_BPre15_VRoot_ApplExt_ApplExt_VerbTerm
k_olu	LocPre_Dem11_Pos1	PUNC_PUNC	LocPre_Dem11_Pos1	BPre5_NStem
lu_dwe	BPre11_NStem	NStem_NStem	BPre11_NStem	BPre11_NStem
.	Punc	PUNC	Punc	PUNC
I_n_tlanganiso	NPrePre9_BPre9_NStem	NStem_NStem_NStem	NPrePre9_BPre9_NStem	NPrePre9_BPre9_NStem
y_enz_a	SC9_VRoot_VerbTerm	NStem_NStem_NStem	SC9_VRoot_VerbTerm	SC9_VRoot_VerbTerm
i_si_cwangciso	NPrePre7_BPre7_NStem	VRoot_VRoot_VRoot	NPrePre7_BPre7_NStem	NPrePre4_BPre7_NStem
setheyibhile	PossConc7_NPrePre9_NStem	NStem	PossConc7_NPrePre9_NStem	NStem
ye_veki	PossConc9_NPrePre9_NStem	NStem_NStem	PossConc9_NPrePre9_NStem	PossConc9_NStem
ku_bandakany_w_a	SC15_VRoot_PassExt_VerbTerm	VRoot_VRoot_VRoot_VRoot	SC15_VRoot_PassExt_VerbTerm	BPre15_VRoot_PassExt_VerbTerm
u_lu_dwe	NPrePre11_BPre11_NStem	NStem_NStem_NStem	NPrePre11_BPre11_NStem	NPrePre1a_BPre11_NStem
lwa_ma_xesha	PossConc11_NPrePre6_BPre6_NStem	VRoot_NStem_VRoot	PossConc11_NPrePre6_BPre6_NStem	PossConc11_BPre6_NStem
e_e_n_tlanganiso	PossConc6_NPrePre10_BPre10_NStem	VRoot_VRoot_VRoot_NStem	PossConc6_NPrePre10_BPre10_NStem	PossConc6_PossConc6_BPre9_NStem
kunye	Conj	PUNC	Conj	Adv
na_ba_meli	AdvPre_NPrePre2_BPre2_NStem	NStem_NStem_NStem	AdvPre_NPrePre2_BPre2_NStem	AdvPre_BPre2_NStem
aba_vel_a	RelConc2_VRoot_VerbTerm	NStem_NStem_NStem	RelConc2_VRoot_VerbTerm	RelConc2_VRoot_VerbTerm
ku_ma_qela	LocPre_NPrePre6_BPre6_NStem	NStem_NStem_NStem	LocPre_NPrePre6_BPre6_NStem	LocPre_BPre6_NStem
e_ze_n_tlalo	RelConc8_PossConc8_NPrePre9_BPre9_NStem	VRoot_NStem_VRoot_NStem	RelConc8_PossConc8_NPrePre9_BPre9_NStem	PossConc6_PossConc9_BPre9_NStem
.	Punc	PUNC	Punc	PUNC
Ku_l_u_ncedo	CopPre_CopPre_NPrePre11_BPre11_NStem	VRoot_VRoot_NStem_NStem	CopPre_CopPre_NPrePre11_BPre11_NStem	LocPre_BPre11_NPrePre1a_NStem
u_ku_chong_a	NPrePre15_BPre15_VRoot_VerbTerm	NStem_NStem_NStem_NStem	NPrePre15_BPre15_VRoot_VerbTerm	SC2ps_OC15_VRoot_VerbTerm
u_m_ntu	NPrePre1_BPre1_NStem	NStem_NStem_NStem	NPrePre1_BPre1_NStem	NPrePre1_BPre1_NStem
o_th_ile	RelConc3_VRoot_Perf	NStem_NStem_NStem	RelConc3_VRoot_Perf	SC1_VRoot_Perf
kw_i_qela	LocPre_NPrePre5_BPre5_NStem	NStem_NStem_NStem	LocPre_NPrePre5_BPre5_NStem	BPre15_NPrePre4_NStem
nga_li_nye	AdvPre_EnumConc5_EnumStem	NStem_NStem_NStem	AdvPre_EnumConc5_EnumStem	AdvPre_AdjPref5_AdjStem
l_e_ze_n_tlalo	PossConc5_RelConc8_PossConc8_NPrePre9_BPre9_NStem	VRoot_VRoot_VRoot_VRoot_VRoot	PossConc5_RelConc8_PossConc8_NPrePre9_BPre9_NStem	PossConc5_LocPre_AdvPre_BPre9_NStem
o_y_a	RelConc1_Fut	NStem_NStem_NStem	RelConc1_Fut	SC6_VRoot_VerbTerm
ku_khuthaz_a	SC15_VRoot_VerbTerm	NStem_NStem_NStem	SC15_VRoot_VerbTerm	BPre15_VRoot_VerbTerm
aba_nye	AdjPref2_AdjStem	NStem_NStem	AdjPref2_AdjStem	AdjPref2_AdjStem
nge_zi	AdvPre_Dem10_Pos1	PUNC_PUNC	AdvPre_Dem10_Pos1	AdvPre_NStem
n_tlanganiso	BPre9_NStem	NStem_NStem	BPre9_NStem	NPre9_NStem
ezi_cwangcis_el_w_e	RelConc10_VRoot_ApplExt_PassExt_VerbTerm	VRoot_VRoot_VRoot_VRoot_VRoot	RelConc10_VRoot_ApplExt_PassExt_VerbTerm	RelConc10_VRoot_ApplExt_PassExt_VerbTerm
a_ma_xesha	NPrePre6_BPre6_NStem	NStem_NStem_NStem	NPrePre6_BPre6_NStem	NPrePre6_BPre6_NStem
.	Punc	PUNC	Punc	PUNC
Khuthaz_a	VRoot_VerbTerm	NStem_NStem	VRoot_VerbTerm	VRoot_VerbTerm
aba_thathi__n_xaxheba	NPrePre2_BPre2_NStem_BPre9_NStem	VRoot_VRoot_VRoot_VRoot	NPrePre2_BPre2_NStem_BPre9_NStem	RelConc2_NStem_BPre9_NStem
u_ku_ya	NPrePre15_BPre15_VRoot_VerbTerm	NStem_NStem_NStem	NPrePre15_BPre15_VRoot_VerbTerm	NPrePre1a_BPre15_NStem
ku_zo	LocPre_PronStem10	NStem_NStem	LocPre_PronStem10	LocPre_PronStem9
zo_nke	QuantConc10_QuantStem	NStem_NStem	QuantConc10_QuantStem	QuantConc2a_AdjStem
i_in_tlanganiso	NPrePre10_BPre10_NStem	NStem_NStem_NStem	NPrePre10_BPre10_NStem	NPrePre4_BPre9_NStem
zo_kw_enz_a	PossConc10_NPrePre15_BPre15_VRoot_VerbTerm	VRoot_NStem_VRoot_VRoot	PossConc10_NPrePre15_BPre15_VRoot_VerbTerm	AdvPre_OC15_VRoot_VerbTerm
i_zi_cwangciso	NPrePre8_BPre8_NStem	VRoot_VRoot_VRoot	NPrePre8_BPre8_NStem	NPrePre4_BPre7_NStem
.	Punc	PUNC	Punc	PUNC
A_ma_qela	NPrePre6_BPre6_NStem	NStem_NStem_NStem	NPrePre6_BPre6_NStem	PossConc6_BPre6_NStem
a_hluk_a__hluke_nyo	RelConc6_VRoot_VerbTerm_VRoot_RecipExt_RelSuf	VRoot_VRoot_VRoot_VRoot_VRoot	RelConc6_VRoot_VerbTerm_VRoot_RecipExt_RelSuf	RelConc6_VRoot_VerbTerm_NStem_NStem
kw_e_ze_n_tlalo__lu_qo_qosho	LocPre_RelConc8_PossConc8_NPrePre9_BPre9_NStem_BPre11_NStem	VRoot_VRoot_VRoot_VRoot_VRoot_VRoot_VRoot_VRoot	LocPre_RelConc8_PossConc8_NPrePre9_BPre9_NStem_BPre11_NStem	PossConc15_LocPre_PossConc9_BPre9_NStem_BPre11_NStem_NStem
a_lungelelan_a	SC6_VRoot_VerbTerm	NStem_NStem_NStem	SC6_VRoot_VerbTerm	SC6_VRoot_VerbTerm
njani	Adv	NStem	Adv	Adv
na_la_wo	AdvPre_Dem6_Pos2_PronStem6	NStem_NStem_NStem	AdvPre_Dem6_Pos2_PronStem6	AdvPre_PossConc5_PronStem6
aba_ntu	NPrePre2_BPre2_NStem	NStem_NStem	NPrePre2_BPre2_NStem	RelConc2_NStem
aba_z_i_zi_tyebi	RelConc2_CopPre_NPrePre8_BPre8_NStem	VRoot_VRoot_VRoot_VRoot_VRoot	RelConc2_CopPre_NPrePre8_BPre8_NStem	RelConc2_VRoot_NPrePre4_BPre7_NStem
?	Punc	PUNC	Punc	PUNC
(	Punc	PUNC	Punc	PUNC
umz	Abbr	PUNC	Abbr	Abbr
.	Punc	PUNC	Punc	PUNC
aba_ntu	NPrePre2_BPre2_NStem	NStem_NStem	NPrePre2_BPre2_NStem	RelConc2_NStem
a_ba_dala	AdjPref2_AdjStem	NStem_NStem_NStem	AdjPref2_AdjStem	PossConc2_OC2_NStem
i_n_koliso	NPrePre9_BPre9_NStem	NStem_NStem_NStem	NPrePre9_BPre9_NStem	NPrePre9_BPre9_NStem
ya_bo	PossConc9_PronStem2	PUNC_PUNC	PossConc9_PronStem2	PossConc4_PronStem2
is_w_el_e	SC9_VRoot_VerbTerm	NStem_NStem_NStem_NStem	SC9_VRoot_VerbTerm	CausExt_PassExt_ApplExt_VerbTerm
ka_khulu	AdvPre_AdjStem	NStem_NStem	AdvPre_AdjStem	AdvPre_AdjStem
)	Punc	PUNC	Punc	PUNC
?	Punc	PUNC	Punc	PUNC
A_ba_bhexeshi	NPrePre2_BPre2_NStem	NStem_NStem_NStem	NPrePre2_BPre2_NStem	RelConc6_BPre2_NStem
ba_ka_masipala	PossConc2_PossKA_NStem	NStem_NStem_NStem	PossConc2_PossKA_NStem	BPre2_AdvPre_NStem
aba_vel_a	RelConc2_VRoot_VerbTerm	NStem_NStem_NStem	RelConc2_VRoot_VerbTerm	RelConc2_VRoot_VerbTerm
ku_ma_candelo	LocPre_NPrePre6_BPre6_NStem	NStem_NStem_NStem	LocPre_NPrePre6_BPre6_NStem	LocPre_BPre6_NStem
a_hluk_a__hluken_e_yo	RelConc6_VRoot_VerbTerm_VRoot_RecipExt_VerbTerm_RelSuf	VRoot_VRoot_VRoot_VRoot_VRoot_VRoot	RelConc6_VRoot_VerbTerm_VRoot_RecipExt_VerbTerm_RelSuf	SC6_VRoot_VerbTerm_VRoot_VerbTerm_RelSuf
ka_masipala	PossKA_NPrePre1a_NStem	NStem_NStem	PossKA_NPrePre1a_NStem	AdvPre_NStem
okanye	Conj	PUNC	Conj	Adv
a_ma_gosa	NPrePre6_BPre6_NStem	NStem_NStem_NStem	NPrePre6_BPre6_NStem	NPrePre6_BPre6_NStem
a_s_e_bu_rhulumen_e_ni	PossConc6_PreLoc-s_LocPre_BPre14_NStem_LocSuf	VRoot_VRoot_VRoot_VRoot_VRoot_VRoot_VRoot	PossConc6_PreLoc-s_LocPre_BPre14_NStem_LocSuf	SC6_PreLocs_LocPre_BPre14_VRoot_VerbTerm_LocSuf
e_zo_bu_chule	RelConc10_PossConc8_NPrePre14_BPre14_NStem	NStem_VRoot_NStem_VRoot	RelConc10_PossConc8_NPrePre14_BPre14_NStem	PossConc6_Fut_BPre14_NStem
a_vel_a	RelConc6_VRoot_VerbTerm	NStem_NStem_NStem	RelConc6_VRoot_VerbTerm	SC6_VRoot_VerbTerm
ku_ma_sebe	LocPre_NPrePre6_BPre6_NStem	NStem_NStem_NStem	LocPre_NPrePre6_BPre6_NStem	LocPre_BPre6_NStem
ezi_thili	PossConc6_NPrePre8_BPre8_NStem	NStem_NStem	PossConc6_NPrePre8_BPre8_NStem	RelConc7_NStem
okanye	Conj	PUNC	Conj	Conj
a_ma_phondo	NPrePre6_BPre6_NStem	NStem_NStem_NStem	NPrePre6_BPre6_NStem	NPrePre6_BPre6_NStem
.	Punc	PUNC	Punc	PUNC
U_ku_zi_nik_el_a	NPrePre15_BPre15_ReflPre_VRoot_ApplExt_VerbTerm	VRoot_VRoot_VRoot_VRoot_VRoot_VRoot	NPrePre15_BPre15_ReflPre_VRoot_ApplExt_VerbTerm	SC2ps_OC15_OC15_VRoot_ApplExt_VerbTerm
ku_ku_tya	CopPre_NPrePre15_BPre15_NStem	NStem_NStem_NStem	CopPre_NPrePre15_BPre15_NStem	BPre15_BPre15_NStem
kwe_mi_zi	PossConc15_NPrePre4_BPre4_NStem	NStem_NStem_NStem	PossConc15_NPrePre4_BPre4_NStem	PossConc15_BPre4_NStem
no_khuseleko	AdvPre_NPrePre11_BPre11_NStem	NStem_NStem	AdvPre_NPrePre11_BPre11_NStem	AdvPre_NStem
lwe_sondlo	PossConc11_NPrePre7_BPre7_NStem	NStem_NStem	PossConc11_NPrePre7_BPre7_NStem	PossConc11_NStem
olu_bandakany_a	RelConc11_VRoot_VerbTerm	NStem_NStem_VRoot	RelConc11_VRoot_VerbTerm	RelConc15_VRoot_VerbTerm
i_nyathelo	NPrePre5_BPre5_NStem	NStem_NStem	NPrePre5_BPre5_NStem	NPrePre4_NStem
le_candelo	PossConc5_NPrePre5_NStem	NStem_NStem	PossConc5_NPrePre5_NStem	PossConc5_NStem
lo_lu_ntu	PossConc11_NPrePre11_BPre11_NStem	NStem_NStem_NStem	PossConc11_NPrePre11_BPre11_NStem	PossConc5_BPre11_NStem
n_e_la_bucala	AdvPre_RelConc5_PossConc5_Adv	NStem_NStem_NStem_NStem	AdvPre_RelConc5_PossConc5_Adv	AdvPre_LocPre_PossConc5_Adv
.	Punc	PUNC	Punc	PUNC
U_m_Gaqo__si_se_ko	NPrePre3_BPre3_NStem_BPre7_NStem	VRoot_VRoot_VRoot_VRoot_VRoot_VRoot	NPrePre3_BPre3_NStem_BPre7_NStem	NPrePre3_BPre3_NStem_BPre7_PossConc7_RelSuf
u_bonelel_a	SC3_VRoot_VerbTerm	NStem_NStem_NStem	SC3_VRoot_VerbTerm	SC2ps_VRoot_VerbTerm
ngo_lu_ntu	AdvPre_NPrePre11_BPre11_NStem	NStem_NStem_NStem	AdvPre_NPrePre11_BPre11_NStem	CopPre_BPre11_NStem
olu_many_en_e_yo	RelConc11_VRoot_RecipExt_VerbTerm_RelSuf	NStem_VRoot_VRoot_VRoot_NStem	RelConc11_VRoot_RecipExt_VerbTerm_RelSuf	RelConc11_VRoot_RecipExt_Perf_PronStem9
,	Punc	PUNC	Punc	PUNC
olu_ne_m_pumelelo	RelConc11_AdvPre_NPrePre9_BPre9_NStem	VRoot_VRoot_VRoot_VRoot	RelConc11_AdvPre_NPrePre9_BPre9_NStem	RelConc11_AdvPre_BPre3_NStem
,	Punc	PUNC	Punc	PUNC
olu_nge_na_lucalucalulo	RelConc11_NegPre_AdvPre_NPrePre11_BPre11_NStem	VRoot_VRoot_VRoot_VRoot	RelConc11_NegPre_AdvPre_NPrePre11_BPre11_NStem	RelConc11_NegPre_AdvPre_NStem
nge_bala	AdvPre_NPrePre5_BPre5_NStem	PUNC_PUNC	AdvPre_NPrePre5_BPre5_NStem	AdvPre_NStem
na_nge_si_ni	AdvPre_AdvPre_NPrePre7_BPre7_NStem	NStem_NStem_NStem_NStem	AdvPre_AdvPre_NPrePre7_BPre7_NStem	AdvPre_AdvPre_BPre7_Interrog
;	Punc	PUNC	Punc	PUNC
i_li_zwe	NPrePre5_BPre5_NStem	NStem_NStem_NStem	NPrePre5_BPre5_NStem	NPrePre5_BPre5_NStem
el_ilela_bo	RelConc5_CopPre_RelConc9_PossConc5_PronStem2	NStem_NStem_NStem	RelConc5_CopPre_RelConc9_PossConc5_PronStem2	ApplExt_NStem_PronStem2
bo_nke	QuantConc2_QuantStem	NStem_NStem	QuantConc2_QuantStem	BPre2_NStem
aba_hlal_a	RelConc2_VRoot_VerbTerm	NStem_NStem_NStem	RelConc2_VRoot_VerbTerm	RelConc2_VRoot_VerbTerm
ku_lo	LocPre_Dem5_Pos1	PUNC_PUNC	LocPre_Dem5_Pos1	LocPre_PronStem5
,	Punc	PUNC	Punc	PUNC
be_many_ane	SC2_Intrans_RecipExt_VerbTerm	NStem_NStem_NStem	SC2_Intrans_RecipExt_VerbTerm	PossConc2_VRoot_RecipExt
kw_i_yantlukwano	LocPre_NPrePre9_NStem	VRoot_VRoot_VRoot	LocPre_NPrePre9_NStem	PossConc15_NPrePre4_NStem
ya_lo	PossConc9_PronStem5	PUNC_PUNC	PossConc9_PronStem5	PossConc9_PronStem5
.	Punc	PUNC	Punc	PUNC
U_m_Gaqo__si_se_ko	NPrePre3_BPre3_NStem_BPre7_NStem	VRoot_VRoot_VRoot_VRoot_VRoot_VRoot	NPrePre3_BPre3_NStem_BPre7_NStem	NPrePre3_BPre3_NStem_BPre7_PossConc7_RelSuf
u_kwa_nyanzel_is_a	NPrePre3_AdvPre_VRoot_CausExt_VerbTerm	VRoot_VRoot_VRoot_VRoot_VRoot	NPrePre3_AdvPre_VRoot_CausExt_VerbTerm	SC2ps_OC15_VRoot_CausExt_VerbTerm
i_li_zwe	NPrePre5_BPre5_NStem	NStem_NStem_NStem	NPrePre5_BPre5_NStem	NPrePre5_BPre5_NStem
u_kuba	Conj	PUNC_PUNC	Conj	NPrePre1a_NStem
li_phil_is_e	NPrePre5_VRoot_CausExt_VerbTerm	VRoot_VRoot_NStem_NStem	NPrePre5_VRoot_CausExt_VerbTerm	SC5_VRoot_CausExt_VerbTerm
i_i_yantlukwano	NPrePre10_BPre10_NStem	VRoot_VRoot_VRoot	NPrePre10_BPre10_NStem	NPrePre4_NPrePre4_NStem
ze_xesha	PossConc10_NPrePre5_BPre5_NStem	NStem_NStem	PossConc10_NPrePre5_BPre5_NStem	AdvPre_NStem
eli_dlul_il_e_yo	RelConc5_VRoot_Perf_VerbTerm_RelSuf	VRoot_VRoot_VRoot_VRoot_VRoot	RelConc5_VRoot_Perf_VerbTerm_RelSuf	RelConc5_VRoot_ApplExt_VerbTerm_RelSuf
,	Punc	PUNC	Punc	PUNC
ku_qond_w_a	SC15_VRoot_PassExt_VerbTerm	NStem_NStem_NStem_NStem	SC15_VRoot_PassExt_VerbTerm	SC15_VRoot_PassExt_VerbTerm
u_kuba	Conj	PUNC_PUNC	Conj	NPrePre1a_NStem
u_Mzantsi	NPrePre3_ProperName	NStem_NStem	NPrePre3_ProperName	NPrePre1a_ProperName
Afrika	ProperName	PUNC	ProperName	ProperName
u_vel_a	NPrePre3_VRoot_VerbTerm	NStem_NStem_NStem	NPrePre3_VRoot_VerbTerm	SC2ps_VRoot_VerbTerm
kw_i_n_kqubo	LocPre_NPrePre9_BPre9_NStem	VRoot_NStem_VRoot_VRoot	LocPre_NPrePre9_BPre9_NStem	PossConc15_NPrePre9_BPre9_NStem
a_pho	Dem16_Pos2	PUNC_PUNC	Dem16_Pos2	PossConc6_PronStem6
u_ninzi	NPrePre11_NStem	NStem_NStem	NPrePre11_NStem	NPrePre1a_NStem
lwa_be_mi	PossConc11_NPrePre2_BPre2_NStem	NStem_NStem_NStem	PossConc11_NPrePre2_BPre2_NStem	PossConc11_PossConc2_BPre4
ba_phang_w_a	SC2_Past_VRoot_PassExt_VerbTerm	NStem_NStem_NStem_NStem	SC2_Past_VRoot_PassExt_VerbTerm	SC2_VRoot_PassExt_VerbTerm
a_ma_thuba	NPrePre6_BPre6_NStem	NStem_NStem_NStem	NPrePre6_BPre6_NStem	NPrePre6_BPre6_NStem
.	Punc	PUNC	Punc	PUNC
Ma_ku_khunjul_w_e	ImpPre_SC15_VRoot_PassExt_VerbTerm	VRoot_VRoot_VRoot_VRoot_VRoot	ImpPre_SC15_VRoot_PassExt_VerbTerm	AdvPre_OC15_VRoot_PassExt_VerbTerm
u_kuba	Conj	PUNC_PUNC	Conj	NPrePre1a_NStem
i__lo_gframe	NPrePre9_Foreign	NStem_NStem_NStem	NPrePre9_Foreign	NPrePre4_PronStem5_NStem
i_lu_xwebhu	CopPre_BPre11_NStem	NStem_NStem_NStem	CopPre_BPre11_NStem	NPrePre9_BPre11_NStem
olu_phil_a_yo	RelConc11_VRoot_VerbTerm_RelSuf	NStem_NStem_NStem_NStem	RelConc11_VRoot_VerbTerm_RelSuf	RelConc11_VRoot_VerbTerm_RelSuf
,	Punc	PUNC	Punc	PUNC
kwaye	Conj	NUM	Conj	Adv
ku_funek_a	SC15_VRoot_VerbTerm	NStem_NStem_NStem	SC15_VRoot_VerbTerm	BPre15_VRoot_VerbTerm
u_kuba	Conj	PUNC_PUNC	Conj	NPrePre1a_NStem
ku_man_e	SC15_AuxVStem	NStem_NStem_NStem	SC15_AuxVStem	SC15_VRoot_VerbTerm
u_ku_jolis_a	NPrePre15_BPre15_VRoot_VerbTerm	NStem_NStem_NStem_NStem	NPrePre15_BPre15_VRoot_VerbTerm	SC2ps_OC15_VRoot_VerbTerm
lu_man_e	SC11_AuxVStem	NStem_NStem_NStem	SC11_AuxVStem	SC11_VRoot_VerbTerm
u_ku_kroty_el_w_a	NPrePre15_BPre15_VRoot_PassExt_VerbTerm	VRoot_VRoot_VRoot_VRoot_VRoot_VRoot	NPrePre15_BPre15_VRoot_PassExt_VerbTerm	SC3_OC15_VRoot_ApplExt_PassExt_VerbTerm
ng_eli	AdvPre_Dem5_Pos1	PUNC_PUNC	AdvPre_Dem5_Pos1	AdvPre_NStem
xesha	NStem	PUNC	NStem	NStem
ku_qhuty_w_a	SC15_VRoot_PassExt_VerbTerm	VRoot_VRoot_VRoot_VRoot	SC15_VRoot_PassExt_VerbTerm	SC15_VRoot_PassExt_VerbTerm
u_m_jikelo	NPrePre3_BPre3_NStem	NStem_NStem_NStem	NPrePre3_BPre3_NStem	NPrePre3_BPre3_NStem
we_projekthi	PossConc3_NPrePre9_NStem	NStem_NStem	PossConc3_NPrePre9_NStem	PossConc3_NStem
.	Punc	PUNC	Punc	PUNC
Si_si_xhobo	CopPre_NPrePre7_BPre7_NStem	NStem_NStem_NStem	CopPre_NPrePre7_BPre7_NStem	BPre7_BPre7_NStem
esi_qulunq_el_w_e	RelConc7_VRoot_ApplExt_PassExt_VerbTerm	VRoot_VRoot_VRoot_VRoot_VRoot	RelConc7_VRoot_ApplExt_PassExt_VerbTerm	RelConc7_VRoot_ApplExt_PassExt_VerbTerm
u_kuba	Conj	PUNC_PUNC	Conj	NPrePre1a_NStem
si_nced_e	SC7_VRoot_VerbTerm	NStem_NStem_NStem	SC7_VRoot_VerbTerm	SC7_VRoot_VerbTerm
a_ma_qela	NPrePre6_BPre6_NStem	NStem_NStem_NStem	NPrePre6_BPre6_NStem	NPrePre6_BPre6_NStem
e_projekthi	RelConc6_NPrePre9_NStem	NStem_NStem	RelConc6_NPrePre9_NStem	LocPre_NStem
,	Punc	PUNC	Punc	PUNC
si_nga_ba_thintel_i	SC7_NegPre_OC2_VRoot_VerbTerm	NStem_NStem_NStem_NStem_NStem	SC7_NegPre_OC2_VRoot_VerbTerm	SC7_NegPre_OC2_VRoot_VerbTerm
,	Punc	PUNC	Punc	PUNC
a_si_ngo_m_thetho	NegPre_CopPre_NegPre_NPrePre3_BPre3_NStem	VRoot_VRoot_VRoot_VRoot_VRoot	NegPre_CopPre_NegPre_NPrePre3_BPre3_NStem	RelConc6_BPre7_CopPre_BPre3_NStem
wa_ma_Medi	PossConc6_NPrePre6_BPre6_ProperName	NStem_NStem_NStem	PossConc6_NPrePre6_BPre6_ProperName	PossConc3_BPre6_ProperName
na_ma_Peresi	AdvPre_BPre6_ProperName	NStem_NStem_NStem	AdvPre_BPre6_ProperName	AdvPre_BPre6_ProperName
kwaye	Conj	PUNC	Conj	Adv
ku_funek_a	SC15_VRoot_VerbTerm	NStem_NStem_NStem	SC15_VRoot_VerbTerm	BPre15_VRoot_VerbTerm
si_hlaziy_w_e	SC7_VRoot_PassExt_VerbTerm	VRoot_VRoot_VRoot_VRoot	SC7_VRoot_PassExt_VerbTerm	SC7_VRoot_PassExt_VerbTerm
ng_okwe_e_meko	AdvPre_NPrePre10_BPre10_NStem	VRoot_VRoot_VRoot_VRoot	AdvPre_NPrePre10_BPre10_NStem	AdvPre_Fut_LocPre_NStem
zo_ku_qhuty_w_a	PossConc10_NPrePre15_BPre15_VRoot_PassExt_VerbTerm	VRoot_VRoot_VRoot_VRoot_VRoot	PossConc10_NPrePre15_BPre15_VRoot_PassExt_VerbTerm	AdvPre_BPre15_VRoot_PassExt_VerbTerm
kwe_projekthi	PossConc15_NPrePre9_NStem	PUNC_PUNC	PossConc15_NPrePre9_NStem	PossConc15_NStem
,	Punc	PUNC	Punc	PUNC
ng_okwe_e_m_funo	AdvPre_NPrePre10_BPre10_NStem	VRoot_VRoot_VRoot_VRoot_VRoot	AdvPre_NPrePre10_BPre10_NStem	AdvPre_NStem_LocPre_BPre3_NStem
zo_ku_bek_w_a	PossConc10_NPrePre15_BPre15_VRoot_PassExt_VerbTerm	NStem_NStem_NStem_NStem_NStem	PossConc10_NPrePre15_BPre15_VRoot_PassExt_VerbTerm	RelConc10_OC15_VRoot_PassExt_VerbTerm
kwe_li_so	PossConc15_NPrePre5_BPre5_NStem	NStem_NStem_NStem	PossConc15_NPrePre5_BPre5_NStem	PossConc15_BPre5_NStem
ne_mi_sebenzi	AdvPre_NPrePre4_BPre4_NStem	NStem_NStem_NStem	AdvPre_NPrePre4_BPre4_NStem	AdvPre_BPre4_NStem
yo_hlaziyo	PossConc4_NPrePre11_BPre11_NStem	NStem_NStem	PossConc4_NPrePre11_BPre11_NStem	PossConc9_NStem
.	Punc	PUNC	Punc	PUNC
U_hambo	NPrePre11_NStem	NStem_NStem	NPrePre11_NStem	NPrePre1a_NStem
lwe_candelo	PossConc11_NPrePre5_BPre5_NStem	NStem_NStem	PossConc11_NPrePre5_BPre5_NStem	PossConc11_NStem
la_ba_hlali	PossConc5_NPrePre2_BPre2_NStem	NStem_NStem_NStem	PossConc5_NPrePre2_BPre2_NStem	PossConc5_BPre2_NStem
lu_phuhl_is_a	SC11_VRoot_CausExt_VerbTerm	NStem_NStem_NStem_NStem	SC11_VRoot_CausExt_VerbTerm	SC11_VRoot_CausExt_VerbTerm
i_m_bono	NPrePre9_BPre9_NStem	NStem_NStem_NStem	NPrePre9_BPre9_NStem	NPrePre4_BPre4_NStem
ya_ba_hlali	PossConc9_NPrePre2_BPre2_NStem	NStem_NStem_NStem	PossConc9_NPrePre2_BPre2_NStem	PossConc9_BPre2_NStem
ng_okw_andlal_ek_a	AdvPre_NPrePre15_BPre15_VRoot_NeutExt_VerbTerm	VRoot_VRoot_VRoot_VRoot_VRoot	AdvPre_NPrePre15_BPre15_VRoot_NeutExt_VerbTerm	CopPre_RelConc15_VRoot_NeutExt_VerbTerm
kwa_ngoku	AdvPre_Adv	PUNC_PUNC	AdvPre_Adv	PossConc15_Adv
kwe_zi_thuba	PossConc15_NPrePre8_BPre8_NStem	NStem_NStem_NStem	PossConc15_NPrePre8_BPre8_NStem	PossConc15_BPre7_NStem
ezi_phakathi	RelConc10_Adv	NStem_NStem	RelConc10_Adv	RelConc7_Adv
ko_lu_ntu	PossConc15_NPrePre11_BPre11_NStem	NStem_NStem_NStem	PossConc15_NPrePre11_BPre11_NStem	PossConc15_BPre11_NStem
.	Punc	PUNC	Punc	PUNC
A_ma_lungu	NPrePre6_BPre6_NStem	NStem_NStem_NStem	NPrePre6_BPre6_NStem	PossConc6_BPre6_NStem
e_qela	PossConc6_NPrePre5_BPre5_NStem	NStem_NStem	PossConc6_NPrePre5_BPre5_NStem	LocPre_NStem
ma_wa_vot_ele	ImpPre_SC6_VRoot_ApplExt_VerbTerm	NStem_NStem_NStem_NStem	ImpPre_SC6_VRoot_ApplExt_VerbTerm	BPre6_OC6_VRoot_ApplExt
i_zi_phumo	NPrePre8_BPre8_NStem	NStem_NStem_NStem	NPrePre8_BPre8_NStem	NPrePre4_BPre7_NStem
ezi_z_e_zo_na	RelConc8_CopPre_SC9_PronStem8_PronSuf	NStem_NStem_NStem_NStem_NStem	RelConc8_CopPre_SC9_PronStem8_PronSuf	RelConc8_VRoot_VerbTerm_PronStem9_AdvPre
zi_khol_ek_il_e_yo	RelConc8_VRoot_Perf_VerbTerm_RelSuf	VRoot_VRoot_VRoot_VRoot_VRoot_VRoot	RelConc8_VRoot_Perf_VerbTerm_RelSuf	CopPre_VRoot_NeutExt_ApplExt_VerbTerm_RelSuf
zi_thathu	AdjPref8_AdjStem	NStem_NStem	AdjPref8_AdjStem	CopPre_AdjStem
a_zi_nqwenel_a_yo	RelConc6_OC8_VRoot_VerbTerm_RelSuf	VRoot_VRoot_VRoot_VRoot_VRoot	RelConc6_OC8_VRoot_VerbTerm_RelSuf	NegPre_OC2_VRoot_VerbTerm_RelSuf
.	Punc	PUNC	Punc	PUNC
I_lungu	NPrePre5_BPre5_NStem	NStem_NStem	NPrePre5_BPre5_NStem	BPre9_NStem
nga_li_nye	AdvPre_EnumConc5_EnumStem	PUNC_NStem_NStem	AdvPre_EnumConc5_EnumStem	AdvPre_AdjPref5_AdjStem
le_qela	PossConc5_NPrePre5_BPre5_NStem	NStem_NStem	PossConc5_NPrePre5_BPre5_NStem	RelConc4_NStem
li_ne_e_voti	CopPre_AdvPre_NPrePre9_NStem	NStem_NStem_NStem_NStem	CopPre_AdvPre_NPrePre9_NStem	BPre5_AdvPre_LocPre_NStem
ezin_tathu	AdjPref10_AdjStem	NStem_NStem	AdjPref10_AdjStem	BPre10_NStem
kwaye	Conj	PUNC	Conj	Adv
'	Punc	PUNC	Punc	PUNC
li_nga_vota	SC5_Pot_VRoot_VerbTerm	NStem_NStem_NStem	SC5_Pot_VRoot_VerbTerm	BPre5_AdvPre_NStem
'	Punc	PUNC	Punc	PUNC
ngo_ku_bek_a	AdvPre_NPrePre15_BPre15_VRoot_VerbTerm	NStem_NStem_NStem_NStem	AdvPre_NPrePre15_BPre15_VRoot_VerbTerm	AdvPre_OC15_VRoot_VerbTerm
u_phawu	NPrePre11_NStem	PUNC_PUNC	NPrePre11_NStem	NPrePre1a_NStem
olu_nye	AdjPref11_AdjStem	PUNC_PUNC	AdjPref11_AdjStem	AdjPref11_EnumStem
lo_ku_korekish_a	PossConc11_NPrePre15_BPre15_VRoot_VerbTerm	NStem_NStem_VRoot_NStem	PossConc11_NPrePre15_BPre15_VRoot_VerbTerm	SC15_OC15_VRoot_VerbTerm
okanye	Conj	PUNC	Conj	Adv
i_im_pawu	NPrePre10_BPre10_NStem	NStem_NStem_NStem	NPrePre10_BPre10_NStem	NPrePre4_NPre9_NStem
zo_ku_korekish_a	PossConc10_NPrePre15_BPre15_VRoot_VerbTerm	VRoot_VRoot_VRoot_VRoot	PossConc10_NPrePre15_BPre15_VRoot_VerbTerm	AdvPre_OC15_VRoot_VerbTerm
e_cale_ni	LocPre_NPrePre5_BPre5_NStem_LocSuf	NStem_NStem_NStem	LocPre_NPrePre5_BPre5_NStem_LocSuf	LocPre_Adv_LocSuf
kw_esi_phumo	PossConc15_NPrePre7_BPre7_NStem	NStem_NStem_NStem	PossConc15_NPrePre7_BPre7_NStem	PossConc15_RelConc7_NStem
aba_zi_v_a	RelConc2_ReflPre_VRoot_VerbTerm	NStem_NStem_NStem_NStem	RelConc2_ReflPre_VRoot_VerbTerm	RelConc2_OC2_VRoot_VerbTerm
be_zi_bek_a	SC2_OC8_VRoot_VerbTerm	NStem_NStem_NStem_NStem	SC2_OC8_VRoot_VerbTerm	AuxVStem_OC15_VRoot_VerbTerm
phambili	Adv	PUNC	Adv	Adv
.	Punc	PUNC	Punc	PUNC
ESI	Dem7_Pos1	PUNC	Dem7_Pos1	Abbr
S_AHLUKO	BPre7_NStem	NStem_NStem	BPre7_NStem	BPre7_NStem
SI_CHAZ_A	SC7_VRoot_VerbTerm	NStem_NStem_NStem	SC7_VRoot_VerbTerm	SC7_VRoot_VerbTerm
KWAYE	Conj	PUNC	Conj	PossConc15
SI_NIK_A	SC7_VRoot_VerbTerm	NStem_NStem_NStem	SC7_VRoot_VerbTerm	SC7_VRoot_VerbTerm
I_IN_KCUK_A_CHA	NPrePre10_BPre10_NStem	VRoot_VRoot_VRoot_VRoot_VRoot	NPrePre10_BPre10_NStem	SC4_BPre9_VRoot_VerbTerm_NStem
nge_bakal_a	AdvPre_NPrePre5_BPre5_NStem	NStem_NStem_NStem	AdvPre_NPrePre5_BPre5_NStem	AdvPre_VRoot_VerbTerm
nga_li_nye	AdvPre_EnumConc5_EnumStem	NStem_NStem_NStem	AdvPre_EnumConc5_EnumStem	AdvPre_AdjPref5_AdjStem
le_Mephu	PossConc5_NPrePre9_NStem	NStem_NStem	PossConc5_NPrePre9_NStem	PossConc5_ProperName
Ye_n_dlel_a	PossConc9_NPrePre9_BPre9_NStem	NStem_NStem_NStem_NStem	PossConc9_NPrePre9_BPre9_NStem	PossConc9_BPre9_VRoot_VerbTerm
e_chatshazel_w_a	RelConc9_VRoot_PassExt_VerbTerm	VRoot_NStem_VRoot_VRoot	RelConc9_VRoot_PassExt_VerbTerm	LocPre_VRoot_PassExt_VerbTerm
kw_i_si_khokelo	LocPre_NPrePre7_BPre7_NStem	PUNC_PUNC_NStem_PUNC	LocPre_NPrePre7_BPre7_NStem	PossConc15_NPrePre4_BPre7_NStem
se__AI_CDD	PossConc7_NPrePre9_Abbr	PUNC_PUNC_PUNC	PossConc7_NPrePre9_Abbr	PossConc7_Abbr_Abbr
CBP	Abbr	PUNC	Abbr	Abbr
.	Punc	PUNC	Punc	PUNC
Esi	Dem7_Pos1	PUNC	Dem7_Pos1	ProperName
s_ahluko	BPre7_NStem	NStem_NStem	BPre7_NStem	BPre7_NStem
si_thath_a	SC1_VRoot_VerbTerm	NStem_NStem_NStem	SC1_VRoot_VerbTerm	SC7_VRoot_VerbTerm
u_hambo	NPrePre11_NStem	NStem_NStem	NPrePre11_NStem	NPrePre1a_NStem
olu_gqith_a	RelConc11_VRoot_VerbTerm	NStem_NStem_NStem	RelConc11_VRoot_VerbTerm	RelConc11_VRoot_VerbTerm
kw_i_bakal_a	LocPre_NPrePre5_BPre5_NStem	NStem_NStem_NStem_NStem	LocPre_NPrePre5_BPre5_NStem	BPre15_NPrePre4_VRoot_VerbTerm
nga_li_nye	AdvPre_EnumConc5_EnumStem	NStem_NStem_NStem	AdvPre_EnumConc5_EnumStem	AdvPre_AdjPref5_AdjStem
kwaye	Conj	PUNC	Conj	Adv
,	Punc	PUNC	Punc	PUNC
ngo_ku_sek_w_e	AdvPre_RelConc15_VRoot_PassExt_VerbTerm	NStem_NStem_NStem_NStem_NStem	AdvPre_RelConc15_VRoot_PassExt_VerbTerm	AdvPre_OC15_VRoot_PassExt_VerbTerm
kw_i_Si_khokelo	LocPre_NPrePre7_BPre7_NStem	VRoot_VRoot_VRoot_VRoot	LocPre_NPrePre7_BPre7_NStem	PossConc15_NPrePre4_BPre7_NStem
se__AI_CDD	PossConc7_NPrePre9_Abbr	NStem_NStem_NStem	PossConc7_NPrePre9_Abbr	PossConc7_Abbr_Abbr
,	Punc	PUNC	Punc	PUNC
si_cebis_a	SC1pp_VRoot_VerbTerm	NStem_NStem_NStem	SC1pp_VRoot_VerbTerm	SC7_VRoot_VerbTerm
nge_n_dlel_a	AdvPre_NPrePre9_BPre9_NStem	NStem_NStem_NStem_NStem	AdvPre_NPrePre9_BPre9_NStem	AdvPre_BPre9_VRoot_VerbTerm
i_bakal_a	NPrePre5_BPre5_NStem	NStem_NStem_NStem	NPrePre5_BPre5_NStem	SC9_VRoot_VerbTerm
nga_li_nye	AdvPre_EnumConc5_EnumStem	NStem_NStem_NStem	AdvPre_EnumConc5_EnumStem	AdvPre_AdjPref5_AdjStem
li_no_ku_qhuty_w_a	SC5_AdvPre_NPrePre15_BPre15_VRoot_PassExt_VerbTerm	NStem_NStem_NStem_NStem_NStem_NStem	SC5_AdvPre_NPrePre15_BPre15_VRoot_PassExt_VerbTerm	SC5_AdvPre_BPre15_VRoot_PassExt_VerbTerm
nga_lo	AdvPre_PronStem5	PUNC_PUNC	AdvPre_PronStem5	AdvPre_PronStem11
.	Punc	PUNC	Punc	PUNC
Esi	Dem7_Pos1	PUNC	Dem7_Pos1	CDEM07
s_ahluko	BPre7_NStem	NStem_NStem	BPre7_NStem	BPre7_NStem
si_shwankathel_a	SC7_VRoot_VerbTerm	VRoot_VRoot_VRoot	SC7_VRoot_VerbTerm	SC7_VRoot_VerbTerm
a_ma_nqaku	NPrePre6_BPre6_NStem	NStem_VRoot_VRoot	NPrePre6_BPre6_NStem	NPrePre6_BPre6_NStem
a_ng_u_ndoqo	RelConc6_CopPre_NPrePre1a_NStem	VRoot_VRoot_VRoot_VRoot	RelConc6_CopPre_NPrePre1a_NStem	RelConc6_CopPre_BPre3_NStem
.	Punc	PUNC	Punc	PUNC
I_n_gcaciso	NPrePre9_BPre9_NStem	PUNC_PUNC_PUNC	NPrePre9_BPre9_NStem	NPrePre9_BPre9_NStem
e_the	RelConc9_VRoot_VerbTerm	PUNC_PUNC	RelConc9_VRoot_VerbTerm	LocPre_NStem
vetshe	Ideoph	PUNC	Ideoph	AuxVStem
i_quleth_w_e	SC9_VRoot_PassExt_VerbTerm	NStem_NStem_NStem_NStem	SC9_VRoot_PassExt_VerbTerm	SC9_VRoot_PassExt_VerbTerm
kw_i_Si_khokelo	LocPre_NPrePre7_BPre7_NStem	VRoot_VRoot_VRoot_VRoot	LocPre_NPrePre7_BPre7_NStem	PossConc15_NPrePre4_BPre7_NStem
se__AI_CDD	PossConc7_NPrePre9_Abbr	NStem_NStem_NStem	PossConc7_NPrePre9_Abbr	PossConc7_NPre9_Abbr
.	Punc	PUNC	Punc	PUNC
A_y_i_thath_a	SC6_OC4_VRoot_VerbTerm	VRoot_VRoot_VRoot_VRoot_VRoot	SC6_OC4_VRoot_VerbTerm	SC6_CopPre_VerbTerm_VRoot_VerbTerm
njani	Adv	NStem	Adv	Adv
i_n_xaxheba	NPrePre9_BPre9_NStem	NStem_NStem_NStem	NPrePre9_BPre9_NStem	NPrePre9_BPre9_NStem
a_ma_khosikazi	NPrePre6_BPre6_NStem	NStem_NStem_NStem	NPrePre6_BPre6_NStem	NPrePre6_BPre6_NStem
kw_i_mi_sebenzi	LocPre_NPrePre4_BPre4_NStem	VRoot_NStem_VRoot_NStem	LocPre_NPrePre4_BPre4_NStem	PossConc15_NPrePre4_BPre4_NStem
ye_n_kqubo	PossConc4_NPrePre9_BPre9_NStem	NStem_NStem_NStem	PossConc4_NPrePre9_BPre9_NStem	PossConc9_NPre9_NStem
(	Punc	PUNC	Punc	PUNC
ku_quk_a	SC15_VRoot_VerbTerm	NStem_NStem_NStem	SC15_VRoot_VerbTerm	BPre15_VRoot_VerbTerm
i_in_kqubo	NPrePre10_BPre10_NStem	NStem_NStem_NStem	NPrePre10_BPre10_NStem	NPrePre9_BPre9_NStem
zo_qeqesho	PossConc10_NPrePre11_BPre11_NStem	NStem_NStem	PossConc10_NPrePre11_BPre11_NStem	BPre2a_NStem
,	Punc	PUNC	Punc	PUNC
i_i_s_e_mi_na	NPrePre10_BPre10_NStem	VRoot_VRoot_VRoot_VRoot_VRoot_VRoot	NPrePre10_BPre10_NStem	NPrePre4_BPre4_PreLocs_LocPre_BPre4_NStem
ne_e_n_tlanganiso	AdvPre_NPrePre10_BPre10_NStem	VRoot_VRoot_VRoot_VRoot	AdvPre_NPrePre10_BPre10_NStem	AdvPre_LocPre_BPre9_NStem
)	Punc	PUNC	Punc	PUNC
?	Punc	PUNC	Punc	PUNC
A_ma_doda	NPrePre6_BPre6_NStem	NStem_NStem_NStem	NPrePre6_BPre6_NStem	PossConc6_BPre6_NStem
wo_na	PronStem6_PronSuf	PUNC_PUNC	PronStem6_PronSuf	PronStem3_PronSuf
?	Punc	NStem	Punc	PUNC
I_ngaba	CopPre_Interrog	NStem_NStem	CopPre_Interrog	BPre5_NStem
kw_a_ku_kho	CopPre_Past_CopPre_Adv	NStem_NStem_NStem_NStem	CopPre_Past_CopPre_Adv	LocPre_NegPre_OC15_Adv
u_hlahlo	NPrePre11_NStem	NStem_NStem	NPrePre11_NStem	NPrePre1a_NStem
lw_ab_iwo__mali	BPre11_NStem_NStem	VRoot_VRoot_VRoot_VRoot	BPre11_NStem_NStem	BPre11_VRoot_PassExt_NStem
olu_lo_dwa	RelConc11_QuantConc11_QuantStem	NStem_NStem_NStem	RelConc11_QuantConc11_QuantStem	RelConc11_RelConc3_NStem
olw_enz_el_w_e	RelConc11_VRoot_ApplExt_PassExt_VerbTerm	VRoot_VRoot_VRoot_VRoot_VRoot	RelConc11_VRoot_ApplExt_PassExt_VerbTerm	RelConc15_VRoot_ApplExt_PassExt_VerbTerm
a_ma_khosikazi	NPrePre6_BPre6_NStem	NStem_VRoot_NStem	NPrePre6_BPre6_NStem	NPrePre6_BPre6_NStem
?	Punc	PUNC	Punc	PUNC
U_ku_phawul_w_a	NPrePre15_BPre15_VRoot_PassExt_VerbTerm	VRoot_VRoot_VRoot_VRoot_VRoot	NPrePre15_BPre15_VRoot_PassExt_VerbTerm	SC3_OC15_VRoot_PassExt_VerbTerm
k_oo_vimba	LocPre_NPrePre2a_NStem	NStem_NStem_NStem	LocPre_NPrePre2a_NStem	PossConc15_LocPre_NStem
_	Punc		Punc	
I_i_Komiti	NPrePre10_BPre10_NStem	NStem_NStem_NStem	NPrePre10_BPre10_NStem	NPrePre4_NPrePre4_NStem
ze_Wadi	PossConc10_NPrePre9_NStem	NStem_NStem	PossConc10_NPrePre9_NStem	AdvPre_NStem
zi_bek_el_w_e	SC10_VRoot_ApplExt_PassExt_VerbTerm	NStem_VRoot_NStem_VRoot_NStem	SC10_VRoot_ApplExt_PassExt_VerbTerm	SC7_VRoot_ApplExt_PassExt_VerbTerm
u_kw_az_i	NPrePre15_BPre15_VRoot_VerbTerm	NStem_NStem_NStem_NStem	NPrePre15_BPre15_VRoot_VerbTerm	SC3_OC15_VRoot_VerbTerm
u_kuba	Conj	PUNC_PUNC	Conj	NPrePre1a_NStem
ng_aba_phi	CopPre_RelConc2_EnumStem	NStem_NStem_NStem	CopPre_RelConc2_EnumStem	AdvPre_RelConc2_EnumStem
na	Interrog	PUNC	Interrog	Interrog
oo_vimba	NPrePre2a_NStem	NStem_NStem	NPrePre2a_NStem	PossConc9_NStem
aba_kho_yo	RelConc2a_Adv_RelSuf	NStem_NStem_NStem	RelConc2a_Adv_RelSuf	RelConc2_PronStem2_PronStem9
ku_lu_ntu	LocPre_NPrePre11_BPre11_NStem	NStem_NStem_NStem	LocPre_NPrePre11_BPre11_NStem	LocPre_BPre11_NStem
ku_ba_hlali	LocPre_NPrePre2_BPre2_NStem	NStem_NStem_VRoot	LocPre_NPrePre2_BPre2_NStem	LocPre_BPre2_NStem
kw_a_kunye	AdvPre_Conj	NStem_NStem_NStem	AdvPre_Conj	BPre15_VerbTerm_Adv
ne_mi_da	AdvPre_NPrePre4_BPre4_NStem	NStem_NStem_NStem	AdvPre_NPrePre4_BPre4_NStem	AdvPre_BPre4_NStem
ya_bo	PossConc4_PronStem2	PUNC_PUNC	PossConc4_PronStem2	PossConc9_PronStem2
kw_a_kunye	AdvPre_Conj	NStem_NStem_NStem	AdvPre_Conj	BPre15_VerbTerm_Adv
ne_n_dlel_a	AdvPre_NPrePre9_BPre9_NStem	NStem_NStem_NStem_NStem	AdvPre_NPrePre9_BPre9_NStem	AdvPre_BPre9_VRoot_VerbTerm
i_bhunga	NPrePre5_BPre5_NStem	NStem_NStem	NPrePre5_BPre5_NStem	NPrePre4_NStem
eli_no_kuba_sebenz_is_a	RelConc5_CopPre_NPrePre15_BPre15_OC2_VRoot_CausExt_VerbTerm	VRoot_VRoot_VRoot_VRoot_VRoot_VRoot	RelConc5_CopPre_NPrePre15_BPre15_OC2_VRoot_CausExt_VerbTerm	RelConc5_AdvPre_OC2_VRoot_CausExt_VerbTerm
nga_yo	AdvPre_PronStem9	PUNC_PUNC	AdvPre_PronStem9	AdvPre_PronStem9
oo_vimba	NPrePre2a_NStem	NStem_NStem	NPrePre2a_NStem	BPre2a_NStem
.	Punc	PUNC	Punc	PUNC
A_ba	Dem2_Pos1	PUNC_PUNC	Dem2_Pos1	SC6_AuxVStem
vimba	NStem	PUNC	NStem	NStem
ba_nga_l_u_ncedo	CopPre_Pot_CopPre_NPrePre11_BPre11_NStem	VRoot_VRoot_VRoot_VRoot_VRoot	CopPre_Pot_CopPre_NPrePre11_BPre11_NStem	BPre2_Pot_BPre11_NPrePre1a_NStem
naxa	Conj	PUNC	Conj	NStem
u_masipala	NPrePre1a_NStem	NStem_NStem	NPrePre1a_NStem	NPrePre1a_NStem
e_gqib_e	SC1a_VRoot_VerbTerm	NStem_NStem_NStem	SC1a_VRoot_VerbTerm	LocPre_VRoot_VerbTerm
e_kubeni	Conj	NStem_NStem	Conj	LocPre_Adv
a_nikezel_e	SC1a_VRoot_ApplExt_VerbTerm	NStem_VRoot_NStem	SC1a_VRoot_ApplExt_VerbTerm	SC6_VRoot_VerbTerm
i_n_konzo	NPrePre9_BPre9_NStem	NStem_NStem_NStem	NPrePre9_BPre9_NStem	NPrePre9_BPre9_NStem
k_oo_Ma_hlulelane	LocPre_NPrePre2a_NStem	NStem_NStem_NStem_NStem	LocPre_NPrePre2a_NStem	PossConc15_LocPre_BPre6_NStem
kw_i_N_konzo	LocPre_NPrePre9_BPre9_NStem	NStem_NStem_NStem_NStem	LocPre_NPrePre9_BPre9_NStem	PossConc15_NPrePre9_BPre9_NStem
zi_ka_Masipala	PossConc10_PossKA_NStem	NStem_NStem_NStem	PossConc10_PossKA_NStem	CopPre_AdvPre_NStem
.	Punc	PUNC	Punc	PUNC
I_i_Komiti	NPrePre10_BPre10_NStem	NStem_NStem_NStem	NPrePre10_BPre10_NStem	NPrePre4_NPrePre4_NStem
ze_Wadi	PossConc10_NPrePre9_NStem	NStem_NStem	PossConc10_NPrePre9_NStem	AdvPre_NStem
zi_nga_nced_is_a	SC10_Pot_VRoot_CausExt_VerbTerm	VRoot_VRoot_VRoot_VRoot_VRoot	SC10_Pot_VRoot_CausExt_VerbTerm	SC2_Pot_VRoot_CausExt_VerbTerm
e_ku_phawul_e_ni	LocPre_NPrePre15_BPre15_VRoot_VerbTerm_LocSuf	VRoot_VRoot_VRoot_VRoot_VRoot	LocPre_NPrePre15_BPre15_VRoot_VerbTerm_LocSuf	LocPre_BPre15_VRoot_VerbTerm_LocSuf
u_m_nikezel_i	NPrePre1_BPre1_NStem	VRoot_VRoot_VRoot_VRoot	NPrePre1_BPre1_NStem	NPrePre1_BPre1_VRoot_VerbTerm
we_n_konzo	PossConc1_NPrePre9_BPre9_NStem	NStem_NStem_NStem	PossConc1_NPrePre9_BPre9_NStem	PossConc3_BPre9_NStem
o_fanel_ek_il_e_yo	RelConc1_VRoot_NeutExt_Perf_VerbTerm_RelSuf	NStem_NStem_NStem_NStem_NStem_NStem	RelConc1_VRoot_NeutExt_Perf_VerbTerm_RelSuf	RelConc3_VRoot_NeutExt_ApplExt_VerbTerm_RelSuf
o_no_ku_hlangabez_ana	RelConc1_CopPre_NPrePre15_BPre15_VRoot_RecipExt_VerbTerm	VRoot_VRoot_VRoot_VRoot_VRoot	RelConc1_CopPre_NPrePre15_BPre15_VRoot_RecipExt_VerbTerm	RelConc3_CopPre_BPre15_VRoot_DimSuf
ne_e_n_jongo	AdvPre_NPrePre10_BPre10_NStem	NStem_NStem_NStem_NStem	AdvPre_NPrePre10_BPre10_NStem	AdvPre_LocPre_BPre9_NStem
zo_nikezelo	PossConc10_NPrePre11_BPre11_NStem	NStem_NStem	PossConc10_NPrePre11_BPre11_NStem	NPre10_NStem
lu_ka_masipala	PossConc11_PossKA_NStem	NStem_NStem_NStem	PossConc11_PossKA_NStem	BPre11_AdvPre_NStem
nge_xabiso	AdvPre_NPrePre5_BPre5_NStem	NStem_NStem	AdvPre_NPrePre5_BPre5_NStem	AdvPre_NStem
eli_fanel_ek_il_e_yo	RelConc5_VRoot_NeutExt_Perf_VerbTerm_RelSuf	VRoot_VRoot_VRoot_VRoot_VRoot_VRoot	RelConc5_VRoot_NeutExt_Perf_VerbTerm_RelSuf	RelConc5_VRoot_NeutExt_ApplExt_VerbTerm_RelSuf
kw_a_kunye	AdvPre_Conj	NStem_NStem_NStem	AdvPre_Conj	BPre15_LocPre_Adv
ne_n_dlel_a	AdvPre_NPrePre9_BPre9_NStem	VRoot_NStem_NStem_NStem	AdvPre_NPrePre9_BPre9_NStem	AdvPre_BPre9_VRoot_VerbTerm
e_fanel_ek_il_e_yo	RelConc9_VRoot_NeutExt_Perf_VerbTerm_RelSuf	VRoot_VRoot_VRoot_VRoot_VRoot_VRoot	RelConc9_VRoot_NeutExt_Perf_VerbTerm_RelSuf	LocPre_VRoot_NPas_ApplExt_VerbTerm_PronStem9
yo_ku_fuman_a	PossConc9_NPrePre15_BPre15_VRoot_VerbTerm	NStem_NStem_NStem_NStem	PossConc9_NPrePre15_BPre15_VRoot_VerbTerm	PossConc9_OC15_VRoot_VerbTerm
i_zin_to	NPrePre10_BPre10_NStem	NStem_NStem_NStem	NPrePre10_BPre10_NStem	SC9_VRoot_PronStem8
.	Punc	PUNC	Punc	PUNC
Zi_guqul_a	SC8_VRoot_VerbTerm	NStem_NStem_NStem	SC8_VRoot_VerbTerm	SC2_VRoot_VerbTerm
u_ku_nga_lingan_i	NPrePre15_BPre15_NegPre_VRoot_VerbTerm	NStem_VRoot_VRoot_VRoot_VRoot	NPrePre15_BPre15_NegPre_VRoot_VerbTerm	SC2ps_BPre15_NegPre_VRoot_VerbTerm
ko_nxulumano	PossConc15_NPrePre11_BPre11_NStem	NStem_NStem	PossConc15_NPrePre11_BPre11_NStem	BPre2_NStem
lwa_ma_gunya	PossConc11_NPrePre6_BPre6_NStem	NStem_NStem_NStem	PossConc11_NPrePre6_BPre6_NStem	PossConc11_BPre6_NStem
phakathi	Adv	PUNC	Adv	Adv
kwa_ma_doda	PossConc15_NPrePre6_BPre6_NStem	NStem_NStem_NStem	PossConc15_NPrePre6_BPre6_NStem	PossConc15_BPre6_NStem
na_ma_khosikazi	AdvPre_NPrePre6_BPre6_NStem	NStem_NStem_NStem	AdvPre_NPrePre6_BPre6_NStem	AdvPre_BPre6_NStem
.	Punc	PUNC	Punc	PUNC
A_ma_khosikazi	NPrePre6_BPre6_NStem	NStem_NStem_NStem	NPrePre6_BPre6_NStem	PossConc6_BPre6_NStem
ku_funek_a	SC15_VRoot_VerbTerm	NStem_NStem_NStem	SC15_VRoot_VerbTerm	BPre15_VRoot_VerbTerm
a_be	CopPre_Cop	PUNC_PUNC	CopPre_Cop	SC1_AuxVStem
no_ku_fikelel_a	CopPre_NPrePre15_BPre15_VRoot_VerbTerm	VRoot_VRoot_VRoot_VRoot	CopPre_NPrePre15_BPre15_VRoot_VerbTerm	AdvPre_OC15_VRoot_VerbTerm
kw_i_zin_to	LocPre_NPrePre10_BPre10_NStem	VRoot_NStem_VRoot_NStem	LocPre_NPrePre10_BPre10_NStem	PossConc15_BPre9_NPre10_NStem
ezi_ya	RelConc10_Fut	PUNC_PUNC	RelConc10_Fut	RelConc5_AuxVStem
ku_wa_xhob_is_a	SC15_OC6_VRoot_CausExt_VerbTerm	VRoot_VRoot_VRoot_VRoot_VRoot	SC15_OC6_VRoot_CausExt_VerbTerm	SC15_OC6_VRoot_CausExt_VerbTerm
_	Punc		Punc	
njengo_qeqesho	AdvPre_NPrePre11_BPre11_NStem	NStem_NStem	AdvPre_NPrePre11_BPre11_NStem	AdvPre_NStem
,	Punc	PUNC	Punc	PUNC
i_i_mali__mb_o_leko	NPrePre10_BPre10_NStem_BPre9_NStem	VRoot_VRoot_VRoot_VRoot_VRoot_VRoot	NPrePre10_BPre10_NStem_BPre9_NStem	SC4_NPrePre4_NStem_VRoot_VerbTerm_NStem
,	Punc	PUNC	Punc	PUNC
a_ma_gunya	NPrePre6_BPre6_NStem	NStem_NStem_NStem	NPrePre6_BPre6_NStem	NPrePre6_BPre6_NStem
oku_sayina	PossConc6_NPrePre15_BPre15_VRoot_VerbTerm	NStem_NStem	PossConc6_NPrePre15_BPre15_VRoot_VerbTerm	RelConc15_NStem
e_ku_qesh_is_e_ni	LocPre_NPrePre15_BPre15_VRoot_CausExt_VerbTerm_LocSuf	VRoot_VRoot_VRoot_VRoot_VRoot_VRoot	LocPre_NPrePre15_BPre15_VRoot_CausExt_VerbTerm_LocSuf	LocPre_BPre15_VRoot_CausExt_VerbTerm_LocSuf
i_zin_dlu	NPrePre10_BPre10_NStem	NStem_NStem_NStem	NPrePre10_BPre10_NStem	NPrePre9_BPre10_NStem
no_ku_m_el_w_a	AdvPre_NPrePre15_BPre15_VRoot_ApplExt_PassExt_VerbTerm	VRoot_VRoot_NStem_VRoot_VRoot_VRoot	AdvPre_NPrePre15_BPre15_VRoot_ApplExt_PassExt_VerbTerm	AdvPre_OC15_VRoot_ApplExt_PassExt_VerbTerm
ku_ma_qumrhu	LocPre_NPrePre6_BPre6_NStem	NStem_NStem_NStem	LocPre_NPrePre6_BPre6_NStem	LocPre_BPre6_NStem
e_zo_politiko	RelConc6_PossConc8_NPrePre11_BPre11_NStem	NStem_NStem_NStem	RelConc6_PossConc8_NPrePre11_BPre11_NStem	PossConc6_NPre10_NStem
.	Punc	PUNC	Punc	PUNC
I_mi_ngeni	NPrePre4_BPre4_NStem	NStem_NStem_NStem	NPrePre4_BPre4_NStem	NPrePre4_BPre4_NStem
emi_ninzi	AdjPref4_AdjStem	NStem_NStem	AdjPref4_AdjStem	AdjPref4_AdjStem
ya_s_e_Mzantsi	PossConc4_PreLoc-s_LocPre_ProperName	VRoot_VRoot_NStem_VRoot	PossConc4_PreLoc-s_LocPre_ProperName	PossConc9_PreLocs_LocPre_ProperName
Afrika	ProperName	PUNC	ProperName	ProperName
ku_nga_jong_w_ana	SC15_NegPre_VRoot_PassExt_RecipExt_VerbTerm	NStem_NStem_NStem_NStem_NStem	SC15_NegPre_VRoot_PassExt_RecipExt_VerbTerm	SC15_Pot_VRoot_PassExt_DimSuf
na_yo	AdvPre_PronStem9	PUNC_PUNC	AdvPre_PronStem9	AdvPre_PronStem9
ku_phel_a	Adv	NStem_NStem_NStem	Adv	SC15_VRoot_VerbTerm
nge_n_tsebenziswano	AdvPre_NPrePre9_BPre9_NStem	VRoot_VRoot_VRoot	AdvPre_NPrePre9_BPre9_NStem	AdvPre_BPre9_NStem
ye_mi_m_mandla	PossConc9_NPrePre4_BPre4_NStem	NStem_NStem_NStem_NStem	PossConc9_NPrePre4_BPre4_NStem	PossConc4_BPre4_BPre3_NStem
.	Punc	PUNC	Punc	PUNC
Logama	Adv	PUNC	Adv	CDEM01
u_Mzantsi	NPrePre3_ProperName	NStem_NStem	NPrePre3_ProperName	NPrePre1a_NStem
Afrika	ProperName	PUNC	ProperName	ProperName
u_li_li_zwe	CopPre_CopPre_NPrePre5_BPre5_NStem	VRoot_VRoot_NStem_NStem	CopPre_CopPre_NPrePre5_BPre5_NStem	NPrePre1a_CopPre_BPre5_NStem
eli_no_ku_nqongophala	RelConc5_CopPre_NPrePre15_BPre15_NStem	VRoot_VRoot_VRoot_VRoot	RelConc5_CopPre_NPrePre15_BPre15_NStem	RelConc5_AdvPre_BPre15_NStem
kwa_ma_nzi	PossConc15_NPrePre6_BPre6_NStem	NStem_NStem_NStem	PossConc15_NPrePre6_BPre6_NStem	PossConc15_BPre6_NStem
,	Punc	PUNC	Punc	PUNC
a_ma_zwe	NPrePre6_BPre6_NStem	NStem_NStem_NStem	NPrePre6_BPre6_NStem	NPrePre6_BPre6_NStem
a_ma_ninzi	AdjPref6_AdjStem	NStem_NStem_NStem	AdjPref6_AdjStem	LocPre_BPre6_NStem
a_nga_ba_melwane	RelConc6_CopPre_NPrePre2_BPre2_NStem	NStem_NStem_NStem_NStem	RelConc6_CopPre_NPrePre2_BPre2_NStem	RelConc6_Pot_BPre2_NStem
a_na_ma_nzi	RelConc6_CopPre_BPre6_NStem	NStem_NStem_NStem_NStem	RelConc6_CopPre_BPre6_NStem	RelConc6_AdvPre_BPre6_NStem
a_ma_ninzi	AdjPref6_AdjStem	NStem_NStem_NStem	AdjPref6_AdjStem	LocPre_BPre6_NStem
.	Punc	PUNC	Punc	PUNC
Ku_kho	CopPre_Adv	PUNC_PUNC	CopPre_Adv	LocPre_PronStem17
ezi_nye	AdjPref10_AdjStem	PUNC_NStem	AdjPref10_AdjStem	AdjPref7_AdjStem
i_in_gingqi	NPrePre10_BPre10_NStem	NStem_NStem_NStem	NPrePre10_BPre10_NStem	NPrePre9_BPre9_NStem
a_pho	Dem16_Pos2	PUNC_PUNC	Dem16_Pos2	PossConc6_PronStem17
u_ku_nikezel_a	NPrePre15_BPre15_VRoot_VerbTerm	PUNC_PUNC_PUNC_PUNC	NPrePre15_BPre15_VRoot_VerbTerm	SC2ps_OC15_VRoot_VerbTerm
ku_ka_zwelonke	PossConc15_PossKA_NStem	VRoot_VRoot_VRoot	PossConc15_PossKA_NStem	LocPre_ExclNeg_NStem
oku_fezek_is_a_yo	RelConc15_VRoot_VerbTerm_RelSuf	NStem_NStem_NStem_VRoot_NStem	RelConc15_VRoot_VerbTerm_RelSuf	RelConc15_VRoot_CausExt_VerbTerm_RelSuf
ku_bonelel_a	SC15_VRoot_VerbTerm	NStem_NStem_NStem	SC15_VRoot_VerbTerm	BPre15_VRoot_VerbTerm
nga_ma_thuba	AdvPre_NPrePre6_BPre6_NStem	NStem_NStem_NStem	AdvPre_NPrePre6_BPre6_NStem	AdvPre_BPre6_NStem
en_tsebenziswano	PossConc6_NPrePre9_BPre9_NStem	VRoot_VRoot	PossConc6_NPrePre9_BPre9_NStem	AdvPre_NStem
e_y_i_n_zuzo	RelConc9_CopPre_NPrePre9_BPre9_NStem	VRoot_VRoot_VRoot_VRoot_VRoot	RelConc9_CopPre_NPrePre9_BPre9_NStem	PossConc6_CopPre_NPrePre9_BPre9_NStem
ma_cala	BPre6_NStem	PUNC_PUNC	BPre6_NStem	BPre6_NStem
.	Punc	PUNC	Punc	PUNC
Ng_oko_m_zekelo	AdvPre_AdvPre_NPrePre3_BPre3_NStem	NStem_NStem_NStem_NStem	AdvPre_AdvPre_NPrePre3_BPre3_NStem	AdvPre_RelConc15_BPre3_NStem
,	Punc	PUNC	Punc	PUNC
u_Mzantsi	NPrePre3_ProperName	NStem_NStem	NPrePre3_ProperName	NPrePre1a_ProperName
Afrika	ProperName	PUNC	ProperName	ProperName
ku_funek_a	SC15_VRoot_VerbTerm	NStem_NStem_NStem	SC15_VRoot_VerbTerm	BPre15_VRoot_VerbTerm
u_tyal_e	SC3_VRoot_VerbTerm	NStem_NStem_NStem	SC3_VRoot_VerbTerm	SC3_VRoot_VerbTerm
kwaye	Conj	PUNC	Conj	Adv
u_nced_e	SC3_VRoot_VerbTerm	NStem_NStem_NStem	SC3_VRoot_VerbTerm	SC3_VRoot_VerbTerm
e_ku_sebenz_is_e_ni	LocPre_NPrePre15_BPre15_VRoot_CausExt_VerbTerm_LocSuf	NStem_NStem_NStem_NStem_NStem_NStem	LocPre_NPrePre15_BPre15_VRoot_CausExt_VerbTerm_LocSuf	SC9_BPre15_VRoot_CausExt_VerbTerm_LocSuf
u_lu_hlu	NPrePre11_BPre11_NStem	NStem_NStem_NStem	NPrePre11_BPre11_NStem	NPrePre1a_BPre11_NStem
olu_banzi	RelConc11_RelStem	NStem_NStem	RelConc11_RelStem	RelConc11_NStem
la_ma_thuba	PossConc11_BPre6_NStem	NStem_NStem_NStem	PossConc11_BPre6_NStem	PossConc5_BPre6_NStem
o_m_bane	PossConc6_NPrePre3_BPre3_NStem	PUNC_PUNC_PUNC	PossConc6_NPrePre3_BPre3_NStem	RelConc3_BPre3_NStem
o_ne_khabhoni	RelConc3_CopPre_NPrePre9_NStem	NStem_NStem_NStem	RelConc3_CopPre_NPrePre9_NStem	QuantConc6_AdvPre_NStem
e_s_e_zantsi	RelConc9_PreLoc-s_LocPre_Adv	VRoot_VRoot_VRoot_VRoot	RelConc9_PreLoc-s_LocPre_Adv	LocPre_PreLocs_LocPre_NStem
o_suk_a	RelConc3_VRoot_VerbTerm	NStem_NStem_NStem	RelConc3_VRoot_VerbTerm	SC1_VRoot_VerbTerm
ku_m_bane	LocPre_NPrePre3_BPre3_NStem	NStem_NStem_NStem	LocPre_NPrePre3_BPre3_NStem	LocPre_BPre3_NStem
wa_ma_nzi	PossConc3_NPrePre6_BPre6_NStem	NStem_NStem_NStem	PossConc3_NPrePre6_BPre6_NStem	PossConc3_BPre6_NStem
ne_mi_nye	AdvPre_AdjPref4_AdjStem	NStem_NStem_NStem	AdvPre_AdjPref4_AdjStem	AdvPre_BPre4_NStem
i_mi_thombo	NPrePre4_BPre4_NStem	NStem_NStem_NStem	NPrePre4_BPre4_NStem	NPrePre4_BPre4_NStem
yo_m_bane	PossConc4_NPrePre3_BPre3_NStem	NStem_NStem_NStem	PossConc4_NPrePre3_BPre3_NStem	PossConc4_BPre3_NStem
e_coc_ek_il_e_yo	RelConc9_VRoot_NeutExt_Perf_VerbTerm_RelSuf	VRoot_VRoot_VRoot_VRoot_VRoot_VRoot	RelConc9_VRoot_NeutExt_Perf_VerbTerm_RelSuf	PossConc6_VRoot_NeutExt_ApplExt_VerbTerm_RelSuf
ku_ma_zantsi	LocPre_NPrePre6_BPre6_Adv	NStem_NStem_NStem	LocPre_NPrePre6_BPre6_Adv	LocPre_BPre6_NStem
e_Af_rika	PossConc6_NPrePre5_ProperName	NStem_NStem_NStem	PossConc6_NPrePre5_ProperName	LocPre_ProperName_NStem
.	Punc	PUNC	Punc	PUNC
I_nani	NPrePre5_BPre5_NStem	NStem_NStem	NPrePre5_BPre5_NStem	NPre9_NStem
le_mi_sebenzi	PossConc5_NPrePre4_BPre4_NStem	NStem_NStem_NStem	PossConc5_NPrePre4_BPre4_NStem	PossConc5_BPre4_NStem
e_velis_iw_e_yo	RelConc4_VRoot_CausExt_PassExt_VerbTerm_RelSuf	VRoot_VRoot_VRoot_VRoot_VRoot	RelConc4_VRoot_CausExt_PassExt_VerbTerm_RelSuf	PossConc6_VRoot_PassExt_VerbTerm_PronStem9
ku_ma_nyathelo	LocPre_NPrePre6_BPre6_NStem	NStem_NStem_NStem	LocPre_NPrePre6_BPre6_NStem	LocPre_BPre6_NStem
a_ma_tsha	AdjPref6_AdjStem	NStem_NStem_NStem	AdjPref6_AdjStem	NPrePre6_BPre6_NStem
o_phuhliso	PossConc6_NPrePre15_BPre11_NStem	NStem_NStem	PossConc6_NPrePre15_BPre11_NStem	QuantConc6_NStem
lw_e_zo_qoqosho	PossConc11_RelConc9_PossConc8_NPrePre11_BPre11_NStem	VRoot_VRoot_VRoot_VRoot	PossConc11_RelConc9_PossConc8_NPrePre11_BPre11_NStem	PossConc11_LocPre_BPre7_NStem
ku_masipala	LocPre_NPrePre1a_NStem	NStem_NStem	LocPre_NPrePre1a_NStem	LocPre_NStem
we_n_gingqi	PossConc1a_NPrePre9_BPre9_NStem	NStem_NStem_NStem	PossConc1a_NPrePre9_BPre9_NStem	PossConc3_BPre9_NStem
u_ku_quk_a	NPrePre15_BPre15_VRoot_VerbTerm	NStem_NStem_NStem_NStem	NPrePre15_BPre15_VRoot_VerbTerm	SC2ps_OC15_VRoot_VerbTerm
ne_e_projekthi	AdvPre_NPrePre10_BPre10_NStem	NStem_NStem_NStem	AdvPre_NPrePre10_BPre10_NStem	AdvPre_LocPre_NStem
ze_kapitali	PossConc10_NPrePre9_NStem	NStem_NStem	PossConc10_NPrePre9_NStem	AdvPre_NStem
.	Punc	PUNC	Punc	PUNC
U_ku_bhexesha	NPrePre15_BPre15_VRoot_VerbTerm	NStem_NStem_NStem	NPrePre15_BPre15_VRoot_VerbTerm	NPrePre1_BPre15_NStem
no_ku_qinisek_is_a	AdvPre_NPrePre15_BPre15_VRoot_CausExt_VerbTerm	VRoot_VRoot_VRoot_VRoot_VRoot	AdvPre_NPrePre15_BPre15_VRoot_CausExt_VerbTerm	AdvPre_BPre15_VRoot_CausExt_VerbTerm
u_ku_thath_a	NPrePre15_BPre15_VRoot_VerbTerm	NStem_NStem_NStem_NStem	NPrePre15_BPre15_VRoot_VerbTerm	SC2ps_OC15_VRoot_VerbTerm
i_n_xaxheba	NPrePre9_BPre9_NStem	NStem_NStem_NStem	NPrePre9_BPre9_NStem	NPrePre9_BPre9_NStem
ko_lu_ntu	PossConc15_NPrePre11_BPre11_NStem	NStem_NStem_NStem	PossConc15_NPrePre11_BPre11_NStem	BPre2_BPre11_NStem
kw_enz_iw_a	SC15_VRoot_PassExt_VerbTerm	NStem_NStem_VRoot_VRoot	SC15_VRoot_PassExt_VerbTerm	SC15_VRoot_PassExt_VerbTerm
njeng_oko	AdvPre_Dem15_Pos2	NStem_NStem	AdvPre_Dem15_Pos2	AdvPre_NStem
ku_bon_iw_e	SC15_VRoot_PassExt_VerbTerm	NStem_NStem_VRoot_NStem	SC15_VRoot_PassExt_VerbTerm	SC15_VRoot_PassExt_VerbTerm
ku_wiso__m_thetho	LocPre_NStem_BPre3_NStem	VRoot_VRoot_VRoot_VRoot	LocPre_NStem_BPre3_NStem	BPre17_NStem_BPre3_NStem
olu_fanel_ek_il_e_yo	RelConc11_VRoot_NeutExt_Perf_VerbTerm_RelSuf	VRoot_VRoot_VRoot_VRoot_VRoot_VRoot	RelConc11_VRoot_NeutExt_Perf_VerbTerm_RelSuf	RelConc11_VRoot_NeutExt_ApplExt_VerbTerm_PronStem9
ku_ya	SC15_Fut	PUNC_PUNC	SC15_Fut	BPre15_AuxVStem
ku_vel_is_a	SC15_VRoot_CausExt_VerbTerm	NStem_NStem_NStem_NStem	SC15_VRoot_CausExt_VerbTerm	BPre15_VRoot_CausExt_VerbTerm
i_mi_ngeni	NPrePre4_BPre4_NStem	NStem_NStem_NStem	NPrePre4_BPre4_NStem	NPrePre4_BPre4_NStem
kw_i_i_Komiti	LocPre_NPrePre10_BPre10_NStem	NStem_NStem_NStem_NStem	LocPre_NPrePre10_BPre10_NStem	PossConc15_NPrePre4_NPre9_NStem
ze_Wadi	PossConc10_NPrePre9_NStem	NStem_PUNC	PossConc10_NPrePre9_NStem	BPre5_NStem
e_ku_lawul_e_ni	LocPre_NPrePre15_BPre15_VRoot_VerbTerm_LocSuf	VRoot_VRoot_VRoot_VRoot_VRoot	LocPre_NPrePre15_BPre15_VRoot_VerbTerm_LocSuf	LocPre_OC15_VRoot_VerbTerm_LocSuf
a_ma_qela	NPrePre6_BPre6_NStem	NStem_NStem_NStem	NPrePre6_BPre6_NStem	NPrePre6_BPre6_NStem
ne_mi_nqweno	AdvPre_NPrePre4_BPre4_NStem	VRoot_VRoot_VRoot	AdvPre_NPrePre4_BPre4_NStem	AdvPre_BPre4_NStem
e_nga_fan_i_yo	RelConc4_NegPre_VRoot_VerbTerm_RelSuf	NStem_NStem_NStem_NStem_NStem	RelConc4_NegPre_VRoot_VerbTerm_RelSuf	NegPre_NegPre_VRoot_VerbTerm_RelSuf
kw_i_i_wadi	LocPre_NPrePre10_BPre10_NStem	NStem_NStem_NStem_NStem	LocPre_NPrePre10_BPre10_NStem	PossConc15_BPre9_BPre9_NStem
za_zo	PossConc10_PronStem10	PUNC_PUNC	PossConc10_PronStem10	PossConc9_PronStem2
.	Punc	PUNC	Punc	PUNC
A_ma_lungu	NPrePre6_BPre6_NStem	NStem_NStem_NStem	NPrePre6_BPre6_NStem	NPrePre6_BPre6_NStem
e_Komiti	PossConc6_NPrePre9_NStem	NStem_NStem	PossConc6_NPrePre9_NStem	LocPre_NStem
ye_Wadi	PossConc9_NPrePre9_NStem	NStem_NStem	PossConc9_NPrePre9_NStem	PossConc9_NStem
ku_funek_a	SC15_VRoot_VerbTerm	NStem_NStem_NStem	SC15_VRoot_VerbTerm	BPre15_VRoot_VerbTerm
a_ku_qond_e	SC6_OC15_VRoot_VerbTerm	VRoot_NStem_VRoot_VRoot	SC6_OC15_VRoot_VerbTerm	SC6_OC15_VRoot_VerbTerm
u_ku_nga_fan_i	NPrePre15_BPre15_NegPre_VRoot_VerbTerm	NStem_NStem_NStem_NStem_VRoot	NPrePre15_BPre15_NegPre_VRoot_VerbTerm	SC3_OC15_NegPre_VRoot_VerbTerm
ko_lu_ntu	PossConc15_NPrePre11_BPre11_NStem	NStem_NStem_NStem	PossConc15_NPrePre11_BPre11_NStem	PossConc15_BPre11_NStem
lwa_wo	PossConc11_PronStem6	NStem_NStem	PossConc11_PronStem6	PossConc11_PronStem6
ze	AuxVStem	PUNC	AuxVStem	PronStem1
a_lungis_e	SC6_VRoot_VerbTerm	NStem_NStem_NStem	SC6_VRoot_VerbTerm	SC6_VRoot_VerbTerm
i_zi_cwangciso__qh_inga	NPrePre8_BPre8_NStem_NStem	VRoot_VRoot_VRoot_VRoot_VRoot	NPrePre8_BPre8_NStem_NStem	NPrePre4_CopPre_NStem_VRoot_NStem
ezi_sebenz_a_yo	RelConc8_VRoot_VerbTerm_RelSuf	VRoot_VRoot_VRoot_VRoot	RelConc8_VRoot_VerbTerm_RelSuf	RelConc7_VRoot_VerbTerm_RelSuf
u_ku_qinisek_is_a	NPrePre15_BPre15_VRoot_CausExt_VerbTerm	VRoot_VRoot_VRoot_VRoot_VRoot	NPrePre15_BPre15_VRoot_CausExt_VerbTerm	SC2ps_BPre15_VRoot_CausExt_VerbTerm
u_quko	NPrePre11_NStem	NStem_NStem	NPrePre11_NStem	NPrePre1a_NStem
lwa_ma_lungu	PossConc11_NPrePre6_BPre6_NStem	NStem_NStem_NStem	PossConc11_NPrePre6_BPre6_NStem	PossConc11_BPre6_NStem
o_nke	QuantConc6_QuantStem	NStem_NStem	QuantConc6_QuantStem	QuantConc6_NStem
e_e_wadi	PossConc6_NPrePre10_BPre10_NStem	NStem_NStem_NStem	PossConc6_NPrePre10_BPre10_NStem	PossConc6_PossConc6_NStem
za_wo	PossConc10_PronStem6	PUNC_PUNC	PossConc10_PronStem6	PossConc3_PronStem6
.	Punc	PUNC	Punc	PUNC
E_ku_gaye_ni	LocPre_NPrePre15_BPre15_VRoot_VerbTerm_LocSuf	VRoot_NStem_VRoot_VRoot	LocPre_NPrePre15_BPre15_VRoot_VerbTerm_LocSuf	LocPre_BPre15_VRoot_VerbTerm
u_lu_ntu	NPrePre11_BPre11_NStem	NStem_NStem_NStem	NPrePre11_BPre11_NStem	NPrePre1_BPre11_NStem
u_kuba	Conj	PUNC_PUNC	Conj	NPrePre1a_NStem
lu_xhas_e	SC11_VRoot_VerbTerm	NStem_NStem_NStem	SC11_VRoot_VerbTerm	SC11_VRoot_VerbTerm
i_si_cwangciso	NPrePre7_BPre7_NStem	VRoot_VRoot_VRoot	NPrePre7_BPre7_NStem	NPrePre4_BPre7_NStem
,	Punc	PUNC	Punc	PUNC
no_ku_phononong_w_a	AdvPre_NPrePre15_BPre15_VRoot_PassExt_VerbTerm	NStem_NStem_NStem_NStem_NStem	AdvPre_NPrePre15_BPre15_VRoot_PassExt_VerbTerm	AdvPre_OC15_VRoot_PassExt_VerbTerm
kwe_futh_e	PossConc15_NPrePre5_BPre5_NStem	NStem_NStem_NStem	PossConc15_NPrePre5_BPre5_NStem	PossConc15_VRoot_VerbTerm
la_s_e_ku_hlal_e_ni	PossConc5_PreLoc-s_LocPre_NPrePre15_BPre15_VRoot_VerbTerm_LocSuf	VRoot_VRoot_VRoot_VRoot_VRoot_VRoot_VRoot	PossConc5_PreLoc-s_LocPre_NPrePre15_BPre15_VRoot_VerbTerm_LocSuf	PossConc5_PreLocs_LocPre_BPre15_VRoot_VerbTerm_LocSuf
e_ku_nciph_is_e_ni	LocPre_NPrePre15_BPre15_VRoot_CausExt_VerbTerm_LocSuf	VRoot_VRoot_VRoot_VRoot_VRoot_VRoot	LocPre_NPrePre15_BPre15_VRoot_CausExt_VerbTerm_LocSuf	LocPre_BPre15_VRoot_CausExt_VerbTerm_LocSuf
u_bu_hlwempu	NPrePre14_BPre14_NStem	VRoot_VRoot_VRoot	NPrePre14_BPre14_NStem	NPrePre1a_BPre14_NStem
no_ku_nga_lingan_i	AdvPre_NPrePre15_BPre15_NegPre_VRoot_VerbTerm	NStem_NStem_NStem_NStem_NStem	AdvPre_NPrePre15_BPre15_NegPre_VRoot_VerbTerm	AdvPre_OC15_NegPre_VRoot_VerbTerm
ngo_tyalo__mali	AdvPre_NPrePre11_BPre11_NStem_NStem	NStem_NStem_NStem	AdvPre_NPrePre11_BPre11_NStem_NStem	AdvPre_NStem_NStem
ne_n_gqesho	AdvPre_NPrePre9_BPre9_NStem	NStem_NStem_NStem	AdvPre_NPrePre9_BPre9_NStem	AdvPre_BPre9_NStem
.	Punc	PUNC	Punc	PUNC
I_in_tlanganiso	NPrePre10_BPre10_NStem	NStem_NStem_NStem	NPrePre10_BPre10_NStem	NPrePre9_BPre9_NStem
zo_lu_ntu	PossConc10_NPrePre11_BPre11_NStem	NStem_NStem_NStem	PossConc10_NPrePre11_BPre11_NStem	AdvPre_BPre11_NStem
jikelel_e	Adv	NStem_NStem	Adv	VRoot_VerbTerm
zi_banj_w_a	SC10_VRoot_PassExt_VerbTerm	NStem_NStem_NStem_NStem	SC10_VRoot_PassExt_VerbTerm	CopPre_Intrans_PassExt_VerbTerm
e_m_va	LocPre_NPrePre3_BPre3_NStem	NStem_NStem_NStem	LocPre_NPrePre3_BPre3_NStem	LocPre_BPre3_Adv
kwe_n_tlanganiso	PossConc15_NPrePre9_BPre9_NStem	NStem_NStem_NStem	PossConc15_NPrePre9_BPre9_NStem	PossConc15_BPre9_NStem
nga_nye	AdvPre_EnumStem	PUNC_PUNC	AdvPre_EnumStem	AdvPre_AdjStem
ye_bhunga	PossConc9_NPrePre5_NStem	NStem_PUNC	PossConc9_NPrePre5_NStem	PossConc9_NStem
u_kw_az_is_a	NPrePre15_BPre15_VRoot_CausExt_VerbTerm	NStem_NStem_NStem_VRoot_NStem	NPrePre15_BPre15_VRoot_CausExt_VerbTerm	SC2ps_OC15_VRoot_CausExt_VerbTerm
aba_hlali	NPrePre2_BPre2_NStem	NStem_NStem	NPrePre2_BPre2_NStem	NegPre_NStem
.	Punc	PUNC	Punc	PUNC
U_kw_enz_iw_a	NPrePre15_BPre15_VRoot_PassExt_VerbTerm	VRoot_VRoot_VRoot_VRoot_VRoot	NPrePre15_BPre15_VRoot_PassExt_VerbTerm	SC3_OC15_VRoot_PassExt_VerbTerm
kwe_si_cwangciso	PossConc15_NPrePre7_BPre7_NStem	VRoot_VRoot_VRoot	PossConc15_NPrePre7_BPre7_NStem	PossConc15_BPre7_NStem
_	Punc		Punc	
I_komiti	NPrePre9_NStem	NStem_NStem	NPrePre9_NStem	NPre9_NStem
ye_Wadi	PossConc9_NPrePre9_NStem	NStem_NStem	PossConc9_NPrePre9_NStem	PossConc9_NStem
i_sebenz_a	SC9_VRoot_VerbTerm	NStem_VRoot_NStem	SC9_VRoot_VerbTerm	SC9_VRoot_VerbTerm
ng_oku_sondela	AdvPre_NPrePre15_BPre15_VRoot_VerbTerm	NStem_NStem_NStem	AdvPre_NPrePre15_BPre15_VRoot_VerbTerm	AdvPre_RelConc15_NStem
kw_i_lungu	LocPre_NPrePre5_NStem	NStem_NStem_NStem	LocPre_NPrePre5_NStem	PossConc15_NPrePre4_NStem
le_bhunga	PossConc5_NPrePre5_NStem	NStem_NStem	PossConc5_NPrePre5_NStem	PossConc5_NStem
u_kuze	Conj	NStem_NStem	Conj	NPrePre1a_Conj
ku_chong_w_e	SC15_VRoot_PassExt_VerbTerm	NStem_NStem_NStem_NStem	SC15_VRoot_PassExt_VerbTerm	SC15_VRoot_PassExt_VerbTerm
i_zin_to	NPrePre10_BPre10_NStem	NStem_NStem_NStem	NPrePre10_BPre10_NStem	SC9_BPre10_NStem
ezi_balulek_il_e_yo	RelConc10_VRoot_Perf_VerbTerm_RelSuf	VRoot_VRoot_VRoot_VRoot_VRoot	RelConc10_VRoot_Perf_VerbTerm_RelSuf	RelConc10_VRoot_ApplExt_VerbTerm_RelSuf
ngo_ku_shiy_an_a	AdvPre_NPrePre15_BPre15_VRoot_RecipExt_VerbTerm	VRoot_VRoot_VRoot_VRoot_VRoot	AdvPre_NPrePre15_BPre15_VRoot_RecipExt_VerbTerm	AdvPre_OC15_VRoot_RecipExt_VerbTerm
kwa_zo	PossConc15_PronStem10	PUNC_PUNC	PossConc15_PronStem10	PossConc15_NStem
kananjalo	AdvPre_AdvPre_Adv	PUNC	AdvPre_AdvPre_Adv	NStem
ku_qinisek_is_w_e	SC15_VRoot_CausExt_PassExt_VerbTerm	VRoot_VRoot_VRoot_VRoot_VRoot	SC15_VRoot_CausExt_PassExt_VerbTerm	SC15_VRoot_CausExt_PassExt_VerbTerm
u_kuba	Conj	PUNC_PUNC	Conj	NPrePre1a_NStem
ezo	Dem8_Pos2	PUNC	Dem8_Pos2	LocPre
zin_to	BPre10_NStem	PUNC_PUNC	BPre10_NStem	BPre10_PronStem8
zi_phambili	RelConc10_Adv	NStem_NStem	RelConc10_Adv	RelConc10_Adv
zi_bandakany_iw_e	SC15_VRoot_PassExt_VerbTerm	VRoot_VRoot_VRoot_VRoot	SC15_VRoot_PassExt_VerbTerm	SC2_VRoot_PassExt_VerbTerm
kw_i_zi_ndululo	LocPre_NPrePre8_BPre8_NStem	VRoot_VRoot_VRoot_VRoot	LocPre_NPrePre8_BPre8_NStem	PossConc15_NPrePre4_CopPre_NStem
zo_hlahlo	PossConc8_NPrePre11_BPre11_NStem	NStem_NStem	PossConc8_NPrePre11_BPre11_NStem	NPre2a_NStem
lw_ab_iwo__mali	BPre11_NStem_NStem	NStem_NStem_NStem_NStem	BPre11_NStem_NStem	BPre11_VRoot_PassExt_NStem
na_kw_i_zi_cwangciso	AdvPre_LocPre_NPrePre8_BPre8_NStem	VRoot_VRoot_VRoot_VRoot_VRoot	AdvPre_LocPre_NPrePre8_BPre8_NStem	AdvPre_BPre15_NPrePre4_BPre7_NStem
ze_e_projekthi	PossConc10_NPrePre10_BPre10_NStem	NStem_NStem_NStem	PossConc10_NPrePre10_BPre10_NStem	PossConc9_LocPre_NStem
.	Punc	PUNC	Punc	PUNC
U_Rhulumente	NPrePre1a_NStem	NStem_NStem	NPrePre1a_NStem	NPrePre1a_NStem
ku_funek_a	SC15_VRoot_VerbTerm	NStem_NStem_NStem	SC15_VRoot_VerbTerm	BPre15_VRoot_VerbTerm
a_be	CopPre_Cop	PUNC_PUNC	CopPre_Cop	SC1_AuxVStem
ne_ntumekelelo	AdvPre_NPrePre9_BPre9_NStem	NStem_NStem	AdvPre_NPrePre9_BPre9_NStem	AdvPre_NStem
yo_ku_khangel_a	PossConc9_NPrePre15_BPre15_Intrans_VerbTerm	NStem_NStem_NStem_NStem	PossConc9_NPrePre15_BPre15_Intrans_VerbTerm	CopPre_OC15_VRoot_VerbTerm
e_ma_zi_jong_w_e	RelConc10_ImpPre_OC10_VRoot_PassExt_VerbTerm	VRoot_VRoot_VRoot_VRoot_VRoot_VRoot	RelConc10_ImpPre_OC10_VRoot_PassExt_VerbTerm	NPrePre6_BPre6_OC7_VRoot_PassExt_VerbTerm
ku_qal_a	SC15_VRoot_VerbTerm	NStem_NStem_NStem	SC15_VRoot_VerbTerm	BPre15_VRoot_VerbTerm
.	Punc	PUNC	Punc	PUNC
I_khab_i_nethi	NPrePre9_NStem	VRoot_VRoot_VRoot_VRoot	NPrePre9_NStem	SC9_VRoot_VerbTerm_NStem
na_ma_gosa	AdvPre_NPrePre6_BPre6_NStem	NStem_NStem_NStem	AdvPre_NPrePre6_BPre6_NStem	AdvPre_BPre6_NStem
ka_rhulumente	PossKA_NPrePre1a_NStem	NStem_NStem	PossKA_NPrePre1a_NStem	AdvPre_NStem
a_phezulu	RelConc6_Adv	NStem_PUNC	RelConc6_Adv	RelConc6_Adv
ku_mel_e	SC15_AuxVStem	NStem_NStem_NStem	SC15_AuxVStem	SC15_VRoot_VerbTerm
ba_jolis_e	SC2_VRoot_VerbTerm	NStem_NStem_NStem	SC2_VRoot_VerbTerm	SC2_VRoot_VerbTerm
i_n_gqalelo	NPrePre9_BPre9_NStem	NStem_NStem_NStem	NPrePre9_BPre9_NStem	NPrePre9_BPre9_NStem
ya_wo	PossConc9_PronStem3	PUNC_PUNC	PossConc9_PronStem3	PossConc4_PronStem6
kw_i_zin_to	LocPre_NPrePre10_BPre10_NStem	NStem_NStem_NStem_NStem	LocPre_NPrePre10_BPre10_NStem	PossConc15_NPrePre9_VRoot_NStem
e_ma_zi_jong_w_e	RelConc10_ImpPre_OC10_VRoot_PassExt_VerbTerm	VRoot_NStem_NStem_NStem_VRoot_VRoot	RelConc10_ImpPre_OC10_VRoot_PassExt_VerbTerm	NPrePre6_BPre6_SC5_VRoot_PassExt_VerbTerm
ku_qal_a	SC15_VRoot_VerbTerm	NStem_NStem_NStem	SC15_VRoot_VerbTerm	BPre15_VRoot_VerbTerm
ezi_mbalwa	RelConc10_RelStem	NStem_NStem	RelConc10_RelStem	RelConc10_RelStem
ng_okwe_si_cwangciso__qh_inga	AdvPre_AdvPre_NPrePre7_BPre7_NStem_NStem	VRoot_VRoot_VRoot_VRoot_VRoot_VRoot	AdvPre_AdvPre_NPrePre7_BPre7_NStem_NStem	AdvPre_RelConc15_BPre7_NStem_PassExt_NStem
.	Punc	PUNC	Punc	PUNC
Esi	Dem7_Pos1	PUNC	Dem7_Pos1	CDEM07
si_cwangciso	BPre7_NStem	NStem_NStem	BPre7_NStem	BPre7_NStem
si_bonelel_a	SC7_VRoot_VerbTerm	NStem_NStem_NStem	SC7_VRoot_VerbTerm	SC7_VRoot_VerbTerm
ngo_bu_me	AdvPre_NPrePre14_BPre14_NStem	NStem_NStem_NStem	AdvPre_NPrePre14_BPre14_NStem	AdvPre_BPre14_NStem
be_si_cwangciso__qh_inga	PossConc14_NPrePre7_BPre7_NStem_NStem	VRoot_VRoot_VRoot_VRoot_VRoot	PossConc14_NPrePre7_BPre7_NStem_NStem	PossConc2_BPre7_NStem_PossConc11_NStem
obu_njalo	RelConc14_Adv	PUNC_PUNC	RelConc14_Adv	BPre14_Adv
.	Punc	PUNC	Punc	PUNC
Si_chong_a	SC7_VRoot_VerbTerm	NStem_NStem_NStem	SC7_VRoot_VerbTerm	SC7_VRoot_VerbTerm
i_zin_to	NPrePre10_BPre10_NStem	NStem_NStem_NStem	NPrePre10_BPre10_NStem	BPre9_BPre10_PronStem10
e_ma_zi_jong_w_e	RelConc10_ImpPre_OC10_VRoot_PassExt_VerbTerm	VRoot_VRoot_VRoot_VRoot_VRoot_VRoot	RelConc10_ImpPre_OC10_VRoot_PassExt_VerbTerm	NPrePre6_BPre6_OC7_VRoot_PassExt_VerbTerm
ku_qal_a	SC15_VRoot_VerbTerm	NStem_NStem_NStem	SC15_VRoot_VerbTerm	BPre15_VRoot_VerbTerm
ezi_kw_i_nqanaba	RelConc10_LocPre_NPrePre9_BPre9_NStem	VRoot_VRoot_VRoot_VRoot	RelConc10_LocPre_NPrePre9_BPre9_NStem	RelConc10_BPre15_BPre9_NStem
eli_phezulu	RelConc5_Adv	NStem_NStem	RelConc5_Adv	RelConc5_Adv
,	Punc	PUNC	Punc	PUNC
kw_ezi_nye	PossConc15_AdjPref8_AdjStem	NStem_NStem_NStem	PossConc15_AdjPref8_AdjStem	PossConc15_AdjPref7_EnumStem
i_in_gingqi	NPrePre10_BPre10_NStem	NStem_NStem_NStem	NPrePre10_BPre10_NStem	NPrePre9_BPre9_NStem
,	Punc	PUNC	Punc	PUNC
kunye	Conj	PUNC	Conj	Conj
no_landelelwano	AdvPre_NPrePre11_NStem	NStem_NStem	AdvPre_NPrePre11_NStem	AdvPre_NStem
olu_lo_dwa	RelConc11_QuantConc11_QuantStem	NStem_NStem_NStem	RelConc11_QuantConc11_QuantStem	RelConc11_RelConc3_NStem
.	Punc	PUNC	Punc	PUNC
Ng_oko_m_zekelo	AdvPre_AdvPre_NPrePre3_BPre3_NStem	VRoot_VRoot_VRoot_VRoot	AdvPre_AdvPre_NPrePre3_BPre3_NStem	AdvPre_RelConc15_BPre3_NStem
,	Punc	PUNC	Punc	PUNC
si_qaqamb_is_a	SC7_VRoot_CausExt_VerbTerm	VRoot_VRoot_VRoot_VRoot	SC7_VRoot_CausExt_VerbTerm	SC7_VRoot_CausExt_VerbTerm
i_m_funo	NPrePre9_BPre9_NStem	NStem_NStem_NStem	NPrePre9_BPre9_NStem	NPrePre4_BPre3_NStem
yo_ku_nyus_a	PossConc9_NPrePre15_BPre15_VRoot_VerbTerm	VRoot_NStem_VRoot_VRoot	PossConc9_NPrePre15_BPre15_VRoot_VerbTerm	CopPre_OC15_VRoot_VerbTerm
u_lingano	NPrePre11_NStem	NStem_NStem	NPrePre11_NStem	NPrePre1a_NStem
kw_i_i_kholeji	LocPre_NPrePre10_BPre10_NStem	VRoot_VRoot_VRoot_VRoot	LocPre_NPrePre10_BPre10_NStem	PossConc15_NPrePre4_BPre4_NStem
ze_FET	PossConc10_NPrePre9_Abbr	NStem_NStem	PossConc10_NPrePre9_Abbr	PossConc9_Abbr
phambi	Adv	PUNC	Adv	Adv
ko_kw_and_is_a	PossConc15_NPrePre15_BPre15_VRoot_CausExt_VerbTerm	NStem_NStem_NStem_NStem_NStem	PossConc15_NPrePre15_BPre15_VRoot_CausExt_VerbTerm	PossConc15_BPre15_VRoot_CausExt_VerbTerm
u_m_thamo	NPrePre3_BPre3_NStem	NStem_NStem_NStem	NPrePre3_BPre3_NStem	NPrePre3_BPre3_NStem
ngo_ku_khawulez_a	AdvPre_NPrePre15_BPre15_VRoot_VerbTerm	VRoot_VRoot_VRoot_VRoot	AdvPre_NPrePre15_BPre15_VRoot_VerbTerm	AdvPre_OC15_VRoot_VerbTerm
.	Punc	PUNC	Punc	PUNC
U_ku_phumez_a	NPrePre15_BPre15_VRoot_VerbTerm	NStem_NStem_NStem_NStem	NPrePre15_BPre15_VRoot_VerbTerm	SC2ps_OC15_VRoot_VerbTerm
esi	Dem7_Pos1	PUNC	Dem7_Pos1	CDEM07
si_cwangciso	BPre7_NStem	NStem_NStem	BPre7_NStem	BPre7_NStem
ku_ya	SC15_Fut	PUNC_PUNC	SC15_Fut	BPre15_AuxVStem
ku_fun_a	SC15_VRoot_VerbTerm	NStem_NStem_NStem	SC15_VRoot_VerbTerm	BPre15_VRoot_VerbTerm
i_zi_gqibo	NPrePre8_BPre8_NStem	NStem_NStem_NStem	NPrePre8_BPre8_NStem	NPrePre4_BPre7_NStem
ezi_qath_a	RelConc8_RelStem	NStem_NStem_NStem	RelConc8_RelStem	ImpPre_VRoot_VerbTerm
,	Punc	PUNC	Punc	PUNC
n_ezi_no_kuba	AdvPre_RelConc8_AdvPre_Conj	NStem_NStem_NStem_NStem	AdvPre_RelConc8_AdvPre_Conj	AdvPre_RelConc8_CopPre_NStem
ze_zi_ngadumanga	CopPre_RelConc8_NegPre_VRoot_VerbTerm_NegPre	NStem_NStem_NStem	CopPre_RelConc8_NegPre_VRoot_VerbTerm_NegPre	RelConc10_BPre7_NStem
.	Punc	PUNC	Punc	PUNC
I_li_zwe	NPrePre5_BPre5_NStem	NStem_NStem_NStem	NPrePre5_BPre5_NStem	NPrePre9_BPre5_NStem
ku_mel_e	SC15_AuxVStem	PUNC_PUNC_PUNC	SC15_AuxVStem	SC15_VRoot_VerbTerm
li_fun_e	SC5_VRoot_VerbTerm	NStem_NStem_NStem	SC5_VRoot_VerbTerm	SC5_VRoot_VerbTerm
u_ku_phucul_a	NPrePre15_BPre15_VRoot_VerbTerm	VRoot_VRoot_VRoot_VRoot	NPrePre15_BPre15_VRoot_VerbTerm	SC3_OC15_VRoot_VerbTerm
ng_oku_qhubek_ek_a_yo	AdvPre_RelConc15_VRoot_NeutExt_VerbTerm_RelSuf	VRoot_VRoot_VRoot_VRoot_VRoot_VRoot	AdvPre_RelConc15_VRoot_NeutExt_VerbTerm_RelSuf	AdvPre_RelConc15_VRoot_NPas_VerbTerm_PronStem9
u_ku_sebenz_a	NPrePre15_BPre15_VRoot_VerbTerm	VRoot_VRoot_VRoot_VRoot	NPrePre15_BPre15_VRoot_VerbTerm	SC2ps_OC15_VRoot_VerbTerm
kwe_mi_funziselo	PossConc15_NPrePre4_BPre4_NStem	VRoot_VRoot_VRoot	PossConc15_NPrePre4_BPre4_NStem	PossConc15_BPre4_NStem
e_ku_phuhl_is_w_eni	LocPre_NPrePre15_BPre15_VRoot_CausExt_PassExt_VerbTerm_LocSuf	VRoot_VRoot_VRoot_VRoot_VRoot_VRoot	LocPre_NPrePre15_BPre15_VRoot_CausExt_PassExt_VerbTerm_LocSuf	LocPre_BPre15_VRoot_CausExt_PassExt_LocSuf
kwa_ba_ntsundu	PossConc15_NPrePre2_BPre2_RelStem	VRoot_VRoot_VRoot	PossConc15_NPrePre2_BPre2_RelStem	PossConc15_BPre2_NStem
ku_qoqosho	LocPre_NPrePre11_BPre11_NStem	NStem_NStem	LocPre_NPrePre11_BPre11_NStem	LocPre_NStem
.	Punc	PUNC	Punc	PUNC
A_ma_qela	NPrePre6_BPre6_NStem	NStem_NStem_NStem	NPrePre6_BPre6_NStem	PossConc6_BPre6_NStem
aba_hlali	NPrePre2_BPre6_NStem	NStem_NStem	NPrePre2_BPre6_NStem	RelConc2a_NStem
a_ne_n_dima	CopPre_CopPre_NPrePre9_BPre9_NStem	NStem_NStem_NStem_VRoot	CopPre_CopPre_NPrePre9_BPre9_NStem	RelConc6_AdvPre_BPre9_NStem
a_yi_dlal_a_yo	RelConc2_OC9_VRoot_VerbTerm_RelSuf	NStem_VRoot_VRoot_NStem_VRoot	RelConc2_OC9_VRoot_VerbTerm_RelSuf	NegPre_OC4_VRoot_VerbTerm_RelSuf
e_ku_bek_e_ni	LocPre_NPrePre15_BPre15_VRoot_VerbTerm_LocSuf	NStem_NStem_NStem_NStem_NStem	LocPre_NPrePre15_BPre15_VRoot_VerbTerm_LocSuf	LocPre_BPre15_VRoot_VerbTerm_LocSuf
i_li_so	NPrePre5_BPre5_NStem	NStem_NStem_NStem	NPrePre5_BPre5_NStem	NPrePre5_BPre5_NStem
kw_i_si_xokelelwano	LocPre_NPrePre7_BPre7_NStem	VRoot_VRoot_VRoot_VRoot	LocPre_NPrePre7_BPre7_NStem	PossConc15_NPrePre4_BPre7_NStem
so_m_gangatho	PossConc7_NPrePre3_BPre3_NStem	PUNC_PUNC_PUNC	PossConc7_NPrePre3_BPre3_NStem	PossConc7_BPre3_NStem
wo_ku_sebenz_a	PossConc3_NPrePre15_BPre15_VRoot_VerbTerm	VRoot_NStem_VRoot_NStem	PossConc3_NPrePre15_BPre15_VRoot_VerbTerm	PossConc3_OC15_VRoot_VerbTerm
ku_ka_masipala	PossConc15_PossKA_NStem	NStem_NStem_NStem	PossConc15_PossKA_NStem	LocPre_AdvPre_NStem
na_s_e_ku_m_is_el_e_ni	AdvPre_PreLoc-s_LocPre_NPrePre15_BPre15_VRoot_VerbTerm_LocSuf	VRoot_VRoot_VRoot_VRoot_VRoot_VRoot_VRoot_VRoot_VRoot	AdvPre_PreLoc-s_LocPre_NPrePre15_BPre15_VRoot_VerbTerm_LocSuf	AdvPre_PreLocs_LocPre_BPre15_VRoot_CausExt_ApplExt_VerbTerm_LocSuf
a_ma_nqanaba	NPrePre6_BPre6_NStem	NStem_NStem_VRoot	NPrePre6_BPre6_NStem	NPrePre6_BPre6_NStem
e_ku_jolis_w_e	RelConc9_SC15_VRoot_PassExt_VerbTerm	NStem_NStem_NStem_NStem_NStem	RelConc9_SC15_VRoot_PassExt_VerbTerm	LocPre_BPre15_VRoot_PassExt_VerbTerm
ku_wo	LocPre_PronStem6	PUNC_PUNC	LocPre_PronStem6	LocPre_PronStem6
a_fanel_ek_il_e_yo	RelConc6_VRoot_NeutExt_Perf_VerbTerm_RelSuf	VRoot_VRoot_VRoot_VRoot_VRoot_VRoot	RelConc6_VRoot_NeutExt_Perf_VerbTerm_RelSuf	SC6_VRoot_NeutExt_ApplExt_VerbTerm_PronStem9
na_ng_u_ndoqo	AdvPre_CopPre_NPrePre1a_NStem	VRoot_VRoot_VRoot_VRoot	AdvPre_CopPre_NPrePre1a_NStem	AdvPre_CopPre_BPre3_NStem
o_m_gangatho	PossConc6_NPrePre3_BPre3_NStem	NStem_NStem_NStem	PossConc6_NPrePre3_BPre3_NStem	NPrePre3_BPre3_NStem
wo_ku_sebenz_a	PossConc3_NPrePre15_BPre15_VRoot_VerbTerm	VRoot_VRoot_VRoot_VRoot	PossConc3_NPrePre15_BPre15_VRoot_VerbTerm	PossConc3_OC15_VRoot_VerbTerm
.	Punc	PUNC	Punc	PUNC
I__CBP	NPrePre9_Abbr	NStem_NStem	NPrePre9_Abbr	NPrePre9_Abbr
y_i_n_kqubo	CopPre_NPrePre9_BPre9_NStem	VRoot_VRoot_VRoot_NStem	CopPre_NPrePre9_BPre9_NStem	CopPre_NPrePre9_BPre9_NStem
e_nik_a	RelConc2_VRoot_VerbTerm	NStem_NStem_NStem	RelConc2_VRoot_VerbTerm	SC6_VRoot_VerbTerm
i_n_kxaso	NPrePre9_BPre9_NStem	NStem_NStem_NStem	NPrePre9_BPre9_NStem	NPrePre9_BPre9_NStem
e_ku_nced_is_e_ni	LocPre_NPrePre15_BPre15_VRoot_CausExt_VerbTerm_LocSuf	VRoot_VRoot_VRoot_VRoot_VRoot_VRoot	LocPre_NPrePre15_BPre15_VRoot_CausExt_VerbTerm_LocSuf	SC9_BPre15_VRoot_CausExt_VerbTerm_LocSuf
i_i_Komiti	NPrePre10_BPre10_NStem	NStem_NStem_NStem	NPrePre10_BPre10_NStem	NPrePre4_NPrePre4_NStem
ze_Wadi	PossConc10_NPrePre9_NStem	NStem_NStem	PossConc10_NPrePre9_NStem	AdvPre_NStem
u_kuba	Conj	PUNC_PUNC	Conj	NPrePre1a_NStem
zi_kw_az_i	SC10_BPre15_VRoot_VerbTerm	NStem_NStem_NStem_NStem	SC10_BPre15_VRoot_VerbTerm	SC2_OC15_VRoot_VerbTerm
u_ku_nced_is_a	NPrePre15_BPre15_VRoot_CausExt_VerbTerm	VRoot_VRoot_VRoot_NStem_VRoot	NPrePre15_BPre15_VRoot_CausExt_VerbTerm	SC2ps_OC15_VRoot_CausExt_VerbTerm
a_ma_qela	NPrePre6_BPre6_NStem	NStem_NStem_NStem	NPrePre6_BPre6_NStem	NPrePre6_BPre6_NStem
aba_hlali	NPrePre2_BPre6_NStem	NStem_NStem	NPrePre2_BPre6_NStem	NegPre_NStem
abo	Dem2_Pos2	Adv	Dem2_Pos2	CDEM02
e_ku_fak_e_ni	LocPre_NPrePre15_BPre15_VRoot_VerbTerm_LocSuf	VRoot_VRoot_VRoot_VRoot_VRoot	LocPre_NPrePre15_BPre15_VRoot_VerbTerm_LocSuf	LocPre_OC15_VRoot_VerbTerm_LocSuf
i_galelo	NPrePre5_BPre5_NStem	NStem_NStem	NPrePre5_BPre5_NStem	NPre9_NStem
ku_le	LocPre_Dem9_Pos1	PUNC_PUNC	LocPre_Dem9_Pos1	SC15_AuxVStem
n_kqubo	BPre9_NStem	PUNC_PUNC	BPre9_NStem	NPre9_NStem
.	Punc	PUNC	Punc	PUNC
I_khuthaz_a	SC9_VRoot_VerbTerm	NStem_NStem_NStem	SC9_VRoot_VerbTerm	SC9_VRoot_VerbTerm
u_ku_phendul_a	NPrePre15_BPre15_VRoot_VerbTerm	VRoot_VRoot_VRoot_VRoot	NPrePre15_BPre15_VRoot_VerbTerm	SC2ps_BPre15_VRoot_VerbTerm
nge_z_enzo	AdvPre_NPrePre8_BPre8_NStem	NStem_NStem_NStem	AdvPre_NPrePre8_BPre8_NStem	AdvPre_BPre8_NStem
za_khe	PossConc8_PossPron	PUNC_PUNC	PossConc8_PossPron	PossConc9_PronStem1
no_ku_nga_fihl_i	AdvPre_NPrePre15_BPre15_NegPre_VRoot_VerbTerm	VRoot_VRoot_NStem_VRoot_VRoot	AdvPre_NPrePre15_BPre15_NegPre_VRoot_VerbTerm	AdvPre_BPre15_NegPre_VRoot_VerbTerm
oku_fanel_e	RelConc15_VRoot_VerbTerm	NStem_NStem_NStem	RelConc15_VRoot_VerbTerm	RelConc15_VRoot_VerbTerm
u_ku_tyhil_w_a	NPrePre15_BPre15_VRoot_PassExt_VerbTerm	VRoot_NStem_VRoot_VRoot_VRoot	NPrePre15_BPre15_VRoot_PassExt_VerbTerm	SC3_OC15_VRoot_PassExt_VerbTerm
.	Punc	PUNC	Punc	PUNC
U_ku_thath_a	NPrePre15_BPre15_VRoot_VerbTerm	VRoot_VRoot_VRoot_NStem	NPrePre15_BPre15_VRoot_VerbTerm	SC2ps_OC15_VRoot_VerbTerm
i_n_xaxheba	NPrePre9_BPre9_NStem	NStem_NStem_NStem	NPrePre9_BPre9_NStem	NPrePre9_BPre9_NStem
ko_lu_ntu	PossConc15_NPrePre11_BPre11_NStem	NStem_NStem_NStem	PossConc15_NPrePre11_BPre11_NStem	PossConc15_BPre11_NStem
ku_nga_ne_n_zuzo	BPre15_Pot_AdvPre_NPrePre9_BPre9_NStem	NStem_NStem_NStem_NStem_NStem	BPre15_Pot_AdvPre_NPrePre9_BPre9_NStem	BPre15_NegPre_AdvPre_BPre9_NStem
e_n_tle	AdjPref9_AdjStem	NStem_NStem_NStem	AdjPref9_AdjStem	PossConc6_BPre9_NStem
kw_i_wadi	LocPre_NPrePre9_NStem	NStem_NStem_NStem	LocPre_NPrePre9_NStem	PossConc15_BPre5_NStem
njeng_oko	AdvPre_Dem15_Pos2	NStem_NStem	AdvPre_Dem15_Pos2	AdvPre_NStem
i_zim_vo	NPrePre10_BPre10_NStem	NStem_NStem_NStem	NPrePre10_BPre10_NStem	NPrePre4_BPre4_NStem
za_ba_hlali	PossConc10_NPrePre2_BPre2_NStem	NStem_NStem_VRoot	PossConc10_NPrePre2_BPre2_NStem	PossConc9_BPre2_NStem
zi_quk_iw_e	SC10_VRoot_PassExt_VerbTerm	VRoot_VRoot_VRoot_VRoot	SC10_VRoot_PassExt_VerbTerm	SC7_VRoot_PassExt_VerbTerm
kw_i_zi_cwangciso	LocPre_NPrePre8_BPre8_NStem	VRoot_VRoot_VRoot_VRoot	LocPre_NPrePre8_BPre8_NStem	PossConc15_NPrePre4_BPre7_NStem
zo_phuhliso	PossConc8_NPrePre11_BPre11_NStem	NStem_NStem	PossConc8_NPrePre11_BPre11_NStem	BPre2a_NStem
no_ku_khul_a	AdvPre_NPrePre15_BPre15_VRoot_VerbTerm	NStem_NStem_NStem_NStem	AdvPre_NPrePre15_BPre15_VRoot_VerbTerm	AdvPre_BPre15_VRoot_VerbTerm
.	Punc	PUNC	Punc	PUNC
U_k_omelez_a	NPrePre15_BPre15_VRoot_VerbTerm	VRoot_VRoot_VRoot_VRoot	NPrePre15_BPre15_VRoot_VerbTerm	SC2ps_OC15_VRoot_VerbTerm
i_si_xokelelwano	NPrePre7_BPre7_NStem	VRoot_VRoot_VRoot	NPrePre7_BPre7_NStem	NPrePre4_BPre7_NStem
so_bu_lungis_w_a	PossConc7_NPrePre14_BPre14_VRoot_PassExt_VerbTerm	VRoot_VRoot_VRoot_VRoot_VRoot	PossConc7_NPrePre14_BPre14_VRoot_PassExt_VerbTerm	PronStem7_BPre14_VRoot_PassExt_VerbTerm
obu_jong_en_e	RelConc14_VRoot_RecipExt_VerbTerm	NStem_NStem_NStem_NStem	RelConc14_VRoot_RecipExt_VerbTerm	RelConc14_VRoot_RecipExt_Perf
no_lw_aphulo__m_thetho	AdvPre_NPrePre11_BPre11_NStem_BPre3_NStem	VRoot_VRoot_VRoot_VRoot_VRoot	AdvPre_NPrePre11_BPre11_NStem_BPre3_NStem	AdvPre_BPre11_NStem_BPre3_NStem
.	Punc	PUNC	Punc	PUNC
Oku	Dem15_Pos1	PUNC	Dem15_Pos1	CDEM15
ku_fun_a	SC15_VRoot_VerbTerm	NStem_NStem_NStem	SC15_VRoot_VerbTerm	SC15_VRoot_VerbTerm
u_ku_sebenz_is_an_a	NPrePre15_BPre15_VRoot_CausExt_RecipExt_VerbTerm	VRoot_VRoot_VRoot_VRoot_VRoot_VRoot	NPrePre15_BPre15_VRoot_CausExt_RecipExt_VerbTerm	SC1_OC15_VRoot_CausExt_RecipExt_VerbTerm
phakathi	Adv	PUNC	Adv	Adv
kwa_ma_sebe	PossConc15_NPrePre6_BPre6_NStem	NStem_NStem_NStem	PossConc15_NPrePre6_BPre6_NStem	PossConc15_BPre6_NStem
o_nke	QuantConc6_QuantStem	NStem_NStem	QuantConc6_QuantStem	QuantConc6_NStem
ku_bu_lungis_a	LocPre_NPrePre14_BPre14_NStem	NStem_NStem_NStem_VRoot	LocPre_NPrePre14_BPre14_NStem	SC15_BPre14_VRoot_VerbTerm
bu_ka_rhulumente	PossConc14_PossKA_NStem	NStem_NStem_VRoot	PossConc14_PossKA_NStem	BPre14_ExclNeg_NStem
,	Punc	PUNC	Punc	PUNC
u_thintelo	NPrePre11_NStem	NStem_NStem	NPrePre11_NStem	NPrePre1a_NStem
lo_lw_aphulo__m_thetho	PossConc11_NPrePre11_BPre11_NStem_BPre3_NStem	VRoot_VRoot_VRoot_VRoot_VRoot	PossConc11_NPrePre11_BPre11_NStem_BPre3_NStem	RelConc3_BPre11_NStem_BPre3_NStem
ne_m_bumb_a	AdvPre_NPrePre9_NPrePre3_VRoot_VerbTerm	NStem_NStem_NStem_NStem	AdvPre_NPrePre9_NPrePre3_VRoot_VerbTerm	AdvPre_BPre3_VRoot_VerbTerm
yo_khuseleko	PossConc9_NPrePre11_BPre11_NStem	NStem_NStem	PossConc9_NPrePre11_BPre11_NStem	PossConc4_NStem
.	Punc	PUNC	Punc	PUNC
I_in_gcebiso	NPrePre10_BPre10_NStem	VRoot_VRoot_VRoot	NPrePre10_BPre10_NStem	NPrePre9_BPre9_NStem
zo_ku_Phononong_w_a	PossConc10_NPrePre15_BPre15_VRoot_PassExt_VerbTerm	VRoot_VRoot_VRoot_VRoot_VRoot	PossConc10_NPrePre15_BPre15_VRoot_PassExt_VerbTerm	SC15_OC15_VRoot_PassExt_VerbTerm
kwe_Si_xokelelwano	PossConc15_NPrePre7_BPre7_NStem	VRoot_VRoot_VRoot	PossConc15_NPrePre7_BPre7_NStem	PossConc15_BPre7_NStem
so_Bu_lungis_a	PossConc7_NPrePre14_BPre14_NStem	NStem_NStem_NStem_NStem	PossConc7_NPrePre14_BPre14_NStem	PronStem7_SC14_VRoot_VerbTerm
obu_jong_en_e	RelConc14_VRoot_RecipExt_VerbTerm	NStem_NStem_NStem_NStem	RelConc14_VRoot_RecipExt_VerbTerm	RelConc14_VRoot_RecipExt_VerbTerm
no_Lw_aphulo__m_thetho	AdvPre_NPrePre11_BPre11_NStem_BPre3_NStem	VRoot_VRoot_VRoot_VRoot_VRoot	AdvPre_NPrePre11_BPre11_NStem_BPre3_NStem	AdvPre_BPre11_NStem_BPre3_NStem
sa_s_e_Mzantsi	PossConc7_PreLoc-s_LocPre_ProperName	VRoot_VRoot_VRoot_VRoot	PossConc7_PreLoc-s_LocPre_ProperName	PossConc7_PreLocs_LocPre_ProperName
Afrika	ProperName	PUNC	ProperName	ProperName
zi_ya	SC10_Fut	PUNC_PUNC	SC10_Fut	CopPre_AuxVStem
ku_hamb_a	SC15_VRoot_VerbTerm	NStem_NStem_NStem	SC15_VRoot_VerbTerm	BPre15_VRoot_VerbTerm
u_m_gama	NPrePre3_BPre3_NStem	NStem_NStem_NStem	NPrePre3_BPre3_NStem	NPrePre3_BPre3_NStem
e_ku_jong_an_e_ni	LocPre_NPrePre15_BPre15_VRoot_RecipExt_VerbTerm_LocSuf	NStem_VRoot_VRoot_VRoot_VRoot_VRoot	LocPre_NPrePre15_BPre15_VRoot_RecipExt_VerbTerm_LocSuf	LocPre_BPre15_VRoot_RecipExt_VerbTerm_LocSuf
no_bu_thathaka	AdvPre_NPrePre14_BPre14_RelStem	NStem_NStem_NStem	AdvPre_NPrePre14_BPre14_RelStem	AdvPre_BPre14_NStem
ba_ngoku	PossConc14_Adv	PUNC_PUNC	PossConc14_Adv	SC2a_Adv
be_si_xokelelwano	PossConc14_NPrePre7_BPre7_NStem	VRoot_VRoot_VRoot	PossConc14_NPrePre7_BPre7_NStem	PossConc2_BPre7_NStem
.	Punc	PUNC	Punc	PUNC
I_si_phumo	NPrePre7_BPre7_NStem	NStem_NStem_NStem	NPrePre7_BPre7_NStem	NPrePre4_BPre7_NStem
nga_si_nye	AdvPre_EnumConc7_EnumStem	NStem_NStem_NStem	AdvPre_EnumConc7_EnumStem	AdvPre_OC7_EnumStem
ku_funek_a	SC15_VRoot_VerbTerm	NStem_NStem_NStem	SC15_VRoot_VerbTerm	BPre15_VRoot_VerbTerm
kw_enz_iw_e	SC15_VRoot_PassExt_VerbTerm	VRoot_VRoot_VRoot_VRoot	SC15_VRoot_PassExt_VerbTerm	SC15_VRoot_PassExt_VerbTerm
i_n_gxelo	NPrePre9_BPre9_NStem	NStem_NStem_NStem	NPrePre9_BPre9_NStem	NPrePre9_BPre9_NStem
nga_so	AdvPre_PronStem7	PUNC_PUNC	AdvPre_PronStem7	AdvPre_PronStem7
kw_i_kholam	LocPre_NPrePre9_NStem	NStem_NStem_NStem	LocPre_NPrePre9_NStem	PossConc15_NPrePre4_VRoot
ye_n_kqubo	PossConc9_NPrePre9_BPre9_NStem	NStem_NStem_VRoot	PossConc9_NPrePre9_BPre9_NStem	PossConc9_BPre9_NStem
.	Punc	PUNC	Punc	PUNC
Na_yi_phi	AdvPre_EnumConc9_EnumStem	NStem_NStem_NStem	AdvPre_EnumConc9_EnumStem	AdvPre_CopPre_EnumStem
na	Interrog	PUNC	Interrog	AdvPre
i_mi_sebenzi	NPrePre4_BPre4_NStem	NStem_NStem_NStem	NPrePre4_BPre4_NStem	NPrePre4_BPre4_NStem
e_ya_yi_nga_cety_w_a_nga	RelConc4_SC4_Past_SC4_NegPre_VRoot_PassExt_VerbTerm_NegPre	VRoot_VRoot_VRoot_VRoot_VRoot_VRoot_VRoot_VRoot	RelConc4_SC4_Past_SC4_NegPre_VRoot_PassExt_VerbTerm_NegPre	PossConc6_Pres_OC9_AdvPre_VRoot_PassExt_VerbTerm_NegPre
,	Punc	PUNC	Punc	PUNC
kodwa	Conj	PUNC	Conj	Conj
ya_thi	SC4_Past_VRoot_VerbTerm	PUNC_PUNC	SC4_Past_VRoot_VerbTerm	PossConc9_NStem
y_enz_iw_a	SC4_VRoot_PassExt_VerbTerm	VRoot_VRoot_VRoot_VRoot	SC4_VRoot_PassExt_VerbTerm	SC9_VRoot_PassExt_VerbTerm
ku_funek_a	SC15_VRoot_VerbTerm	NStem_NStem_NStem	SC15_VRoot_VerbTerm	BPre15_VRoot_VerbTerm
i_fak_w_e	SC9_VRoot_PassExt_VerbTerm	VRoot_VRoot_VRoot_NStem	SC9_VRoot_PassExt_VerbTerm	SC4_VRoot_PassExt_VerbTerm
phaya	Dem16_Pos3	PUNC	Dem16_Pos3	NStem
e_ma_zantsi	LocPre_NPrePre6_BPre6_NStem	VRoot_VRoot_VRoot	LocPre_NPrePre6_BPre6_NStem	NPrePre6_BPre6_NStem
.	Punc	PUNC	Punc	PUNC
Ku_kho	CopPre_Adv	PUNC_PUNC	CopPre_Adv	LocPre_PronStem2
a_ma_tyeli	NPrePre6_BPre6_NStem	NStem_NStem_NStem	NPrePre6_BPre6_NStem	LocPre_BPre6_NStem
a_pho	Dem16_Pos2	PUNC_PUNC	Dem16_Pos2	PossConc6_PronStem6
u_masipala	NPrePre1a_NStem	NStem_NStem	NPrePre1a_NStem	NPrePre1a_NStem
a_nga_zi_v_a	SC1a_Pot_ReflPre_VRoot_VerbTerm	NStem_NStem_NStem_NStem_NStem	SC1a_Pot_ReflPre_VRoot_VerbTerm	SC6_Pot_OC2_VRoot_VerbTerm
ngathi	Adv	PUNC	Adv	Conj
e_n_dawe_ni	LocPre_NPrePre9_BPre9_NStem_LocSuf	VRoot_NStem_NStem_NStem	LocPre_NPrePre9_BPre9_NStem_LocSuf	LocPre_NPre9_NStem_LocSuf
yo_ku_nikezel_a	PossConc9_NPrePre15_BPre15_VRoot_VerbTerm	VRoot_VRoot_VRoot_VRoot	PossConc9_NPrePre15_BPre15_VRoot_VerbTerm	PossConc9_OC15_VRoot_VerbTerm
i_in_konzo	NPrePre10_BPre10_NStem	NStem_NStem_NStem	NPrePre10_BPre10_NStem	NPrePre4_BPre9_NStem
ezi_th_e	RelConc10_VRoot_VerbTerm	NStem_NStem_NStem	RelConc10_VRoot_VerbTerm	RelConc10_VRoot_VerbTerm
ngqo	Ideoph	PUNC	Ideoph	Ideoph
,	Punc	PUNC	Punc	PUNC
ku_ngangcono	CopPre_Pot_RelStem	NStem_NStem	CopPre_Pot_RelStem	BPre17_NStem
u_ku_qesha	NPrePre15_BPre15_VRoot_VerbTerm	NStem_NStem_NStem	NPrePre15_BPre15_VRoot_VerbTerm	NPrePre1_BPre15_NStem
u_m_ntu	NPrePre1_BPre1_NStem	NStem_NStem_NStem	NPrePre1_BPre1_NStem	NPrePre1_BPre1_NStem
o_th_ile	RelConc3_VRoot_Perf	NStem_NStem_NStem	RelConc3_VRoot_Perf	SC1_VRoot_Perf
(	Punc	PUNC	Punc	PUNC
u_m_nikezel_i	NPrePre1_BPre1_NStem	VRoot_VRoot_VRoot_VRoot	NPrePre1_BPre1_NStem	NPrePre3_BPre1_VRoot_VerbTerm
we_n_konzo	PossConc1_NPrePre9_BPre9_NStem	NStem_NStem_NStem	PossConc1_NPrePre9_BPre9_NStem	PossConc3_BPre9_NStem
)	Punc	PUNC	Punc	PUNC
u_kuba	Conj	PUNC_PUNC	Conj	NPrePre1a_NStem
enz_e	VRoot_VerbTerm	NStem_NStem	VRoot_VerbTerm	VRoot_VerbTerm
njalo	Adv	PUNC	Adv	Adv
.	Punc	PUNC	Punc	PUNC
I_zi_zathu	NPrePre8_BPre8_NStem	NStem_NStem_NStem	NPrePre8_BPre8_NStem	NPrePre4_BPre7_NStem
zo_kuba	PossConc10_Conj	PUNC_PUNC	PossConc10_Conj	AdvPre_NStem
u_masipala	NPrePre1a_NStem	NStem_NStem	NPrePre1a_NStem	NPrePre1a_NStem
a_khethe	SC1a_VRoot_VerbTerm	NStem_NStem	SC1a_VRoot_VerbTerm	RelConc6_NStem
le	Dem4_Pos1	PUNC	Dem4_Pos1	PossConc5
n_dlel_a	BPre9_NStem	NStem_NStem_NStem	BPre9_NStem	CopPre_VRoot_VerbTerm
k_ukuba	CopPre_Conj	PUNC_PUNC	CopPre_Conj	AdvPre_NStem
aba_nye	AdjPref2_AdjStem	PUNC_PUNC	AdjPref2_AdjStem	AdjPref2_AdjStem
oo_masipala	NPrePre2a_NStem	NStem_NStem	NPrePre2a_NStem	BPre2a_NStem
,	Punc	PUNC	Punc	PUNC
i_mi_butho	NPrePre4_BPre4_NStem	NStem_NStem_NStem	NPrePre4_BPre4_NStem	NPrePre4_BPre4_NStem
(	Punc	PUNC	Punc	PUNC
i_i__NGO	NPrePre10_BPre10_Abbr	NStem_NStem_NStem	NPrePre10_BPre10_Abbr	NPre9_NPre9_Abbr
okanye	Conj	PUNC	Conj	Adv
i_i__CBO	NPrePre10_BPre10_Abbr	NStem_NStem_NStem	NPrePre10_BPre10_Abbr	NPrePre4_NPrePre4_Abbr
)	Punc	Adv	Punc	PUNC
okanye	Conj	PUNC	Conj	Conj
i_in_kampani	NPrePre10_BPre10_NStem	NStem_NStem_NStem	NPrePre10_BPre10_NStem	NPrePre9_BPre9_NStem
za_bucala	PossConc10_Adv	NStem_NStem	PossConc10_Adv	AdvPre_Adv
zi_nganoo_vimba	CopPre_Pot_CopPre_NPrePre2a_NStem	VRoot_VRoot_VRoot	CopPre_Pot_CopPre_NPrePre2a_NStem	CopPre_NStem_NStem
aba_ngcono	RelConc2_RelStem	NStem_NStem	RelConc2_RelStem	RelConc2_NStem
ne_za_khono	AdvPre_NPrePre8_BPre8_NStem	NStem_NStem_NStem	AdvPre_NPrePre8_BPre8_NStem	AdvPre_NPre8_NStem
zo_lawulo	PossConc10_NPrePre11_BPre11_NStem	NStem_NStem	PossConc10_NPrePre11_BPre11_NStem	BPre2a_NStem
e_ku_nikezel_e_ni	LocPre_NPrePre15_BPre15_VRoot_VerbTerm_LocSuf	VRoot_VRoot_VRoot_VRoot_VRoot	LocPre_NPrePre15_BPre15_VRoot_VerbTerm_LocSuf	LocPre_OC15_VRoot_VerbTerm_LocSuf
i_n_konzo	NPrePre9_BPre9_NStem	NStem_NStem_NStem	NPrePre9_BPre9_NStem	NPrePre9_BPre9_NStem
.	Punc	PUNC	Punc	PUNC
A_ba_thathi__n_xaxheba	NPrePre2_BPre2_NStem_BPre9_NStem	VRoot_VRoot_VRoot_VRoot_VRoot	NPrePre2_BPre2_NStem_BPre9_NStem	RelConc6_BPre2_NStem_BPre9_NStem
ba_gqibezel_a	SC2_VRoot_VerbTerm	VRoot_VRoot_VRoot	SC2_VRoot_VerbTerm	SC2a_VRoot_VerbTerm
u_m_zekelo	NPrePre3_BPre3_NStem	NStem_NStem_NStem	NPrePre3_BPre3_NStem	NPrePre3_BPre3_NStem
o_ng_e_zantsi	RelConc3_AdvPre_LocPre_Adv	VRoot_VRoot_VRoot_VRoot	RelConc3_AdvPre_LocPre_Adv	LocPre_AdvPre_LocPre_NStem
o_malunga	RelConc3_Adv	NStem_NStem	RelConc3_Adv	NPre6_NStem
ne_n_dlel_a	AdvPre_NPrePre9_BPre9_NStem	NStem_NStem_NStem_NStem	AdvPre_NPrePre9_BPre9_NStem	AdvPre_OC15_VRoot_VerbTerm
i__K_PI	NPrePre9_Abbr	NStem_NStem_NStem	NPrePre9_Abbr	NPrePre4_Abbr_Abbr
e_hlangabez_ana	RelConc9_VRoot_RecipExt_VerbTerm	VRoot_VRoot_VRoot	RelConc9_VRoot_RecipExt_VerbTerm	LocPre_VRoot_DimSuf
nga_yo	AdvPre_PronStem9	PUNC_PUNC	AdvPre_PronStem9	AdvPre_PronStem9
ne_e_m_funo	AdvPre_NPrePre10_BPre10_NStem	NStem_NStem_NStem_NStem	AdvPre_NPrePre10_BPre10_NStem	AdvPre_LocPre_BPre3_NStem
ze_mi_miselo	PossConc8_NPrePre4_BPre4_NStem	NStem_NStem_NStem	PossConc8_NPrePre4_BPre4_NStem	PossConc9_BPre4_NStem
.	Punc	PUNC	Punc	PUNC
Sebenz_is_a	VRoot_CausExt_VerbTerm	NStem_NStem_NStem	VRoot_CausExt_VerbTerm	VRoot_CausExt_VerbTerm
u_m_gca	NPrePre3_BPre3_NStem	NStem_NStem_NStem	NPrePre3_BPre3_NStem	NPrePre3_BPre3_NStem
wo_ku_qal_a	PossConc3_NPrePre15_BPre15_VRoot_VerbTerm	NStem_NStem_NStem_NStem	PossConc3_NPrePre15_BPre15_VRoot_VerbTerm	PossConc3_OC15_VRoot_VerbTerm
njengo_m_zekelo	AdvPre_NPrePre3_BPre3_NStem	VRoot_VRoot_VRoot	AdvPre_NPrePre3_BPre3_NStem	AdvPre_BPre3_NStem
a_ze	SC6_AuxVStem	PUNC_PUNC	SC6_AuxVStem	PossConc6_AuxVStem
a_ma_qela	NPrePre6_BPre6_NStem	NStem_NStem_NStem	NPrePre6_BPre6_NStem	NPrePre6_BPre6_NStem
a_gcwalis_e	SC6_VRoot_VerbTerm	NStem_NStem_NStem	SC6_VRoot_VerbTerm	SC6_VRoot_VerbTerm
u_lu_hlu	NPrePre11_BPre11_NStem	NStem_NStem_NStem	NPrePre11_BPre11_NStem	NPrePre3_BPre11_NStem
.	Punc	PUNC	Punc	PUNC
I_m_bali	NPrePre9_BPre9_NStem	NStem_NStem_NStem	NPrePre9_BPre9_NStem	NPrePre9_BPre9_NStem
yo_Mzantsi	PossConc9_NPrePre3_ProperName	NStem_NStem	PossConc9_NPrePre3_ProperName	PossConc9_ProperName
Afrika	ProperName	PUNC	ProperName	ProperName
na_ma_va	AdvPre_NPrePre6_BPre6_NStem	NStem_NStem_NStem	AdvPre_NPrePre6_BPre6_NStem	AdvPre_BPre6_NStem
a_ma_nye	AdjPref6_AdjStem	NStem_NStem_NStem	AdjPref6_AdjStem	PossConc6_AdjPref6_AdjStem
a_ma_zwe	NPrePre6_BPre6_NStem	NStem_NStem_NStem	NPrePre6_BPre6_NStem	NPrePre6_BPre6_NStem
a_bon_is_a	SC6_VRoot_CausExt_VerbTerm	NStem_NStem_NStem_NStem	SC6_VRoot_CausExt_VerbTerm	SC6_VRoot_CausExt_VerbTerm
u_kuba	Conj	PUNC_PUNC	Conj	NPrePre1a_NStem
u_manyano	NPrePre11_NStem	NStem_NStem	NPrePre11_NStem	NPrePre1a_NStem
no_ku_na_mathel_a	AdvPre_NPrePre15_BPre15_VRoot_VerbTerm	VRoot_VRoot_VRoot_VRoot_VRoot	AdvPre_NPrePre15_BPre15_VRoot_VerbTerm	AdvPre_OC15_CopPre_VRoot_VerbTerm
kwa_s_e_ku_hlal_e_ni	PossConc15_PreLoc-s_LocPre_NPrePre15_BPre15_VRoot_VerbTerm_LocSuf	VRoot_VRoot_VRoot_VRoot_VRoot_VRoot_VRoot	PossConc15_PreLoc-s_LocPre_NPrePre15_BPre15_VRoot_VerbTerm_LocSuf	PossConc15_PreLocs_LocPre_BPre15_VRoot_VerbTerm_LocSuf
zi_y_i_m_funeko	CopPre_CopPre_NPrePre9_BPre9_NStem	VRoot_VRoot_VRoot_VRoot_VRoot	CopPre_CopPre_NPrePre9_BPre9_NStem	CopPre_CopPre_NPrePre4_BPre3_NStem
u_ku_hlangabez_ana	NPrePre15_BPre15_VRoot_RecipExt_VerbTerm	NStem_NStem_NStem_NStem	NPrePre15_BPre15_VRoot_RecipExt_VerbTerm	SC3_OC15_VRoot_DimSuf
ne_e_n_jongo	AdvPre_NPrePre10_BPre10_NStem	NStem_VRoot_NStem_NStem	AdvPre_NPrePre10_BPre10_NStem	AdvPre_LocPre_NPre9_NStem
za_s_e_ku_hlal_e_ni	PossConc10_PreLoc-s_LocPre_NPrePre15_BPre15_VRoot_VerbTerm_LocSuf	VRoot_VRoot_VRoot_VRoot_VRoot_VRoot_VRoot	PossConc10_PreLoc-s_LocPre_NPrePre15_BPre15_VRoot_VerbTerm_LocSuf	PossConc5_PreLocs_LocPre_BPre15_VRoot_VerbTerm_LocSuf
no_qoqosho	AdvPre_NPrePre11_BPre11_NStem	NStem_NStem	AdvPre_NPrePre11_BPre11_NStem	CopPre_NStem
.	Punc	PUNC	Punc	PUNC
I_n_gabul_a__zi_gc_awu	NPrePre9_BPre9_NStem_BPre8_NStem	VRoot_VRoot_VRoot_VRoot_VRoot_VRoot_VRoot	NPrePre9_BPre9_NStem_BPre8_NStem	NPrePre9_BPre9_VRoot_VerbTerm_CopPre_VRoot_Fut
ku_m_Gaqo__si_se_ko	LocPre_NPrePre3_BPre3_NStem_BPre7_NStem	VRoot_VRoot_VRoot_VRoot_VRoot_VRoot	LocPre_NPrePre3_BPre3_NStem_BPre7_NStem	LocPre_BPre3_NStem_BPre7_PossConc7_RelSuf
i_ku_qaqamb_is_a	SC9_OC15_VRoot_CausExt_VerbTerm	VRoot_VRoot_VRoot_VRoot_VRoot	SC9_OC15_VRoot_CausExt_VerbTerm	NPrePre4_OC15_VRoot_CausExt_VerbTerm
ngcono	Adv	NStem	Adv	NStem
oku	Dem15_Pos1	PUNC	Dem15_Pos1	CDEM15
ku_lungelelan_a	SC15_VRoot_VerbTerm	NStem_NStem_NStem	SC15_VRoot_VerbTerm	BPre15_VRoot_VerbTerm
.	Punc	PUNC	Punc	PUNC
Si_qond_a	SC1pp_VRoot_VerbTerm	NStem_NStem_NStem	SC1pp_VRoot_VerbTerm	SC7_VRoot_VerbTerm
i_si_nyanzeliso	NPrePre7_BPre7_NStem	VRoot_VRoot_VRoot	NPrePre7_BPre7_NStem	NPrePre4_BPre7_NStem
si_ka_rhulumente	PossConc7_PossKA_NStem	NStem_NStem_NStem	PossConc7_PossKA_NStem	BPre7_ExclNeg_NStem
e_ku_jik_e_ni	LocPre_NPrePre15_BPre15_VRoot_VerbTerm_LocSuf	VRoot_VRoot_VRoot_VRoot_VRoot	LocPre_NPrePre15_BPre15_VRoot_VerbTerm_LocSuf	LocPre_BPre15_VRoot_VerbTerm_InterrogSuf
i_im_pembelelo	NPrePre10_BPre10_NStem	NStem_NStem_NStem	NPrePre10_BPre10_NStem	NPrePre9_BPre9_NStem
zo_ku_cukul_w_a	PossConc10_NPrePre15_BPre15_VRoot_PassExt_VerbTerm	VRoot_VRoot_VRoot_VRoot_VRoot	PossConc10_NPrePre15_BPre15_VRoot_PassExt_VerbTerm	AdvPre_OC15_VRoot_PassExt_VerbTerm
ngo_bu_hlanga	AdvPre_NPrePre14_BPre14_NStem	NStem_NStem_NStem	AdvPre_NPrePre14_BPre14_NStem	CopPre_BPre14_NStem
,	Punc	PUNC	Punc	PUNC
kw_i_meko	LocPre_NPrePre9_NStem	NStem_NStem_NStem	LocPre_NPrePre9_NStem	PossConc15_NPrePre4_NStem
a_pho	Dem16_Pos2	PUNC_PUNC	Dem16_Pos2	PossConc6_PronStem6
bo_nke	QuantConc2_QuantStem	NStem_NStem	QuantConc2_QuantStem	QuantConc2a_NStem
a_be_mi	NPrePre2_BPre2_NStem	NStem_NStem_NStem	NPrePre2_BPre2_NStem	SC1_AuxVStem_AuxVStem
be_zi_v_a	SC2_ReflPre_VRoot_VerbTerm	NStem_NStem_NStem_NStem	SC2_ReflPre_VRoot_VerbTerm	PossConc2_OC2_VRoot_VerbTerm
be_y_i_n_xalenye	Past_CopPre_NPrePre9_BPre9_NStem	VRoot_VRoot_VRoot_VRoot_VRoot	Past_CopPre_NPrePre9_BPre9_NStem	PossConc2_CopPre_NPrePre9_BPre9_NStem
ye_li_zwe	PossConc9_NPrePre5_BPre5_NStem	NStem_NStem_NStem	PossConc9_NPrePre5_BPre5_NStem	PossConc9_BPre5_NStem
ne_e_n_kqubo	AdvPre_NPrePre10_BPre10_NStem	VRoot_VRoot_VRoot_VRoot	AdvPre_NPrePre10_BPre10_NStem	AdvPre_LocPre_BPre9_NStem
za_lo	PossConc10_PronStem5	PUNC_PUNC	PossConc10_PronStem5	PossConc5_PronStem5
.	Punc	PUNC	Punc	PUNC
I_i_Komiti	NPrePre10_BPre10_NStem	NStem_NStem_NStem	NPrePre10_BPre10_NStem	NPre9_NPre9_NStem
ze_Wadi	PossConc10_NPrePre9_NStem	NStem_NStem	PossConc10_NPrePre9_NStem	AdvPre_NStem
ku_funek_a	SC15_VRoot_VerbTerm	NStem_NStem_NStem	SC15_VRoot_VerbTerm	BPre15_VRoot_VerbTerm
zi_phuhl_is_e	SC10_VRoot_CausExt_VerbTerm	NStem_NStem_VRoot_VRoot	SC10_VRoot_CausExt_VerbTerm	CopPre_VRoot_CausExt_VerbTerm
zi_phind_e	SC10_VRoot_VerbTerm	NStem_NStem_NStem	SC10_VRoot_VerbTerm	SC15_VRoot_VerbTerm
zi_zalisek_is_e	SC10_VRoot_CausExt_VerbTerm	VRoot_VRoot_VRoot_VRoot	SC10_VRoot_CausExt_VerbTerm	CopPre_VRoot_CausExt_VerbTerm
i_in_kqubo	NPrePre10_BPre10_NStem	NStem_NStem_NStem	NPrePre10_BPre10_NStem	NPrePre9_BPre9_NStem
ezi_ya	RelConc10_Fut	PUNC_PUNC	RelConc10_Fut	RelConc10_NStem
ku_nced_a	SC15_VRoot_VerbTerm	NStem_NStem_NStem	SC15_VRoot_VerbTerm	BPre15_VRoot_VerbTerm
e_ku_gqithis_e_ni	LocPre_NPrePre15_BPre15_VRoot_LocSuf	NStem_NStem_NStem_NStem_NStem	LocPre_NPrePre15_BPre15_VRoot_LocSuf	LocPre_BPre15_VRoot_VerbTerm_LocSuf
u_lw_az_i	NPrePre11_BPre11_NStem	VRoot_VRoot_NStem_NStem	NPrePre11_BPre11_NStem	SC3_VRoot_NegPre_VerbTerm
olu_fanel_ek_il_e_yo	RelConc11_VRoot_NeutExt_Perf_VerbTerm_RelSuf	VRoot_VRoot_VRoot_VRoot_VRoot_VRoot	RelConc11_VRoot_NeutExt_Perf_VerbTerm_RelSuf	RelConc11_VRoot_NeutExt_ApplExt_VerbTerm_RelSuf
olu_y_a	RelConc11_VRoot_VerbTerm	NStem_NStem_NStem	RelConc11_VRoot_VerbTerm	RelConc11_VRoot_VerbTerm
n_olu_suk_a	AdvPre_RelConc11_VRoot_VerbTerm	NStem_NStem_NStem_NStem	AdvPre_RelConc11_VRoot_VerbTerm	CopPre_RelConc11_VRoot_VerbTerm
ku_ba_ba_hlali	LocPre_BPre2_OC2_NStem	VRoot_VRoot_VRoot_VRoot	LocPre_BPre2_OC2_NStem	LocPre_BPre2_BPre2_NStem
lu_si_y_a	SC11_Pro_VRoot_VerbTerm	NStem_NStem_NStem_NStem	SC11_Pro_VRoot_VerbTerm	SC11_OC7_VRoot_VerbTerm
kw_i_bhunga	LocPre_NPrePre5_BPre5_NStem	NStem_NStem_NStem	LocPre_NPrePre5_BPre5_NStem	PossConc15_NPrePre4_NStem
n_olu_suk_a	AdvPre_RelConc11_VRoot_VerbTerm	NStem_NStem_NStem_NStem	AdvPre_RelConc11_VRoot_VerbTerm	AdvPre_RelConc11_VRoot_VerbTerm
kw_i_bhunga	LocPre_NPrePre5_BPre5_NStem	NStem_NStem_NStem	LocPre_NPrePre5_BPre5_NStem	PossConc15_NPrePre4_NStem
lu_si_y_a	SC11_Pro_VRoot_VerbTerm	NStem_NStem_NStem_NStem	SC11_Pro_VRoot_VerbTerm	SC11_OC7_VRoot_VerbTerm
ku_ba_ba_hlali	LocPre_BPre2_OC2_NStem	VRoot_VRoot_VRoot_VRoot	LocPre_BPre2_OC2_NStem	LocPre_BPre2_BPre2_NStem
.	Punc	PUNC	Punc	PUNC
I_in_kqubo	NPrePre10_BPre10_NStem	NStem_NStem_NStem	NPrePre10_BPre10_NStem	NPrePre9_BPre9_NStem
ku_funek_a	SC15_VRoot_VerbTerm	NStem_NStem_NStem	SC15_VRoot_VerbTerm	BPre15_VRoot_VerbTerm
zi_qwalasel_e	SC10_VRoot_VerbTerm	NStem_NStem_NStem	SC10_VRoot_VerbTerm	CopPre_VRoot_VerbTerm
zo_nke	QuantConc10_QuantStem	NStem_NStem	QuantConc10_QuantStem	QuantConc2a_AdjStem
i_zi_cwangciso	NPrePre8_BPre8_NStem	VRoot_VRoot_VRoot	NPrePre8_BPre8_NStem	NPrePre4_BPre7_NStem
z_oo_masipala	PossConc10_NPrePre2a_NStem	NStem_VRoot_VRoot	PossConc10_NPrePre2a_NStem	BPre2a_BPre2a_NStem
ne_e_projekthi	AdvPre_NPrePre10_BPre10_NStem	NStem_NStem_NStem	AdvPre_NPrePre10_BPre10_NStem	AdvPre_LocPre_NStem
u_kuze	Conj	NStem_NStem	Conj	NPrePre1a_Conj
zi_bon_e	SC10_VRoot_VerbTerm	NStem_NStem_NStem	SC10_VRoot_VerbTerm	SC10_VRoot_VerbTerm
i_n_dawo	NPrePre9_BPre9_NStem	NStem_NStem_NStem	NPrePre9_BPre9_NStem	NPrePre9_BPre9_NStem
ne_n_dlel_a	AdvPre_NPrePre9_BPre9_NStem	NStem_NStem_NStem_NStem	AdvPre_NPrePre9_BPre9_NStem	AdvPre_BPre9_VRoot_VerbTerm
yo_nxibelelwano	PossConc9_NPrePre11_BPre11_NStem	VRoot_VRoot	PossConc9_NPrePre11_BPre11_NStem	PossConc4_NStem
e_ku_khuthaz_e_ni	LocPre_NPrePre15_BPre15_VRoot_VerbTerm_LocSuf	VRoot_VRoot_VRoot_VRoot_VRoot	LocPre_NPrePre15_BPre15_VRoot_VerbTerm_LocSuf	LocPre_BPre15_VRoot_VerbTerm_LocSuf
u_ku_thath_a	NPrePre15_BPre15_VRoot_VerbTerm	NStem_NStem_NStem_VRoot	NPrePre15_BPre15_VRoot_VerbTerm	SC2ps_OC15_VRoot_VerbTerm
i_n_xaxheba	NPrePre9_BPre9_NStem	NStem_NStem_NStem	NPrePre9_BPre9_NStem	NPrePre9_BPre9_NStem
ku_ka_wo_nke__wo_nke	PossConc15_PossKA_QuantConc1a_QuantStem_QuantConc1a_QuantStem	VRoot_VRoot_VRoot_VRoot_VRoot_VRoot	PossConc15_PossKA_QuantConc1a_QuantStem_QuantConc1a_QuantStem	BPre15_AdvPre_PronStem6_VRoot_PronStem6_NStem
.	Punc	PUNC	Punc	PUNC
U_ku_nik_a	NPrePre15_BPre15_VRoot_VerbTerm	NStem_NStem_NStem_NStem	NPrePre15_BPre15_VRoot_VerbTerm	SC3_OC15_VRoot_VerbTerm
i_mi_butho	NPrePre4_BPre4_NStem	NStem_NStem_NStem	NPrePre4_BPre4_NStem	NPrePre4_BPre4_NStem
ya_ba_hlali	PossConc4_NPrePre2_BPre2_NStem	NStem_NStem_NStem	PossConc4_NPrePre2_BPre2_NStem	PossConc9_BPre2_NStem
i_thuba	NPrePre5_BPre5_NStem	NStem_NStem	NPrePre5_BPre5_NStem	NPrePre4_NStem
lo_ku_ngen_a	PossConc5_NPrePre15_BPre15_VRoot_VerbTerm	VRoot_VRoot_VRoot_VRoot	PossConc5_NPrePre15_BPre15_VRoot_VerbTerm	PossConc5_BPre15_VRoot_VerbTerm
ku_bu_qabane	LocPre_NPrePre14_BPre14_NStem	NStem_NStem_NStem	LocPre_NPrePre14_BPre14_NStem	LocPre_BPre14_NStem
ne_e_kontrakthi	AdvPre_NPrePre10_BPre10_NStem	NStem_NStem_NStem	AdvPre_NPrePre10_BPre10_NStem	AdvPre_LocPre_NStem
no_rhulumente	AdvPre_NPrePre1a_NStem	NStem_NStem	AdvPre_NPrePre1a_NStem	AdvPre_NStem
we_n_gingqi	PossConc1a_NPrePre9_BPre9_NStem	NStem_NStem_NStem	PossConc1a_NPrePre9_BPre9_NStem	PossConc3_BPre9_NStem
u_kuze	Conj	PUNC_PUNC	Conj	NPrePre1a_NStem
ba_ququzel_el_e	SC2_Intrans_ApplExt_VerbTerm	VRoot_VRoot_VRoot_VRoot	SC2_Intrans_ApplExt_VerbTerm	SC2_VRoot_ApplExt_VerbTerm
u_k_ongez_w_a	NPrePre15_BPre15_VRoot_PassExt_VerbTerm	VRoot_VRoot_VRoot_VRoot_VRoot	NPrePre15_BPre15_VRoot_PassExt_VerbTerm	SC3_ExclNeg_VRoot_PassExt_VerbTerm
kwe_mi_thombo	PossConc15_NPrePre4_BPre4_NStem	NStem_NStem_NStem	PossConc15_NPrePre4_BPre4_NStem	PossConc15_BPre4_NStem
.	Punc	PUNC	Punc	PUNC
I_zi_cwangciso__b_uq_ili	NPrePre8_BPre8_NStem_BPre14_NStem	VRoot_VRoot_VRoot_VRoot_VRoot_VRoot	NPrePre8_BPre8_NStem_BPre14_NStem	NPrePre9_BPre7_NStem_BPre14_VRoot_NStem
z_i_zi_cwangciso	CopPre_NPrePre8_BPre8_NStem	VRoot_VRoot_VRoot_VRoot	CopPre_NPrePre8_BPre8_NStem	CopPre_NPrePre4_BPre7_NStem
ezi_fun_a	RelConc8_VRoot_VerbTerm	NStem_NStem_NStem	RelConc8_VRoot_VerbTerm	RelConc5_VRoot_VerbTerm
u_ku_qhuty_el_w_a	NPrePre15_BPre15_VRoot_ApplExt_PassExt_VerbTerm	NStem_NStem_NStem_NStem_NStem_NStem	NPrePre15_BPre15_VRoot_ApplExt_PassExt_VerbTerm	SC3_OC15_VRoot_ApplExt_PassExt_VerbTerm
i_m_pumezo	NPrePre9_BPre9_NStem	NStem_NStem_NStem	NPrePre9_BPre9_NStem	NPrePre9_BPre3_NStem
ye_n_jongo	PossConc9_NPrePre9_BPre9_NStem	NStem_NStem_NStem	PossConc9_NPrePre9_BPre9_NStem	PossConc9_NPre9_NStem
.	Punc	PUNC	Punc	PUNC
Ku_m_sebenzi	LocPre_NPrePre3_BPre3_NStem	NStem_NStem_NStem	LocPre_NPrePre3_BPre3_NStem	LocPre_BPre1_NStem
o_landel_a_yo	RelConc3_VRoot_VerbTerm_RelSuf	NStem_NStem_NStem_NStem	RelConc3_VRoot_VerbTerm_RelSuf	RelConc7_VRoot_VerbTerm_RelSuf
i_zi_cwangciso__b_uq_ili	NPrePre8_BPre8_NStem_BPre14_NStem	VRoot_VRoot_VRoot_VRoot_VRoot_VRoot	NPrePre8_BPre8_NStem_BPre14_NStem	NPrePre4_CopPre_NStem_PossConc2a_VRoot_NStem
zi_chong_el_w_e	SC10_VRoot_ApplExt_PassExt_VerbTerm	VRoot_VRoot_VRoot_VRoot_VRoot	SC10_VRoot_ApplExt_PassExt_VerbTerm	SC2_VRoot_ApplExt_PassExt_VerbTerm
u_kwa_kh_el_w_a	NPrePre15_BPre15_VRoot_ApplExt_PassExt_VerbTerm	VRoot_VRoot_VRoot_VRoot_VRoot_VRoot	NPrePre15_BPre15_VRoot_ApplExt_PassExt_VerbTerm	SC3_OC15_VRoot_ApplExt_PassExt_VerbTerm
phezu	Adv	PUNC	Adv	Adv
ko_k_omelel_a	PossConc15_NPrePre15_BPre15_VRoot_VerbTerm	VRoot_VRoot_VRoot_VRoot	PossConc15_NPrePre15_BPre15_VRoot_VerbTerm	RelSuf_BPre15_VRoot_VerbTerm
u_kuze	Conj	NStem_NStem	Conj	Conj_Conj
k_oyis_w_e	SC15_VRoot_PassExt_VerbTerm	NStem_NStem_NStem_NStem	SC15_VRoot_PassExt_VerbTerm	SC15_VRoot_PassExt_VerbTerm
u_buthathaka	NPrePre14_BPre14_RelStem	NStem_NStem	NPrePre14_BPre14_RelStem	NPrePre1a_NStem
.	Punc	PUNC	Punc	PUNC
U_m_sebenzi	NPrePre3_BPre3_NStem	PUNC_PUNC_PUNC	NPrePre3_BPre3_NStem	NPrePre1_BPre1_NStem
o_landel_a_yo	RelConc3_VRoot_VerbTerm_RelSuf	NStem_NStem_NStem_VRoot	RelConc3_VRoot_VerbTerm_RelSuf	RelConc7_VRoot_VerbTerm_RelSuf
u_thath_a	SC3_VRoot_VerbTerm	NStem_NStem_NStem	SC3_VRoot_VerbTerm	SC1_VRoot_VerbTerm
eli	Dem5_Pos1	PUNC	Dem5_Pos1	CDEM05
nyathelo	BPre5_NStem	NStem	BPre5_NStem	NStem
u_li_s_e	SC1_OC5_VRoot_VerbTerm	NStem_NStem_NStem_NStem	SC1_OC5_VRoot_VerbTerm	SC3_OC5_PreLocs_LocPre
phambili	Adv	PUNC	Adv	Adv
u_chong_e	SC3_VRoot_VerbTerm	NStem_NStem_NStem	SC3_VRoot_VerbTerm	SC3_VRoot_VerbTerm
i_i_projekthi	NPrePre10_BPre10_NStem	NStem_NStem_NStem	NPrePre10_BPre10_NStem	NPrePre4_NPrePre4_NStem
ne_mi_sebenzi	AdvPre_NPrePre4_BPre4_NStem	NStem_NStem_NStem	AdvPre_NPrePre4_BPre4_NStem	AdvPre_BPre4_NStem
e_fun_a	RelConc4_VRoot_VerbTerm	NStem_NStem_NStem	RelConc4_VRoot_VerbTerm	SC6_VRoot_VerbTerm
u_ku_sungul_el_w_a	NPrePre15_BPre15_VRoot_ApplExt_PassExt_VerbTerm	VRoot_VRoot_VRoot_VRoot_VRoot_VRoot	NPrePre15_BPre15_VRoot_ApplExt_PassExt_VerbTerm	SC3_OC15_VRoot_ApplExt_PassExt_VerbTerm
u_ku_hlangabez_ana	NPrePre15_BPre15_VRoot_RecipExt_VerbTerm	VRoot_VRoot_VRoot_VRoot	NPrePre15_BPre15_VRoot_RecipExt_VerbTerm	SC3_OC15_VRoot_DimSuf
ne_si_cwangciso__b_uq_ili	AdvPre_BPre7_NStem_BPre14_NStem	VRoot_VRoot_VRoot_VRoot_VRoot_VRoot	AdvPre_BPre7_NStem_BPre14_NStem	AdvPre_BPre7_NStem_PossConc14_VRoot_NStem
nga_si_nye	AdvPre_EnumConc7_EnumStem	NStem_NStem_NStem	AdvPre_EnumConc7_EnumStem	AdvPre_OC7_EnumStem
.	Punc	PUNC	Punc	PUNC
Bon_is_anani	VRoot_CausExt_RecipExt_VerbTerm_ImpSuf	NStem_NStem_NStem	VRoot_CausExt_RecipExt_VerbTerm_ImpSuf	VRoot_CausExt_Interrog
na_b_el_ane	AdvPre_VRoot_ApplExt_RecipExt_VerbTerm	NStem_NStem_NStem_NStem	AdvPre_VRoot_ApplExt_RecipExt_VerbTerm	AdvPre_VRoot_ApplExt_RecipExt
nge_zi_m_vo	AdvPre_NPrePre8_BPre8_BPre9_NStem	NStem_NStem_NStem_NStem	AdvPre_NPrePre8_BPre8_BPre9_NStem	AdvPre_BPre10_BPre3_NStem
ma_lunga	Adv	PUNC_PUNC	Adv	BPre6_NStem
ne_e_n_dlel_a	AdvPre_NPrePre10_BPre10_NStem	VRoot_NStem_VRoot_VRoot_VRoot	AdvPre_NPrePre10_BPre10_NStem	AdvPre_LocPre_BPre9_VRoot_VerbTerm
le	Dem4_Pos1	PUNC	Dem4_Pos1	PossConc5
mi_thetho__si_se_ko	BPre4_NStem_BPre7_NStem	VRoot_VRoot_VRoot_VRoot_VRoot	BPre4_NStem_BPre7_NStem	BPre4_NStem_BPre7_PossConc7_RelSuf
e_no_ku_fezek_is_w_a	SC4_AdvPre_NPrePre15_BPre15_VRoot_CausExt_PassExt_VerbTerm	VRoot_VRoot_VRoot_VRoot_VRoot_VRoot_VRoot	SC4_AdvPre_NPrePre15_BPre15_VRoot_CausExt_PassExt_VerbTerm	PossConc6_AdvPre_OC15_VRoot_CausExt_PassExt_VerbTerm
ngcono	Adv	NStem	Adv	NStem
nga_yo	AdvPre_PronStem9	PUNC_PUNC	AdvPre_PronStem9	AdvPre_PronStem9
.	Punc	PUNC	Punc	PUNC
Jong_a	VRoot_VerbTerm	PUNC_PUNC	VRoot_VerbTerm	VRoot_VerbTerm
i_mi_buzo	NPrePre4_BPre4_NStem	NStem_NStem_NStem	NPrePre4_BPre4_NStem	NPrePre4_BPre4_NStem
e_cety_is_iw_e_yo	RelConc4_VRoot_CausExt_PassExt_VerbTerm_RelSuf	VRoot_VRoot_VRoot_VRoot_VRoot_VRoot	RelConc4_VRoot_CausExt_PassExt_VerbTerm_RelSuf	LocPre_VRoot_CausExt_PassExt_VerbTerm_PronStem9
ku_lu_hlu	LocPre_NPrePre11_BPre11_NStem	NStem_NStem_NStem	LocPre_NPrePre11_BPre11_NStem	LocPre_BPre11_NStem
olu_kw_i_phepha	RelConc11_LocPre_NPrePre5_BPre5_NStem	NStem_VRoot_NStem_NStem	RelConc11_LocPre_NPrePre5_BPre5_NStem	RelConc11_BPre15_NPrePre4_NStem
90	Num	PUNC	Num	NUM
n_eli_no_k_ongez_a	AdvPre_RelConc5_CopPre_NPrePre15_BPre15_VRoot_VerbTerm	VRoot_VRoot_VRoot_VRoot_VRoot_VRoot	AdvPre_RelConc5_CopPre_NPrePre15_BPre15_VRoot_VerbTerm	CopPre_SC5_CopPre_OC15_VRoot_VerbTerm
kw_i_zim_vo	LocPre_NPrePre10_BPre10_NStem	NStem_NStem_NStem_NStem	LocPre_NPrePre10_BPre10_NStem	PossConc15_NPrePre4_BPre4_NStem
ezi_nik_w_e	RelConc10_VRoot_PassExt_VerbTerm	NStem_NStem_NStem_NStem	RelConc10_VRoot_PassExt_VerbTerm	RelConc8_VRoot_PassExt_VerbTerm
ng_a_ba_thathi__n_xaxheba	AdvPre_NPrePre2_BPre2_NStem_BPre9_NStem	VRoot_VRoot_VRoot_VRoot_VRoot_VRoot	AdvPre_NPrePre2_BPre2_NStem_BPre9_NStem	AdvPre_RelConc6_OC2_NStem_BPre9_NStem
.	Punc	PUNC	Punc	PUNC
I__Organis_ed	NPrePre9_Foreign	NStem_NStem_NStem	NPrePre9_Foreign	SC4_VRoot_VerbTerm
Lo_cal	Foreign	PUNC_PUNC	Foreign	RelConc3_NStem
Government	Foreign	PUNC	Foreign	ProperName
Act	Foreign	PUNC	Foreign	ProperName
,	Punc	PUNC	Punc	PUNC
1997	Num	PUNC	Num	NUM
i_nikezel_a	SC9_VRoot_VerbTerm	NStem_NStem_NStem	SC9_VRoot_VerbTerm	SC4_VRoot_VerbTerm
u_lw_amkelo	NPrePre11_BPre11_NStem	VRoot_VRoot_VRoot	NPrePre11_BPre11_NStem	NPrePre1a_BPre11_NStem
ku_m_butho	LocPre_NPrePre3_BPre3_NStem	NStem_NStem_NStem	LocPre_NPrePre3_BPre3_NStem	LocPre_BPre3_NStem
om_nye	AdjPref3_AdjStem	PUNC_PUNC	AdjPref3_AdjStem	NPre2a_AdjStem
ka_zwelonke	PossKA_NPrePre1a_NStem	PUNC_PUNC	PossKA_NPrePre1a_NStem	AdvPre_NStem
omel_e	RelConc6_VRoot_ApplExt_VerbTerm	NStem_NStem	RelConc6_VRoot_ApplExt_VerbTerm	VRoot_VerbTerm
u_ninzi	NPrePre11_NStem	NStem_NStem	NPrePre11_NStem	NPrePre1a_NStem
l_oo_masipala	PossConc11_NPrePre2a_NStem	NStem_NStem_NStem	PossConc11_NPrePre2a_NStem	PossConc5_BPre2a_NStem
kw_i_phondo	LocPre_NPrePre5_NStem	NStem_NStem_NStem	LocPre_NPrePre5_NStem	PossConc15_NPre9_NStem
nga_li_nye	AdvPre_EnumConc5_EnumStem	NStem_NStem_NStem	AdvPre_EnumConc5_EnumStem	AdvPre_AdjPref5_AdjStem
.	Punc	PUNC	Punc	PUNC
I__So_uth	NPrePre9_ProperName	NStem_NStem_NStem	NPrePre9_ProperName	SC4_BPre7_NStem
African	ProperName	PUNC	ProperName	ProperName
Lo_cal	Foreign	PUNC_PUNC	Foreign	RelConc3_NStem
Government	Foreign	PUNC	Foreign	Foreign
Asso_ciation	Foreign	NStem_NStem	Foreign	RelConc6_Foreign
(	Punc	PUNC	Punc	PUNC
SA_LGA	Abbr	NStem_NStem	Abbr	PossConc7_NStem
)	Punc	PUNC	Punc	PUNC
s_i_si_gqeba	CopPre_NPrePre7_BPre7_NStem	VRoot_VRoot_VRoot_VRoot	CopPre_NPrePre7_BPre7_NStem	PreLocs_NPrePre4_BPre7_NStem
esi_s_e_m_thethw_eni	RelConc7_PreLoc-s_LocPre_NPrePre3_BPre3_NStem_LocSuf	VRoot_VRoot_VRoot_VRoot_VRoot_VRoot	RelConc7_PreLoc-s_LocPre_NPrePre3_BPre3_NStem_LocSuf	RelConc7_PreLocs_LocPre_BPre3_NStem_LocSuf
es_az_iw_a_yo	RelConc7_VRoot_PassExt_VerbTerm_RelSuf	NStem_NStem_NStem_NStem_NStem	RelConc7_VRoot_PassExt_VerbTerm_RelSuf	SC7_VRoot_PassExt_VerbTerm_RelSuf
ku_rhulumente	LocPre_NPrePre1a_NStem	NStem_NStem	LocPre_NPrePre1a_NStem	LocPre_NStem
we_n_gingqi	PossConc1a_NPrePre9_BPre9_NStem	NStem_NStem_NStem	PossConc1a_NPrePre9_BPre9_NStem	PossConc3_BPre9_NStem
.	Punc	PUNC	Punc	PUNC
I__SA_LGA	NPrePre9_Abbr	NStem_NStem_NStem	NPrePre9_Abbr	NPrePre4_Pro_NStem
i_mel_e	SC9_VRoot_VerbTerm	NStem_NStem_NStem	SC9_VRoot_VerbTerm	SC9_VRoot_VerbTerm
i_mi_ba	NPrePre4_BPre4_NStem	NStem_NStem_NStem	NPrePre4_BPre4_NStem	NPrePre4_BPre4_AuxVStem
e_xhalab_is_a_yo	RelConc4_VRoot_CausExt_VerbTerm_RelSuf	VRoot_VRoot_VRoot_VRoot_VRoot	RelConc4_VRoot_CausExt_VerbTerm_RelSuf	LocPre_VRoot_CausExt_VerbTerm_RelSuf
ya_ma_lungu	PossConc4_NPrePre6_BPre6_NStem	NStem_NStem_NStem	PossConc4_NPrePre6_BPre6_NStem	PossConc9_BPre6_NStem
a_yo	PossConc6_PronStem9	PUNC_PUNC	PossConc6_PronStem9	PossConc6_PronStem4
.	Punc	PUNC	Punc	PUNC
A_ba_thathi__n_xaxheba	NPrePre2_BPre2_NStem_BPre9_NStem	VRoot_VRoot_VRoot_VRoot_VRoot	NPrePre2_BPre2_NStem_BPre9_NStem	RelConc6_BPre2_NStem_BPre9_NStem
ba_phendul_a	SC2_VRoot_VerbTerm	NStem_NStem_NStem	SC2_VRoot_VerbTerm	SC2_VRoot_VerbTerm
i_mi_buzo	NPrePre4_BPre4_NStem	NStem_NStem_NStem	NPrePre4_BPre4_NStem	NPrePre4_BPre4_NStem
e_nge_zantsi	RelConc9_AdvPre_Adv	NStem_NStem_NStem	RelConc9_AdvPre_Adv	LocPre_AdvPre_NStem
ng_okw_a_ma_qela	AdvPre_AdvPre_NPrePre6_BPre6_NStem	VRoot_VRoot_VRoot_VRoot_VRoot	AdvPre_AdvPre_NPrePre6_BPre6_NStem	AdvPre_RelConc15_LocPre_BPre6_NStem
ezi_thathu	AdjPref8_AdjStem	NStem_NStem	AdjPref8_AdjStem	AdjPref7_AdjStem
kw_i_mi_zuzu	LocPre_NPrePre4_BPre4_NStem	NStem_NStem_NStem_NStem	LocPre_NPrePre4_BPre4_NStem	PossConc15_NPrePre4_BPre4_NStem
e_mbalwa	RelConc4_RelStem	NStem_NStem	RelConc4_RelStem	LocPre_RelStem
ba_ze	SC2_AuxVStem	PUNC_PUNC	SC2_AuxVStem	BPre2_NStem
ba_b_el_ane	SC2_VRoot_ApplExt_RecipExt_VerbTerm	NStem_NStem_NStem_NStem	SC2_VRoot_ApplExt_RecipExt_VerbTerm	SC2_VRoot_ApplExt_RecipExt
nge_e_m_pendulo	AdvPre_NPrePre10_BPre10_NStem	VRoot_VRoot_NStem_VRoot	AdvPre_NPrePre10_BPre10_NStem	AdvPre_LocPre_BPre9_NStem
kw_i_n_dibano	LocPre_NPrePre9_BPre9_NStem	NStem_NStem_NStem_NStem	LocPre_NPrePre9_BPre9_NStem	PossConc15_NPrePre9_BPre9_NStem
ya_bo	PossConc9_PronStem2	PUNC_PUNC	PossConc9_PronStem2	PossConc9_PronStem2
bo_nke	QuantConc2_QuantStem	NStem_NStem	QuantConc2_QuantStem	BPre2a_NStem
.	Punc	PUNC	Punc	PUNC
Zi_n_tlobo	BPre10_NStem	NStem_NStem_NStem	BPre10_NStem	CopPre_BPre9_NStem
zi_ni	SC10_Interrog	PUNC_PUNC	SC10_Interrog	CopPre_Interrog
ze_e_n_gxaki	PossConc10_NPrePre10_BPre10_NStem	VRoot_VRoot_VRoot_VRoot	PossConc10_NPrePre10_BPre10_NStem	AdvPre_LocPre_BPre9_NStem
ezi_fanel_e	RelConc10_VRoot_VerbTerm	NStem_NStem_NStem	RelConc10_VRoot_VerbTerm	RelConc10_VRoot_VerbTerm
ku_ku_sonjulul_w_a	SC15_NPrePre15_BPre15_VRoot_PassExt_VerbTerm	NStem_NStem_NStem_NStem_NStem	SC15_NPrePre15_BPre15_VRoot_PassExt_VerbTerm	SC15_OC15_VRoot_PassExt_VerbTerm
lu_hlahlo	CopPre_NPrePre11_NStem	NStem_NStem	CopPre_NPrePre11_NStem	BPre11_NStem
lw_ab_iwo__mali	BPre11_NStem_NStem	VRoot_VRoot_VRoot_VRoot	BPre11_NStem_NStem	BPre11_VRoot_PassExt_NStem
?	Punc	PUNC	Punc	PUNC
Ku_balulek_ile	SC15_VRoot_Perf_VerbTerm	NStem_NStem_NStem	SC15_VRoot_Perf_VerbTerm	SC15_VRoot_Perf
aba_ntu	NPrePre2_BPre2_NStem	NStem_NStem	NPrePre2_BPre2_NStem	RelConc2_NStem
ba_vakal_is_e	SC2_VRoot_NeutExt_CausExt_PassExt_VerbTerm	NStem_NStem_NStem_NStem	SC2_VRoot_NeutExt_CausExt_PassExt_VerbTerm	SC2_VRoot_CausExt_VerbTerm
i_zim_vo	NPrePre10_BPre10_NStem	NStem_NStem_NStem	NPrePre10_BPre10_NStem	NPrePre4_NPre10_NStem
za_bo	PossConc10_PronStem2	PUNC_PUNC	PossConc10_PronStem2	PossConc9_PronStem2
ba_be	CopPre_Cop	PUNC_PUNC	CopPre_Cop	SC2_AuxVStem
ne_galelo	CopPre_NPrePre5_BPre5_NStem	NStem_NStem	CopPre_NPrePre5_BPre5_NStem	AdvPre_NStem
,	Punc	PUNC	Punc	PUNC
no_kuba	AdvPre_Conj	PUNC_PUNC	AdvPre_Conj	AdvPre_NStem
ngathi	Adv	PUNC	Adv	Conj
a_lu_balulek_a_nga	NegPre_SC11_VRoot_VerbTerm_NegPre	VRoot_VRoot_VRoot_VRoot_VRoot	NegPre_SC11_VRoot_VerbTerm_NegPre	SC6_OC11_VRoot_VerbTerm_NegPre
ka_ngakanani	AdvPre_Interrog	NStem_NStem	AdvPre_Interrog	AdvPre_Adv
,	Punc	PUNC	Punc	PUNC
njeng_oko	AdvPre_Dem15_Pos2	NStem_NStem	AdvPre_Dem15_Pos2	AdvPre_NStem
oku	Dem15_Pos1	PUNC	Dem15_Pos1	CDEM15
ku_ya	SC15_Fut	PUNC_PUNC	SC15_Fut	BPre15_AuxVStem
ku_phucul_a	SC15_VRoot_VerbTerm	NStem_NStem_NStem	SC15_VRoot_VerbTerm	BPre15_VRoot_VerbTerm
i_n_gqiqo	NPrePre9_BPre9_NStem	NStem_NStem_NStem	NPrePre9_BPre9_NStem	NPrePre9_BPre9_NStem
no_bu_nini	AdvPre_BPre14_NStem	NStem_NStem_NStem	AdvPre_BPre14_NStem	AdvPre_BPre14_NStem
.	Punc	NStem	Punc	PUNC
I__P_MS	NPrePre9_Abbr	NStem_NStem_NStem	NPrePre9_Abbr	NPrePre9_Abbr_Abbr
ka_masipala	PossKA_NStem	PUNC_PUNC	PossKA_NStem	AdvPre_NStem
ku_funek_a	SC15_VRoot_VerbTerm	NStem_NStem_NStem	SC15_VRoot_VerbTerm	BPre15_VRoot_VerbTerm
i_quk_e	SC9_VRoot_VerbTerm	NStem_NStem_NStem	SC9_VRoot_VerbTerm	SC9_VRoot_VerbTerm
i_mi_ba	NPrePre4_BPre4_NStem	NStem_NStem_NStem	NPrePre4_BPre4_NStem	NPrePre4_BPre4_NStem
e_phawul_w_e	RelConc4_VRoot_PassExt_VerbTerm	NStem_NStem_VRoot_NStem	RelConc4_VRoot_PassExt_VerbTerm	LocPre_VRoot_PassExt_VerbTerm
li_bhunga	CopPre_NPrePre5_BPre5_NStem	NStem_NStem	CopPre_NPrePre5_BPre5_NStem	BPre5_NStem
njeng_oko	AdvPre_Dem15_Pos2	NStem_NStem	AdvPre_Dem15_Pos2	AdvPre_NStem
i_nxulumen_e	SC9_VRoot_VerbTerm	VRoot_VRoot_VRoot	SC9_VRoot_VerbTerm	SC4_VRoot_Perf
ngqo	Ideoph	PUNC	Ideoph	Ideoph
kw_i_i__KPA	LocPre_NPrePre10_BPre10_Abbr	NStem_NStem_NStem_NStem	LocPre_NPrePre10_BPre10_Abbr	PossConc15_NPrePre4_NPrePre4_Abbr
z_oo_masipala	PossConc10_NPrePre2a_NStem	NStem_NStem_NStem	PossConc10_NPrePre2a_NStem	PossConc2a_BPre2a_NStem
ba_lo	PossConc2_PronStem5	PUNC_PUNC	PossConc2_PronStem5	PossConc2_PronStem5
.	Punc	PUNC	Punc	PUNC
Ezi	Dem10_Pos1	NStem	Dem10_Pos1	CDEM07
KPI	Abbr	PUNC	Abbr	Abbr
zi_landel_a_yo	BPre8_VRoot_VerbTerm_RelSuf	NStem_NStem_NStem_NStem	BPre8_VRoot_VerbTerm_RelSuf	CopPre_VRoot_VerbTerm_RelSuf
ku_funek_a	SC15_VRoot_VerbTerm	NStem_NStem_NStem	SC15_VRoot_VerbTerm	BPre15_VRoot_VerbTerm
zi_be	CopPre_Cop	PUNC_PUNC	CopPre_Cop	RelConc10_AuxVStem
y_i_n_xenye	CopPre_NPrePre9_BPre9_NStem	NStem_NStem_NStem_NStem	CopPre_NPrePre9_BPre9_NStem	CopPre_NPrePre9_BPre9_NStem
ye__P_MS	PossConc9_NPrePre9_Abbr	PUNC_PUNC_PUNC	PossConc9_NPrePre9_Abbr	PossConc9_Abbr_Abbr
ka_masipala	PossKA_NStem	NStem_NStem	PossKA_NStem	AdvPre_NStem
nga_m_nye	AdvPre_EnumConc1a_EnumStem	NStem_NStem_NStem	AdvPre_EnumConc1a_EnumStem	AdvPre_AdjPref1_AdjStem
de	AuxVStem	PUNC	AuxVStem	BPre5
zi_be	CopPre_Cop	PUNC_PUNC	CopPre_Cop	SC1_AuxVStem
zi_ya	SC10_Fut	PUNC_PUNC	SC10_Fut	CopPre_NStem
setyenz_is_w_a	VRoot_CausExt_PassExt_VerbTerm	VRoot_VRoot_VRoot_VRoot	VRoot_CausExt_PassExt_VerbTerm	VRoot_CausExt_PassExt_VerbTerm
ngu_lo	CopPre_Dem3_Pos1	PUNC_PUNC	CopPre_Dem3_Pos1	CopPre_PronStem11
masipala	NStem	NStem	NStem	NStem
.	Punc	PUNC	Punc	PUNC
Ezi	Dem8_Pos1	PUNC	Dem8_Pos1	CDEM07
zi_z_alathisi	CopPre_NPrePre8_BPre8_NStem	NStem_NStem_NStem	CopPre_NPrePre8_BPre8_NStem	CopPre_BPre7_NStem
zi_ka_zwelonke	PossConc8_PossKA_NStem	VRoot_VRoot_VRoot	PossConc8_PossKA_NStem	CopPre_ExclNeg_NStem
ezi_nikez_el_w_e	RelConc8_VRoot_ApplExt_PassExt_VerbTerm	VRoot_VRoot_VRoot_VRoot_VRoot	RelConc8_VRoot_ApplExt_PassExt_VerbTerm	RelConc10_VRoot_ApplExt_PassExt_VerbTerm
ng_u_M_phathiswa	CopPre_NPrePre1a_BPre1_NStem	NStem_VRoot_VRoot_NStem	CopPre_NPrePre1a_BPre1_NStem	CopPre_NPrePre1_BPre3_NStem
e_m_va	LocPre_NPrePre3_BPre3_NStem	NStem_NStem_NStem	LocPre_NPrePre3_BPre3_NStem	LocPre_BPre3_Adv
ko_thethwano	PossConc15_NPrePre11_BPre11_NStem	NStem_VRoot	PossConc15_NPrePre11_BPre11_NStem	BPre2_NStem
ne_e__MEC	AdvPre_NPrePre10_BPre10_Abbr	NStem_NStem_NStem	AdvPre_NPrePre10_BPre10_Abbr	AdvPre_LocPre_Abbr
ze_phondo	PossConc10_NPrePre5_BPre5_NStem	PUNC_NStem	PossConc10_NPrePre5_BPre5_NStem	PossConc9_NStem
ku_rhulumente	LocPre_NPrePre1a_NStem	NStem_NStem	LocPre_NPrePre1a_NStem	LocPre_NStem
we_n_gingqi	PossConc1_NPrePre9_BPre9_NStem	NStem_NStem_NStem	PossConc1_NPrePre9_BPre9_NStem	PossConc3_NPre9_NStem
ne__SA_LGA	AdvPre_NPrePre9_Abbr	NStem_NStem_NStem	AdvPre_NPrePre9_Abbr	AdvPre_PossConc7_NStem
.	Punc	PUNC	Punc	PUNC
Kodwa	Conj	PUNC	Conj	Adv
ke	Conj	PUNC	Conj	Adv
,	Punc	PUNC	Punc	PUNC
ku_balulek_ile	SC15_VRoot_Perf_VerbTerm	NStem_NStem_NStem	SC15_VRoot_Perf_VerbTerm	SC15_VRoot_Perf
u_ku_nakan_a	NPrePre15_BPre15_NStem	NStem_NStem_NStem_NStem	NPrePre15_BPre15_NStem	SC2ps_OC15_VRoot_VerbTerm
u_kuba	Conj	PUNC_PUNC	Conj	NPrePre1a_NStem
u_ku_nga_fan_i	NPrePre15_BPre15_NegPre_VRoot_VerbTerm	NStem_NStem_NStem_NStem_NStem	NPrePre15_BPre15_NegPre_VRoot_VerbTerm	SC3_OC15_NegPre_VRoot_VerbTerm
ku_kwa_fun_a	SC15_AdvPre_VRoot_VerbTerm	NStem_NStem_NStem_NStem	SC15_AdvPre_VRoot_VerbTerm	BPre15_OC6_VRoot_VerbTerm
u_ku_bon_w_a	NPrePre15_BPre15_VRoot_PassExt_VerbTerm	NStem_NStem_NStem_NStem_NStem	NPrePre15_BPre15_VRoot_PassExt_VerbTerm	SC3_OC15_VRoot_PassExt_VerbTerm
kw_i_mi_ba	LocPre_NPrePre4_BPre4_NStem	NStem_NStem_NStem_NStem	LocPre_NPrePre4_BPre4_NStem	BPre15_NPrePre4_BPre4_NStem
e_nxulumen_e	RelConc4_VRoot_VerbTerm	VRoot_VRoot_VRoot	RelConc4_VRoot_VerbTerm	LocPre_VRoot_VerbTerm
ne_gunya	AdvPre_NPrePre5_BPre5_NStem	NStem_NStem	AdvPre_NPrePre5_BPre5_NStem	AdvPre_NStem
ne_zi_bonelelo	AdvPre_NPrePre8_BPre8_NStem	NStem_NStem_NStem	AdvPre_NPrePre8_BPre8_NStem	AdvPre_BPre7_NStem
.	Punc	PUNC	Punc	PUNC
Oku_ninzi	AdjPref15_AdjStem	NStem_NStem	AdjPref15_AdjStem	AdjPref15_NStem
k_oko	LocPre_Dem15_Pos2	PUNC_PUNC	LocPre_Dem15_Pos2	AdvPre_NStem
ku_nakan_w_a	SC15_VRoot_PassExt_VerbTerm	NStem_NStem_NStem_VRoot	SC15_VRoot_PassExt_VerbTerm	SC15_VRoot_PassExt_VerbTerm
'	Punc	PUNC	Punc	PUNC
njengo_ku_nga_fan_i	AdvPre_NPrePre15_BPre15_NegPre_VRoot_VerbTerm	NStem_NStem_NStem_NStem_NStem	AdvPre_NPrePre15_BPre15_NegPre_VRoot_VerbTerm	AdvPre_BPre15_NegPre_VRoot_VerbTerm
'	Punc	PUNC	Punc	PUNC
ku_vel_e	SC15_VRoot_VerbTerm	NStem_NStem_NStem	SC15_VRoot_VerbTerm	SC15_VRoot_VerbTerm
ngenxa	Conj	PUNC	Conj	Adv
yo_nxulumano	PossConc9_NPrePre11_BPre11_NStem	NStem_NStem	PossConc9_NPrePre11_BPre11_NStem	PossConc4_NStem
lwe_gunya	PossConc11_NPrePre5_BPre5_NStem	NStem_NStem	PossConc11_NPrePre5_BPre5_NStem	PossConc11_NStem
ne_mi_cimbi	AdvPre_NPrePre4_BPre4_NStem	NStem_NStem_NStem	AdvPre_NPrePre4_BPre4_NStem	AdvPre_BPre4_NStem
yo_kw_ab_iwa	PossConc4_NPrePre15_BPre15_VRoot_PassExt_VerbTerm	NStem_NStem_NStem_NStem	PossConc4_NPrePre15_BPre15_VRoot_PassExt_VerbTerm	PossConc9_OC15_VRoot_PassExt
kwe_zi_bonelelo	PossConc15_NPrePre8_BPre8_NStem	VRoot_VRoot_VRoot	PossConc15_NPrePre8_BPre8_NStem	PossConc15_BPre7_NStem
.	Punc	PUNC	Punc	PUNC
I_i_yantlukwano	NPrePre10_BPre10_NStem	VRoot_VRoot_VRoot	NPrePre10_BPre10_NStem	NPrePre4_BPre9_NStem
a_zi_m_is_w_a	NegPre_OC10_VRoot_CausExt_PassExt_VerbTerm	VRoot_NStem_NStem_VRoot_NStem_NStem	NegPre_OC10_VRoot_CausExt_PassExt_VerbTerm	NegPre_OC15_VRoot_CausExt_PassExt_VerbTerm
nge_n_x'e_nga_phambili	AdvPre_RelConc9_AdvPre_Adv	VRoot_VRoot_VRoot_VRoot_VRoot	AdvPre_RelConc9_AdvPre_Adv	AdvPre_BPre9_NStem_AdvPre_NStem
zo_nke	QuantConc10_QuantStem	PUNC_PUNC	QuantConc10_QuantStem	QuantConc3_AdjStem
,	Punc	PUNC	Punc	PUNC
kwaye	Conj	PUNC	Conj	Adv
na_l_apho	AdvPre_CopPre_Dem16_Pos2	NStem_NStem_NStem	AdvPre_CopPre_Dem16_Pos2	AdvPre_BPre5_NStem
kw_enz_ek_a_yo	SC15_VRoot_NeutExt_VerbTerm_RelSuf	VRoot_VRoot_VRoot_VRoot_VRoot	SC15_VRoot_NeutExt_VerbTerm_RelSuf	SC15_VRoot_NeutExt_VerbTerm_RelSuf
,	Punc	PUNC	Punc	PUNC
z_enz_iw_a	SC10_VRoot_PassExt_VerbTerm	NStem_NStem_VRoot_VRoot	SC10_VRoot_PassExt_VerbTerm	SC15_VRoot_PassExt_VerbTerm
n_kulu	AdjPref9_AdjStem	PUNC_PUNC	AdjPref9_AdjStem	BPre9_NStem
nge_zi_nye	AdvPre_RelConc8_EnumConc8_EnumStem	NStem_NStem_NStem	AdvPre_RelConc8_EnumConc8_EnumStem	AdvPre_OC7_EnumStem
i_zi_nyanzelo	NPrePre8_BPre8_NStem	NStem_NStem_NStem	NPrePre8_BPre8_NStem	NPrePre4_BPre7_NStem
z_e_ze_n_tlalo	PossConc8_RelConc8_PossConc8_NPrePre9_BPre9_NStem	VRoot_VRoot_VRoot_VRoot_VRoot	PossConc8_RelConc8_PossConc8_NPrePre9_BPre9_NStem	PossConc8_LocPre_AdvPre_BPre9_NStem
n_e_zo_qoqosho	AdvPre_RelConc8_PossConc8_NPrePre11_BPre11_NStem	VRoot_VRoot_VRoot_VRoot	AdvPre_RelConc8_PossConc8_NPrePre11_BPre11_NStem	AdvPre_LocPre_BPre7_NStem
.	Punc	PUNC	Punc	PUNC
Kw_i_i_meko	LocPre_NPrePre10_BPre10_NStem	NStem_NStem_NStem_NStem	LocPre_NPrePre10_BPre10_NStem	PossConc15_NPrePre4_BPre4_NStem
ezi_ninzi	AdjPref8_AdjStem	NStem_NStem	AdjPref8_AdjStem	AdjPref8_AdjStem
i_i_yantlukwano	NPrePre10_BPre10_NStem	VRoot_VRoot_VRoot	NPrePre10_BPre10_NStem	NPrePre4_NPrePre4_NStem
phakathi	Adv	PUNC	Adv	Adv
kwe_si_tyebi	PossConc15_NPrePre7_BPre7_NStem	NStem_NStem_NStem	PossConc15_NPrePre7_BPre7_NStem	PossConc15_BPre7_NStem
ne_hlwempu	AdvPre_NPrePre5_BPre5_NStem	NStem_NStem	AdvPre_NPrePre5_BPre5_NStem	AdvPre_NStem
;	Punc	PUNC	Punc	PUNC
u_ku_qesh_w_a	NPrePre15_BPre15_VRoot_PassExt_VerbTerm	VRoot_NStem_VRoot_VRoot_NStem	NPrePre15_BPre15_VRoot_PassExt_VerbTerm	SC3_OC15_VRoot_PassExt_VerbTerm
no_ku_nga_qesh_w_a	AdvPre_NPrePre15_BPre15_NegPre_VRoot_PassExt_VerbTerm	VRoot_VRoot_VRoot_VRoot_VRoot_VRoot	AdvPre_NPrePre15_BPre15_NegPre_VRoot_PassExt_VerbTerm	AdvPre_OC15_NegPre_VRoot_PassExt_VerbTerm
;	Punc	PUNC	Punc	PUNC
i_in_dawo	NPrePre10_BPre10_NStem	NStem_NStem_NStem	NPrePre10_BPre10_NStem	NPrePre9_NPre9_NStem
ezi_se_doloph_ini	RelConc10_PreLoc-s_LocPre_NStem_LocSuf	VRoot_VRoot_VRoot_VRoot	RelConc10_PreLoc-s_LocPre_NStem_LocSuf	RelConc7_Pro_NStem_LocSuf
na_ma_phandle	AdvPre_NPrePre6_BPre6_Adv	NStem_NStem_NStem	AdvPre_NPrePre6_BPre6_Adv	AdvPre_BPre6_NStem
;	Punc	PUNC	Punc	PUNC
o_fund_il_e_yo	RelConc1_VRoot_Perf_VerbTerm_RelSuf	NStem_NStem_NStem_NStem_NStem	RelConc1_VRoot_Perf_VerbTerm_RelSuf	SC1_VRoot_ApplExt_VerbTerm_RelSuf
no_nga_fund_a_nga	AdvPre_RelConc1_NegPre_VRoot_NegPre_VerbTerm	NStem_NStem_NStem_NStem_NStem	AdvPre_RelConc1_NegPre_VRoot_NegPre_VerbTerm	SC2ps_Pot_VRoot_VerbTerm_NegPre
z_akh_iw_e	OC10_VRoot_PassExt_VerbTerm	NStem_VRoot_NStem_NStem	OC10_VRoot_PassExt_VerbTerm	SC15_VRoot_PassExt_VerbTerm
ng_okwa_s_e_n_tlalw_eni	AdvPre_AdvPre_PreLoc-s_LocPre_BPre9_NStem_LocSuf	VRoot_VRoot_VRoot_VRoot_VRoot_VRoot_VRoot	AdvPre_AdvPre_PreLoc-s_LocPre_BPre9_NStem_LocSuf	AdvPre_RelConc15_PreLocs_LocPre_BPre9_NStem_LocSuf
kwaye	Conj	PUNC	Conj	Adv
zi_no_politiko	CopPre_CopPre_NPrePre11_BPre11_NStem	NStem_NStem_NStem	CopPre_CopPre_NPrePre11_BPre11_NStem	CopPre_AdvPre_NStem
ng_oku_nzulu	AdvPre_RelConc15_RelStem	NStem_NStem_NStem	AdvPre_RelConc15_RelStem	AdvPre_RelConc15_NStem
.	Punc	NStem	Punc	PUNC
Ezi	Dem10_Pos1	PUNC	Dem10_Pos1	ProperName
yantlukwano	NStem	NStem	NStem	NStem
zi_no_ku_ncinci	RelConc10_CopPre_RelConc15_AdjStem	VRoot_VRoot_VRoot_VRoot	RelConc10_CopPre_RelConc15_AdjStem	CopPre_Fut_BPre15_NStem
oku_no_kw_enz_a	RelConc15_CopPre_NPrePre15_BPre15_VRoot_VerbTerm	NStem_NStem_NStem_NStem_NStem	RelConc15_CopPre_NPrePre15_BPre15_VRoot_VerbTerm	RelConc15_AdvPre_OC15_VRoot_VerbTerm
ne_zi_mo	AdvPre_NPrePre10_BPre10_NStem	NStem_NStem_NStem	AdvPre_NPrePre10_BPre10_NStem	AdvPre_BPre7_NStem
zo_m_zimba	PossConc8_NPrePre3_BPre3_NStem	NStem_NStem_NStem	PossConc8_NPrePre3_BPre3_NStem	NPre2a_BPre3_NStem
a_zal_w_e	SC1_VRoot_PassExt_VerbTerm	NStem_NStem_NStem_NStem	SC1_VRoot_PassExt_VerbTerm	SC6_VRoot_PassExt_VerbTerm
na_zo	AdvPre_PronStem10	PUNC_PUNC	AdvPre_PronStem10	AdvPre_PronStem9
u_m_ntu	NPrePre1_BPre1_NStem	NStem_NStem_NStem	NPrePre1_BPre1_NStem	NPrePre1_BPre1_NStem
kwaye	Conj	PUNC	Conj	Adv
u_lawulo	NPrePre11_NStem	NStem_NStem	NPrePre11_NStem	NPrePre1a_NStem
lo_ku_nga_fan_i	PossConc11_NPrePre15_BPre15_NegPre_VRoot_VerbTerm	NStem_NStem_NStem_NStem_NStem	PossConc11_NPrePre15_BPre15_NegPre_VRoot_VerbTerm	RelConc3_OC15_NegPre_VRoot_VerbTerm
olu_y_i_m_pumelelo	RelConc11_CopPre_NPrePre9_BPre9_NStem	VRoot_VRoot_VRoot_VRoot_VRoot	RelConc11_CopPre_NPrePre9_BPre9_NStem	RelConc11_CopPre_NPrePre4_BPre3_NStem
lu_y_a	SC11_Fut	NStem_NStem_NStem	SC11_Fut	SC11_VRoot_VerbTerm
ku_fun_a	SC15_VRoot_VerbTerm	NStem_NStem_NStem	SC15_VRoot_VerbTerm	BPre15_VRoot_VerbTerm
i_n_gqwalasel_a	NPrePre9_BPre9_NStem	VRoot_VRoot_VRoot_VRoot	NPrePre9_BPre9_NStem	NPrePre9_BPre9_Intrans_VerbTerm
ngo_ku_sekek_e	AdvPre_RelConc15_VRoot_NeutExt_VerbTerm	NStem_NStem_NStem_NStem	AdvPre_RelConc15_VRoot_NeutExt_VerbTerm	AdvPre_OC15_VRoot_VerbTerm
kw_i_n_kcubeko	LocPre_NPrePre9_BPre9_NStem	VRoot_VRoot_VRoot_VRoot	LocPre_NPrePre9_BPre9_NStem	PossConc15_NPrePre9_BPre9_NStem
ya_ma_lungelo	PossConc9_NPrePre6_BPre6_NStem	NStem_NStem_NStem	PossConc9_NPrePre6_BPre6_NStem	PossConc9_BPre6_NStem
olu_ntu	PossConc6_NPrePre11_BPre11_NStem	PUNC_PUNC	PossConc6_NPrePre11_BPre11_NStem	RelConc11_NStem
.	Punc	PUNC	Punc	PUNC
U_MASIPALA	NPrePre1a_NStem	NStem_NStem	NPrePre1a_NStem	NPrePre1a_NStem
NG_OKO_MT_H_ETHO	AdvPre_AdvPre_BPre3_NStem	VRoot_VRoot_VRoot_VRoot_VRoot	AdvPre_AdvPre_BPre3_NStem	CopPre_RelConc15_BPre3_BPre3_NStem
KU_FUNEK_A	SC15_VRoot_VerbTerm	NStem_NStem_NStem	SC15_VRoot_VerbTerm	BPre15_VRoot_VerbTerm
E_NZ_E	VRoot_VerbTerm	NStem_NStem_NStem	VRoot_VerbTerm	NegPre_VRoot_VerbTerm
I_SI_XOKELE_LWANO	NPrePre7_BPre7_NStem	VRoot_VRoot_VRoot_VRoot	NPrePre7_BPre7_NStem	NPrePre4_BPre7_NStem_NStem
SO_KU_LAWUL_A	PossConc7_NPrePre15_BPre15_VRoot_VerbTerm	NStem_NStem_NStem_VRoot	PossConc7_NPrePre15_BPre15_VRoot_VerbTerm	PossConc7_OC15_VRoot_VerbTerm
U_KU_SEBENZ_A	NPrePre15_BPre15_VRoot_VerbTerm	VRoot_VRoot_VRoot_VRoot	NPrePre15_BPre15_VRoot_VerbTerm	SC1a_OC15_VRoot_VerbTerm
I__P_MS	NPrePre9_Abbr	NStem_NStem_NStem	NPrePre9_Abbr	NPrePre9_Abbr_Abbr
E_ZA	RelConc9_AuxVStem	PUNC_PUNC	RelConc9_AuxVStem	PossConc6_Abbr
KUNYU_S_A	SC15_VRoot_VerbTerm	VRoot_NStem_NStem	SC15_VRoot_VerbTerm	VRoot_PreLocs_VerbTerm
U_M_GANGATHO	NPrePre3_BPre3_NStem	VRoot_VRoot_VRoot	NPrePre3_BPre3_NStem	NPrePre3_BPre3_NStem
WO_KU_SEBENZ_A	PossConc3_NPrePre15_BPre15_VRoot_VerbTerm	VRoot_VRoot_VRoot_VRoot	PossConc3_NPrePre15_BPre15_VRoot_VerbTerm	PossConc1_OC15_VRoot_VerbTerm
NG_OKU_KHUTHALA	AdvPre_NPrePre15_BPre15_VRoot_VerbTerm	VRoot_VRoot_VRoot	AdvPre_NPrePre15_BPre15_VRoot_VerbTerm	AdvPre_RelConc15_NStem
NA_NG_OKU_SEBENZ_A_YO	AdvPre_AdvPre_RelConc15_VRoot_VerbTerm_RelSuf	VRoot_VRoot_VRoot_VRoot_VRoot_VRoot	AdvPre_AdvPre_RelConc15_VRoot_VerbTerm_RelSuf	AdvPre_Pot_VRoot_VRoot_VerbTerm_RelSuf
,	Punc	PUNC	Punc	PUNC
ANIKE	SC1a_VRoot_VerbTerm	PUNC	SC1a_VRoot_VerbTerm	Abbr
I_N_KCA_ZO	NPrePre9_BPre9_NStem	VRoot_VRoot_VRoot_VRoot	NPrePre9_BPre9_NStem	NPrePre9_BPre9_NStem_NStem
NG_OKU_SEBENZ_IS_A	AdvPre_NPrePre15_BPre15_VRoot_CausExt_VerbTerm	NStem_NStem_NStem_NStem_NStem	AdvPre_NPrePre15_BPre15_VRoot_CausExt_VerbTerm	AdvPre_VRoot_VRoot_CausExt_VerbTerm
I_ZI_XHOBO	NPrePre8_BPre8_NStem	VRoot_VRoot_VRoot	NPrePre8_BPre8_NStem	NPrePre4_CopPre_NStem
ZI_KA_MASIPALA	PossConc10_PossKA_NStem	VRoot_VRoot_VRoot	PossConc10_PossKA_NStem	CopPre_ExclNeg_NStem
NO_KUBA	AdvPre_Conj	NStem_NStem	AdvPre_Conj	AdvPre_VRoot
ABON_IS_E	SC1a_VRoot_CausExt_VerbTerm	PUNC_PUNC_PUNC	SC1a_VRoot_CausExt_VerbTerm	VRoot_CausExt_VerbTerm
NO_KU_FEZEK_IS_W_A	AdvPre_NPrePre15_BPre15_VRoot_CausExt_PassExt_VerbTerm	VRoot_VRoot_VRoot_VRoot_VRoot_VRoot	AdvPre_NPrePre15_BPre15_VRoot_CausExt_PassExt_VerbTerm	AdvPre_OC15_VRoot_CausExt_PassExt_VerbTerm
KWE_ZI_PHUMO	PossConc15_NPrePre8_BPre8_NStem	VRoot_VRoot_VRoot	PossConc15_NPrePre8_BPre8_NStem	PossConc15_NPrePre4_NStem
.	Punc	PUNC	Punc	PUNC
I__P_MS	NPrePre9_Abbr	NStem_NStem_NStem	NPrePre9_Abbr	NPrePre4_Abbr_NStem
I_NA_KO	CopPre_CopPre_PronStem15	NStem_NStem_NStem	CopPre_CopPre_PronStem15	BPre9_AdvPre_PronStem15
U_KU_SEBENZ_A	NPrePre15_BPre15_VRoot_VerbTerm	VRoot_VRoot_VRoot_VRoot	NPrePre15_BPre15_VRoot_VerbTerm	SC2ps_OC15_VRoot_VerbTerm
NJENGESI_XHOBO	AdvPre_NPrePre7_BPre7_NStem	VRoot_VRoot	AdvPre_NPrePre7_BPre7_NStem	Adv_BPre4
ESI_LUMKIS_A	RelConc7_VRoot_CausExt_VerbTerm	VRoot_VRoot_VRoot	RelConc7_VRoot_CausExt_VerbTerm	RelConc7_VRoot_VerbTerm
KU_SELITHUBA	CopPre_Pro_NPrePre5_BPre5_NStem	NStem_NStem	CopPre_Pro_NPrePre5_BPre5_NStem	LocPre_NStem
NA_NJENG_OKO	AdvPre_AdvPre_Dem15_Pos2	VRoot_VRoot_VRoot	AdvPre_AdvPre_Dem15_Pos2	AdvPre_Adv_Adv
I_BON_IS_A	SC9_VRoot_CausExt_VerbTerm	NStem_NStem_NStem_NStem	SC9_VRoot_CausExt_VerbTerm	SC4_VRoot_CausExt_VerbTerm
U_KU_NGA_SEBENZI	NPrePre15_BPre15_NegPre_VRoot_VerbTerm	VRoot_VRoot_VRoot_VRoot	NPrePre15_BPre15_NegPre_VRoot_VerbTerm	NPrePre1a_BPre15_NegPre_NStem
OKANYE	Conj	NStem	Conj	Adv
U_KU_SEBENZ_A	NPrePre15_BPre15_VRoot_VerbTerm	VRoot_VRoot_VRoot_VRoot	NPrePre15_BPre15_VRoot_VerbTerm	SC2ps_OC15_VRoot_VerbTerm
NG_OKU_NGE_KHO	AdvPre_RelConc15_NegPre_Adv	VRoot_VRoot_VRoot_VRoot	AdvPre_RelConc15_NegPre_Adv	AdvPre_RelConc15_NegPre_VRoot
M_GANGATHW_ENI	BPre3_NStem_LocSuf	VRoot_VRoot_VRoot	BPre3_NStem_LocSuf	BPre3_NStem_LocSuf
,	Punc	PUNC	Punc	PUNC
NGAKO	AdvPre_PronStem15	PUNC	AdvPre_PronStem15	ADV
OKO	Dem15_Pos2	NStem	Dem15_Pos2	Abbr
I_VUM_EL_A	SC9_VRoot_ApplExt_VerbTerm	NStem_NStem_NStem_NStem	SC9_VRoot_ApplExt_VerbTerm	SC9_VRoot_ApplExt_VerbTerm
U_NGE_NELELO	NPrePre11_NStem	VRoot_VRoot_VRoot	NPrePre11_NStem	NPrePre1a_AdvPre_NStem
U_KU_ZE	Conj	NStem_NStem_NStem	Conj	SC1a_OC15_AuxVStem
KU_BE	CopPre_Cop	PUNC_PUNC	CopPre_Cop	SC15_AuxVStem
KHO	Adv	PUNC	Adv	Adv
U_KU_PHUCUK_A	NPrePre15_BPre15_VRoot_VerbTerm	VRoot_VRoot_VRoot_VRoot	NPrePre15_BPre15_VRoot_VerbTerm	SC3_OC15_VRoot_VerbTerm
.	Punc	PUNC	Punc	PUNC
E_nye	AdjPref9_AdjStem	PUNC_PUNC	AdjPref9_AdjStem	PossConc6_EnumStem
ye_e_n_jongo	PossConc9_NPrePre10_BPre10_NStem	NStem_NStem_NStem_NStem	PossConc9_NPrePre10_BPre10_NStem	PossConc9_LocPre_BPre9_NStem
ezi_phambili	RelConc10_Adv	NStem_NStem	RelConc10_Adv	RelConc10_Adv
zi_ka_rhulumente	PossConc10_PossKA_NStem	NStem_NStem_NStem	PossConc10_PossKA_NStem	CopPre_ExclNeg_NStem
ku_ku_dlul_is_el_a	SC15_NPrePre15_BPre15_VRoot_ApplExt_VerbTerm	NStem_NStem_NStem_NStem_NStem_NStem	SC15_NPrePre15_BPre15_VRoot_ApplExt_VerbTerm	BPre15_OC15_VRoot_CausExt_ApplExt_VerbTerm
u_xanduva	NPrePre11_NStem	NStem_NStem	NPrePre11_NStem	NPrePre1a_NStem
lo_ku_nikezel_a	PossConc11_NPrePre15_BPre15_VRoot_VerbTerm	NStem_NStem_NStem_NStem	PossConc11_NPrePre15_BPre15_VRoot_VerbTerm	PossConc5_OC15_VRoot_VerbTerm
i_in_konzo	NPrePre10_BPre10_NStem	NStem_NStem_NStem	NPrePre10_BPre10_NStem	NPrePre9_BPre9_NStem
e_vel_a	RelConc9_VRoot_VerbTerm	NStem_NStem_NStem	RelConc9_VRoot_VerbTerm	SC6_VRoot_VerbTerm
ku_rhulumente	LocPre_NPrePre1a_NStem	NStem_NStem	LocPre_NPrePre1a_NStem	LocPre_NStem
ka_zwelonke	PossKA_NPrePre1a_NStem	NStem_NStem	PossKA_NPrePre1a_NStem	AdvPre_NStem
u_ku_ya	NPrePre15_BPre15_VRoot_VerbTerm	NStem_NStem_NStem	NPrePre15_BPre15_VRoot_VerbTerm	NPrePre1a_BPre15_NStem
k_o_wa_ma_phondo	LocPre_RelConc1a_OC1a_BPre6_NStem	VRoot_VRoot_VRoot_VRoot_VRoot	LocPre_RelConc1a_OC1a_BPre6_NStem	PossConc15_LocPre_PossConc1_BPre6_NStem
na_ko_oso_ma_gunya	AdvPre_LocPre_NPrePre2a_NStem	NStem_NStem_NStem_NStem_NStem	AdvPre_LocPre_NPrePre2a_NStem	AdvPre_PronStem15_Fut_BPre6_NStem
be_n_gingqi	PossConc2_NPrePre9_BPre9_NStem	NStem_NStem_NStem	PossConc2_NPrePre9_BPre9_NStem	PossConc2_BPre9_NStem
.	Punc	PUNC	Punc	PUNC
U_ku_nikezel_w_a	NPrePre15_BPre15_VRoot_PassExt_VerbTerm	VRoot_VRoot_VRoot_VRoot_VRoot	NPrePre15_BPre15_VRoot_PassExt_VerbTerm	SC3_OC15_VRoot_PassExt_VerbTerm
kwe_e_n_konzo	PossConc15_NPrePre10_BPre10_NStem	NStem_NStem_NStem_NStem	PossConc15_NPrePre10_BPre10_NStem	PossConc15_LocPre_BPre9_NStem
ku_funek_a	SC15_VRoot_VerbTerm	NStem_NStem_NStem	SC15_VRoot_VerbTerm	BPre15_VRoot_VerbTerm
ku_be	CopPre_Cop	PUNC_PUNC	CopPre_Cop	SC15_AuxVStem
se_za_ndle_ni	PreLoc-s_LocPre_NPrePre8_BPre8_NStem_LocSuf	NStem_NStem_NStem_NStem	PreLoc-s_LocPre_NPrePre8_BPre8_NStem_LocSuf	PossConc7_Pres_NStem_LocSuf
za_bo	PossConc10_PronStem2	PUNC_PUNC	PossConc10_PronStem2	PossConc9_PronStem2
ba_ku_futshane	RelConc2_LocPre_AdjStem	VRoot_NStem_NStem	RelConc2_LocPre_AdjStem	CopPre_BPre15_NStem
na_ba_sebenzisi	AdvPre_NPrePre2_BPre2_NStem	NStem_NStem_NStem	AdvPre_NPrePre2_BPre2_NStem	AdvPre_BPre2_NStem
ku_na_ku_rhulumente	AdvPre_LocPre_NStem	NStem_NStem_NStem_NStem	AdvPre_LocPre_NStem	LocPre_AdvPre_BPre15_NStem
om_khulu	AdjPref1a_AdjStem	PUNC_PUNC	AdjPref1a_AdjStem	AdjPref3_AdjStem
,	Punc	PUNC	Punc	PUNC
ye_na	PronStem1_PronSuf	PUNC_PUNC	PronStem1_PronSuf	PossConc9_PronSuf
ye_na	PronStem1_PronSuf	PUNC_PUNC	PronStem1_PronSuf	PossConc9_PronSuf
'	Punc	PUNC	Punc	PUNC
e_m_gce_ni	LocPre_NPrePre3_BPre3_NStem_LocSuf	NStem_NStem_NStem_NStem	LocPre_NPrePre3_BPre3_NStem_LocSuf	LocPre_BPre3_NStem_LocSuf
o_nga_phambili	RelConc3_AdvPre_Adv	PUNC_PUNC_PUNC	RelConc3_AdvPre_Adv	LocPre_AdvPre_NStem
'	Punc	Adv	Punc	PUNC
.	Punc	PUNC	Punc	PUNC
Ku_funek_a	SC15_VRoot_VerbTerm	NStem_NStem_NStem	SC15_VRoot_VerbTerm	BPre15_VRoot_VerbTerm
i_be	CopPre_Cop	PUNC_PUNC	CopPre_Cop	SC9_AuxVStem
i_be	SC9_Cop	PUNC_PUNC	SC9_Cop	SC9_AuxVStem
ne_s_akhelo	AdvPre_NPrePre7_BPre7_NStem	NStem_NStem_NStem	AdvPre_NPrePre7_BPre7_NStem	AdvPre_BPre7_NStem
so_m_gaqo__nkqubo	PossConc7_NPrePre3_BPre3_NStem_BPre9_NStem	VRoot_VRoot_VRoot_VRoot	PossConc7_NPrePre3_BPre3_NStem_BPre9_NStem	PossConc7_BPre3_NStem_NStem
ka_zwelonke	PossKA_NPrePre1a_NStem	NStem_NStem	PossKA_NPrePre1a_NStem	AdvPre_NStem
o_phuhl_is_w_e	RelConc3_VRoot_CausExt_PassExt_VerbTerm	VRoot_VRoot_VRoot_VRoot_VRoot	RelConc3_VRoot_CausExt_PassExt_VerbTerm	RelConc3_VRoot_CausExt_PassExt_VerbTerm
nga_ma_sebe	AdvPre_NPrePre6_BPre6_NStem	NStem_NStem_NStem	AdvPre_NPrePre6_BPre6_NStem	AdvPre_BPre6_NStem
abandakany_ek_a_yo	RelConc6_VRoot_NeutExt_VerbTerm_RelSuf	NStem_NStem_NStem_NStem	RelConc6_VRoot_NeutExt_VerbTerm_RelSuf	VRoot_NeutExt_VerbTerm_PronStem9
ka_rhulumente	PossKA_NPrePre1a_NStem	NStem_NStem	PossKA_NPrePre1a_NStem	AdvPre_NStem
ka_zwelonke	PossKA_NPrePre1a_NStem	VRoot_VRoot	PossKA_NPrePre1a_NStem	AdvPre_NStem
.	Punc	PUNC	Punc	PUNC
U_rhulumente	NPrePre1a_NStem	NStem_NStem	NPrePre1a_NStem	NPrePre1a_NStem
ku_funek_a	SC15_VRoot_VerbTerm	NStem_NStem_NStem	SC15_VRoot_VerbTerm	BPre15_VRoot_VerbTerm
a_phucul_e	SC1a_VRoot_VerbTerm	NStem_NStem_NStem	SC1a_VRoot_VerbTerm	SC6_VRoot_VerbTerm
u_lawulo	NPrePre11_NStem	NStem_NStem	NPrePre11_NStem	NPrePre1a_NStem
lwa_khe	PossConc11_PossPron	NStem_NStem	PossConc11_PossPron	PossConc11_PronStem1
lwe_si_xokelelwano	PossConc11_NPrePre7_BPre7_NStem	VRoot_VRoot_VRoot	PossConc11_NPrePre7_BPre7_NStem	PossConc11_BPre7_NStem
,	Punc	PUNC	Punc	PUNC
ku_quk_a	SC15_VRoot_VerbTerm	NStem_NStem_NStem	SC15_VRoot_VerbTerm	BPre15_VRoot_VerbTerm
i_zi_vumelwano	NPrePre8_BPre8_NStem	VRoot_VRoot_VRoot	NPrePre8_BPre8_NStem	NPrePre4_BPre7_NStem
zo_ku_ngenelel_a	PossConc10_NPrePre15_BPre15_VRoot_VerbTerm	VRoot_VRoot_VRoot_VRoot	PossConc10_NPrePre15_BPre15_VRoot_VerbTerm	AdvPre_BPre15_VRoot_VerbTerm
phakathi	Adv	PUNC	Adv	Adv
k_oo_masipala	LocPre_NPrePre2a_NStem	NStem_NStem_NStem	LocPre_NPrePre2a_NStem	AdvPre_BPre2a_NStem
be_n_gingqi	PossConc2a_NPrePre9_BPre9_NStem	NStem_NStem_NStem	PossConc2a_NPrePre9_BPre9_NStem	PossConc2_BPre9_NStem
na_ba_s_e_khaya	AdvPre_RelConc2_PreLoc-s_LocPre_NPrePre5_BPre5_NStem	VRoot_VRoot_VRoot_VRoot_VRoot	AdvPre_RelConc2_PreLoc-s_LocPre_NPrePre5_BPre5_NStem	AdvPre_BPre2_PreLocs_LocPre_NStem
a_pho	Dem16_Pos2	PUNC_PUNC	Dem16_Pos2	PossConc6_PronStem6
ku_kho	CopPre_Adv	PUNC_PUNC	CopPre_Adv	LocPre_PronStem2
u_ku_phindwa_ph_ind_w_a	NPrePre15_BPre15_VRoot_PassExt_VerbTerm_VRoot_PassExt_VerbTerm	VRoot_VRoot_VRoot_VRoot_VRoot_VRoot_VRoot	NPrePre15_BPre15_VRoot_PassExt_VerbTerm_VRoot_PassExt_VerbTerm	SC3_BPre15_VRoot_VRoot_VRoot_PassExt_VerbTerm
okanye	Conj	PUNC	Conj	Conj
u_ngquzulwano	NPrePre11_NStem	VRoot_VRoot	NPrePre11_NStem	NPrePre1a_NStem
e_kw_ab_iw_e_ni	LocPre_NPrePre15_BPre15_VRoot_PassExt_VerbTerm_LocSuf	VRoot_VRoot_VRoot_VRoot_VRoot_VRoot	LocPre_NPrePre15_BPre15_VRoot_PassExt_VerbTerm_LocSuf	LocPre_OC15_VRoot_PassExt_VerbTerm_LocSuf
ko_xanduva	PossConc15_NPrePre11_BPre11_NStem	NStem_NStem	PossConc15_NPrePre11_BPre11_NStem	QuantConc15_NStem
ne_mi_thombo	AdvPre_NPrePre4_BPre4_NStem	NStem_NStem_NStem	AdvPre_NPrePre4_BPre4_NStem	AdvPre_BPre4_NStem
.	Punc	PUNC	Punc	PUNC
A_ma_phondo	NPrePre6_BPre6_NStem	NStem_NStem_NStem	NPrePre6_BPre6_NStem	PossConc6_BPre6_NStem
ku_mel_e	SC15_AuxVStem	NStem_NStem_NStem	SC15_AuxVStem	SC15_VRoot_VerbTerm
a_jolis_e	SC6_VRoot_VerbTerm	NStem_NStem_NStem	SC6_VRoot_VerbTerm	SC6_VRoot_VerbTerm
kw_i_mi_sebenzi	LocPre_NPrePre4_BPre4_NStem	NStem_NStem_NStem_NStem	LocPre_NPrePre4_BPre4_NStem	PossConc15_NPrePre4_BPre4_NStem
ya_wo	PossConc4_PronStem3	PUNC_PUNC	PossConc4_PronStem3	PossConc4_PronStem6
e_ng_u_ndoqo	RelConc9_CopPre_NPrePre1a_NStem	VRoot_VRoot_VRoot_VRoot	RelConc9_CopPre_NPrePre1a_NStem	PossConc6_CopPre_BPre3_NStem
no_ku_phuhl_is_a	AdvPre_NPrePre15_BPre15_VRoot_CausExt_VerbTerm	VRoot_VRoot_VRoot_VRoot_VRoot	AdvPre_NPrePre15_BPre15_VRoot_CausExt_VerbTerm	AdvPre_BPre15_VRoot_CausExt_VerbTerm
i_si_khundla	NPrePre7_BPre7_NStem	NStem_VRoot_NStem	NPrePre7_BPre7_NStem	NPrePre4_BPre7_NStem
u_ku_xhas_a	NPrePre15_BPre15_VRoot_VerbTerm	NStem_NStem_NStem_NStem	NPrePre15_BPre15_VRoot_VerbTerm	SC3_OC15_VRoot_VerbTerm
no_k_ongamel_a	AdvPre_NPrePre15_BPre15_VRoot_ApplExt_VerbTerm	VRoot_VRoot_VRoot_VRoot	AdvPre_NPrePre15_BPre15_VRoot_ApplExt_VerbTerm	CopPre_BPre15_VRoot_VerbTerm
u_rhulumente	NPrePre1a_NStem	NStem_NStem	NPrePre1a_NStem	NPrePre1a_NStem
wa_s_e_khaya	PossConc1a_PreLoc-s_LocPre_NPrePre5_BPre5_NStem	NStem_NStem_NStem_NStem	PossConc1a_PreLoc-s_LocPre_NPrePre5_BPre5_NStem	PossConc3_PreLocs_LocPre_NStem
.	Punc	PUNC	Punc	PUNC
U_bu_me	NPrePre14_BPre14_NStem	NStem_NStem_NStem	NPrePre14_BPre14_NStem	NPrePre1a_BPre14_NStem
bo_m_gaqo__si_se_ko	PossConc14_NPrePre3_BPre3_NStem_BPre7_NStem	VRoot_VRoot_VRoot_VRoot_VRoot_VRoot	PossConc14_NPrePre3_BPre3_NStem_BPre7_NStem	BPre2a_BPre3_NStem_BPre7_PossConc7_RelSuf
bu_vum_el_a	SC14_VRoot_VerbTerm	NStem_NStem_NStem_NStem	SC14_VRoot_VerbTerm	SC14_Intrans_ApplExt_VerbTerm
u_kuba	Conj	PUNC_PUNC	Conj	NPrePre1a_NStem
ku_be_kho	CopPre_CopPre_Adv	NStem_NStem_NStem	CopPre_CopPre_Adv	SC15_PossConc2_PronStem2
u_kw_ahluk_a	NPrePre15_BPre15_VRoot_VerbTerm	NStem_NStem_NStem_NStem	NPrePre15_BPre15_VRoot_VerbTerm	SC2ps_OC15_VRoot_VerbTerm
ngakumbi	Adv	NStem	Adv	Adv
e_ku_nikez_el_w_eni	LocPre_NPrePre15_BPre15_VRoot_PassExt_VerbTerm_LocSuf	VRoot_VRoot_VRoot_VRoot_VRoot_VRoot	LocPre_NPrePre15_BPre15_VRoot_PassExt_VerbTerm_LocSuf	LocPre_BPre15_VRoot_ApplExt_PassExt_LocSuf
kwa_ma_ndla	PossConc15_NPrePre6_BPre6_NStem	NStem_NStem_NStem	PossConc15_NPrePre6_BPre6_NStem	PossConc15_BPre6_NStem
ne_mi_sebenzi	AdvPre_NPrePre4_BPre4_NStem	NStem_NStem_NStem	AdvPre_NPrePre4_BPre4_NStem	AdvPre_BPre4_NStem
,	Punc	PUNC	Punc	PUNC
kwaye	Conj	PUNC	Conj	Adv
oku	Dem15_Pos1	PUNC	Dem15_Pos1	CDEM15
ku_mel_e	SC15_AuxVStem	NStem_NStem_NStem	SC15_AuxVStem	SC15_VRoot_VerbTerm
ku_setyenz_is_w_e	SC15_VRoot_CausExt_PassExt_VerbTerm	NStem_NStem_NStem_NStem_NStem	SC15_VRoot_CausExt_PassExt_VerbTerm	SC15_VRoot_CausExt_PassExt_VerbTerm
u_ku_qinisek_is_a	NPrePre15_BPre15_VRoot_CausExt_VerbTerm	VRoot_VRoot_VRoot_VRoot_VRoot	NPrePre15_BPre15_VRoot_CausExt_VerbTerm	SC2ps_OC15_VRoot_CausExt_VerbTerm
u_ku_th_i	NPrePre15_BPre15_VRoot_VerbTerm	NStem_NStem_NStem_NStem	NPrePre15_BPre15_VRoot_VerbTerm	SC3_OC15_VRoot_VerbTerm
gingci	Ideoph	PUNC	Ideoph	NStem
oku_ngcono	RelConc15_RelStem	NStem_NStem	RelConc15_RelStem	RelConc15_NStem
phakathi	Adv	PUNC	Adv	Adv
kwe_si_khundla	PossConc15_NPrePre7_BPre7_NStem	NStem_NStem_NStem	PossConc15_NPrePre7_BPre7_NStem	PossConc15_BPre7_NStem
no_xanduva	AdvPre_NPrePre11_BPre11_NStem	NStem_NStem	AdvPre_NPrePre11_BPre11_NStem	AdvPre_NStem
lwa_ma_phondo	PossConc11_NPrePre6_BPre6_NStem	NStem_NStem_NStem	PossConc11_NPrePre6_BPre6_NStem	PossConc11_BPre6_NStem
n_oo_masipala	AdvPre_NPrePre2a_NStem	NStem_NStem_NStem	AdvPre_NPrePre2a_NStem	NPre9_AdvPre_NStem
.	Punc	PUNC	Punc	PUNC
I_n_kqubo	NPrePre9_BPre9_NStem	VRoot_NStem_VRoot	NPrePre9_BPre9_NStem	NPrePre9_BPre9_NStem
e_kho_yo	RelConc9_Adv_RelSuf	NStem_NStem_NStem	RelConc9_Adv_RelSuf	PossConc6_PronStem1_PronStem9
i_nga_phucul_w_a	NPrePre9_Pot_VRoot_PassExt_VerbTerm	VRoot_VRoot_VRoot_VRoot_VRoot	NPrePre9_Pot_VRoot_PassExt_VerbTerm	SC9_Pot_VRoot_PassExt_VerbTerm
,	Punc	PUNC	Punc	PUNC
nge_n_gcaciso	AdvPre_NPrePre9_BPre9_NStem	NStem_NStem_NStem	AdvPre_NPrePre9_BPre9_NStem	AdvPre_NPre9_NStem
yo_xanduva	PossConc9_NPrePre11_BPre11_NStem	NStem_NStem	PossConc9_NPrePre11_BPre11_NStem	PossConc4_NStem
kw_i_in_kalo	LocPre_NPrePre10_BPre10_NStem	NStem_NStem_NStem_NStem	LocPre_NPrePre10_BPre10_NStem	PossConc15_NPrePre9_BPre9_NStem
ze_zin_dlu	PossConc10_NPrePre10_BPre10_NStem	NStem_NStem_NStem	PossConc10_NPrePre10_BPre10_NStem	AdvPre_NPre10_NStem
,	Punc	PUNC	Punc	PUNC
za_ma_nzi	PossConc10_NPrePre6_BPre6_NStem	NStem_NStem_NStem	PossConc10_NPrePre6_BPre6_NStem	PossConc5_BPre6_NStem
,	Punc	PUNC	Punc	PUNC
zo_gutyulo	PossConc10_NPrePre11_BPre11_NStem	NStem_NStem	PossConc10_NPrePre11_BPre11_NStem	AdvPre_NStem
,	Punc	PUNC	Punc	PUNC
zo_m_bane	PossConc10_NPrePre3_BPre3_NStem	NStem_NStem_NStem	PossConc10_NPrePre3_BPre3_NStem	BPre2a_BPre3_NStem
no_thutho	AdvPre_NPrePre11_BPre11_NStem	NStem_NStem	AdvPre_NPrePre11_BPre11_NStem	CopPre_NStem
lo_lu_ntu	PossConc11_NPrePre11_BPre11_NStem	NStem_NStem_NStem	PossConc11_NPrePre11_BPre11_NStem	PossConc5_BPre11_NStem
.	Punc	PUNC	Punc	PUNC
I_i_dolophu_kazi	NPrePre10_BPre10_NStem_AugSuf	VRoot_VRoot_VRoot_VRoot	NPrePre10_BPre10_NStem_AugSuf	NPrePre4_NPrePre4_NStem_NStem
ezin_kulu	AdjPref10_AdjStem	PUNC_PUNC	AdjPref10_AdjStem	BPre10_NStem
ku_mel_e	SC15_AuxVStem	NStem_NStem_NStem	SC15_AuxVStem	SC15_VRoot_VerbTerm
zi_nik_w_e	SC10_VRoot_PassExt_VerbTerm	NStem_NStem_NStem_NStem	SC10_VRoot_PassExt_VerbTerm	SC2_VRoot_PassExt_VerbTerm
i_mali	NPrePre9_NStem	PUNC_PUNC	NPrePre9_NStem	NPre9_NStem
ka_rhulumente	PossKA_NPrePre1a_NStem	NStem_NStem	PossKA_NPrePre1a_NStem	AdvPre_NStem
en_kulu	AdjPref9_AdjStem	PUNC_PUNC	AdjPref9_AdjStem	AdvPre_NStem
na_ma_ndla	AdvPre_NPrePre6_BPre6_NStem	NStem_NStem_NStem	AdvPre_NPrePre6_BPre6_NStem	AdvPre_BPre6_NStem
o_politiko	PossConc6_NPrePre11_BPre11_NStem	PUNC_PUNC	PossConc6_NPrePre11_BPre11_NStem	PossConc6_NStem
e_ku_ququzel_el_e_ni	LocPre_NPrePre15_BPre15_VRoot_VerbTerm_LocSuf	VRoot_VRoot_VRoot_VRoot_VRoot_VRoot	LocPre_NPrePre15_BPre15_VRoot_VerbTerm_LocSuf	SC9_OC15_VRoot_ApplExt_VerbTerm_LocSuf
u_ku_phucul_w_a	NPrePre15_BPre15_VRoot_PassExt_VerbTerm	VRoot_VRoot_VRoot_VRoot_VRoot	NPrePre15_BPre15_VRoot_PassExt_VerbTerm	SC3_OC15_VRoot_PassExt_VerbTerm
ko_ku_hlal_is_w_a	PossConc15_NPrePre15_BPre15_VRoot_CausExt_PassExt_VerbTerm	NStem_VRoot_VRoot_VRoot_VRoot_VRoot	PossConc15_NPrePre15_BPre15_VRoot_CausExt_PassExt_VerbTerm	PossConc15_OC15_VRoot_CausExt_PassExt_VerbTerm
ko_lu_ntu	PossConc15_NPrePre11_BPre11_NStem	NStem_NStem_NStem	PossConc15_NPrePre11_BPre11_NStem	PossConc15_BPre11_NStem
,	Punc	PUNC	Punc	PUNC
u_thutho	NPrePre11_NStem	NStem_NStem	NPrePre11_NStem	NPrePre1a_NStem
no_ku_cwangcis_w_a	AdvPre_NPrePre15_BPre15_VRoot_PassExt_VerbTerm	VRoot_VRoot_VRoot_VRoot_VRoot	AdvPre_NPrePre15_BPre15_VRoot_PassExt_VerbTerm	AdvPre_OC15_VRoot_PassExt_VerbTerm
kwe_si_thuba	PossConc15_NPrePre7_BPre7_NStem	NStem_NStem_NStem	PossConc15_NPrePre7_BPre7_NStem	PossConc15_BPre7_NStem
.	Punc	PUNC	Punc	PUNC
Kw_ezi_nye	PossConc15_AdjPref8_AdjStem	NStem_NStem_NStem	PossConc15_AdjPref8_AdjStem	PossConc15_AdjPref7_AdjStem
i_in_kalo	NPrePre10_BPre10_NStem	NStem_NStem_NStem	NPrePre10_BPre10_NStem	BPre9_BPre9_NStem
,	Punc	PUNC	Punc	PUNC
i_zin_to	NPrePre10_BPre10_NStem	NStem_NStem_NStem	NPrePre10_BPre10_NStem	BPre9_VRoot_PronStem10
zo_m_mandla	PossConc10_NPrePre3_BPre3_NStem	NStem_NStem_NStem	PossConc10_NPrePre3_BPre3_NStem	BPre2a_BPre3_NStem
zi_nga_bonelel_a	SC10_Pot_VRoot_VerbTerm	VRoot_VRoot_VRoot_NStem	SC10_Pot_VRoot_VerbTerm	SC2_AdvPre_Intrans_VerbTerm
i_in_konzo	NPrePre10_BPre10_NStem	NStem_NStem_NStem	NPrePre10_BPre10_NStem	NPrePre9_BPre9_NStem
e_game_ni	LocPre_NPrePre5_BPre5_NStem_LocSuf	NStem_NStem_NStem	LocPre_NPrePre5_BPre5_NStem_LocSuf	LocPre_NStem_LocSuf
l_oo_masipala	PossConc5_NPrePre2a_NStem	NStem_NStem_NStem	PossConc5_NPrePre2a_NStem	PossConc5_BPre2a_NStem
aba_nge_na_mi_thombo	RelConc2_NegPre_CopPre_NPrePre4_BPre4_NStem	NStem_NStem_NStem_NStem_NStem	RelConc2_NegPre_CopPre_NPrePre4_BPre4_NStem	RelConc2_NegPre_AdvPre_BPre4_NStem
i_nge_phi	RelConc9_NegPre_EnumStem	NStem_NStem_NStem	RelConc9_NegPre_EnumStem	BPre4_NegPre_Interrog
,	Punc	PUNC	Punc	PUNC
kodwa	Conj	Adv	Conj	Conj
oku	Dem15_Pos1	PUNC	Dem15_Pos1	CDEM15
ku_mel_e	SC15_AuxVStem	PUNC_PUNC_PUNC	SC15_AuxVStem	SC15_VRoot_VerbTerm
ku_khokel_w_e	SC15_VRoot_PassExt_VerbTerm	NStem_NStem_VRoot_NStem	SC15_VRoot_PassExt_VerbTerm	SC15_VRoot_PassExt_VerbTerm
ng_oo_masipala	AdvPre_NPrePre2a_NStem	NStem_NStem_NStem	AdvPre_NPrePre2a_NStem	AdvPre_RelConc3_NStem
u_ku_phepha	NPrePre15_BPre15_VRoot_VerbTerm	NStem_NStem_NStem	NPrePre15_BPre15_VRoot_VerbTerm	NPrePre1a_BPre15_NStem
u_ku_jong_el_w_a	NPrePre15_BPre15_VRoot_ApplExt_PassExt_VerbTerm	VRoot_VRoot_NStem_NStem_VRoot_VRoot	NPrePre15_BPre15_VRoot_ApplExt_PassExt_VerbTerm	SC3_OC15_VRoot_ApplExt_PassExt_VerbTerm
phantsi	Adv	NStem	Adv	Adv
ko_ku_nik_a	PossConc15_NPrePre15_BPre15_VRoot_VerbTerm	NStem_NStem_NStem_NStem	PossConc15_NPrePre15_BPre15_VRoot_VerbTerm	PossConc15_OC15_VRoot_VerbTerm
i_n_gxelo	NPrePre9_BPre9_NStem	NStem_NStem_NStem	NPrePre9_BPre9_NStem	NPrePre9_BPre9_NStem
ng_okwe_n_tando	AdvPre_AdvPre_NPrePre9_BPre9_NStem	VRoot_VRoot_VRoot_VRoot	AdvPre_AdvPre_NPrePre9_BPre9_NStem	AdvPre_NStem_BPre9_NStem
ye_si_ninzi	PossConc9_NPrePre7_BPre7_AdjStem	NStem_NStem_NStem	PossConc9_NPrePre7_BPre7_AdjStem	PossConc9_BPre7_NStem
ku_hanjiso	LocPre_NStem	NStem_NStem	LocPre_NStem	LocPre_NStem
lwe_e_n_konzo	PossConc11_NPrePre10_BPre10_NStem	VRoot_VRoot_VRoot_VRoot	PossConc11_NPrePre10_BPre10_NStem	PossConc11_PossConc6_BPre9_NStem
.	Punc	PUNC	Punc	PUNC
Chaz_a	VRoot_VerbTerm	PUNC_PUNC	VRoot_VerbTerm	VRoot_VerbTerm
i_im_pendulo	NPrePre10_BPre10_NStem	NStem_NStem_NStem	NPrePre10_BPre10_NStem	NPrePre9_NPre9_NStem
za_wo	PossConc10_PronStem6	PUNC_PUNC	PossConc10_PronStem6	PossConc5_PronStem6
ku_m_sebenzi	LocPre_NPrePre3_BPre3_NStem	NStem_NStem_NStem	LocPre_NPrePre3_BPre3_NStem	LocPre_BPre1_NStem
we_qela	PossConc3_NPrePre9_BPre9_NStem	NStem_NStem	PossConc3_NPrePre9_BPre9_NStem	PossConc3_NStem
.	Punc	PUNC	Punc	PUNC
I_si_qinisekiso	NPrePre7_BPre7_NStem	VRoot_VRoot_VRoot	NPrePre7_BPre7_NStem	NPrePre4_BPre7_NStem
se__I_SO	PossConc7_NPrePre9_Abbr	NStem_NStem_NStem	PossConc7_NPrePre9_Abbr	PossConc7_NPrePre4_BPre7
:	Punc	PUNC	Punc	PUNC
u_kuba	Conj	PUNC_PUNC	Conj	NPrePre1a_NStem
ne_xhala	CopPre_NPrePre5_BPre5_NStem	NStem_NStem	CopPre_NPrePre5_BPre5_NStem	AdvPre_NStem
lo_ku_phumez_a	PossConc5_NPrePre15_BPre15_VRoot_VerbTerm	NStem_NStem_NStem_NStem	PossConc5_NPrePre15_BPre15_VRoot_VerbTerm	PossConc5_OC15_VRoot_VerbTerm
i_n_kqubo	NPrePre9_BPre9_NStem	NStem_NStem_NStem	NPrePre9_BPre9_NStem	NPrePre9_BPre9_NStem
e_ya_mkel_w_e_yo	RelConc9_SC9_VRoot_PassExt_VerbTerm_RelSuf	VRoot_VRoot_VRoot_VRoot_VRoot_VRoot	RelConc9_SC9_VRoot_PassExt_VerbTerm_RelSuf	LocPre_Pres_VRoot_PassExt_VerbTerm_PronStem9
ku_ma_zwe	LocPre_NPrePre6_BPre6_NStem	NStem_NStem_NStem	LocPre_NPrePre6_BPre6_NStem	LocPre_BPre6_NStem
nga_ma_zwe	AdvPre_NPrePre6_BPre6_NStem	NStem_NStem_NStem	AdvPre_NPrePre6_BPre6_NStem	AdvPre_BPre6_NStem
ng_oku_phathelel_e	AdvPre_NPrePre15_BPre15_VRoot_VerbTerm	NStem_NStem_NStem_NStem	AdvPre_NPrePre15_BPre15_VRoot_VerbTerm	AdvPre_RelConc15_VRoot_VerbTerm
ku_lawulo	LocPre_NPrePre11_NStem	NStem_NStem	LocPre_NPrePre11_NStem	LocPre_NStem
lo_bu_lunga	PossConc5_NPrePre14_BPre14_NStem	NStem_NStem_NStem	PossConc5_NPrePre14_BPre14_NStem	PossConc5_BPre14_NStem
,	Punc	PUNC	Punc	PUNC
u_ku_zi_hlol_a	NPrePre17_BPre17_ReflPre_VRoot_VerbTerm	VRoot_VRoot_VRoot_VRoot_VRoot	NPrePre17_BPre17_ReflPre_VRoot_VerbTerm	SC2ps_OC15_ReflPre_VRoot_VerbTerm
no_vavanyo	AdvPre_NPrePre11_BPre11_NStem	NStem_NStem	AdvPre_NPrePre11_BPre11_NStem	BPre1_NStem
lwe_qela	PossConc11_NPrePre5_BPre5_NStem	NStem_NStem	PossConc11_NPrePre5_BPre5_NStem	PossConc11_NStem
le_si_thathu	PossConc5_NPrePre7_BPre7_AdjStem	NStem_NStem_NStem	PossConc5_NPrePre7_BPre7_AdjStem	PossConc5_BPre7_NStem
lo_m_velis_i	PossConc5_NPrePre1_BPre1_NStem	NStem_NStem_NStem_NStem	PossConc5_NPrePre1_BPre1_NStem	RelConc3_OC1_VRoot_VerbTerm
.	Punc	PUNC	Punc	PUNC
I_m_velaphi	NPrePre9_BPre9_NStem	NStem_NStem_NStem	NPrePre9_BPre9_NStem	NPrePre9_BPre3_NStem
ya_nga_phandle	PossConc9_AdvPre_Adv	NStem_NStem_NStem	PossConc9_AdvPre_Adv	PossConc9_AdvPre_Adv
:	Punc	PUNC	Punc	PUNC
Ezi	Dem10_Pos1	NStem	Dem10_Pos1	ProperName
z_enz_iw_a	SC10_VRoot_PassExt_VerbTerm	VRoot_VRoot_VRoot_VRoot	SC10_VRoot_PassExt_VerbTerm	SC15_VRoot_PassExt_VerbTerm
nga_phandle	AdvPre_Adv	PUNC_PUNC	AdvPre_Adv	AdvPre_Adv
ku_ka_masipala	PossConc15_PossKA_NStem	NStem_NStem_NStem	PossConc15_PossKA_NStem	LocPre_AdvPre_NStem
njenge_mali__mb_o_leko	AdvPre_NPrePre9_NStem_BPre9_NStem	VRoot_NStem_NStem_VRoot_VRoot	AdvPre_NPrePre9_NStem_BPre9_NStem	AdvPre_NStem_VRoot_VerbTerm_NStem
e_funyen_w_e	RelConc9_VRoot_PassExt_VerbTerm	NStem_NStem_NStem_NStem	RelConc9_VRoot_PassExt_VerbTerm	LocPre_VRoot_PassExt_VerbTerm
ku_ma_ziko	LocPre_NPrePre6_BPre6_NStem	NStem_NStem_NStem	LocPre_NPrePre6_BPre6_NStem	LocPre_BPre6_NStem
o_rhwebo	PossConc6_NPrePre11_BPre11_NStem	NStem_NStem	PossConc6_NPrePre11_BPre11_NStem	LocPre_NStem
.	Punc	PUNC	Punc	PUNC
U_ku_lawul_a	NPrePre15_BPre15_VRoot_VerbTerm	NStem_VRoot_VRoot_VRoot	NPrePre15_BPre15_VRoot_VerbTerm	SC1_OC15_VRoot_VerbTerm
i_xesha	NPrePre5_BPre5_NStem	NStem_NStem	NPrePre5_BPre5_NStem	BPre9_NStem
:	Punc	PUNC	Punc	PUNC
U_ku_yi_qond_a	NPrePre15_BPre15_OC9_VRoot_VerbTerm	NStem_VRoot_VRoot_NStem_NStem	NPrePre15_BPre15_OC9_VRoot_VerbTerm	SC2ps_OC15_OC9_VRoot_VerbTerm
i_n_dlel_a	NPrePre9_BPre9_NStem	NStem_NStem_NStem_NStem	NPrePre9_BPre9_NStem	NPrePre9_BPre9_VRoot_VerbTerm
e_hamb_a	RelConc9_VRoot_VerbTerm	NStem_NStem_NStem	RelConc9_VRoot_VerbTerm	SC6_VRoot_VerbTerm
nga_yo	AdvPre_PronStem9	PUNC_PUNC	AdvPre_PronStem9	AdvPre_PronStem9
i_projekthi	NPrePre9_NStem	NStem_NStem	NPrePre9_NStem	SC9_NStem
no_ku_diban_a	AdvPre_NPrePre15_BPre15_VRoot_VerbTerm	NStem_NStem_NStem_NStem	AdvPre_NPrePre15_BPre15_VRoot_VerbTerm	AdvPre_OC15_VRoot_VerbTerm
rhoqo	Ideoph	NStem	Ideoph	NStem
na_ma_qela	AdvPre_BPre6_NStem	NStem_NStem_NStem	AdvPre_BPre6_NStem	AdvPre_BPre6_NStem
a_chaphazel_ek_a_yo	RelConc6_VRoot_NeutExt_VerbTerm_RelSuf	VRoot_VRoot_VRoot_VRoot_VRoot	RelConc6_VRoot_NeutExt_VerbTerm_RelSuf	SC6_VRoot_NeutExt_VerbTerm_RelSuf
ne_qela	AdvPre_NPrePre5_BPre5_NStem	NStem_NStem	AdvPre_NPrePre5_BPre5_NStem	AdvPre_NStem
le_projekthi	PossConc5_NPrePre9_NStem	NStem_NStem	PossConc5_NPrePre9_NStem	PossConc5_NStem
nge_e_n_jongo	AdvPre_NPrePre10_BPre10_NStem	NStem_NStem_NStem_NStem	AdvPre_NPrePre10_BPre10_NStem	AdvPre_PossConc6_BPre9_NStem
zo_ku_jong_a	PossConc10_NPrePre15_BPre15_VRoot_VerbTerm	NStem_NStem_NStem_NStem	PossConc10_NPrePre15_BPre15_VRoot_VerbTerm	AdvPre_OC15_VRoot_VerbTerm
i_mi_ba	NPrePre4_BPre4_NStem	NStem_NStem_NStem	NPrePre4_BPre4_NStem	NPrePre4_BPre4_AuxVStem
e_phathelel_e	RelConc4_VRoot_VerbTerm	NStem_NStem_NStem	RelConc4_VRoot_VerbTerm	PossConc6_VRoot_VerbTerm
kw_i_xesha	LocPre_NPrePre5_BPre5_NStem	NStem_NStem_NStem	LocPre_NPrePre5_BPre5_NStem	PossConc15_NPrePre4_NStem
.	Punc	PUNC	Punc	PUNC
Zi_ninzi	CopPre_AdjStem	NStem_NStem	CopPre_AdjStem	CopPre_AdjStem
i_zin_to	NPrePre10_BPre10_NStem	NStem_NStem_NStem	NPrePre10_BPre10_NStem	SC9_NStem_PronStem10
ezi_no_kw_enz_a	RelConc10_AdvPre_NPrePre15_BPre15_VRoot_VerbTerm	VRoot_VRoot_VRoot_VRoot_VRoot	RelConc10_AdvPre_NPrePre15_BPre15_VRoot_VerbTerm	RelConc7_AdvPre_OC15_VRoot_VerbTerm
u_kuba	Conj	PUNC_PUNC	Conj	NPrePre1a_NStem
i_xesha	NPrePre5_BPre5_NStem	NStem_NStem	NPrePre5_BPre5_NStem	NPrePre4_NStem
e_beli_bek_el_w_e	RelConc5_Past_OC5_VRoot_ApplExt_PassExt_VerbTerm	VRoot_VRoot_VRoot_VRoot_VRoot_VRoot	RelConc5_Past_OC5_VRoot_ApplExt_PassExt_VerbTerm	PossConc6_OC5_VRoot_ApplExt_PassExt_VerbTerm
i_projekthi	NPrePre9_NStem	NStem_NStem	NPrePre9_NStem	NPrePre4_NStem
li_tshintshe	SC5_VRoot_VerbTerm	NStem_NStem	SC5_VRoot_VerbTerm	BPre5_NStem
.	Punc	PUNC	Punc	PUNC
I_zin_to	NPrePre10_BPre10_NStem	NStem_NStem_NStem	NPrePre10_BPre10_NStem	SC4_VRoot_NStem
ezi_no_ku_th_i	RelConc10_AdvPre_NPrePre15_BPre15_VRoot_VerbTerm	NStem_NStem_NStem_NStem_NStem	RelConc10_AdvPre_NPrePre15_BPre15_VRoot_VerbTerm	RelConc10_AdvPre_BPre15_VRoot_VerbTerm
zi_vel_e	SC10_VRoot_VerbTerm	NStem_NStem_NStem	SC10_VRoot_VerbTerm	CopPre_VRoot_VerbTerm
ku_funek_a	BPre15_VRoot_VerbTerm	NStem_NStem_NStem	BPre15_VRoot_VerbTerm	BPre15_VRoot_VerbTerm
zi_lungisel_el_w_e	OC10_VRoot_ApplExt_ApplExt_PassExt_VerbTerm	VRoot_VRoot_VRoot_VRoot_VRoot	OC10_VRoot_ApplExt_ApplExt_PassExt_VerbTerm	SC5_VRoot_ApplExt_PassExt_VerbTerm
kwa_phaya	LocPre_Dem16_Pos3	NStem_NStem	LocPre_Dem16_Pos3	PossConc15_NStem
e_ku_qal_e_ni	LocPre_NPrePre15_BPre15_VRoot_VerbTerm_LocSuf	VRoot_NStem_VRoot_VRoot_VRoot	LocPre_NPrePre15_BPre15_VRoot_VerbTerm_LocSuf	LocPre_OC15_VRoot_VerbTerm_LocSuf
ko_ku_bek_w_a	PossConc15_NPrePre15_BPre15_VRoot_PassExt_VerbTerm	NStem_NStem_NStem_NStem_NStem	PossConc15_NPrePre15_BPre15_VRoot_PassExt_VerbTerm	PossConc15_OC15_VRoot_PassExt_VerbTerm
kwa_ma_xesha	PossConc15_NPrePre6_BPre6_NStem	NStem_NStem_NStem	PossConc15_NPrePre6_BPre6_NStem	PossConc15_BPre6_NStem
,	Punc	PUNC	Punc	PUNC
kwaye	Conj	PUNC	Conj	Adv
o_nke	QuantConc6_QuantStem	NStem_NStem	QuantConc6_QuantStem	QuantConc6_NStem
a_ma_qela	NPrePre6_BPre6_NStem	NStem_NStem_NStem	NPrePre6_BPre6_NStem	NPrePre6_BPre6_NStem
a_chaphazel_ek_a_yo	RelConc6_VRoot_NeutExt_VerbTerm_RelSuf	VRoot_VRoot_VRoot_VRoot_VRoot	RelConc6_VRoot_NeutExt_VerbTerm_RelSuf	SC6_VRoot_NeutExt_VerbTerm_RelSuf
ku_funek_a	BPre15_VRoot_VerbTerm	NStem_NStem_NStem	BPre15_VRoot_VerbTerm	BPre15_VRoot_VerbTerm
a_z_is_w_e	RelConc6_VRoot_CausExt_PassExt_VerbTerm	NStem_NStem_NStem_NStem_NStem	RelConc6_VRoot_CausExt_PassExt_VerbTerm	SC6_VRoot_CausExt_PassExt_VerbTerm
nge_n_kqubo	AdvPre_NPrePre9_BPre9_NStem	NStem_NStem_NStem	AdvPre_NPrePre9_BPre9_NStem	AdvPre_NPre9_NStem
.	Punc	PUNC	Punc	PUNC
U_bu_lunga	NPrePre14_BPre14_NStem	NStem_NStem_NStem	NPrePre14_BPre14_NStem	NPrePre1_BPre14_NStem
be_m_fundo	PossConc14_NPrePre9_BPre9_NStem	NStem_NStem_NStem	PossConc14_NPrePre9_BPre9_NStem	PossConc2_BPre3_NStem
ku_ninzi	LocPre_AdjStem	NStem_NStem	LocPre_AdjStem	LocPre_NStem
lwa_ba_ntw_ana	PossConc11_NPrePre2_BPre2_NStem_DimSuf	VRoot_VRoot_VRoot_VRoot	PossConc11_NPrePre2_BPre2_NStem_DimSuf	PossConc11_BPre2_VRoot_DimSuf
aba_mnyama	RelConc2_RelStem	NStem_NStem	RelConc2_RelStem	RelConc2_RelStem
bu_phantsi	CopPre_Adv	NStem_NStem	CopPre_Adv	BPre14_NStem
.	Punc	PUNC	Punc	PUNC
Oku	Dem15_Pos1	PUNC	Dem15_Pos1	CDEM15
kwa_lel_a	SC15_VRoot_ApplExt_VerbTerm	NStem_NStem_NStem	SC15_VRoot_ApplExt_VerbTerm	SC15_VRoot_VerbTerm
aba_fundi	NPrePre2_BPre2_NStem	PUNC_PUNC	NPrePre2_BPre2_NStem	RelConc2_NStem
aba_ninzi	AdjPref2_AdjStem	NStem_NStem	AdjPref2_AdjStem	AdjPref2_NStem
u_ku_fikelel_a	NPrePre15_BPre15_VRoot_VerbTerm	NStem_VRoot_VRoot_VRoot	NPrePre15_BPre15_VRoot_VerbTerm	SC2ps_OC15_VRoot_VerbTerm
kw_i_n_gqesho	LocPre_NPrePre9_BPre9_NStem	VRoot_VRoot_VRoot_VRoot	LocPre_NPrePre9_BPre9_NStem	PossConc15_NPrePre9_BPre9_NStem
.	Punc	PUNC	Punc	PUNC
Ku_kwa_nciph_is_a	SC15_AdvPre_VRoot_CausExt_VerbTerm	VRoot_VRoot_VRoot_VRoot_VRoot	SC15_AdvPre_VRoot_CausExt_VerbTerm	BPre15_BPre15_VRoot_CausExt_VerbTerm
u_bu_na_kho	NPrePre14_BPre14_CopPre_Adv	NStem_NStem_NStem_NStem	NPrePre14_BPre14_CopPre_Adv	SC2ps_BPre14_AdvPre_PronStem2
be_mi_vuzo	PossConc14_NPrePre4_BPre4_NStem	NStem_NStem_NStem	PossConc14_NPrePre4_BPre4_NStem	PossConc2_BPre4_NStem
no_ku_hamb_a	AdvPre_NPrePre15_BPre15_VRoot_VerbTerm	NStem_NStem_NStem_NStem	AdvPre_NPrePre15_BPre15_VRoot_VerbTerm	AdvPre_OC15_VRoot_VerbTerm
kw_e_ze_m_fundo	PossConc15_RelConc9_PossConc8_NPrePre10_BPre10_NStem	VRoot_VRoot_VRoot_VRoot_VRoot	PossConc15_RelConc9_PossConc8_NPrePre10_BPre10_NStem	PossConc15_LocPre_PossConc9_BPre3_NStem
kwa_bo	PossConc15_PronStem2	PUNC_PUNC	PossConc15_PronStem2	PossConc15_PronStem2
ba_ye	SC2_AuxVStem	PUNC_PUNC	SC2_AuxVStem	BPre2_NStem
ba_wu_fuman_e	SC2_OC3_VRoot_VerbTerm	VRoot_VRoot_NStem_NStem	SC2_OC3_VRoot_VerbTerm	SC2_OC3_VRoot_VerbTerm
u_m_sebenzi	NPrePre3_BPre3_NStem	NStem_NStem_NStem	NPrePre3_BPre3_NStem	NPrePre1_BPre1_NStem
_	Punc		Punc	
ze	Conj	PUNC	Conj	BPre5
ku_nyin_e	SC15_VRoot_VerbTerm	NStem_NStem_NStem	SC15_VRoot_VerbTerm	SC15_VRoot_VerbTerm
u_bu_na_kho	NPrePre14_BPre14_CopPre_Adv	NStem_NStem_NStem_NStem	NPrePre14_BPre14_CopPre_Adv	NPrePre1a_BPre14_AdvPre_PronStem2
ba_ma_ndla	PossConc2_NPrePre6_BPre6_NStem	NStem_NStem_NStem	PossConc2_NPrePre6_BPre6_NStem	PossConc2_BPre6_NStem
ba_ma_shishini	PossConc2_NPrePre6_BPre6_NStem	NStem_NStem_NStem	PossConc2_NPrePre6_BPre6_NStem	PossConc2_BPre6_NStem
o_Mzantsi	PossConc6_NPrePre3_ProperName	NStem_NStem	PossConc6_NPrePre3_ProperName	LocPre_ProperName
Afrika	ProperName	PUNC	ProperName	ProperName
.	Punc	PUNC	Punc	PUNC
I_shedyuli	NPrePre9_NStem	NStem_NStem	NPrePre9_NStem	NPre9_NStem
ye_zi_bonelelo	PossConc9_NPrePre8_BPre8_NStem	NStem_NStem_NStem	PossConc9_NPrePre8_BPre8_NStem	PossConc9_BPre7_NStem
i_ya	SC9_AuxVStem	PUNC_PUNC	SC9_AuxVStem	NPrePre4_NStem
ku_qulath_a	SC15_VRoot_VerbTerm	VRoot_NStem_VRoot	SC15_VRoot_VerbTerm	BPre15_VRoot_VerbTerm
i_mi_sebenzi	NPrePre4_BPre4_NStem	NStem_NStem_NStem	NPrePre4_BPre4_NStem	NPrePre4_BPre4_NStem
e_bi_th_e	RelConc4_Past_VRoot_VerbTerm	NStem_NStem_NStem_NStem	RelConc4_Past_VRoot_VerbTerm	PossConc6_SC2_VRoot_VerbTerm
ya_qulunq_w_a	SC4_Past_VRoot_PassExt_VerbTerm	VRoot_VRoot_VRoot_VRoot	SC4_Past_VRoot_PassExt_VerbTerm	SC9_VRoot_PassExt_VerbTerm
kw_i_shedyuli	LocPre_NPrePre9_NStem	NStem_NStem_NStem	LocPre_NPrePre9_NStem	PossConc15_NPrePre4_NStem
ye_mi_sebenzi	PossConc4_NPrePre4_BPre4_NStem	NStem_NStem_NStem	PossConc4_NPrePre4_BPre4_NStem	PossConc9_BPre4_NStem
,	Punc	PUNC	Punc	PUNC
kwaye	Conj	PUNC	Conj	Adv
ke	Conj	PUNC	Conj	Adv
le	Dem4_Pos1	Adv	Dem4_Pos1	PossConc5
mi_sebenzi	BPre4_NStem	NStem_PUNC	BPre4_NStem	BPre4_NStem
ku_funek_a	SC15_VRoot_VerbTerm	NStem_NStem_NStem	SC15_VRoot_VerbTerm	BPre15_VRoot_VerbTerm
i_dwel_is_w_e	SC4_VRoot_CausExt_PassExt_VerbTerm	VRoot_VRoot_VRoot_VRoot_VRoot	SC4_VRoot_CausExt_PassExt_VerbTerm	SC4_VRoot_CausExt_PassExt_VerbTerm
kwa_khona	AdvPre_Adv	NStem_NStem	AdvPre_Adv	PossConc15_Adv
kw_a_kunye	AdvPre_Conj	NStem_NStem_NStem	AdvPre_Conj	BPre15_VerbTerm_Adv
na_zo	AdvPre_PronStem10	PUNC_PUNC	AdvPre_PronStem10	AdvPre_PronStem9
zo_nke	QuantConc10_QuantStem	NStem_NStem	QuantConc10_QuantStem	QuantConc2a_VRoot
i_im_funo	NPrePre10_BPre10_NStem	NStem_NStem_NStem	NPrePre10_BPre10_NStem	NPrePre4_BPre4_NStem
ne_e_n_dleko	AdvPre_NPrePre10_BPre10_NStem	NStem_NStem_NStem_NStem	AdvPre_NPrePre10_BPre10_NStem	AdvPre_PossConc9_BPre9_NStem
e_hamb_a	RelConc4_VRoot_VerbTerm	NStem_NStem_NStem	RelConc4_VRoot_VerbTerm	SC6_VRoot_VerbTerm
na_zo	AdvPre_PronStem10	PUNC_PUNC	AdvPre_PronStem10	AdvPre_PronStem9
nge_e_n_jongo	AdvPre_NPrePre10_BPre10_NStem	NStem_NStem_NStem_NStem	AdvPre_NPrePre10_BPre10_NStem	AdvPre_LocPre_BPre9_NStem
zo_ku_qinisek_is_a	PossConc10_NPrePre15_SC15_VRoot_CausExt_VerbTerm	VRoot_VRoot_VRoot_VRoot_VRoot	PossConc10_NPrePre15_SC15_VRoot_CausExt_VerbTerm	AdvPre_BPre15_VRoot_CausExt_VerbTerm
u_ku_fezek_is_w_a	NPrePre15_SC15_VRoot_CausExt_PassExt_VerbTerm	VRoot_VRoot_VRoot_VRoot_VRoot_VRoot	NPrePre15_SC15_VRoot_CausExt_PassExt_VerbTerm	SC3_OC15_VRoot_CausExt_PassExt_VerbTerm
kwa_yo	PossConc15_PronStem4	PUNC_PUNC	PossConc15_PronStem4	PossConc15_PronStem4
.	Punc	PUNC	Punc	PUNC
