morphemes	target_surface_gold	prediction_surface_gold	target_surface_pred	prediction_surface_pred
Zi_ningi	AdjPref10_AdjStem	BPre8_AdjStem	AdjPref10_AdjStem	BPre8_AdjStem
i_zin_hlobo	NPrePre10_BPre10_NStem	NPrePre10_BPre10_NStem	NPrePre10_BPre10_NStem	NPrePre10_BPre10_NStem
ez_ehluk_en_e	RelConc10_VRoot_RecipExt_Perf_VerbTerm	RelConc10_VRoot_RecipExt_VerbTerm	RelConc10_VRoot_RecipExt_Perf_VerbTerm	RelConc10_VRoot_RecipExt_VerbTerm
zo_ku_phath_w_a	PossConc10_BPre15_VRoot_PassExt_VerbTerm	PossConc10_BPre15_VRoot_PassExt_VerbTerm	PossConc10_BPre15_VRoot_PassExt_VerbTerm	PossConc10_BPre15_VRoot_PassExt_VerbTerm
kwe_phrojekthi	PossConc15_NPrePre5_NStem	PossConc15_NStem	PossConc15_NPrePre5_NStem	PossConc15_NStem
ezi_setshenz_is_w_a	RelConc8_VRoot_CausExt_PassExt_VerbTerm	RelConc8_VRoot_CausExt_PassExt_VerbTerm	RelConc8_VRoot_CausExt_PassExt_VerbTerm	RelConc10_VRoot_CausExt_PassExt_VerbTerm
e_m_khakhe_ni	LocPre_NPrePre3_BPre3_NStem_LocSuf	LocPre_BPre3_NStem_LocSuf	LocPre_NPrePre3_BPre3_NStem_LocSuf	LocPre_BPre3_NStem_LocSuf
we_ze_ntuthuko	PossConc1_PossConc8_BPre9_NStem	PossConc3_PossConc10_NStem	PossConc1_PossConc8_BPre9_NStem	PossConc3_PossConc10_NStem
.	Punc	PUNC	Punc	PUNC
Lezi	Dem10_Pos1	CDEM10	Dem10_Pos1	CDEM10
zi_vam_a	SC8_Intrans_VerbTerm	SC8_VRoot_VerbTerm	SC8_Intrans_VerbTerm	SC8_VRoot_VerbTerm
u_kw_ehluk_a	NPrePre15_BPre15_VRoot_VerbTerm	NPrePre15_BPre15_VRoot_VerbTerm	NPrePre15_BPre15_VRoot_VerbTerm	NPrePre15_BPre15_VRoot_VerbTerm
kwe_zi_nye	PossConc15_AdjPref8_AdjStem	PossConc15_AdjPref10_AdjStem	PossConc15_AdjPref8_AdjStem	PossConc15_BPre8_AdjStem
i_zin_dlel_a	NPrePre10_BPre10_NStem	NPrePre10_BPre10_VRoot_VerbTerm	NPrePre10_BPre10_NStem	NPrePre10_BPre10_VRoot_VerbTerm
ezi_setshenz_is_w_a	RelConc8_VRoot_CausExt_PassExt_VerbTerm	RelConc10_VRoot_CausExt_PassExt_VerbTerm	RelConc8_VRoot_CausExt_PassExt_VerbTerm	RelConc10_VRoot_CausExt_PassExt_VerbTerm
e_m_khakhe_ni	LocPre_NPrePre3_BPre3_NStem_LocSuf	LocPre_BPre3_NStem_LocSuf	LocPre_NPrePre3_BPre3_NStem_LocSuf	LocPre_BPre3_NStem_LocSuf
o_hlangen_e	BPre2a_NStem	RelConc3_VRoot_VerbTerm	BPre2a_NStem	RelConc3_VRoot_VerbTerm
.	Punc	PUNC	Punc	PUNC
Ku_m_qondosizinda	BPre17_NStem	LocPre_BPre3_NStem	BPre17_NStem	LocPre_BPre3_NStem
(	Punc	PUNC	Punc	PUNC
conte_xt	Foreign	NStem_Abbr	Foreign	VRoot_VRoot
)	Punc	PUNC	Punc	PUNC
wa_s_e_Ningizimu	PossConc3_PreLoc-s_LocPre_NPrePre5_BPre5_ProperName	PossConc3_PreLocs_LocPre_ProperName	PossConc3_PreLoc-s_LocPre_NPrePre5_BPre5_ProperName	PossConc3_PreLocs_LocPre_ProperName
Afrika	ProperName	ProperName	ProperName	ProperName
a_yi_kho	NegPre_CopPre_Adv	NegPre_CopPre_Adv	NegPre_CopPre_Adv	NegPre_CopPre_Adv
i_n_dlel_a	NPrePre9_BPre9_NStem	NPrePre9_BPre9_VRoot_VerbTerm	NPrePre9_BPre9_NStem	NPrePre9_BPre9_VRoot_VerbTerm
e_yo_dwa	RelConc9_QuantConc9_QuantStem	RelConc9_QuantConc9_QuantStem	RelConc9_QuantConc9_QuantStem	RelConc9_QuantConc9_QuantStem
e_gunyaz_iw_e	RelConc9_VRoot_PassExt_VerbTerm	RelConc9_VRoot_PassExt_VerbTerm	RelConc9_VRoot_PassExt_VerbTerm	RelConc9_VRoot_PassExt_VerbTerm
yo_m_khakha	PossConc9_NPrePre3_BPre3_NStem	PossConc4_BPre3_NStem	PossConc9_NPrePre3_BPre3_NStem	PossConc4_BPre3_NStem
wo_m_phakathi	PossConc3_NPrePre3_BPre3_NStem	PossConc3_BPre3_NStem	PossConc3_NPrePre3_BPre3_NStem	PossConc3_BPre3_NStem
futh_i	Conj	VRoot_VerbTerm	Conj	VRoot_VerbTerm
ku_yo_hlal_a	SC15_Fut_VRoot_VerbTerm	SC15_Fut_VRoot_VerbTerm	SC15_Fut_VRoot_VerbTerm	SC15_Fut_VRoot_VerbTerm
ku_no_mehluko	LocPre_AdvPre_NStem	BPre17_AdvPre_NStem	LocPre_AdvPre_NStem	BPre17_AdvPre_NStem
phakathi	Adv	Adv	Adv	Adv
kwe_zin_dlel_a	PossConc15_NPrePre10_BPre10_NStem	PossConc15_BPre10_Intrans_VerbTerm	PossConc15_NPrePre10_BPre10_NStem	PossConc15_BPre10_Intrans_VerbTerm
ezi_setshenz_is_w_a	RelConc8_VRoot_CausExt_PassExt_VerbTerm	RelConc10_VRoot_CausExt_PassExt_VerbTerm	RelConc8_VRoot_CausExt_PassExt_VerbTerm	RelConc10_VRoot_CausExt_PassExt_VerbTerm
e_mi_nyangw_eni	LocPre_BPre4_NStem_LocSuf	LocPre_BPre4_NStem_LocSuf	LocPre_BPre4_NStem_LocSuf	LocPre_BPre4_NStem_LocSuf
e_ye_hluk_en_e	RelConc4_OC4_VRoot_RecipExt_Perf_VerbTerm	RelConc4_CopPre_VRoot_RecipExt_VerbTerm	RelConc4_OC4_VRoot_RecipExt_Perf_VerbTerm	RelConc4_CopPre_VRoot_RecipExt_VerbTerm
ka_hulumeni	PossKA_NPrePre1a_NStem	PossKA_NStem	PossKA_NPrePre1a_NStem	PossKA_NStem
.	Punc	PUNC	Punc	PUNC
A_ma_lungu	NPrePre6_BPre6_NStem	NPrePre6_BPre6_NStem	NPrePre6_BPre6_NStem	NPrePre6_BPre6_NStem
e_Komidi	LocPre_NStem	LocPre_NStem	LocPre_NStem	LocPre_NStem
Le_sigceme	Dem9_Pos1_NStem	PossConc5_NStem	Dem9_Pos1_NStem	PossConc5_NStem
ku_mel_e	SC15_VRoot_VerbTerm	SC15_VRoot_VerbTerm	SC15_VRoot_VerbTerm	SC15_VRoot_VerbTerm
a_z_i	SC6_VRoot_VerbTerm	SC1_VRoot_VerbTerm	SC6_VRoot_VerbTerm	SC1_VRoot_VerbTerm
ngo_Ku_phath_w_a	AdvPre_NPrePre15_BPre15_VRoot_PassExt_VerbTerm	AdvPre_BPre15_VRoot_PassExt_VerbTerm	AdvPre_NPrePre15_BPre15_VRoot_PassExt_VerbTerm	AdvPre_BPre15_VRoot_PassExt_VerbTerm
K_om_jikelezo	PossConc15_NPrePre3_NStem	PossConc15_BPre3_NStem	PossConc15_NPrePre3_NStem	PossConc15_BPre3_NStem
We_phrojekthi	PossConc1_NPrePre5_NStem	PossConc3_NStem	PossConc1_NPrePre5_NStem	PossConc3_NStem
(	Punc	PUNC	Punc	PUNC
Project	Foreign	Foreign	Foreign	Foreign
Cycl_e	Foreign	VRoot_VerbTerm	Foreign	VRoot_VerbTerm
Mana_ge_ment	Foreign	ProperName_AdvPre_NStem	Foreign	AdvPre_AdvPre_NStem
(	Punc	PUNC	Punc	PUNC
PC_M	Abbr	Abbr_BPre3	Abbr	Abbr_Abbr
)	Punc	PUNC	Punc	PUNC
njengoba	Conj	Conj	Conj	Conj
ku_y_i_n_dlel_a	LocPre_CopPre_NPrePre9_BPre9_NStem	SC15_CopPre_NPrePre9_BPre9_VRoot_VerbTerm	LocPre_CopPre_NPrePre9_BPre9_NStem	BPre15_CopPre_NPrePre9_BPre9_VRoot_VerbTerm
e_vam_a	RelConc9_Intrans_VerbTerm	RelConc9_VRoot_VerbTerm	RelConc9_Intrans_VerbTerm	RelConc9_VRoot_VerbTerm
u_ku_setshenz_is_w_a	NPrePre15_BPre15_VRoot_CausExt_PassExt_VerbTerm	NPrePre15_BPre15_VRoot_CausExt_PassExt_VerbTerm	NPrePre15_BPre15_VRoot_CausExt_PassExt_VerbTerm	NPrePre15_BPre15_VRoot_CausExt_PassExt_VerbTerm
ka_khulu	AdvPre_AdjStem	AdvPre_AdjStem	AdvPre_AdjStem	AdvPre_AdjStem
.	Punc	PUNC	Punc	PUNC
U_kw_ehlukan_is_w_a	SC15_BPre15_VRoot_CausExt_PassExt_VerbTerm	NPrePre15_BPre15_VRoot_CausExt_PassExt_VerbTerm	SC15_BPre15_VRoot_CausExt_PassExt_VerbTerm	SC15_BPre15_VRoot_CausExt_PassExt_VerbTerm
no_ku_biz_w_a	AdvPre_BPre15_VRoot_PassExt_VerbTerm	AdvPre_BPre15_VRoot_PassExt_VerbTerm	AdvPre_BPre15_VRoot_PassExt_VerbTerm	AdvPre_BPre15_VRoot_PassExt_VerbTerm
nga_ma_gama	AdvPre_NPrePre6_BPre6_NStem	AdvPre_BPre6_NStem	AdvPre_NPrePre6_BPre6_NStem	AdvPre_BPre6_NStem
kwe_zi_gaba	PossConc15_NPrePre8_BPre8_NStem	PossConc15_BPre8_NStem	PossConc15_NPrePre8_BPre8_NStem	PossConc15_BPre8_NStem
noma	Conj	Conj	Conj	Conj
i_mi_khakha	NPrePre4_BPre4_NStem	NPrePre4_BPre4_NStem	NPrePre4_BPre4_NStem	NPrePre4_BPre4_NStem
yo_m_jikelezo	PossConc9_BPre3_NStem	PossConc9_BPre3_NStem	PossConc9_BPre3_NStem	PossConc9_BPre3_NStem
we_phrojekthi	PossConc1_NPrePre5_NStem	PossConc3_NStem	PossConc1_NPrePre5_NStem	PossConc3_NStem
ku_nga_hluk_a	BPre15_AdvPre_VRoot_VerbTerm	SC15_Pot_VRoot_VerbTerm	BPre15_AdvPre_VRoot_VerbTerm	SC15_Pot_VRoot_VerbTerm
ku_ye	LocPre_PronStem1	LocPre_PronStem1	LocPre_PronStem1	LocPre_PronStem1
ngo_kwe_n_hlangano	AdvPre_NPrePre15_PossConc9_BPre9_NStem	AdvPre_PossConc15_BPre9_NStem	AdvPre_NPrePre15_PossConc9_BPre9_NStem	AdvPre_PossConc15_BPre9_NStem
noma	Conj	Conj	Conj	Conj
u_m_nyango	NPrePre3_BPre3_NStem	NPrePre3_BPre3_NStem	NPrePre3_BPre3_NStem	NPrePre3_BPre3_NStem
ka_hulumeni	PossKA_NPrePre1a_NStem	PossKA_NStem	PossKA_NPrePre1a_NStem	PossKA_NStem
o_yi_khokhel_a_yo	RelConc3_CopPre_NStem_RelSuf	RelConc1_OC9_VRoot_VerbTerm_RelSuf	RelConc3_CopPre_NStem_RelSuf	RelConc1_OC9_VRoot_VerbTerm_RelSuf
.	Punc	PUNC	Punc	PUNC
Ku_ngabe	Conj	BPre15_NStem	Conj	BPre17_Conj
aba_ntu	NPrePre2_BPre2_NStem	RelConc2_NStem	NPrePre2_BPre2_NStem	RelConc2_NStem
be_si_fazane	PossConc2_NPrePre7_BPre7_NStem	PossConc2_BPre7_NStem	PossConc2_NPrePre7_BPre7_NStem	PossConc2_BPre7_NStem
ba_bhek_an_a	SC2_VRoot_RecipExt_VerbTerm	SC2_VRoot_RecipExt_VerbTerm	SC2_VRoot_RecipExt_VerbTerm	SC2_VRoot_RecipExt_VerbTerm
ne_zin_gqinamb_a	AdvPre_NPrePre10_BPre10_NStem	AdvPre_BPre10_Intrans_VerbTerm	AdvPre_NPrePre10_BPre10_NStem	AdvPre_BPre10_Intrans_VerbTerm
ezi_thile	RelConc10_RelStem	RelConc10_RelStem	RelConc10_RelStem	RelConc10_RelStem
noma	Conj	Conj	Conj	Conj
i_zi_vimbo	NPrePre8_BPre8_NStem	NPrePre8_BPre8_NStem	NPrePre8_BPre8_NStem	NPrePre8_BPre8_NStem
e_ku_zi_bandakany_eni	RelConc8_BPre15_ReflPre_VRoot_VerbTerm_LocSuf	LocPre_BPre15_ReflPre_NStem_LocSuf	RelConc8_BPre15_ReflPre_VRoot_VerbTerm_LocSuf	LocPre_BPre15_ReflPre_NStem_LocSuf
e_mi_sebenz_ini	LocPre_NPrePre4_BPre4_NStem_LocSuf	LocPre_BPre4_NStem_LocSuf	LocPre_NPrePre4_BPre4_NStem_LocSuf	LocPre_BPre4_NStem_LocSuf
yo_hlelo	PossConc4_NPrePre11_NStem	PossConc9_NStem	PossConc4_NPrePre11_NStem	PossConc9_NStem
?	Punc	PUNC	Punc	PUNC
A_be_si_lis_a	NPrePre2_BPre2_BPre7_NStem	NegPre_SC2_Pro_VRoot_VerbTerm	NPrePre2_BPre2_BPre7_NStem	NPrePre2_BPre2_SC1pp_VRoot_VerbTerm
bo_na	PronStem2_PronSuf	PronStem2_PronSuf	PronStem2_PronSuf	PronStem2_PronSuf
?	Punc	PUNC	Punc	PUNC
Uma	Conj	Conj	Conj	Conj
ku_njalo	SC15_Adv	SC15_Adv	SC15_Adv	SC15_Adv
,	Punc	PUNC	Punc	PUNC
hlobo	NStem	NStem	NStem	NStem
lu_ni	BPre11_Interrog	BPre11_Interrog	BPre11_Interrog	BPre11_Interrog
?	Punc	PUNC	Punc	PUNC
I__B_atho	NPrePre9_ProperName	NPrePre5_BPre2_NStem	NPrePre9_ProperName	NPrePre9_BPre14_NStem
Pele	ProperName	ProperName	ProperName	ProperName
i_dinga	SC9_VRoot_VerbTerm	NPrePre5_NStem	SC9_VRoot_VerbTerm	NPrePre5_NStem
u_kuth_i	Conj	NPrePre15_VRoot_VerbTerm	Conj	NPrePre15_VRoot_VerbTerm
'	Punc	PUNC	Punc	PUNC
u_mu_ntu	NPrePre1_BPre1_NStem	NPrePre1_BPre1_NStem	NPrePre1_BPre1_NStem	NPrePre1_BPre1_NStem
nga_mu_nye	AdvPre_BPre1_EnumStem	AdvPre_BPre4_EnumStem	AdvPre_BPre1_EnumStem	AdvPre_BPre4_EnumStem
o_sebenz_a	RelConc1_VRoot_VerbTerm	RelConc2_VRoot_VerbTerm	RelConc1_VRoot_VerbTerm	RelConc3_Intrans_VerbTerm
e_mnyangw_eni	LocPre_BPre3_NStem_LocSuf	LocPre_NStem_LocSuf	LocPre_BPre3_NStem_LocSuf	LocPre_NStem_LocSuf
ka_Hulumeni	PossKA_NPrePre1a_NStem	PossKA_NStem	PossKA_NPrePre1a_NStem	PossKA_NStem
ku_mel_e	SC15_VRoot_VerbTerm	SC15_VRoot_VerbTerm	SC15_VRoot_VerbTerm	SC15_VRoot_VerbTerm
a_zi_qhenye	SC1_ReflPre_VRoot_VerbTerm	NegPre_BPre8_NStem	SC1_ReflPre_VRoot_VerbTerm	RelConc6_BPre8_NStem
u_kuth_i	Conj	NPrePre15_VRoot_VerbTerm	Conj	NPrePre15_VRoot_VerbTerm
u_y_i_si_sebenzi	BPre1_CopPre_NPrePre7_BPre7_NStem	BPre1a_CopPre_NPrePre7_BPre7_NStem	BPre1_CopPre_NPrePre7_BPre7_NStem	RelConc3_CopPre_NPrePre7_BPre7_NStem
sa_ba_ntu	PossConc7_BPre2_NStem	PossConc7_BPre2_NStem	PossConc7_BPre2_NStem	PossConc7_BPre2_NStem
'	Punc	PUNC	Punc	PUNC
futh_i	Conj	VRoot_VerbTerm	Conj	VRoot_VerbTerm
i_zi_miso	NPrePre8_BPre8_NStem	NPrePre8_BPre8_NStem	NPrePre8_BPre8_NStem	NPrePre8_BPre8_NStem
ezi_y_i_si_shiyagalombili	RelConc10_CopPre_NPrePre7_BPre7_NStem	RelConc8_CopPre_NPrePre7_BPre7_NStem	RelConc10_CopPre_NPrePre7_BPre7_NStem	RelConc10_CopPre_NPrePre7_BPre7_NStem
ezi_s_e_m_thethw_eni	RelConc8_PreLoc-s_LocPre_BPre3_NStem_LocSuf	RelConc8_PreLocs_LocPre_BPre3_NStem_LocSuf	RelConc8_PreLoc-s_LocPre_BPre3_NStem_LocSuf	RelConc8_PreLocs_LocPre_BPre3_NStem_LocSuf
za_kh_a	SC8_VRoot_VerbTerm	SC8_VRoot_VerbTerm	SC8_VRoot_VerbTerm	SC10_VRoot_VerbTerm
i_si_sekelo	NPrePre7_BPre7_NStem	NPrePre7_BPre7_NStem	NPrePre7_BPre7_NStem	NPrePre7_BPre7_NStem
oku_yi_so_na	RelConc15_CopPre_PronStem7_PronSuf	RelConc15_CopPre_PronStem7_PronSuf	RelConc15_CopPre_PronStem7_PronSuf	RelConc15_CopPre_PronStem7_PronSuf
esi_yi_nkaba	RelConc7_CopPre_NPrePre9_NStem	RelConc7_CopPre_NStem	RelConc7_CopPre_NPrePre9_NStem	RelConc7_CopPre_NStem
yo_kw_enz_ek_a_yo	PossConc9_NPrePre15_BPre15_VRoot_NeutExt_VerbTerm_RelSuf	PossConc9_BPre15_VRoot_NeutExt_VerbTerm_RelSuf	PossConc9_NPrePre15_BPre15_VRoot_NeutExt_VerbTerm_RelSuf	PossConc9_BPre15_VRoot_NeutExt_VerbTerm_RelSuf
kwa_nge_mpela	SC15_AdvPre_Adv	PossConc15_AdvPre_Adv	SC15_AdvPre_Adv	PossConc15_AdvPre_Adv
ko_ku_thuthuk_is_a	PossConc15_NPrePre15_BPre15_VRoot_CausExt_VerbTerm	PossConc15_BPre15_VRoot_CausExt_VerbTerm	PossConc15_NPrePre15_BPre15_VRoot_CausExt_VerbTerm	PossConc15_BPre15_VRoot_CausExt_VerbTerm
u_hulumeni	NPrePre1a_NStem	NPrePre1a_NStem	NPrePre1a_NStem	NPrePre1a_NStem
we_n_dawo	PossConc3_BPre9_NStem	PossConc3_BPre9_NStem	PossConc3_BPre9_NStem	PossConc3_BPre9_NStem
ngo_ku_phathelen_e	AdvPre_NPrePre15_BPre15_VRoot_Perf_VerbTerm	AdvPre_BPre15_Intrans_VerbTerm	AdvPre_NPrePre15_BPre15_VRoot_Perf_VerbTerm	AdvPre_BPre15_Intrans_VerbTerm
ne_zi_dingo	AdvPre_NPrePre8_BPre8_NStem	AdvPre_BPre8_NStem	AdvPre_NPrePre8_BPre8_NStem	AdvPre_BPre8_NStem
zo_m_phakathi	PossConc8_NPrePre3_BPre3_Adv	PossConc10_BPre3_NStem	PossConc8_NPrePre3_BPre3_Adv	PossConc10_BPre3_NStem
we_n_dawo	PossConc3_BPre9_NStem	PossConc3_BPre9_NStem	PossConc3_BPre9_NStem	PossConc3_BPre9_NStem
ku_nga_qal_a	SC15_Pot_VRoot_VerbTerm	SC15_Pot_VRoot_VerbTerm	SC15_Pot_VRoot_VerbTerm	SC15_Pot_VRoot_VerbTerm
u_kw_enz_ek_a	NPrePre15_BPre15_VRoot_NeutExt_VerbTerm	NPrePre15_BPre15_VRoot_NeutExt_VerbTerm	NPrePre15_BPre15_VRoot_NeutExt_VerbTerm	NPrePre15_BPre15_VRoot_NeutExt_VerbTerm
.	Punc	PUNC	Punc	PUNC
Ye_thul_a	CopPre_VRoot_VerbTerm	PossConc4_VRoot_VerbTerm	CopPre_VRoot_VerbTerm	PossConc9_VRoot_VerbTerm
i_zi_gaba	NPrePre8_BPre8_NStem	NPrePre8_BPre8_NStem	NPrePre8_BPre8_NStem	NPrePre8_BPre8_NStem
ze_N_kombandlel_a	PossConc8_NPrePre9_BPre9_NStem	PossConc8_BPre9_Intrans_VerbTerm	PossConc8_NPrePre9_BPre9_NStem	PossConc8_BPre9_Intrans_VerbTerm
ngo_ku_sebenz_is_a	AdvPre_SC15_VRoot_CausExt_VerbTerm	AdvPre_BPre15_VRoot_CausExt_VerbTerm	AdvPre_SC15_VRoot_CausExt_VerbTerm	AdvPre_BPre15_VRoot_CausExt_VerbTerm
u_m_shini	NPrePre3_BPre3_NStem	NPrePre3_BPre3_NStem	NPrePre3_BPre3_NStem	NPrePre3_BPre3_NStem
i__da_ta	NPrePre9_NStem	SC9_AuxVStem_NStem	NPrePre9_NStem	BPre9_NStem_NStem
projector	Foreign	NStem	Foreign	NStem
,	Punc	PUNC	Punc	PUNC
noma	Conj	Conj	Conj	Conj
i__o_verhead	NPrePre9_Foreign	NPrePre5_NPrePre2a_NStem	NPrePre9_Foreign	NPrePre9_NPrePre2a_NStem
projector	Foreign	NStem	Foreign	NStem
.	Punc	PUNC	Punc	PUNC
Uma	Conj	Conj	Conj	Conj
u_ngen_a_yo	BPre1_NegPre_AdvPre_PronStem9	SC1_VRoot_VerbTerm_RelSuf	BPre1_NegPre_AdvPre_PronStem9	SC3_VRoot_VerbTerm_RelSuf
le	Dem9_Pos1	CDEM09	Dem9_Pos1	CDEM09
mi_shini	BPre4_NStem	BPre4_NStem	BPre4_NStem	BPre4_NStem
aba_bamb_e	RelConc2_VRoot_VerbTerm	RelConc2_VRoot_VerbTerm	RelConc2_VRoot_VerbTerm	RelConc2_VRoot_VerbTerm
i_qhaz_a	NPrePre5_BPre5_NStem	SC9_VRoot_VerbTerm	NPrePre5_BPre5_NStem	SC9_VRoot_VerbTerm
ba_nga_sebenz_is_a	SC2_Pot_VRoot_CausExt_VerbTerm	SC2_Pot_VRoot_CausExt_VerbTerm	SC2_Pot_VRoot_CausExt_VerbTerm	SC2_Pot_VRoot_CausExt_VerbTerm
a_ma_nothi	NPrePre6_BPre6_NStem	NPrePre6_BPre6_NStem	NPrePre6_BPre6_NStem	NPrePre6_BPre6_NStem
a_bo	PossConc6_PronStem2	PossConc6_PronStem2	PossConc6_PronStem2	PossConc6_PronStem2
esi_fundo	RelConc7_NStem	RelConc7_NStem	RelConc7_NStem	RelConc7_NStem
,	Punc	PUNC	Punc	PUNC
a_s_e_khasi_ni	RelConc6_PreLoc-s_LocPre_NStem_LocSuf	RelConc6_PreLocs_LocPre_NStem_LocSuf	RelConc6_PreLoc-s_LocPre_NStem_LocSuf	RelConc6_PreLocs_LocPre_NStem_LocSuf
la_ma__52	PossConc5_NPrePre6_BPre6_Num	PossConc5_BPre6_Num	PossConc5_NPrePre6_BPre6_Num	PossConc5_BPre6_Num
,	Punc	PUNC	Punc	PUNC
u_ku_landel_a	NPrePre15_BPre15_VRoot_ApplExt_VerbTerm	NPrePre15_BPre15_VRoot_VerbTerm	NPrePre15_BPre15_VRoot_ApplExt_VerbTerm	NPrePre15_BPre15_VRoot_VerbTerm
i_n_cazelo	NPrePre9_BPre9_NStem	NPrePre9_BPre9_NStem	NPrePre9_BPre9_NStem	NPrePre9_BPre9_NStem
.	Punc	PUNC	Punc	PUNC
Sebenz_is_a	VRoot_CausExt_VerbTerm	VRoot_CausExt_VerbTerm	VRoot_CausExt_VerbTerm	VRoot_CausExt_VerbTerm
u_m_dwebo	NPrePre3_BPre3_NStem	NPrePre3_BPre3_NStem	NPrePre3_BPre3_NStem	NPrePre3_BPre3_NStem
u_ku_khomba	NPrePre15_BPre15_VRoot_VerbTerm	NPrePre15_BPre15_NStem	NPrePre15_BPre15_VRoot_VerbTerm	NPrePre15_BPre15_NStem
leso	Dem7_Pos2	CDEM07	Dem7_Pos2	CDEM07
na_leso	AdvPre_Dem7_Pos2	AdvPre_NStem	AdvPre_Dem7_Pos2	AdvPre_NStem
si_gaba	BPre7_NStem	BPre7_NStem	BPre7_NStem	BPre7_NStem
.	Punc	PUNC	Punc	PUNC
U_ku_xox_is_an_a	NPrePre15_BPre15_VRoot_CausExt_RecipExt_VerbTerm	NPrePre15_BPre15_VRoot_CausExt_RecipExt_VerbTerm	NPrePre15_BPre15_VRoot_CausExt_RecipExt_VerbTerm	NPrePre15_BPre15_VRoot_CausExt_RecipExt_VerbTerm
y_i_n_qubo	NPre9_NPrePre9_BPre9_NStem	CopPre_NPrePre9_BPre9_NStem	NPre9_NPrePre9_BPre9_NStem	CopPre_NPrePre9_BPre9_NStem
lapho	Conj	Conj	Conj	Conj
i_zin_hlangothi	NPrePre10_BPre10_NStem	NPrePre10_BPre10_NStem	NPrePre10_BPre10_NStem	NPrePre10_BPre10_NStem
ezi_fun_a	RelConc10_VRoot_VerbTerm	RelConc10_VRoot_VerbTerm	RelConc10_VRoot_VerbTerm	RelConc10_VRoot_VerbTerm
i_mi_phumel_a	NPrePre4_BPre4_NStem	NPrePre4_BPre4_VRoot_VerbTerm	NPrePre4_BPre4_NStem	NPrePre4_BPre4_VRoot_VerbTerm
e_ya_hluk_il_e	RelConc4_SC4_VRoot_Perf_VerbTerm	RelConc9_Pres_VRoot_Perf_VerbTerm	RelConc4_SC4_VRoot_Perf_VerbTerm	RelConc9_Pres_VRoot_Perf_VerbTerm
zi_fun_a	SC10_VRoot_VerbTerm	SC10_VRoot_VerbTerm	SC10_VRoot_VerbTerm	SC10_VRoot_VerbTerm
u_ku_finyelel_a	NPrePre15_BPre15_VRoot_VerbTerm	NPrePre15_BPre15_VRoot_VerbTerm	NPrePre15_BPre15_VRoot_VerbTerm	NPrePre15_BPre15_VRoot_VerbTerm
ku_m_phumel_a	LocPre_NPrePre3_BPre3_NStem	LocPre_BPre1_VRoot_VerbTerm	LocPre_NPrePre3_BPre3_NStem	LocPre_BPre3_VRoot_VerbTerm
oku_vunyelwan_a	RelConc15_VRoot_PassExt_RecipExt_VerbTerm	RelConc15_VRoot_VerbTerm	RelConc15_VRoot_PassExt_RecipExt_VerbTerm	RelConc15_VRoot_VerbTerm
nga_wo	AdvPre_PronStem6	AdvPre_PronStem6	AdvPre_PronStem6	AdvPre_PronStem6
futh_i	Conj	VRoot_VerbTerm	Conj	VRoot_VerbTerm
ku_lokhu	LocPre_Dem15_Pos1	SC15_NStem	LocPre_Dem15_Pos1	BPre17_NStem
zi_nga_bel_an_a	SC10_Pot_VRoot_ApplExt_RecipExt_VerbTerm	SC10_Pot_VRoot_RecipExt_VerbTerm	SC10_Pot_VRoot_ApplExt_RecipExt_VerbTerm	SC8_Pot_VRoot_RecipExt_VerbTerm
ngo_lw_az_i	AdvPre_BPre11_NStem	AdvPre_BPre11_VRoot_VerbTerm	AdvPre_BPre11_NStem	AdvPre_BPre11_VRoot_VerbTerm
,	Punc	PUNC	Punc	PUNC
u_ku_xazulul_a	NPrePre15_BPre15_VRoot_VerbTerm	NPrePre15_BPre15_VRoot_VerbTerm	NPrePre15_BPre15_VRoot_VerbTerm	NPrePre15_BPre15_VRoot_VerbTerm
i_n_kinga	NPrePre9_BPre9_NStem	NPrePre9_BPre9_NStem	NPrePre9_BPre9_NStem	NPrePre9_BPre9_NStem
,	Punc	PUNC	Punc	PUNC
u_ku_vumel_an_a	NPrePre15_BPre15_VRoot_ApplExt_RecipExt_VerbTerm	NPrePre15_BPre15_VRoot_RecipExt_VerbTerm	NPrePre15_BPre15_VRoot_ApplExt_RecipExt_VerbTerm	NPrePre15_BPre15_VRoot_RecipExt_VerbTerm
,	Punc	PUNC	Punc	PUNC
u_ku_hlangan_is_a	NPrePre15_BPre15_VRoot_CausExt_VerbTerm	NPrePre15_BPre15_VRoot_CausExt_VerbTerm	NPrePre15_BPre15_VRoot_CausExt_VerbTerm	NPrePre15_BPre15_VRoot_CausExt_VerbTerm
no_ku_shintshanisel_an_a	AdvPre_NPrePre15_BPre15_VRoot_ApplExt_RecipExt_VerbTerm	AdvPre_BPre15_VRoot_RecipExt_VerbTerm	AdvPre_NPrePre15_BPre15_VRoot_ApplExt_RecipExt_VerbTerm	AdvPre_BPre15_VRoot_RecipExt_VerbTerm
nge_zi_khundla	AdvPre_NPrePre8_BPre8_NStem	AdvPre_BPre8_NStem	AdvPre_NPrePre8_BPre8_NStem	AdvPre_BPre8_NStem
no_ku_fun_a	AdvPre_NPrePre15_BPre15_VRoot_VerbTerm	AdvPre_BPre15_VRoot_VerbTerm	AdvPre_NPrePre15_BPre15_VRoot_VerbTerm	AdvPre_BPre15_VRoot_VerbTerm
u_ku_hlangan_is_a	NPrePre15_BPre15_VRoot_CausExt_VerbTerm	NPrePre15_BPre15_VRoot_CausExt_VerbTerm	NPrePre15_BPre15_VRoot_CausExt_VerbTerm	NPrePre15_BPre15_VRoot_CausExt_VerbTerm
i_zi_mfuno	NPrePre10_BPre10_NStem	NPrePre8_BPre8_NStem	NPrePre10_BPre10_NStem	NPrePre10_BPre8_NStem
lapho	Conj	Conj	Conj	Conj
ku_ng_enz_ek_a	SC15_Pot_VRoot_NeutExt_VerbTerm	SC15_Pot_VRoot_NeutExt_VerbTerm	SC15_Pot_VRoot_NeutExt_VerbTerm	SC15_Pot_VRoot_NeutExt_VerbTerm
khona	AbsPron15	AbsPron15	AbsPron15	AbsPron15
.	Punc	PUNC	Punc	PUNC
U_kw_az_is_w_a	NPrePre15_BPre15_VRoot_CausExt_PassExt_VerbTerm	NPrePre15_BPre15_VRoot_CausExt_PassExt_VerbTerm	NPrePre15_BPre15_VRoot_CausExt_PassExt_VerbTerm	NPrePre15_BPre15_VRoot_CausExt_PassExt_VerbTerm
ngo_hlelo	AdvPre_NPrePre11_NStem	AdvPre_NStem	AdvPre_NPrePre11_NStem	AdvPre_NStem
_	Punc		Punc	
sebenz_is_a	VRoot_CausExt_VerbTerm	VRoot_CausExt_VerbTerm	VRoot_CausExt_VerbTerm	VRoot_CausExt_VerbTerm
i_zin_dlel_a	NPrePre10_BPre10_NStem	NPrePre10_BPre10_VRoot_VerbTerm	NPrePre10_BPre10_NStem	NPrePre10_BPre10_VRoot_VerbTerm
ez_ahlukehluk_en_e	RelConc10_VRoot_RecipExt_VerbTerm	RelConc8_VRoot_RecipExt_VerbTerm	RelConc10_VRoot_RecipExt_VerbTerm	RelConc10_VRoot_RecipExt_VerbTerm
u_kw_az_is_a	NPrePre15_BPre15_VRoot_CausExt_VerbTerm	NPrePre15_BPre15_VRoot_CausExt_VerbTerm	NPrePre15_BPre15_VRoot_CausExt_VerbTerm	NPrePre15_BPre15_VRoot_CausExt_VerbTerm
a_ma_komidi	NPrePre6_BPre6_NStem	NPrePre6_BPre6_NStem	NPrePre6_BPre6_NStem	NPrePre6_BPre6_NStem
ezi_gceme	RelConc8_NStem	RelConc8_NStem	RelConc8_NStem	RelConc8_NStem
,	Punc	PUNC	Punc	PUNC
i_mi_phakathi	NPrePre4_BPre4_Adv	NPrePre4_BPre4_NStem	NPrePre4_BPre4_Adv	NPrePre4_BPre4_NStem
,	Punc	PUNC	Punc	PUNC
u_bu_holi	NPrePre14_BPre14_NStem	NPrePre14_BPre14_NStem	NPrePre14_BPre14_NStem	NPrePre14_BPre14_NStem
be_ndabuko	PossConc2_NPrePre9_NStem	PossConc2_NStem	PossConc2_NPrePre9_NStem	PossConc2_NStem
na_ba_holi	AdvPre_NPrePre2_BPre2_NStem	AdvPre_BPre2_NStem	AdvPre_NPrePre2_BPre2_NStem	AdvPre_BPre2_NStem
aba_ne_mi_bono	RelConc2a_AdvPre_NPrePre4_BPre4_NStem	RelConc2_AdvPre_BPre4_NStem	RelConc2a_AdvPre_NPrePre4_BPre4_NStem	RelConc2_AdvPre_BPre4_NStem
yo_ku_th_i	PossConc4_Conj	PossConc9_BPre15_VRoot_VerbTerm	PossConc4_Conj	PossConc9_BPre15_VRoot_VerbTerm
i_n_qubo	NPrePre9_BPre9_NStem	NPrePre9_BPre9_NStem	NPrePre9_BPre9_NStem	NPrePre9_BPre9_NStem
ye__C_BP	PossConc4_NPrePre9_Abbr	PossConc9_Abbr_Abbr	PossConc4_NPrePre9_Abbr	PossConc9_PossConc15_Abbr
i_zo_qal_a	SC9_Fut_VRoot_VerbTerm	SC9_Fut_VRoot_VerbTerm	SC9_Fut_VRoot_VerbTerm	SC9_Fut_VRoot_VerbTerm
.	Punc	PUNC	Punc	PUNC
A_ma_phandle_ni	NPrePre6_BPre6_NStem_LocSuf	NPrePre6_BPre6_NStem_LocSuf	NPrePre6_BPre6_NStem_LocSuf	NPrePre6_BPre6_NStem_LocSuf
ku_nga_ba	SC15_Pot_VRoot_VerbTerm	SC15_Pot_AuxVStem	SC15_Pot_VRoot_VerbTerm	SC15_Pot_AuxVStem
na_ma_wadi	AdvPre_BPre6_NStem	AdvPre_BPre6_NStem	AdvPre_BPre6_NStem	AdvPre_BPre6_NStem
a_ma_khulu	AdjPref6_AdjStem	NPrePre6_BPre6_AdjStem	AdjPref6_AdjStem	NPrePre6_BPre6_AdjStem
ana_ba_ntu	RelConc6_AdvPre_BPre2_NStem	DimSuf_BPre2_NStem	RelConc6_AdvPre_BPre2_NStem	DimSuf_BPre2_NStem
aba_hlangis_a	RelConc2_VRoot_CausExt_VerbTerm	RelConc2_Intrans_VerbTerm	RelConc2_VRoot_CausExt_VerbTerm	RelConc2_Intrans_VerbTerm
i_zi_godi	NPrePre8_BPre8_NStem	NPrePre8_BPre8_NStem	NPrePre8_BPre8_NStem	NPrePre8_BPre8_NStem
na_ba_s_e_ma_pulazi_ni	CopPre_RelConc2_PreLoc-s_LocPre_NStem_LocSuf	AdvPre_BPre2_PreLocs_LocPre_BPre6_NStem_LocSuf	CopPre_RelConc2_PreLoc-s_LocPre_NStem_LocSuf	AdvPre_RelConc2_PreLocs_LocPre_BPre6_NStem_LocSuf
.	Punc	PUNC	Punc	PUNC
Ku_ne_zin_hlangano	BPre15_AdvPre_NPrePre10_BPre10_NStem	LocPre_AdvPre_BPre10_NStem	BPre15_AdvPre_NPrePre10_BPre10_NStem	LocPre_AdvPre_BPre10_NStem
ezi_yi_dlanz_an_a	RelConc10_ACau_NStem_DimSuf	RelConc8_CopPre_VRoot_RecipExt_VerbTerm	RelConc10_ACau_NStem_DimSuf	RelConc8_OC4_VRoot_RecipExt_VerbTerm
ezi_sebenz_a_yo	RelConc8_VRoot_VerbTerm_RelSuf	RelConc10_VRoot_VerbTerm_RelSuf	RelConc8_VRoot_VerbTerm_RelSuf	RelConc10_VRoot_VerbTerm_RelSuf
.	Punc	PUNC	Punc	PUNC
I_si_godi	NPrePre7_BPre7_NStem	NPrePre7_BPre7_NStem	NPrePre7_BPre7_NStem	NPrePre7_BPre7_NStem
nga_si_nye	AdvPre_BPre7_EnumStem	AdvPre_BPre7_EnumStem	AdvPre_BPre7_EnumStem	AdvPre_BPre7_EnumStem
noma	Conj	Conj	Conj	Conj
i_qembu	NPrePre5_BPre5_NStem	NPrePre5_NStem	NPrePre5_BPre5_NStem	NPrePre5_NStem
la_ba_s_e_ma_pulazi_ni	RelConc2_ReflPre_BPre6_NStem_InterrogSuf	PossConc5_BPre2_PreLocs_LocPre_BPre6_NStem_LocSuf	RelConc2_ReflPre_BPre6_NStem_InterrogSuf	PossConc5_BPre2_PreLocs_LocPre_BPre6_NStem_LocSuf
li_nga_kheth_a	SC5_AdvPre_VRoot_VerbTerm	SC5_AdvPre_VRoot_VerbTerm	SC5_AdvPre_VRoot_VerbTerm	SC5_AdvPre_VRoot_VerbTerm
u_mmeli	NPrePre1_BPre1_NStem	NPrePre1_NStem	NPrePre1_BPre1_NStem	NPrePre1_NStem
o_nga_ba_mel_a	RelConc3_AdvPre_SC2_NStem	RelConc1_AdvPre_OC2_VRoot_VerbTerm	RelConc3_AdvPre_SC2_NStem	RelConc3_AdvPre_BPre2_VRoot_VerbTerm
Kw_i_komiti	LocPre_NPrePre5_NStem	LocPre_NPrePre5_NStem	LocPre_NPrePre5_NStem	LocPre_NPrePre5_NStem
Le_wadi	Dem4_Pos1_NStem	PossConc5_NStem	Dem4_Pos1_NStem	PossConc5_NStem
.	Punc	PUNC	Punc	PUNC
U_mongo	NPrePre3_NStem	NPrePre3_NStem	NPrePre3_NStem	NPrePre3_NStem
wo_M_thethosisekelo	PossConc1a_NStem	PossConc3_BPre3_NStem	PossConc1a_NStem	PossConc1a_BPre3_NStem
nguMqulu	CopPre_NStem	ProperName	CopPre_NStem	ProperName
Wa_ma_lungelo	PossConc1a_NPrePre6_BPre6_NStem	PossConc3_BPre6_NStem	PossConc1a_NPrePre6_BPre6_NStem	PossConc1a_BPre6_NStem
.	Punc	PUNC	Punc	PUNC
U_Mqulu	BPre3_ProperName	BPre1_ProperName	BPre3_ProperName	BPre1_ProperName
Wa_ma_lungelo	PossConc1a_NPrePre6_BPre6_NStem	PossConc1a_BPre6_NStem	PossConc1a_NPrePre6_BPre6_NStem	PossConc1a_BPre6_NStem
u_vikel_a	SC3_VRoot_VerbTerm	SC1_VRoot_VerbTerm	SC3_VRoot_VerbTerm	SC3_VRoot_VerbTerm
a_ma_lungelo	NPrePre6_BPre6_NStem	NPrePre6_BPre6_NStem	NPrePre6_BPre6_NStem	NPrePre6_BPre6_NStem
a_zo	PossConc6_PronStem8	PossConc6_PronStem8	PossConc6_PronStem8	PossConc6_PronStem8
zo_nke	QuantConc8_QuantStem	QuantConc8_QuantStem	QuantConc8_QuantStem	QuantConc8_QuantStem
i_zakhamizi	NPrePre8_NStem	NPrePre8_NStem	NPrePre8_NStem	NPrePre8_NStem
u_kuth_i	Conj	NPrePre15_VRoot_VerbTerm	Conj	NPrePre15_BPre15_VerbTerm
zi_phath_w_e	SC8_VRoot_PassExt_VerbTerm	SC8_VRoot_PassExt_VerbTerm	SC8_VRoot_PassExt_VerbTerm	SC8_VRoot_PassExt_VerbTerm
ngo_ku_lingan_a_yo	AdvPre_NPrePre15_BPre15_NStem_RelSuf	AdvPre_BPre15_VRoot_VerbTerm_RelSuf	AdvPre_NPrePre15_BPre15_NStem_RelSuf	AdvPre_BPre15_VRoot_VerbTerm_RelSuf
ka_nye	AdvPre_AdjStem	AdvPre_AdjStem	AdvPre_AdjStem	AdvPre_AdjStem
na_ngo_ku_hloniph_ek_a	AdvPre_CopPre_RelConc15_NStem	AdvPre_AdvPre_BPre15_VRoot_NeutExt_VerbTerm	AdvPre_CopPre_RelConc15_NStem	AdvPre_AdvPre_BPre15_VRoot_NeutExt_VerbTerm
nga_phandle	AdvPre_Adv	AdvPre_Adv	AdvPre_Adv	AdvPre_Adv
ko_ku_bhek_a	PossConc15_RelConc15_VRoot_VerbTerm	PossConc15_BPre15_VRoot_VerbTerm	PossConc15_RelConc15_VRoot_VerbTerm	PossConc15_BPre15_VRoot_VerbTerm
u_bu_hlanga	NPrePre14_BPre14_NStem	NPrePre14_BPre14_NStem	NPrePre14_BPre14_NStem	NPrePre14_BPre14_NStem
,	Punc	PUNC	Punc	PUNC
u_bu_lili	NPrePre14_BPre14_NStem	NPrePre14_BPre14_NStem	NPrePre14_BPre14_NStem	NPrePre14_BPre14_NStem
,	Punc	PUNC	Punc	PUNC
u_ku_ceb_a	NPrePre15_BPre15_NStem	NPrePre15_BPre15_VRoot_VerbTerm	NPrePre15_BPre15_NStem	NPrePre15_BPre15_VRoot_VerbTerm
noma	Conj	Conj	Conj	Conj
i_si_mo	NPrePre7_BPre7_NStem	NPrePre7_BPre7_NStem	NPrePre7_BPre7_NStem	NPrePre7_BPre7_NStem
so_mu_ntu	PossConc7_NPrePre1_BPre1_NStem	PossConc7_BPre1_NStem	PossConc7_NPrePre1_BPre1_NStem	PossConc7_BPre1_NStem
.	Punc	PUNC	Punc	PUNC
U_M_thetho	NPrePre1_ProperName	NPrePre3_BPre3_NStem	NPrePre1_ProperName	NPrePre3_BPre1_NStem
We_zin_hlaka	PossConc1a_NPrePre10_BPre10_NStem	PossConc1a_BPre10_NStem	PossConc1a_NPrePre10_BPre10_NStem	PossConc3_BPre10_NStem
Zi_ka_masipala	PossConc8_PossKA_NStem	PossConc8_PossKA_NStem	PossConc8_PossKA_NStem	PossConc8_PossKA_NStem
,	Punc	PUNC	Punc	PUNC
1998	Num	NUM	Num	NUM
u_bek_a	SC1_VRoot_VerbTerm	SC1_VRoot_VerbTerm	SC1_VRoot_VerbTerm	SC1_VRoot_VerbTerm
u_th_i	SC1_VRoot_VerbTerm	SC1_VRoot_VerbTerm	SC1_VRoot_VerbTerm	SC1_VRoot_VerbTerm
u_masipala	BPre11_NStem	NPrePre1a_NStem	BPre11_NStem	NPrePre1a_NStem
u_ne_lungelo	BPre1_AdvPre_NPrePre5_BPre5_NStem	AdvPre_AdvPre_NStem	BPre1_AdvPre_NPrePre5_BPre5_NStem	BPre3_AdvPre_NStem
lo_ku_hlakaz_a	PossConc5_NPrePre15_Intrans_VerbTerm	PossConc5_BPre15_VRoot_VerbTerm	PossConc5_NPrePre15_Intrans_VerbTerm	PossConc5_BPre15_Intrans_VerbTerm
i_Komidi	NPrePre9_NStem	NPrePre9_NStem	NPrePre9_NStem	NPrePre9_NStem
Le_sigceme	Dem9_Pos1_NStem	PossConc5_NStem	Dem9_Pos1_NStem	PossConc5_NStem
u_ma	Conj	NPrePre1a_NStem	Conj	NPrePre1a_NStem
li_hlul_ek_a	NPrePre5_NStem	SC5_VRoot_NPas_VerbTerm	NPrePre5_NStem	SC5_VRoot_NeutExt_VerbTerm
u_ku_fez_a	NPrePre15_BPre15_VRoot_VerbTerm	NPrePre15_BPre15_VRoot_VerbTerm	NPrePre15_BPre15_VRoot_VerbTerm	NPrePre15_BPre15_VRoot_VerbTerm
i_zin_hloso	NPrePre10_BPre10_NStem	NPrePre10_BPre10_NStem	NPrePre10_BPre10_NStem	NPrePre10_BPre10_NStem
za_lo	PossConc10_PronStem11	PossConc10_PronStem11	PossConc10_PronStem11	PossConc10_PronStem11
.	Punc	PUNC	Punc	PUNC
Lokhu	Dem15_Pos1	CDEM15	Dem15_Pos1	CDEM15
kw_enz_iw_a	SC15_VRoot_PassExt_VerbTerm	SC15_VRoot_PassExt_VerbTerm	SC15_VRoot_PassExt_VerbTerm	SC15_VRoot_PassExt_VerbTerm
i_ka_khulukazi	NPrePre9_AdvPre_NStem	NPrePre9_AdvPre_NStem	NPrePre9_AdvPre_NStem	NPrePre9_AdvPre_NStem
u_ma	Conj	NPrePre1a_NStem	Conj	BPre1a_NStem
i_Komidi	NPrePre9_NStem	NPrePre9_NStem	NPrePre9_NStem	NPrePre9_NStem
Le_sigceme	Dem9_Pos1_NStem	PossConc5_NStem	Dem9_Pos1_NStem	PossConc5_CDEM09
li_hlul_ek_a	NPrePre5_NStem	SC5_VRoot_NeutExt_VerbTerm	NPrePre5_NStem	SC5_VRoot_NeutExt_VerbTerm
u_kw_enz_a	NPrePre15_BPre15_VRoot_VerbTerm	NPrePre15_BPre15_VRoot_VerbTerm	NPrePre15_BPre15_VRoot_VerbTerm	NPrePre15_BPre15_VRoot_VerbTerm
u_m_sebenzi	NPrePre3_BPre3_NStem	NPrePre3_BPre3_NStem	NPrePre3_BPre3_NStem	NPrePre3_BPre3_NStem
wa_lo	PossConc1_NStem	PossConc3_PronStem5	PossConc1_NStem	PossConc3_PronStem5
.	Punc	PUNC	Punc	PUNC
Yini	Interrog	Interrog	Interrog	Interrog
o_y_enz_a_yo	RelConc1_OC9_VRoot_VerbTerm_RelSuf	RelConc1_CopPre_VRoot_VerbTerm_RelSuf	RelConc1_OC9_VRoot_VerbTerm_RelSuf	RelConc3_CopPre_VRoot_VerbTerm_RelSuf
e_y_enz_a	RelConc4_CopPre_VRoot_VerbTerm	RelConc4_CopPre_VRoot_VerbTerm	RelConc4_CopPre_VRoot_VerbTerm	RelConc4_CopPre_VRoot_VerbTerm
ku_be	SC15_AuxVStem	SC15_AuxVStem	SC15_AuxVStem	SC15_AuxVStem
nzima	RelStem	Adv	RelStem	Adv
u_ku_khulum_a	NPrePre15_BPre15_VRoot_VerbTerm	NPrePre15_BPre15_VRoot_VerbTerm	NPrePre15_BPre15_VRoot_VerbTerm	NPrePre15_BPre15_VRoot_VerbTerm
na_ye	AdvPre_PronStem1	AdvPre_PronStem1	AdvPre_PronStem1	AdvPre_PronStem1
?	Punc	PUNC	Punc	PUNC
Fund_a	VRoot_VerbTerm	VRoot_VerbTerm	VRoot_VerbTerm	VRoot_VerbTerm
lo	Dem3_Pos1	CDEM03	Dem3_Pos1	CDEM03
mz_ek_el_iso	NStem	VRoot_NeutExt_ApplExt_NStem	NStem	VRoot_NeutExt_ApplExt_NStem
o_landel_a_yo	RelConc3_Intrans_VerbTerm_RelSuf	RelConc3_VRoot_VerbTerm_RelSuf	RelConc3_Intrans_VerbTerm_RelSuf	RelConc3_VRoot_VerbTerm_RelSuf
.	Punc	PUNC	Punc	PUNC
U_M_BUZO	NPre2_NStem	NPrePre3_BPre3_NStem	NPre2_NStem	NPrePre3_BPre3_NStem
2	Num	NUM	Num	NUM
Yi_zi_phi	CopPre_NPrePre10_BPre10_Interrog	CopPre_BPre10_Interrog	CopPre_NPrePre10_BPre10_Interrog	CopPre_BPre10_Interrog
i_zi_ngxenye	NPrePre10_BPre10_NStem	NPrePre10_BPre10_NStem	NPrePre10_BPre10_NStem	NPrePre10_BPre10_NStem
ezi_balulek_il_e	RelConc8_VRoot_Perf_VerbTerm	RelConc8_VRoot_Perf_VerbTerm	RelConc8_VRoot_Perf_VerbTerm	RelConc8_VRoot_Perf_VerbTerm
oku_m_el_e	RelConc15_VRoot_ApplExt_VerbTerm	RelConc15_VRoot_ApplExt_VerbTerm	RelConc15_VRoot_ApplExt_VerbTerm	RelConc15_VRoot_ApplExt_VerbTerm
u_ku_b_a	Conj	NPrePre15_BPre15_VRoot_VerbTerm	Conj	NPrePre15_BPre15_VRoot_VerbTerm
zi_b_e	SC10_VRoot_VerbTerm	SC10_VRoot_VerbTerm	SC10_VRoot_VerbTerm	SC10_VRoot_VerbTerm
khona	AbsPron15	AbsPron15	AbsPron15	AbsPron15
ku__P_MS	BPre17_Abbr	LocPre_Abbr_Abbr	BPre17_Abbr	LocPre_AdvPre_NStem
?	Punc	PUNC	Punc	PUNC
U_hlaka	NPrePre11_BPre11_NStem	NPrePre11_BPre11	NPrePre11_BPre11_NStem	NPrePre11_BPre11
lo_ku_lawul_a	PossConc5_NPrePre15_Intrans_VerbTerm	PossConc5_BPre15_VRoot_VerbTerm	PossConc5_NPrePre15_Intrans_VerbTerm	PossConc5_BPre15_VRoot_VerbTerm
i_n_dawo	NPrePre9_BPre9_NStem	NPrePre9_BPre9_NStem	NPrePre9_BPre9_NStem	NPrePre9_BPre9_NStem
.	Punc	PUNC	Punc	PUNC
I_n_tuthuko	NPrePre9_BPre9_NStem	NPrePre9_BPre9_NStem	NPrePre9_BPre9_NStem	NPrePre9_BPre9_NStem
e_no_m_phumel_a	RelConc9_AdvPre_NPrePre3_BPre3_NStem	RelConc4_AdvPre_BPre3_VRoot_VerbTerm	RelConc9_AdvPre_NPrePre3_BPre3_NStem	RelConc9_AdvPre_BPre3_VRoot_VerbTerm
o_s_e_m_qoka	RelConc3_PreLoc-s_LocPre_BPre3_NStem	RelConc3_PreLocs_LocPre_BPre3_NStem	RelConc3_PreLoc-s_LocPre_BPre3_NStem	RelConc3_PreLocs_LocPre_BPre3_NStem
e_n_dawe_ni	LocPre_BPre9_NStem_LocSuf	LocPre_BPre9_NStem_LocSuf	LocPre_BPre9_NStem_LocSuf	LocPre_BPre9_NStem_LocSuf
noma	Conj	Conj	Conj	Conj
e_nhlalakahle_ni	LocPre_NStem_LocSuf	LocPre_NStem_LocSuf	LocPre_NStem_LocSuf	LocPre_NStem_LocSuf
ku_mel_e	SC15_VRoot_VerbTerm	SC15_VRoot_VerbTerm	SC15_VRoot_VerbTerm	SC15_VRoot_VerbTerm
ku_qal_e	SC15_VRoot_VerbTerm	SC15_VRoot_VerbTerm	SC15_VRoot_VerbTerm	SC15_VRoot_VerbTerm
kw_enz_iw_e	SC15_VRoot_PassExt_VerbTerm	SC15_VRoot_PassExt_VerbTerm	SC15_VRoot_PassExt_VerbTerm	SC15_VRoot_PassExt_VerbTerm
ngo_ku_xhas_a	AdvPre_NPrePre15_BPre15_VRoot_VerbTerm	AdvPre_BPre15_VRoot_VerbTerm	AdvPre_NPrePre15_BPre15_VRoot_VerbTerm	AdvPre_BPre15_VRoot_VerbTerm
i_ntuthuko	NPrePre9_BPre9_NStem	NPrePre9_NStem	NPrePre9_BPre9_NStem	NPrePre9_NStem
ezin_dawe_ni	RelConc8_BPre10_NStem_LocSuf	AdjPref10_NStem_LocSuf	RelConc8_BPre10_NStem_LocSuf	BPre10_NStem_LocSuf
ezi_hloben_e	RelConc8_NStem	RelConc8_VRoot_VerbTerm	RelConc8_NStem	RelConc8_VRoot_VerbTerm
.	Punc	PUNC	Punc	PUNC
U_ku_bamb_a	NPrePre15_BPre15_VRoot_VerbTerm	NPrePre15_BPre15_VRoot_VerbTerm	NPrePre15_BPre15_VRoot_VerbTerm	NPrePre15_BPre15_VRoot_VerbTerm
ko_m_phakathi	PossConc15_NPrePre3_BPre3_NStem	PossConc15_BPre3_NStem	PossConc15_NPrePre3_BPre3_NStem	PossConc15_BPre3_NStem
we_n_dawo	PossConc3_BPre9_NStem	PossConc3_BPre9_NStem	PossConc3_BPre9_NStem	PossConc3_BPre9_NStem
i_qhaz_a	NPrePre5_BPre5_NStem	SC9_VRoot_VerbTerm	NPrePre5_BPre5_NStem	SC9_VRoot_VerbTerm
e_ku_sebenze_ni	LocPre_BPre15_VRoot_VerbTerm_LocSuf	LocPre_BPre15_VRoot_VerbTerm	LocPre_BPre15_VRoot_VerbTerm_LocSuf	LocPre_BPre15_VRoot_VerbTerm
ku_ka_masipala	BPre15_PossKA_NStem	BPre15_PossKA_NStem	BPre15_PossKA_NStem	BPre15_PossKA_NStem
ku_qinis_ek_is_w_e	SC15_VRoot_NeutExt_CausExt_PassExt_VerbTerm	SC15_VRoot_NeutExt_CausExt_PassExt_VerbTerm	SC15_VRoot_NeutExt_CausExt_PassExt_VerbTerm	SC15_VRoot_NeutExt_CausExt_PassExt_VerbTerm
ngo_ku_sebenz_a	AdvPre_NPrePre15_BPre15_VRoot_VerbTerm	AdvPre_BPre15_VRoot_VerbTerm	AdvPre_NPrePre15_BPre15_VRoot_VerbTerm	AdvPre_BPre15_VRoot_VerbTerm
kwa_ma_Komidi	PossConc15_NPrePre6_BPre6_NStem	PossConc15_BPre6_NStem	PossConc15_NPrePre6_BPre6_NStem	PossConc15_BPre6_NStem
Ezi_gceme	RelConc8_NStem	RelConc8_NStem	RelConc8_NStem	RelConc8_NStem
futh_i	Conj	VRoot_VerbTerm	Conj	VRoot_VerbTerm
ku_no_m_bandel_a	BPre15_AdvPre_NPrePre3_BPre3_NStem	BPre15_AdvPre_BPre3_VRoot_VerbTerm	BPre15_AdvPre_NPrePre3_BPre3_NStem	SC15_AdvPre_BPre3_VRoot_VerbTerm
wo_m_thetho	PossConc3_NPrePre3_BPre3_NStem	PossConc3_BPre3_NStem	PossConc3_NPrePre3_BPre3_NStem	PossConc3_BPre3_NStem
wo_ku_b_a	PossConc3_Conj	PossConc3_BPre15_VRoot_VerbTerm	PossConc3_Conj	PossConc3_BPre15_VRoot_VerbTerm
u_masipala	NPrePre1a_NStem	NPrePre1a_NStem	NPrePre1a_NStem	NPrePre1a_NStem
a_mbandakanye	SC1_BPre3_VRoot_VerbTerm	RelConc6_NStem	SC1_BPre3_VRoot_VerbTerm	RelConc6_NStem
u_m_phakathi	NPrePre3_BPre3_Adv	NPrePre3_BPre3_NStem	NPrePre3_BPre3_Adv	NPrePre3_BPre3_NStem
,	Punc	PUNC	Punc	PUNC
ngo_ku_sebenz_is_a	AdvPre_NPrePre15_BPre15_VRoot_CausExt_VerbTerm	AdvPre_BPre15_VRoot_CausExt_VerbTerm	AdvPre_NPrePre15_BPre15_VRoot_CausExt_VerbTerm	AdvPre_BPre15_VRoot_CausExt_VerbTerm
a_ma_Komidi	NPrePre6_BPre6_NStem	NPrePre6_BPre6_NStem	NPrePre6_BPre6_NStem	NPrePre6_BPre6_NStem
Ezi_gceme	RelConc8_NStem	RelConc8_NStem	RelConc8_NStem	RelConc8_NStem
,	Punc	PUNC	Punc	PUNC
e_kw_enz_e_ni	LocPre_BPre15_VRoot_VerbTerm_LocSuf	LocPre_BPre15_VRoot_VerbTerm_LocSuf	LocPre_BPre15_VRoot_VerbTerm_LocSuf	LocPre_BPre15_VRoot_VerbTerm_LocSuf
a_ma__K_PI	NPrePre6_BPre6_Abbr	NPrePre6_BPre6_LocPre_Abbr	NPrePre6_BPre6_Abbr	NPrePre6_BPre6_BPre15_Abbr
ne_mi_klamo	AdvPre_NPrePre4_BPre4_NStem	AdvPre_BPre4_NStem	AdvPre_NPrePre4_BPre4_NStem	AdvPre_BPre4_NStem
yo_ku_sebenz_a	PossConc4_NPrePre15_BPre15_VRoot_VerbTerm	PossConc9_BPre15_VRoot_VerbTerm	PossConc4_NPrePre15_BPre15_VRoot_VerbTerm	PossConc9_BPre15_VRoot_VerbTerm
no_ku_qinis_ek_is_a	AdvPre_NPrePre15_BPre15_VRoot_NeutExt_CausExt_VerbTerm	AdvPre_BPre15_VRoot_NeutExt_CausExt_VerbTerm	AdvPre_NPrePre15_BPre15_VRoot_NeutExt_CausExt_VerbTerm	AdvPre_BPre15_VRoot_NeutExt_CausExt_VerbTerm
u_ku_bamb_a	NPrePre15_BPre15_VRoot_VerbTerm	NPrePre15_BPre15_VRoot_VerbTerm	NPrePre15_BPre15_VRoot_VerbTerm	NPrePre15_BPre15_VRoot_VerbTerm
ko_m_phakathi	PossConc15_NPrePre3_BPre3_NStem	PossConc15_BPre3_NStem	PossConc15_NPrePre3_BPre3_NStem	PossConc15_BPre3_NStem
i_qhaz_a	NPrePre5_BPre5_NStem	SC9_VRoot_VerbTerm	NPrePre5_BPre5_NStem	SC9_VRoot_VerbTerm
e_ku_bhek_e_ni	LocPre_BPre15_VRoot_VerbTerm	LocPre_OC15_VRoot_VerbTerm_LocSuf	LocPre_BPre15_VRoot_VerbTerm	LocPre_OC15_VRoot_VerbTerm_LocSuf
na_s_e_ku_buyekez_e_ni	AdvPre_PreLoc-s_LocPre_BPre15_VRoot_VerbTerm_LocSuf	AdvPre_PreLocs_LocPre_BPre15_VRoot_VerbTerm_LocSuf	AdvPre_PreLoc-s_LocPre_BPre15_VRoot_VerbTerm_LocSuf	AdvPre_PreLocs_LocPre_BPre15_VRoot_VerbTerm_LocSuf
lokhu	Dem15_Pos1	CDEM15	Dem15_Pos1	CDEM15
.	Punc	PUNC	Punc	PUNC
A_hlal_a	NPre6_Intrans_VerbTerm	SC6_VRoot_VerbTerm	NPre6_Intrans_VerbTerm	SC6_VRoot_VerbTerm
e_no_lw_az_i	RelConc9_AdvPre_NPrePre11_BPre11_VRoot_VerbTerm	RelConc4_AdvPre_BPre11_VRoot_VerbTerm	RelConc9_AdvPre_NPrePre11_BPre11_VRoot_VerbTerm	RelConc9_AdvPre_BPre11_VRoot_VerbTerm
nge_mi_biko	AdvPre_NPrePre4_BPre4_NStem	AdvPre_BPre4_NStem	AdvPre_NPrePre4_BPre4_NStem	AdvPre_BPre4_NStem
e_maya_lan_a	RelConc9_NStem_DimSuf	RelConc9_BPre6_Intrans_VerbTerm	RelConc9_NStem_DimSuf	LocPre_Pres_VRoot_VerbTerm
no_ku_qoq_w_a	AdvPre_BPre15_VRoot_PassExt_VerbTerm	AdvPre_BPre15_VRoot_PassExt_VerbTerm	AdvPre_BPre15_VRoot_PassExt_VerbTerm	AdvPre_BPre15_VRoot_PassExt_VerbTerm
kwe_zi_mali	PossConc15_NPrePre10_BPre10_NStem	PossConc15_BPre10_NStem	PossConc15_NPrePre10_BPre10_NStem	PossConc15_BPre10_NStem
ka_nye	AdvPre_AdjStem	AdvPre_AdjStem	AdvPre_AdjStem	AdvPre_AdjStem
no_ku_leth_w_a	AdvPre_BPre15_VRoot_PassExt_VerbTerm	AdvPre_BPre15_VRoot_PassExt_VerbTerm	AdvPre_BPre15_VRoot_PassExt_VerbTerm	AdvPre_BPre15_VRoot_PassExt_VerbTerm
kwe_mi_sebenzi	PossConc15_NPrePre4_BPre4_NStem	PossConc15_BPre4_NStem	PossConc15_NPrePre4_BPre4_NStem	PossConc15_BPre4_NStem
ya_masipala	PossConc4_NStem	PossConc9_NStem	PossConc4_NStem	PossConc9_NStem
.	Punc	PUNC	Punc	PUNC
U_ku_b_a	NPrePre15_BPre15_VRoot_VerbTerm	NPrePre15_BPre15_VRoot_VerbTerm	NPrePre15_BPre15_VRoot_VerbTerm	NPrePre15_BPre15_VRoot_VerbTerm
ne_khono	AdvPre_NPrePre5_BPre5_NStem	AdvPre_NStem	AdvPre_NPrePre5_BPre5_NStem	AdvPre_NStem
no_ku_kw_az_i	AdvPre_LocPre_BPre15_NStem	AdvPre_BPre15_BPre15_VRoot_VerbTerm	AdvPre_LocPre_BPre15_NStem	AdvPre_BPre15_BPre15_VRoot_VerbTerm
u_ku_sebenz_a	NPrePre15_BPre15_VRoot_VerbTerm	NPrePre15_BPre15_VRoot_VerbTerm	NPrePre15_BPre15_VRoot_VerbTerm	NPrePre15_BPre15_VRoot_VerbTerm
ko_thishanhloko	AdvPre_NStem	PossConc15_NStem	AdvPre_NStem	PossConc15_NStem
be_zi_kole	PossConc2a_NPrePre8_BPre8_NStem	PossConc2_BPre8_NStem	PossConc2a_NPrePre8_BPre8_NStem	PossConc2_BPre8_NStem
.	Punc	PUNC	Punc	PUNC
U_phawu	NPrePre11_BPre11_NStem	NPrePre11_NStem	NPrePre11_BPre11_NStem	NPrePre11_BPre11
olu_vam_il_e	RelConc11_VRoot_Perf	RelConc11_VRoot_Perf_VerbTerm	RelConc11_VRoot_Perf	RelConc11_VRoot_Perf_VerbTerm
lwe_si_kole	PossConc11_NPrePre7_BPre7_NStem	PossConc11_BPre7_NStem	PossConc11_NPrePre7_BPre7_NStem	PossConc11_BPre7_NStem
esi_pheth_w_e	RelConc7_VRoot_PassExt_VerbTerm	RelConc7_VRoot_PassExt_VerbTerm	RelConc7_VRoot_PassExt_VerbTerm	RelConc7_VRoot_PassExt_VerbTerm
ka_hle	AdvPre_Adv	AdvPre_AdjStem	AdvPre_Adv	AdvPre_AdjStem
u_bu_holi	NPrePre14_BPre14_NStem	NPrePre14_BPre14_NStem	NPrePre14_BPre14_NStem	NPrePre14_BPre14_NStem
.	Punc	PUNC	Punc	PUNC
U_m_nyango	NPrePre3_BPre3_NStem	NPrePre3_BPre3_NStem	NPrePre3_BPre3_NStem	NPrePre3_BPre3_NStem
We_ze_m_fundo	PossConc1_PossConc8_BPre3_NStem	PossConc3_PossConc10_BPre3_NStem	PossConc1_PossConc8_BPre3_NStem	PossConc1_PossConc8_BPre3_NStem
E_y_i_si_sekelo	RelConc4_CopPre_NPrePre7_BPre7_NStem	RelConc4_CopPre_NPrePre7_BPre7_NStem	RelConc4_CopPre_NPrePre7_BPre7_NStem	RelConc9_CopPre_NPrePre7_BPre7_NStem
u_suvul_e	SC3_VRoot_VerbTerm	SC1_VRoot_VerbTerm	SC3_VRoot_VerbTerm	SC1_VRoot_VerbTerm
ngo_ku_s_e_m_thethw_eni	AdvPre_NPrePre15_BPre15_PreLoc-s_LocPre_BPre3_NStem_LocSuf	AdvPre_BPre15_PreLocs_LocPre_BPre3_NStem_LocSuf	AdvPre_NPrePre15_BPre15_PreLoc-s_LocPre_BPre3_NStem_LocSuf	AdvPre_BPre15_PreLocs_LocPre_BPre3_NStem_LocSuf
u_hlelo	NPrePre11_BPre11_NStem	NPrePre11_NStem	NPrePre11_BPre11_NStem	NPrePre11_NStem
lo_ku_kal_a	PossConc5_NPrePre15_Intrans_VerbTerm	PossConc5_BPre15_VRoot_VerbTerm	PossConc5_NPrePre15_Intrans_VerbTerm	PossConc5_BPre15_VRoot_VerbTerm
a_ma_khono	NPrePre6_BPre6_NStem	NPrePre6_BPre6_NStem	NPrePre6_BPre6_NStem	NPrePre6_BPre6_NStem
o_thishanhloko	BPre2a_NStem	BPre2a_NStem	BPre2a_NStem	BPre2a_NStem
na_ma_sekel_a	AdvPre_NPrePre6_BPre6_NStem	AdvPre_BPre6_Intrans_VerbTerm	AdvPre_NPrePre6_BPre6_NStem	AdvPre_BPre6_Intrans_VerbTerm
o_thishanhloko	BPre2a_NStem	BPre2a_NStem	BPre2a_NStem	BPre2a_NStem
.	Punc	PUNC	Punc	PUNC
Lolu	Dem11_Pos1	CDEM11	Dem11_Pos1	CDEM11
cwaningo	NStem	NStem	NStem	NStem
lu_yo_siz_a	SC5_Fut_VRoot_VerbTerm	SC5_Fut_VRoot_VerbTerm	SC5_Fut_VRoot_VerbTerm	SC5_Fut_VRoot_VerbTerm
u_ku_vez_a	NPrePre15_BPre15_VRoot_VerbTerm	NPrePre15_BPre15_VRoot_VerbTerm	NPrePre15_BPre15_VRoot_VerbTerm	NPrePre15_BPre15_VRoot_VerbTerm
aba_sebenz_a	RelConc2_VRoot_VerbTerm	RelConc2_VRoot_VerbTerm	RelConc2_VRoot_VerbTerm	RelConc2_VRoot_VerbTerm
ka_bi	AdvPre_AdjStem	AdvPre_AdjStem	AdvPre_AdjStem	AdvPre_AdjStem
,	Punc	PUNC	Punc	PUNC
ku_ye	LocPre_PronStem1	LocPre_PronStem1	LocPre_PronStem1	LocPre_PronStem1
ngezi_linganiso	AdvPre_NPrePre8_BPre8_NStem	AdvPre_NStem	AdvPre_NPrePre8_BPre8_NStem	AdvPre_NStem
za_ba_fundi	PossConc10_NPrePre2_BPre2_NStem	PossConc8_BPre2_NStem	PossConc10_NPrePre2_BPre2_NStem	PossConc8_BPre2_NStem
,	Punc	PUNC	Punc	PUNC
be_se	SC2_AuxVStem	SC2_AuxVStem	SC2_AuxVStem	SC2_AuxVStem
lu_vum_el_a	CopPre_VRoot_ApplExt_VerbTerm	SC11_VRoot_ApplExt_VerbTerm	CopPre_VRoot_ApplExt_VerbTerm	CopPre_VRoot_ApplExt_VerbTerm
u_ku_sekel_w_a	NPrePre15_BPre15_VRoot_ApplExt_PassExt_VerbTerm	NPrePre15_BPre15_VRoot_PassExt_VerbTerm	NPrePre15_BPre15_VRoot_ApplExt_PassExt_VerbTerm	NPrePre15_BPre15_VRoot_PassExt_VerbTerm
oku_fanel_e	RelConc15_VRoot_VerbTerm	RelConc15_VRoot_VerbTerm	RelConc15_VRoot_VerbTerm	RelConc15_VRoot_VerbTerm
ko_thishanhloko	AdvPre_NStem	PossConc15_NStem	AdvPre_NStem	PossConc15_NStem
no_thisha	AdvPre_NPrePre2a_NStem	AdvPre_NStem	AdvPre_NPrePre2a_NStem	AdvPre_NStem
.	Punc	PUNC	Punc	PUNC
O_thishanhloko	BPre2a_NStem	RelConc3_NStem	BPre2a_NStem	BPre2a_NStem
ku_mel_e	SC15_VRoot_VerbTerm	SC15_VRoot_VerbTerm	SC15_VRoot_VerbTerm	SC15_VRoot_VerbTerm
ba_kheth_w_e	SC2a_VRoot_PassExt_VerbTerm	SC2_VRoot_PassExt_VerbTerm	SC2a_VRoot_PassExt_VerbTerm	SC2_VRoot_PassExt_VerbTerm
ngo_ku_sebenz_a	AdvPre_NPrePre15_BPre15_VRoot_VerbTerm	AdvPre_BPre15_VRoot_VerbTerm	AdvPre_NPrePre15_BPre15_VRoot_VerbTerm	AdvPre_BPre15_VRoot_VerbTerm
ka_hle	AdvPre_Adv	AdvPre_AdjStem	AdvPre_Adv	AdvPre_AdjStem
kwa_bo	PossConc15_PronStem2	PossConc15_PronStem2	PossConc15_PronStem2	PossConc15_PronStem2
ku_phel_a	SC15_VRoot_VerbTerm	SC15_VRoot_VerbTerm	SC15_VRoot_VerbTerm	SC15_VRoot_VerbTerm
,	Punc	PUNC	Punc	PUNC
ba_nikez_w_e	SC2_VRoot_PassExt_VerbTerm	SC2_VRoot_PassExt_VerbTerm	SC2_VRoot_PassExt_VerbTerm	SC2_VRoot_PassExt_VerbTerm
a_ma_ndla	NPrePre6_BPre6_NStem	NPrePre6_BPre6_NStem	NPrePre6_BPre6_NStem	NPrePre6_BPre6_NStem
a_ma_khudlw_an_a	AdjPref6_AdjStem_DimSuf	NPrePre6_BPre6_VRoot_RecipExt_VerbTerm	AdjPref6_AdjStem_DimSuf	NPrePre6_BPre6_VRoot_RecipExt_VerbTerm
e_ku_phath_e_ni	LocPre_NPrePre15_BPre15_VRoot_VerbTerm_LocSuf	LocPre_BPre15_VRoot_VerbTerm_LocSuf	LocPre_NPrePre15_BPre15_VRoot_VerbTerm_LocSuf	LocPre_BPre15_VRoot_VerbTerm_LocSuf
i_zi_kole	NPrePre8_BPre8_NStem	NPrePre8_BPre8_NStem	NPrePre8_BPre8_NStem	NPrePre8_BPre8_NStem
no_ku_th_i	AdvPre_BPre15_VRoot_VerbTerm	AdvPre_BPre15_VRoot_VerbTerm	AdvPre_BPre15_VRoot_VerbTerm	AdvPre_BPre15_VRoot_VerbTerm
ba_kw_az_i	SC2_OC15_VRoot_VerbTerm	SC2_OC15_VRoot_VerbTerm	SC2_OC15_VRoot_VerbTerm	SC2_BPre15_VRoot_VerbTerm
u_ku_zi_phendulel_a	NPrePre15_BPre15_ReflPre_VRoot_ApplExt_VerbTerm	NPrePre15_BPre15_ReflPre_VRoot_VerbTerm	NPrePre15_BPre15_ReflPre_VRoot_ApplExt_VerbTerm	NPrePre15_BPre15_ReflPre_VRoot_VerbTerm
nge_n_dlel_a	AdvPre_NPrePre9_BPre9_NStem	AdvPre_BPre9_VRoot_VerbTerm	AdvPre_NPrePre9_BPre9_NStem	AdvPre_BPre9_VRoot_VerbTerm
abe_nz_a	RelConc2_VRoot_VerbTerm	SC2_VRoot_VerbTerm	RelConc2_VRoot_VerbTerm	SC2_VRoot_VerbTerm
nga_yo	AdvPre_PronStem9	AdvPre_PronStem9	AdvPre_PronStem9	AdvPre_PronStem9
u_m_sebenzi	NPrePre3_BPre3_NStem	NPrePre3_BPre3_NStem	NPrePre3_BPre3_NStem	NPrePre3_BPre3_NStem
.	Punc	PUNC	Punc	PUNC
Nge_si_khathi	AdvPre_NPrePre7_BPre7_NStem	AdvPre_BPre7_NStem	AdvPre_NPrePre7_BPre7_NStem	AdvPre_BPre7_NStem
ku_khonj_w_a	SC15_VRoot_PassExt_VerbTerm	SC15_VRoot_PassExt_VerbTerm	SC15_VRoot_PassExt_VerbTerm	SC15_VRoot_PassExt_VerbTerm
oku_s_e_m_qoka	RelConc15_PreLoc-s_LocPre_BPre3_NStem	RelConc15_PreLocs_LocPre_BPre3_NStem	RelConc15_PreLoc-s_LocPre_BPre3_NStem	RelConc15_PreLocs_LocPre_BPre3_NStem
ngo_ku_bamb_is_an_a	AdvPre_NPrePre15_BPre15_VRoot_CausExt_RecipExt_VerbTerm	AdvPre_BPre15_VRoot_CausExt_RecipExt_VerbTerm	AdvPre_NPrePre15_BPre15_VRoot_CausExt_RecipExt_VerbTerm	AdvPre_BPre15_VRoot_CausExt_RecipExt_VerbTerm
no_m_phakathi	AdvPre_NPrePre3_BPre4_Adv	AdvPre_BPre3_NStem	AdvPre_NPrePre3_BPre4_Adv	AdvPre_BPre3_NStem
,	Punc	PUNC	Punc	PUNC
ku_ya_siz_a	SC15_Pres_VRoot_VerbTerm	SC15_Pres_VRoot_VerbTerm	SC15_Pres_VRoot_VerbTerm	SC15_Pres_VRoot_VerbTerm
u_ku_khuthaz_a	NPrePre15_BPre15_VRoot_VerbTerm	NPrePre15_BPre15_VRoot_VerbTerm	NPrePre15_BPre15_VRoot_VerbTerm	NPrePre15_BPre15_VRoot_VerbTerm
a_ma_lungu	NPrePre6_BPre6_NStem	NPrePre6_BPre6_NStem	NPrePre6_BPre6_NStem	NPrePre6_BPre6_NStem
o_m_phakathi	RelConc3_BPre3_Adv	PossConc6_BPre3_NStem	RelConc3_BPre3_Adv	RelConc6_BPre3_NStem
u_ku_cabanga	NPrePre15_BPre15_VRoot_VerbTerm	NPrePre15_BPre15_NStem	NPrePre15_BPre15_VRoot_VerbTerm	NPrePre15_BPre15_NStem
ngo_ku_banzi	AdvPre_NPrePre15_BPre15_RelStem	AdvPre_BPre15_RelStem	AdvPre_NPrePre15_BPre15_RelStem	AdvPre_BPre15_NStem
no_ku_nak_a	AdvPre_NPrePre15_BPre15_VRoot_VerbTerm	AdvPre_BPre15_VRoot_VerbTerm	AdvPre_NPrePre15_BPre15_VRoot_VerbTerm	AdvPre_BPre15_VRoot_VerbTerm
i_zi_dingo	NPrePre8_BPre8_NStem	NPrePre8_BPre8_NStem	NPrePre8_BPre8_NStem	NPrePre8_BPre8_NStem
za_manje	PossConc8_Adv	PossConc10_Adv	PossConc8_Adv	PossConc10_Adv
,	Punc	PUNC	Punc	PUNC
ze_si_khathi	PossConc8_NPrePre7_BPre7_NStem	PossConc10_BPre7_NStem	PossConc8_NPrePre7_BPre7_NStem	PossConc10_BPre7_NStem
esi_nge_si_de	RelConc8_NegPre_BPre8_AdjStem	RelConc7_NegPre_BPre7_Adv	RelConc8_NegPre_BPre8_AdjStem	RelConc7_AdvPre_BPre7_Adv
ka_khulu	AdvPre_AdjStem	AdvPre_AdjStem	AdvPre_AdjStem	AdvPre_AdjStem
ka_nye	Conj	AdvPre_AdjStem	Conj	AdvPre_AdjStem
ne_ze_si_khathi	AdvPre_NPrePre8_PossConc8_NPrePre7_BPre7_NStem	AdvPre_PossConc8_BPre8_NStem	AdvPre_NPrePre8_PossConc8_NPrePre7_BPre7_NStem	AdvPre_PossConc8_BPre8_NStem
esi_de	AdjPref7_AdjStem	AdjPref7_AdjStem	AdjPref7_AdjStem	AdjPref7_AdjStem
.	Punc	PUNC	Punc	PUNC
A_ma__K_PI	NPrePre6_BPre6_Abbr	NPrePre6_BPre6_LocPre_Abbr	NPrePre6_BPre6_Abbr	NPrePre6_BPre6_AdvPre_Abbr
a_qond_is_w_e	SC6_VRoot_CausExt_PassExt_VerbTerm	SC6_VRoot_CausExt_PassExt_VerbTerm	SC6_VRoot_CausExt_PassExt_VerbTerm	SC6_VRoot_CausExt_PassExt_VerbTerm
ku_ma_yunithi	LocPre_BPre6_NStem	LocPre_BPre6_NStem	LocPre_BPre6_NStem	LocPre_BPre6_NStem
oku_phath_a	RelConc15_VRoot_VerbTerm	RelConc15_VRoot_VerbTerm	RelConc15_VRoot_VerbTerm	RelConc15_VRoot_VerbTerm
ka_nye	AdvPre_AdjStem	AdvPre_AdjStem	AdvPre_AdjStem	AdvPre_AdjStem
na_ba_sebenzi	AdvPre_NPrePre2_BPre2_NStem	AdvPre_BPre2_NStem	AdvPre_NPrePre2_BPre2_NStem	AdvPre_BPre2_NStem
ba_ka_masipala	PossConc2_PossKA_NStem	PossConc2_PossKA_NStem	PossConc2_PossKA_NStem	PossConc2_PossKA_NStem
,	Punc	PUNC	Punc	PUNC
ka_nye	AdvPre_AdjStem	AdvPre_AdjStem	AdvPre_AdjStem	AdvPre_AdjStem
na_kho	AdvPre_PronStem15	AdvPre_PronStem15	AdvPre_PronStem15	AdvPre_PronStem15
ko_nke	QuantConc15_QuantStem	QuantConc15_QuantStem	QuantConc15_QuantStem	QuantConc15_QuantStem
o_kwa_masipala	BPre2a_PossConc15_NStem	BPre2a_PossConc15_NStem	BPre2a_PossConc15_NStem	BPre2a_PossConc15_NStem
ka_nye	AdvPre_AdjStem	AdvPre_AdjStem	AdvPre_AdjStem	AdvPre_AdjStem
no_mhlinzeki	AdvPre_ProperName	AdvPre_ProperName	AdvPre_ProperName	AdvPre_ProperName
we_mi_sebenzi	PossConc3_NPrePre4_BPre4_NStem	PossConc3_BPre4_NStem	PossConc3_NPrePre4_BPre4_NStem	PossConc3_BPre4_NStem
u_masipala	NPrePre1_NStem	NPrePre1a_NStem	NPrePre1_NStem	NPrePre1a_NStem
enz_e	SC6_VRoot_VerbTerm	SC6_VerbTerm	SC6_VRoot_VerbTerm	SC6_VerbTerm
na_ye	AdvPre_PronStem1	AdvPre_PronStem1	AdvPre_PronStem1	AdvPre_PronStem1
i_si_vumelwane	NPrePre7_BPre7_NStem	NPrePre7_BPre7_NStem	NPrePre7_BPre7_NStem	NPrePre7_BPre7_NStem
so_ku_leth_w_a	PossConc7_NPrePre15_BPre15_VRoot_PassExt_VerbTerm	PossConc7_BPre15_VRoot_PassExt_VerbTerm	PossConc7_NPrePre15_BPre15_VRoot_PassExt_VerbTerm	PossConc7_BPre15_VRoot_PassExt_VerbTerm
kwe_mi_sebenzi	PossConc15_NPrePre4_BPre4_NStem	PossConc15_BPre4_NStem	PossConc15_NPrePre4_BPre4_NStem	PossConc15_BPre4_NStem
.	Punc	PUNC	Punc	PUNC
O_masipala	NPrePre2a_NStem	NPrePre2a_NStem	NPrePre2a_NStem	NPrePre2a_NStem
ba_ne_zi_mfuno	BPre2_AdvPre_NPrePre10_BPre10_NStem	BPre2_AdvPre_BPre8_NStem	BPre2_AdvPre_NPrePre10_BPre10_NStem	BPre2_AdvPre_BPre8_NStem
ez_ahlukahluk_en_e	RelConc8_VRoot_RecipExt_VerbTerm	RelConc8_VRoot_RecipExt_VerbTerm	RelConc8_VRoot_RecipExt_VerbTerm	RelConc8_VRoot_RecipExt_VerbTerm
futh_i	Conj	VRoot_VerbTerm	Conj	VRoot_VerbTerm
be_nga_zi_thol_a	SC2_Pot_ReflPre_VRoot_VerbTerm	SC2_Pot_ReflPre_VRoot_VerbTerm	SC2_Pot_ReflPre_VRoot_VerbTerm	SC2_AdvPre_ReflPre_VRoot_VerbTerm
be_ncintis_an_a	PossConc2_VRoot_CausExt_RecipExt_VerbTerm	PossConc2_VRoot_RecipExt_VerbTerm	PossConc2_VRoot_CausExt_RecipExt_VerbTerm	PossConc2_VRoot_RecipExt_VerbTerm
bo_dwa	QuantConc2a_QuantStem	QuantConc2_QuantStem	QuantConc2a_QuantStem	QuantConc2_QuantStem
.	Punc	PUNC	Punc	PUNC
I__P_MS	NPrePre9_Abbr	NPrePre9_BPre5_Abbr	NPrePre9_Abbr	NPrePre9_BPre9_Abbr
ku_fanel_e	SC15_VRoot_VerbTerm	SC15_VRoot_VerbTerm	SC15_VRoot_VerbTerm	SC15_VRoot_VerbTerm
i_fak_e	SC9_VRoot_VerbTerm	SC9_VRoot_VerbTerm	SC9_VRoot_VerbTerm	SC9_VRoot_VerbTerm
phakathi	Adv	Adv	Adv	Adv
ezin_ingi	AdjPref10_AdjStem	AdjPref10_AdjStem	AdjPref10_AdjStem	AdjPref10_AdjStem
za_lezi	PossConc10_Dem10_Pos1	PossConc10_NStem	PossConc10_Dem10_Pos1	PossConc10_NStem
zi_mfuno	BPre10_NStem	BPre8_NStem	BPre10_NStem	BPre10_NStem
njengoba	Conj	Conj	Conj	Conj
zi_balulek_il_e	SC10_Intrans_Perf_VerbTerm	SC10_VRoot_Perf_VerbTerm	SC10_Intrans_Perf_VerbTerm	SC10_VRoot_Perf_VerbTerm
futh_i	Conj	VRoot_VerbTerm	Conj	VRoot_VerbTerm
zi_khona	SC10_Adv	SC10_Adv	SC10_Adv	BPre8_Adv
njalo	Adv	Adv	Adv	Adv
.	Punc	PUNC	Punc	PUNC
Ku_zo_kw_enz_ek_a	SC15_Fut_BPre15_VRoot_NeutExt_VerbTerm	SC15_Fut_SC15_VRoot_NeutExt_VerbTerm	SC15_Fut_BPre15_VRoot_NeutExt_VerbTerm	SC15_Fut_BPre15_VRoot_NeutExt_VerbTerm
futh_i	Conj	VRoot_VerbTerm	Conj	VRoot_VerbTerm
ku_be	SC15_AuxVStem	SC15_AuxVStem	SC15_AuxVStem	SC15_AuxVStem
khona	AbsPron15	AbsPron15	AbsPron15	AbsPron15
i_zi_dingo	NPrePre8_BPre8_NStem	NPrePre8_BPre8_NStem	NPrePre8_BPre8_NStem	NPrePre8_BPre8_NStem
ez_ahlukahluk_en_e	RelConc8_VRoot_RecipExt_VerbTerm	RelConc8_VRoot_RecipExt_VerbTerm	RelConc8_VRoot_RecipExt_VerbTerm	RelConc8_VRoot_RecipExt_VerbTerm
e_mi_phakath_ini	LocPre_NPrePre4_BPre4_NStem_LocSuf	LocPre_BPre4_NStem_LocSuf	LocPre_NPrePre4_BPre4_NStem_LocSuf	LocPre_BPre4_NStem_LocSuf
ya_s_e_ma_khaya	PossConc9_PreLoc-s_LocPre_BPre6_NStem	PossConc9_PreLocs_LocPre_BPre6_NStem	PossConc9_PreLoc-s_LocPre_BPre6_NStem	PossConc9_PreLocs_LocPre_BPre6_NStem
u_ma	Conj	NPrePre3_NStem	Conj	NPrePre3_NStem
ku_qhathan_is_w_a	SC15_VRoot_PassExt_VerbTerm	SC15_VRoot_CausExt_PassExt_VerbTerm	SC15_VRoot_PassExt_VerbTerm	SC15_VRoot_CausExt_PassExt_VerbTerm
ne_ya_s_e_ma_dolobhe_ni	AdvPre_NPrePre4_PossConc4_PreLoc-s_LocPre_BPre6_NStem_LocSuf	AdvPre_Pres_PreLocs_LocPre_BPre6_NStem_LocSuf	AdvPre_NPrePre4_PossConc4_PreLoc-s_LocPre_BPre6_NStem_LocSuf	AdvPre_Pres_PreLocs_LocPre_BPre6_NStem_LocSuf
.	Punc	PUNC	Punc	PUNC
A_ba_bambiqhaz_a	NPrePre2_BPre2_NStem	NegPre_BPre2_VRoot_VerbTerm	NPrePre2_BPre2_NStem	NPrePre2_BPre2_VRoot_VerbTerm
ba_bhek_a	SC2_VRoot_VerbTerm	SC2_VRoot_VerbTerm	SC2_VRoot_VerbTerm	SC2_VRoot_VerbTerm
u_cwaningo	NPrePre11_BPre11_NStem	NPrePre11_NStem	NPrePre11_BPre11_NStem	NPrePre11_NStem
lwe_n_dawo	PossConc11_NPrePre9_BPre9_NStem	PossConc11_BPre9_NStem	PossConc11_NPrePre9_BPre9_NStem	PossConc11_BPre9_NStem
i__Se_ymour	NPrePre9_ProperName	NPrePre9_Pro_NStem	NPrePre9_ProperName	NPrePre7_Pro_NStem
.	Punc	PUNC	Punc	PUNC
U_ku_khul_a	NPrePre15_BPre15_VRoot_VerbTerm	NPrePre15_BPre15_VRoot_VerbTerm	NPrePre15_BPre15_VRoot_VerbTerm	NPrePre15_BPre15_VRoot_VerbTerm
nga_ma_ndla	AdvPre_NStem	AdvPre_BPre6_NStem	AdvPre_NStem	AdvPre_BPre6_NStem
kwe__Afrika	CopPre_BPre5_ProperName	PossConc15_ProperName	CopPre_BPre5_ProperName	PossConc15_ProperName
ku_phind_e	SC15_VRoot_VerbTerm	SC15_VRoot_VerbTerm	SC15_VRoot_VerbTerm	SC15_VRoot_VerbTerm
ku_hlinz_ek_e	BPre17_VRoot_NPas_VerbTerm	SC15_VRoot_NeutExt_VerbTerm	BPre17_VRoot_NPas_VerbTerm	SC15_VRoot_NeutExt_VerbTerm
nga_ma_thuba	AdvPre_NPrePre6_BPre6_NStem	AdvPre_BPre6_NStem	AdvPre_NPrePre6_BPre6_NStem	AdvPre_BPre6_NStem
a_ma_femu	NPrePre6_BPre6_NStem	NPrePre6_BPre6_NStem	NPrePre6_BPre6_NStem	NPrePre6_BPre6_NStem
ne_zi_mboni	AdvPre_NPrePre10_BPre10_NStem	AdvPre_BPre10_NStem	AdvPre_NPrePre10_BPre10_NStem	AdvPre_BPre10_NStem
za_s_e_Ningizimu	PossConc10_PreLoc-s_LocPre_NPrePre5_BPre5_ProperName	PossConc10_PreLocs_LocPre_ProperName	PossConc10_PreLoc-s_LocPre_NPrePre5_BPre5_ProperName	PossConc10_PreLocs_LocPre_ProperName
Afrika	ProperName	ProperName	ProperName	ProperName
,	Punc	PUNC	Punc	PUNC
e_za_b_a	RelConc9_Pas_AuxVStem	RelConc9_Pres_VRoot_VerbTerm	RelConc9_Pas_AuxVStem	RelConc9_Pres_VRoot_VerbTerm
ne_sandla	AdvPre_NPrePre7_BPre7_NStem	AdvPre_NStem	AdvPre_NPrePre7_BPre7_NStem	AdvPre_NStem
e_n_tuthukw_eni	RelConc9_BPre9_NStem_LocSuf	RelConc9_BPre9_NStem_LocSuf	RelConc9_BPre9_NStem_LocSuf	RelConc9_BPre9_NStem_LocSuf
ngo_ku_tshal_a	AdvPre_NPrePre15_BPre15_VRoot_VerbTerm	AdvPre_BPre15_Intrans_VerbTerm	AdvPre_NPrePre15_BPre15_VRoot_VerbTerm	AdvPre_BPre15_Intrans_VerbTerm
i_zi_mali	NPrePre10_BPre10_NStem	NPrePre10_BPre10_NStem	NPrePre10_BPre10_NStem	NPrePre10_BPre10_NStem
kwe_zo_ku_xhuman_a	LocPre_RelConc4_PossConc10_BPre15_VRoot_RecipExt_VerbTerm	PossConc15_PossConc10_BPre15_VRoot_VerbTerm	LocPre_RelConc4_PossConc10_BPre15_VRoot_RecipExt_VerbTerm	PossConc15_PossConc10_BPre15_VRoot_VerbTerm
nge_zi_ngcingo	AdvPre_NPrePre8_BPre8_NStem	AdvPre_BPre10_NStem	AdvPre_NPrePre8_BPre8_NStem	AdvPre_BPre10_NStem
,	Punc	PUNC	Punc	PUNC
e_zo_ku_bek_w_a	RelConc4_PossConc10_BPre15_VRoot_PassExt_VerbTerm	RelConc9_PossConc10_BPre15_VRoot_PassExt_VerbTerm	RelConc4_PossConc10_BPre15_VRoot_PassExt_VerbTerm	RelConc9_PossConc10_BPre15_VRoot_PassExt_VerbTerm
kwe_mali	PossConc15_NPrePre9_BPre9_NStem	PossConc15_NStem	PossConc15_NPrePre9_BPre9_NStem	PossConc15_NStem
e_ma_bhang_e	LocPre_BPre6_NStem	LocPre_BPre6_VRoot_VerbTerm	LocPre_BPre6_NStem	LocPre_BPre6_Intrans_VerbTerm
,	Punc	PUNC	Punc	PUNC
e_zo_ku_mb_iw_a	RelConc4_PossConc10_BPre15_VRoot_PassExt_VerbTerm	RelConc9_PossConc10_BPre15_VRoot_PassExt_VerbTerm	RelConc4_PossConc10_BPre15_VRoot_PassExt_VerbTerm	RelConc9_PossConc10_BPre15_VRoot_PassExt_VerbTerm
phansi	Adv	Adv	Adv	Adv
,	Punc	PUNC	Punc	PUNC
e_zo_kw_akha	RelConc4_PossConc10_BPre15_VRoot_VerbTerm	RelConc9_Fut_BPre15_NStem	RelConc4_PossConc10_BPre15_VRoot_VerbTerm	RelConc9_Fut_BPre15_NStem
ne_zo_ku_dayisa	AdvPre_RelConc4_PossConc11_BPre15_Intrans_VerbTerm	AdvPre_PossConc10_BPre15_NStem	AdvPre_RelConc4_PossConc11_BPre15_Intrans_VerbTerm	AdvPre_PossConc10_BPre15_NStem
.	Punc	PUNC	Punc	PUNC
U_ku_bamb_is_an_a	NPrePre15_BPre15_VRoot_CausExt_RecipExt_VerbTerm	NPrePre15_BPre15_VRoot_CausExt_RecipExt_VerbTerm	NPrePre15_BPre15_VRoot_CausExt_RecipExt_VerbTerm	NPrePre15_BPre15_VRoot_CausExt_RecipExt_VerbTerm
oku_no_ku_sondel_an_a	RelConc2_AdvPre_BPre15_Intrans_RecipExt_VerbTerm	RelConc15_AdvPre_BPre15_VRoot_RecipExt_VerbTerm	RelConc2_AdvPre_BPre15_Intrans_RecipExt_VerbTerm	RelConc15_AdvPre_BPre15_VRoot_RecipExt_VerbTerm
phakathi	Adv	Adv	Adv	Adv
kwa_ma_zwe	PossConc15_NPrePre6_BPre6_NStem	PossConc15_BPre6_NStem	PossConc15_NPrePre6_BPre6_NStem	PossConc15_BPre6_NStem
,	Punc	PUNC	Punc	PUNC
a_ma_femu	NPrePre6_BPre6_NStem	NPrePre6_BPre6_NStem	NPrePre6_BPre6_NStem	NPrePre6_BPre6_NStem
na_ba_ntu	AdvPre_NPrePre2_BPre2_NStem	AdvPre_BPre2_NStem	AdvPre_NPrePre2_BPre2_NStem	AdvPre_BPre2_NStem
ku_yo_jul_is_a	SC15_Fut_VRoot_CausExt_VerbTerm	SC15_Fut_VRoot_CausExt_VerbTerm	SC15_Fut_VRoot_CausExt_VerbTerm	SC15_Fut_VRoot_CausExt_VerbTerm
u_ku_hlangan_a	NPrePre15_BPre15_VRoot_VerbTerm	NPrePre15_BPre15_VRoot_VerbTerm	NPrePre15_BPre15_VRoot_VerbTerm	NPrePre15_BPre15_VRoot_VerbTerm
ko_m_notho	PossConc15_NPrePre3_BPre3_NStem	PossConc15_BPre3_NStem	PossConc15_NPrePre3_BPre3_NStem	PossConc15_BPre3_NStem
no_m_phakathi	AdvPre_NPrePre3_BPre3_NStem	AdvPre_BPre3_NStem	AdvPre_NPrePre3_BPre3_NStem	AdvPre_BPre3_NStem
,	Punc	PUNC	Punc	PUNC
ku_be	SC15_AuxVStem	SC15_AuxVStem	SC15_AuxVStem	SC15_AuxVStem
ne_sandla	AdvPre_NPrePre7_BPre7_NStem	AdvPre_NStem	AdvPre_NPrePre7_BPre7_NStem	AdvPre_NStem
e_ma_zinge_ni	LocPre_NPrePre6_BPre6_NStem_LocSuf	LocPre_BPre6_NStem_LocSuf	LocPre_NPrePre6_BPre6_NStem_LocSuf	LocPre_BPre6_NStem_LocSuf
a_phezulu	RelConc6_Adv	RelConc6_Adv	RelConc6_Adv	RelConc6_Adv
oku_khul_a	PossConc6_NPrePre15_BPre15_VRoot_VerbTerm	RelConc15_VRoot_VerbTerm	PossConc6_NPrePre15_BPre15_VRoot_VerbTerm	RelConc15_VRoot_VerbTerm
ne_n_tuthuko	AdvPre_NPrePre9_BPre9_NStem	AdvPre_BPre9_NStem	AdvPre_NPrePre9_BPre9_NStem	AdvPre_BPre9_NStem
.	Punc	PUNC	Punc	PUNC
I_n_dlel_a	NPrePre9_BPre9_NStem	NPrePre9_BPre9_VRoot_VerbTerm	NPrePre9_BPre9_NStem	NPrePre9_BPre9_VRoot_VerbTerm
es_enzanga_yo	RelConc9_SC1pp_VRoot_VerbTerm_AdvPre_PronStem9	RelConc7_NStem_RelSuf	RelConc9_SC1pp_VRoot_VerbTerm_AdvPre_PronStem9	RelConc7_NStem_RelSuf
ne_si_khol_el_w_a	AdvPre_NPrePre9_SC1pp_VRoot_ApplExt_PassExt_VerbTerm	AdvPre_SC7_VRoot_ApplExt_PassExt_VerbTerm	AdvPre_NPrePre9_SC1pp_VRoot_ApplExt_PassExt_VerbTerm	AdvPre_BPre7_VRoot_ApplExt_PassExt_VerbTerm
ku_kho	LocPre_PronStem15	LocPre_PronStem15	LocPre_PronStem15	LocPre_PronStem15
_	Punc		Punc	
nikez_a	VRoot_VerbTerm	VRoot_VerbTerm	VRoot_VerbTerm	VRoot_VerbTerm
i_si_bonelo	NPrePre7_BPre7_NStem	NPrePre7_BPre7_NStem	NPrePre7_BPre7_NStem	NPrePre7_BPre7_NStem
o_si_sus_el_a	RelConc1_SC7_VRoot_ApplExt_VerbTerm	RelConc3_OC7_VRoot_ApplExt_VerbTerm	RelConc1_SC7_VRoot_ApplExt_VerbTerm	RelConc3_SC1pp_VRoot_ApplExt_VerbTerm
e_m_pilw_eni	LocPre_BPre3_NStem_LocSuf	LocPre_BPre3_NStem_LocSuf	LocPre_BPre3_NStem_LocSuf	LocPre_BPre3_NStem_LocSuf
ya_kho	PossConc9_PronStem15	PossConc9_PronStem15	PossConc9_PronStem15	PossConc9_PronStem15
ya_nsuku_zo_nke	PossConc9_NStem	PossConc4_NStem_QuantConc8_QuantStem	PossConc9_NStem	PossConc4_QuantConc8_QuantConc8_QuantStem
lapho	Conj	Conj	Conj	Conj
lokhu	Dem15_Pos1	CDEM15	Dem15_Pos1	CDEM15
ku_be	SC15_AuxVStem	SC15_AuxVStem	SC15_AuxVStem	SC15_AuxVStem
no_m_thelel_a	AdvPre_NPrePre3_BPre3_NStem	AdvPre_BPre3_VRoot_VerbTerm	AdvPre_NPrePre3_BPre3_NStem	AdvPre_BPre3_VRoot_VerbTerm
khona	AbsPron15	AbsPron15	AbsPron15	AbsPron15
e_ku_bhek_ane_ni	LocPre_BPre15_VRoot_RecipExt_VerbTerm_LocSuf	LocPre_BPre15_VRoot_RecipExt_VerbTerm	LocPre_BPre15_VRoot_RecipExt_VerbTerm_LocSuf	LocPre_BPre15_VRoot_RecipExt_VerbTerm
kwa_kho	PossConc15_PronStem1ps	PossConc15_PronStem2	PossConc15_PronStem1ps	PossConc15_PronStem2
ne_ngxabano	AdvPre_NPrePre9_NStem	AdvPre_NStem	AdvPre_NPrePre9_NStem	AdvPre_NStem
.	Punc	PUNC	Punc	PUNC
U_ku_hlol_w_a	NPrePre15_BPre15_VRoot_PassExt_VerbTerm	NPrePre15_BPre15_VRoot_PassExt_VerbTerm	NPrePre15_BPre15_VRoot_PassExt_VerbTerm	NPrePre15_BPre15_VRoot_PassExt_VerbTerm
kwe_zi_dingo	PossConc15_NPrePre8_BPre8_NStem	PossConc15_BPre8_NStem	PossConc15_NPrePre8_BPre8_NStem	PossConc15_BPre8_NStem
no_cwaningo	AdvPre_NPrePre11_BPre11_NStem	AdvPre_NStem	AdvPre_NPrePre11_BPre11_NStem	AdvPre_NStem
lo_ku_ng_enz_ek_a	PossConc11_SC15_Pot_VRoot_NeutExt_VerbTerm	PossConc5_BPre15_Pot_VRoot_NeutExt_VerbTerm	PossConc11_SC15_Pot_VRoot_NeutExt_VerbTerm	PossConc5_BPre15_Pot_VRoot_NeutExt_VerbTerm
_	Punc		Punc	
u_ku_bhek_a	NPrePre15_BPre15_VRoot_VerbTerm	NPrePre15_BPre15_VRoot_VerbTerm	NPrePre15_BPre15_VRoot_VerbTerm	NPrePre15_BPre15_VRoot_VerbTerm
u_kuth_i	NPrePre15_BPre15_VRoot_VerbTerm	SC1_VRoot_VerbTerm	NPrePre15_BPre15_VRoot_VerbTerm	NPrePre15_VRoot_VerbTerm
yini	Interrog	Interrog	Interrog	Interrog
e_dinga	RelConc9_VRoot_VerbTerm	LocPre_NStem	RelConc9_VRoot_VerbTerm	LocPre_NStem
u_kw_enz_iw_a	NPrePre15_BPre15_VRoot_PassExt_VerbTerm	NPrePre15_BPre15_VRoot_PassExt_VerbTerm	NPrePre15_BPre15_VRoot_PassExt_VerbTerm	NPrePre15_BPre15_VRoot_PassExt_VerbTerm
no_ku_th_i	AdvPre_BPre15_VRoot_VerbTerm	AdvPre_BPre15_VRoot_VerbTerm	AdvPre_BPre15_VRoot_VerbTerm	AdvPre_BPre15_VRoot_VerbTerm
ku_ng_enz_ek_a	SC15_Pot_VRoot_NeutExt_VerbTerm	SC15_Pot_VRoot_NeutExt_VerbTerm	SC15_Pot_VRoot_NeutExt_VerbTerm	SC15_Pot_VRoot_NeutExt_VerbTerm
ka_njani	AdvPre_Interrog	AdvPre_Interrog	AdvPre_Interrog	AdvPre_Interrog
u_kuth_i	NPrePre15_BPre15_VRoot_VerbTerm	NPrePre15_VRoot_VerbTerm	NPrePre15_BPre15_VRoot_VerbTerm	NPrePre15_BPre15_VerbTerm
i_phrojekthi	NPrePre5_NStem	NPrePre5_NStem	NPrePre5_NStem	NPrePre5_NStem
i_phumelel_e	SC9_VRoot_VerbTerm	SC9_VRoot_VerbTerm	SC9_VRoot_VerbTerm	SC9_VRoot_VerbTerm
,	Punc	PUNC	Punc	PUNC
lokhu	Dem15_Pos1	CDEM15	Dem15_Pos1	CDEM15
ku_phind_e	SC15_VRoot_VerbTerm	SC15_VRoot_VerbTerm	SC15_VRoot_VerbTerm	SC15_VRoot_VerbTerm
kw_az_iw_e	SC15_VRoot_PassExt_VerbTerm	SC15_VRoot_PassExt_VerbTerm	SC15_VRoot_PassExt_VerbTerm	SC15_VRoot_PassExt_VerbTerm
njenge_si_gaba	AdvPre_BPre7_NStem	AdvPre_BPre7_NStem	AdvPre_BPre7_NStem	AdvPre_BPre7_NStem
so_ku_hlonz_w_a	PossConc7_NPrePre15_BPre15_VRoot_PassExt_VerbTerm	PossConc7_BPre15_VRoot_PassExt_VerbTerm	PossConc7_NPrePre15_BPre15_VRoot_PassExt_VerbTerm	PossConc7_BPre15_VRoot_PassExt_VerbTerm
no_ku_hlaziy_w_a	AdvPre_BPre15_VRoot_PassExt_VerbTerm	AdvPre_BPre15_VRoot_PassExt_VerbTerm	AdvPre_BPre15_VRoot_PassExt_VerbTerm	AdvPre_BPre15_VRoot_PassExt_VerbTerm
kwe_zi_phumo	PossConc15_NPrePre7_BPre7_NStem	PossConc15_BPre8_NStem	PossConc15_NPrePre7_BPre7_NStem	PossConc15_BPre8_NStem
noma	Conj	Conj	Conj	Conj
i_mi_phumel_a	NPrePre4_BPre4_NStem	NPrePre4_BPre4_Intrans_VerbTerm	NPrePre4_BPre4_NStem	NPrePre4_BPre4_VRoot_VerbTerm
yo_ku_hlel_a	PossConc9_NPrePre15_BPre15_VRoot_VerbTerm	PossConc9_BPre15_VRoot_VerbTerm	PossConc9_NPrePre15_BPre15_VRoot_VerbTerm	PossConc9_BPre15_VRoot_VerbTerm
.	Punc	PUNC	Punc	PUNC
Chaz_a	VRoot_VerbTerm	VRoot_VerbTerm	VRoot_VerbTerm	VRoot_VerbTerm
u_lw_az_i	NPrePre11_BPre11_NStem	NPrePre11_BPre11_VRoot_VerbTerm	NPrePre11_BPre11_NStem	NPrePre11_BPre11_VRoot_VerbTerm
olu_s_e_ma_nothi_ni	RelConc11_PreLoc-s_LocPre_BPre6_NStem_LocSuf	RelConc11_PreLocs_LocPre_BPre6_NStem_LocSuf	RelConc11_PreLoc-s_LocPre_BPre6_NStem_LocSuf	RelConc11_PreLocs_LocPre_BPre6_NStem_LocSuf
ezi_fundo	RelConc8_NStem	RelConc8_NStem	RelConc8_NStem	RelConc8_NStem
ku__3._1	LocPre_Num	LocPre_Num_Num	LocPre_Num	LocPre_Num_Num
ku_y_a	SC15_VRoot_VerbTerm	SC15_VRoot_VerbTerm	SC15_VRoot_VerbTerm	SC15_VRoot_VerbTerm
ku__3._2	LocPre_Num	LocPre_Num_Num	LocPre_Num	LocPre_Num_Num
.	Punc	PUNC	Punc	PUNC
I_zin_dlel_a	NPrePre10_BPre10_NStem	NPrePre10_BPre10_VRoot_VerbTerm	NPrePre10_BPre10_NStem	NPrePre10_BPre10_VRoot_VerbTerm
ne_ngqalasizinda	AdvPre_NPre9_NStem	AdvPre_NStem	AdvPre_NPre9_NStem	AdvPre_NStem
ye_zo_ku_thuth_a	PossConc9_RelConc4_PossConc10_BPre15_VRoot_CausExt_PassExt_VerbTerm	PossConc9_PossConc10_BPre15_VRoot_VerbTerm	PossConc9_RelConc4_PossConc10_BPre15_VRoot_CausExt_PassExt_VerbTerm	PossConc9_PossConc10_BPre15_VRoot_VerbTerm
u_m_phakathi	NPrePre3_BPre3_NStem	NPrePre3_BPre3_NStem	NPrePre3_BPre3_NStem	NPrePre3_BPre3_NStem
,	Punc	PUNC	Punc	PUNC
ku_bandakany_a	SC15_VRoot_VerbTerm	SC15_VRoot_VerbTerm	SC15_VRoot_VerbTerm	SC15_VRoot_VerbTerm
u_ku_vus_elel_w_a	NPrePre15_BPre15_VRoot_IntensExt_PassExt_VerbTerm	NPrePre15_BPre15_VRoot_IntensExt_PassExt_VerbTerm	NPrePre15_BPre15_VRoot_IntensExt_PassExt_VerbTerm	NPrePre15_BPre15_VRoot_IntensExt_PassExt_VerbTerm
kwe_zi_timel_a	PossConc15_NPrePre8_BPre8_NStem	PossConc15_ReflPre_VRoot_VerbTerm	PossConc15_NPrePre8_BPre8_NStem	PossConc15_BPre8_VRoot_VerbTerm
,	Punc	PUNC	Punc	PUNC
ku_sekel_w_e	SC15_VRoot_ApplExt_PassExt_VerbTerm	SC15_VRoot_PassExt_VerbTerm	SC15_VRoot_ApplExt_PassExt_VerbTerm	SC15_VRoot_PassExt_VerbTerm
u_ku_xhuman_a	NPrePre15_BPre15_VRoot_RecipExt_VerbTerm	NPrePre15_BPre15_VRoot_VerbTerm	NPrePre15_BPre15_VRoot_RecipExt_VerbTerm	NPrePre15_BPre15_VRoot_VerbTerm
oku_hloben_e	RelConc15_RelStem	RelConc15_VRoot_VerbTerm	RelConc15_RelStem	RelConc15_VRoot_VerbTerm
ne_mi_sebenzi	AdvPre_NPrePre4_BPre4_NStem	AdvPre_BPre4_NStem	AdvPre_NPrePre4_BPre4_NStem	AdvPre_BPre4_NStem
ezinz_e	RelConc4_RelStem	VRoot_VerbTerm	RelConc4_RelStem	VRoot_VerbTerm
e_m_gwaqe_ni	LocPre_NStem_LocSuf	LocPre_BPre3_NStem_LocSuf	LocPre_NStem_LocSuf	LocPre_BPre3_NStem_LocSuf
.	Punc	PUNC	Punc	PUNC
I_komiti	BPre5_NStem	NPrePre5_BPre5	BPre5_NStem	NPrePre5_BPre5
Le_wadi	PossConc5_NStem	PossConc5_NStem	PossConc5_NStem	PossConc5_NStem
li_nga_lungis_elel_a	SC5_Pot_VRoot_Perf_VerbTerm	SC5_AdvPre_VRoot_IntensExt_VerbTerm	SC5_Pot_VRoot_Perf_VerbTerm	SC5_AdvPre_VRoot_IntensExt_VerbTerm
u_hlelo	BPre11_NStem	NPrePre11_NStem	BPre11_NStem	NPrePre11_NStem
lo_ku_bik_a	Fut_VRoot_VerbTerm	PossConc5_BPre15_VRoot_VerbTerm	Fut_VRoot_VerbTerm	PossConc5_BPre15_VRoot_VerbTerm
,	Punc	PUNC	Punc	PUNC
olu_fan_a	RelConc11_VRoot_VerbTerm	RelConc11_VRoot_VerbTerm	RelConc11_VRoot_VerbTerm	RelConc11_VRoot_VerbTerm
na_lolo	CopPre_Dem3_Pos2	AdvPre_NStem	CopPre_Dem3_Pos2	AdvPre_NStem
olu_setshenz_is_w_e	RelConc11_VRoot_CausExt_PassExt_VerbTerm	RelConc11_VRoot_CausExt_PassExt_VerbTerm	RelConc11_VRoot_CausExt_PassExt_VerbTerm	RelConc11_VRoot_CausExt_PassExt_VerbTerm
u_ku_hlol_a	NPrePre15_BPre15_VRoot_VerbTerm	NPrePre15_BPre15_VRoot_VerbTerm	NPrePre15_BPre15_VRoot_VerbTerm	NPrePre15_BPre15_VRoot_VerbTerm
u_ku_sebenz_a	NPrePre15_BPre15_VRoot_VerbTerm	NPrePre15_BPre15_VRoot_VerbTerm	NPrePre15_BPre15_VRoot_VerbTerm	NPrePre15_BPre15_VRoot_VerbTerm
kwa_ba_sebenzi	PossConc15_NPrePre2_BPre2_NStem	PossConc15_BPre2_NStem	PossConc15_NPrePre2_BPre2_NStem	PossConc15_BPre2_NStem
ka_nye	AdvPre_AdjStem	AdvPre_AdjStem	AdvPre_AdjStem	AdvPre_AdjStem
na_ba_qash_w_a	AdvPre_BPre2_VRoot_PassExt_VerbTerm	AdvPre_RelConc2_VRoot_PassExt_VerbTerm	AdvPre_BPre2_VRoot_PassExt_VerbTerm	AdvPre_BPre2_VRoot_PassExt_VerbTerm
bo_m_khandlu	PossConc2_NPrePre3_BPre3_NStem	PossConc2_BPre3_NStem	PossConc2_NPrePre3_BPre3_NStem	PossConc14_BPre3_NStem
oku_chaz_w_e	RelConc15_VRoot_PassExt_VerbTerm	RelConc15_VRoot_PassExt_VerbTerm	RelConc15_VRoot_PassExt_VerbTerm	RelConc15_VRoot_PassExt_VerbTerm
kw_imojuli	LocPre_NStem	LocPre_NStem	LocPre_NStem	LocPre_NStem
4	Num	NUM	Num	NUM
.	Punc	PUNC	Punc	PUNC
Ngo_kwe_ngqalasizinda	AdvPre_NPrePre15_BPre15_NStem	AdvPre_BPre15_NStem	AdvPre_NPrePre15_BPre15_NStem	AdvPre_BPre15_NStem
e_sek_el_a	RelConc9_Intrans_ApplExt_VerbTerm	RelConc9_VRoot_ApplExt_VerbTerm	RelConc9_Intrans_ApplExt_VerbTerm	RelConc9_VRoot_ApplExt_VerbTerm
e_zoku_hlal_is_w_a	RelConc9_PossConc10_BPre15_VRoot_CausExt_PassExt_VerbTerm	LocPre_Fut_VRoot_CausExt_PassExt_VerbTerm	RelConc9_PossConc10_BPre15_VRoot_CausExt_PassExt_VerbTerm	LocPre_Fut_VRoot_CausExt_PassExt_VerbTerm
kwa_ba_ntu	PossConc15_NPrePre2_BPre2_NStem	PossConc15_BPre2_NStem	PossConc15_NPrePre2_BPre2_NStem	PossConc15_BPre2_NStem
(	Punc	PUNC	Punc	PUNC
e_ze_zi_ndlu	RelConc4_PossConc8_BPre8_NStem	RelConc9_PossConc10_BPre10_NStem	RelConc4_PossConc8_BPre8_NStem	RelConc9_PossConc10_BPre10_NStem
,	Punc	PUNC	Punc	PUNC
e_za_manzi	RelConc4_PossConc10_NStem	RelConc9_PossConc10_NStem	RelConc4_PossConc10_NStem	RelConc9_Pres_NStem
,	Punc	PUNC	Punc	PUNC
u_ku_sus_w_a	NPrePre15_BPre15_Intrans_PassExt_VerbTerm	NPrePre15_BPre15_VRoot_PassExt_VerbTerm	NPrePre15_BPre15_Intrans_PassExt_VerbTerm	NPrePre15_BPre15_VRoot_PassExt_VerbTerm
k_oku_ngcola	PossConc15_RelConc15_VRoot_VerbTerm	NPre15_RelConc15_NStem	PossConc15_RelConc15_VRoot_VerbTerm	PossConc15_RelConc15_NStem
,	Punc	PUNC	Punc	PUNC
e_ze_mi_gwaqo	RelConc4_PossConc10_BPre4_NStem	RelConc9_PossConc8_BPre4_NStem	RelConc4_PossConc10_BPre4_NStem	RelConc9_PossConc8_BPre4_NStem
,	Punc	PUNC	Punc	PUNC
a_ma_pak_i	NPrePre6_BPre6_NStem	NPrePre6_BPre6_VRoot_VerbTerm	NPrePre6_BPre6_NStem	NPrePre6_BPre6_VRoot_VerbTerm
,	Punc	PUNC	Punc	PUNC
njalo	Adv	Adv	Adv	Adv
njalo	Adv	Adv	Adv	Adv
njalo	Adv	Adv	Adv	Adv
)	Punc	PUNC	Punc	PUNC
i_si_thombe	NPrePre7_BPre7_NStem	NPrePre7_BPre7_NStem	NPrePre7_BPre7_NStem	NPrePre7_BPre7_NStem
si_dida	SC7_Intrans_VerbTerm	CopPre_NStem	SC7_Intrans_VerbTerm	BPre7_NStem
ngo_ku_ngena_si_dingo	AdvPre_NPrePre15_BPre15_NegPre_NStem	AdvPre_BPre15_NegPre_BPre7_NStem	AdvPre_NPrePre15_BPre15_NegPre_NStem	AdvPre_BPre15_NegPre_BPre7_NStem
.	Punc	PUNC	Punc	PUNC
U_m_sebenzi	NPrePre3_BPre3_NStem	NPrePre3_BPre3_NStem	NPrePre3_BPre3_NStem	NPrePre3_BPre3_NStem
wo_ku_hlel_a	PossConc1a_NPrePre15_Intrans_VerbTerm	PossConc1a_NPrePre15_Intrans_VerbTerm	PossConc1a_NPrePre15_Intrans_VerbTerm	PossConc3_BPre15_Intrans_VerbTerm
u_s_e_zinge_ni	RelConc3_PreLoc-s_LocPre_VRoot_VerbTerm_LocSuf	BPre1_PreLocs_LocPre_NStem_LocSuf	RelConc3_PreLoc-s_LocPre_VRoot_VerbTerm_LocSuf	BPre1_PreLocs_LocPre_NStem_LocSuf
le_zin_dawo	PossConc5_NPrePre10_BPre10_NStem	PossConc5_BPre10_NStem	PossConc5_NPrePre10_BPre10_NStem	PossConc5_BPre10_NStem
,	Punc	PUNC	Punc	PUNC
u_m_sebenzi	NPrePre3_BPre3_NStem	NPrePre3_BPre3_NStem	NPrePre3_BPre3_NStem	NPrePre3_BPre3_NStem
we_ze_zi_ndlu	PossConc3_RelConc9_PossConc10_BPre10_NStem	PossConc3_PossConc8_BPre10_NStem	PossConc3_RelConc9_PossConc10_BPre10_NStem	PossConc3_PossConc10_BPre10_NStem
u_s_e_zinge_ni	RelConc3_PreLoc-s_LocPre_VRoot_VerbTerm_LocSuf	RelConc3_PreLocs_LocPre_NStem_LocSuf	RelConc3_PreLoc-s_LocPre_VRoot_VerbTerm_LocSuf	BPre1_PreLocs_LocPre_NStem_LocSuf
le_si_fundazwe	PossConc5_NPrePre7_BPre7_NStem	PossConc5_BPre7_NStem	PossConc5_NPrePre7_BPre7_NStem	PossConc5_BPre7_NStem
,	Punc	PUNC	Punc	PUNC
u_ku_zi_bophezel_a	NPrePre15_BPre15_ReflPre_VRoot_Perf_VerbTerm	NPrePre15_BPre15_ReflPre_VRoot_VerbTerm	NPrePre15_BPre15_ReflPre_VRoot_Perf_VerbTerm	NPrePre15_BPre15_ReflPre_VRoot_VerbTerm
ngo_ku_hlinzek_w_a	AdvPre_NPrePre15_BPre15_NStem	AdvPre_BPre15_VRoot_PassExt_VerbTerm	AdvPre_NPrePre15_BPre15_NStem	AdvPre_BPre15_VRoot_PassExt_VerbTerm
kwa_ma_nzi	PossConc15_NPrePre6_BPre6_NStem	PossConc15_BPre6_NStem	PossConc15_NPrePre6_BPre6_NStem	PossConc15_BPre6_NStem
no_gesi	AdvPre_NPrePre1a_NStem	AdvPre_NStem	AdvPre_NPrePre1a_NStem	AdvPre_NStem
ku_hlukan_is_w_e	SC15_VRoot_CausExt_PassExt_VerbTerm	SC15_VRoot_CausExt_PassExt_VerbTerm	SC15_VRoot_CausExt_PassExt_VerbTerm	SC15_VRoot_CausExt_PassExt_VerbTerm
phakathi	Adv	Adv	Adv	Adv
kwa_labo	PossConc15_Dem2_Pos2	PossConc15_NStem	PossConc15_Dem2_Pos2	PossConc15_NStem
oku_m_el_e	RelConc15_VRoot_ApplExt_VerbTerm	RelConc15_VRoot_ApplExt_VerbTerm	RelConc15_VRoot_ApplExt_VerbTerm	RelConc15_VRoot_ApplExt_VerbTerm
b_enz_e	SC2_VRoot_VerbTerm	SC2_VRoot_VerbTerm	SC2_VRoot_VerbTerm	SC2_VRoot_VerbTerm
i_mi_sebenzi	NPrePre4_BPre4_Intrans_VerbTerm	NPrePre4_BPre4_NStem	NPrePre4_BPre4_Intrans_VerbTerm	NPrePre4_BPre4_NStem
e_mi_khulu	AdjPref4_AdjStem	AdjPref9_BPre4_AdjStem	AdjPref4_AdjStem	RelConc4_BPre4_AdjStem
ne_si_khwama	CopPre_NPrePre7_BPre7_NStem	AdvPre_BPre7_NStem	CopPre_NPrePre7_BPre7_NStem	AdvPre_BPre7_NStem
.	Punc	PUNC	Punc	PUNC
Ngo_kwa_nge_mpela	AdvPre_PossConc15_CopPre_BPre3_Adv	AdvPre_PossConc15_AdvPre_Adv	AdvPre_PossConc15_CopPre_BPre3_Adv	AdvPre_PossConc15_AdvPre_Adv
,	Punc	PUNC	Punc	PUNC
lezi	Dem10_Pos1	CDEM10	Dem10_Pos1	CDEM10
zin_hlelo	BPre10_NStem	BPre10_NStem	BPre10_NStem	BPre10_NStem
a_zi_sebenzi	NegPre_SC8_VRoot_VerbTerm	RelConc6_BPre8_NStem	NegPre_SC8_VRoot_VerbTerm	RelConc6_BPre8_NStem
.	Punc	PUNC	Punc	PUNC
Ngo_ku_vam_il_e	AdvPre_NPrePre15_BPre15_VRoot_Perf	AdvPre_BPre15_Intrans_Perf_VerbTerm	AdvPre_NPrePre15_BPre15_VRoot_Perf	AdvPre_BPre15_VRoot_Perf_VerbTerm
,	Punc	PUNC	Punc	PUNC
e_zoku_hlal_is_w_a	RelConc4_PossConc10_BPre15_VRoot_CausExt_PassExt_VerbTerm	LocPre_Fut_VRoot_CausExt_PassExt_VerbTerm	RelConc4_PossConc10_BPre15_VRoot_CausExt_PassExt_VerbTerm	LocPre_Fut_VRoot_CausExt_PassExt_VerbTerm
ko_m_phakathi	PossConc15_NPrePre3_BPre3_NStem	PossConc15_BPre3_NStem	PossConc15_NPrePre3_BPre3_NStem	PossConc15_BPre3_NStem
a_zi_hlel_ek_il_e	SC8_Intrans_NPas_Perf_VerbTerm	NegPre_SC8_VRoot_NeutExt_Perf_VerbTerm	SC8_Intrans_NPas_Perf_VerbTerm	NegPre_SC8_VRoot_NeutExt_Perf_VerbTerm
ka_hle	AdvPre_Adv	AdvPre_AdjStem	AdvPre_Adv	AdvPre_AdjStem
,	Punc	PUNC	Punc	PUNC
ku_no_ku_bamb_is_an_a	BPre17_CopPre_BPre15_Intrans_CausExt_RecipExt_VerbTerm	LocPre_AdvPre_BPre15_VRoot_CausExt_RecipExt_VerbTerm	BPre17_CopPre_BPre15_Intrans_CausExt_RecipExt_VerbTerm	SC15_AdvPre_BPre15_VRoot_CausExt_RecipExt_VerbTerm
oku_ncane	AdjPref15_AdjStem	AdjPref15_AdjStem	AdjPref15_AdjStem	AdjPref15_AdjStem
phakathi	Adv	Adv	Adv	Adv
kwa_labo	PossConc15_Dem2_Pos2	PossConc15_NStem	PossConc15_Dem2_Pos2	PossConc15_NStem
aba_fak_a	RelConc2_Intrans_VerbTerm	RelConc2_VRoot_VerbTerm	RelConc2_Intrans_VerbTerm	RelConc2_VRoot_VerbTerm
i_zi_ngqalasizinda	NPrePre10_BPre10_NStem	NPrePre10_BPre10_NStem	NPrePre10_BPre10_NStem	NPrePre10_BPre10_NStem
za_manzi	PossConc8_NPrePre6_BPre6_NStem	PossConc10_NStem	PossConc8_NPrePre6_BPre6_NStem	PossConc8_NStem
na_labo	CopPre_Dem2_Pos2	AdvPre_NStem	CopPre_Dem2_Pos2	AdvPre_NStem
aba_hlinzek_a	RelConc2_VRoot_NeutExt_VerbTerm	RelConc2_VRoot_VerbTerm	RelConc2_VRoot_NeutExt_VerbTerm	RelConc2_Intrans_VerbTerm
nge_ngqalasizinda	AdvPre_NStem	AdvPre_NStem	AdvPre_NStem	AdvPre_NStem
e_nkulu	AdjPref9_AdjStem	AdjPref9_AdjStem	AdjPref9_AdjStem	LocPre_NStem
.	Punc	PUNC	Punc	PUNC
U_m_sebenzi	NPrePre3_BPre3_NStem	NPrePre3_BPre3_NStem	NPrePre3_BPre3_NStem	NPrePre3_BPre3_NStem
we_ze_zi_ndlu	PossConc3_RelConc9_PossConc10_BPre10_NStem	PossConc3_PossConc10_BPre10_NStem	PossConc3_RelConc9_PossConc10_BPre10_NStem	PossConc3_PossConc8_BPre10_NStem
ku_mel_e	SC15_VRoot_VerbTerm	SC15_VRoot_VerbTerm	SC15_VRoot_VerbTerm	SC15_VRoot_VerbTerm
u_y_e	SC2_VRoot_VerbTerm	SC3_VRoot_VerbTerm	SC2_VRoot_VerbTerm	SC2_VRoot_VerbTerm
ezi_nge_ni	LocPre_NStem_LocSuf	RelConc8_NegPre_LocSuf	LocPre_NStem_LocSuf	RelConc8_NegPre_VerbTerm
lapho	Dem16_Pos2	Conj	Dem16_Pos2	Conj
oku_hlel_w_a	RelConc15_VRoot_PassExt_VerbTerm	RelConc15_VRoot_PassExt_VerbTerm	RelConc15_VRoot_PassExt_VerbTerm	RelConc15_VRoot_PassExt_VerbTerm
khona	PronStem15_PronSuf	AbsPron15	PronStem15_PronSuf	AbsPron15
:	Punc	PUNC	Punc	PUNC
ezi_nge_ni	LocPre_NStem_LocSuf	RelConc10_NegPre_Interrog	LocPre_NStem_LocSuf	RelConc10_NegPre_InterrogSuf
li_ka_masipala	NPrePre5_PossKA_NStem	NPrePre5_PossKA_NStem	NPrePre5_PossKA_NStem	NPrePre5_PossKA_NStem
.	Punc	PUNC	Punc	PUNC
Lolu	Dem11_Pos1	CDEM11	Dem11_Pos1	CDEM11
hlelo	NStem	NStem	NStem	NStem
lu_vez_a	SC11_Intrans_VerbTerm	CopPre_VRoot_VerbTerm	SC11_Intrans_VerbTerm	CopPre_VRoot_VerbTerm
i_zi_ncomo	NPrePre8_BPre8_NStem	NPrePre8_BPre10_NStem	NPrePre8_BPre8_NStem	NPrePre10_BPre8_NStem
zo_ku_thuthuk_is_w_a	PossConc8_NPre15_VRoot_CausExt_PassExt_VerbTerm	PossConc10_BPre15_VRoot_CausExt_PassExt_VerbTerm	PossConc8_NPre15_VRoot_CausExt_PassExt_VerbTerm	PossConc10_BPre15_VRoot_CausExt_PassExt_VerbTerm
nge_m_pumelelo	AdvPre_NStem	AdvPre_BPre3_NStem	AdvPre_NStem	AdvPre_BPre3_NStem
kwe_zin_dawo	PossConc15_NPrePre10_BPre10_NStem	PossConc15_BPre10_NStem	PossConc15_NPrePre10_BPre10_NStem	PossConc15_BPre10_NStem
za_s_e_ma_dolobhe_ni	PossConc8_PreLoc-s_LocPre_BPre6_NStem_LocSuf	PossConc8_PreLocs_LocPre_BPre6_NStem_LocSuf	PossConc8_PreLoc-s_LocPre_BPre6_NStem_LocSuf	PossConc8_PreLocs_LocPre_BPre6_NStem_LocSuf
.	Punc	PUNC	Punc	PUNC
En_ye	RelConc5_EnumStem	AdjPref9_AdjStem	RelConc5_EnumStem	AdjPref9_AdjStem
i_projekthi	NPrePre5_NStem	NPrePre5_NStem	NPrePre5_NStem	NPrePre5_NStem
yo_ku_thuthuk_is_a	PossConc4_NPrePre15_BPre15_VRoot_CausExt_VerbTerm	PossConc9_BPre15_VRoot_CausExt_VerbTerm	PossConc4_NPrePre15_BPre15_VRoot_CausExt_VerbTerm	PossConc9_BPre15_VRoot_CausExt_VerbTerm
i_zin_dawo	NPrePre10_BPre10_NStem	NPrePre10_BPre10_NStem	NPrePre10_BPre10_NStem	NPrePre10_BPre10_NStem
za_s_e_ma_khaya	PossConc10_PreLoc-s_LocPre_BPre6_NStem	PossConc10_PreLocs_LocPre_BPre6_NStem	PossConc10_PreLoc-s_LocPre_BPre6_NStem	PossConc10_PreLocs_LocPre_BPre6_NStem
y_akhiph_a	SC5_VRoot_VerbTerm	SC9_VRoot_VerbTerm	SC5_VRoot_VerbTerm	SC4_VRoot_VerbTerm
i_zi_mali	NPrePre10_BPre10_NStem	NPrePre10_BPre10_NStem	NPrePre10_BPre10_NStem	NPrePre10_BPre10_NStem
ezi_bolek_is_a_yo	RelConc10_VRoot_CausExt_VerbTerm_RelSuf	RelConc10_VRoot_CausExt_VerbTerm_RelSuf	RelConc10_VRoot_CausExt_VerbTerm_RelSuf	RelConc10_VRoot_CausExt_VerbTerm_RelSuf
kwa_be_si_lis_a	PossConc15_NPrePre2_BPre2_BPre7_NStem	PossConc15_BPre2_OC7_VRoot_VerbTerm	PossConc15_NPrePre2_BPre2_BPre7_NStem	PossConc15_BPre2_SC1pp_VRoot_VerbTerm
njenge_zin_hloko	AdvPre_NPrePre10_BPre10_NStem	AdvPre_BPre10_NStem	AdvPre_NPrePre10_BPre10_NStem	AdvPre_BPre10_NStem
ze_mi_zi	PossConc10_NPrePre4_BPre4_NStem	PossConc8_BPre4_NStem	PossConc10_NPrePre4_BPre4_NStem	PossConc10_BPre4_NStem
u_ku_b_a	Conj	NPrePre15_BPre15_VRoot_VerbTerm	Conj	NPrePre15_BPre15_VRoot_VerbTerm
a_qal_e	SC2_VRoot_VerbTerm	SC6_VRoot_VerbTerm	SC2_VRoot_VerbTerm	SC6_VRoot_VerbTerm
a_ma_pulazi	NPrePre6_BPre6_NStem	NPrePre6_BPre6_NStem	NPrePre6_BPre6_NStem	NPrePre6_BPre6_NStem
oku_lima	RelConc15_VRoot_VerbTerm	RelConc15_NStem	RelConc15_VRoot_VerbTerm	RelConc15_NStem
a_ma_ncane	AdjPref6_AdjStem	NPrePre6_BPre6_AdjStem	AdjPref6_AdjStem	NPrePre6_BPre6_AdjStem
.	Punc	PUNC	Punc	PUNC
Lokhu	Dem15_Pos1	CDEM15	Dem15_Pos1	CDEM15
kwa_ku_y_i_m_pendulo	PossConc15_NPrePre15_BPre15_CopPre_NStem	PossConc15_BPre15_CopPre_NPrePre9_BPre3_NStem	PossConc15_NPrePre15_BPre15_CopPre_NStem	PossConc15_BPre15_CopPre_NPrePre9_BPre3_NStem
yo_ku_hlol_w_a	PossConc9_NPrePre15_BPre15_VRoot_PassExt_VerbTerm	PossConc9_BPre15_VRoot_PassExt_VerbTerm	PossConc9_NPrePre15_BPre15_VRoot_PassExt_VerbTerm	PossConc9_BPre15_VRoot_PassExt_VerbTerm
kwe_zi_dingo	PossConc15_NPrePre8_BPre8_NStem	PossConc15_BPre8_NStem	PossConc15_NPrePre8_BPre8_NStem	PossConc15_BPre8_NStem
e_ya_thol_a	RelConc9_Pres_VRoot_VerbTerm	RelConc9_Pres_VRoot_VerbTerm	RelConc9_Pres_VRoot_VerbTerm	RelConc9_Pres_VRoot_VerbTerm
u_kuth_i	Conj	NPrePre15_VRoot_VerbTerm	Conj	NPrePre15_BPre15_VerbTerm
e_zo_limo	RelConc9_PossConc9_NPrePre11_NStem	RelConc9_PossConc10_NStem	RelConc9_PossConc9_NPrePre11_NStem	RelConc9_PossConc10_NStem
e_n_dawe_ni	LocPre_BPre9_NStem_LocSuf	LocPre_BPre9_NStem_LocSuf	LocPre_BPre9_NStem_LocSuf	LocPre_BPre9_NStem_LocSuf
za_zi_dinga	SC8_SC8_VRoot_VerbTerm	PossConc10_BPre8_NStem	SC8_SC8_VRoot_VerbTerm	PossConc10_BPre8_NStem
u_ku_xhas_w_a	NPrePre15_BPre15_VRoot_PassExt_VerbTerm	NPrePre15_BPre15_VRoot_PassExt_VerbTerm	NPrePre15_BPre15_VRoot_PassExt_VerbTerm	NPrePre15_BPre15_VRoot_PassExt_VerbTerm
nge_zi_mali	AdvPre_NPrePre10_BPre10_NStem	AdvPre_BPre10_NStem	AdvPre_NPrePre10_BPre10_NStem	AdvPre_BPre10_NStem
u_kuze	Conj	NPrePre1a_NStem	Conj	NPrePre15_NStem
zi_kw_az_i	SC10_OC15_VRoot_VerbTerm	SC8_OC15_VRoot_VerbTerm	SC10_OC15_VRoot_VerbTerm	SC8_OC15_VRoot_VerbTerm
u_ku_khiqiz_a	NPrePre15_BPre15_VRoot_VerbTerm	NPrePre15_BPre15_VRoot_VerbTerm	NPrePre15_BPre15_VRoot_VerbTerm	NPrePre15_BPre15_VRoot_VerbTerm
.	Punc	PUNC	Punc	PUNC
Nge_si_khathi	AdvPre_NPrePre7_BPre7_NStem	AdvPre_BPre7_NStem	AdvPre_NPrePre7_BPre7_NStem	AdvPre_BPre7_NStem
a_ma_projekthi	NPrePre6_BPre6_NStem	NPrePre6_BPre6_NStem	NPrePre6_BPre6_NStem	NPrePre6_BPre6_NStem
a_ma_ningi	AdjPref6_AdjStem	NPrePre6_BPre6_AdjStem	AdjPref6_AdjStem	NPrePre6_BPre6_AdjStem
ku_lawa	BPre15_Dem5_Pos1	BPre17_NStem	BPre15_Dem5_Pos1	BPre17_NStem
e_hlul_ek_a	RelConc5_VRoot_NeutExt_VerbTerm	RelConc9_VRoot_NPas_VerbTerm	RelConc5_VRoot_NeutExt_VerbTerm	RelConc9_VRoot_NPas_VerbTerm
aba_xhasi	NPrePre2_BPre2_NStem	RelConc2_NStem	NPrePre2_BPre2_NStem	RelConc2_NStem
nge_zi_mali	AdvPre_NPrePre10_BPre10_NStem	AdvPre_BPre10_NStem	AdvPre_NPrePre10_BPre10_NStem	AdvPre_BPre10_NStem
ba_pheny_a	SC2_VRoot_VerbTerm	SC2_VRoot_VerbTerm	SC2_VRoot_VerbTerm	SC2_VRoot_VerbTerm
ba_thol_a	SC2_VRoot_VerbTerm	SC2_VRoot_VerbTerm	SC2_VRoot_VerbTerm	SC2_VRoot_VerbTerm
u_kuth_i	Conj	NPrePre15_VRoot_VerbTerm	Conj	NPrePre15_VRoot_VerbTerm
i_zi_mali	NPrePre10_BPre10_NStem	NPrePre10_BPre10_NStem	NPrePre10_BPre10_NStem	NPrePre10_BPre10_NStem
e_za_zi_bolek_iw_e	RelConc9_SC10_SC10_VRoot_PassExt_VerbTerm	RelConc9_PossConc8_ReflPre_VRoot_PassExt_VerbTerm	RelConc9_SC10_SC10_VRoot_PassExt_VerbTerm	RelConc9_PossConc8_ReflPre_VRoot_PassExt_VerbTerm
za_zinga_setshenz_is_el_w_a	SC10_SC10_Pot_VRoot_CausExt_ApplExt_PassExt_VerbTerm	SC10_VRoot_VRoot_CausExt_ApplExt_PassExt_VerbTerm	SC10_SC10_Pot_VRoot_CausExt_ApplExt_PassExt_VerbTerm	PossConc10_VRoot_VRoot_CausExt_ApplExt_PassExt_VerbTerm
u_ku_lima	NPrePre15_BPre15_VRoot_VerbTerm	NPrePre15_BPre15_NStem	NPrePre15_BPre15_VRoot_VerbTerm	NPrePre15_BPre15_NStem
,	Punc	PUNC	Punc	PUNC
noma	Conj	Conj	Conj	Conj
zi_setshenz_is_iw_e	SC10_VRoot_CausExt_PassExt_VerbTerm	SC10_VRoot_CausExt_PassExt_VerbTerm	SC10_VRoot_CausExt_PassExt_VerbTerm	SC10_VRoot_CausExt_PassExt_VerbTerm
,	Punc	PUNC	Punc	PUNC
kwa_kuba	SC15_SC15_AuxVStem	PossConc15_Conj	SC15_SC15_AuxVStem	PossConc15_Conj
zi_setshenz_is_el_w_e	SC10_VRoot_CausExt_ApplExt_PassExt_VerbTerm	SC10_VRoot_CausExt_ApplExt_PassExt_VerbTerm	SC10_VRoot_CausExt_ApplExt_PassExt_VerbTerm	SC10_VRoot_CausExt_ApplExt_PassExt_VerbTerm
i_zi_nto	NPrePre10_BPre10_NStem	NPrePre8_BPre10_NStem	NPrePre10_BPre10_NStem	NPrePre8_BPre8_NStem
ezi_nga_fanel_ek_il_e	RelConc10_NegPre_VRoot_NeutExt_Perf_VerbTerm	RelConc10_NegPre_VRoot_NPas_Perf_VerbTerm	RelConc10_NegPre_VRoot_NeutExt_Perf_VerbTerm	RelConc10_NegPre_VRoot_NeutExt_Perf_VerbTerm
.	Punc	PUNC	Punc	PUNC
Ba_buy_e	SC2_VRoot_VerbTerm	SC2_VRoot_VerbTerm	SC2_VRoot_VerbTerm	SC2_VRoot_VerbTerm
ba_thol_a	SC2_VRoot_VerbTerm	SC2_VRoot_VerbTerm	SC2_VRoot_VerbTerm	SC2_VRoot_VerbTerm
u_kuth_i	Conj	NPrePre15_BPre15_VerbTerm	Conj	NPrePre15_BPre15_VerbTerm
yi_ze	CopPre_NStem	CopPre_AuxVStem	CopPre_NStem	CopPre_NStem
noma	Conj	Conj	Conj	Conj
u_ku_lima	NPrePre15_BPre15_VRoot_VerbTerm	NPrePre15_BPre15_NStem	NPrePre15_BPre15_VRoot_VerbTerm	NPrePre15_BPre15_NStem
kwa_kw_enz_iw_a	SC15_SC15_VRoot_PassExt_VerbTerm	PossConc15_BPre15_VRoot_PassExt_VerbTerm	SC15_SC15_VRoot_PassExt_VerbTerm	PossConc15_BPre15_VRoot_PassExt_VerbTerm
ka_hle	AdvPre_AdjStem	AdvPre_AdjStem	AdvPre_AdjStem	AdvPre_AdjStem
nga_ba_ntu	AdvPre_NPrePre2_BPre2_NStem	AdvPre_BPre2_NStem	AdvPre_NPrePre2_BPre2_NStem	AdvPre_BPre2_NStem
be_si_fazane	PossConc2_NPrePre7_BPre7_NStem	PossConc2_BPre7_NStem	PossConc2_NPrePre7_BPre7_NStem	PossConc2_BPre7_NStem
futh_i	Conj	VRoot_VerbTerm	Conj	VRoot_VerbTerm
i_ningi	NPrePre5_AdjStem	NPrePre9_AdjStem	NPrePre5_AdjStem	NPrePre9_AdjStem
la_be_si_lis_a	PossConc5_BPre2_BPre7_NStem	PossConc5_BPre2_SC1pp_VRoot_VerbTerm	PossConc5_BPre2_BPre7_NStem	PossConc5_BPre2_SC1pp_VRoot_VerbTerm
li_hambil_e	SC5_VRoot_Perf_VerbTerm	SC5_VRoot_VerbTerm	SC5_VRoot_Perf_VerbTerm	SC5_VRoot_VerbTerm
la_yo_sebenz_a	SC5_Fut_VRoot_VerbTerm	PossConc5_Fut_VRoot_VerbTerm	SC5_Fut_VRoot_VerbTerm	PossConc5_Fut_VRoot_VerbTerm
e_ma_dolobhe_ni	LocPre_BPre6_NStem_LocSuf	LocPre_BPre6_NStem_LocSuf	LocPre_BPre6_NStem_LocSuf	LocPre_BPre6_NStem_LocSuf
kodwa	Conj	Conj	Conj	Conj
i_zi_mali	NPrePre10_BPre10_NStem	NPrePre10_BPre10_NStem	NPrePre10_BPre10_NStem	NPrePre10_BPre10_NStem
ezi_bolek_is_a_yo	RelConc8_VRoot_CausExt_VerbTerm_RelSuf	RelConc10_VRoot_CausExt_VerbTerm_RelSuf	RelConc8_VRoot_CausExt_VerbTerm_RelSuf	RelConc10_VRoot_CausExt_VerbTerm_RelSuf
za_zi_nikez_w_e	SC8_SC8_VRoot_PassExt_VerbTerm	SC10_ReflPre_VRoot_PassExt_VerbTerm	SC8_SC8_VRoot_PassExt_VerbTerm	SC8_ReflPre_VRoot_PassExt_VerbTerm
a_be_si_lis_a	NPrePre2_BPre2_BPre7_NStem	NPrePre2_SC2_BPre7_VRoot_VerbTerm	NPrePre2_BPre2_BPre7_NStem	NPrePre2_BPre2_SC1pp_VRoot_VerbTerm
ngenxa	Conj	Conj	Conj	Conj
yo_m_sebenzi	PossConc3_NPrePre3_BPre3_NStem	PossConc4_BPre3_NStem	PossConc3_NPrePre3_BPre3_NStem	PossConc4_BPre3_NStem
wa_bo	PossConc2_PronStem2	PossConc3_PronStem2	PossConc2_PronStem2	PossConc3_PronStem2
wo_ku_b_a	PossConc3_Conj	PossConc3_BPre15_VRoot_VerbTerm	PossConc3_Conj	PossConc3_BPre15_VRoot_VerbTerm
y_i_zin_hloko	CopPre_BPre10_NStem	CopPre_NPrePre10_BPre10_NStem	CopPre_BPre10_NStem	CopPre_NPrePre10_BPre10_NStem
ze_mi_ndeni	PossConc10_NPrePre4_BPre4_NStem	PossConc8_BPre4_NStem	PossConc10_NPrePre4_BPre4_NStem	PossConc8_BPre4_NStem
ngo_kosiko	AdvPre_NPrePre11_PossConc15_NPrePre15_NStem	AdvPre_NStem	AdvPre_NPrePre11_PossConc15_NPrePre15_NStem	AdvPre_NStem
,	Punc	PUNC	Punc	PUNC
ba_be_nz_a	SC2_SC2_VRoot_VerbTerm	SC2_SC2_VRoot_VerbTerm	SC2_SC2_VRoot_VerbTerm	SC2_SC2_VRoot_VerbTerm
i_zin_qumo	NPrePre10_BPre10_NStem	NPrePre10_BPre10_NStem	NPrePre10_BPre10_NStem	NPrePre10_BPre10_NStem
ngo_ku_th_i	AdvPre_Conj	AdvPre_BPre15_VRoot_VerbTerm	AdvPre_Conj	AdvPre_BPre15_VRoot_VerbTerm
ba_nga_yi_sebenz_is_a	SC2_Pot_OC9_VRoot_CausExt_VerbTerm	SC2_Pot_OC4_VRoot_CausExt_VerbTerm	SC2_Pot_OC9_VRoot_CausExt_VerbTerm	SC2_Pot_CopPre_VRoot_CausExt_VerbTerm
ka_njani	AdvPre_Interrog	AdvPre_Interrog	AdvPre_Interrog	AdvPre_Interrog
i_mali	NPrePre9_NStem	NPrePre9_NStem	NPrePre9_NStem	NPrePre9_NStem
.	Punc	PUNC	Punc	PUNC
I_zi_thangami	NPrePre8_BPre8_NStem	NPrePre8_BPre8_NStem	NPrePre8_BPre8_NStem	NPrePre8_BPre8_NStem
se_sabelomali	PossConc7_NStem	PossConc7_NStem	PossConc7_NStem	PossConc7_NStem
y_i_mi_hlangano	NPre4_NPrePre4_BPre4_NStem	CopPre_NPrePre4_BPre4_NStem	NPre4_NPrePre4_BPre4_NStem	CopPre_NPrePre4_BPre4_NStem
e_kheth_ek_il_e	SC4_VRoot_NPas_Perf_VerbTerm	RelConc9_VRoot_NeutExt_Perf_VerbTerm	SC4_VRoot_NPas_Perf_VerbTerm	RelConc4_VRoot_NPas_Perf_VerbTerm
e_nikez_el_a	RelConc9_VRoot_ApplExt_VerbTerm	RelConc9_VRoot_ApplExt_VerbTerm	RelConc9_VRoot_ApplExt_VerbTerm	RelConc9_VRoot_ApplExt_VerbTerm
ngo_lw_az_i	AdvPre_BPre11_NStem	AdvPre_BPre11_VRoot_VerbTerm	AdvPre_BPre11_NStem	AdvPre_BPre11_VRoot_VerbTerm
oku_m_el_e	RelConc15_VRoot_ApplExt_VerbTerm	RelConc15_VRoot_ApplExt_VerbTerm	RelConc15_VRoot_ApplExt_VerbTerm	RelConc15_VRoot_ApplExt_VerbTerm
u_ku_b_a	Conj	NPrePre15_BPre15_VRoot_VerbTerm	Conj	NPrePre15_BPre15_VRoot_VerbTerm
i_setshenz_is_w_e	SC4_VRoot_CausExt_PassExt_VerbTerm	SC9_VRoot_CausExt_PassExt_VerbTerm	SC4_VRoot_CausExt_PassExt_VerbTerm	SC9_VRoot_CausExt_PassExt_VerbTerm
nga_ma_khansela	AdvPre_BPre6_NStem	AdvPre_BPre6_NStem	AdvPre_BPre6_NStem	AdvPre_BPre6_NStem
ezi_gceme	RelConc8_NStem	RelConc8_NStem	RelConc8_NStem	RelConc8_NStem
u_ku_xox_a	NPrePre15_BPre15_VRoot_VerbTerm	NPrePre15_BPre15_VRoot_VerbTerm	NPrePre15_BPre15_VRoot_VerbTerm	NPrePre15_BPre15_VRoot_VerbTerm
mayela_na	NStem_DimSuf	NStem_DimSuf	NStem_DimSuf	NStem_DimSuf
ne_n_tuthuko	AdvPre_NPrePre9_BPre9_NStem	AdvPre_BPre9_NStem	AdvPre_NPrePre9_BPre9_NStem	AdvPre_BPre9_NStem
e_se_y_enz_iw_e	LocPre_AuxVStem_CopPre_VRoot_PassExt_VerbTerm	RelConc9_Pro_CopPre_VRoot_PassExt_VerbTerm	LocPre_AuxVStem_CopPre_VRoot_PassExt_VerbTerm	RelConc9_AuxVStem_CopPre_VRoot_PassExt_VerbTerm
ku_sabelomali	BPre17_NStem	BPre17_NStem	BPre17_NStem	BPre17_NStem
a_phind_e	SC6_VRoot_VerbTerm	SC6_VRoot_VerbTerm	SC6_VRoot_VerbTerm	SC6_VRoot_VerbTerm
a_chaz_e	SC2_Intrans_VerbTerm	SC6_VRoot_VerbTerm	SC2_Intrans_VerbTerm	SC6_VRoot_VerbTerm
na_nga_lokho	AdvPre_NStem	AdvPre_AdvPre_NStem	AdvPre_NStem	CopPre_AdvPre_NStem
oku_shintshiw_e	RelConc15_VRoot_PassExt_VerbTerm	RelConc15_Intrans_VerbTerm	RelConc15_VRoot_PassExt_VerbTerm	RelConc15_VRoot_VerbTerm
ezin_hlelw_eni	RelConc8_BPre9_NStem_LocSuf	AdjPref10_NStem_LocSuf	RelConc8_BPre9_NStem_LocSuf	AdjPref10_NStem_LocSuf
za_s_e_ku_qale_ni	PossConc8_PreLoc-s_LocPre_BPre15_NStem_LocSuf	PossConc10_PreLocs_LocPre_BPre15_NStem_LocSuf	PossConc8_PreLoc-s_LocPre_BPre15_NStem_LocSuf	PossConc8_PreLocs_LocPre_BPre15_NStem_LocSuf
.	Punc	PUNC	Punc	PUNC
Uma	Conj	Conj	Conj	ProperName
ku_w_ukuth_i	SC15_CopPre_Conj	SC15_OC3_VRoot_VerbTerm	SC15_CopPre_Conj	SC15_CopPre_VRoot_VerbTerm
a_wu_na_wo	NegPre_CopPre_AdvPre_PronStem6	NegPre_CopPre_AdvPre_PronStem3	NegPre_CopPre_AdvPre_PronStem6	NegPre_CopPre_AdvPre_PronStem6
a_ma_khophi	NPrePre6_BPre6_NStem	NPrePre6_BPre6_NStem	NPrePre6_BPre6_NStem	NPrePre6_BPre6_NStem
o_hlelo	RelConc11_NStem	PossConc6_NStem	RelConc11_NStem	PossConc6_NStem
lwe__ID_P	PossConc11_NPrePre9_Abbr	PossConc11_Abbr_Abbr	PossConc11_NPrePre9_Abbr	PossConc11_Abbr_Abbr
noma	Conj	Conj	Conj	Conj
ku_be	SC15_AuxVStem	SC15_AuxVStem	SC15_AuxVStem	SC15_AuxVStem
w_u_kuth_i	CopPre_NPrePre15_BPre15_VRoot_VerbTerm	CopPre_SC1_VRoot_VerbTerm	CopPre_NPrePre15_BPre15_VRoot_VerbTerm	CopPre_NPrePre15_BPre15_VerbTerm
aba_bamb_e	RelConc2_VRoot_VerbTerm	RelConc2_VRoot_VerbTerm	RelConc2_VRoot_VerbTerm	RelConc2_VRoot_VerbTerm
i_qhaz_a	NPrePre5_BPre5_NStem	SC9_VRoot_VerbTerm	NPrePre5_BPre5_NStem	SC9_VRoot_VerbTerm
abalw_az_i	RelConc2_BPre11_VRoot_VerbTerm	RelConc2_VRoot_VerbTerm	RelConc2_BPre11_VRoot_VerbTerm	RelConc2_VRoot_VerbTerm
u_hlelo	NPrePre11_NStem	NPrePre11_NStem	NPrePre11_NStem	NPrePre11_NStem
lwe__ID_P	PossConc11_NPrePre9_Abbr	PossConc11_Abbr_Abbr	PossConc11_NPrePre9_Abbr	PossConc11_NPrePre4_Abbr
,	Punc	PUNC	Punc	PUNC
fund_a	VRoot_VerbTerm	VRoot_VerbTerm	VRoot_VerbTerm	VRoot_VerbTerm
i_zi_gaba	NPrePre8_BPre8_NStem	NPrePre8_BPre8_NStem	NPrePre8_BPre8_NStem	NPrePre8_BPre8_NStem
za_lo	PossConc8_PronStem11	PossConc10_PronStem11	PossConc8_PronStem11	PossConc10_PronStem11
e_khasi_ni	LocPre_NStem_LocSuf	LocPre_NStem_LocSuf	LocPre_NStem_LocSuf	LocPre_NStem_LocSuf
la_ma__33	PossConc5_NPrePre6_BPre6_Num	PossConc5_BPre6_Num	PossConc5_NPrePre6_BPre6_Num	PossConc5_BPre6_Num
,	Punc	PUNC	Punc	PUNC
u_chaz_e	SC2_VRoot_VerbTerm	SC3_VRoot_VerbTerm	SC2_VRoot_VerbTerm	SC3_VRoot_VerbTerm
leso	Dem7_Pos2	CDEM07	Dem7_Pos2	CDEM07
na_leso	AdvPre_Dem7_Pos2	AdvPre_NStem	AdvPre_Dem7_Pos2	AdvPre_NStem
si_gaba	BPre7_NStem	BPre7_NStem	BPre7_NStem	BPre7_NStem
u_bon_is_e	SC1_VRoot_CausExt_VerbTerm	SC1_VRoot_CausExt_VerbTerm	SC1_VRoot_CausExt_VerbTerm	SC1_VRoot_CausExt_VerbTerm
u_kuth_i	Conj	SC3_VRoot_VerbTerm	Conj	NPrePre15_BPre15_VerbTerm
leso	Dem7_Pos2	CDEM07	Dem7_Pos2	CDEM07
na_leso	AdvPre_Dem7_Pos2	AdvPre_NStem	AdvPre_Dem7_Pos2	AdvPre_NStem
si_gaba	BPre7_NStem	BPre7_NStem	BPre7_NStem	BPre7_NStem
si_b_e	SC7_AuxVStem	SC7_VRoot_VerbTerm	SC7_AuxVStem	SC7_VRoot_VerbTerm
na_li_phi	AdvPre_BPre5_Interrog	AdvPre_BPre5_Interrog	AdvPre_BPre5_Interrog	AdvPre_BPre5_Interrog
i_galelo	NPrePre5_NStem	NPrePre5_NStem	NPrePre5_NStem	NPrePre5_NStem
ezin_hlelw_eni	LocPre_BPre10_NStem_LocSuf	AdjPref8_NStem_LocSuf	LocPre_BPre10_NStem_LocSuf	AdjPref10_NStem_LocSuf
za_bo	PossConc10_PronStem2	PossConc10_PronStem2	PossConc10_PronStem2	PossConc10_PronStem2
zo_hlelo	PossConc10_NPrePre11_NStem	PossConc8_NStem	PossConc10_NPrePre11_NStem	PossConc8_NStem
lwe__ID_P	PossConc11_NPrePre9_Abbr	PossConc11_Abbr_Abbr	PossConc11_NPrePre9_Abbr	PossConc11_Abbr_Abbr
.	Punc	PUNC	Punc	PUNC
Uma	Conj	Conj	Conj	Conj
aba_bamb_e	RelConc2_VRoot_VerbTerm	RelConc2_VRoot_VerbTerm	RelConc2_VRoot_VerbTerm	RelConc2_VRoot_VerbTerm
i_qhaz_a	NPrePre5_BPre5_NStem	SC9_VRoot_VerbTerm	NPrePre5_BPre5_NStem	SC9_VRoot_VerbTerm
belw_az_i	SC2_BPre11_VRoot_VerbTerm	SC2_VRoot_VerbTerm	SC2_BPre11_VRoot_VerbTerm	CopPre_VRoot_VerbTerm
u_hlelo	NPrePre11_NStem	NPrePre11_NStem	NPrePre11_NStem	NPrePre11_NStem
lwe__ID_P	PossConc11_NPrePre9_Abbr	PossConc11_Abbr_Abbr	PossConc11_NPrePre9_Abbr	PossConc11_Abbr_Abbr
,	Punc	PUNC	Punc	PUNC
qhakamb_is_a	VRoot_CausExt_VerbTerm	VRoot_CausExt_VerbTerm	VRoot_CausExt_VerbTerm	VRoot_CausExt_VerbTerm
lezi	Dem10_Pos1	CDEM10	Dem10_Pos1	CDEM10
zi_gaba	BPre8_NStem	BPre8_NStem	BPre8_NStem	BPre8_NStem
u_ba_buz_e	SC1_OC2_VRoot_VerbTerm	SC1_SC2_VRoot_VerbTerm	SC1_OC2_VRoot_VerbTerm	SC3_OC2_VRoot_VerbTerm
u_kuth_i	Conj	SC3_VRoot_VerbTerm	Conj	NPrePre15_BPre15_VerbTerm
ba_zi_bandakanye	SC2_ReflPre_VRoot_VerbTerm	BPre2_BPre8_NStem	SC2_ReflPre_VRoot_VerbTerm	BPre2_BPre8_NStem
ka_njani	AdvPre_Interrog	AdvPre_Interrog	AdvPre_Interrog	AdvPre_Interrog
ku_leso	LocPre_Dem7_Pos2	LocPre_NStem	LocPre_Dem7_Pos2	BPre17_NStem
na_leso	AdvPre_Dem7_Pos2	AdvPre_NStem	AdvPre_Dem7_Pos2	AdvPre_NStem
si_gaba	BPre7_NStem	BPre7_NStem	BPre7_NStem	BPre7_NStem
.	Punc	PUNC	Punc	PUNC
U_kw_enz_iw_a	NPrePre15_BPre15_VRoot_PassExt_VerbTerm	NPrePre15_BPre15_VRoot_PassExt_VerbTerm	NPrePre15_BPre15_VRoot_PassExt_VerbTerm	NPrePre15_BPre15_VRoot_PassExt_VerbTerm
ko_hlelo	PossConc15_NPrePre11_NStem	PossConc15_NStem	PossConc15_NPrePre11_NStem	NStem_NStem
lwe_si_gceme	PossConc11_BPre7_NStem	PossConc11_BPre7_NStem	PossConc11_BPre7_NStem	PossConc11_BPre7_NStem
ku_dl_a	SC15_VRoot_VerbTerm	SC15_VRoot_VerbTerm	SC15_VRoot_VerbTerm	SC15_VRoot_VerbTerm
i_si_khathi	NPrePre7_BPre7_NStem	NPrePre7_BPre7_NStem	NPrePre7_BPre7_NStem	NPrePre7_BPre7_NStem
futh_i	Conj	VRoot_VerbTerm	Conj	VRoot_VerbTerm
ku_dinga	SC15_VRoot_VerbTerm	LocPre_NStem	SC15_VRoot_VerbTerm	LocPre_NStem
u_ku_hlel_el_w_a	NPrePre15_BPre15_VRoot_ApplExt_PassExt_VerbTerm	NPrePre15_BPre15_VRoot_ApplExt_PassExt_VerbTerm	NPrePre15_BPre15_VRoot_ApplExt_PassExt_VerbTerm	NPrePre15_BPre15_VRoot_ApplExt_PassExt_VerbTerm
ngo_ku_cophelel_a	AdvPre_NPrePre15_BPre15_VRoot_VerbTerm	AdvPre_BPre15_VRoot_VerbTerm	AdvPre_NPrePre15_BPre15_VRoot_VerbTerm	AdvPre_BPre15_VRoot_VerbTerm
.	Punc	PUNC	Punc	PUNC
Le	Dem9_Pos1	CDEM04	Dem9_Pos1	CDEM04
n_qubo	BPre9_NStem	BPre9_NStem	BPre9_NStem	BPre9_NStem
i_hlangan_is_a	SC9_VRoot_VerbTerm	SC4_VRoot_CausExt_VerbTerm	SC9_VRoot_VerbTerm	SC4_VRoot_CausExt_VerbTerm
u_ku_hlaziy_a	NPrePre15_BPre15_VRoot_VerbTerm	NPrePre15_BPre15_VRoot_VerbTerm	NPrePre15_BPre15_VRoot_VerbTerm	NPrePre15_BPre15_VRoot_VerbTerm
i_si_mo	NPrePre7_BPre7_NStem	NPrePre7_BPre7_NStem	NPrePre7_BPre7_NStem	NPrePre7_BPre7_NStem
se_zi_nto	PossConc7_NPrePre10_BPre10_NStem	PossConc7_BPre10_NStem	PossConc7_NPrePre10_BPre10_NStem	PossConc7_BPre10_NStem
(	Punc	PUNC	Punc	PUNC
i_zin_suku	NPrePre10_BPre10_NStem	NPrePre10_BPre10_NStem	NPrePre10_BPre10_NStem	NPrePre10_BPre10_NStem
ezim_bili	AdjPref10_AdjStem	AdjPref10_AdjStem	AdjPref10_AdjStem	AdjPref10_AdjStem
)	Punc	PUNC	Punc	PUNC
,	Punc	PUNC	Punc	PUNC
u_ku_hlangan_is_w_a	NPrePre15_BPre15_VRoot_CausExt_PassExt_VerbTerm	NPrePre15_BPre15_VRoot_CausExt_PassExt_VerbTerm	NPrePre15_BPre15_VRoot_CausExt_PassExt_VerbTerm	NPrePre15_BPre15_VRoot_CausExt_PassExt_VerbTerm
ko_lw_az_i	PossConc15_NPrePre11_BPre11_NStem	PossConc15_BPre11_VRoot_VerbTerm	PossConc15_NPrePre11_BPre11_NStem	PossConc15_BPre14_VRoot_VerbTerm
(	Punc	PUNC	Punc	PUNC
u_suku	NPrePre11_NStem	NPrePre11_NStem	NPrePre11_NStem	NPrePre11_NStem
olu_lo_dwa	RelConc11_QuantConc11_QuantStem	RelConc11_QuantConc5_QuantStem	RelConc11_QuantConc11_QuantStem	RelConc11_QuantConc5_QuantStem
)	Punc	PUNC	Punc	PUNC
,	Punc	PUNC	Punc	PUNC
u_ku_hlel_a	NPrePre15_BPre15_VRoot_VerbTerm	NPrePre15_BPre15_VRoot_VerbTerm	NPrePre15_BPre15_VRoot_VerbTerm	NPrePre15_BPre15_VRoot_VerbTerm
i_n_qubo	NPrePre9_BPre9_NStem	NPrePre9_BPre9_NStem	NPrePre9_BPre9_NStem	NPrePre9_BPre9_NStem
(	Punc	PUNC	Punc	PUNC
u_suku	NPrePre11_NStem	NPrePre11_NStem	NPrePre11_NStem	NPrePre11_NStem
olu_lo_dwa	RelConc11_QuantConc11_QuantStem	RelConc11_QuantConc5_QuantStem	RelConc11_QuantConc11_QuantStem	RelConc11_QuantConc5_QuantStem
)	Punc	PUNC	Punc	PUNC
ka_nye	Conj	AdvPre_AdjStem	Conj	AdvPre_AdjStem
no_ku_hlel_a	AdvPre_NPrePre15_BPre15_VRoot_VerbTerm	AdvPre_BPre15_VRoot_VerbTerm	AdvPre_NPrePre15_BPre15_VRoot_VerbTerm	AdvPre_BPre15_VRoot_VerbTerm
u_ku_setshenz_is_w_a	NPrePre15_BPre15_VRoot_CausExt_PassExt_VerbTerm	NPrePre15_BPre15_VRoot_CausExt_PassExt_VerbTerm	NPrePre15_BPre15_VRoot_CausExt_PassExt_VerbTerm	NPrePre15_BPre15_VRoot_CausExt_PassExt_VerbTerm
ko_hlelo	PossConc15_NPrePre11_NStem	PossConc15_NStem	PossConc15_NPrePre11_NStem	PossConc15_NStem
(	Punc	PUNC	Punc	PUNC
u_suku	NPrePre11_NStem	NPrePre11_NStem	NPrePre11_NStem	NPrePre11_NStem
olu_lo_dwa	RelConc11_QuantConc11_QuantStem	RelConc11_QuantConc5_QuantStem	RelConc11_QuantConc11_QuantStem	RelConc11_QuantConc5_QuantStem
)	Punc	PUNC	Punc	PUNC
.	Punc	PUNC	Punc	PUNC
U_ku_gqugquzel_a	NPrePre15_BPre15_VRoot_VerbTerm	NPrePre15_BPre15_VRoot_VerbTerm	NPrePre15_BPre15_VRoot_VerbTerm	NPrePre15_BPre15_VRoot_VerbTerm
i_n_qubo	NPrePre9_BPre9_NStem	NPrePre9_BPre9_NStem	NPrePre9_BPre9_NStem	NPrePre9_BPre9_NStem
yo_ku_hlel_a	PossConc9_NPrePre15_BPre15_VRoot_VerbTerm	PossConc9_BPre15_VRoot_VerbTerm	PossConc9_NPrePre15_BPre15_VRoot_VerbTerm	PossConc9_BPre15_VRoot_VerbTerm
kw_enz_iw_a	SC15_VRoot_PassExt_VerbTerm	SC15_VRoot_PassExt_VerbTerm	SC15_VRoot_PassExt_VerbTerm	SC15_VRoot_PassExt_VerbTerm
i_komidi	NPrePre5_NStem	NPrePre5_NStem	NPrePre5_NStem	NPrePre5_NStem
le_si_gceme	PossConc5_NPrePre7_BPre7_NStem	PossConc5_BPre7_NStem	PossConc5_NPrePre7_BPre7_NStem	PossConc5_BPre7_NStem
ka_nye	Conj	AdvPre_AdjStem	Conj	AdvPre_AdjStem
na_ba_gqugquzeli	AdvPre_NPrePre2_BPre2_NStem	AdvPre_BPre2_NStem	AdvPre_NPrePre2_BPre2_NStem	AdvPre_BPre2_NStem
ba_ka_masipala	PossConc1a_PossKA_NStem	PossConc2_PossKA_NStem	PossConc1a_PossKA_NStem	PossConc2_PossKA_NStem
.	Punc	PUNC	Punc	PUNC
I_n_dlel_a	NPrePre9_BPre9_NStem	NPrePre9_BPre9_VRoot_VerbTerm	NPrePre9_BPre9_NStem	NPrePre9_BPre9_VRoot_VerbTerm
e_sabalel_e	RelConc9_VRoot_VerbTerm	LocPre_VRoot_VerbTerm	RelConc9_VRoot_VerbTerm	LocPre_VRoot_VerbTerm
yo_kw_enz_a	PossConc9_NPrePre15_BPre15_VRoot_VerbTerm	PossConc9_BPre15_VRoot_VerbTerm	PossConc9_NPrePre15_BPre15_VRoot_VerbTerm	PossConc9_BPre15_VRoot_VerbTerm
ka_bu_sha	AdvPre_BPre14_NStem	AdvPre_BPre14_NStem	AdvPre_BPre14_NStem	AdvPre_BPre14_NStem
e_hloban_is_a	RelConc9_VRoot_CausExt_VerbTerm	RelConc9_VRoot_CausExt_VerbTerm	RelConc9_VRoot_CausExt_VerbTerm	RelConc9_VRoot_CausExt_VerbTerm
a_ma_yunivesithi	NPrePre6_BPre6_NStem	NPrePre6_BPre6_NStem	NPrePre6_BPre6_NStem	NPrePre6_BPre6_NStem
,	Punc	PUNC	Punc	PUNC
i_mi_khandlu	NPrePre4_BPre4_NStem	NPrePre4_BPre4_NStem	NPrePre4_BPre4_NStem	NPrePre4_BPre4_NStem
ye_z_e_sayensi	PossConc9_PossConc8_NStem	PossConc9_PossConc10_LocPre_NStem	PossConc9_PossConc8_NStem	PossConc9_PossConc10_NPrePre9_NStem
n_olu_nye	AdvPre_RelConc11_AdjStem	AdvPre_AdjPref11_AdjStem	AdvPre_RelConc11_AdjStem	AdvPre_AdjPref11_AdjStem
u_cwaningo	NPrePre11_BPre11_NStem	NPrePre11_NStem	NPrePre11_BPre11_NStem	NPrePre11_NStem
na_ba_bamb_e	AdvPre_SC2_VRoot_VerbTerm	AdvPre_SC2_VRoot_VerbTerm	AdvPre_SC2_VRoot_VerbTerm	AdvPre_RelConc2_VRoot_VerbTerm
i_qhaz_a	NPrePre5_BPre5_NStem	SC9_VRoot_VerbTerm	NPrePre5_BPre5_NStem	SC9_VRoot_VerbTerm
kwe_ze_ntuthuko	PossConc15_RelConc4_PossConc8_BPre9_NStem	PossConc15_PossConc10_NStem	PossConc15_RelConc4_PossConc8_BPre9_NStem	PossConc15_PossConc10_NStem
ne_zin_dawo	AdvPre_NPrePre10_BPre10_NStem	AdvPre_BPre10_NStem	AdvPre_NPrePre10_BPre10_NStem	AdvPre_BPre10_NStem
ezi_s_e_m_qoka	RelConc8_PreLoc-s_LocPre_BPre3_NStem	RelConc8_PreLocs_LocPre_BPre3_NStem	RelConc8_PreLoc-s_LocPre_BPre3_NStem	RelConc8_PreLocs_LocPre_BPre3_NStem
zo_mnotho	PossConc10_NStem	PossConc10_NStem	PossConc10_NStem	PossConc8_NStem
.	Punc	PUNC	Punc	PUNC
A_ba_bamb_e	RelConc2_VRoot_VerbTerm	NegPre_SC2_VRoot_VerbTerm	RelConc2_VRoot_VerbTerm	RelConc2_SC2_VRoot_VerbTerm
i_qhaz_a	NPrePre5_BPre5_NStem	SC9_VRoot_VerbTerm	NPrePre5_BPre5_NStem	SC9_VRoot_VerbTerm
ba_fund_a	SC2_VRoot_VerbTerm	SC2_VRoot_VerbTerm	SC2_VRoot_VerbTerm	SC2_VRoot_VerbTerm
i_zi_gameko	NPrePre8_BPre8_NStem	NPrePre8_BPre8_NStem	NPrePre8_BPre8_NStem	NPrePre8_BPre8_NStem
ezin_tathu	AdjPref10_AdjStem	AdjPref10_AdjStem	AdjPref10_AdjStem	AdjPref10_AdjStem
ebese	Conj	Conj	Conj	Conj
be_phendul_a	SC2_VRoot_VerbTerm	SC2_VRoot_VerbTerm	SC2_VRoot_VerbTerm	SC2_VRoot_VerbTerm
i_mi_buzo	NPrePre4_BPre4_NStem	NPrePre4_BPre4_NStem	NPrePre4_BPre4_NStem	NPrePre4_BPre4_NStem
.	Punc	PUNC	Punc	PUNC
I_zin_hlelo	NPrePre10_BPre10_NStem	NPrePre10_BPre10_NStem	NPrePre10_BPre10_NStem	NPrePre10_BPre10_NStem
zo_ku_hlela__	PossConc8_NPrePre15_BPre15_NStem	PossConc10_BPre15_NStem	PossConc8_NPrePre15_BPre15_NStem	PossConc10_BPre15_NStem
zi_vum_el_a	SC10_VRoot_ApplExt_VerbTerm	SC10_VRoot_ApplExt_VerbTerm	SC10_VRoot_ApplExt_VerbTerm	SC10_VRoot_ApplExt_VerbTerm
i_projekthi	NPrePre5_NStem	NPrePre5_NStem	NPrePre5_NStem	NPrePre9_NStem
u_kuth_i	Conj	NPrePre15_VRoot_VerbTerm	Conj	NPrePre15_BPre15_VerbTerm
i_hamb_e	SC4_VRoot_VerbTerm	SC9_VRoot_VerbTerm	SC4_VRoot_VerbTerm	SC9_VRoot_VerbTerm
ngo_ko_hlelo	AdvPre_PossConc15_NStem	AdvPre_PossConc15_NStem	AdvPre_PossConc15_NStem	AdvPre_PossConc15_NStem
futh_i	Conj	VRoot_VerbTerm	Conj	VRoot_VerbTerm
i_be	SC9_AuxVStem	SC9_AuxVStem	SC9_AuxVStem	SC9_AuxVStem
ne_zin_kinga	AdvPre_NPrePre10_BPre10_NStem	AdvPre_BPre10_NStem	AdvPre_NPrePre10_BPre10_NStem	AdvPre_BPre10_NStem
ezin_cane	AdjPref10_AdjStem	AdjPref10_AdjStem	AdjPref10_AdjStem	AdjPref10_AdjStem
ka_khulu	AdvPre_AdjStem	AdvPre_AdjStem	AdvPre_AdjStem	AdvPre_AdjStem
.	Punc	PUNC	Punc	PUNC
Njengoba	Conj	Adv	Conj	Conj
a_ma_projekthi	NPrePre6_BPre6_NStem	NPrePre6_BPre6_NStem	NPrePre6_BPre6_NStem	NPrePre6_BPre6_NStem
njengo_kwe_gama	AdvPre_PossConc15_NStem	AdvPre_PossConc15_NStem	AdvPre_PossConc15_NStem	AdvPre_PossConc15_NStem
la_wo	PossConc5_PronStem6	PossConc5_PronStem6	PossConc5_PronStem6	PossConc5_PronStem6
e_hluk_il_e	LocPre_VRoot_Perf	RelConc9_Intrans_Perf_VerbTerm	LocPre_VRoot_Perf	RelConc9_VRoot_Perf_VerbTerm
kwa_ma_nye	PossConc15_AdjPref6_AdjStem	PossConc15_AdjPref6_AdjStem	PossConc15_AdjPref6_AdjStem	PossConc15_AdjPref6_AdjStem
futh_i	Conj	VRoot_VerbTerm	Conj	VRoot_VerbTerm
abandakany_a	SC6_VRoot_VerbTerm	VRoot_VerbTerm	SC6_VRoot_VerbTerm	VRoot_VerbTerm
i_nto	NPrePre9_NStem	NPrePre9_NStem	NPrePre9_NStem	NPrePre9_NStem
e_n_tsha	AdjPref9_AdjStem	LocPre_BPre9_NStem	AdjPref9_AdjStem	RelConc9_BPre9_NStem
ku_labo	LocPre_Dem2_Pos3	LocPre_CDEM02	LocPre_Dem2_Pos3	LocPre_NStem
aba_bamb_e	RelConc2_VRoot_VerbTerm	RelConc2_VRoot_VerbTerm	RelConc2_VRoot_VerbTerm	RelConc2_VRoot_VerbTerm
i_qhaz_a	NPrePre5_BPre5_NStem	SC9_VRoot_VerbTerm	NPrePre5_BPre5_NStem	SC9_VRoot_VerbTerm
,	Punc	PUNC	Punc	PUNC
ku_balulek_il_e	SC15_VRoot_Perf_VerbTerm	SC15_VRoot_Perf_VerbTerm	SC15_VRoot_Perf_VerbTerm	SC15_VRoot_Perf_VerbTerm
u_kuth_i	Conj	NPrePre15_VRoot_VerbTerm	Conj	NPrePre15_BPre15_VerbTerm
ku_be	SC15_VRoot_VerbTerm	SC15_AuxVStem	SC15_VRoot_VerbTerm	SC15_AuxVStem
ne_qhinga	AdvPre_NStem	AdvPre_NStem	AdvPre_NStem	AdvPre_NStem
u_ku_qinis_ek_is_a	NPrePre15_BPre15_VRoot_CausExt_VerbTerm	NPrePre15_BPre15_VRoot_NeutExt_CausExt_VerbTerm	NPrePre15_BPre15_VRoot_CausExt_VerbTerm	NPrePre15_BPre15_VRoot_NeutExt_CausExt_VerbTerm
u_kuth_i	Conj	NPrePre15_VRoot_VerbTerm	Conj	NPrePre15_BPre15_VerbTerm
bo_nke	QuantConc2_QuantStem	QuantConc2_QuantStem	QuantConc2_QuantStem	QuantConc2_QuantStem
aba_bamb_e	RelConc2_VRoot_VerbTerm	RelConc2_VRoot_VerbTerm	RelConc2_VRoot_VerbTerm	RelConc2_VRoot_VerbTerm
i_qhaz_a	NPrePre5_BPre5_NStem	SC9_VRoot_VerbTerm	NPrePre5_BPre5_NStem	SC9_VRoot_VerbTerm
ku_projekthi	BPre17_NStem	LocPre_NStem	BPre17_NStem	BPre17_NStem
ba_ya_z_i	PossConc2a_CopPre_NStem	SC2_Pres_VRoot_VerbTerm	PossConc2a_CopPre_NStem	SC2_Pres_VRoot_VerbTerm
u_kuth_i	Conj	SC3_VRoot_VerbTerm	Conj	NPrePre15_BPre15_VerbTerm
ku_lindel_w_eni	BPre15_NStem_LocSuf	SC15_VRoot_PassExt_LocSuf	BPre15_NStem_LocSuf	LocPre_VRoot_PassExt_LocSuf
ku_bo	LocPre_PronStem2	LocPre_PronStem2	LocPre_PronStem2	LocPre_PronStem2
,	Punc	PUNC	Punc	PUNC
ku_fanel_e	SC15_VRoot_ApplExt_VerbTerm	SC15_VRoot_VerbTerm	SC15_VRoot_ApplExt_VerbTerm	SC15_VRoot_VerbTerm
ba_kw_enz_e	PossConc2_SC15_VRoot_VerbTerm	SC2_BPre15_VRoot_VerbTerm	PossConc2_SC15_VRoot_VerbTerm	SC2_BPre15_VRoot_VerbTerm
ka_njani	AdvPre_Interrog	AdvPre_Interrog	AdvPre_Interrog	AdvPre_Interrog
no_ku_th_i	AdvPre_BPre15_VRoot_VerbTerm	AdvPre_BPre15_VRoot_VerbTerm	AdvPre_BPre15_VRoot_VerbTerm	AdvPre_BPre15_VRoot_VerbTerm
ku_fanel_e	SC15_VRoot_ApplExt_VerbTerm	SC15_VRoot_VerbTerm	SC15_VRoot_ApplExt_VerbTerm	SC15_VRoot_VerbTerm
kw_enz_iw_e	SC15_VRoot_PassExt_VerbTerm	SC15_VRoot_PassExt_VerbTerm	SC15_VRoot_PassExt_VerbTerm	SC15_VRoot_PassExt_VerbTerm
i_ni	NPrePre9_Interrog	NPrePre5_Interrog	NPrePre9_Interrog	NPrePre9_Interrog
,	Punc	PUNC	Punc	PUNC
nini	Interrog	Interrog	Interrog	Interrog
.	Punc	PUNC	Punc	PUNC
U_ku_hlel_a	NPrePre15_BPre15_NStem	NPrePre15_BPre15_VRoot_VerbTerm	NPrePre15_BPre15_NStem	NPrePre15_BPre15_VRoot_VerbTerm
i_projekthi	NPrePre5_NStem	NPrePre5_NStem	NPrePre5_NStem	NPrePre5_NStem
ku_y_i_si_sekelo	BPre17_CopPre_NPrePre7_BPre7_NStem	BPre15_CopPre_NPrePre7_BPre7_NStem	BPre17_CopPre_NPrePre7_BPre7_NStem	BPre15_CopPre_NPrePre7_BPre7_NStem
so_ku_phath_w_a	PossConc7_BPre15_VRoot_PassExt_VerbTerm	PossConc7_BPre15_VRoot_PassExt_VerbTerm	PossConc7_BPre15_VRoot_PassExt_VerbTerm	PossConc7_BPre15_VRoot_PassExt_VerbTerm
kwe_projekthi	PossConc15_NPrePre5_NStem	PossConc15_NStem	PossConc15_NPrePre5_NStem	PossConc15_NStem
.	Punc	PUNC	Punc	PUNC
Kw_akha	SC15_VRoot_VerbTerm	BPre15_NStem	SC15_VRoot_VerbTerm	LocPre_NStem
i_si_sekelo	NPrePre7_BPre7_NStem	NPrePre7_BPre7_NStem	NPrePre7_BPre7_NStem	NPrePre7_BPre7_NStem
e_si_zo_kw_enz_a	RelConc7_Fut_VRoot_VerbTerm	LocPre_SC7_Fut_BPre15_VRoot_VerbTerm	RelConc7_Fut_VRoot_VerbTerm	RelConc9_SC1pp_Fut_BPre15_VRoot_VerbTerm
i_projekthi	NPrePre9_NStem	NPrePre5_NStem	NPrePre9_NStem	NPrePre5_NStem
i_be	SC9_AuxVStem	SC9_AuxVStem	SC9_AuxVStem	SC9_AuxVStem
y_i_m_pumelelo	CopPre_NPrePre9_BPre9_NStem	CopPre_NPrePre9_BPre9_NStem	CopPre_NPrePre9_BPre9_NStem	CopPre_NPrePre9_BPre9_NStem
.	Punc	PUNC	Punc	PUNC
Ku_ne_zi_zathu	BPre15_AdvPre_NPrePre8_BPre8_NStem	BPre15_AdvPre_BPre8_NStem	BPre15_AdvPre_NPrePre8_BPre8_NStem	LocPre_AdvPre_BPre8_NStem
ezin_ingi	AdjPref10_AdjStem	AdjPref10_AdjStem	AdjPref10_AdjStem	AdjPref10_AdjStem
ezi_dala	RelConc8_VRoot_VerbTerm	RelConc8_AdjStem	RelConc8_VRoot_VerbTerm	RelConc8_AdjStem
i_ngxabano	NPrePre9_NStem	NPrePre9_NStem	NPrePre9_NStem	NPrePre9_NStem
.	Punc	PUNC	Punc	PUNC
Ezin_ye	AdjPref8_AdjStem	RelConc8_AuxVStem	AdjPref8_AdjStem	AdjPref10_AdjStem
zi_nga_ba	SC8_Pot_AuxVStem	SC10_Pot_AuxVStem	SC8_Pot_AuxVStem	SC10_Pot_AuxVStem
'	Punc	PUNC	Punc	PUNC
y_i_qiniso	CopPre_NPrePre5_NStem	CopPre_NPrePre5_NStem	CopPre_NPrePre5_NStem	CopPre_NPrePre5_NStem
'	Punc	PUNC	Punc	PUNC
kanti	Conj	Conj	Conj	Conj
ezi_nye	AdjPref8_AdjStem	AdjPref10_AdjStem	AdjPref8_AdjStem	AdjPref10_AdjStem
'	Punc	PUNC	Punc	PUNC
zi_y_i_mi_cabango	BPre8_CopPre_NPrePre4_BPre4_NStem	BPre8_CopPre_NPrePre4_BPre4_NStem	BPre8_CopPre_NPrePre4_BPre4_NStem	BPre10_CopPre_NPrePre4_BPre4_NStem
'	Punc	PUNC	Punc	PUNC
,	Punc	PUNC	Punc	PUNC
oku_sh_o	RelConc15_VRoot_VerbTerm	RelConc15_VRoot_VerbTerm	RelConc15_VRoot_VerbTerm	RelConc15_VRoot_VerbTerm
i_n_dlel_a	NPrePre9_NPrePre9_NStem	NPrePre9_BPre9_VRoot_VerbTerm	NPrePre9_NPrePre9_NStem	NPrePre9_BPre9_VRoot_VerbTerm
u_mu_ntu	NPrePre1_BPre1_NStem	NPrePre1_BPre1_NStem	NPrePre1_BPre1_NStem	NPrePre1_BPre1_NStem
/	Punc	PUNC	Punc	PUNC
aba_ntu	NPrePre2_BPre2_NStem	RelConc2_NStem	NPrePre2_BPre2_NStem	RelConc2_NStem
aba_bon_a	RelConc2_VRoot_VerbTerm	RelConc2_VRoot_VerbTerm	RelConc2_VRoot_VerbTerm	RelConc2_VRoot_VerbTerm
nga_yo	AdvPre_PronStem9	AdvPre_PronStem9	AdvPre_PronStem9	AdvPre_PronStem9
i_si_mo	NPrePre7_BPre7_NStem	NPrePre7_BPre7_NStem	NPrePre7_BPre7_NStem	NPrePre7_BPre7_NStem
.	Punc	PUNC	Punc	PUNC
I_mi_biko	NPrePre4_BPre4_NStem	NPrePre4_BPre4_NStem	NPrePre4_BPre4_NStem	NPrePre4_BPre4_NStem
e_ye_jwayel_ek_il_e	RelConc9_CopPre_VRoot_NeutExt_Perf	RelConc4_CopPre_VRoot_NeutExt_Perf_VerbTerm	RelConc9_CopPre_VRoot_NeutExt_Perf	RelConc9_CopPre_VRoot_NeutExt_Perf_VerbTerm
_	Punc		Punc	
a_ma_Komidi	NPrePre6_BPre6_NStem	NPrePre6_BPre6_NStem	NPrePre6_BPre6_NStem	NPrePre6_BPre6_NStem
Ezi_gceme	RelConc8_NStem	RelConc8_NStem	RelConc8_NStem	RelConc8_NStem
ku_fanel_e	SC15_VRoot_ApplExt_VerbTerm	SC15_VRoot_VerbTerm	SC15_VRoot_ApplExt_VerbTerm	SC15_VRoot_VerbTerm
a_thol_e	SC1_VRoot_VerbTerm	SC6_VRoot_VerbTerm	SC1_VRoot_VerbTerm	SC6_VRoot_VerbTerm
i_mi_biko	NPrePre4_BPre4_NStem	NPrePre4_BPre4_NStem	NPrePre4_BPre4_NStem	NPrePre4_BPre4_NStem
e_ye_jwayel_ek_il_e	RelConc9_CopPre_VRoot_NeutExt_Perf	RelConc4_CopPre_VRoot_NeutExt_Perf_VerbTerm	RelConc9_CopPre_VRoot_NeutExt_Perf	RelConc9_CopPre_VRoot_NeutExt_Perf_VerbTerm
maqondan_a	Conj	Conj_VerbTerm	Conj	Conj_VerbTerm
ne_n_qubekel_a	AdvPre_NPrePre9_BPre9_NStem	AdvPre_BPre9_Intrans_VerbTerm	AdvPre_NPrePre9_BPre9_NStem	AdvPre_BPre9_VRoot_VerbTerm
phambili	Adv	Adv	Adv	Adv
yo_m_khandlu	PossConc4_NPrePre3_BPre3_NStem	PossConc4_BPre3_NStem	PossConc4_NPrePre3_BPre3_NStem	PossConc4_BPre3_NStem
.	Punc	PUNC	Punc	PUNC
A_nga_buz_a	SC6_Pres_VRoot_VerbTerm	SC6_Pot_VRoot_VerbTerm	SC6_Pres_VRoot_VerbTerm	SC6_Pot_VRoot_VerbTerm
a_ma_khansela	NPrePre6_BPre6_NStem	NPrePre6_BPre6_NStem	NPrePre6_BPre6_NStem	NPrePre6_BPre6_NStem
u_kuth_i	Conj	NPrePre15_VRoot_VerbTerm	Conj	NPrePre15_VRoot_VerbTerm
ku_nga_ni	BPre17_NStem	BPre15_AdvPre_Interrog	BPre17_NStem	BPre15_AdvPre_Interrog
i_mi_phumel_a	NPrePre4_BPre4_NStem	NPrePre4_BPre4_VRoot_VerbTerm	NPrePre4_BPre4_NStem	NPrePre4_BPre4_VRoot_VerbTerm
i_phuzile	SC4_VRoot_Perf_VerbTerm	BPre9_NStem	SC4_VRoot_Perf_VerbTerm	NPrePre5_NStem
futh_i	Conj	VRoot_VerbTerm	Conj	VRoot_VerbTerm
a_vez_e	RelConc6_Intrans_VerbTerm	SC6_VRoot_VerbTerm	RelConc6_Intrans_VerbTerm	SC6_VRoot_VerbTerm
i_zi_phakamiso	NPrePre8_BPre8_NStem	NPrePre8_BPre8_NStem	NPrePre8_BPre8_NStem	NPrePre8_BPre8_NStem
zo_ku_fez_a	PossConc10_NPrePre15_Intrans_VerbTerm	PossConc10_BPre15_VRoot_VerbTerm	PossConc10_NPrePre15_Intrans_VerbTerm	PossConc10_BPre15_VRoot_VerbTerm
i_zin_hlelo	NPrePre10_BPre10_NStem	NPrePre10_BPre10_NStem	NPrePre10_BPre10_NStem	NPrePre10_BPre10_NStem
nge_n_dlel_a	AdvPre_NPrePre9_BPre9_NStem	AdvPre_BPre9_VRoot_VerbTerm	AdvPre_NPrePre9_BPre9_NStem	AdvPre_BPre9_Intrans_VerbTerm
e_fanel_e	RelConc9_VRoot_VerbTerm	RelConc9_VRoot_VerbTerm	RelConc9_VRoot_VerbTerm	RelConc9_VRoot_VerbTerm
.	Punc	PUNC	Punc	PUNC
U_ku_bamb_a	NPrePre15_BPre15_VRoot_VerbTerm	NPrePre15_BPre15_VRoot_VerbTerm	NPrePre15_BPre15_VRoot_VerbTerm	NPrePre15_BPre15_VRoot_VerbTerm
i_qhaz_a	NPrePre5_BPre5_NStem	SC9_VRoot_VerbTerm	NPrePre5_BPre5_NStem	SC9_VRoot_VerbTerm
ko_m_phakathi	PossConc15_NPrePre3_BPre3_NStem	PossConc15_BPre3_NStem	PossConc15_NPrePre3_BPre3_NStem	PossConc15_BPre3_NStem
y_i_n_qubo	CopPre_NPrePre9_BPre9_NStem	CopPre_NPrePre9_BPre9_NStem	CopPre_NPrePre9_BPre9_NStem	CopPre_NPrePre9_BPre9_NStem
e_dinga	RelConc9_VRoot_VerbTerm	RelConc9_NStem	RelConc9_VRoot_VerbTerm	LocPre_NStem
u_ku_fak_w_a	NPrePre15_BPre15_VRoot_PassExt_VerbTerm	NPrePre15_BPre15_VRoot_PassExt_VerbTerm	NPrePre15_BPre15_VRoot_PassExt_VerbTerm	NPrePre15_BPre15_VRoot_PassExt_VerbTerm
ko_m_phakathi	PossConc15_NPrePre3_BPre3_NStem	PossConc15_BPre3_NStem	PossConc15_NPrePre3_BPre3_NStem	PossConc15_BPre3_NStem
ku_zo	LocPre_PronStem8	LocPre_PronStem8	LocPre_PronStem8	LocPre_PronStem8
zo_nke	QuantConc8_QuantStem	QuantConc8_QuantStem	QuantConc8_QuantStem	QuantConc8_QuantStem
i_zi_gaba	NPrePre8_BPre8_NStem	NPrePre8_BPre8_NStem	NPrePre8_BPre8_NStem	NPrePre8_BPre8_NStem
.	Punc	PUNC	Punc	PUNC
A_ma_komiti	NPrePre6_BPre6_NStem	NPrePre6_BPre6_NStem	NPrePre6_BPre6_NStem	NPrePre6_BPre6_NStem
E_wadi	RelConc6_NStem	LocPre_NStem	RelConc6_NStem	RelConc6_NStem
a_dinga	SC6_VRoot_VerbTerm	RelConc6_NStem	SC6_VRoot_VerbTerm	NPrePre6_NStem
u_ku_thol_a	NPrePre15_BPre15_VRoot_VerbTerm	NPrePre15_BPre15_VRoot_VerbTerm	NPrePre15_BPre15_VRoot_VerbTerm	NPrePre15_BPre15_VRoot_VerbTerm
i_n_dlel_a	NPrePre9_NPrePre9_NStem	NPrePre9_BPre9_VRoot_VerbTerm	NPrePre9_NPrePre9_NStem	NPrePre9_BPre9_VRoot_VerbTerm
e_nhle	AdjPref9_AdjStem	AdjPref9_AdjStem	AdjPref9_AdjStem	RelConc4_AdjStem
ka_khulu	AdvPre_AdjStem	AdvPre_AdjStem	AdvPre_AdjStem	AdvPre_AdjStem
yo_ku_thul_a	PossConc9_NPrePre15_BPre15_VRoot_VerbTerm	PossConc9_BPre15_VRoot_VerbTerm	PossConc9_NPrePre15_BPre15_VRoot_VerbTerm	PossConc4_NPrePre15_Intrans_VerbTerm
u_m_la_ye_zo	NPrePre3_BPre3_NStem	NPrePre3_BPre3_NStem_PossConc5_PronStem8	NPrePre3_BPre3_NStem	NPrePre3_BPre3_NegPre_Pres_PronStem10
ku_ye	LocPre_PronStem1	LocPre_PronStem1	LocPre_PronStem1	LocPre_PronStem1
ngo_ku_th_i	AdvPre_Conj	AdvPre_BPre15_VRoot_VerbTerm	AdvPre_Conj	AdvPre_BPre15_VRoot_VerbTerm
u_m_la_ye_zo	NPrePre3_BPre3_NStem	NPrePre3_BPre3_PossConc5_PossConc5_NStem	NPrePre3_BPre3_NStem	NPrePre3_BPre3_NegPre_Pres_PronStem10
we_nz_el_w_e	SC3_VRoot_ApplExt_PassExt_VerbTerm	SC3_VRoot_ApplExt_PassExt_VerbTerm	SC3_VRoot_ApplExt_PassExt_VerbTerm	SC3_VRoot_ApplExt_PassExt_VerbTerm
bani	Interrog	NStem	Interrog	NStem
.	Punc	PUNC	Punc	PUNC
I_si_bonelo	NPrePre7_BPre7_NStem	NPrePre7_BPre7_NStem	NPrePre7_BPre7_NStem	NPrePre7_BPre7_NStem
,	Punc	PUNC	Punc	PUNC
u_ma	Conj	NPrePre1a_NStem	Conj	NPrePre1a_NStem
ngabe	Conj	Conj	Conj	Conj
u_daba	NPrePre11_NStem	NPrePre11_NStem	NPrePre11_NStem	NPrePre11_NStem
lu_bandakany_a	SC11_VRoot_VerbTerm	SC11_VRoot_VerbTerm	SC11_VRoot_VerbTerm	SC11_VRoot_VerbTerm
u_ku_nikez_a	NPrePre15_BPre15_VRoot_VerbTerm	NPrePre15_BPre15_VRoot_VerbTerm	NPrePre15_BPre15_VRoot_VerbTerm	NPrePre15_BPre15_VRoot_VerbTerm
i_zi_m_pendulo	NPrePre10_BPre10_BPre3_NStem	NPrePre10_BPre10_BPre3_NStem	NPrePre10_BPre10_BPre3_NStem	NPrePre10_BPre10_BPre3_NStem
lu_ngo_kw_en_tsha	BPre11_AdvPre_NPrePre15_BPre15_BPref9_NStem	BPre11_AdvPre_BPre15_RecipExt_NStem	BPre11_AdvPre_NPrePre15_BPre15_BPref9_NStem	BPre11_AdvPre_BPre15_RecipExt_NStem
ku_nga_nikez_w_a	SC15_Pot_VRoot_PassExt_VerbTerm	SC15_Pot_VRoot_PassExt_VerbTerm	SC15_Pot_VRoot_PassExt_VerbTerm	SC15_Pot_VRoot_PassExt_VerbTerm
ngo_ku_sebenz_is_a	AdvPre_NPrePre15_BPre15_VRoot_CausExt_VerbTerm	AdvPre_BPre15_VRoot_CausExt_VerbTerm	AdvPre_NPrePre15_BPre15_VRoot_CausExt_VerbTerm	AdvPre_BPre15_VRoot_CausExt_VerbTerm
i_zi_teshi	NPrePre8_BPre8_NStem	NPrePre8_BPre8_NStem	NPrePre8_BPre8_NStem	NPrePre8_BPre8_NStem
ze_mi_sakazo	PossConc8_NPrePre4_BPre4_NStem	PossConc10_BPre4_NStem	PossConc8_NPrePre4_BPre4_NStem	PossConc8_BPre4_NStem
z_en_tsha	PossConc8_NPrePre9_BPre9_NStem	PossConc10_CopPre_NStem	PossConc8_NPrePre9_BPre9_NStem	PossConc8_RecipExt_NStem
noma	Conj	Conj	Conj	Conj
esi_nye	AdjPref7_AdjStem	AdjPref7_AdjStem	AdjPref7_AdjStem	AdjPref7_AdjStem
i_s_ehlakalo	NPrePre7_BPre7_NStem	NPrePre7_BPre7_NStem	NPrePre7_BPre7_NStem	NPrePre7_BPre7_NStem
,	Punc	PUNC	Punc	PUNC
esi_fan_a	RelConc7_VRoot_VerbTerm	RelConc7_VRoot_VerbTerm	RelConc7_VRoot_VerbTerm	RelConc7_VRoot_VerbTerm
no_m_sebenzi	AdvPre_NPrePre3_BPre3_NStem	AdvPre_BPre3_NStem	AdvPre_NPrePre3_BPre3_NStem	AdvPre_BPre3_NStem
we_ze_mi_dlalo	PossConc3_NPrePre4_PossConc9_NPrePre4_BPre4_NStem	PossConc3_PossConc8_BPre8_NStem	PossConc3_NPrePre4_PossConc9_NPrePre4_BPre4_NStem	PossConc3_PossConc8_BPre8_NStem
,	Punc	PUNC	Punc	PUNC
i_n_tsha	NPrePre9_BPre9_NStem	NPrePre9_BPre9_NStem	NPrePre9_BPre9_NStem	NPrePre9_BPre9_NStem
ezi_bandakany_a	RelConc8_VRoot_VerbTerm	RelConc10_VRoot_VerbTerm	RelConc8_VRoot_VerbTerm	RelConc10_VRoot_VerbTerm
ku_so	LocPre_PronStem7	LocPre_PronStem7	LocPre_PronStem7	LocPre_PronStem7
.	Punc	PUNC	Punc	PUNC
Yo_nke	QuantConc9_QuantStem	QuantConc9_QuantStem	QuantConc9_QuantStem	QuantConc9_QuantStem
i_mi_khakha	NPrePre4_BPre4_NStem	NPrePre4_BPre4_NStem	NPrePre4_BPre4_NStem	NPrePre4_BPre4_NStem
yo_m_phakathi	PossConc9_NPrePre3_BPre3_Adv	PossConc9_BPre3_NStem	PossConc9_NPrePre3_BPre3_Adv	PossConc9_BPre3_NStem
,	Punc	PUNC	Punc	PUNC
ku_bandakany_a	SC15_VRoot_VerbTerm	SC15_VRoot_VerbTerm	SC15_VRoot_VerbTerm	SC15_VRoot_VerbTerm
i_si_shaya_m_thetho	NPrePre7_BPre7_NStem	NPrePre7_BPre7_NStem_BPre3_NStem	NPrePre7_BPre7_NStem	NPrePre7_BPre7_NStem_BPre3_NStem
na_ma_jaji	AdvPre_NPrePre6_BPre6_NStem	AdvPre_BPre6_NStem	AdvPre_NPrePre6_BPre6_NStem	AdvPre_BPre6_NStem
,	Punc	PUNC	Punc	PUNC
ku_mel_e	SC15_VRoot_VerbTerm	SC15_VRoot_VerbTerm	SC15_VRoot_VerbTerm	SC15_VRoot_VerbTerm
i_qinis_ek_is_e	SC9_VRoot_NeutExt_CausExt_VerbTerm	SC9_VRoot_NeutExt_CausExt_VerbTerm	SC9_VRoot_NeutExt_CausExt_VerbTerm	SC9_VRoot_NeutExt_CausExt_VerbTerm
u_kuth_i	Conj	SC3_VRoot_VerbTerm	Conj	NPrePre15_BPre15_VerbTerm
i_zi_thelo	NPrePre8_BPre8_NStem	NPrePre8_BPre8_NStem	NPrePre8_BPre8_NStem	NPrePre8_BPre8_NStem
ze_n_tuthuko	PossConc8_BPre9_NStem	PossConc8_BPre9_NStem	PossConc8_BPre9_NStem	PossConc8_BPre9_NStem
zi_khul_a	SC10_VRoot_VerbTerm	SC10_VRoot_VerbTerm	SC10_VRoot_VerbTerm	SC10_VRoot_VerbTerm
zize	SC8_AuxVStem	POSS10	SC8_AuxVStem	POSS10
zi_finyelel_e	SC10_VRoot_VerbTerm	SC10_VRoot_VerbTerm	SC10_VRoot_VerbTerm	SC10_VRoot_VerbTerm
kwa_ba_mpofu	PossConc15_RelConc2_RelStem	PossConc15_AdjPref2_AdjStem	PossConc15_RelConc2_RelStem	PossConc15_AdjPref2_AdjStem
ka_khulu	AdvPre_AdjStem	AdvPre_AdjStem	AdvPre_AdjStem	AdvPre_AdjStem
na_ba_ncish_w_e	AdvPre_RelConc2_VRoot_PassExt_VerbTerm	AdvPre_RelConc2_VRoot_PassExt_VerbTerm	AdvPre_RelConc2_VRoot_PassExt_VerbTerm	AdvPre_RelConc2_VRoot_PassExt_VerbTerm
a_ma_thuba	NPrePre6_BPre6_NStem	NPrePre6_BPre6_NStem	NPrePre6_BPre6_NStem	NPrePre6_BPre6_NStem
,	Punc	PUNC	Punc	PUNC
u_ku_vimba	NPrePre15_BPre15_VRoot_VerbTerm	NPrePre15_BPre15_NStem	NPrePre15_BPre15_VRoot_VerbTerm	NPrePre15_BPre15_NStem
yo_nke	QuantConc9_QuantStem	QuantConc9_QuantStem	QuantConc9_QuantStem	QuantConc9_QuantStem
i_mi_zamo	NPrePre4_BPre4_NStem	NPrePre4_BPre4_NStem	NPrePre4_BPre4_NStem	NPrePre4_BPre4_NStem
ya_ba_mi	PossConc4_RelConc2_VRoot_VerbTerm	PossConc9_BPre2_BPre4	PossConc4_RelConc2_VRoot_VerbTerm	PossConc9_BPre2_NStem
ka_hle	AdvPre_AdjStem	AdvPre_AdjStem	AdvPre_AdjStem	AdvPre_AdjStem
yo_ku_vikel_a	PossConc4_NPrePre15_BPre15_VRoot_VerbTerm	PossConc9_NPrePre15_Intrans_VerbTerm	PossConc4_NPrePre15_BPre15_VRoot_VerbTerm	PossConc4_NPrePre15_Intrans_VerbTerm
i_zi_nto	NPrePre10_BPre10_NStem	NPrePre8_BPre8_NStem	NPrePre10_BPre10_NStem	NPrePre8_BPre10_NStem
za_bo	PossConc10_PronStem2	PossConc10_PronStem2	PossConc10_PronStem2	PossConc10_PronStem2
ngo_ku_sebenz_is_a	AdvPre_NPrePre15_BPre15_VRoot_CausExt_VerbTerm	AdvPre_BPre15_VRoot_CausExt_VerbTerm	AdvPre_NPrePre15_BPre15_VRoot_CausExt_VerbTerm	AdvPre_BPre15_VRoot_CausExt_VerbTerm
leyo	Dem4_Pos2	CDEM04	Dem4_Pos2	CDEM09
mi_phakathi	BPre4_NStem	BPre4_Adv	BPre4_NStem	BPre4_Adv
e_nga_na_ma_ndla	RelConc4_NegPre_AdvPre_NPrePre6_BPre6_NStem	RelConc4_AdvPre_AdvPre_BPre6_NStem	RelConc4_NegPre_AdvPre_NPrePre6_BPre6_NStem	RelConc4_AdvPre_AdvPre_BPre6_NStem
.	Punc	PUNC	Punc	PUNC
I_Ningizimu	NPrePre5_ProperName	NPrePre5_BPre5	NPrePre5_ProperName	NPrePre5_BPre5
Afrika	ProperName	ProperName	ProperName	ProperName
ku_mel_e	SC15_VRoot_VerbTerm	SC15_VRoot_VerbTerm	SC15_VRoot_VerbTerm	SC15_VRoot_VerbTerm
i_sebenz_is_e	SC9_VRoot_CausExt_VerbTerm	SC9_VRoot_CausExt_VerbTerm	SC9_VRoot_CausExt_VerbTerm	SC9_VRoot_CausExt_VerbTerm
a_ma_ndla	NPrePre6_BPre6_NStem	NPrePre6_BPre6_NStem	NPrePre6_BPre6_NStem	NPrePre6_BPre6_NStem
a_yo	PossConc6_PronStem9	PossConc6_PronStem9	PossConc6_PronStem9	PossConc6_PronStem9
u_ku_khul_is_a	NPrePre15_BPre15_VRoot_CausExt_VerbTerm	NPrePre15_BPre15_VRoot_CausExt_VerbTerm	NPrePre15_BPre15_VRoot_CausExt_VerbTerm	NPrePre15_BPre15_VRoot_CausExt_VerbTerm
oku_thengis_w_a	RelConc15_VRoot_CausExt_PassExt_VerbTerm	RelConc15_VRoot_PassExt_VerbTerm	RelConc15_VRoot_CausExt_PassExt_VerbTerm	RelConc15_VRoot_PassExt_VerbTerm
nga_phandle	AdvPre_Adv	AdvPre_Adv	AdvPre_Adv	AdvPre_Adv
.	Punc	PUNC	Punc	PUNC
Uma	Conj	Conj	Conj	Conj
u_mnotho	NPrePre3_NStem	NPrePre3_NStem	NPrePre3_NStem	NPrePre3_NStem
u_ng_enzi	SC3_NegPre_VRoot_VerbTerm	BPre1_AdvPre_NStem	SC3_NegPre_VRoot_VerbTerm	BPre1a_Pot_NStem
ka_hle	AdvPre_AdjStem	AdvPre_AdjStem	AdvPre_AdjStem	AdvPre_AdjStem
e_n_dawe_ni	LocPre_BPre9_NStem_LocSuf	LocPre_BPre9_NStem_LocSuf	LocPre_BPre9_NStem_LocSuf	LocPre_BPre9_NStem_LocSuf
e_yo_dwa	RelConc9_QuantConc9_QuantStem	RelConc9_QuantConc9_QuantStem	RelConc9_QuantConc9_QuantStem	RelConc9_QuantConc9_QuantStem
,	Punc	PUNC	Punc	PUNC
ku_mel_e	SC15_VRoot_VerbTerm	SC15_VRoot_VerbTerm	SC15_VRoot_VerbTerm	SC15_VRoot_VerbTerm
w_enz_e	SC3_VRoot_VerbTerm	SC2_VRoot_VerbTerm	SC3_VRoot_VerbTerm	SC2_VRoot_VerbTerm
ka_hle	AdvPre_AdjStem	AdvPre_AdjStem	AdvPre_AdjStem	AdvPre_AdjStem
kwe_zi_nye	PossConc15_AdjPref8_AdjStem	PossConc15_AdjPref10_AdjStem	PossConc15_AdjPref8_AdjStem	PossConc15_BPre8_AdjStem
i_zin_dawo	NPrePre10_BPre10_NStem	NPrePre10_BPre10_NStem	NPrePre10_BPre10_NStem	NPrePre10_BPre10_NStem
.	Punc	PUNC	Punc	PUNC
U_kw_enz_a	NPrePre15_BPre15_VRoot_VerbTerm	NPrePre15_BPre15_VRoot_VerbTerm	NPrePre15_BPre15_VRoot_VerbTerm	NPrePre15_BPre15_VRoot_VerbTerm
ka_hle	AdvPre_AdjStem	AdvPre_AdjStem	AdvPre_AdjStem	AdvPre_AdjStem
kwa_leli	PossConc15_Dem5_Pos1	PossConc15_NStem	PossConc15_Dem5_Pos1	PossConc15_NStem
zwe	BPre5_NStem	BPre5	BPre5_NStem	BPre5
u_ma	Conj	NPrePre3_NStem	Conj	NPrePre1a_NStem
li_qhathan_is_w_a	SC5_VRoot_RecipExt_CausExt_PassExt_VerbTerm	SC5_VRoot_CausExt_PassExt_VerbTerm	SC5_VRoot_RecipExt_CausExt_PassExt_VerbTerm	SC5_VRoot_CausExt_PassExt_VerbTerm
na_ma_nye	AdvPre_AdjPref6_AdjStem	AdvPre_AdjPref6_AdjStem	AdvPre_AdjPref6_AdjStem	AdvPre_AdjPref6_AdjStem
ku_bandakany_a	SC15_VRoot_VerbTerm	SC15_VRoot_VerbTerm	SC15_VRoot_VerbTerm	SC15_VRoot_VerbTerm
u_kw_enz_a	NPrePre15_BPre15_VRoot_VerbTerm	NPrePre15_BPre15_VRoot_VerbTerm	NPrePre15_BPre15_VRoot_VerbTerm	NPrePre15_BPre15_VRoot_VerbTerm
ka_hle	AdvPre_AdjStem	AdvPre_AdjStem	AdvPre_AdjStem	AdvPre_AdjStem
kwe_zo_ku_mb_iw_a_yo	SC15_RelConc9_PossConc10_NPrePre15_BPre15_VRoot_PassExt_VerbTerm_RelSuf	PossConc15_PossConc10_BPre15_VRoot_PassExt_VerbTerm_RelSuf	SC15_RelConc9_PossConc10_NPrePre15_BPre15_VRoot_PassExt_VerbTerm_RelSuf	PossConc15_PossConc10_BPre15_VRoot_PassExt_VerbTerm_RelSuf
za_lo	PossConc10_PronStem11	PossConc10_PronStem11	PossConc10_PronStem11	PossConc10_PronStem11
ka_nye	AdvPre_AdjStem	AdvPre_AdjStem	AdvPre_AdjStem	AdvPre_AdjStem
ne_m_khiqizo	AdvPre_NPrePre4_BPre4_NStem	AdvPre_BPre3_NStem	AdvPre_NPrePre4_BPre4_NStem	AdvPre_BPre3_NStem
ya_lo	PossConc9_Dem3_Pos1	PossConc9_PronStem5	PossConc9_Dem3_Pos1	PossConc9_PronStem5
ye_m_velo	PossConc9_BPre9_NStem	PossConc9_BPre9_NStem	PossConc9_BPre9_NStem	PossConc9_BPre9_NStem
,	Punc	PUNC	Punc	PUNC
u_m_khakha	NPrePre3_BPre3_NStem	NPrePre3_BPre3_NStem	NPrePre3_BPre3_NStem	NPrePre3_BPre3_NStem
o_s_e_zinge_ni	RelConc3_PreLoc-s_LocPre_NStem_LocSuf	RelConc3_PreLocs_LocPre_NStem_LocSuf	RelConc3_PreLoc-s_LocPre_NStem_LocSuf	RelConc3_PreLocs_LocPre_NStem_LocSuf
eli_phezulu	RelConc5_Adv	RelConc5_Adv	RelConc5_Adv	RelConc5_Adv
we_ze_zi_mali	PossConc3_NPrePre9_PossConc10_NPrePre9_BPre9_NStem	PossConc1_PossConc8_BPre8_NStem	PossConc3_NPrePre9_PossConc10_NPrePre9_BPre9_NStem	PossConc1_PossConc8_BPre8_NStem
no_ku_hlinzek_a	AdvPre_NPrePre15_BPre15_VRoot_VerbTerm	AdvPre_BPre15_VRoot_VerbTerm	AdvPre_NPrePre15_BPre15_VRoot_VerbTerm	AdvPre_BPre15_VRoot_VerbTerm
o_so_ma_bhizi_si_ni	NPrePre2a_PossConc2_BPre6_NStem	RelConc3_PossConc7_BPre6_VRoot_BPre7_LocSuf	NPrePre2a_PossConc2_BPre6_NStem	BPre2a_PossConc7_BPre7_NStem_BPre7_LocSuf
nge_zi_dingo	AdvPre_NPrePre8_BPre8_NStem	AdvPre_BPre8_NStem	AdvPre_NPrePre8_BPre8_NStem	AdvPre_BPre8_NStem
za_bo	PossConc10_PronStem2	PossConc10_PronStem2	PossConc10_PronStem2	PossConc10_PronStem2
oku_s_e_zinge_ni	RelConc15_PreLoc-s_LocPre_NStem_LocSuf	RelConc15_PreLocs_LocPre_NStem_LocSuf	RelConc15_PreLoc-s_LocPre_NStem_LocSuf	RelConc15_PreLocs_LocPre_NStem_LocSuf
eli_phezulu	RelConc5_Adv	RelConc5_Adv	RelConc5_Adv	RelConc5_Adv
,	Punc	PUNC	Punc	PUNC
u_ku_b_a	Conj	NPrePre15_BPre15_VRoot_VerbTerm	Conj	NPrePre15_BPre15_VRoot_VerbTerm
s_e_duze	PreLoc-s_LocPre_Adv	PossConc7_LocPre_NStem	PreLoc-s_LocPre_Adv	PreLocs_LocPre_NStem
ne_zi_maketh_e	AdvPre_NPrePre8_BPre8_NStem	AdvPre_BPre8_VRoot_VerbTerm	AdvPre_NPrePre8_BPre8_NStem	AdvPre_BPre8_VRoot_VerbTerm
za_se__Afrika	PossConc8_PreLoc-s_LocPre_ProperName	PossConc8_Pro_ProperName	PossConc8_PreLoc-s_LocPre_ProperName	PossConc8_Pro_ProperName
ezi_khul_a	RelConc10_VRoot_VerbTerm	RelConc8_VRoot_VerbTerm	RelConc10_VRoot_VerbTerm	RelConc10_VRoot_VerbTerm
ngo_ku_shesh_a	AdvPre_NPrePre15_BPre15_VRoot_VerbTerm	AdvPre_BPre15_VRoot_VerbTerm	AdvPre_NPrePre15_BPre15_VRoot_VerbTerm	AdvPre_BPre15_VRoot_VerbTerm
,	Punc	PUNC	Punc	PUNC
a_ma_yunivesithi	NPrePre6_BPre6_NStem	NPrePre6_BPre6_NStem	NPrePre6_BPre6_NStem	NPrePre6_BPre6_NStem
a_s_e_zinge_ni	RelConc6_PreLoc-s_LocPre_NStem_LocSuf	RelConc6_PreLocs_LocPre_NStem_LocSuf	RelConc6_PreLoc-s_LocPre_NStem_LocSuf	RelConc6_PreLocs_LocPre_NStem_LocSuf
eli_phezulu	RelConc5_Adv	RelConc5_Adv	RelConc5_Adv	RelConc5_Adv
no_m_khakha	AdvPre_NPrePre3_BPre3_NStem	AdvPre_BPre3_NStem	AdvPre_NPrePre3_BPre3_NStem	AdvPre_BPre3_NStem
o_khiqiz_a	RelConc3_VRoot_VerbTerm	RelConc3_Intrans_VerbTerm	RelConc3_VRoot_VerbTerm	Past_Intrans_VerbTerm
ka_hle	AdvPre_AdjStem	AdvPre_AdjStem	AdvPre_AdjStem	AdvPre_AdjStem
we_zo_limo	PossConc3_NPrePre9_PossConc10_NPrePre11_NStem	PossConc3_PossConc10_NStem	PossConc3_NPrePre9_PossConc10_NPrePre11_NStem	PossConc3_PossConc10_NStem
.	Punc	PUNC	Punc	PUNC
I_Ningizimu	NPrePre5_ProperName	NPrePre5_BPre5	NPrePre5_ProperName	NPrePre5_BPre5
Afrika	ProperName	ProperName	ProperName	ProperName
i_phind_e	SC9_VRoot_VerbTerm	SC9_VRoot_VerbTerm	SC9_VRoot_VerbTerm	SC9_VRoot_VerbTerm
i_be	SC9_AuxVStem	SC9_AuxVStem	SC9_AuxVStem	SC9_AuxVStem
na_ba_holi	AdvPre_NPrePre2_BPre2_NStem	AdvPre_BPre2_NStem	AdvPre_NPrePre2_BPre2_NStem	AdvPre_BPre2_NStem
aba_hlonish_w_a_yo	RelConc2_VRoot_PassExt_VerbTerm_RelSuf	RelConc2_VRoot_PassExt_VerbTerm_RelSuf	RelConc2_VRoot_PassExt_VerbTerm_RelSuf	RelConc2_VRoot_PassExt_VerbTerm_RelSuf
e_m_hlabe_ni	LocPre_BPre3_NStem_LocSuf	LocPre_BPre3_NStem_LocSuf	LocPre_BPre3_NStem_LocSuf	LocPre_BPre3_NStem_LocSuf
e_mi_khakhe_ni	RelConc9_BPre4_NStem_LocSuf	LocPre_BPre4_NStem_LocSuf	RelConc9_BPre4_NStem_LocSuf	LocPre_BPre4_NStem_LocSuf
e_fan_a	RelConc9_VRoot_VerbTerm	RelConc9_VRoot_VerbTerm	RelConc9_VRoot_VerbTerm	RelConc9_VRoot_VerbTerm
ne_yo_zo_kw_akha	AdvPre_PossConc3_NPrePre3_PossConc10_NPrePre15_BPre15_VRoot_VerbTerm	CopPre_PossConc9_Fut_BPre15_NStem	AdvPre_PossConc3_NPrePre3_PossConc10_NPrePre15_BPre15_VRoot_VerbTerm	AdvPre_PossConc9_Fut_BPre15_NStem
.	Punc	PUNC	Punc	PUNC
U_lw_az_i	NPrePre1_NPre11_NStem	NPrePre11_BPre11_VRoot_VerbTerm	NPrePre1_NPre11_NStem	NPrePre11_BPre11_VRoot_VerbTerm
_	Punc		Punc	
i_si_bonelo	NPrePre7_BPre7_NStem	NPrePre7_BPre7_NStem	NPrePre7_BPre7_NStem	NPrePre7_BPre7_NStem
,	Punc	PUNC	Punc	PUNC
u_m_khandlu	NPrePre3_BPre3_NStem	NPrePre3_BPre3_NStem	NPrePre3_BPre3_NStem	NPrePre3_BPre3_NStem
we_n_dawo	PossConc3_BPre9_NStem	PossConc3_BPre9_NStem	PossConc3_BPre9_NStem	PossConc3_BPre9_NStem
ku_ng_enz_ek_a	SC15_Pot_VRoot_NeutExt_VerbTerm	SC15_Pot_VRoot_NeutExt_VerbTerm	SC15_Pot_VRoot_NeutExt_VerbTerm	SC15_Pot_VRoot_NeutExt_VerbTerm
u_nga_wu_nik_i	SC3_NegPre_OC3_VRoot_VerbTerm	SC1_NegPre_OC3_VRoot_VerbTerm	SC3_NegPre_OC3_VRoot_VerbTerm	SC3_NegPre_OC3_VRoot_VerbTerm
u_m_phakathi	NPrePre3_BPre3_NStem	NPrePre3_BPre3_NStem	NPrePre3_BPre3_NStem	NPrePre3_BPre3_NStem
a_ma_minithi	NPrePre6_BPre6_NStem	NPrePre6_BPre6_NStem	NPrePre6_BPre6_NStem	NPrePre6_BPre6_NStem
,	Punc	PUNC	Punc	PUNC
i_zabelomali	NPrePre8_BPre8_NStem	BPre9_NStem	NPrePre8_BPre8_NStem	BPre9_NStem
noma	Conj	Conj	Conj	Conj
i_mi_biko	NPrePre4_BPre4_NStem	NPrePre4_BPre4_NStem	NPrePre4_BPre4_NStem	NPrePre4_BPre4_NStem
ye_zi_mali	PossConc9_NPrePre10_BPre10_NStem	PossConc9_BPre10_NStem	PossConc9_NPrePre10_BPre10_NStem	PossConc9_BPre10_NStem
.	Punc	PUNC	Punc	PUNC
Nga_leyo	AdvPre_Dem9_Pos2	AdvPre_NStem	AdvPre_Dem9_Pos2	AdvPre_NStem
n_dlel_a	BPre9_NStem	BPre9_VRoot_VerbTerm	BPre9_NStem	BPre9_VRoot_VerbTerm
u_m_phakathi	NPrePre3_BPre3_NStem	NPrePre3_BPre3_NStem	NPrePre3_BPre3_NStem	NPrePre3_BPre3_NStem
awukw_az_i	NegPre_SC3_BPre15_VRoot_VerbTerm	NegPre_VRoot_VerbTerm	NegPre_SC3_BPre15_VRoot_VerbTerm	NegPre_VRoot_VerbTerm
u_kw_enz_a	NPrePre15_BPre15_VRoot_VerbTerm	NPrePre15_BPre15_VRoot_VerbTerm	NPrePre15_BPre15_VRoot_VerbTerm	NPrePre15_BPre15_VRoot_VerbTerm
i_zin_qumo	NPrePre10_BPre10_NStem	NPrePre10_BPre10_NStem	NPrePre10_BPre10_NStem	NPrePre10_BPre10_NStem
ezi_lung_il_e	RelConc8_Intrans_Perf	RelConc8_VRoot_Perf_VerbTerm	RelConc8_Intrans_Perf	RelConc10_VRoot_Perf_VerbTerm
mayela_na	Adv	NStem_DimSuf	Adv	NStem_DimSuf
no_ku_th_i	AdvPre_BPre15_VRoot_VerbTerm	AdvPre_BPre15_VRoot_VerbTerm	AdvPre_BPre15_VRoot_VerbTerm	AdvPre_BPre15_VRoot_VerbTerm
yi_mali_ni	CopPre_NStem_InterrogSuf	CopPre_NStem_InterrogSuf	CopPre_NStem_InterrogSuf	CopPre_NStem_InterrogSuf
e_khona	RelConc9_Adv	RelConc9_Adv	RelConc9_Adv	RelConc9_Adv
e_zo_siz_a	RelConc9_Fut_VRoot_VerbTerm	RelConc9_Fut_VRoot_VerbTerm	RelConc9_Fut_VRoot_VerbTerm	RelConc9_Fut_VRoot_VerbTerm
u_kw_akha	NPrePre15_BPre15_VRoot_VerbTerm	NPrePre15_BPre15_NStem	NPrePre15_BPre15_VRoot_VerbTerm	NPrePre15_BPre15_NStem
u_m_tholampilo	NPrePre3_BPre3_NStem	NPrePre3_BPre3_NStem	NPrePre3_BPre3_NStem	NPrePre3_BPre3_NStem
noma	Conj	Conj	Conj	Conj
i_si_kole	NPrePre7_BPre7_NStem	NPrePre7_BPre7_NStem	NPrePre7_BPre7_NStem	NPrePre7_BPre7_NStem
.	Punc	PUNC	Punc	PUNC
Uma	Conj	Conj	Conj	ProperName
u_bek_a	SC2ps_VRoot_VerbTerm	SC1_Intrans_VerbTerm	SC2ps_VRoot_VerbTerm	SC1_VRoot_VerbTerm
u_vo	NPrePre11_NStem	NPrePre11_NStem	NPrePre11_NStem	NPrePre11_NStem
u_tshel_w_a	SC2ps_VRoot_PassExt_VerbTerm	SC3_VRoot_PassExt_VerbTerm	SC2ps_VRoot_PassExt_VerbTerm	SC1_VRoot_PassExt_VerbTerm
u_kuth_i	Conj	NPrePre15_VRoot_VerbTerm	Conj	NPrePre15_BPre15_VerbTerm
aku_kho	NegPre_BPre15_Adv	NegPre_Adv	NegPre_BPre15_Adv	NegPre_Adv
mali	NStem	NStem	NStem	NStem
kodwa	Conj	Conj	Conj	Conj
awukw_az_i	NegPre_SC2ps_BPre15_VRoot_VerbTerm	NegPre_VRoot_VerbTerm	NegPre_SC2ps_BPre15_VRoot_VerbTerm	NegPre_VRoot_VerbTerm
u_ku_phikis_a	NPrePre15_BPre15_VRoot_CausExt_VerbTerm	NPrePre15_BPre15_VRoot_VerbTerm	NPrePre15_BPre15_VRoot_CausExt_VerbTerm	NPrePre15_BPre15_VRoot_VerbTerm
lolu	Dem11_Pos1	CDEM11	Dem11_Pos1	CDEM11
lw_az_i	BPre11_NStem	SC11_VRoot_VerbTerm	BPre11_NStem	SC5_VRoot_VerbTerm
njengoba	Conj	Conj	Conj	Conj
be_nga_kw_az_i	SC2_NegPre_BPre15_VRoot_VerbTerm	SC2_Pot_BPre15_VRoot_VerbTerm	SC2_NegPre_BPre15_VRoot_VerbTerm	SC2_Pot_BPre15_VRoot_VerbTerm
u_ku_thol_a	NPrePre15_BPre15_VRoot_VerbTerm	NPrePre15_BPre15_VRoot_VerbTerm	NPrePre15_BPre15_VRoot_VerbTerm	NPrePre15_BPre15_VRoot_VerbTerm
u_lw_az_i	NPrePre11_NPre11_NStem	SC1_BPre11_VRoot_VerbTerm	NPrePre11_NPre11_NStem	NPrePre11_BPre11_VRoot_VerbTerm
olu_fanel_e	RelConc11_VRoot_VerbTerm	RelConc11_VRoot_VerbTerm	RelConc11_VRoot_VerbTerm	RelConc11_VRoot_VerbTerm
.	Punc	PUNC	Punc	PUNC
Thath_a	VRoot_VerbTerm	VRoot_VerbTerm	VRoot_VerbTerm	VRoot_VerbTerm
i_zi_m_pendulo	NPrePre10_BPre10_BPre3_NStem	NPrePre10_BPre10_BPre3_NStem	NPrePre10_BPre10_BPre3_NStem	NPrePre10_BPre10_BPre3_NStem
za_ma_qembu	PossConc10_NPrePre6_BPre6_NStem	PossConc8_BPre6_NStem	PossConc10_NPrePre6_BPre6_NStem	PossConc8_BPre6_NStem
.	Punc	PUNC	Punc	PUNC
Bhek_is_a	VRoot_CausExt_VerbTerm	VRoot_CausExt_VerbTerm	VRoot_CausExt_VerbTerm	VRoot_CausExt_VerbTerm
aba_bamb_e	RelConc2_VRoot_VerbTerm	RelConc2_VRoot_VerbTerm	RelConc2_VRoot_VerbTerm	RelConc2_VRoot_VerbTerm
i_qhaz_a	NPrePre5_BPre5_NStem	SC9_VRoot_VerbTerm	NPrePre5_BPre5_NStem	SC9_VRoot_VerbTerm
ku__3._3	LocPre_Num	LocPre_Num_Num	LocPre_Num	LocPre_Num_Num
e_ma_nothi_ni	LocPre_BPre6_NStem_LocSuf	LocPre_BPre6_NStem_LocSuf	LocPre_BPre6_NStem_LocSuf	LocPre_BPre6_NStem_LocSuf
ezi_fundo	RelConc8_NStem	RelConc8_NStem	RelConc8_NStem	RelConc8_NStem
njenge_si_bonelo	AdvPre_NPrePre7_BPre7_NStem	AdvPre_BPre8_NStem	AdvPre_NPrePre7_BPre7_NStem	AdvPre_BPre8_NStem
esi_phelel_e	RelConc7_VRoot_VerbTerm	RelConc7_VRoot_VerbTerm	RelConc7_VRoot_VerbTerm	RelConc7_VRoot_VerbTerm
.	Punc	PUNC	Punc	PUNC
I_zin_hlelo	NPrePre10_BPre10_NStem	NPrePre10_BPre10_NStem	NPrePre10_BPre10_NStem	NPrePre10_BPre10_NStem
zi_bhek_is_w_a	SC9_VRoot_CausExt_PassExt_VerbTerm	SC8_VRoot_CausExt_PassExt_VerbTerm	SC9_VRoot_CausExt_PassExt_VerbTerm	SC10_VRoot_CausExt_PassExt_VerbTerm
e_ma_bhang_e	LocPre_BPre6_NStem	LocPre_BPre6_VRoot_VerbTerm	LocPre_BPre6_NStem	LocPre_BPre6_Intrans_VerbTerm
futh_i	Conj	VRoot_VerbTerm	Conj	VRoot_VerbTerm
zi_fanel_e	SC8_Intrans_VerbTerm	SC10_VRoot_VerbTerm	SC8_Intrans_VerbTerm	SC10_VRoot_VerbTerm
u_ku_bhek_an_a	NPrePre15_BPre15_VRoot_RecipExt_VerbTerm	NPrePre15_BPre15_VRoot_RecipExt_VerbTerm	NPrePre15_BPre15_VRoot_RecipExt_VerbTerm	NPrePre15_BPre15_VRoot_RecipExt_VerbTerm
ne_zi_nto	AdvPre_NPrePre10_BPre10_NStem	AdvPre_BPre10_NStem	AdvPre_NPrePre10_BPre10_NStem	AdvPre_BPre10_NStem
ezi_s_e_m_qoka	RelConc8_PreLoc-s_LocPre_BPre3_NStem	RelConc8_PreLocs_LocPre_BPre3_NStem	RelConc8_PreLoc-s_LocPre_BPre3_NStem	RelConc8_PreLocs_LocPre_BPre3_NStem
za_wo	PossConc10_PronStem3	PossConc10_PronStem3	PossConc10_PronStem3	PossConc10_PronStem3
wo_nke	QuantConc3_QuantStem	QuantConc3_QuantStem	QuantConc3_QuantStem	QuantConc3_QuantStem
a_ma_qembu	NPrePre6_BPre6_NStem	NPrePre6_BPre6_NStem	NPrePre6_BPre6_NStem	NPrePre6_BPre6_NStem
,	Punc	PUNC	Punc	PUNC
oku_hlangan_is_a	RelConc15_VRoot_CausExt_VerbTerm	RelConc15_VRoot_CausExt_VerbTerm	RelConc15_VRoot_CausExt_VerbTerm	RelConc15_VRoot_CausExt_VerbTerm
na_ba_nga_kw_az_i	AdvPre_BPre2_NegPre_BPre15_NStem	AdvPre_NegPre_NegPre_BPre15_VRoot_VerbTerm	AdvPre_BPre2_NegPre_BPre15_NStem	AdvPre_RelConc2_NegPre_BPre15_VRoot_VerbTerm
u_ku_zi_vikel_a	NPrePre15_BPre15_NStem	NPrePre15_BPre15_ReflPre_VRoot_VerbTerm	NPrePre15_BPre15_NStem	NPrePre15_BPre15_ReflPre_VRoot_VerbTerm
.	Punc	PUNC	Punc	PUNC
I_si_gaba	NPrePre7_BPre7_NStem	NPrePre7_BPre7_NStem	NPrePre7_BPre7_NStem	NPrePre7_BPre7_NStem
sa_ma_khono	PossConc7_NPrePre6_BPre6_NStem	PossConc7_BPre6_NStem	PossConc7_NPrePre6_BPre6_NStem	PossConc7_BPre6_NStem
e_mi_sebenz_ini	LocPre_NPrePre4_BPre4_NStem_LocSuf	LocPre_BPre4_NStem_LocSuf	LocPre_NPrePre4_BPre4_NStem_LocSuf	LocPre_BPre4_NStem_LocSuf
yo_m_phakathi	PossConc9_NPrePre3_BPre3_Adv	PossConc9_BPre3_NStem	PossConc9_NPrePre3_BPre3_Adv	PossConc9_BPre3_NStem
si_vez_a	SC7_VRoot_VerbTerm	SC7_VRoot_VerbTerm	SC7_VRoot_VerbTerm	SC7_VRoot_VerbTerm
i_si_gaba	NPrePre7_BPre7_NStem	NPrePre7_BPre7_NStem	NPrePre7_BPre7_NStem	NPrePre7_BPre7_NStem
sa_ma_khono	PossConc7_NPrePre6_BPre6_NStem	PossConc7_BPre6_NStem	PossConc7_NPrePre6_BPre6_NStem	PossConc7_BPre6_NStem
ku_zwelonke	LocPre_NStem	LocPre_NStem	LocPre_NStem	LocPre_NStem
.	Punc	PUNC	Punc	PUNC
Ku_no_ku_shod_a	SC15_AdvPre_NPrePre15_BPre15_VRoot_VerbTerm	SC15_AdvPre_BPre15_VRoot_VerbTerm	SC15_AdvPre_NPrePre15_BPre15_VRoot_VerbTerm	SC15_AdvPre_BPre15_VRoot_VerbTerm
oku_khulu	AdjPref15_AdjStem	AdjPref15_AdjStem	AdjPref15_AdjStem	AdjPref15_AdjStem
ko_doko_tela	PossConc15_BPre2a_NStem	PossConc15_Fut_NStem	PossConc15_BPre2a_NStem	PossConc15_Fut_NStem
aba_sebenz_a	RelConc2_VRoot_VerbTerm	RelConc2_VRoot_VerbTerm	RelConc2_VRoot_VerbTerm	RelConc2_VRoot_VerbTerm
ka_hle	AdvPre_AdjStem	AdvPre_AdjStem	AdvPre_AdjStem	AdvPre_AdjStem
aba_s_e_zinge_ni	RelConc2_PreLoc-s_LocPre_NStem_LocSuf	RelConc2_PreLocs_LocPre_NStem_LocSuf	RelConc2_PreLoc-s_LocPre_NStem_LocSuf	RelConc2_PreLocs_LocPre_NStem_LocSuf
eli_phezulu	RelConc5_Adv	RelConc5_Adv	RelConc5_Adv	RelConc5_Adv
,	Punc	PUNC	Punc	PUNC
o_njiniyela	NPrePre2a_NStem	NPrePre2a_NStem	NPrePre2a_NStem	NPrePre2a_NStem
,	Punc	PUNC	Punc	PUNC
o_chwepheshe	NPrePre2a_NStem	NPrePre2a_NStem	NPrePre2a_NStem	NPrePre2a_NStem
be_ze_mi_ninigwane	PossConc2_NPrePre4_PossConc10_NPrePre4_BPre4_NStem	PossConc2_PossConc8_BPre4_NStem	PossConc2_NPrePre4_PossConc10_NPrePre4_BPre4_NStem	PossConc2_PossConc10_BPre4_NStem
,	Punc	PUNC	Punc	PUNC
o_chwepheshe	NPrePre2a_NStem	RelConc3_NStem	NPrePre2a_NStem	NPrePre2a_NStem
be_forensi_khi	PossConc2_NPrePre9_NStem	PossConc2_NStem_NStem	PossConc2_NPrePre9_NStem	PossConc2_NStem_Interrog
,	Punc	PUNC	Punc	PUNC
aba_seshi	NegPre_BPre2_VRoot_VerbTerm	RelConc2_NStem	NegPre_BPre2_VRoot_VerbTerm	RelConc2_NStem
,	Punc	PUNC	Punc	PUNC
aba_hleli	NPrePre2_BPre2_NStem	RelConc2_NStem	NPrePre2_BPre2_NStem	RelConc2_NStem
,	Punc	PUNC	Punc	PUNC
aba_cwaningi	NPrePre2_BPre2_NStem	RelConc2_NStem	NPrePre2_BPre2_NStem	RelConc2_NStem
ma_bhuku	BPre6_NStem	BPre6_NStem	BPre6_NStem	BPre6_NStem
,	Punc	PUNC	Punc	PUNC
aba_shushisi	NPrePre2_BPre2_NStem	RelConc2_NStem	NPrePre2_BPre2_NStem	RelConc2_NStem
,	Punc	PUNC	Punc	PUNC
a_be_lulek_a	RelConc2_VRoot_VerbTerm	RelConc2_SC2_VRoot_VerbTerm	RelConc2_VRoot_VerbTerm	NPrePre2_SC2_VRoot_VerbTerm
nge_zi_fundo	AdvPre_NPrePre8_BPre8_NStem	AdvPre_BPre8_NStem	AdvPre_NPrePre8_BPre8_NStem	AdvPre_BPre8_NStem
,	Punc	PUNC	Punc	PUNC
njalonjalo	Adv	Adv	Adv	Adv
.	Punc	PUNC	Punc	PUNC
U_kw_engez_a	NPrePre15_BPre15_VRoot_VerbTerm	NPrePre15_BPre15_VRoot_VerbTerm	NPrePre15_BPre15_VRoot_VerbTerm	NPrePre15_BPre15_VRoot_VerbTerm
lapho	Conj	Conj	Conj	Conj
,	Punc	PUNC	Punc	PUNC
u_ku_kw_az_i	NPrePre15_BPre15_BPre15_VRoot_VerbTerm	NPrePre15_BPre15_OC15_VRoot_VerbTerm	NPrePre15_BPre15_BPre15_VRoot_VerbTerm	NPrePre15_BPre15_OC15_VRoot_VerbTerm
u_ku_phath_a	NPrePre15_BPre15_VRoot_VerbTerm	NPrePre15_BPre15_VRoot_VerbTerm	NPrePre15_BPre15_VRoot_VerbTerm	NPrePre15_BPre15_VRoot_VerbTerm
kwa_ba_sebenzi	PossConc15_NPrePre2_BPre2_NStem	PossConc15_BPre2_NStem	PossConc15_NPrePre2_BPre2_NStem	PossConc15_BPre2_NStem
aba_s_e_zi_khundle_ni	RelConc2_PreLoc-s_LocPre_BPre8_NStem_LocSuf	RelConc2_PreLocs_LocPre_BPre8_NStem_LocSuf	RelConc2_PreLoc-s_LocPre_BPre8_NStem_LocSuf	RelConc2_PreLocs_LocPre_BPre8_NStem_LocSuf
ezi_phezulu	RelConc8_Adv	RelConc8_Adv	RelConc8_Adv	RelConc8_Adv
aba_sebenz_a	RelConc2_VRoot_VerbTerm	RelConc2_VRoot_VerbTerm	RelConc2_VRoot_VerbTerm	RelConc2_VRoot_VerbTerm
ezin_hlanganw_eni	RelConc10_BPre9_NStem_LocSuf	AdjPref8_NStem_LocSuf	RelConc10_BPre9_NStem_LocSuf	BPre10_NStem_LocSuf
ezi_nzima	RelConc8_RelStem	RelConc8_RelStem	RelConc8_RelStem	RelConc8_RelStem
,	Punc	PUNC	Punc	PUNC
ku_m_qondosizinda	LocPre_BPre3_NStem	LocPre_BPre3_NStem	LocPre_BPre3_NStem	LocPre_BPre3_NStem
we_zo_m_busazwe	PossConc3_NPrePre4_PossConc10_NPrePre3_BPre3_NStem	PossConc3_PossConc10_BPre3_NStem	PossConc3_NPrePre4_PossConc10_NPrePre3_BPre3_NStem	PossConc3_PossConc10_BPre3_NStem
ne_nhlalakahle	AdvPre_NPrePre9_NStem	AdvPre_NStem	AdvPre_NPrePre9_NStem	AdvPre_NStem
ku_dinga	SC15_VRoot_VerbTerm	BPre17_NStem	SC15_VRoot_VerbTerm	LocPre_NStem
u_ku_qash_el_w_a	NPrePre15_BPre15_VRoot_PassExt_VerbTerm	NPrePre15_BPre15_VRoot_ApplExt_PassExt_VerbTerm	NPrePre15_BPre15_VRoot_PassExt_VerbTerm	NPrePre15_BPre15_VRoot_ApplExt_PassExt_VerbTerm
ka_khulu	AdvPre_AdjStem	AdvPre_AdjStem	AdvPre_AdjStem	AdvPre_AdjStem
.	Punc	PUNC	Punc	PUNC
U_ku_sombulul_a	NPrePre15_BPre15_NStem	NPrePre15_BPre15_VRoot_VerbTerm	NPrePre15_BPre15_NStem	NPrePre15_BPre15_VRoot_VerbTerm
k_oku_bili	PossConc15_NPrePre15_BPre15_AdjStem	LocPre_AdjPref15_AdjStem	PossConc15_NPrePre15_BPre15_AdjStem	LocPre_AdjPref15_AdjStem
u_ku_shod_a	NPrePre15_BPre15_NStem	NPrePre15_BPre15_VRoot_VerbTerm	NPrePre15_BPre15_NStem	NPrePre15_BPre15_VRoot_VerbTerm
kwa_ma_khono	PossConc15_NPrePre6_BPre6_NStem	PossConc15_BPre6_NStem	PossConc15_NPrePre6_BPre6_NStem	PossConc15_BPre6_NStem
obu_chwepheshe	RelConc14_NStem	RelConc14_NStem	RelConc14_NStem	RelConc14_NStem
na_wo_ku_phath_a	AdvPre_PossConc6_NPrePre15_BPre15_VRoot_VerbTerm	AdvPre_PossConc6_BPre15_VRoot_VerbTerm	AdvPre_PossConc6_NPrePre15_BPre15_VRoot_VerbTerm	AdvPre_PossConc3_BPre15_VRoot_VerbTerm
,	Punc	PUNC	Punc	PUNC
u_hulumeni	NPrePre1a_NStem	NPrePre1a_NStem	NPrePre1a_NStem	NPrePre1a_NStem
ku_mel_e	SC15_VRoot_VerbTerm	SC15_VRoot_VerbTerm	SC15_VRoot_VerbTerm	SC15_VRoot_VerbTerm
a_thath_e	SC1_VRoot_VerbTerm	SC6_VRoot_VerbTerm	SC1_VRoot_VerbTerm	SC6_VRoot_VerbTerm
i_n_dlel_a	NPrePre9_NPrePre9_NStem	NPrePre9_BPre9_VRoot_VerbTerm	NPrePre9_NPrePre9_NStem	NPrePre9_BPre9_VRoot_VerbTerm
ye_si_khathi	PossConc9_NPrePre7_BPre7_NStem	PossConc9_BPre7_NStem	PossConc9_NPrePre7_BPre7_NStem	PossConc9_BPre7_NStem
esi_de	AdjPref7_AdjStem	AdjPref7_AdjStem	AdjPref7_AdjStem	AdjPref7_AdjStem
yo_ku_thuthuk_is_a	PossConc9_NPrePre15_BPre15_VRoot_CausExt_VerbTerm	PossConc9_BPre15_VRoot_CausExt_VerbTerm	PossConc9_NPrePre15_BPre15_VRoot_CausExt_VerbTerm	PossConc9_BPre15_VRoot_CausExt_VerbTerm
a_ma_khono	NPrePre6_BPre6_NStem	NPrePre6_BPre6_NStem	NPrePre6_BPre6_NStem	NPrePre6_BPre6_NStem
a_wa_dinga_yo	SC6_OC1_VRoot_VerbTerm_RelSuf	NegPre_OC3_VRoot_RelSuf	SC6_OC1_VRoot_VerbTerm_RelSuf	NegPre_OC6_VRoot_RelSuf
ngo_ku_sungul_a	AdvPre_NPrePre15_BPre15_VRoot_VerbTerm	AdvPre_BPre15_VRoot_VerbTerm	AdvPre_NPrePre15_BPre15_VRoot_VerbTerm	AdvPre_BPre15_VRoot_VerbTerm
i_n_dlel_a	NPrePre9_NPrePre9_NStem	NPrePre9_BPre9_VRoot_VerbTerm	NPrePre9_NPrePre9_NStem	NPrePre9_BPre9_VRoot_VerbTerm
yo_m_sebenzi	PossConc4_NPrePre3_BPre3_NStem	PossConc4_BPre3_NStem	PossConc4_NPrePre3_BPre3_NStem	PossConc4_BPre3_NStem
,	Punc	PUNC	Punc	PUNC
u_ku_siz_w_a	NPrePre15_BPre15_VRoot_PassExt_VerbTerm	NPrePre15_BPre15_VRoot_PassExt_VerbTerm	NPrePre15_BPre15_VRoot_PassExt_VerbTerm	NPrePre15_BPre15_VRoot_PassExt_VerbTerm
kwa_ba_sebenzi	PossConc15_NPrePre2_BPre2_NStem	PossConc15_BPre2_NStem	PossConc15_NPrePre2_BPre2_NStem	PossConc15_BPre2_NStem
,	Punc	PUNC	Punc	PUNC
no_ku_sebenz_is_an_a	AdvPre_NPrePre15_BPre15_VRoot_CausExt_RecipExt_VerbTerm	AdvPre_BPre15_VRoot_CausExt_RecipExt_VerbTerm	AdvPre_NPrePre15_BPre15_VRoot_CausExt_RecipExt_VerbTerm	AdvPre_BPre15_VRoot_CausExt_RecipExt_VerbTerm
oku_khulu	AdjPref15_AdjStem	AdjPref15_AdjStem	AdjPref15_AdjStem	AdjPref15_AdjStem
na_ba_phathi	AdvPre_NPrePre2_BPre2_NStem	AdvPre_BPre2_NStem	AdvPre_NPrePre2_BPre2_NStem	AdvPre_BPre2_NStem
ba_ma_yunivesithi	PossConc2_BPre6_NStem	PossConc2_BPre6_NStem	PossConc2_BPre6_NStem	PossConc2_BPre6_NStem
ne_zi_kole	AdvPre_NPrePre8_BPre8_NStem	AdvPre_BPre8_NStem	AdvPre_NPrePre8_BPre8_NStem	AdvPre_BPre8_NStem
.	Punc	PUNC	Punc	PUNC
U_hlelo	NPrePre11_NStem	NPrePre11_BPre11	NPrePre11_NStem	NPrePre11_BPre11
lu_themb_ek_il_e	SC11_VRoot_NeutExt_Perf_VerbTerm	SC11_VRoot_NeutExt_Perf_VerbTerm	SC11_VRoot_NeutExt_Perf_VerbTerm	SC5_VRoot_NeutExt_Perf_VerbTerm
njengoba	Conj	Conj	Conj	Conj
ku_sebenz_a	SC15_VRoot_VerbTerm	SC15_VRoot_VerbTerm	SC15_VRoot_VerbTerm	SC15_VRoot_VerbTerm
i_n_dlel_a	NPrePre9_NPrePre9_NStem	NPrePre9_BPre9_VRoot_VerbTerm	NPrePre9_NPrePre9_NStem	NPrePre9_BPre9_VRoot_VerbTerm
ya_lo	PossConc9_Dem11_Pos1	PossConc9_PronStem5	PossConc9_Dem11_Pos1	PossConc9_PronStem5
yo_ku_leth_a	PossConc9_NPrePre15_BPre15_VRoot_VerbTerm	PossConc9_BPre15_VRoot_VerbTerm	PossConc9_NPrePre15_BPre15_VRoot_VerbTerm	PossConc9_BPre15_VRoot_VerbTerm
i_mi_sebenzi	NPrePre4_BPre4_NStem	NPrePre4_BPre4_NStem	NPrePre4_BPre4_NStem	NPrePre4_BPre4_NStem
.	Punc	PUNC	Punc	PUNC
Ku_ne_ngozi	BPre15_AdvPre_NStem	LocPre_AdvPre_NStem	BPre15_AdvPre_NStem	LocPre_AdvPre_NStem
ya_nge_mpela	PossConc9_AdvPre_Adv	PossConc4_AdvPre_Adv	PossConc9_AdvPre_Adv	PossConc4_AdvPre_Adv
yo_ku_th_i	PossConc9_Conj	PossConc9_BPre15_VRoot_VerbTerm	PossConc9_Conj	PossConc9_BPre15_VRoot_VerbTerm
u_hlelo	NPrePre11_NStem	NPrePre11_NStem	NPrePre11_NStem	NPrePre11_NStem
lwe_ze_ntuthuko	PossConc11_NPrePre9_PossConc10_NPrePre9_NStem	PossConc11_PossConc10_NStem	PossConc11_NPrePre9_PossConc10_NPrePre9_NStem	PossConc11_PossConc10_NStem
lwa_s_e_Ningizimu	PossConc11_PreLoc-s_LocPre_ProperName	PossConc11_PreLocs_LocPre_ProperName	PossConc11_PreLoc-s_LocPre_ProperName	PossConc11_PreLocs_LocPre_ProperName
Afrika	ProperName	ProperName	ProperName	ProperName
ngeke	CopPre_Adv	Adv	CopPre_Adv	Adv
lwa_phumelel_a	SC11_VRoot_VerbTerm	SC11_VRoot_VerbTerm	SC11_VRoot_VerbTerm	PossConc11_VRoot_VerbTerm
ngoba	Conj	Conj	Conj	Conj
u_hulumeni	NPrePre1a_NStem	NPrePre1a_NStem	NPrePre1a_NStem	NPrePre1a_NStem
a_ngeke	NegPre_AuxVStem	NegPre_Adv	NegPre_AuxVStem	NegPre_Adv
a_kw_az_i	SC1_BPre15_VRoot_VerbTerm	SC6_BPre15_VRoot_VerbTerm	SC1_BPre15_VRoot_VerbTerm	SC6_BPre15_VRoot_VerbTerm
u_ku_lw_enz_a	NPrePre15_BPre15_BPre11_VRoot_VerbTerm	NPrePre15_BPre15_BPre11_VRoot_VerbTerm	NPrePre15_BPre15_BPre11_VRoot_VerbTerm	NPrePre15_BPre15_BPre11_VRoot_VerbTerm
lu_sebenz_e	SC11_VRoot_VerbTerm	SC11_VRoot_VerbTerm	SC11_VRoot_VerbTerm	SC11_VRoot_VerbTerm
.	Punc	PUNC	Punc	PUNC
I_Khomishani	NPrePre9_NStem	NPrePre9_ProperName	NPrePre9_NStem	NPrePre9_ProperName
y_enz_a	SC9_VRoot_VerbTerm	SC9_VRoot_VerbTerm	SC9_VRoot_VerbTerm	SC9_VRoot_VerbTerm
i_zi_hlongozo	NPrePre8_BPre8_NStem	NPrePre8_BPre8_NStem	NPrePre8_BPre8_NStem	NPrePre8_BPre8_NStem
ze_zin_guquko	PossConc10_NPrePre10_BPre10_NStem	PossConc10_BPre10_NStem	PossConc10_NPrePre10_BPre10_NStem	PossConc8_BPre10_NStem
ze_si_khungo	PossConc10_NPrePre7_BPre7_NStem	PossConc8_BPre7_NStem	PossConc10_NPrePre7_BPre7_NStem	PossConc8_BPre7_NStem
ezi_finyelel_a	RelConc10_VRoot_VerbTerm	RelConc8_Intrans_VerbTerm	RelConc10_VRoot_VerbTerm	RelConc8_Intrans_VerbTerm
kude	Adv	Adv	Adv	Adv
u_ku_lungis_a	NPrePre15_BPre15_VRoot_VerbTerm	NPrePre15_BPre15_VRoot_VerbTerm	NPrePre15_BPre15_VRoot_VerbTerm	NPrePre15_BPre15_VRoot_VerbTerm
u_ku_nga_sebenzi	NPrePre15_BPre15_NegPre_VRoot_VerbTerm	NPrePre15_BPre15_NegPre_NStem	NPrePre15_BPre15_NegPre_VRoot_VerbTerm	NPrePre15_BPre15_NegPre_NStem
ka_hle	AdvPre_AdjStem	AdvPre_AdjStem	AdvPre_AdjStem	AdvPre_AdjStem
kwe_mi_sebenzi	PossConc15_NPrePre4_BPre4_NStem	PossConc15_BPre4_NStem	PossConc15_NPrePre4_BPre4_NStem	PossConc15_BPre4_NStem
yo_m_phakathi	PossConc9_NPrePre3_BPre3_Adv	PossConc9_BPre3_NStem	PossConc9_NPrePre3_BPre3_Adv	PossConc9_BPre3_NStem
n_o_hulumeni	AdvPre_NPrePre2a_NStem	AdvPre_NPrePre2a_NStem	AdvPre_NPrePre2a_NStem	AdvPre_NPrePre2a_NStem
be_zin_dawo	PossConc2_NPrePre10_BPre10_NStem	PossConc2_BPre10_NStem	PossConc2_NPrePre10_BPre10_NStem	PossConc2_BPre10_NStem
.	Punc	PUNC	Punc	PUNC
U_ku_qond_a	NPrePre15_BPre15_NStem	NPrePre15_BPre15_VRoot_VerbTerm	NPrePre15_BPre15_NStem	NPrePre15_BPre15_VRoot_VerbTerm
i_zin_dlel_a	NPrePre10_BPre10_NStem	NPrePre10_BPre10_VRoot_VerbTerm	NPrePre10_BPre10_NStem	NPrePre10_BPre10_VRoot_VerbTerm
zo_ku_zi_phil_is_a	PossConc10_NPrePre15_BPre15_ReflPre_VRoot_CausExt_VerbTerm	PossConc10_BPre15_ReflPre_VRoot_CausExt_VerbTerm	PossConc10_NPrePre15_BPre15_ReflPre_VRoot_CausExt_VerbTerm	PossConc10_BPre15_ReflPre_VRoot_CausExt_VerbTerm
ze_zi_n_hlobo	PossConc8_NPrePre10_BPre10_NStem	PossConc10_BPre8_BPre9_NStem	PossConc8_NPrePre10_BPre10_NStem	PossConc10_BPre8_BPre9_NStem
ezi_thile	RelConc10_RelStem	RelConc10_RelStem	RelConc10_RelStem	RelConc8_RelStem
za_ba_ntu	PossConc10_NPrePre2_BPre2_NStem	PossConc10_BPre2_NStem	PossConc10_NPrePre2_BPre2_NStem	PossConc10_BPre2_NStem
ngo_kwe_n_hlalo	AdvPre_NPrePre15_PossConc15_BPre9_NStem	AdvPre_PossConc15_BPre9_NStem	AdvPre_NPrePre15_PossConc15_BPre9_NStem	AdvPre_PossConc15_BPre9_NStem
,	Punc	PUNC	Punc	PUNC
oku_hlangan_is_a	RelConc15_VRoot_CausExt_VerbTerm	RelConc15_VRoot_CausExt_VerbTerm	RelConc15_VRoot_CausExt_VerbTerm	RelConc15_VRoot_CausExt_VerbTerm
oku_yi_n_gcebo	RelConc15_CopPre_BPre9_NStem	RelConc15_CopPre_BPre9_NStem	RelConc15_CopPre_BPre9_NStem	RelConc15_CopPre_BPre9_NStem
ya_bo	PossConc9_PronStem2	PossConc9_PronStem2	PossConc9_PronStem2	PossConc9_PronStem2
,	Punc	PUNC	Punc	PUNC
i_zin_selelo	NPrePre10_BPre10_NStem	NPrePre10_BPre10_NStem	NPrePre10_BPre10_NStem	NPrePre10_BPre10_NStem
,	Punc	PUNC	Punc	PUNC
aba_fis_a	RelConc2_VRoot_VerbTerm	RelConc2_VRoot_VerbTerm	RelConc2_VRoot_VerbTerm	RelConc2_VRoot_VerbTerm
u_ku_b_a	Conj	NPrePre15_BPre15_VRoot_VerbTerm	Conj	NPrePre15_BPre15_VRoot_VerbTerm
na_kho	AdvPre_PronStem15	AdvPre_PronStem15	AdvPre_PronStem15	AdvPre_PronStem15
,	Punc	PUNC	Punc	PUNC
ka_nye	AdvPre_AdjStem	AdvPre_AdjStem	AdvPre_AdjStem	AdvPre_AdjStem
na_ma_thuba	AdvPre_NPrePre6_BPre6_NStem	AdvPre_BPre6_NStem	AdvPre_NPrePre6_BPre6_NStem	AdvPre_BPre6_NStem
aba_na_wo	RelConc2_AdvPre_PronStem6	RelConc2_AdvPre_PronStem6	RelConc2_AdvPre_PronStem6	RelConc2_AdvPre_PronStem6
.	Punc	PUNC	Punc	PUNC
U_yi_fez_e	SC2ps_OC9_VRoot_VerbTerm	SC3_OC4_VRoot_VerbTerm	SC2ps_OC9_VRoot_VerbTerm	SC3_OC4_VRoot_VerbTerm
ka_njani	AdvPre_Interrog	AdvPre_Interrog	AdvPre_Interrog	AdvPre_Interrog
i_n_hloso	NPrePre9_BPre9_NStem	NPrePre9_BPre9_NStem	NPrePre9_BPre9_NStem	NPrePre9_BPre9_NStem
yo_ku_leth_a	PossConc9_NPrePre15_BPre15_VRoot_VerbTerm	PossConc9_BPre15_VRoot_VerbTerm	PossConc9_NPrePre15_BPre15_VRoot_VerbTerm	PossConc9_BPre15_VRoot_VerbTerm
u_phathina	NPrePre1_NStem	NPrePre1_NStem	NPrePre1_NStem	NPrePre1a_NStem
wa_kho	PossConc1_PronStem2ps	PossConc3_PronStem2	PossConc1_PronStem2ps	PossConc3_PronStem2
?	Punc	PUNC	Punc	PUNC
I_si_gaba	NPrePre7_BPre7_NStem	NPrePre7_BPre7_NStem	NPrePre7_BPre7_NStem	NPrePre7_BPre7_NStem
se_si__2	PossConc7_NPrePre7_BPre7_Num	PossConc7_BPre7_Num	PossConc7_NPrePre7_BPre7_Num	PossConc7_BPre7_Num
si_qal_a	SC7_VRoot_VerbTerm	SC7_VRoot_VerbTerm	SC7_VRoot_VerbTerm	SC7_VRoot_VerbTerm
ngo_ku_hlaziy_a	AdvPre_NPre15_BPre15_VRoot_VerbTerm	AdvPre_BPre15_Intrans_VerbTerm	AdvPre_NPre15_BPre15_VRoot_VerbTerm	AdvPre_BPre15_Intrans_VerbTerm
ka_nye	AdvPre_AdjStem	AdvPre_AdjStem	AdvPre_AdjStem	AdvPre_AdjStem
no_ku_hlangan_is_a	AdvPre_NPrePre15_BPre15_VRoot_CausExt_VerbTerm	AdvPre_BPre15_VRoot_CausExt_VerbTerm	AdvPre_NPrePre15_BPre15_VRoot_CausExt_VerbTerm	AdvPre_BPre15_VRoot_CausExt_VerbTerm
i_mi_niningwane	NPrePre4_BPre4_NStem	NPrePre4_BPre4_NStem	NPrePre4_BPre4_NStem	NPrePre4_BPre4_NStem
e_qoq_w_e	RelConc9_VRoot_PassExt_VerbTerm	RelConc9_VRoot_PassExt_VerbTerm	RelConc9_VRoot_PassExt_VerbTerm	RelConc9_VRoot_PassExt_VerbTerm
e_m_sebenz_ini	LocPre_BPre3_NStem_LocSuf	LocPre_BPre3_NStem_LocSuf	LocPre_BPre3_NStem_LocSuf	LocPre_BPre3_NStem_LocSuf
yo_kw_enz_a	PossConc9_NPrePre15_BPre15_VRoot_VerbTerm	PossConc9_BPre15_VRoot_VerbTerm	PossConc9_NPrePre15_BPre15_VRoot_VerbTerm	PossConc9_BPre15_VRoot_VerbTerm
i_balazwe	SC6_Intrans_VerbTerm	NPrePre5_NStem	SC6_Intrans_VerbTerm	BPre9_NStem
,	Punc	PUNC	Punc	PUNC
wo_ku_nqamul_a	PossConc3_NPre15_BPre15_VRoot_VerbTerm	PossConc3_BPre15_VRoot_VerbTerm	PossConc3_NPre15_BPre15_VRoot_VerbTerm	PossConc3_BPre15_VRoot_VerbTerm
i_n_dawo	NPrePre9_BPre9_NStem	NPrePre9_BPre9_NStem	NPrePre9_BPre9_NStem	NPrePre9_BPre9_NStem
,	Punc	PUNC	Punc	PUNC
wo_m_lando	PossConc1a_NStem	PossConc3_BPre3_NStem	PossConc1a_NStem	PossConc3_BPre3_NStem
we_zi_gigaba	PossConc1_NPrePre8_BPre8_NStem	PossConc1_BPre8_NStem	PossConc1_NPrePre8_BPre8_NStem	PossConc1_BPre8_NStem
ngo_ku_landel_an_a	AdvPre_NPrePre15_BPre15_VRoot_ApplExt_RecipExt_VerbTerm	AdvPre_BPre15_VRoot_RecipExt_VerbTerm	AdvPre_NPrePre15_BPre15_VRoot_ApplExt_RecipExt_VerbTerm	AdvPre_BPre15_VRoot_RecipExt_VerbTerm
kwa_zo	PossConc15_PronStem10	PossConc15_PronStem10	PossConc15_PronStem10	PossConc15_PronStem10
no_we_zi_mo	AdvPre_OC3_NStem	AdvPre_PossConc4_BPre8_NStem	AdvPre_OC3_NStem	AdvPre_PossConc3_BPre8_NStem
ze_si_khathi	PossConc10_NPrePre7_BPre7_NStem	PossConc10_BPre7_NStem	PossConc10_NPrePre7_BPre7_NStem	PossConc10_BPre7_NStem
esi_de	AdjPref7_AdjStem	AdjPref7_AdjStem	AdjPref7_AdjStem	AdjPref7_AdjStem
.	Punc	PUNC	Punc	PUNC
Juba	ProperName	ProperName	ProperName	ProperName
aba_ntu	NPrePre2_BPre2_NStem	RelConc2_NStem	NPrePre2_BPre2_NStem	RelConc2_NStem
aba_zo_bhal_a	RelConc2_Fut_VRoot_VerbTerm	RelConc2_Fut_VRoot_VerbTerm	RelConc2_Fut_VRoot_VerbTerm	RelConc2_Fut_VRoot_VerbTerm
i_zi_gaba	NPrePre8_BPre8_NStem	NPrePre8_BPre8_NStem	NPrePre8_BPre8_NStem	NPrePre8_BPre8_NStem
ezi_thile	RelConc8_RelStem	RelConc10_RelStem	RelConc8_RelStem	RelConc10_RelStem
.	Punc	PUNC	Punc	PUNC
Lokhu	Dem15_Pos1	CDEM15	Dem15_Pos1	CDEM15
ku_gqugquzel_a	BPre17_NStem	SC15_VRoot_VerbTerm	BPre17_NStem	SC15_VRoot_VerbTerm
aba_ntu	NPrePre2_BPre2_NStem	RelConc2_NStem	NPrePre2_BPre2_NStem	RelConc2_NStem
u_ku_b_a	Conj	NPrePre15_BPre15_VRoot_VerbTerm	Conj	NPrePre15_BPre15_VRoot_VerbTerm
ba_be	SC2_AuxVStem	SC2_AuxVStem	SC2_AuxVStem	SC2_AuxVStem
nga_ba_nikazi	AdvPre_NPrePre2_BPre2_NStem	AdvPre_BPre2_NStem	AdvPre_NPrePre2_BPre2_NStem	AdvPre_BPre2_NStem
bo_hlelo	PossConc2_NPrePre11_NStem	PossConc2_NStem	PossConc2_NPrePre11_NStem	PossConc2_NStem
,	Punc	PUNC	Punc	PUNC
ku_qinis_ek_is_e	SC15_VRoot_CausExt_VerbTerm	SC15_VRoot_NeutExt_CausExt_VerbTerm	SC15_VRoot_CausExt_VerbTerm	SC15_VRoot_NeutExt_CausExt_VerbTerm
u_ku_phothul_w_a	NPrePre15_BPre15_VRoot_PassExt_VerbTerm	NPrePre15_BPre15_VRoot_PassExt_VerbTerm	NPrePre15_BPre15_VRoot_PassExt_VerbTerm	NPrePre15_BPre15_VRoot_PassExt_VerbTerm
ka_hle	AdvPre_AdjStem	AdvPre_AdjStem	AdvPre_AdjStem	AdvPre_AdjStem
ko_m_sebenzi	PossConc15_NPrePre3_BPre3_NStem	PossConc15_BPre3_NStem	PossConc15_NPrePre3_BPre3_NStem	PossConc15_BPre3_NStem
.	Punc	PUNC	Punc	PUNC
Ubani	Interrog	Interrog	Interrog	Interrog
o_ne_mvume	RelConc1_AdvPre_NPrePre9_NStem	RelConc3_AdvPre_NStem	RelConc1_AdvPre_NPrePre9_NStem	RelConc3_AdvPre_NStem
yo_ku_thol_a	PossConc9_NPrePre15_BPre15_VRoot_VerbTerm	PossConc9_BPre15_VRoot_VerbTerm	PossConc9_NPrePre15_BPre15_VRoot_VerbTerm	PossConc9_BPre15_VRoot_VerbTerm
i_zin_siz_a	NPrePre10_BPre10_NStem	NPrePre10_BPre10_VRoot_VerbTerm	NPrePre10_BPre10_NStem	NPrePre10_BPre10_VRoot_VerbTerm
ze_Komidi	PossConc10_NPrePre5_NStem	PossConc8_NStem	PossConc10_NPrePre5_NStem	PossConc10_NStem
le_si_Gceme	PossConc5_BPre7_NStem	PossConc5_BPre7_NStem	PossConc5_BPre7_NStem	PossConc5_BPre7_NStem
i_si_b	Abbr	NPrePre7_BPre7_NStem	Abbr	NPrePre7_BPre7_NStem
,	Punc	PUNC	Punc	PUNC
I_zi_nto	NPrePre10_BPre10_NStem	NPrePre10_BPre10_NStem	NPrePre10_BPre10_NStem	NPrePre10_BPre8_NStem
zo_ku_thuth_a	PossConc10_NPrePre15_BPre15_VRoot_VerbTerm	PossConc10_BPre15_VRoot_VerbTerm	PossConc10_NPrePre15_BPre15_VRoot_VerbTerm	PossConc10_BPre15_VRoot_VerbTerm
?	Punc	PUNC	Punc	PUNC
A_ma_khompyuth_a	NPrePre6_BPre6_NStem	NPrePre6_BPre6_Intrans_VerbTerm	NPrePre6_BPre6_NStem	NPrePre6_BPre6_Intrans_VerbTerm
?	Punc	PUNC	Punc	PUNC
U_ku_xhuman_a	NPrePre15_BPre15_VRoot_RecipExt_VerbTerm	NPrePre15_BPre15_VRoot_VerbTerm	NPrePre15_BPre15_VRoot_RecipExt_VerbTerm	NPrePre15_BPre15_VRoot_VerbTerm
na_ba_holi	AdvPre_NPrePre2_BPre2_NStem	AdvPre_BPre2_NStem	AdvPre_NPrePre2_BPre2_NStem	AdvPre_BPre2_NStem
be_zo_m_busazwe	PossConc2_RelConc3_PossConc10_NPrePre3_BPre3_NStem	PossConc2_PossConc10_BPre3_NStem	PossConc2_RelConc3_PossConc10_NPrePre3_BPre3_NStem	PossConc2_PossConc10_BPre3_NStem
?	Punc	PUNC	Punc	PUNC
U_ku_xhuman_a	NPrePre15_BPre15_VRoot_RecipExt_VerbTerm	NPrePre15_BPre15_VRoot_VerbTerm	NPrePre15_BPre15_VRoot_RecipExt_VerbTerm	NPrePre15_BPre15_VRoot_VerbTerm
na_be_zin_daba	AdvPre_RelConc2_BPre10_NStem	AdvPre_BPre2_BPre10_NStem	AdvPre_RelConc2_BPre10_NStem	AdvPre_BPre2_BPre10_NStem
?	Punc	PUNC	Punc	PUNC
I_zi_balo	NPrePre8_BPre8_NStem	NPrePre8_BPre8_NStem	NPrePre8_BPre8_NStem	NPrePre8_BPre8_NStem
zo_ku_hlaziy_a	PossConc8_NPrePre15_BPre15_VRoot_VerbTerm	PossConc10_NPrePre15_Intrans_VerbTerm	PossConc8_NPrePre15_BPre15_VRoot_VerbTerm	PossConc10_BPre15_Intrans_VerbTerm
a_ma_nani	NPrePre6_BPre6_NStem	NPrePre6_BPre6_NStem	NPrePre6_BPre6_NStem	NPrePre6_BPre6_NStem
zi_setshenz_is_el_w_a	SC10_VRoot_CausExt_ApplExt_PassExt_VerbTerm	SC10_VRoot_CausExt_ApplExt_PassExt_VerbTerm	SC10_VRoot_CausExt_ApplExt_PassExt_VerbTerm	SC8_VRoot_CausExt_ApplExt_PassExt_VerbTerm
u_kw_enz_a	NPrePre15_BPre15_VRoot_VerbTerm	NPrePre15_BPre15_VRoot_VerbTerm	NPrePre15_BPre15_VRoot_VerbTerm	NPrePre15_BPre15_VRoot_VerbTerm
i_qoqo	NPrePre9_NStem	BPre5_NStem	NPrePre9_NStem	NPrePre5_NStem
le_dath_a	Dem4_Pos1_NStem	SC5_VRoot_VerbTerm	Dem4_Pos1_NStem	PossConc5_VRoot_VerbTerm
no_ku_bon_a	AdvPre_NPrePre15_BPre15_VRoot_VerbTerm	AdvPre_BPre15_VRoot_VerbTerm	AdvPre_NPrePre15_BPre15_VRoot_VerbTerm	AdvPre_BPre15_VRoot_VerbTerm
u_bu_dlelwane	NPrePre14_BPre14_NStem	NPrePre14_BPre14_NStem	NPrePre14_BPre14_NStem	NPrePre14_BPre14_NStem
,	Punc	PUNC	Punc	PUNC
ku_sebenz_is_a	SC15_VRoot_CausExt_VerbTerm	SC15_VRoot_CausExt_VerbTerm	SC15_VRoot_CausExt_VerbTerm	SC15_VRoot_CausExt_VerbTerm
i_si_mo	NPrePre7_BPre7_NStem	NPrePre7_BPre7_NStem	NPrePre7_BPre7_NStem	NPrePre7_BPre7_NStem
so_ku_cabanga	PossConc7_NPrePre15_BPre15_Intrans_VerbTerm	PossConc7_BPre15_NStem	PossConc7_NPrePre15_BPre15_Intrans_VerbTerm	PossConc7_BPre15_NStem
ngo_ku_finyelel_a	AdvPre_NPrePre15_BPre15_VRoot_VerbTerm	AdvPre_BPre15_VRoot_VerbTerm	AdvPre_NPrePre15_BPre15_VRoot_VerbTerm	AdvPre_BPre15_VRoot_VerbTerm
ku_si_n_qumo	LocPre_BPre7_BPre9_NStem	LocPre_BPre7_BPre9_NStem	LocPre_BPre7_BPre9_NStem	LocPre_BPre7_BPre9_NStem
.	Punc	PUNC	Punc	PUNC
U_ku_hlaziy_a	NPrePre15_BPre15_NStem	NPrePre15_BPre15_VRoot_VerbTerm	NPrePre15_BPre15_NStem	NPrePre15_BPre15_VRoot_VerbTerm
i_zin_ganhle	NPrePre8_BPre8_NegPre_NStem	NPrePre10_BPre10_NStem	NPrePre8_BPre8_NegPre_NStem	NPrePre10_BPre10_NStem
le_dath_a	Dem4_Pos1_NStem	PossConc5_VRoot_VerbTerm	Dem4_Pos1_NStem	PossConc5_VRoot_VerbTerm
ku_sebenz_is_a	SC15_VRoot_CausExt_VerbTerm	SC15_VRoot_CausExt_VerbTerm	SC15_VRoot_CausExt_VerbTerm	SC15_VRoot_CausExt_VerbTerm
u_ku_cabanga	NPrePre15_BPre15_VRoot_VerbTerm	NPrePre15_BPre15_NStem	NPrePre15_BPre15_VRoot_VerbTerm	NPrePre15_BPre15_NStem
ngo_ku_sebenz_is_a	AdvPre_NPrePre15_BPre15_VRoot_CausExt_VerbTerm	AdvPre_BPre15_VRoot_CausExt_VerbTerm	AdvPre_NPrePre15_BPre15_VRoot_CausExt_VerbTerm	AdvPre_BPre15_VRoot_CausExt_VerbTerm
i_mi_thetho	NPrePre4_BPre4_NStem	NPrePre4_BPre4_NStem	NPrePre4_BPre4_NStem	NPrePre4_BPre4_NStem
jikelel_e	Adv	VRoot_VerbTerm	Adv	VRoot_VerbTerm
oku_suk_el_a	PossConc10_NPrePre15_BPre15_Intrans_VerbTerm	RelConc15_VRoot_ApplExt_VerbTerm	PossConc10_NPrePre15_BPre15_Intrans_VerbTerm	RelConc15_VRoot_ApplExt_VerbTerm
ezi_mw_eni	RelConc8_NStem_LocSuf	RelConc8_NStem_LocSuf	RelConc8_NStem_LocSuf	RelConc8_NStem_LocSuf
ezi_thile	RelConc8_RelStem	RelConc10_RelStem	RelConc8_RelStem	RelConc10_RelStem
.	Punc	PUNC	Punc	PUNC
U_ku_cabanga	NPrePre15_BPre15_VRoot_VerbTerm	NPrePre15_BPre15_NStem	NPrePre15_BPre15_VRoot_VerbTerm	NPrePre15_BPre15_NStem
ngo_ku_sebenz_is_a	AdvPre_NPrePre15_BPre15_VRoot_CausExt_VerbTerm	AdvPre_BPre15_VRoot_CausExt_VerbTerm	AdvPre_NPrePre15_BPre15_VRoot_CausExt_VerbTerm	AdvPre_BPre15_VRoot_CausExt_VerbTerm
i_mi_thetho	NPrePre4_BPre4_NStem	NPrePre4_BPre4_NStem	NPrePre4_BPre4_NStem	NPrePre4_BPre4_NStem
jikelel_e	Adv	VRoot_VerbTerm	Adv	Adv_VerbTerm
oku_suk_el_a	PossConc10_NPrePre15_BPre15_Intrans_VerbTerm	RelConc15_VRoot_ApplExt_VerbTerm	PossConc10_NPrePre15_BPre15_Intrans_VerbTerm	RelConc15_VRoot_ApplExt_VerbTerm
ezi_mw_eni	RelConc8_NStem_LocSuf	RelConc8_NStem_LocSuf	RelConc8_NStem_LocSuf	RelConc8_NStem_LocSuf
ezi_thile	RelConc8_RelStem	RelConc10_RelStem	RelConc8_RelStem	RelConc10_RelStem
ku_suk_a	BPre15_VRoot_VerbTerm	SC15_VRoot_VerbTerm	BPre15_VRoot_VerbTerm	SC15_VRoot_VerbTerm
ko_ku_th_ile	PossConc15_NPrePre15_BPre15_RelStem	PossConc15_BPre15_VRoot_Perf	PossConc15_NPrePre15_BPre15_RelStem	PossConc15_BPre15_VRoot_Perf
ku_ye	LocPre_PronStem1	LocPre_PronStem1	LocPre_PronStem1	LocPre_PronStem1
esi_me_ni	RelConc7_NStem_LocSuf	RelConc7_NStem_LocSuf	RelConc7_NStem_LocSuf	RelConc7_NStem_LocSuf
jikelel_e	Adv	VRoot_VerbTerm	Adv	VRoot_VerbTerm
_	Punc		Punc	
oku_sh_o	RelConc15_VRoot_VerbTerm	RelConc15_VRoot_VerbTerm	RelConc15_VRoot_VerbTerm	RelConc15_VRoot_VerbTerm
u_kuth_i	Conj	SC1_VRoot_VerbTerm	Conj	NPrePre15_BPre15_VerbTerm
ku_suk_a	BPre15_VRoot_VerbTerm	BPre15_VRoot_VerbTerm	BPre15_VRoot_VerbTerm	BPre15_VRoot_VerbTerm
ku_lokho	LocPre_Dem15_Pos2	LocPre_NStem	LocPre_Dem15_Pos2	LocPre_NStem
oku_bon_w_a_yo	RelConc15_VRoot_PassExt_VerbTerm_RelSuf	RelConc15_VRoot_PassExt_VerbTerm_RelSuf	RelConc15_VRoot_PassExt_VerbTerm_RelSuf	RelConc15_VRoot_PassExt_VerbTerm_RelSuf
be_se	SC2_AuxVStem	SC2_AuxVStem	SC2_AuxVStem	SC2_AuxVStem
kw_enz_iw_a	SC15_VRoot_PassExt_VerbTerm	SC15_VRoot_PassExt_VerbTerm	SC15_VRoot_PassExt_VerbTerm	SC15_VRoot_PassExt_VerbTerm
i_si_n_qumo	NPrePre7_BPre7_BPre3_NStem	NPrePre7_BPre7_BPre3_NStem	NPrePre7_BPre7_BPre3_NStem	NPrePre7_BPre7_BPre3_NStem
jikelel_e	Adv	VRoot_VerbTerm	Adv	VRoot_VerbTerm
.	Punc	PUNC	Punc	PUNC
Ne_zin_dleko	NPre10_NPrePre10_BPre10_NStem	AdvPre_BPre10_NStem	NPre10_NPrePre10_BPre10_NStem	AdvPre_BPre10_NStem
zo_ku_bamb_a	Fut_Intrans_VerbTerm	PossConc10_BPre15_VRoot_VerbTerm	Fut_Intrans_VerbTerm	PossConc10_BPre15_VRoot_VerbTerm
i_qhaz_a	BPre5_NStem	SC9_VRoot_VerbTerm	BPre5_NStem	SC9_VRoot_VerbTerm
_	Punc		Punc	
lokhu	Dem15_Pos1	CDEM15	Dem15_Pos1	CDEM15
ku_fak_a	SC15_VRoot_VerbTerm	SC15_VRoot_VerbTerm	SC15_VRoot_VerbTerm	SC15_VRoot_VerbTerm
i_zin_daba	NPrePre10_BPre10_NStem	NPrePre10_BPre10_NStem	NPrePre10_BPre10_NStem	NPrePre10_BPre10_NStem
za_ba_sebenzi	PossConc8_NPrePre2_BPre2_NStem	PossConc8_BPre2_NStem	PossConc8_NPrePre2_BPre2_NStem	PossConc8_BPre2_NStem
,	Punc	PUNC	Punc	PUNC
i_si_khathi	NPrePre7_BPre7_NStem	NPrePre7_BPre7_NStem	NPrePre7_BPre7_NStem	NPrePre7_BPre7_NStem
ka_nye	AdvPre_AdjStem	AdvPre_AdjStem	AdvPre_AdjStem	AdvPre_AdjStem
ne_zi_khwama	AdvPre_NPrePre8_BPre8_NStem	AdvPre_BPre8_NStem	AdvPre_NPrePre8_BPre8_NStem	AdvPre_BPre8_NStem
.	Punc	PUNC	Punc	PUNC
U_kw_enz_a	NPrePre15_BPre15_VRoot_VerbTerm	NPrePre15_BPre15_VRoot_VerbTerm	NPrePre15_BPre15_VRoot_VerbTerm	NPrePre15_BPre15_VRoot_VerbTerm
i_mi_hlangano	NPrePre4_BPre4_NStem	NPrePre4_BPre4_NStem	NPrePre4_BPre4_NStem	NPrePre4_BPre4_NStem
ka_ning_an_a	ExclNeg_NStem_DimSuf	AdvPre_VRoot_RecipExt_VerbTerm	ExclNeg_NStem_DimSuf	AdvPre_VRoot_RecipExt_VerbTerm
,	Punc	PUNC	Punc	PUNC
u_kw_enz_a	NPrePre15_BPre15_VRoot_VerbTerm	NPrePre15_BPre15_VRoot_VerbTerm	NPrePre15_BPre15_VRoot_VerbTerm	NPrePre15_BPre15_VRoot_VerbTerm
i_mi_zamo	NPrePre4_BPre4_NStem	NPrePre4_BPre4_NStem	NPrePre4_BPre4_NStem	NPrePre4_BPre4_NStem
yo_ku_hlangan_a	Fut_Intrans_VerbTerm	PossConc4_NPrePre15_Intrans_VerbTerm	Fut_Intrans_VerbTerm	PossConc4_NPrePre15_Intrans_VerbTerm
na_ba_mel_e	AdvPre_SC2_VRoot_VerbTerm	AdvPre_SC2_VRoot_VerbTerm	AdvPre_SC2_VRoot_VerbTerm	AdvPre_SC2_VRoot_VerbTerm
u_m_phakathi	NPrePre3_BPre3_NStem	NPrePre3_BPre3_NStem	NPrePre3_BPre3_NStem	NPrePre3_BPre3_NStem
ka_nye	AdvPre_AdjStem	AdvPre_AdjStem	AdvPre_AdjStem	AdvPre_AdjStem
no_ku_khulum_a	AdvPre_BPre15_VRoot_VerbTerm	AdvPre_BPre15_VRoot_VerbTerm	AdvPre_BPre15_VRoot_VerbTerm	AdvPre_BPre15_Intrans_VerbTerm
na_ma_lungu	AdvPre_NPrePre6_BPre6_NStem	AdvPre_BPre6_NStem	AdvPre_NPrePre6_BPre6_NStem	AdvPre_BPre6_NStem
o_m_phakathi	PossConc6_NPrePre3_BPre3_NStem	PossConc6_BPre3_NStem	PossConc6_NPrePre3_BPre3_NStem	PossConc6_BPre3_NStem
u_ku_zw_a	NPrePre15_BPre15_VRoot_VerbTerm	NPrePre15_BPre15_VRoot_VerbTerm	NPrePre15_BPre15_VRoot_VerbTerm	NPrePre15_BPre15_VRoot_VerbTerm
nge_zi_dingo	AdvPre_NPrePre8_BPre8_NStem	AdvPre_BPre8_NStem	AdvPre_NPrePre8_BPre8_NStem	AdvPre_BPre8_NStem
ne_zin_daba	AdvPre_NPrePre10_BPre10_NStem	AdvPre_BPre10_NStem	AdvPre_NPrePre10_BPre10_NStem	AdvPre_BPre10_NStem
za_wo	PossConc10_PronStem3	PossConc10_PronStem3	PossConc10_PronStem3	PossConc10_PronStem3
ku_thath_a	SC15_VRoot_VerbTerm	SC15_VRoot_VerbTerm	SC15_VRoot_VerbTerm	SC15_VRoot_VerbTerm
i_si_khathi	NPrePre7_BPre7_NStem	NPrePre7_BPre7_NStem	NPrePre7_BPre7_NStem	NPrePre7_BPre7_NStem
.	Punc	PUNC	Punc	PUNC
A_ma_lungu	NPrePre6_BPre6_NStem	NPrePre6_BPre6_NStem	NPrePre6_BPre6_NStem	NPrePre6_BPre6_NStem
a_ma_ningi	AdjPref6_AdjStem	NPrePre6_BPre6_AdjStem	AdjPref6_AdjStem	NPrePre6_BPre6_NStem
E_komiti	PossConc6_NStem	LocPre_NStem	PossConc6_NStem	LocPre_NStem
Le_wadi	PossConc5_NStem	PossConc5_NStem	PossConc5_NStem	PossConc5_NStem
ka_nye	AdvPre_AdjStem	AdvPre_AdjStem	AdvPre_AdjStem	AdvPre_AdjStem
na_ma_khansela	AdvPre_NPrePre6_BPre6_NStem	AdvPre_BPre6_NStem	AdvPre_NPrePre6_BPre6_NStem	AdvPre_BPre6_NStem
esi_khathi_ni	RelConc7_NStem_LocSuf	RelConc7_NStem_LocSuf	RelConc7_NStem_LocSuf	RelConc7_NStem_LocSuf
esi_ningi	AdjPref7_AdjStem	AdjPref7_AdjStem	AdjPref7_AdjStem	AdjPref7_AdjStem
ku_mel_e	SC15_VRoot_VerbTerm	SC15_VRoot_VerbTerm	SC15_VRoot_VerbTerm	SC15_VRoot_VerbTerm
b_enz_e	CopPre_VRoot_VerbTerm	SC2_VRoot_VerbTerm	CopPre_VRoot_VerbTerm	SC2_VRoot_VerbTerm
i_si_khathi	NPrePre7_BPre7_NStem	NPrePre7_BPre7_NStem	NPrePre7_BPre7_NStem	NPrePre7_BPre7_NStem
e_m_va	LocPre_BPre3_Adv	LocPre_BPre3_Adv	LocPre_BPre3_Adv	LocPre_BPre3_Adv
ko_suku	PossConc15_NPrePre11_BPre11_NStem	PossConc15_NStem	PossConc15_NPrePre11_BPre11_NStem	PossConc15_NStem
lwa_bo	PossConc11_PronStem2	PossConc11_PronStem2	PossConc11_PronStem2	PossConc11_PronStem2
olu_jwayel_ek_il_e	RelConc11_VRoot_NeutExt_Perf_VerbTerm	RelConc11_VRoot_NeutExt_Perf_VerbTerm	RelConc11_VRoot_NeutExt_Perf_VerbTerm	RelConc11_VRoot_NeutExt_Perf_VerbTerm
lo_m_sebenzi	PossConc11_NPrePre3_BPre3_NStem	PossConc11_BPre3_NStem	PossConc11_NPrePre3_BPre3_NStem	PossConc11_BPre3_NStem
.	Punc	PUNC	Punc	PUNC
A_ma_lungu	NPrePre6_BPre6_NStem	NPrePre6_BPre6_NStem	NPrePre6_BPre6_NStem	NPrePre6_BPre6_NStem
E_komiti	PossConc6_NStem	LocPre_NStem	PossConc6_NStem	LocPre_NStem
Le_wadi	PossConc5_NStem	PossConc5_NStem	PossConc5_NStem	PossConc5_NStem
a_nga_dinga	SC6_Pot_VRoot_VerbTerm	RelConc6_AdvPre_NStem	SC6_Pot_VRoot_VerbTerm	RelConc6_AdvPre_NStem
u_ku_kheth_a	NPrePre15_BPre15_VRoot_VerbTerm	NPrePre15_BPre15_VRoot_VerbTerm	NPrePre15_BPre15_VRoot_VerbTerm	NPrePre15_BPre15_VRoot_VerbTerm
u_ku_setshenz_is_w_a	NPrePre15_BPre15_VRoot_CausExt_PassExt_VerbTerm	NPrePre15_BPre15_VRoot_CausExt_PassExt_VerbTerm	NPrePre15_BPre15_VRoot_CausExt_PassExt_VerbTerm	NPrePre15_BPre15_VRoot_CausExt_PassExt_VerbTerm
k_oku_fak_w_a	PossConc15_RelConc15_VRoot_PassExt_VerbTerm	PossConc15_RelConc15_VRoot_PassExt_VerbTerm	PossConc15_RelConc15_VRoot_PassExt_VerbTerm	PossConc15_RelConc15_VRoot_PassExt_VerbTerm
kwe_zin_hlelo	PossConc15_NPrePre10_BPre10_NStem	PossConc15_BPre10_NStem	PossConc15_NPrePre10_BPre10_NStem	PossConc15_BPre10_NStem
zo_ku_finyelel_a	PossConc8_NPrePre15_BPre15_VRoot_VerbTerm	PossConc8_BPre15_VRoot_VerbTerm	PossConc8_NPrePre15_BPre15_VRoot_VerbTerm	PossConc8_BPre15_VRoot_VerbTerm
e_m_phakath_ini	LocPre_BPre3_NStem_LocSuf	LocPre_BPre3_NStem_LocSuf	LocPre_BPre3_NStem_LocSuf	LocPre_BPre3_NStem_LocSuf
ku__ID_P	LocPre_Abbr	LocPre_Abbr_Abbr	LocPre_Abbr	SC15_VRoot_Abbr
noma	Conj	Conj	Conj	Conj
kwa_ma_nye	PossConc15_AdjPref6_AdjStem	PossConc15_AdjPref6_AdjStem	PossConc15_AdjPref6_AdjStem	PossConc15_AdjPref6_AdjStem
a_mabhajethi	NPrePre6_BPre6_NStem	NPrePre6_NStem	NPrePre6_BPre6_NStem	NPrePre6_NStem
.	Punc	PUNC	Punc	PUNC
U_m_hlangano	NPrePre3_BPre3_NStem	NPrePre3_BPre3_NStem	NPrePre3_BPre3_NStem	NPrePre3_BPre3_NStem
wa_ma_hora	PossConc1a_NPrePre6_BPre6_NStem	PossConc3_BPre6_NStem	PossConc1a_NPrePre6_BPre6_NStem	PossConc1a_BPre6_NStem
a_ma_bili	AdjPref6_AdjStem	NPrePre6_BPre6_AdjStem	AdjPref6_AdjStem	NPrePre6_BPre6_AdjStem
na_ba_gqugquzeli	AdvPre_NPrePre2_BPre2_NStem	AdvPre_BPre2_NStem	AdvPre_NPrePre2_BPre2_NStem	AdvPre_BPre2_NStem
bo_hlelo	PossConc2_NPrePre11_NStem	PossConc2_NStem	PossConc2_NPrePre11_NStem	PossConc2_NStem
lwe__C_BP	PossConc11_NPrePre9_Abbr	PossConc11_Abbr_Abbr	PossConc11_NPrePre9_Abbr	PossConc11_Abbr_Abbr
,	Punc	PUNC	Punc	PUNC
a_ma_lungu	NPrePre6_BPre6_NStem	NPrePre6_BPre6_NStem	NPrePre6_BPre6_NStem	NPrePre6_BPre6_NStem
e_komidi	LocPre_NStem	LocPre_NStem	LocPre_NStem	LocPre_NStem
le_si_gceme	Dem7_Pos1_NStem	PossConc5_BPre7_NStem	Dem7_Pos1_NStem	PossConc5_BPre7_NStem
na_ma_qembu	AdvPre_NPrePre6_BPre6_NStem	AdvPre_BPre6_NStem	AdvPre_NPrePre6_BPre6_NStem	AdvPre_BPre6_NStem
oku_sebenz_a	RelConc15_VRoot_VerbTerm	RelConc15_VRoot_VerbTerm	RelConc15_VRoot_VerbTerm	RelConc15_VRoot_VerbTerm
a_sungul_el_w_e	SC6_VRoot_ApplExt_PassExt_VerbTerm	SC6_VRoot_ApplExt_PassExt_VerbTerm	SC6_VRoot_ApplExt_PassExt_VerbTerm	SC6_VRoot_ApplExt_PassExt_VerbTerm
leso	Dem7_Pos2	CDEM07	Dem7_Pos2	CDEM07
na_leso	AdvPre_Dem7_Pos2	AdvPre_CDEM07	AdvPre_Dem7_Pos2	AdvPre_NStem
si_fiso	BPre8_NStem	BPre7_NStem	BPre8_NStem	BPre7_NStem
.	Punc	PUNC	Punc	PUNC
E_si_khathi_ni	LocPre_NPrePre7_BPre7_NStem_LocSuf	LocPre_BPre7_NStem_LocSuf	LocPre_NPrePre7_BPre7_NStem_LocSuf	LocPre_BPre7_NStem_LocSuf
esi_y_i_mi_nyaka	RelConc7_CopPre_NPrePre4_BPre4_NStem	RelConc7_CopPre_NPrePre4_BPre4_NStem	RelConc7_CopPre_NPrePre4_BPre4_NStem	RelConc7_CopPre_NPrePre4_BPre4_NStem
e_mi_hlanu	AdjPref4_AdjStem	RelConc6_BPre4_NStem	AdjPref4_AdjStem	RelConc4_BPre4_AdjStem
e_ye_dlul_e	RelConc4_Past_VRoot_VerbTerm	RelConc4_Past_VRoot_VerbTerm	RelConc4_Past_VRoot_VerbTerm	RelConc4_Past_VRoot_VerbTerm
,	Punc	PUNC	Punc	PUNC
i_mi_khiqizo	NPrePre4_BPre4_NStem	NPrePre4_BPre4_NStem	NPrePre4_BPre4_NStem	NPrePre4_BPre4_NStem
ya_ku_leli	PossConc4_LocPre_Dem5_Pos1	PossConc9_BPre15_NStem	PossConc4_LocPre_Dem5_Pos1	PossConc9_BPre15_NStem
e_thunyel_w_a	RelConc4_VRoot_ApplExt_PassExt_VerbTerm	RelConc9_VRoot_PassExt_VerbTerm	RelConc4_VRoot_ApplExt_PassExt_VerbTerm	RelConc9_VRoot_PassExt_VerbTerm
e_ma_zwe_ni	LocPre_NPrePre6_BPre6_NStem_LocSuf	LocPre_BPre6_NStem_LocSuf	LocPre_NPrePre6_BPre6_NStem_LocSuf	LocPre_BPre6_NStem_LocSuf
a_nga_phandle	SC6_AdvPre_Adv	SC6_AdvPre_Adv	SC6_AdvPre_Adv	SC6_AdvPre_Adv
a_se_thuthuk_il_e	SC6_Past_VRoot_Perf_VerbTerm	SC6_Past_VRoot_Perf_VerbTerm	SC6_Past_VRoot_Perf_VerbTerm	SC6_Past_VRoot_Perf_VerbTerm
ye_hl_il_e	SC9_VRoot_Perf_VerbTerm	PossConc9_VRoot_Perf_VerbTerm	SC9_VRoot_Perf_VerbTerm	PossConc9_VRoot_Perf_VerbTerm
ngenxa	Conj	Conj	Conj	Conj
yo_ku_nga_ding_ek_i	PossConc9_NPre15_NegPre_VRoot_NPas_VerbTerm	PossConc9_BPre15_NegPre_VRoot_NeutExt_VerbTerm	PossConc9_NPre15_NegPre_VRoot_NPas_VerbTerm	PossConc9_BPre15_NegPre_VRoot_NeutExt_VerbTerm
ka_khulu	AdvPre_AdjStem	AdvPre_AdjStem	AdvPre_AdjStem	AdvPre_AdjStem
kwa_le	PossConc15_Dem9_Pos1	PossConc15_CDEM09	PossConc15_Dem9_Pos1	PossConc15_CDEM04
mi_khiqizo	NPre4_NStem	BPre4_NStem	NPre4_NStem	BPre4_NStem
.	Punc	PUNC	Punc	PUNC
Lokhu	Dem15_Pos1	CDEM15	Dem15_Pos1	CDEM15
kwe_hl_a	NPre15_VRoot_VerbTerm	PossConc15_VRoot_VerbTerm	NPre15_VRoot_VerbTerm	PossConc15_VRoot_VerbTerm
ko_ku_thunyel_w_a	PossConc15_NPrePre15_BPre15_VRoot_ApplExt_PassExt_VerbTerm	PossConc15_BPre15_VRoot_PassExt_VerbTerm	PossConc15_NPrePre15_BPre15_VRoot_ApplExt_PassExt_VerbTerm	PossConc15_BPre15_VRoot_PassExt_VerbTerm
kwe_mi_khiqizo	PossConc15_NPre4_NStem	PossConc15_BPre4_NStem	PossConc15_NPre4_NStem	PossConc15_BPre4_NStem
nga_phandle	AdvPre_Adv	AdvPre_Adv	AdvPre_Adv	AdvPre_Adv
a_ku_banga	SC6_LocPre_VRoot_VerbTerm	NegPre_BPre15_NStem	SC6_LocPre_VRoot_VerbTerm	NegPre_BPre15_NStem
na_galelo	AdvPre_NPrePre5_NStem	AdvPre_NStem	AdvPre_NPrePre5_NStem	AdvPre_NStem
eli_theni	AdjPref5_AdjStem	RelConc5_RelStem	AdjPref5_AdjStem	RelConc5_RelStem
ngenxa	Conj	Conj	Conj	Conj
yo_ku_ding_ek_a	PossConc9_NPrePre15_Intrans_NPas_VerbTerm	PossConc9_BPre15_VRoot_NeutExt_VerbTerm	PossConc9_NPrePre15_Intrans_NPas_VerbTerm	PossConc9_BPre15_VRoot_NeutExt_VerbTerm
kwe_mi_khiqizo	PossConc15_NPre4_NStem	PossConc15_BPre4_NStem	PossConc15_NPre4_NStem	PossConc15_BPre4_NStem
ya_ku_leli	PossConc4_LocPre_Dem5_Pos1	PossConc9_BPre15_NStem	PossConc4_LocPre_Dem5_Pos1	PossConc9_BPre15_NStem
e__As_ia	LocPre_ProperName	LocPre_VRoot_VerbTerm	LocPre_ProperName	LocPre_VRoot_Perf
na_ngenxa	AdvPre_Conj	AdvPre_Conj	AdvPre_Conj	AdvPre_Conj
ya_ma_nani	PossConc4_NPrePre6_BPre6_NStem	PossConc4_BPre6_NStem	PossConc4_NPrePre6_BPre6_NStem	PossConc9_BPre6_NStem
a_phezulu	RelConc6_Adv	RelConc6_Adv	RelConc6_Adv	RelConc6_Adv
e_m_pahla	PossConc6_NPrePre9_BPre3_NStem	LocPre_BPre3_NStem	PossConc6_NPrePre9_BPre3_NStem	LocPre_BPre3_NStem
.	Punc	PUNC	Punc	PUNC
Nakuba	Conj	Conj	Conj	Conj
i_Ningizimu	NPrePre5_ProperName	NPrePre5_ProperName	NPrePre5_ProperName	NPrePre5_ProperName
Afrika	ProperName	ProperName	ProperName	ProperName
i_sa_gcin_e	SC4_ProgPre_VRoot_VerbTerm	SC9_Pro_VRoot_VerbTerm	SC4_ProgPre_VRoot_VerbTerm	SC9_Pro_VRoot_VerbTerm
i__akhawunti	NPrePre5_NStem	NPrePre9_NStem	NPrePre5_NStem	NPrePre9_NStem
eli_hle	AdjPref5_AdjStem	AdjPref5_AdjStem	AdjPref5_AdjStem	AdjPref5_AdjStem
lo_ku_hweb_el_an_a	PossConc5_NPre15_Intrans_ApplExt_RecipExt_VerbTerm	PossConc5_BPre15_VRoot_ApplExt_RecipExt_VerbTerm	PossConc5_NPre15_Intrans_ApplExt_RecipExt_VerbTerm	PossConc5_BPre15_VRoot_ApplExt_RecipExt_VerbTerm
na_ma_nye	AdvPre_AdjPref6_AdjStem	AdvPre_AdjPref6_AdjStem	AdvPre_AdjPref6_AdjStem	AdvPre_AdjPref6_AdjStem
a_ma_zwe	NPrePre6_BPre6_NStem	NPrePre6_BPre6_NStem	NPrePre6_BPre6_NStem	NPrePre6_BPre6_NStem
,	Punc	PUNC	Punc	PUNC
ngenxa	Conj	Conj	Conj	Conj
ya_ma_nani	PossConc4_NPrePre6_BPre6_NStem	PossConc4_BPre6_NStem	PossConc4_NPrePre6_BPre6_NStem	PossConc4_BPre6_NStem
a_phezulu	RelConc6_Adv	RelConc6_Adv	RelConc6_Adv	RelConc6_Adv
ezi_m_pahla	RelConc10_BPre3_NStem	RelConc10_BPre3_NStem	RelConc10_BPre3_NStem	RelConc10_BPre3_NStem
ze_m_velo	PossConc10_BPre3_NStem	PossConc10_BPre3_NStem	PossConc10_BPre3_NStem	PossConc10_BPre3_NStem
,	Punc	PUNC	Punc	PUNC
ku_ya_khathaz_a	SC15_Pres_Intrans_VerbTerm	SC15_Pres_VRoot_VerbTerm	SC15_Pres_Intrans_VerbTerm	SC15_Pres_VRoot_VerbTerm
u_kuth_i	Conj	NPrePre15_VRoot_VerbTerm	Conj	NPrePre15_VRoot_VerbTerm
i_mi_khiqizo	NPrePre4_BPre4_NStem	NPrePre4_BPre4_NStem	NPrePre4_BPre4_NStem	NPrePre4_BPre4_NStem
ye_nani	PossConc4_BPre5_NStem	PossConc4_NStem	PossConc4_BPre5_NStem	PossConc4_NStem
eli_phezulu	RelConc5_Adv	RelConc5_Adv	RelConc5_Adv	RelConc5_Adv
ne_khiqiz_w_a	AdvPre_SC4_Intrans_PassExt_VerbTerm	AdvPre_VRoot_PassExt_VerbTerm	AdvPre_SC4_Intrans_PassExt_VerbTerm	AdvPre_VRoot_PassExt_VerbTerm
nge_zandla	AdvPre_BPre8_NStem	AdvPre_NStem	AdvPre_BPre8_NStem	AdvPre_NStem
e_thunyel_w_a	RelConc4_VRoot_ApplExt_PassExt_VerbTerm	RelConc9_VRoot_PassExt_VerbTerm	RelConc4_VRoot_ApplExt_PassExt_VerbTerm	RelConc9_VRoot_PassExt_VerbTerm
kwa_ma_nye	LocPre_AdjPref6_AdjStem	PossConc15_AdjPref6_AdjStem	LocPre_AdjPref6_AdjStem	PossConc15_AdjPref6_AdjStem
a_ma_zwe	NPrePre6_BPre6_NStem	NPrePre6_BPre6_NStem	NPrePre6_BPre6_NStem	NPrePre6_BPre6_NStem
ye_hl_il_e	SC9_VRoot_Perf_VerbTerm	SC9_VRoot_Perf_VerbTerm	SC9_VRoot_Perf_VerbTerm	SC5_VRoot_Perf_VerbTerm
.	Punc	PUNC	Punc	PUNC
I_khambi	BPre5_NStem	NPrePre5_BPre5	BPre5_NStem	NPrePre5_BPre5
_	Punc		Punc	
i_zin_qomo	NPrePre8_BPre8_NStem	NPrePre10_BPre10_NStem	NPrePre8_BPre8_NStem	NPrePre10_BPre10_NStem
zi_ye_nz_iw_a	SC8_Pro_VRoot_PassExt_VerbTerm	SC8_Pres_VRoot_PassExt_VerbTerm	SC8_Pro_VRoot_PassExt_VerbTerm	SC8_CopPre_VRoot_PassExt_VerbTerm
nga_phandle	AdvPre_Adv	AdvPre_Adv	AdvPre_Adv	AdvPre_Adv
kwe_mi_bono	PossConc15_NPrePre4_BPre4_NStem	PossConc15_BPre4_NStem	PossConc15_NPrePre4_BPre4_NStem	PossConc15_BPre4_NStem
yo_m_phakathi	PossConc4_BPre3_NStem	PossConc9_BPre3_NStem	PossConc4_BPre3_NStem	PossConc9_BPre3_Adv
futh_i	Conj	VRoot_VerbTerm	Conj	VRoot_VerbTerm
ku_m_bandakany_a	LocPre_BPre3_NStem	SC15_BPre3_VRoot_VerbTerm	LocPre_BPre3_NStem	SC15_BPre3_VRoot_VerbTerm
i_zi_memezelo	NPrePre8_BPre8_NStem	NPrePre8_BPre8_NStem	NPrePre8_BPre8_NStem	NPrePre8_BPre8_NStem
zo_ku_th_i	PossConc8_BPre15_VRoot_VerbTerm	PossConc10_BPre15_VRoot_VerbTerm	PossConc8_BPre15_VRoot_VerbTerm	PossConc10_BPre15_VRoot_VerbTerm
yini	Interrog	Interrog	Interrog	Interrog
e_y_enz_ek_il_e	RelConc9_CopPre_VRoot_NeutExt_Perf	RelConc9_CopPre_VRoot_NeutExt_Perf_VerbTerm	RelConc9_CopPre_VRoot_NeutExt_Perf	RelConc9_CopPre_VRoot_NeutExt_Perf_VerbTerm
no_ku_th_i	AdvPre_BPre15_VRoot_VerbTerm	AdvPre_BPre15_VRoot_VerbTerm	AdvPre_BPre15_VRoot_VerbTerm	AdvPre_BPre15_VRoot_VerbTerm
yini	Interrog	Interrog	Interrog	Interrog
e_zo_kw_enz_ek_a	LocPre_Fut_VRoot_NPas_VerbTerm	RelConc9_Fut_SC15_VRoot_NeutExt_VerbTerm	LocPre_Fut_VRoot_NPas_VerbTerm	RelConc9_Fut_BPre15_VRoot_NeutExt_VerbTerm
.	Punc	PUNC	Punc	PUNC
I_komiti	NPrePre9_NStem	NPrePre5_BPre5	NPrePre9_NStem	NPrePre5_BPre5
Le_wadi	Dem4_Pos1_NStem	PossConc5_NStem	Dem4_Pos1_NStem	PossConc5_NStem
l_akh_iw_e	SC5_VRoot_PassExt_VerbTerm	SC5_VRoot_PassExt_VerbTerm	SC5_VRoot_PassExt_VerbTerm	SC5_VRoot_PassExt_VerbTerm
nga_ma_lungu	AdvPre_NPrePre6_BPre6_NStem	AdvPre_BPre6_NStem	AdvPre_NPrePre6_BPre6_NStem	AdvPre_BPre6_NStem
o_m_phakathi	PossConc6_NPrePre3_BPre3_NStem	PossConc6_BPre3_NStem	PossConc6_NPrePre3_BPre3_NStem	PossConc6_BPre3_NStem
e_wadi	LocPre_NStem	RelConc6_NStem	LocPre_NStem	RelConc6_NStem
li_ka_masipala	PossConc5_PossKA_NStem	NPrePre5_PossKA_NStem	PossConc5_PossKA_NStem	BPre5_PossKA_NStem
we_n_dawo	PossConc3_BPre9_NStem	PossConc3_BPre9_NStem	PossConc3_BPre9_NStem	PossConc3_BPre9_NStem
noma	Conj	Conj	Conj	Conj
o_masipala	NPrePre2a_NStem	NPrePre2a_NStem	NPrePre2a_NStem	NPrePre2a_NStem
ba_s_e_dolobhe_ni	PossConc2_PreLoc-s_LocPre_NStem_LocSuf	PossConc2_PreLocs_LocPre_NStem_LocSuf	PossConc2_PreLoc-s_LocPre_NStem_LocSuf	PossConc2_PreLocs_LocPre_NStem_LocSuf
.	Punc	PUNC	Punc	PUNC
Ba_yi_komiti	BPre2_CopPre_NStem	BPre2_CopPre_NStem	BPre2_CopPre_NStem	BPre2_CopPre_NStem
la_ba_luleki	Dem2_Pos1_NStem	PossConc5_BPre2_NStem	Dem2_Pos1_NStem	PossConc5_BPre2_NStem
eli_ng_enz_a	SC5_OC5_VRoot_VerbTerm	RelConc5_Pot_VRoot_VerbTerm	SC5_OC5_VRoot_VerbTerm	RelConc5_Pot_VRoot_VerbTerm
i_zi_phakamiso	NPrePre8_BPre8_NStem	NPrePre8_BPre8_NStem	NPrePre8_BPre8_NStem	NPrePre8_BPre8_NStem
na_nga_yi_phi	AdvPre_CopPre_Interrog	AdvPre_AdvPre_CopPre_Interrog	AdvPre_CopPre_Interrog	AdvPre_AdvPre_CopPre_Interrog
i_n_daba	NPrePre9_BPre9_NStem	NPrePre9_BPre9_NStem	NPrePre9_BPre9_NStem	NPrePre9_BPre9_NStem
e_bhek_en_e	RelConc9_VRoot_RecipExt_Perf_VerbTerm	RelConc9_VRoot_RecipExt_VerbTerm	RelConc9_VRoot_RecipExt_Perf_VerbTerm	RelConc9_VRoot_RecipExt_VerbTerm
ne_wadi	AdvPre_NPrePre5_NStem	AdvPre_NStem	AdvPre_NPrePre5_NStem	AdvPre_NStem
.	Punc	PUNC	Punc	PUNC
Ba_hlangan_is_el_w_e	SC2a_VRoot_CausExt_ApplExt_PassExt_VerbTerm	SC2_VRoot_CausExt_ApplExt_PassExt_VerbTerm	SC2a_VRoot_CausExt_ApplExt_PassExt_VerbTerm	SC2_VRoot_CausExt_ApplExt_PassExt_VerbTerm
u_ku_ngez_a	NPrePre15_BPre15_NStem	NPrePre15_BPre15_VRoot_VerbTerm	NPrePre15_BPre15_NStem	NPrePre15_BPre15_VRoot_VerbTerm
u_ku_bamb_a	NPrePre15_BPre15_VRoot_VerbTerm	NPrePre15_BPre15_VRoot_VerbTerm	NPrePre15_BPre15_VRoot_VerbTerm	NPrePre15_BPre15_VRoot_VerbTerm
i_qhaz_a	NPrePre5_BPre5_NStem	SC9_VRoot_VerbTerm	NPrePre5_BPre5_NStem	SC9_VRoot_VerbTerm
kwa_ba_hlali	PossConc15_NStem	PossConc15_BPre15_NStem	PossConc15_NStem	PossConc15_BPre2_NStem
kw_iwadi	PossConc15_NPrePre5_NStem	LocPre_NStem	PossConc15_NPrePre5_NStem	LocPre_NStem
e_ku_thath_e_ni	LocPre_BPre15_VRoot_VerbTerm_LocSuf	LocPre_OC15_VRoot_VerbTerm_LocSuf	LocPre_BPre15_VRoot_VerbTerm_LocSuf	LocPre_OC15_VRoot_VerbTerm_LocSuf
i_si_n_qumo	NPrePre7_BPre7_BPre9_NStem	NPrePre7_BPre7_BPre3_NStem	NPrePre7_BPre7_BPre9_NStem	NPrePre7_BPre7_BPre3_NStem
se_n_tando	PossConc7_NPrePre9_BPre9_NStem	PossConc7_BPre9_NStem	PossConc7_NPrePre9_BPre9_NStem	PossConc7_BPre9_NStem
ye_ningi	PossConc9_NPrePre9_BPre9_NStem	PossConc9_AdjStem	PossConc9_NPrePre9_BPre9_NStem	PossConc9_AdjStem
u_kuze	Conj	NPrePre15_NStem	Conj	NPrePre15_NStem
ba_be	SC2_AuxVStem	SC2_AuxVStem	SC2_AuxVStem	SC2_AuxVStem
no_m_thelel_a	AdvPre_NPrePre3_BPre3_NStem	AdvPre_BPre3_VRoot_VerbTerm	AdvPre_NPrePre3_BPre3_NStem	AdvPre_BPre3_VRoot_VerbTerm
i_zin_dabe_ni	NPrePre10_BPre10_NStem_LocSuf	NPrePre10_BPre10_NStem_LocSuf	NPrePre10_BPre10_NStem_LocSuf	NPrePre10_BPre10_NStem_LocSuf
aba_bhek_an_a	RelConc2_VRoot_RecipExt_VerbTerm	RelConc2_VRoot_RecipExt_VerbTerm	RelConc2_VRoot_RecipExt_VerbTerm	RelConc2_VRoot_RecipExt_VerbTerm
na_zo	AdvPre_PronStem8	AdvPre_PronStem8	AdvPre_PronStem8	AdvPre_PronStem8
u_suku	NPrePre11_BPre11_NStem	NPrePre11_NStem	NPrePre11_BPre11_NStem	NPrePre11_NStem
no_suku	AdvPre_NPrePre11_BPre11_NStem	AdvPre_NStem	AdvPre_NPrePre11_BPre11_NStem	AdvPre_NStem
ezi_m_pilw_eni	RelConc8_BPre3_NStem_LocSuf	RelConc8_BPre3_NStem_LocSuf	RelConc8_BPre3_NStem_LocSuf	RelConc8_BPre3_NStem_LocSuf
za_bo	PossConc10_PronStem2	PossConc10_PronStem2	PossConc10_PronStem2	PossConc10_PronStem2
.	Punc	PUNC	Punc	PUNC
Ku_lesi	LocPre_Dem7_Pos1	LocPre_NStem	LocPre_Dem7_Pos1	LocPre_CDEM07
si_gaba	BPre7_NStem	BPre7_NStem	BPre7_NStem	BPre7_NStem
u_m_lamuli	NPrePre1_BPre1_NStem	NPrePre1_BPre1_NStem	NPrePre1_BPre1_NStem	NPrePre1_BPre1_NStem
u_biz_a	SC1_VRoot_VerbTerm	SC3_VRoot_VerbTerm	SC1_VRoot_VerbTerm	SC3_VRoot_VerbTerm
i_qembu	NPrePre5_NStem	NPrePre5_NStem	NPrePre5_NStem	NPrePre5_NStem
eli_mel_e	RelConc5_VRoot_VerbTerm	RelConc5_VRoot_VerbTerm	RelConc5_VRoot_VerbTerm	RelConc5_VRoot_VerbTerm
i_zi_mfuno	NPrePre8_BPre8_NStem	NPrePre8_BPre8_NStem	NPrePre8_BPre8_NStem	NPrePre8_BPre8_NStem
nga_li_nye	AdvPre_BPre5_AdjStem	AdvPre_BPre5_EnumStem	AdvPre_BPre5_AdjStem	AdvPre_BPre5_EnumStem
u_ku_b_a	Conj	NPrePre15_BPre15_VRoot_VerbTerm	Conj	NPrePre15_BPre15_VRoot_VerbTerm
li_bek_e	SC5_VRoot_VerbTerm	SC5_VRoot_VerbTerm	SC5_VRoot_VerbTerm	SC5_VRoot_VerbTerm
i_n_gxenye	NPrePre9_NStem	NPrePre9_BPre9_NStem	NPrePre9_NStem	NPrePre9_BPre9_NStem
ya_lo	PossConc9_PronStem5	PossConc9_PronStem5	PossConc9_PronStem5	PossConc9_PronStem5
yo_daba	PossConc9_NPrePre11_NStem	PossConc9_NStem	PossConc9_NPrePre11_NStem	PossConc9_NStem
.	Punc	PUNC	Punc	PUNC
I_thimba	BPre5_NStem	NPrePre5_BPre5	BPre5_NStem	NPrePre5_BPre5
la_ba_gqugquzeli	PossConc5_NPrePre2_BPre2_NStem	PossConc5_BPre2_NStem	PossConc5_NPrePre2_BPre2_NStem	PossConc5_BPre2_NStem
ku_mel_e	SC15_VRoot_VerbTerm	SC15_VRoot_VerbTerm	SC15_VRoot_VerbTerm	SC15_VRoot_VerbTerm
li_hlanganis_e	SC5_VRoot_VerbTerm	SC5_VRoot_VerbTerm	SC5_VRoot_VerbTerm	SC5_VRoot_VerbTerm
na_ma_khansela	AdvPre_NPrePre6_BPre6_NStem	AdvPre_BPre6_NStem	AdvPre_NPrePre6_BPre6_NStem	AdvPre_BPre6_NStem
e_n_dawo	LocPre_BPre9_NStem	LocPre_BPre9_NStem	LocPre_BPre9_NStem	LocPre_BPre9_NStem
,	Punc	PUNC	Punc	PUNC
a_ma_nye	AdjPref6_AdjStem	NPrePre6_AdjPref6_AdjStem	AdjPref6_AdjStem	NPrePre6_BPre6_AdjStem
a_ma_lungu	NPrePre6_BPre6_NStem	NPrePre6_BPre6_NStem	NPrePre6_BPre6_NStem	NPrePre6_BPre6_NStem
e_komidi	PossConc6_NStem	LocPre_NStem	PossConc6_NStem	LocPre_NStem
le_si_gceme	PossConc5_NPrePre7_BPre7_NStem	PossConc5_BPre7_NStem	PossConc5_NPrePre7_BPre7_NStem	PossConc5_BPre7_NStem
,	Punc	PUNC	Punc	PUNC
ka_nye	AdvPre_AdjStem	AdvPre_AdjStem	AdvPre_AdjStem	AdvPre_AdjStem
no_chwepeshe	AdvPre_NPrePre2a_NStem	AdvPre_NStem	AdvPre_NPrePre2a_NStem	AdvPre_NStem
aba_nga_siz_a	RelConc1_Pot_VRoot_VerbTerm	RelConc2_Pot_VRoot_VerbTerm	RelConc1_Pot_VRoot_VerbTerm	RelConc2_Pot_VRoot_VerbTerm
kw_i_n_qubo	LocPre_NPrePre9_BPre9_NStem	LocPre_NPrePre9_BPre9_NStem	LocPre_NPrePre9_BPre9_NStem	LocPre_NPrePre9_BPre9_NStem
yo_ku_hlel_a	PossConc9_BPre15_VRoot_VerbTerm	PossConc9_BPre15_VRoot_VerbTerm	PossConc9_BPre15_VRoot_VerbTerm	PossConc9_BPre15_VRoot_VerbTerm
.	Punc	PUNC	Punc	PUNC
Lokhu	Dem15_Pos1	CDEM15	Dem15_Pos1	CDEM15
ku_mel_e	SC15_VRoot_VerbTerm	SC15_VRoot_VerbTerm	SC15_VRoot_VerbTerm	SC15_VRoot_VerbTerm
ku_vunyel_w_ane	SC15_VRoot_ApplExt_PassExt_RecipExt_VerbTerm	SC15_VRoot_PassExt_VerbTerm	SC15_VRoot_ApplExt_PassExt_RecipExt_VerbTerm	SC15_VRoot_PassExt_VerbTerm
ngakho	Adv	Adv	Adv	Adv
esi_gabe_ni	LocPre_BPre7_NStem_LocSuf	RelConc7_NStem_LocSuf	LocPre_BPre7_NStem_LocSuf	RelConc7_NStem_LocSuf
so_ku_lungis_elel_a	PossConc7_NPrePre15_BPre15_VRoot_IntensExt_VerbTerm	PossConc7_BPre15_VRoot_IntensExt_VerbTerm	PossConc7_NPrePre15_BPre15_VRoot_IntensExt_VerbTerm	PossConc7_BPre15_VRoot_IntensExt_VerbTerm
u_ku_hlel_a	NPrePre15_BPre15_VRoot_VerbTerm	NPrePre15_BPre15_VRoot_VerbTerm	NPrePre15_BPre15_VRoot_VerbTerm	NPrePre15_BPre15_VRoot_VerbTerm
be_se	SC2_AuxVStem	SC2_AuxVStem	SC2_AuxVStem	SC2_AuxVStem
kwa_mukel_w_a	SC15_VRoot_PassExt_VerbTerm	SC15_VRoot_PassExt_VerbTerm	SC15_VRoot_PassExt_VerbTerm	SC15_VRoot_PassExt_VerbTerm
e_m_hlanganw_eni	LocPre_BPre3_NStem_LocSuf	LocPre_BPre3_NStem_LocSuf	LocPre_BPre3_NStem_LocSuf	LocPre_BPre3_NStem_LocSuf
wo_m_phakathi	PossConc3_NPrePre3_BPre3_Adv	PossConc3_BPre3_NStem	PossConc3_NPrePre3_BPre3_Adv	PossConc3_BPre3_NStem
.	Punc	PUNC	Punc	PUNC
I_thimba	BPre5_NStem	NPrePre5_BPre5	BPre5_NStem	NPrePre5_BPre5
la_ba_gqugquzeli	PossConc5_NPrePre2_BPre2_NStem	PossConc5_BPre2_NStem	PossConc5_NPrePre2_BPre2_NStem	PossConc5_BPre2_NStem
ku_mel_e	SC15_VRoot_VerbTerm	SC15_VRoot_VerbTerm	SC15_VRoot_VerbTerm	SC15_VRoot_VerbTerm
li_hlanganis_e	SC5_VRoot_VerbTerm	SC5_VRoot_VerbTerm	SC5_VRoot_VerbTerm	SC5_VRoot_VerbTerm
a_ma_lungu	NPrePre6_BPre6_NStem	NPrePre6_BPre6_NStem	NPrePre6_BPre6_NStem	NPrePre6_BPre6_NStem
e_komidi	PossConc6_NStem	LocPre_NStem	PossConc6_NStem	LocPre_NStem
le_si_gceme	PossConc5_NPrePre7_BPre7_NStem	PossConc5_BPre7_NStem	PossConc5_NPrePre7_BPre7_NStem	PossConc5_BPre7_NStem
ngo_bu_ningi	AdvPre_NPrePre14_BPre14_AdjStem	AdvPre_BPre14_AdjStem	AdvPre_NPrePre14_BPre14_AdjStem	AdvPre_BPre14_AdjStem
ba_wo	PossConc2_PronStem6	PossConc2_PronStem6	PossConc2_PronStem6	PossConc2_PronStem6
nga_ngo_ku_s_e_mandle_ni	AdvPre_RelConc15_PreLoc-s_LocPre_BPre6_NStem_LocSuf	AdvPre_AdvPre_BPre15_PreLocs_LocPre_NStem_LocSuf	AdvPre_RelConc15_PreLoc-s_LocPre_BPre6_NStem_LocSuf	AdvPre_AdvPre_BPre15_PreLocs_LocPre_NStem_LocSuf
.	Punc	PUNC	Punc	PUNC
Oku_nge_nani	RelConc15_AdvPre_NPrePre5_RelStem	RelConc15_AdvPre_RelStem	RelConc15_AdvPre_NPrePre5_RelStem	RelConc15_AdvPre_RelStem
a_ma_lungu	NPrePre6_BPre6_NStem	NPrePre6_BPre6_NStem	NPrePre6_BPre6_NStem	NPrePre6_BPre6_NStem
e_komidi	PossConc6_NStem	LocPre_NStem	PossConc6_NStem	LocPre_NStem
le_si_gceme	PossConc5_NPrePre7_BPre7_NStem	PossConc5_BPre7_NStem	PossConc5_NPrePre7_BPre7_NStem	PossConc5_BPre7_NStem
ku_mel_e	SC15_VRoot_VerbTerm	SC15_VRoot_VerbTerm	SC15_VRoot_VerbTerm	SC15_VRoot_VerbTerm
a_hlal_e	SC6_VRoot_VerbTerm	SC6_VRoot_VerbTerm	SC6_VRoot_VerbTerm	SC6_VRoot_VerbTerm
e_khona	RelConc9_Adv	RelConc9_Adv	RelConc9_Adv	RelConc9_Adv
ku_lo	LocPre_Dem3_Pos1	LocPre_PronStem5	LocPre_Dem3_Pos1	LocPre_PronStem5
lo_nke	QuantConc5_QuantStem	QuantConc11_QuantStem	QuantConc5_QuantStem	QuantConc5_QuantStem
i_sonto	BPre5_NStem	NPrePre5_NStem	BPre5_NStem	NPrePre5_NStem
lo_ku_hlel_a	PossConc5_NPrePre15_SC15_VRoot_VerbTerm	PossConc5_BPre15_VRoot_VerbTerm	PossConc5_NPrePre15_SC15_VRoot_VerbTerm	PossConc5_NPrePre15_VRoot_VerbTerm
,	Punc	PUNC	Punc	PUNC
aba_nye	AdjPref2_AdjStem	AdjPref2_AdjStem	AdjPref2_AdjStem	AdjPref2_AdjStem
bo_na	PronStem2_PronSuf	PronStem2_PronSuf	PronStem2_PronSuf	PronStem2_PronSuf
ba_nga_fik_a	SC2_Pot_VRoot_VerbTerm	SC2_Pot_VRoot_VerbTerm	SC2_Pot_VRoot_VerbTerm	SC2_Pot_VRoot_VerbTerm
u_ma	Conj	NPrePre1a_NStem	Conj	NPrePre1a_NStem
ku_no_kw_enz_ek_a	SC15_AdvPre_SC15_VRoot_PassExt_VerbTerm	SC15_AdvPre_Fut_VRoot_NeutExt_VerbTerm	SC15_AdvPre_SC15_VRoot_PassExt_VerbTerm	SC15_AdvPre_Fut_VRoot_NeutExt_VerbTerm
.	Punc	PUNC	Punc	PUNC
Lokhu	Dem15_Pos1	CDEM15	Dem15_Pos1	CDEM15
ku_sh_o	SC15_VRoot_VerbTerm	SC15_VRoot_VerbTerm	SC15_VRoot_VerbTerm	SC15_VRoot_VerbTerm
u_kuth_i	Conj	NPrePre15_VRoot_VerbTerm	Conj	NPrePre15_BPre15_VerbTerm
oku_nge_nani	RelConc15_AdvPre_NPrePre5_NStem	RelConc15_AdvPre_RelStem	RelConc15_AdvPre_NPrePre5_NStem	RelConc15_AdvPre_NStem
a_ma_qembu	NPrePre6_BPre6_NStem	NPrePre6_BPre6_NStem	NPrePre6_BPre6_NStem	NPrePre6_BPre6_NStem
a_ma_thathu	AdjPref6_AdjStem	NPrePre6_BPre6_AdjStem	AdjPref6_AdjStem	NPrePre6_BPre6_NStem
a_nga_gqugquzel_w_a	SC6_Pot_VRoot_PassExt_VerbTerm	SC6_AdvPre_VRoot_PassExt_VerbTerm	SC6_Pot_VRoot_PassExt_VerbTerm	SC6_Pot_VRoot_PassExt_VerbTerm
nga_si_khathi	AdvPre_NPrePre7_BPre7_NStem	AdvPre_BPre7_NStem	AdvPre_NPrePre7_BPre7_NStem	AdvPre_BPre7_NStem
si_nye	AdjPref7_AdjStem	AdjPref7_AdjStem	AdjPref7_AdjStem	AdjPref7_AdjStem
.	Punc	PUNC	Punc	PUNC
Esi_me_ni	LocPre_BPre7_NStem_LocSuf	RelConc7_NStem_LocSuf	LocPre_BPre7_NStem_LocSuf	RelConc7_NStem_LocSuf
esi_hle	AdjPref7_AdjStem	AdjPref7_AdjStem	AdjPref7_AdjStem	AdjPref7_AdjStem
lelo	Dem5_Pos2	CDEM05	Dem5_Pos2	CDEM05
na_lelo	AdvPre_Dem5_Pos2	AdvPre_NStem	AdvPre_Dem5_Pos2	AdvPre_NStem
qembu	NStem	NStem	NStem	NStem
ku_mel_e	SC15_VRoot_VerbTerm	SC15_VRoot_VerbTerm	SC15_VRoot_VerbTerm	SC15_VRoot_VerbTerm
li_b_e	SC5_AuxVStem	SC5_VRoot_VerbTerm	SC5_AuxVStem	SC5_VRoot_VerbTerm
no_m_gqugquzeli	AdvPre_NPrePre1_BPre1_NStem	AdvPre_BPre1_NStem	AdvPre_NPrePre1_BPre1_NStem	AdvPre_BPre1_NStem
ka_nye	AdvPre_AdjStem	AdvPre_AdjStem	AdvPre_AdjStem	AdvPre_AdjStem
no_mu_ntu	AdvPre_NPrePre1_BPre1_NStem	AdvPre_BPre1_NStem	AdvPre_NPrePre1_BPre1_NStem	AdvPre_BPre1_NStem
o_zi_nikel_e	RelConc1_ReflPre_VRoot_VerbTerm	RelConc3_ReflPre_VRoot_VerbTerm	RelConc1_ReflPre_VRoot_VerbTerm	RelConc3_ReflPre_VRoot_VerbTerm
e_ku_bhalw_eni	LocPre_SC15_VRoot_PassExt_VerbTerm_LocSuf	LocPre_BPre15_NStem_LocSuf	LocPre_SC15_VRoot_PassExt_VerbTerm_LocSuf	LocPre_BPre15_NStem_LocSuf
kwa_le	PossConc9_Dem9_Pos1	PossConc15_CDEM09	PossConc9_Dem9_Pos1	PossConc15_CDEM09
n_qubo	BPre9_NStem	BPre9_NStem	BPre9_NStem	BPre9_NStem
.	Punc	PUNC	Punc	PUNC
A_qinis_ek_is_a	SC6_VRoot_CausExt_VerbTerm	SC6_VRoot_NeutExt_CausExt_VerbTerm	SC6_VRoot_CausExt_VerbTerm	SC6_VRoot_NeutExt_CausExt_VerbTerm
u_ku_bamb_a	NPrePre15_BPre15_VRoot_VerbTerm	NPrePre15_BPre15_VRoot_VerbTerm	NPrePre15_BPre15_VRoot_VerbTerm	NPrePre15_BPre15_VRoot_VerbTerm
i_qhaz_a	NPrePre5_BPre5_NStem	SC9_VRoot_VerbTerm	NPrePre5_BPre5_NStem	SC9_VRoot_VerbTerm
ko_m_phakathi	PossConc15_NPrePre3_BPre3_NStem	PossConc15_BPre3_NStem	PossConc15_NPrePre3_BPre3_NStem	PossConc15_BPre3_NStem
nge_n_dlel_a	AdvPre_NPrePre9_BPre9_NStem	AdvPre_BPre9_Intrans_VerbTerm	AdvPre_NPrePre9_BPre9_NStem	AdvPre_BPre9_VRoot_VerbTerm
ye_zin_kulumompikiswano	PossConc9_NStem	PossConc9_BPre10_NStem	PossConc9_NStem	PossConc9_BPre10_NStem
zo_m_phakathi	PossConc10_NPrePre3_BPre3_NStem	PossConc10_BPre3_NStem	PossConc10_NPrePre3_BPre3_NStem	PossConc10_BPre3_NStem
mayela_na	NStem_DimSuf	NStem_DimSuf	NStem_DimSuf	NStem_DimSuf
ne_zin_dlel_a	AdvPre_NPrePre10_BPre10_NStem	AdvPre_BPre10_VRoot_VerbTerm	AdvPre_NPrePre10_BPre10_NStem	AdvPre_BPre10_Intrans_VerbTerm
ezi_lung_il_e	RelConc8_Intrans_Perf	RelConc10_VRoot_Perf_VerbTerm	RelConc8_Intrans_Perf	RelConc10_VRoot_Perf_VerbTerm
zo_ku_xazulul_w_a	PossConc8_BPre15_VRoot_PassExt_VerbTerm	PossConc8_BPre15_VRoot_PassExt_VerbTerm	PossConc8_BPre15_VRoot_PassExt_VerbTerm	PossConc10_BPre15_VRoot_PassExt_VerbTerm
kwe_zin_kinga	PossConc15_NPrePre10_BPre10_NStem	PossConc15_BPre10_NStem	PossConc15_NPrePre10_BPre10_NStem	PossConc15_BPre10_NStem
.	Punc	PUNC	Punc	PUNC
U_m_lamuli	NPrePre1_BPre1_NStem	NPrePre1_BPre1_NStem	NPrePre1_BPre1_NStem	NPrePre1_BPre1_NStem
u_vum_el_a	SC1_VRoot_ApplExt_VerbTerm	SC1_VRoot_ApplExt_VerbTerm	SC1_VRoot_ApplExt_VerbTerm	SC1_VRoot_ApplExt_VerbTerm
u_hlangothi	NPrePre11_NStem	NPrePre11_NStem	NPrePre11_NStem	NPrePre11_NStem
nga_lu_nye	AdvPre_BPre11_AdjStem	AdvPre_BPre11_AdjStem	AdvPre_BPre11_AdjStem	AdvPre_BPre11_AdjStem
u_ku_b_a	Conj	NPrePre15_BPre15_VRoot_VerbTerm	Conj	NPrePre15_BPre15_VRoot_VerbTerm
lu_chaz_e	SC11_VRoot_VerbTerm	SC11_VRoot_VerbTerm	SC11_VRoot_VerbTerm	SC11_VRoot_VerbTerm
i_si_mo	NPrePre7_BPre7_NStem	NPrePre7_BPre7_NStem	NPrePre7_BPre7_NStem	NPrePre7_BPre7_NStem
sa_lo	PossConc7_PronStem11	PossConc7_PronStem5	PossConc7_PronStem11	PossConc7_PronStem3
futh_i	Conj	VRoot_VerbTerm	Conj	VRoot_VerbTerm
lu_sekel_e	SC11_VRoot_VerbTerm	CopPre_Intrans_VerbTerm	SC11_VRoot_VerbTerm	CopPre_VRoot_VerbTerm
i_si_celo	NPrePre7_BPre7_NStem	NPrePre7_BPre7_NStem	NPrePre7_BPre7_NStem	NPrePre7_BPre7_NStem
sa_lo	PossConc7_PronStem11	PossConc7_PronStem5	PossConc7_PronStem11	PossConc7_PronStem3
.	Punc	PUNC	Punc	PUNC
U_m_lamuli	NPrePre1_BPre1_NStem	NPrePre1_BPre1_NStem	NPrePre1_BPre1_NStem	NPrePre1_BPre1_NStem
u_bhal_a	SC1_VRoot_VerbTerm	SC1_VRoot_VerbTerm	SC1_VRoot_VerbTerm	SC1_VRoot_VerbTerm
phansi	Adv	Adv	Adv	Adv
yo_nke	QuantConc4_QuantStem	QuantConc9_QuantStem	QuantConc4_QuantStem	QuantConc9_QuantStem
i_mi_niningwane	NPrePre4_BPre4_NStem	NPrePre4_BPre4_NStem	NPrePre4_BPre4_NStem	NPrePre4_BPre4_NStem
futh_i	Conj	VRoot_VerbTerm	Conj	VRoot_VerbTerm
a_yi_bek_e	SC6_OC4_VRoot_VerbTerm	SC6_OC9_VRoot_VerbTerm	SC6_OC4_VRoot_VerbTerm	NegPre_OC4_VRoot_VerbTerm
nga_ma_gama	AdvPre_NPrePre6_BPre6_NStem	AdvPre_BPre6_NStem	AdvPre_NPrePre6_BPre6_NStem	AdvPre_BPre6_NStem
e_zw_akal_a_yo	RelConc6_VRoot_NeutExt_VerbTerm_RelSuf	RelConc9_VRoot_NeutExt_VerbTerm_RelSuf	RelConc6_VRoot_NeutExt_VerbTerm_RelSuf	RelConc9_VRoot_NeutExt_VerbTerm_RelSuf
o_hlangoth_ini	LocPre_NStem_LocSuf	LocPre_NStem_LocSuf	LocPre_NStem_LocSuf	LocPre_NStem_LocSuf
nga_lu_nye	AdvPre_BPre11_AdjStem	AdvPre_BPre11_AdjStem	AdvPre_BPre11_AdjStem	AdvPre_BPre11_AdjStem
u_kuze	Conj	NPrePre15_NStem	Conj	NPrePre15_NStem
a_qinis_ek_is_e	SC6_VRoot_CausExt_VerbTerm	RelConc6_VRoot_NeutExt_CausExt_VerbTerm	SC6_VRoot_CausExt_VerbTerm	RelConc6_VRoot_NeutExt_CausExt_VerbTerm
u_kuth_i	Conj	NPrePre15_VRoot_VerbTerm	Conj	NPrePre15_BPre15_VerbTerm
u_ku_zwi_sis_ile	NPrePre15_BPre15_VRoot_IntensExt_Perf_VerbTerm	NPrePre15_BPre15_VRoot_VRoot_Perf	NPrePre15_BPre15_VRoot_IntensExt_Perf_VerbTerm	NPrePre15_BPre15_VRoot_VRoot_Perf
oku_sh_iwo	RelConc15_VRoot_PassExt_VerbTerm	RelConc15_VRoot_PassExt	RelConc15_VRoot_PassExt_VerbTerm	RelConc15_VRoot_NStem
.	Punc	PUNC	Punc	PUNC
Lokhu	Dem15_Pos1	CDEM15	Dem15_Pos1	CDEM15
futh_i	Conj	VRoot_VerbTerm	Conj	VRoot_VerbTerm
ku_siz_a	SC15_VRoot_VerbTerm	SC15_VRoot_VerbTerm	SC15_VRoot_VerbTerm	SC15_VRoot_VerbTerm
olu_nye	AdjPref11_AdjStem	AdjPref11_AdjStem	AdjPref11_AdjStem	RelConc11_AdjStem
u_hlangothi	NPrePre11_NStem	NPrePre11_NStem	NPrePre11_NStem	NPrePre11_NStem
u_ku_b_a	Conj	NPrePre15_BPre15_VRoot_VerbTerm	Conj	NPrePre15_BPre15_VRoot_VerbTerm
lu_cac_is_e	SC11_VRoot_CausExt_VerbTerm	SC5_VRoot_CausExt_VerbTerm	SC11_VRoot_CausExt_VerbTerm	SC5_VRoot_CausExt_VerbTerm
a_ma_phuzu	NPrePre6_BPre6_NStem	NPrePre6_BPre6_NStem	NPrePre6_BPre6_NStem	NPrePre6_BPre6_NStem
a_nge_zw_akalanga	SC6_NegPre_VRoot_NeutExt_VerbTerm_NegPre	RelConc6_AdvPre_VRoot_NStem	SC6_NegPre_VRoot_NeutExt_VerbTerm_NegPre	RelConc6_AdvPre_BPre8_NStem
kolu_nye	BPre15_AdjPref11_AdjStem	AdjPref1_AdjStem	BPre15_AdjPref11_AdjStem	AdjPref15_AdjStem
u_hlangothi	NPrePre11_NStem	NPrePre11_NStem	NPrePre11_NStem	NPrePre11_NStem
.	Punc	PUNC	Punc	PUNC
U_m_lamuli	NPrePre1_BPre1_NStem	NPrePre1_BPre1_NStem	NPrePre1_BPre1_NStem	NPrePre1_BPre1_NStem
u_qoq_el_a	SC1_VRoot_ApplExt_VerbTerm	SC1_VRoot_ApplExt_VerbTerm	SC1_VRoot_ApplExt_VerbTerm	SC1_VRoot_ApplExt_VerbTerm
n_dawonye	BPre9_NStem	BPre9_NStem	BPre9_NStem	BPre9_NStem
zo_nke	QuantConc8_QuantStem	QuantConc8_QuantStem	QuantConc8_QuantStem	QuantConc8_QuantStem
i_zi_mo	NPrePre8_BPre8_NStem	NPrePre8_BPre8_NStem	NPrePre8_BPre8_NStem	NPrePre8_BPre8_NStem
.	Punc	PUNC	Punc	PUNC
E_ngqungquth_el_e_ni	LocPre_VRoot_VerbTerm_LocSuf	LocPre_VRoot_ApplExt_VerbTerm_LocSuf	LocPre_VRoot_VerbTerm_LocSuf	LocPre_VRoot_ApplExt_VerbTerm_LocSuf
e_biz_w_a	RelConc9_VRoot_PassExt_VerbTerm	RelConc9_VRoot_PassExt_VerbTerm	RelConc9_VRoot_PassExt_VerbTerm	RelConc9_VRoot_PassExt_VerbTerm
nge__	AdvPre	Adv	AdvPre	AdvPre
Mi_llennium	NStem	BPre4_NStem	NStem	BPre4_NStem
Summi_t	Foreign	NStem_ProperName	Foreign	ProperName_VerbTerm
ku_Se_pthemb_a	AdvPre_NStem	SC15_Pro_VRoot_VerbTerm	AdvPre_NStem	SC15_Pro_VRoot_VerbTerm
2000	Num	NUM	Num	NUM
,	Punc	PUNC	Punc	PUNC
wo_nke	QuantConc3_QuantStem	QuantConc3_QuantStem	QuantConc3_QuantStem	QuantConc3_QuantStem
a_ma_zwe	NPrePre6_BPre6_NStem	NPrePre6_BPre6_NStem	NPrePre6_BPre6_NStem	NPrePre6_BPre6_NStem
a_nga_phansi	RelConc6_AdvPre_Adv	RelConc6_AdvPre_Adv	RelConc6_AdvPre_Adv	RelConc6_AdvPre_Adv
kwe_Nhlangano	PossConc15_NPrePre9_BPre9_NStem	PossConc15_NStem	PossConc15_NPrePre9_BPre9_NStem	PossConc15_NStem
Yezi_zwe	PossConc9_NPrePre8_BPre8_NStem	PossConc9_NStem	PossConc9_NPrePre8_BPre8_NStem	RelConc8_NStem
a_phinda	SC6_VRoot_VerbTerm	RelConc6_NStem	SC6_VRoot_VerbTerm	RelConc6_NStem
a_zi_bophezel_a	SC6_ReflPre_VRoot_ApplExt_VerbTerm	SC1a_ReflPre_VRoot_VerbTerm	SC6_ReflPre_VRoot_ApplExt_VerbTerm	SC6_ReflPre_VRoot_VerbTerm
e_n_tuthukw_eni	LocPre_NStem_LocSuf	RelConc9_BPre9_NStem_LocSuf	LocPre_NStem_LocSuf	RelConc9_BPre9_NStem_LocSuf
esimem_e	RelConc9_VRoot_Perf_VerbTerm	VRoot_VerbTerm	RelConc9_VRoot_Perf_VerbTerm	VRoot_VerbTerm
na_s_e_ku_qed_w_eni	AdvPre_PreLoc-s_LocPre_BPre15_VRoot_PassExt_VerbTerm_LocSuf	AdvPre_PreLocs_LocPre_BPre15_VRoot_VerbTerm_LocSuf	AdvPre_PreLoc-s_LocPre_BPre15_VRoot_PassExt_VerbTerm_LocSuf	AdvPre_PreLocs_LocPre_BPre15_NStem_VerbTerm_LocSuf
ko_bu_phofu	PossConc15_NPrePre14_BPre14_NStem	PossConc15_BPre14_NStem	PossConc15_NPrePre14_BPre14_NStem	PossConc15_BPre14_NStem
ngo_kwa_mukel_a	AdvPre_NPrePre15_BPre15_VRoot_VerbTerm	CopPre_BPre15_VRoot_VerbTerm	AdvPre_NPrePre15_BPre15_VRoot_VerbTerm	CopPre_BPre15_VRoot_VerbTerm
i_simemezelo	NPrePre7_BPre7_NStem	BPre9_NStem	NPrePre7_BPre7_NStem	BPre7_NStem
i__M_i_llennium	NPrePre9_Foreign	NPrePre9_BPre4_NPrePre10_NStem	NPrePre9_Foreign	NPrePre9_BPre10_NPrePre9_NStem
Declaration	NStem	Foreign	NStem	Foreign
.	Punc	PUNC	Punc	PUNC
E_mi_phakath_ini	LocPre_NPrePre4_BPre4_NStem_LocSuf	LocPre_BPre4_NStem_LocSuf	LocPre_NPrePre4_BPre4_NStem_LocSuf	LocPre_BPre4_NStem_LocSuf
ezi_biz_w_a	RelConc8_VRoot_PassExt_VerbTerm	RelConc10_VRoot_PassExt_VerbTerm	RelConc8_VRoot_PassExt_VerbTerm	RelConc10_VRoot_PassExt_VerbTerm
nge__M_i_llennium	AdvPre_NPrePre9_NStem	AdvPre_BPre3_NPrePre9_NPrePre9	AdvPre_NPrePre9_NStem	AdvPre_BPre3_NPrePre9_NStem
Development	Foreign	Foreign	Foreign	Foreign
Goals	Foreign	Foreign	Foreign	Foreign
(	Punc	PUNC	Punc	PUNC
MDGS	Abbr	Abbr	Abbr	Abbr
)	Punc	PUNC	Punc	PUNC
zi_y_i_n_kombandlel_a	BPre8_CopPre_NPrePre9_BPre9_NStem	SC10_CopPre_NPrePre9_BPre9_VRoot_VerbTerm	BPre8_CopPre_NPrePre9_BPre9_NStem	SC10_CopPre_NPrePre9_BPre9_VRoot_VerbTerm
yo_ku_hlangabez_an_a	PossConc9_NPrePre15_BPre15_VRoot_RecipExt_VerbTerm	PossConc4_BPre15_VRoot_RecipExt_VerbTerm	PossConc9_NPrePre15_BPre15_VRoot_RecipExt_VerbTerm	PossConc4_BPre15_VRoot_RecipExt_VerbTerm
ne_zi_bopho	AdvPre_NPrePre8_BPre8_NStem	AdvPre_BPre8_NStem	AdvPre_NPrePre8_BPre8_NStem	AdvPre_BPre8_NStem
ze__M_i_llennium	PossConc8_NPrePre9_NStem	PossConc8_BPre4_NPrePre9_NPrePre9	PossConc8_NPrePre9_NStem	PossConc10_BPre3_NPrePre9_NStem
Declaration	NStem	ProperName	NStem	Foreign
.	Punc	PUNC	Punc	PUNC
A_ma_fomu	NPrePre6_BPre6_NStem	NPrePre6_BPre6_NStem	NPrePre6_BPre6_NStem	NPrePre6_BPre6_NStem
a_s_e_ma_khasi_ni	RelConc6_PreLoc-s_LocPre_BPre6_NStem_LocSuf	RelConc6_PreLocs_LocPre_BPre6_NStem_LocSuf	RelConc6_PreLoc-s_LocPre_BPre6_NStem_LocSuf	RelConc6_PreLocs_LocPre_BPre6_NStem_LocSuf
a_mbalwa	RelConc6_RelStem	RelConc6_RelStem	RelConc6_RelStem	RelConc6_RelStem
a_landel_a_yo	RelConc6_VRoot_VerbTerm_RelSuf	RelConc6_VRoot_VerbTerm_RelSuf	RelConc6_VRoot_VerbTerm_RelSuf	RelConc6_VRoot_VerbTerm_RelSuf
a_yi_n_dlel_a	RelConc6_CopPre_BPre3_NStem	SC6_OC9_BPre9_VRoot_VerbTerm	RelConc6_CopPre_BPre3_NStem	NegPre_SC4_BPre9_VRoot_VerbTerm
e_nhle	AdjPref9_AdjStem	AdjPref9_AdjStem	AdjPref9_AdjStem	AdjPref9_AdjStem
yo_ku_qal_a	PossConc9_NPrePre15_BPre15_VRoot_VerbTerm	PossConc9_BPre15_VRoot_VerbTerm	PossConc9_NPrePre15_BPre15_VRoot_VerbTerm	PossConc9_BPre15_VRoot_VerbTerm
u_ma	Conj	NPrePre1a_NStem	Conj	NPrePre1a_NStem
u_fun_a	SC1ps_VRoot_VerbTerm	SC2_VRoot_VerbTerm	SC1ps_VRoot_VerbTerm	SC3_VRoot_VerbTerm
u_kw_enz_a	NPrePre15_BPre15_VRoot_VerbTerm	NPrePre15_BPre15_VRoot_VerbTerm	NPrePre15_BPre15_VRoot_VerbTerm	NPrePre15_BPre15_VRoot_VerbTerm
u_ku_hlol_w_a	NPrePre15_BPre15_VRoot_PassExt_VerbTerm	NPrePre15_BPre15_VRoot_PassExt_VerbTerm	NPrePre15_BPre15_VRoot_PassExt_VerbTerm	NPrePre15_BPre15_VRoot_PassExt_VerbTerm
kwe_zi_dingo	PossConc15_NPrePre8_BPre8_NStem	PossConc15_BPre8_NStem	PossConc15_NPrePre8_BPre8_NStem	PossConc15_BPre8_NStem
jikelel_e	Ideoph	VRoot_VerbTerm	Ideoph	Adv_VerbTerm
.	Punc	PUNC	Punc	PUNC
Nge_si_khathi	AdvPre_NPrePre7_BPre7_NStem	AdvPre_BPre7_NStem	AdvPre_NPrePre7_BPre7_NStem	AdvPre_BPre7_NStem
u_gcwal_is_a	SC1ps_VRoot_CausExt_VerbTerm	SC1_VRoot_CausExt_VerbTerm	SC1ps_VRoot_CausExt_VerbTerm	SC1_VRoot_CausExt_VerbTerm
a_ma_fomu	NPrePre6_BPre6_NStem	NPrePre6_BPre6_NStem	NPrePre6_BPre6_NStem	NPrePre6_BPre6_NStem
u_zo_thol_a	SC1ps_Fut_VRoot_VerbTerm	SC1_Fut_VRoot_VerbTerm	SC1ps_Fut_VRoot_VerbTerm	SC3_Fut_VRoot_VerbTerm
um_qondo	NPrePre3_BPre3_NStem	BPre3_NStem	NPrePre3_BPre3_NStem	BPre3_NStem
we_zin_kinga	PossConc3_NPrePre10_BPre10_NStem	PossConc3_BPre10_NStem	PossConc3_NPrePre10_BPre10_NStem	PossConc3_BPre10_NStem
aba_ntu	NPrePre2_BPre2_NStem	RelConc2_NStem	NPrePre2_BPre2_NStem	RelConc2_NStem
be_si_fazane	PossConc2_NPrePre7_BPre7_NStem	PossConc2_BPre7_NStem	PossConc2_NPrePre7_BPre7_NStem	PossConc2_BPre7_NStem
aba_bhek_an_a	RelConc2_VRoot_RecipExt_VerbTerm	RelConc2_VRoot_RecipExt_VerbTerm	RelConc2_VRoot_RecipExt_VerbTerm	RelConc2_VRoot_RecipExt_VerbTerm
na_zo	AdvPre_PronStem8	AdvPre_PronStem8	AdvPre_PronStem8	AdvPre_PronStem8
e_n_dawe_ni	LocPre_BPre9_NStem_LocSuf	LocPre_BPre9_NStem_LocSuf	LocPre_BPre9_NStem_LocSuf	LocPre_BPre9_NStem_LocSuf
ya_ngakini	PossConc9_Adv	PossConc9_NStem	PossConc9_Adv	PossConc9_NStem
.	Punc	PUNC	Punc	PUNC
Uma	Conj	Conj	Conj	Conj
u_nga_z_az_i	SC1ps_NegPre_ReflPre_VRoot_VerbTerm	SC1_NegPre_ReflPre_VRoot_VerbTerm	SC1ps_NegPre_ReflPre_VRoot_VerbTerm	SC1_NegPre_ReflPre_VRoot_VerbTerm
zo_nke	QuantConc8_QuantStem	QuantConc8_QuantStem	QuantConc8_QuantStem	QuantConc8_QuantStem
i_zi_m_pendulo	NPrePre10_BPre10_BPre3_NStem	NPrePre10_BPre10_BPre3_NStem	NPrePre10_BPre10_BPre3_NStem	NPrePre10_BPre10_BPre3_NStem
,	Punc	PUNC	Punc	PUNC
za_ma	VRoot_VerbTerm	PossConc8_NStem	VRoot_VerbTerm	PossConc10_NStem
u_ku_thol_a	NPrePre15_BPre15_VRoot_VerbTerm	NPrePre15_BPre15_VRoot_VerbTerm	NPrePre15_BPre15_VRoot_VerbTerm	NPrePre15_BPre15_VRoot_VerbTerm
u_lw_az_i	NPrePre11_BPre11_NStem	NPrePre11_BPre11_VRoot_VerbTerm	NPrePre11_BPre11_NStem	NPrePre11_BPre11_VRoot_VerbTerm
ku_masipala	LocPre_NStem	LocPre_NStem	LocPre_NStem	LocPre_NStem
,	Punc	PUNC	Punc	PUNC
e_m_tholampilo	LocPre_BPre2_NStem	LocPre_BPre3_NStem	LocPre_BPre2_NStem	LocPre_BPre3_NStem
,	Punc	PUNC	Punc	PUNC
ezin_hlanganw_eni	LocPre_BPre10_NStem_LocSuf	RelConc8_NStem_LocSuf	LocPre_BPre10_NStem_LocSuf	BPre10_NStem_LocSuf
zo_m_phakathi	PossConc10_BPre3_Adv	PossConc10_BPre3_NStem	PossConc10_BPre3_Adv	PossConc10_BPre3_NStem
noma	Conj	Conj	Conj	Conj
ezi_khungw_eni	LocPre_BPre8_NStem_LocSuf	RelConc8_NStem_LocSuf	LocPre_BPre8_NStem_LocSuf	RelConc8_NStem_LocSuf
zi_ka_hulumeni	PossConc10_PossKA_NPrePre1a_NStem	PossConc10_PossKA_NStem	PossConc10_PossKA_NPrePre1a_NStem	PossConc10_PossKA_NStem
.	Punc	PUNC	Punc	PUNC
I_si_khungo	NPrePre7_BPre7_NStem	NPrePre7_BPre7_NStem	NPrePre7_BPre7_NStem	NPrePre7_BPre7_NStem
so_ku_bal_w_a	PossConc7_NPrePre15_BPre15_VRoot_PassExt_VerbTerm	PossConc7_BPre15_VRoot_PassExt_VerbTerm	PossConc7_NPrePre15_BPre15_VRoot_PassExt_VerbTerm	PossConc7_BPre15_VRoot_PassExt_VerbTerm
kwa_ba_ntu	PossConc15_NPrePre2_BPre2_NStem	PossConc15_BPre2_NStem	PossConc15_NPrePre2_BPre2_NStem	PossConc15_BPre2_NStem
si_nga_ba	SC7_Pot_AuxVStem	SC7_Pot_AuxVStem	SC7_Pot_AuxVStem	SC7_AdvPre_AuxVStem
na_lo	AdvPre_Dem11_Pos1	AdvPre_PronStem5	AdvPre_Dem11_Pos1	AdvPre_PronStem5
u_lw_az_i	NPrePre11_BPre11_NStem	NPrePre11_BPre11_VRoot_VerbTerm	NPrePre11_BPre11_NStem	NPrePre11_BPre11_VRoot_VerbTerm
mayela_na	Adv	NStem_DimSuf	Adv	NStem_DimSuf
ne_zinga	AdvPre_NPrePre8_NStem	AdvPre_NStem	AdvPre_NPrePre8_NStem	AdvPre_NStem
lezo_mnotho	PossConc8_NPrePre5_PossConc3_NPrePre3_NStem	CDEM10_NStem	PossConc8_NPrePre5_PossConc3_NPrePre3_NStem	CDEM10_NStem
la_ba_ntu	PossConc5_NPrePre2_BPre2_NStem	PossConc5_BPre2_NStem	PossConc5_NPrePre2_BPre2_NStem	PossConc5_BPre2_NStem
be_n_dawo	PossConc2_NPrePre9_BPre9_NStem	PossConc2_BPre9_NStem	PossConc2_NPrePre9_BPre9_NStem	PossConc2_BPre9_NStem
ya_ngakini	PossConc9_Adv	PossConc9_NStem	PossConc9_Adv	PossConc9_NStem
.	Punc	PUNC	Punc	PUNC
I_phrojekthi	BPre5_NStem	NPrePre5_BPre5	BPre5_NStem	NPrePre5_BPre5
nga_yi_nye	AdvPre_CopPre_EnumStem	AdvPre_CopPre_EnumStem	AdvPre_CopPre_EnumStem	AdvPre_CopPre_EnumStem
i_hluk_il_e	SC5_VRoot_Perf_VerbTerm	SC9_VRoot_Perf_VerbTerm	SC5_VRoot_Perf_VerbTerm	SC9_VRoot_Perf_VerbTerm
futh_i	Conj	VRoot_VerbTerm	Conj	VRoot_VerbTerm
i_ne_zin_gqinamb_a	BPre9_AdvPre_NPrePre10_BPre10_NStem	SC9_AdvPre_BPre10_VRoot_VerbTerm	BPre9_AdvPre_NPrePre10_BPre10_NStem	SC9_AdvPre_BPre10_VRoot_VerbTerm
na_ma_phuzu	NPre6_NPrePre6_BPre6_NStem	AdvPre_BPre6_NStem	NPre6_NPrePre6_BPre6_NStem	AdvPre_BPre6_NStem
a_yo	PossConc6_PronStem9	PossConc6_PronStem9	PossConc6_PronStem9	PossConc6_PronStem9
oku_m_el_e	RelConc15_VRoot_ApplExt_VerbTerm	RelConc15_VRoot_ApplExt_VerbTerm	RelConc15_VRoot_ApplExt_VerbTerm	RelConc15_VRoot_ApplExt_VerbTerm
ku_catshang_w_e	LocPre_NStem	SC15_VRoot_PassExt_VerbTerm	LocPre_NStem	SC15_VRoot_PassExt_VerbTerm
nga_wo	AdvPre_PronStem6	AdvPre_PronStem6	AdvPre_PronStem6	AdvPre_PronStem6
.	Punc	PUNC	Punc	PUNC
Ngakho__ke	Adv	AdvPre_Adv	Adv	Adv_Adv
ku_ding_ek_a	SC15_VRoot_NeutExt_VerbTerm	SC15_VRoot_NeutExt_VerbTerm	SC15_VRoot_NeutExt_VerbTerm	SC15_VRoot_NeutExt_VerbTerm
u_hlelo	NPrePre11_BPre11_NStem	NPrePre11_NStem	NPrePre11_BPre11_NStem	NPrePre11_NStem
olu_hluk_il_e	Past_Intrans_Perf_VerbTerm	RelConc11_VRoot_Perf_VerbTerm	Past_Intrans_Perf_VerbTerm	RelConc11_VRoot_Perf_VerbTerm
kwe_zi_nye	PossConc15_AdjPref8_AdjStem	PossConc15_AdjPref10_AdjStem	PossConc15_AdjPref8_AdjStem	PossConc15_AdjPref10_AdjStem
lo_ku_qed_el_a	PossConc5_NPrePre15_Intrans_VerbTerm	PossConc5_BPre15_VRoot_ApplExt_VerbTerm	PossConc5_NPrePre15_Intrans_VerbTerm	PossConc5_BPre15_VRoot_ApplExt_VerbTerm
i_phrojekthi	BPre5_NStem	NPrePre5_NStem	BPre5_NStem	NPrePre5_NStem
nge_m_pumelelo	AdvPre_BPre3_NStem	AdvPre_BPre3_Adv	AdvPre_BPre3_NStem	AdvPre_BPre3_Adv
.	Punc	PUNC	Punc	PUNC
Lo	Dem3_Pos1	CDEM03	Dem3_Pos1	CDEM03
m_fanekiso	NStem	BPre3_NStem	NStem	BPre3_NStem
o_nge_zansi	RelConc3_AdvPre_NPrePre5_NStem	RelConc3_AdvPre_NStem	RelConc3_AdvPre_NPrePre5_NStem	RelConc3_AdvPre_NStem
u_khomba	SC3_VRoot_VerbTerm	NPrePre1a_NStem	SC3_VRoot_VerbTerm	NPrePre1a_NStem
u_ku_hloban_a	NPrePre15_BPre15_VRoot_RecipExt_VerbTerm	NPrePre15_BPre15_VRoot_VerbTerm	NPrePre15_BPre15_VRoot_RecipExt_VerbTerm	NPrePre15_BPre15_VRoot_VerbTerm
oku_sondel_en_e	RelConc15_VRoot_RecipExt_Perf_VerbTerm	RelConc15_VRoot_RecipExt_VerbTerm	RelConc15_VRoot_RecipExt_Perf_VerbTerm	RelConc15_VRoot_RecipExt_VerbTerm
phakathi	Adv	Adv	Adv	Adv
ko_ku_kw_az_i	PossConc15_NPrePre15_BPre15_BPre15_NStem	PossConc15_BPre15_BPre15_VRoot_VerbTerm	PossConc15_NPrePre15_BPre15_BPre15_NStem	PossConc15_BPre15_BPre15_VRoot_VerbTerm
u_ku_sebenz_a	NPrePre15_BPre15_VRoot_VerbTerm	NPrePre15_BPre15_VRoot_VerbTerm	NPrePre15_BPre15_VRoot_VerbTerm	NPrePre15_BPre15_VRoot_VerbTerm
,	Punc	PUNC	Punc	PUNC
a_ma_thuba	NPrePre6_BPre6_NStem	NPrePre6_BPre6_NStem	NPrePre6_BPre6_NStem	NPrePre6_BPre6_NStem
ne_mi_sebenzi	AdvPre_NPrePre4_BPre4_NStem	AdvPre_BPre4_NStem	AdvPre_NPrePre4_BPre4_NStem	AdvPre_BPre4_NStem
e_m_phakath_ini	LocPre_BPre3_NStem_LocSuf	LocPre_BPre3_NStem_LocSuf	LocPre_BPre3_NStem_LocSuf	LocPre_BPre3_NStem_LocSuf
na_s_e_zi_mw_eni	AdvPre_PreLoc-s_LocPre_BPre10_NStem_LocSuf	AdvPre_PreLocs_LocPre_ReflPre_NStem_LocSuf	AdvPre_PreLoc-s_LocPre_BPre10_NStem_LocSuf	AdvPre_PreLocs_LocPre_ReflPre_NStem_LocSuf
zo_ku_phil_a	PossConc8_NPrePre15_BPre15_VRoot_VerbTerm	PossConc10_BPre15_VRoot_VerbTerm	PossConc8_NPrePre15_BPre15_VRoot_VerbTerm	PossConc8_NPrePre15_Intrans_VerbTerm
.	Punc	PUNC	Punc	PUNC
U_khomb_is_a	SC3_VRoot_CausExt_VerbTerm	SC3_VRoot_CausExt_VerbTerm	SC3_VRoot_CausExt_VerbTerm	SC3_VRoot_CausExt_VerbTerm
u_kuth_i	Conj	NPrePre15_VRoot_VerbTerm	Conj	NPrePre15_VRoot_VerbTerm
u_bu_holi	NPrePre14_BPre14_NStem	NPrePre14_BPre14_NStem	NPrePre14_BPre14_NStem	NPrePre14_BPre14_NStem
,	Punc	PUNC	Punc	PUNC
u_ku_b_a	Conj	NPrePre15_BPre15_VRoot_VerbTerm	Conj	NPrePre15_BPre15_VRoot_VerbTerm
y_i_s_akhamuzi	CopPre_NPrePre7_BPre7_NStem	CopPre_NPrePre7_BPre7_NStem	CopPre_NPrePre7_BPre7_NStem	CopPre_NPrePre7_BPre7_NStem
esi_sebenz_a	RelConc7_VRoot_VerbTerm	RelConc7_VRoot_VerbTerm	RelConc7_VRoot_VerbTerm	RelConc7_VRoot_VerbTerm
ka_nzima	AdvPre_Adv	AdvPre_Adv	AdvPre_Adv	AdvPre_Adv
n_o_hulumeni	AdvPre_NPrePre1a_NStem	AdvPre_NPrePre2a_NStem	AdvPre_NPrePre1a_NStem	AdvPre_NPrePre2a_NStem
o_phumelel_a_yo	RelConc1_VRoot_VerbTerm_RelSuf	RelConc3_Intrans_VerbTerm_RelSuf	RelConc1_VRoot_VerbTerm_RelSuf	RelConc3_Intrans_VerbTerm_RelSuf
ku_nga_siz_a	SC15_Pot_VRoot_VerbTerm	SC15_Pot_VRoot_VerbTerm	SC15_Pot_VRoot_VerbTerm	SC15_Pot_VRoot_VerbTerm
u_ku_leth_a	NPrePre15_BPre15_VRoot_VerbTerm	NPrePre15_BPre15_VRoot_VerbTerm	NPrePre15_BPre15_VRoot_VerbTerm	NPrePre15_BPre15_VRoot_VerbTerm
i_ntuthuko	BPre9_NStem	NPrePre9_NStem	BPre9_NStem	NPrePre9_NStem
e_n_dawe_ni	LocPre_BPre9_NStem_LocSuf	LocPre_BPre9_NStem_LocSuf	LocPre_BPre9_NStem_LocSuf	LocPre_BPre9_NStem_LocSuf
e_no_m_phakathi	RelConc9_AdvPre_NPrePre3_BPre3_Adv	RelConc9_AdvPre_BPre3_NStem	RelConc9_AdvPre_NPrePre3_BPre3_Adv	RelConc9_AdvPre_BPre3_Adv
o_xhumen_e	RelConc3_VRoot_Perf_VerbTerm	RelConc3_VRoot_VerbTerm	RelConc3_VRoot_Perf_VerbTerm	RelConc3_VRoot_VerbTerm
.	Punc	PUNC	Punc	PUNC
I_mi_hlahlandlel_a	NPrePre4_BPre4_NStem	NPrePre4_BPre4_Intrans_VerbTerm	NPrePre4_BPre4_NStem	NPrePre4_BPre4_VRoot_VerbTerm
:	Punc	PUNC	Punc	PUNC
I_n_qalasizinda	NPrePre9_BPre9_NStem	NPrePre9_BPre9_NStem	NPrePre9_BPre9_NStem	NPrePre9_BPre9_NStem
Evikel_ek_il_e	RelConc9_VRoot_NPas_Perf_VerbTerm	VRoot_NeutExt_Perf_VerbTerm	RelConc9_VRoot_NPas_Perf_VerbTerm	VRoot_NeutExt_Perf_VerbTerm
Ka_masipala	ExclNeg_NStem	PossKA_NStem	ExclNeg_NStem	PossKA_NStem
No_ku_hlinzek_w_a	AdvPre_BPre15_VRoot_NeutExt_PassExt_VerbTerm	AdvPre_BPre15_VRoot_PassExt_VerbTerm	AdvPre_BPre15_VRoot_NeutExt_PassExt_VerbTerm	AdvPre_BPre15_VRoot_PassExt_VerbTerm
Nge_zin_sizakalo	AdvPre_NPrePre10_BPre10_NStem	AdvPre_BPre10_NStem	AdvPre_NPrePre10_BPre10_NStem	AdvPre_BPre10_NStem
,	Punc	PUNC	Punc	PUNC
ka__1	ExclNeg_Num	ExclNeg_Num	ExclNeg_Num	ExclNeg_Num
E_preli	LocPre_NStem	LocPre_BPre9	LocPre_NStem	LocPre_NStem
20_07	Num	NUM_Num	Num	Num_Num
y_i_mi_hlahlandlel_a	CopPre_BPre4_NStem	CopPre_NPrePre4_BPre4_VRoot_VerbTerm	CopPre_BPre4_NStem	CopPre_NPrePre4_BPre4_VRoot_VerbTerm
e_y_enz_el_w_e	RelConc9_CopPre_VRoot_ApplExt_PassExt_VerbTerm	RelConc9_CopPre_VRoot_ApplExt_PassExt_VerbTerm	RelConc9_CopPre_VRoot_ApplExt_PassExt_VerbTerm	RelConc9_CopPre_VRoot_ApplExt_PassExt_VerbTerm
u_ku_siz_a	NPrePre15_BPre15_VRoot_VerbTerm	NPrePre15_BPre15_VRoot_VerbTerm	NPrePre15_BPre15_VRoot_VerbTerm	NPrePre15_BPre15_VRoot_VerbTerm
u_hulumeni	NPrePre1a_NStem	NPrePre1a_NStem	NPrePre1a_NStem	NPrePre1a_NStem
u_kw_enz_a	NPrePre15_BPre15_VRoot_VerbTerm	NPrePre15_BPre15_VRoot_VerbTerm	NPrePre15_BPre15_VRoot_VerbTerm	NPrePre15_BPre15_VRoot_VerbTerm
i_si_bopho	NPrePre7_BPre7_NStem	NPrePre7_BPre7_NStem	NPrePre7_BPre7_NStem	NPrePre7_BPre7_NStem
sa_wo	PossConc7_PronStem6	PossConc7_PronStem6	PossConc7_PronStem6	PossConc7_PronStem6
so_m_thethosisekelo	PossConc7_NPrePre3_BPre3_NStem	PossConc7_BPre3_NStem	PossConc7_NPrePre3_BPre3_NStem	PossConc7_BPre3_NStem
so_ku_leth_a	PossConc7_NPrePre15_Intrans_VerbTerm	PossConc7_BPre15_VRoot_VerbTerm	PossConc7_NPrePre15_Intrans_VerbTerm	PossConc7_BPre15_VRoot_VerbTerm
i_zin_sizakalo	NPrePre10_BPre10_NStem	NPrePre10_BPre10_NStem	NPrePre10_BPre10_NStem	NPrePre10_BPre10_NStem
zansuku_zo_nke	PossConc8_NStem	QuantConc8_QuantConc8_QuantStem	PossConc8_NStem	QuantStem_QuantConc8_QuantStem
.	Punc	PUNC	Punc	PUNC
Lokhu	Dem15_Pos1	CDEM15	Dem15_Pos1	CDEM15
kw_enz_iw_a	SC15_VRoot_PassExt_VerbTerm	SC15_VRoot_PassExt_VerbTerm	SC15_VRoot_PassExt_VerbTerm	SC15_VRoot_PassExt_VerbTerm
ne_qembu	AdvPre_NPrePre5_NStem	AdvPre_NStem	AdvPre_NPrePre5_NStem	AdvPre_NStem
lo_m_phakathi	PossConc5_NPrePre3_BPre3_Adv	PossConc5_BPre3_Adv	PossConc5_NPrePre3_BPre3_Adv	PossConc5_BPre3_NStem
eli_xub_il_e	RelConc5_VRoot_Perf_VerbTerm	RelConc5_VRoot_Perf_VerbTerm	RelConc5_VRoot_Perf_VerbTerm	RelConc5_VRoot_Perf_VerbTerm
ngo_ku_banzi	AdvPre_NPrePre15_BPre15_RelStem	AdvPre_BPre15_NStem	AdvPre_NPrePre15_BPre15_RelStem	AdvPre_BPre15_NStem
futh_i	Conj	VRoot_VerbTerm	Conj	VRoot_VerbTerm
ku_wu_hlobo	BPre15_CopPre_NPrePre11_NStem	LocPre_CopPre_NStem	BPre15_CopPre_NPrePre11_NStem	LocPre_CopPre_NStem
olu_th_ile	RelConc11_VRoot_Perf	RelConc11_VRoot_Perf	RelConc11_VRoot_Perf	RelConc11_VRoot_Perf
lwa_ma_su	PossConc11_NPrePre6_BPre6_NStem	PossConc11_BPre6_NStem	PossConc11_NPrePre6_BPre6_NStem	PossConc11_BPre6_NStem
.	Punc	PUNC	Punc	PUNC
Ku_dons_a	SC15_VRoot_VerbTerm	SC15_VRoot_VerbTerm	SC15_VRoot_VerbTerm	SC15_VRoot_VerbTerm
a_ma_hora	NPrePre6_BPre6_NStem	NPrePre6_BPre6_NStem	NPrePre6_BPre6_NStem	NPrePre6_BPre6_NStem
a_ma_bili	AdjPref6_AdjStem	NPrePre6_BPre6_AdjStem	AdjPref6_AdjStem	NPrePre6_BPre6_AdjStem
kanti	Conj	Conj	Conj	Conj
u_m_dwebo	NPrePre3_BPre3_NStem	NPrePre3_BPre3_NStem	NPrePre3_BPre3_NStem	NPrePre3_BPre3_NStem
u_setshenz_is_el_w_a	SC3_VRoot_CausExt_ApplExt_PassExt_VerbTerm	SC3_VRoot_CausExt_ApplExt_PassExt_VerbTerm	SC3_VRoot_CausExt_ApplExt_PassExt_VerbTerm	SC3_VRoot_CausExt_ApplExt_PassExt_VerbTerm
u_ku_qed_el_a	NPrePre15_BPre15_VRoot_ApplExt_VerbTerm	NPrePre15_BPre15_VRoot_ApplExt_VerbTerm	NPrePre15_BPre15_VRoot_ApplExt_VerbTerm	NPrePre15_BPre15_VRoot_ApplExt_VerbTerm
I_khasi	NPrePre5_BPre5_NStem	NPrePre5_BPre5	NPrePre5_BPre5_NStem	NPrePre5_BPre5
lo_ku_hlaziy_a	PossConc5_NPrePre15_BPre15_VRoot_VerbTerm	PossConc5_BPre15_VRoot_VerbTerm	PossConc5_NPrePre15_BPre15_VRoot_VerbTerm	PossConc5_BPre15_VRoot_VerbTerm
.	Punc	PUNC	Punc	PUNC
A_ya_z_i	SC6_CopPre_VRoot_VerbTerm	SC6_Pres_VRoot_VerbTerm	SC6_CopPre_VRoot_VerbTerm	SC6_Pres_VRoot_VerbTerm
nge_ntuthuko	AdvPre_NPrePre9_BPre9_NStem	AdvPre_NStem	AdvPre_NPrePre9_BPre9_NStem	AdvPre_NStem
e_y_enz_ek_a	RelConc9_CopPre_VRoot_NeutExt_VerbTerm	RelConc9_CopPre_VRoot_NeutExt_VerbTerm	RelConc9_CopPre_VRoot_NeutExt_VerbTerm	RelConc4_CopPre_VRoot_NeutExt_VerbTerm
kwa_ba_nye	PossConc15_AdjPref2_AdjStem	LocPre_AdjPref2_AdjStem	PossConc15_AdjPref2_AdjStem	LocPre_AdjPref2_AdjStem
o_masipala	NPrePre2a_NStem	NPrePre2a_NStem	NPrePre2a_NStem	NPrePre2a_NStem
_	Punc		Punc	
a_fund_e	SC1_VRoot_VerbTerm	SC6_VRoot_VerbTerm	SC1_VRoot_VerbTerm	SC6_VRoot_VerbTerm
e_mi_bone_ni	RelConc9_BPre4_VRoot_VerbTerm_RecipExt_VerbTerm	LocPre_BPre4_NStem_LocSuf	RelConc9_BPre4_VRoot_VerbTerm_RecipExt_VerbTerm	LocPre_BPre4_NStem_LocSuf
ya_bo	PossConc9_PronStem2	PossConc9_PronStem2	PossConc9_PronStem2	PossConc9_PronStem2
labo	Dem2_Pos2	CDEM02	Dem2_Pos2	CDEM02
masipala	NStem	NStem	NStem	NStem
ka_nye	AdvPre_AdjStem	AdvPre_AdjStem	AdvPre_AdjStem	AdvPre_AdjStem
na_ku_lokho	AdvPre_BPre15_NStem	AdvPre_BPre15_NStem	AdvPre_BPre15_NStem	AdvPre_BPre15_NStem
aba_hlangabez_an_a	RelConc2_VRoot_RecipExt_VerbTerm	RelConc2_VRoot_RecipExt_VerbTerm	RelConc2_VRoot_RecipExt_VerbTerm	RelConc2_VRoot_RecipExt_VerbTerm
na_kho	AdvPre_PronStem15	AdvPre_PronStem15	AdvPre_PronStem15	AdvPre_PronStem15
.	Punc	PUNC	Punc	PUNC
Kuze	Conj	Conj	Conj	Conj
ku_be	Adv	SC15_AuxVStem	Adv	SC15_AuxVStem
manje	Adv	Adv	Adv	Adv
okw_enz_ek_a	RelConc15_VRoot_NeutExt_VerbTerm	RelConc15_VRoot_NeutExt_VerbTerm	RelConc15_VRoot_NeutExt_VerbTerm	RelConc15_VRoot_NeutExt_VerbTerm
kwa_ma_nye	LocPre_AdjPref6_AdjStem	PossConc15_AdjPref6_AdjStem	LocPre_AdjPref6_AdjStem	PossConc15_AdjPref6_AdjStem
a_ma_zwe	NPrePre6_BPre6_NStem	NPrePre6_BPre6_NStem	NPrePre6_BPre6_NStem	NPrePre6_BPre6_NStem
ku_be	SC15_AuxVStem	SC15_AuxVStem	SC15_AuxVStem	SC15_AuxVStem
no_m_thelel_a	AdvPre_BPre3_ApplExt_VerbTerm	AdvPre_BPre3_VRoot_VerbTerm	AdvPre_BPre3_ApplExt_VerbTerm	AdvPre_BPre3_VRoot_VerbTerm
e_ma_thube_ni	LocPre_BPre6_NStem_LocSuf	LocPre_BPre6_NStem_LocSuf	LocPre_BPre6_NStem_LocSuf	LocPre_BPre6_NStem_LocSuf
a_ma_ningi	AdjPref6_AdjStem	NPrePre6_BPre6_AdjStem	AdjPref6_AdjStem	NPrePre6_BPre6_NStem
oku_lahlek_el_w_a	RelConc15_VRoot_NPas_ApplExt_PassExt_VerbTerm	RelConc15_VRoot_ApplExt_PassExt_VerbTerm	RelConc15_VRoot_NPas_ApplExt_PassExt_VerbTerm	RelConc15_VRoot_ApplExt_PassExt_VerbTerm
ka_nye	Conj	AdvPre_AdjStem	Conj	AdvPre_AdjStem
na_s_e_zin_kinge_ni	AdvPre_PreLoc-s_LocPre_BPre8_BPre9_NStem_LocSuf	AdvPre_PreLocs_LocPre_BPre10_NStem_LocSuf	AdvPre_PreLoc-s_LocPre_BPre8_BPre9_NStem_LocSuf	AdvPre_PreLocs_LocPre_BPre10_NStem_LocSuf
ze_zin_daba	PossConc8_BPre10_NStem	PossConc8_BPre10_NStem	PossConc8_BPre10_NStem	PossConc10_BPre10_NStem
zo_m_hlaba	PossConc8_NPrePre3_BPre3_NStem	PossConc8_BPre3_NStem	PossConc8_NPrePre3_BPre3_NStem	PossConc8_BPre3_NStem
_	Punc		Punc	
ku_suk_el_a	SC15_VRoot_ApplExt_VerbTerm	SC15_VRoot_ApplExt_VerbTerm	SC15_VRoot_ApplExt_VerbTerm	SC15_VRoot_ApplExt_VerbTerm
ezi_maketh_e	RelConc10_NStem	RelConc10_Intrans_VerbTerm	RelConc10_NStem	RelConc10_Intrans_VerbTerm
ze_zi_mali	PossConc8_NPrePre8_BPre8_NStem	PossConc8_BPre10_NStem	PossConc8_NPrePre8_BPre8_NStem	PossConc8_BPre10_NStem
ezi_nga_simem_e	RelConc8_NegPre_AdjStem	RelConc8_AdvPre_VRoot_VerbTerm	RelConc8_NegPre_AdjStem	RelConc10_AdvPre_VRoot_VerbTerm
,	Punc	PUNC	Punc	PUNC
ku_ye	LocPre_PronStem1	LocPre_PronStem1	LocPre_PronStem1	LocPre_PronStem1
e_ku_hamb_e_ni	LocPre_NPrePre15_BPre15_VRoot_VerbTerm_LocSuf	LocPre_BPre15_VRoot_VerbTerm_LocSuf	LocPre_NPrePre15_BPre15_VRoot_VerbTerm_LocSuf	LocPre_BPre15_VRoot_VerbTerm_LocSuf
kwa_ba_ntu	PossConc15_NPrePre2_BPre2_NStem	PossConc15_BPre2_NStem	PossConc15_NPrePre2_BPre2_NStem	PossConc15_BPre2_NStem
aba_na_ma_khono	RelConc2_AdvPre_NPrePre6_BPre6_NStem	RelConc2_AdvPre_BPre6_NStem	RelConc2_AdvPre_NPrePre6_BPre6_NStem	RelConc2_AdvPre_BPre6_NStem
ba_shiy_e	CopPre_Intrans_VerbTerm	SC2_VRoot_VerbTerm	CopPre_Intrans_VerbTerm	SC2_VRoot_VerbTerm
a_ma_zwe	NPrePre6_BPre6_NStem	NPrePre6_BPre6_NStem	NPrePre6_BPre6_NStem	NPrePre6_BPre6_NStem
a_sa_thuthuk_a	SC6_ProgPre_VRoot_VerbTerm	SC6_ProgPre_VRoot_VerbTerm	SC6_ProgPre_VRoot_VerbTerm	SC6_ProgPre_VRoot_VerbTerm
,	Punc	PUNC	Punc	PUNC
ku_ye	LocPre_PronStem1	LocPre_PronStem1	LocPre_PronStem1	LocPre_PronStem1
e_ku_guquke_ni	LocPre_NPre15_VRoot_VerbTerm_LocSuf	LocPre_BPre15_NStem_LocSuf	LocPre_NPre15_VRoot_VerbTerm_LocSuf	LocPre_BPre15_NStem_LocSuf
ko_bu_dlelwane	PossConc15_BPre14_NStem	PossConc15_BPre14_NStem	PossConc15_BPre14_NStem	PossConc15_BPre14_NStem
ba_ma_ndla	PossConc2a_NPrePre6_BPre6_NStem	PossConc2_BPre6_NStem	PossConc2a_NPrePre6_BPre6_NStem	PossConc2_BPre6_NStem
phakathi	Adv	Adv	Adv	Adv
kwe_mi_buso	PossConc15_NPrePre4_BPre4_NStem	PossConc15_BPre4_NStem	PossConc15_NPrePre4_BPre4_NStem	PossConc15_BPre4_NStem
ne_zi_mali	AdvPre_NPrePre10_BPre10_NStem	AdvPre_BPre10_NStem	AdvPre_NPrePre10_BPre10_NStem	AdvPre_BPre10_NStem
.	Punc	PUNC	Punc	PUNC
Ngenxa	Conj	Adv	Conj	Adv
ya_lezi	PossConc9_Dem10_Pos1	PossConc4_NStem	PossConc9_Dem10_Pos1	PossConc9_NStem
zi_mo	BPre8_NStem	BPre8_NStem	BPre8_NStem	BPre8_NStem
,	Punc	PUNC	Punc	PUNC
u_ku_shona	NPrePre15_BPre15_VRoot_VerbTerm	NPrePre15_BPre15_NStem	NPrePre15_BPre15_VRoot_VerbTerm	NPrePre15_BPre15_NStem
phansi	Adv	Adv	Adv	Adv
ko_m_notho	PossConc15_NPrePre3_BPre3_NStem	PossConc15_BPre3_NStem	PossConc15_NPrePre3_BPre3_NStem	PossConc15_BPre3_NStem
wa_manje	PossConc1_Adv	PossConc3_Adv	PossConc1_Adv	PossConc1_Adv
e_ma_zwe_ni	LocPre_NPrePre6_BPre6_NStem_LocSuf	LocPre_BPre6_NStem_LocSuf	LocPre_NPrePre6_BPre6_NStem_LocSuf	LocPre_BPre6_NStem_LocSuf
a_se_thuthuk_il_e	SC6_Past_VRoot_Perf_VerbTerm	SC6_Past_VRoot_Perf_VerbTerm	SC6_Past_VRoot_Perf_VerbTerm	SC6_Past_VRoot_Perf_VerbTerm
ku_leth_a	BPre17_VRoot_VerbTerm	SC15_VRoot_VerbTerm	BPre17_VRoot_VerbTerm	SC15_VRoot_VerbTerm
i_n_gozi	NPrePre9_BPre9_NStem	NPrePre9_BPre9_NStem	NPrePre9_BPre9_NStem	NPrePre9_BPre9_NStem
e_nkulu	AdjPref9_AdjStem	RelConc9_AdjStem	AdjPref9_AdjStem	RelConc9_RelStem
e_ma_zwe_ni	LocPre_NPrePre6_BPre6_NStem_LocSuf	LocPre_BPre6_NStem_LocSuf	LocPre_NPrePre6_BPre6_NStem_LocSuf	LocPre_BPre6_NStem_LocSuf
a_sa_thuthuk_a	SC6_ProgPre_VRoot_VerbTerm	SC6_ProgPre_VRoot_VerbTerm	SC6_ProgPre_VRoot_VerbTerm	SC6_ProgPre_VRoot_VerbTerm
.	Punc	PUNC	Punc	PUNC
U_ku_qaph_a	NPrePre15_BPre15_NStem	NPrePre15_BPre15_VRoot_VerbTerm	NPrePre15_BPre15_NStem	NPrePre15_BPre15_VRoot_VerbTerm
no_ku_lingan_is_a	AdvPre_BPre15_VRoot_CausExt_VerbTerm	AdvPre_BPre15_VRoot_CausExt_VerbTerm	AdvPre_BPre15_VRoot_CausExt_VerbTerm	AdvPre_BPre15_VRoot_CausExt_VerbTerm
u_ku_sebenz_a	NPrePre15_BPre15_VRoot_VerbTerm	NPrePre15_BPre15_VRoot_VerbTerm	NPrePre15_BPre15_VRoot_VerbTerm	NPrePre15_BPre15_VRoot_VerbTerm
.	Punc	PUNC	Punc	PUNC
Bhek_a	VRoot_VerbTerm	VRoot_VerbTerm	VRoot_VerbTerm	VRoot_VerbTerm
le	Dem4_Pos1	CDEM09	Dem4_Pos1	CDEM09
mi_buzo	BPre4_NStem	BPre4_NStem	BPre4_NStem	BPre4_NStem
e_landel_a_yo	RelConc4_VRoot_VerbTerm_RelSuf	RelConc4_VRoot_VerbTerm_RelSuf	RelConc4_VRoot_VerbTerm_RelSuf	RelConc4_VRoot_VerbTerm_RelSuf
.	Punc	PUNC	Punc	PUNC
Ku_s_e_m_qoka	BPre15_PreLoc-s_LocPre_BPre3_NStem	BPre15_PreLocs_LocPre_BPre3_NStem	BPre15_PreLoc-s_LocPre_BPre3_NStem	BPre15_PreLocs_LocPre_BPre3_NStem
futh_i	Conj	VRoot_VerbTerm	Conj	VRoot_VerbTerm
u_ku_qinis_ek_is_a	NPrePre15_BPre15_VRoot_CausExt_VerbTerm	NPrePre15_BPre15_VRoot_NeutExt_CausExt_VerbTerm	NPrePre15_BPre15_VRoot_CausExt_VerbTerm	NPrePre15_BPre15_VRoot_NeutExt_CausExt_VerbTerm
u_kuth_i	Conj	SC1_VRoot_VerbTerm	Conj	NPrePre15_BPre15_VerbTerm
u_mu_ntu	NPrePre1_BPre1_NStem	NPrePre1_BPre1_NStem	NPrePre1_BPre1_NStem	NPrePre1_BPre1_NStem
o_th_ile	RelConc3_VRoot_Perf	RelConc3_VRoot_Perf	RelConc3_VRoot_Perf	RelConc3_VRoot_Perf
u_ne_si_bopho	BPre1_AdvPre_NPrePre7_BPre7_NStem	RelConc3_CopPre_BPre7_NStem	BPre1_AdvPre_NPrePre7_BPre7_NStem	RelConc3_AdvPre_BPre7_NStem
so_ku_lungis_elel_a	PossConc7_NPrePre15_BPre15_VRoot_ApplExt_VerbTerm	PossConc7_BPre15_VRoot_IntensExt_VerbTerm	PossConc7_NPrePre15_BPre15_VRoot_ApplExt_VerbTerm	PossConc7_BPre15_VRoot_IntensExt_VerbTerm
lolu	Dem11_Pos1	CDEM11	Dem11_Pos1	CDEM11
hlelo	NStem	NStem	NStem	NStem
u_ku_gwem_a	NPrePre15_BPre15_VRoot_VerbTerm	NPrePre15_BPre15_VRoot_VerbTerm	NPrePre15_BPre15_VRoot_VerbTerm	NPrePre15_BPre15_VRoot_VerbTerm
i_si_mo	NPrePre7_BPre7_NStem	NPrePre7_BPre7_NStem	NPrePre7_BPre7_NStem	NPrePre7_BPre7_NStem
lapho	Conj	Conj	Conj	Conj
ku_nge_kho	SC15_NegPre_Adv	SC15_NegPre_Adv	SC15_NegPre_Adv	SC15_NegPre_Adv
mu_ntu	BPre1_NStem	BPre1_NStem	BPre1_NStem	BPre1_NStem
o_thath_a	RelConc1_VRoot_VerbTerm	RelConc1_VRoot_VerbTerm	RelConc1_VRoot_VerbTerm	RelConc1_VRoot_VerbTerm
i_si_bopho	NPrePre7_BPre7_NStem	NPrePre7_BPre7_NStem	NPrePre7_BPre7_NStem	NPrePre7_BPre7_NStem
esi_qond_il_e	RelConc7_VRoot_Perf_VerbTerm	RelConc7_Intrans_Perf_VerbTerm	RelConc7_VRoot_Perf_VerbTerm	RelConc7_Intrans_Perf_VerbTerm
so_ku_lungis_elel_a	PossConc7_NPrePre15_BPre15_VRoot_ApplExt_VerbTerm	PossConc7_BPre15_VRoot_IntensExt_VerbTerm	PossConc7_NPrePre15_BPre15_VRoot_ApplExt_VerbTerm	PossConc7_BPre15_VRoot_IntensExt_VerbTerm
u_hlelo	NPrePre11_NStem	NPrePre11_NStem	NPrePre11_NStem	NPrePre11_NStem
.	Punc	PUNC	Punc	PUNC
Qinis_a	VRoot_VerbTerm	VRoot_VerbTerm	VRoot_VerbTerm	VRoot_VerbTerm
i_mi_sebenzi_ngqangi	NPrePre4_BPre4_NStem	NPrePre4_BPre4_NStem_NStem	NPrePre4_BPre4_NStem	NPrePre4_BPre4_NStem_NStem
ye_zo_ku_nakekel_w_a	PossConc4_Fut_BPre15_VRoot_PassExt_VerbTerm	PossConc9_PossConc10_BPre15_VRoot_PassExt_VerbTerm	PossConc4_Fut_BPre15_VRoot_PassExt_VerbTerm	PossConc9_PossConc10_BPre15_VRoot_PassExt_VerbTerm
ngo_kwe_ze_m_pilo	AdvPre_NPrePre15_PossConc15_PossConc10_BPre3_NStem	AdvPre_PossConc15_PossConc10_BPre3_NStem	AdvPre_NPrePre15_PossConc15_PossConc10_BPre3_NStem	AdvPre_PossConc15_PossConc10_BPre3_NStem
no_ku_sabalal_is_a	AdvPre_NPrePre15_BPre15_VRoot_CausExt_VerbTerm	AdvPre_BPre15_VRoot_CausExt_VerbTerm	AdvPre_NPrePre15_BPre15_VRoot_CausExt_VerbTerm	AdvPre_BPre15_VRoot_CausExt_VerbTerm
i_zin_hlelo	NPrePre10_BPre10_NStem	NPrePre10_BPre10_NStem	NPrePre10_BPre10_NStem	NPrePre10_BPre10_NStem
ze_ze_m_pilo	PossConc10_Pas_BPre3_NStem	PossConc10_PossConc10_BPre3_NStem	PossConc10_Pas_BPre3_NStem	PossConc8_BPre8_BPre3_NStem
ezi_zinz_e	RelConc10_VRoot_VerbTerm	RelConc10_VRoot_VerbTerm	RelConc10_VRoot_VerbTerm	RelConc10_VRoot_VerbTerm
ezi_funde_ni	LocPre_BPre8_NStem_LocSuf	RelConc8_NStem_LocSuf	LocPre_BPre8_NStem_LocSuf	RelConc8_NStem_LocSuf
,	Punc	PUNC	Punc	PUNC
ezi_fan_a	RelConc10_VRoot_VerbTerm	RelConc10_VRoot_VerbTerm	RelConc10_VRoot_VerbTerm	RelConc10_VRoot_VerbTerm
na_ba_sebenzi	AdvPre_NPrePre2_BPre2_NStem	AdvPre_BPre2_NStem	AdvPre_NPrePre2_BPre2_NStem	AdvPre_BPre2_NStem
be_ze_m_pilo	PossConc2_NPrePre9_BPre10_NPrePre9_BPre3_NStem	PossConc2_BPre8_BPre3_NStem	PossConc2_NPrePre9_BPre10_NPrePre9_BPre3_NStem	PossConc2_PossConc8_BPre3_NStem
ba_s_e_m_phakath_ini	PossConc2_PreLoc-s_LocPre_BPre3_NStem_LocSuf	PossConc2_PreLocs_LocPre_BPre3_NStem_LocSuf	PossConc2_PreLoc-s_LocPre_BPre3_NStem_LocSuf	PossConc2_PreLocs_LocPre_BPre3_NStem_LocSuf
ne_zin_hlelo	NPre10_NPrePre10_BPre10_NStem	NPre10_BPre10_NStem	NPre10_NPrePre10_BPre10_NStem	NPre10_BPre10_NStem
za_ba_belethisi	PossConc10_NPrePre2_BPre2_NStem	PossConc10_BPre2_NStem	PossConc10_NPrePre2_BPre2_NStem	PossConc10_BPre2_NStem
,	Punc	PUNC	Punc	PUNC
ne_zi_fundo	NPre10_NPrePre8_BPre8_NStem	AdvPre_BPre8_NStem	NPre10_NPrePre8_BPre8_NStem	AdvPre_BPre8_NStem
ze_ze_m_pilo	PossConc10_Pas_BPre3_NStem	PossConc8_PossConc10_BPre3_NStem	PossConc10_Pas_BPre3_NStem	PossConc8_PossConc8_BPre3_NStem
.	Punc	PUNC	Punc	PUNC
U_m_lamuli	NPrePre1_BPre1_ProperName	NPrePre1_BPre1_NStem	NPrePre1_BPre1_ProperName	NPrePre1_BPre1_NStem
ku_ding_ek_a	SC15_VRoot_NeutExt_VerbTerm	SC15_VRoot_NeutExt_VerbTerm	SC15_VRoot_NeutExt_VerbTerm	SC15_VRoot_NeutExt_VerbTerm
u_ku_b_a	Conj	NPrePre15_BPre15_VRoot_VerbTerm	Conj	NPrePre15_BPre15_VRoot_VerbTerm
a_hlaziy_e	SC6_Intrans_VerbTerm	SC6_Intrans_VerbTerm	SC6_Intrans_VerbTerm	SC6_Intrans_VerbTerm
i_ngxabano	NPrePre9_BPre9_NStem	NPrePre9_NStem	NPrePre9_BPre9_NStem	NPrePre9_NStem
.	Punc	PUNC	Punc	PUNC
I_komidi	NPrePre5_BPre5_NStem	NPrePre5_BPre5	NPrePre5_BPre5_NStem	NPrePre5_BPre5
le_si_gceme	Dem7_Pos1_NStem	PossConc5_BPre7_NStem	Dem7_Pos1_NStem	PossConc5_BPre7_NStem
ka_nye	AdvPre_AdjStem	AdvPre_AdjStem	AdvPre_AdjStem	AdvPre_AdjStem
na_ba_nye	AdvPre_AdjPref2_AdjStem	AdvPre_AdjPref2_AdjStem	AdvPre_AdjPref2_AdjStem	AdvPre_AdjPref2_AdjStem
aba_ntu	NPrePre2_BPre2_NStem	RelConc2_NStem	NPrePre2_BPre2_NStem	RelConc2_NStem
abano_ku_bandakany_w_a	RelConc2_AdvPre_BPre15_VRoot_PassExt_VerbTerm	RelConc2_BPre15_VRoot_PassExt_VerbTerm	RelConc2_AdvPre_BPre15_VRoot_PassExt_VerbTerm	RelConc2_BPre15_VRoot_PassExt_VerbTerm
e_ku_sebenze_ni	LocPre_NPrePre15_BPre15_VRoot_VerbTerm_LocSuf	LocPre_BPre15_VRoot_VerbTerm	LocPre_NPrePre15_BPre15_VRoot_VerbTerm_LocSuf	LocPre_BPre15_VRoot_VerbTerm
ko_hlelo	PossConc15_NPrePre11_BPre11_NStem	PossConc15_NStem	PossConc15_NPrePre11_BPre11_NStem	PossConc15_NStem
,	Punc	PUNC	Punc	PUNC
oku_hlangan_is_a	RelConc15_VRoot_CausExt_VerbTerm	RelConc15_VRoot_CausExt_VerbTerm	RelConc15_VRoot_CausExt_VerbTerm	RelConc15_VRoot_CausExt_VerbTerm
u_m_hlangano	NPrePre3_BPre3_NStem	NPrePre3_BPre3_NStem	NPrePre3_BPre3_NStem	NPrePre3_BPre3_NStem
wa_ba_mel_e	PossConc1a_NPre15_BPre15_VRoot_VerbTerm	PossConc3_BPre2_VRoot_VerbTerm	PossConc1a_NPre15_BPre15_VRoot_VerbTerm	PossConc3_BPre2_VRoot_VerbTerm
a_ma_qembu	NPrePre6_BPre6_NStem	NPrePre6_BPre6_NStem	NPrePre6_BPre6_NStem	NPrePre6_BPre6_NStem
oku_sebenz_a	RelConc15_VRoot_VerbTerm	RelConc15_VRoot_VerbTerm	RelConc15_VRoot_VerbTerm	RelConc15_VRoot_VerbTerm
ezi_nhloso	LocPre_NPrePre10_BPre10_NStem	RelConc8_NStem	LocPre_NPrePre10_BPre10_NStem	RelConc10_NStem
,	Punc	PUNC	Punc	PUNC
u_m_hlangano	NPrePre3_BPre3_NStem	NPrePre3_BPre3_NStem	NPrePre3_BPre3_NStem	NPrePre3_BPre3_NStem
wa_ma_hora	PossConc1a_NPrePre6_BPre6_NStem	PossConc3_BPre6_NStem	PossConc1a_NPrePre6_BPre6_NStem	PossConc1a_BPre6_NStem
a_ma_bili	AdjPref6_AdjStem	NPrePre6_BPre6_AdjStem	AdjPref6_AdjStem	NPrePre6_BPre6_AdjStem
ku_setshenz_is_w_a	SC15_VRoot_CausExt_PassExt_VerbTerm	SC15_VRoot_CausExt_PassExt_VerbTerm	SC15_VRoot_CausExt_PassExt_VerbTerm	SC15_VRoot_CausExt_PassExt_VerbTerm
i_methriksi	NPrePre9_NStem	NPrePre9_NStem	NPrePre9_NStem	NPrePre9_NStem
yo_hlelo	PossConc9_NPrePre11_BPre11_NStem	PossConc9_NStem	PossConc9_NPrePre11_BPre11_NStem	PossConc9_NStem
lo_ku_sebenz_a	PossConc11_NPrePre15_BPre15_VRoot_VerbTerm	PossConc11_BPre15_VRoot_VerbTerm	PossConc11_NPrePre15_BPre15_VRoot_VerbTerm	PossConc11_BPre15_VRoot_VerbTerm
u_ku_ba_siz_a	NPrePre15_BPre15_SC2_VRoot_VerbTerm	NPrePre15_BPre15_OC2_VRoot_VerbTerm	NPrePre15_BPre15_SC2_VRoot_VerbTerm	NPrePre15_BPre15_OC2_VRoot_VerbTerm
.	Punc	PUNC	Punc	PUNC
U_ku_banjw_a	NPrePre15_BPre15_NStem	NPrePre15_BPre15_VRoot_VerbTerm	NPrePre15_BPre15_NStem	NPrePre15_BPre15_VRoot_VerbTerm
kwe_qhaz_a	PossConc15_NStem	PossConc15_VRoot_VerbTerm	PossConc15_NStem	PossConc15_VRoot_VerbTerm
oku_hlel_ek_il_e	RelConc15_VRoot_NPas_Perf_VerbTerm	RelConc15_VRoot_NPas_Perf_VerbTerm	RelConc15_VRoot_NPas_Perf_VerbTerm	RelConc15_VRoot_NeutExt_Perf_VerbTerm
:	Punc	PUNC	Punc	PUNC
I_ningi	NPrePre9_BPre9_NStem	NPrePre9_BPre9	NPrePre9_BPre9_NStem	NPrePre9_BPre9
lo_masipala	PossConc5_NPrePre2a_NStem	PossConc5_NStem	PossConc5_NPrePre2a_NStem	PossConc11_NStem
ba_khulu	PossConc2_NStem	BPre2_AdjStem	PossConc2_NStem	BPre2_AdjStem
ka_khulu	AdvPre_AdjStem	AdvPre_AdjStem	AdvPre_AdjStem	AdvPre_AdjStem
mayela_na	NStem_DimSuf	NStem_DimSuf	NStem_DimSuf	NStem_DimSuf
no_ku_b_a	AdvPre_NPrePre15_BPre15_VRoot_VerbTerm	AdvPre_BPre15_VRoot_VerbTerm	AdvPre_NPrePre15_BPre15_VRoot_VerbTerm	AdvPre_BPre15_VRoot_VerbTerm
na_ba_ntu	AdvPre_NPrePre2_BPre2_NStem	AdvPre_BPre2_NStem	AdvPre_NPrePre2_BPre2_NStem	AdvPre_BPre2_NStem
aba_ningi	AdjPref2_AdjStem	AdjPref2_AdjStem	AdjPref2_AdjStem	AdjPref2_AdjStem
ka_nye	AdvPre_AdjStem	AdvPre_AdjStem	AdvPre_AdjStem	AdvPre_AdjStem
ne_n_dawo	AdvPre_NPrePre9_BPre9_NStem	AdvPre_BPre9_NStem	AdvPre_NPrePre9_BPre9_NStem	AdvPre_BPre9_NStem
e_nkulu	AdjPref9_AdjStem	AdjPref9_AdjStem	AdjPref9_AdjStem	RelConc4_RelStem
okw_enz_a	PossConc6_NPrePre15_BPre15_VRoot_VerbTerm	RelConc15_VRoot_VerbTerm	PossConc6_NPrePre15_BPre15_VRoot_VerbTerm	RelConc15_VRoot_VerbTerm
ku_nga_kw_az_ek_i	LocPre_AdvPre_BPre15_VRoot_NeutExt_VerbTerm	SC15_NegPre_BPre15_VRoot_NeutExt_VerbTerm	LocPre_AdvPre_BPre15_VRoot_NeutExt_VerbTerm	SC15_NegPre_BPre15_VRoot_NeutExt_VerbTerm
u_banjw_a	SC3_Intrans_VerbTerm	SC3_VRoot_VerbTerm	SC3_Intrans_VerbTerm	SC3_VRoot_VerbTerm
kwe_qhaz_a	PossConc15_NStem	SC15_VRoot_VerbTerm	PossConc15_NStem	PossConc15_VRoot_VerbTerm
ngqo	Ideoph	Ideoph	Ideoph	Ideoph
kw_eningi	PossConc15_NPrePre9_BPre9_NStem	LocPre_NStem	PossConc15_NPrePre9_BPre9_NStem	LocPre_NStem
le_z_akhamizi	Dem9_Pos1_NStem	PossConc5_BPre8_NStem	Dem9_Pos1_NStem	PossConc5_BPre8_NStem
ku_zin_qubo	LocPre_BPre9_NStem	LocPre_BPre10_NStem	LocPre_BPre9_NStem	LocPre_BPre10_NStem
ezi_phithene	RelConc8_Intrans_VerbTerm	RelConc8_NStem	RelConc8_Intrans_VerbTerm	RelConc8_NStem
zo_ku_hlel_a	PossConc10_NPrePre15_BPre15_VRoot_VerbTerm	PossConc10_BPre15_VRoot_VerbTerm	PossConc10_NPrePre15_BPre15_VRoot_VerbTerm	PossConc10_BPre15_VRoot_VerbTerm
.	Punc	PUNC	Punc	PUNC
U_ku_banjw_a	NPrePre15_BPre15_NStem	NPrePre15_BPre15_VRoot_VerbTerm	NPrePre15_BPre15_NStem	NPrePre15_BPre15_VRoot_VerbTerm
kwe_qhaz_a	PossConc15_NStem	PossConc15_VRoot_VerbTerm	PossConc15_NStem	SC15_VRoot_VerbTerm
o_hlelw_eni	RelConc3_NPrePre11_BPre11_NStem_LocSuf	LocPre_NStem_LocSuf	RelConc3_NPrePre11_BPre11_NStem_LocSuf	LocPre_NStem_LocSuf
lwe_ntuthuko	PossConc11_NPrePre9_BPre9_NStem	PossConc11_NStem	PossConc11_NPrePre9_BPre9_NStem	PossConc11_NStem
e_didiyel_w_e	RelConc9_VRoot_PassExt_VerbTerm	RelConc9_VRoot_PassExt_VerbTerm	RelConc9_VRoot_PassExt_VerbTerm	RelConc9_VRoot_PassExt_VerbTerm
,	Punc	PUNC	Punc	PUNC
ngakho__ke	Adv	Adv_Adv	Adv	Adv_Adv
ku_dinga	SC15_VRoot_VerbTerm	LocPre_NStem	SC15_VRoot_VerbTerm	LocPre_NStem
i_mi_thetho	NPrePre4_BPre4_NStem	NPrePre4_BPre4_NStem	NPrePre4_BPre4_NStem	NPrePre4_BPre4_NStem
ne_zin_qubo	AdvPre_NPrePre10_BPre10_NStem	AdvPre_BPre10_NStem	AdvPre_NPrePre10_BPre10_NStem	AdvPre_BPre10_NStem
oku_cac_il_e	RelConc15_Intrans_Perf_VerbTerm	RelConc15_Intrans_Perf_VerbTerm	RelConc15_Intrans_Perf_VerbTerm	RelConc15_VRoot_Perf_VerbTerm
oku_sh_o_yo	RelConc15_VRoot_VerbTerm_RelSuf	RelConc15_VRoot_VerbTerm_RelSuf	RelConc15_VRoot_VerbTerm_RelSuf	RelConc15_VRoot_VerbTerm_RelSuf
u_kuth_i	Conj	NPrePre15_VRoot_VerbTerm	Conj	NPrePre15_BPre15_VerbTerm
ng_u_bani	CopPre_NPrePre1a_Interrog	CopPre_NPrePre1_Interrog	CopPre_NPrePre1a_Interrog	CopPre_NPrePre1_Interrog
oku_m_el_e	RelConc15_VRoot_ApplExt_VerbTerm	RelConc15_VRoot_ApplExt_VerbTerm	RelConc15_VRoot_ApplExt_VerbTerm	RelConc15_VRoot_ApplExt_VerbTerm
abamb_e	RelConc2_Intrans_VerbTerm	VRoot_VerbTerm	RelConc2_Intrans_VerbTerm	VRoot_VerbTerm
i_qhaz_a	NPrePre5_BPre5_NStem	SC9_VRoot_VerbTerm	NPrePre5_BPre5_NStem	SC9_VRoot_VerbTerm
noma	Conj	Conj	Conj	Conj
oku_m_el_e	RelConc15_VRoot_ApplExt_VerbTerm	RelConc15_VRoot_ApplExt_VerbTerm	RelConc15_VRoot_ApplExt_VerbTerm	RelConc15_VRoot_ApplExt_VerbTerm
u_ku_b_a	Conj	NPrePre15_BPre15_VRoot_VerbTerm	Conj	NPrePre15_BPre15_VRoot_VerbTerm
ku_xox_is_w_ane	BPre17_VRoot_CausExt_PassExt_ApplExt_VerbTerm	SC15_VRoot_CausExt_PassExt_NegPre	BPre17_VRoot_CausExt_PassExt_ApplExt_VerbTerm	SC15_VRoot_CausExt_PassExt_RecipExt
na_ye	AdvPre_PronStem1	AdvPre_PronStem1	AdvPre_PronStem1	AdvPre_PronStem1
,	Punc	PUNC	Punc	PUNC
e_game_ni	LocPre_NPrePre5_BPre5_NStem_LocSuf	LocPre_NStem_LocSuf	LocPre_NPrePre5_BPre5_NStem_LocSuf	LocPre_NStem_LocSuf
lika_bani	BPre5_AdvPre_Interrog	PossConc5_Interrog	BPre5_AdvPre_Interrog	PossConc5_Interrog
,	Punc	PUNC	Punc	PUNC
nga_lu_phi	AdvPre_BPre5_Interrog	AdvPre_BPre11_Interrog	AdvPre_BPre5_Interrog	AdvPre_BPre11_Interrog
u_daba	NPrePre11_BPre11_NStem	NPrePre11_NStem	NPrePre11_BPre11_NStem	NPrePre11_NStem
,	Punc	PUNC	Punc	PUNC
ku_be	SC15_VRoot_VerbTerm	SC15_AuxVStem	SC15_VRoot_VerbTerm	SC15_AuxVStem
ku_setshenz_is_w_a	BPre17_NStem	SC15_VRoot_CausExt_PassExt_VerbTerm	BPre17_NStem	SC15_VRoot_CausExt_PassExt_VerbTerm
yi_phi	EnumConc9_EnumStem	CopPre_Interrog	EnumConc9_EnumStem	CopPre_Interrog
i_n_dlel_a	NPrePre9_BPre9_NStem	NPrePre9_BPre9_VRoot_VerbTerm	NPrePre9_BPre9_NStem	NPrePre9_BPre9_VRoot_VerbTerm
ye_n_hlangano	PossConc9_NPrePre9_BPre9_NStem	PossConc9_BPre9_NStem	PossConc9_NPrePre9_BPre9_NStem	PossConc9_BPre9_NStem
,	Punc	PUNC	Punc	PUNC
ku_be	SC15_VRoot_VerbTerm	SC15_AuxVStem	SC15_VRoot_VerbTerm	SC15_AuxVStem
ku_lindel_w_e	BPre15_NStem	SC15_VRoot_PassExt_VerbTerm	BPre15_NStem	SC15_VRoot_PassExt_VerbTerm
m_phumel_a	NStem	BPre3_Intrans_VerbTerm	NStem	SC2_VRoot_VerbTerm
muni	Interrog	Interrog	Interrog	Interrog
.	Punc	PUNC	Punc	PUNC
U_m_thethosisekelo	NPrePre3_BPre3_NStem	NPrePre3_BPre3_NStem	NPrePre3_BPre3_NStem	NPrePre3_BPre3_NStem
u_bek_a	SC3_VRoot_VerbTerm	SC1_VRoot_VerbTerm	SC3_VRoot_VerbTerm	SC3_VRoot_VerbTerm
i_zi_nto	NPrePre10_BPre10_NStem	NPrePre8_BPre10_NStem	NPrePre10_BPre10_NStem	NPrePre8_BPre10_NStem
ezim_bili	AdjPref10_AdjStem	AdjPref10_AdjStem	AdjPref10_AdjStem	AdjPref10_AdjStem
ezi_s_e_m_qoka	RelConc8_PreLoc-s_LocPre_BPre3_NStem	RelConc8_PreLocs_LocPre_BPre3_NStem	RelConc8_PreLoc-s_LocPre_BPre3_NStem	RelConc8_PreLocs_LocPre_BPre3_NStem
mayela_na	Adv	NStem_DimSuf	Adv	NStem_DimSuf
no_kw_enz_a	AdvPre_NPrePre15_BPre15_VRoot_VerbTerm	AdvPre_BPre15_VRoot_VerbTerm	AdvPre_NPrePre15_BPre15_VRoot_VerbTerm	AdvPre_BPre15_VRoot_VerbTerm
u_m_thetho	NPrePre3_BPre3_NStem	NPrePre3_BPre3_NStem	NPrePre3_BPre3_NStem	NPrePre3_BPre3_NStem
ka_masipala	PossKA_NStem	PossKA_NStem	PossKA_NStem	PossKA_NStem
.	Punc	PUNC	Punc	PUNC
Oko_ku_qal_a	RelConc15_NPrePre15_BPre15_VRoot_VerbTerm	RelConc15_BPre15_VRoot_VerbTerm	RelConc15_NPrePre15_BPre15_VRoot_VerbTerm	RelConc15_BPre15_VRoot_VerbTerm
u_m_thetho	NPrePre3_BPre3_NStem	NPrePre3_BPre3_NStem	NPrePre3_BPre3_NStem	NPrePre3_BPre3_NStem
ka_masipala	PossKA_NStem	PossKA_NStem	PossKA_NStem	PossKA_NStem
ku_fanel_e	SC15_VRoot_VerbTerm	SC15_VRoot_VerbTerm	SC15_VRoot_VerbTerm	SC15_VRoot_VerbTerm
u_be	SC3_AuxVStem	SC3_AuxVStem	SC3_AuxVStem	SC3_AuxVStem
no_xhaso	AdvPre_NPrePre11_NStem	AdvPre_NStem	AdvPre_NPrePre11_NStem	AdvPre_NStem
olu_phelel_e	RelConc11_VRoot_VerbTerm	RelConc11_VRoot_VerbTerm	RelConc11_VRoot_VerbTerm	RelConc11_VRoot_VerbTerm
lwa_ma_khansela	PossConc11_NPrePre6_BPre6_NStem	PossConc11_BPre6_NStem	PossConc11_NPrePre6_BPre6_NStem	PossConc11_BPre6_NStem
futh_i	Conj	VRoot_VerbTerm	Conj	VRoot_VerbTerm
okwe_si_bili	PossConc15_NPrePre7_BPre7_AdjStem	RelConc15_BPre7_AdjStem	PossConc15_NPrePre7_BPre7_AdjStem	RelConc15_BPre7_AdjStem
,	Punc	PUNC	Punc	PUNC
u_m_phakathi	NPrePre3_BPre3_Adv	NPrePre3_BPre3_NStem	NPrePre3_BPre3_Adv	NPrePre3_BPre3_NStem
ku_fanel_e	SC15_VRoot_VerbTerm	SC15_VRoot_VerbTerm	SC15_VRoot_VerbTerm	SC15_VRoot_VerbTerm
u_be	SC3_AuxVStem	SC3_AuxVStem	SC3_AuxVStem	SC3_AuxVStem
ne_thuba	AdvPre_NPrePre5_NStem	AdvPre_NStem	AdvPre_NPrePre5_NStem	AdvPre_NStem
lo_kuba	PossConc5_Conj	PossConc5_Conj	PossConc5_Conj	PossConc5_Conj
no_vo	AdvPre_NPrePre11_NStem	AdvPre_NStem	AdvPre_NPrePre11_NStem	AdvPre_NStem
lwa_wo	PossConc11_PronStem3	PossConc11_PronStem3	PossConc11_PronStem3	PossConc11_PronStem3
mayela_na	Adv	NStem_DimSuf	Adv	NStem_DimSuf
na_lowo	AdvPre_Dem3_Pos2	AdvPre_PronStem5	AdvPre_Dem3_Pos2	AdvPre_CDEM01
m_thetho	BPre3_NStem	BPre3_NStem	BPre3_NStem	BPre3_NStem
ka_masipala	PossKA_NStem	PossKA_NStem	PossKA_NStem	PossKA_NStem
.	Punc	PUNC	Punc	PUNC
I_zi_nhlaka	NPrePre10_BPre10_NStem	NPrePre10_BPre10_NStem	NPrePre10_BPre10_NStem	NPrePre10_BPre10_NStem
ezi_khona	RelConc8_Adv	RelConc8_Adv	RelConc8_Adv	RelConc8_Adv
esi_gceme_ni	RelConc7_NStem_LocSuf	RelConc7_NStem_LocSuf	RelConc7_NStem_LocSuf	RelConc7_NStem_LocSuf
zi_ya_nxus_w_a	SC8_Pres_Intrans_VerbTerm	SC8_Pres_Intrans_PassExt_VerbTerm	SC8_Pres_Intrans_VerbTerm	SC8_Pres_Intrans_PassExt_VerbTerm
u_kuth_i	Conj	SC1_VRoot_VerbTerm	Conj	NPrePre15_BPre15_VerbTerm
zi_thum_el_e	SC8_VRoot_ApplExt_VerbTerm	SC8_VRoot_ApplExt_VerbTerm	SC8_VRoot_ApplExt_VerbTerm	SC10_VRoot_ApplExt_VerbTerm
a_ma_gama	NPrePre6_BPre6_NStem	NPrePre6_BPre6_NStem	NPrePre6_BPre6_NStem	NPrePre6_BPre6_NStem
aba_ntu	NPrePre2_BPre2_NStem	RelConc2_NStem	NPrePre2_BPre2_NStem	RelConc2_NStem
ezi_ba_qoka_yo	RelConc10_SC2_NStem_RelSuf	RelConc8_BPre2_NStem_RelSuf	RelConc10_SC2_NStem_RelSuf	RelConc8_BPre2_NStem_RelSuf
e_m_hlanganw_eni	LocPre_NPrePre3_BPre3_NStem_LocSuf	LocPre_BPre3_NStem_LocSuf	LocPre_NPrePre3_BPre3_NStem_LocSuf	LocPre_BPre3_NStem_LocSuf
lapho	Dem16_Pos2	CDEMLOC	Dem16_Pos2	Conj
e_zo_qinis_ek_is_w_a	LocPre_Fut_VRoot_CausExt_PassExt_VerbTerm	RelConc9_Fut_VRoot_NeutExt_CausExt_PassExt_VerbTerm	LocPre_Fut_VRoot_CausExt_PassExt_VerbTerm	RelConc9_Fut_VRoot_NeutExt_CausExt_PassExt_VerbTerm
khona	PronStem15_PronSuf	AbsPron15	PronStem15_PronSuf	AbsPron15
nga_ba_hlali	AdvPre_BPre2_NStem	AdvPre_BPre2_NStem	AdvPre_BPre2_NStem	AdvPre_BPre2_NStem
ba_ku_leso	PossConc2_BPre15_Dem4_Pos2	PossConc2_BPre15_NStem	PossConc2_BPre15_Dem4_Pos2	PossConc2_BPre15_NStem
si_gceme	BPre7_NStem	BPre7_NStem	BPre7_NStem	BPre7_NStem
u_kw_akha	NPrePre15_BPre15_VRoot_VerbTerm	NPrePre15_BPre15_NStem	NPrePre15_BPre15_VRoot_VerbTerm	NPrePre15_BPre15_NStem
i_Komidi	NPrePre9_NStem	NPrePre9_NStem	NPrePre9_NStem	NPrePre9_NStem
Le_sigceme	Dem9_Pos1_NStem	PossConc5_NStem	Dem9_Pos1_NStem	PossConc5_NStem
.	Punc	PUNC	Punc	PUNC
A_ba_phathi	NPrePre2_BPre2_NStem	NPrePre2_BPre2_NStem	NPrePre2_BPre2_NStem	NPrePre2_BPre2_NStem
bo_m_khandlu	PossConc2_NPrePre3_BPre3_NStem	PossConc2_BPre3_NStem	PossConc2_NPrePre3_BPre3_NStem	PossConc2_BPre3_NStem
be_mukel_a	SC2_VRoot_VerbTerm	SC2_VRoot_VerbTerm	SC2_VRoot_VerbTerm	SC2_VRoot_VerbTerm
i_mi_biko	NPrePre4_BPre4_NStem	NPrePre4_BPre4_NStem	NPrePre4_BPre4_NStem	NPrePre4_BPre4_NStem
e_vel_a	SC4_VRoot_VerbTerm	RelConc9_VRoot_VerbTerm	SC4_VRoot_VerbTerm	RelConc9_VRoot_VerbTerm
kw_i_Zi_ko	LocPre_NPrePre5_NStem	LocPre_NPrePre8_BPre8_NStem	LocPre_NPrePre5_NStem	LocPre_NPrePre8_BPre8_NStem
Loku_bamb_a	PossConc5_NPrePre15_BPre15_VRoot_VerbTerm	Fut_VRoot_VerbTerm	PossConc5_NPrePre15_BPre15_VRoot_VerbTerm	PossConc5_VRoot_VerbTerm
Ko_m_phakathi	PossConc15_NPrePre3_BPre3_Adv	PossConc15_BPre3_NStem	PossConc15_NPrePre3_BPre3_Adv	PossConc15_BPre3_NStem
I_qhaz_a	NPrePre5_NStem	SC9_VRoot_VerbTerm	NPrePre5_NStem	NPrePre5_VRoot_VerbTerm
u_ku_thath_a	NPrePre15_BPre15_VRoot_VerbTerm	NPrePre15_BPre15_VRoot_VerbTerm	NPrePre15_BPre15_VRoot_VerbTerm	NPrePre15_BPre15_VRoot_VerbTerm
i_si_nyathelo	NPrePre7_BPre7_NStem	NPrePre7_BPre7_NStem	NPrePre7_BPre7_NStem	NPrePre7_BPre7_NStem
so_ku_phath_a	PossConc7_NPrePre15_BPre15_VRoot_VerbTerm	PossConc7_BPre15_VRoot_VerbTerm	PossConc7_NPrePre15_BPre15_VRoot_VerbTerm	PossConc7_BPre15_VRoot_VerbTerm
noma	Conj	Conj	Conj	Conj
u_kw_emukel_w_a	NPrePre15_BPre15_VRoot_PassExt_VerbTerm	NPrePre15_BPre15_VRoot_PassExt_VerbTerm	NPrePre15_BPre15_VRoot_PassExt_VerbTerm	NPrePre15_BPre15_VRoot_PassExt_VerbTerm
aba_phathi	NPrePre2_BPre2_NStem	RelConc2_NStem	NPrePre2_BPre2_NStem	RelConc2_NStem
nga_phambi	AdvPre_Adv	AdvPre_Adv	AdvPre_Adv	AdvPre_Adv
ko_ku_y_is_w_a	PossConc15_NPrePre15_BPre14_VRoot_CausExt_PassExt_VerbTerm	PossConc15_BPre15_VRoot_CausExt_PassExt_VerbTerm	PossConc15_NPrePre15_BPre14_VRoot_CausExt_PassExt_VerbTerm	PossConc15_BPre15_VRoot_CausExt_PassExt_VerbTerm
esi_gungw_ini	LocPre_BPre7_NStem_LocSuf	RelConc7_NStem_LocSuf	LocPre_BPre7_NStem_LocSuf	RelConc7_NStem_LocSuf
se_komidi	PossConc7_NPre5_NStem	PossConc7_NStem	PossConc7_NPre5_NStem	PossConc7_NStem
noma	Conj	Conj	Conj	Conj
i_si_gungu	NPrePre7_BPre7_NStem	NPrePre7_BPre7_NStem	NPrePre7_BPre7_NStem	NPrePre7_BPre7_NStem
se_komidi	PossConc7_NPre5_NStem	PossConc7_NStem	PossConc7_NPre5_NStem	PossConc7_NStem
le_meya	PossConc5_NPrePre9_NStem	PossConc5_NStem	PossConc5_NPrePre9_NStem	PossConc5_NStem
u_kuze	Conj	NPrePre15_NStem	Conj	NPrePre15_NStem
ku_thath_w_e	SC15_VRoot_PassExt_VerbTerm	SC15_VRoot_PassExt_VerbTerm	SC15_VRoot_PassExt_VerbTerm	SC15_VRoot_PassExt_VerbTerm
i_zin_qumo	NPrePre10_BPre10_NStem	NPrePre10_BPre10_NStem	NPrePre10_BPre10_NStem	NPrePre10_BPre10_NStem
zo_m_busazwe	PossConc10_NPrePre3_BPre3_NStem	PossConc8_BPre3_NStem	PossConc10_NPrePre3_BPre3_NStem	PossConc10_BPre3_NStem
.	Punc	PUNC	Punc	PUNC
U_masipala	NPrePre1a_NStem	NPrePre1a_NStem	NPrePre1a_NStem	NPrePre1a_NStem
u_zi_mis_el_e	SC1_ReflPre_VRoot_VerbTerm	SC3_ReflPre_VRoot_ApplExt_VerbTerm	SC1_ReflPre_VRoot_VerbTerm	SC3_ReflPre_VRoot_ApplExt_VerbTerm
u_kw_akha	NPrePre15_BPre15_VRoot_VerbTerm	NPrePre15_BPre15_NStem	NPrePre15_BPre15_VRoot_VerbTerm	NPrePre15_BPre15_NStem
i_sibhedlel_a	NPrePre7_BPre7_NStem	SC9_Intrans_VerbTerm	NPrePre7_BPre7_NStem	SC9_VRoot_VerbTerm
e_wadi_ni__ABC	LocPre_NStem_LocSuf_Abbr	LocPre_NStem_LocSuf_Abbr	LocPre_NStem_LocSuf_Abbr	LocPre_NStem_LocSuf_Abbr
.	Punc	PUNC	Punc	PUNC
I_khon_sa_li_thenti	NPrePre5_NStem	NPrePre5_VRoot_PossConc7_BPre5_NStem	NPrePre5_NStem	NPrePre5_NStem_Pro_BPre5_NStem
ya_nga_phandle	PossConc9_AdvPre_Adv	PossConc4_AdvPre_Adv	PossConc9_AdvPre_Adv	PossConc9_AdvPre_Adv
i_nikez_w_e	SC5_VRoot_PassExt_VerbTerm	SC9_VRoot_PassExt_VerbTerm	SC5_VRoot_PassExt_VerbTerm	SC9_VRoot_PassExt_VerbTerm
i_n_kontilek_a	NPrePre9_BPre9_NStem	NPrePre9_BPre9_VRoot_VerbTerm	NPrePre9_BPre9_NStem	NPrePre9_BPre9_VRoot_VerbTerm
yo_ku_thol_a	PossConc9_NPrePre15_BPre15_VRoot_VerbTerm	PossConc9_BPre15_VRoot_VerbTerm	PossConc9_NPrePre15_BPre15_VRoot_VerbTerm	PossConc9_BPre15_VRoot_VerbTerm
u_lw_az_i	NPrePre11_BPre11_NStem	NPrePre11_BPre11_VRoot_VerbTerm	NPrePre11_BPre11_NStem	NPrePre11_BPre11_VRoot_VerbTerm
nge_nani	AdvPre_NPrePre5_NStem	AdvPre_NStem	AdvPre_NPrePre5_NStem	AdvPre_NStem
la_ba_ntu	PossConc5_BPre2_NStem	PossConc5_BPre2_NStem	PossConc5_BPre2_NStem	PossConc5_BPre2_NStem
aba_hlal_a	RelConc2_VRoot_VerbTerm	RelConc2_VRoot_VerbTerm	RelConc2_VRoot_VerbTerm	RelConc2_VRoot_VerbTerm
kw_iwadi	LocPre_NPrePre5_NStem	LocPre_NStem	LocPre_NPrePre5_NStem	LocPre_NStem
,	Punc	PUNC	Punc	PUNC
i_zinga	NPrePre5_NStem	NPrePre5_NStem	NPrePre5_NStem	NPrePre5_NStem
lo_ku_qash_w_a	PossConc5_BPre15_VRoot_PassExt_VerbTerm	PossConc5_BPre15_VRoot_PassExt_VerbTerm	PossConc5_BPre15_VRoot_PassExt_VerbTerm	PossConc5_BPre15_VRoot_PassExt_VerbTerm
no_ku_ntul_ek_a	AdvPre_NPrePre15_BPre15_VRoot_VerbTerm	AdvPre_BPre15_VRoot_NeutExt_VerbTerm	AdvPre_NPrePre15_BPre15_VRoot_VerbTerm	AdvPre_BPre15_VRoot_NeutExt_VerbTerm
kwe_mi_sebenzi	PossConc15_NPrePre4_BPre4_NStem	PossConc15_BPre4_NStem	PossConc15_NPrePre4_BPre4_NStem	PossConc15_BPre4_NStem
,	Punc	PUNC	Punc	PUNC
i_nani	NPrePre5_NStem	NPrePre5_NStem	NPrePre5_NStem	NPrePre5_NStem
la_ba_ntu	PossConc5_BPre2_NStem	PossConc5_BPre2_NStem	PossConc5_BPre2_NStem	PossConc5_BPre2_NStem
a_ba_gug_il_e	RelConc2_VRoot_Perf_VerbTerm	NPrePre2_BPre2_VRoot_Perf_VerbTerm	RelConc2_VRoot_Perf_VerbTerm	NPrePre2_BPre2_Intrans_Perf_VerbTerm
,	Punc	PUNC	Punc	PUNC
i_nani	NPrePre5_NStem	NPrePre5_NStem	NPrePre5_NStem	NPrePre5_NStem
l_en_tsha	PossConc9_NPrePre9_BPre9_NStem	PossConc5_BPre9_NStem	PossConc9_NPrePre9_BPre9_NStem	PossConc5_RecipExt_NStem
,	Punc	PUNC	Punc	PUNC
i_nani	NPrePre5_NStem	NPrePre5_NStem	NPrePre5_NStem	NPrePre5_NStem
la_ba_ntu	PossConc5_BPre2_NStem	PossConc5_BPre2_NStem	PossConc5_BPre2_NStem	PossConc5_BPre2_NStem
aba_phil_a	RelConc2_VRoot_VerbTerm	RelConc2_VRoot_VerbTerm	RelConc2_VRoot_VerbTerm	RelConc2_VRoot_VerbTerm
ne__HI_V	AdvPre_NPrePre5_Abbr	AdvPre_NPrePre9_Abbr	AdvPre_NPrePre5_Abbr	AdvPre_BPre4_Abbr
ne__AIDS	AdvPre_NPrePre5_ProperName	AdvPre_ProperName	AdvPre_NPrePre5_ProperName	AdvPre_ProperName
njll	Abbr	Abbr	Abbr	Abbr
.	Punc	PUNC	Punc	PUNC
Abazang_e	RelConc2_AuxVStem	VRoot_VerbTerm	RelConc2_AuxVStem	ProperName_VerbTerm
ba_xhuman_e	SC2_VRoot_RecipExt_VerbTerm	PossConc2_VRoot_VerbTerm	SC2_VRoot_RecipExt_VerbTerm	SC2_VRoot_VerbTerm
no_m_phakathi	AdvPre_NPrePre3_BPre3_Adv	AdvPre_BPre3_Adv	AdvPre_NPrePre3_BPre3_Adv	AdvPre_BPre3_NStem
maqondan_a	Conj	Conj_VerbTerm	Conj	Conj_Conj
no_ku_th_i	AdvPre_BPre15_VRoot_VerbTerm	AdvPre_BPre15_VRoot_VerbTerm	AdvPre_BPre15_VRoot_VerbTerm	AdvPre_BPre15_VRoot_VerbTerm
ku_ngabe	Conj	BPre17_NStem	Conj	SC15_NStem
i_wadi__ABC	NPrePre5_NStem_Abbr	NPrePre9_NStem_Abbr	NPrePre5_NStem_Abbr	NPrePre9_NStem_Abbr
yi_yona	CopPre_AbsPron5	CopPre_AbsPron9	CopPre_AbsPron5	CopPre_AbsPron9
e_ngcono	RelConc5_RelStem	RelConc9_RelStem	RelConc5_RelStem	RelConc9_RelStem
ka_khulu	AdvPre_AdjStem	AdvPre_AdjStem	AdvPre_AdjStem	AdvPre_AdjStem
oku_nga_kh_iw_a	RelConc15_Pot_VRoot_PassExt_VerbTerm	RelConc15_Pot_VRoot_PassExt_VerbTerm	RelConc15_Pot_VRoot_PassExt_VerbTerm	RelConc15_Pot_VRoot_PassExt_VerbTerm
ku_yo	LocPre_PronStem9	LocPre_PronStem9	LocPre_PronStem9	LocPre_PronStem9
i_sibhedlel_a	NPrePre7_BPre7_NStem	SC9_Intrans_VerbTerm	NPrePre7_BPre7_NStem	SC9_VRoot_VerbTerm
.	Punc	PUNC	Punc	PUNC
A_ba_ntu	NPrePre2_BPre2_NStem	NPrePre2_BPre2_NStem	NPrePre2_BPre2_NStem	NPrePre2_BPre2_NStem
aba_ningi	AdjPref2_AdjStem	AdjPref2_AdjStem	AdjPref2_AdjStem	AdjPref2_AdjStem
aba_buz_w_a	NegPre_SC2_VRoot_PassExt_VerbTerm	SC2_VRoot_PassExt_VerbTerm	NegPre_SC2_VRoot_PassExt_VerbTerm	RelConc2_VRoot_PassExt_VerbTerm
i_mi_buzo	NPrePre4_BPre4_NStem	NPrePre4_BPre4_NStem	NPrePre4_BPre4_NStem	NPrePre4_BPre4_NStem
ba_thi	SC2_VRoot_VerbTerm	PossConc2_NStem	SC2_VRoot_VerbTerm	BPre2_NStem
i_sibhedlel_a	NPrePre7_BPre7_NStem	SC9_Intrans_VerbTerm	NPrePre7_BPre7_NStem	SC9_VRoot_VerbTerm
si_ding_ek_a	SC7_VRoot_NeutExt_VerbTerm	SC7_VRoot_NeutExt_VerbTerm	SC7_VRoot_NeutExt_VerbTerm	SC7_VRoot_NeutExt_VerbTerm
kw_iwadi__XY_Z	LocPre_NPrePre5_NStem_Abbr	LocPre_NStem_Abbr_Abbr	LocPre_NPrePre5_NStem_Abbr	LocPre_NStem_Abbr_Abbr
.	Punc	PUNC	Punc	PUNC
U_masipala	NPrePre1a_NStem	NPrePre1a_NStem	NPrePre1a_NStem	BPre1a_NStem
akayi_naka_ng_a	NegPre_CopPre_VRoot_VerbTerm_NegPre	NegPre_VRoot_VRoot_VerbTerm	NegPre_CopPre_VRoot_VerbTerm_NegPre	NegPre_NegPre_VRoot_VerbTerm
i_mi_bono	NPrePre4_BPre4_NStem	NPrePre4_BPre4_NStem	NPrePre4_BPre4_NStem	NPrePre4_BPre4_NStem
yo_m_phakathi	PossConc4_NPrePre3_BPre3_Adv	PossConc9_BPre3_NStem	PossConc4_NPrePre3_BPre3_Adv	PossConc9_BPre3_NStem
.	Punc	PUNC	Punc	PUNC
Bhek_a	VRoot_VerbTerm	VRoot_VerbTerm	VRoot_VerbTerm	VRoot_VerbTerm
lo	Dem3_Pos1	CDEM03	Dem3_Pos1	CDEM03
m_buzo	NPrePre3_NStem	BPre3_NStem	NPrePre3_NStem	BPre3_NStem
o_nge_zansi	RelConc3_AdvPre_NPrePre5_NStem	RelConc3_AdvPre_NStem	RelConc3_AdvPre_NPrePre5_NStem	RelConc3_AdvPre_NStem
.	Punc	PUNC	Punc	PUNC
E_ma_qenj_ini	LocPre_BPre6_NStem_LocSuf	LocPre_BPre6_NStem_LocSuf	LocPre_BPre6_NStem_LocSuf	LocPre_BPre6_NStem_LocSuf
a_nga_thandi	SC6_NegPre_VRoot_VerbTerm	RelConc6_AdvPre_NStem	SC6_NegPre_VRoot_VerbTerm	RelConc6_AdvPre_NStem
u_ku_bhal_a	NPrePre15_BPre15_VRoot_VerbTerm	NPrePre15_BPre15_VRoot_VerbTerm	NPrePre15_BPre15_VRoot_VerbTerm	NPrePre15_BPre15_VRoot_VerbTerm
,	Punc	PUNC	Punc	PUNC
u_m_hlahlandlel_a	NPrePre3_BPre3_NStem	NPrePre3_BPre3_VRoot_VerbTerm	NPrePre3_BPre3_NStem	NPrePre3_BPre3_VRoot_VerbTerm
wa_be__AI_CDD	PossConc3_BPre2_Abbr	PossConc1_BPre2_RelConc2_Abbr	PossConc3_BPre2_Abbr	PossConc1_BPre2_BPre2_Abbr
u_th_i	SC3_VRoot_VerbTerm	SC1_VRoot_VerbTerm	SC3_VRoot_VerbTerm	SC1_VRoot_VerbTerm
a_ku_setshenz_is_w_e	RelConc6_BPre15_VRoot_CausExt_PassExt_VerbTerm	RelConc6_BPre15_VRoot_CausExt_PassExt_VerbTerm	RelConc6_BPre15_VRoot_CausExt_PassExt_VerbTerm	RelConc6_BPre15_VRoot_CausExt_PassExt_VerbTerm
i_mbe_wu	NPrePre10_BPre10_NStem	NPrePre9_VRoot_NStem	NPrePre10_BPre10_NStem	NPrePre9_NStem_NStem
,	Punc	PUNC	Punc	PUNC
a_ma_tshe	NPrePre6_BPre6_NStem	NPrePre6_BPre6_NStem	NPrePre6_BPre6_NStem	NPrePre6_BPre6_NStem
noma	Conj	Conj	Conj	Conj
i_zinduku	NPrePre10_BPre10_NStem	BPre9_NStem	NPrePre10_BPre10_NStem	NPrePre8_NStem
e_ma_khadi_ni	LocPre_BPre6_NStem_LocSuf	LocPre_BPre6_NStem_LocSuf	LocPre_BPre6_NStem_LocSuf	LocPre_BPre6_NStem_LocSuf
u_kuze	Conj	NPrePre15_NStem	Conj	NPrePre15_Conj
aba_bamb_e	RelConc2_VRoot_VerbTerm	RelConc2_VRoot_VerbTerm	RelConc2_VRoot_VerbTerm	RelConc2_VRoot_VerbTerm
i_qhaz_a	NPrePre5_BPre5_NStem	SC9_VRoot_VerbTerm	NPrePre5_BPre5_NStem	SC9_VRoot_VerbTerm
ba_kw_az_i	SC2_BPre15_VRoot_VerbTerm	SC2_OC15_VRoot_VerbTerm	SC2_BPre15_VRoot_VerbTerm	SC2_OC15_VRoot_VerbTerm
u_ku_bon_a	NPrePre15_BPre15_VRoot_VerbTerm	NPrePre15_BPre15_VRoot_VerbTerm	NPrePre15_BPre15_VRoot_VerbTerm	NPrePre15_BPre15_VRoot_VerbTerm
u_kuth_i	Conj	NPrePre15_VRoot_VerbTerm	Conj	NPrePre15_BPre15_VerbTerm
i_n_kinga	NPrePre9_BPre9_NStem	NPrePre9_BPre9_NStem	NPrePre9_BPre9_NStem	NPrePre9_BPre9_NStem
i_khul_e	SC9_VRoot_VerbTerm	SC9_VRoot_VerbTerm	SC9_VRoot_VerbTerm	SC9_VRoot_VerbTerm
ka_njani	AdvPre_Interrog	AdvPre_Interrog	AdvPre_Interrog	AdvPre_Interrog
.	Punc	PUNC	Punc	PUNC
Lokhu	Dem15_Pos1	CDEM15	Dem15_Pos1	CDEM15
ku_fak_w_a	SC15_VRoot_PassExt_VerbTerm	SC15_VRoot_PassExt_VerbTerm	SC15_VRoot_PassExt_VerbTerm	SC15_VRoot_PassExt_VerbTerm
e_khadi_ni	LocPre_NStem_LocSuf	LocPre_NStem_LocSuf	LocPre_NStem_LocSuf	LocPre_NStem_LocSuf
eli_bon_is_a	RelConc5_VRoot_CausExt_VerbTerm	RelConc5_VRoot_CausExt_VerbTerm	RelConc5_VRoot_CausExt_VerbTerm	RelConc5_VRoot_CausExt_VerbTerm
u_nyaka	NPrePre3_NStem	NPrePre3_NStem	NPrePre3_NStem	NPrePre3_NStem
.	Punc	PUNC	Punc	PUNC
U_m_khandlu	NPrePre3_BPre3_NStem	NPrePre3_BPre3_NStem	NPrePre3_BPre3_NStem	NPrePre3_BPre3_NStem
u_nga_biz_a	BPre1a_AdvPre_NStem	SC1_Pot_VRoot_VerbTerm	BPre1a_AdvPre_NStem	SC1_Pot_VRoot_VerbTerm
i_Foramu	NPrePre9_NStem	NPrePre9_NStem	NPrePre9_NStem	NPrePre9_NStem
Ya_ba_mel_e	PossConc9_RelConc2_VRoot_VerbTerm	PossConc9_BPre2_VRoot_VerbTerm	PossConc9_RelConc2_VRoot_VerbTerm	PossConc9_BPre2_VRoot_VerbTerm
I__ID_P	NPrePre9_Abbr	NPrePre9_Abbr_Abbr	NPrePre9_Abbr	NPrePre9_NPrePre9_BPre9
u_ku_thol_a	NPrePre15_BPre15_VRoot_VerbTerm	NPrePre15_BPre15_VRoot_VerbTerm	NPrePre15_BPre15_VRoot_VerbTerm	NPrePre15_BPre15_VRoot_VerbTerm
u_ku_bamb_a	NPrePre15_BPre15_VRoot_VerbTerm	NPrePre15_BPre15_VRoot_VerbTerm	NPrePre15_BPre15_VRoot_VerbTerm	NPrePre15_BPre15_VRoot_VerbTerm
i_qhaz_a	NPrePre5_BPre5_NStem	SC9_VRoot_VerbTerm	NPrePre5_BPre5_NStem	SC9_VRoot_VerbTerm
oku_phelel_e	RelConc15_VRoot_ApplExt_VerbTerm	RelConc15_VRoot_VerbTerm	RelConc15_VRoot_ApplExt_VerbTerm	RelConc15_VRoot_VerbTerm
no_vo	AdvPre_NStem	AdvPre_NStem	AdvPre_NStem	AdvPre_NStem
lo_m_phakathi	PossConc5_NPrePre3_BPre3_NStem	PossConc5_BPre3_NStem	PossConc5_NPrePre3_BPre3_NStem	PossConc5_BPre3_NStem
.	Punc	PUNC	Punc	PUNC
I_Foramu	NPrePre9_NStem	NPrePre9_NStem	NPrePre9_NStem	NPrePre9_BPre9
i_ng_afak_a	SC9_AdvPre_VRoot_VerbTerm	SC9_Pot_VRoot_VerbTerm	SC9_AdvPre_VRoot_VerbTerm	SC9_Pot_VRoot_VerbTerm
phakathi	Adv	Adv	Adv	Adv
a_ma_khansela	NPrePre6_BPre6_NStem	NPrePre6_BPre6_NStem	NPrePre6_BPre6_NStem	NPrePre6_BPre6_NStem
,	Punc	PUNC	Punc	PUNC
i_si_gungu	NPrePre7_BPre7_NStem	NPrePre7_BPre7_NStem	NPrePre7_BPre7_NStem	NPrePre7_BPre7_NStem
esi_phezulu	RelConc7_Adv	RelConc7_Adv	RelConc7_Adv	RelConc7_Adv
sa_ma_lungu	PossConc7_NPrePre6_BPre6_NStem	PossConc7_BPre6_NStem	PossConc7_NPrePre6_BPre6_NStem	PossConc7_BPre6_NStem
e_komidi	LocPre_NStem	LocPre_NStem	LocPre_NStem	LocPre_NStem
,	Punc	PUNC	Punc	PUNC
i_zi_phathimandla	NPrePre8_BPre8_NStem	NPrePre8_BPre8_NStem	NPrePre8_BPre8_NStem	NPrePre8_BPre8_NStem
ezi_phezulu	RelConc8_Adv	RelConc8_Adv	RelConc8_Adv	RelConc8_Adv
zo_ku_phath_a	PossConc10_NPrePre15_BPre15_VRoot_VerbTerm	PossConc10_BPre15_VRoot_VerbTerm	PossConc10_NPrePre15_BPre15_VRoot_VerbTerm	PossConc10_BPre15_VRoot_VerbTerm
,	Punc	PUNC	Punc	PUNC
a_ma_lungu	NPrePre6_BPre6_NStem	NPrePre6_BPre6_NStem	NPrePre6_BPre6_NStem	NPrePre6_BPre6_NStem
e_Komidi	LocPre_NStem	LocPre_NStem	LocPre_NStem	LocPre_NStem
Le_sigceme	Dem9_Pos1_NStem	PossConc5_NStem	Dem9_Pos1_NStem	PossConc5_NStem
na_ba_mel_e	AdvPre_SC2_Intrans_VerbTerm	AdvPre_SC2_VRoot_VerbTerm	AdvPre_SC2_Intrans_VerbTerm	AdvPre_SC2_VRoot_VerbTerm
a_ma_qembu	NPrePre6_BPre6_NStem	NPrePre6_BPre6_NStem	NPrePre6_BPre6_NStem	NPrePre6_BPre6_NStem
a_hlel_ek_il_e	SC6_VRoot_NPas_Perf_VerbTerm	RelConc6_VRoot_NeutExt_Perf_VerbTerm	SC6_VRoot_NPas_Perf_VerbTerm	RelConc6_VRoot_NeutExt_Perf_VerbTerm
aba_bamb_e	RelConc2_VRoot_VerbTerm	RelConc2_VRoot_VerbTerm	RelConc2_VRoot_VerbTerm	RelConc2_VRoot_VerbTerm
i_qhaz_a	NPrePre5_BPre5_NStem	SC9_VRoot_VerbTerm	NPrePre5_BPre5_NStem	SC9_VRoot_VerbTerm
,	Punc	PUNC	Punc	PUNC
aba_holi	NPrePre2_BPre2_NStem	RelConc2_NStem	NPrePre2_BPre2_NStem	RelConc2_NStem
be_ndabuko	PossConc2_NPrePre9_BPre9_NStem	PossConc2_NStem	PossConc2_NPrePre9_BPre9_NStem	PossConc2_NStem
na_ba_ntu	AdvPre_NPrePre2_BPre2_NStem	AdvPre_BPre2_NStem	AdvPre_NPrePre2_BPre2_NStem	AdvPre_BPre2_NStem
be_zin_sizakusebenz_a	PossConc2_ReflPre_NStem	PossConc2_BPre10_VRoot_VerbTerm	PossConc2_ReflPre_NStem	PossConc2_BPre10_VRoot_VerbTerm
.	Punc	PUNC	Punc	PUNC
lesi	Dem7_Pos1	CDEM07	Dem7_Pos1	CDEM07
sakhiwo	PossConc7_NStem	NStem	PossConc7_NStem	NStem
si_gqugquzel_a	SC7_Intrans_ApplExt_VerbTerm	SC7_VRoot_VerbTerm	SC7_Intrans_ApplExt_VerbTerm	SC7_VRoot_VerbTerm
i_zi_ngxoxo	NPrePre10_BPre10_NStem	NPrePre10_BPre10_NStem	NPrePre10_BPre10_NStem	NPrePre10_BPre10_NStem
no_ku_thath_w_a	AdvPre_BPre15_VRoot_PassExt_VerbTerm	AdvPre_BPre15_VRoot_PassExt_VerbTerm	AdvPre_BPre15_VRoot_PassExt_VerbTerm	AdvPre_BPre15_VRoot_PassExt_VerbTerm
kwe_zin_qumo	PossConc15_NPrePre10_BPre10_NStem	PossConc15_BPre10_NStem	PossConc15_NPrePre10_BPre10_NStem	PossConc15_BPre10_NStem
oku_fak_a	RelConc15_VRoot_VerbTerm	RelConc15_VRoot_VerbTerm	RelConc15_VRoot_VerbTerm	RelConc15_VRoot_VerbTerm
wo_nke	QuantConc3_QuantStem	QuantConc3_QuantStem	QuantConc3_QuantStem	QuantConc3_QuantStem
u_mu_ntu	NPrePre1_BPre1_NStem	NPrePre1_BPre1_NStem	NPrePre1_BPre1_NStem	NPrePre1_BPre1_NStem
mayela_na	NStem_DimSuf	NStem_DimSuf	NStem_DimSuf	NStem_DimSuf
ne__ID_P	AdvPre_NPrePre9_Abbr	AdvPre_Abbr_Abbr	AdvPre_NPrePre9_Abbr	AdvPre_NPrePre4_Abbr
.	Punc	PUNC	Punc	PUNC
I_Foramu	NPrePre9_NStem	NPrePre9_BPre9	NPrePre9_NStem	NPrePre9_BPre9
Ya_ba_mel_e	PossConc9_RelConc2_VRoot_VerbTerm	PossConc4_BPre2_VRoot_VerbTerm	PossConc9_RelConc2_VRoot_VerbTerm	PossConc9_SC2_VRoot_VerbTerm
i__ID_P	NPre9_Abbr	NPrePre9_Abbr_Abbr	NPre9_Abbr	NPrePre9_NPrePre9_Abbr
ku_fanel_e	SC15_VRoot_ApplExt_VerbTerm	SC15_VRoot_VerbTerm	SC15_VRoot_ApplExt_VerbTerm	SC15_VRoot_VerbTerm
ku_be	SC15_VRoot_VerbTerm	SC15_AuxVStem	SC15_VRoot_VerbTerm	SC15_AuxVStem
y_i_n_hlangano	CopPre_NPrePre9_BPre9_NStem	CopPre_NPrePre9_BPre9_NStem	CopPre_NPrePre9_BPre9_NStem	CopPre_NPrePre9_BPre9_NStem
e_ngeke	RelConc9_Adv	RelConc9_Adv	RelConc9_Adv	RelConc9_Adv
i_phel_e	SC9_VRoot_VerbTerm	SC9_VRoot_VerbTerm	SC9_VRoot_VerbTerm	SC9_VRoot_VerbTerm
,	Punc	PUNC	Punc	PUNC
e_nik_w_e	RelConc9_VRoot_PassExt_VerbTerm	RelConc9_VRoot_PassExt_VerbTerm	RelConc9_VRoot_PassExt_VerbTerm	RelConc9_VRoot_PassExt_VerbTerm
u_m_sebenzi	NPrePre3_BPre3_NStem	NPrePre3_BPre3_NStem	NPrePre3_BPre3_NStem	NPrePre3_BPre3_NStem
wo_ku_bhek_a	PossConc1_NPrePre15_Intrans_VerbTerm	PossConc3_BPre15_VRoot_VerbTerm	PossConc1_NPrePre15_Intrans_VerbTerm	PossConc3_BPre15_VRoot_VerbTerm
u_ku_sebenz_a	NPrePre15_BPre15_VRoot_VerbTerm	NPrePre15_BPre15_VRoot_VerbTerm	NPrePre15_BPre15_VRoot_VerbTerm	NPrePre15_BPre15_VRoot_VerbTerm
nge_si_khathi	AdvPre_NPrePre7_BPre7_NStem	AdvPre_BPre7_NStem	AdvPre_NPrePre7_BPre7_NStem	AdvPre_BPre7_NStem
so_kw_enz_iw_a	PossConc7_NPrePre15_BPre15_VRoot_PassExt_VerbTerm	PossConc7_BPre15_VRoot_PassExt_VerbTerm	PossConc7_NPrePre15_BPre15_VRoot_PassExt_VerbTerm	PossConc7_BPre15_VRoot_PassExt_VerbTerm
kwe__ID_P	PossConc15_Abbr	PossConc15_Abbr_Abbr	PossConc15_Abbr	PossConc15_Abbr_Abbr
.	Punc	PUNC	Punc	PUNC
I_qembu	NPrePre5_NStem	NPrePre5_BPre5	NPrePre5_NStem	NPrePre5_BPre5
,	Punc	PUNC	Punc	PUNC
li_hol_w_a	SC5_VRoot_PassExt_VerbTerm	SC5_VRoot_PassExt_VerbTerm	SC5_VRoot_PassExt_VerbTerm	SC5_VRoot_PassExt_VerbTerm
'	Punc	PUNC	Punc	PUNC
nga_ba_gqugquzeli	AdvPre_NPrePre2_BPre2_NStem	AdvPre_BPre2_NStem	AdvPre_NPrePre2_BPre2_NStem	AdvPre_BPre2_NStem
'	Punc	PUNC	Punc	PUNC
,	Punc	PUNC	Punc	PUNC
ku_mel_e	SC15_VRoot_VerbTerm	SC15_VRoot_VerbTerm	SC15_VRoot_VerbTerm	SC15_VRoot_VerbTerm
l_ethul_e	SC5_VRoot_VerbTerm	SC5_VRoot_VerbTerm	SC5_VRoot_VerbTerm	SC5_VRoot_VerbTerm
a_ma_qembu	NPrePre6_BPre6_NStem	NPrePre6_BPre6_NStem	NPrePre6_BPre6_NStem	NPrePre6_BPre6_NStem
e_hlukahluk_en_e	RelConc6_VRoot_RecipExt_Perf_VerbTerm	RelConc4_VRoot_RecipExt_VerbTerm	RelConc6_VRoot_RecipExt_Perf_VerbTerm	RelConc6_VRoot_RecipExt_VerbTerm
ngo_kwe_n_hlalo	AdvPre_NPrePre15_PossConc15_BPre9_NStem	AdvPre_PossConc15_BPre9_NStem	AdvPre_NPrePre15_PossConc15_BPre9_NStem	AdvPre_PossConc15_BPre9_NStem
e_m_phakath_ini	LocPre_BPre3_NStem_LocSuf	LocPre_BPre3_NStem_LocSuf	LocPre_BPre3_NStem_LocSuf	LocPre_BPre3_NStem_LocSuf
wa_lo	PossConc3_PronStem5	PossConc3_PronStem5	PossConc3_PronStem5	PossConc3_PronStem5
be_se	SC2_AuxVStem	SC2_AuxVStem	SC2_AuxVStem	SC2_AuxVStem
li_wa_lob_a	SC5_OC5_VRoot_VerbTerm	SC5_OC6_VRoot_VerbTerm	SC5_OC5_VRoot_VerbTerm	SC5_OC6_VRoot_VerbTerm
kw_i_fliphushadi	LocPre_NPrePre5_NStem	LocPre_NPrePre5_NStem	LocPre_NPrePre5_NStem	LocPre_NPrePre5_NStem
,	Punc	PUNC	Punc	PUNC
be_se	SC2_AuxVStem	SC2_AuxVStem	SC2_AuxVStem	SC2_AuxVStem
li_sh_o	SC5_VRoot_VerbTerm	SC5_VRoot_VerbTerm	SC5_VRoot_VerbTerm	SC5_VRoot_VerbTerm
ka_fushane	AdvPre_AdjStem	AdvPre_AdjStem	AdvPre_AdjStem	AdvPre_AdjStem
u_kuth_i	Conj	NPrePre15_VRoot_VerbTerm	Conj	NPrePre15_VRoot_VerbTerm
ku_yi_ni	SC15_CopPre_Interrog	BPre15_CopPre_Interrog	SC15_CopPre_Interrog	SC15_CopPre_Interrog
,	Punc	PUNC	Punc	PUNC
u_ma	Conj	NPrePre1a_NStem	Conj	NPrePre3_NStem
ku_khona	SC15_Adv	SC15_Adv	SC15_Adv	SC15_Adv
,	Punc	PUNC	Punc	PUNC
oku_yi_zin_guquko	RelConc15_CopPre_BPre10_NStem	RelConc15_CopPre_BPre10_NStem	RelConc15_CopPre_BPre10_NStem	RelConc15_CopPre_BPre10_NStem
ez_enz_ek_il_e	RelConc10_VRoot_NeutExt_Perf_VerbTerm	RelConc8_VRoot_NeutExt_Perf_VerbTerm	RelConc10_VRoot_NeutExt_Perf_VerbTerm	RelConc8_VRoot_NeutExt_Perf_VerbTerm
e_nhlalakahle_ni	LocPre_NStem_LocSuf	LocPre_NStem_LocSuf	LocPre_NStem_LocSuf	LocPre_NStem_LocSuf
yo_m_phakathi	PossConc4_BPre3_Adv	PossConc9_BPre3_NStem	PossConc4_BPre3_Adv	PossConc9_BPre3_NStem
wa_lo	PossConc3_PronStem5	PossConc3_PronStem5	PossConc3_PronStem5	PossConc3_PronStem5
e_mi_nyake_ni	LocPre_NPrePre4_BPre4_NStem_LocSuf	LocPre_BPre4_NStem_LocSuf	LocPre_NPrePre4_BPre4_NStem_LocSuf	LocPre_BPre4_NStem_LocSuf
e_mbalwa	RelConc4_RelStem	RelConc4_RelStem	RelConc4_RelStem	RelConc4_RelStem
e_dlul_e	RelConc4_VRoot_VerbTerm	RelConc4_VRoot_VerbTerm	RelConc4_VRoot_VerbTerm	RelConc4_VRoot_VerbTerm
be_se	SC2_AuxVStem	SC2_AuxVStem	SC2_AuxVStem	SC2_AuxVStem
li_nikez_a	SC5_VRoot_VerbTerm	SC5_VRoot_VerbTerm	SC5_VRoot_VerbTerm	SC5_VRoot_VerbTerm
u_hlu	NPrePre11_NStem	NPrePre11_NStem	NPrePre11_NStem	NPrePre11_NStem
lwa_labo	PossConc11_Dem2_Pos2	PossConc11_NStem	PossConc11_Dem2_Pos2	PossConc11_NStem
aba_nge_na_ma_ndla	RelConc2_NegPre_AdvPre_BPre6_NStem	RelConc2_NegPre_AdvPre_BPre6_NStem	RelConc2_NegPre_AdvPre_BPre6_NStem	RelConc2_NegPre_AdvPre_BPre6_NStem
oku_zi_vikel_a	RelConc15_ReflPre_VRoot_VerbTerm	RelConc15_ReflPre_VRoot_VerbTerm	RelConc15_ReflPre_VRoot_VerbTerm	RelConc15_ReflPre_VRoot_VerbTerm
na_labo	AdvPre_Dem2_Pos2	AdvPre_NStem	AdvPre_Dem2_Pos2	AdvPre_NStem
aba_vikel_ek_il_e	RelConc2_VRoot_NeutExt_Perf_VerbTerm	RelConc2_VRoot_NeutExt_Perf_VerbTerm	RelConc2_VRoot_NeutExt_Perf_VerbTerm	RelConc2_VRoot_NeutExt_Perf_VerbTerm
,	Punc	PUNC	Punc	PUNC
i_sib.	Abbr	NPrePre9_NStem	Abbr	NPrePre9_NStem
aba_vikel_ek_il_e	RelConc2_VRoot_NeutExt_Perf_VerbTerm	RelConc2_VRoot_NeutExt_Perf_VerbTerm	RelConc2_VRoot_NeutExt_Perf_VerbTerm	RelConc2_VRoot_NeutExt_Perf_VerbTerm
ku_nga_ba	SC15_Pot_AuxVStem	SC15_Pot_AuxVStem	SC15_Pot_AuxVStem	SC15_Pot_AuxVStem
nga_ba_fund_el_e	AdvPre_BPre2_VRoot_ApplExt_VerbTerm	AdvPre_SC2_VRoot_ApplExt_VerbTerm	AdvPre_BPre2_VRoot_ApplExt_VerbTerm	AdvPre_BPre2_VRoot_ApplExt_VerbTerm
i_mi_sebenzi	NPrePre4_BPre4_NStem	NPrePre4_BPre4_NStem	NPrePre4_BPre4_NStem	NPrePre4_BPre4_NStem
,	Punc	PUNC	Punc	PUNC
aba_nge_na_ma_ndla	RelConc2_NegPre_AdvPre_BPre6_NStem	RelConc2_NegPre_AdvPre_BPre6_NStem	RelConc2_NegPre_AdvPre_BPre6_NStem	RelConc2_NegPre_AdvPre_BPre6_NStem
oku_zi_vikel_a	RelConc15_ReflPre_VRoot_VerbTerm	RelConc15_ReflPre_VRoot_VerbTerm	RelConc15_ReflPre_VRoot_VerbTerm	RelConc15_ReflPre_VRoot_VerbTerm
ku_be	SC15_AuxVStem	SC15_AuxVStem	SC15_AuxVStem	SC15_AuxVStem
nga_ba_qal_a_yo	AdvPre_RelConc2_NStem_RelSuf	AdvPre_OC2_VRoot_VerbTerm_RelSuf	AdvPre_RelConc2_NStem_RelSuf	AdvPre_RelConc2_VRoot_VerbTerm_RelSuf
u_ku_fun_a	NPrePre15_BPre15_VRoot_VerbTerm	NPrePre15_BPre15_VRoot_VerbTerm	NPrePre15_BPre15_VRoot_VerbTerm	NPrePre15_BPre15_VRoot_VerbTerm
a_ma_thuba	NPrePre6_BPre6_NStem	NPrePre6_BPre6_NStem	NPrePre6_BPre6_NStem	NPrePre6_BPre6_NStem
o_m_sebenzi	RelConc3_BPre3_NStem	PossConc6_BPre3_NStem	RelConc3_BPre3_NStem	PossConc6_BPre3_NStem
.	Punc	PUNC	Punc	PUNC
UNkk	Abbr	Abbr	Abbr	Abbr
Ma_hlangu	ProperName	BPre6_NStem	ProperName	BPre6_NStem
u_thenge	SC2_VRoot_VerbTerm	NPrePre11_NStem	SC2_VRoot_VerbTerm	BPre3_NStem
i_n_dlu	BPre9_NStem	NPrePre9_BPre9_NStem	BPre9_NStem	NPrePre9_BPre9_NStem
futh_i	Conj	VRoot_VerbTerm	Conj	VRoot_VerbTerm
u_fun_a	SC2_VRoot_VerbTerm	SC2_VRoot_VerbTerm	SC2_VRoot_VerbTerm	SC2_VRoot_VerbTerm
u_kuth_i	NPrePre15_BPre15_VRoot_VerbTerm	NPrePre15_BPre15_VerbTerm	NPrePre15_BPre15_VRoot_VerbTerm	NPrePre15_BPre15_VerbTerm
a_fak_el_w_e	SC6_VRoot_ApplExt_PassExt_VerbTerm	SC6_VRoot_ApplExt_PassExt_VerbTerm	SC6_VRoot_ApplExt_PassExt_VerbTerm	SC6_VRoot_ApplExt_PassExt_VerbTerm
u_gesi	NPrePre1a_NStem	NPrePre1a_NStem	NPrePre1a_NStem	NPrePre1a_NStem
wa_khe	PossConc1a_PronStem1a	PossConc1_PronStem1	PossConc1a_PronStem1a	PossConc1_PronStem1
.	Punc	PUNC	Punc	PUNC
U_ya	SC1a_VRoot_VerbTerm	SC3_AbsPron8	SC1a_VRoot_VerbTerm	SC2ps_AuxVStem
kwa_masipala	LocPre_NStem	LocPre_NStem	LocPre_NStem	LocPre_NStem
a_fik_e	SC6_VRoot_VerbTerm	SC6_VRoot_VerbTerm	SC6_VRoot_VerbTerm	SC6_VRoot_VerbTerm
a_gcwal_is_e	SC6_VRoot_CausExt_VerbTerm	SC6_VRoot_CausExt_VerbTerm	SC6_VRoot_CausExt_VerbTerm	SC6_VRoot_CausExt_VerbTerm
a_ma_fomu	NPrePre6_BPre6_NStem	NPrePre6_BPre6_NStem	NPrePre6_BPre6_NStem	NPrePre6_BPre6_NStem
a_be_se	SC6_VRoot_VerbTerm	NegPre_SC2_AuxVStem	SC6_VRoot_VerbTerm	SC2_SC2_AuxVStem
e_khokh_a	NPre1_VRoot_VerbTerm	RelConc9_VRoot_VerbTerm	NPre1_VRoot_VerbTerm	RelConc9_VRoot_VerbTerm
ne_di_phozi_thi	CopPre_NStem	AdvPre_NPrePre5_NStem_NStem	CopPre_NStem	AdvPre_Pres_NStem_NStem
.	Punc	PUNC	Punc	PUNC
Uma	Conj	Conj	Conj	Conj
e_fik_a	NPre1_VRoot_VerbTerm	RelConc9_Intrans_VerbTerm	NPre1_VRoot_VerbTerm	SC6_VRoot_VerbTerm
u_bon_a	SC2_VRoot_VerbTerm	SC2_VRoot_VerbTerm	SC2_VRoot_VerbTerm	SC2_VRoot_VerbTerm
u_mu_gqa	NPrePre1_BPre3_NStem	NPrePre1_BPre3_NStem	NPrePre1_BPre3_NStem	NPrePre1_BPre3_NStem
omu_de	AdjPref1_AdjStem	AdjPref1_AdjStem	AdjPref1_AdjStem	AdjPref1_AdjStem
u_ya_suka__ke	SC1_CopPre_VRoot_VerbTerm_Adv	SC3_Pres_VRoot_NStem	SC1_CopPre_VRoot_VerbTerm_Adv	SC1_Pres_VRoot_VerbTerm
u_ma	Conj	NPrePre1a_NStem	Conj	NPrePre1a_NStem
khona	PronStem15_PronSuf	AbsPron15	PronStem15_PronSuf	AbsPron15
lapho	Dem16_Pos2	Conj	Dem16_Pos2	Conj
e_mgqe_ni	LocPre_NStem_LocSuf	LocPre_NStem_LocSuf	LocPre_NStem_LocSuf	LocPre_NStem_LocSuf
.	Punc	PUNC	Punc	PUNC
A_ba_sebenzi	NPrePre2_BPre2_NStem	NPrePre2_BPre2_NStem	NPrePre2_BPre2_NStem	NPrePre2_BPre2_NStem
ba_ka_masipala	PossConc2_PossKA_NStem	PossConc2_PossKA_NStem	PossConc2_PossKA_NStem	PossConc2_PossKA_NStem
ba_hleli	SC2a_VRoot_VerbTerm	BPre2_NStem	SC2a_VRoot_VerbTerm	PossConc2_NStem
ba_fund_a	SC2_VRoot_VerbTerm	SC2_VRoot_VerbTerm	SC2_VRoot_VerbTerm	SC2_VRoot_VerbTerm
i_pheph_a	BPre5_NStem	SC9_VRoot_VerbTerm	BPre5_NStem	SC9_VRoot_VerbTerm
ba_phuz_a	SC2_VRoot_VerbTerm	SC2_VRoot_VerbTerm	SC2_VRoot_VerbTerm	SC2_VRoot_VerbTerm
netiy_e	CopPre_NStem	VRoot_VerbTerm	CopPre_NStem	AdvPre_VerbTerm
.	Punc	PUNC	Punc	PUNC
A_ba_ntu	NPrePre2_BPre2_NStem	NPrePre2_BPre2_NStem	NPrePre2_BPre2_NStem	NPrePre2_BPre2_NStem
aba_me	RelConc2_Intrans_VerbTerm	RelConc2_Adv	RelConc2_Intrans_VerbTerm	RelConc2_NStem
e_mu_gqe_ni	LocPre_NStem_LocSuf	LocPre_BPre3_NStem_LocSuf	LocPre_NStem_LocSuf	LocPre_BPre3_NStem_LocSuf
ba_yakhalaz_a	SC2_CopPre_VRoot_VerbTerm	SC2_Intrans_VerbTerm	SC2_CopPre_VRoot_VerbTerm	SC2_VRoot_VerbTerm
kodwa	Conj	Conj	Conj	Conj
ba_tshel_w_a	SC2_VRoot_PassExt_VerbTerm	SC2_VRoot_PassExt_VerbTerm	SC2_VRoot_PassExt_VerbTerm	SC2_VRoot_PassExt_VerbTerm
u_kuth_i	NPrePre15_BPre15_VRoot_VerbTerm	NPrePre15_VRoot_VerbTerm	NPrePre15_BPre15_VRoot_VerbTerm	NPrePre15_BPre15_VerbTerm
aba_sebenzi	NPrePre2_BPre2_NStem	RelConc2_NStem	NPrePre2_BPre2_NStem	RelConc2_NStem
na_bo	AdvPre_PronStem2	AdvPre_PronStem2	AdvPre_PronStem2	AdvPre_PronStem2
'	Punc	PUNC	Punc	PUNC
ba_ne_lungelo	BPre2_CopPre_NPrePre5_NStem	BPre2_AdvPre_NStem	BPre2_CopPre_NPrePre5_NStem	BPre2_AdvPre_NStem
lo_ku_thath_a	Fut_Intrans_VerbTerm	PossConc5_BPre15_VRoot_VerbTerm	Fut_Intrans_VerbTerm	PossConc5_BPre15_VRoot_VerbTerm
i_khefu	BPre5_NStem	NPrePre5_NStem	BPre5_NStem	NPrePre5_NStem
'	Punc	PUNC	Punc	PUNC
.	Punc	PUNC	Punc	PUNC
U_linda	SC5_VRoot_VerbTerm	NPrePre11_NStem	SC5_VRoot_VerbTerm	NPrePre11_NStem
a_ma_hora	NPrePre6_BPre6_NStem	NPrePre6_BPre6_NStem	NPrePre6_BPre6_NStem	NPrePre6_BPre6_NStem
a_ma__3	NPrePre6_BPre6_Num	NPrePre6_BPre6_Num	NPrePre6_BPre6_Num	NPrePre6_BPre6_Num
e_m_va	LocPre_BPre3_Adv	LocPre_BPre3_Adv	LocPre_BPre3_Adv	LocPre_BPre3_Adv
kwa_lokho	PossConc15_Dem15_Pos2	PossConc15_NStem	PossConc15_Dem15_Pos2	PossConc15_NStem
se_ku_y_i_si_khathi	PreLoc-s_LocPre_BPre15_CopPre_NPrePre7_BPre7_NStem	BPre15_BPre15_CopPre_NPrePre7_BPre7_NStem	PreLoc-s_LocPre_BPre15_CopPre_NPrePre7_BPre7_NStem	PossConc7_BPre15_CopPre_NPrePre7_BPre7_NStem
s_e_lantshi	PossConc7_NStem	PreLocs_LocPre_NStem	PossConc7_NStem	PossConc7_LocPre_NStem
.	Punc	PUNC	Punc	PUNC
Ngo__2.30	CopPre_Num	AdvPre_Num	CopPre_Num	AdvPre_Num
emini	LocPre_NStem	Adv	LocPre_NStem	NLOC
aba_sebenzi	NPrePre2_BPre2_NStem	RelConc2_NStem	NPrePre2_BPre2_NStem	RelConc2_NStem
ba_ya_buy_a	SC2_Pres_VRoot_VerbTerm	SC2_Pres_VRoot_VerbTerm	SC2_Pres_VRoot_VerbTerm	SC2_Pres_VRoot_VerbTerm
kodwa	Conj	Conj	Conj	Conj
e_s_a_khe	RelConc7_VRoot_VerbTerm	RelConc9_PreLocs_NPrePre6_PronStem1	RelConc7_VRoot_VerbTerm	RelConc9_PreLocs_LocPre_NStem
i_si_khathi	NPrePre7_BPre7_NStem	NPrePre7_BPre7_NStem	NPrePre7_BPre7_NStem	NPrePre7_BPre7_NStem
u_ma	Conj	NPrePre1a_NStem	Conj	NPrePre1a_NStem
si_fik_a	SC7_Intrans_VerbTerm	SC7_VRoot_VerbTerm	SC7_Intrans_VerbTerm	SC7_VRoot_VerbTerm
se_ku_s_e_mu_va	PossConc7_LocPre_PreLoc-s_LocPre_BPre3_NStem	PossConc7_BPre15_PreLocs_LocPre_BPre3_Adv	PossConc7_LocPre_PreLoc-s_LocPre_BPre3_NStem	PossConc7_BPre15_PreLocs_LocPre_BPre3_Adv
kwe_si_khathi	LocPre_NPrePre7_BPre7_NStem	PossConc15_BPre7_NStem	LocPre_NPrePre7_BPre7_NStem	PossConc15_BPre7_NStem
ka_khulu	AdvPre_AdjStem	AdvPre_AdjStem	AdvPre_AdjStem	AdvPre_AdjStem
.	Punc	PUNC	Punc	PUNC
Bhek_is_a	VRoot_CausExt_VerbTerm	VRoot_CausExt_VerbTerm	VRoot_CausExt_VerbTerm	VRoot_CausExt_VerbTerm
e_m_buzw_eni	LocPre_BPre3_NStem_LocSuf	LocPre_BPre3_NStem_LocSuf	LocPre_BPre3_NStem_LocSuf	LocPre_BPre3_NStem_LocSuf
we_si_bili	PossConc3_NPrePre7_BPre7_AdjStem	PossConc3_BPre7_AdjStem	PossConc3_NPrePre7_BPre7_AdjStem	PossConc3_BPre7_AdjStem
ebese	Conj	Conj	Conj	Conj
u_thath_a	SC1ps_VRoot_VerbTerm	SC3_VRoot_VerbTerm	SC1ps_VRoot_VerbTerm	SC3_VRoot_VerbTerm
i_zi_m_pendulo	NPrePre10_BPre10_BPre3_NStem	NPrePre10_BPre10_BPre3_NStem	NPrePre10_BPre10_BPre3_NStem	NPrePre10_BPre10_BPre3_NStem
.	Punc	PUNC	Punc	PUNC
U_ku_qok_elel_a	NPrePre15_BPre15_NStem	NPrePre15_BPre15_VRoot_IntensExt_VerbTerm	NPrePre15_BPre15_NStem	NPrePre15_BPre15_VRoot_IntensExt_VerbTerm
I_zin_hlelo	NPrePre10_BPre10_NStem	NPrePre10_BPre10_NStem	NPrePre10_BPre10_NStem	NPrePre10_BPre10_NStem
Ze_n_tuthuko	PossConc8_NStem	PossConc8_BPre9_NStem	PossConc8_NStem	PossConc8_BPre9_NStem
Ezi_didiyel_e	RelConc10_Intrans_VerbTerm	RelConc10_VRoot_VerbTerm	RelConc10_Intrans_VerbTerm	RelConc10_VRoot_VerbTerm
ng_u_m_sebenzi	CopPre_NPrePre3_BPre3_NStem	CopPre_NPrePre3_BPre3_NStem	CopPre_NPrePre3_BPre3_NStem	CopPre_NPrePre3_BPre3_NStem
ka_hulumeni	PossKA_NPrePre1a_NStem	PossKA_NStem	PossKA_NPrePre1a_NStem	PossKA_NStem
wa_s_e_khaya	PossConc1_PreLoc-s_LocPre_NPrePre5_BPre5_NStem	PossConc1_PreLocs_LocPre_NStem	PossConc1_PreLoc-s_LocPre_NPrePre5_BPre5_NStem	PossConc1_PreLocs_LocPre_NStem
.	Punc	PUNC	Punc	PUNC
Lezi	Dem8_Pos1	CDEM10	Dem8_Pos1	CDEM10
zin_hlelo	BPre10_NStem	BPre10_NStem	BPre10_NStem	BPre10_NStem
zi_zo_leth_a	SC8_Intrans_VerbTerm	SC10_Fut_VRoot_VerbTerm	SC8_Intrans_VerbTerm	SC10_Fut_VRoot_VerbTerm
i_n_guquko	NPrePre9_BPre9_NStem	NPrePre9_BPre9_NStem	NPrePre9_BPre9_NStem	NPrePre9_BPre9_NStem
e_ma_dolobhe_ni	LocPre_BPre6_NStem_LocSuf	LocPre_BPre6_NStem_LocSuf	LocPre_BPre6_NStem_LocSuf	LocPre_BPre6_NStem_LocSuf
na_s_e_ma_dolobhe_ni_kazi	AdvPre_PreLoc-s_LocPre_BPre6_NStem_LocSuf_AugSuf	AdvPre_PreLocs_LocPre_BPre6_NStem_LocSuf_NStem	AdvPre_PreLoc-s_LocPre_BPre6_NStem_LocSuf_AugSuf	AdvPre_PreLocs_LocPre_BPre6_NStem_LocSuf_NStem
ne_n_dlel_a	AdvPre_NPrePre9_BPre9_NStem	AdvPre_BPre9_VRoot_VerbTerm	AdvPre_NPrePre9_BPre9_NStem	AdvPre_BPre9_Intrans_VerbTerm
a_phath_w_a	RelConc6_VRoot_PassExt_VerbTerm	SC6_VRoot_PassExt_VerbTerm	RelConc6_VRoot_PassExt_VerbTerm	SC6_VRoot_PassExt_VerbTerm
nga_yo	AdvPre_PronStem9	AdvPre_PronStem9	AdvPre_PronStem9	AdvPre_PronStem9
,	Punc	PUNC	Punc	PUNC
njengoba	Conj	Conj	Conj	Conj
i_n_qubo	NPrePre9_BPre9_NStem	NPrePre9_BPre9_NStem	NPrePre9_BPre9_NStem	NPrePre9_BPre9_NStem
ye__ID_P	PossConc4_Abbr	PossConc4_Abbr_Abbr	PossConc4_Abbr	PossConc4_Abbr_Abbr
i_bhek_e	SC9_Intrans_VerbTerm	SC9_VRoot_VerbTerm	SC9_Intrans_VerbTerm	SC9_VRoot_VerbTerm
e_ku_finyelele_ni	LocPre_BPre15_VRoot_ApplExt_VerbTerm_LocSuf	LocPre_BPre15_NStem_VerbTerm	LocPre_BPre15_VRoot_ApplExt_VerbTerm_LocSuf	LocPre_BPre15_VRoot_LocSuf
ezin_qumw_eni	RelConc8_BPre9_NStem_LocSuf	RelConc8_NStem_LocSuf	RelConc8_BPre9_NStem_LocSuf	RelConc8_NStem_LocSuf
mayela_na	NStem_DimSuf	NStem_DimSuf	NStem_DimSuf	NStem_DimSuf
ne_zin_daba	AdvPre_NPrePre10_BPre10_NStem	AdvPre_BPre10_NStem	AdvPre_NPrePre10_BPre10_NStem	AdvPre_BPre10_NStem
ezi_fan_a	RelConc10_VRoot_VerbTerm	RelConc10_VRoot_VerbTerm	RelConc10_VRoot_VerbTerm	RelConc10_VRoot_VerbTerm
ne_sabelomali	AdvPre_NPrePre7_NStem	AdvPre_NStem	AdvPre_NPrePre7_NStem	AdvPre_NStem
si_ka_masipala	PossConc7_PossKA_NStem	PossConc7_PossKA_NStem	PossConc7_PossKA_NStem	PossConc7_PossKA_NStem
,	Punc	PUNC	Punc	PUNC
u_ku_phath_w_a	NPrePre15_BPre15_VRoot_PassExt_VerbTerm	NPrePre15_BPre15_VRoot_PassExt_VerbTerm	NPrePre15_BPre15_VRoot_PassExt_VerbTerm	NPrePre15_BPre15_VRoot_PassExt_VerbTerm
ko_m_hlaba	PossConc15_NPrePre3_BPre3_NStem	PossConc15_BPre3_NStem	PossConc15_NPrePre3_BPre3_NStem	PossConc15_BPre3_NStem
,	Punc	PUNC	Punc	PUNC
u_ku_gqugquzel_a	NPrePre15_BPre15_VRoot_ApplExt_VerbTerm	NPrePre15_BPre15_VRoot_VerbTerm	NPrePre15_BPre15_VRoot_ApplExt_VerbTerm	NPrePre15_BPre15_VRoot_VerbTerm
i_ntuthuko	NPrePre9_BPre9_NStem	NPrePre9_NStem	NPrePre9_BPre9_NStem	NPrePre9_NStem
kwe_zo_mnotho	PossConc15_PossConc8_NStem	PossConc15_PossConc10_NStem	PossConc15_PossConc8_NStem	PossConc15_PossConc10_NStem
we_n_dawo	PossConc3_BPre9_NStem	PossConc3_BPre9_NStem	PossConc3_BPre9_NStem	PossConc3_BPre9_NStem
no_ku_ku_guqul_w_a	AdvPre_NPrePre15_BPre15_LocPre_VRoot_PassExt_VerbTerm	AdvPre_BPre15_BPre15_VRoot_PassExt_VerbTerm	AdvPre_NPrePre15_BPre15_LocPre_VRoot_PassExt_VerbTerm	AdvPre_BPre15_BPre15_VRoot_PassExt_VerbTerm
kwe_si_khungo	PossConc15_NPrePre7_BPre7_NStem	PossConc15_BPre7_NStem	PossConc15_NPrePre7_BPre7_NStem	PossConc15_BPre7_NStem
.	Punc	PUNC	Punc	PUNC
E_kw_enz_e_ni	LocPre_BPre15_VRoot_VerbTerm_LocSuf	LocPre_BPre15_VRoot_VerbTerm_LocSuf	LocPre_BPre15_VRoot_VerbTerm_LocSuf	LocPre_BPre15_VRoot_VerbTerm_LocSuf
u_m_sebenzi	NPrePre3_BPre3_NStem	NPrePre3_BPre3_NStem	NPrePre3_BPre3_NStem	NPrePre3_BPre3_NStem
wa_wo	PossConc3_PronStem3	PossConc3_PronStem6	PossConc3_PronStem3	PossConc3_PronStem6
,	Punc	PUNC	Punc	PUNC
u_hulumeni	NPrePre1a_NStem	NPrePre1a_NStem	NPrePre1a_NStem	NPrePre1a_NStem
wa_s_e_khaya	PossConc1_PreLoc-s_LocPre_NPrePre5_BPre5_NStem	PossConc1_PreLocs_LocPre_NStem	PossConc1_PreLoc-s_LocPre_NPrePre5_BPre5_NStem	PossConc1_PreLocs_LocPre_NStem
ku_fanel_e	SC15_VRoot_ApplExt_VerbTerm	SC15_VRoot_VerbTerm	SC15_VRoot_ApplExt_VerbTerm	SC15_VRoot_VerbTerm
u_xhuman_is_e	NPrePre9_NStem	SC1_VRoot_CausExt_VerbTerm	NPrePre9_NStem	SC1_VRoot_CausExt_VerbTerm
futh_i	Conj	VRoot_VerbTerm	Conj	VRoot_VerbTerm
u_hamb_is_an_is_e	SC1a_VRoot_CausExt_RecipExt_CausExt_VerbTerm	SC3_VRoot_CausExt_RecipExt_CausExt_VerbTerm	SC1a_VRoot_CausExt_RecipExt_CausExt_VerbTerm	SC3_VRoot_CausExt_RecipExt_CausExt_VerbTerm
i_zin_hlelo	NPrePre10_BPre10_NStem	NPrePre10_BPre10_NStem	NPrePre10_BPre10_NStem	NPrePre10_BPre10_NStem
na_ma_su	AdvPre_NPrePre6_BPre6_NStem	AdvPre_BPre6_NStem	AdvPre_NPrePre6_BPre6_NStem	AdvPre_BPre6_NStem
a_wo	PossConc6_PronStem6	PossConc6_PronStem6	PossConc6_PronStem6	PossConc6_PronStem6
na_lawo	AdvPre_Dem6_Pos2	AdvPre_NStem	AdvPre_Dem6_Pos2	AdvPre_NStem
ezi_nye	AdjPref10_AdjStem	AdjPref10_AdjStem	AdjPref10_AdjStem	AdjPref10_AdjStem
i_zi_gaba	NPrePre8_BPre8_NStem	NPrePre8_BPre8_NStem	NPrePre8_BPre8_NStem	NPrePre8_BPre8_NStem
zi_ka_hulumeni	PossConc10_PossKA_NPrePre1a_NStem	PossConc10_PossKA_NStem	PossConc10_PossKA_NPrePre1a_NStem	PossConc10_PossKA_NStem
.	Punc	PUNC	Punc	PUNC
lesi	Dem7_Pos1	CDEM07	Dem7_Pos1	CDEM07
si_fundo	BPre7_NStem	BPre7_NStem	BPre7_NStem	BPre7_NStem
so_ku_bon_akal_a_yo	PossConc7_BPre15_NStem_RelSuf	PossConc7_BPre15_VRoot_NeutExt_VerbTerm_RelSuf	PossConc7_BPre15_NStem_RelSuf	PossConc7_BPre15_VRoot_NeutExt_VerbTerm_RelSuf
si_vez_a	SC7_Intrans_VerbTerm	SC7_VRoot_VerbTerm	SC7_Intrans_VerbTerm	SC7_VRoot_VerbTerm
a_ma_nye	AdjPref6_AdjStem	NPrePre6_AdjPref6_AdjStem	AdjPref6_AdjStem	NPrePre6_BPre6_AdjStem
a_ma_lungis_elelo	NPrePre6_BPre6_NStem	NPrePre6_BPre6_NStem_IntensExt	NPrePre6_BPre6_NStem	NPrePre6_BPre6_NStem_Perf
e_z_a	RelConc9_VRoot_VerbTerm	RelConc9_VRoot_VerbTerm	RelConc9_VRoot_VerbTerm	RelConc9_VRoot_VerbTerm
e_m_va	LocPre_BPre3_Adv	LocPre_BPre3_Adv	LocPre_BPre3_Adv	LocPre_BPre3_Adv
kwe_n_qubo	PossConc15_NPrePre9_BPre9_NStem	PossConc15_BPre9_NStem	PossConc15_NPrePre9_BPre9_NStem	PossConc15_BPre9_NStem
yo_ku_hlol_a	PossConc9_NPrePre15_BPre15_VRoot_VerbTerm	PossConc9_BPre15_VRoot_VerbTerm	PossConc9_NPrePre15_BPre15_VRoot_VerbTerm	PossConc9_BPre15_VRoot_VerbTerm
i__ID_P	NPre9_Abbr	NPrePre9_Abbr_Abbr	NPre9_Abbr	NPrePre9_Abbr_Abbr
yo_Masipala	PossConc9_NStem	PossConc9_NStem	PossConc9_NStem	PossConc9_NStem
We_si_fund_a	PossConc3_NPrePre7_BPre7_NStem	PossConc3_SC1pp_VRoot_VerbTerm	PossConc3_NPrePre7_BPre7_NStem	PossConc1a_BPre7_VRoot_VerbTerm
Sa_se_Nka_nga_la	PossConc7_Pro_BPre9_NStem	PossConc7_Pro_NeutExt_Pot_PossConc5	PossConc7_Pro_BPre9_NStem	PossConc7_Pro_VRoot_AdvPre_CDEM06
.	Punc	PUNC	Punc	PUNC
I_zi_menenja	NPrePre8_BPre8_NStem	NPrePre8_BPre8_NStem	NPrePre8_BPre8_NStem	NPrePre8_BPre8_NStem
za_ma_projekthi	PossConc10_BPre6_NStem	PossConc8_BPre6_NStem	PossConc10_BPre6_NStem	PossConc8_BPre6_NStem
zi_nga_wa_landelel_a	SC8_AdvPre_OC3_VRoot_ApplExt_VerbTerm	SC10_Pot_OC3_VRoot_VerbTerm	SC8_AdvPre_OC3_VRoot_ApplExt_VerbTerm	SC10_Pot_OC6_VRoot_VerbTerm
ka_njani	AdvPre_Interrog	AdvPre_Interrog	AdvPre_Interrog	AdvPre_Interrog
a_ma_projekthi	NPrePre6_BPre6_NStem	NPrePre6_BPre6_NStem	NPrePre6_BPre6_NStem	NPrePre6_BPre6_NStem
futh_i	Conj	VRoot_VerbTerm	Conj	VRoot_VerbTerm
zi_qinis_ek_is_e	SC8_Intrans_CausExt_VerbTerm	SC10_VRoot_NeutExt_CausExt_VerbTerm	SC8_Intrans_CausExt_VerbTerm	SC8_VRoot_NeutExt_CausExt_VerbTerm
u_kuth_i	Conj	NPrePre15_VRoot_VerbTerm	Conj	NPrePre15_VRoot_VerbTerm
zi_sebenz_a	SC10_VRoot_VerbTerm	SC10_VRoot_VerbTerm	SC10_VRoot_VerbTerm	SC10_VRoot_VerbTerm
ngo_ko_hlelo	AdvPre_PossConc15_NStem	AdvPre_PossConc15_NStem	AdvPre_PossConc15_NStem	AdvPre_PossConc15_NStem
?	Punc	PUNC	Punc	PUNC
A_ba_bambiqhaz_a	NPrePre2_BPre2_NStem	NPrePre2_BPre2_VRoot_VerbTerm	NPrePre2_BPre2_NStem	SC6_BPre2_VRoot_VerbTerm
ba_sebenz_a	SC2_VRoot_VerbTerm	SC2_VRoot_VerbTerm	SC2_VRoot_VerbTerm	SC2_VRoot_VerbTerm
nga_ma_qembu	AdvPre_NPrePre6_BPre6_NStem	AdvPre_BPre6_NStem	AdvPre_NPrePre6_BPre6_NStem	AdvPre_BPre6_NStem
aba_ntu	NPrePre2_BPre2_NStem	RelConc2_NStem	NPrePre2_BPre2_NStem	RelConc2_NStem
aba__4	RelConc2_Num	RelConc2_Num	RelConc2_Num	RelConc2_Num
ku_y_a	SC15_VRoot_VerbTerm	SC15_VRoot_VerbTerm	SC15_VRoot_VerbTerm	SC15_VRoot_VerbTerm
kwa_ba_yi__	PossConc15_RelConc2_CopPre_NPrePre4	PossConc15_BPre2_CopPre	PossConc15_RelConc2_CopPre_NPrePre4	PossConc15_RelConc2_NStem
6	Num	NUM	Num	NUM
b_enz_a	SC2_VRoot_VerbTerm	SC2_VRoot_VerbTerm	SC2_VRoot_VerbTerm	SC2_VRoot_VerbTerm
u_hlelo	NPrePre11_BPre11_NStem	NPrePre11_NStem	NPrePre11_BPre11_NStem	NPrePre11_NStem
lo_ku_sebenz_a	PossConc11_NPrePre15_BPre15_VRoot_VerbTerm	PossConc11_BPre15_VRoot_VerbTerm	PossConc11_NPrePre15_BPre15_VRoot_VerbTerm	PossConc11_BPre15_VRoot_VerbTerm
lu_ka_masipala	PossConc1a_NStem	PossConc5_PossKA_NStem	PossConc1a_NStem	PossConc5_PossKA_NStem
.	Punc	PUNC	Punc	PUNC
U_ku_bamb_a	NPrePre15_BPre15_VRoot_VerbTerm	NPrePre15_BPre15_VRoot_VerbTerm	NPrePre15_BPre15_VRoot_VerbTerm	NPrePre15_BPre15_VRoot_VerbTerm
i_qhaz_a	NPrePre5_BPre5_NStem	SC9_VRoot_VerbTerm	NPrePre5_BPre5_NStem	SC9_VRoot_VerbTerm
ko_m_phakathi	PossConc15_NPrePre3_BPre3_NStem	PossConc15_BPre3_NStem	PossConc15_NPrePre3_BPre3_NStem	PossConc15_BPre3_NStem
o_hlelw_eni	LocPre_NStem_LocSuf	LocPre_NStem_LocSuf	LocPre_NStem_LocSuf	LocPre_NStem_LocSuf
lwe__ID_P	PossConc11_NPrePre9_Abbr	PossConc11_NPrePre4_Abbr	PossConc11_NPrePre9_Abbr	PossConc11_NPrePre9_Abbr
kw_enz_a	SC15_VRoot_VerbTerm	SC15_VRoot_VerbTerm	SC15_VRoot_VerbTerm	SC15_VRoot_VerbTerm
i_zakhamuzi	NPrePre8_BPre8_NStem	BPre9_NStem	NPrePre8_BPre8_NStem	NPrePre8_NStem
zi_nga_bi	SC8_NegPre_AuxVStem	SC8_NegPre_AuxVStem	SC8_NegPre_AuxVStem	SC10_NegPre_AuxVStem
nga_ba_khange_z_a_yo	AdvPre_NPrePre2_BPre2_VRoot_VerbTerm_RelSuf	AdvPre_BPre2_VRoot_NeutExt_VerbTerm_RelSuf	AdvPre_NPrePre2_BPre2_VRoot_VerbTerm_RelSuf	AdvPre_RelConc2_VRoot_VRoot_VerbTerm_RelSuf
ku_phel_a	SC15_VRoot_VerbTerm	SC15_VRoot_VerbTerm	SC15_VRoot_VerbTerm	SC15_VRoot_VerbTerm
,	Punc	PUNC	Punc	PUNC
kodwa	Conj	Conj	Conj	Conj
ba_be	SC2_AuxVStem	SC2_AuxVStem	SC2_AuxVStem	SC2_AuxVStem
y_i_z_akhamuzi	CopPre_NPrePre8_BPre8_NStem	CopPre_NPrePre8_BPre8_NStem	CopPre_NPrePre8_BPre8_NStem	CopPre_NPrePre8_BPre8_NStem
ezi_suku_mayo	RelConc8_VRoot_VerbTerm_RelSuf	RelConc8_NStem_NStem	RelConc8_VRoot_VerbTerm_RelSuf	RelConc8_BPre11_NStem
zi_bamb_e	SC8_VRoot_VerbTerm	SC8_VRoot_VerbTerm	SC8_VRoot_VerbTerm	SC10_VRoot_VerbTerm
i_qhaz_a	NPrePre5_BPre5_NStem	SC9_VRoot_VerbTerm	NPrePre5_BPre5_NStem	SC9_VRoot_VerbTerm
e_ku_fez_e_ni	LocPre_BPre15_VRoot_VerbTerm_LocSuf	LocPre_OC15_VRoot_VerbTerm_LocSuf	LocPre_BPre15_VRoot_VerbTerm_LocSuf	LocPre_OC15_VRoot_VerbTerm_LocSuf
i_zi_fiso	NPrePre8_BPre8_NStem	NPrePre8_BPre8_NStem	NPrePre8_BPre8_NStem	NPrePre8_BPre8_NStem
za_zo	PossConc8_PronStem10	PossConc10_PronStem10	PossConc8_PronStem10	PossConc10_PronStem10
ezi_s_e_m_qoka	RelConc8_PreLoc-s_LocPre_BPre3_NStem	RelConc8_PreLocs_LocPre_BPre3_NStem	RelConc8_PreLoc-s_LocPre_BPre3_NStem	RelConc8_PreLocs_LocPre_BPre3_NStem
ze_ze_ntuthuko	PossConc8_PossConc10_BPre10_NStem	PossConc10_PossConc10_NStem	PossConc8_PossConc10_BPre10_NStem	PossConc10_PossConc10_NStem
.	Punc	PUNC	Punc	PUNC
U_ku_phath_a	NPrePre15_BPre15_NStem	NPrePre15_BPre15_VRoot_VerbTerm	NPrePre15_BPre15_NStem	NPrePre15_BPre15_VRoot_VerbTerm
u_ku_sebenz_a	NPrePre15_BPre15_VRoot_VerbTerm	NPrePre15_BPre15_VRoot_VerbTerm	NPrePre15_BPre15_VRoot_VerbTerm	NPrePre15_BPre15_VRoot_VerbTerm
nge_mfanelo	AdvPre_BPre9_NStem	AdvPre_NStem	AdvPre_BPre9_NStem	AdvPre_NStem
yi_thuluzi	CopPre_NStem	CopPre_NStem	CopPre_NStem	CopPre_NStem
oku_ng_enz_ek_a	RelConc15_Pot_VRoot_NeutExt_VerbTerm	RelConc15_Pot_VRoot_NeutExt_VerbTerm	RelConc15_Pot_VRoot_NeutExt_VerbTerm	RelConc15_Pot_VRoot_NeutExt_VerbTerm
li_setshenz_is_w_e	SC5_VRoot_CausExt_PassExt_VerbTerm	SC5_VRoot_CausExt_PassExt_VerbTerm	SC5_VRoot_CausExt_PassExt_VerbTerm	SC5_VRoot_CausExt_PassExt_VerbTerm
u_ku_siz_a	NPrePre15_BPre15_VRoot_VerbTerm	NPrePre15_BPre15_VRoot_VerbTerm	NPrePre15_BPre15_VRoot_VerbTerm	NPrePre15_BPre15_VRoot_VerbTerm
u_ku_qinis_ek_is_a	NPrePre15_BPre15_VRoot_CausExt_VerbTerm	NPrePre15_BPre15_VRoot_NeutExt_CausExt_VerbTerm	NPrePre15_BPre15_VRoot_CausExt_VerbTerm	NPrePre15_BPre15_VRoot_NeutExt_CausExt_VerbTerm
u_kwe_thul_a	NPrePre15_BPre15_VRoot_VerbTerm	NPrePre15_BPre15_VRoot_VerbTerm	NPrePre15_BPre15_VRoot_VerbTerm	NPrePre15_BPre15_VRoot_VerbTerm
kwe_zin_sizakalo	PossConc15_NPrePre10_BPre10_NStem	PossConc15_BPre10_NStem	PossConc15_NPrePre10_BPre10_NStem	PossConc15_BPre10_NStem
ka_nye	AdvPre_AdjStem	AdvPre_AdjStem	AdvPre_AdjStem	AdvPre_AdjStem
no_kw_enz_a	AdvPre_NPrePre15_BPre15_VRoot_VerbTerm	AdvPre_BPre15_VRoot_VerbTerm	AdvPre_NPrePre15_BPre15_VRoot_VerbTerm	AdvPre_BPre15_VRoot_VerbTerm
ngcono	Adv	Adv	Adv	Adv
u_ku_sebenz_a	NPrePre15_BPre15_VRoot_VerbTerm	NPrePre15_BPre15_VRoot_VerbTerm	NPrePre15_BPre15_VRoot_VerbTerm	NPrePre15_BPre15_VRoot_VerbTerm
nge_mfanelo	AdvPre_BPre9_NStem	AdvPre_NStem	AdvPre_BPre9_NStem	AdvPre_NStem
e_ku_khiqiz_e_ni	RelConc9_LocPre_NStem_LocSuf	LocPre_OC15_VRoot_VerbTerm_LocSuf	RelConc9_LocPre_NStem_LocSuf	LocPre_BPre15_VRoot_VerbTerm_LocSuf
na_s_e_zinge_ni	AdvPre_PreLoc-s_LocPre_NStem_LocSuf	AdvPre_PreLocs_LocPre_NStem_LocSuf	AdvPre_PreLoc-s_LocPre_NStem_LocSuf	AdvPre_PreLocs_LocPre_NStem_LocSuf
eli_fanel_e	RelConc5_VRoot_ApplExt_VerbTerm	RelConc5_VRoot_VerbTerm	RelConc5_VRoot_ApplExt_VerbTerm	RelConc5_VRoot_VerbTerm
.	Punc	PUNC	Punc	PUNC
Okwe_si_thathu	BPre2a_PossConc15_BPre7_NStem	RelConc15_BPre7_AdjStem	BPre2a_PossConc15_BPre7_NStem	RelConc15_BPre7_AdjStem
,	Punc	PUNC	Punc	PUNC
lokho	Dem15_Pos2	CDEM15	Dem15_Pos2	CDEM15
oku_phambili	BPre2a_NStem	RelConc15_NStem	BPre2a_NStem	RelConc15_NStem
o_hlw_ini	RelConc3_NPrePre11_BPre11_NStem_LocSuf	RelConc3_NStem_LocSuf	RelConc3_NPrePre11_BPre11_NStem_LocSuf	RelConc3_NStem_LocSuf
lo_ku_balulek_il_e	PossConc5_BPre15_VRoot_Perf	PossConc5_BPre15_VRoot_Perf_VerbTerm	PossConc5_BPre15_VRoot_Perf	PossConc5_BPre15_VRoot_Perf_VerbTerm
oku_mayela_na	RelConc15_NStem_DimSuf	RelConc15_NStem_DimSuf	RelConc15_NStem_DimSuf	RelConc15_NStem_DimSuf
no_kwe_lul_a	AdvPre_BPre15_VRoot_VerbTerm	AdvPre_BPre15_VRoot_VerbTerm	AdvPre_BPre15_VRoot_VerbTerm	AdvPre_BPre15_VRoot_VerbTerm
noma	Conj	Conj	Conj	Conj
no_kw_enz_iw_a	AdvPre_NPrePre15_BPre15_VRoot_PassExt_VerbTerm	AdvPre_BPre15_VRoot_PassExt_VerbTerm	AdvPre_NPrePre15_BPre15_VRoot_PassExt_VerbTerm	AdvPre_BPre15_VRoot_PassExt_VerbTerm
ngcono	Adv	Adv	Adv	Adv
kwe_mi_sebenzi	PossConc15_NPrePre4_BPre4_NStem	PossConc15_BPre4_NStem	PossConc15_NPrePre4_BPre4_NStem	PossConc15_BPre4_NStem
ku_mel_e	SC15_VRoot_VerbTerm	SC15_VRoot_VerbTerm	SC15_VRoot_VerbTerm	SC15_VRoot_VerbTerm
ku_nquny_w_e	LocPre_BPre9_NStem	SC15_VRoot_PassExt_VerbTerm	LocPre_BPre9_NStem	SC15_VRoot_PassExt_VerbTerm
ngakho	Adv	Adv	Adv	Adv
.	Punc	PUNC	Punc	PUNC
Uma	Conj	Conj	Conj	Conj
se_bek_w_ethul_il_e	SC2_Pas_BPre15_VRoot_VerbTerm	PossConc7_VRoot_OC3_VRoot_Perf_VerbTerm	SC2_Pas_BPre15_VRoot_VerbTerm	Pro_VRoot_PassExt_VRoot_Perf_VerbTerm
aba_kuthol_il_e	RelConc2_BPre15_VRoot_Perf	RelConc2_Intrans_Perf_VerbTerm	RelConc2_BPre15_VRoot_Perf	RelConc2_Intrans_Perf_VerbTerm
e_m_hlanganw_eni	LocPre_NPrePre3_BPre3_NStem_LocSuf	LocPre_BPre3_NStem_LocSuf	LocPre_NPrePre3_BPre3_NStem_LocSuf	LocPre_BPre3_NStem_LocSuf
wa_bo	PossConc3_PronStem2	PossConc3_PronStem2	PossConc3_PronStem2	PossConc3_PronStem2
bo_nke	QuantConc2_QuantStem	QuantConc2_QuantStem	QuantConc2_QuantStem	QuantConc2_QuantStem
,	Punc	PUNC	Punc	PUNC
abe_hlukan_e	RelConc2_NStem	RelConc2_VRoot_VerbTerm	RelConc2_NStem	RelConc2_VRoot_VerbTerm
ba_be	SC2_AuxVStem	SC2_AuxVStem	SC2_AuxVStem	SC2_AuxVStem
nga_ma_qembu	AdvPre_NPrePre6_BPre6_NStem	AdvPre_BPre6_NStem	AdvPre_NPrePre6_BPre6_NStem	AdvPre_BPre6_NStem
a_ma_ncane	AdjPref6_AdjStem	NPrePre6_BPre6_AdjStem	AdjPref6_AdjStem	NPrePre6_BPre6_AdjStem
be_se	SC2_AuxVStem	SC2_AuxVStem	SC2_AuxVStem	SC2_AuxVStem
u_nik_a	SC1_VRoot_VerbTerm	SC3_VRoot_VerbTerm	SC1_VRoot_VerbTerm	SC3_VRoot_VerbTerm
lelo	Dem5_Pos2	CDEM05	Dem5_Pos2	CDEM05
na_lelo	AdvPre_Dem5_Pos2	AdvPre_NStem	AdvPre_Dem5_Pos2	AdvPre_NStem
qembu	NStem	NStem	NStem	NStem
a_ma_phuzu	NPrePre6_BPre6_NStem	NPrePre6_BPre6_NStem	NPrePre6_BPre6_NStem	NPrePre6_BPre6_NStem
oku_hlol_a	RelConc15_VRoot_VerbTerm	RelConc15_VRoot_VerbTerm	RelConc15_VRoot_VerbTerm	RelConc15_VRoot_VerbTerm
i_m_pahla	NPrePre9_BPre9_NStem	NPrePre9_BPre3_NStem	NPrePre9_BPre9_NStem	NPrePre9_BPre9_NStem
yo_ku_sebenz_a	PossConc9_NPrePre15_BPre15_VRoot_VerbTerm	PossConc9_BPre15_VRoot_VerbTerm	PossConc9_NPrePre15_BPre15_VRoot_VerbTerm	PossConc9_BPre15_VRoot_VerbTerm
a_nge_bhal_w_e	SC6_NegPre_VRoot_PassExt_VerbTerm	SC6_AdvPre_VRoot_PassExt_VerbTerm	SC6_NegPre_VRoot_PassExt_VerbTerm	NegPre_NegPre_VRoot_PassExt_VerbTerm
lu_tho	BPre11_NStem	BPre11_NStem	BPre11_NStem	BPre11_NStem
.	Punc	PUNC	Punc	PUNC
A_ba_bamb_e	RelConc2_VRoot_VerbTerm	NegPre_BPre2_VRoot_VerbTerm	RelConc2_VRoot_VerbTerm	NPrePre2_SC2_VRoot_VerbTerm
i_qhaz_a	NPrePre5_BPre5_NStem	SC9_VRoot_VerbTerm	NPrePre5_BPre5_NStem	SC9_VRoot_VerbTerm
ku_mel_e	SC15_VRoot_VerbTerm	SC15_VRoot_VerbTerm	SC15_VRoot_VerbTerm	SC15_VRoot_VerbTerm
ba_qed_el_e	SC2a_VRoot_VerbTerm	SC2_VRoot_ApplExt_VerbTerm	SC2a_VRoot_VerbTerm	SC2_VRoot_ApplExt_VerbTerm
u_hlu	NPrePre11_BPre11_NStem	NPrePre11_NStem	NPrePre11_BPre11_NStem	NPrePre11_NStem
lwa_ma_phuzu	PossConc11_NPrePre6_BPre6_NStem	PossConc11_BPre6_NStem	PossConc11_NPrePre6_BPre6_NStem	PossConc11_BPre6_NStem
oku_hlol_a	RelConc15_VRoot_VerbTerm	RelConc15_VRoot_VerbTerm	RelConc15_VRoot_VerbTerm	RelConc15_VRoot_VerbTerm
e_qembu	RelConc9_NPrePre5_BPre5_NStem	LocPre_NStem	RelConc9_NPrePre5_BPre5_NStem	LocPre_NStem
eli_lo_dwa	RelConc5_QuantConc5_QuantStem	RelConc5_QuantConc5_QuantStem	RelConc5_QuantConc5_QuantStem	RelConc5_QuantConc5_QuantStem
esi_gceme_ni	RelConc7_NStem_LocSuf	RelConc7_NStem_LocSuf	RelConc7_NStem_LocSuf	RelConc7_NStem_LocSuf
sa_bo	PossConc7_PronStem2	PossConc7_PronStem2	PossConc7_PronStem2	PossConc7_PronStem2
.	Punc	PUNC	Punc	PUNC
U_kw_akh_iw_a	NPre15_BPre15_VRoot_PassExt_VerbTerm	NPrePre15_BPre15_VRoot_PassExt_VerbTerm	NPre15_BPre15_VRoot_PassExt_VerbTerm	NPrePre15_BPre15_VRoot_PassExt_VerbTerm
kwe_mi_khandlu	PossConc15_NPrePre4_BPre4_NStem	PossConc15_BPre4_NStem	PossConc15_NPrePre4_BPre4_NStem	PossConc15_BPre4_NStem
ye_si_fund_a	PossConc9_NPrePre7_BPre7_NStem	PossConc9_SC1pp_VRoot_VerbTerm	PossConc9_NPrePre7_BPre7_NStem	PossConc9_SC1pp_VRoot_VerbTerm
ye__AIDS	PossConc9_NPrePre9_ProperName	PossConc9_ProperName	PossConc9_NPrePre9_ProperName	PossConc9_ProperName
.	Punc	PUNC	Punc	PUNC
I_si_thunzi	NPrePre7_BPre7_NStem	NPrePre7_BPre7_NStem	NPrePre7_BPre7_NStem	NPrePre7_BPre7_NStem
_	Punc		Punc	
u_ku_sebenz_is_an_a	NPrePre15_BPre15_VRoot_CausExt_RecipExt_VerbTerm	NPrePre15_BPre15_VRoot_CausExt_RecipExt_VerbTerm	NPrePre15_BPre15_VRoot_CausExt_RecipExt_VerbTerm	NPrePre15_BPre15_VRoot_CausExt_RecipExt_VerbTerm
na_bo	AdvPre_PronStem2	AdvPre_PronStem2	AdvPre_PronStem2	AdvPre_PronStem2
bo_nke	QuantConc2_QuantStem	QuantConc2_QuantStem	QuantConc2_QuantStem	QuantConc2_QuantStem
aba_bamb_e	RelConc2_VRoot_VerbTerm	RelConc2_VRoot_VerbTerm	RelConc2_VRoot_VerbTerm	RelConc2_VRoot_VerbTerm
i_qhaz_a	NPrePre5_BPre5_NStem	SC9_VRoot_VerbTerm	NPrePre5_BPre5_NStem	SC9_VRoot_VerbTerm
ku_fanel_e	SC15_VRoot_VerbTerm	SC15_VRoot_VerbTerm	SC15_VRoot_VerbTerm	SC15_VRoot_VerbTerm
ku_ncik_e	SC15_VRoot_VerbTerm	SC15_VRoot_VerbTerm	SC15_VRoot_VerbTerm	SC15_VRoot_VerbTerm
e_ku_hloniphane_ni	LocPre_BPre15_VRoot_RecipExt_VerbTerm_LocSuf	LocPre_BPre15_VRoot_VerbTerm	LocPre_BPre15_VRoot_RecipExt_VerbTerm_LocSuf	LocPre_BPre15_VRoot_LocSuf
,	Punc	PUNC	Punc	PUNC
u_ku_lingan_a	NPrePre15_BPre15_VRoot_VerbTerm	NPrePre15_BPre15_VRoot_VerbTerm	NPrePre15_BPre15_VRoot_VerbTerm	NPrePre15_BPre15_VRoot_VerbTerm
ne_si_thunzi	AdvPre_NPrePre7_BPre7_NStem	AdvPre_BPre7_NStem	AdvPre_NPrePre7_BPre7_NStem	AdvPre_BPre7_NStem
.	Punc	PUNC	Punc	PUNC
U_m_phathidolobha	NPrePre1_BPre1_NStem	NPrePre1_BPre1_NStem	NPrePre1_BPre1_NStem	NPrePre1_BPre1_NStem
uMathabo	ProperName	ProperName	ProperName	ProperName
Leeto	ProperName	ProperName	ProperName	CDEM09
wa_ku_masipala	PossConc1_LocPre_NStem	PossConc3_BPre15_NStem	PossConc1_LocPre_NStem	PossConc3_BPre15_NStem
wa_s_e_Matjhabe_ng	PossConc1_PreLoc-s_LocPre_NStem_LocSuf	PossConc3_PreLocs_LocPre_ProperName_VerbTerm	PossConc1_PreLoc-s_LocPre_NStem_LocSuf	PossConc3_PreLocs_LocPre_ProperName_AdvPre
e__Free	LocPre_ProperName	LocPre_ProperName	LocPre_ProperName	LocPre_ProperName
State	ProperName	ProperName	ProperName	ProperName
wa_ngen_a	SC1_VRoot_VerbTerm	SC3_VRoot_VerbTerm	SC1_VRoot_VerbTerm	SC2_VRoot_VerbTerm
e_hhovisi	LocPre_NStem	LocPre_NStem	LocPre_NStem	LocPre_NStem
ngo_Mashi	AdvPre_NPrePre1_NStem	AdvPre_ProperName	AdvPre_NPrePre1_NStem	AdvPre_ProperName
20_06	Num	Num_Num	Num	Num_Num
.	Punc	PUNC	Punc	PUNC
Nge_nkathi	AdvPre_NPrePre9_NStem	AdvPre_NStem	AdvPre_NPrePre9_NStem	AdvPre_NStem
e_qal_a	SC1_VRoot_VerbTerm	RelConc9_VRoot_VerbTerm	SC1_VRoot_VerbTerm	RelConc9_VRoot_VerbTerm
u_ku_sebenz_a	NPrePre15_BPre15_VRoot_VerbTerm	NPrePre15_BPre15_VRoot_VerbTerm	NPrePre15_BPre15_VRoot_VerbTerm	NPrePre15_BPre15_VRoot_VerbTerm
ku_leli	LocPre_Dem5_Pos1	LocPre_NStem	LocPre_Dem5_Pos1	LocPre_NStem
hhovisi	NStem	NStem	NStem	NStem
lo_masipala	PossConc5_NPrePre1a_NStem	PossConc5_NStem	PossConc5_NPrePre1a_NStem	PossConc5_NStem
wa_ye_kw_eleta	SC1_Past_VRoot_VerbTerm	PossConc1_CopPre_BPre15_NStem	SC1_Past_VRoot_VerbTerm	SC1_CopPre_BPre15_NStem
i__Se_di_be_ng	NPrePre9_ProperName	SC9_Pro_Pro_BPre2_NStem	NPrePre9_ProperName	SC9_Pro_AuxVStem_AuxVStem_NStem
Water	ProperName	ProperName	ProperName	ProperName
i_mali	NPrePre9_BPre9_NStem	NPrePre9_NStem	NPrePre9_BPre9_NStem	NPrePre9_NStem
e_y_isa_mb_a	RelConc5_CopPre_NPrePre9_NStem	RelConc4_CopPre_CausExt_VRoot_VerbTerm	RelConc5_CopPre_NPrePre9_NStem	RelConc4_CopPre_CausExt_VRoot_VerbTerm
esi_khulu	AdjPref7_AdjStem	AdjPref7_AdjStem	AdjPref7_AdjStem	AdjPref7_AdjStem
.	Punc	PUNC	Punc	PUNC
E_mu_va	LocPre_BPre3_Adv	LocPre_BPre3_Adv	LocPre_BPre3_Adv	LocPre_BPre3_Adv
nje	Adv	Adv	Adv	Adv
kwe_zi_nyanga	PossConc15_NPrePre10_BPre1_NStem	PossConc15_BPre10_NStem	PossConc15_NPrePre10_BPre1_NStem	PossConc15_BPre10_NStem
e_thath_e	SC1_VRoot_VerbTerm	RelConc9_VRoot_VerbTerm	SC1_VRoot_VerbTerm	RelConc9_VRoot_VerbTerm
lesi	Dem7_Pos1	CDEM07	Dem7_Pos1	CDEM07
si_khundla	BPre7_NStem	BPre7_NStem	BPre7_NStem	BPre7_NStem
i_si_kweletu	NPrePre7_BPre7_NStem	NPrePre7_BPre7_NStem	NPrePre7_BPre7_NStem	NPrePre7_BPre7_NStem
sa_khokh_el_w_a	SC7_VRoot_ApplExt_PassExt_VerbTerm	SC7_VRoot_ApplExt_PassExt_VerbTerm	SC7_VRoot_ApplExt_PassExt_VerbTerm	PossConc7_VRoot_ApplExt_PassExt_VerbTerm
.	Punc	PUNC	Punc	PUNC
Nga_phandle	AdvPre_Adv	AdvPre_Adv	AdvPre_Adv	AdvPre_Adv
kwa_lesi	PossConc15_Dem7_Pos1	PossConc15_NStem	PossConc15_Dem7_Pos1	PossConc15_NStem
si_kweletu	BPre7_NStem	BPre7_NStem	BPre7_NStem	BPre7_NStem
i_mali	NPrePre9_NStem	NPrePre9_NStem	NPrePre9_NStem	NPrePre9_NStem
yo_ku_sebenz_is_a	PossConc9_NPrePre15_BPre15_VRoot_CausExt_VerbTerm	PossConc9_BPre15_VRoot_CausExt_VerbTerm	PossConc9_NPrePre15_BPre15_VRoot_CausExt_VerbTerm	PossConc9_BPre15_VRoot_CausExt_VerbTerm
u_cingo	NPrePre11_NStem	NPrePre11_NStem	NPrePre11_NStem	NPrePre11_NStem
ng_u_masipala	CopPre_NPrePre1a_NStem	CopPre_NPrePre1_NStem	CopPre_NPrePre1a_NStem	CopPre_NPrePre1_NStem
ya_yi_phezulu	SC9_SC9_Adv	PossConc9_CopPre_Adv	SC9_SC9_Adv	PossConc9_CopPre_Adv
ka_khulu	AdvPre_AdjStem	AdvPre_AdjStem	AdvPre_AdjStem	AdvPre_AdjStem
na_yo	AdvPre_PronStem9	AdvPre_PronStem9	AdvPre_PronStem9	AdvPre_PronStem9
ngoba	Conj	Conj	Conj	Conj
u_ku_qoq_w_a	NPrePre15_BPre15_VRoot_PassExt_VerbTerm	NPrePre15_BPre15_VRoot_PassExt_VerbTerm	NPrePre15_BPre15_VRoot_PassExt_VerbTerm	NPrePre15_BPre15_VRoot_PassExt_VerbTerm
kwe_mali	PossConc15_NPrePre9_NStem	PossConc15_NStem	PossConc15_NPrePre9_NStem	PossConc15_NStem
e_ngen_a_yo	RelConc9_VRoot_VerbTerm_RelSuf	RelConc4_VRoot_VerbTerm_RelSuf	RelConc9_VRoot_VerbTerm_RelSuf	RelConc4_VRoot_VerbTerm_RelSuf
kwa_ku_ku_bi	SC15_SC15_BPre15_AdjStem	PossConc15_BPre15_BPre15_AuxVStem	SC15_SC15_BPre15_AdjStem	PossConc15_SC15_BPre15_AuxVStem
lokhu	Dem15_Pos1	CDEM15	Dem15_Pos1	CDEM15
kwa_shiy_a	SC15_VRoot_VerbTerm	SC15_VRoot_VerbTerm	SC15_VRoot_VerbTerm	SC15_VRoot_VerbTerm
u_masipala	NPrePre1a_NStem	NPrePre1a_NStem	NPrePre1a_NStem	NPrePre1a_NStem
e_shikashik_ek_a	SC1_VRoot_NeutExt_VerbTerm	RelConc9_VRoot_NeutExt_VerbTerm	SC1_VRoot_NeutExt_VerbTerm	RelConc9_VRoot_NeutExt_VerbTerm
u_ku_khokh_a	NPrePre15_BPre15_VRoot_VerbTerm	NPrePre15_BPre15_VRoot_VerbTerm	NPrePre15_BPre15_VRoot_VerbTerm	NPrePre15_BPre15_VRoot_VerbTerm
i_zi_kweletu	NPrePre8_BPre8_NStem	NPrePre8_BPre8_NStem	NPrePre8_BPre8_NStem	NPrePre8_BPre8_NStem
za_khe	PossConc8_PronStem1	PossConc10_PronStem1	PossConc8_PronStem1	PossConc10_PronStem1
.	Punc	PUNC	Punc	PUNC
U_m_phathidolobha	NPrePre1_BPre1_NStem	NPrePre1_BPre1_NStem	NPrePre1_BPre1_NStem	NPrePre3_BPre1_NStem
wa_m_is_a	SC1_VRoot_VerbTerm	SC1_VRoot_CausExt_VerbTerm	SC1_VRoot_VerbTerm	SC1_VRoot_CausExt_VerbTerm
i_komiti	NPrePre5_NStem	NPrePre9_NStem	NPrePre5_NStem	NPrePre9_NStem
lo_ku_bhek_a	PossConc5_NPrePre15_BPre15_VRoot_VerbTerm	PossConc5_BPre15_VRoot_VerbTerm	PossConc5_NPrePre15_BPre15_VRoot_VerbTerm	PossConc5_BPre15_VRoot_VerbTerm
i_mali	NPrePre9_NStem	NPrePre9_NStem	NPrePre9_NStem	NPrePre9_NStem
e_ngen_a_yo	RelConc9_VRoot_VerbTerm_RelSuf	RelConc4_VRoot_VerbTerm_RelSuf	RelConc9_VRoot_VerbTerm_RelSuf	RelConc4_VRoot_VerbTerm_RelSuf
no_ku_setshenz_is_w_a	AdvPre_NPrePre15_BPre15_VRoot_CausExt_PassExt_VerbTerm	AdvPre_BPre15_VRoot_CausExt_PassExt_VerbTerm	AdvPre_NPrePre15_BPre15_VRoot_CausExt_PassExt_VerbTerm	AdvPre_BPre15_VRoot_CausExt_PassExt_VerbTerm
kwa_yo	PossConc15_PronStem9	PossConc15_PronStem4	PossConc15_PronStem9	PossConc15_PronStem4
eli_hlangan_a	RelConc5_VRoot_VerbTerm	RelConc5_Intrans_VerbTerm	RelConc5_VRoot_VerbTerm	RelConc5_Intrans_VerbTerm
njalo	Adv	Adv	Adv	Adv
nge_viki	AdvPre_NStem	AdvPre_NStem	AdvPre_NStem	AdvPre_NStem
be_se	SC2_AuxVStem	SC2_AuxVStem	SC2_AuxVStem	SC2_AuxVStem
li_nikez_a	SC5_VRoot_VerbTerm	SC5_VRoot_VerbTerm	SC5_VRoot_VerbTerm	SC5_VRoot_VerbTerm
i_mi_biko	NPrePre4_BPre4_NStem	NPrePre4_BPre4_NStem	NPrePre4_BPre4_NStem	NPrePre4_BPre4_NStem
nge_mali	AdvPre_NPrePre9_NStem	AdvPre_NStem	AdvPre_NPrePre9_NStem	AdvPre_NStem
e_ngen_a_yo	RelConc9_VRoot_VerbTerm_RelSuf	RelConc4_VRoot_VerbTerm_RelSuf	RelConc9_VRoot_VerbTerm_RelSuf	RelConc9_VRoot_VerbTerm_RelSuf
ne_phumayo	AdvPre_VRoot_VerbTerm_RelSuf	AdvPre_NStem	AdvPre_VRoot_VerbTerm_RelSuf	AdvPre_NStem
ku_masipala	LocPre_NStem	LocPre_NStem	LocPre_NStem	LocPre_NStem
ka_nye	Conj	AdvPre_AdjStem	Conj	AdvPre_AdjStem
ne_zin_dawo	AdvPre_NPrePre10_BPre10_NStem	AdvPre_BPre10_NStem	AdvPre_NPrePre10_BPre10_NStem	AdvPre_BPre10_NStem
oku_ng_enz_ek_a	RelConc15_Pot_VRoot_NeutExt_VerbTerm	RelConc15_Pot_VRoot_NeutExt_VerbTerm	RelConc15_Pot_VRoot_NeutExt_VerbTerm	RelConc15_Pot_VRoot_NeutExt_VerbTerm
zi_bu_thakathaka	SC10_BPre14_VRoot_VerbTerm	BPre8_BPre14_NStem	SC10_BPre14_VRoot_VerbTerm	BPre8_BPre14_NStem
e_ku_sebenze_ni	LocPre_BPre15_VRoot_VerbTerm_LocSuf	LocPre_BPre15_VRoot_VerbTerm	LocPre_BPre15_VRoot_VerbTerm_LocSuf	LocPre_BPre15_VRoot_VerbTerm
na_s_e_ku_thul_w_e_ni	AdvPre_PreLoc-s_LocPre_BPre15_VRoot_PassExt_RecipExt_VerbTerm	AdvPre_PreLocs_LocPre_BPre15_VRoot_PassExt_VerbTerm_LocSuf	AdvPre_PreLoc-s_LocPre_BPre15_VRoot_PassExt_RecipExt_VerbTerm	AdvPre_PreLocs_LocPre_BPre15_VRoot_PassExt_VerbTerm_LocSuf
kwe_zin_sizakalo	PossConc15_NPrePre10_BPre10_NStem	PossConc15_BPre10_NStem	PossConc15_NPrePre10_BPre10_NStem	PossConc15_BPre10_NStem
ng_u_masipala	CopPre_NPrePre1_NStem	CopPre_NPrePre1_NStem	CopPre_NPrePre1_NStem	CopPre_NPrePre1_NStem
.	Punc	PUNC	Punc	PUNC
Ngenxa	Conj	Adv	Conj	Adv
yo_ku_th_i	PossConc9_Conj	PossConc9_BPre15_VRoot_VerbTerm	PossConc9_Conj	PossConc9_BPre15_VRoot_VerbTerm
u_masipala	NPrePre1a_NStem	NPrePre1a_NStem	NPrePre1a_NStem	NPrePre1a_NStem
wa_ye_no_lw_az_i	RelConc1_PossConc9_AdvPre_NPrePre11_BPre11_NStem	SC1_Pres_AdvPre_BPre11_VRoot_VerbTerm	RelConc1_PossConc9_AdvPre_NPrePre11_BPre11_NStem	SC1_CopPre_AdvPre_BPre11_VRoot_VerbTerm
olu_ncane	RelConc11_AdjStem	RelConc11_AdjStem	RelConc11_AdjStem	RelConc11_AdjStem
nge_z_akhamizi	AdvPre_NPrePre8_NStem	AdvPre_BPre8_NStem	AdvPre_NPrePre8_NStem	AdvPre_BPre8_NStem
zi_ka_masipala	PossConc8_PossKA_NStem	PossConc8_PossKA_NStem	PossConc8_PossKA_NStem	PossConc8_PossKA_NStem
,	Punc	PUNC	Punc	PUNC
i_phrojekthi	NPrePre5_NStem	NPrePre5_NStem	NPrePre5_NStem	NPrePre5_NStem
yo_ku_qoq_a	PossConc9_NPrePre15_BPre15_VRoot_VerbTerm	PossConc9_BPre15_VRoot_VerbTerm	PossConc9_NPrePre15_BPre15_VRoot_VerbTerm	PossConc9_BPre15_VRoot_VerbTerm
u_lw_az_i	NPrePre11_BPre11_NStem	NPrePre11_BPre11_VRoot_VerbTerm	NPrePre11_BPre11_NStem	NPrePre11_BPre11_VRoot_VerbTerm
i_ya_thuthuk_is_w_a	SC5_Pres_VRoot_CausExt_PassExt_VerbTerm	SC4_Pres_VRoot_CausExt_PassExt_VerbTerm	SC5_Pres_VRoot_CausExt_PassExt_VerbTerm	SC4_Pres_VRoot_CausExt_PassExt_VerbTerm
u_kuze	Conj	NPrePre15_NStem	Conj	NPrePre15_NStem
u_masipala	NPrePre1a_NStem	NPrePre1a_NStem	NPrePre1a_NStem	NPrePre1a_NStem
a_be	SC1_AuxVStem	SC6_AuxVStem	SC1_AuxVStem	SC6_AuxVStem
no_lw_az_i	AdvPre_NPrePre11_BPre11_NStem	AdvPre_BPre11_VRoot_VerbTerm	AdvPre_NPrePre11_BPre11_NStem	AdvPre_BPre11_VRoot_VerbTerm
olu_ngcono	RelConc11_RelStem	RelConc11_RelStem	RelConc11_RelStem	RelConc11_RelStem
lo_ku_th_i	PossConc5_Conj	PossConc5_BPre15_VRoot_VerbTerm	PossConc5_Conj	PossConc5_BPre15_VRoot_VerbTerm
nga_ma_khaya	AdvPre_NPrePre6_BPre6_NStem	AdvPre_BPre6_NStem	AdvPre_NPrePre6_BPre6_NStem	AdvPre_BPre6_NStem
amangaki	NPrePre6_BPre6_Interrog	Adv	NPrePre6_BPre6_Interrog	NStem
oku_m_el_e	RelConc15_VRoot_ApplExt_VerbTerm	RelConc15_VRoot_ApplExt_VerbTerm	RelConc15_VRoot_ApplExt_VerbTerm	RelConc15_VRoot_ApplExt_VerbTerm
a_wa_nikez_e	SC1_OC6_VRoot_VerbTerm	SC6_OC6_VRoot_VerbTerm	SC1_OC6_VRoot_VerbTerm	SC6_OC6_VRoot_VerbTerm
a_ma_nzi	NPrePre6_BPre6_NStem	NPrePre6_BPre6_NStem	NPrePre6_BPre6_NStem	NPrePre6_BPre6_NStem
no_gesi	AdvPre_NPrePre1a_NStem	AdvPre_NStem	AdvPre_NPrePre1a_NStem	AdvPre_NStem
no_ku_th_i	AdvPre_BPre15_VRoot_VerbTerm	AdvPre_BPre15_VRoot_VerbTerm	AdvPre_BPre15_VRoot_VerbTerm	AdvPre_BPre15_VRoot_VerbTerm
y_i_zi_phi	CopPre_BPre10_Interrog	CopPre_NPrePre10_BPre10_Interrog	CopPre_BPre10_Interrog	CopPre_NPrePre10_BPre10_Interrog
i_zi_mfuno	NPrePre10_BPre10_NStem	NPrePre10_BPre10_NStem	NPrePre10_BPre10_NStem	NPrePre8_BPre8_NStem
ze_zin_sizakalo	PossConc10_NPrePre10_BPre10_NStem	PossConc10_BPre10_NStem	PossConc10_NPrePre10_BPre10_NStem	PossConc10_BPre10_NStem
.	Punc	PUNC	Punc	PUNC
U_thi	SC1_VRoot_VerbTerm	NPrePre1a_NStem	SC1_VRoot_VerbTerm	BPre1_NStem
ye_na	PronStem1_PronSuf	PronStem1_PronSuf	PronStem1_PronSuf	PronStem1_PronSuf
oku_s_e_m_qoka	RelConc15_PreLoc-s_LocPre_BPre3_NStem	RelConc15_PreLocs_LocPre_BPre3_NStem	RelConc15_PreLoc-s_LocPre_BPre3_NStem	RelConc15_PreLocs_LocPre_BPre3_NStem
ko_ku_th_i	PossConc15_NPrePre15_BPre15_VRoot_VerbTerm	PossConc15_BPre15_VRoot_VerbTerm	PossConc15_NPrePre15_BPre15_VRoot_VerbTerm	PossConc15_BPre15_VRoot_VerbTerm
a_finyelel_e	SC1_VRoot_VerbTerm	SC6_VRoot_VerbTerm	SC1_VRoot_VerbTerm	SC6_VRoot_VerbTerm
i_zin_hloso	NPrePre10_BPre10_NStem	NPrePre10_BPre10_NStem	NPrePre10_BPre10_NStem	NPrePre10_BPre10_NStem
za_khe	PossConc10_PronStem1	PossConc10_PronStem1	PossConc10_PronStem1	PossConc10_PronStem1
yi_su	CopPre_NPrePre5_NStem	CopPre_NStem	CopPre_NPrePre5_NStem	CopPre_NStem
la_khe	PossConc5_PronStem1	PossConc5_PronStem1	PossConc5_PronStem1	PossConc5_PronStem1
lo_ku_y_a	PossConc5_NPrePre15_BPre15_NStem	PossConc5_BPre15_VRoot_VerbTerm	PossConc5_NPrePre15_BPre15_NStem	PossConc5_BPre15_VRoot_VerbTerm
phansi	Adv	Adv	Adv	Adv
e_ba_ntw_ini	LocPre_BPre2_NStem_LocSuf	LocPre_BPre2_NStem_LocSuf	LocPre_BPre2_NStem_LocSuf	LocPre_BPre2_NStem_LocSuf
.	Punc	PUNC	Punc	PUNC
U_M_thetho	NPrePre1_ProperName	NPrePre3_BPre1_NStem	NPrePre1_ProperName	NPrePre3_BPre1_NStem
We_n_tela	PossConc3_NPrePre9_BPre9_NStem	PossConc3_BPre9_NStem	PossConc3_NPrePre9_BPre9_NStem	PossConc3_BPre9_NStem
Yezin_dawo	PossConc4_NPrePre10_BPre10_NStem	PossConc9_NStem	PossConc4_NPrePre10_BPre10_NStem	PossConc4_NStem
Zi_ka_masipala	PossConc8_PossKA_NStem	PossConc8_PossKA_NStem	PossConc8_PossKA_NStem	PossConc8_PossKA_NStem
u_khomb_is_a	SC3_VRoot_CausExt_VerbTerm	SC3_VRoot_CausExt_VerbTerm	SC3_VRoot_CausExt_VerbTerm	SC3_VRoot_CausExt_VerbTerm
o_masipala	NPrePre2a_NStem	NPrePre2a_NStem	NPrePre2a_NStem	NPrePre2a_NStem
u_kuth_i	Conj	NPrePre15_VRoot_VerbTerm	Conj	NPrePre15_VRoot_VerbTerm
ku_fanel_e	SC15_VRoot_ApplExt_VerbTerm	SC15_VRoot_VerbTerm	SC15_VRoot_ApplExt_VerbTerm	SC15_VRoot_VerbTerm
ba_yi_thel_is_e	SC2_CopPre_VRoot_CausExt_VerbTerm	SC2_CopPre_VRoot_CausExt_VerbTerm	SC2_CopPre_VRoot_CausExt_VerbTerm	SC2_CopPre_VRoot_CausExt_VerbTerm
ka_njani	AdvPre_Interrog	AdvPre_Interrog	AdvPre_Interrog	AdvPre_Interrog
i_ntela	NPrePre9_BPre9_NStem	NPrePre9_NStem	NPrePre9_BPre9_NStem	NPrePre9_NStem
ka_masipala	PossKA_NPrePre1a_NStem	PossKA_NStem	PossKA_NPrePre1a_NStem	PossKA_NStem
(	Punc	PUNC	Punc	PUNC
i_ntela	NPrePre9_BPre9_NStem	NPrePre9_NStem	NPrePre9_BPre9_NStem	NPrePre9_NStem
ye_n_dawo	PossConc9_NPrePre9_BPre9_NStem	PossConc9_BPre9_NStem	PossConc9_NPrePre9_BPre9_NStem	PossConc4_BPre9_NStem
)	Punc	PUNC	Punc	PUNC
ezin_dawe_ni	RelConc10_BPre10_NStem_LocSuf	AdjPref8_NStem_LocSuf	RelConc10_BPre10_NStem_LocSuf	BPre10_NStem_LocSuf
za_bo	PossConc10_PronStem2	PossConc10_PronStem2	PossConc10_PronStem2	PossConc10_PronStem2
.	Punc	PUNC	Punc	PUNC
U_m_thetho	NPrePre3_BPre3_NStem	NPrePre3_BPre3_NStem	NPrePre3_BPre3_NStem	NPrePre3_BPre3_NStem
u_hlose	SC3_VRoot_VerbTerm	NPrePre11_NStem	SC3_VRoot_VerbTerm	NPrePre11_NStem
u_kw_enz_a	NPrePre15_BPre15_VRoot_VerbTerm	NPrePre15_BPre15_VRoot_VerbTerm	NPrePre15_BPre15_VRoot_VerbTerm	NPrePre15_BPre15_VRoot_VerbTerm
i_zin_dlel_a	NPrePre10_BPre10_NStem	NPrePre10_BPre10_VRoot_VerbTerm	NPrePre10_BPre10_NStem	NPrePre10_BPre10_VRoot_VerbTerm
zo_ku_hlol_a	PossConc10_NPrePre15_BPre15_VRoot_VerbTerm	PossConc10_BPre15_VRoot_VerbTerm	PossConc10_NPrePre15_BPre15_VRoot_VerbTerm	PossConc10_BPre15_VRoot_VerbTerm
ngo_kwe_zinga	AdvPre_NPrePre15_PossConc15_NStem	AdvPre_PossConc15_NStem	AdvPre_NPrePre15_PossConc15_NStem	AdvPre_PossConc15_NStem
i_zin_dawo	NPrePre10_BPre10_NStem	NPrePre10_BPre10_NStem	NPrePre10_BPre10_NStem	NPrePre10_BPre10_NStem
nge_zin_hloso	AdvPre_NPrePre10_BPre10_NStem	AdvPre_BPre10_NStem	AdvPre_NPrePre10_BPre10_NStem	AdvPre_BPre10_NStem
zo_ku_thel_is_a	PossConc10_BPre15_NStem	PossConc10_BPre15_VRoot_CausExt_VerbTerm	PossConc10_BPre15_NStem	PossConc10_BPre15_VRoot_CausExt_VerbTerm
i_ntela	NPrePre9_BPre9_NStem	NPrePre9_NStem	NPrePre9_BPre9_NStem	NPrePre9_NStem
ka_masipala	PossKA_NPrePre1a_NStem	PossKA_NStem	PossKA_NPrePre1a_NStem	PossKA_NStem
nge_n_dlel_a	AdvPre_NPrePre9_BPre9_NStem	AdvPre_BPre9_Intrans_VerbTerm	AdvPre_NPrePre9_BPre9_NStem	AdvPre_BPre9_VRoot_VerbTerm
e_no_bu_lungis_w_a	LocPre_AdvPre_BPre14_NStem	RelConc9_AdvPre_BPre14_VRoot_PassExt_VerbTerm	LocPre_AdvPre_BPre14_NStem	RelConc9_AdvPre_BPre14_VRoot_PassExt_VerbTerm
futh_i	Conj	VRoot_VerbTerm	Conj	VRoot_VerbTerm
elingan_a_yo	RelConc9_VRoot_VerbTerm_RelSuf	VRoot_VerbTerm_RelSuf	RelConc9_VRoot_VerbTerm_RelSuf	VRoot_VerbTerm_RelSuf
.	Punc	PUNC	Punc	PUNC
U_ku_hlol_w_a	NPrePre15_BPre15_VRoot_PassExt_VerbTerm	NPrePre15_BPre15_VRoot_PassExt_VerbTerm	NPrePre15_BPre15_VRoot_PassExt_VerbTerm	NPrePre15_BPre15_VRoot_PassExt_VerbTerm
kwe_projekthi	PossConc15_NPrePre5_NStem	PossConc15_NStem	PossConc15_NPrePre5_NStem	PossConc15_NStem
_	Punc		Punc	
u_ku_hlol_a	NPrePre15_BPre15_VRoot_VerbTerm	NPrePre15_BPre15_VRoot_VerbTerm	NPrePre15_BPre15_VRoot_VerbTerm	NPrePre15_BPre15_VRoot_VerbTerm
ka_nye	Conj	AdvPre_AdjStem	Conj	AdvPre_AdjStem
no_ku_buyekez_w_a	AdvPre_NPrePre15_BPre15_VRoot_PassExt_VerbTerm	AdvPre_BPre15_VRoot_PassExt_VerbTerm	AdvPre_NPrePre15_BPre15_VRoot_PassExt_VerbTerm	AdvPre_BPre15_VRoot_PassExt_VerbTerm
ku_setshenz_is_w_a	SC15_VRoot_CausExt_PassExt_VerbTerm	SC15_VRoot_CausExt_PassExt_VerbTerm	SC15_VRoot_CausExt_PassExt_VerbTerm	SC15_VRoot_CausExt_PassExt_VerbTerm
i_zin_komba	NPrePre10_BPre10_NStem	NPrePre10_BPre10_NStem	NPrePre10_BPre10_NStem	NPrePre10_BPre10_NStem
e_be_zi_nquny_w_e	RelConc9_PossConc2_ReflPre_BPre9_VRoot_PassExt_VerbTerm	RelConc9_PossConc2_BPre10_VRoot_PassExt_VerbTerm	RelConc9_PossConc2_ReflPre_BPre9_VRoot_PassExt_VerbTerm	RelConc9_PossConc2_ReflPre_VRoot_PassExt_VerbTerm
e_ku_qale_ni	LocPre_BPre15_VRoot_VerbTerm_LocSuf	LocPre_BPre15_VRoot_VerbTerm	LocPre_BPre15_VRoot_VerbTerm_LocSuf	LocPre_BPre15_VRoot_VerbTerm
u_ku_nqum_a	NPrePre15_BPre15_NStem	NPrePre15_BPre15_VRoot_VerbTerm	NPrePre15_BPre15_NStem	NPrePre15_BPre15_VRoot_VerbTerm
u_kuth_i	Conj	NPrePre15_VRoot_VerbTerm	Conj	NPrePre15_BPre15_VerbTerm
i_projekthi	NPrePre5_NStem	NPrePre5_NStem	NPrePre5_NStem	NPrePre5_NStem
i_qhubekel_a	SC5_VRoot_NeutExt_ApplExt_VerbTerm	SC9_VRoot_VerbTerm	SC5_VRoot_NeutExt_ApplExt_VerbTerm	SC9_VRoot_VerbTerm
ka_njani	AdvPre_Interrog	AdvPre_Interrog	AdvPre_Interrog	AdvPre_Interrog
phambili	Adv	Adv	Adv	Adv
,	Punc	PUNC	Punc	PUNC
y_i_zi_phi	CopPre_BPre10_Interrog	CopPre_NPrePre10_BPre10_Interrog	CopPre_BPre10_Interrog	CopPre_NPrePre10_BPre10_Interrog
i_zin_gqinamb_a	NPrePre10_BPre10_NStem	NPrePre10_BPre10_VRoot_VerbTerm	NPrePre10_BPre10_NStem	NPrePre10_BPre10_VRoot_VerbTerm
e_se_zi_qhamuk_il_e	RelConc9_Pro_ReflPre_VRoot_Perf	RelConc9_Pro_SC10_VRoot_Perf_VerbTerm	RelConc9_Pro_ReflPre_VRoot_Perf	RelConc9_Pro_ReflPre_VRoot_Perf_VerbTerm
ka_nye	Conj	AdvPre_AdjStem	Conj	AdvPre_AdjStem
no_ku_th_i	AdvPre_BPre15_VRoot_VerbTerm	AdvPre_BPre15_VRoot_VerbTerm	AdvPre_BPre15_VRoot_VerbTerm	AdvPre_BPre15_VRoot_VerbTerm
u_ku_setshenz_is_w_a	NPrePre15_BPre15_VRoot_CausExt_PassExt_VerbTerm	NPrePre15_BPre15_VRoot_CausExt_PassExt_VerbTerm	NPrePre15_BPre15_VRoot_CausExt_PassExt_VerbTerm	NPrePre15_BPre15_VRoot_CausExt_PassExt_VerbTerm
kwe_projekthi	PossConc15_NPrePre5_NStem	PossConc15_NStem	PossConc15_NPrePre5_NStem	PossConc15_NStem
ku_nga_s_hintshw_a	BPre15_Pot_VRoot_PassExt_VerbTerm	BPre17_Pot_Pro_Intrans_VerbTerm	BPre15_Pot_VRoot_PassExt_VerbTerm	BPre17_Pot_Pro_Intrans_VerbTerm
ka_njani	AdvPre_Interrog	AdvPre_Interrog	AdvPre_Interrog	AdvPre_Interrog
.	Punc	PUNC	Punc	PUNC
Uma	Conj	Conj	Conj	Conj
u_masipala	NPrePre1a_NStem	NPrePre1a_NStem	NPrePre1a_NStem	NPrePre1a_NStem
e_dinga	RelConc9_VRoot_VerbTerm	RelConc9_NStem	RelConc9_VRoot_VerbTerm	LocPre_NStem
u_kw_akha	NPrePre15_BPre15_VRoot_VerbTerm	NPrePre15_BPre15_NStem	NPrePre15_BPre15_VRoot_VerbTerm	NPrePre15_BPre15_NStem
i_su	NPrePre5_BPre5_NStem	NPrePre5_NStem	NPrePre5_BPre5_NStem	NPrePre5_NStem
le__HI_V	PossConc5_Abbr	PossConc5_NegPre_Abbr	PossConc5_Abbr	PossConc5_NPrePre9_Abbr
/	Punc	PUNC	Punc	PUNC
AIDS	ProperName	ProperName	ProperName	ProperName
.	Punc	PUNC	Punc	PUNC
U_hlelo	NPrePre11_BPre11_NStem	NPrePre11_BPre11	NPrePre11_BPre11_NStem	NPrePre11_BPre11
olu_sebenz_a_yo	RelConc11_VRoot_VerbTerm_RelSuf	RelConc11_VRoot_VerbTerm_RelSuf	RelConc11_VRoot_VerbTerm_RelSuf	RelConc11_VRoot_VerbTerm_RelSuf
lwe__HI_V	PossConc11_NPrePre9_Abbr	PossConc11_NPrePre9_Abbr	PossConc11_NPrePre9_Abbr	PossConc11_BPre4_BPre10
/	Punc	PUNC	Punc	PUNC
AIDS	ProperName	ProperName	ProperName	ProperName
lu_dinga	OC14_Intrans_VerbTerm	BPre11_NStem	OC14_Intrans_VerbTerm	BPre11_NStem
i_su	NPrePre5_BPre5_NStem	NPrePre5_NStem	NPrePre5_BPre5_NStem	NPrePre5_NStem
lo_ku_ngen_elel_a	PossConc5_BPre15_NStem	PossConc5_OC15_VRoot_IntensExt_VerbTerm	PossConc5_BPre15_NStem	PossConc5_BPre15_VRoot_Perf_VerbTerm
no_ku_bamb_is_an_a	AdvPre_NPrePre15_BPre15_VRoot_CausExt_RecipExt_VerbTerm	AdvPre_BPre15_VRoot_CausExt_RecipExt_VerbTerm	AdvPre_NPrePre15_BPre15_VRoot_CausExt_RecipExt_VerbTerm	AdvPre_BPre15_VRoot_CausExt_RecipExt_VerbTerm
ne_lo_ku_xhas_a	AdvPre_RelConc15_Intrans_VerbTerm	AdvPre_PossConc5_BPre15_VRoot_VerbTerm	AdvPre_RelConc15_Intrans_VerbTerm	AdvPre_PossConc5_BPre15_VRoot_VerbTerm
lwa_bo	PossConc11_PronStem2	PossConc11_PronStem2	PossConc11_PronStem2	PossConc11_PronStem2
bo_nke	QuantConc2_QuantStem	QuantConc2_QuantStem	QuantConc2_QuantStem	QuantConc2_QuantStem
aba_bamb_e	RelConc2_VRoot_VerbTerm	RelConc2_VRoot_VerbTerm	RelConc2_VRoot_VerbTerm	RelConc2_VRoot_VerbTerm
i_qhaz_a	NPrePre5_BPre5_NStem	SC9_VRoot_VerbTerm	NPrePre5_BPre5_NStem	SC9_VRoot_VerbTerm
.	Punc	PUNC	Punc	PUNC
U_m_khandlu	NPrePre3_BPre3_NStem	NPrePre3_BPre3_NStem	NPrePre3_BPre3_NStem	NPrePre3_BPre3_NStem
u_ng_enz_a	SC2_Pot_VRoot_VerbTerm	SC3_Pot_VRoot_VerbTerm	SC2_Pot_VRoot_VerbTerm	SC3_Pot_VRoot_VerbTerm
i_Foramu	NPrePre9_NStem	NPrePre9_NStem	NPrePre9_NStem	NPrePre9_NStem
e_na_bo	LocPre_NStem	RelConc9_AdvPre_PronStem2	LocPre_NStem	RelConc9_AdvPre_PronStem2
bo_nke	QuantConc2_QuantStem	QuantConc2_QuantStem	QuantConc2_QuantStem	QuantConc2_QuantStem
aba_m_bandakenyakayo	RelConc2_VRoot_NeutExt_VerbTerm_RelSuf	RelConc2_BPre3_NStem	RelConc2_VRoot_NeutExt_VerbTerm_RelSuf	RelConc2_BPre3_NStem
oku_fak_a	RelConc15_VRoot_VerbTerm	RelConc15_VRoot_VerbTerm	RelConc15_VRoot_VerbTerm	RelConc15_VRoot_VerbTerm
phakathi	Adv	Adv	Adv	Adv
u_sizo	NPrePre11_BPre11_NStem	NPrePre11_NStem	NPrePre11_BPre11_NStem	NPrePre11_NStem
luka_zwelonke	PossConc11_NPrePre1a_NStem	PossConc11_NStem	PossConc11_NPrePre1a_NStem	PossConc11_NStem
no_lwe_si_fund_a	AdvPre_PossConc11_BPre7_NStem	AdvPre_PossConc11_SC1pp_VRoot_VerbTerm	AdvPre_PossConc11_BPre7_NStem	AdvPre_PossConc11_SC1pp_VRoot_VerbTerm
njengo_M_nyango	AdvPre_NStem	AdvPre_BPre3_NStem	AdvPre_NStem	AdvPre_BPre3_NStem
We_ze_m_pilo	PossConc3_PossConc8_BPre3_NStem	PossConc3_PossConc8_BPre3_NStem	PossConc3_PossConc8_BPre3_NStem	PossConc3_PossConc8_BPre3_NStem
,	Punc	PUNC	Punc	PUNC
U_m_nyango	NPrePre3_BPre3_NStem	NPrePre3_BPre3_NStem	NPrePre3_BPre3_NStem	NPrePre3_BPre3_NStem
We_za_manzi	PossConc3_Pres_NStem	PossConc3_Pres_NStem	PossConc3_Pres_NStem	PossConc3_Pres_NStem
no_M_nyango	AdvPre_NStem	AdvPre_BPre3_NStem	AdvPre_NStem	AdvPre_BPre3_NStem
We_ze_m_fundo	PossConc1_PossConc8_BPre3_NStem	PossConc3_PossConc8_BPre3_NStem	PossConc1_PossConc8_BPre3_NStem	PossConc1_PossConc8_BPre3_NStem
,	Punc	PUNC	Punc	PUNC
a_ma__NGO	NPrePre6_BPre6_Abbr	NPrePre6_BPre6_Abbr	NPrePre6_BPre6_Abbr	NPrePre6_BPre6_Abbr
na_ma__C_BO	AdvPre_NPrePre6_BPre6_Abbr	AdvPre_BPre6_Abbr_Abbr	AdvPre_NPrePre6_BPre6_Abbr	AdvPre_BPre6_Abbr_Abbr
a_sebenz_a	SC1_VRoot_VerbTerm	SC6_VRoot_VerbTerm	SC1_VRoot_VerbTerm	SC6_VRoot_VerbTerm
nge_zin_daba	AdvPre_NPrePre10_BPre10_NStem	AdvPre_BPre10_NStem	AdvPre_NPrePre10_BPre10_NStem	AdvPre_BPre10_NStem
ze__HI_V	PossConc10_Abbr	PossConc8_CopPre_Abbr	PossConc10_Abbr	PossConc10_NPrePre10_Abbr
/	Punc	PUNC	Punc	PUNC
AIDS	ProperName	ProperName	ProperName	ProperName
,	Punc	PUNC	Punc	PUNC
i_zin_hlangano	NPrePre10_BPre10_NStem	NPrePre10_BPre10_NStem	NPrePre10_BPre10_NStem	NPrePre10_BPre10_NStem
ze_ze_nhlalakahle	PossConc10_Pas_BPre9_NStem	PossConc10_BPre8_NStem	PossConc10_Pas_BPre9_NStem	PossConc10_PossConc10_NStem
,	Punc	PUNC	Punc	PUNC
i_mi_khandlu	NPrePre4_BPre4_NStem	NPrePre4_BPre4_NStem	NPrePre4_BPre4_NStem	NPrePre4_BPre4_NStem
ye__AIDS	PossConc9_ProperName	PossConc9_ProperName	PossConc9_ProperName	PossConc9_ProperName
ye_si_fund_a	PossConc9_NPrePre7_BPre7_NStem	PossConc9_SC1pp_VRoot_VerbTerm	PossConc9_NPrePre7_BPre7_NStem	PossConc9_SC1pp_VRoot_VerbTerm
ne_ye_n_dawo	AdvPre_PossConc9_BPre9_NStem	AdvPre_PossConc9_BPre9_NStem	AdvPre_PossConc9_BPre9_NStem	AdvPre_PossConc9_BPre9_NStem
ne_zi_khungo	AdvPre_NPrePre8_BPre8_NStem	AdvPre_BPre8_NStem	AdvPre_NPrePre8_BPre8_NStem	AdvPre_BPre8_NStem
ze_ze_n_kolo	PossConc8_Pas_BPre9_NStem	PossConc10_PossConc10_BPre9_NStem	PossConc8_Pas_BPre9_NStem	PossConc10_PossConc8_BPre9_NStem
.	Punc	PUNC	Punc	PUNC
I_su	NPrePre5_BPre5_NStem	NPrePre5_BPre5	NPrePre5_BPre5_NStem	NPrePre5_BPre5
eli_phelel_e	RelConc5_VRoot_ApplExt_VerbTerm	RelConc5_VRoot_VerbTerm	RelConc5_VRoot_ApplExt_VerbTerm	RelConc5_VRoot_VerbTerm
li_zo_ding_ek_a	SC5_Fut_VRoot_NeutExt_VerbTerm	SC5_Fut_VRoot_NeutExt_VerbTerm	SC5_Fut_VRoot_NeutExt_VerbTerm	SC5_Fut_VRoot_NeutExt_VerbTerm
njengoba	Conj	Conj	Conj	Conj
i__HI_V	NPrePre9_Abbr	NPrePre9_BPre4_Abbr	NPrePre9_Abbr	NPrePre9_CopPre_VRoot
/	Punc	PUNC	Punc	PUNC
AIDS	ProperName	ProperName	ProperName	ProperName
i_sibe	BPre7_VRoot_VerbTerm	NPrePre5_NStem	BPre7_VRoot_VerbTerm	NPrePre9_NStem
no_m_thelel_a	AdvPre_NPrePre3_BPre3_NStem	AdvPre_BPre3_VRoot_VerbTerm	AdvPre_NPrePre3_BPre3_NStem	AdvPre_BPre3_VRoot_VerbTerm
o_m_khulu	AdjPref3_AdjStem	PossConc6_BPre3_AdjStem	AdjPref3_AdjStem	PossConc6_BPre3_AdjStem
ezi_ngan_e_ni	LocPre_NPrePre10_BPre10_NStem_LocSuf	RelConc10_VRoot_VerbTerm_InterrogSuf	LocPre_NPrePre10_BPre10_NStem_LocSuf	RelConc10_VRoot_VerbTerm_InterrogSuf
ezi_shiy_w_a	RelConc8_VRoot_PassExt_VerbTerm	RelConc8_VRoot_PassExt_VerbTerm	RelConc8_VRoot_PassExt_VerbTerm	RelConc8_VRoot_PassExt_VerbTerm
zi_yi_zin_tandane	BPre10_CopPre_NPrePre10_BPre10_NStem	BPre8_CopPre_BPre10_NStem	BPre10_CopPre_NPrePre10_BPre10_NStem	BPre8_CopPre_BPre10_NStem
futh_i	Conj	VRoot_VerbTerm	Conj	VRoot_VerbTerm
ezi_ngena_bo	RelConc8_NegPre_AdvPre_PronStem2	RelConc10_NegPre_PronStem2	RelConc8_NegPre_AdvPre_PronStem2	RelConc8_NegPre_PronStem2
aba_zali	NPrePre2_BPre2_NStem	RelConc2_NStem	NPrePre2_BPre2_NStem	RelConc2_NStem
aba_zo_zi_nakekel_a	RelConc2_Fut_ReflPre_VRoot_VerbTerm	RelConc2_Fut_ReflPre_VRoot_VerbTerm	RelConc2_Fut_ReflPre_VRoot_VerbTerm	RelConc2_Fut_ReflPre_VRoot_VerbTerm
no_sizo	AdvPre_NPrePre11_BPre11_NStem	AdvPre_NStem	AdvPre_NPrePre11_BPre11_NStem	AdvPre_NStem
lwe_ze_zi_mali	PossConc11_PossConc8_BPre8_NStem	PossConc11_PossConc8_BPre8_NStem	PossConc11_PossConc8_BPre8_NStem	PossConc11_PossConc8_BPre8_NStem
,	Punc	PUNC	Punc	PUNC
aba_ntu	NPrePre2_BPre2_NStem	RelConc2_NStem	NPrePre2_BPre2_NStem	RelConc2_NStem
abadala	AdjPref2_AdjStem	NStem	AdjPref2_AdjStem	NStem
aba_nge_namu_ntu	RelConc2_NegPre_BPre1a_NStem	RelConc2_NegPre_AdvPre_NStem	RelConc2_NegPre_BPre1a_NStem	RelConc2_NegPre_AdvPre_NStem
o_zo_ba_siz_a	RelConc3_Fut_SC2_VRoot_VerbTerm	RelConc3_Fut_OC2_VRoot_VerbTerm	RelConc3_Fut_SC2_VRoot_VerbTerm	SC3_Fut_OC2_VRoot_VerbTerm
na_ba_ntu	AdvPre_NPrePre2_BPre2_NStem	AdvPre_BPre2_NStem	AdvPre_NPrePre2_BPre2_NStem	AdvPre_BPre2_NStem
aba_s_e_ba_ncane	RelConc2_ProgPre_AdjPref2_AdjStem	RelConc2_PreLocs_LocPre_BPre2_AdjStem	RelConc2_ProgPre_AdjPref2_AdjStem	RelConc2_PreLocs_LocPre_BPre2_AdjStem
.	Punc	PUNC	Punc	PUNC
U_m_thelel_a	NPrePre1_BPre1_NStem	NPrePre3_BPre3_VRoot_VerbTerm	NPrePre1_BPre1_NStem	NPrePre3_BPre3_VRoot_VerbTerm
we_zo_mnotho	PossConc3_NPrePre9_NStem	PossConc3_PossConc10_NStem	PossConc3_NPrePre9_NStem	PossConc3_PossConc10_NStem
ne_nhlalo	AdvPre_NPrePre9_BPre9_NStem	AdvPre_NStem	AdvPre_NPrePre9_BPre9_NStem	AdvPre_NStem
ku_m_khandlu	LocPre_NPrePre1_BPre1_NStem	LocPre_BPre1_NStem	LocPre_NPrePre1_BPre1_NStem	LocPre_BPre1_NStem
na_wo	AdvPre_PronStem6	AdvPre_PronStem6	AdvPre_PronStem6	AdvPre_PronStem6
u_dinga	SC2_VRoot_VerbTerm	NPrePre1a_NStem	SC2_VRoot_VerbTerm	BPre1a_NStem
u_ku_bhek_w_a	NPrePre15_BPre15_VRoot_PassExt_VerbTerm	NPrePre15_BPre15_VRoot_PassExt_VerbTerm	NPrePre15_BPre15_VRoot_PassExt_VerbTerm	NPrePre15_BPre15_VRoot_PassExt_VerbTerm
futh_i	Conj	VRoot_VerbTerm	Conj	VRoot_VerbTerm
u_m_khandlu	NPrePre3_BPre3_NStem	NPrePre3_BPre3_NStem	NPrePre3_BPre3_NStem	NPrePre3_BPre3_NStem
u_nga_kh_a	RelConc3_AdvPre_VRoot_VerbTerm	SC3_Pot_VRoot_VerbTerm	RelConc3_AdvPre_VRoot_VerbTerm	SC3_Pot_VRoot_VerbTerm
i_Foramu	NPrePre9_NStem	NPrePre9_NStem	NPrePre9_NStem	NPrePre9_NStem
u_ku_lungis_elel_a	NPrePre15_BPre15_VRoot_IntensExt_VerbTerm	NPrePre15_BPre15_VRoot_IntensExt_VerbTerm	NPrePre15_BPre15_VRoot_IntensExt_VerbTerm	NPrePre15_BPre15_VRoot_IntensExt_VerbTerm
i_su	NPrePre5_BPre5_NStem	NPrePre5_NStem	NPrePre5_BPre5_NStem	NPrePre5_NStem
eli_zo_fak_a	RelConc5_Fut_VRoot_VerbTerm	RelConc5_Fut_VRoot_VerbTerm	RelConc5_Fut_VRoot_VerbTerm	RelConc5_Fut_VRoot_VerbTerm
u_m_phakathi	NPrePre3_BPre3_NStem	NPrePre3_BPre3_NStem	NPrePre3_BPre3_NStem	NPrePre3_BPre3_NStem
wo_nke	QuantConc3_QuantStem	QuantConc3_QuantStem	QuantConc3_QuantStem	QuantConc3_QuantStem
.	Punc	PUNC	Punc	PUNC
U_m_sebenzi	NPrePre3_BPre3_NStem	NPrePre3_BPre3_NStem	NPrePre3_BPre3_NStem	NPrePre3_BPre3_NStem
we_qembu	PossConc3_NPrePre5_BPre5_NStem	PossConc3_NStem	PossConc3_NPrePre5_BPre5_NStem	PossConc3_NStem
wo_ku_qed_el_a	PossConc1a_NPre15_BPre15_VRoot_VerbTerm	PossConc3_BPre15_VRoot_ApplExt_VerbTerm	PossConc1a_NPre15_BPre15_VRoot_VerbTerm	PossConc3_BPre15_VRoot_ApplExt_VerbTerm
i_methriksi	NPrePre9_NStem	NPrePre9_NStem	NPrePre9_NStem	NPrePre9_NStem
ye__SW_OT	PossConc9_NPrePre9_Abbr	PossConc9_Pro_Abbr	PossConc9_NPrePre9_Abbr	PossConc4_VRoot_Abbr
ka_nye	AdvPre_AdjStem	AdvPre_AdjStem	AdvPre_AdjStem	AdvPre_AdjStem
ne_komidi	AdvPre_NPrePre5_BPre5_NStem	AdvPre_NStem	AdvPre_NPrePre5_BPre5_NStem	AdvPre_NStem
le_si_gceme	RelConc7_NStem	PossConc5_BPre7_NStem	RelConc7_NStem	PossConc5_BPre7_NStem
na_ba_ntu	AdvPre_NPrePre2_BPre2_NStem	AdvPre_BPre2_NStem	AdvPre_NPrePre2_BPre2_NStem	AdvPre_BPre2_NStem
aba_se_m_qoka	RelConc2_PreLoc-s_LocPre_BPre3_NStem	RelConc2_Pro_BPre3_NStem	RelConc2_PreLoc-s_LocPre_BPre3_NStem	RelConc2_Pro_BPre3_NStem
aba_w_u_m_thombo	RelConc2_CopPre_NPrePre3_BPre3_NStem	RelConc2_CopPre_NPrePre3_BPre3_NStem	RelConc2_CopPre_NPrePre3_BPre3_NStem	RelConc2_CopPre_NPrePre3_BPre3_NStem
w_o_lw_az_i	SC3_Fut_OC11_VRoot_VerbTerm	SC3_Fut_BPre11_VRoot_VerbTerm	SC3_Fut_OC11_VRoot_VerbTerm	SC3_Fut_BPre11_VRoot_VerbTerm
.	Punc	PUNC	Punc	PUNC
Sebenz_is_a	VRoot_CausExt_VerbTerm	VRoot_CausExt_VerbTerm	VRoot_CausExt_VerbTerm	VRoot_CausExt_VerbTerm
a_ma_hora	NPrePre6_BPre6_NStem	NPrePre6_BPre6_NStem	NPrePre6_BPre6_NStem	NPrePre6_BPre6_NStem
a_ma_bili	AdjPref6_AdjStem	NPrePre6_BPre6_AdjStem	AdjPref6_AdjStem	NPrePre6_BPre6_AdjStem
.	Punc	PUNC	Punc	PUNC
U_m_sebenzi	NPrePre3_BPre3_NStem	NPrePre3_BPre3_NStem	NPrePre3_BPre3_NStem	NPrePre3_BPre3_NStem
2	Num	NUM	Num	NUM
Cabanga	VRoot_VerbTerm	ProperName	VRoot_VerbTerm	ProperName
ng_o_suku	AdvPre_NPrePre11_BPre11_NStem	AdvPre_NPrePre2a_NStem	AdvPre_NPrePre11_BPre11_NStem	AdvPre_BPre2a_NStem
ezi_m_pilw_eni	RelConc8_BPre3_NStem_LocSuf	RelConc8_BPre3_NStem_LocSuf	RelConc8_BPre3_NStem_LocSuf	RelConc8_BPre3_NStem_LocSuf
ze_n_kosikazi	PossConc8_NPrePre9_BPre9_NStem	PossConc10_BPre9_NStem	PossConc8_NPrePre9_BPre9_NStem	PossConc10_BPre9_NStem
no_m_yeni	AdvPre_NPrePre1_BPre1_NStem	AdvPre_BPre1_NStem	AdvPre_NPrePre1_BPre1_NStem	AdvPre_BPre1_NStem
aba_qhamuk_a	RelConc2_Intrans_VerbTerm	RelConc2_Intrans_VerbTerm	RelConc2_Intrans_VerbTerm	RelConc2_Intrans_VerbTerm
e_qenj_ini	RelConc9_NStem_LocSuf	LocPre_NStem_LocSuf	RelConc9_NStem_LocSuf	LocPre_NStem_LocSuf
eli_thile	RelConc5_RelStem	RelConc5_RelStem	RelConc5_RelStem	RelConc5_RelStem
lo_m_phakathi	PossConc5_NPrePre3_BPre3_NStem	PossConc5_BPre3_Adv	PossConc5_NPrePre3_BPre3_NStem	PossConc5_BPre3_NStem
o_li_kheth_ile	RelConc2a_SC5_VRoot_Perf	RelConc3_PossConc5_VRoot_Perf	RelConc2a_SC5_VRoot_Perf	RelConc3_PossConc5_VRoot_Perf
.	Punc	PUNC	Punc	PUNC
Sebenz_is_a	VRoot_CausExt_VerbTerm	VRoot_CausExt_VerbTerm	VRoot_CausExt_VerbTerm	VRoot_CausExt_VerbTerm
i_thebhul_a	BPre5_NStem	SC9_VRoot_VerbTerm	BPre5_NStem	SC9_VRoot_VerbTerm
eli_s_e_khasi_ni	RelConc5_PreLoc-s_LocPre_NStem_LocSuf	RelConc5_PreLocs_LocPre_NStem_LocSuf	RelConc5_PreLoc-s_LocPre_NStem_LocSuf	RelConc5_PreLocs_LocPre_NStem_LocSuf
eli_landel_a_yo	RelConc5_Intrans_VerbTerm_RelSuf	RelConc5_Intrans_VerbTerm_RelSuf	RelConc5_Intrans_VerbTerm_RelSuf	RelConc5_VRoot_VerbTerm_RelSuf
u_ku_ba_la	NPrePre15_BPre15_VRoot_VerbTerm	NPrePre15_BPre15_SC2_NStem	NPrePre15_BPre15_VRoot_VerbTerm	NPrePre15_BPre15_SC2_NStem
i_mi_sebenzi	NPrePre4_BPre4_NStem	NPrePre4_BPre4_NStem	NPrePre4_BPre4_NStem	NPrePre4_BPre4_NStem
e_y_enz_iw_e	RelConc4_CopPre_VRoot_PassExt_VerbTerm	RelConc9_CopPre_VRoot_PassExt_VerbTerm	RelConc4_CopPre_VRoot_PassExt_VerbTerm	RelConc9_CopPre_VRoot_PassExt_VerbTerm
ngu_nkosikazi	CopPre_NStem	CopPre_NStem	CopPre_NStem	CopPre_NStem
ka_nye	AdvPre_AdjStem	AdvPre_AdjStem	AdvPre_AdjStem	AdvPre_AdjStem
no_m_yeni	AdvPre_NPrePre1_BPre1_NStem	AdvPre_BPre1_NStem	AdvPre_NPrePre1_BPre1_NStem	AdvPre_BPre1_NStem
e_khaya	LocPre_NPrePre5_BPre5_NStem	LocPre_NStem	LocPre_NPrePre5_BPre5_NStem	LocPre_NStem
e_ma_horeni	NPre6_BPre6_NStem_LocSuf	LocPre_BPre6_NStem	NPre6_BPre6_NStem_LocSuf	LocPre_BPre6_NStem
a_nga_ma__2_4	RelConc6_AdvPre_NPrePre6_BPre6_Num	RelConc6_AdvPre_BPre6_Num_Num	RelConc6_AdvPre_NPrePre6_BPre6_Num	RelConc6_AdvPre_BPre6_Num_Num
e_phephe_ni	LocPre_NPrePre5_BPre5_NStem_LocSuf	LocPre_NStem_LocSuf	LocPre_NPrePre5_BPre5_NStem_LocSuf	LocPre_NStem_LocSuf
le_fliphushadi	Dem9_Pos1_NStem	PossConc5_NStem	Dem9_Pos1_NStem	PossConc5_NStem
.	Punc	PUNC	Punc	PUNC
Gcwal_is_a	VRoot_CausExt_VerbTerm	VRoot_CausExt_VerbTerm	VRoot_CausExt_VerbTerm	VRoot_CausExt_VerbTerm
u_m_sebenzi	NPrePre3_BPre3_NStem	NPrePre3_BPre3_NStem	NPrePre3_BPre3_NStem	NPrePre3_BPre3_NStem
u_mu_ntu	NPrePre1_BPre1_NStem	NPrePre1_BPre1_NStem	NPrePre1_BPre1_NStem	NPrePre1_BPre1_NStem
a_w_enz_a_yo	RelConc6_OC3_VRoot_VerbTerm_RelSuf	RelConc6_OC3_VRoot_VerbTerm_RelSuf	RelConc6_OC3_VRoot_VerbTerm_RelSuf	RelConc6_OC3_VRoot_VerbTerm_RelSuf
esi_khathi_ni	RelConc7_NStem_LocSuf	RelConc7_NStem_LocSuf	RelConc7_NStem_LocSuf	RelConc7_NStem_LocSuf
esi_bhal_iw_e	RelConc7_VRoot_PassExt_VerbTerm	RelConc7_VRoot_PassExt_VerbTerm	RelConc7_VRoot_PassExt_VerbTerm	RelConc7_VRoot_PassExt_VerbTerm
,	Punc	PUNC	Punc	PUNC
no_ku_th_i	AdvPre_BPre15_VRoot_VerbTerm	AdvPre_BPre15_VRoot_VerbTerm	AdvPre_BPre15_VRoot_VerbTerm	AdvPre_BPre15_VRoot_VerbTerm
u_m_sebenzi	NPrePre3_BPre3_NStem	NPrePre3_BPre3_NStem	NPrePre3_BPre3_NStem	NPrePre3_BPre3_NStem
u_ya_khokh_el_w_a	SC3_Pres_VRoot_ApplExt_PassExt_VerbTerm	SC1_Pres_VRoot_ApplExt_PassExt_VerbTerm	SC3_Pres_VRoot_ApplExt_PassExt_VerbTerm	SC1_Pres_VRoot_ApplExt_PassExt_VerbTerm
yini	Interrog	Interrog	Interrog	Interrog
,	Punc	PUNC	Punc	PUNC
no_ku_th_i	AdvPre_BPre15_VRoot_VerbTerm	AdvPre_BPre15_VRoot_VerbTerm	AdvPre_BPre15_VRoot_VerbTerm	AdvPre_BPre15_VRoot_VerbTerm
u_khokhel_a	SC3_VRoot_ApplExt_VerbTerm	SC3_VRoot_VerbTerm	SC3_VRoot_ApplExt_VerbTerm	SC1_VRoot_VerbTerm
mali_ni	NStem	NStem_LocSuf	NStem	NStem_InterrogSuf
nge_hora	NPre5_NStem	AdvPre_NStem	NPre5_NStem	AdvPre_NStem
.	Punc	PUNC	Punc	PUNC
Fik_a	VRoot_VerbTerm	VRoot_VerbTerm	VRoot_VerbTerm	VRoot_VerbTerm
ku_s_e_ne_si_khathi	LocPre_Pro_AdvPre_BPre7_NStem	LocPre_PreLocs_LocPre_AdvPre_BPre7_NStem	LocPre_Pro_AdvPre_BPre7_NStem	BPre17_PreLocs_LocPre_AdvPre_BPre7_NStem
u_bhek_e	SC2_VRoot_VerbTerm	SC3_VRoot_VerbTerm	SC2_VRoot_VerbTerm	SC3_Intrans_VerbTerm
i_mi_shini	NPrePre4_BPre4_NStem	NPrePre4_BPre4_NStem	NPrePre4_BPre4_NStem	NPrePre4_BPre4_NStem
nga_phambi	AdvPre_Adv	AdvPre_Adv	AdvPre_Adv	AdvPre_Adv
kwe_si_khathi	PossConc15_NPrePre7_BPre7_NStem	PossConc15_BPre7_NStem	PossConc15_NPrePre7_BPre7_NStem	PossConc15_BPre7_NStem
futh_i	Conj	VRoot_VerbTerm	Conj	VRoot_VerbTerm
u_be	SC3_VRoot_VerbTerm	SC3_AuxVStem	SC3_VRoot_VerbTerm	SC3_AuxVStem
ne_si_khathi	AdvPre_NPrePre7_BPre7_NStem	AdvPre_BPre7_NStem	AdvPre_NPrePre7_BPre7_NStem	AdvPre_BPre7_NStem
es_anel_e	RelConc9_SC7_VRoot_VerbTerm	RelConc7_VRoot_VerbTerm	RelConc9_SC7_VRoot_VerbTerm	RelConc7_VRoot_VerbTerm
u_ku_lungis_a	NPrePre15_BPre15_VRoot_VerbTerm	NPrePre15_BPre15_VRoot_VerbTerm	NPrePre15_BPre15_VRoot_VerbTerm	NPrePre15_BPre15_VRoot_VerbTerm
i_mi_niningwane	NPrePre4_BPre4_NStem	NPrePre4_BPre4_NStem	NPrePre4_BPre4_NStem	NPrePre4_BPre4_NStem
o_zo_khulum_a	RelConc3_Fut_VRoot_VerbTerm	RelConc3_Fut_VRoot_VerbTerm	RelConc3_Fut_VRoot_VerbTerm	RelConc3_Fut_VRoot_VerbTerm
nga_yo	AdvPre_PronStem9	AdvPre_PronStem9	AdvPre_PronStem9	AdvPre_PronStem9
.	Punc	PUNC	Punc	PUNC
Ku_lo	LocPre_Dem3_Pos1	LocPre_PronStem5	LocPre_Dem3_Pos1	LocPre_PronStem5
mhlangano	BPre3_NStem	NStem	BPre3_NStem	NStem
ku_xox_w_a	SC15_VRoot_PassExt_VerbTerm	SC15_VRoot_PassExt_VerbTerm	SC15_VRoot_PassExt_VerbTerm	SC15_VRoot_PassExt_VerbTerm
nge_n_qubo	AdvPre_NPrePre9_NStem	AdvPre_BPre9_NStem	AdvPre_NPrePre9_NStem	AdvPre_BPre9_NStem
yo_hlelo	PossConc9_NPrePre11_NStem	PossConc9_NStem	PossConc9_NPrePre11_NStem	PossConc9_NStem
lwe__ID_P	PossConc11_NPrePre9_Abbr	PossConc11_Abbr_Abbr	PossConc11_NPrePre9_Abbr	PossConc11_Abbr_Abbr
.	Punc	PUNC	Punc	PUNC
Ku_ya_siz_a	SC15_Pres_VRoot_VerbTerm	SC15_Pres_VRoot_VerbTerm	SC15_Pres_VRoot_VerbTerm	SC15_Pres_VRoot_VerbTerm
u_ku_sebenz_is_a	NPrePre15_BPre15_VRoot_CausExt_VerbTerm	NPrePre15_BPre15_VRoot_CausExt_VerbTerm	NPrePre15_BPre15_VRoot_CausExt_VerbTerm	NPrePre15_BPre15_VRoot_CausExt_VerbTerm
u_ku_landel_an_a	NPrePre15_BPre15_VRoot_RecipExt_VerbTerm	NPrePre15_BPre15_VRoot_RecipExt_VerbTerm	NPrePre15_BPre15_VRoot_RecipExt_VerbTerm	NPrePre15_BPre15_VRoot_RecipExt_VerbTerm
kwe_mi_cimbi	PossConc15_NPrePre4_BPre4_NStem	PossConc15_BPre4_NStem	PossConc15_NPrePre4_BPre4_NStem	PossConc15_BPre4_NStem
yo_hlelo	PossConc9_NPrePre11_NStem	PossConc9_NStem	PossConc9_NPrePre11_NStem	PossConc9_NStem
lwe__C_BP	PossConc11_NPrePre9_Abbr	PossConc11_Abbr_Abbr	PossConc11_NPrePre9_Abbr	PossConc11_Abbr_Abbr
.	Punc	PUNC	Punc	PUNC
U_m_hlangano	NPrePre3_BPre3_NStem	NPrePre3_BPre3_NStem	NPrePre3_BPre3_NStem	NPrePre3_BPre3_NStem
u_phind_e	SC3_VRoot_VerbTerm	SC3_VRoot_VerbTerm	SC3_VRoot_VerbTerm	SC3_VRoot_VerbTerm
w_az_is_w_e	SC3_VRoot_CausExt_PassExt_VerbTerm	SC3_VRoot_CausExt_PassExt_VerbTerm	SC3_VRoot_CausExt_PassExt_VerbTerm	SC3_VRoot_CausExt_PassExt_VerbTerm
nge_ngxoxo	AdvPre_NPrePre9_NStem	NPre9_NStem	AdvPre_NPrePre9_NStem	NPre9_NStem
yo_m_hlangano	PossConc9_NPrePre3_BPre3_NStem	PossConc4_BPre3_NStem	PossConc9_NPrePre3_BPre3_NStem	PossConc4_BPre3_NStem
wo_ku_lungis_elel_a	PossConc3_NPrePre15_BPre15_VRoot_ApplExt_ApplExt_VerbTerm	PossConc3_BPre15_VRoot_IntensExt_VerbTerm	PossConc3_NPrePre15_BPre15_VRoot_ApplExt_ApplExt_VerbTerm	PossConc1a_BPre15_Intrans_IntensExt_VerbTerm
u_ku_hlel_a	NPrePre15_BPre15_VRoot_VerbTerm	NPrePre15_BPre15_VRoot_VerbTerm	NPrePre15_BPre15_VRoot_VerbTerm	NPrePre15_BPre15_VRoot_VerbTerm
,	Punc	PUNC	Punc	PUNC
i_zin_hlobo	NPrePre10_BPre10_NStem	NPrePre10_BPre10_NStem	NPrePre10_BPre10_NStem	NPrePre10_BPre10_NStem
ez_ehluk_en_e	RelConc10_VRoot_RecipExt_Perf_VerbTerm	RelConc10_VRoot_RecipExt_VerbTerm	RelConc10_VRoot_RecipExt_Perf_VerbTerm	RelConc10_VRoot_RecipExt_VerbTerm
za_ba_ntu	PossConc10_NPrePre2_BPre2_NStem	PossConc10_BPre2_NStem	PossConc10_NPrePre2_BPre2_NStem	PossConc10_BPre2_NStem
ngo_kwe_n_hlalo	AdvPre_NPrePre15_PossConc15_BPre9_NStem	AdvPre_PossConc15_BPre9_NStem	AdvPre_NPrePre15_PossConc15_BPre9_NStem	AdvPre_PossConc15_BPre9_NStem
ezi_hlonz_iw_e	RelConc10_VRoot_PassExt_VerbTerm	RelConc8_VRoot_PassExt_VerbTerm	RelConc10_VRoot_PassExt_VerbTerm	RelConc8_VRoot_PassExt_VerbTerm
.	Punc	PUNC	Punc	PUNC
U_m_hlangano	NPrePre3_BPre3_NStem	NPrePre3_BPre3_NStem	NPrePre3_BPre3_NStem	NPrePre3_BPre3_NStem
u_nge_ngez_a	SC3_Pot_VRoot_VerbTerm	SC3_Pot_VRoot_VerbTerm	SC3_Pot_VRoot_VerbTerm	SC3_AdvPre_VRoot_VerbTerm
ku_lolu	LocPre_Dem11_Pos1	BPre17_NStem	LocPre_Dem11_Pos1	LocPre_NStem
hlu	NStem	NStem	NStem	NStem
.	Punc	PUNC	Punc	PUNC
U_m_hlangano	NPrePre3_BPre3_NStem	NPrePre3_BPre3_NStem	NPrePre3_BPre3_NStem	NPrePre3_BPre3_NStem
w_enz_a	SC3_VRoot_VerbTerm	SC1_VRoot_VerbTerm	SC3_VRoot_VerbTerm	SC2_VRoot_VerbTerm
u_hlelo	NPrePre11_NStem	NPrePre11_NStem	NPrePre11_NStem	NPrePre11_NStem
en_cane	AdjPref9_AdjStem	AdjPref9_AdjStem	AdjPref9_AdjStem	AdjPref9_AdjStem
u_m_sebenzi	NPrePre3_BPre3_NStem	NPrePre3_BPre3_NStem	NPrePre3_BPre3_NStem	NPrePre3_BPre3_NStem
lwesonto	PossConc11_NPrePre5_NStem	PossConc11	PossConc11_NPrePre5_NStem	PossConc11
,	Punc	PUNC	Punc	PUNC
oku_hlangan_is_a	RelConc15_VRoot_CausExt_VerbTerm	RelConc15_VRoot_CausExt_VerbTerm	RelConc15_VRoot_CausExt_VerbTerm	RelConc15_VRoot_CausExt_VerbTerm
u_hlelo	NPrePre11_NStem	NPrePre11_NStem	NPrePre11_NStem	NPrePre11_NStem
lwe_mi_hlangano	PossConc11_NPrePre4_BPre4_NStem	PossConc11_BPre4_NStem	PossConc11_NPrePre4_BPre4_NStem	PossConc11_BPre4_NStem
na_ba_mel_e	AdvPre_NPrePre2_SC2_VRoot_VerbTerm	AdvPre_SC2_VRoot_VerbTerm	AdvPre_NPrePre2_SC2_VRoot_VerbTerm	AdvPre_SC2_VRoot_VerbTerm
aba_ntu	NPrePre2_BPre2_NStem	RelConc2_NStem	NPrePre2_BPre2_NStem	RelConc2_NStem
abe_hluk_en_e	RelConc2_VRoot_RecipExt_VerbTerm	RelConc2_VRoot_RecipExt_VerbTerm	RelConc2_VRoot_RecipExt_VerbTerm	RelConc2_VRoot_RecipExt_VerbTerm
ngo_kwe_n_hlalo	AdvPre_NPrePre15_PossConc15_BPre9_NStem	AdvPre_PossConc15_BPre9_NStem	AdvPre_NPrePre15_PossConc15_BPre9_NStem	AdvPre_PossConc15_BPre9_NStem
.	Punc	PUNC	Punc	PUNC
Ku_ya_siz_a	SC15_Pres_VRoot_VerbTerm	SC15_Pres_VRoot_VerbTerm	SC15_Pres_VRoot_VerbTerm	SC15_Pres_VRoot_VerbTerm
u_ku_kheth_a	NPrePre15_BPre15_VRoot_VerbTerm	NPrePre15_BPre15_VRoot_VerbTerm	NPrePre15_BPre15_VRoot_VerbTerm	NPrePre15_BPre15_VRoot_VerbTerm
u_mu_ntu	NPrePre1_BPre1_NStem	NPrePre1_BPre1_NStem	NPrePre1_BPre1_NStem	NPrePre1_BPre1_NStem
ku_lelo	LocPre_Dem5_Pos2	LocPre_NStem	LocPre_Dem5_Pos2	LocPre_NStem
na_lelo	AdvPre_Dem5_Pos2	AdvPre_NStem	AdvPre_Dem5_Pos2	AdvPre_NStem
qembu	NStem	NStem	NStem	NStem
la_ba_ntu	PossConc5_NPrePre2_BPre2_NStem	PossConc5_BPre2_NStem	PossConc5_NPrePre2_BPre2_NStem	PossConc5_BPre2_NStem
ngo_kwe_n_hlalo	AdvPre_NPrePre15_PossConc15_BPre9_NStem	AdvPre_PossConc15_BPre9_NStem	AdvPre_NPrePre15_PossConc15_BPre9_NStem	AdvPre_PossConc15_BPre9_NStem
,	Punc	PUNC	Punc	PUNC
o_zo_hlangan_is_a	RelConc3_Fut_VRoot_VerbTerm	RelConc3_Fut_VRoot_CausExt_VerbTerm	RelConc3_Fut_VRoot_VerbTerm	RelConc3_Fut_VRoot_CausExt_VerbTerm
o_zo_hlangan_is_a	RelConc3_Fut_VRoot_VerbTerm	RelConc3_Fut_VRoot_CausExt_VerbTerm	RelConc3_Fut_VRoot_VerbTerm	RelConc1_Fut_VRoot_CausExt_VerbTerm
aba_zo_hamb_el_a	RelConc2_Fut_VRoot_ApplExt_VerbTerm	RelConc2_Fut_VRoot_ApplExt_VerbTerm	RelConc2_Fut_VRoot_ApplExt_VerbTerm	RelConc2_Fut_VRoot_ApplExt_VerbTerm
le	Dem4_Pos1	CDEM09	Dem4_Pos1	CDEM09
mi_hlangano	BPre4_NStem	BPre4_NStem	BPre4_NStem	BPre4_NStem
e_hlel_iw_e	RelConc4_VRoot_PassExt_VerbTerm	RelConc9_VRoot_PassExt_VerbTerm	RelConc4_VRoot_PassExt_VerbTerm	RelConc9_VRoot_PassExt_VerbTerm
.	Punc	PUNC	Punc	PUNC
Khuthaz_a	VRoot_VerbTerm	VRoot_VerbTerm	VRoot_VerbTerm	VRoot_VerbTerm
aba_bamb_e	RelConc2_VRoot_VerbTerm	RelConc2_VRoot_VerbTerm	RelConc2_VRoot_VerbTerm	RelConc2_VRoot_VerbTerm
i_qhaz_a	NPrePre5_BPre5_NStem	SC9_VRoot_VerbTerm	NPrePre5_BPre5_NStem	SC9_VRoot_VerbTerm
u_ku_b_a	Conj	NPrePre15_BPre15_VRoot_VerbTerm	Conj	NPrePre15_BPre15_VRoot_VerbTerm
ba_hamb_el_e	SC2_VRoot_ApplExt_VerbTerm	SC2_VRoot_ApplExt_VerbTerm	SC2_VRoot_ApplExt_VerbTerm	SC2_VRoot_ApplExt_VerbTerm
yo_nke	QuantConc4_QuantStem	QuantConc9_QuantStem	QuantConc4_QuantStem	QuantConc9_QuantStem
i_mi_hlangano	NPrePre4_BPre4_NStem	NPrePre4_BPre4_NStem	NPrePre4_BPre4_NStem	NPrePre4_BPre4_NStem
e_hlel_iw_e	RelConc4_VRoot_PassExt_VerbTerm	RelConc9_VRoot_PassExt_VerbTerm	RelConc4_VRoot_PassExt_VerbTerm	RelConc9_VRoot_PassExt_VerbTerm
.	Punc	PUNC	Punc	PUNC
Ba_ku_zi_phi	PossConc2_SC15_BPre8_Interrog	PossConc2_BPre15_ReflPre_Interrog	PossConc2_SC15_BPre8_Interrog	PossConc2_BPre15_ReflPre_Interrog
i_zi_gaba	NPrePre8_BPre8_NStem	NPrePre8_BPre8_NStem	NPrePre8_BPre8_NStem	NPrePre8_BPre8_NStem
ze_m_pilo	PossConc8_NPrePre9_BPre3_NStem	PossConc8_BPre3_NStem	PossConc8_NPrePre9_BPre3_NStem	PossConc8_BPre3_NStem
aba_ntu	NPrePre2_BPre2_NStem	RelConc2_NStem	NPrePre2_BPre2_NStem	RelConc2_NStem
ngo_kwe_si_mo	AdvPre_NPrePre15_PossConc15_NStem	AdvPre_PossConc15_BPre7_NStem	AdvPre_NPrePre15_PossConc15_NStem	AdvPre_PossConc15_BPre7_NStem
se_nhlalo	PossConc7_NPrePre9_BPre9_NStem	PossConc7_NStem	PossConc7_NPrePre9_BPre9_NStem	PossConc7_NStem
ne_se_zo_mnotho	AdvPre_NPrePre4_Pro_PossConc10_NPrePre3_NStem	AdvPre_PossConc7_PossConc10_NStem	AdvPre_NPrePre4_Pro_PossConc10_NPrePre3_NStem	AdvPre_Pro_PossConc8_NStem
?	Punc	PUNC	Punc	PUNC
(	Punc	PUNC	Punc	PUNC
i_sib.	Abbr	NPrePre9_NStem	Abbr	NPrePre9_NStem
abadala	AdjPref2_AdjStem	NStem	AdjPref2_AdjStem	NStem
ba_nga_ba_ntu	BPre2_CopPre_NPrePre2_BPre2_NStem	BPre2_AdvPre_BPre2_NStem	BPre2_CopPre_NPrePre2_BPre2_NStem	BPre2_AdvPre_BPre2_NStem
aba_mpofu	RelConc2_RelStem	RelConc2_RelStem	RelConc2_RelStem	RelConc2_RelStem
)	Punc	PUNC	Punc	PUNC
?	Punc	PUNC	Punc	PUNC
A_ba_gqugquzeli	NPrePre2_BPre2_NStem	NPrePre2_BPre2_NStem	NPrePre2_BPre2_NStem	NPrePre2_BPre2_NStem
ba_ka_masipala	PossConc2_PossKA_NStem	PossConc2_PossKA_NStem	PossConc2_PossKA_NStem	PossConc2_PossKA_NStem
aba_vel_a	RelConc2_VRoot_VerbTerm	RelConc2_VRoot_VerbTerm	RelConc2_VRoot_VerbTerm	RelConc2_VRoot_VerbTerm
e_mi_khakhe_ni	LocPre_BPre4_NStem_LocSuf	LocPre_BPre4_NStem_LocSuf	LocPre_BPre4_NStem_LocSuf	LocPre_BPre4_NStem_LocSuf
e_hluk_en_e	RelConc4_VRoot_VerbTerm	RelConc9_VRoot_RecipExt_VerbTerm	RelConc4_VRoot_VerbTerm	RelConc4_VRoot_RecipExt_VerbTerm
ka_masipala	PossKA_NStem	PossKA_NStem	PossKA_NStem	PossKA_NStem
noma	Conj	Conj	Conj	Conj
i_zi_khulu	NPrePre8_BPre8_NStem	NPrePre8_BPre8_NStem	NPrePre8_BPre8_NStem	NPrePre8_BPre8_NStem
zi_ka_hulumeni	PossConc8_PossKA_NPrePre1a_NStem	PossConc10_PossKA_NStem	PossConc8_PossKA_NPrePre1a_NStem	PossConc10_PossKA_NStem
ezi_ng_o_chwepheshe	RelConc8_CopPre_NPrePre2a_NStem	RelConc8_AdvPre_NPrePre2a_NStem	RelConc8_CopPre_NPrePre2a_NStem	RelConc8_AdvPre_NPrePre2a_NStem
ezi_vel_a	RelConc8_VRoot_VerbTerm	RelConc10_VRoot_VerbTerm	RelConc8_VRoot_VerbTerm	RelConc10_VRoot_VerbTerm
e_mi_nyangw_eni	LocPre_BPre4_NStem_LocSuf	LocPre_BPre4_NStem_LocSuf	LocPre_BPre4_NStem_LocSuf	LocPre_BPre4_NStem_LocSuf
ye_si_fundazwe	PossConc4_NPrePre7_BPre7_NStem	PossConc9_BPre7_NStem	PossConc4_NPrePre7_BPre7_NStem	PossConc4_BPre7_NStem
noma	Conj	Conj	Conj	Conj
ezi_funde_ni	LocPre_BPre8_NStem_LocSuf	RelConc8_NStem_LocSuf	LocPre_BPre8_NStem_LocSuf	RelConc8_NStem_LocSuf
.	Punc	PUNC	Punc	PUNC
U_ku_zi_bophezel_a	NPrePre15_BPre15_ReflPre_VRoot_VerbTerm	NPrePre15_BPre15_ReflPre_VRoot_VerbTerm	NPrePre15_BPre15_ReflPre_VRoot_VerbTerm	NPrePre15_BPre15_ReflPre_VRoot_VerbTerm
e_ku_qinis_ek_is_e_ni	LocPre_NPrePre15_BPre15_VRoot_Neutext_CausExt_VerbTerm_LocSuf	LocPre_BPre15_VRoot_Neutext_CausExt_VerbTerm_LocSuf	LocPre_NPrePre15_BPre15_VRoot_Neutext_CausExt_VerbTerm_LocSuf	LocPre_BPre15_VRoot_NeutExt_CausExt_VerbTerm_LocSuf
ngo_bu_khona	AdvPre_NPrePre14_BPre14_Adv	AdvPre_BPre14_Adv	AdvPre_NPrePre14_BPre14_Adv	AdvPre_BPre14_Adv
bo_ku_dl_a	PossConc14_NPrePre15_BPre15_NStem	PossConc2_BPre15_VRoot_VerbTerm	PossConc14_NPrePre15_BPre15_NStem	PossConc2_BPre15_VRoot_VerbTerm
e_ma_khaya	LocPre_BPre6_NStem	LocPre_BPre6_NStem	LocPre_BPre6_NStem	LocPre_BPre6_NStem
no_ku_dl_a	AdvPre_NPrePre15_BPre15_NStem	AdvPre_BPre15_VRoot_VerbTerm	AdvPre_NPrePre15_BPre15_NStem	AdvPre_BPre15_VRoot_VerbTerm
oku_no_m_soco	RelConc15_AdvPre_NPrePre3_BPre3_NStem	RelConc15_AdvPre_BPre3_NStem	RelConc15_AdvPre_NPrePre3_BPre3_NStem	RelConc15_AdvPre_BPre3_NStem
ku_bandakany_a	SC15_VRoot_VerbTerm	SC15_VRoot_VerbTerm	SC15_VRoot_VerbTerm	SC15_VRoot_VerbTerm
oku_ng_enz_iw_a	RelConc15_AdvPre_VRoot_PassExt_VerbTerm	RelConc15_Pot_VRoot_PassExt_VerbTerm	RelConc15_AdvPre_VRoot_PassExt_VerbTerm	RelConc15_Pot_VRoot_PassExt_VerbTerm
u_m_khakha	NPrePre3_BPre3_NStem	NPrePre3_BPre3_NStem	NPrePre3_BPre3_NStem	NPrePre3_BPre3_NStem
ka_hulumeni	PossConc1a_NStem	PossKA_NStem	PossConc1a_NStem	PossKA_NStem
no_m_khakha	AdvPre_NPrePre3_BPre3_NStem	AdvPre_BPre3_NStem	AdvPre_NPrePre3_BPre3_NStem	AdvPre_BPre3_NStem
o_zi_mel_e	RelConc3_ReflPre_VRoot_VerbTerm	RelConc3_ReflPre_VRoot_VerbTerm	RelConc3_ReflPre_VRoot_VerbTerm	RelConc3_ReflPre_VRoot_VerbTerm
.	Punc	PUNC	Punc	PUNC
U_m_thethosisekelo	NPrePre3_BPre3_NStem	NPrePre3_BPre3_NStem	NPrePre3_BPre3_NStem	NPrePre3_BPre3_NStem
u_hlinzek_a	SC3_VRoot_NPas_VerbTerm	SC3_VRoot_VerbTerm	SC3_VRoot_NPas_VerbTerm	SC1_VRoot_VerbTerm
ngo_m_bono	AdvPre_BPre3_NStem	AdvPre_BPre3_NStem	AdvPre_BPre3_NStem	AdvPre_BPre3_NStem
wo_m_phakathi	PossConc3_NPrePre3_BPre3_NStem	PossConc3_BPre3_NStem	PossConc3_NPrePre3_BPre3_NStem	PossConc3_BPre3_NStem
o_hlangen_e	RelConc1_VRoot_VerbTerm	RelConc3_VRoot_VerbTerm	RelConc1_VRoot_VerbTerm	RelConc3_VRoot_VerbTerm
,	Punc	PUNC	Punc	PUNC
o_ne_nqubekel_a	RelConc1_AdvPre_BPre9_NStem	RelConc3_AdvPre_VRoot_VerbTerm	RelConc1_AdvPre_BPre9_NStem	RelConc1_AdvPre_VRoot_VerbTerm
phambili	Adv	Adv	Adv	Adv
,	Punc	PUNC	Punc	PUNC
o_nga_cwa_si	RelConc1_NegPre_VRoot_VerbTerm	RelConc3_AdvPre_VRoot_BPre7	RelConc1_NegPre_VRoot_VerbTerm	RelConc3_AdvPre_NStem_VerbTerm
ngo_ko_bu_hlanga	AdvPre_PossConc15_BPre14_NStem	AdvPre_PossConc15_BPre14_NStem	AdvPre_PossConc15_BPre14_NStem	AdvPre_PossConc15_BPre14_NStem
na_ng_oko_bu_lili	CopPre_AdvPre_AdvPre_BPre14_NStem	CopPre_AdvPre_AdvPre_BPre14_NStem	CopPre_AdvPre_AdvPre_BPre14_NStem	CopPre_AdvPre_AdvPre_BPre14_NStem
;	Punc	PUNC	Punc	PUNC
i_zwe	NPrePre5_BPre5_NStem	NPrePre5_NStem	NPrePre5_BPre5_NStem	NPrePre5_NStem
labo	Dem2_Pos2	CDEM02	Dem2_Pos2	CDEM02
bo_nke	QuantConc2_QuantStem	QuantConc2_QuantStem	QuantConc2_QuantStem	QuantConc2_QuantStem
aba_hlal_a	RelConc2_VRoot_VerbTerm	RelConc2_VRoot_VerbTerm	RelConc2_VRoot_VerbTerm	RelConc2_VRoot_VerbTerm
ku_lo	LocPre_Dem3_Pos1	LocPre_PronStem5	LocPre_Dem3_Pos1	LocPre_PronStem5
,	Punc	PUNC	Punc	PUNC
eli_hlangen_e	RelConc5_VRoot_VerbTerm	RelConc5_VRoot_VerbTerm	RelConc5_VRoot_VerbTerm	RelConc5_VRoot_VerbTerm
e_kuhlukane_ni	LocPre_NPre15_VRoot_RecipExt_VerbTerm	LocPre_NStem_LocSuf	LocPre_NPre15_VRoot_RecipExt_VerbTerm	LocPre_NStem_LocSuf
kwa_lo	PossConc15_PronStem5	PossConc15_PronStem5	PossConc15_PronStem5	PossConc15_PronStem5
.	Punc	PUNC	Punc	PUNC
U_m_thethosisekelo	NPrePre3_BPre3_NStem	NPrePre3_BPre3_NStem	NPrePre3_BPre3_NStem	NPrePre3_BPre3_NStem
u_phind_e	SC1_VRoot_VerbTerm	SC3_VRoot_VerbTerm	SC1_VRoot_VerbTerm	SC3_VRoot_VerbTerm
u_phoq_e	SC3_VRoot_VerbTerm	SC1_VRoot_VerbTerm	SC3_VRoot_VerbTerm	SC3_VRoot_VerbTerm
i_zwe	NPrePre5_BPre5_NStem	NPrePre5_NStem	NPrePre5_BPre5_NStem	NPrePre5_NStem
u_kuth_i	Conj	SC1_VRoot_VerbTerm	Conj	NPrePre15_BPre15_VerbTerm
li_phol_e	NPrePre5_VRoot_VerbTerm	SC5_VRoot_VerbTerm	NPrePre5_VRoot_VerbTerm	SC5_VRoot_VerbTerm
e_kw_ehlukane_ni	LocPre_OC15_VRoot_RecipExt_VerbTerm	LocPre_BPre15_NStem_LocSuf	LocPre_OC15_VRoot_RecipExt_VerbTerm	LocPre_BPre15_NStem_LocSuf
kwe_si_khathi	PossConc15_NPrePre7_BPre7_NStem	PossConc15_BPre7_NStem	PossConc15_NPrePre7_BPre7_NStem	PossConc15_BPre7_NStem
esi_dlul_e	RelConc7_Intrans_VerbTerm	RelConc7_VRoot_VerbTerm	RelConc7_Intrans_VerbTerm	RelConc7_VRoot_VerbTerm
,	Punc	PUNC	Punc	PUNC
u_bon_a	SC2_VRoot_VerbTerm	SC1_VRoot_VerbTerm	SC2_VRoot_VerbTerm	SC1_VRoot_VerbTerm
u_kuth_i	Conj	SC1_VRoot_VerbTerm	Conj	NPrePre15_BPre15_VerbTerm
i_Ningizimu	NPrePre5_ProperName	NPrePre5_ProperName	NPrePre5_ProperName	NPrePre5_ProperName
Afrika	ProperName	ProperName	ProperName	ProperName
i_vel_a	SC9_VRoot_VerbTerm	SC9_VRoot_VerbTerm	SC9_VRoot_VerbTerm	SC9_VRoot_VerbTerm
e_n_dlele_ni	LocPre_NPrePre9_BPre9_NStem_LocSuf	LocPre_BPre9_NStem_LocSuf	LocPre_NPrePre9_BPre9_NStem_LocSuf	LocPre_BPre9_NStem_LocSuf
lapho	Dem16_Pos2	Conj	Dem16_Pos2	Conj
i_ningi	BPre9_NStem	NPrePre9_AdjStem	BPre9_NStem	NPrePre9_AdjStem
la_ba_ntu	PossConc5_NPrePre2_BPre2_NStem	PossConc5_BPre2_NStem	PossConc5_NPrePre2_BPre2_NStem	PossConc5_BPre2_NStem
ba_yo	PossConc14_PronStem9	PossConc2_PronStem9	PossConc14_PronStem9	PossConc2_PronStem9
lali_phucwe	SC5_OC6_VRoot_PassExt_VerbTerm	PossConc5_NStem	SC5_OC6_VRoot_PassExt_VerbTerm	SC5_NStem
khona	AbsPron15	AbsPron15	AbsPron15	AbsPron15
a_ma_thuba	NPrePre6_BPre6_NStem	NPrePre6_BPre6_NStem	NPrePre6_BPre6_NStem	NPrePre6_BPre6_NStem
.	Punc	PUNC	Punc	PUNC
Khumbula	VRoot_VerbTerm	Conj	VRoot_VerbTerm	ProperName
u_kuth_i	Conj	NPrePre15_VRoot_VerbTerm	Conj	NPrePre15_BPre15_VerbTerm
i_logifreyimu	BPre5_NStem	NPrePre9_NStem	BPre5_NStem	NPrePre9_NStem
yi_dokhumenti	CopPre_NStem	CopPre_NStem	CopPre_NStem	CopPre_NStem
e_phil_a_yo	RelConc9_VRoot_VerbTerm_RelSuf	RelConc9_VRoot_VerbTerm_RelSuf	RelConc9_VRoot_VerbTerm_RelSuf	RelConc9_VRoot_VerbTerm_RelSuf
futh_i	Conj	VRoot_VerbTerm	Conj	VRoot_VerbTerm
ku_mel_e	SC15_VRoot_VerbTerm	SC15_VRoot_VerbTerm	SC15_VRoot_VerbTerm	SC15_VRoot_VerbTerm
i_bhek_w_e	SC9_VRoot_PassExt_VerbTerm	SC9_VRoot_PassExt_VerbTerm	SC9_VRoot_PassExt_VerbTerm	SC9_VRoot_PassExt_VerbTerm
njalo	Adv	Adv	Adv	Adv
futh_i	Conj	VRoot_VerbTerm	Conj	VRoot_VerbTerm
ku_y_iw_e	SC15_VRoot_PassExt_VerbTerm	SC15_VRoot_PassExt_VerbTerm	SC15_VRoot_PassExt_VerbTerm	SC15_VRoot_PassExt_VerbTerm
ku_yo	LocPre_PronStem9	LocPre_PronStem9	LocPre_PronStem9	LocPre_PronStem9
nge_si_khathi	AdvPre_NPrePre7_BPre7_NStem	AdvPre_BPre7_NStem	AdvPre_NPrePre7_BPre7_NStem	AdvPre_BPre7_NStem
ku_qhubek_a	SC15_VRoot_VerbTerm	SC15_VRoot_VerbTerm	SC15_VRoot_VerbTerm	SC15_VRoot_VerbTerm
u_m_jikelezo	BPre1_NStem	NPrePre3_BPre3_NStem	BPre1_NStem	NPrePre3_BPre3_NStem
we_phrojekthi	PossConc3_NPrePre5_NStem	PossConc3_NStem	PossConc3_NPrePre5_NStem	PossConc3_NStem
.	Punc	PUNC	Punc	PUNC
I_yi_thuluzi	BPre9_CopPre_NStem	NPrePre5_CopPre_NStem	BPre9_CopPre_NStem	NPrePre9_CopPre_NStem
el_enz_el_w_e	RelConc8_VRoot_RecipExt_PassExt_VerbTerm	RelConc5_VRoot_ApplExt_PassExt_VerbTerm	RelConc8_VRoot_RecipExt_PassExt_VerbTerm	RelConc5_VRoot_ApplExt_PassExt_VerbTerm
u_ku_siz_a	NPrePre15_BPre15_VRoot_VerbTerm	NPrePre15_BPre15_VRoot_VerbTerm	NPrePre15_BPre15_VRoot_VerbTerm	NPrePre15_BPre15_VRoot_VerbTerm
a_be_thimba	RelConc2_NStem	NPrePre2_BPre2_NStem	RelConc2_NStem	NPrePre2_BPre2_NStem
le_phrojekthi	Dem4_Pos1_NStem	PossConc5_NStem	Dem4_Pos1_NStem	PossConc5_NStem
,	Punc	PUNC	Punc	PUNC
hhay_i	Interjec	VRoot_VerbTerm	Interjec	VRoot_VerbTerm
u_ku_ba_vimba	NPrePre15_BPre15_SC2_VRoot_VerbTerm	NPrePre15_BPre15_BPre2_NStem	NPrePre15_BPre15_SC2_VRoot_VerbTerm	NPrePre15_BPre15_BPre2_NStem
noma	Conj	Conj	Conj	Conj
u_ku_ba_nqand_a	NPrePre15_BPre15_NStem	NPrePre15_BPre15_SC2_VRoot_VerbTerm	NPrePre15_BPre15_NStem	NPrePre15_BPre15_OC2_VRoot_VerbTerm
ka_nye	AdvPre_AdjStem	AdvPre_AdjStem	AdvPre_AdjStem	AdvPre_AdjStem
no_ku_ba_phath_a	AdvPre_BPre15_SC2_Intrans_VerbTerm	AdvPre_BPre15_BPre2_VRoot_VerbTerm	AdvPre_BPre15_SC2_Intrans_VerbTerm	AdvPre_BPre15_SC2_VRoot_VerbTerm
ka_bi	AdvPre_AdjStem	AdvPre_AdjStem	AdvPre_AdjStem	AdvPre_AdjStem
,	Punc	PUNC	Punc	PUNC
ayi_so	NegPre_CopPre_NStem	NegPre_PronStem7	NegPre_CopPre_NStem	NegPre_PronStem7
i_si_mbelambel_a	NPrePre7_BPre7_NStem	NPrePre7_BPre7_VRoot_VerbTerm	NPrePre7_BPre7_NStem	NPrePre7_BPre7_VRoot_VerbTerm
futh_i	Conj	VRoot_VerbTerm	Conj	VRoot_VerbTerm
ku_mel_e	SC15_VRoot_VerbTerm	SC15_VRoot_VerbTerm	SC15_VRoot_VerbTerm	SC15_VRoot_VerbTerm
i_bukez_w_e	SC9_Intrans_VerbTerm	SC9_VRoot_PassExt_VerbTerm	SC9_Intrans_VerbTerm	SC9_VRoot_PassExt_VerbTerm
ngo_ku_bhek_a	AdvPre_NPrePre15_BPre15_VRoot_VerbTerm	AdvPre_BPre15_VRoot_VerbTerm	AdvPre_NPrePre15_BPre15_VRoot_VerbTerm	AdvPre_BPre15_VRoot_VerbTerm
a_ma_qiniso	NPrePre6_BPre6_NStem	NPrePre6_BPre6_NStem	NPrePre6_BPre6_NStem	NPrePre6_BPre6_NStem
oku_setshenz_is_w_a	RelConc15_VRoot_CausExt_PassExt_VerbTerm	RelConc15_VRoot_CausExt_PassExt_VerbTerm	RelConc15_VRoot_CausExt_PassExt_VerbTerm	RelConc15_VRoot_CausExt_PassExt_VerbTerm
kwe_phrojekthi	PossConc15_NPrePre5_NStem	PossConc15_NStem	PossConc15_NPrePre5_NStem	PossConc15_NStem
,	Punc	PUNC	Punc	PUNC
njengoba	Conj	Conj	Conj	Conj
i_zin_qubo	NPrePre10_BPre10_NStem	NPrePre10_BPre10_NStem	NPrePre10_BPre10_NStem	NPrePre10_BPre10_NStem
zo_ku_qaphel_a	PossConc10_NPrePre15_Intrans_VerbTerm	PossConc10_NPrePre15_Intrans_VerbTerm	PossConc10_NPrePre15_Intrans_VerbTerm	PossConc10_NPrePre15_Intrans_VerbTerm
no_ku_buyekez_a	AdvPre_NPrePre15_BPre15_VRoot_VerbTerm	AdvPre_BPre15_VRoot_VerbTerm	AdvPre_NPrePre15_BPre15_VRoot_VerbTerm	AdvPre_BPre15_VRoot_VerbTerm
zi_sh_o	SC10_VRoot_VerbTerm	SC8_VRoot_VerbTerm	SC10_VRoot_VerbTerm	SC8_VRoot_VerbTerm
.	Punc	PUNC	Punc	PUNC
Zam_a	VRoot_VerbTerm	VRoot_VerbTerm	VRoot_VerbTerm	VRoot_VerbTerm
u_ku_bandakany_a	NPrePre15_BPre15_VRoot_VerbTerm	NPrePre15_BPre15_VRoot_VerbTerm	NPrePre15_BPre15_VRoot_VerbTerm	NPrePre15_BPre15_VRoot_VerbTerm
aba_ntu	NPrePre2_BPre2_NStem	RelConc2_NStem	NPrePre2_BPre2_NStem	RelConc2_NStem
aba_hlonz_iw_e	RelConc2_VRoot_PassExt_VerbTerm	RelConc2_VRoot_PassExt_VerbTerm	RelConc2_VRoot_PassExt_VerbTerm	RelConc2_VRoot_PassExt_VerbTerm
abe_hlukehluk_en_e	RelConc2_VRoot_RecipExt_VerbTerm	RelConc2_VRoot_RecipExt_VerbTerm	RelConc2_VRoot_RecipExt_VerbTerm	RelConc2_VRoot_RecipExt_VerbTerm
ngo_kwe_n_hlalo	AdvPre_NPrePre15_PossConc15_BPre9_NStem	AdvPre_PossConc15_BPre9_NStem	AdvPre_NPrePre15_PossConc15_BPre9_NStem	AdvPre_PossConc15_BPre9_NStem
,	Punc	PUNC	Punc	PUNC
oku_hlangan_is_a	RelConc15_VRoot_CausExt_VerbTerm	RelConc15_VRoot_CausExt_VerbTerm	RelConc15_VRoot_CausExt_VerbTerm	RelConc15_VRoot_CausExt_VerbTerm
aba_ntu	NPrePre2_BPre2_NStem	RelConc2_NStem	NPrePre2_BPre2_NStem	RelConc2_NStem
aba_no_lw_az_i	RelConc2_AdvPre_NPrePre11_BPre11_NStem	RelConc2_AdvPre_BPre11_VRoot_VerbTerm	RelConc2_AdvPre_NPrePre11_BPre11_NStem	RelConc2_AdvPre_BPre11_VRoot_VerbTerm
nge_zin_daba	AdvPre_NPrePre10_BPre10_NStem	AdvPre_BPre10_NStem	AdvPre_NPrePre10_BPre10_NStem	AdvPre_BPre10_NStem
ze_ze_m_velo	PossConc10_NPrePre10_PossConc10_NPrePre9_BPre3_NStem	PossConc10_PossConc10_BPre3_NStem	PossConc10_NPrePre10_PossConc10_NPrePre9_BPre3_NStem	PossConc10_PossConc10_BPre3_NStem
ye_n_dawo	PossConc9_NPrePre9_BPre9_NStem	PossConc9_BPre9_NStem	PossConc9_NPrePre9_BPre9_NStem	PossConc9_BPre9_NStem
.	Punc	PUNC	Punc	PUNC
A_ma_lungu	NPrePre6_BPre6_NStem	NPrePre6_BPre6_NStem	NPrePre6_BPre6_NStem	NPrePre6_BPre6_NStem
e_qembu	RelConc9_NPrePre5_BPre5_NStem	LocPre_NStem	RelConc9_NPrePre5_BPre5_NStem	LocPre_NStem
ku_mel_e	SC15_VRoot_VerbTerm	SC15_VRoot_VerbTerm	SC15_VRoot_VerbTerm	SC15_VRoot_VerbTerm
a_vot_el_e	SC6_VRoot_ApplExt_VerbTerm	SC6_VRoot_ApplExt_VerbTerm	SC6_VRoot_ApplExt_VerbTerm	SC6_VRoot_ApplExt_VerbTerm
oku_thathu	AdjPref15_AdjStem	AdjPref15_AdjStem	AdjPref15_AdjStem	AdjPref15_AdjStem
oku_se_qhulw_ini	RelConc15_PreLoc-s_LocPre_NStem_LocSuf	RelConc15_Pro_NStem_LocSuf	RelConc15_PreLoc-s_LocPre_NStem_LocSuf	RelConc15_Pro_NStem_LocSuf
oku_y_i_ntuthuko	RelConc15_CopPre_NPrePre9_NStem	RelConc15_CopPre_NPrePre9_NStem	RelConc15_CopPre_NPrePre9_NStem	RelConc15_CopPre_NPrePre9_NStem
e_fis_w_a_yo	RelConc9_VRoot_PassExt_VerbTerm_RelSuf	RelConc9_VRoot_PassExt_VerbTerm_RelSuf	RelConc9_VRoot_PassExt_VerbTerm_RelSuf	RelConc9_VRoot_PassExt_VerbTerm_RelSuf
.	Punc	PUNC	Punc	PUNC
Lelo	Dem5_Pos2	CDEM05	Dem5_Pos2	CDEM05
na_lelo	AdvPre_Dem5_Pos2	AdvPre_NStem	AdvPre_Dem5_Pos2	AdvPre_NStem
lungu	NStem	NStem	NStem	NStem
le_qembu	PossConc5_NPrePre5_BPre5_NStem	PossConc5_NStem	PossConc5_NPrePre5_BPre5_NStem	PossConc5_NStem
li_na_ma_voti	BPre5_AdvPre_NPrePre6_BPre6_NStem	BPre5_AdvPre_BPre6_NStem	BPre5_AdvPre_NPrePre6_BPre6_NStem	BPre5_AdvPre_BPre6_NStem
a_ma_thathu	AdjPref6_AdjStem	NPrePre6_BPre6_AdjStem	AdjPref6_AdjStem	NPrePre6_BPre6_NStem
futh_i	Conj	VRoot_VerbTerm	Conj	VRoot_VerbTerm
li_nga_vot_a	SC6_Pot_VRoot_VerbTerm	SC5_AdvPre_VRoot_VerbTerm	SC6_Pot_VRoot_VerbTerm	SC5_AdvPre_VRoot_VerbTerm
ngo_ku_bek_a	AdvPre_NPrePre15_BPre15_VRoot_VerbTerm	AdvPre_BPre15_VRoot_VerbTerm	AdvPre_NPrePre15_BPre15_VRoot_VerbTerm	AdvPre_BPre15_VRoot_VerbTerm
u_phawu	NPrePre11_BPre11_NStem	NPrePre11_NStem	NPrePre11_BPre11_NStem	NPrePre11_NStem
maqondan_a	Conj	Conj_VerbTerm	Conj	Conj_VerbTerm
ne_n_tuthuko	AdvPre_BPre9_NStem	AdvPre_BPre9_NStem	AdvPre_BPre9_NStem	AdvPre_BPre9_NStem
eli_cabanga	RelConc5_VRoot_VerbTerm	RelConc5_NStem	RelConc5_VRoot_VerbTerm	RelConc5_NStem
u_kuth_i	Conj	NPrePre15_VRoot_VerbTerm	Conj	NPrePre15_BPre15_VerbTerm
ku_mel_e	SC15_VRoot_VerbTerm	SC15_VRoot_VerbTerm	SC15_VRoot_VerbTerm	SC15_VRoot_VerbTerm
i_qhakanjisw_e	SC9_VRoot_CausExt_PassExt_VerbTerm	SC9_VRoot_VerbTerm	SC9_VRoot_CausExt_PassExt_VerbTerm	SC9_VRoot_VerbTerm
.	Punc	PUNC	Punc	PUNC
lesi	Dem7_Pos1	CDEM07	Dem7_Pos1	CDEM07
S_AHLUKO	BPre7_NStem	BPre7_NStem	BPre7_NStem	BPre7_NStem
SI_CHAZ_A	SC7_VRoot_VerbTerm	SC7_VRoot_VerbTerm	SC7_VRoot_VerbTerm	SC7_VRoot_VerbTerm
SI_N_IKEZ_E	SC7_VRoot_VerbTerm	SC7_BPre9_Intrans_VerbTerm	SC7_VRoot_VerbTerm	SC7_CopPre_VRoot_VerbTerm
I_MINININGWANE	NPrePre4_BPre4_NStem	NPrePre9_NStem	NPrePre4_BPre4_NStem	NPrePre9_NStem
ya_leso	PossConc4_Dem7_Pos2	PossConc9_NStem	PossConc4_Dem7_Pos2	PossConc9_NStem
na_leso	AdvPre_Dem7_Pos2	AdvPre_NStem	AdvPre_Dem7_Pos2	AdvPre_NStem
si_gaba	BPre7_NStem	BPre7_NStem	BPre7_NStem	BPre7_NStem
so_M_hlahlandlel_a	PossConc7_NPrePre3_BPre3_NStem	PossConc7_BPre3_Intrans_VerbTerm	PossConc7_NPrePre3_BPre3_NStem	PossConc7_BPre3_Intrans_VerbTerm
wo_ku_hlel_a	PossConc3_NPrePre15_BPre15_VRoot_VerbTerm	PossConc1a_BPre15_VRoot_VerbTerm	PossConc3_NPrePre15_BPre15_VRoot_VerbTerm	PossConc1a_NPrePre15_VRoot_VerbTerm
oku_gqugquzel_a	RelConc15_VRoot_VerbTerm	RelConc15_VRoot_VerbTerm	RelConc15_VRoot_VerbTerm	RelConc15_VRoot_VerbTerm
u_m_phakathi	NPrePre3_BPre3_Adv	NPrePre3_BPre3_NStem	NPrePre3_BPre3_Adv	NPrePre3_BPre3_NStem
njengoba	Conj	Conj	Conj	Conj
w_ethul_w_a	SC3_VRoot_PassExt_VerbTerm	SC3_VRoot_PassExt_VerbTerm	SC3_VRoot_PassExt_VerbTerm	SC3_VRoot_PassExt_VerbTerm
e_Mhlahlandlele_ni	LocPre_BPre3_NStem_LocSuf	LocPre_NStem_LocSuf	LocPre_BPre3_NStem_LocSuf	LocPre_NStem_LocSuf
wa_be__AI_CDD	PossConc3_BPre2_Abbr	PossConc3_BPre2_RelConc2_Abbr	PossConc3_BPre2_Abbr	PossConc1_BPre2_Abbr_Abbr
.	Punc	PUNC	Punc	PUNC
lesi	Dem7_Pos1	CDEM07	Dem7_Pos1	CDEM07
sa_hluko	BPre7_NStem	PossConc7_NStem	BPre7_NStem	PossConc7_NStem
si_landel_a	SC7_VRoot_VerbTerm	SC7_VRoot_VerbTerm	SC7_VRoot_VerbTerm	SC7_VRoot_VerbTerm
leso	Dem7_Pos2	CDEM07	Dem7_Pos2	CDEM07
na_leso	AdvPre_Dem7_Pos2	AdvPre_NStem	AdvPre_Dem7_Pos2	AdvPre_NStem
si_gaba	BPre7_NStem	BPre7_NStem	BPre7_NStem	BPre7_NStem
futh_i	Conj	VRoot_VerbTerm	Conj	VRoot_VerbTerm
,	Punc	PUNC	Punc	PUNC
ngo_ku_sebenz_is_a	AdvPre_NPrePre15_BPre15_VRoot_CausExt_VerbTerm	AdvPre_BPre15_VRoot_CausExt_VerbTerm	AdvPre_NPrePre15_BPre15_VRoot_CausExt_VerbTerm	AdvPre_BPre15_VRoot_CausExt_VerbTerm
u_M_hlahlandlel_a	NPrePre3_BPre3_NStem	NPrePre3_BPre3_VRoot_VerbTerm	NPrePre3_BPre3_NStem	NPrePre3_BPre3_VRoot_VerbTerm
wa_be__AI_CDD	PossConc3_BPre2_Abbr	PossConc1_BPre2_NegPre_Abbr	PossConc3_BPre2_Abbr	PossConc3_BPre2_Abbr_Abbr
,	Punc	PUNC	Punc	PUNC
si_phakamis_a	SC1pp_VRoot_VerbTerm	SC7_VRoot_VerbTerm	SC1pp_VRoot_VerbTerm	SC1_VRoot_VerbTerm
i_n_dlel_a	NPrePre9_NPrePre9_NStem	NPrePre9_BPre9_VRoot_VerbTerm	NPrePre9_NPrePre9_NStem	NPrePre9_BPre9_VRoot_VerbTerm
leso	Dem7_Pos2	CDEM07	Dem7_Pos2	CDEM07
na_leso	AdvPre_Dem7_Pos2	AdvPre_CDEM07	AdvPre_Dem7_Pos2	AdvPre_NStem
si_gaba	BPre7_NStem	BPre7_NStem	BPre7_NStem	BPre7_NStem
esi_nga_setshenz_is_w_a	RelConc7_Pot_VRoot_CausExt_PassExt_VerbTerm	RelConc7_Pot_VRoot_CausExt_PassExt_VerbTerm	RelConc7_Pot_VRoot_CausExt_PassExt_VerbTerm	RelConc7_AdvPre_VRoot_CausExt_PassExt_VerbTerm
nga_yo	AdvPre_PronStem9	AdvPre_PronStem9	AdvPre_PronStem9	AdvPre_PronStem9
.	Punc	PUNC	Punc	PUNC
lesi	Dem7_Pos1	CDEM07	Dem7_Pos1	CDEM07
sa_hluko	BPre7_NStem	PossConc7_NStem	BPre7_NStem	PossConc7_NStem
si_qoq_a	SC7_VRoot_VerbTerm	SC7_VRoot_VerbTerm	SC7_VRoot_VerbTerm	SC7_VRoot_VerbTerm
a_ma_phuzu	NPrePre6_BPre6_NStem	NPrePre6_BPre6_NStem	NPrePre6_BPre6_NStem	NPrePre6_BPre6_NStem
a_se_m_qoka	RelConc6_Pro_BPre3_NStem	RelConc6_AuxVStem_BPre3_NStem	RelConc6_Pro_BPre3_NStem	RelConc6_Pro_BPre3_NStem
.	Punc	PUNC	Punc	PUNC
Isethulo	NPrePre7_BPre7_NStem	ProperName	NPrePre7_BPre7_NStem	ProperName
esi_phelel_e	RelConc7_VRoot_VerbTerm	RelConc7_VRoot_VerbTerm	RelConc7_VRoot_VerbTerm	RelConc7_VRoot_VerbTerm
si_qukethwe	SC7_VRoot_PassExt_Perf_VerbTerm	BPre7_NStem	SC7_VRoot_PassExt_Perf_VerbTerm	BPre8_NStem
w_u_M_hlahlandlel_a	CopPre_NPrePre3_BPre3_NStem	CopPre_NPrePre3_BPre3_Intrans_VerbTerm	CopPre_NPrePre3_BPre3_NStem	CopPre_NPrePre3_BPre3_VRoot_VerbTerm
wa_be__AI_CDD	PossConc3_BPre2_Abbr	PossConc1_BPre2_RelConc2_Abbr	PossConc3_BPre2_Abbr	PossConc1_BPre2_Abbr_Abbr
.	Punc	PUNC	Punc	PUNC
Ku_ngabe	Conj	BPre17_NStem	Conj	BPre17_NStem
aba_ntu	NPrePre2_BPre2_NStem	RelConc2_NStem	NPrePre2_BPre2_NStem	RelConc2_NStem
be_si_fazane	PossConc2_NPrePre7_BPre7_NStem	PossConc2_BPre7_NStem	PossConc2_NPrePre7_BPre7_NStem	PossConc2_BPre7_NStem
ba_bandakany_w_a	SC2_VRoot_PassExt_VerbTerm	SC2_VRoot_PassExt_VerbTerm	SC2_VRoot_PassExt_VerbTerm	SC2_VRoot_PassExt_VerbTerm
ka_njani	AdvPre_Interrog	AdvPre_Interrog	AdvPre_Interrog	AdvPre_Interrog
e_mi_sebenz_ini	LocPre_NPrePre4_BPre4_NStem_LocSuf	LocPre_BPre4_NStem_LocSuf	LocPre_NPrePre4_BPre4_NStem_LocSuf	LocPre_BPre4_NStem_LocSuf
yo_hlelo	PossConc4_NPrePre11_NStem	PossConc9_NStem	PossConc4_NPrePre11_NStem	PossConc9_NStem
(	Punc	PUNC	Punc	PUNC
ku_hlangan_is_a	SC15_VRoot_CausExt_VerbTerm	SC15_VRoot_CausExt_VerbTerm	SC15_VRoot_CausExt_VerbTerm	SC15_VRoot_CausExt_VerbTerm
ne_zin_hlelo	NPre10_NPrePre10_BPre10_NStem	NPre10_BPre10_NStem	NPre10_NPrePre10_BPre10_NStem	NPre10_BPre10_NStem
zo_qeqesho	PossConc10_NPrePre10_NStem	PossConc8_NStem	PossConc10_NPrePre10_NStem	PossConc8_NStem
,	Punc	PUNC	Punc	PUNC
i_mi_buthano	NPrePre4_BPre4_NStem	NPrePre4_BPre4_NStem	NPrePre4_BPre4_NStem	NPrePre4_BPre4_NStem
ka_nye	Conj	AdvPre_AdjStem	Conj	AdvPre_AdjStem
ne_mi_hlangano	AdvPre_NPrePre4_BPre4_NStem	AdvPre_BPre4_NStem	AdvPre_NPrePre4_BPre4_NStem	AdvPre_BPre4_NStem
)	Punc	PUNC	Punc	PUNC
?	Punc	PUNC	Punc	PUNC
A_be_si_lis_a	NPrePre2_BPre2_BPre7_NStem	NegPre_SC2_Pro_VRoot_VerbTerm	NPrePre2_BPre2_BPre7_NStem	NPrePre2_BPre2_SC1pp_VRoot_VerbTerm
bo_na	PronStem2_PronSuf	PronStem2_PronSuf	PronStem2_PronSuf	PronStem2_PronSuf
?	Punc	PUNC	Punc	PUNC
Ku_ngabe	Conj	SC15_Conj	Conj	BPre17_NStem
za_b_a	SC8_AuxVStem	SC10_VRoot_VerbTerm	SC8_AuxVStem	SC10_VRoot_VerbTerm
khona	AbsPron15	AbsPron15	AbsPron15	AbsPron15
yini	Interrog	Interrog	Interrog	Interrog
i_zabelo	NPrePre8_NStem	NPrePre5_NStem	NPrePre8_NStem	BPre9_NStem
z_e_sabiwomali	PossConc8_NPrePre7_NStem	PossConc8_NPrePre9_NStem	PossConc8_NPrePre7_NStem	PossConc8_NPrePre9_NStem
ezi_qond_en_e	RelConc8_VRoot_RecipExt_Perf_VerbTerm	RelConc8_VRoot_RecipExt_VerbTerm	RelConc8_VRoot_RecipExt_Perf_VerbTerm	RelConc8_VRoot_RecipExt_VerbTerm
ngqo	Ideoph	Ideoph	Ideoph	Ideoph
na_ba_ntu	AdvPre_NPrePre2_BPre2_NStem	AdvPre_BPre2_NStem	AdvPre_NPrePre2_BPre2_NStem	AdvPre_BPre2_NStem
be_si_fazane	PossConc2_NPrePre7_BPre7_NStem	PossConc2_BPre7_NStem	PossConc2_NPrePre7_BPre7_NStem	PossConc2_BPre7_NStem
?	Punc	PUNC	Punc	PUNC
U_ku_vez_a	NPrePre15_BPre15_NStem	NPrePre15_BPre15_VRoot_VerbTerm	NPrePre15_BPre15_NStem	NPrePre15_BPre15_VRoot_VerbTerm
i_zin_sizakusebenz_a	NPrePre10_BPre10_NStem	NPrePre10_BPre10_VRoot_VerbTerm	NPrePre10_BPre10_NStem	NPrePre10_BPre10_VRoot_VerbTerm
_	Punc		Punc	
a_ma_Komidi	NPrePre6_BPre6_NStem	NPrePre6_BPre6_NStem	NPrePre6_BPre6_NStem	NPrePre6_BPre6_NStem
Ezi_gceme	RelConc8_NStem	RelConc8_NStem	RelConc8_NStem	RelConc8_NStem
a_s_e_n_dawe_ni	RelConc6_Pro_BPre9_NStem_LocSuf	RelConc6_PreLocs_LocPre_BPre9_NStem_LocSuf	RelConc6_Pro_BPre9_NStem_LocSuf	RelConc6_PreLocs_LocPre_BPre9_NStem_LocSuf
a_fanel_e	SC6_VRoot_ApplExt_VerbTerm	SC6_VRoot_VerbTerm	SC6_VRoot_ApplExt_VerbTerm	SC6_VRoot_VerbTerm
u_kw_az_i	NPrePre15_BPre15_VRoot_VerbTerm	NPrePre15_BPre15_VRoot_VerbTerm	NPrePre15_BPre15_VRoot_VerbTerm	NPrePre15_BPre15_VRoot_VerbTerm
u_kuth_i	Conj	NPrePre15_VRoot_VerbTerm	Conj	NPrePre15_BPre15_VerbTerm
y_i_zi_phi	CopPre_NPrePre10_BPre10_Interrog	CopPre_NPrePre10_BPre10_Interrog	CopPre_NPrePre10_BPre10_Interrog	CopPre_NPrePre10_BPre10_Interrog
i_zin_sizakusebenz_a	NPrePre10_BPre10_NStem	NPrePre10_BPre10_VRoot_VerbTerm	NPrePre10_BPre10_NStem	NPrePre10_BPre10_VRoot_VerbTerm
ezi_khona	RelConc8_Adv	RelConc8_Adv	RelConc8_Adv	RelConc8_Adv
e_m_phakath_ini	LocPre_BPre3_NStem_LocSuf	LocPre_BPre3_NStem_LocSuf	LocPre_BPre3_NStem_LocSuf	LocPre_BPre3_NStem_LocSuf
no_ku_nga_phel_el_i	AdvPre_NPrePre15_BPre15_NegPre_NStem	AdvPre_BPre15_NegPre_VRoot_ApplExt_VerbTerm	AdvPre_NPrePre15_BPre15_NegPre_NStem	AdvPre_BPre15_NegPre_VRoot_ApplExt_VerbTerm
kwa_zo	PossConc15_PronStem10	PossConc15_PronStem10	PossConc15_PronStem10	PossConc15_PronStem10
no_ku_th_i	AdvPre_BPre15_VRoot_VerbTerm	AdvPre_BPre15_VRoot_VerbTerm	AdvPre_BPre15_VRoot_VerbTerm	AdvPre_BPre15_VRoot_VerbTerm
u_m_khandlu	NPrePre3_BPre3_NStem	NPrePre3_BPre3_NStem	NPrePre3_BPre3_NStem	NPrePre3_BPre3_NStem
u_nga_zi_sebenz_is_a	SC1_AdvPre_ReflPre_VRoot_CausExt_VerbTerm	SC1_Pot_ReflPre_VRoot_CausExt_VerbTerm	SC1_AdvPre_ReflPre_VRoot_CausExt_VerbTerm	SC1_Pot_ReflPre_VRoot_CausExt_VerbTerm
ka_njani	AdvPre_Interrog	AdvPre_Interrog	AdvPre_Interrog	AdvPre_Interrog
lezi	Dem10_Pos1	CDEM10	Dem10_Pos1	CDEM10
zin_sizakusebenz_a	SC8_Intrans_VerbTerm	BPre10_Intrans_VerbTerm	SC8_Intrans_VerbTerm	BPre10_Intrans_VerbTerm
.	Punc	PUNC	Punc	PUNC
Lezi	Dem10_Pos1	CDEM10	Dem10_Pos1	CDEM10
zin_sizakusebenz_a	SC8_Intrans_VerbTerm	BPre10_VRoot_VerbTerm	SC8_Intrans_VerbTerm	BPre10_Intrans_VerbTerm
zi_nga_ba	BPre10_AdvPre_AuxVStem	SC10_Pot_AuxVStem	BPre10_AdvPre_AuxVStem	SC10_Pot_AuxVStem
lu_sizo	BPre11_NStem	BPre11_NStem	BPre11_NStem	BPre11_NStem
u_ma	Conj	NPrePre1a_NStem	Conj	NPrePre1a_NStem
u_masipala	BPre1a_NStem	NPrePre1a_NStem	BPre1a_NStem	NPrePre1a_NStem
u_n_qum_a	RelConc3_BPre9_VRoot_VerbTerm	SC3_BPre9_VRoot_VerbTerm	RelConc3_BPre9_VRoot_VerbTerm	SC3_BPre9_VRoot_VerbTerm
u_ku_leth_a	NPrePre15_BPre15_VRoot_VerbTerm	NPrePre15_BPre15_VRoot_VerbTerm	NPrePre15_BPre15_VRoot_VerbTerm	NPrePre15_BPre15_VRoot_VerbTerm
i_n_sizakalo	NPrePre9_BPre9_NStem	NPrePre9_BPre9_NStem	NPrePre9_BPre9_NStem	NPrePre9_BPre9_NStem
ngo_ku_sebenz_is_a	AdvPre_NPrePre15_BPre15_VRoot_CausExt_VerbTerm	AdvPre_BPre15_VRoot_CausExt_VerbTerm	AdvPre_NPrePre15_BPre15_VRoot_CausExt_VerbTerm	AdvPre_BPre15_VRoot_CausExt_VerbTerm
U_bamb_is_w_ano	NPrePre11_BPre11_NStem	SC1_VRoot_CausExt_PassExt_NStem	NPrePre11_BPre11_NStem	SC3_VRoot_CausExt_PassExt_NStem
Lwe_zin_sizakalo	PossConc11_NPrePre10_BPre10_NStem	PossConc11_BPre10_NStem	PossConc11_NPrePre10_BPre10_NStem	PossConc11_BPre10_NStem
Zi_ka_masipala	PossConc8_PossKA_NStem	PossConc8_PossKA_NStem	PossConc8_PossKA_NStem	PossConc8_PossKA_NStem
.	Punc	PUNC	Punc	PUNC
A_ma_Komidi	NPrePre6_BPre6_NStem	NPrePre6_BPre6_NStem	NPrePre6_BPre6_NStem	NPrePre6_BPre6_NStem
Ezi_gceme	RelConc8_NStem	RelConc8_NStem	RelConc8_NStem	RelConc8_NStem
a_nga_siz_a	SC6_AdvPre_VRoot_VerbTerm	SC6_Pot_VRoot_VerbTerm	SC6_AdvPre_VRoot_VerbTerm	SC6_Pot_VRoot_VerbTerm
e_ku_vez_e_ni	RelConc4_BPre15_VRoot_VerbTerm_LocSuf	LocPre_OC15_VRoot_VerbTerm_LocSuf	RelConc4_BPre15_VRoot_VerbTerm_LocSuf	LocPre_BPre15_VRoot_VerbTerm_LocSuf
u_m_lethi	BPre1a_NStem	NPrePre1_BPre1_NStem	BPre1a_NStem	NPrePre1_BPre1_NStem
we_zin_sizakalo	PossConc3_NPrePre10_BPre10_NStem	PossConc3_BPre10_NStem	PossConc3_NPrePre10_BPre10_NStem	PossConc3_BPre10_NStem
o_fanel_ek_il_e	SC3_VRoot_NPas_Perf_VerbTerm	RelConc3_VRoot_NPas_Perf_VerbTerm	SC3_VRoot_NPas_Perf_VerbTerm	RelConc3_VRoot_NeutExt_Perf_VerbTerm
o_zo_kw_az_i	SC3_Fut_VRoot_VerbTerm	RelConc3_Fut_BPre15_VRoot_VerbTerm	SC3_Fut_VRoot_VerbTerm	RelConc3_Fut_BPre15_VRoot_VerbTerm
u_ku_hlangabez_an_a	NPrePre15_BPre15_VRoot_RecipExt_VerbTerm	NPrePre15_BPre15_VRoot_RecipExt_VerbTerm	NPrePre15_BPre15_VRoot_RecipExt_VerbTerm	NPrePre15_BPre15_VRoot_RecipExt_VerbTerm
ne_mi_gomo	AdvPre_NPrePre4_BPre4_NStem	AdvPre_BPre4_NStem	AdvPre_NPrePre4_BPre4_NStem	AdvPre_BPre4_NStem
ka_masipala	PossKA_NPrePre1a_NStem	PossKA_NStem	PossKA_NPrePre1a_NStem	PossKA_NStem
yo_ku_leth_a	PossConc9_NPrePre15_BPre15_VRoot_VerbTerm	PossConc9_BPre15_VRoot_VerbTerm	PossConc9_NPrePre15_BPre15_VRoot_VerbTerm	PossConc9_BPre15_VRoot_VerbTerm
i_zin_sizakalo	NPrePre10_BPre10_NStem	NPrePre10_BPre10_NStem	NPrePre10_BPre10_NStem	NPrePre10_BPre10_NStem
nge_nani	AdvPre_NStem	AdvPre_NStem	AdvPre_NStem	AdvPre_NStem
eli_finyelel_ek_a_yo	RelConc5_VRoot_NPas_VerbTerm_RelSuf	RelConc5_VRoot_NPas_VerbTerm_RelSuf	RelConc5_VRoot_NPas_VerbTerm_RelSuf	RelConc5_VRoot_NeutExt_VerbTerm_RelSuf
na_nge_n_dlel_a	CopPre_AdvPre_NPrePre9_BPre9_NStem	AdvPre_AdvPre_BPre9_VRoot_VerbTerm	CopPre_AdvPre_NPrePre9_BPre9_NStem	CopPre_AdvPre_BPre9_VRoot_VerbTerm
yo_kw_enz_a	PossConc9_NPrePre15_BPre15_VRoot_VerbTerm	PossConc9_BPre15_VRoot_VerbTerm	PossConc9_NPrePre15_BPre15_VRoot_VerbTerm	PossConc9_BPre15_VRoot_VerbTerm
u_m_sebenzi	NPrePre3_BPre3_NStem	NPrePre3_BPre3_NStem	NPrePre3_BPre3_NStem	NPrePre3_BPre3_NStem
e_nik_a	RelConc9_Intrans_VerbTerm	RelConc9_VRoot_VerbTerm	RelConc9_Intrans_VerbTerm	RelConc9_VRoot_VerbTerm
i_thuba	NPrePre5_BPre5_NStem	NPrePre5_NStem	NPrePre5_BPre5_NStem	NPrePre5_NStem
kwa_ba_be_buk_el_w_a	PossConc15_BPre2_RelConc15_VRoot_PassExt_VerbTerm	PossConc15_RelConc2_SC2_VRoot_ApplExt_PassExt_VerbTerm	PossConc15_BPre2_RelConc15_VRoot_PassExt_VerbTerm	PossConc15_RelConc2_SC2_VRoot_ApplExt_PassExt_VerbTerm
phansi	Adv	Adv	Adv	Adv
.	Punc	PUNC	Punc	PUNC
A_shintshe	SC1_VRoot_VerbTerm	RelConc6_RelStem	SC1_VRoot_VerbTerm	RelConc6_NStem
u_bu_dlelwano	NPrePre14_BPre14_NStem	NPrePre14_BPre14_NStem	NPrePre14_BPre14_NStem	NPrePre14_BPre14_NStem
ba_ma_ndla	PossConc14_NPrePre6_BPre6_NStem	PossConc2_BPre6_NStem	PossConc14_NPrePre6_BPre6_NStem	PossConc2_BPre6_NStem
a_nga_lingani	NegPre_VRoot_RecipExt_VerbTerm	RelConc6_NegPre_NStem	NegPre_VRoot_RecipExt_VerbTerm	RelConc6_NegPre_NStem
phakathi	Adv	Adv	Adv	Adv
kwa_be_si_lis_a	PossConc15_NPrePre2_BPre2_BPre7_NStem	PossConc15_BPre2_SC1pp_VRoot_VerbTerm	PossConc15_NPrePre2_BPre2_BPre7_NStem	PossConc15_RelConc2_SC1pp_VRoot_VerbTerm
ka_nye	Conj	AdvPre_AdjStem	Conj	AdvPre_AdjStem
na_be_si_fazane	AdvPre_NPrePre2_BPre2_BPre7_NStem	AdvPre_BPre2_BPre7_NStem	AdvPre_NPrePre2_BPre2_BPre7_NStem	AdvPre_BPre2_BPre7_NStem
.	Punc	PUNC	Punc	PUNC
A_ba_ntu	NPrePre2_BPre2_NStem	NPrePre2_BPre2_NStem	NPrePre2_BPre2_NStem	NPrePre2_BPre2_NStem
be_si_fazane	PossConc2_NPrePre7_BPre7_NStem	PossConc2_BPre7_NStem	PossConc2_NPrePre7_BPre7_NStem	PossConc2_BPre7_NStem
ku_fanel_e	SC15_VRoot_VerbTerm	SC15_VRoot_VerbTerm	SC15_VRoot_VerbTerm	SC15_VRoot_VerbTerm
ba_kw_az_i	SC2_BPre15_VRoot_VerbTerm	SC2_OC15_VRoot_VerbTerm	SC2_BPre15_VRoot_VerbTerm	SC2_OC15_VRoot_VerbTerm
u_ku_thol_a	NPrePre15_BPre15_VRoot_VerbTerm	NPrePre15_BPre15_VRoot_VerbTerm	NPrePre15_BPre15_VRoot_VerbTerm	NPrePre15_BPre15_VRoot_VerbTerm
i_zi_nto	NPrePre10_BPre10_NStem	NPrePre8_BPre8_NStem	NPrePre10_BPre10_NStem	NPrePre8_BPre8_NStem
ezi_zo_ba_nikez_a	RelConc10_Fut_SC2_VRoot_VerbTerm	RelConc10_Fut_OC2_VRoot_VerbTerm	RelConc10_Fut_SC2_VRoot_VerbTerm	RelConc8_Fut_OC2_VRoot_VerbTerm
a_ma_ndla	NPrePre6_BPre6_NStem	NPrePre6_BPre6_NStem	NPrePre6_BPre6_NStem	NPrePre6_BPre6_NStem
_	Punc		Punc	
njeng_oqeqesho	AdvPre_NPrePre11_NStem	AdvPre_NStem	AdvPre_NPrePre11_NStem	AdvPre_NStem
,	Punc	PUNC	Punc	PUNC
i_zi_mali	NPrePre10_BPre10_NStem	NPrePre10_BPre10_NStem	NPrePre10_BPre10_NStem	NPrePre10_BPre10_NStem
ezi_bolek_is_a_yo	RelConc10_VRoot_CausExt_VerbTerm_RelSuf	RelConc10_VRoot_CausExt_VerbTerm_RelSuf	RelConc10_VRoot_CausExt_VerbTerm_RelSuf	RelConc10_VRoot_CausExt_VerbTerm_RelSuf
,	Punc	PUNC	Punc	PUNC
a_ma_ndla	NPrePre6_BPre6_NStem	NPrePre6_BPre6_NStem	NPrePre6_BPre6_NStem	NPrePre6_BPre6_NStem
oku_sayin_el_a	RelConc15_VRoot_ApplExt_VerbTerm	RelConc15_VRoot_ApplExt_VerbTerm	RelConc15_VRoot_ApplExt_VerbTerm	RelConc15_VRoot_ApplExt_VerbTerm
i_zi_ndlu	NPrePre10_BPre10_NStem	NPrePre10_BPre10_NStem	NPrePre10_BPre10_NStem	NPrePre10_BPre10_NStem
ezi_qashis_a_yo	RelConc10_VRoot_CausExt_VerbTerm_RelSuf	RelConc8_Intrans_VerbTerm_RelSuf	RelConc10_VRoot_CausExt_VerbTerm_RelSuf	RelConc10_Intrans_VerbTerm_RelSuf
ka_nye	Conj	AdvPre_AdjStem	Conj	AdvPre_AdjStem
no_ku_melel_ek_a	AdvPre_NPrePre15_BPre15_VRoot_NeutExt_VerbTerm	AdvPre_BPre15_VRoot_NeutExt_VerbTerm	AdvPre_NPrePre15_BPre15_VRoot_NeutExt_VerbTerm	AdvPre_BPre15_VRoot_NeutExt_VerbTerm
ezi_khungw_eni	RelConc8_NStem_LocSuf	RelConc8_NStem_LocSuf	RelConc8_NStem_LocSuf	RelConc8_NStem_LocSuf
zezo_m_busazwe	PossConc8_NPrePre10_PossConc8_NPrePre3_BPre3_NStem	PossConc10_BPre3_NStem	PossConc8_NPrePre10_PossConc8_NPrePre3_BPre3_NStem	PossConc10_BPre3_NStem
.	Punc	PUNC	Punc	PUNC
I_zin_gqinamb_a	NPrePre10_BPre10_NStem	NPrePre10_BPre10_Intrans_VerbTerm	NPrePre10_BPre10_NStem	NPrePre10_BPre10_VRoot_VerbTerm
ezi_ning_an_a	RelConc10_AdjStem_DimSuf	RelConc8_VRoot_RecipExt_VerbTerm	RelConc10_AdjStem_DimSuf	RelConc8_VRoot_RecipExt_VerbTerm
za_s_e_Ningizimu	PossConc10_PreLoc-s_LocPre_NPrePre5_BPre5_ProperName	PossConc10_PreLocs_LocPre_ProperName	PossConc10_PreLoc-s_LocPre_NPrePre5_BPre5_ProperName	PossConc10_PreLocs_LocPre_ProperName
Afrika	ProperName	ProperName	ProperName	ProperName
ku_nga_bhek_an_w_a	BPre17_Pot_VRoot_RecipExt_PassExt_VerbTerm	SC15_Pot_VRoot_RecipExt_PassExt_VerbTerm	BPre17_Pot_VRoot_RecipExt_PassExt_VerbTerm	SC15_Pot_VRoot_RecipExt_PassExt_VerbTerm
na_zo	AdvPre_PronStem10	AdvPre_PronStem8	AdvPre_PronStem10	AdvPre_PronStem8
ku_phel_a	LocPre_Adv	SC15_VRoot_VerbTerm	LocPre_Adv	SC15_VRoot_VerbTerm
ngo_ku_bamb_is_an_a	AdvPre_NPrePre15_BPre15_VRoot_CausExt_RecipExt_VerbTerm	AdvPre_BPre15_VRoot_CausExt_RecipExt_VerbTerm	AdvPre_NPrePre15_BPre15_VRoot_CausExt_RecipExt_VerbTerm	AdvPre_BPre15_VRoot_CausExt_RecipExt_VerbTerm
kwe_zi_fund_a	PossConc15_NPrePre8_BPre8_NStem	PossConc15_BPre8_VRoot_VerbTerm	PossConc15_NPrePre8_BPre8_NStem	PossConc15_BPre8_VRoot_VerbTerm
.	Punc	PUNC	Punc	PUNC
Nge_si_khathi	AdvPre_BPre7_Adv	AdvPre_BPre7_NStem	AdvPre_BPre7_Adv	AdvPre_BPre7_NStem
i_Ningizimu	NPrePre5_BPre5_ProperName	NPrePre5_ProperName	NPrePre5_BPre5_ProperName	NPrePre5_ProperName
Afrika	ProperName	ProperName	ProperName	ProperName
i_yi_zwe	BPre9_CopPre_NStem	BPre9_CopPre_NStem	BPre9_CopPre_NStem	BPre9_CopPre_NStem
eli_nge_na_wo	RelConc5_NegPre_Adv	RelConc5_NegPre_AdvPre_PronStem6	RelConc5_NegPre_Adv	RelConc5_NegPre_AdvPre_PronStem6
ka_hle	AdvPre_Adv	AdvPre_AdjStem	AdvPre_Adv	AdvPre_AdjStem
a_ma_nzi	NPrePre6_BPre6_NStem	NPrePre6_BPre6_NStem	NPrePre6_BPre6_NStem	NPrePre6_BPre6_NStem
,	Punc	PUNC	Punc	PUNC
a_ma_zwe	NPrePre6_BPre6_NStem	NPrePre6_BPre6_NStem	NPrePre6_BPre6_NStem	NPrePre6_BPre6_NStem
a_ngo_makhelwane	RelConc6_AdvPre_NPrePre2a_NStem	RelConc6_AdvPre_NStem	RelConc6_AdvPre_NPrePre2a_NStem	RelConc6_AdvPre_NStem
a_ma_ning_an_a	AdjPref6_AdjStem_DimSuf	NPrePre6_BPre6_VRoot_RecipExt_VerbTerm	AdjPref6_AdjStem_DimSuf	NPrePre6_BPre6_VRoot_RecipExt_VerbTerm
a_na_ma_nzi	RelConc6_AdvPre_NStem	RelConc6_AdvPre_BPre6_NStem	RelConc6_AdvPre_NStem	RelConc6_AdvPre_BPre6_NStem
a_ma_ningi	AdjPref6_AdjStem	NPrePre6_BPre6_AdjStem	AdjPref6_AdjStem	NPrePre6_BPre6_NStem
.	Punc	PUNC	Punc	PUNC
Ku_ne_zi_nye	BPre15_AdvPre_RelConc10_AdjStem	LocPre_AdvPre_BPre8_AdjStem	BPre15_AdvPre_RelConc10_AdjStem	LocPre_AdvPre_BPre8_AdjStem
i_zin_dawo	NPrePre10_BPre10_NStem	NPrePre10_BPre10_NStem	NPrePre10_BPre10_NStem	NPrePre10_BPre10_NStem
lapho	Dem16_Pos2	Conj	Dem16_Pos2	Conj
i_zi_khwama	NPrePre8_BPre8_NStem	NPrePre8_BPre8_NStem	NPrePre8_BPre8_NStem	NPrePre8_BPre8_NStem
ze_mali	PossConc8_NStem	PossConc8_NStem	PossConc8_NStem	PossConc8_NStem
yo_ku_siz_a	PossConc4_NPrePre15_BPre15_VRoot_VerbTerm	PossConc9_BPre15_VRoot_VerbTerm	PossConc4_NPrePre15_BPre15_VRoot_VerbTerm	PossConc9_BPre15_VRoot_VerbTerm
zi_hlinzek_a	SC10_Intrans_NPas_VerbTerm	SC10_VRoot_VerbTerm	SC10_Intrans_NPas_VerbTerm	SC10_VRoot_VerbTerm
khona	AbsPron15	AbsPron15	AbsPron15	AbsPron15
nga_ma_thuba	AdvPre_NPrePre6_BPre6_NStem	AdvPre_BPre6_NStem	AdvPre_NPrePre6_BPre6_NStem	AdvPre_BPre6_NStem
oku_siz_an_a	RelConc15_VRoot_RecipExt_VerbTerm	RelConc15_VRoot_RecipExt_VerbTerm	RelConc15_VRoot_RecipExt_VerbTerm	RelConc15_VRoot_RecipExt_VerbTerm
ngo_ku_bamb_is_an_a	AdvPre_NPrePre15_BPre15_VRoot_CausExt_RecipExt_VerbTerm	AdvPre_BPre15_VRoot_CausExt_RecipExt_VerbTerm	AdvPre_NPrePre15_BPre15_VRoot_CausExt_RecipExt_VerbTerm	AdvPre_BPre15_VRoot_CausExt_RecipExt_VerbTerm
.	Punc	PUNC	Punc	PUNC
I_si_bonelo	NPrePre7_BPre7_NStem	NPrePre7_BPre7_NStem	NPrePre7_BPre7_NStem	NPrePre7_BPre7_NStem
,	Punc	PUNC	Punc	PUNC
i_Ningizimu	NPrePre5_BPre5_ProperName	NPrePre5_ProperName	NPrePre5_BPre5_ProperName	NPrePre5_ProperName
Afrika	ProperName	ProperName	ProperName	ProperName
ku_mel_e	SC15_VRoot_VerbTerm	SC15_VRoot_VerbTerm	SC15_VRoot_VerbTerm	SC15_VRoot_VerbTerm
i_tshal_e	SC9_VRoot_VerbTerm	SC9_VRoot_VerbTerm	SC9_VRoot_VerbTerm	SC9_VRoot_VerbTerm
i_mali	NPrePre9_BPre9_NStem	NPrePre9_NStem	NPrePre9_BPre9_NStem	NPrePre9_NStem
be_se	SC2_AuxVStem	SC2_AuxVStem	SC2_AuxVStem	SC2_AuxVStem
i_siz_a	SC9_VRoot_VerbTerm	SC9_VRoot_VerbTerm	SC9_VRoot_VerbTerm	SC9_VRoot_VerbTerm
u_ku_sebenz_is_a	NPrePre15_BPre15_VRoot_CausExt_VerbTerm	NPrePre15_BPre15_VRoot_CausExt_VerbTerm	NPrePre15_BPre15_VRoot_CausExt_VerbTerm	NPrePre15_BPre15_VRoot_CausExt_VerbTerm
a_ma_thuba	NPrePre6_BPre6_NStem	NPrePre6_BPre6_NStem	NPrePre6_BPre6_NStem	NPrePre6_BPre6_NStem
a_ma_ningi	AdjPref6_AdjStem	NPrePre6_BPre6_AdjStem	AdjPref6_AdjStem	NPrePre6_BPre6_NStem
a_hluk_en_e	VRoot_RecipExt_Perf	RelConc6_VRoot_RecipExt_VerbTerm	VRoot_RecipExt_Perf	RelConc6_VRoot_RecipExt_VerbTerm
a_ma_ndla	NPrePre6_BPre6_NStem	NPrePre6_BPre6_NStem	NPrePre6_BPre6_NStem	NPrePre6_BPre6_NStem
a_ne_khabhoni	RelConc6_AdvPre_BPre9_NStem	RelConc6_AdvPre_NStem	RelConc6_AdvPre_BPre9_NStem	RelConc6_AdvPre_NStem
en_cane	AdjPref9_AdjStem	AdjPref9_AdjStem	AdjPref9_AdjStem	AdjPref9_AdjStem
a_vel_a	SC6_VRoot_VerbTerm	SC6_VRoot_VerbTerm	SC6_VRoot_VerbTerm	SC6_VRoot_VerbTerm
ku_gesi	LocPre_BPre11_NStem	LocPre_NStem	LocPre_BPre11_NStem	LocPre_NStem
o_sus_el_w_a	RelConc3_VRoot_ApplExt_PassExt_VerbTerm	RelConc3_VRoot_ApplExt_PassExt_VerbTerm	RelConc3_VRoot_ApplExt_PassExt_VerbTerm	SC3_VRoot_ApplExt_PassExt_VerbTerm
e_ma_nzi_ni	LocPre_NStem_LocSuf	LocPre_BPre6_NStem_LocSuf	LocPre_NStem_LocSuf	LocPre_BPre6_NStem_LocSuf
ka_nye	Conj	AdvPre_AdjStem	Conj	AdvPre_AdjStem
ne_mi_nye	AdvPre_AdjPref4_AdjStem	AdvPre_BPre4_AdjStem	AdvPre_AdjPref4_AdjStem	AdvPre_BPre4_AdjStem
i_mi_thombo	NPrePre4_BPre4_NStem	NPrePre4_BPre4_NStem	NPrePre4_BPre4_NStem	NPrePre4_BPre4_NStem
ya_ma_ndla	PossConc9_NPrePre6_NStem	PossConc9_BPre6_NStem	PossConc9_NPrePre6_NStem	PossConc9_BPre6_NStem
a_hlanz_ek_il_e	RelConc6_VRoot_NeutExt_Perf_VerbTerm	SC6_VRoot_NeutExt_Perf_VerbTerm	RelConc6_VRoot_NeutExt_Perf_VerbTerm	RelConc6_VRoot_NeutExt_Perf_VerbTerm
e_ningizimu	LocPre_ProperName	AdjPref9_NStem	LocPre_ProperName	RelConc6_NStem
ne__Afrika	AdvPre_NPrePre5_ProperName	AdvPre_ProperName	AdvPre_NPrePre5_ProperName	AdvPre_ProperName
.	Punc	PUNC	Punc	PUNC
I_nani	NPrePre5_BPre5_NStem	NPrePre5_BPre5	NPrePre5_BPre5_NStem	NPrePre5_BPre5
le_mi_sebenzi	PossConc5_NPrePre4_BPre4_NStem	PossConc5_BPre4_NStem	PossConc5_NPrePre4_BPre4_NStem	PossConc5_BPre4_NStem
e_dal_iw_e	SC4_VRoot_PassExt_VerbTerm	RelConc9_VRoot_PassExt_VerbTerm	SC4_VRoot_PassExt_VerbTerm	RelConc9_VRoot_PassExt_VerbTerm
nge_zin_hlelo	NPre10_NPrePre10_BPre10_NStem	AdvPre_BPre10_NStem	NPre10_NPrePre10_BPre10_NStem	AdvPre_BPre10_NStem
ze_n_tuthuko	PossConc8_NStem	PossConc8_BPre9_NStem	PossConc8_NStem	PossConc8_BPre9_NStem
ye_zo_mnotho	PossConc4_NPrePre4_NStem	PossConc9_PossConc10_NStem	PossConc4_NPrePre4_NStem	PossConc9_PossConc10_NStem
we_n_dawo	PossConc3_BPre9_NStem	PossConc3_BPre9_NStem	PossConc3_BPre9_NStem	PossConc3_BPre9_NStem
zi_ka_masipala	PossConc8_PossKA_NStem	PossConc8_PossKA_NStem	PossConc8_PossKA_NStem	PossConc8_PossKA_NStem
oku_fak_a	RelConc15_VRoot_VerbTerm	RelConc15_VRoot_VerbTerm	RelConc15_VRoot_VerbTerm	RelConc15_VRoot_VerbTerm
phakathi	Adv	Adv	Adv	Adv
a_ma_phrojekthi	NPrePre6_BPre6_NStem	NPrePre6_BPre6_NStem	NPrePre6_BPre6_NStem	NPrePre6_BPre6_NStem
e_khephithali	RelConc5_NStem	NPre5_NStem	RelConc5_NStem	NPre5_NStem
.	Punc	PUNC	Punc	PUNC
U_kw_enz_a	NPrePre15_BPre15_VRoot_VerbTerm	NPrePre15_BPre15_VRoot_VerbTerm	NPrePre15_BPre15_VRoot_VerbTerm	NPrePre15_BPre15_VRoot_VerbTerm
lul_a	Adv	VRoot_VerbTerm	Adv	VRoot_VerbTerm
ka_nye	AdvPre_AdjStem	AdvPre_AdjStem	AdvPre_AdjStem	AdvPre_AdjStem
no_ku_qinis_ek_is_a	AdvPre_NPrePre15_BPre15_VRoot_CausExt_NeutExt_CausExt_VerbTerm	AdvPre_BPre15_VRoot_NeutExt_CausExt_VerbTerm	AdvPre_NPrePre15_BPre15_VRoot_CausExt_NeutExt_CausExt_VerbTerm	AdvPre_BPre15_VRoot_NeutExt_CausExt_VerbTerm
u_ku_bamb_a	NPrePre15_BPre15_VRoot_VerbTerm	NPrePre15_BPre15_VRoot_VerbTerm	NPrePre15_BPre15_VRoot_VerbTerm	NPrePre15_BPre15_VRoot_VerbTerm
i_qhaz_a	NPrePre5_BPre5_NStem	SC9_VRoot_VerbTerm	NPrePre5_BPre5_NStem	SC9_VRoot_VerbTerm
ko_m_phakathi	PossConc15_NPrePre3_BPre3_NStem	PossConc15_BPre3_NStem	PossConc15_NPrePre3_BPre3_NStem	PossConc15_BPre3_NStem
kw_enz_iw_a	SC15_VRoot_PassExt_VerbTerm	SC15_VRoot_PassExt_VerbTerm	SC15_VRoot_PassExt_VerbTerm	SC15_VRoot_PassExt_VerbTerm
njengoba	Conj	Conj	Conj	Conj
ku_bek_iw_e	SC15_VRoot_PassExt_VerbTerm	SC15_VRoot_PassExt_VerbTerm	SC15_VRoot_PassExt_VerbTerm	SC15_VRoot_PassExt_VerbTerm
e_mi_thethw_eni	LocPre_NPrePre4_BPre4_NStem_LocSuf	LocPre_BPre4_NStem_LocSuf	LocPre_NPrePre4_BPre4_NStem_LocSuf	LocPre_BPre4_NStem_LocSuf
e_fanel_e	RelConc9_VRoot_VerbTerm	RelConc9_VRoot_VerbTerm	RelConc9_VRoot_VerbTerm	RelConc9_VRoot_VerbTerm
ku_zo_leth_a	SC15_Fut_VRoot_VerbTerm	SC15_Fut_VRoot_VerbTerm	SC15_Fut_VRoot_VerbTerm	SC15_Fut_VRoot_VerbTerm
i_zin_selel_e	NPrePre10_BPre10_NStem	NPrePre10_BPre10_VRoot_VerbTerm	NPrePre10_BPre10_NStem	NPrePre10_BPre10_VRoot_VerbTerm
E_ma_komidi_ni	LocPre_BPre6_NStem_LocSuf	LocPre_BPre6_NStem_LocSuf	LocPre_BPre6_NStem_LocSuf	LocPre_BPre6_NStem_LocSuf
Ezi_gceme	RelConc8_Intrans_VerbTerm	RelConc8_NStem	RelConc8_Intrans_VerbTerm	RelConc8_NStem
u_ku_phath_a	NPrePre15_BPre15_VRoot_VerbTerm	NPrePre15_BPre15_VRoot_VerbTerm	NPrePre15_BPre15_VRoot_VerbTerm	NPrePre15_BPre15_VRoot_VerbTerm
a_ma_qembu	NPrePre6_BPre6_NStem	NPrePre6_BPre6_NStem	NPrePre6_BPre6_NStem	NPrePre6_BPre6_NStem
a_hlukahluk_en_e	RelConc6_VRoot_VerbTerm	RelConc6_VRoot_RecipExt_VerbTerm	RelConc6_VRoot_VerbTerm	RelConc6_VRoot_RecipExt_VerbTerm
ka_nye	AdvPre_AdjStem	AdvPre_AdjStem	AdvPre_AdjStem	AdvPre_AdjStem
ne_zin_tshisekelo	NPre10_NPrePre10_BPre10_NStem	AdvPre_BPre10_NStem	NPre10_NPrePre10_BPre10_NStem	NPre10_BPre10_NStem
ezi_gceme_ni	RelConc8_NStem_LocSuf	RelConc8_NStem_LocSuf	RelConc8_NStem_LocSuf	RelConc8_NStem_LocSuf
za_wo	PossConc10_PronStem3	PossConc10_PronStem3	PossConc10_PronStem3	PossConc10_PronStem3
.	Punc	PUNC	Punc	PUNC
A_ma_komidi	NPrePre6_BPre6_NStem	NPrePre6_BPre6_NStem	NPrePre6_BPre6_NStem	NPrePre6_BPre6_NStem
Ezi_gceme	RelConc8_Intrans_VerbTerm	RelConc8_NStem	RelConc8_Intrans_VerbTerm	RelConc8_NStem
ku_mel_e	SC15_VRoot_VerbTerm	SC15_VRoot_VerbTerm	SC15_VRoot_VerbTerm	SC15_VRoot_VerbTerm
a_qaphel_e	RelConc6_VRoot_VerbTerm	RelConc6_VRoot_VerbTerm	RelConc6_VRoot_VerbTerm	SC6_VRoot_VerbTerm
u_kw_ahlukahlukan_a	NPrePre15_BPre15_VRoot_RecipExt_VerbTerm	NPrePre15_BPre15_VRoot_VerbTerm	NPrePre15_BPre15_VRoot_RecipExt_VerbTerm	NPrePre15_BPre15_VRoot_VerbTerm
e_mi_phakath_ini	LocPre_NPrePre4_BPre4_NStem_LocSuf	LocPre_BPre4_NStem_LocSuf	LocPre_NPrePre4_BPre4_NStem_LocSuf	LocPre_BPre4_NStem_LocSuf
ya_wo	PossConc9_PronStem3	PossConc9_PronStem3	PossConc9_PronStem3	PossConc9_PronStem3
ka_nye	AdvPre_AdjStem	AdvPre_AdjStem	AdvPre_AdjStem	AdvPre_AdjStem
no_ku_qhamuk_a	AdvPre_BPre15_VRoot_VerbTerm	AdvPre_BPre15_VRoot_VerbTerm	AdvPre_BPre15_VRoot_VerbTerm	AdvPre_BPre15_VRoot_VerbTerm
na_ma_qhinga	AdvPre_NPrePre6_BPre6_NStem	AdvPre_BPre6_NStem	AdvPre_NPrePre6_BPre6_NStem	AdvPre_BPre6_NStem
a_yi_mpumelelo	RelConc6_CopPre_NStem	RelConc6_CopPre_NStem	RelConc6_CopPre_NStem	RelConc6_CopPre_NStem
oku_qinis_ek_is_a	RelConc15_VRoot_NeutExt_CausExt_VerbTerm	RelConc15_VRoot_NeutExt_CausExt_VerbTerm	RelConc15_VRoot_NeutExt_CausExt_VerbTerm	RelConc15_VRoot_NeutExt_CausExt_VerbTerm
u_ku_fak_w_a	NPrePre15_BPre15_VRoot_PassExt_VerbTerm	NPrePre15_BPre15_VRoot_PassExt_VerbTerm	NPrePre15_BPre15_VRoot_PassExt_VerbTerm	NPrePre15_BPre15_VRoot_PassExt_VerbTerm
kwa_wo	PossConc15_PronStem3	PossConc15_PronStem3	PossConc15_PronStem3	PossConc15_PronStem3
wo_nke	QuantConc3_QuantStem	QuantConc3_QuantStem	QuantConc3_QuantStem	QuantConc3_QuantStem
a_ma_lungu	NPrePre6_BPre6_NStem	NPrePre6_BPre6_NStem	NPrePre6_BPre6_NStem	NPrePre6_BPre6_NStem
e_ma_wadi_ni	LocPre_BPre6_NStem_LocSuf	LocPre_BPre6_NStem_LocSuf	LocPre_BPre6_NStem_LocSuf	LocPre_BPre6_NStem_LocSuf
a_wo	PossConc6_PronStem6	PossConc6_PronStem6	PossConc6_PronStem6	PossConc6_PronStem6
a_hluk_en_e	VRoot_RecipExt_Perf	RelConc6_VRoot_RecipExt_VerbTerm	VRoot_RecipExt_Perf	RelConc6_VRoot_RecipExt_VerbTerm
.	Punc	PUNC	Punc	PUNC
E_ku_hlangan_is_e_ni	LocPre_BPre15_VRoot_CausExt_VerbTerm_RecipExt_VerbTerm	LocPre_BPre15_VRoot_CausExt_VerbTerm_LocSuf	LocPre_BPre15_VRoot_CausExt_VerbTerm_RecipExt_VerbTerm	LocPre_BPre15_VRoot_CausExt_VerbTerm_LocSuf
u_m_phakathi	NPrePre3_BPre3_NStem	NPrePre3_BPre3_NStem	NPrePre3_BPre3_NStem	NPrePre3_BPre3_NStem
u_ku_sekel_a	NPrePre15_BPre15_VRoot_VerbTerm	NPrePre15_BPre15_VRoot_VerbTerm	NPrePre15_BPre15_VRoot_VerbTerm	NPrePre15_BPre15_VRoot_VerbTerm
u_hlelo	NPrePre11_NStem	NPrePre11_NStem	NPrePre11_NStem	NPrePre11_NStem
,	Punc	PUNC	Punc	PUNC
no_ku_bhek_a	AdvPre_NPrePre15_BPre15_VRoot_VerbTerm	AdvPre_BPre15_VRoot_VerbTerm	AdvPre_NPrePre15_BPre15_VRoot_VerbTerm	AdvPre_BPre15_VRoot_VerbTerm
u_ku_bumb_an_a	NPrePre15_BPre15_VRoot_RecipExt_VerbTerm	NPrePre15_BPre15_VRoot_RecipExt_VerbTerm	NPrePre15_BPre15_VRoot_RecipExt_VerbTerm	NPrePre15_BPre15_VRoot_RecipExt_VerbTerm
ko_m_phakathi	PossConc15_NPrePre3_BPre3_NStem	PossConc15_BPre3_NStem	PossConc15_NPrePre3_BPre3_NStem	PossConc15_BPre3_NStem
u_ku_nciph_is_a	NPrePre15_BPre15_VRoot_CausExt_VerbTerm	NPrePre15_BPre15_VRoot_CausExt_VerbTerm	NPrePre15_BPre15_VRoot_CausExt_VerbTerm	NPrePre15_BPre15_VRoot_CausExt_VerbTerm
u_bu_phofu	NPrePre14_BPre14_NStem	NPrePre14_BPre14_NStem	NPrePre14_BPre14_NStem	NPrePre14_BPre14_NStem
no_ku_nga_lingani	AdvPre_NPrePre15_BPre15_NegPre_VRoot_VerbTerm	AdvPre_BPre15_NegPre_NStem	AdvPre_NPrePre15_BPre15_NegPre_VRoot_VerbTerm	AdvPre_BPre15_NegPre_NStem
ngo_k_ong_a	AdvPre_NPrePre15_BPre15_VRoot_VerbTerm	AdvPre_BPre15_VRoot_VerbTerm	AdvPre_NPrePre15_BPre15_VRoot_VerbTerm	AdvPre_BPre15_VRoot_VerbTerm
na_ma_thuba	AdvPre_NPrePre6_BPre6_NStem	AdvPre_BPre6_NStem	AdvPre_NPrePre6_BPre6_NStem	AdvPre_BPre6_NStem
e_mi_sebenzi	RelConc6_BPre4_NStem	RelConc6_BPre4_NStem	RelConc6_BPre4_NStem	RelConc6_BPre4_NStem
.	Punc	PUNC	Punc	PUNC
I_mi_hlangano	NPrePre4_BPre4_NStem	NPrePre4_BPre4_NStem	NPrePre4_BPre4_NStem	NPrePre4_BPre4_NStem
yo_m_phakathi	PossConc4_NPrePre3_BPre3_Adv	PossConc9_BPre3_NStem	PossConc4_NPrePre3_BPre3_Adv	PossConc9_BPre3_NStem
i_ya_banjw_a	SC4_Pres_VRoot_PassExt_VerbTerm	SC9_Pres_VRoot_VerbTerm	SC4_Pres_VRoot_PassExt_VerbTerm	SC4_Pres_VRoot_VerbTerm
e_m_va	LocPre_BPre3_Adv	LocPre_BPre3_Adv	LocPre_BPre3_Adv	LocPre_BPre3_Adv
kwa_lowo	PossConc15_Dem3_Pos2	PossConc15_NStem	PossConc15_Dem3_Pos2	PossConc15_NStem
na_lowo	AdvPre_Dem3_Pos2	AdvPre_NStem	AdvPre_Dem3_Pos2	AdvPre_PronStem5
mhlangano	BPre3_NStem	NStem	BPre3_NStem	NStem
wo_m_khandlu	PossConc3_NPrePre3_BPre3_NStem	PossConc3_BPre3_NStem	PossConc3_NPrePre3_BPre3_NStem	PossConc3_BPre3_NStem
u_ku_nik_a	NPrePre15_BPre15_VRoot_VerbTerm	NPrePre15_BPre15_VRoot_VerbTerm	NPrePre15_BPre15_VRoot_VerbTerm	NPrePre15_BPre15_VRoot_VerbTerm
u_m_phakathi	NPrePre3_BPre3_NStem	NPrePre3_BPre3_NStem	NPrePre3_BPre3_NStem	NPrePre3_BPre3_NStem
oku_sha	AdjPref15_AdjStem	AdjPref15_AdjStem	AdjPref15_AdjStem	AdjPref15_AdjStem
.	Punc	PUNC	Punc	PUNC
U_ku_hlel_a	NPrePre15_BPre15_NStem	NPrePre15_BPre15_VRoot_VerbTerm	NPrePre15_BPre15_NStem	NPrePre15_BPre15_VRoot_VerbTerm
_	Punc		Punc	
i_Komidi	NPrePre9_NStem	NPrePre9_NStem	NPrePre9_NStem	NPrePre9_NStem
Le_sigceme	Dem4_Pos1_NStem	PossConc5_NStem	Dem4_Pos1_NStem	PossConc5_NStem
li_sebenz_a	NPrePre5_NStem	SC5_VRoot_VerbTerm	NPrePre5_NStem	SC5_VRoot_VerbTerm
ngo_ku_sondel_an_a	AdvPre_NPrePre15_BPre15_Intrans_RecipExt_VerbTerm	AdvPre_BPre15_VRoot_RecipExt_VerbTerm	AdvPre_NPrePre15_BPre15_Intrans_RecipExt_VerbTerm	AdvPre_BPre15_VRoot_RecipExt_VerbTerm
ne_khansela	AdvPre_NPrePre5_BPre5_NStem	AdvPre_NStem	AdvPre_NPrePre5_BPre5_NStem	AdvPre_NStem
u_ku_hlonz_a	NPrePre15_BPre15_NStem	NPrePre15_BPre15_VRoot_VerbTerm	NPrePre15_BPre15_NStem	NPrePre15_BPre15_VRoot_VerbTerm
i_zi_dingongqangi	NPrePre8_BPre8_NStem	NPrePre8_BPre8_NStem	NPrePre8_BPre8_NStem	NPrePre8_BPre8_NStem
ka_nye	AdvPre_AdjStem	AdvPre_AdjStem	AdvPre_AdjStem	AdvPre_AdjStem
no_ku_qinis_ek_is_a	AdvPre_NPrePre15_BPre15_VRoot_CausExt_NeutExt_CausExt_VerbTerm	AdvPre_BPre15_VRoot_NeutExt_CausExt_VerbTerm	AdvPre_NPrePre15_BPre15_VRoot_CausExt_NeutExt_CausExt_VerbTerm	AdvPre_BPre15_VRoot_NeutExt_CausExt_VerbTerm
u_kuth_i	Conj	NPrePre15_VRoot_VerbTerm	Conj	NPrePre15_BPre15_VerbTerm
lezi	Dem10_Pos1	CDEM10	Dem10_Pos1	CDEM10
zi_dingongqangi	BPre8_NStem	BPre8_NStem	BPre8_NStem	BPre8_NStem
zi_ya_fak_w_a	SC8_Pres_VRoot_PassExt_VerbTerm	SC8_Pres_VRoot_PassExt_VerbTerm	SC8_Pres_VRoot_PassExt_VerbTerm	SC8_Pres_VRoot_PassExt_VerbTerm
ku_z_abelomali	BPre17_NStem	BPre17_BPre8_NStem	BPre17_NStem	LocPre_BPre8_NStem
ezi_hlongoz_w_a_yo	RelConc8_VRoot_PassExt_VerbTerm_RelSuf	RelConc8_VRoot_PassExt_VerbTerm_RelSuf	RelConc8_VRoot_PassExt_VerbTerm_RelSuf	RelConc8_VRoot_PassExt_VerbTerm_RelSuf
ka_nye	AdvPre_AdjStem	AdvPre_AdjStem	AdvPre_AdjStem	AdvPre_AdjStem
na_s_e_zin_hlelw_eni	AdvPre_PreLoc-s_LocPre_ReflPre_BPre9_NStem_LocSuf	AdvPre_PreLocs_LocPre_BPre10_NStem_LocSuf	AdvPre_PreLoc-s_LocPre_ReflPre_BPre9_NStem_LocSuf	AdvPre_PreLocs_LocPre_BPre10_NStem_LocSuf
za_ma_projekthi	PossConc8_BPre6_NStem	PossConc8_BPre6_NStem	PossConc8_BPre6_NStem	PossConc8_BPre6_NStem
.	Punc	PUNC	Punc	PUNC
U_hulumeni	NPrePre1a_NStem	NPrePre1a_NStem	NPrePre1a_NStem	NPrePre1a_NStem
ku_mel_e	SC15_VRoot_VerbTerm	SC15_VRoot_VerbTerm	SC15_VRoot_VerbTerm	SC15_VRoot_VerbTerm
a_zi_mis_el_e	SC1_ReflPre_VRoot_ApplExt_VerbTerm	SC6_ReflPre_VRoot_ApplExt_VerbTerm	SC1_ReflPre_VRoot_ApplExt_VerbTerm	SC6_ReflPre_VRoot_ApplExt_VerbTerm
u_kw_enz_a	NPrePre15_BPre15_VRoot_VerbTerm	NPrePre15_BPre15_VRoot_VerbTerm	NPrePre15_BPre15_VRoot_VerbTerm	NPrePre15_BPre15_VRoot_VerbTerm
lokho	Dem15_Pos2	CDEM15	Dem15_Pos2	CDEM15
oku_s_e_m_qoka	RelConc15_PreLoc-s_LocPre_BPre3_NStem	RelConc15_PreLocs_LocPre_BPre3_NStem	RelConc15_PreLoc-s_LocPre_BPre3_NStem	RelConc15_PreLocs_LocPre_BPre3_NStem
ku_qal_a	SC15_VRoot_VerbTerm	SC15_VRoot_VerbTerm	SC15_VRoot_VerbTerm	SC15_VRoot_VerbTerm
.	Punc	PUNC	Punc	PUNC
I_khabhinethi	BPre4_NStem	NPrePre5_BPre5	BPre4_NStem	NPrePre5_BPre5
ne_zi_khulu	AdvPre_NPrePre8_BPre8_AdjStem	AdvPre_BPre8_AdjStem	AdvPre_NPrePre8_BPre8_AdjStem	AdvPre_BPre8_AdjStem
ezi_phezulu	RelConc8_Adv	RelConc8_Adv	RelConc8_Adv	RelConc8_Adv
zo_m_phakathi	PossConc10_NPrePre3_BPre3_NStem	PossConc10_BPre3_NStem	PossConc10_NPrePre3_BPre3_NStem	PossConc10_BPre3_NStem
ku_mel_e	SC15_VRoot_VerbTerm	SC15_VRoot_VerbTerm	SC15_VRoot_VerbTerm	SC15_VRoot_VerbTerm
zi_gxil_e	BPre10_VRoot_VerbTerm	SC10_VRoot_VerbTerm	BPre10_VRoot_VerbTerm	SC10_VRoot_VerbTerm
e_masw_ini	LocPre_NStem_LocSuf	LocPre_NStem_LocSuf	LocPre_NStem_LocSuf	LocPre_NStem_LocSuf
a_mbalwa	RelConc6_RelStem	RelConc6_RelStem	RelConc6_RelStem	RelConc6_RelStem
okw_enz_a	PossConc6_NPrePre15_BPre15_VRoot_VerbTerm	RelConc15_VRoot_VerbTerm	PossConc6_NPrePre15_BPre15_VRoot_VerbTerm	RelConc15_VRoot_VerbTerm
ku_qal_a	SC15_VRoot_VerbTerm	SC15_VRoot_VerbTerm	SC15_VRoot_VerbTerm	SC15_VRoot_VerbTerm
lokho	Dem15_Pos2	CDEM15	Dem15_Pos2	CDEM15
oku_s_e_m_qoka	RelConc15_PreLoc-s_LocPre_BPre3_NStem	RelConc15_PreLocs_LocPre_BPre3_NStem	RelConc15_PreLoc-s_LocPre_BPre3_NStem	RelConc15_PreLocs_LocPre_BPre3_NStem
.	Punc	PUNC	Punc	PUNC
Lolu	Dem11_Pos1	CDEM11	Dem11_Pos1	CDEM11
hlelo	NStem	NStem	NStem	NStem
lu_hllinzek_a	CopPre_VRoot_NeutExt_VerbTerm	SC11_Intrans_VerbTerm	CopPre_VRoot_NeutExt_VerbTerm	SC11_VRoot_VerbTerm
nga_lolo	AdvPre_Dem11_Pos2	AdvPre_NStem	AdvPre_Dem11_Pos2	AdvPre_NStem
hlaka	NStem	NStem	NStem	NStem
lwa_ma_su	PossConc11_NPrePre6_BPre6_NStem	PossConc11_BPre6_NStem	PossConc11_NPrePre6_BPre6_NStem	PossConc11_BPre6_NStem
.	Punc	PUNC	Punc	PUNC
Lu_khomba	CopPre_VRoot_VerbTerm	BPre11_NStem	CopPre_VRoot_VerbTerm	BPre11_NStem
i_zinga	NPrePre5_BPre5_NStem	NPrePre5_NStem	NPrePre5_BPre5_NStem	NPrePre5_NStem
eli_phezulu	RelConc5_Adv	RelConc5_Adv	RelConc5_Adv	RelConc5_Adv
la_lokho	Dem6_Pos1_NStem	PossConc5_NStem	Dem6_Pos1_NStem	PossConc5_NStem
oku_m_el_e	RelConc15_VRoot_ApplExt_VerbTerm	RelConc15_VRoot_ApplExt_VerbTerm	RelConc15_VRoot_ApplExt_VerbTerm	RelConc15_VRoot_ApplExt_VerbTerm
kw_enz_iw_e	SC15_VRoot_PassExt_VerbTerm	SC15_VRoot_PassExt_VerbTerm	SC15_VRoot_PassExt_VerbTerm	SC15_VRoot_PassExt_VerbTerm
ku_qal_a	SC15_VRoot_VerbTerm	SC15_VRoot_VerbTerm	SC15_VRoot_VerbTerm	SC15_VRoot_VerbTerm
,	Punc	PUNC	Punc	PUNC
futh_i	Conj	VRoot_VerbTerm	Conj	VRoot_VerbTerm
kwe_zi_nye	PossConc15_AdjPref8_AdjStem	PossConc15_AdjPref10_AdjStem	PossConc15_AdjPref8_AdjStem	PossConc15_BPre8_AdjStem
i_zin_dawo	NPrePre10_BPre10_NStem	NPrePre10_BPre10_NStem	NPrePre10_BPre10_NStem	NPrePre10_BPre10_NStem
,	Punc	PUNC	Punc	PUNC
u_ku_landel_an_a	NPrePre15_BPre15_VRoot_ApplExt_VerbTerm	NPrePre15_BPre15_VRoot_RecipExt_VerbTerm	NPrePre15_BPre15_VRoot_ApplExt_VerbTerm	NPrePre15_BPre15_VRoot_RecipExt_VerbTerm
kwa_kho	PossConc15_PronStem2	PossConc15_PronStem2	PossConc15_PronStem2	PossConc15_PronStem2
,	Punc	PUNC	Punc	PUNC
njenge_si_bonelo	AdvPre_NPrePre7_BPre7_NStem	AdvPre_BPre8_NStem	AdvPre_NPrePre7_BPre7_NStem	AdvPre_BPre8_NStem
,	Punc	PUNC	Punc	PUNC
ku_khomba	SC15_VRoot_VerbTerm	SC15_NStem	SC15_VRoot_VerbTerm	BPre15_NStem
i_si_dingo	NPrePre7_BPre7_NStem	NPrePre7_BPre7_NStem	NPrePre7_BPre7_NStem	NPrePre7_BPre7_NStem
so_ku_khul_is_a	PossConc7_BPre15_VRoot_CausExt_VerbTerm	PossConc7_BPre15_VRoot_CausExt_VerbTerm	PossConc7_BPre15_VRoot_CausExt_VerbTerm	PossConc7_BPre15_VRoot_CausExt_VerbTerm
i_zinga	NPrePre5_BPre5_NStem	NPrePre5_NStem	NPrePre5_BPre5_NStem	NPrePre5_NStem
la_ma_ko_li_shi	PossConc5_NPrePre6_BPre6_NStem	PossConc5_BPre6_PossConc15_BPre5_NStem	PossConc5_NPrePre6_BPre6_NStem	PossConc5_BPre6_Fut_BPre5_NStem
a_ma__FE_T	NPrePre6_BPre6_Abbr	NPrePre6_BPre6_VRoot_Abbr	NPrePre6_BPre6_Abbr	NPrePre6_BPre6_Abbr_Abbr
nga_phambi	AdvPre_Adv	AdvPre_Adv	AdvPre_Adv	AdvPre_Adv
ko_ku_sabalal_is_a	PossConc15_NPrePre15_BPre15_VRoot_CausExt_VerbTerm	PossConc15_BPre15_VRoot_CausExt_VerbTerm	PossConc15_NPrePre15_BPre15_VRoot_CausExt_VerbTerm	PossConc15_BPre15_VRoot_CausExt_VerbTerm
ngo_ku_shesh_a	AdvPre_NPrePre15_BPre15_VRoot_VerbTerm	AdvPre_BPre15_VRoot_VerbTerm	AdvPre_NPrePre15_BPre15_VRoot_VerbTerm	AdvPre_BPre15_VRoot_VerbTerm
a_ma_khono	NPrePre6_BPre6_NStem	NPrePre6_BPre6_NStem	NPrePre6_BPre6_NStem	NPrePre6_BPre6_NStem
a_wo	PossConc6_PronStem6	PossConc6_PronStem6	PossConc6_PronStem6	PossConc6_PronStem6
.	Punc	PUNC	Punc	PUNC
U_ku_sebenz_is_a	NPrePre15_BPre15_VRoot_CausExt_VerbTerm	NPrePre15_BPre15_VRoot_CausExt_VerbTerm	NPrePre15_BPre15_VRoot_CausExt_VerbTerm	NPrePre15_BPre15_VRoot_CausExt_VerbTerm
lolu	Dem11_Pos1	CDEM11	Dem11_Pos1	CDEM11
hlelo	NStem	NStem	NStem	NStem
ku_yo_dinga	SC15_Fut_VRoot_VerbTerm	LocPre_Fut_NStem	SC15_Fut_VRoot_VerbTerm	BPre17_Fut_NStem
i_zin_qumo	NPrePre10_BPre10_NStem	NPrePre10_BPre10_NStem	NPrePre10_BPre10_NStem	NPrePre10_BPre10_NStem
ezi_nzima	RelConc8_RelStem	RelConc8_RelStem	RelConc8_RelStem	RelConc8_RelStem
futh_i	Conj	VRoot_VerbTerm	Conj	VRoot_VerbTerm
ezi_no_ku_nga_jwayeleki	RelConc10_AdvPre_BPre15_NegPre_NStem	RelConc8_AdvPre_BPre15_NegPre_NStem	RelConc10_AdvPre_BPre15_NegPre_NStem	RelConc8_AdvPre_BPre15_NegPre_NStem
.	Punc	PUNC	Punc	PUNC
I_zwe	NPrePre5_NStem	NPrePre5_BPre5	NPrePre5_NStem	NPrePre5_BPre5
ku_mel_e	SC15_VRoot_VerbTerm	SC15_VRoot_VerbTerm	SC15_VRoot_VerbTerm	SC15_VRoot_VerbTerm
li_fun_e	NPrePre5_NStem	SC5_VRoot_VerbTerm	NPrePre5_NStem	SC5_VRoot_VerbTerm
njalo	Adv	Adv	Adv	Adv
u_ku_thuthuk_is_a	NPrePre15_BPre15_VRoot_CausExt_VerbTerm	NPrePre15_BPre15_VRoot_CausExt_VerbTerm	NPrePre15_BPre15_VRoot_CausExt_VerbTerm	NPrePre15_BPre15_VRoot_CausExt_VerbTerm
u_ku_sebenz_a	NPrePre15_BPre15_VRoot_VerbTerm	NPrePre15_BPre15_VRoot_VerbTerm	NPrePre15_BPre15_VRoot_VerbTerm	NPrePre15_BPre15_VRoot_VerbTerm
nge_m_pumelelo	AdvPre_BPre3_Adv	AdvPre_BPre3_Adv	AdvPre_BPre3_Adv	AdvPre_BPre3_NStem
kwe_zin_dlel_a	PossConc15_NPrePre10_BPre10_NStem	PossConc15_BPre10_Intrans_VerbTerm	PossConc15_NPrePre10_BPre10_NStem	PossConc15_BPre10_Intrans_VerbTerm
zo_ku_thuthuk_is_w_a	PossConc8_BPre15_VRoot_CausExt_PassExt_VerbTerm	PossConc10_BPre15_VRoot_CausExt_PassExt_VerbTerm	PossConc8_BPre15_VRoot_CausExt_PassExt_VerbTerm	PossConc10_BPre15_VRoot_CausExt_PassExt_VerbTerm
ko_m_notho	PossConc15_NPrePre3_BPre3_NStem	PossConc15_BPre3_NStem	PossConc15_NPrePre3_BPre3_NStem	PossConc15_BPre3_NStem
wa_ba_ntu	PossConc1_NPrePre2_BPre2_NStem	PossConc1_BPre2_NStem	PossConc1_NPrePre2_BPre2_NStem	PossConc3_BPre2_NStem
aba_mnyama	RelConc2_RelStem	RelConc2_RelStem	RelConc2_RelStem	RelConc2_RelStem
.	Punc	PUNC	Punc	PUNC
I_mi_phakathi	NPrePre4_BPre4_NStem	NPrePre4_BPre4_NStem	NPrePre4_BPre4_NStem	NPrePre4_BPre4_NStem
na_yo	AdvPre_PronStem9	AdvPre_PronStem9	AdvPre_PronStem9	AdvPre_PronStem9
i_bamb_a	SC4_VRoot_VerbTerm	SC9_VRoot_VerbTerm	SC4_VRoot_VerbTerm	SC9_VRoot_VerbTerm
i_qhaz_a	NPrePre5_BPre5_NStem	SC9_VRoot_VerbTerm	NPrePre5_BPre5_NStem	SC9_VRoot_VerbTerm
e_ku_landele_ni	LocPre_BPre15_NStem_LocSuf	LocPre_BPre15_NStem_VerbTerm	LocPre_BPre15_NStem_LocSuf	LocPre_BPre15_VRoot_VerbTerm
u_hlelo	NPrePre11_NStem	NPrePre11_NStem	NPrePre11_NStem	NPrePre11_NStem
lo_ku_sebenz_a	PossConc11_NPrePre15_BPre15_VRoot_VerbTerm	PossConc11_BPre15_VRoot_VerbTerm	PossConc11_NPrePre15_BPre15_VRoot_VerbTerm	PossConc11_BPre15_VRoot_VerbTerm
ko_masipala	PossConc15_NStem	NPre15_NStem	PossConc15_NStem	NPre15_NStem
ba_yo	PossConc14_PronStem9	PossConc14_PronStem9	PossConc14_PronStem9	PossConc2_PronStem9
ka_nye	AdvPre_AdjStem	AdvPre_AdjStem	AdvPre_AdjStem	AdvPre_AdjStem
na_s_e_ku_bek_e_ni	AdvPre_PreLoc-s_LocPre_BPre15_VRoot_LocSuf	AdvPre_PreLocs_LocPre_BPre15_VRoot_VerbTerm_InterrogSuf	AdvPre_PreLoc-s_LocPre_BPre15_VRoot_LocSuf	AdvPre_PreLocs_LocPre_BPre15_VRoot_VerbTerm_LocSuf
i_mi_gomo	NPrePre4_BPre4_NStem	NPrePre4_BPre4_NStem	NPrePre4_BPre4_NStem	NPrePre4_BPre4_NStem
e_fanel_e	RelConc4_VRoot_VerbTerm	RelConc9_VRoot_VerbTerm	RelConc4_VRoot_VerbTerm	RelConc9_VRoot_VerbTerm
e_s_e_m_qoka	RelConc4_PreLoc-s_LocPre_BPre3_NStem	RelConc4_PreLocs_LocPre_BPre3_NStem	RelConc4_PreLoc-s_LocPre_BPre3_NStem	RelConc4_PreLocs_LocPre_BPre3_NStem
nga_lokho	AdvPre_Dem15_Pos2	AdvPre_NStem	AdvPre_Dem15_Pos2	AdvPre_NStem
oku_m_el_e	RelConc15_VRoot_ApplExt_VerbTerm	RelConc15_VRoot_ApplExt_VerbTerm	RelConc15_VRoot_ApplExt_VerbTerm	RelConc15_VRoot_ApplExt_VerbTerm
kw_enz_ek_e	SC15_VRoot_NeutExt_VerbTerm	SC15_VRoot_NeutExt_VerbTerm	SC15_VRoot_NeutExt_VerbTerm	SC15_VRoot_NeutExt_VerbTerm
ne_si_khathi	AdvPre_NPrePre7_BPre7_NStem	AdvPre_BPre7_NStem	AdvPre_NPrePre7_BPre7_NStem	AdvPre_BPre7_NStem
oku_m_el_e	RelConc15_VRoot_ApplExt_VerbTerm	RelConc15_VRoot_ApplExt_VerbTerm	RelConc15_VRoot_ApplExt_VerbTerm	RelConc15_VRoot_ApplExt_VerbTerm
kw_enz_ek_e	SC15_VRoot_NeutExt_VerbTerm	SC15_VRoot_NeutExt_VerbTerm	SC15_VRoot_NeutExt_VerbTerm	SC15_VRoot_NeutExt_VerbTerm
nga_so	AdvPre_PronStem7	AdvPre_PronStem7	AdvPre_PronStem7	AdvPre_PronStem7
.	Punc	PUNC	Punc	PUNC
U_hlelo	NPrePre11_NStem	NPrePre11_BPre11	NPrePre11_NStem	NPrePre11_BPre11
lwe__C_BP	PossConc11_NPrePre9_Abbr	PossConc11_Abbr_Abbr	PossConc11_NPrePre9_Abbr	PossConc11_BPre15_Abbr
lu_wu_hlelo	BPre11_CopPre_NStem	BPre11_CopPre_NStem	BPre11_CopPre_NStem	BPre11_CopPre_NStem
olwe_sek_a	RelConc3_PossConc11_VRoot_VerbTerm	RelConc11_VRoot_VerbTerm	RelConc3_PossConc11_VRoot_VerbTerm	RelConc11_VRoot_VerbTerm
a_ma_komidi	NPrePre6_BPre6_NStem	NPrePre6_BPre6_NStem	NPrePre6_BPre6_NStem	NPrePre6_BPre6_NStem
ezi_gceme	RelConc8_NStem	RelConc8_NStem	RelConc8_NStem	RelConc8_NStem
e_kusiz_e_ni	LocPre_BPre15_VRoot_VerbTerm_LocSuf	LocPre_VRoot_VerbTerm_InterrogSuf	LocPre_BPre15_VRoot_VerbTerm_LocSuf	LocPre_VRoot_VerbTerm_LocSuf
i_mi_phakathi	NPrePre4_BPre4_NStem	NPrePre4_BPre4_NStem	NPrePre4_BPre4_NStem	NPrePre4_BPre4_NStem
ya_wo	PossConc4_PronStem3	PossConc9_PronStem3	PossConc4_PronStem3	PossConc9_PronStem3
u_ku_fak_a	NPrePre15_BPre15_VRoot_VerbTerm	NPrePre15_BPre15_VRoot_VerbTerm	NPrePre15_BPre15_VRoot_VerbTerm	NPrePre15_BPre15_VRoot_VerbTerm
u_lw_az_i	NPrePre11_BPre11_NStem	NPrePre11_BPre11_VRoot_VerbTerm	NPrePre11_BPre11_NStem	NPrePre11_BPre11_VRoot_VerbTerm
lwa_yo	PossConc11_PronStem9	PossConc11_PronStem9	PossConc11_PronStem9	PossConc11_PronStem9
ku_lolu	LocPre_Dem11_Pos1	BPre17_CDEM11	LocPre_Dem11_Pos1	LocPre_CDEM11
hlelo	NStem	NStem	NStem	NStem
.	Punc	PUNC	Punc	PUNC
Lu_khuthaz_a	SC11_VRoot_VerbTerm	SC11_VRoot_VerbTerm	SC11_VRoot_VerbTerm	SC11_VRoot_VerbTerm
u_ku_zi_phendulel_a	NPrePre15_BPre15_ReflPre_VRoot_ApplExt_VerbTerm	NPrePre15_BPre15_ReflPre_VRoot_VerbTerm	NPrePre15_BPre15_ReflPre_VRoot_ApplExt_VerbTerm	NPrePre15_BPre15_ReflPre_VRoot_VerbTerm
no_ku_bhobo_kel_an_a	AdvPre_NPrePre15_BPre15_VRoot_ApplExt_RecipExt_VerbTerm	AdvPre_BPre15_VRoot_ApplExt_RecipExt_VerbTerm	AdvPre_NPrePre15_BPre15_VRoot_ApplExt_RecipExt_VerbTerm	AdvPre_BPre15_VRoot_NeutExt_RecipExt_VerbTerm
.	Punc	PUNC	Punc	PUNC
U_ku_bamb_a	NPrePre15_BPre15_VRoot_VerbTerm	NPrePre15_BPre15_VRoot_VerbTerm	NPrePre15_BPre15_VRoot_VerbTerm	NPrePre15_BPre15_VRoot_VerbTerm
i_qhaz_a	BPre5_NStem	SC9_VRoot_VerbTerm	BPre5_NStem	SC9_VRoot_VerbTerm
ko_m_phakathi	PossConc15_NPrePre3_BPre3_NStem	PossConc15_BPre3_NStem	PossConc15_NPrePre3_BPre3_NStem	PossConc15_BPre3_NStem
ku_nga_ba	SC15_Pot_Cop	SC15_Pot_AuxVStem	SC15_Pot_Cop	SC15_Pot_AuxVStem
ne_zinzuzo	NPre10_NPrePre10_BPre10_NStem	AdvPre_NStem	NPre10_NPrePre10_BPre10_NStem	AdvPre_NStem
ezin_hle	AdjPref10_AdjStem	AdjPref8_AdjStem	AdjPref10_AdjStem	AdjPref8_AdjStem
kw_iwadi	LocPre_NPrePre5_NStem	LocPre_NStem	LocPre_NPrePre5_NStem	LocPre_NStem
ngoba	Conj	Conj	Conj	Conj
i_mi_bono	NPrePre4_BPre4_NStem	NPrePre4_BPre4_NStem	NPrePre4_BPre4_NStem	NPrePre4_BPre4_NStem
yo_m_phakathi	PossConc4_BPre3_NStem	PossConc9_BPre3_NStem	PossConc4_BPre3_NStem	PossConc9_BPre3_NStem
i_fak_w_a	SC4_VRoot_PassExt_VerbTerm	SC4_VRoot_PassExt_VerbTerm	SC4_VRoot_PassExt_VerbTerm	SC4_VRoot_PassExt_VerbTerm
ezin_hlelw_eni	LocPre_NPrePre10_BPre10_NStem_LocSuf	AdjPref10_NStem_LocSuf	LocPre_NPrePre10_BPre10_NStem_LocSuf	AdjPref10_NStem_LocSuf
zo_ku_thuthuk_is_a	OC10_NPrePre15_BPre15_VRoot_CausExt_VerbTerm	PossConc10_BPre15_VRoot_CausExt_VerbTerm	OC10_NPrePre15_BPre15_VRoot_CausExt_VerbTerm	PossConc10_BPre15_VRoot_CausExt_VerbTerm
no_ku_khul_is_a	CopPre_SC15_VRoot_VerbTerm	AdvPre_BPre15_VRoot_CausExt_VerbTerm	CopPre_SC15_VRoot_VerbTerm	AdvPre_BPre15_VRoot_CausExt_VerbTerm
.	Punc	PUNC	Punc	PUNC
U_ku_qinis_w_a	NPrePre15_BPre15_VRoot_PassExt_VerbTerm	NPrePre15_BPre15_VRoot_PassExt_VerbTerm	NPrePre15_BPre15_VRoot_PassExt_VerbTerm	NPrePre15_BPre15_VRoot_PassExt_VerbTerm
kwe_n_dlel_a	PossConc15_NPrePre9_BPre9_NStem	PossConc15_BPre9_Intrans_VerbTerm	PossConc15_NPrePre9_BPre9_NStem	PossConc15_BPre9_VRoot_VerbTerm
yo_ku_sebenz_a	PossConc9_NPrePre15_BPre15_VRoot_VerbTerm	PossConc9_BPre15_VRoot_VerbTerm	PossConc9_NPrePre15_BPre15_VRoot_VerbTerm	PossConc9_BPre15_VRoot_VerbTerm
ko_m_thetho	PossConc15_NPrePre3_BPre3_NStem	PossConc15_BPre3_NStem	PossConc15_NPrePre3_BPre3_NStem	PossConc15_BPre3_NStem
.	Punc	PUNC	Punc	PUNC
Lokhu	Dem15_Pos1	CDEM15	Dem15_Pos1	CDEM15
ku_dinga	SC15_VRoot_VerbTerm	LocPre_NStem	SC15_VRoot_VerbTerm	LocPre_NStem
u_ku_bamb_is_an_a	NPrePre15_BPre15_VRoot_CausExt_RecipExt_VerbTerm	NPrePre15_BPre15_VRoot_CausExt_RecipExt_VerbTerm	NPrePre15_BPre15_VRoot_CausExt_RecipExt_VerbTerm	NPrePre15_BPre15_VRoot_CausExt_RecipExt_VerbTerm
phakathi	Adv	Adv	Adv	Adv
kwa_yo	PossConc15_PronStem4	PossConc15_PronStem4	PossConc15_PronStem4	PossConc15_PronStem4
yo_nke	QuantConc4_QuantStem	QuantConc9_QuantStem	QuantConc4_QuantStem	QuantConc9_QuantStem
i_mi_nyango	NPrePre4_BPre4_NStem	NPrePre4_BPre4_NStem	NPrePre4_BPre4_NStem	NPrePre4_BPre4_NStem
yo_m_thetho	PossConc4_NPrePre3_BPre3_NStem	PossConc9_BPre3_NStem	PossConc4_NPrePre3_BPre3_NStem	PossConc9_BPre3_NStem
ka_hulumeni	PossConc1a_NStem	PossKA_NStem	PossConc1a_NStem	PossKA_NStem
,	Punc	PUNC	Punc	PUNC
u_ku_vinj_el_w_a	NPrePre15_BPre15_NStem	NPrePre15_BPre15_VRoot_ApplExt_PassExt_VerbTerm	NPrePre15_BPre15_NStem	NPrePre15_BPre15_VRoot_ApplExt_PassExt_VerbTerm
ko_b_elelesi	PossConc15_NPrePre14_BPre14_NStem	PossConc15_BPre14_NStem	PossConc15_NPrePre14_BPre14_NStem	PossConc15_BPre14_NStem
,	Punc	PUNC	Punc	PUNC
ne_qembu	AdvPre_NPrePre5_NStem	AdvPre_NStem	AdvPre_NPrePre5_NStem	AdvPre_NStem
le_zo_ku_pheph_a	PossConc5_NPrePre5_PossConc10_NPrePre15_BPre15_NStem	PossConc5_PossConc10_BPre15_VRoot_VerbTerm	PossConc5_NPrePre5_PossConc10_NPrePre15_BPre15_NStem	PossConc5_PossConc10_BPre15_VRoot_VerbTerm
.	Punc	PUNC	Punc	PUNC
I_zin_como	NPrePre10_BPre10_NStem	NPrePre10_BPre10_NStem	NPrePre10_BPre10_NStem	NPrePre10_BPre10_NStem
Ezis_e_ku_buyekez_w_eni	LocPre_SC8_Pro_BPre15_VRoot_PassExt_VerbTerm_LocSuf	RelConc10_LocPre_BPre15_VRoot_VerbTerm_LocSuf	LocPre_SC8_Pro_BPre15_VRoot_PassExt_VerbTerm_LocSuf	RelConc10_LocPre_BPre15_VRoot_VerbTerm_LocSuf
Kwe_n_qubo	PossConc15_NPrePre9_NStem	PossConc15_BPre9_NStem	PossConc15_NPrePre9_NStem	PossConc15_BPre9_NStem
Y_a_s_e_Ningizimu	PossConc9_PreLoc-s_LocPre_ProperName	PossConc9_NPrePre6_PreLocs_LocPre_ProperName	PossConc9_PreLoc-s_LocPre_ProperName	PossConc9_RelConc6_PreLocs_LocPre_ProperName
Afrika	ProperName	ProperName	ProperName	ProperName
Ye_zoku_sebenz_a	PossConc9_NPrePre9_PossConc10_NPrePre15_BPre15_VRoot_VerbTerm	PossConc9_Fut_VRoot_VerbTerm	PossConc9_NPrePre9_PossConc10_NPrePre15_BPre15_VRoot_VerbTerm	PossConc4_Fut_VRoot_VerbTerm
Ko_m_thetho	PossConc15_NPrePre3_BPre3_NStem	PossConc15_BPre3_NStem	PossConc15_NPrePre3_BPre3_NStem	PossConc15_BPre3_NStem
zi_yo_ba	SC8_Fut_AuxVStem	SC10_Fut_AuxVStem	SC8_Fut_AuxVStem	SC10_Fut_AuxVStem
ne_galelo	AdvPre_NPrePre5_NStem	AdvPre_NStem	AdvPre_NPrePre5_NStem	AdvPre_NStem
eli_khulu	AdjPref5_AdjStem	AdjPref5_AdjStem	AdjPref5_AdjStem	AdjPref5_AdjStem
e_ku_bhek_ane_ni	LocPre_BPre15_VRoot_RecipExt_VerbTerm_LocSuf	LocPre_BPre15_VRoot_RecipExt_VerbTerm	LocPre_BPre15_VRoot_RecipExt_VerbTerm_LocSuf	LocPre_BPre15_VRoot_RecipExt_VerbTerm
no_bu_thakathaka	AdvPre_NPrePre14_BPre14_NStem	AdvPre_BPre14_NStem	AdvPre_NPrePre14_BPre14_NStem	AdvPre_BPre14_NStem
ba_manje	PossConc2_Adv	PossConc2_Adv	PossConc2_Adv	SC2_Adv
be_nqubo	PossConc14_NPrePre9_NStem	PossConc2_NStem	PossConc14_NPrePre9_NStem	PossConc2_NStem
.	Punc	PUNC	Punc	PUNC
I_n_komba	NPrePre9_BPre9_NStem	NPrePre9_BPre9_NStem	NPrePre9_BPre9_NStem	NPrePre9_BPre9_NStem
nga_yi_nye	AdvPre_CopPre_EnumStem	AdvPre_CopPre_EnumStem	AdvPre_CopPre_EnumStem	AdvPre_CopPre_EnumStem
ku_mel_e	SC15_VRoot_VerbTerm	SC15_VRoot_VerbTerm	SC15_VRoot_VerbTerm	SC15_VRoot_VerbTerm
i_bik_w_e	SC9_VRoot_PassExt_VerbTerm	SC9_VRoot_PassExt_VerbTerm	SC9_VRoot_PassExt_VerbTerm	SC9_VRoot_PassExt_VerbTerm
kw_i_kholomu	LocPre_NPrePre5_NStem	LocPre_NPrePre5_NStem	LocPre_NPrePre5_NStem	LocPre_NPrePre5_NStem
ye_nqubekelaphambili	PossConc4_NStem	PossConc4_NStem	PossConc4_NStem	PossConc4_NStem
.	Punc	PUNC	Punc	PUNC
Noma	Conj	ProperName	Conj	ProperName
y_i_mi_phi	CopPre_BPre4_Interrog	CopPre_NPrePre4_BPre4_Interrog	CopPre_BPre4_Interrog	CopPre_NPrePre4_BPre4_Interrog
i_mi_sebenzi	NPrePre4_BPre4_NStem	NPrePre4_BPre4_NStem	NPrePre4_BPre4_NStem	NPrePre4_BPre4_NStem
e_nga_hlel_w_a_ng_a	Past_NegPre_Intrans_VerbTerm	RelConc9_NegPre_VRoot_PassExt_VerbTerm_Pot_VerbTerm	Past_NegPre_Intrans_VerbTerm	RelConc9_NegPre_VRoot_PassExt_VerbTerm_VRoot_VerbTerm
kodwa	Conj	Conj	Conj	Conj
e_y_enz_iw_a	RelConc9_CopPre_VRoot_PassExt_VerbTerm	RelConc9_CopPre_VRoot_PassExt_VerbTerm	RelConc9_CopPre_VRoot_PassExt_VerbTerm	RelConc9_CopPre_VRoot_PassExt_VerbTerm
ku_mel_e	SC15_VRoot_VerbTerm	SC15_VRoot_VerbTerm	SC15_VRoot_VerbTerm	SC15_VRoot_VerbTerm
i_fak_w_e	SC4_VRoot_PassExt_VerbTerm	SC9_VRoot_PassExt_VerbTerm	SC4_VRoot_PassExt_VerbTerm	SC4_VRoot_PassExt_VerbTerm
nge_zansi	AdvPre_NPrePre5_BPre5_NStem	AdvPre_NStem	AdvPre_NPrePre5_BPre5_NStem	AdvPre_NStem
.	Punc	PUNC	Punc	PUNC
Ku_ya_ye	LocPre_CopPre_AuxVStem	LocPre_Pres_PronStem1	LocPre_CopPre_AuxVStem	LocPre_CopPre_PronStem1
ku_be	OC15_VRoot_VerbTerm	SC15_AuxVStem	OC15_VRoot_VerbTerm	SC15_AuxVStem
ne_zi_mo	AdvPre_NPrePre8_BPre8_NStem	AdvPre_BPre8_NStem	AdvPre_NPrePre8_BPre8_NStem	AdvPre_BPre8_NStem
lapho	Dem16_Pos2	CDEMLOC	Dem16_Pos2	Conj
u_masipala	LocPre_NStem	NPrePre1a_NStem	LocPre_NStem	NPrePre1a_NStem
a_nga_cabanga	SC6_AdvPre_VRoot_VerbTerm	RelConc6_AdvPre_NStem	SC6_AdvPre_VRoot_VerbTerm	RelConc6_AdvPre_NStem
u_kuth_i	Conj	SC1_VRoot_VerbTerm	Conj	NPrePre15_VRoot_VerbTerm
esi_khundle_ni	RelConc7_NStem_LocSuf	RelConc7_NStem_LocSuf	RelConc7_NStem_LocSuf	RelConc7_NStem_LocSuf
so_ku_hlinzek_a	PossConc7_NPrePre15_BPre15_Intrans_VerbTerm	PossConc7_BPre15_VRoot_VerbTerm	PossConc7_NPrePre15_BPre15_Intrans_VerbTerm	PossConc7_BPre15_VRoot_VerbTerm
u_m_sebenzi	NPrePre3_BPre3_NStem	NPrePre3_BPre3_NStem	NPrePre3_BPre3_NStem	NPrePre3_BPre3_NStem
ngqo	Ideoph	Ideoph	Ideoph	Ideoph
ku_nga_ba_ngcono	LocPre_Pot_BPre2_NStem	SC15_Pot_BPre2_NStem	LocPre_Pot_BPre2_NStem	LocPre_AdvPre_BPre2_NStem
a_qash_e	CopPre_VRoot_VerbTerm	SC6_VRoot_VerbTerm	CopPre_VRoot_VerbTerm	SC6_VRoot_VerbTerm
omu_nye	AdjPref1_AdjStem	AdjPref1_AdjStem	AdjPref1_AdjStem	AdjPref1_AdjStem
u_mu_ntu	NPrePre1_BPre1_NStem	NPrePre1_BPre1_NStem	NPrePre1_BPre1_NStem	NPrePre1_BPre1_NStem
(	Punc	PUNC	Punc	PUNC
u_m_hlinzeki	NPrePre1a_BPre1a_VRoot_NeutExt_VerbTerm	NPrePre3_BPre3_NStem	NPrePre1a_BPre1a_VRoot_NeutExt_VerbTerm	NPrePre3_BPre3_NStem
we_mi_sebenzi	PossConc3_NPrePre4_BPre4_NStem	PossConc3_BPre4_NStem	PossConc3_NPrePre4_BPre4_NStem	PossConc3_BPre4_NStem
)	Punc	PUNC	Punc	PUNC
u_ku_b_a	Conj	NPrePre15_BPre15_VRoot_VerbTerm	Conj	NPrePre15_BPre15_VRoot_VerbTerm
a_hlinz_ek_e	SC6_Intrans_VerbTerm	SC6_Intrans_NeutExt_VerbTerm	SC6_Intrans_VerbTerm	SC6_VRoot_NeutExt_VerbTerm
nga_lowo	AdvPre_Dem1_Pos2	AdvPre_PronStem5	AdvPre_Dem1_Pos2	AdvPre_CDEM03
m_sebenzi	BPre3_NStem	BPre3_NStem	BPre3_NStem	BPre3_NStem
.	Punc	PUNC	Punc	PUNC
I_zi_zathu	NPrePre8_BPre8_NStem	NPrePre8_BPre8_NStem	NPrePre8_BPre8_NStem	NPrePre8_BPre8_NStem
ez_enz_a	RelConc8_VRoot_VerbTerm	RelConc8_VRoot_VerbTerm	RelConc8_VRoot_VerbTerm	RelConc8_VRoot_VerbTerm
u_masipala	NPrePre1a_NStem	NPrePre1a_NStem	NPrePre1a_NStem	NPrePre1a_NStem
u_ku_b_a	Conj	NPrePre15_BPre15_VRoot_VerbTerm	Conj	NPrePre15_BPre15_VRoot_VerbTerm
a_kheth_e	SC1_VRoot_VerbTerm	SC6_VRoot_VerbTerm	SC1_VRoot_VerbTerm	SC1_VRoot_VerbTerm
u_kw_enz_a	NPrePre15_BPre15_VRoot_VerbTerm	NPrePre15_BPre15_VRoot_VerbTerm	NPrePre15_BPre15_VRoot_VerbTerm	NPrePre15_BPre15_VRoot_VerbTerm
lokhu	Dem15_Pos1	CDEM15	Dem15_Pos1	CDEM15
w_u_kuth_i	CopPre_NPrePre15_BPre15_VRoot_VerbTerm	CopPre_NPrePre15_VRoot_VerbTerm	CopPre_NPrePre15_BPre15_VRoot_VerbTerm	CopPre_NPrePre15_BPre15_VerbTerm
aba_nye	AdjPref2_AdjStem	AdjPref2_AdjStem	AdjPref2_AdjStem	AdjPref2_AdjStem
o_masipala	NPrePre2a_NStem	NPrePre2a_NStem	NPrePre2a_NStem	NPrePre2a_NStem
,	Punc	PUNC	Punc	PUNC
i_zin_hlangano	NPrePre10_BPre10_NStem	NPrePre10_BPre10_NStem	NPrePre10_BPre10_NStem	NPrePre10_BPre10_NStem
(	Punc	PUNC	Punc	PUNC
a_ma__NGO	NPrePre6_BPre6_Abbr	NPrePre6_BPre6_Abbr	NPrePre6_BPre6_Abbr	NPrePre6_BPre6_Abbr
noma	Conj	Conj	Conj	Conj
a_ma__C_BO	NPrePre6_BPre6_Abbr	NPrePre6_BPre6_Abbr_Abbr	NPrePre6_BPre6_Abbr	NPrePre6_BPre6_Abbr_Abbr
)	Punc	PUNC	Punc	PUNC
noma	Conj	Conj	Conj	Conj
i_zin_kampani	NPrePre10_BPre10_NStem	NPrePre10_BPre10_NStem	NPrePre10_BPre10_NStem	NPrePre10_BPre10_NStem
ezi_zi_mel_e	RelConc8_ReflPre_VRoot_ApplExt_VerbTerm	RelConc8_ReflPre_VRoot_VerbTerm	RelConc8_ReflPre_VRoot_ApplExt_VerbTerm	RelConc10_ReflPre_VRoot_VerbTerm
ku_nga_ba	SC15_Pot_VRoot_VerbTerm	SC15_Pot_AuxVStem	SC15_Pot_VRoot_VerbTerm	SC15_Pot_AuxVStem
ne_zin_sizakusebenz_a	AdvPre_NPrePre10_NStem	AdvPre_BPre10_VRoot_VerbTerm	AdvPre_NPrePre10_NStem	AdvPre_BPre10_Intrans_VerbTerm
ka_nye	AdvPre_AdjStem	AdvPre_AdjStem	AdvPre_AdjStem	AdvPre_AdjStem
na_ma_khono	AdvPre_NPrePre6_BPre6_NStem	AdvPre_BPre6_NStem	AdvPre_NPrePre6_BPre6_NStem	AdvPre_BPre6_NStem
e_zoku_lawul_a	SC9_Fut_VRoot_VerbTerm	LocPre_Fut_VRoot_VerbTerm	SC9_Fut_VRoot_VerbTerm	LocPre_Fut_VRoot_VerbTerm
oku_ngcono	RelConc15_RelStem	RelConc15_RelStem	RelConc15_RelStem	RelConc15_RelStem
e_ku_hlinz_ek_w_eni	SC9_BPre15_VRoot_NeutExt_PassExt_RecipExt_VerbTerm	LocPre_BPre15_VRoot_NeutExt_VerbTerm_LocSuf	SC9_BPre15_VRoot_NeutExt_PassExt_RecipExt_VerbTerm	LocPre_BPre15_VRoot_NeutExt_PassExt_LocSuf
kwa_lowo	PossConc15_Dem1_Pos2	PossConc15_NStem	PossConc15_Dem1_Pos2	PossConc15_NStem
m_sebenzi	BPre3_NStem	BPre3_NStem	BPre3_NStem	BPre3_NStem
.	Punc	PUNC	Punc	PUNC
A_ba_bamb_e	RelConc2_VRoot_VerbTerm	NegPre_SC2_VRoot_VerbTerm	RelConc2_VRoot_VerbTerm	NPrePre2_SC2_VRoot_VerbTerm
i_qhaz_a	NPrePre5_BPre5_NStem	SC9_VRoot_VerbTerm	NPrePre5_BPre5_NStem	SC9_VRoot_VerbTerm
b_enz_a	SC2_VRoot_VerbTerm	SC2_VRoot_VerbTerm	SC2_VRoot_VerbTerm	SC2_VRoot_VerbTerm
i_si_bonelo	NPrePre7_BPre7_NStem	NPrePre7_BPre7_NStem	NPrePre7_BPre7_NStem	NPrePre7_BPre7_NStem
esi_nge_zansi	RelConc7_AdvPre_Adv	RelConc7_AdvPre_Adv	RelConc7_AdvPre_Adv	RelConc7_AdvPre_Adv
so_ku_th_i	PossConc7_Conj	PossConc7_BPre15_VRoot_VerbTerm	PossConc7_Conj	PossConc7_BPre15_VRoot_VerbTerm
i__K_PI	NPrePre9_Abbr	NPrePre9_BPre9_Abbr	NPrePre9_Abbr	NPrePre9_BPre15_Abbr
i_hamb_is_an_a	SC9_VRoot_CausExt_RecipExt_VerbTerm	SC4_VRoot_CausExt_RecipExt_VerbTerm	SC9_VRoot_CausExt_RecipExt_VerbTerm	SC4_VRoot_CausExt_RecipExt_VerbTerm
ka_njani	AdvPre_Interrog	AdvPre_Interrog	AdvPre_Interrog	AdvPre_Interrog
no_ku_fun_w_a	AdvPre_NPrePre15_BPre15_VRoot_PassExt_VerbTerm	AdvPre_BPre15_VRoot_PassExt_VerbTerm	AdvPre_NPrePre15_BPre15_VRoot_PassExt_VerbTerm	AdvPre_BPre15_VRoot_PassExt_VerbTerm
ng_u_m_thetho	CopPre_NPrePre3_BPre3_NStem	CopPre_NPrePre3_BPre3_NStem	CopPre_NPrePre3_BPre3_NStem	CopPre_NPrePre3_BPre3_NStem
.	Punc	PUNC	Punc	PUNC
Sebenz_is_a	VRoot_CausExt_VerbTerm	VRoot_CausExt_VerbTerm	VRoot_CausExt_VerbTerm	VRoot_CausExt_VerbTerm
u_mu_gqa	NPrePre1_BPre3_NStem	NPrePre1_BPre3_NStem	NPrePre1_BPre3_NStem	NPrePre1_BPre3_NStem
wo_ku_qal_a	PossConc3_NPrePre15_BPre15_VRoot_VerbTerm	PossConc3_BPre15_VRoot_VerbTerm	PossConc3_NPrePre15_BPre15_VRoot_VerbTerm	PossConc3_BPre15_VRoot_VerbTerm
njenge_si_bonelo	AdvPre_NPrePre7_BPre7_NStem	AdvPre_BPre8_NStem	AdvPre_NPrePre7_BPre7_NStem	AdvPre_BPre8_NStem
ebese	Conj	Conj	Conj	Conj
a_ma_qembu	NPrePre6_BPre6_NStem	NPrePre6_BPre6_NStem	NPrePre6_BPre6_NStem	NPrePre6_BPre6_NStem
e_qed_el_a	SC6_VRoot_VerbTerm	RelConc9_VRoot_ApplExt_VerbTerm	SC6_VRoot_VerbTerm	RelConc9_VRoot_ApplExt_VerbTerm
i_tafula	NPrePre5_NStem	NPrePre5_NStem	NPrePre5_NStem	NPrePre5_NStem
.	Punc	PUNC	Punc	PUNC
U_m_lando	NPrePre3_BPre3_NStem	NPrePre3_BPre3_NStem	NPrePre3_BPre3_NStem	NPrePre3_BPre3_NStem
wa_s_e_Ningizimu	PossConc3_PreLoc-s_LocPre_NPrePre5_BPre5_ProperName	PossConc3_PreLocs_LocPre_ProperName	PossConc3_PreLoc-s_LocPre_NPrePre5_BPre5_ProperName	PossConc3_PreLocs_LocPre_ProperName
Afrika	ProperName	ProperName	ProperName	ProperName
na_lokhu	AdvPre_Dem15_Pos1	AdvPre_NStem	AdvPre_Dem15_Pos1	AdvPre_NStem
okw_enz_ek_e	RelConc15_VRoot_NPas_VerbTerm	RelConc15_VRoot_NeutExt_VerbTerm	RelConc15_VRoot_NPas_VerbTerm	RelConc15_VRoot_NeutExt_VerbTerm
kwa_ma_nye	LocPre_AdjPref6_AdjStem	PossConc15_AdjPref6_AdjStem	LocPre_AdjPref6_AdjStem	PossConc15_AdjPref6_AdjStem
a_ma_zwe	NPrePre6_BPre6_NStem	NPrePre6_BPre6_NStem	NPrePre6_BPre6_NStem	NPrePre6_BPre6_NStem
ku_ya_khomb_is_a	BPre17_Pres_VRoot_CausExt_VerbTerm	SC15_Pres_VRoot_CausExt_VerbTerm	BPre17_Pres_VRoot_CausExt_VerbTerm	BPre15_Pres_VRoot_CausExt_VerbTerm
u_kuth_i	Conj	SC1_VRoot_VerbTerm	Conj	NPrePre15_BPre15_VerbTerm
u_ku_bumb_an_a	NPrePre15_BPre15_VRoot_RecipExt_VerbTerm	NPrePre15_BPre15_VRoot_RecipExt_VerbTerm	NPrePre15_BPre15_VRoot_RecipExt_VerbTerm	NPrePre15_BPre15_VRoot_RecipExt_VerbTerm
no_ku_hlangan_a	AdvPre_BPre15_NStem	AdvPre_BPre15_VRoot_VerbTerm	AdvPre_BPre15_NStem	AdvPre_BPre15_VRoot_VerbTerm
ko_m_phakathi	PossConc15_NPrePre3_BPre3_NStem	PossConc15_BPre3_NStem	PossConc15_NPrePre3_BPre3_NStem	PossConc15_BPre3_NStem
ku_ya_ding_ek_a	SC15_CopPre_VRoot_NeutExt_VerbTerm	SC15_Pres_VRoot_NeutExt_VerbTerm	SC15_CopPre_VRoot_NeutExt_VerbTerm	SC15_Pres_VRoot_NeutExt_VerbTerm
u_ku_hlangabez_an_a	NPrePre15_BPre15_VRoot_RecipExt_VerbTerm	NPrePre15_BPre15_VRoot_RecipExt_VerbTerm	NPrePre15_BPre15_VRoot_RecipExt_VerbTerm	NPrePre15_BPre15_VRoot_RecipExt_VerbTerm
ne_zin_jongo	AdvPre_NPrePre10_BPre10_NStem	AdvPre_BPre10_NStem	AdvPre_NPrePre10_BPre10_NStem	AdvPre_BPre10_NStem
zo_m_phakathi	PossConc10_NPrePre3_BPre3_NStem	PossConc10_BPre3_NStem	PossConc10_NPrePre3_BPre3_NStem	PossConc10_BPre3_NStem
ne_zo_mnotho	AdvPre_RelConc4_PossConc8_NStem	AdvPre_PossConc10_NStem	AdvPre_RelConc4_PossConc8_NStem	AdvPre_PossConc10_NStem
.	Punc	PUNC	Punc	PUNC
I_si_ngeniso	NPrePre7_BPre7_NStem	NPrePre7_BPre7_NStem	NPrePre7_BPre7_NStem	NPrePre7_BPre7_NStem
so_M_thethosisekelo	PossConc7_NPrePre3_BPre3_NStem	PossConc7_BPre3_NStem	PossConc7_NPrePre3_BPre3_NStem	PossConc7_BPre3_NStem
si_li_vez_a	SC7_OC11_Intrans_VerbTerm	SC7_SC5_VRoot_VerbTerm	SC7_OC11_Intrans_VerbTerm	SC7_OC5_VRoot_VerbTerm
ka_hle	AdvPre_Adv	AdvPre_AdjStem	AdvPre_Adv	AdvPre_AdjStem
leli	Dem5_Pos1	CDEM05	Dem5_Pos1	CDEM05
phuzu	NStem	NStem	NStem	NStem
.	Punc	PUNC	Punc	PUNC
Si_khomb_is_a	SC1pp_Intrans_CausExt_VerbTerm	SC7_VRoot_CausExt_VerbTerm	SC1pp_Intrans_CausExt_VerbTerm	SC7_VRoot_CausExt_VerbTerm
u_ku_zi_bophezel_a	NPrePre15_BPre15_ReflPre_Intrans_Pers_VerbTerm	NPrePre15_BPre15_ReflPre_VRoot_VerbTerm	NPrePre15_BPre15_ReflPre_Intrans_Pers_VerbTerm	NPrePre15_BPre15_ReflPre_VRoot_VerbTerm
ko_m_buso	PossConc15_NPrePre3_BPre3_NStem	PossConc15_BPre3_NStem	PossConc15_NPrePre3_BPre3_NStem	PossConc15_BPre3_NStem
u_ku_buy_is_el_a	NPrePre15_BPre15_VRoot_CausExt_ApplExt_VerbTerm	NPrePre15_BPre15_VRoot_CausExt_ApplExt_VerbTerm	NPrePre15_BPre15_VRoot_CausExt_ApplExt_VerbTerm	NPrePre15_BPre15_VRoot_CausExt_ApplExt_VerbTerm
e_mu_va	LocPre_BPre3_Adv	LocPre_BPre3_Adv	LocPre_BPre3_Adv	LocPre_BPre3_Adv
i_mi_phumel_a	NPrePre4_BPre4_NStem	NPrePre4_BPre4_VRoot_VerbTerm	NPrePre4_BPre4_NStem	NPrePre4_BPre4_VRoot_VerbTerm
yo_bandlululo	PossConc4_BPre11_NStem	PossConc9_NStem	PossConc4_BPre11_NStem	PossConc9_NStem
,	Punc	PUNC	Punc	PUNC
ku_m_qondosizinda	LocPre_BPre3_NStem	LocPre_BPre3_NStem	LocPre_BPre3_NStem	LocPre_BPre3_NStem
lapho	Dem16_Pos2	Conj	Dem16_Pos2	Conj
bo_nke	QuantConc2_QuantStem	QuantConc2_QuantStem	QuantConc2_QuantStem	QuantConc2_QuantStem
aba_ntu	NPrePre2_BPre2_NStem	RelConc2_NStem	NPrePre2_BPre2_NStem	RelConc2_NStem
be_zo_zi_zw_a	SC2a_Fut_ReflPre_VRoot_VerbTerm	SC2_Fut_ReflPre_VRoot_VerbTerm	SC2a_Fut_ReflPre_VRoot_VerbTerm	SC2_Fut_ReflPre_VRoot_VerbTerm
be_y_i_n_gxenye	BPre2a_CopPre_NPrePre9_BPre9_NStem	BPre2_CopPre_NPrePre9_BPre9_NStem	BPre2a_CopPre_NPrePre9_BPre9_NStem	PossConc2_CopPre_NPrePre9_BPre9_NStem
ya_leli	PossConc9_Dem5_Pos1	PossConc9_NStem	PossConc9_Dem5_Pos1	PossConc4_NStem
zwe	BPre5_NStem	BPre5	BPre5_NStem	BPre5
ne_zin_hlelo	NPre10_NPrePre10_BPre10_NStem	NPre10_BPre10_NStem	NPre10_NPrePre10_BPre10_NStem	NPre10_BPre10_NStem
za_lo	PossConc10_PronStem11	PossConc10_PronStem11	PossConc10_PronStem11	PossConc10_PronStem11
.	Punc	PUNC	Punc	PUNC
A_ma_Komidi	NPrePre6_BPre6_NStem	NPrePre6_BPre6_NStem	NPrePre6_BPre6_NStem	NPrePre6_BPre6_NStem
Ezi_gceme	RelConc8_NStem	RelConc8_NStem	RelConc8_NStem	RelConc8_NStem
ku_fanel_e	SC15_VRoot_ApplExt_VerbTerm	SC15_VRoot_VerbTerm	SC15_VRoot_ApplExt_VerbTerm	SC15_VRoot_VerbTerm
enz_e	SC6_VRoot_VerbTerm	SC6_VerbTerm	SC6_VRoot_VerbTerm	SC6_VerbTerm
futh_i	Conj	VRoot_VerbTerm	Conj	VRoot_VerbTerm
a_sebenz_is_e	SC6_VRoot_CausExt_VerbTerm	SC6_VRoot_CausExt_VerbTerm	SC6_VRoot_CausExt_VerbTerm	SC6_VRoot_CausExt_VerbTerm
i_zin_qubo	NPrePre10_BPre10_NStem	NPrePre10_BPre10_NStem	NPrePre10_BPre10_NStem	NPrePre10_BPre10_NStem
ezi_zo_siz_a	RelConc8_Fut_VRoot_VerbTerm	RelConc8_Fut_VRoot_VerbTerm	RelConc8_Fut_VRoot_VerbTerm	RelConc8_Fut_VRoot_VerbTerm
e_ku_dlul_ise_ni	LocPre_BPre15_NStem_LocSuf	LocPre_BPre15_VRoot_CausExt_VerbTerm	LocPre_BPre15_NStem_LocSuf	LocPre_BPre15_VRoot_CausExt_VerbTerm
u_lw_az_i	NPrePre11_BPre11_NStem	NPrePre11_BPre11_VRoot_VerbTerm	NPrePre11_BPre11_NStem	NPrePre11_BPre11_VRoot_VerbTerm
olu_fanel_e	RelConc11_VRoot_ApplExt_VerbTerm	RelConc11_VRoot_VerbTerm	RelConc11_VRoot_ApplExt_VerbTerm	RelConc11_VRoot_VerbTerm
e_m_phakath_ini	LocPre_BPre3_NStem_LocSuf	LocPre_BPre3_NStem_LocSuf	LocPre_BPre3_NStem_LocSuf	LocPre_BPre3_NStem_LocSuf
lu_ya	CopPre_AuxVStem	BPre11_AuxVStem	CopPre_AuxVStem	BPre11_AuxVStem
e_m_khandlw_ini	LocPre_BPre3_NStem_LocSuf	LocPre_BPre3_NStem_LocSuf	LocPre_BPre3_NStem_LocSuf	LocPre_BPre3_NStem_LocSuf
n_olu_suk_a	AdvPre_NStem	CopPre_RelConc11_VRoot_VerbTerm	AdvPre_NStem	CopPre_RelConc11_VRoot_VerbTerm
e_m_khandlw_ini	LocPre_BPre3_NStem_LocSuf	LocPre_BPre3_NStem_LocSuf	LocPre_BPre3_NStem_LocSuf	LocPre_BPre3_NStem_LocSuf
lu_ya	CopPre_AuxVStem	BPre11_AbsPron8	CopPre_AuxVStem	BPre11_AuxVStem
e_m_phakath_ini	LocPre_BPre3_NStem_LocSuf	LocPre_BPre3_NStem_LocSuf	LocPre_BPre3_NStem_LocSuf	LocPre_BPre3_NStem_LocSuf
.	Punc	PUNC	Punc	PUNC
I_zin_qubo	NPrePre10_BPre10_NStem	NPrePre10_BPre10_NStem	NPrePre10_BPre10_NStem	NPrePre10_BPre10_NStem
ku_fanel_e	SC15_VRoot_ApplExt_VerbTerm	SC15_VRoot_VerbTerm	SC15_VRoot_ApplExt_VerbTerm	SC15_VRoot_VerbTerm
zi_bhek_e	SC8_VRoot_VerbTerm	SC8_VRoot_VerbTerm	SC8_VRoot_VerbTerm	SC10_VRoot_VerbTerm
zo_nke	QuantConc8_QuantStem	QuantConc8_QuantStem	QuantConc8_QuantStem	QuantConc8_QuantStem
i_zin_hlelo	NPrePre10_BPre10_NStem	NPrePre10_BPre10_NStem	NPrePre10_BPre10_NStem	NPrePre10_BPre10_NStem
zi_ka_masipala	PossConc10_PossKA_NStem	PossConc8_PossKA_NStem	PossConc10_PossKA_NStem	PossConc8_PossKA_NStem
na_ma_phrojethi	AdvPre_NPrePre6_BPre6_NStem	AdvPre_BPre6_NStem	AdvPre_NPrePre6_BPre6_NStem	AdvPre_BPre6_NStem
futh_i	Conj	VRoot_VerbTerm	Conj	VRoot_VerbTerm
zi_bhek_e	SC8_VRoot_VerbTerm	SC8_VRoot_VerbTerm	SC8_VRoot_VerbTerm	SC10_VRoot_VerbTerm
u_kuth_i	Conj	NPrePre15_VRoot_VerbTerm	Conj	NPrePre15_BPre15_VerbTerm
u_ku_xhuman_a	NPrePre15_BPre15_VRoot_RecipExt_VerbTerm	NPrePre15_BPre15_VRoot_VerbTerm	NPrePre15_BPre15_VRoot_RecipExt_VerbTerm	NPrePre15_BPre15_VRoot_VerbTerm
k_oku_gqugquzel_a	AdvPre_NPrePre15_BPre15_NStem	PossConc15_RelConc15_VRoot_VerbTerm	AdvPre_NPrePre15_BPre15_NStem	PossConc15_RelConc15_VRoot_VerbTerm
u_ku_bamb_a	NPrePre15_BPre15_VRoot_VerbTerm	NPrePre15_BPre15_VRoot_VerbTerm	NPrePre15_BPre15_VRoot_VerbTerm	NPrePre15_BPre15_VRoot_VerbTerm
ko_m_phakathi	PossConc15_NPrePre3_BPre3_NStem	PossConc15_BPre3_NStem	PossConc15_NPrePre3_BPre3_NStem	PossConc15_BPre3_NStem
i_qhaz_a	NPrePre5_BPre5_NStem	SC9_VRoot_VerbTerm	NPrePre5_BPre5_NStem	SC9_VRoot_VerbTerm
ku_ng_enz_ek_a	SC15_Pot_VRoot_NeutExt_VerbTerm	SC15_Pot_VRoot_NeutExt_VerbTerm	SC15_Pot_VRoot_NeutExt_VerbTerm	SC15_Pot_VRoot_NeutExt_VerbTerm
ku_phi	SC15_Interrog	SC15_Interrog	SC15_Interrog	BPre15_Interrog
futh_i	Conj	VRoot_VerbTerm	Conj	VRoot_VerbTerm
ka_njani	AdvPre_Interrog	AdvPre_Interrog	AdvPre_Interrog	AdvPre_Interrog
.	Punc	PUNC	Punc	PUNC
U_ku_nikez_a	NPrePre15_BPre15_VRoot_VerbTerm	NPrePre15_BPre15_VRoot_VerbTerm	NPrePre15_BPre15_VRoot_VerbTerm	NPrePre15_BPre15_VRoot_VerbTerm
u_m_phakathi	NPrePre3_BPre3_NStem	NPrePre3_BPre3_NStem	NPrePre3_BPre3_NStem	NPrePre3_BPre3_NStem
o_s_e_m_thethw_eni	RelConc3_PreLoc-s_LocPre_BPre3_NStem_LocSuf	RelConc3_PreLocs_LocPre_BPre3_NStem_LocSuf	RelConc3_PreLoc-s_LocPre_BPre3_NStem_LocSuf	RelConc3_PreLocs_LocPre_BPre3_NStem_LocSuf
a_ma_thuba	NPrePre6_BPre6_NStem	NPrePre6_BPre6_NStem	NPrePre6_BPre6_NStem	NPrePre6_BPre6_NStem
oku_ngen_a	PossConc6_NPrePre15_Intrans_VerbTerm	RelConc15_Intrans_VerbTerm	PossConc6_NPrePre15_Intrans_VerbTerm	RelConc15_Intrans_VerbTerm
ku_zin_hlangano	LocPre_BPre8_NStem	LocPre_BPre10_NStem	LocPre_BPre8_NStem	LocPre_BPre10_NStem
ka_nye	Conj	AdvPre_AdjStem	Conj	AdvPre_AdjStem
na_ku_zi_vumelwano	AdvPre_BPre15_ReflPre_ProperName	AdvPre_BPre15_BPre8_NStem	AdvPre_BPre15_ReflPre_ProperName	AdvPre_BPre15_BPre8_NStem
n_o_hulumeni	AdvPre_NPrePre2a_NStem	AdvPre_NPrePre2a_NStem	AdvPre_NPrePre2a_NStem	AdvPre_NPrePre2a_NStem
we_n_dawo	PossConc3_BPre9_NStem	PossConc3_BPre9_NStem	PossConc3_BPre9_NStem	PossConc3_BPre9_NStem
u_kuze	Conj	NPrePre15_NStem	Conj	NPrePre15_NStem
ku_thol_akal_e	SC15_VRoot_NeutExt_VerbTerm	SC15_VRoot_NeutExt_VerbTerm	SC15_VRoot_NeutExt_VerbTerm	SC15_VRoot_NeutExt_VerbTerm
i_mi_thombo	NPrePre4_BPre4_NStem	NPrePre4_BPre4_NStem	NPrePre4_BPre4_NStem	NPrePre4_BPre4_NStem
e_y_engez_iw_e	SC4_OC4_VRoot_PassExt_VerbTerm	RelConc9_CopPre_VRoot_PassExt_VerbTerm	SC4_OC4_VRoot_PassExt_VerbTerm	RelConc9_CopPre_VRoot_PassExt_VerbTerm
.	Punc	PUNC	Punc	PUNC
A_masu	NPrePre6_BPre6_NStem	RelConc6_NStem	NPrePre6_BPre6_NStem	NPrePre6_NStem
y_i_zin_hlelo	CopPre_NPrePre10_BPre10_NStem	CopPre_NPrePre10_BPre10_NStem	CopPre_NPrePre10_BPre10_NStem	CopPre_NPrePre10_BPre10_NStem
oku_m_el_e	RelConc15_VRoot_ApplExt_VerbTerm	RelConc15_VRoot_ApplExt_VerbTerm	RelConc15_VRoot_ApplExt_VerbTerm	RelConc15_VRoot_ApplExt_VerbTerm
zi_setshenz_is_w_e	SC2_VRoot_CausExt_PassExt_VerbTerm	SC10_VRoot_CausExt_PassExt_VerbTerm	SC2_VRoot_CausExt_PassExt_VerbTerm	SC10_VRoot_CausExt_PassExt_VerbTerm
u_ku_fez_a	NPrePre15_BPre15_VRoot_VerbTerm	NPrePre15_BPre15_VRoot_VerbTerm	NPrePre15_BPre15_VRoot_VerbTerm	NPrePre15_BPre15_VRoot_VerbTerm
i_n_hloso	NPrePre9_BPre9_NStem	NPrePre9_BPre9_NStem	NPrePre9_BPre9_NStem	NPrePre9_BPre9_NStem
.	Punc	PUNC	Punc	PUNC
E_m_sebenz_ini	LocPre_BPre3_NStem_LocSuf	LocPre_BPre3_NStem_LocSuf	LocPre_BPre3_NStem_LocSuf	LocPre_BPre3_NStem_LocSuf
o_landel_a_yo	Past_VRoot_VerbTerm_RelSuf	RelConc3_VRoot_VerbTerm_RelSuf	Past_VRoot_VerbTerm_RelSuf	RelConc3_VRoot_VerbTerm_RelSuf
ku_hlonz_w_a	SC15_VRoot_PassExt_VerbTerm	SC15_VRoot_PassExt_VerbTerm	SC15_VRoot_PassExt_VerbTerm	SC15_VRoot_PassExt_VerbTerm
a_ma_su	NPrePre6_BPre6_NStem	NPrePre6_BPre6_NStem	NPrePre6_BPre6_NStem	NPrePre6_BPre6_NStem
u_kw_akh_el_a	NPrePre15_BPre15_VRoot_ApplExt_VerbTerm	NPrePre15_BPre15_VRoot_ApplExt_VerbTerm	NPrePre15_BPre15_VRoot_ApplExt_VerbTerm	NPrePre15_BPre15_VRoot_ApplExt_VerbTerm
phezu	Adv	Adv	Adv	Adv
k_oku_nga_ma_ndla	PossConc15_RelConc15_Pot_NStem	NPre15_RelConc15_AdvPre_BPre6_NStem	PossConc15_RelConc15_Pot_NStem	PossConc15_RelConc15_AdvPre_BPre6_NStem
no_ku_sus_a	AdvPre_BPre15_Intrans_VerbTerm	AdvPre_BPre15_VRoot_VerbTerm	AdvPre_BPre15_Intrans_VerbTerm	AdvPre_BPre15_VRoot_VerbTerm
u_bu_thakathaka	NPrePre14_BPre14_NStem	NPrePre14_BPre14_NStem	NPrePre14_BPre14_NStem	NPrePre14_BPre14_NStem
.	Punc	PUNC	Punc	PUNC
E_m_sebenz_ini	LocPre_BPre3_NStem_LocSuf	LocPre_BPre3_NStem_LocSuf	LocPre_BPre3_NStem_LocSuf	LocPre_BPre3_NStem_LocSuf
o_landel_a_yo	Past_VRoot_VerbTerm_RelSuf	RelConc3_VRoot_VerbTerm_RelSuf	Past_VRoot_VerbTerm_RelSuf	RelConc3_VRoot_VerbTerm_RelSuf
ku_qhutshek_w_a	BPre17_NStem	BPre17_VRoot_PassExt_VerbTerm	BPre17_NStem	BPre17_VRoot_PassExt_VerbTerm
na_lesi	AdvPre_Dem7_Pos1	AdvPre_CDEM07	AdvPre_Dem7_Pos1	AdvPre_CDEM07
si_nyathelo	BPre7_NStem	BPre7_NStem	BPre7_NStem	BPre7_NStem
ku_hlonz_w_e	SC15_VRoot_PassExt_VerbTerm	SC15_VRoot_PassExt_VerbTerm	SC15_VRoot_PassExt_VerbTerm	SC15_VRoot_PassExt_VerbTerm
i_zin_hlelo	NPrePre10_BPre10_NStem	NPrePre10_BPre10_NStem	NPrePre10_BPre10_NStem	NPrePre10_BPre10_NStem
ne_mi_sebenzi	AdvPre_NPrePre4_BPre4_NStem	AdvPre_BPre4_NStem	AdvPre_NPrePre4_BPre4_NStem	AdvPre_BPre4_NStem
oku_m_el_e	RelConc15_VRoot_ApplExt_VerbTerm	RelConc15_VRoot_ApplExt_VerbTerm	RelConc15_VRoot_ApplExt_VerbTerm	RelConc15_VRoot_ApplExt_VerbTerm
ku_qal_w_e	SC15_VRoot_PassExt_VerbTerm	SC15_VRoot_PassExt_VerbTerm	SC15_VRoot_PassExt_VerbTerm	SC15_VRoot_PassExt_VerbTerm
u_ku_fez_a	NPrePre15_BPre15_VRoot_VerbTerm	NPrePre15_BPre15_VRoot_VerbTerm	NPrePre15_BPre15_VRoot_VerbTerm	NPrePre15_BPre15_VRoot_VerbTerm
lelo	Dem5_Pos2	CDEM05	Dem5_Pos2	CDEM05
na_lelo	AdvPre_Dem5_Pos2	AdvPre_NStem	AdvPre_Dem5_Pos2	AdvPre_NStem
su	NStem	NStem	NStem	NStem
.	Punc	PUNC	Punc	PUNC
Bon_is_an_ani	VRoot_RecipExt_VerbTerm	VRoot_CausExt_RecipExt_NStem	VRoot_RecipExt_VerbTerm	AdvPre_CausExt_RecipExt_NStem
na_bel_an_e	NStem	AdvPre_VRoot_RecipExt_VerbTerm	NStem	AdvPre_VRoot_RecipExt_VerbTerm
na_nge_mi_bono	AdvPre_CopPre_BPre4_NStem	AdvPre_CopPre_BPre4_NStem	AdvPre_CopPre_BPre4_NStem	AdvPre_CopPre_BPre4_NStem
mayela_na	NStem_DimSuf	NStem_DimSuf	NStem_DimSuf	NStem_DimSuf
ne_zin_dlel_a	AdvPre_NPrePre10_BPre10_NStem	AdvPre_BPre10_VRoot_VerbTerm	AdvPre_NPrePre10_BPre10_NStem	AdvPre_BPre10_Intrans_VerbTerm
oku_nga_finyelel_w_a	RelConc15_Pres_VRoot_PassExt_VerbTerm	RelConc15_Pot_VRoot_PassExt_VerbTerm	RelConc15_Pres_VRoot_PassExt_VerbTerm	RelConc15_Pot_VRoot_PassExt_VerbTerm
nga_zo	AdvPre_PronStem10	AdvPre_PronStem10	AdvPre_PronStem10	AdvPre_PronStem10
ka_ngcono	AdvPre_Adv	AdvPre_Adv	AdvPre_Adv	AdvPre_Adv
ku_le	LocPre_Dem9_Pos1	LocPre_CDEM09	LocPre_Dem9_Pos1	LocPre_CDEM04
mi_gomo	BPre4_NStem	BPre4_NStem	BPre4_NStem	BPre4_NStem
.	Punc	PUNC	Punc	PUNC
Bhek_a	VRoot_VerbTerm	VRoot_VerbTerm	VRoot_VerbTerm	VRoot_VerbTerm
i_mi_buzo	NPrePre4_BPre4_NStem	NPrePre4_BPre4_NStem	NPrePre4_BPre4_NStem	NPrePre4_BPre4_NStem
e_phakanyisiw_e	RelConc9_Intrans_VerbTerm	RelConc9_Intrans_VerbTerm	RelConc9_Intrans_VerbTerm	RelConc9_Intrans_VerbTerm
ku_thebula	BPre17_NStem	BPre17_NStem	BPre17_NStem	BPre17_NStem
e_khasi_ni	LocPre_NPrePre5_BPre5_NStem_LocSuf	LocPre_NStem_LocSuf	LocPre_NPrePre5_BPre5_NStem_LocSuf	LocPre_NStem_LocSuf
la_ma__90	PossConc5_NPrePre6_BPre6_Num	PossConc5_BPre6_Num	PossConc5_NPrePre6_BPre6_Num	PossConc5_BPre6_Num
e_nga_ngez_a	RelConc9_Pres_NStem	RelConc9_Pot_VRoot_VerbTerm	RelConc9_Pres_NStem	RelConc9_AdvPre_VRoot_VerbTerm
ku_le	LocPre_Dem9_Pos1	LocPre_CDEM09	LocPre_Dem9_Pos1	LocPre_CDEM09
mi_bono	BPre4_NStem	BPre4_NStem	BPre4_NStem	BPre4_NStem
e_bek_w_e	RelConc9_VRoot_PassExt_VerbTerm	RelConc9_VRoot_PassExt_VerbTerm	RelConc9_VRoot_PassExt_VerbTerm	RelConc9_VRoot_PassExt_VerbTerm
nga_ba_bambiqhaz_a	AdvPre_PossConc2_NStem	AdvPre_BPre2_VRoot_VerbTerm	AdvPre_PossConc2_NStem	AdvPre_OC2_VRoot_VerbTerm
.	Punc	PUNC	Punc	PUNC
U_M_thetho	NPrePre1_ProperName	NPrePre3_BPre3_NStem	NPrePre1_ProperName	NPrePre3_BPre3_NStem
Wo_hulumeni	PossConc3_NStem	PossConc3_NStem	PossConc3_NStem	PossConc3_NStem
Be_n_dawo	PossConc2_NPrePre9_BPre9_NStem	PossConc2_BPre9_NStem	PossConc2_NPrePre9_BPre9_NStem	PossConc2_BPre9_NStem
Aba_hlel_ek_il_e	RelConc2_VRoot_NPas_Perf_VerbTerm	RelConc2_VRoot_NeutExt_Perf_VerbTerm	RelConc2_VRoot_NPas_Perf_VerbTerm	RelConc2_VRoot_NeutExt_Perf_VerbTerm
,	Punc	PUNC	Punc	PUNC
ka__1_997	ExclNeg_Num	ExclNeg_Num_Num	ExclNeg_Num	ExclNeg_Num_Num
u_nikez_a	SC3_VRoot_VerbTerm	SC3_VRoot_VerbTerm	SC3_VRoot_VerbTerm	SC3_VRoot_VerbTerm
u_kw_emukel_ek_a	NPrePre15_BPre15_VRoot_NeutExt_VerbTerm	NPrePre15_BPre15_VRoot_NeutExt_VerbTerm	NPrePre15_BPre15_VRoot_NeutExt_VerbTerm	NPrePre15_BPre15_VRoot_NeutExt_VerbTerm
k_oku_hlelek_a	PossConc15_BPre15_NStem	PossConc15_RelConc15_VRoot_VerbTerm	PossConc15_BPre15_NStem	PossConc15_RelConc15_VRoot_VerbTerm
ku_zwelonke	LocPre_NPrePre5_BPre5_NStem	LocPre_NStem	LocPre_NPrePre5_BPre5_NStem	LocPre_NStem
oku_m_el_e	RelConc15_VRoot_ApplExt_VerbTerm	RelConc15_VRoot_ApplExt_VerbTerm	RelConc15_VRoot_ApplExt_VerbTerm	RelConc15_VRoot_ApplExt_VerbTerm
o_masipala	NPrePre2a_NStem	NPrePre2a_NStem	NPrePre2a_NStem	NPrePre2a_NStem
aba_ningi	AdjPref2_AdjStem	AdjPref2_AdjStem	AdjPref2_AdjStem	AdjPref2_AdjStem
esi_fundazw_eni	RelConc7_NStem_LocSuf	RelConc7_NStem_LocSuf	RelConc7_NStem_LocSuf	RelConc7_NStem_LocSuf
nga_si_nye	AdvPre_BPre7_EnumStem	AdvPre_BPre7_EnumStem	AdvPre_BPre7_EnumStem	AdvPre_BPre7_EnumStem
.	Punc	PUNC	Punc	PUNC
I_n_hlangano	NPrePre9_BPre9_NStem	NPrePre9_BPre9_NStem	NPrePre9_BPre9_NStem	NPrePre9_BPre9_NStem
Yo_hulumeni	PossConc4_NStem	PossConc4_NStem	PossConc4_NStem	PossConc9_NStem
Be_n_dawo	PossConc2_NPrePre9_BPre9_NStem	PossConc2_BPre9_NStem	PossConc2_NPrePre9_BPre9_NStem	PossConc2_BPre9_NStem
Y_a_s_e_Ningizimu	PossConc9_PreLoc-s_LocPre_ProperName	PossConc9_RelConc6_PreLocs_LocPre_ProperName	PossConc9_PreLoc-s_LocPre_ProperName	PossConc9_RelConc6_PreLocs_LocPre_ProperName
Afrika	ProperName	ProperName	ProperName	ProperName
(	Punc	PUNC	Punc	PUNC
SA_LGA	Abbr	PossConc7_Abbr	Abbr	PossConc7_NStem
)	Punc	PUNC	Punc	PUNC
y_i_s_akhiwo	CopPre_NStem	CopPre_NPrePre7_BPre7_NStem	CopPre_NStem	CopPre_NPrePre7_BPre7_NStem
e_se_mukel_ek_il_e	RelConc9_AuxVStem_VRoot_NPas_Perf	RelConc9_Pro_VRoot_NeutExt_Perf_VerbTerm	RelConc9_AuxVStem_VRoot_NPas_Perf	RelConc9_Pro_VRoot_NeutExt_Perf_VerbTerm
so_hulumeni	PossConc7_NStem	PossConc7_NStem	PossConc7_NStem	PossConc7_NStem
be_n_dawo	PossConc2_NPrePre9_BPre9_NStem	PossConc2_BPre9_NStem	PossConc2_NPrePre9_BPre9_NStem	PossConc2_BPre9_NStem
.	Punc	PUNC	Punc	PUNC
I__S_ALGA	BPre9_Abbr	NPrePre7_BPre7_Abbr	BPre9_Abbr	NPrePre7_BPre7_NStem
i_mel_e	SC9_VRoot_VerbTerm	SC9_VRoot_VerbTerm	SC9_VRoot_VerbTerm	SC9_VRoot_VerbTerm
i_zi_mfuno	NPrePre8_BPre8_NStem	NPrePre10_BPre10_NStem	NPrePre8_BPre8_NStem	NPrePre10_BPre8_NStem
za_ma_lungu	PossConc8_NPrePre6_BPre6_NStem	PossConc8_BPre6_NStem	PossConc8_NPrePre6_BPre6_NStem	PossConc8_BPre6_NStem
a_yo	PossConc6_PronStem9	PossConc6_PronStem9	PossConc6_PronStem9	PossConc6_PronStem9
.	Punc	PUNC	Punc	PUNC
A_ba_bamb_e	RelConc2_VRoot_VerbTerm	NegPre_BPre2_VRoot_VerbTerm	RelConc2_VRoot_VerbTerm	NPrePre2_SC2_VRoot_VerbTerm
i_qhaz_a	NPrePre5_BPre5_NStem	SC9_VRoot_VerbTerm	NPrePre5_BPre5_NStem	SC9_VRoot_VerbTerm
ba_phendul_a	SC2_VRoot_VerbTerm	SC2_VRoot_VerbTerm	SC2_VRoot_VerbTerm	SC2_VRoot_VerbTerm
i_mi_buzo	NPrePre4_BPre4_NStem	NPrePre4_BPre4_NStem	NPrePre4_BPre4_NStem	NPrePre4_BPre4_NStem
e_nge_zansi	RelConc4_AdvPre_NPrePre5_BPre5_NStem	RelConc4_AdvPre_NStem	RelConc4_AdvPre_NPrePre5_BPre5_NStem	RelConc4_AdvPre_NStem
e_ma_qenjni	LocPre_BPre6_NStem	LocPre_BPre6_NStem	LocPre_BPre6_NStem	LocPre_BPre6_NStem
aba_ntu	NPrePre2_BPre2_NStem	RelConc2_NStem	NPrePre2_BPre2_NStem	RelConc2_NStem
aba_thathu	AdjPref2a_AdjStem	AdjPref2_AdjStem	AdjPref2a_AdjStem	AdjPref2_AdjStem
i_mi_zuzu	NPrePre4_BPre4_NStem	NPrePre4_BPre4_NStem	NPrePre4_BPre4_NStem	NPrePre4_BPre4_NStem
e_mbalwa	RelConc4_RelStem	RelConc4_RelStem	RelConc4_RelStem	RelConc4_RelStem
be_se	SC2_AuxVStem	SC2_AuxVStem	SC2_AuxVStem	SC2_AuxVStem
ku_shiy_el_w_an_a	LocPre_VRoot_PassExt_RecipExt_VerbTerm	SC15_VRoot_ApplExt_PassExt_RecipExt_VerbTerm	LocPre_VRoot_PassExt_RecipExt_VerbTerm	SC15_VRoot_ApplExt_PassExt_RecipExt_VerbTerm
nge_zi_mpendulo	AdvPre_NPrePre8_BPre8_NStem	AdvPre_BPre8_NStem	AdvPre_NPrePre8_BPre8_NStem	AdvPre_BPre8_NStem
e_ku_lungis_elele_ni	LocPre_BPre15_VRoot_IntensExt_RecipExt_VerbTerm	LocPre_BPre15_VRoot_IntensExt_VerbTerm	LocPre_BPre15_VRoot_IntensExt_RecipExt_VerbTerm	LocPre_BPre15_VRoot_IntensExt_VerbTerm
.	Punc	PUNC	Punc	PUNC
Yi_zi_phi	CopPre_NPrePre10_BPre10_Interrog	CopPre_BPre10_Interrog	CopPre_NPrePre10_BPre10_Interrog	CopPre_BPre10_Interrog
i_zin_hlobo	NPrePre10_BPre10_NStem	NPrePre10_BPre10_NStem	NPrePre10_BPre10_NStem	NPrePre10_BPre10_NStem
ze_zin_kinga	PossConc8_NPrePre10_BPre10_NStem	PossConc8_BPre10_NStem	PossConc8_NPrePre10_BPre10_NStem	PossConc8_BPre10_NStem
u_kw_aba	NPrePre15_BPre15_VRoot_VerbTerm	NPrePre15_BPre15_RelConc2	NPrePre15_BPre15_VRoot_VerbTerm	NPrePre15_BPre15_RelConc2
i_mali	NPrePre9_BPre9_NStem	NPrePre9_NStem	NPrePre9_BPre9_NStem	NPrePre9_NStem
oku_fanel_e	RelConc15_VRoot_VerbTerm	RelConc15_VRoot_VerbTerm	RelConc15_VRoot_VerbTerm	RelConc15_VRoot_VerbTerm
ku_z_ethul_e	LocPre_BPre8_NStem	SC15_ReflPre_VRoot_VerbTerm	LocPre_BPre8_NStem	SC15_ReflPre_VRoot_VerbTerm
?	Punc	PUNC	Punc	PUNC
Ku_s_e_m_qoka	BPre15_PreLoc-s_LocPre_BPre3_NStem	BPre15_PreLocs_LocPre_BPre3_NStem	BPre15_PreLoc-s_LocPre_BPre3_NStem	BPre15_PreLocs_LocPre_BPre3_NStem
u_ku_nikez_a	NPrePre15_BPre15_VRoot_VerbTerm	NPrePre15_BPre15_VRoot_VerbTerm	NPrePre15_BPre15_VRoot_VerbTerm	NPrePre15_BPre15_VRoot_VerbTerm
aba_ntu	NPrePre2_BPre2_NStem	RelConc2_NStem	NPrePre2_BPre2_NStem	RelConc2_NStem
i_thuba	NPrePre5_BPre5_NStem	NPrePre5_NStem	NPrePre5_BPre5_NStem	NPrePre5_NStem
lo_ku_vez_a	PossConc5_NPre15_NPrePre15_Intrans_VerbTerm	PossConc5_NPrePre15_VRoot_VerbTerm	PossConc5_NPre15_NPrePre15_Intrans_VerbTerm	PossConc5_NPrePre15_VRoot_VerbTerm
i_zi_mvo	NPrePre8_BPre8_NStem	NPrePre8_BPre8_NStem	NPrePre8_BPre8_NStem	NPrePre8_BPre8_NStem
za_bo	PossConc10_PronStem2	PossConc10_PronStem2	PossConc10_PronStem2	PossConc10_PronStem2
ba_siz_e	PossConc2_VRoot_VerbTerm	PossConc2_VRoot_VerbTerm	PossConc2_VRoot_VerbTerm	PossConc2_VRoot_VerbTerm
,	Punc	PUNC	Punc	PUNC
ngi_sh_o	CopPre_VRoot_VerbTerm	CopPre_VRoot_VerbTerm	CopPre_VRoot_VerbTerm	CopPre_VRoot_VerbTerm
noma	Conj	Conj	Conj	Conj
ngabe	Conj	Conj	Conj	Conj
aba_ku_sh_o_yo	RelConc2_BPre15_NStem_RelSuf	RelConc2_BPre15_VRoot_VerbTerm_RelSuf	RelConc2_BPre15_NStem_RelSuf	RelConc2_BPre15_VRoot_VerbTerm_RelSuf
ku_buk_ek_a	BPre17_NStem	SC15_VRoot_NeutExt_VerbTerm	BPre17_NStem	SC15_VRoot_NeutExt_VerbTerm
ku_nge_lu_tho	BPre17_AdvPre_NStem	BPre15_NegPre_BPre11_NStem	BPre17_AdvPre_NStem	LocPre_NegPre_BPre11_NStem
,	Punc	PUNC	Punc	PUNC
ngoba	Conj	Conj	Conj	Conj
ngo_kw_enz_e	AdvPre_NPrePre15_PossConc15_VRoot_VerbTerm	AdvPre_BPre15_VRoot_VerbTerm	AdvPre_NPrePre15_PossConc15_VRoot_VerbTerm	AdvPre_BPre15_VRoot_VerbTerm
njalo	Adv	Adv	Adv	Adv
ku_phucul_w_a	LocPre_NStem	SC15_VRoot_PassExt_VerbTerm	LocPre_NStem	SC15_VRoot_PassExt_VerbTerm
u_ku_qond_a	NPrePre15_BPre15_VRoot_VerbTerm	NPrePre15_BPre15_VRoot_VerbTerm	NPrePre15_BPre15_VRoot_VerbTerm	NPrePre15_BPre15_VRoot_VerbTerm
no_ku_zi_zw_a	AdvPre_BPre15_Intrans_VerbTerm	AdvPre_BPre15_ReflPre_VRoot_VerbTerm	AdvPre_BPre15_Intrans_VerbTerm	AdvPre_BPre15_ReflPre_VRoot_VerbTerm
be_nga_ba_nikazi	BPre2_AdvPre_NPrePre2_BPre2_NStem	PossConc2_AdvPre_BPre2_NStem	BPre2_AdvPre_NPrePre2_BPre2_NStem	PossConc2_AdvPre_BPre2_NStem
bo_hlelo	PossConc2_NPrePre11_NStem	PossConc2_NStem	PossConc2_NPrePre11_NStem	PossConc2_NStem
.	Punc	PUNC	Punc	PUNC
I__P_MS	NPrePre9_Abbr	NPrePre9_BPre9_Abbr	NPrePre9_Abbr	NPrePre9_BPre9_BPre9
ka_masipala	PossKA_NStem	PossKA_NStem	PossKA_NStem	PossKA_NStem
ku_fanel_e	SC15_VRoot_VerbTerm	SC15_VRoot_VerbTerm	SC15_VRoot_VerbTerm	SC15_VRoot_VerbTerm
i_fak_e	SC9_VRoot_VerbTerm	SC5_VRoot_VerbTerm	SC9_VRoot_VerbTerm	SC9_VRoot_VerbTerm
ne_zin_daba	AdvPre_BPre10_BPre9_NStem	AdvPre_BPre10_NStem	AdvPre_BPre10_BPre9_NStem	AdvPre_BPre10_NStem
ezi_vez_w_e	RelConc9_VRoot_VerbExt_VerbTerm	RelConc8_VRoot_PassExt_VerbTerm	RelConc9_VRoot_VerbExt_VerbTerm	RelConc8_VRoot_PassExt_VerbTerm
ng_u_m_khandlu	CopPre_NPrePre3_BPre3_NStem	CopPre_NPrePre3_BPre3_NStem	CopPre_NPrePre3_BPre3_NStem	CopPre_NPrePre3_BPre3_NStem
njengoba	Conj	Conj	Conj	Conj
zi_hamb_is_an_a	SC10_VRoot_CausExt_RecipExt_VerbTerm	SC10_VRoot_CausExt_RecipExt_VerbTerm	SC10_VRoot_CausExt_RecipExt_VerbTerm	SC10_VRoot_CausExt_RecipExt_VerbTerm
na_ma__K_PI	AdvPre_NPrePre6_BPre6_Abbr	AdvPre_BPre6_BPre15_Abbr	AdvPre_NPrePre6_BPre6_Abbr	AdvPre_BPre6_BPre15_Abbr
o_masipala	NPrePre2a_NStem	NPrePre2a_NStem	NPrePre2a_NStem	NPrePre2a_NStem
wa_wo	PossConc6_PronStem6	PossConc3_PronStem6	PossConc6_PronStem6	PossConc3_PronStem6
.	Punc	PUNC	Punc	PUNC
Lawa	Dem6_Pos2	CDEM06	Dem6_Pos2	CDEM06
ma__K_PI	BPre6_Abbr	BPre6_LocPre_Abbr	BPre6_Abbr	BPre6_AdvPre_Abbr
a_landel_a_yo	RelConc6_VRoot_VerbTerm_RelSuf	RelConc6_VRoot_VerbTerm_RelSuf	RelConc6_VRoot_VerbTerm_RelSuf	RelConc6_VRoot_VerbTerm_RelSuf
ku_fanel_e	SC15_VRoot_VerbTerm	SC15_VRoot_VerbTerm	SC15_VRoot_VerbTerm	SC15_VRoot_VerbTerm
a_be	SC6_AuxVStem	SC6_AuxVStem	SC6_AuxVStem	SC6_AuxVStem
y_i_n_gxenye	CopPre_NPrePre9_BPre9_NStem	CopPre_NPrePre9_BPre9_NStem	CopPre_NPrePre9_BPre9_NStem	CopPre_NPrePre9_BPre9_NStem
ye__P_MS	PossConc9_NPrePre9_Abbr	PossConc9_Abbr_Abbr	PossConc9_NPrePre9_Abbr	PossConc9_NPrePre9_Abbr
ka_masipala	PossKA_NStem	PossKA_NStem	PossKA_NStem	PossKA_NStem
nga_mu_nye	AdvPre_BPre1_EnumStem	AdvPre_BPre4_EnumStem	AdvPre_BPre1_EnumStem	AdvPre_BPre4_EnumStem
nge_n_dlel_a	AdvPre_BPre9_NStem	AdvPre_BPre9_VRoot_VerbTerm	AdvPre_BPre9_NStem	AdvPre_BPre9_VRoot_VerbTerm
yo_ku_th_i	PossConc9_Conj	PossConc9_BPre15_VRoot_VerbTerm	PossConc9_Conj	PossConc9_BPre15_VRoot_VerbTerm
a_ya_hamb_is_an_a	SC9_Pres_VRoot_CausExt_PassExt_VerbTerm	SC6_Pres_VRoot_CausExt_RecipExt_VerbTerm	SC9_Pres_VRoot_CausExt_PassExt_VerbTerm	SC6_Pres_VRoot_CausExt_RecipExt_VerbTerm
na_lowo	AdvPre_Dem3_Pos2	AdvPre_NStem	AdvPre_Dem3_Pos2	AdvPre_CDEM01
masipala	NStem	NStem	NStem	NStem
.	Punc	PUNC	Punc	PUNC
Lezi	Dem10_Pos1	CDEM10	Dem10_Pos1	CDEM10
y_i_zin_komba	CopPre_NPrePre10_BPre10_NStem	CopPre_NPrePre10_BPre10_NStem	CopPre_NPrePre10_BPre10_NStem	CopPre_NPrePre10_BPre10_NStem
zi_ka_zwelonke	PossConc10_PossKA_NStem	PossConc8_PossKA_NStem	PossConc10_PossKA_NStem	PossConc8_PossKA_NStem
ezi_khish_w_a	RelConc10_VRoot_PassExt_VerbTerm	RelConc10_VRoot_PassExt_VerbTerm	RelConc10_VRoot_PassExt_VerbTerm	RelConc8_VRoot_PassExt_VerbTerm
ngu_Ngqongqoshe	CopPre_NPrePre1a_NStem	CopPre_NStem	CopPre_NPrePre1a_NStem	CopPre_NStem
nge_mu_va	AdvPre_BPre3_Adv	AdvPre_BPre3_Adv	AdvPre_BPre3_Adv	AdvPre_BPre3_Adv
k_oku_bon_is_an_a	PossConc15_NPrePre15_BPre15_VRoot_CausExt_PassExt_VerbTerm	PossConc15_RelConc15_VRoot_CausExt_ApplExt_VerbTerm	PossConc15_NPrePre15_BPre15_VRoot_CausExt_PassExt_VerbTerm	PossConc15_RelConc15_VRoot_CausExt_ApplExt_VerbTerm
no__ME_C	AdvPre_NPrePre2a_Abbr	AdvPre_BPre3_Abbr	AdvPre_NPrePre2a_Abbr	AdvPre_BPre6_VerbTerm
be_zi_fund_a	PossConc2_NPrePre8_BPre8_NStem	SC2_ReflPre_VRoot_VerbTerm	PossConc2_NPrePre8_BPre8_NStem	SC2_ReflPre_VRoot_VerbTerm
b_o_hulumeni	PossConc2_NPrePre2a_NStem	PossConc2_NPrePre2a_NStem	PossConc2_NPrePre2a_NStem	PossConc2_NPrePre2a_NStem
ba_s_e_khaya	PossConc2_PreLoc-s_LocPre_NStem	PossConc2_PreLocs_LocPre_NStem	PossConc2_PreLoc-s_LocPre_NStem	PossConc2_PreLocs_LocPre_NStem
ne__S_ALGA	AdvPre_NPrePre9_Abbr	AdvPre_BPre7_Abbr	AdvPre_NPrePre9_Abbr	AdvPre_BPre7_Abbr
.	Punc	PUNC	Punc	PUNC
Kodwa__ke	Adv	VRoot_Adv	Adv	ProperName_Adv
,	Punc	PUNC	Punc	PUNC
ku_balulek_il_e	SC15_VRoot_Perf_VerbTerm	SC15_VRoot_Perf_VerbTerm	SC15_VRoot_Perf_VerbTerm	SC15_VRoot_Perf_VerbTerm
u_ku_vum_a	NPrePre15_BPre15_VRoot_VerbTerm	NPrePre15_BPre15_VRoot_VerbTerm	NPrePre15_BPre15_VRoot_VerbTerm	NPrePre15_BPre15_VRoot_VerbTerm
u_kuth_i	Conj	NPrePre15_VRoot_VerbTerm	Conj	NPrePre15_VRoot_VerbTerm
u_kw_ahlukahlukan_a	NPrePre15_BPre15_VRoot_RecipExt_VerbTerm	NPrePre15_BPre15_VRoot_VerbTerm	NPrePre15_BPre15_VRoot_RecipExt_VerbTerm	NPrePre15_BPre15_VRoot_VerbTerm
ku_dinga	SC15_VRoot_VerbTerm	LocPre_NStem	SC15_VRoot_VerbTerm	BPre17_NStem
futh_i	Conj	VRoot_VerbTerm	Conj	VRoot_VerbTerm
u_kuth_i	Conj	NPrePre15_VRoot_VerbTerm	Conj	NPrePre15_VRoot_VerbTerm
ku_bon_akal_e	SC15_VRoot_VerbTerm	SC15_VRoot_NeutExt_VerbTerm	SC15_VRoot_VerbTerm	SC15_VRoot_NeutExt_VerbTerm
mayela_na	NStem_DimSuf	NStem_DimSuf	NStem_DimSuf	NStem_DimSuf
ne_zin_daba	AdvPre_NPrePre10_BPre10_NStem	AdvPre_BPre10_NStem	AdvPre_NPrePre10_BPre10_NStem	AdvPre_BPre10_NStem
ezi_hloben_e	RelConc8_NStem	RelConc8_VRoot_VerbTerm	RelConc8_NStem	RelConc8_VRoot_VerbTerm
na_ma_ndla	AdvPre_NPrePre6_BPre6_NStem	AdvPre_BPre6_NStem	AdvPre_NPrePre6_BPre6_NStem	AdvPre_BPre6_NStem
ka_nye	AdvPre_AdjStem	AdvPre_AdjStem	AdvPre_AdjStem	AdvPre_AdjStem
ne_zin_siz_a	AdvPre_NPrePre10_BPre10_NStem	AdvPre_BPre10_VRoot_VerbTerm	AdvPre_NPrePre10_BPre10_NStem	AdvPre_BPre10_VRoot_VerbTerm
.	Punc	PUNC	Punc	PUNC
Oku_ningi	AdjPref15_AdjStem	AdjPref15_AdjStem	AdjPref15_AdjStem	AdjPref15_AdjStem
oku_bon_akal_a	RelConc15_Intrans_VerbTerm	RelConc15_VRoot_NeutExt_VerbTerm	RelConc15_Intrans_VerbTerm	RelConc15_VRoot_NeutExt_VerbTerm
'	Punc	PUNC	Punc	PUNC
njengo_kwa_hlukahlukan_a	AdvPre_BPre15_VRoot_VerbTerm_VRoot_RecipExt_VerbTerm	AdvPre_BPre15_VRoot_VerbTerm	AdvPre_BPre15_VRoot_VerbTerm_VRoot_RecipExt_VerbTerm	AdvPre_BPre15_VRoot_VerbTerm
'	Punc	PUNC	Punc	PUNC
ku_vel_a	LocPre_NStem	SC15_VRoot_VerbTerm	LocPre_NStem	SC15_VRoot_VerbTerm
ngenxa	Conj	Conj	Conj	Conj
ye_zin_daba	PossConc9_NPrePre10_BPre10_NStem	PossConc4_BPre10_NStem	PossConc9_NPrePre10_BPre10_NStem	PossConc9_BPre10_NStem
ezi_mayela_na	RelConc10_NStem_DimSuf	RelConc10_NStem_DimSuf	RelConc10_NStem_DimSuf	RelConc10_NStem_DimSuf
na_ma_ndla	AdvPre_NPrePre6_BPre6_NStem	AdvPre_BPre6_NStem	AdvPre_NPrePre6_BPre6_NStem	AdvPre_BPre6_NStem
ka_nye	AdvPre_AdjStem	AdvPre_AdjStem	AdvPre_AdjStem	AdvPre_AdjStem
no_kw_ab_iw_a	AdvPre_NPrePre15_BPre15_VRoot_PassExt_VerbTerm	AdvPre_BPre15_VRoot_PassExt_VerbTerm	AdvPre_NPrePre15_BPre15_VRoot_PassExt_VerbTerm	AdvPre_BPre15_VRoot_PassExt_VerbTerm
kwe_zin_siz_a	PossConc15_NPrePre10_BPre10_NStem	PossConc15_BPre10_VRoot_VerbTerm	PossConc15_NPrePre10_BPre10_NStem	PossConc15_BPre10_VRoot_VerbTerm
.	Punc	PUNC	Punc	PUNC
U_kw_ahlukan_a	Past_VRoot_VerbTerm	NPrePre15_BPre15_VRoot_VerbTerm	Past_VRoot_VerbTerm	NPrePre15_BPre15_VRoot_VerbTerm
a_ku_hlali	RelConc6_BPre15_VRoot_VerbTerm	RelConc6_BPre15_NStem	RelConc6_BPre15_VRoot_VerbTerm	NegPre_BPre15_NStem
ku_bon_akal_a	BPre17_NStem	SC15_VRoot_NeutExt_VerbTerm	BPre17_NStem	SC15_VRoot_NeutExt_VerbTerm
,	Punc	PUNC	Punc	PUNC
futh_i	Conj	VRoot_VerbTerm	Conj	VRoot_VerbTerm
lapho	Conj	Conj	Conj	Conj
oku_bon_akal_a	PossConc9_NPrePre15_Intrans_VerbTerm	RelConc15_VRoot_NeutExt_VerbTerm	PossConc9_NPrePre15_Intrans_VerbTerm	RelConc15_VRoot_NeutExt_VerbTerm
khona	PronStem15_PronSuf	AbsPron15	PronStem15_PronSuf	AbsPron15
kw_enz_iw_a	SC15_VRoot_PassExt_VerbTerm	SC15_VRoot_PassExt_VerbTerm	SC15_VRoot_PassExt_VerbTerm	SC15_VRoot_PassExt_VerbTerm
ku_be	SC15_VRoot_VerbTerm	SC15_AuxVStem	SC15_VRoot_VerbTerm	SC15_AuxVStem
ku_khulu	LocPre_NStem	BPre15_AdjStem	LocPre_NStem	AdjPref15_AdjStem
ngo_ku_sebenz_is_a	AdvPre_NPrePre15_BPre15_VRoot_CausExt_VerbTerm	AdvPre_BPre15_VRoot_CausExt_VerbTerm	AdvPre_NPrePre15_BPre15_VRoot_CausExt_VerbTerm	AdvPre_BPre15_VRoot_CausExt_VerbTerm
i_z_akhiwo	NPrePre8_BPre8_NStem	NPrePre8_BPre8_NStem	NPrePre8_BPre8_NStem	NPrePre8_BPre8_NStem
zo_m_phakathi	PossConc10_NPrePre3_BPre3_NStem	PossConc10_BPre3_NStem	PossConc10_NPrePre3_BPre3_NStem	PossConc10_BPre3_NStem
ka_nye	AdvPre_AdjStem	AdvPre_AdjStem	AdvPre_AdjStem	AdvPre_AdjStem
ne_zo_mnotho	AdvPre_PossConc8_NStem	AdvPre_PossConc10_NStem	AdvPre_PossConc8_NStem	AdvPre_PossConc10_NStem
.	Punc	PUNC	Punc	PUNC
E_zi_mw_eni	RelConc8_NStem_LocSuf	LocPre_BPre8_NStem_LocSuf	RelConc8_NStem_LocSuf	LocPre_BPre8_NStem_LocSuf
ezin_ingi	AdjPref10_AdjStem	AdjPref10_AdjStem	AdjPref10_AdjStem	AdjPref10_AdjStem
u_kw_ahlukan_a	NPrePre15_BPre15_VRoot_VerbTerm	NPrePre15_BPre15_VRoot_VerbTerm	NPrePre15_BPre15_VRoot_VerbTerm	NPrePre15_BPre15_VRoot_VerbTerm
phakathi	Adv	Adv	Adv	Adv
kwa_ba_y_i_zi_cebi	PossConc15_RelConc15_CopPre_BPre8_NStem	PossConc15_BPre2_CopPre_NPrePre8_BPre8_NStem	PossConc15_RelConc15_CopPre_BPre8_NStem	PossConc15_RelConc2_CopPre_NPrePre8_BPre8_NStem
ka_nye	AdvPre_AdjStem	AdvPre_AdjStem	AdvPre_AdjStem	AdvPre_AdjStem
na_ba_hlwe_m_pu	AdvPre_BPre2_NStem	AdvPre_RelConc2_NStem_BPre3_NStem	AdvPre_BPre2_NStem	AdvPre_RelConc2_VRoot_BPre3_NStem
;	Punc	PUNC	Punc	PUNC
aba_sebenz_a_yo	RelConc2_VRoot_VerbTerm_RelSuf	RelConc2_VRoot_VerbTerm_RelSuf	RelConc2_VRoot_VerbTerm_RelSuf	RelConc2_VRoot_VerbTerm_RelSuf
na_ba_nga_sebenzi	AdvPre_BPre2_NegPre_VRoot_VerbTerm	AdvPre_BPre2_NegPre_NStem	AdvPre_BPre2_NegPre_VRoot_VerbTerm	AdvPre_RelConc2_NegPre_NStem
;	Punc	PUNC	Punc	PUNC
aba_s_e_ma_dolobhe_ni	RelConc2_PreLoc-s_LocPre_BPre6_NStem_LocSuf	RelConc2_PreLocs_LocPre_BPre6_NStem_LocSuf	RelConc2_PreLoc-s_LocPre_BPre6_NStem_LocSuf	RelConc2_PreLocs_LocPre_BPre6_NStem_LocSuf
na_ba_s_e_ma_phandle_ni	CopPre_RelConc2_PreLoc-s_LocPre_BPre6_NStem_LocSuf	AdvPre_RelConc2_PreLocs_LocPre_BPre6_NStem_LocSuf	CopPre_RelConc2_PreLoc-s_LocPre_BPre6_NStem_LocSuf	AdvPre_RelConc2_PreLocs_LocPre_BPre6_NStem_LocSuf
;	Punc	PUNC	Punc	PUNC
aba_fund_il_e	RelConc2_VRoot_Perf_VerbTerm	RelConc2_VRoot_Perf_VerbTerm	RelConc2_VRoot_Perf_VerbTerm	RelConc2_VRoot_Perf_VerbTerm
na_ba_nga_fund_il_e	AdvPre_BPre2_NegPre_VRoot_Perf	AdvPre_RelConc2_NegPre_VRoot_Perf_VerbTerm	AdvPre_BPre2_NegPre_VRoot_Perf	AdvPre_RelConc2_NegPre_VRoot_Perf_VerbTerm
;	Punc	PUNC	Punc	PUNC
ku_y_akh_iw_a	SC15_CopPre_VRoot_PassExt_VerbTerm	SC15_CopPre_VRoot_PassExt_VerbTerm	SC15_CopPre_VRoot_PassExt_VerbTerm	SC15_CopPre_VRoot_PassExt_VerbTerm
e_m_phakath_ini	LocPre_BPre3_NStem_LocSuf	LocPre_BPre3_NStem_LocSuf	LocPre_BPre3_NStem_LocSuf	LocPre_BPre3_NStem_LocSuf
futh_i	Conj	VRoot_VerbTerm	Conj	VRoot_VerbTerm
ku_gxil_il_e	SC15_VRoot_Perf	SC15_VRoot_Perf_VerbTerm	SC15_VRoot_Perf	SC15_VRoot_Perf_VerbTerm
ngo_kwe_zo_m_busazwe	AdvPre_NPrePre15_PossConc15_PossConc8_BPre3_NStem	AdvPre_PossConc15_PossConc10_BPre3_NStem	AdvPre_NPrePre15_PossConc15_PossConc8_BPre3_NStem	AdvPre_PossConc15_PossConc10_BPre3_NStem
.	Punc	PUNC	Punc	PUNC
Lokhu	Dem15_Pos1	CDEM15	Dem15_Pos1	CDEM15
kw_ahlukan_a	BPre15_VRoot_RecipExt_VerbTerm	SC15_VRoot_VerbTerm	BPre15_VRoot_RecipExt_VerbTerm	SC15_VRoot_VerbTerm
ku_no_m_thelel_a	BPre15_AdvPre_NPrePre3_BPre3_NStem	SC15_AdvPre_BPre3_VRoot_VerbTerm	BPre15_AdvPre_NPrePre3_BPre3_NStem	SC15_AdvPre_BPre3_VRoot_VerbTerm
om_ncane	AdjPref1_AdjStem	AdjPref1_AdjStem	AdjPref1_AdjStem	AdjPref1_AdjStem
e_m_landw_eni	LocPre_NPrePre3_BPre3_NStem_LocSuf	LocPre_BPre3_NStem_LocSuf	LocPre_NPrePre3_BPre3_NStem_LocSuf	LocPre_BPre3_NStem_LocSuf
o_bon_akal_a_yo	Past_Intrans_VerbTerm_RelSuf	RelConc3_VRoot_NeutExt_VerbTerm_RelSuf	Past_Intrans_VerbTerm_RelSuf	RelConc3_VRoot_NeutExt_VerbTerm_RelSuf
a_zal_w_a	SC1_VRoot_PassExt_VerbTerm	SC6_VRoot_PassExt_VerbTerm	SC1_VRoot_PassExt_VerbTerm	SC6_VRoot_PassExt_VerbTerm
na_wo	AdvPre_PronStem6	AdvPre_PronStem6	AdvPre_PronStem6	AdvPre_PronStem6
u_mu_ntu	NPrePre1_BPre1_NStem	NPrePre1_BPre1_NStem	NPrePre1_BPre1_NStem	NPrePre1_BPre1_NStem
futh_i	Conj	VRoot_VerbTerm	Conj	VRoot_VerbTerm
u_ku_phath_a	NPrePre15_BPre15_VRoot_VerbTerm	NPrePre15_BPre15_VRoot_VerbTerm	NPrePre15_BPre15_VRoot_VerbTerm	NPrePre15_BPre15_VRoot_VerbTerm
u_kw_ahlukahlukan_a	NPrePre15_BPre15_VRoot_RecipExt_VerbTerm	NPrePre15_BPre15_VRoot_VerbTerm	NPrePre15_BPre15_VRoot_RecipExt_VerbTerm	NPrePre15_BPre15_VRoot_VerbTerm
nge_m_pumelelo	AdvPre_BPre3_NStem	AdvPre_BPre3_NStem	AdvPre_BPre3_NStem	AdvPre_BPre3_NStem
ku_yo_dinga	SC15_Fut_VRoot_VerbTerm	BPre17_Fut_NStem	SC15_Fut_VRoot_VerbTerm	BPre17_Fut_NStem
u_ku_bhek_w_a	NPrePre15_BPre15_VRoot_PassExt_VerbTerm	NPrePre15_BPre15_VRoot_PassExt_VerbTerm	NPrePre15_BPre15_VRoot_PassExt_VerbTerm	NPrePre15_BPre15_VRoot_PassExt_VerbTerm
ku_susel_w_a	BPre17_NStem	SC15_VRoot_PassExt_VerbTerm	BPre17_NStem	SC15_VRoot_PassExt_VerbTerm
esikw_eni	LocPre_NStem_LocSuf	NStem_LocSuf	LocPre_NStem_LocSuf	REL_LocSuf
la_ma_lungelo	PossConc5_NPrePre6_BPre6_NStem	PossConc5_BPre6_NStem	PossConc5_NPrePre6_BPre6_NStem	PossConc5_BPre6_NStem
esi_ntu	PossConc6_NPrePre7_BPre7_NStem	RelConc7_NStem	PossConc6_NPrePre7_BPre7_NStem	RelConc7_NStem
.	Punc	PUNC	Punc	PUNC
UMASIPALA	NPrePre1a_NStem	NStem	NPrePre1a_NStem	NPrePre1a
NGAMUNYE	AdvPre_BPre1_EnumStem	Adv	AdvPre_BPre1_EnumStem	AdvPre
KU_DING_EK_A	SC15_VRoot_NeutExt_VerbTerm	SC15_VRoot_NeutExt_VerbTerm	SC15_VRoot_NeutExt_VerbTerm	SC15_VRoot_NeutExt_VerbTerm
NGO_KO_M_THETHO	AdvPre_PossConc15_NPrePre3_BPre3_NStem	AdvPre_PossConc15_BPre3_NStem	AdvPre_PossConc15_NPrePre3_BPre3_NStem	AdvPre_PossConc15_BPre3_NStem
UKUBA	Conj	Conj	Conj	NPrePre15
ATHUTHUKIS_E	SC1_VRoot_CausExt_VerbTerm	VRoot_VerbTerm	SC1_VRoot_CausExt_VerbTerm	VRoot_VerbTerm
U_HLELO	NPrePre11_NStem	NPrePre11_NStem	NPrePre11_NStem	NPrePre11_BPre11
LO_KU_PHATH_A	PossConc11_NPrePre15_BPre15_VRoot_VerbTerm	PossConc5_NPrePre15_VRoot_VerbTerm	PossConc11_NPrePre15_BPre15_VRoot_VerbTerm	PossConc5_NPrePre15_VRoot_VerbTerm
U_KU_SEBENZ_A	NPrePre15_BPre15_VRoot_VerbTerm	NPrePre15_BPre15_VRoot_VerbTerm	NPrePre15_BPre15_VRoot_VerbTerm	NPrePre15_BPre15_VRoot_VerbTerm
NGE_M_FANELO	AdvPre_NPrePre9_NStem	AdvPre_BPre3_NStem	AdvPre_NPrePre9_NStem	AdvPre_BPre3_NStem
(	Punc	PUNC	Punc	PUNC
I__P_MS	NPrePre9_Abbr	NPrePre9_BPre9_BPre9	NPrePre9_Abbr	NPrePre9_BPre9_BPre9
)	Punc	PUNC	Punc	PUNC
OLUZO_KWE_NGE_ZELA	RelConc11_Fut_BPre15_VRoot_ApplExt_VerbTerm	RelConc11_PossConc15_Pot_VRoot	RelConc11_Fut_BPre15_VRoot_ApplExt_VerbTerm	RelConc11_BPre15_Pot_NStem
U_KU_SEBENZ_A	NPrePre15_BPre15_VRoot_VerbTerm	NPrePre15_BPre15_VRoot_VerbTerm	NPrePre15_BPre15_VRoot_VerbTerm	NPrePre15_BPre15_VRoot_VerbTerm
NGE_M_FANELO	AdvPre_NPrePre9_NStem	AdvPre_BPre3_NStem	AdvPre_NPrePre9_NStem	AdvPre_BPre3_NStem
NA_NGE_M_PUMELELO	AdvPre_AdvPre_NPrePre9_BPre9_NStem	AdvPre_AdvPre_BPre3_NStem	AdvPre_AdvPre_NPrePre9_BPre9_NStem	AdvPre_AdvPre_BPre3_NStem
KWE_N_HLANGANO	PossConc15_NPrePre9_BPre9_NStem	PossConc15_BPre9_NStem	PossConc15_NPrePre9_BPre9_NStem	PossConc15_BPre9_NStem
,	Punc	PUNC	Punc	PUNC
LU_CHAZ_E	SC11_VRoot_VerbTerm	SC11_Intrans_VerbTerm	SC11_VRoot_VerbTerm	SC11_VRoot_VerbTerm
U_KU_SETSHENZISW_A	NPrePre15_BPre15_VRoot_CausExt_PassExt_VerbTerm	NPrePre15_BPre15_Intrans_VerbTerm	NPrePre15_BPre15_VRoot_CausExt_PassExt_VerbTerm	NPrePre15_BPre15_VRoot_VerbTerm
KWE_MI_THOMBO	PossConc15_NPrePre4_BPre4_NStem	PossConc15_BPre4_NStem	PossConc15_NPrePre4_BPre4_NStem	PossConc15_BPre4_NStem
KA_MASIPALA	PossKA_NStem	PossKA_NStem	PossKA_NStem	PossKA_NStem
BE_S_E	SC2_AuxVStem	SC2_PreLocs_VerbTerm	SC2_AuxVStem	SC2_VRoot_VerbTerm
LUBONISA	SC11_VRoot_CausExt_VerbTerm	CDEM02	SC11_VRoot_CausExt_VerbTerm	CDEM02
U_KU_FINYELEL_A	NPrePre15_BPre15_VRoot_VerbTerm	NPrePre15_BPre15_VRoot_VerbTerm	NPrePre15_BPre15_VRoot_VerbTerm	NPrePre15_BPre15_VRoot_VerbTerm
KWI_MI_PHUMEL_A	LocPre_NPrePre4_BPre4_NStem	PossConc15_BPre4_VRoot_VerbTerm	LocPre_NPrePre4_BPre4_NStem	PossConc15_BPre4_VRoot_VerbTerm
.	Punc	PUNC	Punc	PUNC
I__P_MS	NPrePre9_Abbr	NPrePre9_BPre9_Abbr	NPrePre9_Abbr	NPrePre9_BPre9_BPre9
I_YA_KW_AZ_I	SC9_Pres_BPre15_VRoot_VerbTerm	SC9_Pres_BPre15_VRoot_VerbTerm	SC9_Pres_BPre15_VRoot_VerbTerm	SC9_Pres_BPre15_VRoot_VerbTerm
FUTHI	Conj	NStem	Conj	NStem
U_KU_SEBENZ_A	NPrePre15_BPre15_VRoot_VerbTerm	NPrePre15_BPre15_VRoot_VerbTerm	NPrePre15_BPre15_VRoot_VerbTerm	NPrePre15_BPre15_VRoot_VerbTerm
NJENGE_N_DLEL_A	AdvPre_NPrePre9_BPre9_NStem	AdvPre_BPre9_VRoot_VerbTerm	AdvPre_NPrePre9_BPre9_NStem	AdvPre_BPre9_VRoot_VerbTerm
YO_KU_XWAYIS_A	PossConc9_BPre15_VRoot_VerbTerm	PossConc4_NPrePre15_Intrans_VerbTerm	PossConc9_BPre15_VRoot_VerbTerm	PossConc4_NPrePre15_Intrans_VerbTerm
YANGA_PHAMBI	PossConc9_AdvPre_Adv	Pres_BPre9	PossConc9_AdvPre_Adv	PossConc4_NStem
KWE_SI_KHATHI	PossConc15_NPrePre7_BPre7_NStem	PossConc15_BPre7_NStem	PossConc15_NPrePre7_BPre7_NStem	PossConc15_BPre7_NStem
NJENGOBA	Conj	Adv	Conj	Adv
I_BONISA	SC9_VRoot_CausExt_VerbTerm	NPrePre5_BPre5	SC9_VRoot_CausExt_VerbTerm	NPrePre5_NStem
U_KU_NGA_SEBENZI	NPrePre15_BPre15_NegPre_VRoot_VerbTerm	NPrePre15_BPre15_NegPre_NStem	NPrePre15_BPre15_NegPre_VRoot_VerbTerm	NPrePre15_BPre15_NegPre_NStem
NGE_M_FANELO	AdvPre_NPrePre9_NStem	AdvPre_BPre3_NStem	AdvPre_NPrePre9_NStem	AdvPre_BPre3_NStem
NOMA	Conj	COP	Conj	AdvPre
U_KU_SEBENZ_A	NPrePre15_BPre15_VRoot_VerbTerm	NPrePre15_BPre15_VRoot_VerbTerm	NPrePre15_BPre15_VRoot_VerbTerm	NPrePre15_BPre15_VRoot_VerbTerm
NGA_PHANSI	AdvPre_Adv	AdvPre_NStem	AdvPre_Adv	AdvPre_NStem
KWE_ZINGA	PossConc15_NPrePre5_NStem	PossConc15_NStem	PossConc15_NPrePre5_NStem	PossConc15_NStem
ELI_BEKIW_E	RelConc5_VRoot_PassExt_VerbTerm	RelConc5_Intrans_VerbTerm	RelConc5_VRoot_PassExt_VerbTerm	SC5_VRoot_VerbTerm
,	Punc	PUNC	Punc	PUNC
NGALOKHO	AdvPre_Dem15_Pos2	ADV	AdvPre_Dem15_Pos2	ADV
I_VUMEL_A	SC9_VRoot_ApplExt_VerbTerm	SC9_VRoot_VerbTerm	SC9_VRoot_ApplExt_VerbTerm	SC9_VRoot_VerbTerm
U_KU_NGENEL_EL_A	NPrePre15_BPre15_VRoot_ApplExt_ApplExt_VerbTerm	NPrePre15_BPre15_VRoot_ApplExt_VerbTerm	NPrePre15_BPre15_VRoot_ApplExt_ApplExt_VerbTerm	NPrePre15_BPre15_VRoot_ApplExt_VerbTerm
OKU_FANEL_E	RelConc15_VRoot_VerbTerm	RelConc15_VRoot_VerbTerm	RelConc15_VRoot_VerbTerm	RelConc15_VRoot_VerbTerm
UKUZE	Conj	Conj	Conj	Conj
KW_ENZ_IW_E	SC15_VRoot_PassExt_VerbTerm	SC15_VRoot_PassExt_VerbTerm	SC15_VRoot_PassExt_VerbTerm	SC15_VRoot_PassExt_VerbTerm
NGCONO	Adv	Adv	Adv	Adv
.	Punc	PUNC	Punc	PUNC
E_yo_dwa	RelConc9_QuantConc9_QuantStem	RelConc9_QuantConc9_QuantStem	RelConc9_QuantConc9_QuantStem	RelConc9_QuantConc9_QuantStem
ye_zi_nhloso	PossConc9_NPrePre10_BPre10_NStem	PossConc9_BPre10_NStem	PossConc9_NPrePre10_BPre10_NStem	PossConc9_BPre10_NStem
zi_ka_hulumeni	PossConc8_PossKA_NPrePre1a_NStem	PossConc10_PossKA_NStem	PossConc8_PossKA_NPrePre1a_NStem	PossConc10_PossKA_NStem
u_ku_dlul_is_el_a	NPrePre15_BPre15_VRoot_CausExt_ApplExt_VerbTerm	NPrePre15_BPre15_VRoot_CausExt_ApplExt_VerbTerm	NPrePre15_BPre15_VRoot_CausExt_ApplExt_VerbTerm	NPrePre15_BPre15_VRoot_CausExt_ApplExt_VerbTerm
i_zi_bopho	NPrePre8_BPre8_NStem	NPrePre8_BPre8_NStem	NPrePre8_BPre8_NStem	NPrePre8_BPre8_NStem
zo_kwe_thul_w_a	PossConc8_BPre15_NStem	PossConc8_BPre15_VRoot_PassExt_VerbTerm	PossConc8_BPre15_NStem	PossConc8_BPre15_VRoot_PassExt_VerbTerm
kwe_zin_sizakalo	BPre15_BPre10_NStem	PossConc15_BPre10_NStem	BPre15_BPre10_NStem	PossConc15_BPre10_NStem
u_ku_suk_a	NPrePre15_BPre15_VRoot_VerbTerm	NPrePre15_BPre15_VRoot_VerbTerm	NPrePre15_BPre15_VRoot_VerbTerm	NPrePre15_BPre15_VRoot_VerbTerm
ku_Hulumeni	LocPre_NPrePre1a_NStem	LocPre_NStem	LocPre_NPrePre1a_NStem	LocPre_NStem
ka_zwelonke	PossKA_NPrePre1a_NStem	PossKA_NStem	PossKA_NPrePre1a_NStem	PossKA_NStem
ku_y_a	SC15_VRoot_VerbTerm	SC15_VRoot_VerbTerm	SC15_VRoot_VerbTerm	SC15_VRoot_VerbTerm
ku_zi_phathimandla	LocPre_BPre8_NStem	LocPre_BPre8_NStem	LocPre_BPre8_NStem	LocPre_BPre8_NStem
ze_si_fundazwe	PossConc10_NPrePre7_BPre7_NStem	PossConc8_BPre7_NStem	PossConc10_NPrePre7_BPre7_NStem	PossConc8_BPre7_NStem
ne_ze_n_dawo	AdvPre_PossConc8_BPre9_NStem	AdvPre_PossConc8_BPre9_NStem	AdvPre_PossConc8_BPre9_NStem	AdvPre_PossConc8_BPre9_NStem
.	Punc	PUNC	Punc	PUNC
U_kwe_thul_w_a	NPrePre15_BPre15_Intrans_PassExt_VerbTerm	NPrePre15_BPre15_VRoot_PassExt_VerbTerm	NPrePre15_BPre15_Intrans_PassExt_VerbTerm	NPrePre15_BPre15_VRoot_PassExt_VerbTerm
kwe_zin_sizakalo	BPre15_BPre10_NStem	PossConc15_BPre10_NStem	BPre15_BPre10_NStem	PossConc15_BPre10_NStem
ku_mel_e	SC15_VRoot_VerbTerm	SC15_VRoot_VerbTerm	SC15_VRoot_VerbTerm	SC15_VRoot_VerbTerm
ku_be	SC15_VRoot_VerbTerm	SC15_AuxVStem	SC15_VRoot_VerbTerm	SC15_AuxVStem
se_zandle_ni	PossConc7_BPre8_NStem_LocSuf	PossConc7_NStem_LocSuf	PossConc7_BPre8_NStem_LocSuf	PossConc7_NStem_LocSuf
za_labo	PossConc8_Dem2_Pos2	PossConc10_NStem	PossConc8_Dem2_Pos2	PossConc8_NStem
aba_s_e_duzane	RelConc2_PreLoc-s_LocPre_NStem	RelConc2_PreLocs_LocPre_NStem	RelConc2_PreLoc-s_LocPre_NStem	RelConc2_PreLocs_LocPre_NStem
ka_khulu	AdvPre_AdjStem	AdvPre_AdjStem	AdvPre_AdjStem	AdvPre_AdjStem
na_ba_sebenzisi	AdvPre_OC2_NStem	AdvPre_BPre2_NStem	AdvPre_OC2_NStem	AdvPre_BPre2_NStem
bo_ku_gcin_a	PossConc2a_BPre15_NStem	PossConc2_BPre15_VRoot_VerbTerm	PossConc2a_BPre15_NStem	PossConc2_BPre15_VRoot_VerbTerm
ku_no_ku_b_a	SC15_AdvPre_NPrePre15_BPre15_VRoot_VerbTerm	SC15_AdvPre_BPre15_VRoot_VerbTerm	SC15_AdvPre_NPrePre15_BPre15_VRoot_VerbTerm	SC15_AdvPre_BPre15_VRoot_VerbTerm
ku_Hulumeni	LocPre_NStem	LocPre_NStem	LocPre_NStem	LocPre_NStem
wa_phakathi	PossConc1a_Adv	PossConc3_Adv	PossConc1a_Adv	PossConc3_Adv
,	Punc	PUNC	Punc	PUNC
oku_suk_e	RelConc15_VRoot_VerbTerm	RelConc15_VRoot_VerbTerm	RelConc15_VRoot_VerbTerm	RelConc15_Intrans_VerbTerm
ka_khulu	AdvPre_AdjStem	AdvPre_AdjStem	AdvPre_AdjStem	AdvPre_AdjStem
'	Punc	PUNC	Punc	PUNC
e_mu_gqe_ni	LocPre_NStem_LocSuf	LocPre_BPre3_NStem_LocSuf	LocPre_NStem_LocSuf	LocPre_BPre3_NStem_LocSuf
wo_ku_qal_a	PossConc3_NPrePre15_BPre15_VRoot_VerbTerm	PossConc3_BPre15_VRoot_VerbTerm	PossConc3_NPrePre15_BPre15_VRoot_VerbTerm	PossConc3_BPre15_VRoot_VerbTerm
'	Punc	PUNC	Punc	PUNC
.	Punc	PUNC	Punc	PUNC
Ku_m_el_e	SC15_VRoot_VerbTerm	SC15_VRoot_ApplExt_VerbTerm	SC15_VRoot_VerbTerm	SC15_VRoot_ApplExt_VerbTerm
ku_phind_e	SC15_VRoot_VerbTerm	SC15_VRoot_VerbTerm	SC15_VRoot_VerbTerm	SC15_VRoot_VerbTerm
ku_wel_e	LocPre_VRoot_VerbTerm	SC15_VRoot_VerbTerm	LocPre_VRoot_VerbTerm	SC15_VRoot_VerbTerm
nga_phakathi	AdvPre_Adv	AdvPre_Adv	AdvPre_Adv	AdvPre_Adv
kwe_zin_hlaka	BPre15_NPrePre10_BPre10_NStem	PossConc15_BPre10_NStem	BPre15_NPrePre10_BPre10_NStem	PossConc15_BPre10_NStem
ze_n_qubomgomo	PossConc10_NPrePre9_BPre9_NStem	PossConc10_BPre9_NStem	PossConc10_NPrePre9_BPre9_NStem	PossConc10_BPre9_NStem
ka_zwelonke	PossKA_NPrePre1a_NStem	PossKA_NStem	PossKA_NPrePre1a_NStem	PossKA_NStem
ezi_thuthuk_is_w_e	RelConc8_VRoot_CausExt_PassExt_VerbTerm	RelConc10_VRoot_CausExt_PassExt_VerbTerm	RelConc8_VRoot_CausExt_PassExt_VerbTerm	RelConc10_VRoot_CausExt_PassExt_VerbTerm
y_i_mi_nyango	CopPre_NPrePre4_BPre4_NStem	CopPre_NPrePre4_BPre4_NStem	CopPre_NPrePre4_BPre4_NStem	CopPre_NPrePre4_BPre4_NStem
ka_Hulumeni	PossKA_NPrePre1a_NStem	PossKA_NStem	PossKA_NPrePre1a_NStem	PossKA_NStem
ka_zwelonke	PossKA_NPrePre1a_NStem	PossKA_NStem	PossKA_NPrePre1a_NStem	PossKA_NStem
e_fanel_e	RelConc9_VRoot_VerbTerm	RelConc9_VRoot_VerbTerm	RelConc9_VRoot_VerbTerm	RelConc9_VRoot_VerbTerm
.	Punc	PUNC	Punc	PUNC
U_hlaka	NPrePre11_NStem	NPrePre11_BPre11	NPrePre11_NStem	NPrePre11_BPre11
lo_m_thethosisekelo	PossConc11_NPrePre3_BPre3_NStem	PossConc5_BPre3_NStem	PossConc11_NPrePre3_BPre3_NStem	PossConc5_BPre3_NStem
lu_vum_el_a	SC11_VRoot_VerbTerm	SC11_VRoot_ApplExt_VerbTerm	SC11_VRoot_VerbTerm	CopPre_VRoot_ApplExt_VerbTerm
u_kw_ahluk_a	NPrePre15_BPre15_VRoot_VerbTerm	NPrePre15_BPre15_VRoot_VerbTerm	NPrePre15_BPre15_VRoot_VerbTerm	NPrePre15_BPre15_VRoot_VerbTerm
e_kw_ab_iw_e_ni	LocPre_BPre15_VRoot_PassExt_VerbTerm_LocSuf	LocPre_BPre15_VRoot_PassExt_VerbTerm_LocSuf	LocPre_BPre15_VRoot_PassExt_VerbTerm_LocSuf	LocPre_BPre15_VRoot_PassExt_VerbTerm_LocSuf
kwa_ma_ndla	PossConc15_NPrePre6_BPre6_NStem	PossConc15_BPre6_NStem	PossConc15_NPrePre6_BPre6_NStem	PossConc15_BPre6_NStem
ne_mi_sebenzi	AdvPre_NPrePre4_BPre4_NStem	AdvPre_BPre4_NStem	AdvPre_NPrePre4_BPre4_NStem	AdvPre_BPre4_NStem
,	Punc	PUNC	Punc	PUNC
lokhu	Dem15_Pos1	CDEM15	Dem15_Pos1	CDEM15
ku_mel_e	SC15_VRoot_VerbTerm	SC15_VRoot_VerbTerm	SC15_VRoot_VerbTerm	SC15_VRoot_VerbTerm
kw_enz_iw_e	SC15_VRoot_PassExt_VerbTerm	SC15_VRoot_PassExt_VerbTerm	SC15_VRoot_PassExt_VerbTerm	SC15_VRoot_PassExt_VerbTerm
u_ku_qinis_ek_is_a	NPrePre15_BPre15_VRoot_CausExt_VerbTerm	NPrePre15_BPre15_VRoot_NeutExt_CausExt_VerbTerm	NPrePre15_BPre15_VRoot_CausExt_VerbTerm	NPrePre15_BPre15_VRoot_NeutExt_CausExt_VerbTerm
u_ku_sebenz_is_an_a	NPrePre15_BPre15_VRoot_CausExt_RecipExt_VerbTerm	NPrePre15_BPre15_VRoot_CausExt_RecipExt_VerbTerm	NPrePre15_BPre15_VRoot_CausExt_RecipExt_VerbTerm	NPrePre15_BPre15_VRoot_CausExt_RecipExt_VerbTerm
ka_hle	AdvPre_AdjStem	AdvPre_AdjStem	AdvPre_AdjStem	AdvPre_AdjStem
phakathi	Adv	Adv	Adv	Adv
kwa_ma_khono	PossConc15_NPrePre6_BPre6_NStem	PossConc15_BPre6_NStem	PossConc15_NPrePre6_BPre6_NStem	PossConc15_BPre6_NStem
ne_mi_sebenzi	AdvPre_NPrePre4_BPre4_NStem	AdvPre_BPre4_NStem	AdvPre_NPrePre4_BPre4_NStem	AdvPre_BPre4_NStem
ye_zi_fundazwe	PossConc9_NPrePre8_BPre8_NStem	PossConc4_BPre8_NStem	PossConc9_NPrePre8_BPre8_NStem	PossConc4_BPre8_NStem
no_masipala	AdvPre_NPrePre2a_NStem	AdvPre_NStem	AdvPre_NPrePre2a_NStem	AdvPre_NStem
.	Punc	PUNC	Punc	PUNC
I_n_dlel_a	NPrePre9_BPre9_NStem	NPrePre9_BPre9_VRoot_VerbTerm	NPrePre9_BPre9_NStem	NPrePre9_BPre9_VRoot_VerbTerm
e_khona	RelConc9_Adv	RelConc9_Adv	RelConc9_Adv	RelConc9_Adv
i_nga_thuthuk_is_w_a	SC9_Pot_VRoot_CausExt_PassExt_VerbTerm	SC9_Pot_VRoot_CausExt_PassExt_VerbTerm	SC9_Pot_VRoot_CausExt_PassExt_VerbTerm	SC9_AdvPre_VRoot_CausExt_PassExt_VerbTerm
,	Punc	PUNC	Punc	PUNC
ngo_ku_th_i	AdvPre_Conj	AdvPre_BPre15_VRoot_VerbTerm	AdvPre_Conj	AdvPre_BPre15_VRoot_VerbTerm
ku_cacis_w_e	SC15_VRoot_CausExt_PassExt_VerbTerm	SC15_VRoot_PassExt_VerbTerm	SC15_VRoot_CausExt_PassExt_VerbTerm	SC15_VRoot_PassExt_VerbTerm
nge_mi_sebenzi	AdvPre_NPrePre4_BPre4_NStem	AdvPre_BPre4_NStem	AdvPre_NPrePre4_BPre4_NStem	AdvPre_BPre4_NStem
e_mi_khakhe_ni	LocPre_BPre4_NStem_LocSuf	LocPre_BPre4_NStem_LocSuf	LocPre_BPre4_NStem_LocSuf	LocPre_BPre4_NStem_LocSuf
ye_ze_zi_ndlu	PossConc4_NPrePre10_PossConc10_BPre10_NStem	PossConc4_PossConc10_BPre10_NStem	PossConc4_NPrePre10_PossConc10_BPre10_NStem	PossConc4_PossConc10_BPre10_NStem
,	Punc	PUNC	Punc	PUNC
e_za_manzi	RelConc9_PossConc10_NStem	RelConc9_PossConc10_NStem	RelConc9_PossConc10_NStem	RelConc9_PossConc10_NStem
,	Punc	PUNC	Punc	PUNC
e_zoku_sus_w_a	RelConc9_PossConc10_NPrePre15_BPre15_VRoot_PassExt_VerbTerm	SC15_Fut_VRoot_PassExt_VerbTerm	RelConc9_PossConc10_NPrePre15_BPre15_VRoot_PassExt_VerbTerm	LocPre_Fut_VRoot_PassExt_VerbTerm
k_oku_ngcola	PossConc15_RelConc15_VRoot_VerbTerm	NPre15_RelConc15_NStem	PossConc15_RelConc15_VRoot_VerbTerm	PossConc15_RelConc15_NStem
,	Punc	PUNC	Punc	PUNC
e_zo_gesi	RelConc9_PossConc10_NPrePre1a_NStem	RelConc9_Fut_NStem	RelConc9_PossConc10_NPrePre1a_NStem	LocPre_PossConc8_NStem
ka_nye	AdvPre_AdjStem	AdvPre_AdjStem	AdvPre_AdjStem	AdvPre_AdjStem
ne_zo_ku_thuth_w_a	AdvPre_NPrePre9_PossConc10_NPrePre15_BPre15_VRoot_PassExt_VerbTerm	AdvPre_PossConc10_BPre15_VRoot_PassExt_VerbTerm	AdvPre_NPrePre9_PossConc10_NPrePre15_BPre15_VRoot_PassExt_VerbTerm	AdvPre_PossConc10_BPre15_VRoot_PassExt_VerbTerm
ko_m_phakathi	PossConc15_NPrePre3_BPre3_NStem	PossConc15_BPre3_NStem	PossConc15_NPrePre3_BPre3_NStem	PossConc15_BPre3_NStem
.	Punc	PUNC	Punc	PUNC
A_ma_dolobha	NPrePre6_BPre6_NStem	NPrePre6_BPre6_NStem	NPrePre6_BPre6_NStem	NPrePre6_BPre6_NStem
a_ma_khulu	AdjPref6_AdjStem	NPrePre6_BPre6_AdjStem	AdjPref6_AdjStem	NPrePre6_BPre6_NStem
ku_mel_e	SC15_VRoot_VerbTerm	SC15_VRoot_VerbTerm	SC15_VRoot_VerbTerm	SC15_VRoot_VerbTerm
a_nikez_w_e	SC6_VRoot_PassExt_VerbTerm	SC6_VRoot_PassExt_VerbTerm	SC6_VRoot_PassExt_VerbTerm	SC6_VRoot_PassExt_VerbTerm
i_mali	NPrePre9_NStem	NPrePre9_NStem	NPrePre9_NStem	NPrePre9_NStem
na_ma_ndla	AdvPre_NPrePre6_BPre6_NStem	AdvPre_BPre6_NStem	AdvPre_NPrePre6_BPre6_NStem	AdvPre_BPre6_NStem
e_zo_m_busazwe	RelConc6_PossConc10_NPrePre3_BPre3_NStem	RelConc9_PossConc10_BPre3_NStem	RelConc6_PossConc10_NPrePre3_BPre3_NStem	RelConc9_PossConc10_BPre3_NStem
a_ma_ningi	AdjPref6_AdjStem	NPrePre6_BPre6_AdjStem	AdjPref6_AdjStem	NPrePre6_BPre6_NStem
u_ku_lawul_a	NPrePre15_BPre15_VRoot_VerbTerm	NPrePre15_BPre15_VRoot_VerbTerm	NPrePre15_BPre15_VRoot_VerbTerm	NPrePre15_BPre15_VRoot_VerbTerm
u_ku_thuthuk_is_w_a	NPrePre15_BPre15_VRoot_CausExt_PassExt_VerbTerm	NPrePre15_BPre15_VRoot_CausExt_PassExt_VerbTerm	NPrePre15_BPre15_VRoot_CausExt_PassExt_VerbTerm	NPrePre15_BPre15_VRoot_CausExt_PassExt_VerbTerm
k_oku_hlal_is_w_a	PossConc15_NPrePre15_BPre15_VRoot_CausExt_PassExt_VerbTerm	PossConc15_RelConc15_VRoot_CausExt_PassExt_VerbTerm	PossConc15_NPrePre15_BPre15_VRoot_CausExt_PassExt_VerbTerm	PossConc15_RelConc15_VRoot_CausExt_PassExt_VerbTerm
kwa_ba_ntu	PossConc15_NPrePre2_BPre2_NStem	PossConc15_BPre2_NStem	PossConc15_NPrePre2_BPre2_NStem	PossConc15_BPre2_NStem
,	Punc	PUNC	Punc	PUNC
e_zo_ku_thuth_a	RelConc9_PossConc10_NPrePre15_BPre15_VRoot_VerbTerm	RelConc9_PossConc10_BPre15_VRoot_VerbTerm	RelConc9_PossConc10_NPrePre15_BPre15_VRoot_VerbTerm	RelConc9_PossConc10_BPre15_VRoot_VerbTerm
no_ku_hlel_w_a	AdvPre_NPrePre15_BPre15_VRoot_PassExt_VerbTerm	AdvPre_BPre15_VRoot_PassExt_VerbTerm	AdvPre_NPrePre15_BPre15_VRoot_PassExt_VerbTerm	AdvPre_BPre15_VRoot_PassExt_VerbTerm
kwe_zin_dawo	PossConc15_NPrePre10_BPre10_NStem	PossConc15_BPre10_NStem	PossConc15_NPrePre10_BPre10_NStem	PossConc15_BPre10_NStem
.	Punc	PUNC	Punc	PUNC
Kw_ezi_nye	PossConc15_AdjPref10_AdjStem	PossConc15_AdjPref10_AdjStem	PossConc15_AdjPref10_AdjStem	PossConc15_AdjPref10_AdjStem
i_zin_dawo	NPrePre10_BPre10_NStem	NPrePre10_BPre10_NStem	NPrePre10_BPre10_NStem	NPrePre10_BPre10_NStem
,	Punc	PUNC	Punc	PUNC
i_mi_sebenzi	NPrePre4_BPre4_NStem	NPrePre4_BPre4_NStem	NPrePre4_BPre4_NStem	NPrePre4_BPre4_NStem
ye_zi_fund_a	PossConc4_NPrePre8_BPre8_NStem	PossConc9_ReflPre_VRoot_VerbTerm	PossConc4_NPrePre8_BPre8_NStem	PossConc9_BPre8_VRoot_VerbTerm
i_nga_hlinzek_a	SC4_Pot_VRoot_NeutExt_VerbTerm	SC9_Pot_VRoot_VerbTerm	SC4_Pot_VRoot_NeutExt_VerbTerm	SC9_Pot_VRoot_VerbTerm
nge_mi_sebenzi	AdvPre_NPrePre4_BPre4_NStem	AdvPre_BPre4_NStem	AdvPre_NPrePre4_BPre4_NStem	AdvPre_BPre4_NStem
y_enz_el_e	SC4_VRoot_ApplExt_VerbTerm	CopPre_VRoot_ApplExt_VerbTerm	SC4_VRoot_ApplExt_VerbTerm	SC9_VRoot_ApplExt_VerbTerm
o_masipala	NPrePre2a_NStem	NPrePre2a_NStem	NPrePre2a_NStem	NPrePre2a_NStem
aba_nge_na_zo	RelConc2_NegPre_AdvPre_PronStem10	RelConc2_NegPre_AdvPre_PronStem10	RelConc2_NegPre_AdvPre_PronStem10	RelConc2_NegPre_AdvPre_PronStem10
ka_hle	AdvPre_AdjStem	AdvPre_AdjStem	AdvPre_AdjStem	AdvPre_AdjStem
i_zin_sizakusebenz_a	NPrePre9_BPre9_NStem	NPrePre10_BPre10_VRoot_VerbTerm	NPrePre9_BPre9_NStem	NPrePre10_BPre10_VRoot_VerbTerm
,	Punc	PUNC	Punc	PUNC
kodwa	Conj	Conj	Conj	Conj
lokhu	Dem15_Pos1	CDEM15	Dem15_Pos1	CDEM15
ku_mel_e	SC15_VRoot_VerbTerm	SC15_VRoot_VerbTerm	SC15_VRoot_VerbTerm	SC15_VRoot_VerbTerm
ku_hol_w_e	SC15_VRoot_PassExt_VerbTerm	SC15_VRoot_PassExt_VerbTerm	SC15_VRoot_PassExt_VerbTerm	SC15_VRoot_PassExt_VerbTerm
o_masipala	NPrePre2a_NStem	NPrePre2a_NStem	NPrePre2a_NStem	NPrePre2a_NStem
u_ku_balek_el_a	NPrePre15_BPre15_VRoot_ApplExt_VerbTerm	NPrePre15_BPre15_VRoot_ApplExt_VerbTerm	NPrePre15_BPre15_VRoot_ApplExt_VerbTerm	NPrePre15_BPre15_VRoot_ApplExt_VerbTerm
u_ku_buk_el_a	NPrePre15_BPre15_VRoot_ApplExt_VerbTerm	NPrePre15_BPre15_VRoot_ApplExt_VerbTerm	NPrePre15_BPre15_VRoot_ApplExt_VerbTerm	NPrePre15_BPre15_VRoot_ApplExt_VerbTerm
phansi	Adv	Adv	Adv	Adv
u_ku_leth_w_a	NPrePre15_BPre15_VRoot_PassExt_VerbTerm	NPrePre15_BPre15_VRoot_PassExt_VerbTerm	NPrePre15_BPre15_VRoot_PassExt_VerbTerm	NPrePre15_BPre15_VRoot_PassExt_VerbTerm
kwe_mi_sebenzi	PossConc15_NPrePre4_BPre4_NStem	PossConc15_BPre4_NStem	PossConc15_NPrePre4_BPre4_NStem	PossConc15_BPre4_NStem
ngo_ku_ka_hulumeni	AdvPre_NPrePre15_BPre15_PossConc1a_NStem	AdvPre_BPre15_PossKA_NStem	AdvPre_NPrePre15_BPre15_PossConc1a_NStem	AdvPre_BPre15_PossKA_NStem
we_n_tando	PossConc3_NPrePre9_NStem	PossConc3_BPre9_NStem	PossConc3_NPrePre9_NStem	PossConc3_BPre9_NStem
ye_ningi	PossConc9_NPrePre9_AdjStem	PossConc9_NStem	PossConc9_NPrePre9_AdjStem	PossConc9_AdjStem
.	Punc	PUNC	Punc	PUNC
Ngenxa	Conj	Adv	Conj	ADV
yo_ku_nga_bibikho	PossConc9_NPrePre15_BPre15_NegPre_AuxVStem_AuxVStem_Adv	PossConc9_BPre15_NegPre_NStem	PossConc9_NPrePre15_BPre15_NegPre_AuxVStem_AuxVStem_Adv	PossConc9_BPre15_NegPre_NStem
kwe_si_khathi	PossConc15_NPrePre7_BPre7_NStem	PossConc15_BPre7_NStem	PossConc15_NPrePre7_BPre7_NStem	PossConc15_BPre7_NStem
es_anel_e	RelConc9_SC7_VRoot_VerbTerm	RelConc7_VRoot_VerbTerm	RelConc9_SC7_VRoot_VerbTerm	RelConc7_VRoot_VerbTerm
aba_ntu	NPrePre2_BPre2_NStem	RelConc2_NStem	NPrePre2_BPre2_NStem	RelConc2_NStem
nga_ba_bili	AdvPre_AdjPref2_AdjStem	AdvPre_BPre2_AdjStem	AdvPre_AdjPref2_AdjStem	AdvPre_BPre2_AdjStem
ku_ng_enz_ek_a	SC15_Pot_VRoot_NeutExt_VerbTerm	SC15_Pot_VRoot_NeutExt_VerbTerm	SC15_Pot_VRoot_NeutExt_VerbTerm	SC15_Pot_VRoot_NeutExt_VerbTerm
ba_nikez_w_e	SC2_VRoot_PassExt_VerbTerm	SC2_VRoot_PassExt_VerbTerm	SC2_VRoot_PassExt_VerbTerm	SC2_VRoot_PassExt_VerbTerm
i_si_gameko	NPrePre7_BPre7_NStem	NPrePre7_BPre7_NStem	NPrePre7_BPre7_NStem	NPrePre7_BPre7_NStem
esi_so_dwa	RelConc7_QuantConc7_QuantStem	RelConc7_QuantConc7_QuantStem	RelConc7_QuantConc7_QuantStem	RelConc7_QuantConc7_QuantStem
noma	Conj	Conj	Conj	Conj
ezim_bili	AdjPref10_AdjStem	AdjPref10_AdjStem	AdjPref10_AdjStem	AdjPref10_AdjStem
aba_zo_zi_bhek_a	RelConc2_Fut_OC8_VRoot_VerbTerm	RelConc2_Fut_ReflPre_VRoot_VerbTerm	RelConc2_Fut_OC8_VRoot_VerbTerm	RelConc2_Fut_ReflPre_VRoot_VerbTerm
.	Punc	PUNC	Punc	PUNC
I_si_qinisekiso	NPrePre7_BPre7_NStem	NPrePre7_BPre7_NStem	NPrePre7_BPre7_NStem	NPrePre7_BPre7_NStem
se__ISO	PossConc7_NPrePre9_NStem	PossConc7_Abbr	PossConc7_NPrePre9_NStem	PossConc7_Abbr
:	Punc	PUNC	Punc	PUNC
si_phathelen_e	SC7_VRoot_ApplExt_RecipExt_VerbTerm	SC1_VRoot_VerbTerm	SC7_VRoot_ApplExt_RecipExt_VerbTerm	SC7_VRoot_VerbTerm
no_ku_setshenz_is_w_a	AdvPre_NPrePre15_BPre15_VRoot_CausExt_PassExt_VerbTerm	AdvPre_BPre15_VRoot_CausExt_PassExt_VerbTerm	AdvPre_NPrePre15_BPre15_VRoot_CausExt_PassExt_VerbTerm	AdvPre_BPre15_VRoot_CausExt_PassExt_VerbTerm
kwe_si_miso	PossConc15_NPrePre7_BPre7_NStem	PossConc15_BPre7_NStem	PossConc15_NPrePre7_BPre7_NStem	PossConc15_BPre7_NStem
es_amuk_el_w_e	RelConc7_VRoot_PassExt_VerbTerm	RelConc7_VRoot_ApplExt_PassExt_VerbTerm	RelConc7_VRoot_PassExt_VerbTerm	RelConc7_VRoot_ApplExt_PassExt_VerbTerm
ezi_nge_ni	LocPre_NStem_LocSuf	RelConc10_NegPre_LocSuf	LocPre_NStem_LocSuf	RelConc8_NegPre_VerbTerm
lo_m_hlaba	PossConc11_NPrePre3_BPre3_NStem	PossConc11_BPre3_NStem	PossConc11_NPrePre3_BPre3_NStem	PossConc11_BPre3_NStem
so_ku_phath_a	PossConc7_NPrePre15_BPre15_VRoot_VerbTerm	PossConc7_BPre15_VRoot_VerbTerm	PossConc7_NPrePre15_BPre15_VRoot_VerbTerm	PossConc7_BPre15_VRoot_VerbTerm
oku_s_e_zinge_ni	RelConc15_PreLoc-s_LocPre_NStem_LocSuf	RelConc15_PreLocs_LocPre_NStem_LocSuf	RelConc15_PreLoc-s_LocPre_NStem_LocSuf	RelConc15_PreLocs_LocPre_NStem_LocSuf
eli_hle	AdjPref5_AdjStem	AdjPref5_AdjStem	AdjPref5_AdjStem	AdjPref5_AdjStem
,	Punc	PUNC	Punc	PUNC
u_ku_zi_hlol_a	NPrePre15_BPre15_ReflPre_VRoot_VerbTerm	NPrePre15_BPre15_ReflPre_VRoot_VerbTerm	NPrePre15_BPre15_ReflPre_VRoot_VerbTerm	NPrePre15_BPre15_ReflPre_VRoot_VerbTerm
ka_nye	AdvPre_AdjStem	AdvPre_AdjStem	AdvPre_AdjStem	AdvPre_AdjStem
no_ku_b_a	AdvPre_NPrePre15_BPre15_VRoot_VerbTerm	AdvPre_BPre15_VRoot_VerbTerm	AdvPre_NPrePre15_BPre15_VRoot_VerbTerm	AdvPre_BPre15_VRoot_VerbTerm
u_m_hloli	NPrePre1_BPre1_NStem	NPrePre1_BPre1_NStem	NPrePre1_BPre1_NStem	NPrePre1_BPre1_NStem
wa_nga_phandle	SC3_AdvPre_Adv	SC1_AdvPre_Adv	SC3_AdvPre_Adv	SC1_AdvPre_Adv
kwe_bhizinisi	PossConc15_NPrePre5_BPre5_NStem	PossConc15_NStem	PossConc15_NPrePre5_BPre5_NStem	PossConc15_NStem
a_hlol_e	SC1_VRoot_VerbTerm	SC6_VRoot_VerbTerm	SC1_VRoot_VerbTerm	SC6_VRoot_VerbTerm
u_menzi	NPrePre1_BPre1_NStem	NPrePre1a_NStem	NPrePre1_BPre1_NStem	NPrePre1a_NStem
wo_m_khiqizo	PossConc1_NPrePre3_BPre3_NStem	PossConc3_BPre3_NStem	PossConc1_NPrePre3_BPre3_NStem	PossConc3_BPre3_NStem
.	Punc	PUNC	Punc	PUNC
I_mi_thombo	NPrePre4_BPre4_NStem	NPrePre4_BPre4_NStem	NPrePre4_BPre4_NStem	NPrePre4_BPre4_NStem
ya_nga_phandle	PossConc9_Pot_Adv	PossConc9_AdvPre_Adv	PossConc9_Pot_Adv	PossConc9_AdvPre_Adv
:	Punc	PUNC	Punc	PUNC
Le	Dem4_Pos1	CDEM04	Dem4_Pos1	CDEM04
mi_thombo	BPre4_NStem	BPre4_NStem	BPre4_NStem	BPre4_NStem
y_enz_iw_a	SC9_VRoot_PassExt_VerbTerm	SC4_VRoot_PassExt_VerbTerm	SC9_VRoot_PassExt_VerbTerm	SC9_VRoot_PassExt_VerbTerm
nga_phandle	AdvPre_Adv	AdvPre_Adv	AdvPre_Adv	AdvPre_Adv
ku_ka_masipala	BPre15_PossKA_NStem	BPre15_PossKA_NStem	BPre15_PossKA_NStem	BPre15_PossKA_NStem
njenge_malimboleko	NPre9_NStem	AdvPre_NStem	NPre9_NStem	AdvPre_NStem
e_thol_w_a	RelConc9_VRoot_PassExt_VerbTerm	SC1_VRoot_PassExt_VerbTerm	RelConc9_VRoot_PassExt_VerbTerm	SC1_VRoot_PassExt_VerbTerm
ezi_khungw_ini	RelConc8_NStem_LocSuf	RelConc8_NStem_LocSuf	RelConc8_NStem_LocSuf	RelConc8_NStem_LocSuf
zo_hwebo	PossConc10_NStem	PossConc10_NStem	PossConc10_NStem	PossConc10_NStem
.	Punc	PUNC	Punc	PUNC
U_ku_lawul_w_a	NPrePre15_BPre15_VRoot_PassExt_VerbTerm	NPrePre15_BPre15_VRoot_PassExt_VerbTerm	NPrePre15_BPre15_VRoot_PassExt_VerbTerm	NPrePre15_BPre15_VRoot_PassExt_VerbTerm
kwe_si_khathi	PossConc15_NPrePre7_BPre7_NStem	PossConc15_BPre7_NStem	PossConc15_NPrePre7_BPre7_NStem	PossConc15_BPre7_NStem
:	Punc	PUNC	Punc	PUNC
U_ku_qaphel_a	NPrePre15_BPre15_VRoot_ApplExt_VerbTerm	NPrePre15_BPre15_VRoot_VerbTerm	NPrePre15_BPre15_VRoot_ApplExt_VerbTerm	NPrePre15_BPre15_VRoot_VerbTerm
i_n_qubekelaphambili	NPrePre9_BPre9_NStem	NPrePre9_BPre9_NStem	NPrePre9_BPre9_NStem	NPrePre9_BPre9_NStem
ye_phrojekthi	PossConc9_NPrePre5_NStem	PossConc9_NStem	PossConc9_NPrePre5_NStem	PossConc9_NStem
ka_nye	AdvPre_AdjStem	AdvPre_AdjStem	AdvPre_AdjStem	AdvPre_AdjStem
no_ku_hlangan_a	AdvPre_NPrePre15_BPre15_VRoot_VerbTerm	AdvPre_BPre15_VRoot_VerbTerm	AdvPre_NPrePre15_BPre15_VRoot_VerbTerm	AdvPre_BPre15_VRoot_VerbTerm
njalo	Adv	Adv	Adv	Adv
na_ba_bamb_e	AdvPre_RelConc2_VRoot_VerbTerm	AdvPre_RelConc2_VRoot_VerbTerm	AdvPre_RelConc2_VRoot_VerbTerm	AdvPre_RelConc2_VRoot_VerbTerm
i_qhaz_a	NPrePre5_BPre5_NStem	SC9_VRoot_VerbTerm	NPrePre5_BPre5_NStem	SC9_VRoot_VerbTerm
na_ma_lunga	AdvPre_NPrePre6_BPre6_NStem	AdvPre_BPre6_NStem	AdvPre_NPrePre6_BPre6_NStem	AdvPre_BPre6_NStem
e_thimba	RelConc9_NPrePre5_BPre5_NStem	LocPre_NStem	RelConc9_NPrePre5_BPre5_NStem	RelConc9_NStem
le_phrojekthi	PossConc5_NPrePre5_NStem	PossConc5_NStem	PossConc5_NPrePre5_NStem	PossConc5_NStem
u_ku_lingan_is_a	NPrePre15_BPre15_VRoot_CausExt_VerbTerm	NPrePre15_BPre15_VRoot_CausExt_VerbTerm	NPrePre15_BPre15_VRoot_CausExt_VerbTerm	NPrePre15_BPre15_VRoot_CausExt_VerbTerm
no_ku_bhek_a	AdvPre_BPre15_VRoot_VerbTerm	AdvPre_BPre15_VRoot_VerbTerm	AdvPre_BPre15_VRoot_VerbTerm	AdvPre_BPre15_VRoot_VerbTerm
a_ma_phuzu	NPrePre6_BPre6_NStem	NPrePre6_BPre6_NStem	NPrePre6_BPre6_NStem	NPrePre6_BPre6_NStem
a_hamb_is_an_a	SC6_VRoot_CausExt_RecipExt_VerbTerm	SC6_VRoot_CausExt_RecipExt_VerbTerm	SC6_VRoot_CausExt_RecipExt_VerbTerm	SC6_VRoot_CausExt_RecipExt_VerbTerm
ne_si_khathi	AdvPre_NPrePre7_BPre7_NStem	AdvPre_BPre7_NStem	AdvPre_NPrePre7_BPre7_NStem	AdvPre_BPre7_NStem
.	Punc	PUNC	Punc	PUNC
A_ma_phuzu	NPrePre6_BPre6_NStem	NPrePre6_BPre6_NStem	NPrePre6_BPre6_NStem	NPrePre6_BPre6_NStem
a_ma_ningi	AdjPref6_AdjStem	NPrePre6_BPre6_AdjStem	AdjPref6_AdjStem	NPrePre6_BPre6_NStem
a_nga_bangel_a	SC6_Pot_VRoot_ApplExt_VerbTerm	SC6_Pot_VRoot_VerbTerm	SC6_Pot_VRoot_ApplExt_VerbTerm	SC6_Pot_VRoot_VerbTerm
u_kuth_i	NPrePre15_BPre15_VRoot_VerbTerm	SC1_VRoot_VerbTerm	NPrePre15_BPre15_VRoot_VerbTerm	NPrePre15_BPre15_VerbTerm
ku_guquk_e	SC15_VRoot_VerbTerm	SC15_VRoot_VerbTerm	SC15_VRoot_VerbTerm	SC15_VRoot_VerbTerm
i_si_khathi	NPrePre7_BPre7_NStem	NPrePre7_BPre7_NStem	NPrePre7_BPre7_NStem	NPrePre7_BPre7_NStem
esi_bek_el_w_e	RelConc7_VRoot_ApplExt_PassExt_VerbTerm	RelConc7_VRoot_ApplExt_PassExt_VerbTerm	RelConc7_VRoot_ApplExt_PassExt_VerbTerm	RelConc7_VRoot_ApplExt_PassExt_VerbTerm
i_phrojekthi	NPrePre5_NStem	NPrePre5_NStem	NPrePre5_NStem	BPre5_NStem
.	Punc	PUNC	Punc	PUNC
Oku_ng_enz_iw_a	RelConc15_Pot_VRoot_ApplExt_VerbTerm	RelConc15_AdvPre_VRoot_PassExt_VerbTerm	RelConc15_Pot_VRoot_ApplExt_VerbTerm	RelConc15_AdvPre_VRoot_PassExt_VerbTerm
u_ma	Conj	NPrePre3_NStem	Conj	NPrePre1a_NStem
u_ma	Conj	NPrePre1a_NStem	Conj	NPrePre1a_NStem
ku_nga_phumeleli	SC15_NegPre_VRoot_VerbTerm	BPre17_Pot_NStem	SC15_NegPre_VRoot_VerbTerm	LocPre_AdvPre_NStem
ku_mel_e	SC15_VRoot_VerbTerm	SC15_VRoot_VerbTerm	SC15_VRoot_VerbTerm	SC15_VRoot_VerbTerm
ku_fak_w_e	SC15_VRoot_PassExt_VerbTerm	SC15_VRoot_PassExt_VerbTerm	SC15_VRoot_PassExt_VerbTerm	SC15_VRoot_PassExt_VerbTerm
kw_i_shedul_a	AdvPre_NPrePre5_NStem	LocPre_NPrePre9_Intrans_VerbTerm	AdvPre_NPrePre5_NStem	LocPre_NPrePre9_VRoot_VerbTerm
yo_ku_qal_a	PossConc9_NPrePre15_BPre15_VRoot_VerbTerm	PossConc9_BPre15_VRoot_VerbTerm	PossConc9_NPrePre15_BPre15_VRoot_VerbTerm	PossConc9_BPre15_VRoot_VerbTerm
futh_i	Conj	VRoot_VerbTerm	Conj	VRoot_VerbTerm
i_n_qubekelaphambili	NPrePre9_BPre9_NStem	NPrePre9_BPre9_NStem	NPrePre9_BPre9_NStem	NPrePre9_BPre9_NStem
ku_mel_e	SC15_VRoot_VerbTerm	SC15_VRoot_VerbTerm	SC15_VRoot_VerbTerm	SC15_VRoot_VerbTerm
ya_z_is_w_e	SC10_VRoot_CausExt_PassExt_VerbTerm	PossConc4_VRoot_CausExt_PassExt_VerbTerm	SC10_VRoot_CausExt_PassExt_VerbTerm	SC4_VRoot_CausExt_PassExt_VerbTerm
bo_nke	QuantConc2_QuantStem	QuantConc2_QuantStem	QuantConc2_QuantStem	QuantConc2_QuantStem
aba_bamb_e	RelConc2_VRoot_VerbTerm	RelConc2_VRoot_VerbTerm	RelConc2_VRoot_VerbTerm	RelConc2_VRoot_VerbTerm
i_qhaz_a	NPrePre5_BPre5_NStem	SC9_VRoot_VerbTerm	NPrePre5_BPre5_NStem	SC9_VRoot_VerbTerm
.	Punc	PUNC	Punc	PUNC
I_zinga	NPrePre5_BPre5_NStem	NPrePre5_BPre5	NPrePre5_BPre5_NStem	NPrePre5_BPre5
le_m_fundo	PossConc5_NPrePre9_BPre9_NStem	PossConc5_BPre3_NStem	PossConc5_NPrePre9_BPre9_NStem	PossConc5_BPre9_NStem
le_ningi	PossConc5_NPrePre9_BPre9_NStem	PossConc5_AdjStem	PossConc5_NPrePre9_BPre9_NStem	PossConc5_AdjStem
le_zi_ngane	PossConc5_NPrePre10_BPre10_NStem	PossConc5_BPre10_NStem	PossConc5_NPrePre10_BPre10_NStem	PossConc5_BPre10_NStem
za_ba_ntu	PossConc10_NPrePre2_BPre2_NStem	PossConc10_BPre2_NStem	PossConc10_NPrePre2_BPre2_NStem	PossConc10_BPre2_NStem
aba_mnyama	RelConc2_RelStem	RelConc2_RelStem	RelConc2_RelStem	RelConc2_RelStem
li_phansi	SC5_Adv	SC5_Adv	SC5_Adv	SC5_Adv
.	Punc	PUNC	Punc	PUNC
Lokhu	Dem15_Pos1	CDEM15	Dem15_Pos1	CDEM15
ku_ncisha	LocPre_NStem	BPre17_NStem	LocPre_NStem	BPre17_NStem
i_ningi	NPrePre9_BPre9_NStem	NPrePre9_AdjStem	NPrePre9_BPre9_NStem	NPrePre9_AdjStem
la_ba_fundi	PossConc5_NPrePre2_BPre2_NStem	PossConc5_BPre2_NStem	PossConc5_NPrePre2_BPre2_NStem	PossConc5_BPre2_NStem
a_ma_thuba	NPrePre6_BPre6_NStem	NPrePre6_BPre6_NStem	NPrePre6_BPre6_NStem	NPrePre6_BPre6_NStem
oku_thol_a	RelConc15_VRoot_VerbTerm	RelConc15_VRoot_VerbTerm	RelConc15_VRoot_VerbTerm	RelConc15_VRoot_VerbTerm
i_mi_sebenzi	NPrePre4_BPre4_Intrans_VerbTerm	NPrePre4_BPre4_NStem	NPrePre4_BPre4_Intrans_VerbTerm	NPrePre4_BPre4_NStem
.	Punc	PUNC	Punc	PUNC
Ku_phind_e	LocPre_NStem	SC15_VRoot_VerbTerm	LocPre_NStem	SC15_VRoot_VerbTerm
ku_nciphis_e	SC15_VRoot_CausExt_VerbTerm	SC15_VRoot_VerbTerm	SC15_VRoot_CausExt_VerbTerm	SC15_VRoot_VerbTerm
a_ma_ndla	NPrePre6_BPre6_NStem	NPrePre6_BPre6_NStem	NPrePre6_BPre6_NStem	NPrePre6_BPre6_NStem
oku_hol_a	RelConc15_VRoot_VerbTerm	RelConc15_VRoot_VerbTerm	RelConc15_VRoot_VerbTerm	RelConc15_VRoot_VerbTerm
no_ku_khul_a	AdvPre_NPrePre15_BPre15_VRoot_VerbTerm	AdvPre_BPre15_VRoot_VerbTerm	AdvPre_NPrePre15_BPre15_VRoot_VerbTerm	AdvPre_BPre15_VRoot_VerbTerm
ngo_ko_m_sebenzi	AdvPre_PossConc15_BPre3_NStem	AdvPre_PossConc15_BPre3_NStem	AdvPre_PossConc15_BPre3_NStem	AdvPre_PossConc15_BPre3_NStem
ku_labo	LocPre_Dem2_Pos3	LocPre_CDEM02	LocPre_Dem2_Pos3	LocPre_CDEM02
aba_thol_a	RelConc2_VRoot_VerbTerm	RelConc2_VRoot_VerbTerm	RelConc2_VRoot_VerbTerm	RelConc2_VRoot_VerbTerm
i_mi_sebenzi	NPrePre4_BPre4_Intrans_VerbTerm	NPrePre4_BPre4_NStem	NPrePre4_BPre4_Intrans_VerbTerm	NPrePre4_BPre4_NStem
_	Punc		Punc	
futh_i	Conj	VRoot_VerbTerm	Conj	VRoot_VerbTerm
ku_nciph_is_a	SC15_VRoot_CausExt_VerbTerm	SC15_VRoot_CausExt_VerbTerm	SC15_VRoot_CausExt_VerbTerm	SC15_VRoot_CausExt_VerbTerm
a_ma_ndla	NPrePre6_BPre6_NStem	NPrePre6_BPre6_NStem	NPrePre6_BPre6_NStem	NPrePre6_BPre6_NStem
oku_guquk_a	RelConc15_Intrans_VerbTerm	RelConc15_VRoot_VerbTerm	RelConc15_Intrans_VerbTerm	RelConc15_VRoot_VerbTerm
kwa_ma_bhizinisi	PossConc15_NPrePre6_BPre6_NStem	PossConc15_BPre6_NStem	PossConc15_NPrePre6_BPre6_NStem	PossConc15_BPre6_NStem
a_s_e_Ningizimu	PossConc6_PreLoc-s_LocPre_ProperName	PossConc6_PreLocs_LocPre_ProperName	PossConc6_PreLoc-s_LocPre_ProperName	RelConc6_PreLocs_LocPre_ProperName
Afrika	ProperName	ProperName	ProperName	ProperName
.	Punc	PUNC	Punc	PUNC
I_shedul_a	NPrePre9_ProperName	NPrePre9_Intrans_VerbTerm	NPrePre9_ProperName	NPrePre9_VRoot_VerbTerm
le_zin_sizakusebenz_a	PossConc5_BPre5_NStem	PossConc5_BPre10_Intrans_VerbTerm	PossConc5_BPre5_NStem	PossConc5_BPre10_VRoot_VerbTerm
li_yo_qukath_a	SC5_Fut_VRoot_VerbTerm	SC5_Fut_VRoot_VerbTerm	SC5_Fut_VRoot_VerbTerm	SC5_Fut_VRoot_VerbTerm
i_mi_sebenzi	NPrePre4_BPre4_NStem	NPrePre4_BPre4_NStem	NPrePre4_BPre4_NStem	NPrePre4_BPre4_NStem
e_ya_fak_w_a	RelConc9_Pres_VRoot_PassExt_VerbTerm	RelConc9_Pres_VRoot_PassExt_VerbTerm	RelConc9_Pres_VRoot_PassExt_VerbTerm	RelConc9_Pres_VRoot_PassExt_VerbTerm
kw_i_shedul_a	LocPre_NPrePre5_NStem	LocPre_NPrePre9_Intrans_VerbTerm	LocPre_NPrePre5_NStem	LocPre_NPrePre5_VRoot_VerbTerm
yo_m_sebenzi	PossConc4_NPrePre3_BPre3_NStem	PossConc9_BPre3_NStem	PossConc4_NPrePre3_BPre3_NStem	PossConc4_BPre3_NStem
,	Punc	PUNC	Punc	PUNC
lokhu	Dem15_Pos1	CDEM15	Dem15_Pos1	CDEM15
ku_mel_e	SC15_VRoot_VerbTerm	SC15_VRoot_VerbTerm	SC15_VRoot_VerbTerm	SC15_VRoot_VerbTerm
ku_phind_e	SC15_VRoot_VerbTerm	SC15_VRoot_VerbTerm	SC15_VRoot_VerbTerm	SC15_VRoot_VerbTerm
ku_bhal_w_e	SC15_VRoot_PassExt_VerbTerm	SC15_VRoot_PassExt_VerbTerm	SC15_VRoot_PassExt_VerbTerm	SC15_VRoot_PassExt_VerbTerm
ko_nke	QuantConc15_QuantStem	QuantConc15_QuantStem	QuantConc15_QuantStem	QuantConc15_QuantStem
na_zo	AdvPre_PronStem8	AdvPre_PronStem8	AdvPre_PronStem8	AdvPre_PronStem8
zo_nke	QuantConc10_QuantStem	QuantConc8_QuantStem	QuantConc10_QuantStem	QuantConc8_QuantStem
i_zi_dingo	NPrePre8_BPre8_NStem	NPrePre8_BPre8_NStem	NPrePre8_BPre8_NStem	NPrePre8_BPre8_NStem
ka_nye	AdvPre_AdjStem	AdvPre_AdjStem	AdvPre_AdjStem	AdvPre_AdjStem
ne_zin_dleko	NPre10_NPrePre10_BPre10_NStem	AdvPre_BPre10_NStem	NPre10_NPrePre10_BPre10_NStem	AdvPre_BPre10_NStem
u_ku_qinis_ek_is_a	NPrePre15_BPre15_VRoot_CausExt_VerbTerm	NPrePre15_BPre15_VRoot_NeutExt_CausExt_VerbTerm	NPrePre15_BPre15_VRoot_CausExt_VerbTerm	NPrePre15_BPre15_VRoot_NeutExt_CausExt_VerbTerm
i_m_pumelelo	NPrePre9_BPre9_NStem	NPrePre9_BPre9_NStem	NPrePre9_BPre9_NStem	NPrePre9_BPre9_NStem
ya_kho	PossConc4_PronStem15	PossConc9_PronStem15	PossConc4_PronStem15	PossConc9_PronStem15
.	Punc	PUNC	Punc	PUNC
