morphemes	target	prediction	target_canon	prediction_canon
ku_na_i_mi_hlobo	LocPre_AdvPre_NPrePre4_BPre4_NStem	LocPre_AdvPre_NPrePre4_BPre4_NStem	LocPre_AdvPre_NPrePre4_BPre4_NStem	LocPre_AdvPre_NPrePre4_BPre4_NStem
e_ya_hlukahlukene_ko	LocPre_Pres_NStem_RelSuf	LocPre_Pres_NStem_RelSuf	LocPre_Pres_NStem_RelSuf	LocPre_Pres_NStem_RelSuf
ye_lawulo	PossConc4_NStem	PossConc9_NStem	PossConc4_NStem	PossConc4_NStem
le_i_phrojekthi	Dem7_Pos1_NPrePre4_NStem	Pos1_NPrePre4	Dem7_Pos1_NPrePre4_NStem	Pos1_NPrePre4
e_koro_eni	LocPre_NStem_LocSuf	LocPre_NStem_LocSuf	LocPre_NStem_LocSuf	NPre6_NStem_LocSuf
ye_zoku_thuthuk_is_a	PossConc9_Fut_VRoot_CausExt_VerbTerm	PossConc9_Fut_VRoot_CausExt_VerbTerm	PossConc9_Fut_VRoot_CausExt_VerbTerm	PossConc9_PossConc10_NPrePre15_BPre15_VRoot_CausExt_VerbTerm
.	Punc	Punc	Punc	Punc
lokhu	Dem15_Pos1		Dem15_Pos1	
ku_vam_e	OC15_VRoot_VerbTerm	SC15_VRoot_VerbTerm	OC15_VRoot_VerbTerm	SC15_VRoot_VerbTerm
u_ku_hluka	NPrePre15_BPre15_NStem	NPrePre15_BPre15_NStem	NPrePre15_BPre15_NStem	NPrePre15_BPre15_NStem
e_mifuziselo_eni	LocPre_NStem_LocSuf	LocPre_NStem_LocSuf	LocPre_NStem_LocSuf	LocPre_BPre4_NStem_LocSuf
e_setjenziswa	LocPre_NStem	LocPre_NStem	LocPre_NStem	LocPre_NStem
e_phas_ini	LocPre_NStem_LocSuf	LocPre_NStem_LocSuf	LocPre_NStem_LocSuf	LocPre_NStem_LocSuf
le_ze_rhwebo	PossConc5_BPre8_NStem	PossConc5_PossConc8_NStem	PossConc5_BPre8_NStem	PossConc5_NPrePre8_BPre8_NStem
.	Punc	Punc	Punc	Punc
e_bu_jama_eni	LocPre_BPre14_NStem_LocSuf	LocPre_BPre14_NStem_LocSuf	LocPre_BPre14_NStem_LocSuf	LocPre_SC14_VRoot_VerbTerm_LocSuf
be_sewula	PossConc2_NStem	PossConc2_NStem	PossConc2_NStem	PossConc2_NStem
Afrika	ProperName	ProperName	ProperName	NStem
aku_na_mfuziselo	NegPre_AdvPre_NStem	NegPre_AdvPre_NStem	NegPre_AdvPre_NStem	NegPre_AdvPre_VRoot_CausExt_ApplExt_VerbTerm
w_e_koro	PossConc6_LocPre_NStem	PossConc6_LocPre_NStem	PossConc6_LocPre_NStem	PossConc6_LocPre_NStem
ya_u_mu_buso	PossConc4_NPrePre3_BPre3_NStem	PossConc4_NPrePre3_BPre3_NStem	PossConc4_NPrePre3_BPre3_NStem	PossConc4_NPrePre3_BPre3_NStem
e_bek_w_e	SC6_VRoot_PassExt_VerbTerm	RelConc4_VRoot_PassExt_VerbTerm	SC6_VRoot_PassExt_VerbTerm	SC6_VRoot_PassExt_VerbTerm
e_bu_jam_e_ini	LocPre_SC14_VRoot_VerbTerm_LocSuf	LocPre_SC14_VRoot_VerbTerm_LocSuf	LocPre_SC14_VRoot_VerbTerm_LocSuf	LocPre_SC14_VRoot_VerbTerm_LocSuf
obu_vunyelweko	RelConc14_NStem	RelConc14_NStem	RelConc14_NStem	RelConc14_NStem
begodu	Conj	Conj	Conj	Conj
ku_zoku_ba	SC15_Fut_AuxVStem	SC15_Fut_AuxVStem	SC15_Fut_AuxVStem	SC15_Fut_VRoot_VerbTerm
no_mehluko	AdvPre_NStem	AdvPre_NStem	AdvPre_NStem	AdvPre_NStem
ngi_tjh_o	SC1ps_VRoot_VerbTerm	SC1_VRoot_VerbTerm	SC1ps_VRoot_VerbTerm	OC1_VRoot_VerbTerm
na_hlanga_ana	AdvPre_NStem_DimSuf	AdvPre_NStem_DimSuf	AdvPre_NStem_DimSuf	AdvPre_NStem_DimSuf
na_i_mi_fuziselo	AdvPre_NPrePre4_BPre4_NStem	AdvPre_NPrePre4_BPre4_NStem	AdvPre_NPrePre4_BPre4_NStem	AdvPre_NPrePre4_BPre4_NStem
e_mi_nyango_eni	LocPre_BPre4_NStem_LocSuf	LocPre_BPre4_NStem_LocSuf	LocPre_BPre4_NStem_LocSuf	LocPre_BPre4_NStem_LocSuf
e_ya_hlukahlukene_ko	LocPre_Pres_NStem_RelSuf	LocPre_Pres_NStem_RelSuf	LocPre_Pres_NStem_RelSuf	LocPre_Pres_NStem_RelSuf
ka_rhulumende	PossConc6_NStem	PossKA_NStem	PossConc6_NStem	PossKA_NStem
.	Punc	Punc	Punc	Punc
a_ma_lunga	NPrePre6_BPre6_NStem	NPrePre6_BPre6_NStem	NPrePre6_BPre6_NStem	NPrePre6_BPre6_NStem
w_e_komidi	PossConc1_LocPre_NStem	PossConc1_LocPre_NStem	PossConc1_LocPre_NStem	PossConc1_NStem
ye_wadi	PossConc4_NStem	PossConc4_NStem	PossConc4_NStem	PossConc4_NStem
ku_fan_el_e	OC15_VRoot_ApplExt_VerbTerm	OC15_VRoot_ApplExt_VerbTerm	OC15_VRoot_ApplExt_VerbTerm	OC15_VRoot_ApplExt_VerbTerm
a_zi_jayez_e	RelConc6_SC8_Intrans_VerbTerm	RelConc6_OC8_Intrans_VerbTerm	RelConc6_SC8_Intrans_VerbTerm	SC6_OC8_Intrans_VerbTerm
nga_lawulo	AdvPre_NStem	AdvPre_NStem	AdvPre_NStem	AdvPre_NPre5_NStem
lo_i_mu_zombe	Dem1a_Pos1_NPrePre10_BPre10_NStem	PossConc5_NPrePre10_BPre10_NStem	Dem1a_Pos1_NPrePre10_BPre10_NStem	PossConc5_NPrePre10_BPre10_NStem
w_e_phrojekthi	PossConc1a_LocPre_NStem	PossConc3_LocPre_NStem	PossConc1a_LocPre_NStem	PossConc1a_LocPre_NStem
(	Punc	Punc	Punc	Punc
i_PCM	NPrePre4_Abbr	NPrePre4_Abbr	NPrePre4_Abbr	NPrePre4_Abbr
)	Punc	Punc	Punc	Punc
njenga_omu_bana	AdvPre_AdjPref1_AdjStem	AdvPre_AdjPref1_AdjStem	AdvPre_AdjPref1_AdjStem	AdvPre_AdjPref1_AdjStem
lo	Dem3_Pos1		Dem3_Pos1	
,	Punc	Punc	Punc	Punc
ku_mfuziselo	BPre15_NStem	BPre15_NStem	BPre15_NStem	BPre15_NStem
o_setjenziswa	RelConc3_NStem	RelConc3_NStem	RelConc3_NStem	RelConc3_NStem
qho	NStem	NStem	NStem	NStem
.	Punc	Punc	Punc	Punc
u_ku_hlukaniswa	NPrePre15_BPre15_NStem	NPrePre15_BPre15_NStem	NPrePre15_BPre15_NStem	NPrePre15_BPre15_VRoot_CausExt_PassExt_VerbTerm
na_u_ku_nikel_w_a	AdvPre_NPrePre15_BPre15_VRoot_PassExt_VerbTerm	AdvPre_NPrePre15_BPre15_VRoot_PassExt_VerbTerm	AdvPre_NPrePre15_BPre15_VRoot_PassExt_VerbTerm	AdvPre_NPrePre15_BPre15_VRoot_PassExt_VerbTerm
kwa_a_ma_gama	PossConc15_NPrePre6_BPre6_NStem	PossConc15_NPrePre6_BPre6_NStem	PossConc15_NPrePre6_BPre6_NStem	PossConc15_NStem
kwe_e_n_teji	PossConc15_LocPre_BPre3_NStem	PossConc15_LocPre_BPre3_NStem	PossConc15_LocPre_BPre3_NStem	PossConc15_LocPre_BPre3_NStem
na_mtjhana	AdvPre_NStem	AdvPre_NStem	AdvPre_NStem	Conj
i_in_gaba	NPrePre8_NPre8_NStem	NPrePre8_NPre8_NStem	NPrePre8_NPre8_NStem	NPrePre8_NPre8_NStem
za_u_mu_zombe	PossConc8_NPrePre10_BPre10_NStem	PossConc8_NPrePre10_BPre10_NStem	PossConc8_NPrePre10_BPre10_NStem	PossConc8_NPrePre10_BPre10_NStem
we_phrojekthi	PossConc1a_NStem	PossConc1a_NStem	PossConc1a_NStem	PossConc3_LocPre_NStem
ku_nga_hluk_a	OC15_AdvPre_VRoot_VerbTerm	SC15_AdvPre_VRoot_VerbTerm	OC15_AdvPre_VRoot_VerbTerm	SC15_Pot_VRoot_VerbTerm
ku_y_a	BPre15_VRoot_VerbTerm	BPre15_VRoot_VerbTerm	BPre15_VRoot_VerbTerm	BPre15_VRoot_VerbTerm
nga_ejensi	AdvPre_NStem	AdvPre_NStem	AdvPre_NStem	AdvPre_NStem
e_sekel_a	RelConc9_VRoot_VerbTerm	RelConc9_VRoot_VerbTerm	RelConc9_VRoot_VerbTerm	RelConc9_VRoot_VerbTerm
nge_e_mali	AdvPre_LocPre_NStem	AdvPre_LocPre_NStem	AdvPre_LocPre_NStem	AdvPre_LocPre_NStem
na_mtjhana	AdvPre_NStem	AdvPre_NStem	AdvPre_NStem	Conj
u_m_nyango	NPrePre1_BPre1_NStem	NPrePre3_BPre1_NStem	NPrePre1_BPre1_NStem	NPrePre1_BPre1_NStem
ka_rhulumende	PossConc6_NStem	PossConc4_NStem	PossConc6_NStem	PossConc4_NStem
.	Punc	Punc	Punc	Punc
a_bo_mma	NPrePre2a_BPre2a_NStem	NPrePre2a_BPre2a_NStem	NPrePre2a_BPre2a_NStem	NPrePre2a_BPre2a_NStem
khe	NStem	PronStem1	NStem	PronStem1
ba_qalan_a	SC2_VRoot_VerbTerm	CopPre_VRoot_VerbTerm	SC2_VRoot_VerbTerm	CopPre_VRoot_VerbTerm
yi_ni	CopPre_Interrog	CopPre_Interrog	CopPre_Interrog	CopPre_Interrog
na_u_bu_jamo	AdvPre_NPrePre15_BPre15_NStem	AdvPre_NPrePre14_BPre14_NStem	AdvPre_NPrePre15_BPre15_NStem	AdvPre_NPrePre14_BPre14_NStem
obu_thileko	RelConc14_NStem	RelConc14_NStem	RelConc14_NStem	RelConc14_NStem
obu_namagandelelo	RelConc14_NStem	RelConc14_NStem	RelConc14_NStem	RelConc14_AdvPre_BPre6_NStem
namkha	Conj	Conj	Conj	Conj
obu_ne_e_nqabo	RelConc14_AdvPre_LocPre_NStem	RelConc14_AdvPre_LocPre_NStem	RelConc14_AdvPre_LocPre_NStem	RelConc14_AdvPre_LocPre_LocPre_BPre9_NStem
e_ku_hlanganyela_eni	LocPre_BPre15_NStem_LocSuf	LocPre_BPre15_NStem_LocSuf	LocPre_BPre15_NStem_LocSuf	LocPre_BPre15_NStem_LocSuf
e_i_mi_sebenzi_ini	LocPre_NPrePre4_BPre4_NStem_LocSuf	LocPre_NPrePre4_BPre4_NStem_LocSuf	LocPre_NPrePre4_BPre4_NStem_LocSuf	LocPre_BPre4_NStem_LocSuf
y_a_a_ma_phrogremu	PossConc1a_LocPre_NPrePre6_BPre6_NStem	PossConc1a_LocPre_NPrePre6_BPre6_NStem	PossConc1a_LocPre_NPrePre6_BPre6_NStem	PossConc4_BPre6_NStem
na	Interrog	Interrog	Interrog	Interrog
?	Punc	Punc	Punc	Punc
a_bo_baba	NPrePre2a_BPre2a_NStem	NPrePre2a_BPre2a_NStem	NPrePre2a_BPre2a_NStem	NPrePre2a_BPre2a_NStem
bona	AbsPron2	AbsPron2	AbsPron2	AbsPron2
ke	Conj	Conj	Conj	Conj
?	Punc	Punc	Punc	Punc
nangabe	Conj	Conj	Conj	Conj
ku_njalo	SC15_Adv	SC15_Adv	SC15_Adv	SC15_Adv
nga_u_ku_njani	AdvPre_BPre15_BPre15_NStem	AdvPre_NPrePre15_BPre15_Adv	AdvPre_BPre15_BPre15_NStem	AdvPre_NPrePre15_BPre15_Adv
?	Punc	Punc	Punc	Punc
i_Batho	NPrePre4_ProperName	NPrePre4_ProperName	NPrePre4_ProperName	NPrePre9_NStem
Pele	ProperName	ProperName	ProperName	NStem
i_fun_a	SC5_VRoot_VerbTerm	SC4_VRoot_VerbTerm	SC5_VRoot_VerbTerm	SC4_VRoot_VerbTerm
'	Punc	Punc	Punc	Punc
bo_ke	QuantConc2_QuantStem	QuantConc2_QuantStem	QuantConc2_QuantStem	QuantConc2_QuantStem
a_ba_ntu	NPrePre2_BPre2_NStem	NPrePre2_BPre2_NStem	NPrePre2_BPre2_NStem	NPrePre2_BPre2_NStem
aba_s_e_m_sebenzini	RelConc2_PreLoc-s_LocPre_BPre3_NStem	RelConc2_PreLoc-s_LocPre_BPre3_NStem	RelConc2_PreLoc-s_LocPre_BPre3_NStem	RelConc2_PreLoc-s_LocPre_NStem_LocSuf
wa_u_mu_buso	PossConc3_NPrePre3_BPre3_NStem	PossConc6_NPrePre3_BPre3_NStem	PossConc3_NPrePre3_BPre3_NStem	PossConc6_NPrePre3_BPre3_NStem
ku_fan_el_e	OC15_VRoot_ApplExt_VerbTerm	SC15_VRoot_ApplExt_VerbTerm	OC15_VRoot_ApplExt_VerbTerm	OC15_VRoot_ApplExt_VerbTerm
ba_zi_khakhaz_is_e	PossConc2_SC8_VRoot_CausExt_VerbTerm	PossConc2_SC8_VRoot_CausExt_VerbTerm	PossConc2_SC8_VRoot_CausExt_VerbTerm	PossConc2_SC8_VRoot_CausExt_VerbTerm
ngokuba	Conj	Conj	Conj	AdvPre_NPrePre15_BPre15_VRoot_VerbTerm
zi_in_sebenzi	BPre10_BPre8_NStem	BPre8_BPre8_NStem	BPre10_BPre8_NStem	BPre8_BPre8_NStem
ezi_siza	RelConc8_NStem	RelConc8_NStem	RelConc8_NStem	RelConc10_VRoot_VerbTerm
a_ba_ntu	NPrePre2_BPre2_NStem	NPrePre2_BPre2_NStem	NPrePre2_BPre2_NStem	NPrePre2_BPre2_NStem
'	Punc	Punc	Punc	Punc
begodu	Conj	Conj	Conj	Conj
na_i_mi_gomo	AdvPre_NPrePre4_BPre4_NStem	AdvPre_NPrePre4_BPre4_NStem	AdvPre_NPrePre4_BPre4_NStem	AdvPre_NPrePre4_BPre4_NStem
e_bunane	LocPre_NStem	LocPre_NStem	LocPre_NStem	RelConc9_VRoot_VerbTerm
e_vez_w_e	RelConc4_VRoot_PassExt_VerbTerm	RelConc4_VRoot_PassExt_VerbTerm	RelConc4_VRoot_PassExt_VerbTerm	RelConc4_VRoot_PassExt_VerbTerm
e_m_thetho_eni	RelConc9_BPre3_NStem_LocSuf	LocPre_BPre3_NStem_LocSuf	RelConc9_BPre3_NStem_LocSuf	LocPre_BPre3_NStem_LocSuf
i_bumb_a	SC4_VRoot_VerbTerm	SC9_VRoot_VerbTerm	SC4_VRoot_VerbTerm	NPrePre4_NStem
i_si_sekelo	NPrePre7_BPre7_NStem	NPrePre7_BPre7_NStem	NPrePre7_BPre7_NStem	NPrePre7_BPre7_NStem
hlanga_ana	NStem_DimSuf	NStem_DimSuf	NStem_DimSuf	NStem_DimSuf
na_lapha	AdvPre_Dem16_Pos1	AdvPre	AdvPre_Dem16_Pos1	AdvPre
i_li_qiniso	NPrePre5_BPre5_NStem	NPrePre5_BPre5_NStem	NPrePre5_BPre5_NStem	NPrePre5_BPre5_NStem
eli_qal_an_ile	RelConc5_VRoot_RecipExt_Perf	RelConc5_VRoot_RecipExt_Perf	RelConc5_VRoot_RecipExt_Perf	RelConc5_VRoot_RecipExt_Perf
na_u_ku_thuthuk_is_a	AdvPre_NPrePre15_BPre15_VRoot_CausExt_VerbTerm	AdvPre_NPrePre15_BPre15_VRoot_CausExt_VerbTerm	AdvPre_NPrePre15_BPre15_VRoot_CausExt_VerbTerm	AdvPre_NPrePre15_BPre15_VRoot_CausExt_VerbTerm
u_rhulumende	NPrePre1a_NStem	NPrePre1a_NStem	NPrePre1a_NStem	NPrePre1a_NStem
wa_i_n_ndawo	PossConc3_NPrePre9_BPre9_NStem	PossConc1_NPrePre9_BPre9_NStem	PossConc3_NPrePre9_BPre9_NStem	PossConc1_NPrePre9_BPre9_NStem
mayelana	NStem	NStem	NStem	NStem
ne_e_n_dingo	AdvPre_LocPre_BPre9_NStem	AdvPre_LocPre_BPre9_NStem	AdvPre_LocPre_BPre9_NStem	AdvPre_LocPre_BPre9_NStem
za_u_mu_phakathi	PossConc8_NPrePre3_BPre3_NStem	PossConc10_NPrePre3_BPre3_NStem	PossConc8_NPrePre3_BPre3_NStem	PossConc10_NPrePre3_BPre3_NStem
wa_i_n_ndawo	PossConc1a_NPrePre9_BPre9_NStem	PossConc1_NPrePre9_BPre9_NStem	PossConc1a_NPrePre9_BPre9_NStem	PossConc1_NPrePre9_BPre9_NStem
ezi_nga_thom_a	RelConc10_AdvPre_VRoot_VerbTerm	RelConc10_AdvPre_VRoot_VerbTerm	RelConc10_AdvPre_VRoot_VerbTerm	RelConc10_AdvPre_VRoot_VerbTerm
u_ku_enzek_a	NPrePre15_BPre15_VRoot_VerbTerm	NPrePre15_BPre15_VRoot_VerbTerm	NPrePre15_BPre15_VRoot_VerbTerm	NPrePre15_BPre15_VRoot_NeutExt_VerbTerm
.	Punc	Punc	Punc	Punc
ye_thula	PossConc4_NStem	PossConc4_NStem	PossConc4_NStem	PossConc4_NStem
i_in_gaba	NPrePre8_NPre8_NStem	NPrePre8_NPre8_NStem	NPrePre8_NPre8_NStem	NPrePre8_NPre8_NStem
ze_ndlela	Pres_NStem	PossConc8_NStem	Pres_NStem	PossConc10_NPrePre9_BPre9_NStem
yo_ku_siza	PossConc9_BPre15_NStem	PossConc9_BPre15_NStem	PossConc9_BPre15_NStem	PossConc9_BPre15_NStem
u_ku_phumelelisa	NPrePre15_BPre15_NStem	NPrePre15_BPre15_NStem	NPrePre15_BPre15_NStem	NPrePre15_BPre15_VRoot_CausExt_VerbTerm
nga_u_ku_sebenz_is_a	AdvPre_NPrePre15_BPre15_VRoot_CausExt_VerbTerm	AdvPre_NPrePre15_BPre15_VRoot_CausExt_VerbTerm	AdvPre_NPrePre15_BPre15_VRoot_CausExt_VerbTerm	AdvPre_NPrePre15_BPre15_VRoot_CausExt_VerbTerm
i_dathaphrojektha	NPrePre4_NStem	NPrePre4_NStem	NPrePre4_NStem	NPrePre4_NStem
,	Punc	Punc	Punc	Punc
li_nani_ana	BPre5_NStem_DimSuf	BPre5_NStem_DimSuf	BPre5_NStem_DimSuf	BPre5_NStem_DimSuf
i_overhead	NPrePre4_NStem	NPrePre4_Foreign	NPrePre4_NStem	NPrePre4_NStem
projector	Foreign	Foreign	Foreign	Foreign
.	Punc	Punc	Punc	Punc
lokha	Conj	Conj	Conj	Conj
nangabe	Conj	Conj	Conj	Conj
aku_na_ba_hlanganyeli	NegPre_AdvPre_BPre2_NStem	NegPre_AdvPre_BPre2_NStem	NegPre_AdvPre_BPre2_NStem	NegPre_AdvPre_SC2_VRoot_VerbTerm
,	Punc	Punc	Punc	Punc
u_nga_sebenzisa	NPrePre1a_NegPre_NStem	NPrePre1a_NegPre_NStem	NPrePre1a_NegPre_NStem	NPrePre1a_NegPre_NStem
a_ma_nothi	NPrePre6_BPre6_NStem	NPrePre6_BPre6_NStem	NPrePre6_BPre6_NStem	NPrePre6_BPre6_NStem
wa_bo	PossConc3_PronStem2	PossConc3_PronStem2	PossConc3_PronStem2	PossConc3_PronStem2
w_e_khoso	PossConc6_LocPre_NStem	PossConc6_LocPre_NStem	PossConc6_LocPre_NStem	PossConc6_LocPre_NStem
,	Punc	Punc	Punc	Punc
i_li_khasi	NPrePre5_BPre5_NStem	NPrePre5_BPre5_NStem	NPrePre5_BPre5_NStem	NPrePre5_BPre5_NStem
la_ma_52	SC3_BPre6_Num	SC3_BPre6_Num	SC3_BPre6_Num	SC3_BPre6_Num
u_ku_(i)z_w_is_is_a	NPrePre15_BPre15_VRoot_PassExt_CausExt_CausExt_VerbTerm	NPrePre15_BPre15_VRoot_PassExt_CausExt_CausExt_VerbTerm	NPrePre15_BPre15_VRoot_PassExt_CausExt_CausExt_VerbTerm	NPrePre15_BPre15_VRoot_PassExt_CausExt_CausExt_VerbTerm
ku_hle	AdjPref15_AdjStem	AdjPref15_AdjStem	AdjPref15_AdjStem	AdjPref15_AdjStem
i_hlathululo	NPrePre4_NStem	NPrePre4_NStem	NPrePre4_NStem	NPrePre4_NStem
.	Punc	Punc	Punc	Punc
nga_u_ku_sebenz_is_a	AdvPre_NPrePre15_BPre15_VRoot_CausExt_VerbTerm	AdvPre_NPrePre15_BPre15_VRoot_CausExt_VerbTerm	AdvPre_NPrePre15_BPre15_VRoot_CausExt_VerbTerm	AdvPre_NPrePre15_BPre15_VRoot_CausExt_VerbTerm
i_dayagramu	NPrePre4_NStem	NPrePre4_NStem	NPrePre4_NStem	NPrePre4_NStem
,	Punc	Punc	Punc	Punc
khomb_a	VRoot_VerbTerm	VRoot_VerbTerm	VRoot_VerbTerm	NStem
i_si_gaba	NPrePre7_BPre7_NStem	NPrePre7_BPre7_NStem	NPrePre7_BPre7_NStem	NPrePre7_BPre7_NStem
esi_nye	AdjPref7_AdjStem	AdjPref7_AdjStem	AdjPref7_AdjStem	AdjPref7_AdjStem
na_esi_nye	AdvPre_AdjPref7_AdjStem	AdvPre_AdjPref7_AdjStem	AdvPre_AdjPref7_AdjStem	AdvPre_AdjPref7_AdjStem
.	Punc	Punc	Punc	Punc
u_ku_khulum_is_an_a	NPrePre15_BPre15_VRoot_CausExt_RecipExt_VerbTerm	NPrePre15_BPre15_VRoot_CausExt_RecipExt_VerbTerm	NPrePre15_BPre15_VRoot_CausExt_RecipExt_VerbTerm	NPrePre15_BPre15_VRoot_CausExt_RecipExt_VerbTerm
yi_kambiso	CopPre_NStem	CopPre_NStem	CopPre_NStem	CopPre_NStem
lapho	Dem16_Pos2		Dem16_Pos2	
a_ba_ntu	NPrePre2_BPre2_NStem	NPrePre2_BPre2_NStem	NPrePre2_BPre2_NStem	NPrePre2_BPre2_NStem
aba_bandakany_ek_a_ko	RelConc2_VRoot_NeutExt_VerbTerm_RelSuf	RelConc2_VRoot_NeutExt_VerbTerm_RelSuf	RelConc2_VRoot_NeutExt_VerbTerm_RelSuf	RelConc2_VRoot_NeutExt_VerbTerm_RelSuf
ba_lw_el_a	SC2_VRoot_ApplExt_VerbTerm	SC2_VRoot_ApplExt_VerbTerm	SC2_VRoot_ApplExt_VerbTerm	SC2_VRoot_VerbTerm
i_mi_phumela	NPrePre4_BPre4_NStem	NPrePre4_BPre4_NStem	NPrePre4_BPre4_NStem	NPrePre4_BPre4_NStem
e_hlukahlukile_ko	RelConc9_NStem_RelSuf	RelConc9_NStem_RelSuf	RelConc9_NStem_RelSuf	RelConc9_NStem_RelSuf
u_ku_zama	NPrePre15_BPre15_NStem	NPrePre15_BPre15_NStem	NPrePre15_BPre15_NStem	NPrePre15_BPre15_NStem
u_ku_thol_a	NPrePre15_BPre15_VRoot_VerbTerm	NPrePre15_BPre15_VRoot_VerbTerm	NPrePre15_BPre15_VRoot_VerbTerm	NPrePre15_BPre15_VRoot_VerbTerm
u_mu_phumela	NPrePre3_BPre3_NStem	NPrePre3_BPre3_NStem	NPrePre3_BPre3_NStem	NPrePre3_BPre3_NStem
o_ku_vunyelwan_a	SC3_OC15_VRoot_VerbTerm	SC9_OC15_VRoot_VerbTerm	SC3_OC15_VRoot_VerbTerm	RelConc15_VRoot_VerbTerm
nga_wo	AdvPre_PronStem3	AdvPre_PronStem3	AdvPre_PronStem3	AdvPre_PronStem3
begodu	Conj	Conj	Conj	Conj
ku_s_e_se_njalo	BPre15_PreLoc-s_LocPre_AdvPre_NStem	BPre15_PreLoc-s_LocPre_AdvPre_NStem	BPre15_PreLoc-s_LocPre_AdvPre_NStem	BPre15_NStem
ku_nga_ab_el_w_an_a	BPre15_AdvPre_VRoot_ApplExt_PassExt_RecipExt_VerbTerm	BPre15_Pot_VRoot_ApplExt_PassExt_RecipExt_VerbTerm	BPre15_AdvPre_VRoot_ApplExt_PassExt_RecipExt_VerbTerm	SC15_AdvPre_VRoot_ApplExt_PassExt_RecipExt_VerbTerm
nga_lwazi	AdvPre_NStem	AdvPre_NStem	AdvPre_NStem	AdvPre_NStem
,	Punc	Punc	Punc	Punc
u_ku_rarulul_a	NPrePre15_BPre15_VRoot_VerbTerm	NPrePre15_BPre15_VRoot_VerbTerm	NPrePre15_BPre15_VRoot_VerbTerm	NPrePre15_BPre15_NStem
u_m_raro	NPrePre3_BPre3_NStem	NPrePre3_BPre3_NStem	NPrePre3_BPre3_NStem	NPrePre3_BPre3_NStem
,	Punc	Punc	Punc	Punc
u_ku_(i)z_w_an_a	NPrePre15_BPre15_VRoot_PassExt_RecipExt_VerbTerm	NPrePre15_BPre15_VRoot_PassExt_RecipExt_VerbTerm	NPrePre15_BPre15_VRoot_PassExt_RecipExt_VerbTerm	NPrePre15_BPre15_VRoot_PassExt_RecipExt_VerbTerm
ngo_ku_lis_a	AdvPre_OC15_VRoot_VerbTerm	AdvPre_BPre15_VRoot_VerbTerm	AdvPre_OC15_VRoot_VerbTerm	AdvPre_NPrePre15_BPre15_VRoot_VerbTerm
o_khu_nye	RelConc3_EnumConc5_EnumStem	RelConc3_EnumConc5_EnumStem	RelConc3_EnumConc5_EnumStem	RelConc3_EnumConc5_EnumStem
,	Punc	Punc	Punc	Punc
lapho	Dem16_Pos2		Dem16_Pos2	
ku_fan_el_e	OC15_VRoot_ApplExt_VerbTerm	OC15_VRoot_ApplExt_VerbTerm	OC15_VRoot_ApplExt_VerbTerm	OC15_VRoot_ApplExt_VerbTerm
kho_na	PronStem15_PronSuf	PronStem15_PronSuf	PronStem15_PronSuf	PronStem15_PronSuf
u_ku_buy_is_a	NPrePre15_BPre15_VRoot_CausExt_VerbTerm	NPrePre15_BPre15_VRoot_CausExt_VerbTerm	NPrePre15_BPre15_VRoot_CausExt_VerbTerm	NPrePre15_BPre15_NStem
i_in_kareko	NPrePre10_BPre10_NStem	NPrePre10_BPre10_NStem	NPrePre10_BPre10_NStem	NPrePre4_NStem
.	Punc	Punc	Punc	Punc
u_ku_az_is_w_a	NPrePre15_BPre15_VRoot_CausExt_PassExt_VerbTerm	NPrePre15_BPre15_VRoot_CausExt_PassExt_VerbTerm	NPrePre15_BPre15_VRoot_CausExt_PassExt_VerbTerm	NPrePre15_BPre15_VRoot_CausExt_PassExt_VerbTerm
kwa_a_ba_ntu	PossConc15_NPrePre2_BPre2_NStem	PossConc15_NPrePre2_BPre2_NStem	PossConc15_NPrePre2_BPre2_NStem	PossConc15_NPrePre2_BPre2_NStem
-	Punc	Punc	Punc	Punc
sebenzis_a	VRoot_VerbTerm	VRoot_VerbTerm	VRoot_VerbTerm	VRoot_CausExt_VerbTerm
i_in_dlela	NPrePre10_NPre10_NStem	NPrePre10_NPre10_NStem	NPrePre10_NPre10_NStem	NPrePre10_NPre10_NStem
e_za_hlukahlukene_ko	LocPre_Pres_NStem_RelSuf	LocPre_Pres_NStem_RelSuf	LocPre_Pres_NStem_RelSuf	LocPre_Pres_NStem_RelSuf
u_ku_az_is_w_a	NPrePre15_BPre15_VRoot_CausExt_PassExt_VerbTerm	NPrePre15_BPre15_VRoot_CausExt_PassExt_VerbTerm	NPrePre15_BPre15_VRoot_CausExt_PassExt_VerbTerm	NPrePre15_BPre15_VRoot_CausExt_VerbTerm
a_ma_komidi	NPrePre6_BPre6_NStem	NPrePre6_BPre6_NStem	NPrePre6_BPre6_NStem	NPrePre6_BPre6_NStem
we_wadi	PossConc6_NStem	PossConc6_NStem	PossConc6_NStem	PossConc6_NStem
,	Punc	Punc	Punc	Punc
i_mi_phakathi	NPrePre4_BPre4_NStem	NPrePre4_BPre4_NStem	NPrePre4_BPre4_NStem	NPrePre4_BPre4_NStem
,	Punc	Punc	Punc	Punc
i_mi_busositjhaba	NPrePre4_BPre4_NStem	NPrePre4_BPre4_NStem	NPrePre4_BPre4_NStem	NPrePre4_BPre4_NStem
ya_ba_rholi	PossConc9_BPre2_NStem	PossConc4_BPre2_NStem	PossConc9_BPre2_NStem	PossConc4_BPre2_NStem
be_ndabuko	PossConc2a_NStem	PossConc2a_NStem	PossConc2a_NStem	PossConc2a_NStem
ka_nye	AdvPre_AdjStem	AdvPre_AdjStem	AdvPre_AdjStem	AdvPre_AdjStem
na_ba_rholi	AdvPre_BPre2_NStem	AdvPre_BPre2_NStem	AdvPre_BPre2_NStem	AdvPre_BPre2_NStem
aba_siz_a	RelConc2_VRoot_VerbTerm	RelConc2_VRoot_VerbTerm	RelConc2_VRoot_VerbTerm	RelConc2_VRoot_VerbTerm
nge_mi_bono	AdvPre_BPre4_NStem	AdvPre_BPre4_NStem	AdvPre_BPre4_NStem	AdvPre_NPrePre4_BPre4_NStem
bo_nyana	BPre2_NStem	BPre2_NStem	BPre2_NStem	BPre2_NStem
i_n_dlelakmambiso	NPrePre8_BPre8_NStem	NPrePre8_BPre8_NStem	NPrePre8_BPre8_NStem	NPrePre8_BPre8_NStem
ye_CBP	PossConc4_Abbr	PossConc4_Abbr	PossConc4_Abbr	PossConc4_Abbr
i_zoku_rag_el_a	SC4_Fut_VRoot_ApplExt_VerbTerm	NPrePre4_Fut_VRoot_ApplExt_VerbTerm	SC4_Fut_VRoot_ApplExt_VerbTerm	NPrePre4_Fut_NStem
phambili	Adv	Adv	Adv	Adv
.	Punc	Punc	Punc	Punc
i_in_ndawo	NPrePre10_BPre10_NStem	NPrePre10_BPre10_NStem	NPrePre10_BPre10_NStem	NPrePre10_BPre10_NStem
ze_ma_plasini	PossConc8_BPre6_NStem	PossConc8_BPre6_NStem	PossConc8_BPre6_NStem	PossConc8_BPre6_NStem_LocSuf
zi_ngaba	Pres_NStem	BPre10_NStem	Pres_NStem	BPre10_NStem
na_ma_wadi	AdvPre_BPre6_NStem	AdvPre_BPre6_NStem	AdvPre_BPre6_NStem	AdvPre_BPre6_NStem
ama_khulu	AdjPref6_AdjStem	AdjPref6_AdjStem	AdjPref6_AdjStem	AdjPref6_AdjStem
khulu	Adv	Adv	Adv	Adv
a_na_ba_ntu	RelConc6_AdvPre_BPre2_NStem	RelConc6_AdvPre_BPre2_NStem	RelConc6_AdvPre_BPre2_NStem	RelConc6_AdvPre_BPre2_NStem
a_ba_rhatjheke	NPrePre2_BPre2_NStem	NPrePre2_BPre2_NStem	NPrePre2_BPre2_NStem	RelConc2_Intrans_VerbTerm
ki_wo	LocPre_PronStem6	LocPre_PronStem6	LocPre_PronStem6	LocPre_PronStem6
wo_ke	QuantConc1_QuantStem	QuantConc1_QuantStem	QuantConc1_QuantStem	QuantConc1_QuantStem
a_ma_threste	NPrePre6_BPre6_NStem	NPrePre6_BPre6_NStem	NPrePre6_BPre6_NStem	NPrePre6_BPre6_NStem
wa_khona	SC1_Adv	SC1_Adv	SC1_Adv	PossConc3_LocPre_Adv
ne_ma_plasini	AdvPre_BPre6_NStem	AdvPre_BPre6_NStem	AdvPre_BPre6_NStem	AdvPre_BPre6_NStem_LocSuf
.	Punc	Punc	Punc	Punc
ku_ne_e_n_hlangano	LocPre_AdvPre_LocPre_BPre3_NStem	LocPre_AdvPre_LocPre_BPre9_NStem	LocPre_AdvPre_LocPre_BPre3_NStem	LocPre_AdvPre_LocPre_BPre9_NStem
ezi_mbalwa	RelConc10_RelStem	RelConc10_RelStem	RelConc10_RelStem	RelConc10_RelStem
tle	Ideoph	NStem	Ideoph	NStem
e_zi_majadu	LocPre_BPre8_NStem	LocPre_BPre8_NStem	LocPre_BPre8_NStem	RelConc8_NStem
.	Punc	Punc	Punc	Punc
i_threste	NPrePre4_NStem	NPrePre4_NStem	NPrePre4_NStem	NPrePre4_NStem
nga_linye	AdvPre_NStem	AdvPre_NStem	AdvPre_NStem	AdvPre_NStem
li_nani_ana	BPre5_NStem_DimSuf	BPre5_NStem_DimSuf	BPre5_NStem_DimSuf	BPre5_NStem_DimSuf
i_in_qhema	NPrePre8_NPre8_NStem	NPrePre8_NPre8_NStem	NPrePre8_NPre8_NStem	NPrePre8_NPre8_NStem
za_ma_plasi	PossConc6_BPre6_NStem	PossConc8_BPre6_NStem	PossConc6_BPre6_NStem	PossConc8_BPre6_NStem
zi_ngakhetha	Pres_NStem	Pres_NStem	Pres_NStem	Pres_AdvPre_VRoot_VerbTerm
o_zi_jam_el_ek_o	RelConc3_Pres_VRoot_ApplExt_NeutExt_VerbTerm	RelConc1_OC8_VRoot_ApplExt_NeutExt_VerbTerm	RelConc3_Pres_VRoot_ApplExt_NeutExt_VerbTerm	RelConc1_OC8_VRoot_ApplExt_NeutExt_VerbTerm
ukobana	Conj	Conj	Conj	Conj
a_sebenz_e	SC2_VRoot_VerbTerm	SC6_VRoot_VerbTerm	SC2_VRoot_VerbTerm	SC1_VRoot_VerbTerm
ku_komidi	BPre15_NStem	BPre15_NStem	BPre15_NStem	BPre15_NStem
ye_wadi	PossConc4_NStem	PossConc4_NStem	PossConc4_NStem	PossConc4_NStem
.	Punc	Punc	Punc	Punc
i_ngo_nyuluka	NPrePre9_AdvPre_NStem	NPrePre8_AdvPre_NStem	NPrePre9_AdvPre_NStem	NPrePre8_AdvPre_NStem
ya_u_mu_thethosisekelo	PossConc4_NPrePre3_BPre3_NStem	PossConc4_NPrePre3_BPre3_NStem	PossConc4_NPrePre3_BPre3_NStem	PossConc4_NPrePre3_BPre3_NStem
liVikelomalungelo	ProperName	ProperName	ProperName	BPre5_NStem
.	Punc	Punc	Punc	Punc
i_vikelomalungelo	NPrePre4_NStem	NPrePre4_NStem	NPrePre4_NStem	NPrePre4_NStem
li_qinis_a	SC5_VRoot_VerbTerm	SC5_VRoot_VerbTerm	SC5_VRoot_VerbTerm	SC5_VRoot_VerbTerm
li_nani_ana	BPre5_NStem_DimSuf	BPre5_NStem_DimSuf	BPre5_NStem_DimSuf	BPre5_NStem_DimSuf
li_sekel_a	SC5_VRoot_VerbTerm	SC5_VRoot_VerbTerm	SC5_VRoot_VerbTerm	SC5_VRoot_VerbTerm
a_ma_lungelo	NPrePre6_BPre6_NStem	NPrePre6_BPre6_NStem	NPrePre6_BPre6_NStem	NPrePre6_BPre6_NStem
wa_bo	PossConc1_PronStem14	PossConc3_PronStem2	PossConc1_PronStem14	PossConc3_PronStem2
bo_ke	QuantConc2_QuantStem	QuantConc2_QuantStem	QuantConc2_QuantStem	QuantConc2_QuantStem
aba_kh_i	NegPre_VRoot_VerbTerm	RelConc2_VRoot_VerbTerm	NegPre_VRoot_VerbTerm	NPrePre2_BPre2_NStem
ba_i_n_ndawo	PossConc14_NPrePre9_BPre9_NStem	PossConc14_NPrePre9_BPre9_NStem	PossConc14_NPrePre9_BPre9_NStem	PossConc14_NPrePre9_BPre9_NStem
ka_nye	AdvPre_AdjStem	AdvPre_AdjStem	AdvPre_AdjStem	AdvPre_AdjStem
na_i_zi_akhamuzi	AdvPre_NPrePre8_BPre8_NStem	AdvPre_NPrePre8_BPre8_NStem	AdvPre_NPrePre8_BPre8_NStem	AdvPre_NPrePre8_BPre8_NStem
Kobona	Conj	Conj	Conj	Conj
zi_phath_w_e	SC8_VRoot_PassExt_VerbTerm	SC8_VRoot_PassExt_VerbTerm	SC8_VRoot_PassExt_VerbTerm	Pres_NStem
nga_u_ku_lingalingana	NegPre_NPrePre15_BPre15_NStem	AdvPre_NPrePre15_BPre15_NStem	NegPre_NPrePre15_BPre15_NStem	AdvPre_NPrePre15_BPre15_VRoot_VerbTerm
begodu	Conj	Conj	Conj	Conj
nga_i_si_thunzi	AdvPre_NPrePre7_BPre7_NStem	AdvPre_NPrePre7_BPre7_NStem	AdvPre_NPrePre7_BPre7_NStem	AdvPre_NPrePre7_BPre7_NStem
ku_nga_qal_w_a	BPre15_AdvPre_VRoot_PassExt_VerbTerm	BPre15_AdvPre_VRoot_PassExt_VerbTerm	BPre15_AdvPre_VRoot_PassExt_VerbTerm	BPre15_AdvPre_VRoot_PassExt_VerbTerm
u_bu_hlanga	NPrePre14_BPre14_NStem	NPrePre14_BPre14_NStem	NPrePre14_BPre14_NStem	NPrePre14_BPre14_NStem
,	Punc	Punc	Punc	Punc
u_bu_lili	NPrePre14_BPre14_NStem	NPrePre14_BPre14_NStem	NPrePre14_BPre14_NStem	NPrePre14_BPre14_NStem
li_nani_ana	BPre5_NStem_DimSuf	BPre5_NStem_DimSuf	BPre5_NStem_DimSuf	BPre5_NStem_DimSuf
i_si_khundla	NPrePre7_BPre7_NStem	NPrePre7_BPre7_NStem	NPrePre7_BPre7_NStem	NPrePre7_BPre7_NStem
.	Punc	Punc	Punc	Punc
a_ma_nothi	NPrePre6_BPre6_NStem	NPrePre6_BPre6_NStem	NPrePre6_BPre6_NStem	NPrePre6_BPre6_NStem
wa_u_mu_thetho	PossConc3_NPrePre3_BPre3_NStem	PossConc3_NPrePre3_BPre3_NStem	PossConc3_NPrePre3_BPre3_NStem	PossConc3_NPrePre3_BPre3_NStem
we_zi_akhiwo	PossConc1a_BPre8_NStem	PossConc1a_BPre8_NStem	PossConc1a_BPre8_NStem	PossConc1a_BPre8_NStem
za_ka_masipala	PossConc8_PossKA_NStem	PossConc10_PossKA_NStem	PossConc8_PossKA_NStem	PossConc10_PossKA_NStem
we_1998	PossConc1_Num	PossConc1_Num	PossConc1_Num	PossConc3_Num
u_na_i_li_lungelo	BPre1_AdvPre_NPrePre5_BPre5_NStem	BPre3_AdvPre_NPre5_BPre5_NStem	BPre1_AdvPre_NPrePre5_BPre5_NStem	NPrePre1a_AdvPre_NStem
loku_phelisa	RelConc15_NStem	RelConc15_NStem	RelConc15_NStem	PossConc5_NPrePre15_BPre15_VRoot_VerbTerm
/	Punc	Punc	Punc	Punc
loku_phelisa	RelConc15_NStem	RelConc15_NStem	RelConc15_NStem	PossConc5_NPrePre15_BPre15_VRoot_VerbTerm
i_komidi	NPrePre4_NStem	NPrePre4_NStem	NPrePre4_NStem	NPrePre4_NStem
ye_wadi	PossConc4_NStem	PossConc4_NStem	PossConc4_NStem	PossConc4_NStem
nangabe	Conj	Conj	Conj	Conj
ayi_phumelel_i	NegPre_VRoot_VerbTerm	NegPre_VRoot_VerbTerm	NegPre_VRoot_VerbTerm	NegPre_VRoot_VerbTerm
u_ku_finyelela	NPrePre15_BPre15_NStem	NPrePre15_BPre15_NStem	NPrePre15_BPre15_NStem	NPrePre15_BPre15_Intrans_VerbTerm
i_mi_nqopho	NPrePre4_BPre4_NStem	NPrePre4_BPre4_NStem	NPrePre4_BPre4_NStem	NPrePre4_BPre4_NStem
ya_yo	PossConc9_PronStem9	PossConc9_PronStem9	PossConc9_PronStem9	PossConc9_PronStem9
.	Punc	Punc	Punc	Punc
lokhu	Dem15_Pos1		Dem15_Pos1	
ku_enz_ek_a	BPre15_VRoot_NeutExt_VerbTerm	BPre15_VRoot_NeutExt_VerbTerm	BPre15_VRoot_NeutExt_VerbTerm	BPre15_VRoot_VerbTerm
ka_nengi	AdvPre_AdjStem	AdvPre_AdjStem	AdvPre_AdjStem	AdvPre_AdjStem
nangabe	Conj	Conj	Conj	Conj
i_komidi	NPrePre4_NStem	NPrePre4_NStem	NPrePre4_NStem	NPrePre4_NStem
ye_wadi	PossConc4_NStem	PossConc4_NStem	PossConc4_NStem	PossConc4_NStem
ayi_ka_yi_finyeleli	NegPre_AdvPre_CopPre_NStem	NegPre_AdvPre_Pres_NStem	NegPre_AdvPre_CopPre_NStem	NegPre_AdvPre_CopPre_VRoot_ApplExt_VerbTerm
i_mi_sebenzi	NPrePre4_BPre4_NStem	NPrePre4_BPre4_NStem	NPrePre4_BPre4_NStem	NPrePre4_BPre4_NStem
ya_yo	PossConc9_PronStem9	PossConc9_PronStem9	PossConc9_PronStem9	PossConc9_PronStem9
.	Punc	Punc	Punc	Punc
khuyini	Interrog	Interrog	Interrog	Interrog
o_ku_enza_ko	RelConc1_BPre15_NStem_RelSuf	RelConc1_BPre15_NStem_RelSuf	RelConc1_BPre15_NStem_RelSuf	RelConc15_NStem_RelSuf
oku_enz_a	RelConc15_VRoot_VerbTerm	RelConc15_VRoot_VerbTerm	RelConc15_VRoot_VerbTerm	RelConc15_VRoot_VerbTerm
ku_b_e	SC15_VRoot_VerbTerm	OC15_VRoot_VerbTerm	SC15_VRoot_VerbTerm	OC15_VRoot_VerbTerm
budisi	NStem	Adv	NStem	Adv
u_ku_khulum_a	NPrePre15_BPre15_VRoot_VerbTerm	NPrePre15_BPre15_VRoot_VerbTerm	NPrePre15_BPre15_VRoot_VerbTerm	NPrePre15_BPre15_VRoot_VerbTerm
?	Punc	Punc	Punc	Punc
fund_a	VRoot_VerbTerm	VRoot_VerbTerm	VRoot_VerbTerm	VRoot_VerbTerm
nga_sehlakalo	AdvPre_NStem	AdvPre_NStem	AdvPre_NStem	AdvPre_NStem
sa_cala	PossConc7_NStem	PossConc1a_NStem	PossConc7_NStem	PossConc7_LocPre_NStem
esi_landel_a_ko	RelConc7_VRoot_VerbTerm_RelSuf	RelConc7_VRoot_VerbTerm_RelSuf	RelConc7_VRoot_VerbTerm_RelSuf	RelConc7_VRoot_VerbTerm_RelSuf
.	Punc	Punc	Punc	Punc
u_mu_buzo	NPrePre3_BPre3_NStem	NPrePre3_BPre3_NStem	NPrePre3_BPre3_NStem	NPrePre3_BPre3_NStem
2	Num	Num	Num	Num
.	Punc	Punc	Punc	Punc
ngiziphi	Interrog	Interrog	Interrog	Interrog
i_in_gcenye	NPrePre10_NPre10_NStem	NPrePre10_NPre10_NStem	NPrePre10_NPre10_NStem	NPrePre10_NPre10_NStem
ezi_qakathek_ile_ko	RelConc8_VRoot_Perf_RelSuf	RelConc8_VRoot_Perf_RelSuf	RelConc8_VRoot_Perf_RelSuf	RelConc8_VRoot_Perf_RelSuf
oku_mel_e	RelConc15_VRoot_VerbTerm	RelConc15_VRoot_VerbTerm	RelConc15_VRoot_VerbTerm	RelConc15_VRoot_VerbTerm
i_PMS	NPrePre9_Abbr	NPrePre9_Abbr	NPrePre9_Abbr	NPrePre9_Abbr
i_zi_mumathe	BPre10_BPre10_NStem	NPrePre8_BPre8_NStem	BPre10_BPre10_NStem	NPrePre8_BPre8_NStem
?	Punc	Punc	Punc	Punc
u_m_leyo	NPrePre1_BPre1_NStem	NPrePre3_BPre3_NStem	NPrePre1_BPre1_NStem	NPrePre3_BPre3_NStem
wa_u_ku_lawul_w_a	PossConc3_NPrePre15_BPre15_VRoot_PassExt_VerbTerm	PossConc6_NPrePre15_BPre15_VRoot_PassExt_VerbTerm	PossConc3_NPrePre15_BPre15_VRoot_PassExt_VerbTerm	PossConc6_NPrePre15_BPre15_VRoot_PassExt_VerbTerm
kwe_bhoduluko	PossConc15_NStem	PossConc15_NStem	PossConc15_NStem	PossConc15_NStem
.	Punc	Punc	Punc	Punc
u_ku_thuthuk_is_a	NPrePre15_BPre15_VRoot_CausExt_VerbTerm	NPrePre15_BPre15_VRoot_CausExt_VerbTerm	NPrePre15_BPre15_VRoot_CausExt_VerbTerm	NPrePre15_BPre15_VRoot_CausExt_VerbTerm
oku_na_i_mi_thelela	RelConc15_AdvPre_NPrePre4_BPre4_NStem	RelConc15_AdvPre_NPrePre4_BPre4_NStem	RelConc15_AdvPre_NPrePre4_BPre4_NStem	RelConc15_AdvPre_BPre4_NStem
emi_mbi	AdjPref4_AdjStem	AdjPref4_AdjStem	AdjPref4_AdjStem	AdjPref4_AdjStem
khulu	Adv	Adv	Adv	Adv
ye_bhoduluko	PossConc9_NStem	PossConc9_NStem	PossConc9_NStem	PossConc9_NStem
na_i_hlalakuhle	AdvPre_NPre9_NStem	AdvPre_NPre9_NStem	AdvPre_NPre9_NStem	AdvPre_NPre9_NStem
ku_fan_el_e	SC15_VRoot_ApplExt_VerbTerm	SC15_VRoot_ApplExt_VerbTerm	SC15_VRoot_ApplExt_VerbTerm	OC15_VRoot_ApplExt_VerbTerm
bo_nyana	BPre2_NStem	BPre2_NStem	BPre2_NStem	BPre2_NStem
ku_linganiswe	BPre15_NStem	BPre15_NStem	BPre15_NStem	OC15_VRoot_CausExt_PassExt_VerbTerm
ne_sekelo	AdvPre_NStem	AdvPre_NStem	AdvPre_NStem	AdvPre_NStem
la_u_ku_enz_a	PossConc5_NPrePre15_BPre15_VRoot_VerbTerm	PossConc5_NPrePre15_BPre15_VRoot_VerbTerm	PossConc5_NPrePre15_BPre15_VRoot_VerbTerm	PossConc5_NPrePre15_BPre15_VRoot_VerbTerm
ngcono	NStem	NStem	NStem	NStem
i_mi_khakha	NPrePre4_BPre4_NStem	NPrePre4_BPre4_NStem	NPrePre4_BPre4_NStem	NPrePre4_BPre4_NStem
e_khambelana_ko	RelConc9_NStem_RelSuf	RelConc9_NStem_RelSuf	RelConc9_NStem_RelSuf	RelConc9_VRoot_ApplExt_RecipExt_NStem
.	Punc	Punc	Punc	Punc
u_ku_hlanganyela	NPrePre15_BPre15_NStem	NPrePre15_BPre15_NStem	NPrePre15_BPre15_NStem	NPrePre15_BPre15_VRoot_VerbTerm
kwa_u_mu_phakathi	PossConc15_NPrePre3_BPre3_NStem	PossConc15_NPrePre3_BPre3_NStem	PossConc15_NPrePre3_BPre3_NStem	PossConc15_NPrePre3_BPre3_NStem
wa_i_li_khaya	PossConc1a_NPrePre5_BPre5_NStem	PossConc3_NPrePre5_BPre5_NStem	PossConc1a_NPrePre5_BPre5_NStem	PossConc3_NPrePre5_BPre5_NStem
e_u_ku_sebenz_a_ini	LocPre_NPrePre15_BPre15_VRoot_VerbTerm_LocSuf	LocPre_NPrePre15_BPre15_VRoot_VerbTerm_LocSuf	LocPre_NPrePre15_BPre15_VRoot_VerbTerm_LocSuf	LocPre_NPrePre15_BPre15_VRoot_VerbTerm_LocSuf
kwa_ka_masipala	PossConc15_PossConc1a_NStem	PossConc15_PossKA_NStem	PossConc15_PossConc1a_NStem	PossConc15_PossKA_NStem
ku_qinis_ek_is_w_a	OC15_VRoot_NeutExt_CausExt_ApplExt_VerbTerm	SC15_VRoot_NeutExt_CausExt_PassExt_VerbTerm	OC15_VRoot_NeutExt_CausExt_ApplExt_VerbTerm	OC15_VRoot_NeutExt_CausExt_PassExt_VerbTerm
nga_u_ku_sebenza	AdvPre_NPrePre15_BPre15_NStem	AdvPre_NPrePre15_BPre15_NStem	AdvPre_NPrePre15_BPre15_NStem	AdvPre_NPrePre15_BPre15_VRoot_VerbTerm
kwa_ma_komidi	PossConc15_BPre6_NStem	PossConc15_BPre6_NStem	PossConc15_BPre6_NStem	PossConc15_BPre6_NStem
we_wadi	PossConc6_NStem	PossConc6_NStem	PossConc6_NStem	PossConc6_NStem
begodu	Conj	Conj	Conj	Conj
ku_ne_funeko	LocPre_AdvPre_NStem	LocPre_AdvPre_NStem	LocPre_AdvPre_NStem	LocPre_AdvPre_NStem
ya_u_mu_thetho	PossConc9_NPrePre3_BPre3_NStem	PossConc9_NPrePre3_BPre3_NStem	PossConc9_NPrePre3_BPre3_NStem	PossConc9_NPrePre3_BPre3_NStem
bona	AbsPron2	AbsPron2	AbsPron2	AbsPron2
u_masipala	NPrePre1a_NStem	NPrePre1a_NStem	NPrePre1a_NStem	NPrePre1a_NStem
a_fak_e	SC6_VRoot_VerbTerm	SC6_VRoot_VerbTerm	SC6_VRoot_VerbTerm	SC6_VRoot_VerbTerm
i_mi_phakathi	NPrePre4_BPre4_NStem	NPrePre4_BPre4_NStem	NPrePre4_BPre4_NStem	NPrePre4_BPre4_NStem
ya_i_li_khaya	PossConc4_NPrePre5_BPre5_NStem	PossConc9_NPrePre5_BPre5_NStem	PossConc4_NPrePre5_BPre5_NStem	PossConc9_NPrePre5_BPre5_NStem
,	Punc	Punc	Punc	Punc
nga_ma_komidi	AdvPre_BPre6_NStem	AdvPre_BPre6_NStem	AdvPre_BPre6_NStem	AdvPre_BPre6_NStem
we_wadi	PossConc6_NStem	PossConc6_NStem	PossConc6_NStem	PossConc6_NStem
,	Punc	Punc	Punc	Punc
nga_u_ku_hlalis_a	AdvPre_NPrePre15_BPre15_VRoot_VerbTerm	AdvPre_NPrePre15_BPre15_VRoot_VerbTerm	AdvPre_NPrePre15_BPre15_VRoot_VerbTerm	AdvPre_NPrePre15_BPre15_VRoot_CausExt_VerbTerm
a_ma_KPI	NPrePre6_BPre6_Abbr	NPrePre6_BPre6_Abbr	NPrePre6_BPre6_Abbr	NPrePre6_BPre6_NStem
na_bo_mqothelwa	AdvPre_BPre2a_NStem	AdvPre_PossConc2_NStem	AdvPre_BPre2a_NStem	AdvPre_PossConc2_NStem
ba_u_ku_enz_a	PossConc2_NPrePre15_BPre15_VRoot_VerbTerm	PossConc14_NPrePre15_BPre15_VRoot_VerbTerm	PossConc2_NPrePre15_BPre15_VRoot_VerbTerm	PossConc2_NPrePre15_BPre15_VRoot_VerbTerm
begodu	Conj	Conj	Conj	Conj
na_u_ku_enz_a	AdvPre_NPrePre15_BPre15_VRoot_VerbTerm	AdvPre_NPrePre15_BPre15_VRoot_VerbTerm	AdvPre_NPrePre15_BPre15_VRoot_VerbTerm	AdvPre_NPrePre15_BPre15_VRoot_VerbTerm
i_si_qiniseko	NPrePre7_BPre7_NStem	NPrePre7_BPre7_NStem	NPrePre7_BPre7_NStem	NPrePre7_BPre7_NStem
sa_u_ku_bandakany_a	PossConc7_NPrePre15_BPre15_VRoot_VerbTerm	PossConc7_NPrePre15_BPre15_VRoot_VerbTerm	PossConc7_NPrePre15_BPre15_VRoot_VerbTerm	PossConc7_NPrePre15_BPre15_VRoot_VerbTerm
u_mu_phakathi	NPrePre3_BPre3_NStem	NPrePre3_BPre3_NStem	NPrePre3_BPre3_NStem	NPrePre3_BPre3_NStem
e_ku_tjheja_eni	LocPre_BPre15_NStem_LocSuf	LocPre_BPre15_NStem_LocSuf	LocPre_BPre15_NStem_LocSuf	LocPre_BPre15_NStem_LocSuf
ne_ku_buyekeza_eni	AdvPre_BPre15_NStem_LocSuf	AdvPre_BPre15_NStem_LocSuf	AdvPre_BPre15_NStem_LocSuf	AdvPre_BPre15_NStem_LocSuf
lokhu	Dem15_Pos1		Dem15_Pos1	
.	Punc	Punc	Punc	Punc
gcin_a	VRoot_VerbTerm	VRoot_VerbTerm	VRoot_VerbTerm	VRoot_VerbTerm
i_li_langa	NPrePre5_BPre5_NStem	NPrePre5_BPre5_NStem	NPrePre5_BPre5_NStem	NPrePre5_BPre5_NStem
na_i_mi_biko	AdvPre_NPrePre4_BPre4_NStem	AdvPre_NPrePre4_BPre4_NStem	AdvPre_NPrePre4_BPre4_NStem	AdvPre_NPrePre4_BPre4_NStem
ngo_ku_buthelel_w_a	AdvPre_OC15_VRoot_PassExt_VerbTerm	AdvPre_BPre15_VRoot_PassExt_VerbTerm	AdvPre_OC15_VRoot_PassExt_VerbTerm	AdvPre_NPrePre15_BPre15_VRoot_VerbTerm
kwe_emali	PossConc15_NStem	PossConc15_NStem	PossConc15_NStem	PossConc15_NStem
za_ka_masipala	PossConc10_PossKA_NStem	PossConc8_PossKA_NStem	PossConc10_PossKA_NStem	PossConc10_PossKA_NStem
mu_khandlu	BPre3_NStem	BPre3_NStem	BPre3_NStem	BPre3_NStem
begodu	Conj	Conj	Conj	Conj
na_u_kwe_thul_w_a	AdvPre_NPrePre15_BPre15_VRoot_PassExt_VerbTerm	AdvPre_NPrePre15_BPre15_VRoot_PassExt_VerbTerm	AdvPre_NPrePre15_BPre15_VRoot_PassExt_VerbTerm	AdvPre_NPrePre15_BPre15_VRoot_PassExt_VerbTerm
kwe_e_n_setjenziswa	PossConc15_LocPre_BPre3_NStem	PossConc15_LocPre_BPre3_NStem	PossConc15_LocPre_BPre3_NStem	PossConc15_LocPre_BPre3_NStem
.	Punc	Punc	Punc	Punc
a_ma_kghono	NPrePre6_BPre6_NStem	NPrePre6_BPre6_NStem	NPrePre6_BPre6_NStem	NPrePre6_BPre6_NStem
na_mandla	AdvPre_RelStem	AdvPre_RelStem	AdvPre_RelStem	AdvPre_RelStem
wa_bohlokokulu	PossConc1a_NStem	PossConc1a_NStem	PossConc1a_NStem	PossConc6_BPre2_NStem
be_e_n_kolo	PossConc2_LocPre_BPre9_NStem	PossConc2_LocPre_BPre9_NStem	PossConc2_LocPre_BPre9_NStem	PossConc2_LocPre_BPre9_NStem
.	Punc	Punc	Punc	Punc
i_tshwayo	NPrePre4_NStem	NPrePre4_NStem	NPrePre4_NStem	NPrePre4_NStem
eli_jayelekile_ko	RelConc5_NStem_RelSuf	RelConc5_NStem_RelSuf	RelConc5_NStem_RelSuf	RelConc5_VRoot_NeutExt_Perf_RelSuf
la_i_zo	Dem1_Pos1_NPrePre4_NStem	Pos1_NPrePre4	Dem1_Pos1_NPrePre4_NStem	PossPron_PronStem8
zo_ke	QuantConc10_QuantStem	QuantConc10_QuantStem	QuantConc10_QuantStem	QuantConc10_QuantStem
i_inkolo	NPrePre4_NStem	NPrePre4_NStem	NPrePre4_NStem	NPrePre4_NStem
ezi_lawul_w_a	RelConc10_VRoot_PassExt_VerbTerm	RelConc10_VRoot_PassExt_VerbTerm	RelConc10_VRoot_PassExt_VerbTerm	RelConc10_VRoot_PassExt_VerbTerm
ku_hle	AdjPref15_AdjStem	AdjPref15_AdjStem	AdjPref15_AdjStem	AdjPref15_AdjStem
bu_rholi	BPre14_NStem	BPre14_NStem	BPre14_NStem	BPre14_NStem
.	Punc	Punc	Punc	Punc
u_m_nyango	NPrePre1_BPre1_NStem	NPrePre1_BPre1_NStem	NPrePre1_BPre1_NStem	NPrePre1_BPre1_NStem
we_ze_fundo	PossConc3_Pres_NStem	PossConc3_PossConc8_NStem	PossConc3_Pres_NStem	PossConc3_LocPre_NStem
esi_i_si_sekelo	RelConc7_NPrePre7_BPre7_NStem	RelConc7_NPrePre7_BPre7_NStem	RelConc7_NPrePre7_BPre7_NStem	RelConc7_NStem
mhlapha	NStem	NStem	NStem	NStem
nje	Adv	Adv	Adv	Adv
u_hlom_e	NPrePre1a_VRoot_VerbTerm	NPrePre3_VRoot_VerbTerm	NPrePre1a_VRoot_VerbTerm	NPrePre1a_VRoot_VerbTerm
i_hlelo	NPrePre9_NStem	NPrePre9_NStem	NPrePre9_NStem	NPrePre9_NStem
loku_lingan_is_a	RelConc15_VRoot_CausExt_VerbTerm	RelConc15_VRoot_CausExt_VerbTerm	RelConc15_VRoot_CausExt_VerbTerm	PossConc5_NPrePre15_BPre15_VRoot_CausExt_VerbTerm
a_ma_kghono	NPrePre6_BPre6_NStem	NPrePre6_BPre6_NStem	NPrePre6_BPre6_NStem	NPrePre6_BPre6_NStem
wa_bohlokokulu	PossConc1a_NStem	PossConc1a_NStem	PossConc1a_NStem	PossConc1a_BPre2_NStem
na_ma_sekela	AdvPre_BPre6_NStem	AdvPre_BPre6_NStem	AdvPre_BPre6_NStem	AdvPre_BPre6_NStem
wa_bohlokokulu	PossConc1a_NStem	PossConc1a_NStem	PossConc1a_NStem	PossConc1a_BPre2_NStem
.	Punc	Punc	Punc	Punc
begodu	Conj	Conj	Conj	Conj
i_hlolombono	NPrePre4_NStem	NPrePre4_NStem	NPrePre4_NStem	NPrePre4_NStem
i_zoku_siz_a	NPrePre4_Fut_VRoot_VerbTerm	NPrePre4_Fut_VRoot_VerbTerm	NPrePre4_Fut_VRoot_VerbTerm	SC4_Fut_VRoot_VerbTerm
u_ku_khomb_a	NPrePre15_BPre15_VRoot_VerbTerm	NPrePre15_BPre15_VRoot_VerbTerm	NPrePre15_BPre15_VRoot_VerbTerm	NPrePre15_BPre15_VRoot_VerbTerm
labo	Dem2_Pos2		Dem2_Pos2	
aba_nga_sebenz_i	RelConc2a_NegPre_VRoot_VerbTerm	NegPre_NegPre_VRoot_VerbTerm	RelConc2a_NegPre_VRoot_VerbTerm	RelConc2_NegPre_VRoot_VerbTerm
ku_hle	AdjPref15_AdjStem	AdjPref15_AdjStem	AdjPref15_AdjStem	AdjPref15_AdjStem
,	Punc	Punc	Punc	Punc
nga_u_ku_qal_a	AdvPre_NPrePre15_BPre15_VRoot_VerbTerm	AdvPre_NPrePre15_BPre15_VRoot_VerbTerm	AdvPre_NPrePre15_BPre15_VRoot_VerbTerm	AdvPre_NPrePre15_BPre15_VRoot_VerbTerm
a_ma_phuzu	NPrePre6_BPre6_NStem	NPrePre6_BPre6_NStem	NPrePre6_BPre6_NStem	NPrePre6_BPre6_NStem
wa_a_ba_fundi	PossConc3_NPrePre2_BPre2_NStem	PossConc3_NPrePre2_BPre2_NStem	PossConc3_NPrePre2_BPre2_NStem	PossConc3_NPrePre2_BPre2_NStem
,	Punc	Punc	Punc	Punc
ku_th_i	SC15_VRoot_VerbTerm	SC15_VRoot_VerbTerm	SC15_VRoot_VerbTerm	SC15_VRoot_VerbTerm
a_bo_hlokokulwabo	NPrePre2_BPre2_NStem	NPrePre2_BPre2_NStem	NPrePre2_BPre2_NStem	RelConc2_VRoot_PassExt_VerbTerm_BPre2
na_botitjherabo	AdvPre_NStem	AdvPre_NStem	AdvPre_NStem	AdvPre_BPre2_NStem
ba_phiw_e	SC2_Intrans_VerbTerm	OC2_VRoot_VerbTerm	SC2_Intrans_VerbTerm	SC2_VRoot_VerbTerm
i_sekelo	NPrePre4_NStem	NPrePre4_NStem	NPrePre4_NStem	NPrePre4_NStem
eli_fan_el_e_ko	RelConc5_VRoot_ApplExt_VerbTerm_RelSuf	RelConc5_VRoot_ApplExt_VerbTerm_RelSuf	RelConc5_VRoot_ApplExt_VerbTerm_RelSuf	RelConc5_VRoot_ApplExt_VerbTerm_RelSuf
.	Punc	Punc	Punc	Punc
a_bo_hlokokulu	NPrePre2_BPre2_NStem	NPrePre2_BPre2_NStem	NPrePre2_BPre2_NStem	NPrePre2_BPre2_NStem
ku_fan_el_e	SC15_VRoot_ApplExt_VerbTerm	OC15_VRoot_ApplExt_VerbTerm	SC15_VRoot_ApplExt_VerbTerm	OC15_VRoot_ApplExt_VerbTerm
ba_kheth_w_e	SC2_Intrans_PassExt_VerbTerm	SC2_VRoot_PassExt_VerbTerm	SC2_Intrans_PassExt_VerbTerm	SC2_VRoot_PassExt_VerbTerm
u_ku_y_a	NPrePre15_BPre15_VRoot_VerbTerm	NPrePre15_BPre15_VRoot_VerbTerm	NPrePre15_BPre15_VRoot_VerbTerm	NPrePre15_BPre15_VRoot_VerbTerm
nga_u_mu_sebenzi	AdvPre_NPrePre3_BPre3_NStem	AdvPre_NPrePre3_BPre3_NStem	AdvPre_NPrePre3_BPre3_NStem	AdvPre_NPrePre3_BPre3_NStem
omu_hle	AdjPref3_AdjStem	AdjPref3_AdjStem	AdjPref3_AdjStem	AdjPref3_AdjStem
aba_w_enza_ko	RelConc2_CopPre_NStem_RelSuf	RelConc2_CopPre_NStem_RelSuf	RelConc2_CopPre_NStem_RelSuf	RelConc2_CopPre_NStem_RelSuf
kwa_phel_a	SC15_VRoot_VerbTerm	SC15_VRoot_VerbTerm	SC15_VRoot_VerbTerm	SC15_VRoot_VerbTerm
,	Punc	Punc	Punc	Punc
ba_phiw_e	SC2_Intrans_VerbTerm	SC2_Intrans_VerbTerm	SC2_Intrans_VerbTerm	SC2_VRoot_VerbTerm
a_mandla	RelConc6_RelStem	RelConc6_RelStem	RelConc6_RelStem	RelConc6_RelStem
a_ma_nengana	NPrePre6_BPre6_NStem	NPrePre6_BPre6_NStem	NPrePre6_BPre6_NStem	NPrePre6_BPre6_NStem
wa_u_ku_lawul_a	PossConc1_NPrePre15_BPre15_VRoot_VerbTerm	PossConc6_NPrePre15_BPre15_VRoot_VerbTerm	PossConc1_NPrePre15_BPre15_VRoot_VerbTerm	PossConc3_NPrePre15_BPre15_VRoot_VerbTerm
i_inkolo	NPrePre4_NStem	NPrePre4_NStem	NPrePre4_NStem	NPrePre4_NStem
begodu	Conj	Conj	Conj	Conj
ba_zi_phendul_el_e	SC2_OC2_VRoot_ApplExt_VerbTerm	SC2_Pres_VRoot_ApplExt_VerbTerm	SC2_OC2_VRoot_ApplExt_VerbTerm	SC2_OC2_VRoot_ApplExt_VerbTerm
mayelana	NStem	NStem	NStem	NStem
ne_i_mi_sebenzabo	AdvPre_NPrePre4_BPre4_NStem	AdvPre_NPrePre4_BPre4_NStem	AdvPre_NPrePre4_BPre4_NStem	AdvPre_NPrePre4_BPre4_NStem
.	Punc	Punc	Punc	Punc
lokha	Conj	Conj	Conj	Conj
na_ku_akh_iw_a	AdvPre_BPre15_VRoot_PassExt_VerbTerm	AdvPre_BPre15_VRoot_PassExt_VerbTerm	AdvPre_BPre15_VRoot_PassExt_VerbTerm	AdvPre_BPre15_VRoot_PassExt_VerbTerm
a_ma_tjhejontangi	NPrePre6_BPre6_NStem	NPrePre6_BPre6_NStem	NPrePre6_BPre6_NStem	NPrePre6_BPre6_NStem
,	Punc	Punc	Punc	Punc
ku_ya_siz_a	SC15_Pres_VRoot_VerbTerm	SC15_Pres_VRoot_VerbTerm	SC15_Pres_VRoot_VerbTerm	SC15_Pres_VRoot_VerbTerm
u_ku_gcugcuzela	NPrePre15_BPre15_NStem	NPrePre15_BPre15_NStem	NPrePre15_BPre15_NStem	NPrePre15_BPre15_NStem
a_ma_lunga	NPrePre6_BPre6_NStem	NPrePre6_BPre6_NStem	NPrePre6_BPre6_NStem	NPrePre6_BPre6_NStem
wa_u_mu_phakathi	PossConc3_NPrePre3_BPre3_NStem	PossConc3_NPrePre3_BPre3_NStem	PossConc3_NPrePre3_BPre3_NStem	PossConc3_NPrePre3_BPre3_NStem
bo_nyana	BPre2_NStem	BPre2_NStem	BPre2_NStem	BPre2_NStem
a_cabang_e	SC1_VRoot_VerbTerm	RelConc6_VRoot_VerbTerm	SC1_VRoot_VerbTerm	RelConc6_VRoot_VerbTerm
ka_a_banzi	NegPre_SC6_RelStem	NegPre_SC6_RelStem	NegPre_SC6_RelStem	AdvPre_SC6_RelStem
ka_nye	AdvPre_AdjStem	AdvPre_AdjStem	AdvPre_AdjStem	AdvPre_AdjStem
na_u_ku_tjhej_a	AdvPre_NPrePre15_BPre15_Intrans_VerbTerm	AdvPre_NPrePre15_BPre15_Intrans_VerbTerm	AdvPre_NPrePre15_BPre15_Intrans_VerbTerm	AdvPre_NPrePre15_BPre15_Intrans_VerbTerm
i_i_n_dingo	NPrePre8_NPrePre8_BPre8_NStem	NPrePre8_NPrePre8_BPre8_NStem	NPrePre8_NPrePre8_BPre8_NStem	NPrePre8_NPrePre8_BPre8_NStem
ze_si_khathi	PossConc8_BPre7_NStem	PossConc8_BPre7_NStem	PossConc8_BPre7_NStem	PossConc10_NPrePre7_BPre7_NStem
esi_fitjhani	RelConc7_NStem	RelConc7_NStem	RelConc7_NStem	RelConc7_NStem
,	Punc	Punc	Punc	Punc
esi_phakathi	RelConc7_Adv	RelConc7_Adv	RelConc7_Adv	RelConc7_Adv
ka_nye	AdvPre_AdjStem	AdvPre_AdjStem	AdvPre_AdjStem	AdvPre_AdjStem
ne_si_de	AdvPre_AdjPref7_AdjStem	AdvPre_BPre7_NStem	AdvPre_AdjPref7_AdjStem	AdvPre_NPrePre7_BPre7_NStem
.	Punc	Punc	Punc	Punc
a_ma_KPI	NPrePre6_BPre6_Abbr	NPrePre6_BPre6_Abbr	NPrePre6_BPre6_Abbr	NPrePre6_BPre6_NStem
a_sebenz_a	SC6_VRoot_VerbTerm	SC6_VRoot_VerbTerm	SC6_VRoot_VerbTerm	SC6_VRoot_VerbTerm
e_e_n_qhema_eni	RelConc9_LocPre_BPre9_NStem_LocSuf	RelConc9_LocPre_BPre9_NStem_LocSuf	RelConc9_LocPre_BPre9_NStem_LocSuf	RelConc9_LocPre_BPre9_NStem_LocSuf
za_u_ku_phath_a	PossConc8_NPrePre15_BPre15_VRoot_VerbTerm	PossConc10_NPrePre15_BPre15_VRoot_VerbTerm	PossConc8_NPrePre15_BPre15_VRoot_VerbTerm	PossConc8_NPrePre15_BPre15_VRoot_VerbTerm
zika_masipala	PossConc8_NStem	PossConc10_NStem	PossConc8_NStem	BPre8_PossKA_NStem
na_i_ba_sebenzi_ini	AdvPre_LocPre_BPre2_NStem_LocSuf	AdvPre_NPrePre2_BPre2_NStem_LocSuf	AdvPre_LocPre_BPre2_NStem_LocSuf	AdvPre_BPre2_NStem_LocSuf
,	Punc	Punc	Punc	Punc
na_ki_wo	AdvPre_PossConc6_PronStem6	AdvPre_PossConc6_PronStem6	AdvPre_PossConc6_PronStem6	AdvPre_PossConc6_PronStem6
wo_ke	QuantConc6_QuantStem	QuantConc1_QuantStem	QuantConc6_QuantStem	QuantConc1_QuantStem
o_namathelene	BPre1_NStem	RelConc3_NStem	BPre1_NStem	RelConc3_NStem
na_u_masipala	AdvPre_NPre1a_NStem	AdvPre_NPrePre1a_NStem	AdvPre_NPre1a_NStem	AdvPre_NStem
nofana	Conj	Conj	Conj	Conj
o_thuth_el_a	SC1_VRoot_ApplExt_VerbTerm	RelConc3_VRoot_ApplExt_VerbTerm	SC1_VRoot_ApplExt_VerbTerm	RelConc3_VRoot_ApplExt_VerbTerm
u_masipala	NPrePre1a_NStem	NPrePre1a_NStem	NPrePre1a_NStem	NPrePre1a_NStem
.	Punc	Punc	Punc	Punc
a_bo_masipala	NPrePre2a_BPre2a_NStem	NPrePre2a_BPre2a_NStem	NPrePre2a_BPre2a_NStem	RelConc2a_NStem
ba_na_i_i_kareko	PossConc2a_AdvPre_NPre10_BPre10_NStem	PossConc2_AdvPre_NPre10_BPre10_NStem	PossConc2a_AdvPre_NPre10_BPre10_NStem	PossConc2_AdvPre_LocPre_LocPre_BPre10_NStem
ezi_hlukahlukene_ko	RelConc10_NStem_RelSuf	RelConc8_NStem_RelSuf	RelConc10_NStem_RelSuf	LocPre_Pres_NStem_RelSuf
begodu	Conj	Conj	Conj	Conj
u_nga_thol_a	NPrePre1a_AdvPre_VRoot_VerbTerm	NPrePre1a_AdvPre_VRoot_VerbTerm	NPrePre1a_AdvPre_VRoot_VerbTerm	NPrePre1a_NegPre_NStem
ba_phal_is_an_a	SC2_VRoot_CausExt_RecipExt_VerbTerm	SC2_VRoot_CausExt_RecipExt_VerbTerm	SC2_VRoot_CausExt_RecipExt_VerbTerm	SC2_VRoot_CausExt_RecipExt_VerbTerm
.	Punc	Punc	Punc	Punc
i_PMS	NPrePre9_Abbr	NPrePre9_Abbr	NPrePre9_Abbr	NPrePre9_Abbr
ku_fan_el_e	OC15_VRoot_ApplExt_VerbTerm	OC15_VRoot_ApplExt_VerbTerm	OC15_VRoot_ApplExt_VerbTerm	OC15_VRoot_ApplExt_VerbTerm
i_hlangan_is_e	SC9_VRoot_CausExt_VerbTerm	SC4_VRoot_CausExt_VerbTerm	SC9_VRoot_CausExt_VerbTerm	SC4_VRoot_CausExt_VerbTerm
i_in_kareko	NPrePre10_BPre10_NStem	NPrePre10_BPre10_NStem	NPrePre10_BPre10_NStem	NPrePre4_NStem
ezi_nengi	AdjPref10_AdjStem	AdjPref10_AdjStem	AdjPref10_AdjStem	AdjPref10_AdjStem
nga_i_n_dlela	AdvPre_NPrePre9_BPre9_NStem	AdvPre_NPrePre9_BPre9_NStem	AdvPre_NPrePre9_BPre9_NStem	AdvPre_NPrePre9_BPre9_NStem
enga_kghon_a	RelConc9_Intrans_VerbTerm	AdvPre_VRoot_VerbTerm	RelConc9_Intrans_VerbTerm	LocPre_AdvPre_NStem
nga_yo	AdvPre_PronStem9	AdvPre_PronStem9	AdvPre_PronStem9	AdvPre_PronStem9
.	Punc	Punc	Punc	Punc
begodu	Conj	Conj	Conj	Conj
ku_zoku_b_a	SC15_Fut_VRoot_VerbTerm	SC15_Fut_VRoot_VerbTerm	SC15_Fut_VRoot_VerbTerm	SC15_Fut_VRoot_VerbTerm
ne_e_n_dingo	AdvPre_LocPre_BPre9_NStem	AdvPre_LocPre_BPre9_NStem	AdvPre_LocPre_BPre9_NStem	AdvPre_LocPre_BPre9_NStem
e_za_hlukahlukene_ko	LocPre_Pres_NStem_RelSuf	LocPre_Pres_NStem_RelSuf	LocPre_Pres_NStem_RelSuf	LocPre_Pres_NStem_RelSuf
kwe_ze_mi_phakathi	PossConc15_PossConc4_BPre4_NStem	PossConc15_PossConc8_BPre4_NStem	PossConc15_PossConc4_BPre4_NStem	PossConc15_NPrePre8_BPre8_BPre4_NStem
ye_ma_khaya	PossConc4_BPre6_NStem	PossConc9_BPre6_NStem	PossConc4_BPre6_NStem	PossConc9_BPre6_NStem
ku_na_leyo	BPre15_AdvPre_Dem4_Pos2	BPre15_AdvPre	BPre15_AdvPre_Dem4_Pos2	BPre15_AdvPre
ye_ma_dorobha_eni	PossConc4_BPre6_NStem_LocSuf	PossConc4_BPre10_NStem_LocSuf	PossConc4_BPre6_NStem_LocSuf	PossConc4_BPre10_NStem_LocSuf
.	Punc	Punc	Punc	Punc
a_ba_hlanganyeli	NPrePre2_BPre2_NStem	NPrePre2_BPre2_NStem	NPrePre2_BPre2_NStem	NPrePre2_BPre2_NStem
ba_qal_a	SC2_VRoot_VerbTerm	SC2_VRoot_VerbTerm	SC2_VRoot_VerbTerm	SC2_VRoot_VerbTerm
i_si_fundo_sehlakalose_Seymour	NPrePre7_BPre7_NStem_NStem_ProperName	NPrePre7_BPre7_NStem_NStem_ProperName	NPrePre7_BPre7_NStem_NStem_ProperName	NPrePre7_BPre7_NStem_NStem
.	Punc	Punc	Punc	Punc
begodu	Conj	Conj	Conj	Conj
u_ku_khul_a	NPrePre15_BPre15_VRoot_VerbTerm	NPrePre15_BPre15_VRoot_VerbTerm	NPrePre15_BPre15_VRoot_VerbTerm	NPrePre15_BPre15_VRoot_VerbTerm
ngu_a_ma_ndla	CopPre_NPrePre6_Bre6_NStem	CopPre_NPrePre6_BPre6_NStem	CopPre_NPrePre6_Bre6_NStem	AdvPre_RelStem
kwe_Afrika	PossConc15_ProperName	PossConc15_ProperName	PossConc15_ProperName	PossConc15_NStem
ku_nikel_a	BPre15_VRoot_VerbTerm	BPre15_VRoot_VerbTerm	BPre15_VRoot_VerbTerm	BPre15_VRoot_VerbTerm
a_ma_femu	NPrePre6_BPre6_NStem	NPrePre6_BPre6_NStem	NPrePre6_BPre6_NStem	NPrePre6_BPre6_NStem
ka_nye	AdvPre_AdjStem	AdvPre_AdjStem	AdvPre_AdjStem	AdvPre_AdjStem
na_a_ma_bubulo	AdvPre_NPrePre6_BPre6_NStem	AdvPre_NPrePre6_BPre6_NStem	AdvPre_NPrePre6_BPre6_NStem	AdvPre_BPre6_NStem
w_e_sewula	PossConc1_LocPre_NStem	PossConc1_LocPre_NStem	PossConc1_LocPre_NStem	PossConc1_LocPre_NStem
Afrika	ProperName	ProperName	ProperName	NStem
a_ma_thuba	NPrePre6_BPre6_NStem	NPrePre6_BPre6_NStem	NPrePre6_BPre6_NStem	NPrePre6_BPre6_NStem
,	Punc	Punc	Punc	Punc
ngombana	Conj	Conj	Conj	Conj
na_wo	AdvPre_PronStem3	AdvPre_PronStem3	AdvPre_PronStem3	AdvPre_PronStem3
a_si_fak_ile	SC6_BPre7_VRoot_Perf	RelConc6_OC7_VRoot_Perf	SC6_BPre7_VRoot_Perf	RelConc6_NegPre_VRoot_Perf
i_si_ndla	NPrePre7_BPre7_NStem	NPrePre7_BPre7_NStem	NPrePre7_BPre7_NStem	NPrePre7_BPre7_NStem
e_tuthuko_eni	LocPre_NStem_LocSuf	LocPre_NStem_LocSuf	LocPre_NStem_LocSuf	LocPre_NStem_LocSuf
ngo_ku_sis_a	AdvPre_OC15_VRoot_VerbTerm	AdvPre_OC15_VRoot_VerbTerm	AdvPre_OC15_VRoot_VerbTerm	AdvPre_NPrePre15_BPre15_VRoot_VerbTerm
kwe_zoku_thintana	PossConc15_Fut_NStem	PossConc15_Fut_NStem	PossConc15_Fut_NStem	PossConc15_Fut_VRoot_VerbTerm
nga_umtato	AdvPre_NStem	AdvPre_NStem	AdvPre_NStem	AdvPre_BPre4_NStem
,	Punc	Punc	Punc	Punc
e_ma_bhanga	NPrePre6_BPre6_NStem	LocPre_BPre6_NStem	NPrePre6_BPre6_NStem	LocPre_BPre6_NStem
,	Punc	Punc	Punc	Punc
e_mamay_ini	LocPre_NStem_LocSuf	LocPre_NStem_LocSuf	LocPre_NStem_LocSuf	LocPre_NStem
,	Punc	Punc	Punc	Punc
e_e_n_hlangano_eni	RelConc9_LocPre_BPre9_NStem_LocSuf	RelConc9_LocPre_BPre9_NStem_LocSuf	RelConc9_LocPre_BPre9_NStem_LocSuf	RelConc9_LocPre_BPre9_NStem_LocSuf
zo_ku_akh_a	PossConc8_BPre15_VRoot_VerbTerm	Pres_BPre15_VRoot_VerbTerm	PossConc8_BPre15_VRoot_VerbTerm	PossConc10_NPrePre15_BPre15_VRoot_VerbTerm
ka_nye	AdvPre_AdjStem	AdvPre_AdjStem	AdvPre_AdjStem	AdvPre_AdjStem
na_ma_rhwebo_eni	AdvPre_BPre6_NStem_LocSuf	AdvPre_BPre6_NStem_LocSuf	AdvPre_BPre6_NStem_LocSuf	AdvPre_BPre6_NStem_LocSuf
a_theng_is_el_a	SC6_VRoot_CausExt_ApplExt_VerbTerm	SC6_VRoot_CausExt_ApplExt_VerbTerm	SC6_VRoot_CausExt_ApplExt_VerbTerm	SC6_VRoot_ApplExt_VerbTerm
u_mu_phakathi	NPrePre3_BPre3_NStem	NPrePre3_BPre3_NStem	NPrePre3_BPre3_NStem	NPrePre3_BPre3_NStem
.	Punc	Punc	Punc	Punc
u_ku_hlanganyela	NPrePre15_BPre15_NStem	NPrePre15_BPre15_NStem	NPrePre15_BPre15_NStem	NPrePre15_BPre15_VRoot_VerbTerm
khulu_ana	Adv_DimSuf	Adv_DimSuf	Adv_DimSuf	Adv_DimSuf
phakathi	Adv	Adv	Adv	Adv
kwe_e_narha	PossConc15_LocPre_NStem	PossConc15_LocPre_NStem	PossConc15_LocPre_NStem	PossConc15_LocPre_NStem
,	Punc	Punc	Punc	Punc
a_ma_femu	NPrePre6_BPre6_NStem	NPrePre6_BPre6_NStem	NPrePre6_BPre6_NStem	NPrePre6_BPre6_NStem
na_a_ba_ntu	AdvPre_NPrePre2_BPre2_NStem	AdvPre_NPrePre2_BPre2_NStem	AdvPre_NPrePre2_BPre2_NStem	AdvPre_NPrePre2_BPre2_NStem
ku_nga_qinisa	BPre15_Pot_NStem	BPre15_Pot_NStem	BPre15_Pot_NStem	BPre15_Pot_NStem
i_bumbano	NPrePre4_NStem	NPrePre4_NStem	NPrePre4_NStem	NPrePre4_NStem
l_e_zo_mnotho	PossConc5_LocPre_Pres_NStem	PossConc5_LocPre_PossConc3_NStem	PossConc5_LocPre_Pres_NStem	PossConc5_LocPre_PossConc3_NStem
na_i_hlalakuhle	AdvPre_NPre9_NStem	AdvPre_NPre9_NStem	AdvPre_NPre9_NStem	AdvPre_NPre9_NStem
,	Punc	Punc	Punc	Punc
be_godu	PossConc14_NStem	PossConc14_NStem	PossConc14_NStem	Conj
lokho	Dem15_Pos2		Dem15_Pos2	
ku_nga_khuphula	BPre15_Pot_NStem	BPre15_Pot_NStem	BPre15_Pot_NStem	BPre15_Pot_NStem
i_inlinganiso	NPrePre4_NStem	NPrePre4_NStem	NPrePre4_NStem	NPrePre4_NStem
zo_ku_khula	PossConc10_BPre15_NStem	PossConc8_BPre15_NStem	PossConc10_BPre15_NStem	PossConc10_NPrePre15_BPre15_VRoot_VerbTerm
na_i_tuthuko	AdvPre_NPrePre4_NStem	AdvPre_NPrePre4_NStem	AdvPre_NPrePre4_NStem	AdvPre_NPrePre4_NStem
.	Punc	Punc	Punc	Punc
i_ndlela	NPrePre9_NStem	NPrePre9_NStem	NPrePre9_NStem	NPrePre9_BPre9_NStem
yo_ku_thath_a	PossConc9_BPre15_VRoot_VerbTerm	PossConc4_BPre15_VRoot_VerbTerm	PossConc9_BPre15_VRoot_VerbTerm	PossConc4_BPre15_VRoot_VerbTerm
i_zi_nto	NPrePre10_BPre10_NStem	NPrePre10_BPre10_NStem	NPrePre10_BPre10_NStem	NPrePre10_BPre10_NStem
ne_e_n_kolelo	AdvPre_LocPre_BPre10_NStem	AdvPre_LocPre_BPre10_NStem	AdvPre_LocPre_BPre10_NStem	AdvPre_LocPre_BPre10_NStem
-	Punc	Punc	Punc	Punc
nik_el_a	VRoot_ApplExt_VerbTerm	VRoot_ApplExt_VerbTerm	VRoot_ApplExt_VerbTerm	VRoot_ApplExt_VerbTerm
i_si_bonelo	NPrePre7_BPre7_NStem	NPrePre7_BPre7_NStem	NPrePre7_BPre7_NStem	NPrePre7_BPre7_NStem
ngo_ku_enz_ek_a	AdvPre_BPre15_VRoot_NeutExt_VerbTerm	AdvPre_BPre15_VRoot_NeutExt_VerbTerm	AdvPre_BPre15_VRoot_NeutExt_VerbTerm	AdvPre_NPrePre15_BPre15_VRoot_NeutExt_VerbTerm
e_pilwenakho	RelConc7_NStem	LocPre_NStem	RelConc7_NStem	RelConc4_NStem
nga_a_ma_langa	AdvPre_NPrePre6_BPre6_NStem	AdvPre_NPrePre6_BPre6_NStem	AdvPre_NPrePre6_BPre6_NStem	AdvPre_NPrePre6_BPre6_NStem
e_ku_ku_rhol_el_a	LocPre_SC15_OC15_VRoot_ApplExt_VerbTerm	SC9_SC15_OC15_VRoot_ApplExt_VerbTerm	LocPre_SC15_OC15_VRoot_ApplExt_VerbTerm	LocPre_BPre15_BPre15_NStem
e_pendulo_eni	LocPre_NStem_LocSuf	LocPre_NStem_LocSuf	LocPre_NStem_LocSuf	LocPre_NStem_LocSuf
y_e_nturhu	PossConc3_LocPre_NStem	PossConc9_LocPre_NStem	PossConc3_LocPre_NStem	PossConc4_NStem
.	Punc	Punc	Punc	Punc
u_ku_hlol_w_a	NPrePre15_BPre15_VRoot_PassExt_VerbTerm	NPrePre15_BPre15_VRoot_PassExt_VerbTerm	NPrePre15_BPre15_VRoot_PassExt_VerbTerm	NPrePre15_BPre15_VRoot_PassExt_VerbTerm
kwe_e_n_dingo	PossConc15_LocPre_BPre3_NStem	PossConc15_LocPre_BPre3_NStem	PossConc15_LocPre_BPre3_NStem	PossConc15_LocPre_BPre3_NStem
no_ku_enzek_a_ko	AdvPre_OC5_VRoot_VerbTerm_RelSuf	AdvPre_OC15_VRoot_VerbTerm_RelSuf	AdvPre_OC5_VRoot_VerbTerm_RelSuf	AdvPre_NPrePre15_BPre15_VRoot_NeutExt_VerbTerm_RelSuf
kwe_phenyo	PossConc15_NStem	PossConc15_NStem	PossConc15_NStem	PossConc15_NStem
-	Punc	Punc	Punc	Punc
u_ku_bon_a	NPrePre15_BPre15_VRoot_VerbTerm	NPrePre15_BPre15_VRoot_VerbTerm	NPrePre15_BPre15_VRoot_VerbTerm	NPrePre15_BPre15_VRoot_VerbTerm
oku_fan_el_e	RelConc15_VRoot_ApplExt_VerbTerm	RelConc15_VRoot_ApplExt_VerbTerm	RelConc15_VRoot_ApplExt_VerbTerm	RelConc15_VRoot_ApplExt_VerbTerm
ku_enz_iw_e	OC15_VRoot_PassExt_VerbTerm	OC15_VRoot_PassExt_VerbTerm	OC15_VRoot_PassExt_VerbTerm	OC15_VRoot_PassExt_VerbTerm
nokobana	Conj	Conj	Conj	Conj
ku_zoku_kghonakala	BPre15_Fut_NStem	BPre15_Fut_NStem	BPre15_Fut_NStem	BPre15_Fut_NStem
bu_njani	BPre14_Interrog	SC14_Adv	BPre14_Interrog	SC14_Adv
u_ku_phumelel_is_a	NPrePre15_BPre15_VRoot_CausExt_VerbTerm	NPrePre15_BPre15_VRoot_CausExt_VerbTerm	NPrePre15_BPre15_VRoot_CausExt_VerbTerm	NPrePre15_BPre15_VRoot_CausExt_VerbTerm
i_phrojekthi	NPrePre5_NStem	NPrePre5_NStem	NPrePre5_NStem	NPrePre5_NStem
,	Punc	Punc	Punc	Punc
lokhu	Dem15_Pos1		Dem15_Pos1	
ku_az_iw_a	OC15_VRoot_PassExt_VerbTerm	SC15_VRoot_PassExt_VerbTerm	OC15_VRoot_PassExt_VerbTerm	SC15_VRoot_PassExt_VerbTerm
godu	Ideoph	Ideoph	Ideoph	Ideoph
njenga_i_si_gaba	Comp_NPrePre7_BPre7_NStem	Comp_NPrePre7_BPre7_NStem	Comp_NPrePre7_BPre7_NStem	AdvPre_NPrePre7_BPre7_NStem
sa_u_ku_khomb_a	PossConc7_NPrePre15_BPre15_VRoot_VerbTerm	PossConc7_NPrePre15_BPre15_VRoot_VerbTerm	PossConc7_NPrePre15_BPre15_VRoot_VerbTerm	PossConc7_NPrePre15_BPre15_VRoot_VerbTerm
namtjhana	Conj	Conj	Conj	Conj
sa_u_ku_cozulul_a	PossConc7_NPrePre15_BPre15_VRoot_VerbTerm	PossConc7_NPrePre15_BPre15_VRoot_VerbTerm	PossConc7_NPrePre15_BPre15_VRoot_VerbTerm	PossConc7_NPrePre15_BPre15_NStem
namtjhana	Conj	Conj	Conj	Conj
i_si_teji	NPrePre7_BPre7_NStem	NPrePre7_BPre7_NStem	NPrePre7_BPre7_NStem	NPrePre7_BPre7_NStem
sa_u_ku_tlany_iw_a	PossConc7_NPrePre15_BPre15_VRoot_PassExt_VerbTerm	PossConc7_NPrePre15_BPre15_VRoot_PassExt_VerbTerm	PossConc7_NPrePre15_BPre15_VRoot_PassExt_VerbTerm	PossConc7_NPrePre15_BPre15_NStem
kwe_mi_phumela	PossConc15_BPre4_NStem	PossConc15_BPre4_NStem	PossConc15_BPre4_NStem	PossConc15_BPre4_NStem
.	Punc	Punc	Punc	Punc
hlathulul_a	VRoot_VerbTerm	VRoot_VerbTerm	VRoot_VerbTerm	VRoot_VerbTerm
i_lu_azi	BPre9_BPre11_NStem	BPre9_BPre11_NStem	BPre9_BPre11_NStem	BPre9_BPre11_NStem
eli_s_e_manothi_ini	RelConc5_PreLoc-s_LocPre_NStem_LocSuf	RelConc5_PreLoc-s_LocPre_NStem_LocSuf	RelConc5_PreLoc-s_LocPre_NStem_LocSuf	RelConc5_PreLoc-s_LocPre_NStem_LocSuf
w_e_khoso	PossConc6_LocPre_NStem	PossConc6_LocPre_NStem	PossConc6_LocPre_NStem	PossConc6_LocPre_NStem
ku_sukel_a	BPre15_VRoot_VerbTerm	OC15_VRoot_VerbTerm	BPre15_VRoot_VerbTerm	OC15_VRoot_VerbTerm
ku_3.1	BPre15_Num	BPre15_Num	BPre15_Num	BPre15_Num
u_ku_y_a	NPrePre15_BPre15_VRoot_VerbTerm	NPrePre15_BPre15_VRoot_VerbTerm	NPrePre15_BPre15_VRoot_VerbTerm	NPrePre15_BPre15_VRoot_VerbTerm
ku_3.2	BPre15_Num	BPre15_Num	BPre15_Num	BPre15_Num
.	Punc	Punc	Punc	Punc
u_m_thangalasisekelo	NPrePre3_BPre3_NStem	NPrePre3_BPre3_NStem	NPrePre3_BPre3_NStem	NPrePre3_BPre3_NStem
we_e_n_thuthi	PossConc6_LocPre_BPre9_NStem	PossConc3_LocPre_BPre9_NStem	PossConc6_LocPre_BPre9_NStem	PossConc3_LocPre_BPre9_NStem
za_u_mu_phakathi	PossConc10_NPrePre3_BPre3_NStem	PossConc10_NPrePre3_BPre3_NStem	PossConc10_NPrePre3_BPre3_NStem	PossConc8_NPrePre3_BPre3_NStem
na_ma_rherho	NegPre_BPre6_NStem	AdvPre_BPre6_NStem	NegPre_BPre6_NStem	AdvPre_BPre6_NStem
,	Punc	Punc	Punc	Punc
ku_fak_a	BPre15_VRoot_VerbTerm	BPre15_VRoot_VerbTerm	BPre15_VRoot_VerbTerm	BPre15_VRoot_VerbTerm
ku_hlanga_ana	NPre15_NStem_DimSuf	NPre15_NStem_DimSuf	NPre15_NStem_DimSuf	NStem_DimSuf
u_ku_vuselelwa	NPrePre15_BPre15_NStem	NPrePre15_BPre15_NStem	NPrePre15_BPre15_NStem	NPrePre15_BPre15_NStem
kwe_mizila	PossConc15_NStem	PossConc15_NStem	PossConc15_NStem	PossConc15_NPrePre4_BPre4_NStem
ye_e_n_timela	PossConc4_LocPre_BPre9_NStem	PossConc4_LocPre_BPre9_NStem	PossConc4_LocPre_BPre9_NStem	PossConc4_LocPre_BPre9_NStem
ezi_setjenziselw_a	RelConc8_Intrans_VerbTerm	RelConc10_Intrans_VerbTerm	RelConc8_Intrans_VerbTerm	RelConc8_Intrans_VerbTerm
u_ku_thutha	NPrePre15_BPre15_NStem	NPrePre15_BPre15_NStem	NPrePre15_BPre15_NStem	NPrePre15_BPre15_VRoot_VerbTerm
aba_khamb_i	NegPre_VRoot_VerbTerm	RelConc2_VRoot_VerbTerm	NegPre_VRoot_VerbTerm	NPrePre2_BPre2_NStem
ba_nga_a_ma_langa	BPre2_AdvPre_NPrePre6_BPre6_NStem	BPre2_AdvPre_NPrePre6_BPre6_NStem	BPre2_AdvPre_NPrePre6_BPre6_NStem	BPre2_AdvPre_BPre6_NStem
,	Punc	Punc	Punc	Punc
o_kusekel_w_a	SC3_VRoot_PassExt_VerbTerm	RelConc1_VRoot_PassExt_VerbTerm	SC3_VRoot_PassExt_VerbTerm	RelConc15_VRoot_PassExt_VerbTerm
ku_hlanganisw_a	OC15_VRoot_VerbTerm	SC15_VRoot_VerbTerm	OC15_VRoot_VerbTerm	OC15_VRoot_CausExt_PassExt_VerbTerm
oku_thukis_iw_e_ko	RelConc7_VRoot_PassExt_VerbTerm_RelSuf	RelConc15_VRoot_PassExt_VerbTerm_RelSuf	RelConc7_VRoot_PassExt_VerbTerm_RelSuf	RelConc15_VRoot_CausExt_PassExt_NeutExt_VerbTerm
na_i_mi_sebenzi	AdvPre_NPrePre4_BPre4_NStem	AdvPre_NPrePre4_BPre4_NStem	AdvPre_NPrePre4_BPre4_NStem	AdvPre_NPrePre4_BPre4_NStem
ye_e_n_dlela	PossConc9_LocPre_BPre9_NStem	PossConc9_LocPre_BPre9_NStem	PossConc9_LocPre_BPre9_NStem	PossConc9_LocPre_BPre9_NStem
.	Punc	Punc	Punc	Punc
i_komidi	NPrePre4_NStem	NPrePre4_NStem	NPrePre4_NStem	NPrePre4_NStem
ye_wadi	PossConc4_NStem	PossConc4_NStem	PossConc4_NStem	PossConc4_NStem
i_nga_lung_is_a	SC9_AdvPre_VRoot_CausExt_VerbTerm	SC9_AdvPre_VRoot_CausExt_VerbTerm	SC9_AdvPre_VRoot_CausExt_VerbTerm	SC9_AdvPre_VRoot_VerbTerm
i_kambiso	NPrePre4_NStem	NPrePre9_NStem	NPrePre4_NStem	NPrePre4_NStem
ya_u_ku_bik_a	PossConc9_NPrePre15_BPre15_VRoot_VerbTerm	PossConc9_NPrePre15_BPre15_VRoot_VerbTerm	PossConc9_NPrePre15_BPre15_VRoot_VerbTerm	PossConc9_BPre15_NStem
,	Punc	Punc	Punc	Punc
e_fan_a	RelConc9_VRoot_VerbTerm	RelConc9_VRoot_VerbTerm	RelConc9_VRoot_VerbTerm	RelConc9_VRoot_VerbTerm
na_leyo	AdvPre_Dem9_Pos2	AdvPre	AdvPre_Dem9_Pos2	AdvPre
e_setjenziselwa	RelConc9_NStem	LocPre_NStem	RelConc9_NStem	LocPre_NStem
u_ku_hlol_a	NPrePre15_BPre15_VRoot_VerbTerm	NPrePre15_BPre15_VRoot_VerbTerm	NPrePre15_BPre15_VRoot_VerbTerm	NPrePre15_BPre15_VRoot_VerbTerm
u_mu_sebenzi	NPrePre3_BPre3_NStem	NPrePre3_BPre3_NStem	NPrePre3_BPre3_NStem	NPrePre3_BPre3_NStem
we_e_m_phath_is_w_a	PossConc3_LocPre_BPre3_VRoot_CausExt_PassExt_VerbTerm	PossConc3_LocPre_BPre3_VRoot_CausExt_PassExt_VerbTerm	PossConc3_LocPre_BPre3_VRoot_CausExt_PassExt_VerbTerm	PossConc3_LocPre_BPre3_NStem
ne_e_n_sebenzi	AdvPre_LocPre_BPre3_NStem	AdvPre_LocPre_BPre3_NStem	AdvPre_LocPre_BPre3_NStem	AdvPre_LocPre_BPre3_NStem
za_u_mu_khandlu	PossConc8_NPrePre3_BPre3_NStem	PossConc8_NPrePre3_BPre3_NStem	PossConc8_NPrePre3_BPre3_NStem	PossConc10_NPrePre3_BPre3_NStem
o_vez_w_e	RelConc1_VRoot_PassExt_VerbTerm	RelConc3_VRoot_PassExt_VerbTerm	RelConc1_VRoot_PassExt_VerbTerm	RelConc3_VRoot_VerbTerm
ku_mojula	BPre15_NStem	BPre15_NStem	BPre15_NStem	BPre15_NStem
4	Num	Num	Num	Num
.	Punc	Punc	Punc	Punc
njenga_imithangalasisekelo	NegPre_NStem	AdvPre_NStem	NegPre_NStem	AdvPre_NStem
e_sekel_a	RelConc4_VRoot_VerbTerm	RelConc9_VRoot_VerbTerm	RelConc4_VRoot_VerbTerm	RelConc9_VRoot_VerbTerm
u_ku_hlaliswa	NPrePre15_BPre15_NStem	NPrePre15_BPre15_NStem	NPrePre15_BPre15_NStem	NPrePre15_BPre15_NStem
kwa_a_ba_ntu	PossConc15_NPrePre2_BPre2_NStem	PossConc15_NPrePre2_BPre2_NStem	PossConc15_NPrePre2_BPre2_NStem	PossConc15_NPrePre2_BPre2_NStem
(	Punc	Punc	Punc	Punc
u_ku_khel_w_a	NPrePre15_BPre15_VRoot_PassExt_VerbTerm	NPrePre15_BPre15_VRoot_PassExt_VerbTerm	NPrePre15_BPre15_VRoot_PassExt_VerbTerm	NPrePre15_BPre15_VRoot_ApplExt_PassExt_VerbTerm
i_zin_ndlu	NPrePre10_BPre10_NStem	NPrePre10_BPre10_NStem	NPrePre10_BPre10_NStem	NPrePre10_BPre10_NStem
,	Punc	Punc	Punc	Punc
a_manzi	NPrePre6_NStem	NPrePre6_NStem	NPrePre6_NStem	NPrePre6_NStem
,	Punc	Punc	Punc	Punc
i_hlwengiso	NPrePre4_NStem	NPrePre4_NStem	NPrePre4_NStem	NPrePre4_NStem
,	Punc	Punc	Punc	Punc
i_in_dlela	NPrePre10_NPre10_NStem	NPrePre10_NPre10_NStem	NPrePre10_NPre10_NStem	NPrePre10_NPre10_NStem
,	Punc	Punc	Punc	Punc
a_ma_phaga	NPrePre6_BPre6_NStem	NPrePre6_BPre6_NStem	NPrePre6_BPre6_NStem	NPrePre6_BPre6_NStem
njalonjalo	Adv	Adv	Adv	Adv
)	Punc	Punc	Punc	Punc
i_n_dlela	NPrePre9_BPre9_NStem	NPrePre9_BPre9_NStem	NPrePre9_BPre9_NStem	NPrePre9_BPre9_NStem
e_u_ku_enz_iw_a	RelConc4_NPrePre15_BPre15_VRoot_PassExt_VerbTerm	LocPre_NPrePre15_BPre15_VRoot_PassExt_VerbTerm	RelConc4_NPrePre15_BPre15_VRoot_PassExt_VerbTerm	RelConc9_NPrePre15_BPre15_VRoot_PassExt_VerbTerm
nga_yo	AdvPre_PronStem9	AdvPre_PronStem9	AdvPre_PronStem9	AdvPre_PronStem9
i_zi_nto	NPrePre10_BPre10_NStem	NPrePre10_BPre10_NStem	NPrePre10_BPre10_NStem	NPrePre10_BPre10_NStem
i_hlangahlangene	NPrePre4_NStem	NPrePre4_NStem	NPrePre4_NStem	NPrePre4_NStem
nga_i_n_dlela	AdvPre_NPrePre9_BPre9_NStem	AdvPre_NPrePre9_BPre9_NStem	AdvPre_NPrePre9_BPre9_NStem	AdvPre_NPrePre9_BPre9_NStem
e_nga_na_si_dingo	LocPre_NegPre_AdvPre_BPre7_NStem	LocPre_AdvPre_AdvPre_BPre7_NStem	LocPre_NegPre_AdvPre_BPre7_NStem	LocPre_AdvPre_AdvPre_BPre7_NStem
.	Punc	Punc	Punc	Punc
u_mu_sebenzi	NPrePre3_BPre3_NStem	NPrePre3_BPre3_NStem	NPrePre3_BPre3_NStem	NPrePre3_BPre3_NStem
wa_u_ku_tlam_a	PossConc6_NPrePre15_BPre15_VRoot_VerbTerm	PossConc3_NPrePre15_BPre15_VRoot_VerbTerm	PossConc6_NPrePre15_BPre15_VRoot_VerbTerm	PossConc3_NPrePre15_BPre15_NStem
u_tholakala	NPrePre1a_NStem	NPrePre1a_NStem	NPrePre1a_NStem	NPrePre1a_NStem
e_i_li_zinga_ini	LocPre_NPrePre5_BPre5_NStem_LocSuf	LocPre_NPrePre5_BPre5_NStem_LocSuf	LocPre_NPrePre5_BPre5_NStem_LocSuf	LocPre_NPrePre5_BPre5_NStem_LocSuf
la_ka_rhulumende	BPre5_PossKA_NStem	BPre5_PossKA_NStem	BPre5_PossKA_NStem	BPre5_PossKA_NStem
wa_i_li_khaya	PossConc3_NPrePre5_BPre5_NStem	PossConc3_NPrePre5_BPre5_NStem	PossConc3_NPrePre5_BPre5_NStem	PossConc3_NPrePre5_BPre5_NStem
,	Punc	Punc	Punc	Punc
u_mu_sebenzi	NPrePre3_BPre3_NStem	NPrePre3_BPre3_NStem	NPrePre3_BPre3_NStem	NPrePre3_BPre3_NStem
wo_ikwakhelwa	PossConc6_NStem	PossConc6_NStem	PossConc6_NStem	PossConc6_NPrePre15_BPre15_VRoot_ApplExt_PassExt_VerbTerm
i_zin_ndlu	NPrePre10_BPre10_NStem	NPrePre10_BPre10_NStem	NPrePre10_BPre10_NStem	NPrePre10_BPre10_NStem
u_tholakala	NPrePre1a_NStem	NPrePre1a_NStem	NPrePre1a_NStem	NPrePre1a_NStem
e_i_li_zinga_ini	LocPre_NPrePre5_BPre5_NStem_LocSuf	LocPre_NPrePre5_BPre5_NStem_LocSuf	LocPre_NPrePre5_BPre5_NStem_LocSuf	LocPre_NPrePre5_BPre5_NStem_LocSuf
la_ka_rhulumende	BPre5_PossKA_NStem	BPre5_PossKA_NStem	BPre5_PossKA_NStem	BPre5_PossKA_NStem
wa_i_si_funda	PossConc1_NPrePre7_BPre7_NStem	PossConc1_NPrePre7_BPre7_NStem	PossConc1_NPrePre7_BPre7_NStem	PossConc1_NPrePre7_BPre7_NStem
,	Punc	Punc	Punc	Punc
begodu	Conj	Conj	Conj	Conj
i_si_bopho	NPrePre7_BPre7_NStem	NPrePre7_BPre7_NStem	NPrePre7_BPre7_NStem	NPrePre7_BPre7_NStem
sa_u_ku_nikela	PossConc7_NPrePre15_BPre15_NStem	PossConc7_NPrePre15_BPre15_NStem	PossConc7_NPrePre15_BPre15_NStem	PossConc7_NPrePre15_BPre15_VRoot_VerbTerm
a_manzi	RelConc6_NStem	NPrePre6_NStem	RelConc6_NStem	NPrePre6_NStem
na_i_gezi	AdvPre_NPre9_NStem	AdvPre_NPre5_NStem	AdvPre_NPre9_NStem	AdvPre_NStem
sihlukaniswe	NStem	NStem	NStem	SC7_VRoot_CausExt_PassExt_VerbTerm
phakathi	Adv	Adv	Adv	Adv
kwa_labo	PossConc15_Dem2_Pos2	PossConc15	PossConc15_Dem2_Pos2	PossConc15
aba_ne_si_bopho	RelConc2_AdvPre_BPre7_NStem	RelConc2_AdvPre_BPre7_NStem	RelConc2_AdvPre_BPre7_NStem	RelConc2_AdvPre_BPre7_NStem
se_e_misebenzi	PossConc7_LocPre_NStem	AdvPre_LocPre_NStem	PossConc7_LocPre_NStem	PossConc7_LocPre_NStem
emi_nengi	AdjPref4_AdjStem	AdjPref4_AdjStem	AdjPref4_AdjStem	PossConc6_NPrePre4_BPre4_NStem
ka_nye	AdvPre_AdjStem	AdvPre_AdjStem	AdvPre_AdjStem	AdvPre_AdjStem
ne_sakhiwo	AdvPre_NStem	AdvPre_NStem	AdvPre_NStem	AdvPre_NPrePre7_BPre7_NStem
sa_maphayiphu	PossConc1a_NStem	PossConc1a_NStem	PossConc1a_NStem	PossConc7_BPre6_NStem
.	Punc	Punc	Punc	Punc
e_i_li_qiniso_ini	LocPre_NPrePre5_BPre5_NStem_LocSuf	LocPre_NPrePre5_BPre5_NStem_LocSuf	LocPre_NPrePre5_BPre5_NStem_LocSuf	LocPre_NStem_LocSuf
,	Punc	Punc	Punc	Punc
a_ma_lungiselelo	NPrePre6_BPre6_NStem	NPrePre6_BPre6_NStem	NPrePre6_BPre6_NStem	NPrePre6_BPre6_NStem
la	Dem16_Pos1		Dem16_Pos1	
a_ka_sebenz_i	SC1_NegPre_VRoot_VerbTerm	NegPre_NegPre_VRoot_VerbTerm	SC1_NegPre_VRoot_VerbTerm	NegPre_NegPre_VRoot_VerbTerm
.	Punc	Punc	Punc	Punc
e_bu_jam_e_ini	LocPre_SC14_VRoot_VerbTerm_LocSuf	LocPre_SC14_VRoot_VerbTerm_LocSuf	LocPre_SC14_VRoot_VerbTerm_LocSuf	LocPre_SC14_VRoot_VerbTerm_LocSuf
obu_nengi	AdjPref14_AdjStem	AdjPref14_AdjStem	AdjPref14_AdjStem	AdjPref14_AdjStem
,	Punc	Punc	Punc	Punc
i_in_ndawo	NPrePre10_BPre10_NStem	NPrePre10_BPre10_NStem	NPrePre10_BPre10_NStem	NPrePre10_BPre10_NStem
za_u_ku_hlalis_a	PossConc10_NPrePre15_BPre15_VRoot_VerbTerm	PossConc10_NPrePre15_BPre15_VRoot_VerbTerm	PossConc10_NPrePre15_BPre15_VRoot_VerbTerm	PossConc10_NPrePre15_BPre15_VRoot_VerbTerm
a_ba_ntu	NPrePre2_BPre2_NStem	NPrePre2_BPre2_NStem	NPrePre2_BPre2_NStem	NPrePre2_BPre2_NStem
zi_tlany_w_e	SC10_VRoot_PassExt_VerbTerm	OC10_VRoot_PassExt_VerbTerm	SC10_VRoot_PassExt_VerbTerm	Pres_NStem
ku_mbi	AdjPref15_AdjStem	AdjPref15_AdjStem	AdjPref15_AdjStem	AdjPref15_AdjStem
,	Punc	Punc	Punc	Punc
begodu	Conj	Conj	Conj	Conj
kuno_ku_thint_an_a	NegPre_OC15_VRoot_RecipExt_VerbTerm	NegPre_OC15_VRoot_RecipExt_VerbTerm	NegPre_OC15_VRoot_RecipExt_VerbTerm	AdvPre_AdvPre_NPrePre15_BPre15_VRoot_RecipExt_VerbTerm
oku_ncani	PossConc15_NStem	RelConc15_NStem	PossConc15_NStem	RelConc15_NStem
phakathi	Adv	Adv	Adv	Adv
kwa_labo	PossConc15_Dem2_Pos2	PossConc15	PossConc15_Dem2_Pos2	PossConc15
aba_ne_si_bopho	RelConc2_AdvPre_BPre7_NStem	RelConc2_AdvPre_BPre7_NStem	RelConc2_AdvPre_BPre7_NStem	RelConc2_AdvPre_BPre7_NStem
sa_u_ku_akh_a	PossConc7_NPrePre15_BPre15_VRoot_VerbTerm	PossConc7_NPrePre15_BPre15_VRoot_VerbTerm	PossConc7_NPrePre15_BPre15_VRoot_VerbTerm	PossConc7_NPrePre15_BPre15_VRoot_VerbTerm
u_m_thangalasisekelo	NPrePre3_BPre3_NStem	NPrePre3_BPre3_NStem	NPrePre3_BPre3_NStem	NPrePre3_BPre3_NStem
wa_ma_phayiphu	PossConc1a_BPre6_NStem	PossConc1a_BPre6_NStem	PossConc1a_BPre6_NStem	PossConc1a_BPre6_NStem
wa_a_manzi	PossConc3_NPrePre6_NStem	PossConc3_NPrePre6_NStem	PossConc3_NPrePre6_NStem	PossConc3_NPrePre6_NStem
na_labo	AdvPre_Dem2_Pos2	AdvPre	AdvPre_Dem2_Pos2	AdvPre
aba_ne_si_bopho	RelConc2_AdvPre_BPre7_NStem	RelConc2_AdvPre_BPre7_NStem	RelConc2_AdvPre_BPre7_NStem	RelConc2_AdvPre_BPre7_NStem
sa_u_ku_nikela	PossConc7_NPrePre15_BPre15_NStem	PossConc7_NPrePre15_BPre15_NStem	PossConc7_NPrePre15_BPre15_NStem	PossConc7_NPrePre15_BPre15_VRoot_VerbTerm
i_mi_thangalasisekelo	NPrePre4_BPre4_NStem	NPrePre4_BPre4_NStem	NPrePre4_BPre4_NStem	NPrePre4_BPre4_NStem
emi_nengi	AdjPref4_AdjStem	AdjPref4_AdjStem	AdjPref4_AdjStem	PossConc6_NPrePre4_BPre4_NStem
.	Punc	Punc	Punc	Punc
i_si_bopho	NPrePre7_BPre7_NStem	NPrePre7_BPre7_NStem	NPrePre7_BPre7_NStem	NPrePre7_BPre7_NStem
sa_u_ku_akh_iw_a	PossConc7_NPrePre15_BPre15_VRoot_PassExt_VerbTerm	PossConc7_NPrePre15_BPre15_VRoot_PassExt_VerbTerm	PossConc7_NPrePre15_BPre15_VRoot_PassExt_VerbTerm	PossConc7_NPrePre15_BPre15_VRoot_PassExt_VerbTerm
kwa_i_zin_ndlu	PossConc15_NPrePre10_BPre10_NStem	PossConc15_NPrePre10_BPre10_NStem	PossConc15_NPrePre10_BPre10_NStem	PossConc15_NPrePre10_BPre10_NStem
ku_fan_el_e	OC16_VRoot_ApplExt_VerbTerm	OC15_VRoot_ApplExt_VerbTerm	OC16_VRoot_ApplExt_VerbTerm	OC15_VRoot_ApplExt_VerbTerm
sitjhidiselwe	NStem	NStem	NStem	SC7_VRoot_PassExt_VerbTerm
e_i_li_zinga_ini	LocPre_NPrePre5_BPre5_NStem_LocSuf	LocPre_NPrePre5_BPre5_NStem_LocSuf	LocPre_NPrePre5_BPre5_NStem_LocSuf	LocPre_NPrePre5_BPre5_NStem_LocSuf
lo_i_kutlama	AdvPre_NPrePre4_NStem	AdvPre_NPrePre4_NStem	AdvPre_NPrePre4_NStem	RelConc15_VRoot_VerbTerm
:	Punc	Punc	Punc	Punc
i_li_zinga	NPrePre5_BPre5_NStem	NPrePre5_BPre5_NStem	NPrePre5_BPre5_NStem	NPrePre5_BPre5_NStem
la_ka_masipala	PossConc5_LocPre_NStem	PossConc5_LocPre_NStem	PossConc5_LocPre_NStem	PossConc5_LocPre_NStem
.	Punc	Punc	Punc	Punc
u_m_tlamo	NPrePre3_BPre3_NStem	NPrePre1_BPre1_NStem	NPrePre3_BPre3_NStem	NPrePre1_BPre1_NStem
lo	Dem3_Pos1		Dem3_Pos1	
we_ndlala	PossConc1_NStem	PossConc1_NStem	PossConc1_NStem	PossConc1_LocPre_NStem
i_im_phakamiso	NPrePre4_BPre4_NStem	NPrePre4_BPre4_NStem	NPrePre4_BPre4_NStem	NPrePre4_BPre10_NStem
za_u_ku_thuthuk_is_a	PossConc10_NPrePre15_BPre15_VRoot_CausExt_VerbTerm	PossConc10_NPrePre15_BPre15_VRoot_CausExt_VerbTerm	PossConc10_NPrePre15_BPre15_VRoot_CausExt_VerbTerm	PossConc10_NPrePre15_BPre15_VRoot_CausExt_VerbTerm
i_in_ndawo	NPrePre10_BPre10_NStem	NPrePre10_BPre10_NStem	NPrePre10_BPre10_NStem	NPrePre10_BPre10_NStem
ze_ma_dorobha_eni	PossConc8_BPre6_NStem_LocSuf	PossConc8_BPre6_NStem_LocSuf	PossConc8_BPre6_NStem_LocSuf	PossConc8_BPre6_NStem_LocSuf
nga_i_pumelelo	NegPre_NPre9_NStem	AdvPre_NPre9_NStem	NegPre_NPre9_NStem	AdvPre_NPre9_NStem
.	Punc	Punc	Punc	Punc
i_phrojekthi	NPrePre5_NStem	NPrePre5_NStem	NPrePre5_NStem	NPrePre5_NStem
e_yo_dwa	RelConc9_QuantConc9_QuantStem	RelConc4_QuantConc9_QuantStem	RelConc9_QuantConc9_QuantStem	RelConc9_QuantConc9_QuantStem
ya_u_ku_thuthuk_is_a	PossConc9_NPrePre15_BPre15_VRoot_CausExt_VerbTerm	PossConc9_NPrePre15_BPre15_VRoot_CausExt_VerbTerm	PossConc9_NPrePre15_BPre15_VRoot_CausExt_VerbTerm	PossConc9_NPrePre15_BPre15_VRoot_CausExt_VerbTerm
i_in_ndawo	NPrePre10_BPre10_NStem	NPrePre10_BPre10_NStem	NPrePre10_BPre10_NStem	NPrePre10_BPre10_NStem
ze_ma_khaya	PossConc8_BPre6_NStem	PossConc8_BPre6_NStem	PossConc8_BPre6_NStem	PossConc8_BPre6_NStem
i_enz_a	SC9_VRoot_VerbTerm	SC4_VRoot_VerbTerm	SC9_VRoot_VerbTerm	SC4_VRoot_VerbTerm
bo_nyana	BPre2_NStem	BPre2_NStem	BPre2_NStem	BPre2_NStem
i_mali	NPrePre9_NStem	NPrePre9_NStem	NPrePre9_NStem	NPrePre9_NStem
ya_u_ku_bolekwa	PossConc4_NPrePre15_BPre15_NStem	PossConc9_NPrePre15_BPre15_NStem	PossConc4_NPrePre15_BPre15_NStem	PossConc9_BPre15_NStem
i_b_e	SC4_VRoot_VerbTerm	SC4_VRoot_VerbTerm	SC4_VRoot_VerbTerm	SC4_VRoot_VerbTerm
kho_na	PronStem15_PronSuf	PronStem15_PronSuf	PronStem15_PronSuf	PronStem15_PronSuf
ki_bo_baba	PossConc2_BPre2_NStem	LocPre_BPre14_NStem	PossConc2_BPre2_NStem	BPre15_NStem
njenga_enhloko	AdvPre_NStem	AdvPre_NStem	AdvPre_NStem	AdvPre_NPrePre10_BPre9_NStem
za_u_mu_khaya	PossConc8_NPrePre15_BPre15_NStem	PossConc10_NPrePre3_BPre3_NStem	PossConc8_NPrePre15_BPre15_NStem	PossConc10_NPrePre3_BPre3_NStem
u_ku_enz_el_a	NPrePre15_BPre15_VRoot_ApplExt_VerbTerm	NPrePre15_BPre15_VRoot_ApplExt_VerbTerm	NPrePre15_BPre15_VRoot_ApplExt_VerbTerm	NPrePre15_BPre15_VRoot_ApplExt_VerbTerm
bo_nyana	BPre2_NStem	BPre2_NStem	BPre2_NStem	BPre2_NStem
ku_thuthukiswe	BPre15_NStem	BPre15_NStem	BPre15_NStem	SC15_VRoot_CausExt_PassExt_VerbTerm
za_u_ku_lim_a	PossConc10_NPrePre15_BPre15_VRoot_VerbTerm	PossConc10_NPrePre15_BPre15_VRoot_VerbTerm	PossConc10_NPrePre15_BPre15_VRoot_VerbTerm	PossConc8_BPre15_NStem
oku_ncani	PossConc15_NStem	RelConc15_NStem	PossConc15_NStem	RelConc15_NStem
.	Punc	Punc	Punc	Punc
lokhu	Dem15_Pos1		Dem15_Pos1	
be_ku_yi_pendulo	PossConc2a_BPre15_Past_NStem	PossConc2_BPre15_Pres_NStem	PossConc2a_BPre15_Past_NStem	PossConc2_BPre15_CopPre_NStem
e_phath_el_an_ile	RelConc4_VRoot_ApplExt_RecipExt_Perf	RelConc4_VRoot_ApplExt_RecipExt_Perf	RelConc4_VRoot_ApplExt_RecipExt_Perf	RelConc4_VRoot_ApplExt_RecipExt_Perf
na_u_ku_lingan_is_w_a	AdvPre_NPrePre15_BPre15_VRoot_CausExt_PassExt_VerbTerm	AdvPre_NPrePre15_BPre15_VRoot_CausExt_PassExt_VerbTerm	AdvPre_NPrePre15_BPre15_VRoot_CausExt_PassExt_VerbTerm	AdvPre_NPrePre15_BPre15_VRoot_CausExt_PassExt_VerbTerm
kwe_e_n_dingo	PossConc15_LocPre_BPre3_NStem	PossConc15_LocPre_BPre3_NStem	PossConc15_LocPre_BPre3_NStem	PossConc15_LocPre_BPre3_NStem
nga_ku_tjhejisis_a	AdvPre_OC15_Intrans_VerbTerm	AdvPre_OC15_Intrans_VerbTerm	AdvPre_OC15_Intrans_VerbTerm	AdvPre_NPrePre15_BPre15_VRoot_CausExt_VerbTerm
oku_thol_e	RelConc15_VRoot_VerbTerm	RelConc15_VRoot_VerbTerm	RelConc15_VRoot_VerbTerm	RelConc15_VRoot_VerbTerm
bo_nyana	BPre2_NStem	BPre2_NStem	BPre2_NStem	BPre2_NStem
u_ku_lim_a	NPrePre15_BPre15_VRoot_VerbTerm	NPrePre15_BPre15_VRoot_VerbTerm	NPrePre15_BPre15_VRoot_VerbTerm	NPrePre15_BPre15_VRoot_VerbTerm
e_i_n_ndawo_ini	LocPre_NPrePre9_BPre9_NStem_LocSuf	LocPre_NPrePre9_BPre9_NStem_LocSuf	LocPre_NPrePre9_BPre9_NStem_LocSuf	LocPre_NPrePre9_BPre9_NStem_LocSuf
le	Dem4_Pos1		Dem4_Pos1	
ku_ding_a	BPre15_VRoot_VerbTerm	OC15_VRoot_VerbTerm	BPre15_VRoot_VerbTerm	OC15_VRoot_VerbTerm
u_ku_bulung_w_a	NPrePre15_BPre15_VRoot_PassExt_VerbTerm	NPrePre15_BPre15_VRoot_PassExt_VerbTerm	NPrePre15_BPre15_VRoot_PassExt_VerbTerm	NPrePre15_BPre15_NStem
kwa_i_n_mali	PossConc15_NPrePre9_BPre9_NStem	PossConc15_NPrePre9_BPre9_NStem	PossConc15_NPrePre9_BPre9_NStem	PossConc15_NPrePre9_BPre9_NStem
e_nengi	AdjPref9_AdjStem	AdjPref9_AdjStem	AdjPref9_AdjStem	AdjPref9_AdjStem
ukuze	Conj	Conj	Conj	Conj
ku_b_e	OC15_VRoot_VerbTerm	OC15_VRoot_VerbTerm	OC15_VRoot_VerbTerm	SC15_VRoot_VerbTerm
na_u_mu_khiqizo	AdvPre_NPrePre3_BPre3_NStem	AdvPre_NPrePre3_BPre3_NStem	AdvPre_NPrePre3_BPre3_NStem	AdvPre_NPrePre3_BPre3_NStem
.	Punc	Punc	Punc	Punc
nga_i_si_khathi	AdvPre_NPrePre7_BPre7_NStem	AdvPre_NPrePre7_BPre7_NStem	AdvPre_NPrePre7_BPre7_NStem	AdvPre_NPrePre7_BPre7_NStem
a_ma_phrojekthi	NPrePre6_BPre6_NStem	NPrePre6_BPre6_NStem	NPrePre6_BPre6_NStem	NPrePre6_BPre6_NStem
ama_nengi	AdjPref6_AdjStem	AdjPref6_AdjStem	AdjPref6_AdjStem	AdjPref6_AdjStem
a_bhal_el_w_a	SC2_VRoot_ApplExt_PassExt_VerbTerm	SC6_VRoot_ApplExt_PassExt_VerbTerm	SC2_VRoot_ApplExt_PassExt_VerbTerm	VRoot_PassExt_VerbTerm
a_ba_sekeli	NPrePre2_BPre2_NStem	NPrePre2_BPre2_NStem	NPrePre2_BPre2_NStem	NPrePre2_BPre2_NStem
nge_e_mali	AdvPre_LocPre_NStem	AdvPre_LocPre_NStem	AdvPre_LocPre_NStem	AdvPre_LocPre_NStem
ba_enz_a	SC2_VRoot_VerbTerm	SC2_VRoot_VerbTerm	SC2_VRoot_VerbTerm	SC2_VRoot_VerbTerm
i_rhubhululo	NPrePre4_NStem	NPrePre4_NStem	NPrePre4_NStem	NPrePre4_NStem
ba_thol_a	SC2_VRoot_VerbTerm	SC2_VRoot_VerbTerm	SC2_VRoot_VerbTerm	SC2_VRoot_VerbTerm
bo_nyana	BPre2_NStem	BPre2_NStem	BPre2_NStem	BPre2_NStem
i_i_mali	NPrePre4_BPre4_NStem	NPrePre4_BPre4_NStem	NPrePre4_BPre4_NStem	NPrePre4_BPre4_NStem
ezi_bolek_iw_e_ko	RelConc10_VRoot_PassExt_VerbTerm_RelSuf	RelConc10_VRoot_PassExt_VerbTerm_RelSuf	RelConc10_VRoot_PassExt_VerbTerm_RelSuf	RelConc10_VRoot_PassExt_VerbTerm_RelSuf
a_zika_sebenz_is_el_w_a	RelConc6_NegPre_VRoot_CausExt_ApplExt_PassExt_VerbTerm	RelConc6_NegPre_VRoot_CausExt_ApplExt_PassExt_VerbTerm	RelConc6_NegPre_VRoot_CausExt_ApplExt_PassExt_VerbTerm	RelConc6_NegPre_VRoot_CausExt_ApplExt_PassExt_VerbTerm
u_ku_lim_a	NPrePre15_BPre15_VRoot_VerbTerm	NPrePre15_BPre15_VRoot_VerbTerm	NPrePre15_BPre15_VRoot_VerbTerm	NPrePre15_BPre15_VRoot_VerbTerm
namkha	Conj	Conj	Conj	Conj
nangabe	Conj	Conj	Conj	Conj
zi_setjenziselwe	BPre10_NStem	BPre8_NStem	BPre10_NStem	BPre10_NStem
u_ku_lim_a	NPrePre15_BPre15_VRoot_VerbTerm	NPrePre15_BPre15_VRoot_VerbTerm	NPrePre15_BPre15_VRoot_VerbTerm	NPrePre15_BPre15_VRoot_VerbTerm
namkha	Conj	Conj	Conj	Conj
nangabe	Conj	Conj	Conj	Conj
zi_setjenzisiwe	BPre10_NStem	BPre10_NStem	BPre10_NStem	BPre10_NStem
za_setjenziselwa	BPre8_NStem	PossConc10_NStem	BPre8_NStem	PossConc10_NStem
i_zi_nto	NPrePre10_BPre10_NStem	NPrePre10_BPre10_NStem	NPrePre10_BPre10_NStem	NPrePre10_BPre10_NStem
oku_nga_sizo	RelConc15_NegPre_NStem	RelConc15_NegPre_NStem	RelConc15_NegPre_NStem	RelConc15_NegPre_NStem
.	Punc	Punc	Punc	Punc
ba_buy_e	CopPre_VRoot_VerbTerm	SC2_VRoot_VerbTerm	CopPre_VRoot_VerbTerm	SC2_VRoot_VerbTerm
ba_thol_a	SC2_VRoot_VerbTerm	CopPre_VRoot_VerbTerm	SC2_VRoot_VerbTerm	SC2_VRoot_VerbTerm
godu	Ideoph	Ideoph	Ideoph	Ideoph
bo_nyana	BPre2_NStem	BPre2_NStem	BPre2_NStem	BPre2_NStem
namkha	Conj	Conj	Conj	Conj
u_ku_lim_a	NPrePre15_BPre15_VRoot_VerbTerm	NPrePre15_BPre15_VRoot_VerbTerm	NPrePre15_BPre15_VRoot_VerbTerm	NPrePre15_BPre15_VRoot_VerbTerm
be_ku_enz_iw_a	SC2_OC15_VRoot_PassExt_VerbTerm	PossConc2_BPre15_Intrans_PassExt_VerbTerm	SC2_OC15_VRoot_PassExt_VerbTerm	PossConc2_OC15_VRoot_PassExt_VerbTerm
ba_u_mma	PossConc2_NPrePre3_NStem	PossConc14_NPrePre3_NStem	PossConc2_NPrePre3_NStem	PossConc2_NPrePre3_NStem
begodu	Conj	Conj	Conj	Conj
i_nengi	AdjPref9_AdjStem	AdjPref9_AdjStem	AdjPref9_AdjStem	AdjPref9_AdjStem
labo_baba	Dem2_Pos2_NStem	AuxVStem	Dem2_Pos2_NStem	QuantStem
ba_khamb_a	BPre2_VRoot_VerbTerm	SC2_VRoot_VerbTerm	BPre2_VRoot_VerbTerm	SC2_VRoot_VerbTerm
ba_yozi_sebenz_el_a	BPre2_Fut_VRoot_ApplExt_VerbTerm	SC2_Intrans_Intrans_ApplExt_VerbTerm	BPre2_Fut_VRoot_ApplExt_VerbTerm	SC2_Fut_SC8_VRoot_ApplExt_VerbTerm
e_ma_dorobha_eni	LocPre_BPre6_NStem_LocSuf	LocPre_BPre6_NStem_LocSuf	LocPre_BPre6_NStem_LocSuf	LocPre_BPre6_NStem_LocSuf
,	Punc	Punc	Punc	Punc
i_si_zo	NPrePre7_BPre7_PronStem8	NPrePre7_BPre7_NStem	NPrePre7_BPre7_PronStem8	NPrePre7_BPre7_NStem
le_e_mali	PossConc5_LocPre_NStem	PossConc5_LocPre_NStem	PossConc5_LocPre_NStem	AdvPre_LocPre_NStem
,	Punc	Punc	Punc	Punc
li_enz_iw_a	SC5_VRoot_PassExt_VerbTerm	OC5_VRoot_PassExt_VerbTerm	SC5_VRoot_PassExt_VerbTerm	OC5_VRoot_PassExt_VerbTerm
bo_nyana	BPre2_NStem	BPre2_NStem	BPre2_NStem	BPre2_NStem
li_b_e	OC5_VRoot_VerbTerm	OC5_VRoot_VerbTerm	OC5_VRoot_VerbTerm	OC5_VRoot_VerbTerm
kho_na	PronStem15_PronSuf	PronStem15_PronSuf	PronStem15_PronSuf	PronStem15_PronSuf
ki_bo_baba	PossConc2_BPre2_NStem	LocPre_BPre2a_NStem	PossConc2_BPre2_NStem	LocPre_NStem
begodu	Conj	Conj	Conj	Conj
na_nga_i_banga	CopPre_AdvPre_NPrePre5_NStem	AdvPre_NStem_NPrePre5_NStem	CopPre_AdvPre_NPrePre5_NStem	AdvPre_AdvPre_NPrePre5_NStem
le_ndima	Dem4_Pos1_NStem	NStem	Dem4_Pos1_NStem	PossConc5_NPrePre9_NStem
ya_bo	PossConc9_PronStem2	PossConc9_PronStem2	PossConc9_PronStem2	PossConc9_PronStem2
ya_i_n_velo	PossConc9_NPrePre9_BPre9_NStem	PossConc9_NPrePre9_BPre9_NStem	PossConc9_NPrePre9_BPre9_NStem	PossConc9_NPrePre9_BPre9_NStem
ukuba	Conj	Conj	Conj	Conj
yi_hloko	CopPre_NStem	CopPre_NStem	CopPre_NStem	CopPre_NStem
yo_m_ndeni	PossConc4_BPre3_NStem	PossConc4_BPre3_NStem	PossConc4_BPre3_NStem	PossConc4_BPre3_NStem
,	Punc	Punc	Punc	Punc
ba_nga_enz_a	SC2_Pot_VRoot_VerbTerm	SC2_Pot_VRoot_VerbTerm	SC2_Pot_VRoot_VerbTerm	SC2_AdvPre_VRoot_VerbTerm
i_in_qunto	NPrePre4_BPre4_NStem	NPrePre4_BPre4_NStem	NPrePre4_BPre4_NStem	NPrePre4_BPre4_NStem
zo_kobana	Pres_NStem	Pres_NStem	Pres_NStem	Pres_NStem
i_nga_setjenziswa	BPre9_AdvPre_NStem	BPre9_AdvPre_NStem	BPre9_AdvPre_NStem	BPre9_AdvPre_NStem
njani	Adv	Adv	Adv	Adv
i_mali	NPrePre9_NStem	NPrePre9_NStem	NPrePre9_NStem	NPrePre9_NStem
.	Punc	Punc	Punc	Punc
u_ku_lalelwa	NPrePre15_BPre15_NStem	NPrePre15_BPre15_NStem	NPrePre15_BPre15_NStem	NPrePre15_BPre15_NStem
kwa_a_ma_bhajedi	PossConc15_NPrePre6_BPre6_NStem	PossConc15_NPrePre6_BPre6_NStem	PossConc15_NPrePre6_BPre6_NStem	PossConc15_BPre6_NStem
ku_i_mi_hlangano	PossConc15_NPrePre4_BPre4_NStem	LocPre_NPrePre4_BPre4_NStem	PossConc15_NPrePre4_BPre4_NStem	BPre15_BPre4_NStem
e_khethekile_ko	LocPre_NStem_RelSuf	LocPre_NStem_RelSuf	LocPre_NStem_RelSuf	LocPre_NStem_RelSuf
ye_mi_layezo	PossConc4_BPre4_NStem	PossConc4_BPre4_NStem	PossConc4_BPre4_NStem	PossConc4_BPre4_NStem
e_mfitjhazan_a	RelConc4_Intrans_VerbTerm	LocPre_Intrans_VerbTerm	RelConc4_Intrans_VerbTerm	LocPre_VRoot_VerbTerm
oku_mel_e	RelConc15_VRoot_VerbTerm	RelConc15_VRoot_VerbTerm	RelConc15_VRoot_VerbTerm	RelConc15_VRoot_VerbTerm
a_ma_lunga	NPrePre6_BPre6_NStem	NPrePre6_BPre6_NStem	NPrePre6_BPre6_NStem	NPrePre6_BPre6_NStem
wa_u_mu_khandlu	PossConc3_NPrePre3_BPre3_NStem	PossConc3_NPrePre3_BPre3_NStem	PossConc3_NPrePre3_BPre3_NStem	PossConc3_BPre3_NStem
wa_a_ma_wadi	PossConc3_NPrePre6_BPre6_NStem	PossConc3_NPrePre6_BPre6_NStem	PossConc3_NPrePre6_BPre6_NStem	PossConc3_BPre6_NStem
a_yi_sebenz_is_e	SC6_Pres_VRoot_CausExt_VerbTerm	SC6_Pres_VRoot_CausExt_VerbTerm	SC6_Pres_VRoot_CausExt_VerbTerm	SC6_Pres_VRoot_CausExt_VerbTerm
u_ku_coc_a	NPrePre15_BPre15_VRoot_VerbTerm	NPrePre15_BPre15_VRoot_VerbTerm	NPrePre15_BPre15_VRoot_VerbTerm	NPrePre15_BPre15_NStem
nga_tuthuko	AdvPre_NStem	AdvPre_NStem	AdvPre_NStem	AdvPre_NPrePre4_NStem
ye_bhajedi	PossConc9_NStem	PossConc9_NStem	PossConc9_NStem	PossConc9_NStem
begodu	Conj	Conj	Conj	Conj
ba_hlathulule	BPre2_NStem	PossConc2_NStem	BPre2_NStem	SC2_Intrans_VerbTerm
u_mu_ehluko	NPrePre3_BPre3_NStem	NPrePre3_BPre3_NStem	NPrePre3_BPre3_NStem	NPrePre3_BPre3_NStem
o_suk_el_a	RelConc3_VRoot_ApplExt_VerbTerm	SC3_VRoot_ApplExt_VerbTerm	RelConc3_VRoot_ApplExt_VerbTerm	RelConc3_VRoot_VerbTerm
e_m_tlamo_eni	LocPre_BPre3_NStem_LocSuf	LocPre_BPre3_NStem_LocSuf	LocPre_BPre3_NStem_LocSuf	LocPre_BPre3_NStem_LocSuf
wa_u_ku_thoma	PossConc3_NPrePre15_BPre15_NStem	PossConc1_NPrePre15_BPre15_NStem	PossConc3_NPrePre15_BPre15_NStem	PossConc3_NPrePre15_BPre15_VRoot_VerbTerm
.	Punc	Punc	Punc	Punc
nangabe	Conj	Conj	Conj	Conj
awu_na_wo	NegPre_AdvPre_PronStem3	NegPre_AdvPre_PronStem3	NegPre_AdvPre_PronStem3	NegPre_AdvPre_PronStem3
a_ma_khophi	NPrePre6_BPre6_NStem	NPrePre6_BPre6_NStem	NPrePre6_BPre6_NStem	NPrePre6_BPre6_NStem
w_e_IDP	PossConc1_LocPre_Abbr	PossConc1_LocPre_Abbr	PossConc1_LocPre_Abbr	PossConc1_LocPre_Abbr
begodu	Conj	Conj	Conj	Conj
/	Punc	Punc	Punc	Punc
li_nani_ana	BPre5_NStem_DimSuf	BPre5_NStem_DimSuf	BPre5_NStem_DimSuf	BPre5_NStem_DimSuf
a_ba_hlanganyeli	NPrePre2_BPre2_NStem	NPrePre2_BPre2_NStem	NPrePre2_BPre2_NStem	NPrePre2_BPre2_NStem
aba_ka_yi_jayeli	RelConc2_NegPre_Pres_NStem	RelConc2_AdvPre_CopPre_NStem	RelConc2_NegPre_Pres_NStem	NegPre_OC2_NegPre_Intrans_Intrans_VerbTerm
i_IDP	NPrePre4_Abbr	NPrePre4_Abbr	NPrePre4_Abbr	NPrePre4_Abbr
,	Punc	Punc	Punc	Punc
hlol_isis_a	VRoot_IntensExt_VerbTerm	VRoot_IntensExt_VerbTerm	VRoot_IntensExt_VerbTerm	VRoot_CausExt_VerbTerm
i_in_gaba	NPrePre8_NPre8_NStem	NPrePre8_NPre8_NStem	NPrePre8_NPre8_NStem	NPrePre8_NPre8_NStem
ezi_s_e_khasi_ini	RelConc8_PreLoc-s_LocPre_NStem_LocSuf	RelConc8_PreLoc-s_LocPre_NStem_LocSuf	RelConc8_PreLoc-s_LocPre_NStem_LocSuf	RelConc8_PreLoc-s_LocPre_NStem_LocSuf
la_ma_33	SC3_BPre6_Num	SC3_BPre6_Num	SC3_BPre6_Num	SC3_BPre6_Num
,	Punc	Punc	Punc	Punc
u_hlathulule	NPrePre1a_NStem	NPrePre1a_NStem	NPrePre1a_NStem	NPrePre1a_NStem
i_si_gaba	NPrePre7_BPre7_NStem	NPrePre7_BPre7_NStem	NPrePre7_BPre7_NStem	NPrePre7_BPre7_NStem
nga_si_nye	AdvPre_BPre7_AdjStem	AdvPre_BPre7_AdjStem	AdvPre_BPre7_AdjStem	AdvPre_BPre7_AdjStem
begodu	Conj	Conj	Conj	Conj
u_khombise	NPrePre1a_NStem	NPrePre1a_NStem	NPrePre1a_NStem	NPrePre1a_NStem
bo_nyana	BPre2_NStem	BPre2_NStem	BPre2_NStem	BPre2_NStem
i_si_gaba	NPrePre7_BPre7_NStem	NPrePre7_BPre7_NStem	NPrePre7_BPre7_NStem	NPrePre7_BPre7_NStem
nga_si_nye	AdvPre_BPre7_AdjStem	AdvPre_BPre7_AdjStem	AdvPre_BPre7_AdjStem	AdvPre_BPre7_AdjStem
si_b_e	OC1_VRoot_VerbTerm	SC7_VRoot_VerbTerm	OC1_VRoot_VerbTerm	OC1_VRoot_VerbTerm
na_i_galelo	AdvPre_NPre5_NStem	AdvPre_NPre5_NStem	AdvPre_NPre5_NStem	AdvPre_NPre5_NStem
eli_njani	RelConc5_Interrog	RelConc5_Adv	RelConc5_Interrog	RelConc5_Adv
ku_IDP	BPre15_Abbr	BPre15_Abbr	BPre15_Abbr	BPre15_Abbr
.	Punc	Punc	Punc	Punc
nangabe	Conj	Conj	Conj	Conj
a_ba_hlanganyeli	NPrePre2_BPre2_NStem	NPrePre2_BPre2_NStem	NPrePre2_BPre2_NStem	NPrePre2_BPre2_NStem
ba_yi_jayel_e	SC2_CopPre_Intrans_VerbTerm	SC2_CopPre_Intrans_VerbTerm	SC2_CopPre_Intrans_VerbTerm	SC2_CopPre_Intrans_VerbTerm
i_IDP	NPrePre4_Abbr	NPrePre4_Abbr	NPrePre4_Abbr	NPrePre4_Abbr
ya_bo	PossConc9_PronStem2	PossConc9_PronStem2	PossConc9_PronStem2	PossConc9_PronStem2
,	Punc	Punc	Punc	Punc
hlathulul_a	VRoot_VerbTerm	VRoot_VerbTerm	VRoot_VerbTerm	VRoot_VerbTerm
nga_u_ku_zeleko	AdvPre_NPrePre15_BPre15_NStem	AdvPre_NPrePre15_BPre15_NStem	AdvPre_NPrePre15_BPre15_NStem	AdvPre_NPrePre15_BPre15_NStem
i_in_gaba	NPrePre8_NPre8_NStem	NPrePre8_NPre8_NStem	NPrePre8_NPre8_NStem	NPrePre8_NPre8_NStem
be_s_e	SC2_VRoot_VerbTerm	SC2_VRoot_VerbTerm	SC2_VRoot_VerbTerm	SC2_VRoot_VerbTerm
u_ya_ba_buza	NPrePre1a_Pres_BPre2_NStem	NPrePre1a_Pres_BPre2_NStem	NPrePre1a_Pres_BPre2_NStem	NPrePre1a_Pres_NStem
bo_nyana	BPre2_NStem	BPre2_NStem	BPre2_NStem	BPre2_NStem
ba_hlanganyele	PossConc2_NStem	PossConc2_NStem	PossConc2_NStem	SC2_Intrans_VerbTerm
bu_njani	SC14_Adv	SC14_Adv	SC14_Adv	SC14_Adv
e_si_gaba_ini	LocPre_BPre7_NStem_LocSuf	LocPre_BPre7_NStem_LocSuf	LocPre_BPre7_NStem_LocSuf	RelConc7_NStem_LocSuf
nga_si_nye	AdvPre_BPre7_AdjStem	AdvPre_BPre7_AdjStem	AdvPre_BPre7_AdjStem	AdvPre_BPre7_AdjStem
.	Punc	Punc	Punc	Punc
u_ku_akha	NPrePre15_BPre15_NStem	NPrePre15_BPre15_NStem	NPrePre15_BPre15_NStem	NPrePre15_BPre15_VRoot_VerbTerm
u_m_tlamo	NPrePre1_BPre1_NStem	NPrePre1_BPre1_NStem	NPrePre1_BPre1_NStem	NPrePre1_BPre1_NStem
we_wadi	PossConc3_NStem	PossConc6_NStem	PossConc3_NStem	PossConc6_NStem
ku_thath_a	BPre15_VRoot_VerbTerm	BPre15_VRoot_VerbTerm	BPre15_VRoot_VerbTerm	BPre15_VRoot_VerbTerm
i_si_khathi	NPrePre7_BPre7_NStem	NPrePre7_BPre7_NStem	NPrePre7_BPre7_NStem	NPrePre7_BPre7_NStem
esi_de	AdjPref7_AdjStem	AdjPref7_AdjStem	AdjPref7_AdjStem	AdjPref7_AdjStem
begodu	Conj	Conj	Conj	Conj
ku_fun_a	BPre15_VRoot_VerbTerm	BPre15_VRoot_VerbTerm	BPre15_VRoot_VerbTerm	BPre15_VRoot_VerbTerm
bo_nyana	BPre2_NStem	BPre2_NStem	BPre2_NStem	BPre2_NStem
u_tlame	NPrePre1a_NStem	NPrePre1a_NStem	NPrePre1a_NStem	SC1_VRoot_VerbTerm
nga_ukucophelela	AdvPre_NStem	AdvPre_NStem	AdvPre_NStem	AdvPre_NPrePre15_BPre15_NStem
.	Punc	Punc	Punc	Punc
i_n_dlelakambiso	NPrePre8_BPre8_NStem	NPrePre8_BPre8_NStem	NPrePre8_BPre8_NStem	NPrePre8_BPre8_NStem
i_fak_a	SC4_VRoot_VerbTerm	SC4_VRoot_VerbTerm	SC4_VRoot_VerbTerm	SC4_VRoot_VerbTerm
hlanga_ana	NStem_DimSuf	NStem_DimSuf	NStem_DimSuf	NStem_DimSuf
i_cozululo	NPrePre4_NStem	NPrePre4_NStem	NPrePre4_NStem	NPrePre4_NStem
lo_i_bu_jamo	PossConc5_NPrePre4_BPre14_NStem	PossConc5_NPrePre4_BPre14_NStem	PossConc5_NPrePre4_BPre14_NStem	PossConc5_NPrePre4_BPre14_NStem
(	Punc	Punc	Punc	Punc
a_ma_langa	NPrePre6_BPre6_NStem	NPrePre6_BPre6_NStem	NPrePre6_BPre6_NStem	NPrePre6_BPre6_NStem
ama_bili	AdjPref6_AdjStem	AdjPref6_AdjStem	AdjPref6_AdjStem	AdjPref6_AdjStem
)	Punc	Punc	Punc	Punc
,	Punc	Punc	Punc	Punc
u_ku_hlanganisw_a	NPrePre15_BPre15_VRoot_VerbTerm	SC15_OC15_VRoot_VerbTerm	NPrePre15_BPre15_VRoot_VerbTerm	NPrePre15_BPre15_VRoot_CausExt_PassExt_VerbTerm
kwe_lwazi	PossConc15_NStem	PossConc15_NStem	PossConc15_NStem	PossConc15_NStem
(	Punc	Punc	Punc	Punc
i_li_langa	NPrePre5_BPre5_NStem	NPrePre5_BPre5_NStem	NPrePre5_BPre5_NStem	NPrePre5_BPre5_NStem
eli_lo_dwa	RelConc5_QuantConc5_QuantStem	RelConc5_QuantConc5_QuantStem	RelConc5_QuantConc5_QuantStem	RelConc5_QuantConc5_QuantStem
)	Punc	Punc	Punc	Punc
,	Punc	Punc	Punc	Punc
u_ku_tlama	NPrePre15_BPre15_NStem	NPrePre15_BPre15_NStem	NPrePre15_BPre15_NStem	NPrePre15_BPre15_NStem
i_n_dlelakambiso	NPrePre8_BPre8_NStem	NPrePre8_BPre8_NStem	NPrePre8_BPre8_NStem	NPrePre8_BPre8_NStem
(	Punc	Punc	Punc	Punc
i_li_langa	NPrePre5_BPre5_NStem	NPrePre5_BPre5_NStem	NPrePre5_BPre5_NStem	NPrePre5_BPre5_NStem
eli_lo_dwa	RelConc5_QuantConc5_QuantStem	RelConc5_QuantConc5_QuantStem	RelConc5_QuantConc5_QuantStem	RelConc5_QuantConc5_QuantStem
)	Punc	Punc	Punc	Punc
ka_nye	AdvPre_AdjStem	AdvPre_AdjStem	AdvPre_AdjStem	AdvPre_AdjStem
na_u_ku_tlama	AdvPre_NPrePre15_BPre15_NStem	AdvPre_NPrePre15_BPre15_NStem	AdvPre_NPrePre15_BPre15_NStem	AdvPre_NPrePre15_BPre15_NStem
u_ku_phumelel_is_a	NPrePre15_BPre15_VRoot_CausExt_VerbTerm	NPrePre15_BPre15_VRoot_CausExt_VerbTerm	NPrePre15_BPre15_VRoot_CausExt_VerbTerm	NPrePre15_BPre15_VRoot_CausExt_VerbTerm
(	Punc	Punc	Punc	Punc
i_li_langa	NPrePre5_BPre5_NStem	NPrePre5_BPre5_NStem	NPrePre5_BPre5_NStem	NPrePre5_BPre5_NStem
eli_lo_dwa	RelConc5_QuantConc5_QuantStem	RelConc5_QuantConc5_QuantStem	RelConc5_QuantConc5_QuantStem	RelConc5_QuantConc5_QuantStem
)	Punc	Punc	Punc	Punc
.	Punc	Punc	Punc	Punc
u_ku_kghonakaliswa	NPrePre15_BPre15_NStem	NPrePre15_BPre15_NStem	NPrePre15_BPre15_NStem	NPrePre15_BPre15_NStem
kwe_ndlelakambiso	PossConc15_NStem	PossConc15_NStem	PossConc15_NStem	PossConc15_NStem
yo_ku_tlama	PossConc4_BPre15_NStem	PossConc4_BPre15_NStem	PossConc4_BPre15_NStem	PossConc4_BPre15_NStem
ku_enz_iw_a	BPre15_VRoot_PassExt_VerbTerm	BPre15_VRoot_PassExt_VerbTerm	BPre15_VRoot_PassExt_VerbTerm	BPre15_VRoot_PassExt_VerbTerm
yi_komidi	CopPre_NStem	CopPre_NStem	CopPre_NStem	CopPre_NStem
ye_wadi	PossConc4_NStem	PossConc4_NStem	PossConc4_NStem	PossConc4_NStem
e_bandul_iw_ek_o	LocPre_VRoot_PassExt_NeutExt_VerbTerm	RelConc9_VRoot_PassExt_NeutExt_VerbTerm	LocPre_VRoot_PassExt_NeutExt_VerbTerm	RelConc9_VRoot_PassExt_NeutExt_VerbTerm
ka_nye	AdvPre_AdjStem	AdvPre_AdjStem	AdvPre_AdjStem	AdvPre_AdjStem
na_ba_kghonakalisi	AdvPre_BPre2_NStem	AdvPre_BPre2_NStem	AdvPre_BPre2_NStem	AdvPre_BPre2_NStem
ba_ka_masipala	PossConc2_PossKA_NStem	PossConc2_PossKA_NStem	PossConc2_PossKA_NStem	PossConc2_PossKA_NStem
aba_bandul_iw_e_ko	RelConc2_VRoot_PassExt_VerbTerm_RelSuf	RelConc2_VRoot_PassExt_VerbTerm_RelSuf	RelConc2_VRoot_PassExt_VerbTerm_RelSuf	RelConc2_VRoot_PassExt_NeutExt_VerbTerm
.	Punc	Punc	Punc	Punc
i_rherho	NPrePre4_NStem	NPrePre4_NStem	NPrePre4_NStem	NPrePre4_NStem
eli_banzi	RelConc5_RelStem	RelConc5_RelStem	RelConc5_RelStem	RelConc5_RelStem
la_i_m_aqhinga	Dem2_Pos1_NPrePre10_BPre10_NStem	Pos1_NPrePre10_BPre10	Dem2_Pos1_NPrePre10_BPre10_NStem	PossPron_NPrePre6_BPre6_NStem
a_ma_tjha	NPrePre6_BPre6_NStem	NPrePre6_BPre6_NStem	NPrePre6_BPre6_NStem	NPrePre6_BPre6_NStem
eli_hlangan_is_a	RelConc8_VRoot_CausExt_VerbTerm	RelConc5_VRoot_CausExt_VerbTerm	RelConc8_VRoot_CausExt_VerbTerm	RelConc5_VRoot_CausExt_VerbTerm
a_ma_yunivesithi	NPrePre6_BPre6_NStem	NPrePre6_BPre6_NStem	NPrePre6_BPre6_NStem	NPrePre6_BPre6_NStem
,	Punc	Punc	Punc	Punc
i_mi_khandlu	NPrePre4_BPre4_NStem	NPrePre4_BPre4_NStem	NPrePre4_BPre4_NStem	NPrePre4_BPre4_NStem
ye_ze_sayensi	PossConc9_PossConc8_NStem	PossConc9_PossConc8_NStem	PossConc9_PossConc8_NStem	PossConc9_PossConc8_NStem
na_aba_nye	AdvPre_AdjPref2_AdjStem	AdvPre_AdjPref2_AdjStem	AdvPre_AdjPref2_AdjStem	AdvPre_AdjPref2_AdjStem
a_ba_dlalindima	NPrePre2_BPre2_NStem	NPrePre2_BPre2_NStem	NPrePre2_BPre2_NStem	RelConc2_NStem
be_ze_rhubhululo	PossConc2_BPre8_NStem	PossConc2_BPre8_NStem	PossConc2_BPre8_NStem	PossConc2_PossConc8_NStem
na_i_tuthuko	AdvPre_NPrePre4_NStem	AdvPre_NPrePre9_NStem	AdvPre_NPrePre4_NStem	AdvPre_NPrePre9_NStem
na_i_mi_khakha	AdvPre_NPrePre4_BPre4_NStem	AdvPre_NPrePre4_BPre4_NStem	AdvPre_NPrePre4_BPre4_NStem	AdvPre_NPrePre4_BPre4_NStem
ye_zo_mnotho	PossConc4_PossConc8_NStem	PossConc9_PossConc8_NStem	PossConc4_PossConc8_NStem	PossConc4_PossConc10_NPrePre3_BPre3_NStem
e_ku_fan_el_e	RelConc4_OC15_VRoot_ApplExt_VerbTerm	RelConc4_OC15_VRoot_ApplExt_VerbTerm	RelConc4_OC15_VRoot_ApplExt_VerbTerm	RelConc4_OC15_VRoot_ApplExt_VerbTerm
i_tjhejwe	NPrePre4_NStem	NPrePre4_NStem	NPrePre4_NStem	NPrePre4_NStem
ntangi	NStem	Adv	NStem	Adv
.	Punc	Punc	Punc	Punc
a_ba_hlanganyeli	NPre2_BPre2_NStem	NPrePre2_BPre2_NStem	NPre2_BPre2_NStem	NPrePre2_BPre2_NStem
ba_fund_a	SC2_VRoot_VerbTerm	SC2_VRoot_VerbTerm	SC2_VRoot_VerbTerm	SC2_VRoot_VerbTerm
a_ma_sinariyo	NPrePre6_BPre6_NStem	NPrePre6_BPre6_NStem	NPrePre6_BPre6_NStem	NPrePre6_BPre6_NStem
ama_thathu	AdjPref6_AdjStem	AdjPref6_AdjStem	AdjPref6_AdjStem	AdjPref6_AdjStem
be_s_e	SC2_VRoot_VerbTerm	SC2_VRoot_VerbTerm	SC2_VRoot_VerbTerm	SC2_VRoot_VerbTerm
ba_phendul_a	SC2_VRoot_VerbTerm	SC2_Intrans_VerbTerm	SC2_VRoot_VerbTerm	BPre2_NStem
i_mi_buzo	NPrePre4_BPre4_NStem	NPrePre4_BPre4_NStem	NPrePre4_BPre4_NStem	NPrePre4_BPre4_NStem
.	Punc	Punc	Punc	Punc
u_ku_tlama	NPrePre15_BPre15_NStem	NPrePre15_BPre15_NStem	NPrePre15_BPre15_NStem	NPrePre15_BPre15_NStem
i_in_kambiso	NPrePre10_BPre10_NStem	NPrePre10_BPre10_NStem	NPrePre10_BPre10_NStem	NPrePre10_BPre10_NStem
-	Punc	Punc	Punc	Punc
ku_w_enz_a	BPre15_OC3_VRoot_VerbTerm	LocPre_OC3_VRoot_VerbTerm	BPre15_OC3_VRoot_VerbTerm	LocPre_OC3_VRoot_VerbTerm
i_phrojekthi	NPrePre5_NStem	NPrePre5_NStem	NPrePre5_NStem	NPrePre5_NStem
kobana	Conj	Conj	Conj	Conj
i_khambe	NPrePre4_NStem	NPrePre4_NStem	NPrePre4_NStem	SC9_VRoot_VerbTerm
ku_hle	AdjPref15_AdjStem	AdjPref15_AdjStem	AdjPref15_AdjStem	AdjPref15_AdjStem
na_u_ku_th_i	AdvPre_NPrePre15_BPre15_VRoot_VerbTerm	AdvPre_NPrePre15_BPre15_VRoot_VerbTerm	AdvPre_NPrePre15_BPre15_VRoot_VerbTerm	AdvPre_NPrePre15_BPre15_VRoot_VerbTerm
i_b_e	SC4_VRoot_VerbTerm	SC4_VRoot_VerbTerm	SC4_VRoot_VerbTerm	SC4_VRoot_VerbTerm
na_i_mi_raro	AdvPre_NPrePre4_BPre4_NStem	AdvPre_NPrePre4_BPre4_NStem	AdvPre_NPrePre4_BPre4_NStem	AdvPre_NPrePre4_BPre4_NStem
e_mi_ncani	NPrePre4_BPre4_NStem	LocPre_BPre4_NStem	NPrePre4_BPre4_NStem	LocPre_BPre4_NStem
nga_pha	AdvPre_NStem	AdvPre_NStem	AdvPre_NStem	AdvPre_Adv
ku_kghoneka	BPre15_NStem	BPre15_NStem	BPre15_NStem	BPre15_NStem
nga_khona	AdvPre_Adv	AdvPre_Adv	AdvPre_Adv	SC1_Adv
.	Punc	Punc	Punc	Punc
njenga_omu_bana	AdvPre_AdjPref1_AdjStem	AdvPre_AdjPref1_AdjStem	AdvPre_AdjPref1_AdjStem	AdvPre_AdjPref1_AdjStem
nga_kwe_hlathululo	AdvPre_PossConc15_NStem	AdvPre_PossConc15_NStem	AdvPre_PossConc15_NStem	AdvPre_PossConc15_NStem
ku_velile	BPre15_NStem	BPre15_NStem	BPre15_NStem	BPre15_NStem
kobana	Conj	Conj	Conj	Conj
a_ma_phrojekthi	NPrePre6_BPre6_NStem	NPrePre6_BPre6_NStem	NPrePre6_BPre6_NStem	NPrePre6_BPre6_NStem
aka_fan_i	NegPre_VRoot_VerbTerm	NegPre_VRoot_VerbTerm	NegPre_VRoot_VerbTerm	NegPre_VRoot_VerbTerm
,	Punc	Punc	Punc	Punc
begodu	Conj	Conj	Conj	Conj
ku_fak_a	BPre15_VRoot_VerbTerm	BPre15_VRoot_VerbTerm	BPre15_VRoot_VerbTerm	BPre15_VRoot_VerbTerm
oku_tjha	RelConc15_NStem	RelConc15_NStem	RelConc15_NStem	RelConc15_VRoot_VerbTerm
ki_labo	PossConc2_Dem2_Pos2	PossConc2	PossConc2_Dem2_Pos2	PossConc2
a_ba_hlanganyeli	NPrePre2_BPre2_NStem	NPrePre2_BPre2_NStem	NPrePre2_BPre2_NStem	NPrePre2_BPre2_NStem
,	Punc	Punc	Punc	Punc
ku_qakath_ek_ile	SC15_VRoot_NeutExt_Perf	SC15_VRoot_NeutExt_Perf	SC15_VRoot_NeutExt_Perf	SC15_VRoot_NeutExt_Perf
ukuba	Conj	Conj	Conj	Conj
na_u_m_tlamo	AdvPre_NPrePre1_BPre1_NStem	AdvPre_NPrePre1_BPre1_NStem	AdvPre_NPrePre1_BPre1_NStem	AdvPre_NPrePre1_BPre1_NStem
u_ku_qinis_ek_is_a	NPrePre15_BPre15_VRoot_NeutExt_CausExt_VerbTerm	NPrePre15_BPre15_VRoot_NeutExt_CausExt_VerbTerm	NPrePre15_BPre15_VRoot_NeutExt_CausExt_VerbTerm	NPrePre15_BPre15_VRoot_NeutExt_CausExt_VerbTerm
kobana	Conj	Conj	Conj	Conj
bo_ke	QuantConc2_QuantStem	QuantConc2_QuantStem	QuantConc2_QuantStem	QuantConc2_QuantStem
aba_zi_bandakany_e	RelConc2_BPre10_VRoot_VerbTerm	RelConc2_OC10_VRoot_VerbTerm	RelConc2_BPre10_VRoot_VerbTerm	RelConc2_OC10_VRoot_VerbTerm
ki_yo	LocPre_PronStem9	LocPre_PronStem9	LocPre_PronStem9	LocPre_PronStem9
ba_az_i	OC2_VRoot_VerbTerm	OC2_VRoot_VerbTerm	OC2_VRoot_VerbTerm	OC2_VRoot_VerbTerm
kobana	Conj	Conj	Conj	Conj
ngi_ku_phi	SC15_OC15_EnumStem	SC15_OC15_EnumStem	SC15_OC15_EnumStem	SC15_OC15_EnumStem
oku_lindelek_e	RelConc15_VRoot_VerbTerm	RelConc15_VRoot_VerbTerm	RelConc15_VRoot_VerbTerm	RelConc15_NStem
ki_bo	LocPre_PronStem1	LocPre_PronStem1	LocPre_PronStem1	LocPre_PronStem1
,	Punc	Punc	Punc	Punc
ba_zoku_enz_a	SC2_Fut_Intrans_VerbTerm	SC2_Fut_Intrans_VerbTerm	SC2_Fut_Intrans_VerbTerm	SC2_Fut_Intrans_VerbTerm
njani	Adv	Adv	Adv	Adv
,	Punc	Punc	Punc	Punc
nini	Adv	Adv	Adv	Adv
begodu	Conj	Conj	Conj	Conj
yi_ni	CopPre_Interrog	CopPre_Interrog	CopPre_Interrog	CopPre_Interrog
e_ku_fuz_e	RelConc4_OC15_VRoot_VerbTerm	RelConc4_OC15_VRoot_VerbTerm	RelConc4_OC15_VRoot_VerbTerm	RelConc4_OC15_VRoot_VerbTerm
ku_enz_iw_e	SC15_VRoot_PassExt_VerbTerm	OC15_VRoot_PassExt_VerbTerm	SC15_VRoot_PassExt_VerbTerm	OC15_VRoot_PassExt_VerbTerm
.	Punc	Punc	Punc	Punc
u_ku_tlamela	NPrePre15_BPre15_NStem	NPrePre15_BPre15_NStem	NPrePre15_BPre15_NStem	NPrePre15_BPre15_NStem
i_phrojekthi	NPrePre5_NStem	NPrePre5_NStem	NPrePre5_NStem	NPrePre5_NStem
aba_nye	AdjPref2_AdjStem	AdjPref2_AdjStem	AdjPref2_AdjStem	AdjPref2_AdjStem
ba_th_i	OC2_VRoot_VerbTerm	OC2_VRoot_VerbTerm	OC2_VRoot_VerbTerm	OC2_VRoot_VerbTerm
ngi_kho	CopPre_NStem	CopPre_NStem	CopPre_NStem	CopPre_NStem
oku_mgogodlha	RelConc15_NStem	RelConc15_NStem	RelConc15_NStem	RelConc15_NStem
wa_u_ku_phath_a	PossConc3_NPrePre15_BPre15_VRoot_VerbTerm	PossConc3_NPrePre15_BPre15_VRoot_VerbTerm	PossConc3_NPrePre15_BPre15_VRoot_VerbTerm	PossConc3_NPrePre15_BPre15_VRoot_VerbTerm
i_phrojekthi	NPrePre5_NStem	NPrePre5_NStem	NPrePre5_NStem	NPrePre5_NStem
.	Punc	Punc	Punc	Punc
ku_akh_a	SC15_VRoot_VerbTerm	BPre15_VRoot_VerbTerm	SC15_VRoot_VerbTerm	BPre15_VRoot_VerbTerm
i_si_sekelo	NPrePre7_BPre7_NStem	NPrePre7_BPre7_NStem	NPrePre7_BPre7_NStem	NPrePre7_BPre7_NStem
sa_lapho	PossConc7_Dem16_Pos2	SC1_Adv	PossConc7_Dem16_Pos2	PossConc1a_Adv
i_tuthuko	NPrePre4_NStem	NPrePre4_NStem	NPrePre4_NStem	NPrePre4_NStem
ye_phrojekthi	PossConc9_NStem	PossConc9_NStem	PossConc9_NStem	PossConc9_NStem
i_n_zinze	NPrePre8_BPre8_NStem	NPrePre8_BPre8_NStem	NPrePre8_BPre8_NStem	NPrePre8_BPre8_VRoot_VerbTerm
kho_na	PronStem15_PronSuf	PronStem15_PronSuf	PronStem15_PronSuf	PronStem15_PronSuf
.	Punc	Punc	Punc	Punc
ku_na_bo_nobangela	LocPre_AdvPre_PossConc2_NStem	LocPre_AdvPre_BPre2a_NStem	LocPre_AdvPre_PossConc2_NStem	LocPre_AdvPre_PossConc2_NStem
aba_nengi	AdjPref2_AdjStem	AdjPref2_AdjStem	AdjPref2_AdjStem	AdjPref2_AdjStem
bona	AbsPron2	AbsPron2	AbsPron2	AbsPron2
ku_bayini	BPre15_NStem	BPre15_NStem	BPre15_NStem	BPre15_NStem
ku_b_e	SC15_VRoot_VerbTerm	OC15_VRoot_VerbTerm	SC15_VRoot_VerbTerm	OC15_VRoot_VerbTerm
na_i_nturhu	AdvPre_NPre9_NStem	AdvPre_NPre9_NStem	AdvPre_NPre9_NStem	AdvPre_NPre9_NStem
.	Punc	Punc	Punc	Punc
aba_nye	AdjPref2_AdjStem	AdjPref2_AdjStem	AdjPref2_AdjStem	AdjPref2_AdjStem
a_bo_nobangela	NPrePre2_BPre2_NStem	NPrePre2_BPre2a_NStem	NPrePre2_BPre2_NStem	NPrePre2a_BPre2a_NStem
ba_nga_b_a	SC2a_Pot_VRoot_VerbTerm	SC2_Pot_Intrans_VerbTerm	SC2a_Pot_VRoot_VerbTerm	SC2_Pot_Intrans_VerbTerm
'	Punc	Punc	Punc	Punc
nga_ba_mambala	AdvPre_BPre2_NStem	AdvPre_BPre2_NStem	AdvPre_BPre2_NStem	AdvPre_BPre2_NStem
'	Punc	Punc	Punc	Punc
aba_nye	AdjPref2_AdjStem	AdjPref2_AdjStem	AdjPref2_AdjStem	AdjPref2_AdjStem
ba_nga_b_a	SC2_Pot_VRoot_VerbTerm	SC2_Pot_Intrans_VerbTerm	SC2_Pot_VRoot_VerbTerm	SC2_Pot_VRoot_VerbTerm
nga_i_n_dlela	AdvPre_NPrePre9_BPre9_NStem	AdvPre_NPrePre9_BPre9_NStem	AdvPre_NPrePre9_BPre9_NStem	AdvPre_NPrePre9_BPre9_NStem
'	Punc	Punc	Punc	Punc
ku_bon_w_a	SC15_VRoot_PassExt_VerbTerm	BPre15_VRoot_PassExt_VerbTerm	SC15_VRoot_PassExt_VerbTerm	BPre15_VRoot_PassExt_VerbTerm
nga_yo	AdvPre_PronStem9	AdvPre_PronStem9	AdvPre_PronStem9	AdvPre_PronStem9
'	Punc	Punc	Punc	Punc
nga_i_n_dlela	AdvPre_NPrePre9_BPre3_NStem	AdvPre_NPrePre9_BPre9_NStem	AdvPre_NPrePre9_BPre3_NStem	AdvPre_NPrePre9_BPre9_NStem
a_ba_ntu	NPrePre2_BPre2_NStem	NPrePre2_BPre2_NStem	NPrePre2_BPre2_NStem	NPrePre2_BPre2_NStem
ba_qal_a	SC2_VRoot_VerbTerm	SC2_VRoot_VerbTerm	SC2_VRoot_VerbTerm	SC2_VRoot_VerbTerm
nga_yo	AdvPre_PronStem9	AdvPre_PronStem9	AdvPre_PronStem9	AdvPre_PronStem9
u_bu_jamo	NPre14_NPrePre14_NStem	NPrePre14_BPre14_NStem	NPre14_NPrePre14_NStem	NPrePre14_BPre14_NStem
o_buthize	RelConc14_NStem	RelConc3_NStem	RelConc14_NStem	RelConc14_NStem
.	Punc	Punc	Punc	Punc
i_mi_biko	NPrePre4_BPre4_NStem	NPrePre4_BPre4_NStem	NPrePre4_BPre4_NStem	NPrePre4_BPre4_NStem
ya_qobe	PossConc1a_NStem	PossConc9_NStem	PossConc1a_NStem	PossConc9_NStem
-	Punc	Punc	Punc	Punc
a_ma_komidi	NPrePre6_BPre6_NStem	NPrePre6_BPre6_NStem	NPrePre6_BPre6_NStem	NPrePre6_BPre6_NStem
we_wadi	PossConc6_NStem	PossConc6_NStem	PossConc6_NStem	PossConc6_NStem
ku_fan_el_e	SC15_VRoot_ApplExt_VerbTerm	OC15_VRoot_ApplExt_VerbTerm	SC15_VRoot_ApplExt_VerbTerm	OC15_VRoot_ApplExt_VerbTerm
a_thol_e	RelConc6_VRoot_VerbTerm	RelConc6_VRoot_VerbTerm	RelConc6_VRoot_VerbTerm	RelConc6_VRoot_VerbTerm
i_mi_biko	NPrePre4_BPre4_NStem	NPrePre4_BPre4_NStem	NPrePre4_BPre4_NStem	NPrePre4_BPre4_NStem
e_buy_a_ko	RelConc4_VRoot_VerbTerm_RelSuf	RelConc4_VRoot_VerbTerm_RelSuf	RelConc4_VRoot_VerbTerm_RelSuf	RelConc9_VRoot_VerbTerm_RelSuf
njalo	Adv	Adv	Adv	Adv
mayelana	NStem	NStem	NStem	NStem
na_ragelo	AdvPre_NStem	AdvPre_NStem	AdvPre_NStem	AdvPre_NPre5_NStem
phambili	Adv	Adv	Adv	Adv
le_i_khansela	Dem5_Pos1_NPrePre4_NStem	Pos1_NPrePre4	Dem5_Pos1_NPrePre4_NStem	Pos1_NPrePre4
.	Punc	Punc	Punc	Punc
ba_nga_buz_a	SC2_Pot_Intrans_VerbTerm	SC2_AdvPre_VRoot_VerbTerm	SC2_Pot_Intrans_VerbTerm	SC2_AdvPre_VRoot_VerbTerm
a_ma_khansela	NPrePre6_BPre6_NStem	NPrePre6_BPre6_NStem	NPrePre6_BPre6_NStem	NPrePre6_BPre6_NStem
bona	AbsPron2	AbsPron2	AbsPron2	AbsPron2
ku_bayini	BPre15_NStem	BPre15_NStem	BPre15_NStem	BPre15_NStem
i_ragelo	NPrePre5_NStem	NPrePre5_NStem	NPrePre5_NStem	NPrePre5_NStem
phambili	Adv	Adv	Adv	Adv
li_liyek_ile	SC5_VRoot_Perf	SC5_VRoot_Perf	SC5_VRoot_Perf	SC5_VRoot_Perf
be_s_e	SC2_VRoot_VerbTerm	SC2_VRoot_VerbTerm	SC2_VRoot_VerbTerm	SC2_VRoot_VerbTerm
ba_tjhukum_is_a	SC2_VRoot_CausExt_VerbTerm	SC2_Intrans_CausExt_VerbTerm	SC2_VRoot_CausExt_VerbTerm	SC2_Intrans_CausExt_VerbTerm
i_in_dlela	NPrePre10_NPre10_NStem	NPrePre10_NPre10_NStem	NPrePre10_NPre10_NStem	NPrePre10_NPre10_NStem
zoku_hlangabezan_a	Fut_VRoot_VerbTerm	Fut_VRoot_VerbTerm	Fut_VRoot_VerbTerm	PossConc15_BPre15_NStem
na_i_mi_tlamo	AdvPre_NPrePre4_BPre4_NStem	AdvPre_NPre4_BPre4_NStem	AdvPre_NPrePre4_BPre4_NStem	AdvPre_NPre4_BPre4_NStem
nga_i_n_dlela	AdvPre_NPrePre9_BPre9_NStem	AdvPre_NPrePre9_BPre9_NStem	AdvPre_NPrePre9_BPre9_NStem	AdvPre_NPrePre9_BPre9_NStem
e_phumelel_is_a_ko	LocPre_VRoot_CausExt_VerbTerm_RelSuf	RelConc9_VRoot_CausExt_VerbTerm_RelSuf	LocPre_VRoot_CausExt_VerbTerm_RelSuf	RelConc9_VRoot_CausExt_VerbTerm_RelSuf
.	Punc	Punc	Punc	Punc
u_ku_hlanganyela	NPrePre15_BPre15_NStem	NPrePre15_BPre15_NStem	NPrePre15_BPre15_NStem	NPrePre15_BPre15_VRoot_VerbTerm
kwa_u_mu_phakathi	PossConc15_NPrePre3_BPre3_NStem	PossConc15_NPrePre3_BPre3_NStem	PossConc15_NPrePre3_BPre3_NStem	PossConc15_NPrePre3_BPre3_NStem
ku_yi_kambiso	BPre15_CopPre_NStem	BPre15_CopPre_NStem	BPre15_CopPre_NStem	BPre15_OC15_NStem
e_tlhog_a	RelConc9_Intrans_VerbTerm	RelConc4_Intrans_VerbTerm	RelConc9_Intrans_VerbTerm	RelConc4_NStem
u_ku_fak_w_a	NPrePre15_BPre15_VRoot_PassExt_VerbTerm	NPrePre15_BPre15_VRoot_PassExt_VerbTerm	NPrePre15_BPre15_VRoot_PassExt_VerbTerm	NPrePre15_BPre15_VRoot_PassExt_VerbTerm
kwa_u_mu_phakathi	PossConc15_NPrePre3_BPre3_NStem	PossConc15_NPrePre3_BPre3_NStem	PossConc15_NPrePre3_BPre3_NStem	PossConc15_NPrePre3_BPre3_NStem
ki_zo	LocPre_PronStem10	LocPre_PronStem10	LocPre_PronStem10	LocPre_PronStem10
zo_ke	QuantConc8_QuantStem	QuantConc10_QuantStem	QuantConc8_QuantStem	QuantConc10_QuantStem
i_in_gaba	NPrePre8_NPre8_NStem	NPrePre8_NPre8_NStem	NPrePre8_NPre8_NStem	NPrePre8_NPre8_NStem
.	Punc	Punc	Punc	Punc
a_ma_komidi	NPrePre6_BPre6_NStem	NPrePre6_BPre6_NStem	NPrePre6_BPre6_NStem	NPrePre6_BPre6_NStem
w_a_mawadi	PossConc6_LocPre_NStem	PossConc6_LocPre_NStem	PossConc6_LocPre_NStem	PossConc6_BPre6_NStem
a_tlhog_a	RelConc6_Intrans_VerbTerm	RelConc6_Intrans_VerbTerm	RelConc6_Intrans_VerbTerm	RelConc6_Intrans_VerbTerm
u_ku_thol_a	NPrePre15_BPre15_VRoot_VerbTerm	NPrePre15_BPre15_VRoot_VerbTerm	NPrePre15_BPre15_VRoot_VerbTerm	NPrePre15_BPre15_VRoot_VerbTerm
i_n_dlela	NPrePre9_BPre9_NStem	NPrePre9_BPre9_NStem	NPrePre9_BPre9_NStem	NPrePre9_BPre9_NStem
e_hle	AdjPref9_AdjStem	AdjPref9_AdjStem	AdjPref9_AdjStem	RelConc9_VRoot_VerbTerm
ya_u_ku_dlul_is_a	PossConc9_NPrePre15_BPre15_VRoot_CausExt_VerbTerm	PossConc9_NPrePre15_BPre15_VRoot_CausExt_VerbTerm	PossConc9_NPrePre15_BPre15_VRoot_CausExt_VerbTerm	PossConc9_BPre15_VRoot_CausExt_VerbTerm
u_mu_layezo	NPrePre3_BPre3_NStem	NPrePre3_BPre3_NStem	NPrePre3_BPre3_NStem	NPrePre3_BPre3_NStem
ku_lawul_w_e	SC15_VRoot_PassExt_VerbTerm	BPre15_VRoot_PassExt_VerbTerm	SC15_VRoot_PassExt_VerbTerm	BPre15_VRoot_PassExt_VerbTerm
ku_ku_th_i	BPre15_OC15_VRoot_VerbTerm	SC15_OC15_VRoot_VerbTerm	BPre15_OC15_VRoot_VerbTerm	SC15_SC15_VRoot_VerbTerm
u_mu_layezo	NPrePre3_BPre3_NStem	NPrePre3_BPre3_NStem	NPrePre3_BPre3_NStem	NPrePre3_BPre3_NStem
loyo	Dem3_Pos2		Dem3_Pos2	
u_ya	BPre3_NStem	NPrePre1a_NStem	BPre3_NStem	SC1_VRoot_VerbTerm
ku_bani	BPre15_Interrog	BPre17_Interrog	BPre15_Interrog	BPre17_Interrog
.	Punc	Punc	Punc	Punc
i_si_bonelo	NPrePre7_BPre7_NStem	NPrePre7_BPre7_NStem	NPrePre7_BPre7_NStem	NPrePre7_BPre7_NStem
nangabe	Conj	Conj	Conj	Conj
i_n_daba	NPrePre9_BPre9_NStem	NPrePre9_BPre9_NStem	NPrePre9_BPre9_NStem	NPrePre9_BPre9_NStem
i_phath_el_an_ile	SC4_VRoot_ApplExt_RecipExt_Perf	SC4_VRoot_ApplExt_RecipExt_Perf	SC4_VRoot_ApplExt_RecipExt_Perf	SC4_VRoot_ApplExt_RecipExt_Perf
na_a_ba_ntu	AdvPre_NPrePre2_BPre2_NStem	AdvPre_NPrePre2_BPre2_NStem	AdvPre_NPrePre2_BPre2_NStem	AdvPre_NPrePre2_BPre2_NStem
aba_tjha	RelConc2_NStem	RelConc2_NStem	RelConc2_NStem	AdjPref2_NStem
u_mu_biko	NPrePre3_BPre3_NStem	NPrePre3_BPre3_NStem	NPrePre3_BPre3_NStem	NPrePre3_BPre1_NStem
obu_y_a_ko	RelConc3_VRoot_VerbTerm_RelSuf	RelConc14_VRoot_VerbTerm_RelSuf	RelConc3_VRoot_VerbTerm_RelSuf	RelConc14_VRoot_VerbTerm_RelSuf
u_nga_nikelwe	BPre3_NegPre_NStem	NPrePre1a_NegPre_NStem	BPre3_NegPre_NStem	NPrePre1a_NegPre_NStem
e_i_li_hlelo_ini	LocPre_NPrePre5_BPre5_NStem_LocSuf	LocPre_NPrePre5_BPre5_NStem_LocSuf	LocPre_NPrePre5_BPre5_NStem_LocSuf	LocPre_NPrePre5_BPre5_NStem_LocSuf
la_a_ba_ntu	PossConc5_NPrePre2_BPre2_NStem	PossConc5_NPrePre2_BPre2_NStem	PossConc5_NPrePre2_BPre2_NStem	PossConc5_NPrePre2_BPre2_NStem
a_ba_tjha	NPrePre2_BPre2_NStem	NPrePre2_BPre2_NStem	NPrePre2_BPre2_NStem	RelConc2_AdjStem
e_mrhatjho_eni	LocPre_NStem_LocSuf	LocPre_NStem_LocSuf	LocPre_NStem_LocSuf	LocPre_NStem_LocSuf
nanyana	Conj	Conj	Conj	BPre5_NStem_DimSuf
kwa_esi_nye	PossConc15_AdjPref7_AdjStem	PossConc15_AdjPref7_AdjStem	PossConc15_AdjPref7_AdjStem	PossConc15_AdjPref7_AdjStem
i_si_ehlakalo	NPrePre7_BPre7_NStem	NPrePre7_BPre7_NStem	NPrePre7_BPre7_NStem	NPrePre4_NStem
,	Punc	Punc	Punc	Punc
esi_fan_a	RelConc7_VRoot_VerbTerm	RelConc7_VRoot_VerbTerm	RelConc7_VRoot_VerbTerm	RelConc7_VRoot_VerbTerm
na_i_ze_mi_dlalo	AdvPre_NPrePre8_BPre8_BPre4_NStem	AdvPre_NPrePre8_BPre8_BPre8_NStem	AdvPre_NPrePre8_BPre8_BPre4_NStem	AdvPre_NPrePre8_BPre8_BPre8_NStem
,	Punc	Punc	Punc	Punc
leyo	Dem9_Pos2		Dem9_Pos2	
a_ba_ntu	NPrePre2_BPre2_NStem	NPrePre2_BPre2_NStem	NPrePre2_BPre2_NStem	NPrePre2_BPre2_NStem
aba_tjha	AdjPref2_AdjStem	RelConc2_AdjStem	AdjPref2_AdjStem	RelConc2_AdjStem
aba_zi_bandakany_a	RelConc2_OC10_VRoot_VerbTerm	RelConc2_OC10_VRoot_VerbTerm	RelConc2_OC10_VRoot_VerbTerm	RelConc2_OC10_VRoot_VerbTerm
ki_yo	LocPre_PronStem9	LocPre_PronStem9	LocPre_PronStem9	LocPre_PronStem9
.	Punc	Punc	Punc	Punc
zo_ke	QuantConc10_QuantStem	QuantConc10_QuantStem	QuantConc10_QuantStem	QuantConc10_QuantStem
i_in_koro	NPrePre10_BPre10_NStem	NPrePre10_BPre10_NStem	NPrePre10_BPre10_NStem	NPrePre4_NStem
za_u_mu_phakathi	PossConc10_NPrePre3_BPre3_NStem	PossConc10_NPrePre3_BPre3_NStem	PossConc10_NPrePre3_BPre3_NStem	PossConc10_NPrePre3_BPre3_NStem
,	Punc	Punc	Punc	Punc
u_ku_fak_a	NPrePre15_BPre15_VRoot_VerbTerm	NPrePre15_BPre15_VRoot_VerbTerm	NPrePre15_BPre15_VRoot_VerbTerm	NPrePre15_BPre15_VRoot_VerbTerm
hlanga_ana	NStem_DimSuf	NStem_DimSuf	NStem_DimSuf	NStem_DimSuf
i_im_bethamthetho	NPrePre8_BPre9_NStem	NPrePre4_BPre4_NStem	NPrePre8_BPre9_NStem	NPrePre4_BPre4_NStem
na_i_li_phiko	AdvPre_NPrePre5_BPre5_NStem	AdvPre_NPrePre5_BPre5_NStem	AdvPre_NPrePre5_BPre5_NStem	AdvPre_NPrePre5_BPre5_NStem
le_zo_bulungiswa	AdvPre_Pres_NStem	Fut_NStem	AdvPre_Pres_NStem	PossConc5_NPrePre4_Fut_NStem
,	Punc	Punc	Punc	Punc
ku_fan_el_e	OC15_VRoot_ApplExt_VerbTerm	OC15_VRoot_ApplExt_VerbTerm	OC15_VRoot_ApplExt_VerbTerm	OC15_VRoot_ApplExt_VerbTerm
zi_qinis_ek_is_e	SC8_VRoot_NeutExt_CausExt_VerbTerm	SC8_VRoot_NeutExt_CausExt_VerbTerm	SC8_VRoot_NeutExt_CausExt_VerbTerm	Pres_NStem
bo_nyana	BPre2_NStem	BPre2_NStem	BPre2_NStem	BPre2_NStem
a_ma_khakhazela	NPrePre6_BPre6_NStem	NPrePre6_BPre6_NStem	NPrePre6_BPre6_NStem	NPrePre6_BPre6_NStem
w_e_tuthuko	PossConc6_LocPre_NStem	PossConc1a_LocPre_NStem	PossConc6_LocPre_NStem	PossConc1a_LocPre_NStem
a_funyanwa	RelConc6_NStem	RelConc6_NStem	RelConc6_NStem	RelConc6_Intrans_VerbTerm
ngi_labo	SC2_PronStem2	CopPre	SC2_PronStem2	CopPre
a_ba_tlhaga	NPrePre2_BPre2_NStem	NPrePre2_BPre2_NStem	NPrePre2_BPre2_NStem	RelConc2_VRoot_VerbTerm
khulu	Adv	Adv	Adv	Adv
na_labo	AdvPre_Dem2_Pos2	AdvPre	AdvPre_Dem2_Pos2	AdvPre
e_be_gade	LocPre_BPre2_Adv	LocPre_BPre2_Adv	LocPre_BPre2_Adv	LocPre_BPre2_Adv
ba_dinyw_e	SC2_Intrans_VerbTerm	SC2_Intrans_VerbTerm	SC2_Intrans_VerbTerm	SC2_Intrans_VerbTerm
a_ma_thuba	NPrePre6_BPre6_NStem	NPrePre6_BPre6_NStem	NPrePre6_BPre6_NStem	NPrePre6_BPre6_NStem
,	Punc	Punc	Punc	Punc
nga_u_ku_enz_a	AdvPre_NPrePre15_BPre15_VRoot_VerbTerm	AdvPre_NPrePre15_BPre15_VRoot_VerbTerm	AdvPre_NPrePre15_BPre15_VRoot_VerbTerm	AdvPre_NPrePre15_BPre15_VRoot_VerbTerm
njalo	Adv	Adv	Adv	Adv
ku_za_b_e	SC15_Fut_VRoot_VerbTerm	SC15_Fut_VRoot_VerbTerm	SC15_Fut_VRoot_VerbTerm	SC15_Fut_VRoot_VerbTerm
ku_balekelw_a	SC15_VRoot_VerbTerm	OC15_VRoot_VerbTerm	SC15_VRoot_VerbTerm	BPre15_VRoot_PassExt_VerbTerm
i_kghonakalo	NPrePre4_NStem	NPrePre4_NStem	NPrePre4_NStem	NPrePre4_NStem
ya_i_mi_zamo	PossConc4_NPrePre4_BPre4_NStem	PossConc4_NPrePre4_BPre4_NStem	PossConc4_NPrePre4_BPre4_NStem	PossConc4_BPre4_NStem
e_nga_enz_iw_a	RelConc4_AdvPre_VRoot_PassExt_VerbTerm	RelConc9_AdvPre_VRoot_PassExt_VerbTerm	RelConc4_AdvPre_VRoot_PassExt_VerbTerm	RelConc4_OC1_VRoot_PassExt_VerbTerm
zi_in_qhenyana	BPre8_BPre9_NStem	BPre10_BPre8_NStem	BPre8_BPre9_NStem	BPre10_BPre8_NStem
ezi_zi_tjhej_a	RelConc8_BPre8_Intrans_VerbTerm	RelConc10_BPre8_Intrans_VerbTerm	RelConc8_BPre8_Intrans_VerbTerm	RelConc8_BPre8_Intrans_VerbTerm
zo_na	PronStem10_PronSuf	PronStem10_PronSuf	PronStem10_PronSuf	PronStem10_PronSuf
zi_zo_dwa	SC4_OC8_PronStem8	SC10_Fut_QuantStem	SC4_OC8_PronStem8	BPre8_NStem
yo_ku_vikela	PossConc9_BPre15_NStem	PossConc4_BPre15_NStem	PossConc9_BPre15_NStem	PossConc9_NPrePre15_BPre15_VRoot_VerbTerm
i_in_kareko	NPrePre10_BPre10_NStem	NPrePre10_BPre10_NStem	NPrePre10_BPre10_NStem	NPrePre4_NStem
za_zo	PossConc10_PronStem10	PossConc10_PronStem10	PossConc10_PronStem10	PossConc10_PronStem10
ngo_ku_dlelezel_a	AdvPre_OC15_VRoot_VerbTerm	AdvPre_BPre15_VRoot_VerbTerm	AdvPre_OC15_VRoot_VerbTerm	AdvPre_NStem
i_mi_phakathi	NPrePre4_BPre4_NStem	NPrePre4_BPre4_NStem	NPrePre4_BPre4_NStem	NPrePre4_BPre4_NStem
e_nga_na_mandla	RelConc4_AdvPre_CopPre_RelStem	RelConc9_AdvPre_AdvPre_RelStem	RelConc4_AdvPre_CopPre_RelStem	RelConc9_Pot_AdvPre_RelStem
njenga_zo	AdvPre_PronStem8	AdvPre_PronStem10	AdvPre_PronStem8	AdvPre_PronStem10
.	Punc	Punc	Punc	Punc
i_sewula	NPrePre4_NStem	NPrePre4_NStem	NPrePre4_NStem	NPrePre4_NStem
Afrika	ProperName	ProperName	ProperName	ProperName
ku_fan_el_e	OC16_VRoot_ApplExt_VerbTerm	OC15_VRoot_ApplExt_VerbTerm	OC16_VRoot_ApplExt_VerbTerm	OC15_VRoot_ApplExt_VerbTerm
ba_nyana	BPre2_NStem	BPre2_NStem	BPre2_NStem	BPre2_NStem
i_sebenz_is_e	SC9_VRoot_CausExt_VerbTerm	SC9_VRoot_CausExt_VerbTerm	SC9_VRoot_CausExt_VerbTerm	SC9_VRoot_CausExt_VerbTerm
a_ma_ndlayo	NPrePre6_BPre6_NStem	NPrePre6_BPre6_NStem	NPrePre6_BPre6_NStem	NPrePre6_BPre6_NStem
u_ku_khul_is_a	NPrePre15_BPre15_VRoot_CausExt_VerbTerm	NPrePre15_BPre15_VRoot_CausExt_VerbTerm	NPrePre15_BPre15_VRoot_CausExt_VerbTerm	NPrePre15_BPre15_VRoot_CausExt_VerbTerm
i_nani	NPrePre5_NStem	NPrePre5_NStem	NPrePre5_NStem	NPrePre5_NStem
le_i_pahla	AdvPre_NPrePre4_NStem	PossConc5_NPrePre4_NStem	AdvPre_NPrePre4_NStem	PossConc5_NPrePre4_NStem
e_thengis_el_w_a	RelConc9_VRoot_ApplExt_PassExt_VerbTerm	RelConc9_VRoot_ApplExt_PassExt_VerbTerm	RelConc9_VRoot_ApplExt_PassExt_VerbTerm	RelConc9_VRoot_ApplExt_PassExt_VerbTerm
i_i_narha	NPrePre4_NPrePre10_NStem	NPrePre10_BPre10_NStem	NPrePre4_NPrePre10_NStem	NPrePre10_BPre10_NStem
za_nga_phandle	PossConc10_AdvPre_Adv	SC10_AdvPre_Adv	PossConc10_AdvPre_Adv	SC10_AdvPre_Adv
.	Punc	Punc	Punc	Punc
nangabe	Conj	Conj	Conj	Conj
i_rherho	NPrePre5_NStem	NPrePre4_NStem	NPrePre5_NStem	NPrePre4_NStem
le_zo_mnotho	PossConc5_PossConc3_NStem	PossConc5_PossConc3_NStem	PossConc5_PossConc3_NStem	PossConc5_LocPre_PossConc3_NStem
li_ya_bhalelwa	BPre5_Pres_NStem	BPre5_Pres_NStem	BPre5_Pres_NStem	PossConc9_NStem
Ko_khunye	PossConc15_NStem	PossConc15_NStem	PossConc15_NStem	PossConc15_NStem
,	Punc	Punc	Punc	Punc
ku_fan_el_e	OC16_VRoot_ApplExt_VerbTerm	OC15_VRoot_ApplExt_VerbTerm	OC16_VRoot_ApplExt_VerbTerm	OC15_VRoot_ApplExt_VerbTerm
li_enz_e	OC5_VRoot_VerbTerm	OC5_VRoot_VerbTerm	OC5_VRoot_VerbTerm	OC5_VRoot_VerbTerm
ngcono_ana	NStem_DimSuf	NStem_DimSuf	NStem_DimSuf	NStem_DimSuf
Ko_khunye	PossConc15_NStem	PossConc15_NStem	PossConc15_NStem	PossConc15_NStem
.	Punc	Punc	Punc	Punc
i_in_zuzo	NPrePre4_BPre9_NStem	NPrePre10_BPre10_NStem	NPrePre4_BPre9_NStem	NPrePre4_NStem
ezi_madaniseka_ko	RelConc8_NStem_RelSuf	RelConc8_NStem_RelSuf	RelConc8_NStem_RelSuf	RelConc8_BPre6_NStem_RelSuf
ze_narha	PossConc10_NStem	PossConc10_NStem	PossConc10_NStem	Pres_NStem
zi_fak_a	SC10_VRoot_VerbTerm	SC10_VRoot_VerbTerm	SC10_VRoot_VerbTerm	SC10_VRoot_VerbTerm
ku_hlanga_ana	NPre15_NStem_DimSuf	NPre15_NStem_DimSuf	NPre15_NStem_DimSuf	NStem_DimSuf
i_mi_thombo	NPrePre4_BPre4_NStem	NPrePre4_BPre4_NStem	NPrePre4_BPre4_NStem	NPrePre4_BPre4_NStem
ya_zo	PossConc9_NStem	PossConc9_NStem	PossConc9_NStem	PossConc9_NStem
ya_i_zenjiwa	PossConc4_NPrePre4_NStem	PossConc9_NPrePre4_NStem	PossConc4_NPrePre4_NStem	PossConc9_NStem
na_i_zin_tho	AdvPre_NPrePre10_BPre10_NStem	AdvPre_NPrePre10_BPre10_NStem	AdvPre_NPrePre10_BPre10_NStem	AdvPre_NPrePre10_BPre10_NStem
ze_m_velo	Pres_BPre3_NStem	PossConc8_BPre10_NStem	Pres_BPre3_NStem	PossConc10_NPrePre9_BPre9_NStem
,	Punc	Punc	Punc	Punc
i_koro	NPrePre4_NStem	NPrePre4_NStem	NPrePre4_NStem	NPrePre4_NStem
ya_i_mi_sebenzi	PossConc4_NPrePre4_BPre4_NStem	PossConc4_NPrePre4_BPre4_NStem	PossConc4_NPrePre4_BPre4_NStem	PossConc4_NPrePre4_BPre4_NStem
ye_emali	PossConc4_NStem	PossConc4_NStem	PossConc4_NStem	PossConc4_LocPre_NStem
na_i_mi_sebenzi	AdvPre_NPrePre4_BPre4_NStem	AdvPre_NPrePre4_BPre4_NStem	AdvPre_NPrePre4_BPre4_NStem	AdvPre_NPrePre4_BPre4_NStem
e_ne_lu_azi	NPre6_AdvPre_BPre11_NStem	LocPre_AdvPre_BPre11_NStem	NPre6_AdvPre_BPre11_NStem	LocPre_AdvPre_BPre11_NStem
eli_nab_ile_ko	RelConc5_VRoot_Perf_RelSuf	RelConc5_VRoot_Perf_RelSuf	RelConc5_VRoot_Perf_RelSuf	RelConc5_VRoot_Perf_RelSuf
,	Punc	Punc	Punc	Punc
ukuba	Conj	Conj	Conj	Conj
s_e_duze	PossConc7_LocPre_NStem	PossConc7_LocPre_NStem	PossConc7_LocPre_NStem	PossConc7_LocPre_NStem
na_ma_makethe	AdvPre_BPre6_NStem	AdvPre_BPre6_NStem	AdvPre_BPre6_NStem	AdvPre_BPre6_NStem
w_e_Afrika	PossConc6_LocPre_ProperName	PossConc3_LocPre_ProperName	PossConc6_LocPre_ProperName	PossConc1a_LocPre_NStem
a_khul_a	SC6_VRoot_VerbTerm	SC6_VRoot_VerbTerm	SC6_VRoot_VerbTerm	SC6_VRoot_VerbTerm
ngo_ku_rhab_a	AdvPre_OC15_Intrans_VerbTerm	AdvPre_OC15_Intrans_VerbTerm	AdvPre_OC15_Intrans_VerbTerm	AdvPre_OC15_Intrans_VerbTerm
,	Punc	Punc	Punc	Punc
a_ma_yunivesithi	NPrePre6_BPre6_NStem	NPrePre6_BPre6_NStem	NPrePre6_BPre6_NStem	NPrePre6_BPre6_NStem
we_khwalithi	PossConc1a_NStem	PossConc5_NStem	PossConc1a_NStem	PossConc3_NStem
e_phezulu	LocPre_Adv	LocPre_Adv	LocPre_Adv	LocPre_Adv
ka_nye	AdvPre_AdjStem	AdvPre_AdjStem	AdvPre_AdjStem	AdvPre_AdjStem
na_i_koro	AdvPre_BPre5_NStem	AdvPre_BPre5_NStem	AdvPre_BPre5_NStem	AdvPre_BPre5_NStem
e_khiqiz_a_ko	RelConc9_VRoot_VerbTerm_RelSuf	RelConc9_VRoot_VerbTerm_RelSuf	RelConc9_VRoot_VerbTerm_RelSuf	RelConc9_VRoot_VerbTerm_RelSuf
ye_ze_limo	PossConc9_PossConc8_NStem	PossConc9_PossConc8_NStem	PossConc9_PossConc8_NStem	PossConc9_PossConc8_NStem
ya_i_si_khathi	PossConc9_NPrePre7_BPre7_NStem	PossConc9_NPrePre7_BPre7_NStem	PossConc9_NPrePre7_BPre7_NStem	PossConc9_NPrePre7_BPre7_NStem
sa_nje	SC7_Adv	SC7_Adv	SC7_Adv	SC7_Adv
.	Punc	Punc	Punc	Punc
be_godu	PossConc14_NStem	PossConc14_NStem	PossConc14_NStem	Conj
i_sewula	NPrePre4_NStem	NPrePre4_NStem	NPrePre4_NStem	NPrePre4_NStem
Afrika	ProperName	ProperName	ProperName	ProperName
i_na_ma_khampani	NPrePre8_BPre8_BPre6_NStem	BPre9_AdvPre_BPre6_NStem	NPrePre8_BPre8_BPre6_NStem	BPre9_AdvPre_BPre6_NStem
a_ba_rholi	NPrePre2_BPre2_NStem	NPrePre2_BPre2_NStem	NPrePre2_BPre2_NStem	NPrePre2_BPre2_NStem
e_phasi_ini	LocPre_NStem_LocSuf	LocPre_NStem_LocSuf	LocPre_NStem_LocSuf	LocPre_NStem_LocSuf
lo_ke	QuantConc11_QuantStem	QuantConc11_QuantStem	QuantConc11_QuantStem	QuantConc11_QuantStem
e_en_koro_eni	LocPre_BPre9_NStem_LocSuf	LocPre_BPre9_NStem_LocSuf	LocPre_BPre9_NStem_LocSuf	LocPre_NStem_LocSuf
ezi_njenge_koro	NPre6_AdvPre_NStem	RelConc8_AdvPre_NStem	NPre6_AdvPre_NStem	RelConc8_NStem
ya_u_ku_akh_a	PossConc9_NPrePre15_BPre15_VRoot_VerbTerm	PossConc9_NPrePre15_BPre15_VRoot_VerbTerm	PossConc9_NPrePre15_BPre15_VRoot_VerbTerm	PossConc9_NPrePre15_BPre15_VRoot_VerbTerm
i_zi_akhiwo	NPrePre8_BPre8_NStem	NPrePre4_BPre4_NStem	NPrePre8_BPre8_NStem	NPrePre4_BPre4_NStem
za_u_mu_phakathi	PossConc10_NPrePre3_BPre3_NStem	PossConc10_NPrePre3_BPre3_NStem	PossConc10_NPrePre3_BPre3_NStem	PossConc10_NPrePre3_BPre3_NStem
.	Punc	Punc	Punc	Punc
i_lu_az_i	SC9_OC11_VRoot_VerbTerm	SC9_OC11_VRoot_VerbTerm	SC9_OC11_VRoot_VerbTerm	BPre9_BPre11_NStem
-	Punc	Punc	Punc	Punc
i_si_bonelo	NPrePre7_BPre7_NStem	NPrePre7_BPre7_NStem	NPrePre7_BPre7_NStem	NPrePre7_BPre7_NStem
,	Punc	Punc	Punc	Punc
u_mu_khandlu	NPrePre3_BPre3_NStem	NPrePre3_BPre3_NStem	NPrePre3_BPre3_NStem	NPrePre3_BPre3_NStem
wa_i_li_khaya	PossConc3_NPrePre5_BPre5_NStem	PossConc3_NPrePre5_BPre5_NStem	PossConc3_NPrePre5_BPre5_NStem	PossConc3_NPrePre5_BPre5_NStem
awu_ka_vumel_ek_i	NegPre_AdvPre_VRoot_NeutExt_VerbTerm	NegPre_AdvPre_VRoot_NeutExt_VerbTerm	NegPre_AdvPre_VRoot_NeutExt_VerbTerm	NegPre_ExclNeg_VRoot_ApplExt_NeutExt_VerbTerm
u_ku_nikel_a	NPrePre15_BPre15_VRoot_VerbTerm	NPrePre15_BPre15_VRoot_VerbTerm	NPrePre15_BPre15_VRoot_VerbTerm	NPrePre15_BPre15_VRoot_VerbTerm
u_mu_phakathi	NPrePre3_BPre3_NStem	NPrePre3_BPre3_NStem	NPrePre3_BPre3_NStem	NPrePre3_BPre3_NStem
a_ma_minidi	NPrePre6_BPre6_NStem	NPrePre6_BPre6_NStem	NPrePre6_BPre6_NStem	NPrePre6_BPre6_NStem
namtjhana	Conj	Conj	Conj	Conj
a_ma_bhajedi	NPrePre6_BPre6_NStem	NPrePre6_BPre6_NStem	NPrePre6_BPre6_NStem	NPrePre6_BPre6_NStem
namtjhana	Conj	Conj	Conj	Conj
i_mi_biko	NPrePre4_BPre4_NStem	NPrePre4_BPre4_NStem	NPrePre4_BPre4_NStem	NPrePre4_BPre4_NStem
ye_e_mali	PossConc4_LocPre_NStem	PossConc4_LocPre_NStem	PossConc4_LocPre_NStem	PossConc4_LocPre_NStem
ka_nye	AdvPre_AdjStem	AdvPre_AdjStem	AdvPre_AdjStem	AdvPre_AdjStem
na_emi_nye	AdvPre_AdjPref4_AdjStem	AdvPre_AdjPref4_AdjStem	AdvPre_AdjPref4_AdjStem	AdvPre_AdjPref4_AdjStem
i_mi_tlolo	NPrePre4_BPre4_NStem	NPrePre4_BPre4_NStem	NPrePre4_BPre4_NStem	NPrePre4_BPre4_NStem
e_tholakal_a_ko	RelConc4_VRoot_VerbTerm_RelSuf	RelConc9_VRoot_VerbTerm_RelSuf	RelConc4_VRoot_VerbTerm_RelSuf	RelConc9_VRoot_NeutExt_VerbTerm_RelSuf
e_u_mu_phakathi_ini	LocPre_NPrePre3_BPre3_NStem_LocSuf	LocPre_NPrePre3_BPre3_NStem_LocSuf	LocPre_NPrePre3_BPre3_NStem_LocSuf	LocPre_NPrePre3_BPre3_NStem_LocSuf
.	Punc	Punc	Punc	Punc
nga_lokho	AdvPre_Dem15_Pos2	AdvPre	AdvPre_Dem15_Pos2	AdvPre
na_u_mu_phakathi	AdvPre_NPrePre3_BPre3_NStem	AdvPre_NPrePre3_BPre3_NStem	AdvPre_NPrePre3_BPre3_NStem	AdvPre_NPrePre3_BPre3_NStem
awu_ku_az_i	NegPre_OC15_VRoot_VerbTerm	NegPre_OC15_VRoot_VerbTerm	NegPre_OC15_VRoot_VerbTerm	NegPre_BPre15_VRoot_VerbTerm
u_ku_enz_a	NPre15_BPre15_VRoot_VerbTerm	NPrePre15_BPre15_VRoot_VerbTerm	NPre15_BPre15_VRoot_VerbTerm	NPrePre15_BPre15_VRoot_VerbTerm
i_in_qunto	NPrePre8_BPre8_NStem	NPrePre4_BPre4_NStem	NPrePre8_BPre8_NStem	NPrePre8_BPre4_NStem
ezi_hlelek_ile_ko	RelConc8_VRoot_Perf_RelSuf	RelConc8_VRoot_Perf_RelSuf	RelConc8_VRoot_Perf_RelSuf	RelConc10_NStem_RelSuf
bo_nyana	BPre2_NStem	BPre2_NStem	BPre2_NStem	BPre2_NStem
ngi_li_phi	SC5_EnumConc5_EnumStem	SC5_EnumConc5_EnumStem	SC5_EnumConc5_EnumStem	SC5_EnumConc5_EnumStem
i_sizo	NPrePre5_NStem	NPrePre5_NStem	NPrePre5_NStem	NPrePre7_BPre7_NStem
le_ze_emali	PossConc5_PossConc8_NStem	PossConc5_BPre8_NStem	PossConc5_PossConc8_NStem	PossConc5_BPre8_LocPre_NStem
eli_khona	RelConc5_Adv	RelConc5_Adv	RelConc5_Adv	RelConc5_Adv
u_ku_akh_a	NPrePre15_BPre15_VRoot_VerbTerm	NPrePre15_BPre15_VRoot_VerbTerm	NPrePre15_BPre15_VRoot_VerbTerm	NPrePre15_BPre15_VRoot_VerbTerm
u_m_tholapilo	NPrePre3_BPre3_NStem	NPrePre3_BPre3_NStem	NPrePre3_BPre3_NStem	NPrePre3_BPre3_NStem
namtjhana	Conj	Conj	Conj	Conj
i_si_kolo	NPrePre7_BPre7_NStem	NPrePre7_BPre7_NStem	NPrePre7_BPre7_NStem	NPrePre7_BPre7_NStem
.	Punc	Punc	Punc	Punc
lokha	Conj	Conj	Conj	Conj
na_wu_enz_a	AdvPre_OC7_VRoot_VerbTerm	AdvPre_OC3_VRoot_VerbTerm	AdvPre_OC7_VRoot_VerbTerm	AdvPre_OC3_VRoot_VerbTerm
i_si_phakamiso	NPrePre7_BPre7_NStem	NPrePre7_BPre7_NStem	NPrePre7_BPre7_NStem	NPrePre7_BPre7_NStem
u_tjel_w_a	SC1_VRoot_PassExt_VerbTerm	SC3_VRoot_PassExt_VerbTerm	SC1_VRoot_PassExt_VerbTerm	BPre1_NStem
bona	AbsPron2	AbsPron2	AbsPron2	AbsPron2
i_i_mali	NPrePre4_BPre4_NStem	NPrePre4_BPre4_NStem	NPrePre4_BPre4_NStem	NPrePre4_BPre4_NStem
a_zikho	NegPre_NStem	NegPre_NStem	NegPre_NStem	NegPre_NStem
,	Punc	Punc	Punc	Punc
kodwana	Conj	Conj	Conj	Conj
u_ya_bhalel_w_a	NPrePre1_Pres_VRoot_PassExt_VerbTerm	NPrePre1a_Pres_VRoot_PassExt_VerbTerm	NPrePre1_Pres_VRoot_PassExt_VerbTerm	SC1a_Pres_VRoot_ApplExt_PassExt_VerbTerm
ku_tjhijila	BPre15_NStem	BPre15_NStem	BPre15_NStem	SC15_VRoot_VerbTerm
i_lu_azi	BPre9_BPre11_NStem	BPre9_BPre11_NStem	BPre9_BPre11_NStem	BPre9_BPre11_NStem
ngombana	Conj	Conj	Conj	Conj
awu_kghon_i	NegPre_VRoot_VerbTerm	NegPre_Intrans_VerbTerm	NegPre_VRoot_VerbTerm	NegPre_VRoot_VerbTerm
u_ku_fumana	NPrePre15_BPre15_NStem	NPrePre15_BPre15_NStem	NPrePre15_BPre15_NStem	NPrePre15_BPre15_VRoot_VerbTerm
i_lu_azi	BPre9_BPre11_NStem	BPre9_BPre11_NStem	BPre9_BPre11_NStem	BPre9_BPre11_NStem
eli_nemb_a_ko	RelConc5_VRoot_VerbTerm_RelSuf	RelConc7_VRoot_VerbTerm_RelSuf	RelConc5_VRoot_VerbTerm_RelSuf	RelConc5_VRoot_VerbTerm_RelSuf
.	Punc	Punc	Punc	Punc
thath_a	VRoot_VerbTerm	VRoot_VerbTerm	VRoot_VerbTerm	VRoot_VerbTerm
i_im_pendulo	NPrePre10_BPre10_NStem	NPrePre10_BPre10_NStem	NPrePre10_BPre10_NStem	NPrePre10_BPre10_NStem
ezi_buy_a	RelConc10_VRoot_VerbTerm	RelConc10_VRoot_VerbTerm	RelConc10_VRoot_VerbTerm	RelConc10_VRoot_VerbTerm
e_e_n_qhema_eni	RelConc9_LocPre_BPre9_NStem_LocSuf	RelConc9_LocPre_BPre9_NStem_LocSuf	RelConc9_LocPre_BPre9_NStem_LocSuf	RelConc9_LocPre_BPre9_NStem_LocSuf
.	Punc	Punc	Punc	Punc
layel_a	VRoot_VerbTerm	VRoot_VerbTerm	VRoot_VerbTerm	VRoot_VerbTerm
a_ba_hlanganyeli	NPre2_BPre2_NStem	NPrePre2_BPre2_NStem	NPre2_BPre2_NStem	NPrePre2_BPre2_NStem
ku_3.3	PossConc15_Num	BPre15_Num	PossConc15_Num	BPre15_Num
e_manothi_ini	LocPre_NStem_LocSuf	LocPre_NStem_LocSuf	LocPre_NStem_LocSuf	LocPre_NStem_LocSuf
w_e_khoso	PossConc6_LocPre_NStem	PossConc6_LocPre_NStem	PossConc6_LocPre_NStem	PossConc6_LocPre_NStem
njenga_i_si_bonelo	AdvPre_NPrePre7_BPre7_NStem	AdvPre_NPrePre7_BPre7_NStem	AdvPre_NPrePre7_BPre7_NStem	AdvPre_NPrePre7_BPre7_NStem
esi_phelel_e_ko	RelConc7_VRoot_VerbTerm_RelSuf	RelConc7_VRoot_VerbTerm_RelSuf	RelConc7_VRoot_VerbTerm_RelSuf	RelConc7_NStem_RelSuf
.	Punc	Punc	Punc	Punc
i_mi_tlamo	NPrePre4_BPre4_NStem	NPrePre4_BPre4_NStem	NPrePre4_BPre4_NStem	NPrePre4_BPre4_NStem
i_qothelwe	NPrePre4_NStem	NPrePre4_NStem	NPrePre4_NStem	SC4_VRoot_PassExt_VerbTerm
khulu_ana	Adv_DimSuf	Adv_DimSuf	Adv_DimSuf	Adv_DimSuf
begodu	Conj	Conj	Conj	Conj
i_bonakal_a	SC9_VRoot_VerbTerm	SC9_VRoot_VerbTerm	SC9_VRoot_VerbTerm	SC9_VRoot_VerbTerm
i_ku_fan_el_e	SC4_OC15_VRoot_ApplExt_VerbTerm	SC4_OC15_VRoot_ApplExt_VerbTerm	SC4_OC15_VRoot_ApplExt_VerbTerm	SC4_OC15_VRoot_ApplExt_VerbTerm
u_ku_sebenz_a	NPrePre15_BPre15_VRoot_VerbTerm	NPrePre15_BPre15_VRoot_VerbTerm	NPrePre15_BPre15_VRoot_VerbTerm	NPrePre15_BPre15_VRoot_VerbTerm
nga_ma_tjhejontangi	AdvPre_BPre6_NStem	AdvPre_BPre6_NStem	AdvPre_BPre6_NStem	AdvPre_BPre6_NStem
we_e_n_qhema	PossConc1_LocPre_BPre9_NStem	PossConc3_LocPre_BPre9_NStem	PossConc1_LocPre_BPre9_NStem	PossConc3_LocPre_BPre9_NStem
zo_ke	QuantConc10_QuantStem	QuantConc10_QuantStem	QuantConc10_QuantStem	QuantConc10_QuantStem
,	Punc	Punc	Punc	Punc
ezi_fak_a	RelConc10_VRoot_VerbTerm	RelConc10_VRoot_VerbTerm	RelConc10_VRoot_VerbTerm	RelConc10_VRoot_VerbTerm
hlanga_ana	NStem_DimSuf	NStem_DimSuf	NStem_DimSuf	NStem_DimSuf
lezo	Dem10_Pos2		Dem10_Pos2	
ezi_limal_a	RelConc8_VRoot_VerbTerm	RelConc10_VRoot_VerbTerm	RelConc8_VRoot_VerbTerm	RelConc10_VRoot_VerbTerm
lula	NStem	NStem	NStem	NStem
.	Punc	Punc	Punc	Punc
u_bu_jamo	NPrePre14_BPre14_NStem	NPrePre14_BPre14_NStem	NPrePre14_BPre14_NStem	NPrePre14_BPre14_NStem
ba_ma_kghono	PossConc2_BPre6_NStem	PossConc2_BPre6_NStem	PossConc2_BPre6_NStem	PossConc2_BPre6_NStem
e_i_mi_sebenzi_ini	LocPre_NPrePre4_BPre4_NStem_LocSuf	LocPre_NPrePre4_BPre4_NStem_LocSuf	LocPre_NPrePre4_BPre4_NStem_LocSuf	LocPre_BPre4_NStem_LocSuf
ya_u_mu_buso	PossConc4_NPrePre3_BPre3_NStem	PossConc4_NPrePre3_BPre3_NStem	PossConc4_NPrePre3_BPre3_NStem	PossConc4_NPrePre3_BPre3_NStem
bu_vez_a	CopPre_VRoot_VerbTerm	SC14_Intrans_VerbTerm	CopPre_VRoot_VerbTerm	SC14_VRoot_VerbTerm
u_bu_jamo	NPrePre14_BPre14_NStem	NPrePre14_BPre14_NStem	NPrePre14_BPre14_NStem	NPrePre14_BPre14_NStem
ba_kghono	BPre2_NStem	PossConc2_NStem	BPre2_NStem	PossConc2_NStem
be_li_zwe	PossConc2_BPre7_NStem	PossConc2_BPre5_NStem	PossConc2_BPre7_NStem	PossConc14_NPrePre5_BPre5_NStem
lo_ke	QuantConc11_QuantStem	QuantConc11_QuantStem	QuantConc11_QuantStem	QuantConc11_QuantStem
.	Punc	Punc	Punc	Punc
ku_na_u_ku_tlhayela	BPre15_AdvPre_NPrePre15_BPre15_NStem	LocPre_AdvPre_NPrePre15_BPre15_NStem	BPre15_AdvPre_NPrePre15_BPre15_NStem	BPre15_AdvPre_NPrePre15_BPre15_VRoot_VerbTerm
oku_khulu	AdjPref15_AdjStem	AdjPref15_AdjStem	AdjPref15_AdjStem	AdjPref15_AdjStem
kwa_a_bodorhodere	PossConc1a_LocPre_NStem	PossConc15_NPrePre6_NStem	PossConc1a_LocPre_NStem	PossConc1a_NStem
aba_wa_azi_ko	RelConc2_CopPre_NStem_RelSuf	RelConc2_Pres_NStem_RelSuf	RelConc2_CopPre_NStem_RelSuf	RelConc2_OC3_VRoot_VerbTerm_RelSuf
u_mu_sebenzi	NPrePre3_BPre3_NStem	NPrePre3_BPre3_NStem	NPrePre3_BPre3_NStem	NPrePre3_BPre3_NStem
,	Punc	Punc	Punc	Punc
a_bo_sonjiniyere	NPrePre2_BPre2_NStem	NPrePre2a_BPre2_NStem	NPrePre2_BPre2_NStem	NPrePre2a_BPre2a_NStem
,	Punc	Punc	Punc	Punc
a_bo_sobizelomsebenzi	NPrePre2_BPre2_NStem	NPrePre2_BPre2_NStem	NPrePre2_BPre2_NStem	NPrePre2_BPre2_NStem
be_theknoloji	PossConc2_NStem	PossConc2_NStem	PossConc2_NStem	PossConc2_NStem
ye_lwazi	PossConc4_NStem	PossConc4_NStem	PossConc4_NStem	PossConc4_NStem
,	Punc	Punc	Punc	Punc
a_bo_siyazi	NPrePre2a_BPre2a_NStem	NPrePre2a_BPre2a_NStem	NPrePre2a_BPre2a_NStem	NPrePre2a_BPre2a_NStem
be_e_sayensi	PossConc14_LocPre_NStem	PossConc2_LocPre_NStem	PossConc14_LocPre_NStem	PossConc14_NStem
yo_ku_phenya	PossConc9_BPre15_NStem	PossConc9_BPre15_NStem	PossConc9_BPre15_NStem	PossConc9_NPrePre15_BPre15_VRoot_VerbTerm
i_mi_landu	NPrePre4_BPre4_NStem	NPrePre4_BPre4_NStem	NPrePre4_BPre4_NStem	NPrePre4_BPre4_NStem
,	Punc	Punc	Punc	Punc
a_ba_setjhi	NPrePre2_BPre2_NStem	NPrePre2_BPre2_NStem	NPrePre2_BPre2_NStem	RelConc2_AdvPre_NStem
,	Punc	Punc	Punc	Punc
a_ba_tlami	NPrePre2_BPre2_NStem	NPrePre2_BPre2_NStem	NPrePre2_BPre2_NStem	NPrePre2_BPre2_NStem
,	Punc	Punc	Punc	Punc
a_ba_phathi	NPrePre2_BPre2_NStem	NPrePre2_BPre2_NStem	NPrePre2_BPre2_NStem	NPrePre2_BPre2_NStem
be_e_n_cwadi	PossConc2_LocPre_BPre8_NStem	PossConc2_LocPre_BPre9_NStem	PossConc2_LocPre_BPre8_NStem	PossConc2_LocPre_NStem
ze_e_mali	PossConc8_LocPre_NStem	PossConc8_LocPre_NStem	PossConc8_LocPre_NStem	Pres_NStem
,	Punc	Punc	Punc	Punc
a_ba_tjhutjhisi	NPrePre2_BPre2_NStem	NPrePre2_BPre2_NStem	NPrePre2_BPre2_NStem	RelConc2_NStem
,	Punc	Punc	Punc	Punc
a_be_luleki	NPrePre2_BPre2_NStem	NPrePre2_BPre2_NStem	NPrePre2_BPre2_NStem	RelConc2_VRoot_VerbTerm
be_kharikhyulamu	PossConc2_NStem	PossConc2_NStem	PossConc2_NStem	PossConc2_NStem
njalonjalo	Adv	Adv	Adv	Adv
.	Punc	Punc	Punc	Punc
ngaphezu	Adv	Adv	Adv	AdvPre_Adv
kwa_lokho	PossConc15_Dem15_Pos2	PossConc15	PossConc15_Dem15_Pos2	PossConc15
,	Punc	Punc	Punc	Punc
i_kghono	NPrePre4_NStem	NPrePre4_NStem	NPrePre4_NStem	NPrePre4_NStem
la_u_ku_phath_a	PossConc5_NPrePre15_BPre15_VRoot_VerbTerm	PossConc5_NPrePre15_BPre15_VRoot_VerbTerm	PossConc5_NPrePre15_BPre15_VRoot_VerbTerm	PossConc5_NPrePre15_BPre15_VRoot_VerbTerm
le_i_stafu	Dem1_Pos1_NPrePre4_NStem	AdvPre_Pos1_NPrePre4	Dem1_Pos1_NPrePre4_NStem	PossConc5_Pos1
esi_phethe_ko	RelConc7_NStem_RelSuf	RelConc7_NStem_RelSuf	RelConc7_NStem_RelSuf	RelConc7_VRoot_VerbTerm_RelSuf
esi_sebenz_a	RelConc7_VRoot_VerbTerm	RelConc7_VRoot_VerbTerm	RelConc7_VRoot_VerbTerm	RelConc7_VRoot_VerbTerm
e_bu_jam_e_ini	LocPre_SC14_VRoot_VerbTerm_LocSuf	LocPre_SC14_VRoot_VerbTerm_LocSuf	LocPre_SC14_VRoot_VerbTerm_LocSuf	LocPre_SC14_VRoot_VerbTerm_LocSuf
obu_hlangahlangeneko	RelConc14_NStem	RelConc14_NStem	RelConc14_NStem	RelConc14_NStem_RelSuf
be_e_n_hlangano	PossConc2_LocPre_BPre9_NStem	PossConc2_LocPre_BPre9_NStem	PossConc2_LocPre_BPre9_NStem	PossConc2_LocPre_BPre9_NStem
,	Punc	Punc	Punc	Punc
be_polotiki	PossConc2_NStem	PossConc2_NStem	PossConc2_NStem	PossConc2_NStem
na_i_hlalakuhle	AdvPre_NPre9_NStem	AdvPre_NPre9_NStem	AdvPre_NPre9_NStem	AdvPre_NPre9_NStem
li_tlhog_a	SC5_VRoot_VerbTerm	SC5_VRoot_VerbTerm	SC5_VRoot_VerbTerm	BPre4_NStem
i_tjhejo	NPrePre4_NStem	NPrePre4_NStem	NPrePre4_NStem	NPrePre4_NStem
eli_khudlwana	RelConc5_NStem	RelConc5_NStem	RelConc5_NStem	RelConc5_NStem
.	Punc	Punc	Punc	Punc
u_ku_rarulula	NPrePre15_BPre15_NStem	NPrePre15_BPre15_NStem	NPrePre15_BPre15_NStem	NPrePre15_BPre15_NStem
u_ku_tlhayela	NPrePre15_BPre15_NStem	NPrePre15_BPre15_NStem	NPrePre15_BPre15_NStem	NPrePre15_BPre15_NStem
kwa_ma_kghono	PossConc15_BPre15_NStem	PossConc15_BPre6_NStem	PossConc15_BPre15_NStem	PossConc15_BPre15_NStem
wa_bu_thekniki	PossConc1a_BPre14_NStem	PossConc1a_BPre14_NStem	PossConc1a_BPre14_NStem	PossConc3_LocPre_NStem
na_u_ku_phath_a	AdvPre_NPrePre15_BPre15_VRoot_VerbTerm	AdvPre_NPrePre15_BPre15_VRoot_VerbTerm	AdvPre_NPrePre15_BPre15_VRoot_VerbTerm	AdvPre_NPrePre15_BPre15_VRoot_VerbTerm
,	Punc	Punc	Punc	Punc
u_mu_buso	NPrePre3_BPre3_NStem	NPrePre3_BPre3_NStem	NPrePre3_BPre3_NStem	NPrePre3_BPre3_NStem
ku_fan_el_e	OC15_VRoot_ApplExt_VerbTerm	SC15_VRoot_ApplExt_VerbTerm	OC15_VRoot_ApplExt_VerbTerm	SC15_VRoot_ApplExt_VerbTerm
u_b_e	SC2_VRoot_VerbTerm	SC2_VRoot_VerbTerm	SC2_VRoot_VerbTerm	SC2_VRoot_VerbTerm
no_mbono	AdvPre_NStem	AdvPre_NStem	AdvPre_NStem	AdvPre_NPre3_BPre3_NStem
wa_i_si_khathi	PossConc3_NPrePre7_BPre7_NStem	PossConc3_NPrePre7_BPre7_NStem	PossConc3_NPrePre7_BPre7_NStem	PossConc3_NPrePre7_BPre7_NStem
esi_de	AdjPref7_AdjStem	AdjPref7_AdjStem	AdjPref7_AdjStem	AdjPref7_AdjStem
o_wu_thath_a_ko	RelConc3_OC3_VRoot_VerbTerm_RelSuf	RelConc3_OC3_VRoot_VerbTerm_RelSuf	RelConc3_OC3_VRoot_VerbTerm_RelSuf	RelConc3_OC3_VRoot_VerbTerm_RelSuf
mayelana	NStem	NStem	NStem	NStem
na_u_ku_thuthuk_is_a	AdvPre_NPrePre15_BPre15_VRoot_CausExt_VerbTerm	AdvPre_NPrePre15_BPre15_VRoot_CausExt_VerbTerm	AdvPre_NPrePre15_BPre15_VRoot_CausExt_VerbTerm	AdvPre_NPrePre15_BPre15_VRoot_CausExt_VerbTerm
a_ma_kghono	NPrePre6_BPre6_NStem	NPrePre6_BPre6_NStem	NPrePre6_BPre6_NStem	NPrePre6_BPre6_NStem
o_wa_fun_a_ko	RelConc3_OC3_VRoot_VerbTerm_RelSuf	RelConc1_OC3_VRoot_VerbTerm_RelSuf	RelConc3_OC3_VRoot_VerbTerm_RelSuf	SC3_OC3_VRoot_VerbTerm_RelSuf
nga_u_ku_gcugcuzela	AdvPre_NPrePre15_BPre15_NStem	AdvPre_NPrePre15_BPre15_NStem	AdvPre_NPrePre15_BPre15_NStem	AdvPre_NPrePre15_BPre15_VRoot_VerbTerm
a_ba_sebenzi	NPrePre2_BPre2_NStem	NPrePre2_BPre2_NStem	NPrePre2_BPre2_NStem	NPrePre2_BPre2_NStem
bo_nyana	BPre2_NStem	BPre2_NStem	BPre2_NStem	BPre2_NStem
ku_b_e	OC15_VRoot_VerbTerm	OC15_VRoot_VerbTerm	OC15_VRoot_VerbTerm	OC15_VRoot_VerbTerm
na_mabizelo	AdvPre_NStem	AdvPre_NStem	AdvPre_NStem	AdvPre_NStem
aba_wa_landel_a_ko	RelConc2_OC3_VRoot_VerbTerm_RelSuf	RelConc2_OC3_VRoot_VerbTerm_RelSuf	RelConc2_OC3_VRoot_VerbTerm_RelSuf	RelConc2_OC3_VRoot_VerbTerm_RelSuf
e_u_mu_sebenzi_ini	LocPre_NPrePre3_BPre3_NStem_LocSuf	LocPre_NPrePre3_BPre3_NStem_LocSuf	LocPre_NPrePre3_BPre3_NStem_LocSuf	LocPre_NPrePre3_BPre3_NStem_LocSuf
,	Punc	Punc	Punc	Punc
ngo_kwe_lulek_a	AdvPre_SC15_VRoot_VerbTerm	AdvPre_BPre15_VRoot_VerbTerm	AdvPre_SC15_VRoot_VerbTerm	AdvPre_NPrePre15_BPre15_NStem
a_ba_sebenzi	NPrePre2_BPre2_NStem	NPrePre2_BPre2_NStem	NPrePre2_BPre2_NStem	NPrePre2_BPre2_NStem
aba_tjha	AdjPref2_AdjStem	AdjPref2_NStem	AdjPref2_AdjStem	RelConc2_AdjStem
,	Punc	Punc	Punc	Punc
na_ngo_ku_hlanganyela	AdvPre_Pot_BPre15_NStem	AdvPre_AdvPre_BPre15_NStem	AdvPre_Pot_BPre15_NStem	AdvPre_AdvPre_NPrePre15_BPre15_VRoot_VerbTerm
khulu_ana	Adv_DimSuf	Adv_DimSuf	Adv_DimSuf	Adv_DimSuf
na_ma_yunivesithi	AdvPre_BPre6_NStem	AdvPre_BPre6_NStem	AdvPre_BPre6_NStem	AdvPre_BPre6_NStem
ka_nye	AdvPre_AdjStem	AdvPre_AdjStem	AdvPre_AdjStem	AdvPre_AdjStem
ne_e_n_kolo	AdvPre_LocPre_BPre3_NStem	AdvPre_LocPre_BPre8_NStem	AdvPre_LocPre_BPre3_NStem	AdvPre_LocPre_BPre9_NStem
ze_e_m_fundo	PossConc8_LocPre_BPre3_NStem	PossConc10_LocPre_BPre8_NStem	PossConc8_LocPre_BPre3_NStem	PossConc8_LocPre_BPre3_NStem
za_u_ku_phath_a	PossConc8_NPrePre15_BPre15_VRoot_VerbTerm	PossConc10_NPrePre15_BPre15_VRoot_VerbTerm	PossConc8_NPrePre15_BPre15_VRoot_VerbTerm	PossConc8_NPrePre15_BPre15_VRoot_VerbTerm
.	Punc	Punc	Punc	Punc
u_m_tlamo	NPrePre1_BPre1_NStem	NPrePre1_BPre1_NStem	NPrePre1_BPre1_NStem	NPrePre1_BPre1_NStem
w_a_mukeleka	PossConc1a_LocPre_NStem	PossConc1a_LocPre_NStem	PossConc1a_LocPre_NStem	PossConc1a_LocPre_NStem
begodu	Conj	Conj	Conj	Conj
u_thembeka	NPrePre1a_NStem	NPrePre1a_NStem	NPrePre1a_NStem	SC3_VRoot_NeutExt_VerbTerm
lokha	Conj	Conj	Conj	Conj
nangabe	Conj	Conj	Conj	Conj
i_n_dlela	NPrePre9_BPre9_NStem	NPrePre9_BPre9_NStem	NPrePre9_BPre9_NStem	NPrePre9_BPre9_NStem
yo_ku_wu_phumelel_is_a	PossConc9_SC15_OC3_VRoot_CausExt_VerbTerm	PossConc4_BPre15_OC3_VRoot_CausExt_VerbTerm	PossConc9_SC15_OC3_VRoot_CausExt_VerbTerm	PossConc4_BPre15_OC3_NStem
i_ya_kghonakala	NPrePre4_Pres_NStem	NPrePre4_Pres_NStem	NPrePre4_Pres_NStem	NPrePre4_Pres_NStem
.	Punc	Punc	Punc	Punc
ku_na_ngozi	LocPre_AdvPre_NStem	BPre15_AdvPre_NStem	LocPre_AdvPre_NStem	BPre15_AdvPre_NStem
ya_mambala	PossConc1a_NStem	PossConc1a_NStem	PossConc1a_NStem	PossConc1a_NStem
y_o_ikobana	PossConc9_LocPre_NStem	PossConc9_LocPre_NStem	PossConc9_LocPre_NStem	PossConc9_LocPre_NStem
i_ajenda	NPrePre4_NStem	NPrePre4_NStem	NPrePre4_NStem	NPrePre4_NStem
e_thuthuk_is_a_ko	RelConc9_VRoot_CausExt_VerbTerm_RelSuf	RelConc9_VRoot_CausExt_VerbTerm_RelSuf	RelConc9_VRoot_CausExt_VerbTerm_RelSuf	LocPre_VRoot_CausExt_VerbTerm_RelSuf
ye_sewula	PossConc4_NStem	PossConc4_NStem	PossConc4_NStem	PossConc4_NStem
Afrika	ProperName	ProperName	ProperName	ProperName
i_nga_bhal_el_w_a	SC9_AdvPre_VRoot_ApplExt_PassExt_VerbTerm	SC9_AdvPre_VRoot_ApplExt_PassExt_VerbTerm	SC9_AdvPre_VRoot_ApplExt_PassExt_VerbTerm	SC4_AdvPre_VRoot_PassExt_VerbTerm
ngombana	Conj	Conj	Conj	Conj
u_mu_buso	NPrePre3_BPre3_NStem	NPrePre3_BPre3_NStem	NPrePre3_BPre3_NStem	NPrePre3_BPre3_NStem
awu_kghon_i	NegPre_Intrans_VerbTerm	NegPre_VRoot_VerbTerm	NegPre_Intrans_VerbTerm	NegPre_Intrans_VerbTerm
u_ku_yi_phumelel_is_a	NPrePre15_BPre15_Pot_VRoot_CausExt_VerbTerm	NPrePre15_BPre15_CopPre_VRoot_CausExt_VerbTerm	NPrePre15_BPre15_Pot_VRoot_CausExt_VerbTerm	NPrePre15_BPre15_CopPre_NStem
.	Punc	Punc	Punc	Punc
i_komitjhini	NPrePre4_NStem	NPrePre4_NStem	NPrePre4_NStem	NPrePre4_NStem
i_enz_a	SC9_VRoot_VerbTerm	SC4_VRoot_VerbTerm	SC9_VRoot_VerbTerm	SC9_VRoot_VerbTerm
i_im_phakamiso	NPrePre4_BPre10_NStem	NPrePre4_BPre4_NStem	NPrePre4_BPre10_NStem	NPrePre4_BPre10_NStem
ezi_na_i_galelo	RelConc8_AdvPre_NPre5_NStem	RelConc8_AdvPre_NPre5_NStem	RelConc8_AdvPre_NPre5_NStem	RelConc8_AdvPre_PossConc8
zo_ku_tjhugululwa	PossConc8_BPre15_NStem	PossConc10_BPre15_NStem	PossConc8_BPre15_NStem	PossConc10_BPre15_NStem
kwa_a_ma_ziko	PossConc15_NPrePre6_BPre6_NStem	PossConc15_NPrePre6_BPre6_NStem	PossConc15_NPrePre6_BPre6_NStem	PossConc15_BPre6_NStem
u_ku_lungis_a	NPrePre15_BPre15_VRoot_VerbTerm	NPrePre15_BPre15_VRoot_VerbTerm	NPrePre15_BPre15_VRoot_VerbTerm	NPrePre15_BPre15_VRoot_VerbTerm
u_mu_sebenzi	NPrePre3_BPre3_NStem	NPrePre3_BPre3_NStem	NPrePre3_BPre3_NStem	NPrePre3_BPre3_NStem
o_ngalinganiko	RelConc3_NStem	RelConc3_NStem	RelConc3_NStem	BPre2a_AdvPre_NStem
begodu	Conj	Conj	Conj	Conj
omu_mbi	AdjPref3_AdjStem	AdjPref3_AdjStem	AdjPref3_AdjStem	AdjPref3_AdjStem
wa_u_mu_buso	PossConc3_NPrePre3_BPre3_NStem	PossConc1_NPrePre3_BPre3_NStem	PossConc3_NPrePre3_BPre3_NStem	PossConc1_NPrePre3_BPre3_NStem
ne_waka_rhulumende	AdvPre_PossKA_NStem	AdvPre_Pres_NStem	AdvPre_PossKA_NStem	AdvPre_PossConc1_PossKA_NStem
wa_i_li_khaya	PossConc3_NPrePre5_BPre5_NStem	PossConc3_NPrePre5_BPre5_NStem	PossConc3_NPrePre5_BPre5_NStem	PossConc3_NPrePre5_BPre5_NStem
.	Punc	Punc	Punc	Punc
ku_zwisisa	BPre15_NStem	BPre15_NStem	BPre15_NStem	BPre15_NStem
i_in_dlela	NPrePre10_NPre10_NStem	NPrePre10_NPre10_NStem	NPrePre10_NPre10_NStem	NPrePre10_NPre10_NStem
zo_ku_zi_philisa	PossConc10_BPre15_ReflPre_NStem	PossConc8_BPre15_ReflPre_NStem	PossConc10_BPre15_ReflPre_NStem	PossConc8_BPre15_ReflPre_NStem
ze_e_n_qhema	PossConc10_LocPre_BPre9_NStem	PossConc8_LocPre_BPre9_NStem	PossConc10_LocPre_BPre9_NStem	PossConc8_LocPre_BPre9_NStem
ezi_nqoph_ile_ko	RelConc10_VRoot_Perf_RelSuf	RelConc10_VRoot_Perf_RelSuf	RelConc10_VRoot_Perf_RelSuf	RelConc10_VRoot_Perf_RelSuf
ze_hlalakuhle	Pres_NStem	Pres_NStem	Pres_NStem	Pres_NStem
,	Punc	Punc	Punc	Punc
ku_fak_a	BPre15_VRoot_VerbTerm	BPre15_VRoot_VerbTerm	BPre15_VRoot_VerbTerm	BPre15_VRoot_VerbTerm
hlanga_ana	NStem_DimSuf	NStem_DimSuf	NStem_DimSuf	NStem_DimSuf
i_phahla	NPrePre9_NStem	NPrePre9_NStem	NPrePre9_NStem	NPrePre9_NStem
ya_zo	PossConc9_NStem	PossConc9_NStem	PossConc9_NStem	PossConc9_NStem
,	Punc	Punc	Punc	Punc
i_in_tjhijilo	NPrePre8_NPre8_NStem	NPrePre8_NPre8_NStem	NPrePre8_NPre8_NStem	NPrePre8_NPre8_NStem
za_zo	PossConc8_PronStem10	PossConc10_PronStem10	PossConc8_PronStem10	PossConc10_PronStem10
,	Punc	Punc	Punc	Punc
i_mi_phumela	NPrePre4_BPre4_NStem	NPrePre4_BPre4_NStem	NPrePre4_BPre4_NStem	NPrePre4_BPre4_NStem
ya_zo	PossConc9_NStem	PossConc9_NStem	PossConc9_NStem	PossConc9_NStem
e_fun_w_a_ko	SC9_VRoot_PassExt_VerbTerm_RelSuf	RelConc4_VRoot_PassExt_VerbTerm_RelSuf	SC9_VRoot_PassExt_VerbTerm_RelSuf	RelConc4_VRoot_PassExt_VerbTerm_RelSuf
,	Punc	Punc	Punc	Punc
ka_nye	AdvPre_AdjStem	AdvPre_AdjStem	AdvPre_AdjStem	AdvPre_AdjStem
na_a_ma_thuba	AdvPre_NPrePre6_BPre6_NStem	AdvPre_NPrePre6_BPre6_NStem	AdvPre_NPrePre6_BPre6_NStem	AdvPre_NPrePre6_BPre6_NStem
a_khona	RelConc6_Adv	RelConc6_Adv	RelConc6_Adv	RelConc6_Adv
.	Punc	Punc	Punc	Punc
u_wu_phumelel_is_e	NPrePre1a_OC3_VRoot_CausExt_VerbTerm	SC1a_OC3_VRoot_CausExt_VerbTerm	NPrePre1a_OC3_VRoot_CausExt_VerbTerm	NPrePre1a_OC3_VRoot_CausExt_VerbTerm
bu_njani	SC14_Adv	SC14_Adv	SC14_Adv	SC14_Adv
u_m_nqopho	NPrePre3_BPre3_NStem	NPrePre3_BPre3_NStem	NPrePre3_BPre3_NStem	NPrePre3_BPre3_NStem
wa_u_ku_tjhidisa	PossConc3_NPrePre15_BPre15_NStem	PossConc6_NPrePre15_BPre15_NStem	PossConc3_NPrePre15_BPre15_NStem	PossConc3_NPrePre15_BPre15_NStem
u_m_nganakho	NPrePre1_BPre1_NStem	NPrePre1_BPre1_NStem	NPrePre1_BPre1_NStem	NPrePre1_BPre1_NStem
?	Punc	Punc	Punc	Punc
i_si_gaba	NPrePre7_BPre7_NStem	NPrePre7_BPre7_NStem	NPrePre7_BPre7_NStem	NPrePre7_BPre7_NStem
2	Num	Num	Num	Num
si_thom_a	SC7_VRoot_VerbTerm	SC7_VRoot_VerbTerm	SC7_VRoot_VerbTerm	SC7_VRoot_VerbTerm
ngo_ku_cozulul_a	AdvPre_BPre15_VRoot_VerbTerm	AdvPre_BPre15_VRoot_VerbTerm	AdvPre_BPre15_VRoot_VerbTerm	AdvPre_NPrePre15_BPre15_VRoot_VerbTerm
na_u_ku_hlanganis_a	AdvPre_NPrePre15_BPre15_VRoot_VerbTerm	AdvPre_NPrePre15_BPre15_VRoot_VerbTerm	AdvPre_NPrePre15_BPre15_VRoot_VerbTerm	AdvPre_NPrePre15_BPre15_VRoot_CausExt_VerbTerm
i_datha	NPrePre4_NStem	NPrePre4_NStem	NPrePre4_NStem	NPrePre4_NStem
e_bu_thelel_w_e	RelConc9_SC14_VRoot_PassExt_VerbTerm	RelConc9_SC14_VRoot_PassExt_VerbTerm	RelConc9_SC14_VRoot_PassExt_VerbTerm	RelConc9_SC14_VRoot_PassExt_VerbTerm
e_i_mi_sebenzi_ini	LocPre_NPrePre4_BPre4_NStem_LocSuf	LocPre_NPrePre4_BPre4_NStem_LocSuf	LocPre_NPrePre4_BPre4_NStem_LocSuf	LocPre_BPre4_NStem_LocSuf
e_mayelana	RelConc4_NStem	RelConc4_NStem	RelConc4_NStem	RelConc4_NStem
na_u_ku_mebh_a	AdvPre_NPrePre15_BPre15_Intrans_VerbTerm	AdvPre_NPrePre15_BPre15_VRoot_VerbTerm	AdvPre_NPrePre15_BPre15_Intrans_VerbTerm	AdvPre_NPrePre15_BPre15_VRoot_VerbTerm
,	Punc	Punc	Punc	Punc
no_m_tletlana	AdvPre_BPre3_NStem	AdvPre_BPre3_NStem	AdvPre_BPre3_NStem	AdvPre_NPre3_BPre3_NStem
w_e_ndawana	PossConc1_LocPre_NStem	PossConc1_LocPre_NStem	PossConc1_LocPre_NStem	PossConc1_LocPre_NStem
e_yi_sampula	RelConc9_CopPre_NStem	RelConc9_CopPre_NStem	RelConc9_CopPre_NStem	RelConc9_CopPre_Intrans_VerbTerm
,	Punc	Punc	Punc	Punc
ne_landelaniso	AdvPre_NStem	AdvPre_NStem	AdvPre_NStem	AdvPre_NStem
le_ze_hlakalo	PossConc5_BPre8_NStem	PossConc5_BPre8_NStem	PossConc5_BPre8_NStem	PossConc5_BPre8_NStem
ka_nye	AdvPre_AdjStem	AdvPre_AdjStem	AdvPre_AdjStem	AdvPre_AdjStem
na_isi_qhelo	AdvPre_BPre7_NStem	AdvPre_BPre7_NStem	AdvPre_BPre7_NStem	AdvPre_NPrePre7_BPre7_NStem
e_siragel_a	SC9_Intrans_VerbTerm	RelConc9_Intrans_VerbTerm	SC9_Intrans_VerbTerm	RelConc7_NStem
phambili	Adv	Adv	Adv	Adv
.	Punc	Punc	Punc	Punc
nik_el_a	VRoot_ApplExt_VerbTerm	VRoot_ApplExt_VerbTerm	VRoot_ApplExt_VerbTerm	VRoot_ApplExt_VerbTerm
aba_nye	AdjPref2_AdjStem	AdjPref2_AdjStem	AdjPref2_AdjStem	AdjPref2_AdjStem
i_im_bopho	NPrePre8_BPre8_NStem	NPrePre8_BPre8_NStem	NPrePre8_BPre8_NStem	NPrePre8_BPre8_NStem
zo_ku_tlol_a	PossConc8_BPre15_VRoot_VerbTerm	PossConc10_BPre15_VRoot_VerbTerm	PossConc8_BPre15_VRoot_VerbTerm	PossConc8_BPre15_NStem
i_in_gaba	NPrePre8_NPre8_NStem	NPrePre8_NPre8_NStem	NPrePre8_NPre8_NStem	NPrePre8_NPre8_NStem
ezi_thize	RelConc8_NStem	RelConc8_NStem	RelConc8_NStem	RelConc8_NStem
ezi_nqoph_ile_ko	RelConc10_VRoot_Perf_RelSuf	RelConc10_VRoot_Perf_RelSuf	RelConc10_VRoot_Perf_RelSuf	RelConc10_VRoot_Perf_RelSuf
.	Punc	Punc	Punc	Punc
lokhu	Dem15_Pos1		Dem15_Pos1	
ku_thuthuk_is_a	SC15_VRoot_CausExt_VerbTerm	SC15_VRoot_CausExt_VerbTerm	SC15_VRoot_CausExt_VerbTerm	SC15_VRoot_CausExt_VerbTerm
u_bu_nikazi	NPrePre14_BPre14_NStem	NPrePre14_BPre14_NStem	NPrePre14_BPre14_NStem	NPrePre14_BPre14_NStem
begodu	Conj	Conj	Conj	Conj
ku_qinis_ek_is_a	SC15_VRoot_NeutExt_CausExt_VerbTerm	SC15_VRoot_NeutExt_CausExt_VerbTerm	SC15_VRoot_NeutExt_CausExt_VerbTerm	SC15_VRoot_NeutExt_CausExt_VerbTerm
u_ku_enz_iw_a	NPrePre15_BPre15_VRoot_PassExt_VerbTerm	NPrePre15_BPre15_VRoot_PassExt_VerbTerm	NPrePre15_BPre15_VRoot_PassExt_VerbTerm	NPrePre15_BPre15_VRoot_PassExt_VerbTerm
kwa_u_mu_sebenzi	PossConc15_NPrePre3_BPre3_NStem	PossConc15_NPrePre3_BPre3_NStem	PossConc15_NPrePre3_BPre3_NStem	PossConc15_NPrePre3_BPre3_NStem
nge_fanelo	AdvPre_NStem	AdvPre_NStem	AdvPre_NStem	NegPre_NStem
.	Punc	Punc	Punc	Punc
b_o_bani	PossConc2a_LocPre_NStem	PossConc2a_LocPre_NStem	PossConc2a_LocPre_NStem	PossConc2a_LocPre_NStem
aba_ne_kghono	RelConc2_AdvPre_NStem	RelConc2_AdvPre_NStem	RelConc2_AdvPre_NStem	RelConc2_AdvPre_NStem
loku_fuman_a	RelConc15_VRoot_VerbTerm	RelConc15_VRoot_VerbTerm	RelConc15_VRoot_VerbTerm	RelConc15_VRoot_VerbTerm
i_n_tlabagelo	NPrePre8_BPre8_NStem	NPrePre8_BPre8_NStem	NPrePre8_BPre8_NStem	NPrePre8_BPre8_NStem
ze_komidi	Pres_NStem	Pres_NStem	Pres_NStem	Pres_NStem
ye_wadi	PossConc4_NStem	PossConc4_NStem	PossConc4_NStem	PossConc4_NStem
isib	Abbr	Abbr	Abbr	Abbr
.	Punc	Punc	Punc	Punc
ezo_ku_thuth_a	PossConc8_BPre15_VRoot_VerbTerm	PossConc10_BPre15_VRoot_VerbTerm	PossConc8_BPre15_VRoot_VerbTerm	RelConc4_Fut_VRoot_VerbTerm
na	Interrog	Interrog	Interrog	Interrog
?	Punc	Punc	Punc	Punc
a_ma_khomphyutha	NPrePre6_BPre6_NStem	NPrePre6_BPre6_NStem	NPrePre6_BPre6_NStem	NPrePre6_BPre6_NStem
?	Punc	Punc	Punc	Punc
i_mi_tato	NPrePre4_BPre4_NStem	NPrePre4_BPre4_NStem	NPrePre4_BPre4_NStem	NPrePre4_BPre4_NStem
?	Punc	Punc	Punc	Punc
u_ku_thint_an_a	NPrePre15_BPre15_VRoot_RecipExt_VerbTerm	NPrePre15_BPre15_VRoot_RecipExt_VerbTerm	NPrePre15_BPre15_VRoot_RecipExt_VerbTerm	NPrePre15_BPre15_VRoot_RecipExt_VerbTerm
na_ba_dosiphambili	AdvPre_BPre2a_NStem	AdvPre_BPre2_NStem	AdvPre_BPre2a_NStem	AdvPre_BPre2_NStem
kwe_ze_polotiki	PossConc15_PossConc8_NStem	PossConc15_PossConc8_NStem	PossConc15_PossConc8_NStem	PossConc15_PossConc8_NStem
?	Punc	Punc	Punc	Punc
u_ku_thint_an_a	NPrePre15_BPre15_VRoot_RecipExt_VerbTerm	NPrePre15_BPre15_VRoot_RecipExt_VerbTerm	NPrePre15_BPre15_VRoot_RecipExt_VerbTerm	NPrePre15_BPre15_VRoot_RecipExt_VerbTerm
na_beendaba	AdvPre_NStem	AdvPre_NStem	AdvPre_NStem	AdvPre_PossConc2_LocPre_LocPre_BPre9_NStem
?	Punc	Punc	Punc	Punc
e_cozululo_eni	RelConc9_NStem_LocSuf	LocPre_NStem_LocSuf	RelConc9_NStem_LocSuf	LocPre_NStem_LocSuf
la_ngo_bu_nengi	AdvPre_AdvPre_AdjPref14_AdjStem	PossConc5_AdvPre_BPre14_AdjStem	AdvPre_AdvPre_AdjPref14_AdjStem	PossConc5_AdjPref14_AdjStem
i_im_balobalo	NPrePre8_BPre3_NStem	NPrePre4_BPre4_NStem	NPrePre8_BPre3_NStem	NPrePre4_BPre8_NStem
zi_ya_setjenziswa	BPre10_Pres_NStem	BPre8_Pres_NStem	BPre10_Pres_NStem	BPre8_Pres_NStem
e_ku_rhunyezweni	LocPre_BPre15_NStem	LocPre_BPre15_NStem	LocPre_BPre15_NStem	LocPre_BPre15_NStem_LocSuf
kwe_mi_niningwa	PossConc15_NPrePre4_NStem	PossConc15_BPre4_NStem	PossConc15_NPrePre4_NStem	PossConc15_NPrePre4_BPre4_NStem
e_ku_boneni	LocPre_BPre15_NStem	LocPre_BPre15_NStem	LocPre_BPre15_NStem	LocPre_BPre15_NStem
i_tjhebiswano	NPrePre5_NStem	NPrePre4_NStem	NPrePre5_NStem	NPrePre4_NStem
,	Punc	Punc	Punc	Punc
i_sebenz_is_a	SC5_VRoot_CausExt_VerbTerm	SC9_VRoot_CausExt_VerbTerm	SC5_VRoot_CausExt_VerbTerm	SC9_VRoot_CausExt_VerbTerm
i_n_dlela	NPrePre9_BPre9_NStem	NPrePre9_BPre9_NStem	NPrePre9_BPre9_NStem	NPrePre9_BPre9_NStem
yo_ku_hlungela	PossConc9_BPre15_NStem	PossConc9_BPre15_NStem	PossConc9_BPre15_NStem	PossConc9_BPre15_NStem
i_kghono	NPrePre5_NStem	NPrePre4_NStem	NPrePre5_NStem	NPrePre4_NStem
la_u_ku_sebenz_a	PossConc5_NPrePre15_BPre15_VRoot_VerbTerm	PossConc5_NPrePre15_BPre15_VRoot_VerbTerm	PossConc5_NPrePre15_BPre15_VRoot_VerbTerm	PossConc5_NPrePre15_BPre15_VRoot_VerbTerm
no_ku_rarulul_a	AdvPre_OC4_Intrans_VerbTerm	AdvPre_SC15_VRoot_VerbTerm	AdvPre_OC4_Intrans_VerbTerm	AdvPre_NPrePre15_BPre15_VRoot_VerbTerm
i_mi_raro	NPrePre4_BPre4_NStem	NPrePre4_BPre4_NStem	NPrePre4_BPre4_NStem	NPrePre4_BPre4_NStem
.	Punc	Punc	Punc	Punc
e_cozululo_eni	RelConc9_NStem_LocSuf	LocPre_NStem_LocSuf	RelConc9_NStem_LocSuf	LocPre_NStem_LocSuf
le_i_mi_niningwana	AdvPre_NPrePre4_BPre4_NStem	Pos1_BPre4_BPre4	AdvPre_NPrePre4_BPre4_NStem	AdvPre_NPrePre4_BPre4_NStem_DimSuf
y_a_ngo_bu_nengi	PossConc4_LocPre_AdvPre_BPre14_AdjStem	PossConc9_LocPre_AdvPre_BPre14_NStem	PossConc4_LocPre_AdvPre_BPre14_AdjStem	PossConc9_AdvPre_BPre14_AdjStem
i_n_dlela	NPrePre9_BPre9_NStem	NPrePre9_BPre9_NStem	NPrePre9_BPre9_NStem	NPrePre9_BPre9_NStem
ye_kghono	PossConc9_NStem	PossConc4_NStem	PossConc9_NStem	PossConc4_NStem
loku_dosa	RelConc5_NStem	RelConc15_NStem	RelConc5_NStem	PossConc5_NPrePre15_BPre15_VRoot_VerbTerm
u_mu_ntu	NPrePre1_BPre1_NStem	NPrePre1_BPre1_NStem	NPrePre1_BPre1_NStem	NPrePre1_BPre1_NStem
bo_nyana	BPre2_NStem	BPre2_NStem	BPre2_NStem	BPre2_NStem
oku_thile_ko	RelConc15_NStem_RelSuf	RelConc15_NStem_RelSuf	RelConc15_NStem_RelSuf	RelConc15_NStem
ku_ya_setjenz_is_w_a	BPre15_Pres_VRoot_CausExt_PassExt_VerbTerm	BPre15_Pres_VRoot_CausExt_PassExt_VerbTerm	BPre15_Pres_VRoot_CausExt_PassExt_VerbTerm	BPre15_Pres_NStem
.	Punc	Punc	Punc	Punc
i_n_dlela	NPrePre9_BPre9_NStem	NPrePre9_BPre9_NStem	NPrePre9_BPre9_NStem	NPrePre9_BPre9_NStem
yo_ku_dosa	PossConc9_BPre15_NStem	PossConc4_BPre15_NStem	PossConc9_BPre15_NStem	PossConc9_BPre15_VRoot_VerbTerm
u_mu_ntu	NPrePre1_BPre1_NStem	NPrePre1_BPre1_NStem	NPrePre1_BPre1_NStem	NPrePre1_BPre1_NStem
enz_e	VRoot_VerbTerm	VRoot_VerbTerm	VRoot_VerbTerm	VRoot_VerbTerm
oku_thile_ko	RelConc15_NStem_RelSuf	RelConc15_NStem_RelSuf	RelConc15_NStem_RelSuf	RelConc15_NStem
i_ragela	BPre9_NStem	NPrePre4_NStem	BPre9_NStem	NPrePre4_NStem
phambili	Adv	Adv	Adv	Adv
u_ku_suka	NPrePre15_BPre15_NStem	NPrePre15_BPre15_NStem	NPrePre15_BPre15_NStem	NPrePre15_BPre15_VRoot_VerbTerm
ko_ku_nqoph_ile_ko	RelConc15_BPre15_VRoot_Perf_RelSuf	PossConc15_BPre15_VRoot_Perf_RelSuf	RelConc15_BPre15_VRoot_Perf_RelSuf	PossConc15_BPre15_VRoot_Perf_RelSuf
u_ku_y_a	NPrePre15_BPre15_VRoot_VerbTerm	NPrePre15_BPre15_VRoot_VerbTerm	NPrePre15_BPre15_VRoot_VerbTerm	NPrePre15_BPre15_VRoot_VerbTerm
ko_ku_vamil_e_ko	RelConc15_OC15_VRoot_VerbTerm_RelSuf	PossConc15_BPre15_VRoot_VerbTerm_RelSuf	RelConc15_OC15_VRoot_VerbTerm_RelSuf	PossConc15_BPre15_NStem_RelSuf
u_ku_tjh_o	NPrePre15_BPre15_VRoot_VerbTerm	NPrePre15_BPre15_VRoot_VerbTerm	NPrePre15_BPre15_VRoot_VerbTerm	NPrePre15_BPre15_VRoot_VerbTerm
bo_nyana	BPre2_NStem	BPre2_NStem	BPre2_NStem	BPre2_NStem
u_ku_suka	NPrePre15_BPre15_NStem	NPrePre15_BPre15_NStem	NPrePre15_BPre15_NStem	NPrePre15_BPre15_VRoot_VerbTerm
ezi_nto_ini	RelConc8_NStem_LocSuf	RelConc10_NStem_LocSuf	RelConc8_NStem_LocSuf	RelConc8_BPre10_NStem_LocSuf
ezi_mbalwa	RelConc10_RelStem	RelConc10_RelStem	RelConc10_RelStem	RelConc10_RelStem
ezi_bon_w_a	RelConc10_VRoot_PassExt_VerbTerm	RelConc10_VRoot_PassExt_VerbTerm	RelConc10_VRoot_PassExt_VerbTerm	RelConc10_VRoot_PassExt_VerbTerm
u_ku_y_a	NPrePre15_BPre15_VRoot_VerbTerm	NPrePre15_BPre15_VRoot_VerbTerm	NPrePre15_BPre15_VRoot_VerbTerm	NPrePre15_BPre15_VRoot_VerbTerm
ke_ze_siphetho	PossConc15_RelConc8_NStem	PossConc15_PossConc8_NStem	PossConc15_RelConc8_NStem	PossConc15_BPre10_NStem
esi_vam_ile_ko	RelConc7_VRoot_Perf_RelSuf	RelConc7_VRoot_Perf_RelSuf	RelConc7_VRoot_Perf_RelSuf	RelConc7_VRoot_Perf_RelSuf
.	Punc	Punc	Punc	Punc
i_lidele_ko	NPrePre9_NStem_RelSuf	NPrePre4_NStem_RelSuf	NPrePre9_NStem_RelSuf	NPrePre10_BPre10_NStem
zo_ku_zi_bandakany_a	PossConc8_BPre15_ReflPre_VRoot_VerbTerm	PossConc10_BPre15_ReflPre_VRoot_VerbTerm	PossConc8_BPre15_ReflPre_VRoot_VerbTerm	PossConc8_BPre15_ReflPre_VRoot_VerbTerm
-	Punc	Punc	Punc	Punc
lokhu	Dem15_Pos1		Dem15_Pos1	
ku_fak_a	BPre15_VRoot_VerbTerm	BPre15_VRoot_VerbTerm	BPre15_VRoot_VerbTerm	BPre15_VRoot_VerbTerm
hlanga_ana	NStem_DimSuf	NStem_DimSuf	NStem_DimSuf	NStem_DimSuf
i_mi_thombo	NPrePre4_BPre4_NStem	NPrePre4_BPre4_NStem	NPrePre4_BPre4_NStem	NPrePre4_BPre4_NStem
e_be_be_ntu	LocPre_PossConc2_BPre2_NStem	LocPre_PossConc2_BPre2_NStem	LocPre_PossConc2_BPre2_NStem	RelConc9_PossConc2_BPre2_NStem
,	Punc	Punc	Punc	Punc
i_si_khathi	NPrePre7_BPre7_NStem	NPrePre7_BPre7_NStem	NPrePre7_BPre7_NStem	NPrePre7_BPre7_NStem
ne_e_mali	AdvPre_LocPre_NStem	AdvPre_LocPre_NStem	AdvPre_LocPre_NStem	AdvPre_LocPre_NStem
.	Punc	Punc	Punc	Punc
u_ku_nande	NPrePre15_BPre15_NStem	NPrePre15_BPre15_NStem	NPrePre15_BPre15_NStem	NPrePre15_BPre15_NStem
ku_banj_w_a	OC15_VRoot_PassExt_VerbTerm	SC15_VRoot_PassExt_VerbTerm	OC15_VRoot_PassExt_VerbTerm	SC15_VRoot_PassExt_VerbTerm
i_mi_hlangano	NPrePre4_BPre4_NStem	NPrePre4_BPre4_NStem	NPrePre4_BPre4_NStem	NPrePre4_BPre4_NStem
,	Punc	Punc	Punc	Punc
u_ku_enz_a	NPrePre15_BPre15_VRoot_VerbTerm	NPrePre15_BPre15_VRoot_VerbTerm	NPrePre15_BPre15_VRoot_VerbTerm	NPrePre15_BPre15_VRoot_VerbTerm
i_mi_zamo	NPrePre4_BPre4_NStem	NPrePre4_BPre4_NStem	NPrePre4_BPre4_NStem	NPrePre4_BPre4_NStem
y_o_ku_hlanga_ana	PossConc4_LocPre_BPre15_NStem_DimSuf	PossConc4_LocPre_BPre15_NStem_DimSuf	PossConc4_LocPre_BPre15_NStem_DimSuf	PossConc4_NPrePre15_BPre15_NStem
na_ba_jameli	AdvPre_BPre2_NStem	AdvPre_BPre2_NStem	AdvPre_BPre2_NStem	AdvPre_BPre2_NStem
ba_i_mi_phakathi	PossConc14_NPrePre4_BPre4_NStem	PossConc2_NPrePre4_BPre4_NStem	PossConc14_NPrePre4_BPre4_NStem	PossConc2_BPre4_NStem
begodu	Conj	Conj	Conj	Conj
na_u_ku_khulum_a	AdvPre_NPrePre15_BPre15_VRoot_VerbTerm	AdvPre_NPrePre15_BPre15_VRoot_VerbTerm	AdvPre_NPrePre15_BPre15_VRoot_VerbTerm	AdvPre_NPrePre15_BPre15_VRoot_VerbTerm
na_a_ma_lunga	AdvPre_NPrePre6_BPre6_NStem	AdvPre_NPrePre6_BPre6_NStem	AdvPre_NPrePre6_BPre6_NStem	AdvPre_NPrePre6_BPre6_NStem
wa_u_mu_phakathi	PossConc3_NPrePre3_BPre3_NStem	PossConc3_NPrePre3_BPre3_NStem	PossConc3_NPrePre3_BPre3_NStem	PossConc3_NPrePre3_BPre3_NStem
u_ku_zwa	NPrePre15_BPre15_NStem	NPrePre15_BPre15_NStem	NPrePre15_BPre15_NStem	NPrePre15_BPre15_VRoot_PassExt_VerbTerm
i_i_n_dingo	NPrePre8_NPrePre8_BPre8_NStem	NPrePre8_NPrePre8_BPre8_NStem	NPrePre8_NPrePre8_BPre8_NStem	NPrePre8_NPrePre8_BPre8_NStem
za_bo	PossConc10_PronStem2	PossConc10_PronStem2	PossConc10_PronStem2	PossConc10_PronStem2
ne_e_n_daba	AdvPre_LocPre_BPre9_NStem	AdvPre_LocPre_BPre9_NStem	AdvPre_LocPre_BPre9_NStem	AdvPre_LocPre_BPre9_NStem
zi_thatha	BPre10_NStem	Pres_NStem	BPre10_NStem	Pres_NStem
i_si_khathi	NPrePre7_BPre7_NStem	NPrePre7_BPre7_NStem	NPrePre7_BPre7_NStem	NPrePre7_BPre7_NStem
.	Punc	Punc	Punc	Punc
a_ma_lunga	NPrePre6_BPre6_NStem	NPrePre6_BPre6_NStem	NPrePre6_BPre6_NStem	NPrePre6_BPre6_NStem
ama_nengi	AdjPref6_AdjStem	AdjPref6_AdjStem	AdjPref6_AdjStem	AdjPref6_AdjStem
w_a_ma_komidi	PossConc3_NPrePre6_BPre6_NStem	PossConc3_NPrePre6_BPre6_NStem	PossConc3_NPrePre6_BPre6_NStem	PossConc6_BPre6_NStem
w_a_ma_wadi	PossConc3_LocPre_BPre6_NStem	PossConc3_LocPre_BPre6_NStem	PossConc3_LocPre_BPre6_NStem	PossConc6_BPre6_NStem
na_a_ma_lunga	AdvPre_NPrePre6_BPre6_NStem	AdvPre_NPrePre6_BPre6_NStem	AdvPre_NPrePre6_BPre6_NStem	AdvPre_NPrePre6_BPre6_NStem
w_e_mi_khandlu	PossConc1_LocPre_BPre4_NStem	PossConc3_LocPre_BPre4_NStem	PossConc1_LocPre_BPre4_NStem	PossConc3_BPre4_NStem
ka_nengi	AdvPre_AdjStem	AdvPre_AdjStem	AdvPre_AdjStem	AdvPre_AdjStem
ku_fan_el_e	OC15_VRoot_ApplExt_VerbTerm	OC15_VRoot_ApplExt_VerbTerm	OC15_VRoot_ApplExt_VerbTerm	OC15_VRoot_ApplExt_VerbTerm
ba_enz_e	OC2_VRoot_VerbTerm	SC2_VRoot_VerbTerm	OC2_VRoot_VerbTerm	SC2_VRoot_VerbTerm
i_si_khathi	NPrePre7_BPre7_NStem	NPrePre7_BPre7_NStem	NPrePre7_BPre7_NStem	NPrePre7_BPre7_NStem
nga_mva	AdvPre_Adv	AdvPre_Adv	AdvPre_Adv	AdvPre_Adv
kwa_i_si_khathi	PossConc15_NPrePre7_BPre7_NStem	PossConc15_NPrePre7_BPre7_NStem	PossConc15_NPrePre7_BPre7_NStem	PossConc15_NPrePre7_BPre7_NStem
sa_bo	PossConc7_PronStem2	PossConc7_PronStem2	PossConc7_PronStem2	PossConc7_PronStem2
sa_u_mu_sebenzi	PossConc7_NPrePre3_BPre3_NStem	PossConc7_NPrePre3_BPre3_NStem	PossConc7_NPrePre3_BPre3_NStem	PossConc7_NPrePre3_BPre3_NStem
.	Punc	Punc	Punc	Punc
a_ma_lunga	NPrePre6_BPre6_NStem	NPrePre6_BPre6_NStem	NPrePre6_BPre6_NStem	NPrePre6_BPre6_NStem
w_e_komidi	PossConc1_LocPre_NStem	PossConc6_LocPre_NStem	PossConc1_LocPre_NStem	PossConc1_NStem
ye_wadi	PossConc4_NStem	PossConc4_NStem	PossConc4_NStem	PossConc4_NStem
ku_nga_enz_ek_a	SC15_Pot_VRoot_NeutExt_VerbTerm	SC15_Pot_VRoot_NeutExt_VerbTerm	SC15_Pot_VRoot_NeutExt_VerbTerm	SC15_Pot_VRoot_NeutExt_VerbTerm
ba_tjhej_e	CopPre_VRoot_VerbTerm	CopPre_VRoot_VerbTerm	CopPre_VRoot_VerbTerm	CopPre_VRoot_VerbTerm
u_ku_sekel_a	NPrePre15_BPre15_VRoot_VerbTerm	NPrePre15_BPre15_VRoot_VerbTerm	NPrePre15_BPre15_VRoot_VerbTerm	NPrePre15_BPre15_VRoot_VerbTerm
mayelana	NStem	NStem	NStem	NStem
na_u_ku_fak_a	AdvPre_NPrePre15_BPre15_VRoot_VerbTerm	AdvPre_NPrePre15_BPre15_VRoot_VerbTerm	AdvPre_NPrePre15_BPre15_VRoot_VerbTerm	AdvPre_NPrePre15_BPre15_VRoot_VerbTerm
hlanga_ana	NStem_DimSuf	NStem_DimSuf	NStem_DimSuf	NStem_DimSuf
a_ma_hlelo	NPrePre6_BPre6_NStem	NPrePre6_BPre6_NStem	NPrePre6_BPre6_NStem	NPrePre6_BPre6_NStem
a_siza_ko	RelConc6_NStem_RelSuf	RelConc6_NStem_RelSuf	RelConc6_NStem_RelSuf	RelConc6_VRoot_VerbTerm_RelSuf
ku_IDP	BPre15_Abbr	BPre15_Abbr	BPre15_Abbr	BPre15_Abbr
li_nani_ana	BPre5_NStem_DimSuf	BPre5_NStem_DimSuf	BPre5_NStem_DimSuf	BPre5_NStem_DimSuf
ama_nye	AdjPref6_AdjStem	AdjPref6_AdjStem	AdjPref6_AdjStem	AdjPref6_AdjStem
a_ma_bhajedi	NPrePre6_BPre6_NStem	NPrePre6_BPre6_NStem	NPrePre6_BPre6_NStem	NPrePre6_BPre6_NStem
.	Punc	Punc	Punc	Punc
ku_banj_w_a	SC15_VRoot_PassExt_VerbTerm	SC15_VRoot_PassExt_VerbTerm	SC15_VRoot_PassExt_VerbTerm	SC15_VRoot_PassExt_VerbTerm
u_mu_hlangano	NPrePre3_BPre3_NStem	NPrePre3_BPre3_NStem	NPrePre3_BPre3_NStem	NPrePre3_BPre3_NStem
we_si_qhema	PossConc3_BPre7_NStem	PossConc3_BPre7_NStem	PossConc3_BPre7_NStem	PossConc3_BPre7_NStem
o_thath_a	SC3_VRoot_VerbTerm	RelConc3_VRoot_VerbTerm	SC3_VRoot_VerbTerm	RelConc3_VRoot_VerbTerm
a_ma_iri	NPrePre6_BPre6_NStem	NPrePre6_BPre6_NStem	NPrePre6_BPre6_NStem	NPrePre6_BPre6_NStem
ama_bili	AdjPref6_AdjStem	AdjPref6_AdjStem	AdjPref6_AdjStem	AdjPref6_AdjStem
wa_bakghonakalisi	PossConc1a_NStem	PossConc1a_NStem	PossConc1a_NStem	PossConc1a_BPre2_NStem
be_CBP	PossConc2_Abbr	PossConc2_Abbr	PossConc2_Abbr	PossConc2_Abbr
,	Punc	Punc	Punc	Punc
a_ma_lunga	NPrePre6_BPre6_NStem	NPrePre6_BPre6_NStem	NPrePre6_BPre6_NStem	NPrePre6_BPre6_NStem
w_e_komidi	PossConc1_LocPre_NStem	PossConc1_LocPre_NStem	PossConc1_LocPre_NStem	PossConc1_NStem
ye_wadi	PossConc4_NStem	PossConc4_NStem	PossConc4_NStem	PossConc4_NStem
ka_nye	AdvPre_AdjStem	AdvPre_AdjStem	AdvPre_AdjStem	AdvPre_AdjStem
ne_e_n_qhema	AdvPre_LocPre_BPre3_NStem	AdvPre_LocPre_BPre3_NStem	AdvPre_LocPre_BPre3_NStem	AdvPre_LocPre_BPre3_NStem
ezi_sebenz_a_ko	RelConc8_VRoot_VerbTerm_RelSuf	RelConc8_VRoot_VerbTerm_RelSuf	RelConc8_VRoot_VerbTerm_RelSuf	RelConc8_VRoot_VerbTerm_RelSuf
ma_lunga_ana	BPre6_NStem_DimSuf	BPre6_NStem_DimSuf	BPre6_NStem_DimSuf	BPre6_NStem_DimSuf
no_m_nqopho	AdvPre_BPre3_NStem	AdvPre_BPre3_NStem	AdvPre_BPre3_NStem	AdvPre_BPre3_NStem
omu_nye	AdjPref1_AdjStem	AdjPref1_AdjStem	AdjPref1_AdjStem	AdjPref1_AdjStem
na_omu_nye	AdvPre_AdjPref1_AdjStem	AdvPre_AdjPref1_AdjStem	AdvPre_AdjPref1_AdjStem	AdvPre_AdjPref1_AdjStem
.	Punc	Punc	Punc	Punc
e_i_mi_nyaka_ini	LocPre_NPrePre4_BPre4_NStem_LocSuf	LocPre_NPrePre4_BPre4_NStem_LocSuf	LocPre_NPrePre4_BPre4_NStem_LocSuf	LocPre_NPrePre4_BPre4_NStem_LocSuf
a_i_mi_hlanu	PossConc6_NPrePre4_BPre4_NStem	PossConc6_NPrePre4_BPre4_NStem	PossConc6_NPrePre4_BPre4_NStem	PossConc6_NPrePre4_BPre4_NStem
e_gadungileko	LocPre_NStem	LocPre_NStem	LocPre_NStem	LocPre_NStem
,	Punc	Punc	Punc	Punc
i_phahla	NPrePre9_NStem	NPrePre9_NStem	NPrePre9_NStem	NPrePre9_NStem
ye_sewula	PossConc4_NStem	PossConc4_NStem	PossConc4_NStem	PossConc4_NStem
Afrika	ProperName	ProperName	ProperName	NStem
e_thuny_el_w_a	RelConc4_VRoot_ApplExt_PassExt_VerbTerm	RelConc4_VRoot_ApplExt_PassExt_VerbTerm	RelConc4_VRoot_ApplExt_PassExt_VerbTerm	RelConc9_Intrans_PassExt_VerbTerm
e_ma_zwe_eni	LocPre_BPre6_NStem_LocSuf	LocPre_BPre6_NStem_LocSuf	LocPre_BPre6_NStem_LocSuf	NPrePre6_BPre6_NStem_LocSuf
wa_nga_phandle	SC1_AdvPre_Adv	SC1_AdvPre_Adv	SC1_AdvPre_Adv	PossConc3_AdvPre_Adv
a_na_ma_rherho	RelConc6_AdvPre_BPre6_NStem	RelConc6_AdvPre_BPre6_NStem	RelConc6_AdvPre_BPre6_NStem	RelConc6_AdvPre_BPre6_NStem
a_thuthuk_ile_ko	SC6_VRoot_Perf_RelSuf	RelConc6_VRoot_Perf_RelSuf	SC6_VRoot_Perf_RelSuf	RelConc6_VRoot_Perf_RelSuf
we_zomnotho	PossConc6_NStem	PossConc6_NStem	PossConc6_NStem	PossConc6_NStem
ye_hlile	PossConc4_NStem	PossConc9_NStem	PossConc4_NStem	PossConc9_NStem
ngombana	Conj	Conj	Conj	Conj
ku_ne_funeko	BPre15_AdvPre_NStem	LocPre_AdvPre_NStem	BPre15_AdvPre_NStem	LocPre_AdvPre_NStem
e_phasi	LocPre_NStem	LocPre_NStem	LocPre_NStem	LocPre_NStem
ya_yo	PossConc9_PronStem9	PossConc9_PronStem9	PossConc9_PronStem9	PossConc9_PronStem9
.	Punc	Punc	Punc	Punc
u_kwe_hlokhu	NPrePre15_BPre15_NStem	NPrePre15_BPre15_NStem	NPrePre15_BPre15_NStem	NPrePre1a_BPre15_NStem
a_zang_e	RelConc6_VRoot_VerbTerm	RelConc6_VRoot_VerbTerm	RelConc6_VRoot_VerbTerm	RelConc6_VRoot_VerbTerm
ku_sikhinyabeze	BPre15_NStem	BPre15_NStem	BPre15_NStem	BPre15_NStem
ka_ngako	AdvPre_NStem	AdvPre_NStem	AdvPre_NStem	AdvPre_NStem
ngombana	Conj	Conj	Conj	Conj
ku_b_e	SC15_VRoot_VerbTerm	SC15_VRoot_VerbTerm	SC15_VRoot_VerbTerm	SC15_VRoot_VerbTerm
ne_funeko	AdvPre_NStem	AdvPre_NStem	AdvPre_NStem	AdvPre_NStem
e_nge_ziweko	LocPre_Pot_NStem	LocPre_AdvPre_NStem	LocPre_Pot_NStem	LocPre_AdvPre_NStem_RelSuf
y_o_ikobana	PossConc9_LocPre_NStem	PossConc9_LocPre_NStem	PossConc9_LocPre_NStem	PossConc9_LocPre_NStem
ku_thunyelwe	BPre15_NStem	BPre15_NStem	BPre15_NStem	SC15_VRoot_PassExt_VerbTerm
i_phahla	NPrePre9_NStem	NPrePre9_NStem	NPrePre9_NStem	NPrePre9_NStem
e_Asia	LocPre_ProperName	LocPre_ProperName	LocPre_ProperName	LocPre_NStem
be_godu	PossConc14_NStem	PossConc14_NStem	PossConc14_NStem	Conj
i_phahla	NPrePre9_NStem	NPrePre9_NStem	NPrePre9_NStem	NPrePre9_NStem
leyo	Dem9_Pos2		Dem9_Pos2	
i_thengiswe	NPrePre4_NStem	NPrePre4_NStem	NPrePre4_NStem	SC4_VRoot_PassExt_VerbTerm
nga_e_n_tengo	AdvPre_LocPre_BPre3_NStem	AdvPre_LocPre_BPre3_NStem	AdvPre_LocPre_BPre3_NStem	AdvPre_LocPre_BPre3_NStem
ezi_phezulu	RelConc10_NStem	RelConc10_NStem	RelConc10_NStem	RelConc10_NStem
.	Punc	Punc	Punc	Punc
li_nani_ana	BPre5_NStem_DimSuf	BPre5_NStem_DimSuf	BPre5_NStem_DimSuf	BPre5_NStem_DimSuf
i_sewula	NPrePre4_NStem	NPrePre4_NStem	NPrePre4_NStem	NPrePre4_NStem
Afrika	ProperName	ProperName	ProperName	NStem
i_b_e	SC4_VRoot_VerbTerm	SC4_VRoot_VerbTerm	SC4_VRoot_VerbTerm	SC4_VRoot_VerbTerm
na_i_si_linganiso	AdvPre_NPrePre7_BPre7_NStem	AdvPre_NPrePre7_BPre7_NStem	AdvPre_NPrePre7_BPre7_NStem	AdvPre_NPrePre7_BPre7_NStem
esi_hle	AdjPref7_AdjStem	AdjPref7_AdjStem	AdjPref7_AdjStem	AdjPref7_AdjStem
na_si_bonakala_ko	AdvPre_BPre7_NStem_RelSuf	AdvPre_BPre7_NStem_RelSuf	AdvPre_BPre7_NStem_RelSuf	AdvPre_BPre7_VRoot_VerbTerm_RelSuf
kwe_zoku_rhwebelana	BPre5_Fut_NStem	PossConc15_Fut_NStem	BPre5_Fut_NStem	PossConc15_Fut_NStem
,	Punc	Punc	Punc	Punc
nga_i_n_nca	AdvPre_NPrePre9_BPre9_NStem	AdvPre_NPrePre9_BPre9_NStem	AdvPre_NPrePre9_BPre9_NStem	AdvPre_NPrePre9_BPre9_NStem
ye_e_n_tengo	PossConc9_LocPre_BPre9_NStem	PossConc4_LocPre_BPre9_NStem	PossConc9_LocPre_BPre9_NStem	PossConc4_LocPre_BPre9_NStem
ezi_phezulu	RelConc10_NStem	RelConc10_NStem	RelConc10_NStem	RelConc10_NStem
zo_ku_thengiswa	Pres_BPre15_NStem	PossConc8_BPre15_NStem	Pres_BPre15_NStem	PossConc8_BPre15_NStem
ku_epahl_a	SC15_Intrans_VerbTerm	SC15_Intrans_VerbTerm	SC15_Intrans_VerbTerm	SC15_Intrans_VerbTerm
,	Punc	Punc	Punc	Punc
kodwana	Conj	Conj	Conj	Conj
i_n_tho	NPrePre9_BPre9_NStem	NPrePre9_BPre9_NStem	NPrePre9_BPre9_NStem	NPrePre9_BPre9_NStem
e_satshweny_ak_o	LocPre_Intrans_NeutExt_VerbTerm	LocPre_Intrans_NeutExt_VerbTerm	LocPre_Intrans_NeutExt_VerbTerm	LocPre_NStem_RelSuf
nga_yokobana	AdvPre_NStem	AdvPre_NStem	AdvPre_NStem	AdvPre_Pres_NStem
i_ngeniso	NPrePre9_NStem	NPrePre9_NStem	NPrePre9_NStem	NPrePre9_NStem
e_phezulu	LocPre_Adv	LocPre_Adv	LocPre_Adv	LocPre_Adv
ye_pahla	PossConc9_NStem	PossConc9_NStem	PossConc9_NStem	PossConc9_NStem
e_thuny_el_w_a	RelConc4_VRoot_ApplExt_PassExt_VerbTerm	RelConc4_VRoot_ApplExt_PassExt_VerbTerm	RelConc4_VRoot_ApplExt_PassExt_VerbTerm	RelConc9_VRoot_PassExt_VerbTerm
e_ma_zwe_eni	LocPre_BPre6_NStem_LocSuf	LocPre_BPre6_NStem_LocSuf	LocPre_BPre6_NStem_LocSuf	LocPre_BPre6_NStem_LocSuf
wa_nga_phandle	SC1_AdvPre_Adv	SC1_AdvPre_Adv	SC1_AdvPre_Adv	SC1_AdvPre_Adv
lapha	Dem16_Pos1		Dem16_Pos1	
ku_sebenz_a	BPre15_VRoot_VerbTerm	SC15_VRoot_VerbTerm	BPre15_VRoot_VerbTerm	BPre15_VRoot_VerbTerm
kho_na	PronStem15_PronSuf	PronStem15_PronSuf	PronStem15_PronSuf	PronStem15_PronSuf
i_nengi	AdjPref9_AdjStem	AdjPref9_AdjStem	AdjPref9_AdjStem	AdjPref9_AdjStem
la_a_ba_ntu	PossConc5_NPrePre2_BPre2_NStem	PossConc5_NPrePre2_BPre2_NStem	PossConc5_NPrePre2_BPre2_NStem	PossConc5_NPrePre2_BPre2_NStem
ye_hlile	PossConc4_NStem	PossConc4_NStem	PossConc4_NStem	PossConc9_NStem
.	Punc	Punc	Punc	Punc
u_kwe_lapha	NPrePre1a_PossConc15_NStem	NPrePre1a_BPre15_NStem	NPrePre1a_PossConc15_NStem	NPrePre1a_BPre15_NStem
u_mu_khandlu	NPrePre3_BPre3_NStem	NPrePre3_BPre3_NStem	NPrePre3_BPre3_NStem	NPrePre3_BPre3_NStem
zi_thathwa	BPre8_NStem	BPre8_NStem	BPre8_NStem	BPre8_NStem
nga_phandle	AdvPre_Adv	AdvPre_Adv	AdvPre_Adv	AdvPre_Adv
kwe_mibono	PossConc15_NStem	PossConc15_NStem	PossConc15_NStem	PossConc15_BPre4_NStem
e_buy_a	RelConc9_VRoot_VerbTerm	RelConc9_VRoot_VerbTerm	RelConc9_VRoot_VerbTerm	RelConc9_VRoot_VerbTerm
e_u_mu_phakathi_ini	LocPre_NPrePre3_BPre3_NStem_LocSuf	LocPre_NPrePre3_BPre3_NStem_LocSuf	LocPre_NPrePre3_BPre3_NStem_LocSuf	LocPre_NPrePre3_BPre3_NStem_LocSuf
begodu	Conj	Conj	Conj	Conj
zi_fak_a	SC10_VRoot_VerbTerm	SC10_VRoot_VerbTerm	SC10_VRoot_VerbTerm	SC10_VRoot_VerbTerm
hlanga_ana	NStem_DimSuf	NStem_DimSuf	NStem_DimSuf	NStem_DimSuf
i_i_memezelo	NPrePre4_BPre4_NStem	NPrePre4_NPrePre4_NStem	NPrePre4_BPre4_NStem	NPrePre4_NStem
za_lokho	Pres_NStem	PossConc8	Pres_NStem	PossConc8
o_kwe_nzekileko	RelConc3_PossConc15_NStem	RelConc3_PossConc15_NStem	RelConc3_PossConc15_NStem	RelConc15_VRoot_Perf_RelSuf
li_nani_ana	BPre5_NStem_DimSuf	BPre5_NStem_DimSuf	BPre5_NStem_DimSuf	BPre5_NStem_DimSuf
oku_zo_kw_enz_el_a	RelConc15_Fut_BPre15_VRoot_ApplExt_VerbTerm	RelConc15_Fut_BPre15_VRoot_ApplExt_VerbTerm	RelConc15_Fut_BPre15_VRoot_ApplExt_VerbTerm	RelConc15_Fut_VRoot_NeutExt_VerbTerm
.	Punc	Punc	Punc	Punc
i_komidi	NPrePre4_NStem	NPrePre4_NStem	NPrePre4_NStem	NPrePre4_NStem
ye_wadi	PossConc4_NStem	PossConc4_NStem	PossConc4_NStem	PossConc4_NStem
i_banj_w_e	SC9_VRoot_PassExt_VerbTerm	SC9_VRoot_PassExt_VerbTerm	SC9_VRoot_PassExt_VerbTerm	SC9_VRoot_PassExt_VerbTerm
ba_jameli	BPre2_NStem	BPre2_NStem	BPre2_NStem	OC2_VRoot_ApplExt_VerbTerm
ba_u_mu_phakathi	PossConc2_NPrePre3_BPre3_NStem	PossConc2_NPrePre3_BPre3_NStem	PossConc2_NPrePre3_BPre3_NStem	PossConc2_NPrePre3_BPre3_NStem
e_wadi_ini	LocPre_NStem_LocSuf	LocPre_NStem_LocSuf	LocPre_NStem_LocSuf	LocPre_NStem_LocSuf
ka_masipala	PossKA_NStem	PossKA_NStem	PossKA_NStem	PossKA_NStem
wa_i_n_ndawo	PossConc1_NPrePre9_BPre9_NStem	PossConc1_NPrePre9_BPre9_NStem	PossConc1_NPrePre9_BPre9_NStem	PossConc1_NPrePre9_BPre9_NStem
nanyana	Conj	Conj	Conj	BPre5_NStem_DimSuf
hlangan_a	VRoot_VerbTerm	VRoot_VerbTerm	VRoot_VerbTerm	NStem_DimSuf
na_i_n_ndawo	AdvPre_NPrePre9_BPre9_NStem	AdvPre_NPrePre9_BPre9_NStem	AdvPre_NPrePre9_BPre9_NStem	AdvPre_NPrePre9_BPre9_NStem
nanyana	Conj	Conj	Conj	BPre5_NStem_DimSuf
na_dorobho	AdvPre_NStem	AdvPre_NStem	AdvPre_NStem	AdvPre_NStem
la_ka_masipala	PossConc5_LocPre_NStem	PossConc5_LocPre_NStem	PossConc5_LocPre_NStem	PossConc5_LocPre_NStem
.	Punc	Punc	Punc	Punc
ba_ma_komidi	BPre2_BPre6_NStem	PossConc2_BPre6_NStem	BPre2_BPre6_NStem	PossConc2_BPre6_NStem
a_yelelis_a_ko	RelConc4_VRoot_VerbTerm_RelSuf	RelConc6_VRoot_VerbTerm_RelSuf	RelConc4_VRoot_VerbTerm_RelSuf	RelConc6_VRoot_CausExt_VerbTerm_RelSuf
a_nga_enz_a	SC1_Pot_VRoot_VerbTerm	SC6_Pot_VRoot_VerbTerm	SC1_Pot_VRoot_VerbTerm	SC6_Pot_VRoot_VerbTerm
i_im_phakamiso	NPrePre8_BPre8_NStem	NPrePre4_BPre4_NStem	NPrePre8_BPre8_NStem	NPrePre4_BPre10_NStem
mayelana	NStem	NStem	NStem	NStem
na_e_nye	AdvPre_AdjPref9_AdjStem	AdvPre_AdjPref9_AdjStem	AdvPre_AdjPref9_AdjStem	AdvPre_AdjPref9_AdjStem
na_e_nye	AdvPre_AdjPref9_AdjStem	AdvPre_AdjPref9_AdjStem	AdvPre_AdjPref9_AdjStem	AdvPre_AdjPref9_AdjStem
na_e_nye	AdvPre_AdjPref9_AdjStem	AdvPre_AdjPref9_AdjStem	AdvPre_AdjPref9_AdjStem	AdvPre_AdjPref9_AdjStem
i_n_tho	NPrePre9_BPre9_NStem	NPrePre9_BPre9_NStem	NPrePre9_BPre9_NStem	NPrePre9_BPre9_NStem
e_thint_a	RelConc9_VRoot_VerbTerm	RelConc4_VRoot_VerbTerm	RelConc9_VRoot_VerbTerm	RelConc4_VRoot_VerbTerm
i_wadi	NPrePre5_NStem	NPrePre4_NStem	NPrePre5_NStem	NPrePre4_NStem
.	Punc	Punc	Punc	Punc
ba_bekelw_e	SC2_VRoot_VerbTerm	SC2_Intrans_VerbTerm	SC2_VRoot_VerbTerm	SC2_VRoot_PassExt_VerbTerm
ukobana	Conj	Conj	Conj	Conj
ba_ngezelel_e	SC2_Intrans_VerbTerm	SC2_Intrans_VerbTerm	SC2_Intrans_VerbTerm	SC2_Intrans_VerbTerm
u_ku_zi_bandakany_a	NPrePre15_BPre15_OC10_VRoot_VerbTerm	NPrePre15_BPre15_OC10_VRoot_VerbTerm	NPrePre15_BPre15_OC10_VRoot_VerbTerm	NPrePre15_BPre15_OC10_VRoot_VerbTerm
kwe_zi_akhamuzi	PossConc15_BPre8_NStem	PossConc15_BPre8_NStem	PossConc15_BPre8_NStem	PossConc15_BPre8_NStem
e_wadinazo	BPre8_NStem	LocPre_NStem	BPre8_NStem	RelConc4_VRoot_NStem
ngo_ku_thath_a	AdvPre_OC15_VRoot_VerbTerm	AdvPre_BPre15_VRoot_VerbTerm	AdvPre_OC15_VRoot_VerbTerm	AdvPre_NPrePre15_BPre15_VRoot_VerbTerm
i_in_qunto	NPrePre8_BPre8_NStem	NPrePre4_BPre4_NStem	NPrePre8_BPre8_NStem	NPrePre4_BPre4_NStem
nga_u_kwe_demokhrasi	AdvPre_NPrePre15_BPre15_NStem	AdvPre_NPrePre15_BPre15_NStem	AdvPre_NPrePre15_BPre15_NStem	AdvPre_NPrePre15_BPre15_NStem
ukuze	Conj	Conj	Conj	Conj
ba_kghone	BPre2_NStem	BPre2_NStem	BPre2_NStem	SC2_VRoot_VerbTerm
u_ku_vez_a	NPrePre15_BPre15_VRoot_VerbTerm	NPrePre15_BPre15_VRoot_VerbTerm	NPrePre15_BPre15_VRoot_VerbTerm	NPrePre15_BPre15_VRoot_VerbTerm
ya_bo	PossConc9_PronStem2	PossConc9_PronStem2	PossConc9_PronStem2	PossConc9_PronStem2
i_mi_bono	NPrePre4_BPre4_NStem	NPrePre4_BPre4_NStem	NPrePre4_BPre4_NStem	NPrePre4_BPre4_NStem
nga_i_zin_tho	AdvPre_NPrePre10_BPre10_NStem	AdvPre_NPrePre10_BPre10_NStem	AdvPre_NPrePre10_BPre10_NStem	AdvPre_NPrePre10_BPre10_NStem
ezi_thint_a	RelConc10_VRoot_VerbTerm	RelConc8_VRoot_VerbTerm	RelConc10_VRoot_VerbTerm	RelConc10_VRoot_VerbTerm
a_ma_philwabo	NPrePre6_BPre6_NStem	NPrePre6_BPre6_NStem	NPrePre6_BPre6_NStem	NPrePre6_BPre6_NStem
wa_nga_a_ma_langa	BPre6_AdvPre_NPrePre6_BPre6_NStem	RelConc3_AdvPre_NPrePre6_BPre6_NStem	BPre6_AdvPre_NPrePre6_BPre6_NStem	PossConc3_AdvPre_BPre6_NStem
.	Punc	Punc	Punc	Punc
ki_lesi_si_gaba	PossConc15_Dem7_Pos1_BPre7_NStem	PossConc9_Pos1_BPre9	PossConc15_Dem7_Pos1_BPre7_NStem	PossConc9_Pos1
u_m_lamuli	NPrePre3_BPre3_NStem	NPrePre1_BPre1_NStem	NPrePre3_BPre3_NStem	NPrePre1_BPre1_NStem
u_mem_a	SC1_VRoot_VerbTerm	NPrePre3_BPre3_VerbTerm	SC1_VRoot_VerbTerm	NPrePre1a_NStem
i_in_qhema	NPrePre8_NPre8_NStem	NPrePre8_NPre8_NStem	NPrePre8_NPre8_NStem	NPrePre8_NPre8_NStem
ezi_hlukahlukene_ko	RelConc8_NStem_RelSuf	RelConc10_NStem_RelSuf	RelConc8_NStem_RelSuf	LocPre_Pres_NStem_RelSuf
ze_e_n_qhema	PossConc8_LocPre_BPre9_NStem	PossConc8_LocPre_BPre9_NStem	PossConc8_LocPre_BPre9_NStem	PossConc8_LocPre_BPre9_NStem
ezi_ne_kareko	RelConc8_AdvPre_NStem	RelConc8_AdvPre_NStem	RelConc8_AdvPre_NStem	RelConc8_AdvPre_NStem
u_ku_nikel_a	NPrePre15_BPre15_VRoot_VerbTerm	NPrePre15_BPre15_VRoot_VerbTerm	NPrePre15_BPre15_VRoot_VerbTerm	NPrePre15_BPre15_VRoot_VerbTerm
i_hlangothi	NPrePre9_NStem	NPrePre9_NStem	NPrePre9_NStem	NPrePre9_NStem
le_indabazo	PossConc3_NStem	PossConc5_NStem	PossConc3_NStem	PossConc5_NPrePre9_NStem
.	Punc	Punc	Punc	Punc
be_godu	PossConc14_NStem	PossConc14_NStem	PossConc14_NStem	Conj
i_si_qhema	NPrePre7_BPre7_NStem	NPrePre7_BPre7_NStem	NPrePre7_BPre7_NStem	NPrePre7_BPre7_NStem
sa_u_ku_kghonakalisa	PossConc7_NPrePre15_BPre15_NStem	PossConc7_NPrePre15_BPre15_NStem	PossConc7_NPrePre15_BPre15_NStem	PossConc7_NPrePre15_BPre15_NStem
ku_fuz_e	OC15_VRoot_VerbTerm	OC15_VRoot_VerbTerm	OC15_VRoot_VerbTerm	OC15_VRoot_VerbTerm
si_fak_e	OC1_VRoot_VerbTerm	OC1_VRoot_VerbTerm	OC1_VRoot_VerbTerm	OC1_VRoot_VerbTerm
hlanga_ana	NStem_DimSuf	NStem_DimSuf	NStem_DimSuf	NStem_DimSuf
a_ma_khansela	NPrePre6_BPre6_NStem	NPrePre6_BPre6_NStem	NPrePre6_BPre6_NStem	NPrePre6_BPre6_NStem
wa_i_n_ndawo	PossConc1_NPrePre9_BPre9_NStem	PossConc1_NPrePre9_BPre9_NStem	PossConc1_NPrePre9_BPre9_NStem	PossConc1_NPrePre9_BPre9_NStem
,	Punc	Punc	Punc	Punc
ama_nye	AdjPref6_AdjStem	AdjPref6_AdjStem	AdjPref6_AdjStem	AdjPref6_AdjStem
a_ma_lunga	NPrePre6_BPre6_NStem	NPrePre6_BPre6_NStem	NPrePre6_BPre6_NStem	NPrePre6_BPre6_NStem
w_e_komidi	PossConc1_LocPre_NStem	PossConc1_LocPre_NStem	PossConc1_LocPre_NStem	PossConc1_NStem
ye_wadi	PossConc4_NStem	PossConc4_NStem	PossConc4_NStem	PossConc4_NStem
,	Punc	Punc	Punc	Punc
ka_nye	AdvPre_AdjStem	AdvPre_AdjStem	AdvPre_AdjStem	AdvPre_AdjStem
ne_stafu	AdvPre_NStem	AdvPre_NStem	AdvPre_NStem	AdvPre_NStem
s_o_ibuthekhiniki	PossConc7_LocPre_NStem	PossConc7_LocPre_NStem	PossConc7_LocPre_NStem	PossConc7_BPre14_NStem
esi_nga_siz_a	RelConc7_AdvPre_VRoot_VerbTerm	RelConc7_AdvPre_VRoot_VerbTerm	RelConc7_AdvPre_VRoot_VerbTerm	RelConc7_AdvPre_VRoot_VerbTerm
lokha	Conj	Conj	Conj	Conj
na_ku_tlanyw_a_ko	AdvPre_BPre15_VRoot_VerbTerm_RelSuf	AdvPre_BPre15_VRoot_VerbTerm_RelSuf	AdvPre_BPre15_VRoot_VerbTerm_RelSuf	AdvPre_BPre15_VRoot_VerbTerm_RelSuf
.	Punc	Punc	Punc	Punc
lokhu	Dem15_Pos1		Dem15_Pos1	
ku_fuz_e	SC15_VRoot_VerbTerm	OC15_VRoot_VerbTerm	SC15_VRoot_VerbTerm	OC15_VRoot_VerbTerm
ku_zwanwe	BPre15_NStem	BPre15_NStem	BPre15_NStem	BPre15_NStem
nga_kho	AdvPre_PronStem15	AdvPre_PronStem15	AdvPre_PronStem15	AdvPre_PronStem15
esi_gaba_ini	RelConc7_NStem_LocSuf	RelConc7_NStem_LocSuf	RelConc7_NStem_LocSuf	RelConc7_NStem_LocSuf
sa_u_ku_tlam_a	PossConc7_NPrePre15_BPre15_VRoot_VerbTerm	PossConc7_NPrePre15_BPre15_VRoot_VerbTerm	PossConc7_NPrePre15_BPre15_VRoot_VerbTerm	PossConc7_NPrePre15_BPre15_NStem
o_kwa_ndul_el_a_ko	SC3_OC15_VRoot_ApplExt_VerbTerm_RelSuf	SC3_OC15_VRoot_ApplExt_VerbTerm_RelSuf	SC3_OC15_VRoot_ApplExt_VerbTerm_RelSuf	SC3_OC15_VRoot_ApplExt_VerbTerm_RelSuf
begodu	Conj	Conj	Conj	Conj
kwa_mukelwe	PossConc1a_NStem	PossConc15_NStem	PossConc1a_NStem	PossConc15_NStem
e_u_mu_hlangano_ini	LocPre_NPrePre3_BPre3_NStem_LocSuf	LocPre_NPrePre3_BPre3_NStem_LocSuf	LocPre_NPrePre3_BPre3_NStem_LocSuf	LocPre_NPrePre3_BPre3_NStem_LocSuf
wa_u_mu_phakathi	PossConc3_NPrePre3_BPre3_NStem	PossConc3_NPrePre3_BPre3_NStem	PossConc3_NPrePre3_BPre3_NStem	PossConc3_NPrePre3_BPre3_NStem
.	Punc	Punc	Punc	Punc
i_si_qhema	NPrePre7_BPre7_NStem	NPrePre7_BPre7_NStem	NPrePre7_BPre7_NStem	NPrePre7_BPre7_NStem
sa_u_ku_kghonakalisa	PossConc7_NPrePre15_BPre15_NStem	PossConc7_NPrePre15_BPre15_NStem	PossConc7_NPrePre15_BPre15_NStem	PossConc7_NPrePre15_BPre15_NStem
ku_fuz_e	OC15_VRoot_VerbTerm	OC15_VRoot_VerbTerm	OC15_VRoot_VerbTerm	OC15_VRoot_VerbTerm
si_fak_e	OC1_VRoot_VerbTerm	OC1_VRoot_VerbTerm	OC1_VRoot_VerbTerm	OC1_VRoot_VerbTerm
hlanga_ana	NStem_DimSuf	NStem_DimSuf	NStem_DimSuf	NStem_DimSuf
a_ma_lunga	NPrePre6_BPre6_NStem	NPrePre6_BPre6_NStem	NPrePre6_BPre6_NStem	NPrePre6_BPre6_NStem
ama_nengi	AdjPref6_AdjStem	AdjPref6_AdjStem	AdjPref6_AdjStem	AdjPref6_AdjStem
w_e_komidi	PossConc1_LocPre_NStem	PossConc1_LocPre_NStem	PossConc1_LocPre_NStem	PossConc1_NStem
ye_wadi	PossConc4_NStem	PossConc4_NStem	PossConc4_NStem	PossConc4_NStem
nga_i_n_dlela	AdvPre_NPrePre9_BPre9_NStem	AdvPre_NPrePre9_BPre9_NStem	AdvPre_NPrePre9_BPre9_NStem	AdvPre_NPrePre9_BPre9_NStem
e_ku_nga_kghonakala	RelConc9_BPre15_AdvPre_NStem	RelConc9_BPre15_NegPre_NStem	RelConc9_BPre15_AdvPre_NStem	RelConc9_BPre15_NegPre_NStem
nga_yo	AdvPre_PronStem9	AdvPre_PronStem9	AdvPre_PronStem9	AdvPre_PronStem9
.	Punc	Punc	Punc	Punc
u_bu_ncani	NPrePre14_BPre14_NStem	NPrePre14_BPre14_NStem	NPrePre14_BPre14_NStem	NPrePre14_BPre14_NStem
ba_khona	SC14_Adv	SC14_Adv	SC14_Adv	SC14_Adv
a_ma_lunga	NPrePre6_BPre6_NStem	NPrePre6_BPre6_NStem	NPrePre6_BPre6_NStem	NPrePre6_BPre6_NStem
ama_thathu	AdjPref6_AdjStem	AdjPref6_AdjStem	AdjPref6_AdjStem	AdjPref6_AdjStem
w_e_komidi	PossConc1_LocPre_NStem	PossConc1_LocPre_NStem	PossConc1_LocPre_NStem	PossConc1_NStem
ye_wadi	PossConc4_NStem	PossConc4_NStem	PossConc4_NStem	PossConc4_NStem
ku_fuz_e	OC15_VRoot_VerbTerm	OC15_VRoot_VerbTerm	OC15_VRoot_VerbTerm	OC15_VRoot_VerbTerm
a_hlal_e	RelConc6_VRoot_VerbTerm	RelConc6_VRoot_VerbTerm	RelConc6_VRoot_VerbTerm	RelConc6_VRoot_VerbTerm
a_khona	RelConc6_Adv	RelConc6_Adv	RelConc6_Adv	RelConc6_Adv
i_(i)veke	BPre9_NStem	NPrePre9_NStem	BPre9_NStem	NPrePre9_NStem
yo_ke	QuantConc4_QuantStem	QuantConc4_QuantStem	QuantConc4_QuantStem	QuantConc4_QuantStem
yo_ku_tlama	PossConc4_BPre15_NStem	PossConc4_BPre15_NStem	PossConc4_BPre15_NStem	PossConc4_BPre15_NStem
,	Punc	Punc	Punc	Punc
be_s_e	SC2_VRoot_VerbTerm	SC2_VRoot_VerbTerm	SC2_VRoot_VerbTerm	SC2_VRoot_VerbTerm
ku_th_i	SC15_VRoot_VerbTerm	SC15_VRoot_VerbTerm	SC15_VRoot_VerbTerm	SC15_VRoot_VerbTerm
ama_nye	AdjPref6_AdjStem	AdjPref6_AdjStem	AdjPref6_AdjStem	AdjPref6_AdjStem
a_hlanganyel_e	SC6_VRoot_VerbTerm	SC6_VRoot_VerbTerm	SC6_VRoot_VerbTerm	SC6_VRoot_VerbTerm
ku_phi	AdjPref15_EnumStem	AdjPref15_EnumStem	AdjPref15_EnumStem	AdjPref15_EnumStem
na_ku_phi	AdvPre_BPre15_EnumStem	AdvPre_OC15_EnumStem	AdvPre_BPre15_EnumStem	AdvPre_BPre15_EnumStem
nangabe	Conj	Conj	Conj	Conj
ku_ya_kghonakala	BPre15_Pres_NStem	BPre15_Pres_NStem	BPre15_Pres_NStem	BPre15_Pres_NStem
.	Punc	Punc	Punc	Punc
lokhu	Dem15_Pos1		Dem15_Pos1	
ku_tjh_o	SC15_VRoot_VerbTerm	SC15_VRoot_VerbTerm	SC15_VRoot_VerbTerm	SC15_VRoot_VerbTerm
bo_nyana	BPre2_NStem	BPre2_NStem	BPre2_NStem	BPre2_NStem
u_bu_ncani	NPrePre14_BPre14_NStem	NPrePre14_BPre14_NStem	NPrePre14_BPre14_NStem	NPrePre14_BPre14_NStem
ba_khona	SC14_Adv	SC14_Adv	SC14_Adv	SC14_Adv
i_in_qhema	NPrePre8_NPre8_NStem	NPrePre8_NPre8_NStem	NPrePre8_NPre8_NStem	NPrePre8_NPre8_NStem
ezin_thathu	AdjPref10_AdjStem	AdjPref10_AdjStem	AdjPref10_AdjStem	AdjPref10_AdjStem
zi_ngakghonakaliswa	Pres_NStem	BPre8_NStem	Pres_NStem	BPre8_AdvPre_NStem
nga_i_si_khathi	AdvPre_NPrePre7_BPre7_NStem	AdvPre_NPrePre7_BPre7_NStem	AdvPre_NPrePre7_BPre7_NStem	AdvPre_NPrePre7_BPre7_NStem
esi_so_dwa	RelConc7_QuantConc1_QuantStem	RelConc7_QuantConc1_QuantStem	RelConc7_QuantConc1_QuantStem	RelConc7_QuantConc1_QuantStem
.	Punc	Punc	Punc	Punc
e_i_li_qiniso_ini	LocPre_NPrePre5_BPre5_NStem_LocSuf	LocPre_NPrePre5_BPre5_NStem_LocSuf	LocPre_NPrePre5_BPre5_NStem_LocSuf	LocPre_NStem_LocSuf
i_si_qhema	NPrePre7_BPre7_NStem	NPrePre7_BPre7_NStem	NPrePre7_BPre7_NStem	NPrePre7_BPre7_NStem
esi_nye	AdjPref7_AdjStem	AdjPref7_AdjStem	AdjPref7_AdjStem	AdjPref7_AdjStem
na_esi_nye	AdvPre_AdjPref7_AdjStem	AdvPre_AdjPref7_AdjStem	AdvPre_AdjPref7_AdjStem	AdvPre_AdjPref7_AdjStem
ku_fuz_e	OC15_VRoot_VerbTerm	OC15_VRoot_VerbTerm	OC15_VRoot_VerbTerm	OC15_VRoot_VerbTerm
si_b_e	SC7_VRoot_VerbTerm	OC1_VRoot_VerbTerm	SC7_VRoot_VerbTerm	SC7_VRoot_VerbTerm
na_u_m_kghonakalisi	NegPre_NPrePre1_BPre1_NStem	AdvPre_NPrePre1_BPre1_NStem	NegPre_NPrePre1_BPre1_NStem	AdvPre_NPrePre1_BPre1_NStem
wa_so	PossConc1_PronStem7	PossConc1_PronStem7	PossConc1_PronStem7	PossConc1_PronStem7
ka_nye	AdvPre_AdjStem	AdvPre_AdjStem	AdvPre_AdjStem	AdvPre_AdjStem
na_omu_nye	AdvPre_AdjPref1_AdjStem	AdvPre_AdjPref1_AdjStem	AdvPre_AdjPref1_AdjStem	AdvPre_AdjPref1_AdjStem
u_mu_ntu	NPrePre1_BPre1_NStem	NPrePre1_BPre1_NStem	NPrePre1_BPre1_NStem	NPrePre1_BPre1_NStem
o_zinikeleko	RelConc3_NStem	BPre2a_NStem	RelConc3_NStem	RelConc3_NStem
e_ku_tlola_eni	LocPre_BPre15_NStem_LocSuf	LocPre_BPre15_NStem_LocSuf	LocPre_BPre15_NStem_LocSuf	LocPre_BPre15_NStem_LocSuf
phasi	Adv	Adv	Adv	BPre16_NStem
yo_ke	QuantConc4_QuantStem	QuantConc4_QuantStem	QuantConc4_QuantStem	QuantConc4_QuantStem
i_mi_niningo_ana	NPrePre4_BPre4_NStem_DimSuf	NPrePre4_BPre4_NStem_DimSuf	NPrePre4_BPre4_NStem_DimSuf	NPrePre4_BPre4_NStem_DimSuf
ye_ndlelakambiso	PossConc4_NStem	PossConc4_NStem	PossConc4_NStem	PossConc4_NStem
.	Punc	Punc	Punc	Punc
Khuthaza	ProperName	ProperName	ProperName	VRoot_VerbTerm
u_ku_hlanganyel_a	NPrePre15_BPre15_VRoot_VerbTerm	NPrePre15_BPre15_VRoot_VerbTerm	NPrePre15_BPre15_VRoot_VerbTerm	NPrePre15_BPre15_VRoot_VerbTerm
kwa_u_mu_phakathi	PossConc15_NPrePre3_BPre3_NStem	PossConc15_NPrePre3_BPre3_NStem	PossConc15_NPrePre3_BPre3_NStem	PossConc15_NPrePre3_BPre3_NStem
nga_i_n_dlela	AdvPre_NPrePre9_BPre9_NStem	AdvPre_NPrePre9_BPre9_NStem	AdvPre_NPrePre9_BPre9_NStem	AdvPre_NPrePre9_BPre9_NStem
yo_u_ku_phikisana	PossConc9_NPrePre15_BPre15_NStem	PossConc4_NPrePre15_BPre15_NStem	PossConc9_NPrePre15_BPre15_NStem	PossConc9_NPrePre15_BPre15_NStem
nge_e_n_dlela	AdvPre_LocPre_BPre3_NStem	AdvPre_LocPre_BPre3_NStem	AdvPre_LocPre_BPre3_NStem	AdvPre_LocPre_BPre3_NStem
ezi_fan_el_e_ko	RelConc8_VRoot_ApplExt_VerbTerm_RelSuf	RelConc8_VRoot_ApplExt_VerbTerm_RelSuf	RelConc8_VRoot_ApplExt_VerbTerm_RelSuf	RelConc8_VRoot_ApplExt_VerbTerm_RelSuf
begodu	Conj	Conj	Conj	Conj
na_ma_riyadlhana	AdvPre_BPre6_NStem	AdvPre_BPre6_NStem	AdvPre_BPre6_NStem	AdvPre_BPre6_NStem
wa_u_ku_rarulula	PossConc3_NPrePre15_BPre15_NStem	PossConc3_NPrePre15_BPre15_NStem	PossConc3_NPrePre15_BPre15_NStem	PossConc3_NPrePre15_BPre15_NStem
i_mi_raro	NPrePre4_BPre4_NStem	NPrePre4_BPre4_NStem	NPrePre4_BPre4_NStem	NPrePre4_BPre4_NStem
.	Punc	Punc	Punc	Punc
u_m_lamuli	NPrePre1_BPre1_NStem	NPrePre1_BPre1_NStem	NPrePre1_BPre1_NStem	NPrePre1_BPre1_NStem
aka_vumel_e	NegPre_Intrans_VerbTerm	NegPre_VRoot_VerbTerm	NegPre_Intrans_VerbTerm	SC6_NegPre_VRoot_VerbTerm
i_si_qhema	NPrePre7_BPre7_NStem	NPrePre7_BPre7_NStem	NPrePre7_BPre7_NStem	NPrePre7_BPre7_NStem
esi_nye	AdjPref7_AdjStem	AdjPref7_AdjStem	AdjPref7_AdjStem	AdjPref7_AdjStem
na_esi_nye	AdvPre_EnumConc7_EnumStem	AdvPre_AdjPref7_AdjStem	AdvPre_EnumConc7_EnumStem	AdvPre_AdjPref7_AdjStem
si_hlathulul_e	SC7_VRoot_VerbTerm	SC7_VRoot_VerbTerm	SC7_VRoot_VerbTerm	SC7_VRoot_VerbTerm
u_bu_jamo	NPrePre14_BPre14_NStem	NPrePre14_BPre14_NStem	NPrePre14_BPre14_NStem	NPrePre14_BPre14_NStem
ba_so	PossConc14_PronStem7	PossConc14_PronStem7	PossConc14_PronStem7	PossConc14_PronStem7
be_s_e	SC2_VRoot_VerbTerm	SC2_VRoot_VerbTerm	SC2_VRoot_VerbTerm	SC2_VRoot_VerbTerm
si_sekel_a	SC7_VRoot_VerbTerm	SC7_VRoot_VerbTerm	SC7_VRoot_VerbTerm	SC7_VRoot_VerbTerm
i_si_bawo	NPrePre7_BPre7_NStem	NPrePre7_BPre7_NStem	NPrePre7_BPre7_NStem	NPrePre7_BPre7_NStem
s_a_so	PossConc7_LocPre_NStem	PossConc7_LocPre_NStem	PossConc7_LocPre_NStem	PossConc1a_NStem
.	Punc	Punc	Punc	Punc
u_m_lamuli	NPrePre1_BPre1_NStem	NPrePre1_BPre1_NStem	NPrePre1_BPre1_NStem	NPrePre1_BPre1_NStem
u_tlol_a	SC1_VRoot_VerbTerm	NPrePre1a_VRoot_VerbTerm	SC1_VRoot_VerbTerm	NPrePre1a_NStem
lo_ke	QuantConc5_QuantStem	QuantConc11_QuantStem	QuantConc5_QuantStem	QuantConc11_QuantStem
i_lu_azi	BPre9_BPre11_NStem	BPre9_BPre11_NStem	BPre9_BPre11_NStem	BPre9_BPre11_NStem
na_i_mi_tjhwana	AdvPre_NPre4_BPre4_NStem	AdvPre_NPrePre4_BPre4_NStem	AdvPre_NPre4_BPre4_NStem	AdvPre_NPrePre4_BPre4_NStem
na_i_si_qhema	AdvPre_NPrePre7_BPre7_NStem	AdvPre_NPrePre7_BPre7_NStem	AdvPre_NPrePre7_BPre7_NStem	AdvPre_NPrePre7_BPre7_NStem
esi_nye	AdjPref7_AdjStem	AdjPref7_AdjStem	AdjPref7_AdjStem	AdjPref7_AdjStem
na_esi_nye	AdvPre_EnumConc7_EnumStem	AdvPre_AdjPref7_AdjStem	AdvPre_EnumConc7_EnumStem	AdvPre_AdjPref7_AdjStem
u_ku_qinis_ek_is_a	NPrePre15_BPre15_VRoot_NeutExt_CausExt_VerbTerm	NPrePre15_BPre15_VRoot_NeutExt_CausExt_VerbTerm	NPrePre15_BPre15_VRoot_NeutExt_CausExt_VerbTerm	NPrePre15_BPre15_VRoot_NeutExt_CausExt_VerbTerm
bona	AbsPron2	AbsPron2	AbsPron2	AbsPron2
u_lalel_e	SC1_VRoot_VerbTerm	SC1_VRoot_VerbTerm	SC1_VRoot_VerbTerm	SC1_VRoot_VerbTerm
nga_u_ku_cophelela	AdvPre_NPre15_BPre15_NStem	AdvPre_NPrePre15_BPre15_NStem	AdvPre_NPre15_BPre15_NStem	AdvPre_NPrePre15_BPre15_NStem
.	Punc	Punc	Punc	Punc
lokhu	Dem15_Pos1		Dem15_Pos1	
ku_zoku_vumel_a	BPre15_Fut_VRoot_VerbTerm	SC15_Fut_VRoot_VerbTerm	BPre15_Fut_VRoot_VerbTerm	SC15_Fut_VRoot_VerbTerm
ezi_nye	AdjPref8_AdjStem	AdjPref10_AdjStem	AdjPref8_AdjStem	AdjPref10_AdjStem
i_in_qhema	NPrePre8_NPre8_NStem	NPrePre8_NPre8_NStem	NPrePre8_NPre8_NStem	NPrePre8_NPre8_NStem
zi_cacis_e	SC8_VRoot_VerbTerm	SC8_VRoot_VerbTerm	SC8_VRoot_VerbTerm	SC10_VRoot_CausExt_VerbTerm
a_ma_phuzu	NPrePre6_BPre6_NStem	NPrePre6_BPre6_NStem	NPrePre6_BPre6_NStem	NPrePre6_BPre6_NStem
ezi_nawo	RelConc6_NStem	RelConc8_NStem	RelConc6_NStem	RelConc8_NStem
nga_esi_nye	AdvPre_AdjPref7_AdjStem	AdvPre_AdjPref7_AdjStem	AdvPre_AdjPref7_AdjStem	AdvPre_AdjPref7_AdjStem
i_si_qhema	NPrePre7_BPre7_NStem	NPrePre7_BPre7_NStem	NPrePre7_BPre7_NStem	NPrePre7_BPre7_NStem
.	Punc	Punc	Punc	Punc
u_m_lamuli	NPrePre1_BPre1_NStem	NPrePre1_BPre1_NStem	NPrePre1_BPre1_NStem	NPrePre1_BPre1_NStem
u_rhunyez_a	SC1_VRoot_VerbTerm	SC1_VRoot_VerbTerm	SC1_VRoot_VerbTerm	SC1_VRoot_VerbTerm
a_ma_jamo	NPrePre6_BPre6_NStem	NPrePre6_BPre6_NStem	NPrePre6_BPre6_NStem	NPrePre6_BPre6_NStem
nga_ama_nye	AdvPre_AdjPref6_AdjStem	AdvPre_AdjPref6_AdjStem	AdvPre_AdjPref6_AdjStem	AdvPre_AdjPref6_AdjStem
nga_ama_nye	AdvPre_AdjPref6_AdjStem	AdvPre_AdjPref6_AdjStem	AdvPre_AdjPref6_AdjStem	AdvPre_AdjPref6_AdjStem
nga_ama_nye	AdvPre_AdjPref6_AdjStem	AdvPre_AdjPref6_AdjStem	AdvPre_AdjPref6_AdjStem	AdvPre_AdjPref6_AdjStem
.	Punc	Punc	Punc	Punc
e_u_mu_hlangano_ini	LocPre_NPrePre3_BPre3_NStem_LocSuf	LocPre_NPrePre3_BPre3_NStem_LocSuf	LocPre_NPrePre3_BPre3_NStem_LocSuf	LocPre_NPrePre3_BPre3_NStem_LocSuf
we_e_n_khulu	PossConc3_LocPre_BPre9_NStem	PossConc6_LocPre_BPre9_NStem	PossConc3_LocPre_BPre9_NStem	PossConc6_LocPre_BPre9_NStem
ze_mi_buso	Pres_BPre4_NStem	PossConc10_BPre4_NStem	Pres_BPre4_NStem	PossConc8_BPre4_NStem
w_e_mileniyamu	PossConc3_LocPre_NStem	PossConc1a_LocPre_NStem	PossConc3_LocPre_NStem	PossConc1a_BPre4_NStem
ku_khukhulamungu	BPre15_NStem	BPre15_NStem	BPre15_NStem	BPre15_NStem
nga_u_mu_nyaka	AdvPre_NPrePre3_BPre3_NStem	AdvPre_NPrePre3_BPre3_NStem	AdvPre_NPrePre3_BPre3_NStem	AdvPre_NPrePre3_BPre3_NStem
ka_2000	PossKA_Num	PossKA_Num	PossKA_Num	PossKA_Num
,	Punc	Punc	Punc	Punc
yo_ke	QuantConc4_QuantStem	QuantConc4_QuantStem	QuantConc4_QuantStem	QuantConc4_QuantStem
i_mi_buso	NPrePre4_BPre4_NStem	NPrePre4_BPre4_NStem	NPrePre4_BPre4_NStem	NPrePre4_BPre4_NStem
ya_a_ma_zwe	PossConc4_NPrePre6_BPre6_NStem	PossConc4_NPrePre6_BPre6_NStem	PossConc4_NPrePre6_BPre6_NStem	PossConc4_BPre6_NStem
e_ma_lunga	NPrePre6_BPre6_NStem	NPrePre6_BPre6_NStem	NPrePre6_BPre6_NStem	LocPre_BPre6_NStem
we_e_n_tjhaba	PossConc1_LocPre_BPre9_NStem	PossConc1_LocPre_BPre9_NStem	PossConc1_LocPre_BPre9_NStem	PossConc1_LocPre_BPre9_NStem
ezi_bumbene_ko	RelConc8_NStem_RelSuf	RelConc8_NStem_RelSuf	RelConc8_NStem_RelSuf	RelConc8_NStem_RelSuf
y_a_qinisekisa	PossConc4_LocPre_NStem	PossConc9_LocPre_NStem	PossConc4_LocPre_NStem	PossConc9_VRoot_NeutExt_CausExt_VerbTerm
ka_bu_tjha	AdvPre_BPre14_NStem	AdvPre_BPre14_NStem	AdvPre_BPre14_NStem	AdvPre_BPre14_NStem
u_ku_sekel_a	NPrePre15_BPre15_VRoot_VerbTerm	NPrePre15_BPre15_VRoot_VerbTerm	NPrePre15_BPre15_VRoot_VerbTerm	NPrePre15_BPre15_VRoot_VerbTerm
na_u_ku_zi_bophelel_a	AdvPre_NPrePre15_BPre15_OC10_VRoot_VerbTerm	AdvPre_NPrePre15_BPre15_OC10_VRoot_VerbTerm	AdvPre_NPrePre15_BPre15_OC10_VRoot_VerbTerm	AdvPre_NPrePre15_BPre15_OC10_VRoot_VerbTerm
kwa_yo	PossConc15_PronStem9	PossConc15_PronStem9	PossConc15_PronStem9	PossConc15_PronStem9
e_u_ku_qinis_a_ini	LocPre_NPrePre15_BPre15_VRoot_VerbTerm_LocSuf	LocPre_NPrePre15_BPre15_VRoot_VerbTerm_LocSuf	LocPre_NPrePre15_BPre15_VRoot_VerbTerm_LocSuf	LocPre_BPre15_VRoot_RecipExt_VerbTerm
i_tuthuko	NPrePre4_NStem	NPrePre4_NStem	NPrePre4_NStem	NPrePre4_NStem
ne_ku_qedeni	AdvPre_OC9_NStem	AdvPre_BPre15_NStem	AdvPre_OC9_NStem	AdvPre_BPre15_NStem_LocSuf
i_tjhono	NPrePre4_NStem	NPrePre4_NStem	NPrePre4_NStem	NPrePre4_NStem
ngo_kwa_mukel_a	AdvPre_BPre15_VRoot_VerbTerm	AdvPre_BPre15_VRoot_VerbTerm	AdvPre_BPre15_VRoot_VerbTerm	AdvPre_NPrePre15_BPre15_VRoot_VerbTerm
i_si_memezelo	NPrePre7_BPre7_NStem	NPrePre7_BPre7_NStem	NPrePre7_BPre7_NStem	NPrePre7_BPre7_NStem
s_e_mileniyamu	PossConc7_LocPre_NStem	PossConc7_LocPre_NStem	PossConc7_LocPre_NStem	PossConc7_LocPre_NStem
.	Punc	Punc	Punc	Punc
i_mi_nqopho	NPrePre4_BPre4_NStem	NPrePre4_BPre4_NStem	NPrePre4_BPre4_NStem	NPrePre4_BPre4_NStem
ya_u_ku_thuthuk_is_a	PossConc9_NPrePre15_BPre15_VRoot_CausExt_VerbTerm	PossConc9_NPrePre15_BPre15_VRoot_CausExt_VerbTerm	PossConc9_NPrePre15_BPre15_VRoot_CausExt_VerbTerm	PossConc9_NPrePre15_BPre15_VRoot_CausExt_VerbTerm
ye_mileniyamu	PossConc4_NStem	PossConc4_NStem	PossConc4_NStem	PossConc9_BPre4_NStem
(	Punc	Punc	Punc	Punc
i_MDGS	NPrePre4_Abbr	NPrePre9_Abbr	NPrePre4_Abbr	NPrePre10_BPre10_Abbr
)	Punc	Punc	Punc	Punc
i_zi_in_dlela	NPrePre10_BPre10_BPre10_NStem	NPrePre10_BPre10_BPre10_NStem	NPrePre10_BPre10_BPre10_NStem	NPrePre10_BPre10_BPre10_NStem
zo_ku_siza	PossConc10_BPre15_NStem	PossConc8_BPre15_NStem	PossConc10_BPre15_NStem	PossConc8_BPre15_NStem
u_ku_hlangabezan_a	NPrePre15_BPre15_VRoot_VerbTerm	NPrePre15_BPre15_VRoot_VerbTerm	NPrePre15_BPre15_VRoot_VerbTerm	NPrePre15_BPre15_VRoot_VerbTerm
ne_e_m_bopho	AdvPre_LocPre_BPre3_NStem	AdvPre_LocPre_BPre3_NStem	AdvPre_LocPre_BPre3_NStem	AdvPre_LocPre_BPre3_NStem
ze_si_memezelo	PossConc10_BPre7_NStem	PossConc8_BPre7_NStem	PossConc10_BPre7_NStem	PossConc8_BPre7_NStem
s_e_mileniyamu	PossConc7_LocPre_NStem	PossConc7_LocPre_NStem	PossConc7_LocPre_NStem	PossConc7_LocPre_NStem
.	Punc	Punc	Punc	Punc
a_ma_foromu	NPrePre6_BPre6_NStem	NPrePre6_BPre6_NStem	NPrePre6_BPre6_NStem	NPrePre6_BPre6_NStem
e_ma_khasi_ini	LocPre_BPre6_NStem_LocSuf	LocPre_BPre6_NStem_LocSuf	LocPre_BPre6_NStem_LocSuf	LocPre_BPre6_NStem_LocSuf
a_mbalwa	RelConc6_RelStem	RelConc6_RelStem	RelConc6_RelStem	RelConc6_RelStem
a_landel_a_ko	RelConc6_VRoot_VerbTerm_RelSuf	RelConc6_VRoot_VerbTerm_RelSuf	RelConc6_VRoot_VerbTerm_RelSuf	RelConc6_VRoot_VerbTerm_RelSuf
a_yi_n_dlela	NPrePre6_OC4_BPre9_NStem	NPrePre6_OC4_BPre9_NStem	NPrePre6_OC4_BPre9_NStem	NPrePre6_OC4_BPre9_NStem
a_yi_n_dlela	NPrePre6_OC4_BPre9_NStem	NPrePre6_OC4_BPre9_NStem	NPrePre6_OC4_BPre9_NStem	NPrePre6_CopPre_BPre9_NStem
e_hl_e	RelConc9_VRoot_VerbTerm	RelConc9_VRoot_VerbTerm	RelConc9_VRoot_VerbTerm	RelConc9_VRoot_VerbTerm
ya_u_ku_thom_a	PossConc9_NPrePre15_BPre15_VRoot_VerbTerm	PossConc9_NPrePre15_BPre15_VRoot_VerbTerm	PossConc9_NPrePre15_BPre15_VRoot_VerbTerm	PossConc9_NPrePre15_BPre15_VRoot_VerbTerm
nangabe	Conj	Conj	Conj	Conj
u_fun_a	SC1_VRoot_VerbTerm	SC1_VRoot_VerbTerm	SC1_VRoot_VerbTerm	SC1_VRoot_VerbTerm
u_ku_enz_a	NPrePre15_BPre15_VRoot_VerbTerm	NPrePre15_BPre15_VRoot_VerbTerm	NPrePre15_BPre15_VRoot_VerbTerm	NPrePre15_BPre15_VRoot_VerbTerm
i_hlolo	NPrePre4_NStem	NPrePre4_NStem	NPrePre4_NStem	NPrePre4_NStem
eli_vamile_ko	RelConc5_NStem_RelSuf	RelConc5_NStem_RelSuf	RelConc5_NStem_RelSuf	RelConc5_VRoot_Perf_RelSuf
le_endingo	Dem4_Pos1_NStem	Pos1	Dem4_Pos1_NStem	PossConc5_LocPre_BPre9_NStem
.	Punc	Punc	Punc	Punc
na_wu_zalis_a	AdvPre_OC3_VRoot_VerbTerm	AdvPre_OC3_VRoot_VerbTerm	AdvPre_OC3_VRoot_VerbTerm	AdvPre_OC3_VRoot_VerbTerm
i_foromu	NPrePre4_NStem	NPrePre4_NStem	NPrePre4_NStem	NPrePre4_NStem
u_za_ku_thol_a	SC2_Fut_BPre17_VRoot_VerbTerm	NPrePre15_Fut_BPre15_VRoot_VerbTerm	SC2_Fut_BPre17_VRoot_VerbTerm	SC1_Fut_VRoot_VerbTerm
u_mu_bono	NPrePre3_BPre3_NStem	NPrePre3_BPre3_NStem	NPrePre3_BPre3_NStem	NPrePre3_BPre3_NStem
o_thileko	PossConc6_NStem	RelConc3_NStem	PossConc6_NStem	RelConc3_NStem
wo_m_raro	PossConc6_BPre10_NStem	PossConc6_BPre10_NStem	PossConc6_BPre10_NStem	PossConc6_BPre10_NStem
a_bo_mma	NPrePre2a_BPre2a_NStem	NPrePre2a_BPre2a_NStem	NPrePre2a_BPre2a_NStem	NPrePre2a_BPre2a_NStem
aba_qal_an_ile	RelConc2_VRoot_RecipExt_Perf	RelConc2_VRoot_RecipExt_Perf	RelConc2_VRoot_RecipExt_Perf	RelConc2_VRoot_RecipExt_Perf
na_wo	AdvPre_PronStem3	AdvPre_PronStem3	AdvPre_PronStem3	AdvPre_PronStem3
e_ndawenakho	LocPre_NStem	LocPre_NStem	LocPre_NStem	LocPre_NStem
.	Punc	Punc	Punc	Punc
nangabe	Conj	Conj	Conj	Conj
a_wu_azi	RelConc6_NegPre_NStem	RelConc6_OC3_NStem	RelConc6_NegPre_NStem	SC6_OC3_VRoot_VerbTerm
zo_ke	QuantConc10_QuantStem	QuantConc10_QuantStem	QuantConc10_QuantStem	QuantConc10_QuantStem
i_im_pendulo	NPrePre10_BPre10_NStem	NPrePre10_BPre10_NStem	NPrePre10_BPre10_NStem	NPrePre10_BPre10_NStem
,	Punc	Punc	Punc	Punc
za_ma	BPre8_NStem	Pres_NStem	BPre8_NStem	VRoot_VerbTerm
u_ku_thol_a	NPrePre15_BPre15_VRoot_VerbTerm	NPrePre15_BPre15_VRoot_VerbTerm	NPrePre15_BPre15_VRoot_VerbTerm	NPrePre15_BPre15_VRoot_VerbTerm
i_lu_azi	BPre9_BPre11_NStem	BPre9_BPre11_NStem	BPre9_BPre11_NStem	BPre9_BPre11_NStem
eli_vela	RelConc5_NStem	RelConc5_NStem	RelConc5_NStem	SC1_OC5_VRoot_VerbTerm
ku_masipala	LocPre_NStem	LocPre_NStem	LocPre_NStem	LocPre_NStem
,	Punc	Punc	Punc	Punc
u_m_tholapilo	NPrePre1_BPre1_NStem	NPrePre3_BPre3_NStem	NPrePre1_BPre1_NStem	NPrePre3_BPre3_NStem
,	Punc	Punc	Punc	Punc
i_in_hlangano	NPrePre4_BPre4_NStem	NPrePre4_BPre4_NStem	NPrePre4_BPre4_NStem	NPrePre4_BPre4_NStem
za_u_mu_phakathi	PossConc10_NPrePre3_BPre3_NStem	PossConc10_NPrePre3_BPre3_NStem	PossConc10_NPrePre3_BPre3_NStem	PossConc10_NPrePre3_BPre3_NStem
namkha	Conj	Conj	Conj	Conj
i_mi_sebenzi	NPrePre4_BPre4_NStem	NPrePre4_BPre4_NStem	NPrePre4_BPre4_NStem	NPrePre4_BPre4_NStem
karhulumende	NStem	NStem	NStem	PossConc4_NStem
.	Punc	Punc	Punc	Punc
u_ku_balwa	NPrePre15_BPre15_NStem	NPrePre15_BPre15_NStem	NPrePre15_BPre15_NStem	NPrePre15_BPre15_VRoot_PassExt_VerbTerm
kwa_a_ba_ntu	PossConc15_NPrePre2_BPre2_NStem	PossConc15_NPrePre2_BPre2_NStem	PossConc15_NPrePre2_BPre2_NStem	PossConc15_NPrePre2_BPre2_NStem
ku_mel_e	SC15_VRoot_VerbTerm	SC15_VRoot_VerbTerm	SC15_VRoot_VerbTerm	SC15_VRoot_VerbTerm
na_kho	AdvPre_PronStem15	AdvPre_PronStem15	AdvPre_PronStem15	AdvPre_PronStem15
ku_be	SC15_Cop	SC15_Cop	SC15_Cop	OC15_VRoot_VerbTerm
na_lwazi	AdvPre_NStem	AdvPre_NStem	AdvPre_NStem	AdvPre_NStem
lo_u_bu_jamo	Dem1_Pos1_NPrePre14_BPre14_NStem	PossConc5_NPrePre14_BPre14_NStem	Dem1_Pos1_NPrePre14_BPre14_NStem	PossConc5_NPrePre4_BPre14_NStem
be_za_u_mu_notho	PossConc14_PossConc10_NPrePre3_BPre3_NStem	PossConc14_PossConc10_NPrePre3_BPre3_NStem	PossConc14_PossConc10_NPrePre3_BPre3_NStem	PossConc14_PossConc10_NPrePre3_BPre3_NStem
wa_a_ba_ntu	PossConc3_NPrePre2_BPre2_NStem	PossConc3_NPrePre2_BPre2_NStem	PossConc3_NPrePre2_BPre2_NStem	PossConc3_NPrePre2_BPre2_NStem
e_ndawenakho	LocPre_NStem	LocPre_NStem	LocPre_NStem	LocPre_NStem
.	Punc	Punc	Punc	Punc
i_phrojekthi	NPrePre5_NStem	NPrePre5_NStem	NPrePre5_NStem	NPrePre5_NStem
e_nye	AdjPref9_AdjStem	AdjPref9_AdjStem	AdjPref9_AdjStem	AdjPref9_AdjStem
na_e_nye	AdvPre_AdjPref9_AdjStem	AdvPre_AdjPref9_AdjStem	AdvPre_AdjPref9_AdjStem	AdvPre_AdjPref9_AdjStem
i_hluk_ile	SC4_VRoot_Perf	SC4_VRoot_Perf	SC4_VRoot_Perf	NPrePre4_NStem
kwa_e_nye	PossConc15_AdjPref9_AdjStem	PossConc15_AdjPref9_AdjStem	PossConc15_AdjPref9_AdjStem	PossConc15_NStem
be_godu	PossConc14_NStem	PossConc14_NStem	PossConc14_NStem	Conj
i_ne_e_n_tjhijilo	NPrePre8_AdvPre_LocPre_BPre8_NStem	NPrePre8_AdvPre_LocPre_BPre8_NStem	NPrePre8_AdvPre_LocPre_BPre8_NStem	NPrePre8_AdvPre_LocPre_BPre8_NStem
ne_e_n_daba	AdvPre_LocPre_BPre9_NStem	AdvPre_LocPre_BPre9_NStem	AdvPre_LocPre_BPre9_NStem	AdvPre_LocPre_BPre9_NStem
za_yo	PossConc10_PronStem9	PossConc10_PronStem9	PossConc10_PronStem9	PossConc10_PronStem9
oku_fan_el_e	RelConc15_VRoot_ApplExt_VerbTerm	RelConc15_VRoot_ApplExt_VerbTerm	RelConc15_VRoot_ApplExt_VerbTerm	RelConc15_VRoot_ApplExt_VerbTerm
zi_qalelelwe	BPre10_NStem	BPre10_NStem	BPre10_NStem	BPre10_NStem
.	Punc	Punc	Punc	Punc
nga_lokho	AdvPre_Dem15_Pos2	AdvPre	AdvPre_Dem15_Pos2	AdvPre
i_hlelo	NPrePre9_NStem	NPrePre9_NStem	NPrePre9_NStem	NPrePre9_NStem
eli_hlukile_ko	RelConc5_NStem_RelSuf	RelConc5_NStem_RelSuf	RelConc5_NStem_RelSuf	RelConc5_NStem_RelSuf
kwa_eli_nye	PossConc15_AdjPref5_AdjStem	PossConc15_AdjPref5_AdjStem	PossConc15_AdjPref5_AdjStem	PossConc15_AdjPref5_AdjStem
li_ya_dingakala	BPre5_Pres_NStem	BPre5_Pres_NStem	BPre5_Pres_NStem	SC5_Pres_VRoot_VerbTerm
u_ku_enz_el_a	NPrePre15_BPre15_VRoot_ApplExt_VerbTerm	NPrePre15_BPre15_VRoot_ApplExt_VerbTerm	NPrePre15_BPre15_VRoot_ApplExt_VerbTerm	NPrePre15_BPre15_VRoot_ApplExt_VerbTerm
bo_nyana	BPre2_NStem	BPre2_NStem	BPre2_NStem	BPre2_NStem
i_phrojekthi	NPrePre5_NStem	NPrePre5_NStem	NPrePre5_NStem	NPrePre5_NStem
i_kwa_azi	NPrePre4_BPre15_NStem	NPrePre4_BPre15_NStem	NPrePre4_BPre15_NStem	NPrePre4_BPre15_NStem
u_ku_qed_w_a	NPrePre15_BPre15_VRoot_PassExt_VerbTerm	NPrePre15_BPre15_VRoot_PassExt_VerbTerm	NPrePre15_BPre15_VRoot_PassExt_VerbTerm	NPrePre15_BPre15_VRoot_PassExt_VerbTerm
nga_i_pumelelo	AdvPre_NPre9_NStem	AdvPre_NPre9_NStem	AdvPre_NPre9_NStem	AdvPre_NPre9_NStem
.	Punc	Punc	Punc	Punc
i_grafu	NPrePre4_NStem	NPrePre5_NStem	NPrePre4_NStem	NPrePre4_NStem
e_nga_phasi	RelConc9_AdvPre_NStem	LocPre_AdvPre_Adv	RelConc9_AdvPre_NStem	LocPre_AdvPre_Adv
i_tjengisa	NPrePre4_NStem	NPrePre4_NStem	NPrePre4_NStem	NPrePre4_NStem
u_ku_hlobana	NPrePre15_BPre15_NStem	NPrePre15_BPre15_NStem	NPrePre15_BPre15_NStem	NPrePre15_BPre15_NStem
oku_khulu	AdjPref15_AdjStem	AdjPref15_AdjStem	AdjPref15_AdjStem	AdjPref15_AdjStem
phakathi	Adv	Adv	Adv	Adv
kwa_ma_kghono	PossConc15_BPre15_NStem	PossConc15_BPre6_NStem	PossConc15_BPre15_NStem	PossConc15_BPre6_NStem
,	Punc	Punc	Punc	Punc
a_ma_thuba	NPrePre6_BPre6_NStem	NPrePre6_BPre6_NStem	NPrePre6_BPre6_NStem	NPrePre6_BPre6_NStem
na_u_mu_sebenzi	AdvPre_NPrePre3_BPre3_NStem	AdvPre_NPrePre3_BPre3_NStem	AdvPre_NPrePre3_BPre3_NStem	AdvPre_NPrePre3_BPre3_NStem
ma_lunga_ana	BPre6_NStem_DimSuf	BPre6_NStem_DimSuf	BPre6_NStem_DimSuf	BPre6_NStem_DimSuf
na_u_bu_jamo	AdvPre_NPrePre14_BPre14_NStem	AdvPre_NPrePre14_BPre14_NStem	AdvPre_NPrePre14_BPre14_NStem	AdvPre_NPrePre14_BPre14_NStem
be_ze_hlalakuhle	PossConc2_BPre8_NStem	PossConc2_BPre8_NStem	PossConc2_BPre8_NStem	PossConc2_BPre8_NStem
no_ku_phil_a	AdvPre_SC15_VRoot_VerbTerm	AdvPre_SC15_VRoot_VerbTerm	AdvPre_SC15_VRoot_VerbTerm	AdvPre_NPrePre15_BPre15_VRoot_VerbTerm
.	Punc	Punc	Punc	Punc
i_khombisa	NPrePre4_NStem	NPrePre4_NStem	NPrePre4_NStem	SC4_VRoot_CausExt_VerbTerm
i_n_dlela	NPrePre9_BPre9_NStem	NPrePre9_BPre9_NStem	NPrePre9_BPre9_NStem	NPrePre9_BPre9_NStem
u_bu_rholi	NPrePre14_BPre14_NStem	NPrePre14_BPre14_NStem	NPrePre14_BPre14_NStem	NPrePre14_BPre14_NStem
,	Punc	Punc	Punc	Punc
i_zi_akhamuzi	NPrePre8_BPre8_NStem	NPrePre8_BPre8_NStem	NPrePre8_BPre8_NStem	NPrePre8_BPre8_NStem
ezi_khuthele_ko	RelConc8_NStem_RelSuf	RelConc8_NStem_RelSuf	RelConc8_NStem_RelSuf	RelConc8_NStem_RelSuf
na_u_mu_buso	AdvPre_NPrePre3_BPre3_NStem	AdvPre_NPrePre3_BPre3_NStem	AdvPre_NPrePre3_BPre3_NStem	AdvPre_NPrePre3_BPre3_NStem
o_sebenz_a	RelConc4_VRoot_VerbTerm	RelConc3_VRoot_VerbTerm	RelConc4_VRoot_VerbTerm	RelConc3_VRoot_VerbTerm
nga_i_pumelelo	AdvPre_NPre9_NStem	AdvPre_NPre9_NStem	AdvPre_NPre9_NStem	AdvPre_NPre9_NStem
o_ngasiz_a	RelConc4_VRoot_VerbTerm	RelConc3_VRoot_VerbTerm	RelConc4_VRoot_VerbTerm	SC3_AdvPre_VRoot_VerbTerm
nga_yo	AdvPre_PronStem9	AdvPre_PronStem9	AdvPre_PronStem9	AdvPre_PronStem9
e_ku_lawula_eni	LocPre_BPre15_NStem_LocSuf	LocPre_BPre15_NStem_LocSuf	LocPre_BPre15_NStem_LocSuf	LocPre_BPre15_NStem_LocSuf
i_tuthuko	NPrePre4_NStem	NPrePre4_NStem	NPrePre4_NStem	NPrePre4_NStem
e_bhoduluko_eni	LocPre_NStem_LocSuf	LocPre_NStem_LocSuf	LocPre_NStem_LocSuf	LocPre_NStem_LocSuf
eli_na_u_mu_phakathi	RelConc5_AdvPre_NPrePre3_BPre3_NStem	RelConc5_AdvPre_NPrePre3_BPre3_NStem	RelConc5_AdvPre_NPrePre3_BPre3_NStem	RelConc5_AdvPre_NPrePre3_BPre3_NStem
o_bumbeneko	BPre2a_NStem	RelConc3_NStem	BPre2a_NStem	RelConc14_NStem
.	Punc	Punc	Punc	Punc
i_mi_hlahlandlela	NPrePre4_BPre4_NStem	NPrePre4_BPre4_NStem	NPrePre4_BPre4_NStem	NPrePre4_BPre4_NStem
:	Punc	Punc	Punc	Punc
u_m_thangalasisekelo	NPrePre3_BPre3_NStem	NPrePre3_BPre3_NStem	NPrePre3_BPre3_NStem	NPrePre3_BPre3_NStem
ka_masipala	PossKA_NStem	PossKA_NStem	PossKA_NStem	PossKA_NStem
o_hlal_a	RelConc1_VRoot_VerbTerm	RelConc3_VRoot_VerbTerm	RelConc1_VRoot_VerbTerm	RelConc3_VRoot_VerbTerm
u_njalo	NPrePre1a_NStem	NPrePre1a_Adv	NPrePre1a_NStem	NPrePre1a_Adv
na_u_kwe_thul_w_a	AdvPre_NPrePre15_BPre15_VRoot_PassExt_VerbTerm	AdvPre_NPrePre15_BPre15_VRoot_PassExt_VerbTerm	AdvPre_NPrePre15_BPre15_VRoot_PassExt_VerbTerm	AdvPre_NPrePre15_BPre15_VRoot_PassExt_VerbTerm
kwa_u_mu_sebenzi	PossConc15_NPrePre3_BPre3_NStem	PossConc15_NPrePre3_BPre3_NStem	PossConc15_NPrePre3_BPre3_NStem	PossConc15_NPrePre3_BPre3_NStem
,	Punc	Punc	Punc	Punc
1	Num	Num	Num	Num
ku_sihlabantangana	BPre15_NStem	BPre15_NStem	BPre15_NStem	BPre15_BPre7_NStem
2007	Num	Num	Num	Num
ku_mihlahlandlela	BPre15_NStem	BPre15_NStem	BPre15_NStem	BPre15_NStem
e_thuthuk_is_el_w_e	RelConc4_VRoot_CausExt_ApplExt_PassExt_VerbTerm	SC4_VRoot_CausExt_ApplExt_PassExt_VerbTerm	RelConc4_VRoot_CausExt_ApplExt_PassExt_VerbTerm	SC4_VRoot_CausExt_ApplExt_PassExt_VerbTerm
u_ku_siz_a	NPrePre15_BPre15_VRoot_VerbTerm	NPrePre15_BPre15_VRoot_VerbTerm	NPrePre15_BPre15_VRoot_VerbTerm	NPrePre15_BPre15_VRoot_VerbTerm
u_rhulumende	NPrePre15_NStem	NPrePre1a_NStem	NPrePre15_NStem	NPrePre1a_NStem
a_zal_is_e	RelConc6_VRoot_CausExt_VerbTerm	SC6_VRoot_CausExt_VerbTerm	RelConc6_VRoot_CausExt_VerbTerm	SC6_VRoot_CausExt_VerbTerm
u_ku_zi_boph_elel_a	NPrePre15_BPre15_OC10_VRoot_IntensExt_VerbTerm	NPrePre15_BPre15_OC10_VRoot_IntensExt_VerbTerm	NPrePre15_BPre15_OC10_VRoot_IntensExt_VerbTerm	NPrePre15_BPre15_ReflPre_VRoot_IntensExt_VerbTerm
kwa_khe	PossConc15_PronStem1	PossConc15_PronStem1	PossConc15_PronStem1	PossConc15_PronStem1
e_u_mu_sebenzi_ini	LocPre_NPrePre3_BPre3_NStem_LocSuf	LocPre_NPrePre3_BPre3_NStem_LocSuf	LocPre_NPrePre3_BPre3_NStem_LocSuf	LocPre_NPrePre3_BPre3_NStem_LocSuf
wo_m_thethosisekelo	PossConc3_BPre3_NStem	PossConc3_BPre3_NStem	PossConc3_BPre3_NStem	PossConc3_LocPre_BPre3_NStem
u_ku_nikel_a	NPrePre15_BPre15_VRoot_VerbTerm	NPrePre15_BPre15_VRoot_VerbTerm	NPrePre15_BPre15_VRoot_VerbTerm	NPrePre15_BPre15_VRoot_VerbTerm
i_mi_sebenzi	NPrePre4_BPre4_NStem	NPrePre4_BPre4_NStem	NPrePre4_BPre4_NStem	NPrePre4_BPre4_NStem
ka_masipala	PossKA_NStem	PossKA_NStem	PossKA_NStem	PossKA_NStem
e_yi_si_sekelo	RelConc9_Pres_BPre7_NStem	RelConc9_CopPre_BPre7_NStem	RelConc9_Pres_BPre7_NStem	RelConc9_CopPre_BPre7_NStem
.	Punc	Punc	Punc	Punc
i_venn	NPrePre4_NStem	NPrePre9_Foreign	NPrePre4_NStem	NPrePre9_NStem
diagram	Foreign	Foreign	Foreign	Foreign
i_li_thulusi	NPrePre5_BPre5_NStem	NPrePre5_BPre5_NStem	NPrePre5_BPre5_NStem	NPrePre5_BPre5_NStem
loku_cozulula	RelConc15_NStem	RelConc15_NStem	RelConc15_NStem	RelConc15_VRoot_VerbTerm
loku_bonelel_a	RelConc15_VRoot_VerbTerm	RelConc15_VRoot_VerbTerm	RelConc15_VRoot_VerbTerm	RelConc15_VRoot_VerbTerm
u_mu_phakathi	NPrePre3_BPre3_NStem	NPrePre3_BPre3_NStem	NPrePre3_BPre3_NStem	NPrePre3_BPre3_NStem
nga_e_n_setjenziswa	AdvPre_LocPre_BPre3_NStem	AdvPre_LocPre_BPre3_NStem	AdvPre_LocPre_BPre3_NStem	AdvPre_LocPre_BPre3_NStem
.	Punc	Punc	Punc	Punc
a_ma_lunga	NPrePre6_BPre6_NStem	NPrePre6_BPre6_NStem	NPrePre6_BPre6_NStem	NPrePre6_BPre6_NStem
wa_u_mu_phakathi	PossConc3_NPrePre3_BPre3_NStem	PossConc3_NPrePre3_BPre3_NStem	PossConc3_NPrePre3_BPre3_NStem	PossConc3_NPrePre3_BPre3_NStem
a_khomb_a	SC6_VRoot_VerbTerm	RelConc6_VRoot_VerbTerm	SC6_VRoot_VerbTerm	RelConc6_VRoot_VerbTerm
i_in_hlangano	NPrePre4_BPre4_NStem	NPrePre4_BPre4_NStem	NPrePre4_BPre4_NStem	NPrePre4_BPre4_NStem
,	Punc	Punc	Punc	Punc
i_mi_sebenzi	NPrePre4_BPre4_NStem	NPrePre4_BPre4_NStem	NPrePre4_BPre4_NStem	NPrePre4_BPre4_NStem
ka_nye	AdvPre_AdjStem	AdvPre_AdjStem	AdvPre_AdjStem	AdvPre_AdjStem
na_ba_nikeli	AdvPre_BPre2_NStem	AdvPre_BPre2_NStem	AdvPre_BPre2_NStem	AdvPre_BPre2_NStem
nga_i_mi_sebenzi	AdvPre_NPrePre4_BPre4_NStem	AdvPre_NPrePre4_BPre4_NStem	AdvPre_NPrePre4_BPre4_NStem	AdvPre_NPrePre4_BPre4_NStem
be_s_e	SC2_VRoot_VerbTerm	SC2_VRoot_VerbTerm	SC2_VRoot_VerbTerm	SC2_VRoot_VerbTerm
ba_lingan_is_a	SC2_Intrans_CausExt_VerbTerm	SC2_Intrans_CausExt_VerbTerm	SC2_Intrans_CausExt_VerbTerm	SC2_Intrans_CausExt_VerbTerm
ko_ke	QuantConc15_QuantStem	QuantConc15_QuantStem	QuantConc15_QuantStem	QuantConc15_QuantStem
lokhu	Dem15_Pos1		Dem15_Pos1	
u_ku_y_a	NPrePre15_BPre15_VRoot_VerbTerm	NPrePre15_BPre15_VRoot_VerbTerm	NPrePre15_BPre15_VRoot_VerbTerm	NPrePre15_BPre15_VRoot_VerbTerm
ngo_ku_qakathek_a	AdvPre_BPre15_VRoot_VerbTerm	AdvPre_OC15_VRoot_VerbTerm	AdvPre_BPre15_VRoot_VerbTerm	AdvPre_NPrePre15_BPre15_VRoot_VerbTerm
na_u_ku_fumanek_a	AdvPre_NPrePre15_BPre15_Intrans_VerbTerm	AdvPre_NPrePre15_BPre15_Intrans_VerbTerm	AdvPre_NPrePre15_BPre15_Intrans_VerbTerm	AdvPre_NPrePre15_BPre15_Intrans_VerbTerm
ku_akhon_a	SC15_Intrans_VerbTerm	OC15_VRoot_VerbTerm	SC15_Intrans_VerbTerm	SC15_Adv
.	Punc	Punc	Punc	Punc
begodu	Conj	Conj	Conj	Conj
i_li_thulusi	NPrePre5_BPre5_NStem	NPrePre5_BPre5_NStem	NPrePre5_BPre5_NStem	NPrePre5_BPre5_NStem
eli_ne_sizo	RelConc5_AdvPre_NStem	RelConc5_AdvPre_NStem	RelConc5_AdvPre_NStem	RelConc5_AdvPre_NStem
loku_zwisis_a	RelConc15_VRoot_VerbTerm	RelConc15_VRoot_VerbTerm	RelConc15_VRoot_VerbTerm	RelConc15_VRoot_PassExt_CausExt_CausExt_VerbTerm
i_i_n_dingo	NPrePre8_NPrePre8_BPre8_NStem	NPrePre8_NPrePre8_BPre8_NStem	NPrePre8_NPrePre8_BPre8_NStem	NPrePre8_NPrePre8_BPre8_NStem
za_u_mu_phakathi	PossConc8_NPrePre3_BPre3_NStem	PossConc10_NPrePre3_BPre3_NStem	PossConc8_NPrePre3_BPre3_NStem	PossConc10_NPrePre3_BPre3_NStem
.	Punc	Punc	Punc	Punc
yi_ba	CopPre_AuxVStem	CopPre_AuxVStem	CopPre_AuxVStem	CopPre_AuxVStem
na_lemuko	AdvPre_NStem	LocPre_NStem	AdvPre_NStem	AdvPre_NStem
le_tuthuko	PossConc5_NStem	PossConc5_NStem	PossConc5_NStem	PossConc5_NStem
ka_ba_nye	PossConc15_EnumConc2_EnumStem	AdvPre_BPre2_AdjStem	PossConc15_EnumConc2_EnumStem	AdvPre_AdjPref2_AdjStem
a_bo_masipala_funda	NPrePre2a_BPre2a_NStem_NStem	NPrePre2a_BPre2a_NStem_NStem	NPrePre2a_BPre2a_NStem_NStem	RelConc2a_NStem_NStem
e_mibhinweni	LocPre_NStem	LocPre_NStem	LocPre_NStem	LocPre_BPre4_NStem_LocSuf
begodu	Conj	Conj	Conj	Conj
na_lemuko_eni	AdvPre_NStem_LocSuf	LocPre_NStem_LocSuf	AdvPre_NStem_LocSuf	AdvPre_NStem_LocSuf
labo	Dem2_Pos2		Dem2_Pos2	
.	Punc	Punc	Punc	Punc
begodu	Conj	Conj	Conj	Conj
nga_kwe_li_nye	AdvPre_PossConc15_BPre5_EnumStem	AdvPre_PossConc15_BPre5_EnumStem	AdvPre_PossConc15_BPre5_EnumStem	AdvPre_PossConc15_BPre5_EnumStem
i_hlangothi	NPrePre9_NStem	NPrePre9_NStem	NPrePre9_NStem	NPrePre9_NStem
,	Punc	Punc	Punc	Punc
u_ku_sebenzis_an_a	NPrePre15_BPre15_VRoot_RecipExt_VerbTerm	NPrePre15_BPre15_VRoot_RecipExt_VerbTerm	NPrePre15_BPre15_VRoot_RecipExt_VerbTerm	NPrePre15_BPre15_VRoot_RecipExt_VerbTerm
ne_phasi	AdvPre_Adv	AdvPre_Adv	AdvPre_Adv	AdvPre_Adv
lo_ke	QuantConc11_QuantStem	QuantConc11_QuantStem	QuantConc11_QuantStem	QuantConc11_QuantStem
ku_b_e	SC15_VRoot_VerbTerm	OC15_VRoot_VerbTerm	SC15_VRoot_VerbTerm	OC15_VRoot_VerbTerm
na_u_mu_thelela	AdvPre_NPrePre3_BPre3_NStem	AdvPre_NPrePre3_BPre3_NStem	AdvPre_NPrePre3_BPre3_NStem	AdvPre_NPrePre3_BPre3_NStem
omu_mbi	AdjPref3_AdjStem	AdjPref3_AdjStem	AdjPref3_AdjStem	AdjPref3_AdjStem
ma_lunga_ana	BPre6_NStem_DimSuf	BPre6_NStem_DimSuf	BPre6_NStem_DimSuf	BPre6_NStem_DimSuf
no_ku_khuphuk_a	AdvPre_SC15_VRoot_VerbTerm	NegPre_SC15_VRoot_VerbTerm	AdvPre_SC15_VRoot_VerbTerm	AdvPre_NPrePre15_BPre15_VRoot_VerbTerm
kwe_e_n_gozi	PossConc15_LocPre_BPre3_NStem	PossConc15_LocPre_BPre3_NStem	PossConc15_LocPre_BPre3_NStem	PossConc15_LocPre_NStem
be_godu	PossConc14_NStem	PossConc14_NStem	PossConc14_NStem	Conj
no_ku_hlangahlangan_a	AdvPre_SC15_Intrans_VerbTerm	AdvPre_SC15_VRoot_VerbTerm	AdvPre_SC15_Intrans_VerbTerm	AdvPre_NPrePre15_BPre15_VRoot_VerbTerm
ku_eendab_a	SC15_Intrans_VerbTerm	OC15_VRoot_VerbTerm	SC15_Intrans_VerbTerm	PossConc15_LocPre_NStem
ze_phasi	Pres_NStem	Pres_NStem	Pres_NStem	Pres_NStem
-	Punc	Punc	Punc	Punc
u_ku_thom_a	NPrePre15_BPre15_VRoot_VerbTerm	NPrePre15_BPre15_VRoot_VerbTerm	NPrePre15_BPre15_VRoot_VerbTerm	NPrePre15_BPre15_VRoot_VerbTerm
e_ku_tjhugutjhuguluka_eni	LocPre_BPre15_NStem_LocSuf	LocPre_BPre15_NStem_LocSuf	LocPre_BPre15_NStem_LocSuf	LocPre_BPre15_NStem_LocSuf
kwa_mamakethe	PossConc1a_NStem	PossConc15_NStem	PossConc1a_NStem	PossConc15_BPre6_NStem
we_e_mali	PossConc3_LocPre_NStem	PossConc3_LocPre_NStem	PossConc3_LocPre_NStem	PossConc3_LocPre_NStem
,	Punc	Punc	Punc	Punc
u_ku_y_a	NPrePre15_BPre15_VRoot_VerbTerm	NPrePre15_BPre15_VRoot_VerbTerm	NPrePre15_BPre15_VRoot_VerbTerm	NPrePre15_BPre15_VRoot_VerbTerm
e_ku_fuduka_eni	LocPre_BPre15_NStem_LocSuf	LocPre_BPre15_NStem_LocSuf	LocPre_BPre15_NStem_LocSuf	LocPre_BPre15_NStem_LocSuf
kwa_a_ba_ntu	PossConc15_NPrePre2_BPre2_NStem	PossConc15_NPrePre2_BPre2_NStem	PossConc15_NPrePre2_BPre2_NStem	PossConc15_NPrePre2_BPre2_NStem
aba_na_ma_kghono	RelConc2_AdvPre_BPre6_NStem	RelConc2_AdvPre_BPre6_NStem	RelConc2_AdvPre_BPre6_NStem	RelConc2_AdvPre_BPre6_NStem
aba_hlal_a	RelConc2_VRoot_VerbTerm	RelConc2_VRoot_VerbTerm	RelConc2_VRoot_VerbTerm	RelConc2_VRoot_VerbTerm
e_e_narha_eni	RelConc9_LocPre_NStem_LocSuf	RelConc9_LocPre_NStem_LocSuf	RelConc9_LocPre_NStem_LocSuf	RelConc9_LocPre_NStem_LocSuf
ezi_thuthuk_a_ko	RelConc10_VRoot_VerbTerm_RelSuf	RelConc10_VRoot_VerbTerm_RelSuf	RelConc10_VRoot_VerbTerm_RelSuf	RelConc10_VRoot_VerbTerm_RelSuf
,	Punc	Punc	Punc	Punc
u_ku_y_a	NPrePre15_BPre15_VRoot_VerbTerm	NPrePre15_BPre15_VRoot_VerbTerm	NPrePre15_BPre15_VRoot_VerbTerm	NPrePre15_BPre15_VRoot_VerbTerm
e_ku_tjhuguluka_eni	LocPre_BPre15_NStem_LocSuf	LocPre_BPre15_NStem_LocSuf	LocPre_BPre15_NStem_LocSuf	LocPre_BPre15_NStem_LocSuf
kobudlelwano	NStem	NStem	NStem	PossConc15_NStem
ba_mandla	PossConc2_RelStem	PossConc2_RelStem	PossConc2_RelStem	SC2_RelStem
phakathi	Adv	Adv	Adv	Adv
kwe_mibuso	PossConc15_NStem	PossConc15_NStem	PossConc15_NStem	PossConc15_NPrePre4_BPre4_NStem
no_ku_siselan_a	AdvPre_SC15_Intrans_VerbTerm	AdvPre_SC15_Intrans_VerbTerm	AdvPre_SC15_Intrans_VerbTerm	AdvPre_NPrePre15_BPre15_OC1_VRoot_ApplExt_RecipExt_VerbTerm
nga_i_n_mali	AdvPre_NPrePre9_BPre9_NStem	AdvPre_NPrePre9_BPre9_NStem	AdvPre_NPrePre9_BPre9_NStem	AdvPre_NPrePre9_BPre9_NStem
.	Punc	Punc	Punc	Punc
nga_i_banga	AdvPre_NPrePre5_NStem	AdvPre_NPrePre5_NStem	AdvPre_NPrePre5_NStem	AdvPre_NPrePre5_NStem
la_i_m_aphethini	PossConc5_NPrePre10_BPre10_NStem	Pos1_NPrePre10_BPre10	PossConc5_NPrePre10_BPre10_NStem	PossPron_NPrePre6_BPre6_NStem
la	Dem6_Pos1		Dem6_Pos1	
,	Punc	Punc	Punc	Punc
u_ku_tjhitjhiriza	NPrePre15_BPre15_NStem	NPrePre15_BPre15_NStem	NPrePre15_BPre15_NStem	NPrePre15_BPre15_NStem
ko_ku_khul_a	PossConc15_OC15_Intrans_VerbTerm	PossConc15_BPre15_VRoot_VerbTerm	PossConc15_OC15_Intrans_VerbTerm	PossConc15_BPre15_VRoot_VerbTerm
kwa_u_mnotho	PossConc15_NPrePre3_NStem	PossConc15_NPrePre3_NStem	PossConc15_NPrePre3_NStem	PossConc15_NPrePre3_NStem
kwe_e_narha	PossConc15_LocPre_NStem	PossConc15_LocPre_NStem	PossConc15_LocPre_NStem	PossConc15_LocPre_NStem
ezi_thuthuk_ile_ko	RelConc10_VRoot_Perf_RelSuf	RelConc10_VRoot_Perf_RelSuf	RelConc10_VRoot_Perf_RelSuf	RelConc10_VRoot_Perf_RelSuf
ku_w_enz_a	LocPre_OC3_VRoot_VerbTerm	SC15_OC3_VRoot_VerbTerm	LocPre_OC3_VRoot_VerbTerm	LocPre_OC3_VRoot_VerbTerm
bo_nyana	BPre2_NStem	BPre2_NStem	BPre2_NStem	BPre2_NStem
i_i_narha	NPrePre8_BPre8_NStem	NPrePre10_BPre10_NStem	NPrePre8_BPre8_NStem	NPrePre10_BPre10_NStem
ezi_sa_thuthuk_a_ko	RelConc10_Pres_VRoot_VerbTerm_RelSuf	RelConc10_Pres_VRoot_VerbTerm_RelSuf	RelConc10_Pres_VRoot_VerbTerm_RelSuf	RelConc10_Pres_VRoot_VerbTerm_RelSuf
zi_b_e	OC8_VRoot_VerbTerm	OC8_VRoot_VerbTerm	OC8_VRoot_VerbTerm	OC8_VRoot_VerbTerm
s_e_ngozini	PossConc7_LocPre_NStem	PossConc7_LocPre_NStem	PossConc7_LocPre_NStem	PossConc7_LocPre_NStem_LocSuf
e_kulu	AdjPref5_AdjStem	AdjPref5_AdjStem	AdjPref5_AdjStem	AdjPref5_AdjStem
.	Punc	Punc	Punc	Punc
u_ku_tjheja	NPrePre15_BPre15_NStem	NPrePre15_BPre15_NStem	NPrePre15_BPre15_NStem	NPrePre15_BPre15_NStem
na_ku_lingan_is_a	AdvPre_OC5_VRoot_CausExt_VerbTerm	AdvPre_BPre15_VRoot_CausExt_VerbTerm	AdvPre_OC5_VRoot_CausExt_VerbTerm	AdvPre_NPrePre15_BPre15_VRoot_CausExt_VerbTerm
u_ku_enz_a	NPrePre15_BPre15_VRoot_VerbTerm	NPrePre15_BPre15_VRoot_VerbTerm	NPrePre15_BPre15_VRoot_VerbTerm	NPrePre15_BPre15_VRoot_VerbTerm
.	Punc	Punc	Punc	Punc
tjhej_a	VRoot_VerbTerm	VRoot_VerbTerm	VRoot_VerbTerm	VRoot_VerbTerm
i_mi_buzo	NPrePre4_BPre4_NStem	NPrePre4_BPre4_NStem	NPrePre4_BPre4_NStem	NPrePre4_BPre4_NStem
e_landel_a_ko	LocPre_VRoot_VerbTerm_RelSuf	RelConc4_VRoot_VerbTerm_RelSuf	LocPre_VRoot_VerbTerm_RelSuf	RelConc5_VRoot_VerbTerm_RelSuf
.	Punc	Punc	Punc	Punc
ku_qakath_ek_ile	SC15_VRoot_NeutExt_Perf	SC15_VRoot_NeutExt_Perf	SC15_VRoot_NeutExt_Perf	SC15_VRoot_NeutExt_Perf
godu	Ideoph	Ideoph	Ideoph	Ideoph
na_u_ku_enz_a	AdvPre_NPrePre15_BPre15_VRoot_VerbTerm	AdvPre_NPrePre15_BPre15_VRoot_VerbTerm	AdvPre_NPrePre15_BPre15_VRoot_VerbTerm	AdvPre_NPrePre15_BPre15_VRoot_VerbTerm
i_si_qiniseko	NPrePre7_BPre7_NStem	NPrePre7_BPre7_NStem	NPrePre7_BPre7_NStem	NPrePre7_BPre7_NStem
so_kobana	PossConc7_NStem	PossConc7_NStem	PossConc7_NStem	PossConc7_NStem
u_mu_ntu	NPrePre1_BPre1_NStem	NPrePre1_BPre1_NStem	NPrePre1_BPre1_NStem	NPrePre1_BPre1_NStem
o_thile_ko	RelConc1_NStem_RelSuf	RelConc3_NStem_RelSuf	RelConc1_NStem_RelSuf	RelConc3_NStem
ku_msebenzakhe	BPre15_NStem	BPre15_NStem	BPre15_NStem	LocPre_NPrePre3_BPre3_NStem
ukobana	Conj	Conj	Conj	Conj
enz_e	VRoot_VerbTerm	VRoot_VerbTerm	VRoot_VerbTerm	VRoot_VerbTerm
a_ma_lungiselelo	NPrePre6_BPre6_NStem	NPrePre6_BPre6_NStem	NPrePre6_BPre6_NStem	NPrePre6_BPre6_NStem
wo_m_tlamo	PossConc1a_BPre8_NStem	PossConc1a_BPre8_NStem	PossConc1a_BPre8_NStem	PossConc1a_BPre8_NStem
lo	Dem3_Pos1		Dem3_Pos1	
u_ku_balekel_a	NPrePre15_BPre15_VRoot_VerbTerm	NPrePre15_BPre15_VRoot_VerbTerm	NPrePre15_BPre15_VRoot_VerbTerm	NPrePre15_BPre15_NStem
u_bu_jamo	NPrePre14_BPre14_NStem	NPrePre14_BPre14_NStem	NPrePre14_BPre14_NStem	NPrePre14_BPre14_NStem
lapha	Dem16_Pos1		Dem16_Pos1	
ku_nga_tholakal_a	SC15_AdvPre_VRoot_VerbTerm	SC15_Pot_VRoot_VerbTerm	SC15_AdvPre_VRoot_VerbTerm	SC15_AdvPre_VRoot_NeutExt_VerbTerm
ku_nga_na_mu_ntu	LocPre_AdvPre_NegPre_BPre2_NStem	LocPre_AdvPre_AdvPre_BPre1_NStem	LocPre_AdvPre_NegPre_BPre2_NStem	BPre15_AdvPre_AdvPre_BPre1_NStem
o_thath_a	RelConc1_VRoot_VerbTerm	RelConc3_VRoot_VerbTerm	RelConc1_VRoot_VerbTerm	RelConc3_VRoot_VerbTerm
i_gadango	NPrePre5_NStem	NPrePre5_NStem	NPrePre5_NStem	NPrePre5_NStem
loku_ku_enza	RelConc15_BPre15_NStem	RelConc15_BPre15_NStem	RelConc15_BPre15_NStem	PossConc5_NPrePre15_BPre15_BPre15_VRoot_VerbTerm
a_ma_lungiselelo	NPrePre6_BPre6_NStem	NPrePre6_BPre6_NStem	NPrePre6_BPre6_NStem	NPrePre6_BPre6_NStem
wo_imtlamo	PossConc6_NStem	PossConc6_NStem	PossConc6_NStem	PossConc1a_BPre8_NStem
.	Punc	Punc	Punc	Punc
njenga_omu_bana	AdvPre_AdjPref1_AdjStem	AdvPre_AdjPref1_AdjStem	AdvPre_AdjPref1_AdjStem	AdvPre_AdjPref1_AdjStem
i_nani	NPrePre5_NStem	NPrePre5_NStem	NPrePre5_NStem	NPrePre5_NStem
la_i_mi_sebenzi	PossConc5_NPrePre4_BPre4_NStem	PossConc5_NPrePre4_BPre4_NStem	PossConc5_NPrePre4_BPre4_NStem	PossConc5_NPrePre4_BPre4_NStem
ye_koro	PossConc4_NStem	PossConc4_NStem	PossConc4_NStem	PossConc4_NStem
e_hlelek_ile_ko	RelConc9_VRoot_Perf_RelSuf	RelConc9_VRoot_Perf_RelSuf	RelConc9_VRoot_Perf_RelSuf	RelConc9_NPrePre9_NStem_RelSuf
ne_nga_ka_hlel_ek_i	AdvPre_NegCopPre_OC9_VRoot_NeutExt_VerbTerm	AdvPre_AdvPre_Pres_VRoot_NeutExt_VerbTerm	AdvPre_NegCopPre_OC9_VRoot_NeutExt_VerbTerm	AdvPre_NegPre_ExclNeg_NStem
li_khuphuk_a	SC5_VRoot_VerbTerm	SC5_VRoot_VerbTerm	SC5_VRoot_VerbTerm	SC5_VRoot_VerbTerm
nje	Adv	Adv	Adv	Adv
,	Punc	Punc	Punc	Punc
a_ma_hlelo	NPrePre6_BPre6_NStem	NPrePre6_BPre6_NStem	NPrePre6_BPre6_NStem	NPrePre6_BPre6_NStem
wa_i_mi_sebenzi	PossConc3_NPrePre4_BPre4_NStem	PossConc3_NPrePre4_BPre4_NStem	PossConc3_NPrePre4_BPre4_NStem	PossConc3_NPrePre4_BPre4_NStem
ya_u_mu_phakathi	PossConc4_NPrePre3_BPre3_NStem	PossConc4_NPrePre3_BPre3_NStem	PossConc4_NPrePre3_BPre3_NStem	PossConc4_NPrePre3_BPre3_NStem
a_nga_phungul_w_a	SC6_Pot_VRoot_PassExt_VerbTerm	SC6_Pres_VRoot_PassExt_VerbTerm	SC6_Pot_VRoot_PassExt_VerbTerm	SC6_AdvPre_VRoot_PassExt_VerbTerm
.	Punc	Punc	Punc	Punc
u_m_lamuli	NPrePre3_BPre3_NStem	NPrePre1_BPre1_NStem	NPrePre3_BPre3_NStem	NPrePre1_BPre1_NStem
ku_mel_e	SC15_VRoot_VerbTerm	SC15_VRoot_VerbTerm	SC15_VRoot_VerbTerm	SC15_VRoot_VerbTerm
a_hlaziy_e	SC6_VRoot_VerbTerm	SC6_VRoot_VerbTerm	SC6_VRoot_VerbTerm	SC6_VRoot_VerbTerm
u_m_raro	NPrePre3_BPre3_NStem	NPrePre3_BPre3_NStem	NPrePre3_BPre3_NStem	NPrePre3_BPre3_NStem
.	Punc	Punc	Punc	Punc
i_komidi	NPrePre4_NStem	NPrePre4_NStem	NPrePre4_NStem	NPrePre4_NStem
ye_wadi	PossConc4_NStem	PossConc4_NStem	PossConc4_NStem	PossConc4_NStem
na_aba_nye	AdvPre_AdjPref2_AdjStem	AdvPre_AdjPref2_AdjStem	AdvPre_AdjPref2_AdjStem	AdvPre_AdjPref2_AdjStem
a_ba_ntu	NPrePre2_BPre2_NStem	NPrePre2_BPre2_NStem	NPrePre2_BPre2_NStem	NPrePre2_BPre2_NStem
e_ku_nga_enz_ek_a	LocPre_SC15_AdvPre_VRoot_NeutExt_VerbTerm	LocPre_SC15_AdvPre_VRoot_NeutExt_VerbTerm	LocPre_SC15_AdvPre_VRoot_NeutExt_VerbTerm	LocPre_OC15_AdvPre_VRoot_NeutExt_VerbTerm
ba_bandakany_ek_e	PossConc1a_VRoot_NeutExt_VerbTerm	CopPre_VRoot_NeutExt_VerbTerm	PossConc1a_VRoot_NeutExt_VerbTerm	SC2_VRoot_NeutExt_VerbTerm
e_u_ku_phumelel_is_a_ini	LocPre_NPrePre15_BPre15_VRoot_CausExt_VerbTerm_LocSuf	LocPre_NPrePre15_BPre15_VRoot_CausExt_VerbTerm_LocSuf	LocPre_NPrePre15_BPre15_VRoot_CausExt_VerbTerm_LocSuf	LocPre_NPrePre15_BPre15_VRoot_CausExt_VerbTerm_LocSuf
,	Punc	Punc	Punc	Punc
ku_fak_a	BPre15_VRoot_VerbTerm	BPre15_VRoot_VerbTerm	BPre15_VRoot_VerbTerm	BPre15_VRoot_VerbTerm
hlanga_ana	NStem_DimSuf	NStem_DimSuf	NStem_DimSuf	NStem_DimSuf
u_ku_hlangan_a	NPrePre15_BPre15_VRoot_VerbTerm	NPrePre15_BPre15_VRoot_VerbTerm	NPrePre15_BPre15_VRoot_VerbTerm	NPrePre15_BPre15_VRoot_VerbTerm
a_ma_iri	NPrePre6_BPre6_NStem	NPrePre6_BPre6_NStem	NPrePre6_BPre6_NStem	NPrePre6_BPre6_NStem
ama_bili	AdjPref6_AdjStem	AdjPref6_AdjStem	AdjPref6_AdjStem	AdjPref6_AdjStem
na_bajameli	AdvPre_NStem	AdvPre_NStem	AdvPre_NStem	AdvPre_BPre2_NStem
be_si_qhema	PossConc2a_BPre7_NStem	PossConc2a_BPre7_NStem	PossConc2a_BPre7_NStem	PossConc2a_BPre7_NStem
nga_si_nye	AdvPre_BPre7_AdjStem	AdvPre_BPre7_AdjStem	AdvPre_BPre7_AdjStem	AdvPre_BPre7_AdjStem
esi_sebenz_a	RelConc8_VRoot_VerbTerm	RelConc7_VRoot_VerbTerm	RelConc8_VRoot_VerbTerm	RelConc7_VRoot_VerbTerm
nga_i_mi_nqopho	AdvPre_NPrePre15_BPre4_NStem	AdvPre_NPrePre15_BPre4_NStem	AdvPre_NPrePre15_BPre4_NStem	AdvPre_NPrePre15_BPre4_NStem
nga_u_ku_sebenz_is_a	AdvPre_NPrePre15_BPre15_VRoot_CausExt_VerbTerm	AdvPre_NPrePre15_BPre15_VRoot_CausExt_VerbTerm	AdvPre_NPrePre15_BPre15_VRoot_CausExt_VerbTerm	AdvPre_NPrePre15_BPre15_VRoot_CausExt_VerbTerm
i_bhoduluko	NPrePre4_NStem	NPrePre4_NStem	NPrePre4_NStem	NPrePre5_NStem
le_tuthuko	PossConc5_NStem	PossConc5_NStem	PossConc5_NStem	PossConc5_NStem
u_ku_basiza	NPrePre15_BPre15_NStem	NPrePre15_BPre15_NStem	NPrePre15_BPre15_NStem	NPrePre15_BPre15_NStem
mayelana	NStem	NStem	NStem	NStem
na_m_tlamo	AdvPre_BPre3_NStem	AdvPre_BPre3_NStem	AdvPre_BPre3_NStem	AdvPre_NPrePre1_BPre1_NStem
wa_u_ku_enz_a	PossConc3_NPrePre15_BPre15_VRoot_VerbTerm	PossConc3_NPrePre15_BPre15_VRoot_VerbTerm	PossConc3_NPrePre15_BPre15_VRoot_VerbTerm	PossConc3_NPrePre15_BPre15_VRoot_VerbTerm
u_mu_sebenzi	NPrePre3_BPre3_NStem	NPrePre3_BPre3_NStem	NPrePre3_BPre3_NStem	NPrePre3_BPre3_NStem
.	Punc	Punc	Punc	Punc
u_ku_hlanganyela	NPrePre15_BPre15_NStem	NPrePre15_BPre15_NStem	NPrePre15_BPre15_NStem	NPrePre15_BPre15_VRoot_VerbTerm
oku_hleliweko	RelConc15_NStem	RelConc15_NStem	RelConc15_NStem	RelConc15_VRoot_PassExt_NeutExt_VerbTerm
:	Punc	Punc	Punc	Punc
a_bo_masipala	NPrePre2a_BPre2a_NStem	NPrePre2a_BPre2a_NStem	NPrePre2a_BPre2a_NStem	RelConc2a_NStem
aba_nengi	AdjPref2_AdjStem	AdjPref2_AdjStem	AdjPref2_AdjStem	AdjPref2_AdjStem
a_ba_tjha	NPrePre2_BPre2_NStem	NPrePre2_BPre2_NStem	NPrePre2_BPre2_NStem	AdjPref2_AdjStem
ba_khulu	PossConc1a_AdjStem	PossConc1a_AdjStem	PossConc1a_AdjStem	PossConc1a_AdjStem
khulu	Adv	Adv	Adv	Adv
nga_u_ku_y_a	AdvPre_NPrePre15_BPre15_VRoot_VerbTerm	AdvPre_NPrePre15_BPre15_VRoot_VerbTerm	AdvPre_NPrePre15_BPre15_VRoot_VerbTerm	AdvPre_NPrePre15_BPre15_VRoot_VerbTerm
ko_bungakho	PossConc15_NStem	AdvPre_NStem	PossConc15_NStem	PossConc2_BPre14_AdvPre_NStem
be_si_qhema	PossConc2_BPre7_NStem	PossConc2a_BPre7_NStem	PossConc2_BPre7_NStem	PossConc2_BPre7_NStem
sa_a_ba_ntu	PossConc7_NPrePre2_BPre2_NStem	PossConc7_NPrePre2_BPre2_NStem	PossConc7_NPrePre2_BPre2_NStem	PossConc7_NPrePre2_BPre2_NStem
aba_phil_a	RelConc2_VRoot_VerbTerm	RelConc2_VRoot_VerbTerm	RelConc2_VRoot_VerbTerm	RelConc2_VRoot_VerbTerm
ndawonye	Adv	Adv	Adv	Adv
begodu	Conj	Conj	Conj	Conj
na_i_n_ndawo	AdvPre_NPrePre9_BPre9_NStem	AdvPre_NPrePre9_BPre9_NStem	AdvPre_NPrePre9_BPre9_NStem	AdvPre_NPrePre9_BPre9_NStem
u_ku_vum_el_a	NPrePre15_BPre15_VRoot_ApplExt_VerbTerm	NPrePre15_BPre15_VRoot_ApplExt_VerbTerm	NPrePre15_BPre15_VRoot_ApplExt_VerbTerm	NPrePre15_BPre15_VRoot_ApplExt_VerbTerm
u_ku_hlanganyel_a	NPrePre15_BPre15_VRoot_VerbTerm	NPrePre15_BPre15_VRoot_VerbTerm	NPrePre15_BPre15_VRoot_VerbTerm	NPrePre15_BPre15_VRoot_VerbTerm
oku_nqoph_ile_ko	RelConc15_VRoot_Perf_RelSuf	RelConc15_VRoot_Perf_RelSuf	RelConc15_VRoot_Perf_RelSuf	RelConc15_VRoot_Perf_RelSuf
ne_nengi	AdvPre_AdjStem	AdvPre_AdjStem	AdvPre_AdjStem	AdvPre_AdjPref9_AdjStem
la_u_mu_phakathi	PossConc5_NPrePre3_BPre3_NStem	PossConc5_NPrePre3_BPre3_NStem	PossConc5_NPrePre3_BPre3_NStem	PossConc5_NPrePre3_BPre3_NStem
e_m_tlamo_eni	LocPre_BPre3_NStem_LocSuf	LocPre_BPre3_NStem_LocSuf	LocPre_BPre3_NStem_LocSuf	LocPre_BPre3_NStem_LocSuf
ohlangahlangeneko	NStem	NStem	NStem	RelConc3_NStem_RelSuf
we_e_n_dlela	PossConc3_LocPre_BPre9_NStem	PossConc3_LocPre_BPre9_NStem	PossConc3_LocPre_BPre9_NStem	PossConc3_LocPre_BPre9_NStem
ze_kambiso	PossConc8_NStem	PossConc10_NStem	PossConc8_NStem	PossConc10_NStem
.	Punc	Punc	Punc	Punc
u_ku_hlanganyela	NPrePre15_BPre15_NStem	NPrePre15_BPre15_NStem	NPrePre15_BPre15_NStem	NPrePre15_BPre15_VRoot_VerbTerm
e_m_tlamo_eni	LocPre_BPre3_NStem_LocSuf	LocPre_BPre3_NStem_LocSuf	LocPre_BPre3_NStem_LocSuf	LocPre_BPre3_NStem_LocSuf
wa_tuthuko	PossConc1a_NStem	PossConc1a_NStem	PossConc1a_NStem	PossConc1a_LocPre_NStem
ohlanganis_iw_e	VRoot_PassExt_VerbTerm	VRoot_PassExt_VerbTerm	VRoot_PassExt_VerbTerm	RelConc3_VRoot_PassExt_VerbTerm
nga_u_ku_zeleko	AdvPre_NPrePre15_BPre15_NStem	AdvPre_NPrePre15_BPre15_NStem	AdvPre_NPrePre15_BPre15_NStem	AdvPre_NPrePre15_BPre15_NStem
,	Punc	Punc	Punc	Punc
nga_i_banga	AdvPre_NPrePre5_NStem	AdvPre_NPrePre5_NStem	AdvPre_NPrePre5_NStem	AdvPre_NPrePre5_NStem
la_lokho	SC5_Dem15_Pos2	SC5	SC5_Dem15_Pos2	SC5
,	Punc	Punc	Punc	Punc
ku_ding_ek_a	BPre15_VRoot_NeutExt_VerbTerm	BPre15_VRoot_NeutExt_VerbTerm	BPre15_VRoot_NeutExt_VerbTerm	SC15_VRoot_NeutExt_VerbTerm
i_mi_thetjho_ana	NPrePre4_BPre4_NStem_DimSuf	NPrePre4_BPre4_NStem_DimSuf	NPrePre4_BPre4_NStem_DimSuf	NPrePre4_BPre4_NStem_DimSuf
e_cac_ile_ko	RelConc9_VRoot_Perf_RelSuf	RelConc9_VRoot_Perf_RelSuf	RelConc9_VRoot_Perf_RelSuf	RelConc9_VRoot_Perf_RelSuf
begodu	Conj	Conj	Conj	Conj
ne_e_n_kambiso	AdvPre_LocPre_BPre3_NStem	AdvPre_LocPre_BPre3_NStem	AdvPre_LocPre_BPre3_NStem	AdvPre_LocPre_BPre10_NStem
ezi_nqophis_a_ko	RelConc15_VRoot_VerbTerm_RelSuf	RelConc10_VRoot_VerbTerm_RelSuf	RelConc15_VRoot_VerbTerm_RelSuf	RelConc10_VRoot_CausExt_VerbTerm_RelSuf
ba_nyana	BPre2_NStem	BPre2_NStem	BPre2_NStem	BPre2_NStem
ngu_bani	CopPre_NStem	CopPre_NStem	CopPre_NStem	CopPre_NStem
oku_mel_e	RelConc15_VRoot_VerbTerm	RelConc15_VRoot_VerbTerm	RelConc15_VRoot_VerbTerm	RelConc15_VRoot_VerbTerm
a_hlanganyel_e	SC6_VRoot_VerbTerm	SC6_VRoot_VerbTerm	SC6_VRoot_VerbTerm	RelConc6_VRoot_VerbTerm
namkha	Conj	Conj	Conj	Conj
oku_mel_e	RelConc15_VRoot_VerbTerm	RelConc15_VRoot_VerbTerm	RelConc15_VRoot_VerbTerm	RelConc15_VRoot_VerbTerm
a_thint_w_e	SC6_VRoot_PassExt_VerbTerm	RelConc6_VRoot_PassExt_VerbTerm	SC6_VRoot_PassExt_VerbTerm	RelConc6_VRoot_PassExt_VerbTerm
esi_khundla_ini	BPre7_NStem_LocSuf	RelConc7_NStem_LocSuf	BPre7_NStem_LocSuf	RelConc7_NStem_LocSuf
sa_kabani	PossConc1a_NStem	PossConc1a_NStem	PossConc1a_NStem	PossConc1a_NStem
,	Punc	Punc	Punc	Punc
ngayiphi	Interrog	Interrog	Interrog	AdvPre_CopPre_EnumStem
i_n_daba	NPrePre9_BPre9_NStem	NPrePre9_BPre9_NStem	NPrePre9_BPre9_NStem	NPrePre9_BPre9_NStem
,	Punc	Punc	Punc	Punc
ngaziphi	Interrog	Interrog	Interrog	AdvPre_BPre8_EnumStem
i_in_dlela	NPrePre10_NPre10_NStem	NPrePre10_NPre10_NStem	NPrePre10_NPre10_NStem	NPrePre10_NPre10_NStem
ze_hlangano	Pres_NStem	PossConc8_NStem	Pres_NStem	PossConc8_NStem
za_u_ku_enz_a	PossConc10_NPrePre15_BPre15_VRoot_VerbTerm	PossConc10_NPrePre15_BPre15_VRoot_VerbTerm	PossConc10_NPrePre15_BPre15_VRoot_VerbTerm	PossConc10_NPrePre15_BPre15_VRoot_VerbTerm
,	Punc	Punc	Punc	Punc
ngayiphi	Interrog	Interrog	Interrog	AdvPre_CopPre_EnumStem
i_n_dlela	NPrePre9_BPre9_NStem	NPrePre9_BPre9_NStem	NPrePre9_BPre9_NStem	NPrePre9_BPre9_NStem
e_phumelel_is_a_ko	LocPre_VRoot_CausExt_VerbTerm_RelSuf	RelConc9_VRoot_CausExt_VerbTerm_RelSuf	LocPre_VRoot_CausExt_VerbTerm_RelSuf	RelConc9_VRoot_CausExt_VerbTerm_RelSuf
.	Punc	Punc	Punc	Punc
u_m_thethosisekelo	NPrePre3_BPre3_NStem	NPrePre3_BPre3_NStem	NPrePre3_BPre3_NStem	NPrePre3_BPre3_NStem
u_bek_a	SC3_VRoot_VerbTerm	SC3_VRoot_VerbTerm	SC3_VRoot_VerbTerm	SC3_VRoot_VerbTerm
i_im_funeko	NPrePre10_BPre10_NStem	NPrePre4_BPre4_NStem	NPrePre10_BPre10_NStem	NPrePre4_BPre4_NStem
ezin_bili	AdjPref10_AdjStem	AdjPref10_AdjStem	AdjPref10_AdjStem	AdjPref10_AdjStem
ezi_si_sekelo	RelConc10_BPre7_NStem	RelConc8_BPre7_NStem	RelConc10_BPre7_NStem	RelConc8_BPre7_NStem
sa_u_ku_enz_a	PossConc7_NPrePre15_BPre15_VRoot_VerbTerm	PossConc7_NPrePre15_BPre15_VRoot_VerbTerm	PossConc7_NPrePre15_BPre15_VRoot_VerbTerm	PossConc7_NPrePre15_BPre15_VRoot_VerbTerm
u_mu_thetho	NPrePre3_BPre3_NStem	NPrePre3_BPre3_NStem	NPrePre3_BPre3_NStem	NPrePre3_BPre3_NStem
ka_masipala	PossKA_NStem	PossKA_NStem	PossKA_NStem	PossKA_NStem
.	Punc	Punc	Punc	Punc
kwa_u_ku_thom_a	PossConc15_NPrePre15_BPre15_VRoot_VerbTerm	PossConc15_NPrePre15_BPre15_VRoot_VerbTerm	PossConc15_NPrePre15_BPre15_VRoot_VerbTerm	PossConc15_NPrePre15_BPre15_VRoot_VerbTerm
,	Punc	Punc	Punc	Punc
u_mu_thetho	NPrePre3_BPre3_NStem	NPrePre3_BPre3_NStem	NPrePre3_BPre3_NStem	NPrePre3_BPre3_NStem
ka_masipala	PossKA_NStem	PossKA_NStem	PossKA_NStem	PossKA_NStem
ku_fan_el_e	OC15_VRoot_ApplExt_VerbTerm	SC15_VRoot_ApplExt_VerbTerm	OC15_VRoot_ApplExt_VerbTerm	OC15_VRoot_ApplExt_VerbTerm
u_b_e	SC2_VRoot_VerbTerm	SC2_VRoot_VerbTerm	SC2_VRoot_VerbTerm	SC2_VRoot_VerbTerm
ne_sekelo	AdvPre_NStem	AdvPre_NStem	AdvPre_NStem	AdvPre_NStem
la_a_ma_khansela	PossConc7_NPrePre6_BPre6_NStem	PossPron_NPrePre6_BPre6_NStem	PossConc7_NPrePre6_BPre6_NStem	PossPron_NPrePre6_BPre6_NStem
wo_ke	QuantConc6_QuantStem	QuantConc1_QuantStem	QuantConc6_QuantStem	QuantConc6_QuantStem
begodu	Conj	Conj	Conj	Conj
kwa_esi_bili	PossConc15_AdjPref7_AdjStem	PossConc15_AdjPref7_AdjStem	PossConc15_AdjPref7_AdjStem	PossConc15_NPrePre7_BPre7_NStem
,	Punc	Punc	Punc	Punc
u_mu_phakathi	NPrePre3_BPre3_NStem	NPrePre3_BPre3_NStem	NPrePre3_BPre3_NStem	NPrePre3_BPre3_NStem
ku_fan_el_e	OC15_VRoot_ApplExt_VerbTerm	OC15_VRoot_ApplExt_VerbTerm	OC15_VRoot_ApplExt_VerbTerm	OC15_VRoot_ApplExt_VerbTerm
u_b_e	SC3_VRoot_VerbTerm	SC2_VRoot_VerbTerm	SC3_VRoot_VerbTerm	SC2_VRoot_VerbTerm
na_i_li_thuba	AdvPre_NPrePre5_BPre5_NStem	AdvPre_NPrePre5_BPre5_NStem	AdvPre_NPrePre5_BPre5_NStem	AdvPre_NPrePre5_BPre5_NStem
la_u_ku_b_a	PossConc5_NPrePre15_BPre15_VRoot_VerbTerm	PossConc5_NPrePre15_BPre15_VRoot_VerbTerm	PossConc5_NPrePre15_BPre15_VRoot_VerbTerm	PossConc5_NPrePre15_BPre15_VRoot_VerbTerm
na_li_zwi	AdvPre_BPre5_NStem	AdvPre_BPre5_NStem	AdvPre_BPre5_NStem	AdvPre_NPre5_BPre5_NStem
mayelana	NStem	NStem	NStem	NStem
na_u_mu_thetho	AdvPre_NPrePre3_BPre3_NStem	AdvPre_NPrePre3_BPre3_NStem	AdvPre_NPrePre3_BPre3_NStem	AdvPre_NPrePre3_BPre3_NStem
ka_masipala	PossKA_NStem	PossKA_NStem	PossKA_NStem	PossKA_NStem
.	Punc	Punc	Punc	Punc
i_zi_akhiwo	NPrePre4_BPre4_NStem	NPrePre4_BPre4_NStem	NPrePre4_BPre4_NStem	NPrePre4_BPre4_NStem
e_sel_e	RelConc4_VRoot_VerbTerm	RelConc4_VRoot_VerbTerm	RelConc4_VRoot_VerbTerm	RelConc4_VRoot_VerbTerm
zi_khona	BPre10_NStem	BPre10_NStem	BPre10_NStem	BPre10_NStem
ku_wadi	BPre15_NStem	BPre15_NStem	BPre15_NStem	BPre15_NStem
zi_ya_khonjel_w_a	SC10_Pres_VRoot_PassExt_VerbTerm	SC8_Pres_VRoot_PassExt_VerbTerm	SC10_Pres_VRoot_PassExt_VerbTerm	BPre8_Pres_NStem
kobana	Conj	Conj	Conj	Conj
zi_thumel_e	SC10_VRoot_VerbTerm	SC10_VRoot_VerbTerm	SC10_VRoot_VerbTerm	Pres_NStem
aba_phakany_is_iw_e_ko	RelConc2_VRoot_CausExt_PassExt_VerbTerm_RelSuf	RelConc2_VRoot_CausExt_PassExt_VerbTerm_RelSuf	RelConc2_VRoot_CausExt_PassExt_VerbTerm_RelSuf	RelConc2_VRoot_PassExt_NeutExt_VerbTerm
e_u_mu_hlangano_ini	LocPre_NPrePre3_BPre3_NStem_LocSuf	LocPre_NPrePre3_BPre3_NStem_LocSuf	LocPre_NPrePre3_BPre3_NStem_LocSuf	LocPre_NPrePre3_BPre3_NStem_LocSuf
lapha	Dem16_Pos1		Dem16_Pos1	
a_ma_bizo	NPrePre6_BPre6_NStem	NPrePre6_BPre6_NStem	NPrePre6_BPre6_NStem	NPrePre6_BPre6_NStem
a_zoku_qinis_ek_is_w_a	SC6_Fut_VRoot_NeutExt_CausExt_PassExt_VerbTerm	SC6_Pres_VRoot_NeutExt_CausExt_PassExt_VerbTerm	SC6_Fut_VRoot_NeutExt_CausExt_PassExt_VerbTerm	SC6_Pres_VRoot_NeutExt_CausExt_PassExt_VerbTerm
ngo_u_ku_vunyw_a	AdvPre_NPrePre15_BPre15_VRoot_VerbTerm	AdvPre_NPrePre15_BPre15_VRoot_VerbTerm	AdvPre_NPrePre15_BPre15_VRoot_VerbTerm	AdvPre_NPrePre15_BPre15_VRoot_PassExt_VerbTerm
zi_zi_akhamuzi	Pre_BPre8_NStem	BPre8_BPre8_NStem	Pre_BPre8_NStem	PossConc4_BPre8_NStem
kho_na	PronStem15_PronSuf	PronStem15_PronSuf	PronStem15_PronSuf	PronStem15_PronSuf
u_ku_akh_a	NPrePre15_BPre15_VRoot_VerbTerm	NPrePre15_BPre15_VRoot_VerbTerm	NPrePre15_BPre15_VRoot_VerbTerm	NPrePre15_BPre15_VRoot_VerbTerm
i_komidi	NPrePre4_NStem	NPrePre4_NStem	NPrePre4_NStem	NPrePre4_NStem
ye_wadi	PossConc4_NStem	PossConc4_NStem	PossConc4_NStem	PossConc4_NStem
.	Punc	Punc	Punc	Punc
a_ba_phathi	NPrePre2_BPre2_NStem	NPrePre2_BPre2_NStem	NPrePre2_BPre2_NStem	NPrePre2_BPre2_NStem
ba_u_mu_khandlu	PossConc2_NPrePre3_BPre3_NStem	PossConc2_NPrePre3_BPre3_NStem	PossConc2_NPrePre3_BPre3_NStem	PossConc2_NPrePre3_BPre3_NStem
ba_thol_a	SC2_VRoot_VerbTerm	SC2_VRoot_VerbTerm	SC2_VRoot_VerbTerm	SC2_VRoot_VerbTerm
i_mi_biko	NPrePre4_BPre4_NStem	NPrePre4_BPre4_NStem	NPrePre4_BPre4_NStem	NPrePre4_BPre4_NStem
ku_yunidi	PossConc4_NStem	BPre15_NStem	PossConc4_NStem	BPre15_NStem
y_o_ikuhlanganyela	PossConc5_LocPre_NStem	PossConc9_LocPre_NStem	PossConc5_LocPre_NStem	PossConc9_NPrePre15_BPre15_NStem
ya_u_mu_phakathi	PossConc5_NPrePre3_BPre3_NStem	PossConc4_NPrePre3_BPre3_NStem	PossConc5_NPrePre3_BPre3_NStem	PossConc4_NPrePre3_BPre3_NStem
mayelana	NStem	NStem	NStem	NStem
na_i_se_nzeko	AdvPre_NPre7_BPre7_NStem	AdvPre_NPrePre7_BPre7_NStem	AdvPre_NPre7_BPre7_NStem	AdvPre_NStem
sa_u_ku_phath_a	PossConc7_NPrePre15_BPre15_VRoot_VerbTerm	PossConc7_NPrePre15_BPre15_VRoot_VerbTerm	PossConc7_NPrePre15_BPre15_VRoot_VerbTerm	PossConc7_NPrePre15_BPre15_VRoot_VerbTerm
namtjhana	Conj	Conj	Conj	Conj
u_ku_tjhejwa	NPrePre15_BPre15_NStem	NPrePre15_BPre15_NStem	NPrePre15_BPre15_NStem	NPrePre15_BPre15_NStem
ba_phathi	BPre2_NStem	BPre2_NStem	BPre2_NStem	BPre2_NStem
nga_phambi	AdvPre_Adv	AdvPre_Adv	AdvPre_Adv	AdvPre_Adv
ko_kus_a	PossConc15_VRoot_VerbTerm	PossConc15_VRoot_VerbTerm	PossConc15_VRoot_VerbTerm	PossConc15_BPre15_VRoot_VerbTerm
e_komidi_ini	LocPre_NStem_LocSuf	LocPre_NStem_LocSuf	LocPre_NStem_LocSuf	LocPre_NStem_LocSuf
e_kulu	AdjPref5_AdjStem	AdjPref5_AdjStem	AdjPref5_AdjStem	AdjPref5_AdjStem
namtjhana	Conj	Conj	Conj	Conj
i_komidi	NPrePre4_NStem	NPrePre4_NStem	NPrePre4_NStem	NPrePre4_NStem
e_pheth_e_ko	LocPre_VRoot_VerbTerm_RelSuf	LocPre_VRoot_VerbTerm_RelSuf	LocPre_VRoot_VerbTerm_RelSuf	LocPre_VRoot_VerbTerm_RelSuf
y_a_ka_sodorobha	PossConc5_LocPre_PossConc5_NStem	PossConc4_LocPre_AdvPre_NStem	PossConc5_LocPre_PossConc5_NStem	PossConc4_PossKA_NStem
mayelana	NStem	NStem	NStem	NStem
ne_e_n_qunto	AdvPre_LocPre_BPre8_NStem	AdvPre_LocPre_BPre8_NStem	AdvPre_LocPre_BPre8_NStem	AdvPre_LocPre_BPre8_NStem
ze_polotiki	PossConc8_NStem	PossConc8_NStem	PossConc8_NStem	PossConc8_NStem
.	Punc	Punc	Punc	Punc
u_masipala	NPrePre1a_NStem	NPrePre1a_NStem	NPrePre1a_NStem	NPrePre1a_NStem
u_fun_a	SC1a_VRoot_VerbTerm	SC1_VRoot_VerbTerm	SC1a_VRoot_VerbTerm	SC1_VRoot_VerbTerm
u_ku_akh_a	NPrePre15_BPre15_VRoot_VerbTerm	SC1_BPre15_VRoot_VerbTerm	NPrePre15_BPre15_VRoot_VerbTerm	NPrePre15_BPre15_VRoot_VerbTerm
i_si_bhedlela	NPrePre7_BPre7_NStem	NPrePre7_BPre7_NStem	NPrePre7_BPre7_NStem	NPrePre7_BPre7_NStem
ku_wadi	BPre15_NStem	BPre15_NStem	BPre15_NStem	BPre15_NStem
ABC	Abbr	Abbr	Abbr	Abbr
.	Punc	Punc	Punc	Punc
u_ku_bonisana	NPrePre15_BPre15_NStem	NPrePre15_BPre15_NStem	NPrePre15_BPre15_NStem	NPrePre15_BPre15_NStem
nga_phandle	AdvPre_Adv	AdvPre_Adv	AdvPre_Adv	AdvPre_Adv
ku_kontragiwe	BPre15_NStem	BPre15_NStem	BPre15_NStem	BPre15_NStem
ukobana	Conj	Conj	Conj	Conj
ku_thol_w_e	SC15_VRoot_PassExt_VerbTerm	BPre15_VRoot_PassExt_VerbTerm	SC15_VRoot_PassExt_VerbTerm	SC15_VRoot_PassExt_VerbTerm
i_lu_azi	BPre9_BPre11_NStem	BPre9_BPre11_NStem	BPre9_BPre11_NStem	BPre9_BPre11_NStem
eli_mayelana	RelConc5_NStem	RelConc5_NStem	RelConc5_NStem	RelConc5_NStem
na_i_nani	AdvPre_NPrePre5_NStem	AdvPre_NPrePre5_NStem	AdvPre_NPrePre5_NStem	AdvPre_NPrePre5_NStem
la_a_ba_ntu	PossConc5_NPrePre2_BPre2_NStem	PossConc5_NPrePre2_BPre2_NStem	PossConc5_NPrePre2_BPre2_NStem	PossConc5_NPrePre2_BPre2_NStem
a_ba_s_e_wadi_ini	NPrePre2_BPre2_PreLoc-s_LocPre_NStem_LocSuf	NPrePre2_BPre2_PreLoc-s_LocPre_NStem_LocSuf	NPrePre2_BPre2_PreLoc-s_LocPre_NStem_LocSuf	RelConc2_PreLoc-s_LocPre_NStem_LocSuf
,	Punc	Punc	Punc	Punc
i_li_zinga	NPrePre5_BPre5_NStem	NPrePre5_BPre5_NStem	NPrePre5_BPre5_NStem	NPrePre5_BPre5_NStem
la_u_mu_sebenzi	PossConc5_NPrePre3_BPre3_NStem	PossConc5_NPrePre3_BPre3_NStem	PossConc5_NPrePre3_BPre3_NStem	PossConc5_NPrePre3_BPre3_NStem
na_u_ku_nga_bikhona	AdvPre_NPrePre15_BPre15_NegPre_NStem	AdvPre_NPrePre15_BPre15_NegPre_NStem	AdvPre_NPrePre15_BPre15_NegPre_NStem	AdvPre_NPrePre15_BPre15_AdvPre_SC2_Intrans_VerbTerm
kwa_i_mi_sebenzi	PossConc15_NPrePre4_BPre4_NStem	PossConc15_NPrePre4_BPre4_NStem	PossConc15_NPrePre4_BPre4_NStem	PossConc15_NPrePre4_BPre4_NStem
,	Punc	Punc	Punc	Punc
i_nani	NPrePre5_NStem	NPrePre5_NStem	NPrePre5_NStem	NPrePre5_NStem
la_a_ba_ntu	PossConc5_NPrePre2_BPre2_NStem	PossConc5_NPrePre2_BPre2_NStem	PossConc5_NPrePre2_BPre2_NStem	PossConc5_NPrePre2_BPre2_NStem
aba_dala	AdjPref2_AdjStem	AdjPref2_AdjStem	AdjPref2_AdjStem	AdjPref2_AdjStem
,	Punc	Punc	Punc	Punc
i_nani	NPrePre5_NStem	NPrePre5_NStem	NPrePre5_NStem	NPrePre5_NStem
la_a_ba_ntu	PossConc5_NPrePre2_BPre2_NStem	PossConc5_NPrePre2_BPre2_NStem	PossConc5_NPrePre2_BPre2_NStem	PossConc5_NPrePre2_BPre2_NStem
aba_tjha	RelConc2_NStem	AdjPref2_AdjStem	RelConc2_NStem	AdjPref2_AdjStem
,	Punc	Punc	Punc	Punc
i_nani	NPrePre5_NStem	NPrePre5_NStem	NPrePre5_NStem	NPrePre5_NStem
la_a_ba_ntu	PossConc5_NPrePre2_BPre2_NStem	PossConc5_NPrePre2_BPre2_NStem	PossConc5_NPrePre2_BPre2_NStem	PossConc5_NPrePre2_BPre2_NStem
a_ba_no_mulwana	NPrePre2_BPre2_AdvPre_NStem	NPrePre2_BPre2_AdvPre_NStem	NPrePre2_BPre2_AdvPre_NStem	RelConc2_AdvPre_NStem
we_HIV	PossConc3_Abbr	PossConc6_Abbr	PossConc3_Abbr	PossConc3_NStem
na_i_ntumbantonga	AdvPre_NPre9_NStem	AdvPre_NPre9_NStem	AdvPre_NPre9_NStem	AdvPre_NStem
njll	Abbr	Abbr	Abbr	Abbr
.	Punc	Punc	Punc	Punc
aba_zange	RelConc2_NStem	AdjPref2_NStem	RelConc2_NStem	RelConc2_VRoot_VerbTerm
ba_bon_is_an_e	SC2_VRoot_CausExt_RecipExt_VerbTerm	PossConc2_VRoot_CausExt_RecipExt_VerbTerm	SC2_VRoot_CausExt_RecipExt_VerbTerm	SC2_VRoot_CausExt_RecipExt_VerbTerm
na_u_mu_phakathi	AdvPre_NPrePre3_BPre3_NStem	AdvPre_NPrePre3_BPre3_NStem	AdvPre_NPrePre3_BPre3_NStem	AdvPre_NPrePre3_BPre3_NStem
nga_u_ku_th_i	AdvPre_NPrePre15_BPre15_VRoot_VerbTerm	AdvPre_NPrePre15_BPre15_VRoot_VerbTerm	AdvPre_NPrePre15_BPre15_VRoot_VerbTerm	AdvPre_NPrePre15_BPre15_VRoot_VerbTerm
ngi_ab_e	SC1_VRoot_VerbTerm	OC1_VRoot_VerbTerm	SC1_VRoot_VerbTerm	AdvPre_AuxVStem
i_wadi	NPrePre5_NStem	NPrePre4_NStem	NPrePre5_NStem	NPrePre4_NStem
ABC	Abbr	Abbr	Abbr	Abbr
i_yi_n_ndawo	NPrePre4_CopPre_BPre4_NStem	NPrePre9_CopPre_BPre9_NStem	NPrePre4_CopPre_BPre4_NStem	NPrePre9_CopPre_BPre9_NStem
e_hle	AdjPref9_AdjStem	AdjPref9_AdjStem	AdjPref9_AdjStem	RelConc9_VRoot_VerbTerm
ya_u_ku_akh_a	PossConc9_NPrePre15_BPre15_VRoot_VerbTerm	PossConc9_NPrePre15_BPre15_VRoot_VerbTerm	PossConc9_NPrePre15_BPre15_VRoot_VerbTerm	PossConc9_NPrePre15_BPre15_VRoot_VerbTerm
i_si_bhedlela	NPrePre7_BPre7_NStem	NPrePre7_BPre7_NStem	NPrePre7_BPre7_NStem	NPrePre7_BPre7_NStem
.	Punc	Punc	Punc	Punc
i_nengi	AdjPref9_AdjStem	AdjPref9_AdjStem	AdjPref9_AdjStem	AdjPref9_AdjStem
la_a_ba_ntu	PossConc5_NPrePre2_BPre2_NStem	PossConc5_NPrePre2_BPre2_NStem	PossConc5_NPrePre2_BPre2_NStem	PossConc5_NPrePre2_BPre2_NStem
aba_hlung_w_a_ko	RelConc2_VRoot_PassExt_VerbTerm_RelSuf	RelConc2_VRoot_PassExt_VerbTerm_RelSuf	RelConc2_VRoot_PassExt_VerbTerm_RelSuf	RelConc2_VRoot_VerbTerm_RelSuf
ba_th_i	OC2_VRoot_VerbTerm	OC2_VRoot_VerbTerm	OC2_VRoot_VerbTerm	OC2_VRoot_VerbTerm
i_si_bhedlela	NPrePre7_BPre7_NStem	NPrePre7_BPre7_NStem	NPrePre7_BPre7_NStem	NPrePre7_BPre7_NStem
si_funeka	BPre7_NStem	BPre7_NStem	BPre7_NStem	SC7_VRoot_NeutExt_VerbTerm
ku_wadi	LocPre_NStem	BPre15_NStem	LocPre_NStem	PossConc15_NStem
XYZ	Abbr	Abbr	Abbr	NStem
.	Punc	Punc	Punc	Punc
u_masipala	NPrePre1a_NStem	NPrePre1a_NStem	NPrePre1a_NStem	NPrePre1a_NStem
aka_zi_tjhej_i	NegPre_SC8_Intrans_VerbTerm	NegPre_SC8_Intrans_VerbTerm	NegPre_SC8_Intrans_VerbTerm	NegPre_SC8_Intrans_VerbTerm
i_im_phakamiso	NPrePre8_BPre8_NStem	NPrePre4_BPre10_NStem	NPrePre8_BPre8_NStem	NPrePre4_BPre10_NStem
za_u_mu_phakathi	PossConc8_NPrePre3_BPre3_NStem	PossConc10_NPrePre3_BPre3_NStem	PossConc8_NPrePre3_BPre3_NStem	PossConc10_NPrePre3_BPre3_NStem
.	Punc	Punc	Punc	Punc
tjhej_a	VRoot_VerbTerm	VRoot_VerbTerm	VRoot_VerbTerm	VRoot_VerbTerm
u_mu_buzo	NPrePre3_BPre3_NStem	NPrePre3_BPre3_NStem	NPrePre3_BPre3_NStem	NPrePre3_BPre3_NStem
nga_nzasi	AdvPre_NStem	AdvPre_NStem	AdvPre_NStem	AdvPre_NStem
.	Punc	Punc	Punc	Punc
Khomb_a	VRoot_VerbTerm	VRoot_VerbTerm	VRoot_VerbTerm	NStem
a_ma_phetheni	NPrePre6_BPre6_NStem	NPrePre6_BPre6_NStem	NPrePre6_BPre6_NStem	NPrePre6_BPre6_NStem
a_qakathek_ile_ko	SC6_VRoot_Perf_RelSuf	SC6_VRoot_Perf_RelSuf	SC6_VRoot_Perf_RelSuf	SC6_VRoot_Perf_RelSuf
a_nga_b_a	SC6_Pot_VRoot_VerbTerm	SC6_Pot_VRoot_VerbTerm	SC6_Pot_VRoot_VerbTerm	SC6_Pot_VRoot_VerbTerm
li_sizo	BPre5_NStem	BPre5_NStem	BPre5_NStem	BPre5_NStem
lokha	Conj	Conj	Conj	Conj
na_wu_landel_a	AdvPre_OC3_VRoot_VerbTerm	AdvPre_OC3_VRoot_VerbTerm	AdvPre_OC3_VRoot_VerbTerm	AdvPre_OC3_VRoot_VerbTerm
u_m_khondo	NPrePre1_BPre1_NStem	NPrePre1_BPre1_NStem	NPrePre1_BPre1_NStem	NPrePre1_BPre1_NStem
wa_wo	PossConc3_PronStem6	PossConc3_PronStem6	PossConc3_PronStem6	PossConc3_PronStem6
njenga_u_ku_sebenza	AdvPre_NPrePre15_BPre15_NStem	AdvPre_NPrePre15_BPre15_NStem	AdvPre_NPrePre15_BPre15_NStem	AdvPre_NPrePre15_BPre15_VRoot_VerbTerm
,	Punc	Punc	Punc	Punc
a_ma_phetheni	NPrePre6_BPre6_NStem	NPrePre6_BPre6_NStem	NPrePre6_BPre6_NStem	NPrePre6_BPre6_NStem
wa_ma_lwelwe	PossConc1a_BPre6_NStem	PossConc1a_BPre6_NStem	PossConc1a_BPre6_NStem	PossConc1a_BPre6_NStem
,	Punc	Punc	Punc	Punc
a_ma_zinga	NPrePre6_BPre6_NStem	NPrePre6_BPre6_NStem	NPrePre6_BPre6_NStem	NPrePre6_BPre6_NStem
wo_ko_n_dleka	PossConc1_PossConc15_BPre15_NStem	PossConc3_PossConc15_BPre9_NStem	PossConc1_PossConc15_BPre15_NStem	PossConc1_PossConc15_BPre9_NStem
njll	Abbr	Abbr	Abbr	Abbr
.	Punc	Punc	Punc	Punc
rekhod_a	VRoot_VerbTerm	VRoot_VerbTerm	VRoot_VerbTerm	VRoot_VerbTerm
i_inyanga	NPrePre4_NStem	NPrePre4_NStem	NPrePre4_NStem	NPrePre8_NPre8_NStem
zo_nyaka	Pres_NStem	PossConc8_NStem	Pres_NStem	PossConc8_NStem
e_fliphutjhadi_ini	LocPre_NStem_LocSuf	LocPre_NStem_LocSuf	LocPre_NStem_LocSuf	LocPre_NStem_LocSuf
be_s_e	SC2_VRoot_VerbTerm	SC2_VRoot_VerbTerm	SC2_VRoot_VerbTerm	SC2_VRoot_VerbTerm
u_buza	CopPre_NStem	NPrePre1a_NStem	CopPre_NStem	SC3_VRoot_VerbTerm
a_ma_lunga	NPrePre6_BPre6_NStem	NPrePre6_BPre6_NStem	NPrePre6_BPre6_NStem	NPrePre6_BPre6_NStem
we_si_qhema	PossConc3_BPre7_NStem	PossConc3_BPre7_NStem	PossConc3_BPre7_NStem	PossConc3_BPre7_NStem
bo_nyana	BPre2_NStem	BPre2_NStem	BPre2_NStem	BPre2_NStem
i_si_ehlakalo	NPrePre7_BPre7_NStem	NPrePre7_BPre7_NStem	NPrePre7_BPre7_NStem	NPrePre4_NStem
s_e_nzeke	PossConc7_LocPre_NStem	PossConc7_LocPre_NStem	PossConc7_LocPre_NStem	PossConc7_LocPre_VRoot_VerbTerm
nini	Adv	Adv	Adv	Adv
nokobana	Conj	Conj	Conj	Conj
si_b_e	OC1_VRoot_VerbTerm	OC1_VRoot_VerbTerm	OC1_VRoot_VerbTerm	OC1_VRoot_VerbTerm
si_b_e	OC1_VRoot_VerbTerm	OC1_VRoot_VerbTerm	OC1_VRoot_VerbTerm	OC1_VRoot_VerbTerm
ka_nga_ngani	AdvPre_NegPre_Interrog	AdvPre_NegPre_Interrog	AdvPre_NegPre_Interrog	AdvPre_NegPre_Interrog
.	Punc	Punc	Punc	Punc
lokhu	Dem15_Pos1		Dem15_Pos1	
u_nga_kwenz_a	SC1_Pot_VRoot_VerbTerm	NPrePre1a_AdvPre_VRoot_VerbTerm	SC1_Pot_VRoot_VerbTerm	NPrePre15_AdvPre_BPre15_VRoot_VerbTerm
ma_lunga_ana	BPre6_NStem_DimSuf	BPre6_NStem_DimSuf	BPre6_NStem_DimSuf	BPre6_NStem_DimSuf
na_wo	AdvPre_PronStem3	AdvPre_PronStem3	AdvPre_PronStem3	AdvPre_PronStem3
wo_ke	QuantConc1_QuantStem	QuantConc1_QuantStem	QuantConc1_QuantStem	QuantConc1_QuantStem
a_ma_phetheni	NPrePre6_BPre6_NStem	NPrePre6_BPre6_NStem	NPrePre6_BPre6_NStem	NPrePre6_BPre6_NStem
a_khonj_iw_e_ko	RelConc6_VRoot_PassExt_VerbTerm_RelSuf	SC6_VRoot_PassExt_VerbTerm_RelSuf	RelConc6_VRoot_PassExt_VerbTerm_RelSuf	SC6_VRoot_PassExt_NeutExt_VerbTerm
.	Punc	Punc	Punc	Punc
khulum_is_an_a	VRoot_CausExt_RecipExt_VerbTerm	VRoot_CausExt_RecipExt_VerbTerm	VRoot_CausExt_RecipExt_VerbTerm	VRoot_CausExt_RecipExt_VerbTerm
na_i_si_qhema	AdvPre_NPrePre7_BPre7_NStem	AdvPre_NPrePre7_BPre7_NStem	AdvPre_NPrePre7_BPre7_NStem	AdvPre_NPrePre7_BPre7_NStem
nga_mi_thelela	AdvPre_BPre4_NStem	AdvPre_BPre4_NStem	AdvPre_BPre4_NStem	AdvPre_NPrePre4_BPre4_NStem
ye_phetheni	PossConc4_NStem	PossConc9_NStem	PossConc4_NStem	PossConc9_NStem
nga_yi_nye	AdvPre_CopPre_AdjStem	AdvPre_CopPre_AdjStem	AdvPre_CopPre_AdjStem	AdvPre_CopPre_AdjStem
e_khonjiw_ek_o	RelConc9_VRoot_NeutExt_VerbTerm	LocPre_VRoot_NeutExt_VerbTerm	RelConc9_VRoot_NeutExt_VerbTerm	RelConc9_VRoot_PassExt_NeutExt_VerbTerm
.	Punc	Punc	Punc	Punc
u_mu_khandlu	NPrePre3_BPre3_NStem	NPrePre3_BPre3_NStem	NPrePre3_BPre3_NStem	NPrePre3_BPre3_NStem
u_nga_enz_a	SC2_Pot_VRoot_VerbTerm	SC1_Pot_VRoot_VerbTerm	SC2_Pot_VRoot_VerbTerm	SC1_AdvPre_VRoot_VerbTerm
i_foramu	NPrePre4_NStem	NPrePre5_NStem	NPrePre4_NStem	NPrePre5_NStem
yo_bu_jameli	PossConc4_BPre14_NStem	PossConc4_BPre14_NStem	PossConc4_BPre14_NStem	PossConc4_BPre14_NStem
be_IDP	PossConc2_Abbr	PossConc2_Abbr	PossConc2_Abbr	PossConc2_Abbr
u_ku_thol_a	NPrePre15_BPre15_VRoot_VerbTerm	NPrePre15_BPre15_VRoot_VerbTerm	NPrePre15_BPre15_VRoot_VerbTerm	NPrePre15_BPre15_VRoot_VerbTerm
u_bu_hlanganyeli	NPrePre14_BPre14_NStem	NPrePre14_BPre14_NStem	NPrePre14_BPre14_NStem	NPrePre14_BPre14_NStem
obu_seqophelweni	RelConc14_NStem	RelConc14_NStem	RelConc14_NStem	RelConc14_NStem
eli_phezulu	RelConc5_NStem	RelConc5_NStem	RelConc5_NStem	RelConc5_NStem
ka_nye	AdvPre_AdjStem	AdvPre_AdjStem	AdvPre_AdjStem	AdvPre_AdjStem
na_u_mu_bono	AdvPre_NPre3_BPre3_NStem	AdvPre_NPre3_BPre3_NStem	AdvPre_NPre3_BPre3_NStem	AdvPre_NPre3_BPre3_NStem
o_vel_a	RelConc3_VRoot_VerbTerm	RelConc3_VRoot_VerbTerm	RelConc3_VRoot_VerbTerm	RelConc3_VRoot_VerbTerm
e_u_mu_phakathi_ini	LocPre_NPrePre3_BPre3_NStem_LocSuf	LocPre_NPrePre3_BPre3_NStem_LocSuf	LocPre_NPrePre3_BPre3_NStem_LocSuf	LocPre_NPrePre3_BPre3_NStem_LocSuf
.	Punc	Punc	Punc	Punc
i_foramu	NPrePre4_NStem	NPrePre5_NStem	NPrePre4_NStem	NPrePre5_NStem
i_nga_fak_a	SC9_AdvPre_VRoot_VerbTerm	SC9_AdvPre_VRoot_VerbTerm	SC9_AdvPre_VRoot_VerbTerm	SC9_AdvPre_VRoot_VerbTerm
hlangan_a	VRoot_VerbTerm	VRoot_VerbTerm	VRoot_VerbTerm	NStem_DimSuf
a_ma_lunga	NPrePre6_BPre6_NStem	NPrePre6_BPre6_NStem	NPrePre6_BPre6_NStem	NPrePre6_BPre6_NStem
wo_m_khandlu	PossConc6_BPre3_NStem	PossConc3_BPre3_NStem	PossConc6_BPre3_NStem	PossConc3_BPre3_NStem
,	Punc	Punc	Punc	Punc
a_ma_lunga	NPrePre6_BPre6_NStem	NPrePre6_BPre6_NStem	NPrePre6_BPre6_NStem	NPrePre6_BPre6_NStem
ama_khulu	AdjPref6_AdjStem	AdjPref6_AdjStem	AdjPref6_AdjStem	AdjPref6_AdjStem
we_komidi	PossConc3_NStem	PossConc1_NStem	PossConc3_NStem	PossConc1_NStem
,	Punc	Punc	Punc	Punc
i_in_khulu	NPrePre8_BPre8_NStem	NPrePre8_BPre8_NStem	NPrePre8_BPre8_NStem	NPrePre8_BPre8_NStem
ezi_phath_a_ko	RelConc8_VRoot_VerbTerm_RelSuf	RelConc10_VRoot_VerbTerm_RelSuf	RelConc8_VRoot_VerbTerm_RelSuf	RelConc10_VRoot_VerbTerm_RelSuf
ezi_kulu	RelConc8_Adv	RelConc8_Adv	RelConc8_Adv	RelConc8_Adv
,	Punc	Punc	Punc	Punc
a_ma_lunga	NPrePre6_BPre6_NStem	NPrePre6_BPre6_NStem	NPrePre6_BPre6_NStem	NPrePre6_BPre6_NStem
we_komidi	PossConc1_NStem	PossConc1_NStem	PossConc1_NStem	PossConc1_NStem
ye_wadi	PossConc4_NStem	PossConc4_NStem	PossConc4_NStem	PossConc4_NStem
ka_nye	AdvPre_AdjStem	AdvPre_AdjStem	AdvPre_AdjStem	AdvPre_AdjStem
na_bajameli	AdvPre_NStem	AdvPre_NStem	AdvPre_NStem	AdvPre_BPre2_NStem
aba_buy_a	RelConc2_VRoot_VerbTerm	RelConc2_VRoot_VerbTerm	RelConc2_VRoot_VerbTerm	RelConc2_VRoot_VerbTerm
e_e_n_qhema_eni	RelConc9_LocPre_BPre9_NStem_LocSuf	RelConc9_LocPre_BPre9_NStem_LocSuf	RelConc9_LocPre_BPre9_NStem_LocSuf	RelConc9_LocPre_BPre9_NStem_LocSuf
za_ba_bambisani	PossConc8_BPre2_NStem	PossConc8_BPre2_NStem	PossConc8_BPre2_NStem	PossConc8_BPre2_NStem
ezi_hlelekile_ko	RelConc8_NStem_RelSuf	RelConc10_NStem_RelSuf	RelConc8_NStem_RelSuf	RelConc10_NStem_RelSuf
,	Punc	Punc	Punc	Punc
a_ba_rholi	NPrePre2_BPre2_NStem	NPrePre2_BPre2_NStem	NPrePre2_BPre2_NStem	NPrePre2_BPre2_NStem
be_ndabuko	PossConc2a_NStem	PossConc2a_NStem	PossConc2a_NStem	PossConc2a_NStem
na_a_ba_ntu	AdvPre_NPrePre2_BPre2_NStem	AdvPre_NPrePre2_BPre2_NStem	AdvPre_NPrePre2_BPre2_NStem	AdvPre_NPrePre2_BPre2_NStem
.	Punc	Punc	Punc	Punc
i_phiko	NPrePre4_NStem	NPrePre4_NStem	NPrePre4_NStem	NPrePre5_BPre5_NStem
li_kghonakalisa	BPre5_NStem	BPre5_NStem	BPre5_NStem	SC5_VRoot_VerbTerm
i_ku_lumiswano	NPrePre4_BPre15_NStem	NPrePre4_BPre15_NStem	NPrePre4_BPre15_NStem	NPrePre4_NStem
ka_nye	AdvPre_AdjStem	AdvPre_AdjStem	AdvPre_AdjStem	AdvPre_AdjStem
na_u_ku_thath_a	AdvPre_NPrePre15_BPre15_VRoot_VerbTerm	AdvPre_NPrePre15_BPre15_VRoot_VerbTerm	AdvPre_NPrePre15_BPre15_VRoot_VerbTerm	AdvPre_NPrePre15_BPre15_VRoot_VerbTerm
i_in_qunto	NPrePre8_BPre8_NStem	NPrePre4_BPre4_NStem	NPrePre8_BPre8_NStem	NPrePre4_BPre4_NStem
ndawonye	Adv	Adv	Adv	Adv
ze_IDP	PossConc8_Abbr	Pres_Abbr	PossConc8_Abbr	Pres_Abbr
.	Punc	Punc	Punc	Punc
i_foramu	NPrePre4_NStem	NPrePre5_NStem	NPrePre4_NStem	NPrePre5_NStem
ya_ba_jameli	PossConc4_BPre2_NStem	PossConc4_BPre2_NStem	PossConc4_BPre2_NStem	PossConc4_BPre2_NStem
be_IDP	PossConc2_Abbr	PossConc2_Abbr	PossConc2_Abbr	PossConc2_Abbr
ku_fan_el_e	SC15_VRoot_ApplExt_VerbTerm	OC15_VRoot_ApplExt_VerbTerm	SC15_VRoot_ApplExt_VerbTerm	SC15_VRoot_ApplExt_VerbTerm
ku_b_e	SC15_VRoot_VerbTerm	OC15_VRoot_VerbTerm	SC15_VRoot_VerbTerm	OC15_VRoot_VerbTerm
yi_hlangano	CopPre_NStem	CopPre_NStem	CopPre_NStem	CopPre_NStem
ya_safuthi	PossConc4_NStem	PossConc1a_NStem	PossConc4_NStem	PossConc1a_NStem
e_nikel_w_e	RelConc9_VRoot_PassExt_VerbTerm	SC9_VRoot_PassExt_VerbTerm	RelConc9_VRoot_PassExt_VerbTerm	RelConc9_VRoot_ApplExt_PassExt_VerbTerm
na_u_mu_sebenzi	AdvPre_NPrePre3_BPre3_NStem	AdvPre_NPrePre3_BPre3_NStem	AdvPre_NPrePre3_BPre3_NStem	AdvPre_NPrePre3_BPre3_NStem
wa_u_ku_tjheja	PossConc3_NPrePre15_BPre15_NStem	PossConc3_NPrePre15_BPre15_NStem	PossConc3_NPrePre15_BPre15_NStem	PossConc3_NPrePre15_BPre15_NStem
u_ku_enz_iw_a	NPrePre15_BPre15_VRoot_PassExt_VerbTerm	NPrePre15_BPre15_VRoot_PassExt_VerbTerm	NPrePre15_BPre15_VRoot_PassExt_VerbTerm	NPrePre15_BPre15_VRoot_PassExt_VerbTerm
kwa_u_mu_sebenzi	PossConc15_NPrePre3_BPre3_NStem	PossConc15_NPrePre3_BPre3_NStem	PossConc15_NPrePre3_BPre3_NStem	PossConc15_NPrePre3_BPre3_NStem
nga_i_si_khathi	AdvPre_NPrePre7_BPre7_NStem	AdvPre_NPrePre7_BPre7_NStem	AdvPre_NPrePre7_BPre7_NStem	AdvPre_NPrePre7_BPre7_NStem
sa_u_ku_phunyeleliswa	PossConc7_NPrePre15_BPre15_NStem	PossConc7_NPrePre15_BPre15_NStem	PossConc7_NPrePre15_BPre15_NStem	PossConc7_NPrePre15_BPre15_VRoot_CausExt_PassExt_VerbTerm
kwe_IDP	PossConc15_Abbr	PossConc15_Abbr	PossConc15_Abbr	PossConc15_Abbr
.	Punc	Punc	Punc	Punc
i_si_qhema	NPrePre7_BPre7_NStem	NPrePre7_BPre7_NStem	NPrePre7_BPre7_NStem	NPrePre7_BPre7_NStem
,	Punc	Punc	Punc	Punc
ngo_ku_rholwa	AdvPre_BPre15_NStem	AdvPre_BPre15_NStem	AdvPre_BPre15_NStem	AdvPre_BPre15_VRoot_PassExt_VerbTerm
'	Punc	Punc	Punc	Punc
ba_kghonakalisi	PossConc2_NStem	PossConc2_NStem	PossConc2_NStem	PossConc2_NStem
'	Punc	Punc	Punc	Punc
,	Punc	Punc	Punc	Punc
ku_fuz_e	OC15_VRoot_VerbTerm	OC15_VRoot_VerbTerm	OC15_VRoot_VerbTerm	OC15_VRoot_VerbTerm
s_e_ndlale	PossConc7_LocPre_NStem	PossConc7_LocPre_NStem	PossConc7_LocPre_NStem	PossConc7_LocPre_VRoot_VerbTerm
i_in_qhema	NPrePre8_NPre8_NStem	NPrePre8_NPre8_NStem	NPrePre8_NPre8_NStem	NPrePre8_NPre8_NStem
ze_hlalakuhle	Pres_NStem	Pres_NStem	Pres_NStem	Pres_NStem
e_za_hlukene_ko	LocPre_Pres_NStem_RelSuf	LocPre_Pres_NStem_RelSuf	LocPre_Pres_NStem_RelSuf	LocPre_Pres_NStem_RelSuf
e_u_mu_phakathi_ini	LocPre_NPrePre3_BPre3_NStem_LocSuf	LocPre_NPrePre3_BPre3_NStem_LocSuf	LocPre_NPrePre3_BPre3_NStem_LocSuf	LocPre_NPrePre3_BPre3_NStem_LocSuf
wa_so	PossConc1_PronStem7	PossConc1_PronStem7	PossConc1_PronStem7	PossConc1_PronStem7
begodu	Conj	Conj	Conj	Conj
si_zi_rekhod_e	SC7_OC7_VRoot_VerbTerm	SC7_OC8_VRoot_VerbTerm	SC7_OC7_VRoot_VerbTerm	SC7_SC8_VRoot_VerbTerm
e_fliphutjhadi_ini	LocPre_NStem_LocSuf	LocPre_NStem_LocSuf	LocPre_NStem_LocSuf	LocPre_NStem_LocSuf
,	Punc	Punc	Punc	Punc
begodu	Conj	Conj	Conj	Conj
nga_ukufitjhani	NegPre_NStem	AdvPre_NStem	NegPre_NStem	NegPre_NPrePre15_BPre15_NStem
,	Punc	Punc	Punc	Punc
si_tjh_o	SC1_VRoot_VerbTerm	SC7_VRoot_VerbTerm	SC1_VRoot_VerbTerm	SC7_VRoot_VerbTerm
nokobana	Conj	Conj	Conj	Conj
ngi_ma_phi	SC6_BPre6_EnumStem	SC6_BPre6_EnumStem	SC6_BPre6_EnumStem	SC6_BPre6_EnumStem
a_ma_tjhuguluko	NPrePre6_BPre6_NStem	NPrePre6_BPre6_NStem	NPrePre6_BPre6_NStem	NPrePre6_BPre6_NStem
enz_ek_ile_ko	VRoot_NeutExt_Perf_RelSuf	VRoot_NeutExt_Perf_RelSuf	VRoot_NeutExt_Perf_RelSuf	VRoot_NeutExt_Perf_RelSuf
mayelana	NStem	NStem	NStem	NStem
ne_bunjo	AdvPre_NStem	AdvPre_NStem	AdvPre_NStem	AdvPre_BPre14_NStem
le_ze_hlalakuhle	PossConc5_BPre8_NStem	PossConc5_Pres_NStem	PossConc5_BPre8_NStem	PossConc5_Pres_NStem
e_u_mu_phakathi_ini	LocPre_NPrePre3_BPre3_NStem_LocSuf	LocPre_NPrePre3_BPre3_NStem_LocSuf	LocPre_NPrePre3_BPre3_NStem_LocSuf	LocPre_NPrePre3_BPre3_NStem_LocSuf
wa_so	PossConc1_PronStem7	PossConc1_PronStem7	PossConc1_PronStem7	PossConc1_PronStem7
e_i_mi_nyaka_ini	LocPre_NPrePre4_BPre4_NStem_LocSuf	LocPre_NPrePre4_BPre4_NStem_LocSuf	LocPre_NPrePre4_BPre4_NStem_LocSuf	LocPre_NPrePre4_BPre4_NStem_LocSuf
e_mbalwa	RelConc4_RelStem	RelConc4_RelStem	RelConc4_RelStem	RelConc4_RelStem
e_gadungileko	LocPre_NStem	LocPre_NStem	LocPre_NStem	LocPre_NStem
,	Punc	Punc	Punc	Punc
nangabe	Conj	Conj	Conj	Conj
a_khona	RelConc6_Adv	RelConc6_Adv	RelConc6_Adv	RelConc6_Adv
.	Punc	Punc	Punc	Punc
nga_mva	AdvPre_Adv	AdvPre_Adv	AdvPre_Adv	AdvPre_Adv
kwa_lokho	PossConc15_Dem15_Pos2	PossConc15	PossConc15_Dem15_Pos2	PossConc15
si_tlol_a	OC7_VRoot_VerbTerm	SC7_VRoot_VerbTerm	OC7_VRoot_VerbTerm	SC7_VRoot_VerbTerm
i_in_qhema	NPrePre8_NPre8_NStem	NPrePre8_NPre8_NStem	NPrePre8_NPre8_NStem	NPrePre8_NPre8_NStem
ezi_limala	RelConc8_NStem	RelConc8_NStem	RelConc8_NStem	RelConc10_VRoot_VerbTerm
lula	NStem	NStem	NStem	NStem
khulu	Adv	Adv	Adv	Adv
ka_nye	AdvPre_AdjStem	AdvPre_AdjStem	AdvPre_AdjStem	AdvPre_AdjStem
na_lezo	AdvPre_Dem8_Pos2	AdvPre	AdvPre_Dem8_Pos2	AdvPre
ezi_pheph_e	RelConc8_VRoot_VerbTerm	RelConc10_VRoot_VerbTerm	RelConc8_VRoot_VerbTerm	RelConc10_VRoot_VerbTerm
khulu	Adv	Adv	Adv	Adv
,	Punc	Punc	Punc	Punc
isib	Abbr	Abbr	Abbr	Abbr
.	Punc	Punc	Punc	Punc
aba_pheph_ile_ko	RelConc2_VRoot_Perf_RelSuf	RelConc2_VRoot_Perf_RelSuf	RelConc2_VRoot_Perf_RelSuf	RelConc2_NStem_RelSuf
ku_nga_b_a	SC15_Pot_VRoot_VerbTerm	SC15_Pot_VRoot_VerbTerm	SC15_Pot_VRoot_VerbTerm	SC15_Pot_VRoot_VerbTerm
ngi_labo	CopPre_Dem2_Pos2	CopPre	CopPre_Dem2_Pos2	CopPre
aba_sebenz_a	RelConc2_VRoot_VerbTerm	RelConc2_VRoot_VerbTerm	RelConc2_VRoot_VerbTerm	RelConc2_VRoot_VerbTerm
i_mi_sebenzi	NPrePre4_BPre4_NStem	NPrePre4_BPre4_NStem	NPrePre4_BPre4_NStem	NPrePre4_BPre4_NStem
yo_bu_kghwari	PossConc4_BPre14_NStem	PossConc4_BPre14_NStem	PossConc4_BPre14_NStem	PossConc4_BPre14_NStem
,	Punc	Punc	Punc	Punc
a_ba_limal_a	SC2_OC2_VRoot_VerbTerm	SC2_OC2_VRoot_VerbTerm	SC2_OC2_VRoot_VerbTerm	RelConc2_VRoot_VerbTerm
lula	NStem	NStem	NStem	NStem
ku_nga_b_a	SC15_Pot_VRoot_VerbTerm	SC15_Pot_VRoot_VerbTerm	SC15_Pot_VRoot_VerbTerm	SC15_Pot_VRoot_VerbTerm
ngi_labo	CopPre_Dem2_Pos2	CopPre	CopPre_Dem2_Pos2	CopPre
aba_ma_ketha	RelConc2_BPre6_NStem	RelConc2_BPre6_NStem	RelConc2_BPre6_NStem	RelConc2_BPre6_NStem
u_mu_sebenzi	NPrePre3_BPre3_NStem	NPrePre3_BPre3_NStem	NPrePre3_BPre3_NStem	NPrePre3_BPre3_NStem
kwa_u_ku_thom_a	PossConc15_NPrePre15_BPre15_VRoot_VerbTerm	PossConc15_NPrePre15_BPre15_VRoot_VerbTerm	PossConc15_NPrePre15_BPre15_VRoot_VerbTerm	PossConc15_NPrePre15_BPre15_VRoot_VerbTerm
.	Punc	Punc	Punc	Punc
u_mma	NPrePre1_NStem	NPrePre1_NStem	NPrePre1_NStem	NPrePre1_NStem
uMahlangu	ProperName	ProperName	ProperName	NPrePre1_BPre3_NStem
u_theng_e	SC1_VRoot_VerbTerm	SC1_VRoot_VerbTerm	SC1_VRoot_VerbTerm	SC1_VRoot_VerbTerm
i_n_dlu	NPrePre10_BPre10_NStem	NPrePre8_BPre8_NStem	NPrePre10_BPre10_NStem	NPrePre8_BPre8_NStem
begodu	Conj	Conj	Conj	Conj
u_tlhoga	BPre1_NStem	NPrePre1a_NStem	BPre1_NStem	NPrePre1a_NStem
ukobana	Conj	Conj	Conj	Conj
a_zoku_dosel_w_a	RelConc6_Fut_Intrans_PassExt_VerbTerm	SC6_Fut_VRoot_PassExt_VerbTerm	RelConc6_Fut_Intrans_PassExt_VerbTerm	SC6_Fut_VRoot_ApplExt_PassExt_VerbTerm
i_gezi	NPrePre9_NStem	NPrePre9_NStem	NPrePre9_NStem	NPrePre9_NStem
.	Punc	Punc	Punc	Punc
u_ya_khamb_a	SC1a_Pres_VRoot_VerbTerm	SC1_Pres_VRoot_VerbTerm	SC1a_Pres_VRoot_VerbTerm	NPrePre1a_Pres_NStem
u_ya	NPrePre1a_NStem	NPrePre1a_NStem	NPrePre1a_NStem	SC1a_VRoot_VerbTerm
ku_masipala	LocPre_NStem	LocPre_NStem	LocPre_NStem	LocPre_NStem
u_yoku_zalisa	NPrePre1a_Fut_NStem	NPrePre1a_Fut_NStem	NPrePre1a_Fut_NStem	NPrePre1a_NStem_NStem
i_foromo	NPrePre5_NStem	NPrePre4_NStem	NPrePre5_NStem	NPrePre4_NStem
be_s_e	SC2_VRoot_VerbTerm	SC2_VRoot_VerbTerm	SC2_VRoot_VerbTerm	SC2_VRoot_VerbTerm
u_bhadala	NPrePre1a_NStem	NPrePre1a_NStem	NPrePre1a_NStem	NPrePre1a_NStem
na_idibhozidi	AdvPre_NStem	AdvPre_NStem	AdvPre_NStem	AdvPre_NPre5_NStem
.	Punc	Punc	Punc	Punc
na_ka_fik_a_ko	AdvPre_LocPre_VRoot_VerbTerm_RelSuf	AdvPre_ExclNeg_VRoot_VerbTerm_RelSuf	AdvPre_LocPre_VRoot_VerbTerm_RelSuf	AdvPre_Pres_VRoot_VerbTerm_RelSuf
u_bon_a	SC1_VRoot_VerbTerm	SC1_VRoot_VerbTerm	SC1_VRoot_VerbTerm	SC1_VRoot_VerbTerm
u_m_jeje	NPrePre3_BPre3_NStem	NPrePre3_BPre3_NStem	NPrePre3_BPre3_NStem	NPrePre3_BPre3_NStem
o_mude	BPre3_NStem	RelConc3_NStem	BPre3_NStem	RelConc3_NStem
be_s_e	SC2_VRoot_VerbTerm	SC2_VRoot_VerbTerm	SC2_VRoot_VerbTerm	SC2_VRoot_VerbTerm
u_fika	BPre1a_NStem	NPrePre1a_NStem	BPre1a_NStem	SC1_VRoot_VerbTerm
u_jama	BPre1a_NStem	NPrePre1a_NStem	BPre1a_NStem	NPrePre1a_NStem
e_m_jejo_eni	LocPre_BPre3_NStem_LocSuf	LocPre_BPre3_NStem_LocSuf	LocPre_BPre3_NStem_LocSuf	LocPre_BPre3_NStem
.	Punc	Punc	Punc	Punc
i_in_sebenzi	NPrePre8_BPre8_NStem	NPrePre8_BPre8_NStem	NPrePre8_BPre8_NStem	NPrePre8_BPre8_NStem
za_ka_masipala	PossConc8_PossKA_NStem	PossConc10_PossKA_NStem	PossConc8_PossKA_NStem	PossConc10_PossKA_NStem
zi_zi_fundela	BPre8_Pres_NStem	BPre10_BPre8_NStem	BPre8_Pres_NStem	Pres_ReflPre_NStem
a_ma_phephandaba	NPrePre6_BPre6_NStem	NPrePre6_BPre6_NStem	NPrePre6_BPre6_NStem	NPrePre6_BPre6_NStem
zi_zi_selela	BPre8_Pres_NStem	BPre8_BPre8_NStem	BPre8_Pres_NStem	BPre8_NStem
na_itiye	AdvPre_NStem	AdvPre_NStem	AdvPre_NStem	AdvPre_NStem
.	Punc	Punc	Punc	Punc
a_ba_ntu	NPrePre2_BPre2_NStem	NPrePre2_BPre2_NStem	NPrePre2_BPre2_NStem	NPrePre2_BPre2_NStem
a_ba_semjeja_eni	NPrePre2_BPre2_NStem_LocSuf	NPrePre2_BPre2_NStem_LocSuf	NPrePre2_BPre2_NStem_LocSuf	RelConc2_PreLoc-s_LocPre_BPre3_NStem_LocSuf
ba_ya_nghonghoyil_a	SC2_Pres_Intrans_VerbTerm	SC2_Pres_Intrans_VerbTerm	SC2_Pres_Intrans_VerbTerm	SC2_Pres_Intrans_VerbTerm
kodwana	Conj	Conj	Conj	Conj
ba_tjel_w_a	SC2_Intrans_PassExt_VerbTerm	SC2_Intrans_PassExt_VerbTerm	SC2_Intrans_PassExt_VerbTerm	SC2_Intrans_PassExt_VerbTerm
bona	AbsPron2	AbsPron2	AbsPron2	AbsPron2
i_in_sebenzi	NPrePre8_BPre8_NStem	NPrePre8_BPre8_NStem	NPrePre8_BPre8_NStem	NPrePre8_BPre8_NStem
na_zo	AdvPre_PronStem8	AdvPre_PronStem10	AdvPre_PronStem8	AdvPre_PronStem10
'	Punc	Punc	Punc	Punc
zi_ne_lungelo	BPre8_AdvPre_NStem	BPre8_AdvPre_NStem	BPre8_AdvPre_NStem	BPre10_AdvPre_NStem
la_u_ku_thath_a	AdvPre_NPrePre15_BPre15_VRoot_VerbTerm	PossConc5_NPrePre15_BPre15_VRoot_VerbTerm	AdvPre_NPrePre15_BPre15_VRoot_VerbTerm	PossConc5_NPrePre15_BPre15_VRoot_VerbTerm
i_khefu	NPrePre5_NStem	NPrePre4_NStem	NPrePre5_NStem	NPrePre4_NStem
'	Punc	Punc	Punc	Punc
.	Punc	Punc	Punc	Punc
u_linda	BPre1a_NStem	NPrePre1a_NStem	BPre1a_NStem	NPrePre1a_NStem
a_ma_iri	NPrePre6_BPre6_NStem	NPrePre6_BPre6_NStem	NPrePre6_BPre6_NStem	NPrePre6_BPre6_NStem
a_ma_3	NPrePre6_BPre6_Num	NPrePre6_BPre6_Num	NPrePre6_BPre6_Num	NPrePre6_BPre6_Num
nga_mva	AdvPre_Adv	AdvPre_Adv	AdvPre_Adv	AdvPre_Adv
kwa_lokho	PossConc15_Dem15_Pos2	PossConc15	PossConc15_Dem15_Pos2	PossConc15
se_ku_si_khathi	PossConc7_BPre15_BPre7_NStem	PossConc7_BPre15_BPre7_NStem	PossConc7_BPre15_BPre7_NStem	PossConc7_BPre15_BPre7_NStem
sa_u_ku_dl_a	PossConc7_NPrePre15_BPre15_VRoot_VerbTerm	PossConc7_NPrePre15_BPre15_VRoot_VerbTerm	PossConc7_NPrePre15_BPre15_VRoot_VerbTerm	PossConc7_NPrePre15_BPre15_VRoot_VerbTerm
.	Punc	Punc	Punc	Punc
nga_iri	AdvPre_NStem	AdvPre_NStem	AdvPre_NStem	AdvPre_NStem
le_2.30	Dem4_Pos1_Num	PossConc5_Num	Dem4_Pos1_Num	PossConc5_Num
ntambama	Adv	Adv	Adv	Adv
i_in_sebenzi	NPrePre8_BPre8_NStem	NPrePre8_BPre8_NStem	NPrePre8_BPre8_NStem	NPrePre8_BPre8_NStem
zi_ya_buy_a	SC8_Pre_VRoot_VerbTerm	SC8_Pres_VRoot_VerbTerm	SC8_Pre_VRoot_VerbTerm	SC8_Pres_VRoot_VerbTerm
ku_th_i	BPre15_VRoot_VerbTerm	SC15_VRoot_VerbTerm	BPre15_VRoot_VerbTerm	SC15_VRoot_VerbTerm
na_sele	AdvPre_NStem	AdvPre_NStem	AdvPre_NStem	AdvPre_NStem
zi_fika	BPre8_NStem	Pres_NStem	BPre8_NStem	SC10_VRoot_VerbTerm
ku_ye	LocPre_PronStem9	LocPre_PronStem9	LocPre_PronStem9	BPre15_NStem
i_si_khathi	NPrePre7_BPre7_NStem	NPrePre7_BPre7_NStem	NPrePre7_BPre7_NStem	NPrePre7_BPre7_NStem
se_si_khamb_e	SC8_Pres_VRoot_VerbTerm	SC5_OC1_VRoot_VerbTerm	SC8_Pres_VRoot_VerbTerm	PossConc7_SC7_VRoot_VerbTerm
se_si_khamb_e	SC8_Pres_VRoot_VerbTerm	SC5_OC1_VRoot_VerbTerm	SC8_Pres_VRoot_VerbTerm	SC5_SC7_VRoot_VerbTerm
.	Punc	Punc	Punc	Punc
qalis_a	VRoot_VerbTerm	VRoot_VerbTerm	VRoot_VerbTerm	VRoot_CausExt_VerbTerm
e_u_mu_buzo_ini	NPrePre6_NPrePre3_BPre3_NStem_LocSuf	LocPre_NPrePre3_BPre3_NStem_LocSuf	NPrePre6_NPrePre3_BPre3_NStem_LocSuf	LocPre_NPrePre3_BPre3_NStem_LocSuf
wa_i_si_bili	PossConc6_NPrePre7_BPre7_NStem	PossConc3_NPrePre7_BPre7_NStem	PossConc6_NPrePre7_BPre7_NStem	PossConc3_NPrePre7_BPre7_NStem
be_s_e	SC2_VRoot_VerbTerm	SC2_VRoot_VerbTerm	SC2_VRoot_VerbTerm	SC2_VRoot_VerbTerm
u_thath_a	SC1_VRoot_VerbTerm	SC1_VRoot_VerbTerm	SC1_VRoot_VerbTerm	SC1_VRoot_VerbTerm
i_im_pendulo	NPrePre10_BPre10_NStem	NPrePre10_BPre10_NStem	NPrePre10_BPre10_NStem	NPrePre10_BPre10_NStem
.	Punc	Punc	Punc	Punc
u_ku_enz_iw_a	NPrePre15_BPre15_VRoot_PassExt_VerbTerm	NPrePre15_BPre15_VRoot_PassExt_VerbTerm	NPrePre15_BPre15_VRoot_PassExt_VerbTerm	NPrePre15_BPre15_VRoot_PassExt_VerbTerm
kwe_mi_tlamo	PossConc15_BPre4_NStem	PossConc15_BPre4_NStem	PossConc15_BPre4_NStem	PossConc15_NStem
ya_u_ku_thuthuk_is_a	PossConc4_NPrePre15_BPre15_VRoot_CausExt_VerbTerm	PossConc9_NPrePre15_BPre15_VRoot_CausExt_VerbTerm	PossConc4_NPrePre15_BPre15_VRoot_CausExt_VerbTerm	PossConc9_NPrePre15_BPre15_VRoot_CausExt_VerbTerm
e_hlanganis_iw_ek_o	RelConc9_VRoot_PassExt_NeutExt_VerbTerm	RelConc9_VRoot_PassExt_NeutExt_VerbTerm	RelConc9_VRoot_PassExt_NeutExt_VerbTerm	RelConc9_VRoot_CausExt_PassExt_NeutExt_VerbTerm
bu_kghoni	BPre14_NStem	BPre14_NStem	BPre14_NStem	BPre14_NStem
ba_ka_rhulumende	PossConc14_PossKA_NStem	PossConc2a_PossKA_NStem	PossConc14_PossKA_NStem	PossConc2a_PossKA_NStem
wa_i_li_khaya	PossConc3_NPrePre5_BPre5_NStem	PossConc3_NPrePre5_BPre5_NStem	PossConc3_NPrePre5_BPre5_NStem	PossConc3_NPrePre5_BPre5_NStem
.	Punc	Punc	Punc	Punc
i_mi_tlamo	NPrePre4_BPre4_NStem	NPrePre4_BPre4_NStem	NPrePre4_BPre4_NStem	NPrePre4_BPre4_NStem
le	Dem9_Pos1		Dem9_Pos1	
i_zoku_leth_a	NPrePre4_Fut_VRoot_VerbTerm	SC4_Fut_VRoot_VerbTerm	NPrePre4_Fut_VRoot_VerbTerm	SC4_Fut_VRoot_VerbTerm
i_tjhuguluko	NPrePre5_NStem	NPrePre4_NStem	NPrePre5_NStem	NPrePre4_NStem
la_a_ma_dorobha	AdvPre_NPrePre6_BPre6_NStem	PossConc5_NPrePre6_BPre6_NStem	AdvPre_NPrePre6_BPre6_NStem	PossConc5_NPrePre6_BPre6_NStem
na_i_n_dlela	AdvPre_NPrePre9_BPre9_NStem	AdvPre_NPrePre9_BPre9_NStem	AdvPre_NPrePre9_BPre9_NStem	AdvPre_NPrePre9_BPre9_NStem
a_phath_w_a	RelConc9_VRoot_PassExt_VerbTerm	RelConc6_VRoot_PassExt_VerbTerm	RelConc9_VRoot_PassExt_VerbTerm	RelConc6_VRoot_PassExt_VerbTerm
nga_yo	AdvPre_PronStem9	AdvPre_PronStem9	AdvPre_PronStem9	AdvPre_PronStem9
njengobana	Conj	Conj	Conj	Conj
i_kambiso	NPrePre9_NStem	NPrePre9_NStem	NPrePre9_NStem	NPrePre9_NStem
ye_IDP	PossConc9_Abbr	PossConc9_Abbr	PossConc9_Abbr	PossConc9_Abbr
i_nqoph_e	SC9_VRoot_VerbTerm	SC5_VRoot_VerbTerm	SC9_VRoot_VerbTerm	NPrePre8_BPre8_NStem
e_ku_fik_eni	RelConc9_SC15_VRoot_LocSuf	RelConc9_OC15_VRoot_LocSuf	RelConc9_SC15_VRoot_LocSuf	LocPre_BPre15_NStem_LocSuf
e_e_nqundo_eni	RelConc9_LocPre_NStem_LocSuf	RelConc9_LocPre_NStem_LocSuf	RelConc9_LocPre_NStem_LocSuf	RelConc9_LocPre_BPre9_NStem_LocSuf
ze_i_i_ndaba	BPre10_NPre10_BPre10_NStem	Pres_NPrePre10_NPre10_NStem	BPre10_NPre10_BPre10_NStem	PossConc10_LocPre_BPre9_NStem
e_zi_fan_a	SC10_OC8_VRoot_VerbTerm	SC1_OC8_VRoot_VerbTerm	SC10_OC8_VRoot_VerbTerm	RelConc8_VRoot_VerbTerm
na_ma_bhajedi	AdvPre_BPre6_NStem	AdvPre_BPre6_NStem	AdvPre_BPre6_NStem	AdvPre_BPre6_NStem
ka_masipala	PossKA_NStem	PossKA_NStem	PossKA_NStem	PossKA_NStem
,	Punc	Punc	Punc	Punc
i_lawulo	NPrePre5_NStem	NPrePre4_NStem	NPrePre5_NStem	NPrePre4_NStem
lo_u_m_hlabathi	PossConc3_NPrePre3_BPre3_NStem	AdvPre_NPrePre3_BPre3_NStem	PossConc3_NPrePre3_BPre3_NStem	Pos1_NPrePre10_NStem
,	Punc	Punc	Punc	Punc
u_ku_thuthukiswa	NPrePre15_BPre15_NStem	NPrePre15_BPre15_NStem	NPrePre15_BPre15_NStem	NPrePre15_BPre15_VRoot_CausExt_PassExt_VerbTerm
kwe_zomnotho	PossConc15_NStem	PossConc15_NStem	PossConc15_NStem	PossConc15_NStem
wa_i_li_khaya	PossConc3_NPrePre5_BPre5_NStem	PossConc3_NPrePre5_BPre5_NStem	PossConc3_NPrePre5_BPre5_NStem	PossConc3_NPrePre5_BPre5_NStem
na_i_tjhuguluko	AdvPre_NPre3_NStem	AdvPre_NPrePre4_NStem	AdvPre_NPre3_NStem	AdvPre_NPrePre4_NStem
lo_u_m_nyango	AdvPre_NPrePre3_BPre3_NStem	AdvPre_NPrePre3_BPre3_BPre3	AdvPre_NPrePre3_BPre3_NStem	Pos1_NPrePre10_NStem
.	Punc	Punc	Punc	Punc
e_u_ku_enz_a_ini	LocPre_NPrePre15_BPre15_VRoot_VerbTerm_LocSuf	LocPre_NPrePre15_BPre15_VRoot_VerbTerm_LocSuf	LocPre_NPrePre15_BPre15_VRoot_VerbTerm_LocSuf	LocPre_NPrePre15_BPre15_VRoot_VerbTerm_LocSuf
u_m_sebenzi	NPrePre3_BPre3_NStem	NPrePre3_BPre3_NStem	NPrePre3_BPre3_NStem	NPrePre3_BPre3_NStem
,	Punc	Punc	Punc	Punc
u_rhulumende	NPrePre1a_NStem	NPrePre1a_NStem	NPrePre1a_NStem	NPrePre1a_NStem
w_e_khaya	PossConc1a_LocPre_NStem	PossConc1a_LocPre_NStem	PossConc1a_LocPre_NStem	PossConc3_NPrePre5_BPre5_NStem
ku_fan_el_e	OC15_VRoot_ApplExt_VerbTerm	OC15_VRoot_ApplExt_VerbTerm	OC15_VRoot_ApplExt_VerbTerm	OC15_VRoot_ApplExt_VerbTerm
a_bamb_is_an_e	RelConc6_VRoot_CausExt_RecipExt_VerbTerm	RelConc6_VRoot_CausExt_RecipExt_VerbTerm	RelConc6_VRoot_CausExt_RecipExt_VerbTerm	RelConc2_VRoot_CausExt_RecipExt_VerbTerm
begodu	Conj	Conj	Conj	Conj
a_hlal_is_e	SC6_VRoot_CausExt_VerbTerm	SC6_VRoot_CausExt_VerbTerm	SC6_VRoot_CausExt_VerbTerm	SC6_VRoot_CausExt_VerbTerm
ku_hle	AdjPref15_AdjStem	AdjPref15_AdjStem	AdjPref15_AdjStem	AdjPref15_AdjStem
a_ma_hlelwayo	NPrePre6_BPre6_NStem	NPrePre6_BPre6_NStem	NPrePre6_BPre6_NStem	NPrePre6_BPre6_NStem
na_a_ma_qhinga	AdvPre_NPrePre6_BPre6_NStem	AdvPre_NPrePre6_BPre6_NStem	AdvPre_NPrePre6_BPre6_NStem	AdvPre_NPrePre6_BPre6_NStem
na_emi_nye	AdvPre_AdjPref4_AdjStem	AdvPre_AdjPref4_AdjStem	AdvPre_AdjPref4_AdjStem	AdvPre_AdjPref4_AdjStem
i_mi_nyango	NPrePre4_BPre4_NStem	NPrePre4_BPre4_NStem	NPrePre4_BPre4_NStem	NPrePre4_BPre4_NStem
ka_rhulumende	PossKA_NStem	PossConc4_NStem	PossKA_NStem	PossKA_NStem
.	Punc	Punc	Punc	Punc
i_fundo_sehlakalwesi	NPrePre9_NStem_NStem	NPrePre9_NStem_NStem	NPrePre9_NStem_NStem	NPrePre4_VRoot_VRoot_VerbTerm
si_phakam_is_a	SC7_VRoot_CausExt_VerbTerm	SC7_VRoot_CausExt_VerbTerm	SC7_VRoot_CausExt_VerbTerm	SC7_VRoot_CausExt_VerbTerm
ama_nye	AdjPref6_AdjStem	AdjPref6_AdjStem	AdjPref6_AdjStem	AdjPref6_AdjStem
wa_a_ma_hlelo	PossConc3_NPrePre6_BPre6_NStem	PossConc1a_LocPre_BPre6_NStem	PossConc3_NPrePre6_BPre6_NStem	PossConc1a_NPrePre6_BPre6_NStem
wa_u_ku_bamb_is_an_a	PossConc3_NPrePre15_BPre15_VRoot_CausExt_RecipExt_VerbTerm	PossConc3_NPrePre15_BPre15_VRoot_CausExt_RecipExt_VerbTerm	PossConc3_NPrePre15_BPre15_VRoot_CausExt_RecipExt_VerbTerm	PossConc6_NPrePre15_BPre15_NStem
a_phekelel_a	RelConc6_VRoot_VerbTerm	SC6_VRoot_VerbTerm	RelConc6_VRoot_VerbTerm	RelConc6_VRoot_VerbTerm
i_kambiso	NPrePre9_NStem	NPrePre9_NStem	NPrePre9_NStem	NPrePre9_NStem
ya_u_ku_buyekez_a	PossConc9_NPrePre15_BPre15_VRoot_VerbTerm	PossConc9_NPrePre15_BPre15_VRoot_VerbTerm	PossConc9_NPrePre15_BPre15_VRoot_VerbTerm	PossConc9_NPrePre15_BPre15_VRoot_VerbTerm
ye_IDP	PossConc9_Abbr	PossConc9_Abbr	PossConc9_Abbr	PossConc9_Abbr
ya_ka_masipala	PossConc4_PossKA_NStem	PossConc4_PossKA_NStem	PossConc4_PossKA_NStem	PossConc4_PossKA_NStem
w_e_si_yingi	PossConc3_LocPre_BPre7_NStem	PossConc1a_LocPre_BPre7_NStem	PossConc3_LocPre_BPre7_NStem	PossConc3_NPrePre7_BPre7_NStem
s_e_nkangala	PossConc7_LocPre_NStem	PossConc7_LocPre_NStem	PossConc7_LocPre_NStem	PossConc7_NStem
.	Punc	Punc	Punc	Punc
a_ba_phathi	NPrePre2_BPre2_NStem	NPrePre2_BPre2_NStem	NPrePre2_BPre2_NStem	NPrePre2_BPre2_NStem
ba_ma_phrojekthi	PossConc2_BPre6_NStem	PossConc2_BPre6_NStem	PossConc2_BPre6_NStem	PossConc2_BPre6_NStem
ba_nga_walandelel_a	CopPre_Pot_VRoot_VerbTerm	SC2_AdvPre_Intrans_VerbTerm	CopPre_Pot_VRoot_VerbTerm	SC2_AdvPre_OC3_Intrans_ApplExt_VerbTerm
njani	Adv	Adv	Adv	Adv
a_ma_phrojekthi	NPrePre6_BPre6_NStem	NPrePre6_BPre6_NStem	NPrePre6_BPre6_NStem	NPrePre6_BPre6_NStem
begodu	Conj	Conj	Conj	Conj
be_ba_qinis_ek_is_e	SC2_PossConc2_VRoot_NeutExt_CausExt_VerbTerm	PossConc2_PossConc2_VRoot_NeutExt_CausExt_VerbTerm	SC2_PossConc2_VRoot_NeutExt_CausExt_VerbTerm	PossConc2_PossConc2_VRoot_NeutExt_CausExt_VerbTerm
kobana	Conj	Conj	Conj	Conj
a_hlal_a	SC1_VRoot_VerbTerm	SC6_VRoot_VerbTerm	SC1_VRoot_VerbTerm	SC6_VRoot_VerbTerm
a_khamb_a	CopPre_VRoot_VerbTerm	SC6_VRoot_VerbTerm	CopPre_VRoot_VerbTerm	RelConc6_VRoot_VerbTerm
nga_i_n_dlela	AdvPre_NPrePre9_BPre9_NStem	AdvPre_NPrePre9_BPre9_NStem	AdvPre_NPrePre9_BPre9_NStem	AdvPre_NPrePre9_BPre9_NStem
e_fanele_ko	RelConc9_NStem_RelSuf	RelConc9_NStem_RelSuf	RelConc9_NStem_RelSuf	RelConc9_NStem_RelSuf
?	Punc	Punc	Punc	Punc
a_ba_hlanganyeli	NPrePre2_BPre2_NStem	NPrePre2_BPre2_NStem	NPrePre2_BPre2_NStem	NPrePre2_BPre2_NStem
ba_sebenz_a	SC2_VRoot_VerbTerm	SC2_VRoot_VerbTerm	SC2_VRoot_VerbTerm	SC2_VRoot_VerbTerm
nge_e_n_qhema	AdvPre_LocPre_NPrePre8_NStem	AdvPre_LocPre_NPrePre8_NStem	AdvPre_LocPre_NPrePre8_NStem	AdvPre_LocPre_NPrePre8_NStem
za_ma_lunga	PossConc8_BPre6_NStem	PossConc8_BPre6_NStem	PossConc8_BPre6_NStem	PossConc8_BPre6_NStem
a_ma_4	NPrePre6_BPre6_Num	NPrePre6_BPre6_Num	NPrePre6_BPre6_Num	NPrePre6_BPre6_Num
u_ku_y_a	NPrePre15_BPre15_VRoot_VerbTerm	NPrePre15_BPre15_VRoot_VerbTerm	NPrePre15_BPre15_VRoot_VerbTerm	NPrePre15_BPre15_VRoot_VerbTerm
kwa_asi_6	PossConc15_RelConc7_Num	PossConc15_NegPre_Num	PossConc15_RelConc7_Num	PossConc15_BPre7_Num
begodu	Conj	Conj	Conj	Conj
ba_tlam_a	SC2_VRoot_VerbTerm	SC2_VRoot_VerbTerm	SC2_VRoot_VerbTerm	SC2_VRoot_VerbTerm
u_m_tlamo	NPrePre3_BPre3_NStem	NPrePre1_BPre1_NStem	NPrePre3_BPre3_NStem	NPrePre1_BPre1_NStem
ka_masipala	PossKA_NStem	PossKA_NStem	PossKA_NStem	PossKA_NStem
wa_u_ku_sebenz_a	PossConc3_NPrePre15_BPre15_VRoot_VerbTerm	PossConc1_NPrePre15_BPre15_VRoot_VerbTerm	PossConc3_NPrePre15_BPre15_VRoot_VerbTerm	PossConc1_NPrePre15_BPre15_VRoot_VerbTerm
.	Punc	Punc	Punc	Punc
u_ku_zi_bandakany_a	NPrePre15_BPre15_OC10_VRoot_VerbTerm	NPrePre15_BPre15_OC10_VRoot_VerbTerm	NPrePre15_BPre15_OC10_VRoot_VerbTerm	NPrePre15_BPre15_OC10_VRoot_VerbTerm
kwa_u_mu_phakathi	PossConc15_NPrePre3_BPre3_NStem	PossConc15_NPrePre3_BPre3_NStem	PossConc15_NPrePre3_BPre3_NStem	PossConc15_NPrePre3_BPre3_NStem
ku_IDP	LocPre_Abbr	BPre15_Abbr	LocPre_Abbr	BPre15_Abbr
ku_enz_a	SC15_VRoot_VerbTerm	OC15_VRoot_VerbTerm	SC15_VRoot_VerbTerm	LocPre_OC3_VRoot_VerbTerm
bo_nyana	BPre2_NStem	BPre2_NStem	BPre2_NStem	BPre2_NStem
i_zi_akhamuzi	NPrePre8_BPre8_NStem	NPrePre8_BPre8_NStem	NPrePre8_BPre8_NStem	NPrePre8_BPre8_NStem
zi_tjhuguluke	Pres_NStem	BPre10_NStem	Pres_NStem	BPre8_NStem
e_ku_be_eni	SC1_OC15_AuxVStem_LocSuf	SC1_OC15_AuxVStem_LocSuf	SC1_OC15_AuxVStem_LocSuf	RelConc9_OC15_AuxVStem_LocSuf
ba_sebenzisi	PossConc1a_NStem	BPre2_NStem	PossConc1a_NStem	SC2_VRoot_CausExt_VerbTerm
be_e_n_setjenziswa	PossConc2a_LocPre_BPre9_NStem	PossConc2_LocPre_BPre3_NStem	PossConc2a_LocPre_BPre9_NStem	PossConc2_LocPre_BPre9_NStem
aba_nga_na_galelo	RelConc2_NegPre_AdvPre_NStem	RelConc2_AdvPre_AdvPre_NStem	RelConc2_NegPre_AdvPre_NStem	RelConc2_NegPre_AdvPre_NStem_NStem
.	Punc	Punc	Punc	Punc
ku_enz_a	SC15_VRoot_VerbTerm	BPre15_VRoot_VerbTerm	SC15_VRoot_VerbTerm	LocPre_OC3_VRoot_VerbTerm
bo_nyana	BPre2_NStem	BPre2_NStem	BPre2_NStem	BPre2_NStem
ba_b_e	SC2_VRoot_VerbTerm	SC2_VRoot_VerbTerm	SC2_VRoot_VerbTerm	SC2_VRoot_VerbTerm
zi_zi_akhamuzi	Pre_BPre8_NStem	AdvPre_BPre8_NStem	Pre_BPre8_NStem	CopPre_BPre8_NStem
ezi_khuthele_ko	RelConc8_NStem_RelSuf	RelConc8_NStem_RelSuf	RelConc8_NStem_RelSuf	RelConc8_NStem_RelSuf
ne_zi_majadu	AdvPre_BPre8_NStem	AdvPre_BPre8_NStem	AdvPre_BPre8_NStem	AdvPre_NPrePre8_BPre8_NStem
ezi_ku_azi	RelConc8_BPre15_NStem	RelConc8_BPre15_NStem	RelConc8_BPre15_NStem	RelConc8_BPre15_NStem
u_ku_hlanganyel_a	NPrePre15_BPre15_VRoot_VerbTerm	NPrePre15_BPre15_VRoot_VerbTerm	NPrePre15_BPre15_VRoot_VerbTerm	NPrePre15_BPre15_VRoot_VerbTerm
e_ku_hlangabez_an_a_ini	RelConc9_BPre15_VRoot_RecipExt_VerbTerm_LocSuf	LocPre_OC15_VRoot_RecipExt_VerbTerm_LocSuf	RelConc9_BPre15_VRoot_RecipExt_VerbTerm_LocSuf	LocPre_BPre15_NStem_LocSuf
na_ma_tjhejontangi	AdvPre_BPre6_NStem	AdvPre_BPre6_NStem	AdvPre_BPre6_NStem	AdvPre_BPre6_NStem
wa_zo	PossConc1_PronStem10	PossConc1_PronStem10	PossConc1_PronStem10	PossConc1_PronStem10
w_e_tuthuko	PossConc1a_LocPre_NStem	PossConc1a_LocPre_NStem	PossConc1a_LocPre_NStem	PossConc1a_LocPre_NStem
.	Punc	Punc	Punc	Punc
u_ku_phatha	NPrePre15_BPre15_NStem	NPrePre15_BPre15_NStem	NPrePre15_BPre15_NStem	NPrePre15_BPre15_VRoot_VerbTerm
u_mu_sebenzi	NPrePre3_BPre3_NStem	NPrePre3_BPre3_NStem	NPrePre3_BPre3_NStem	NPrePre3_BPre3_NStem
si_setjenziswa	BPre3_NStem	BPre7_NStem	BPre3_NStem	SC7_VRoot_CausExt_PassExt_VerbTerm
esi_nga_setjenz_is_w_a	RelConc7_AdvPre_Intrans_CausExt_PassExt_VerbTerm	RelConc7_AdvPre_VRoot_CausExt_PassExt_VerbTerm	RelConc7_AdvPre_Intrans_CausExt_PassExt_VerbTerm	RelConc7_AdvPre_VRoot_CausExt_PassExt_VerbTerm
u_ku_qinis_ek_is_a	NPrePre15_BPre15_VRoot_NeutExt_CausExt_VerbTerm	NPrePre15_BPre15_VRoot_NeutExt_CausExt_VerbTerm	NPrePre15_BPre15_VRoot_NeutExt_CausExt_VerbTerm	NPrePre15_BPre15_VRoot_NeutExt_CausExt_VerbTerm
bona	AbsPron2	AbsPron2	AbsPron2	AbsPron2
u_mu_sebenzi	NPrePre3_BPre3_NStem	NPrePre3_BPre3_NStem	NPrePre3_BPre3_NStem	NPrePre3_BPre3_NStem
we_enz_iw_a	PossConc3_VRoot_PassExt_VerbTerm	PossConc1a_VRoot_PassExt_VerbTerm	PossConc3_VRoot_PassExt_VerbTerm	SC3_VRoot_PassExt_VerbTerm
ku_hle	AdjPref15_AdjStem	AdjPref15_AdjStem	AdjPref15_AdjStem	AdjPref15_AdjStem
na_u_ku_enz_a	AdvPre_NPrePre15_BPre15_VRoot_VerbTerm	AdvPre_NPrePre15_BPre15_VRoot_VerbTerm	AdvPre_NPrePre15_BPre15_VRoot_VerbTerm	AdvPre_NPrePre15_BPre15_VRoot_VerbTerm
ngcono	NStem	NStem	NStem	NStem
i_zinga	NPrePre9_NStem	NPrePre9_NStem	NPrePre9_NStem	NPrePre5_BPre5_NStem
la_u_mu_sebenzi	PossConc5_NPrePre3_BPre3_NStem	PossConc5_NPrePre1_BPre1_NStem	PossConc5_NPrePre3_BPre3_NStem	PossConc5_NPrePre3_BPre1_NStem
e_ku_khiqizo_eni	LocPre_BPre15_NStem_LocSuf	LocPre_BPre15_NStem_LocSuf	LocPre_BPre15_NStem_LocSuf	LocPre_BPre15_NStem_LocSuf
kwa_wo	PossConc15_PronStem3	PossConc15_PronStem3	PossConc15_PronStem3	PossConc15_PronStem3
na_ngo_kwe_zinga	AdvPre_Pot_BPre15_NStem	AdvPre_Pot_BPre15_NStem	AdvPre_Pot_BPre15_NStem	AdvPre_AdvPre_BPre15_NStem
eli_phezulu	RelConc5_NStem	RelConc5_NStem	RelConc5_NStem	RelConc5_NStem
.	Punc	Punc	Punc	Punc
o_kwe_si_thathu	RelConc2_PossConc15_BPre7_NStem	RelConc3_PossConc15_BPre7_NStem	RelConc2_PossConc15_BPre7_NStem	RelConc3_PossConc15_BPre7_NStem
,	Punc	Punc	Punc	Punc
i_zi_nto	NPrePre10_BPre10_NStem	NPrePre10_BPre10_NStem	NPrePre10_BPre10_NStem	NPrePre10_BPre10_NStem
ezi_qakathek_ile_ko	RelConc8_VRoot_Perf_RelSuf	RelConc8_VRoot_Perf_RelSuf	RelConc8_VRoot_Perf_RelSuf	RelConc8_VRoot_Perf_RelSuf
ku_ne_zi_nye	LocPre_AdvPre_BPre8_NStem	LocPre_AdvPre_BPre8_NStem	LocPre_AdvPre_BPre8_NStem	LocPre_AdvPre_BPre8_NStem
ezi_zoku_khulis_a	RelConc10_Fut_VRoot_VerbTerm	RelConc10_Fut_VRoot_VerbTerm	RelConc10_Fut_VRoot_VerbTerm	RelConc10_Fut_VRoot_CausExt_VerbTerm
namkha	Conj	Conj	Conj	Conj
ezi_zo_kw_enz_a	RelConc10_Fut_BPre15_VRoot_VerbTerm	RelConc8_Fut_BPre15_VRoot_VerbTerm	RelConc10_Fut_BPre15_VRoot_VerbTerm	RelConc10_Fut_VRoot_VerbTerm
ngcono	NStem	NStem	NStem	NStem
i_mi_sebenzi	NPrePre4_BPre4_NStem	NPrePre4_BPre4_NStem	NPrePre4_BPre4_NStem	NPrePre4_BPre4_NStem
ku_mel_e	SC15_VRoot_VerbTerm	SC15_VRoot_VerbTerm	SC15_VRoot_VerbTerm	SC15_VRoot_VerbTerm
zi_thath_el_w_e	SC10_VRoot_ApplExt_PassExt_VerbTerm	Pres_VRoot_ApplExt_PassExt_VerbTerm	SC10_VRoot_ApplExt_PassExt_VerbTerm	Pres_NStem
i_si_qunto	NPrePre7_BPre7_NStem	NPrePre7_BPre7_NStem	NPrePre7_BPre7_NStem	NPrePre7_BPre7_NStem
.	Punc	Punc	Punc	Punc
nga_mva	AdvPre_Adv	AdvPre_Adv	AdvPre_Adv	AdvPre_Adv
ko_kwe_thul_a	PossConc15_BPre15_VRoot_VerbTerm	PossConc15_BPre15_VRoot_VerbTerm	PossConc15_BPre15_VRoot_VerbTerm	PossConc15_BPre15_VRoot_VerbTerm
aba_ku_fumene_ko	RelConc2_BPre15_NStem_RelSuf	RelConc2_BPre15_NStem_RelSuf	RelConc2_BPre15_NStem_RelSuf	RelConc2_BPre15_NStem_RelSuf
ki_wo	LocPre_PronStem6	LocPre_PronStem6	LocPre_PronStem6	LocPre_PronStem6
wo_ke	QuantConc3_QuantStem	QuantConc1_QuantStem	QuantConc3_QuantStem	QuantConc1_QuantStem
a_ma_lunga	NPrePre6_BPre6_NStem	NPrePre6_BPre6_NStem	NPrePre6_BPre6_NStem	NPrePre6_BPre6_NStem
,	Punc	Punc	Punc	Punc
ba_hlukan_a	SC2_VRoot_VerbTerm	SC2_VRoot_VerbTerm	SC2_VRoot_VerbTerm	SC2_VRoot_VerbTerm
ba_b_e	SC2_VRoot_VerbTerm	SC2_VRoot_VerbTerm	SC2_VRoot_VerbTerm	SC2_VRoot_VerbTerm
zi_in_qhema	BPre10_BPre8_NStem	BPre10_BPre8_NStem	BPre10_BPre8_NStem	BPre10_BPre8_NStem
ezi_ncazana	RelConc8_NStem	RelConc8_NStem	RelConc8_NStem	RelConc8_NStem
ezi_fana_ko	RelConc8_NStem_RelSuf	RelConc8_NStem_RelSuf	RelConc8_NStem_RelSuf	RelConc8_VRoot_VerbTerm_RelSuf
godu	Ideoph	Ideoph	Ideoph	Ideoph
be_s_e	SC2_VRoot_VerbTerm	SC2_VRoot_VerbTerm	SC2_VRoot_VerbTerm	SC2_VRoot_VerbTerm
u_nik_el_a	SC3_VRoot_ApplExt_VerbTerm	SC3_VRoot_ApplExt_VerbTerm	SC3_VRoot_ApplExt_VerbTerm	SC3_VRoot_ApplExt_VerbTerm
i_si_qhema	NPrePre7_BPre7_NStem	NPrePre7_BPre7_NStem	NPrePre7_BPre7_NStem	NPrePre7_BPre7_NStem
nga_si_nye	AdvPre_BPre7_AdjStem	AdvPre_BPre7_AdjStem	AdvPre_BPre7_AdjStem	AdvPre_BPre7_AdjStem
nge_rhelo	AdvPre_NStem	AdvPre_NStem	AdvPre_NStem	AdvPre_NPre5_NStem
loku_hlol_a	RelConc15_VRoot_VerbTerm	RelConc15_VRoot_VerbTerm	RelConc15_VRoot_VerbTerm	PossConc5_NPrePre15_BPre15_VRoot_VerbTerm
le_i_pahla	PossConc5_NPrePre4_NStem	PossConc5_NPrePre4_NStem	PossConc5_NPrePre4_NStem	AdvPre_NPrePre4_NStem
eli_nga_katlolelwe	RelConc5_AdvPre_NStem	RelConc5_AdvPre_NStem	RelConc5_AdvPre_NStem	RelConc5_NegPre_Intrans_VerbTerm
.	Punc	Punc	Punc	Punc
a_ba_hlanganyeli	NPrePre2_BPre2_NStem	NPrePre2_BPre2_NStem	NPrePre2_BPre2_NStem	NPrePre2_BPre2_NStem
ku_fuz_e	OC15_VRoot_VerbTerm	OC15_VRoot_VerbTerm	OC15_VRoot_VerbTerm	OC15_VRoot_VerbTerm
ba_qedelele	PossConc2_NStem	BPre2_NStem	PossConc2_NStem	SC2_VRoot_IntensExt_VerbTerm
i_rhelo	NPrePre4_NStem	NPrePre4_NStem	NPrePre4_NStem	NPrePre4_NStem
loku_hlol_a	RelConc15_VRoot_VerbTerm	RelConc15_VRoot_VerbTerm	RelConc15_VRoot_VerbTerm	PossConc5_NPrePre15_BPre15_VRoot_VerbTerm
le_si_qhema	AdvPre_BPre7_NStem	PossConc5_BPre7_NStem	AdvPre_BPre7_NStem	AdvPre_BPre7_BPre7
esi_so_dwa	RelConc7_QuantConc1_QuantStem	RelConc7_QuantConc1_QuantStem	RelConc7_QuantConc1_QuantStem	RelConc7_QuantConc1_QuantStem
s_e_hlalakuhle	PossConc7_LocPre_NStem	PossConc7_LocPre_NStem	PossConc7_LocPre_NStem	PossConc7_LocPre_NStem
e_wad_ini	LocPre_NStem_LocSuf	LocPre_NStem_LocSuf	LocPre_NStem_LocSuf	LocPre_NStem_LocSuf
labo	Dem2_Pos2		Dem2_Pos2	
.	Punc	Punc	Punc	Punc
u_ku_jam_is_w_a	NPrePre15_BPre15_VRoot_CausExt_PassExt_VerbTerm	NPrePre15_BPre15_VRoot_CausExt_PassExt_VerbTerm	NPrePre15_BPre15_VRoot_CausExt_PassExt_VerbTerm	NPrePre15_BPre15_VRoot_CausExt_PassExt_VerbTerm
kwa_u_mu_khandlu	PossConc15_NPrePre3_BPre3_NStem	PossConc15_NPrePre3_BPre3_NStem	PossConc15_NPrePre3_BPre3_NStem	PossConc15_NPrePre3_BPre3_NStem
we_si_yingi	PossConc3_BPre7_NStem	PossConc6_BPre7_NStem	PossConc3_BPre7_NStem	PossConc3_NPrePre7_BPre7_NStem
w_e_AIDS	PossConc3_LocPre_Abbr	PossConc6_LocPre_Abbr	PossConc3_LocPre_Abbr	PossConc3_LocPre_Foreign
.	Punc	Punc	Punc	Punc
i_si_thunzi	NPrePre7_BPre7_NStem	NPrePre7_BPre7_NStem	NPrePre7_BPre7_NStem	NPrePre7_BPre7_NStem
-	Punc	Punc	Punc	Punc
u_ku_hlangany_el_a	NPrePre15_BPre15_VRoot_ApplExt_VerbTerm	NPrePre15_BPre15_VRoot_ApplExt_VerbTerm	NPrePre15_BPre15_VRoot_ApplExt_VerbTerm	NPrePre15_BPre15_VRoot_VerbTerm
na_ba_bambisani	AdvPre_BPre2_NStem	AdvPre_BPre2_NStem	AdvPre_BPre2_NStem	AdvPre_BPre2_NStem
bo_ke	QuantConc2_QuantStem	QuantConc2_QuantStem	QuantConc2_QuantStem	QuantConc2_QuantStem
ku_fan_el_e	OC15_VRoot_ApplExt_VerbTerm	OC15_VRoot_ApplExt_VerbTerm	OC15_VRoot_ApplExt_VerbTerm	OC15_VRoot_ApplExt_VerbTerm
ku_nzinz_e	CopPre_VRoot_VerbTerm	OC15_VRoot_VerbTerm	CopPre_VRoot_VerbTerm	BPre15_VRoot_VerbTerm
e_ku_hloniphana_eni	RelConc15_BPre15_NStem_LocSuf	LocPre_BPre15_NStem_LocSuf	RelConc15_BPre15_NStem_LocSuf	LocPre_BPre15_NStem_LocSuf
,	Punc	Punc	Punc	Punc
e_ku_linganeni	RelConc15_BPre15_NStem	LocPre_BPre15_NStem	RelConc15_BPre15_NStem	LocPre_NPrePre15_BPre15_VRoot_LocSuf
ne_si_thunz_ini	AdvPre_BPre7_NStem_LocSuf	AdvPre_BPre7_NStem_LocSuf	AdvPre_BPre7_NStem_LocSuf	AdvPre_NPrePre7_BPre7_NStem_LocSuf
.	Punc	Punc	Punc	Punc
u_meya	NPrePre1_NStem	NPrePre1a_NStem	NPrePre1_NStem	NPrePre3_BPre3_NStem
uMathabo	ProperName	ProperName	ProperName	NPrePre1_BPre6_NStem
Leeto	ProperName	ProperName	ProperName	PossConc5_NStem
wa_ku_masipala	PossConc1a_LocPre_NStem	PossConc1a_LocPre_NStem	PossConc1a_LocPre_NStem	PossConc1a_LocPre_NStem
w_e_matjhabeng	PossConc1a_LocPre_NStem	PossConc3_LocPre_NStem	PossConc1a_LocPre_NStem	PossConc3_BPre6_NStem
nga_free	AdvPre_NStem	AdvPre_EnumStem	AdvPre_NStem	NegPre_NStem
state	Foreign	Foreign	Foreign	Foreign
w_a_ngena	PossConc1a_LocPre_NStem	PossConc1a_LocPre_NStem	PossConc1a_LocPre_NStem	PossConc1a_NStem
e_ofisi_ini	LocPre_NStem_LocSuf	LocPre_NStem_LocSuf	LocPre_NStem_LocSuf	LocPre_NStem_LocSuf
nga_i_n_nyanga	AdvPre_NPrePre9_BPre9_NStem	AdvPre_NPrePre9_BPre9_NStem	AdvPre_NPrePre9_BPre9_NStem	AdvPre_NPrePre9_BPre9_NStem
ka_Ntaka	PossKA_ProperName	AdvPre_ProperName	PossKA_ProperName	Conj
nga_2006	AdvPre_Num	AdvPre_Num	AdvPre_Num	AdvPre_Num
.	Punc	Punc	Punc	Punc
lokha	Conj	Conj	Conj	Conj
na_ka_ngena	AdvPre_LocPre_NStem	AdvPre_ExclNeg_NStem	AdvPre_LocPre_NStem	AdvPre_NStem
e_ofisi_ini	LocPre_NStem_LocSuf	LocPre_NStem_LocSuf	LocPre_NStem_LocSuf	LocPre_NStem_LocSuf
u_masipala	NPrePre1a_NStem	NPrePre1a_NStem	NPrePre1a_NStem	NPrePre1a_NStem
be_ka_kolod_a	SC2_Pres_Intrans_VerbTerm	PossConc2_AdvPre_Intrans_VerbTerm	SC2_Pres_Intrans_VerbTerm	PossConc2_AdvPre_Intrans_VerbTerm
i_mali	NPrePre9_NStem	NPrePre9_NStem	NPrePre9_NStem	NPrePre9_NStem
e_nengi	AdjPref9_AdjStem	AdjPref9_AdjStem	AdjPref9_AdjStem	AdjPref9_AdjStem
ya_a_manzi	PossConc4_NPre6_NStem	PossConc9_NPrePre6_NStem	PossConc4_NPre6_NStem	PossConc1a_NStem
ku_sedibeng	BPre15_NStem	BPre15_NStem	BPre15_NStem	BPre15_NStem
water	Foreign	Foreign	Foreign	PossConc3_NStem
.	Punc	Punc	Punc	Punc
nga_phambi	AdvPre_Adv	AdvPre_Adv	AdvPre_Adv	AdvPre_Adv
kobana	Conj	Conj	Conj	Conj
ku_dlul_e	OC15_VRoot_VerbTerm	OC15_VRoot_VerbTerm	OC15_VRoot_VerbTerm	OC15_VRoot_VerbTerm
i_i_nyanga	NPrePre10_BPre10_NStem	NPrePre4_BPre4_NStem	NPrePre10_BPre10_NStem	NPrePre10_BPre8_NStem
ezi_nga_ki	RelConc10_AdvPre_Interrog	RelConc8_AdvPre_Adv	RelConc10_AdvPre_Interrog	RelConc8_NStem
a_ngen_ile	RelConc6_VRoot_Perf	RelConc6_VRoot_Perf	RelConc6_VRoot_Perf	RelConc6_VRoot_Perf
i_si_kolodo	NPrePre7_BPre7_NStem	NPrePre7_BPre7_NStem	NPrePre7_BPre7_NStem	NPrePre7_BPre7_NStem
sa_bhadalwa	PossConc1a_NStem	PossConc1a_NStem	PossConc1a_NStem	PossConc1a_VRoot_PassExt_VerbTerm
.	Punc	Punc	Punc	Punc
nga_phandle	AdvPre_Adv	AdvPre_Adv	AdvPre_Adv	AdvPre_Adv
kwe_akhawundi	PossConc15_NStem	PossConc15_NStem	PossConc15_NStem	PossConc15_NStem
le	Dem4_Pos1		Dem4_Pos1	
i_akhawundi	NPrePre5_NStem	NPrePre4_NStem	NPrePre5_NStem	NPrePre4_NStem
ka_masipala	PossKA_NStem	PossKA_NStem	PossKA_NStem	PossKA_NStem
yo_m_tato	PossConc9_BPre3_NStem	PossConc4_BPre10_NStem	PossConc9_BPre3_NStem	PossConc9_NPrePre4_BPre4_NStem
na_yo	AdvPre_PronStem9	AdvPre_PronStem9	AdvPre_PronStem9	AdvPre_PronStem4
i_ab_e	SC9_VRoot_VerbTerm	SC9_VRoot_VerbTerm	SC9_VRoot_VerbTerm	PossConc9_AuxVStem
i_phezulu	BPre5_NStem	NPrePre4_NStem	BPre5_NStem	NPrePre4_NStem
tle	Ideoph	NStem	Ideoph	NStem
ka_nye	AdvPre_AdjStem	AdvPre_AdjStem	AdvPre_AdjStem	AdvPre_AdjStem
na_ukungabhadalwa	AdvPre_NStem	AdvPre_NStem	AdvPre_NStem	AdvPre_NPrePre15_BPre15_AdvPre_VRoot_PassExt_VerbTerm
ku_buthelel_a	OC15_VRoot_VerbTerm	BPre15_VRoot_VerbTerm	OC15_VRoot_VerbTerm	SC15_OC14_VRoot_VerbTerm
i_inkolodo	NPrePre4_NStem	NPrePre4_NStem	NPrePre4_NStem	NPrePre4_NStem
o_kwa_bangel_a	RelConc9_PossConc15_VRoot_VerbTerm	SC3_SC15_VRoot_VerbTerm	RelConc9_PossConc15_VRoot_VerbTerm	SC3_OC15_VRoot_VerbTerm
bona	AbsPron2	AbsPron2	AbsPron2	AbsPron2
u_masipala	NPrePre1a_NStem	NPrePre1a_NStem	NPrePre1a_NStem	NPrePre1a_NStem
a_tlhagel_e	RelConc1a_Intrans_VerbTerm	RelConc6_Intrans_VerbTerm	RelConc1a_Intrans_VerbTerm	RelConc6_Intrans_VerbTerm
u_ku_bhadala	NPrePre15_BPre15_NStem	NPrePre15_BPre15_NStem	NPrePre15_BPre15_NStem	NPrePre15_BPre15_NStem
a_ma_akhawundakhe	NPrePre6_BPre6_NStem	NPrePre6_BPre6_NStem	NPrePre6_BPre6_NStem	NPrePre6_BPre6_NStem
.	Punc	Punc	Punc	Punc
i_meya	NPrePre5_NStem	NPrePre1a_NStem	NPrePre5_NStem	SC9_VRoot_VerbTerm
y_a_hloma	PossConc1a_LocPre_NStem	PossConc4_LocPre_NStem	PossConc1a_LocPre_NStem	PossConc9_LocPre_NStem
i_komidi	NPrePre4_NStem	NPrePre4_NStem	NPrePre4_NStem	NPrePre4_NStem
e_qal_a	RelConc4_VRoot_VerbTerm	RelConc9_VRoot_VerbTerm	RelConc4_VRoot_VerbTerm	RelConc9_VRoot_VerbTerm
i_i_n_kolodo	NPrePre4_NPrePre8_BPre8_NStem	NPrePre8_NPrePre8_BPre8_NStem	NPrePre4_NPrePre8_BPre8_NStem	NPrePre4_NStem
na_i_revenyu	AdvPre_NPre5_NStem	AdvPre_NPrePre5_NStem	AdvPre_NPre5_NStem	AdvPre_NStem
e_hlangan_a	RelConc5_VRoot_VerbTerm	RelConc9_VRoot_VerbTerm	RelConc5_VRoot_VerbTerm	LocPre_NPrePre5_BPre5_NStem
qobe	Adv	Adv	Adv	VRoot_VerbTerm
yi_veke	CopPre_NStem	CopPre_NStem	CopPre_NStem	CopPre_NStem
be_s_e	SC2_VRoot_VerbTerm	SC2_VRoot_VerbTerm	SC2_VRoot_VerbTerm	SC2_VRoot_VerbTerm
i_nikel_a	SC9_VRoot_VerbTerm	SC5_VRoot_VerbTerm	SC9_VRoot_VerbTerm	SC5_VRoot_VerbTerm
i_mi_biko	NPrePre4_BPre4_NStem	NPrePre4_BPre4_NStem	NPrePre4_BPre4_NStem	NPrePre4_BPre4_NStem
nga_i_n_mali	AdvPre_NPrePre9_BPre9_NStem	AdvPre_NPrePre9_BPre9_NStem	AdvPre_NPrePre9_BPre9_NStem	AdvPre_NPrePre9_BPre9_NStem
e_ngena_ko	LocPre_NStem_RelSuf	LocPre_NStem_RelSuf	LocPre_NStem_RelSuf	LocPre_NStem_RelSuf
na_phuma_ko	AdvPre_NStem_RelSuf	AdvPre_NStem_RelSuf	AdvPre_NStem_RelSuf	AdvPre_NPre9_NStem
ku_masipala	LocPre_NStem	LocPre_NStem	LocPre_NStem	LocPre_NStem
be_godu	PossConc14_NStem	PossConc14_NStem	PossConc14_NStem	Conj
ne_e_n_ndawo	AdvPre_LocPre_BPre9_NStem	AdvPre_LocPre_BPre9_NStem	AdvPre_LocPre_BPre9_NStem	AdvPre_LocPre_BPre9_NStem
ezi_bogaboga_ko	RelConc10_NStem_RelSuf	RelConc8_NStem_RelSuf	RelConc10_NStem_RelSuf	RelConc8_NStem
e_u_mu_sebenzi_ini	LocPre_NPrePre3_BPre3_NStem_LocSuf	LocPre_NPrePre3_BPre3_NStem_LocSuf	LocPre_NPrePre3_BPre3_NStem_LocSuf	LocPre_NPrePre3_BPre3_NStem_LocSuf
ka_masipala	PossKA_NStem	PossKA_NStem	PossKA_NStem	PossKA_NStem
na_kw_enz_el_en_i	AdvPre_BPre15_VRoot_ApplExt_RecipExt_VerbTerm	AdvPre_BPre15_VRoot_ApplExt_RecipExt_VerbTerm	AdvPre_BPre15_VRoot_ApplExt_RecipExt_VerbTerm	AdvPre_BPre15_NStem_LocSuf
a_ba_ntu	NPrePre2_BPre2_NStem	NPrePre2_BPre2_NStem	NPrePre2_BPre2_NStem	NPrePre2_BPre2_NStem
i_mi_sebenzi	NPrePre4_BPre4_NStem	NPrePre4_BPre4_NStem	NPrePre4_BPre4_NStem	NPrePre4_BPre4_NStem
.	Punc	Punc	Punc	Punc
njenga_omu_bana	AdvPre_AdjPref1_AdjStem	AdvPre_AdjPref1_AdjStem	AdvPre_AdjPref1_AdjStem	AdvPre_AdjPref1_AdjStem
u_masipala	NPrePre1a_NStem	NPrePre1a_NStem	NPrePre1a_NStem	NPrePre1a_NStem
u_ne_lu_azi	NPrePre1a_AdvPre_BPre11_NStem	NPrePre11_AdvPre_BPre11_NStem	NPrePre1a_AdvPre_BPre11_NStem	NPrePre3_AdvPre_NStem
eli_ncani	AdjPref5_AdjStem	RelConc5_NStem	AdjPref5_AdjStem	RelConc5_NStem
nga_zi_akhamuzi	AdvPre_BPre8_NStem	AdvPre_BPre8_NStem	AdvPre_BPre8_NStem	AdvPre_NPrePre8_BPre8_NStem
za_ka_masipala	PossConc8_PossKA_NStem	PossConc10_PossKA_NStem	PossConc8_PossKA_NStem	PossConc10_PossKA_NStem
,	Punc	Punc	Punc	Punc
i_lu_azi	BPre9_BPre11_NStem	BPre9_BPre11_NStem	BPre9_BPre11_NStem	BPre9_BPre11_NStem
loku_buthelela	RelConc15_NStem	RelConc15_NStem	RelConc15_NStem	RelConc15_VRoot_VerbTerm
i_phrojekthi	NPrePre5_NStem	NPrePre5_NStem	NPrePre5_NStem	NPrePre5_NStem
na_lo	AdvPre_PronStem5	AdvPre_PronStem5	AdvPre_PronStem5	AdvPre_PronStem5
li_ya_thuthuk_is_w_a	BPre5_Pres_VRoot_CausExt_PassExt_VerbTerm	SC5_Pres_VRoot_CausExt_PassExt_VerbTerm	BPre5_Pres_VRoot_CausExt_PassExt_VerbTerm	SC5_Pres_VRoot_CausExt_PassExt_VerbTerm
ukuze	Conj	Conj	Conj	Conj
u_masipala	NPrePre1a_NStem	NPrePre1a_NStem	NPrePre1a_NStem	NPrePre1a_NStem
a_b_e	SC1a_VRoot_VerbTerm	RelConc6_VRoot_VerbTerm	SC1a_VRoot_VerbTerm	RelConc6_VRoot_VerbTerm
na_u_mu_bono	AdvPre_NPre3_BPre3_NStem	AdvPre_NPre3_BPre3_NStem	AdvPre_NPre3_BPre3_NStem	AdvPre_NPre3_BPre3_NStem
o_ngcono	RelConc3_NStem	RelConc3_NStem	RelConc3_NStem	RelConc3_NStem
wo_kobana	PossConc3_NStem	PossConc3_NStem	PossConc3_NStem	PossConc3_NStem
zi_zi_ndlu	CopPre_BPre10_NStem	Pres_BPre8_NStem	CopPre_BPre10_NStem	BPre10_BPre10_NStem
ezi_nga_ki	RelConc10_AdvPre_Interrog	RelConc8_AdvPre_RelSuf	RelConc10_AdvPre_Interrog	RelConc8_NStem
ezi_tlhoga	RelConc10_NStem	RelConc8_NStem	RelConc10_NStem	RelConc8_NStem
a_manzi	NPrePre6_NStem	NPrePre6_NStem	NPrePre6_NStem	NPrePre6_NStem
na_i_gezi	AdvPre_NPre9_NStem	AdvPre_NPre5_NStem	AdvPre_NPre9_NStem	AdvPre_NStem
nokobana	Conj	Conj	Conj	Conj
i_mi_sebenzi	NPrePre4_BPre4_NStem	NPrePre4_BPre4_NStem	NPrePre4_BPre4_NStem	NPrePre4_BPre4_NStem
e_tlhogek_a_ko	RelConc4_Intrans_VerbTerm_RelSuf	RelConc4_Intrans_VerbTerm_RelSuf	RelConc4_Intrans_VerbTerm_RelSuf	RelConc4_Intrans_VerbTerm_RelSuf
ngimiphi	Interrog	Interrog	Interrog	Interrog
.	Punc	Punc	Punc	Punc
u_th_i	SC1_VRoot_VerbTerm	SC3_VRoot_VerbTerm	SC1_VRoot_VerbTerm	SC3_VRoot_VerbTerm
i_n_tho	NPrePre9_BPre9_NStem	NPrePre9_BPre9_NStem	NPrePre9_BPre9_NStem	NPrePre9_BPre9_NStem
e_qakathek_ile_ko	RelConc9_VRoot_Perf_RelSuf	RelConc9_VRoot_Perf_RelSuf	RelConc9_VRoot_Perf_RelSuf	RelConc9_VRoot_Perf_RelSuf
e_yi_enz_a	RelConc4_OC4_VRoot_VerbTerm	RelConc4_OC4_VRoot_VerbTerm	RelConc4_OC4_VRoot_VerbTerm	RelConc4_OC4_VRoot_VerbTerm
bona	AbsPron2	AbsPron2	AbsPron2	AbsPron2
a_qed_e	RelConc6_VRoot_VerbTerm	RelConc6_VRoot_VerbTerm	RelConc6_VRoot_VerbTerm	RelConc6_VRoot_VerbTerm
i_in_hloso	NPrePre8_BPre8_NStem	NPrePre10_BPre10_NStem	NPrePre8_BPre8_NStem	NPrePre10_BPre10_NStem
za_khe	PossConc10_PronStem1	PossConc10_PronStem1	PossConc10_PronStem1	PossConc10_PronStem1
yi_n_dlela	CopPre_BPre9_NStem	CopPre_BPre9_NStem	CopPre_BPre9_NStem	CopPre_BPre9_NStem
yo_ku_tjhinga	PossConc9_BPre15_NStem	PossConc9_BPre15_NStem	PossConc9_BPre15_NStem	PossConc4_BPre15_NStem
phasi	Adv	Adv	Adv	BPre16_NStem
e_ba_ntu_ini	LocPre_BPre2_NStem_LocSuf	LocPre_BPre2_NStem_LocSuf	LocPre_BPre2_NStem_LocSuf	LocPre_BPre2_NStem_LocSuf
.	Punc	Punc	Punc	Punc
u_mu_thetho	NPrePre3_BPre3_NStem	NPrePre3_BPre3_NStem	NPrePre3_BPre3_NStem	NPrePre3_BPre3_NStem
wa_ka_masipala	PossConc1a_PossKA_NStem	PossConc1a_PossKA_NStem	PossConc1a_PossKA_NStem	PossConc1a_PossKA_NStem
wa_u_ku_lingan_is_w_a	PossConc6_NPrePre15_BPre15_VRoot_CausExt_PassExt_VerbTerm	PossConc1a_NPrePre15_BPre15_VRoot_CausExt_PassExt_VerbTerm	PossConc6_NPrePre15_BPre15_VRoot_CausExt_PassExt_VerbTerm	PossConc3_NPrePre15_BPre15_NStem
kwe_phahl_a	PossConc15_VRoot_VerbTerm	SC15_Intrans_VerbTerm	PossConc15_VRoot_VerbTerm	SC15_Intrans_VerbTerm
u_hlahla	NPrePre1a_NStem	NPrePre1a_NStem	NPrePre1a_NStem	NPrePre1a_NStem
abo_masipala	RelConc2a_NStem	RelConc2a_NStem	RelConc2a_NStem	RelConc2a_NStem
Kobona	Conj	Conj	Conj	Conj
ba_nga_bek_a	SC2_AdvPre_VRoot_VerbTerm	SC2_AdvPre_VRoot_VerbTerm	SC2_AdvPre_VRoot_VerbTerm	SC2_AdvPre_VRoot_NeutExt_VerbTerm
njani	Adv	Adv	Adv	Adv
i_inlinganiso	NPrePre4_NStem	NPrePre4_NStem	NPrePre4_NStem	NPrePre4_NStem
(	Punc	Punc	Punc	Punc
i_n_tela	NPrePre8_BPre8_NStem	NPrePre9_BPre9_NStem	NPrePre8_BPre8_NStem	NPrePre9_BPre9_NStem
ye_pahla	PossConc9_NStem	PossConc9_NStem	PossConc9_NStem	PossConc9_NStem
)	Punc	Punc	Punc	Punc
e_e_n_ndawo_eni	RelConc9_LocPre_BPre9_NStem_LocSuf	RelConc9_LocPre_BPre9_NStem_LocSuf	RelConc9_LocPre_BPre9_NStem_LocSuf	RelConc9_LocPre_BPre9_NStem_LocSuf
za_bo	PossConc10_PronStem2	PossConc10_PronStem2	PossConc10_PronStem2	PossConc10_PronStem2
.	Punc	Punc	Punc	Punc
u_mu_thetho	NPrePre3_BPre3_NStem	NPrePre3_BPre3_NStem	NPrePre3_BPre3_NStem	NPrePre3_BPre3_NStem
u_nqophe	NPrePre1a_NStem	NPrePre1a_NStem	NPrePre1a_NStem	NPrePre1a_NStem
u_ku_enz_a	NPrePre15_BPre15_VRoot_VerbTerm	NPrePre15_BPre15_VRoot_VerbTerm	NPrePre15_BPre15_VRoot_VerbTerm	NPrePre15_BPre15_VRoot_VerbTerm
i_in_dlela	NPrePre10_NPre10_NStem	NPrePre10_NPre10_NStem	NPrePre10_NPre10_NStem	NPrePre10_NPre10_NStem
za_u_ku_bek_a	PossConc10_NPrePre15_BPre15_VRoot_VerbTerm	PossConc10_NPrePre15_BPre15_VRoot_VerbTerm	PossConc10_NPrePre15_BPre15_VRoot_VerbTerm	PossConc8_BPre15_NStem
i_n_thengo	NPrePre9_BPre9_NStem	NPrePre9_BPre9_NStem	NPrePre9_BPre9_NStem	NPrePre9_BPre9_NStem
e_i_phahla_ini	LocPre_NPrePre9_NStem_LocSuf	LocPre_NPrePre9_NStem_LocSuf	LocPre_NPrePre9_NStem_LocSuf	LocPre_NStem_LocSuf
nga_u_ku_m_nqopho	AdvPre_NPrePre15_BPre15_BPre3_NStem	AdvPre_NPrePre15_BPre15_BPre3_NStem	AdvPre_NPrePre15_BPre15_BPre3_NStem	AdvPre_NPrePre15_BPre15_BPre3_NStem
wa_u_ku_bek_a	PossConc1_NPrePre15_BPre15_VRoot_VerbTerm	PossConc3_NPrePre15_BPre15_VRoot_VerbTerm	PossConc1_NPrePre15_BPre15_VRoot_VerbTerm	PossConc3_NPrePre15_BPre15_VRoot_VerbTerm
i_inlinganiso	NPrePre4_NStem	NPrePre4_NStem	NPrePre4_NStem	NPrePre4_NStem
ezi_fan_el_e_ko	RelConc8_VRoot_ApplExt_VerbTerm_RelSuf	RelConc8_VRoot_ApplExt_VerbTerm_RelSuf	RelConc8_VRoot_ApplExt_VerbTerm_RelSuf	RelConc8_VRoot_ApplExt_VerbTerm_RelSuf
ka_nye	AdvPre_AdjStem	AdvPre_AdjStem	AdvPre_AdjStem	AdvPre_AdjStem
ne_zi_lingenek_o	AdvPre_SC8_VRoot_VerbTerm	AdvPre_SC8_VRoot_VerbTerm	AdvPre_SC8_VRoot_VerbTerm	AdvPre_BPre8_NStem_RelSuf
.	Punc	Punc	Punc	Punc
u_ku_hlunga	NPrePre15_BPre15_NStem	NPrePre15_BPre15_NStem	NPrePre15_BPre15_NStem	NPrePre15_BPre15_NStem
i_phrojekthi	NPrePre5_NStem	NPrePre5_NStem	NPrePre5_NStem	NPrePre5_NStem
-	Punc	Punc	Punc	Punc
u_ku_tjheja	NPrePre15_BPre15_NStem	NPrePre15_BPre15_NStem	NPrePre15_BPre15_NStem	NPrePre15_BPre15_NStem
begodu	Conj	Conj	Conj	Conj
na_u_ku_buyekez_a	AdvPre_NPrePre15_BPre15_VRoot_VerbTerm	AdvPre_NPrePre15_BPre15_VRoot_VerbTerm	AdvPre_NPrePre15_BPre15_VRoot_VerbTerm	AdvPre_NPrePre15_BPre15_VRoot_VerbTerm
u_ku_sebenzis_a	NPrePre15_BPre15_VRoot_VerbTerm	NPrePre15_BPre15_VRoot_VerbTerm	NPrePre15_BPre15_VRoot_VerbTerm	NPrePre15_BPre15_VRoot_VerbTerm
i_in_komba	NPrePre10_NPre10_NStem	NPrePre10_NPre10_NStem	NPrePre10_NPre10_NStem	NPrePre10_NPre10_NStem
ezi_kheth_w_e	RelConc10_VRoot_PassExt_VerbTerm	RelConc10_VRoot_PassExt_VerbTerm	RelConc10_VRoot_PassExt_VerbTerm	RelConc10_VRoot_PassExt_VerbTerm
nga_phambili	AdvPre_Adv	AdvPre_Adv	AdvPre_Adv	AdvPre_Adv
u_ku_bek_a	NPrePre15_BPre15_VRoot_VerbTerm	NPrePre15_BPre15_VRoot_VerbTerm	NPrePre15_BPre15_VRoot_VerbTerm	NPrePre15_BPre15_VRoot_VerbTerm
bo_nyana	BPre2_NStem	BPre2_NStem	BPre2_NStem	BPre2_NStem
i_phrojekthi	NPrePre5_NStem	NPrePre5_NStem	NPrePre5_NStem	NPrePre5_NStem
ku_mel_e	SC15_VRoot_VerbTerm	SC15_VRoot_VerbTerm	SC15_VRoot_VerbTerm	SC15_VRoot_VerbTerm
i_ragele	NPrePre4_NStem	NPrePre4_NStem	NPrePre4_NStem	NPrePre4_NStem
njani	Adv	Adv	Adv	Adv
phambili	Adv	Adv	Adv	Adv
,	Punc	Punc	Punc	Punc
ngiziphi	Interrog	Interrog	Interrog	Interrog
i_in_tjhijilo	NPrePre8_NPre8_NStem	NPrePre8_NPre8_NStem	NPrePre8_NPre8_NStem	NPrePre8_NPre8_NStem
e_sel_e	RelConc4_VRoot_VerbTerm	RelConc4_VRoot_VerbTerm	RelConc4_VRoot_VerbTerm	RelConc4_VRoot_VerbTerm
zi_velile	BPre10_NStem	Pres_NStem	BPre10_NStem	Pres_NStem
,	Punc	Punc	Punc	Punc
begodu	Conj	Conj	Conj	Conj
nokobana	Conj	Conj	Conj	Conj
u_ku_enz_iw_a	NPrePre15_BPre15_VRoot_PassExt_VerbTerm	NPrePre15_BPre15_VRoot_PassExt_VerbTerm	NPrePre15_BPre15_VRoot_PassExt_VerbTerm	NPrePre15_BPre15_VRoot_PassExt_VerbTerm
kwa_u_mu_sebenzi	PossConc15_NPrePre3_BPre3_NStem	PossConc15_NPrePre3_BPre3_NStem	PossConc15_NPrePre3_BPre3_NStem	PossConc15_NPrePre3_BPre3_NStem
ku_mel_e	SC15_VRoot_VerbTerm	SC15_VRoot_VerbTerm	SC15_VRoot_VerbTerm	SC15_VRoot_VerbTerm
ku_hlaliswe	BPre15_NStem	BPre15_NStem	BPre15_NStem	BPre15_VRoot_CausExt_PassExt_VerbTerm
njani	Adv	Adv	Adv	Adv
ku_hle	AdjPref15_AdjStem	AdjPref15_AdjStem	AdjPref15_AdjStem	AdjPref15_AdjStem
.	Punc	Punc	Punc	Punc
nangabe	Conj	Conj	Conj	Conj
u_masipala	NPrePre1a_NStem	NPrePre1a_NStem	NPrePre1a_NStem	NPrePre1a_NStem
u_ding_a	SC6_VRoot_VerbTerm	SC1_VRoot_VerbTerm	SC6_VRoot_VerbTerm	SC3_VRoot_VerbTerm
u_ku_tjheja	NPrePre15_BPre15_NStem	NPrePre15_BPre15_NStem	NPrePre15_BPre15_NStem	NPrePre15_BPre15_NStem
u_ku_akh_iw_a	NPrePre15_BPre15_VRoot_PassExt_VerbTerm	NPrePre15_BPre15_VRoot_PassExt_VerbTerm	NPrePre15_BPre15_VRoot_PassExt_VerbTerm	NPrePre15_BPre15_VRoot_PassExt_VerbTerm
kwa_i_li_qhinga	PossConc15_NPrePre5_BPre5_NStem	PossConc15_NPrePre5_BPre5_NStem	PossConc15_NPrePre5_BPre5_NStem	PossConc15_NPrePre5_BPre5_NStem
le_HIV	Dem4_Pos1_Abbr	Abbr	Dem4_Pos1_Abbr	PronStem1
/	Punc	Punc	Punc	Punc
AIDS	Abbr	Abbr	Abbr	Foreign
i_hlelo	NPrePre9_NStem	NPrePre9_NStem	NPrePre9_NStem	NPrePre9_NStem
eli_phumelel_is_a_ko	RelConc5_VRoot_CausExt_VerbTerm_RelSuf	RelConc5_VRoot_CausExt_VerbTerm_RelSuf	RelConc5_VRoot_CausExt_VerbTerm_RelSuf	RelConc5_VRoot_CausExt_VerbTerm_RelSuf
le_HIV	Dem4_Pos1_Abbr	AdvPre_Abbr	Dem4_Pos1_Abbr	Pos1
/	Punc	Punc	Punc	Punc
AIDS	Abbr	Abbr	Abbr	Foreign
li_dinga	BPre5_NStem	BPre5_NStem	BPre5_NStem	NStem
u_ku_hlangany_el_a	NPrePre15_BPre15_VRoot_ApplExt_VerbTerm	NPrePre15_BPre15_VRoot_ApplExt_VerbTerm	NPrePre15_BPre15_VRoot_ApplExt_VerbTerm	NPrePre15_BPre15_VRoot_VerbTerm
kwa_i_li_qhinga	PossConc15_NPrePre5_BPre5_NStem	PossConc15_NPrePre5_BPre5_NStem	PossConc15_NPrePre5_BPre5_NStem	PossConc15_NPrePre5_BPre5_NStem
ka_nye	AdvPre_AdjStem	AdvPre_AdjStem	AdvPre_AdjStem	AdvPre_AdjStem
na_u_ku_bamb_is_an_a	AdvPre_NPrePre15_BPre15_VRoot_CausExt_RecipExt_VerbTerm	AdvPre_NPrePre15_BPre15_VRoot_CausExt_RecipExt_VerbTerm	AdvPre_NPrePre15_BPre15_VRoot_CausExt_RecipExt_VerbTerm	AdvPre_NPrePre15_BPre15_VRoot_CausExt_PassExt_VerbTerm
ka_nye	AdvPre_AdjStem	AdvPre_AdjStem	AdvPre_AdjStem	AdvPre_AdjStem
ne_sekelo	AdvPre_NStem	AdvPre_NStem	AdvPre_NStem	AdvPre_NStem
la_a_ba_hlanganyeli	PossConc2_NPrePre2_BPre2_NStem	PossConc2_NPrePre2_BPre2_NStem	PossConc2_NPrePre2_BPre2_NStem	PossConc2_NPrePre2_BPre2_NStem
bo_ke	QuantConc2_QuantStem	QuantConc2_QuantStem	QuantConc2_QuantStem	QuantConc2_QuantStem
.	Punc	Punc	Punc	Punc
i_khansela	NPrePre4_NStem	NPrePre4_NStem	NPrePre4_NStem	NPrePre4_NStem
i_nga_jam_is_a	SC9_AdvPre_VRoot_CausExt_VerbTerm	SC9_AdvPre_VRoot_CausExt_VerbTerm	SC9_AdvPre_VRoot_CausExt_VerbTerm	SC9_AdvPre_VRoot_CausExt_VerbTerm
i_foramu	NPrePre4_NStem	NPrePre5_NStem	NPrePre4_NStem	NPrePre5_NStem
na_ba_dlaliindima	AdvPre_BPre2_NStem	AdvPre_BPre2_NStem	AdvPre_BPre2_NStem	AdvPre_BPre2_NStem
bo_ke	QuantConc2_QuantStem	QuantConc2_QuantStem	QuantConc2_QuantStem	QuantConc2_QuantStem
oku_fak_a	RelConc15_VRoot_VerbTerm	RelConc15_VRoot_VerbTerm	RelConc15_VRoot_VerbTerm	RelConc15_VRoot_VerbTerm
hlangan_a	VRoot_VerbTerm	VRoot_VerbTerm	VRoot_VerbTerm	NStem_DimSuf
i_sekelo	NPrePre4_NStem	NPrePre4_NStem	NPrePre4_NStem	NPrePre4_NStem
la_kazweloke	Dem1_Pos1_NStem	PossConc5_NStem	Dem1_Pos1_NStem	PossConc5_NPrePre4_NStem
ne_lesi_funda	AdvPre_Dem4_Pos3_NStem	AdvPre_Pos1	AdvPre_Dem4_Pos3_NStem	AdvPre_Pos1
njenga_umnyango	AdvPre_NStem	AdvPre_NStem	AdvPre_NStem	AdvPre_NPrePre3_BPre3_NStem
we_za_ma_philo	PossConc3_PossConc8_BPre6_NStem	PossConc3_PossConc8_BPre6_NStem	PossConc3_PossConc8_BPre6_NStem	PossConc3_PossConc8_BPre6_NStem
na_umnyango	AdvPre_NStem	AdvPre_NStem	AdvPre_NStem	AdvPre_NPre3_BPre3_NStem
we_ze_fundo	PossConc3_Pres_NStem	PossConc3_PossConc8_NStem	PossConc3_Pres_NStem	PossConc3_LocPre_NStem
,	Punc	Punc	Punc	Punc
a_ma_NGO	NPrePre6_BPre6_Abbr	NPrePre6_BPre6_Abbr	NPrePre6_BPre6_Abbr	NPrePre6_BPre6_NStem
na_ma_CBO	AdvPre_BPre6_Abbr	AdvPre_BPre6_Abbr	AdvPre_BPre6_Abbr	AdvPre_BPre6_NStem
a_sebenz_e	SC2_VRoot_VerbTerm	SC6_VRoot_VerbTerm	SC2_VRoot_VerbTerm	SC6_VRoot_VerbTerm
e_i_n_ndawo_ini	LocPre_NPrePre9_BPre9_NStem_LocSuf	LocPre_NPrePre9_BPre9_NStem_LocSuf	LocPre_NPrePre9_BPre9_NStem_LocSuf	LocPre_NPrePre9_BPre9_NStem_LocSuf
ye_HIV	PossConc9_Abbr	PossConc4_Abbr	PossConc9_Abbr	PossConc9_NStem
/	Punc	Punc	Punc	Punc
AIDS	Abbr	Abbr	Abbr	Foreign
,	Punc	Punc	Punc	Punc
i_in_hlangano	NPrePre4_BPre4_NStem	NPrePre4_BPre4_NStem	NPrePre4_BPre4_NStem	NPrePre4_BPre4_NStem
za_hlalakuhle	PossConc10_NStem	PossConc10_NStem	PossConc10_NStem	Pres_NStem
,	Punc	Punc	Punc	Punc
a_ma_khansela	NPrePre6_BPre6_NStem	NPrePre6_BPre6_NStem	NPrePre6_BPre6_NStem	NPrePre6_BPre6_NStem
we_si_yingi	PossConc6_BPre7_NStem	PossConc6_BPre7_NStem	PossConc6_BPre7_NStem	PossConc3_NPrePre7_BPre7_NStem
ka_nye	AdvPre_AdjStem	AdvPre_AdjStem	AdvPre_AdjStem	AdvPre_AdjStem
na_ma_khansela	AdvPre_BPre6_NStem	AdvPre_BPre6_NStem	AdvPre_BPre6_NStem	AdvPre_BPre6_NStem
w_e_AIDS	PossConc3_LocPre_Abbr	PossConc6_LocPre_Abbr	PossConc3_LocPre_Abbr	PossConc3_LocPre_Foreign
wa_i_li_khaya	PossConc3_NPrePre5_BPre5_NStem	PossConc3_NPrePre5_BPre5_NStem	PossConc3_NPrePre5_BPre5_NStem	PossConc3_NPrePre5_BPre5_NStem
ka_nye	AdvPre_AdjStem	AdvPre_AdjStem	AdvPre_AdjStem	AdvPre_AdjStem
ne_e_n_hlangano	AdvPre_LocPre_BPre9_NStem	AdvPre_LocPre_BPre9_NStem	AdvPre_LocPre_BPre9_NStem	AdvPre_LocPre_BPre9_NStem
ze_ze_kolo	PossConc8_BPre8_NStem	Pres_BPre8_NStem	PossConc8_BPre8_NStem	PossConc8_PossConc8_NStem
.	Punc	Punc	Punc	Punc
i_li_qhinga	NPrePre5_BPre5_NStem	NPrePre5_BPre5_NStem	NPrePre5_BPre5_NStem	NPrePre5_BPre5_NStem
eli_zwisiseka_ko	RelConc5_NStem_RelSuf	RelConc5_NStem_RelSuf	RelConc5_NStem_RelSuf	RelConc5_VRoot_NeutExt_VerbTerm_RelSuf
li_zoku_ding_ek_a	BPre5_Fut_VRoot_NeutExt_VerbTerm	SC5_Fut_VRoot_NeutExt_VerbTerm	BPre5_Fut_VRoot_NeutExt_VerbTerm	SC5_Fut_VRoot_NeutExt_VerbTerm
njengobana	Conj	Conj	Conj	Conj
i_HIV	NPrePre9_Abbr	NPrePre9_Abbr	NPrePre9_Abbr	NPrePre4_Abbr
/	Punc	Punc	Punc	Punc
AIDS	Abbr	Abbr	Abbr	Foreign
i_na_m_thelela	BPre9_AdvPre_BPre3_NStem	BPre9_AdvPre_BPre3_NStem	BPre9_AdvPre_BPre3_NStem	NPrePre4_NStem
e_ba_ntwana_eni	LocPre_BPre2_NStem_LocSuf	LocPre_BPre2_NStem_LocSuf	LocPre_BPre2_NStem_LocSuf	LocPre_BPre2_NStem_LocSuf
aba_zi_in_tandani	RelConc2_BPre8_BPre9_NStem	RelConc2_BPre8_BPre9_NStem	RelConc2_BPre8_BPre9_NStem	NPrePre2_BPre2_ReflPre_BPre9_NStem
na_ba_mukwe	AdvPre_BPre2_NStem	AdvPre_BPre2_NStem	AdvPre_BPre2_NStem	AdvPre_BPre2_NStem
i_tlhogomelo	NPrePre4_NStem	NPrePre4_NStem	NPrePre4_NStem	NPrePre4_NStem
la_ba_belethi	PossConc5_BPre2_NStem	BPre2_NStem	PossConc5_BPre2_NStem	PossConc5_RelConc2_NStem
na_u_ku_sekel_w_a	AdvPre_NPrePre15_BPre15_VRoot_PassExt_VerbTerm	AdvPre_NPrePre15_BPre15_VRoot_PassExt_VerbTerm	AdvPre_NPrePre15_BPre15_VRoot_PassExt_VerbTerm	AdvPre_NPrePre15_BPre15_VRoot_PassExt_VerbTerm
nge_e_mali	AdvPre_LocPre_NStem	AdvPre_LocPre_NStem	AdvPre_LocPre_NStem	AdvPre_LocPre_NStem
,	Punc	Punc	Punc	Punc
a_ba_ntu	NPrePre2_BPre2_NStem	NPrePre2_BPre2_NStem	NPrePre2_BPre2_NStem	NPrePre2_BPre2_NStem
aba_dala	AdjPref2_AdjStem	AdjPref2_AdjStem	AdjPref2_AdjStem	AdjPref2_AdjStem
na_ba_tjha	AdvPre_BPre2_NStem	AdvPre_BPre2_NStem	AdvPre_BPre2_NStem	AdvPre_BPre2_NStem
aba_nga_na_ba_tlhogomeli	RelConc2_Pot_AdvPre_BPre2_NStem	RelConc2_AdvPre_AdvPre_BPre2_NStem	RelConc2_Pot_AdvPre_BPre2_NStem	RelConc2_NegPre_AdvPre_BPre2_NStem
.	Punc	Punc	Punc	Punc
a_mandla	RelConc6_RelStem	RelConc6_RelStem	RelConc6_RelStem	RelConc6_RelStem
we_zomnotho	PossConc6_NStem	PossConc6_NStem	PossConc6_NStem	PossConc6_NStem
ne_wo_ku_hlalisana	AdvPre_BPre3_BPre15_NStem	AdvPre_PronStem3_BPre15_NStem	AdvPre_BPre3_BPre15_NStem	AdvPre_Fut_NStem
ku_khansela	BPre15_NStem	BPre15_NStem	BPre15_NStem	BPre15_NStem
na_wo	AdvPre_PronStem3	AdvPre_PronStem3	AdvPre_PronStem3	AdvPre_PronStem3
a_ding_a	RelConc6_VRoot_VerbTerm	RelConc6_VRoot_VerbTerm	RelConc6_VRoot_VerbTerm	RelConc6_VRoot_VerbTerm
u_ku_tjhejwa	NPrePre15_BPre15_NStem	NPrePre15_BPre15_NStem	NPrePre15_BPre15_NStem	NPrePre15_BPre15_NStem
begodu	Conj	Conj	Conj	Conj
i_khansela	NPrePre4_NStem	NPrePre4_NStem	NPrePre4_NStem	NPrePre4_NStem
i_nga_jam_is_a	SC9_AdvPre_VRoot_CausExt_VerbTerm	SC9_AdvPre_VRoot_CausExt_VerbTerm	SC9_AdvPre_VRoot_CausExt_VerbTerm	SC9_AdvPre_VRoot_CausExt_VerbTerm
i_foramu	NPrePre4_NStem	NPrePre5_NStem	NPrePre4_NStem	NPrePre4_NStem
e_nga_lungisel_el_a	LocPre_AdvPre_VRoot_ApplExt_VerbTerm	RelConc9_AdvPre_VRoot_ApplExt_VerbTerm	LocPre_AdvPre_VRoot_ApplExt_VerbTerm	RelConc9_AdvPre_Intrans_VerbTerm
i_li_qhinga	NPrePre5_BPre5_NStem	NPrePre5_BPre5_NStem	NPrePre5_BPre5_NStem	NPrePre5_BPre5_NStem
eli_bandakany_a	RelConc5_VRoot_VerbTerm	RelConc5_VRoot_VerbTerm	RelConc5_VRoot_VerbTerm	RelConc5_VRoot_VerbTerm
u_mu_phakathi	NPrePre3_BPre3_NStem	NPrePre3_BPre3_NStem	NPrePre3_BPre3_NStem	NPrePre3_BPre3_NStem
wo_ke	QuantConc6_QuantStem	QuantConc1_QuantStem	QuantConc6_QuantStem	QuantConc1_QuantStem
.	Punc	Punc	Punc	Punc
u_mu_sebenzi	NPrePre3_BPre3_NStem	NPrePre3_BPre3_NStem	NPrePre3_BPre3_NStem	NPrePre3_BPre3_NStem
we_si_qhema	PossConc3_BPre7_NStem	PossConc3_BPre7_NStem	PossConc3_BPre7_NStem	PossConc3_BPre7_NStem
esi_qedelel_a	RelConc7_VRoot_VerbTerm	RelConc7_VRoot_VerbTerm	RelConc7_VRoot_VerbTerm	RelConc7_VRoot_VerbExt_VerbTerm
i_bhoduluko	NPrePre4_NStem	NPrePre4_NStem	NPrePre4_NStem	NPrePre4_NStem
le_tuthuko	PossConc5_NStem	PossConc5_NStem	PossConc5_NStem	PossConc5_NStem
ye_SWOT	PossConc9_Abbr	PossConc9_Abbr	PossConc9_Abbr	PossConc4_Foreign
ngo_ku_sebenz_is_an_a	AdvPre_BPre15_VRoot_CausExt_RecipExt_VerbTerm	AdvPre_BPre15_VRoot_CausExt_RecipExt_VerbTerm	AdvPre_BPre15_VRoot_CausExt_RecipExt_VerbTerm	AdvPre_NPrePre15_BPre15_VRoot_CausExt_RecipExt_VerbTerm
ne_Komidi	AdvPre_ProperName	AdvPre_NStem	AdvPre_ProperName	AdvPre_NStem
ye_wadi	PossConc4_NStem	PossConc4_NStem	PossConc4_NStem	PossConc4_NStem
ka_nye	AdvPre_AdjStem	AdvPre_AdjStem	AdvPre_AdjStem	AdvPre_AdjStem
na_a_ba_ntu	AdvPre_NPrePre2_BPre2_NStem	AdvPre_NPrePre2_BPre2_NStem	AdvPre_NPrePre2_BPre2_NStem	AdvPre_NPrePre2_BPre2_NStem
aba_yi_sik_a	RelConc2_CopPre_VRoot_VerbTerm	RelConc2_CopPre_VRoot_VerbTerm	RelConc2_CopPre_VRoot_VerbTerm	RelConc2_CopPre_VRoot_VerbTerm
aba_na_ma_kghono	RelConc2_AdvPre_BPre6_NStem	RelConc2_AdvPre_BPre6_NStem	RelConc2_AdvPre_BPre6_NStem	RelConc2_AdvPre_BPre6_NStem
a_thiz_e	SC6_Intrans_VerbTerm	SC6_Intrans_VerbTerm	SC6_Intrans_VerbTerm	RelConc6_VRoot_VerbTerm
.	Punc	Punc	Punc	Punc
zi_nikele	Pres_NStem	Pres_NStem	Pres_NStem	SC10_VRoot_VerbTerm
a_ma_iri	NPrePre6_BPre6_NStem	NPrePre6_BPre6_NStem	NPrePre6_BPre6_NStem	NPrePre6_BPre6_NStem
a_nga_b_a	SC6_Pot_VRoot_VerbTerm	SC6_Pot_VRoot_VerbTerm	SC6_Pot_VRoot_VerbTerm	SC6_Pot_VRoot_VerbTerm
ma_bili	BPre6_NStem	BPre6_NStem	BPre6_NStem	BPre6_NStem
.	Punc	Punc	Punc	Punc
u_m_sebenzi	NPrePre3_BPre3_NStem	NPrePre3_BPre3_NStem	NPrePre3_BPre3_NStem	NPrePre3_BPre3_NStem
2	Num	Num	Num	Num
Cabanga	ProperName	ProperName	ProperName	VRoot_VerbTerm
i_li_langa	NPrePre5_BPre5_NStem	NPrePre5_BPre5_NStem	NPrePre5_BPre5_NStem	NPrePre5_BPre5_NStem
lo_qobo	Dem3_Pos1_NStem	PossConc5_NStem	Dem3_Pos1_NStem	PossConc5_NPrePre4_NStem
e_pilo_eni	LocPre_NStem_LocSuf	LocPre_NStem_LocSuf	LocPre_NStem_LocSuf	LocPre_NStem_LocSuf
ye_kosikazi	PossConc9_NStem	PossConc4_NStem	PossConc9_NStem	PossConc4_NStem
no_myenayo	AdvPre_NStem	AdvPre_NStem	AdvPre_NStem	AdvPre_NPre1a_NStem
aba_vel_a	RelConc2_VRoot_VerbTerm	RelConc2_VRoot_VerbTerm	RelConc2_VRoot_VerbTerm	RelConc2_VRoot_VerbTerm
esi_qhema_eni	RelConc7_NStem_LocSuf	RelConc7_NStem_LocSuf	RelConc7_NStem_LocSuf	RelConc7_NStem_LocSuf
sa_u_mu_phakathi	PossConc7_NPrePre3_BPre3_NStem	PossConc7_NPrePre3_BPre3_NStem	PossConc7_NPrePre3_BPre3_NStem	PossConc7_NPrePre3_BPre3_NStem
esi_kheth_ile_ko	RelConc7_VRoot_Perf_RelSuf	RelConc7_VRoot_Perf_RelSuf	RelConc7_VRoot_Perf_RelSuf	RelConc7_VRoot_Perf_RelSuf
.	Punc	Punc	Punc	Punc
sebenz_is_a	VRoot_CausExt_VerbTerm	VRoot_CausExt_VerbTerm	VRoot_CausExt_VerbTerm	VRoot_CausExt_VerbTerm
i_theyibuli	NPrePre4_NStem	NPrePre5_NStem	NPrePre4_NStem	NPrePre4_NStem
eli_s_e_khasi_ini	RelConc5_PreLoc-s_LocPre_NStem_LocSuf	RelConc5_PreLoc-s_LocPre_NStem_LocSuf	RelConc5_PreLoc-s_LocPre_NStem_LocSuf	RelConc5_PreLoc-s_LocPre_NStem_LocSuf
eli_landel_a_ko	RelConc5_VRoot_VerbTerm_RelSuf	RelConc5_VRoot_VerbTerm_RelSuf	RelConc5_VRoot_VerbTerm_RelSuf	RelConc5_VRoot_VerbTerm_RelSuf
u_ku_rhemisa	NPrePre15_BPre15_NStem	NPrePre15_BPre15_NStem	NPrePre15_BPre15_NStem	NPrePre15_BPre15_NStem
i_mi_sebenzi	NPrePre4_BPre4_NStem	NPrePre4_BPre4_NStem	NPrePre4_BPre4_NStem	NPrePre4_BPre4_NStem
ye_ndlini	PossConc9_NStem	PossConc4_NStem	PossConc9_NStem	PossConc9_NStem_LocSuf
o_wu_enz_iw_a	RelConc3_OC3_VRoot_PassExt_VerbTerm	RelConc3_OC3_VRoot_PassExt_VerbTerm	RelConc3_OC3_VRoot_PassExt_VerbTerm	RelConc3_OC3_VRoot_PassExt_VerbTerm
yi_kosikazi	CopPre_NStem	CopPre_NStem	CopPre_NStem	CopPre_NStem
no_myenayo	AdvPre_NStem	AdvPre_NStem	AdvPre_NStem	AdvPre_NPre1a_NStem
phakathi	Adv	Adv	Adv	Adv
kwa_a_ma_iri	PossConc15_NPrePre6_BPre6_NStem	PossConc15_NPrePre6_BPre6_NStem	PossConc15_NPrePre6_BPre6_NStem	PossConc15_BPre6_NStem
a_ma_24	NPrePre6_BPre6_Num	NPrePre6_BPre6_Num	NPrePre6_BPre6_Num	NPrePre6_BPre6_Num
phezu	Adv	Adv	Adv	Adv
kwa_i_li_phepha	PossConc15_NPrePre5_BPre5_NStem	PossConc15_NPrePre5_BPre5_NStem	PossConc15_NPrePre5_BPre5_NStem	PossConc15_NPrePre5_BPre5_NStem
le_tjhadi	Dem1_Pos1_NStem	NStem	Dem1_Pos1_NStem	PossConc5_NStem
.	Punc	Punc	Punc	Punc
zalis_a	VRoot_VerbTerm	VRoot_VerbTerm	VRoot_VerbTerm	SC10_VRoot_VerbTerm
u_mu_sebenzi	NPrePre3_BPre3_NStem	NPrePre3_BPre3_NStem	NPrePre3_BPre3_NStem	NPrePre3_BPre3_NStem
u_mu_ntu	NPrePre1_BPre1_NStem	NPrePre1_BPre1_NStem	NPrePre1_BPre1_NStem	NPrePre1_BPre1_NStem
a_w_enz_ak_o	SC6_OC3_VRoot_NeutExt_VerbTerm	SC6_OC3_VRoot_NeutExt_VerbTerm	SC6_OC3_VRoot_NeutExt_VerbTerm	RelConc6_CopPre_NStem_RelSuf
nga_i_si_khathi	AdvPre_NPrePre7_BPre7_NStem	AdvPre_NPrePre7_BPre7_NStem	AdvPre_NPrePre7_BPre7_NStem	AdvPre_NPrePre7_BPre7_NStem
esi_tjhengis_iw_e_ko	RelConc7_VRoot_PassExt_VerbTerm_RelSuf	RelConc7_VRoot_PassExt_VerbTerm_RelSuf	RelConc7_VRoot_PassExt_VerbTerm_RelSuf	RelConc7_VRoot_CausExt_PassExt_NeutExt_VerbTerm
,	Punc	Punc	Punc	Punc
li_nani_ana	BPre5_NStem_DimSuf	BPre5_NStem_DimSuf	BPre5_NStem_DimSuf	BPre5_NStem_DimSuf
ku_u_mu_sebenzi	LocPre_NPrePre3_BPre3_NStem	LocPre_NPrePre3_BPre3_NStem	LocPre_NPrePre3_BPre3_NStem	LocPre_NPrePre3_BPre3_NStem
o_rholelwako	RelConc3_NStem	RelConc3_NStem	RelConc3_NStem	RelConc3_VRoot_VerbTerm_RelSuf
begodu	Conj	Conj	Conj	Conj
na_u_ku_th_i	AdvPre_NPrePre15_BPre15_VRoot_VerbTerm	AdvPre_NPrePre15_BPre15_VRoot_VerbTerm	AdvPre_NPrePre15_BPre15_VRoot_VerbTerm	AdvPre_NPrePre15_BPre15_VRoot_VerbTerm
u_m_rholo	NPrePre3_BPre3_NStem	NPrePre3_BPre3_NStem	NPrePre3_BPre3_NStem	NPrePre3_BPre3_NStem
u_thini	NPrePre1a_NStem	NPrePre1a_NStem	NPrePre1a_NStem	RelConc3_NStem
nga_iri	AdvPre_NStem	AdvPre_NStem	AdvPre_NStem	AdvPre_NStem
.	Punc	Punc	Punc	Punc
fik_a	VRoot_VerbTerm	VRoot_VerbTerm	VRoot_VerbTerm	VRoot_VerbTerm
ku_s_e_sene_si_khathi	LocPre_PreLoc-s_LocPre_AdvPre_BPre7_NStem	LocPre_PreLoc-s_LocPre_NStem_BPre7_NStem	LocPre_PreLoc-s_LocPre_AdvPre_BPre7_NStem	BPre15_PreLoc-s_LocPre_BPre7_BPre7_BPre7_NStem
be_s_e	SC2_VRoot_VerbTerm	SC2_VRoot_VerbTerm	SC2_VRoot_VerbTerm	SC2_VRoot_VerbTerm
u_hlol_a	SC2_VRoot_VerbTerm	SC2_VRoot_VerbTerm	SC2_VRoot_VerbTerm	SC2_VRoot_VerbTerm
i_si_setjenziswa	NPrePre7_BPre7_NStem	NPrePre7_BPre7_NStem	NPrePre7_BPre7_NStem	NPrePre7_BPre7_NStem
nga_phambi	AdvPre_Adv	AdvPre_Adv	AdvPre_Adv	AdvPre_Adv
kwa_i_si_khathi	PossConc15_NPrePre7_BPre7_NStem	PossConc15_NPrePre7_BPre7_NStem	PossConc15_NPrePre7_BPre7_NStem	PossConc15_NPrePre7_BPre7_NStem
begodu	Conj	Conj	Conj	Conj
u_b_e	SC2_VRoot_VerbTerm	SC2_VRoot_VerbTerm	SC2_VRoot_VerbTerm	SC2_VRoot_VerbTerm
na_i_si_khathi	AdvPre_NPrePre7_BPre7_NStem	AdvPre_NPrePre7_BPre7_NStem	AdvPre_NPrePre7_BPre7_NStem	AdvPre_NPrePre7_BPre7_NStem
e_sanel_e_ko	RelConc9_VRoot_VerbTerm_RelSuf	RelConc9_VRoot_VerbTerm_RelSuf	RelConc9_VRoot_VerbTerm_RelSuf	RelConc9_VRoot_VerbTerm_RelSuf
u_ku_lungisa	NPrePre15_BPre15_NStem	NPrePre15_BPre15_NStem	NPrePre15_BPre15_NStem	NPrePre15_BPre15_VRoot_VerbTerm
i_lu_azi	BPre9_BPre11_NStem	BPre9_BPre11_NStem	BPre9_BPre11_NStem	BPre9_BPre11_NStem
o_zoku_khulum_a	RelConc5_Fut_VRoot_VerbTerm	RelConc1_Fut_VRoot_VerbTerm	RelConc5_Fut_VRoot_VerbTerm	SC9_Fut_VRoot_VerbTerm
nga_lo	AdvPre_PronStem5	AdvPre_PronStem5	AdvPre_PronStem5	AdvPre_PronStem5
.	Punc	Punc	Punc	Punc
u_m_hlangano	NPrePre3_BPre3_NStem	NPrePre3_BPre3_NStem	NPrePre3_BPre3_NStem	NPrePre3_BPre3_NStem
u_khulum_a	SC1_VRoot_VerbTerm	SC1_VRoot_VerbTerm	SC1_VRoot_VerbTerm	SC1_VRoot_VerbTerm
nga_e_n_dlelakambiso	AdvPre_LocPre_BPre3_NStem	AdvPre_LocPre_BPre3_NStem	AdvPre_LocPre_BPre3_NStem	AdvPre_LocPre_BPre3_NStem_NStem
za_u_mu_tlamo	PossConc8_NPrePre3_BPre3_NStem	PossConc8_NPrePre3_BPre3_NStem	PossConc8_NPrePre3_BPre3_NStem	PossConc8_NPrePre3_BPre3_NStem
w_e_IDP	PossConc1_LocPre_Abbr	PossConc1_LocPre_Abbr	PossConc1_LocPre_Abbr	PossConc1_LocPre_Abbr
.	Punc	Punc	Punc	Punc
ku_ya_siz_a	SC15_Pres_VRoot_VerbTerm	SC15_Pres_VRoot_VerbTerm	SC15_Pres_VRoot_VerbTerm	SC15_Pres_VRoot_VerbTerm
u_ku_sebenzis_a	NPrePre15_BPre15_VRoot_VerbTerm	NPrePre15_BPre15_VRoot_VerbTerm	NPrePre15_BPre15_VRoot_VerbTerm	NPrePre15_BPre15_VRoot_VerbTerm
u_mu_zombe	NPrePre3_BPre3_NStem	NPrePre3_BPre3_NStem	NPrePre3_BPre3_NStem	NPrePre3_BPre3_NStem
w_e_CBP	PossConc1_LocPre_Abbr	PossConc1_LocPre_Abbr	PossConc1_LocPre_Abbr	PossConc1_LocPre_Abbr
.	Punc	Punc	Punc	Punc
begodu	Conj	Conj	Conj	Conj
u_mu_hlangano	NPrePre3_BPre3_NStem	NPrePre3_BPre3_NStem	NPrePre3_BPre3_NStem	NPrePre3_BPre3_NStem
wa_zis_w_a	PossConc1a_VRoot_PassExt_VerbTerm	PossConc1a_VRoot_PassExt_VerbTerm	PossConc1a_VRoot_PassExt_VerbTerm	PossConc1_NStem
nge_mi_khulumiswano	AdvPre_BPre4_NStem	AdvPre_BPre4_NStem	AdvPre_BPre4_NStem	AdvPre_NPre4_BPre4_NStem
y_o_i_m_hlangano	PossConc4_LocPre_NPrePre10_BPre10_NStem	PossConc9_LocPre_NPrePre10_BPre10_NStem	PossConc4_LocPre_NPrePre10_BPre10_NStem	PossConc4_LocPre_NPrePre10_BPre10_NStem
wa_u_ku_tlama	PossConc3_NPrePre15_BPre15_NStem	PossConc3_NPrePre15_BPre15_NStem	PossConc3_NPrePre15_BPre15_NStem	PossConc3_NPrePre15_BPre15_NStem
o_ku_andul_el_a_ko	SC3_OC15_VRoot_ApplExt_VerbTerm_RelSuf	SC3_OC15_VRoot_ApplExt_VerbTerm_RelSuf	SC3_OC15_VRoot_ApplExt_VerbTerm_RelSuf	SC3_OC15_VRoot_ApplExt_VerbTerm_RelSuf
,	Punc	Punc	Punc	Punc
i_mi_hlobo	NPrePre4_BPre4_NStem	NPrePre4_BPre4_NStem	NPrePre4_BPre4_NStem	NPrePre4_BPre4_NStem
e_ya_hlukene_ko	LocPre_Pres_NStem_RelSuf	LocPre_Pres_NStem_RelSuf	LocPre_Pres_NStem_RelSuf	LocPre_Pres_NStem_RelSuf
ye_e_n_qhema	PossConc4_LocPre_BPre9_NStem	PossConc4_LocPre_BPre9_NStem	PossConc4_LocPre_BPre9_NStem	PossConc4_LocPre_BPre9_NStem
ze_hlalakuhle	Pres_NStem	Pres_NStem	Pres_NStem	Pres_NStem
ezi_khonjiwe_ko	RelConc8_NStem_RelSuf	RelConc8_NStem_RelSuf	RelConc8_NStem_RelSuf	RelConc8_NStem_RelSuf
,	Punc	Punc	Punc	Punc
begodu	Conj	Conj	Conj	Conj
u_mu_hlangano	NPrePre3_BPre3_NStem	NPrePre3_BPre3_NStem	NPrePre3_BPre3_NStem	NPrePre3_BPre3_NStem
na_wo	AdvPre_PronStem3	AdvPre_PronStem3	AdvPre_PronStem3	AdvPre_PronStem3
u_nga_ngezelela	NPrePre1a_NegPre_NStem	NPrePre1a_NegPre_NStem	NPrePre1a_NegPre_NStem	NPrePre1a_NegPre_NStem
ki_leli_rhelo	PossConc15_Dem5_Pos1_NStem	PossConc15_Pos1	PossConc15_Dem5_Pos1_NStem	PossConc9_NStem
.	Punc	Punc	Punc	Punc
u_m_hlangano	NPrePre3_BPre3_NStem	NPrePre3_BPre3_NStem	NPrePre3_BPre3_NStem	NPrePre3_BPre3_NStem
u_tlama	NPrePre1a_NStem	NPrePre3_NStem	NPrePre1a_NStem	NPrePre3_NStem
i_hlelo	NPrePre9_NStem	NPrePre9_NStem	NPrePre9_NStem	NPrePre9_NStem
le_e_n_khathi	PossConc5_LocPre_BPre9_NStem	PossConc5_LocPre_BPre9_NStem	PossConc5_LocPre_BPre9_NStem	PossConc5_LocPre_BPre9_NStem
le_i_veke	PossConc5_NPrePre4_NStem	Pos1_NPrePre4	PossConc5_NPrePre4_NStem	VRoot_VerbTerm
,	Punc	Punc	Punc	Punc
ku_fak_a	BPre15_VRoot_VerbTerm	BPre15_VRoot_VerbTerm	BPre15_VRoot_VerbTerm	BPre15_VRoot_VerbTerm
hlanga_ana	NStem_DimSuf	NStem_DimSuf	NStem_DimSuf	NStem_DimSuf
i_hlelo	NPrePre9_NStem	NPrePre9_NStem	NPrePre9_NStem	NPrePre9_NStem
le_i_mi_hlangano	AdvPre_NPrePre4_BPre4_NStem	AdvPre_NPrePre4_BPre4_NStem	AdvPre_NPrePre4_BPre4_NStem	AdvPre_NPrePre4_BPre4_NStem
na_ba_jameli	AdvPre_BPre2_NStem	AdvPre_BPre2_NStem	AdvPre_BPre2_NStem	AdvPre_BPre2_NStem
aba_vel_a	RelConc2_VRoot_VerbTerm	RelConc2_VRoot_VerbTerm	RelConc2_VRoot_VerbTerm	RelConc2_VRoot_VerbTerm
e_e_n_qhema_eni	RelConc9_LocPre_BPre9_NStem_LocSuf	RelConc9_LocPre_BPre9_NStem_LocSuf	RelConc9_LocPre_BPre9_NStem_LocSuf	RelConc9_LocPre_BPre9_NStem_LocSuf
e_za_hlukene_ko	LocPre_Pres_NStem_RelSuf	LocPre_Pres_NStem_RelSuf	LocPre_Pres_NStem_RelSuf	LocPre_Pres_NStem_RelSuf
ze_hlalakuhle	Pres_NStem	Pres_NStem	Pres_NStem	Pres_NStem
.	Punc	Punc	Punc	Punc
ku_ya_siz_a	SC15_Pres_VRoot_VerbTerm	SC15_Pres_VRoot_VerbTerm	SC15_Pres_VRoot_VerbTerm	SC15_Pres_VRoot_VerbTerm
u_ku_khomb_a	NPrePre15_BPre15_VRoot_VerbTerm	NPrePre15_BPre15_VRoot_VerbTerm	NPrePre15_BPre15_VRoot_VerbTerm	NPrePre15_BPre15_VRoot_VerbTerm
u_mu_ntu	NPrePre1_BPre1_NStem	NPrePre1_BPre1_NStem	NPrePre1_BPre1_NStem	NPrePre1_BPre1_NStem
o_nqoph_ile_ko	RelConc3_VRoot_Perf_RelSuf	RelConc3_VRoot_Perf_RelSuf	RelConc3_VRoot_Perf_RelSuf	RelConc3_VRoot_Perf_RelSuf
o_vel_a	SC3_VRoot_VerbTerm	RelConc3_VRoot_VerbTerm	SC3_VRoot_VerbTerm	RelConc3_VRoot_VerbTerm
esi_qhema_eni	RelConc7_NStem_LocSuf	RelConc7_NStem_LocSuf	RelConc7_NStem_LocSuf	RelConc7_NStem_LocSuf
nga_si_nye	AdvPre_BPre7_AdjStem	AdvPre_BPre7_AdjStem	AdvPre_BPre7_AdjStem	AdvPre_BPre7_AdjStem
s_e_hlalakuhle	PossConc7_LocPre_NStem	PossConc7_LocPre_NStem	PossConc7_LocPre_NStem	PossConc7_LocPre_NStem
o_za_ku_azi	RelConc3_Pres_BPre15_NStem	BPre2a_Fut_BPre15_NStem	RelConc3_Pres_BPre15_NStem	RelConc3_Fut_BPre15_NStem
u_ku_gcugcuzela	NPrePre15_BPre15_NStem	NPrePre15_BPre15_NStem	NPrePre15_BPre15_NStem	NPrePre15_BPre15_NStem
aba_nye	AdjPref2_AdjStem	AdjPref2_AdjStem	AdjPref2_AdjStem	AdjPref2_AdjStem
bo_nyana	BPre2_NStem	BPre2_NStem	BPre2_NStem	BPre2_NStem
ba_khamb_el_e	SC2_VRoot_ApplExt_VerbTerm	SC2_Intrans_ApplExt_VerbTerm	SC2_VRoot_ApplExt_VerbTerm	SC2_VRoot_ApplExt_VerbTerm
le_i_mi_hlangano	AdvPre_NPrePre4_BPre4_NStem	AdvPre_NPrePre4_BPre4_BPre4	AdvPre_NPrePre4_BPre4_NStem	AdvPre_NPrePre4_BPre4_NStem
e_hlel_iw_e_ko	LocPre_VRoot_PassExt_VerbTerm_RelSuf	RelConc9_VRoot_PassExt_VerbTerm_RelSuf	LocPre_VRoot_PassExt_VerbTerm_RelSuf	RelConc9_SC4_VRoot_PassExt_NeutExt_VerbTerm
.	Punc	Punc	Punc	Punc
gcugcuzel_a	VRoot_VerbTerm	VRoot_VerbTerm	VRoot_VerbTerm	VRoot_VerbTerm
a_ba_hlanganyeli	NPrePre2_BPre2_NStem	NPrePre2_BPre2_NStem	NPrePre2_BPre2_NStem	NPrePre2_BPre2_NStem
bo_nyana	BPre2_NStem	BPre2_NStem	BPre2_NStem	BPre2_NStem
ba_khamb_el_e	SC2_VRoot_ApplExt_VerbTerm	SC2_VRoot_ApplExt_VerbTerm	SC2_VRoot_ApplExt_VerbTerm	SC2_VRoot_ApplExt_VerbTerm
yo_ke	QuantConc4_QuantStem	QuantConc4_QuantStem	QuantConc4_QuantStem	QuantConc4_QuantStem
i_mi_hlangano	NPrePre4_BPre4_NStem	NPrePre4_BPre4_NStem	NPrePre4_BPre4_NStem	NPrePre4_BPre4_NStem
yo_ku_tlama	PossConc4_BPre15_NStem	PossConc4_BPre15_NStem	PossConc4_BPre15_NStem	PossConc4_BPre15_NStem
.	Punc	Punc	Punc	Punc
i_nga_b_e	SC9_Pot_VRoot_VerbTerm	SC9_Pot_VRoot_VerbTerm	SC9_Pot_VRoot_VerbTerm	SC9_Pot_VRoot_VerbTerm
i_in_qhema	NPrePre8_NPre8_NStem	NPrePre8_NPre8_NStem	NPrePre8_NPre8_NStem	NPrePre8_NPre8_NStem
e_za_hlukene_ko	LocPre_Pres_NStem_RelSuf	LocPre_Pres_NStem_RelSuf	LocPre_Pres_NStem_RelSuf	LocPre_Pres_NStem_RelSuf
za_u_mu_notho	PossConc10_NPrePre3_BPre3_NStem	PossConc10_NPrePre3_BPre3_NStem	PossConc10_NPrePre3_BPre3_NStem	PossConc10_NPrePre3_BPre3_NStem
na_i_hlalakuhle	AdvPre_NPre9_NStem	AdvPre_NPre9_NStem	AdvPre_NPre9_NStem	AdvPre_NPre9_NStem
zi_yi_lungela	BPre8_CopPre_NStem	BPre8_CopPre_NStem	BPre8_CopPre_NStem	Pres_CopPre_NStem
bu_njani	SC14_Adv	SC14_Adv	SC14_Adv	SC14_Adv
i_mi_khakha	NPrePre4_BPre4_NStem	NPrePre4_BPre4_NStem	NPrePre4_BPre4_NStem	NPrePre4_BPre4_NStem
yo_bu_njinga	PossConc4_BPre14_NStem	PossConc9_BPre14_NStem	PossConc4_BPre14_NStem	PossConc9_BPre14_NStem
?	Punc	Punc	Punc	Punc
(	Punc	Punc	Punc	Punc
isib	Abbr	Abbr	Abbr	Abbr
.	Punc	Punc	Punc	Punc
ka_nengi	AdvPre_AdjStem	AdvPre_AdjStem	AdvPre_AdjStem	AdvPre_AdjStem
a_ba_ntu	NPrePre2_BPre2_NStem	NPrePre2_BPre2_NStem	NPrePre2_BPre2_NStem	NPrePre2_BPre2_NStem
aba_dala	AdjPref2_AdjStem	AdjPref2_AdjStem	AdjPref2_AdjStem	AdjPref2_AdjStem
b_a_tlhaga	PossConc2_LocPre_NStem	PossConc2a_LocPre_NStem	PossConc2_LocPre_NStem	SC2_Intrans_VerbTerm
khulu	Adv	Adv	Adv	Adv
)	Punc	Punc	Punc	Punc
?	Punc	Punc	Punc	Punc
a_ba_kghonakalisi	NPrePre2_BPre2_NStem	NPrePre2_BPre2_NStem	NPrePre2_BPre2_NStem	NPrePre2_BPre2_NStem
ba_ka_masipala	PossConc2_PossKA_NStem	PossConc2_PossKA_NStem	PossConc2_PossKA_NStem	PossConc2_PossKA_NStem
aba_vel_a	RelConc2_VRoot_VerbTerm	RelConc2_VRoot_VerbTerm	RelConc2_VRoot_VerbTerm	RelConc2_VRoot_VerbTerm
e_enkoro_eni	LocPre_NStem_LocSuf	LocPre_NStem_LocSuf	LocPre_NStem_LocSuf	LocPre_NStem_LocSuf
e_za_hlukene_ko	LocPre_Pres_NStem_RelSuf	LocPre_Pres_NStem_RelSuf	LocPre_Pres_NStem_RelSuf	LocPre_Pres_NStem_RelSuf
za_ka_masipala	BPre8_PossKA_NStem	PossConc10_PossKA_NStem	BPre8_PossKA_NStem	PossConc10_PossKA_NStem
li_nani_ana	BPre5_NStem_DimSuf	BPre5_NStem_DimSuf	BPre5_NStem_DimSuf	BPre5_NStem_DimSuf
i_in_khulu	NPrePre8_BPre8_NStem	NPrePre8_BPre8_NStem	NPrePre8_BPre8_NStem	NPrePre8_BPre8_NStem
zo_bu_thekhiniki	PossConc8_BPre14_NStem	PossConc8_BPre14_NStem	PossConc8_BPre14_NStem	PossConc8_BPre14_NStem
za_ka_rhulumende	PossConc8_PossKA_NStem	BPre8_PossKA_NStem	PossConc8_PossKA_NStem	BPre8_PossKA_NStem
e_zi_vel_a	SC6_OC10_VRoot_VerbTerm	SC6_OC10_VRoot_VerbTerm	SC6_OC10_VRoot_VerbTerm	SC6_OC10_VRoot_VerbTerm
esi_yi_ngini	RelConc7_Pres_NStem	RelConc7_Pres_InterrogSuf	RelConc7_Pres_NStem	RelConc7_Pres_NStem_LocSuf
li_nani_ana	BPre5_NStem_DimSuf	BPre5_NStem_DimSuf	BPre5_NStem_DimSuf	BPre5_NStem_DimSuf
e_mi_nyango_eni	LocPre_BPre4_NStem_LocSuf	LocPre_BPre4_NStem_LocSuf	LocPre_BPre4_NStem_LocSuf	LocPre_BPre4_NStem_LocSuf
ye_si_funda	PossConc4_BPre7_NStem	PossConc4_BPre7_NStem	PossConc4_BPre7_NStem	PossConc9_NPrePre7_BPre7_NStem
.	Punc	Punc	Punc	Punc
u_ku_zi_bophel_el_a	NPrePre15_BPre15_CopPre_VRoot_ApplExt_VerbTerm	NPrePre15_BPre15_OC10_VRoot_ApplExt_VerbTerm	NPrePre15_BPre15_CopPre_VRoot_ApplExt_VerbTerm	NPrePre15_BPre15_OC10_VRoot_IntensExt_VerbTerm
e_ku_bonelela_eni	LocPre_BPre15_NStem_LocSuf	LocPre_BPre15_NStem_LocSuf	LocPre_BPre15_NStem_LocSuf	LocPre_BPre15_NStem
i_mi_ndeni	NPrePre4_BPre4_NStem	NPrePre4_BPre4_NStem	NPrePre4_BPre4_NStem	NPrePre4_BPre4_NStem
nga_u_ku_dl_a	AdvPre_NPrePre15_BPre15_VRoot_VerbTerm	AdvPre_NPrePre15_BPre15_VRoot_VerbTerm	AdvPre_NPrePre15_BPre15_VRoot_VerbTerm	AdvPre_NPrePre15_BPre15_VRoot_VerbTerm
no_kondlela	AdvPre_NStem	AdvPre_NStem	AdvPre_NStem	AdvPre_NStem
oku_badakanya	RelConc15_NStem	RelConc15_NStem	RelConc15_NStem	RelConc15_VRoot_VerbTerm
i_gadango	NPrePre5_NStem	NPrePre5_NStem	NPrePre5_NStem	NPrePre5_NStem
la_u_mu_buso	PossConc5_NPrePre3_BPre3_NStem	PossConc5_NPrePre3_BPre3_NStem	PossConc5_NPrePre3_BPre3_NStem	PossConc5_NPrePre3_BPre3_NStem
ka_nye	AdvPre_AdjStem	AdvPre_AdjStem	AdvPre_AdjStem	AdvPre_AdjStem
ne_koro	AdvPre_NStem	AdvPre_NStem	AdvPre_NStem	AdvPre_BPre5_NStem
ya_nge_qadi	PossConc9_AdvPre_NStem	PossConc4_AdvPre_NStem	PossConc9_AdvPre_NStem	PossConc9_AdvPre_NStem
.	Punc	Punc	Punc	Punc
u_m_thethosisekelo	NPrePre3_BPre3_NStem	NPrePre3_BPre3_NStem	NPrePre3_BPre3_NStem	NPrePre3_BPre3_NStem
u_nik_el_a	SC3_VRoot_ApplExt_VerbTerm	SC3_VRoot_ApplExt_VerbTerm	SC3_VRoot_ApplExt_VerbTerm	SC3_VRoot_ApplExt_VerbTerm
u_mu_bono	NPrePre3_BPre3_NStem	NPrePre3_BPre3_NStem	NPrePre3_BPre3_NStem	NPrePre3_BPre3_NStem
we_si_tjhaba	PossConc3_BPre7_NStem	PossConc1_BPre7_NStem	PossConc3_BPre7_NStem	PossConc1_BPre7_NStem
esi_bumbene_ko	RelConc7_NStem_RelSuf	RelConc7_NStem_RelSuf	RelConc7_NStem_RelSuf	RelConc7_VRoot_NeutExt_VerbTerm
,	Punc	Punc	Punc	Punc
esi_phumel_el_a_ko	RelConc7_VRoot_ApplExt_VerbTerm_RelSuf	RelConc7_VRoot_ApplExt_VerbTerm_RelSuf	RelConc7_VRoot_ApplExt_VerbTerm_RelSuf	RelConc7_VRoot_VerbTerm_RelSuf
,	Punc	Punc	Punc	Punc
esi_nga_bandlululi	RelConc7_NegPre_NStem	RelConc7_NegPre_NStem	RelConc7_NegPre_NStem	RelConc7_NegPre_VRoot_VerbTerm
nga_u_ku_bu_hlanga	AdvPre_NPrePre15_BPre15_BPre14_NStem	AdvPre_NPrePre15_BPre15_BPre14_NStem	AdvPre_NPrePre15_BPre15_BPre14_NStem	AdvPre_NPrePre15_BPre15_BPre14_NStem
ne_si_nga_bandlululi	AdvPre_BPre7_NegPre_NStem	AdvPre_BPre7_NegPre_NStem	AdvPre_BPre7_NegPre_NStem	AdvPre_NPrePre7_OC7_NegPre_VRoot_VerbTerm
nga_u_ko_bu_lili	AdvPre_NPrePre15_PossConc15_BPre14_NStem	AdvPre_NPrePre15_PossConc15_BPre14_NStem	AdvPre_NPrePre15_PossConc15_BPre14_NStem	AdvPre_NPrePre15_PossConc15_BPre14_NStem
;	Punc	Punc	Punc	Punc
i_narha	NPrePre9_NStem	NPrePre9_NStem	NPrePre9_NStem	NPrePre9_NStem
ya_bo	PossConc9_PronStem2	PossConc9_PronStem2	PossConc9_PronStem2	PossConc9_PronStem2
bo_ke	QuantConc2_QuantStem	QuantConc2_QuantStem	QuantConc2_QuantStem	QuantConc2_QuantStem
a_ba_ntu	NPrePre2_BPre2_NStem	NPrePre2_BPre2_NStem	NPrePre2_BPre2_NStem	NPrePre2_BPre2_NStem
aba_hlal_a	RelConc2_VRoot_VerbTerm	RelConc2_VRoot_VerbTerm	RelConc2_VRoot_VerbTerm	RelConc2_VRoot_VerbTerm
ki_yo	AdvPre_PronStem10	LocPre_PronStem9	AdvPre_PronStem10	LocPre_PronStem9
,	Punc	Punc	Punc	Punc
aba_bumbene	RelConc2_NStem	RelConc2_NStem	RelConc2_NStem	RelConc2_VRoot_RecipExt_VerbTerm
ngo_ku_hluk_a	AdvPre_OC15_VRoot_VerbTerm	AdvPre_OC15_VRoot_VerbTerm	AdvPre_OC15_VRoot_VerbTerm	AdvPre_NPrePre15_BPre15_VRoot_VerbTerm
kwa_bo	PossConc15_PronStem2	PossConc15_PronStem2	PossConc15_PronStem2	PossConc15_PronStem2
.	Punc	Punc	Punc	Punc
begodu	Conj	Conj	Conj	Conj
u_m_thethosisekelo	NPrePre3_BPre3_NStem	NPrePre3_BPre3_NStem	NPrePre3_BPre3_NStem	NPrePre3_BPre3_NStem
u_bophel_el_a	SC3_VRoot_ApplExt_VerbTerm	SC3_VRoot_ApplExt_VerbTerm	SC3_VRoot_ApplExt_VerbTerm	NPrePre1a_NStem
i_narha	NPrePre9_NStem	NPrePre9_NStem	NPrePre9_NStem	NPrePre9_NStem
le	Dem9_Pos1		Dem9_Pos1	
bo_nyana	BPre2_NStem	BPre2_NStem	BPre2_NStem	BPre2_NStem
i_qed_e	SC9_VRoot_VerbTerm	SC4_VRoot_VerbTerm	SC9_VRoot_VerbTerm	NPrePre4_NStem
u_ku_ahlukan_a	NPrePre15_BPre15_VRoot_VerbTerm	NPrePre15_BPre15_VRoot_VerbTerm	NPrePre15_BPre15_VRoot_VerbTerm	NPrePre15_BPre15_VRoot_VerbTerm
oku_enz_ek_e	RelConc15_VRoot_NeutExt_VerbTerm	RelConc15_VRoot_NeutExt_VerbTerm	RelConc15_VRoot_NeutExt_VerbTerm	RelConc15_VRoot_VerbTerm
esi_khathi_ini	RelConc7_NStem_LocSuf	RelConc7_NStem_LocSuf	RelConc7_NStem_LocSuf	RelConc7_NStem_LocSuf
esi_gadungile_ko	RelConc7_NStem_RelSuf	RelConc7_NStem_RelSuf	RelConc7_NStem_RelSuf	RelConc7_VRoot_Perf_RelSuf
,	Punc	Punc	Punc	Punc
ngo_ku_bon_a	AdvPre_OC15_VRoot_VerbTerm	AdvPre_BPre15_VRoot_VerbTerm	AdvPre_OC15_VRoot_VerbTerm	AdvPre_BPre15_VRoot_VerbTerm
bo_nyana	BPre2_NStem	BPre2_NStem	BPre2_NStem	BPre2_NStem
i_sewula	NPrePre5_NStem	NPrePre4_NStem	NPrePre5_NStem	NPrePre4_NStem
Afrika	ProperName	ProperName	ProperName	ProperName
i_vel_a	SC4_VRoot_VerbTerm	SC9_VRoot_VerbTerm	SC4_VRoot_VerbTerm	SC4_VRoot_VerbTerm
e_rherho_eni	LocPre_NStem_LocSuf	LocPre_NStem_LocSuf	LocPre_NStem_LocSuf	LocPre_NStem_LocSuf
lapho	Dem16_Pos2		Dem16_Pos2	
i_nengi	AdjPref9_AdjStem	AdjPref9_AdjStem	AdjPref9_AdjStem	AdjPref9_AdjStem
le_i_zi_akhamuzi	PossConc5_NPrePre8_BPre8_NStem	PossConc5_NPrePre8_BPre8_NStem	PossConc5_NPrePre8_BPre8_NStem	PossConc5_NPrePre8_BPre8_NStem
za_yo	PossConc8_PronStem9	PossConc10_PronStem9	PossConc8_PronStem9	PossConc10_PronStem9
be_lidinywe	PossConc2_NStem	PossConc2_NStem	PossConc2_NStem	PossConc2_BPre5_NStem
khona	Adv	Conj	Adv	PronStem15_PronSuf
a_ma_thuba	NPrePre6_BPre6_NStem	NPrePre6_BPre6_NStem	NPrePre6_BPre6_NStem	NPrePre6_BPre6_NStem
.	Punc	Punc	Punc	Punc
khumbul_a	VRoot_VerbTerm	VRoot_VerbTerm	VRoot_VerbTerm	NStem
bona	AbsPron2	AbsPron2	AbsPron2	AbsPron2
i_logfremu	NPrePre5_NStem	NPrePre5_NStem	NPrePre5_NStem	NPrePre5_NStem
m_tlolo	BPre3_NStem	BPre3_NStem	BPre3_NStem	BPre3_NStem
o_phil_a_ko	RelConc3_VRoot_VerbTerm_RelSuf	RelConc3_VRoot_VerbTerm_RelSuf	RelConc3_VRoot_VerbTerm_RelSuf	RelConc3_VRoot_VerbTerm_RelSuf
,	Punc	Punc	Punc	Punc
alo-ke	Ideoph	RelConc5	Ideoph	RelConc6_VRoot_VerbTerm
ku_fan_el_e	OC16_VRoot_ApplExt_VerbTerm	OC15_VRoot_ApplExt_VerbTerm	OC16_VRoot_ApplExt_VerbTerm	OC15_VRoot_ApplExt_VerbTerm
bona	AbsPron2	AbsPron2	AbsPron2	AbsPron2
ku_qalis_w_e	BPre17_VRoot_PassExt_VerbTerm	SC15_VRoot_PassExt_VerbTerm	BPre17_VRoot_PassExt_VerbTerm	BPre15_NStem
ki_wo	PossConc6_PronStem6	LocPre_PronStem6	PossConc6_PronStem6	LocPre_PronStem6
njalo	Adv	Adv	Adv	Adv
nga_i_si_khathi	AdvPre_NPrePre7_BPre7_NStem	AdvPre_NPrePre7_BPre7_NStem	AdvPre_NPrePre7_BPre7_NStem	AdvPre_NPrePre7_BPre7_NStem
s_e_khoso	PossConc7_LocPre_NStem	PossConc7_LocPre_NStem	PossConc7_LocPre_NStem	PossConc7_LocPre_NStem
yo_mu_zombe	PossConc9_BPre10_NStem	PossConc4_BPre10_NStem	PossConc9_BPre10_NStem	PossConc9_BPre10_NStem
w_e_phrojekthi	PossConc3_LocPre_NStem	PossConc3_LocPre_NStem	PossConc3_LocPre_NStem	PossConc3_LocPre_NStem
.	Punc	Punc	Punc	Punc
li_thulusi	CopPre_NStem	NPrePre5_NStem	CopPre_NStem	NPrePre5_NStem
e_li_enz_el_w_e	SC5_OC5_VRoot_ApplExt_PassExt_VerbTerm	SC1_OC5_VRoot_ApplExt_PassExt_VerbTerm	SC5_OC5_VRoot_ApplExt_PassExt_VerbTerm	SC1_OC5_VRoot_ApplExt_PassExt_VerbTerm
u_ku_siz_a	NPrePre15_BPre15_VRoot_VerbTerm	NPrePre15_BPre15_VRoot_VerbTerm	NPrePre15_BPre15_VRoot_VerbTerm	NPrePre15_BPre15_VRoot_VerbTerm
i_li_lunga	NPrePre5_BPre5_NStem	NPrePre5_BPre5_NStem	NPrePre5_BPre5_NStem	NPrePre5_BPre5_NStem
le_si_qhema	Dem4_Pos1_BPre7_NStem	BPre7_NStem	Dem4_Pos1_BPre7_NStem	AdvPre_BPre7_NStem
,	Punc	Punc	Punc	Punc
i_nga_s_i	SC9_NegPre_VRoot_VerbTerm	SC9_NegPre_VRoot_VerbTerm	SC9_NegPre_VRoot_VerbTerm	SC9_NegPre_VRoot_VerbTerm
u_ku_liya	NPrePre15_BPre15_NStem	NPrePre15_BPre15_NStem	NPrePre15_BPre15_NStem	NPrePre15_BPre15_VRoot_VerbTerm
namtjhana	Conj	Conj	Conj	Conj
u_ku_ba_hlangahlang_an_is_a	NPrePre15_LocPre_SC2_VRoot_RecipExt_CausExt_VerbTerm	NPrePre15_BPre15_OC2_VRoot_RecipExt_CausExt_VerbTerm	NPrePre15_LocPre_SC2_VRoot_RecipExt_CausExt_VerbTerm	NPrePre15_BPre15_BPre2_NStem
,	Punc	Punc	Punc	Punc
a_li_ka_bek_w_a	SC6_OC1_AdvPre_VRoot_PassExt_VerbTerm	SC6_SC5_AdvPre_VRoot_PassExt_VerbTerm	SC6_OC1_AdvPre_VRoot_PassExt_VerbTerm	RelConc6_Pres_VRoot_PassExt_VerbTerm
phezu	Adv	Adv	Adv	Adv
kwe_litje	PossConc15_NStem	PossConc15_NStem	PossConc15_NStem	PossConc15_NStem
begodu	Conj	Conj	Conj	Conj
ku_fan_el_e	OC16_VRoot_ApplExt_VerbTerm	OC15_VRoot_ApplExt_VerbTerm	OC16_VRoot_ApplExt_VerbTerm	OC15_VRoot_ApplExt_VerbTerm
li_buyekez_w_e	SC5_VRoot_PassExt_VerbTerm	OC5_VRoot_PassExt_VerbTerm	SC5_VRoot_PassExt_VerbTerm	SC5_VRoot_PassExt_VerbTerm
njenga_omu_bana	AdvPre_AdjPref1_AdjStem	AdvPre_AdjPref1_AdjStem	AdvPre_AdjPref1_AdjStem	AdvPre_AdjPref1_AdjStem
si_w_az_i	SC2_OC2_VRoot_VerbTerm	SC7_OC3_VRoot_VerbTerm	SC2_OC2_VRoot_VerbTerm	BPre7_NStem
a_ma_qiniso	NPrePre6_BPre6_NStem	NPrePre6_BPre6_NStem	NPrePre6_BPre6_NStem	NPrePre6_BPre6_NStem
wa_u_ku_phunyelel_is_w_a	PossConc6_NPrePre15_BPre15_VRoot_CausExt_PassExt_VerbTerm	PossConc6_NPrePre15_BPre15_VRoot_CausExt_PassExt_VerbTerm	PossConc6_NPrePre15_BPre15_VRoot_CausExt_PassExt_VerbTerm	PossConc1a_NPrePre15_BPre15_VRoot_CausExt_PassExt_VerbTerm
kwe_phrojekthi	PossConc15_NStem	PossConc15_NStem	PossConc15_NStem	PossConc15_NStem
,	Punc	Punc	Punc	Punc
njenga_ku_tjh_o	AdvPre_BPre15_VRoot_VerbTerm	AdvPre_BPre15_VRoot_VerbTerm	AdvPre_BPre15_VRoot_VerbTerm	AdvPre_NPrePre15_BPre15_VRoot_VerbTerm
kwe_e_n_kambiso	PossConc15_LocPre_BPre3_NStem	PossConc15_LocPre_BPre3_NStem	PossConc15_LocPre_BPre3_NStem	PossConc15_LocPre_BPre3_NStem
zoku_tjhej_a	Fut_VRoot_VerbTerm	Fut_VRoot_VerbTerm	Fut_VRoot_VerbTerm	PossConc10_BPre15_NStem
na_u_ku_buyekez_a	AdvPre_NPrePre15_BPre15_VRoot_VerbTerm	AdvPre_NPrePre15_BPre15_VRoot_VerbTerm	AdvPre_NPrePre15_BPre15_VRoot_VerbTerm	AdvPre_NPrePre15_BPre15_VRoot_VerbTerm
.	Punc	Punc	Punc	Punc
linga	NStem	NStem	NStem	NStem
u_ku_bandakany_a	NPrePre15_BPre15_VRoot_VerbTerm	NPrePre15_BPre15_VRoot_VerbTerm	NPrePre15_BPre15_VRoot_VerbTerm	NPrePre15_BPre15_VRoot_VerbTerm
i_in_qhema	NPrePre8_NPre8_NStem	NPrePre8_NPre8_NStem	NPrePre8_NPre8_NStem	NPrePre8_NPre8_NStem
e_za_hlukahlukene_ko	LocPre_Pres_NStem_RelSuf	LocPre_Pres_NStem_RelSuf	LocPre_Pres_NStem_RelSuf	LocPre_Pres_NStem_RelSuf
ze_hlalakuhle	Pres_NStem	Pres_NStem	Pres_NStem	Pres_NStem
ezi_khonjiwe_ko	RelConc8_NStem_RelSuf	RelConc8_NStem_RelSuf	RelConc8_NStem_RelSuf	RelConc8_NStem_RelSuf
,	Punc	Punc	Punc	Punc
lokho	Dem15_Pos2		Dem15_Pos2	
ku_fak_a	BPre15_VRoot_VerbTerm	BPre15_VRoot_VerbTerm	BPre15_VRoot_VerbTerm	BPre15_VRoot_VerbTerm
hlanga_ana	NStem_DimSuf	NStem_DimSuf	NStem_DimSuf	NStem_DimSuf
na_a_ba_ntu	AdvPre_NPrePre2_BPre2_NStem	AdvPre_NPrePre2_BPre2_NStem	AdvPre_NPrePre2_BPre2_NStem	AdvPre_NPrePre2_BPre2_NStem
aba_ne_lu_azi	RelConc2_AdvPre_BPre14_NStem	RelConc2_AdvPre_BPre11_NStem	RelConc2_AdvPre_BPre14_NStem	RelConc2_AdvPre_BPre11_NStem
le_e_ndaba	PossConc5_LocPre_NStem	PossConc5_LocPre_NStem	PossConc5_LocPre_NStem	PossConc5_LocPre_NStem
ze_bhoduluko	Pres_NStem	Pres_NStem	Pres_NStem	PossConc10_NStem
la_i_n_ndawo	PossConc5_NPrePre9_BPre9_NStem	PossConc5_NPrePre9_BPre9_NStem	PossConc5_NPrePre9_BPre9_NStem	PossConc5_NPrePre9_BPre9_NStem
leyo	Dem9_Pos2		Dem9_Pos2	
.	Punc	Punc	Punc	Punc
nga_mva	AdvPre_Adv	AdvPre_Adv	AdvPre_Adv	AdvPre_Adv
kwa_lokho	PossConc15_Dem15_Pos2	PossConc15	PossConc15_Dem15_Pos2	PossConc15
a_ma_lunga	NPrePre6_BPre6_NStem	NPrePre6_BPre6_NStem	NPrePre6_BPre6_NStem	NPrePre6_BPre6_NStem
we_si_qhema	PossConc3_BPre7_NStem	PossConc3_BPre7_NStem	PossConc3_BPre7_NStem	PossConc3_BPre7_NStem
ku_fuz_e	OC15_VRoot_VerbTerm	OC15_VRoot_VerbTerm	OC15_VRoot_VerbTerm	OC15_VRoot_VerbTerm
a_vowud_el_e	SC6_VRoot_ApplExt_VerbTerm	SC6_VRoot_ApplExt_VerbTerm	SC6_VRoot_ApplExt_VerbTerm	RelConc6_Intrans_VerbTerm
i_mi_phumela	NPrePre4_BPre4_NStem	NPrePre4_BPre4_NStem	NPrePre4_BPre4_NStem	NPrePre4_BPre4_NStem
emi_thathu	AdjPref4_AdjStem	AdjPref4_AdjStem	AdjPref4_AdjStem	AdjPref4_AdjStem
ya_u_ku_thom_a	PossConc9_NPrePre15_BPre15_VRoot_VerbTerm	PossConc9_NPrePre15_BPre15_VRoot_VerbTerm	PossConc9_NPrePre15_BPre15_VRoot_VerbTerm	PossConc9_NPrePre15_BPre15_VRoot_VerbTerm
e_funek_a_ko	SC9_VRoot_VerbTerm_RelSuf	RelConc4_VRoot_VerbTerm_RelSuf	SC9_VRoot_VerbTerm_RelSuf	RelConc9_VRoot_NeutExt_VerbTerm_RelSuf
.	Punc	Punc	Punc	Punc
eli_nye	AdjPref5_AdjStem	AdjPref5_AdjStem	AdjPref5_AdjStem	AdjPref5_AdjStem
na_eli_nye	AdvPre_AdjPref5_AdjStem	AdvPre_AdjPref5_AdjStem	AdvPre_AdjPref5_AdjStem	AdvPre_AdjPref5_AdjStem
i_li_lunga	NPrePre5_BPre5_NStem	NPrePre5_BPre5_NStem	NPrePre5_BPre5_NStem	NPrePre5_BPre5_NStem
le_si_qhema	AdvPre_BPre7_NStem	BPre7_NStem	AdvPre_BPre7_NStem	PossConc5_BPre7_NStem
li_na_ma_vowudu	BPre5_AdvPre_BPre6_NStem	BPre5_AdvPre_BPre6_NStem	BPre5_AdvPre_BPre6_NStem	BPre5_AdvPre_BPre6_NStem
ama_thathu	AdjPref6_AdjStem	AdjPref6_AdjStem	AdjPref6_AdjStem	AdjPref6_AdjStem
begodu	Conj	Conj	Conj	Conj
'	Punc	Punc	Punc	Punc
li_nga_vowuda	BPre5_AdvPre_NStem	BPre5_AdvPre_NStem	BPre5_AdvPre_NStem	SC5_AdvPre_VRoot_VerbTerm
'	Punc	Punc	Punc	Punc
nga_u_ku_fak_a	AdvPre_NPrePre15_BPre15_VRoot_VerbTerm	AdvPre_NPrePre15_BPre15_VRoot_VerbTerm	AdvPre_NPrePre15_BPre15_VRoot_VerbTerm	AdvPre_NPrePre15_BPre15_VRoot_VerbTerm
i_tshwayo	NPrePre4_NStem	NPrePre4_NStem	NPrePre4_NStem	NPrePre4_NStem
eli_lo_dwa	RelConc5_QuantConc5_QuantStem	RelConc5_QuantConc5_QuantStem	RelConc5_QuantConc5_QuantStem	RelConc5_QuantConc5_QuantStem
li_nani_ana	BPre5_NStem_DimSuf	BPre5_NStem_DimSuf	BPre5_NStem_DimSuf	BPre5_NStem_DimSuf
ama_thathu	AdjPref6_AdjStem	AdjPref6_AdjStem	AdjPref6_AdjStem	AdjPref6_AdjStem
e_qadi	LocPre_NStem	LocPre_NStem	LocPre_NStem	LocPre_NStem
kwa_u_mu_phumela	PossConc15_NPrePre3_BPre3_NStem	PossConc15_NPrePre3_BPre3_NStem	PossConc15_NPrePre3_BPre3_NStem	PossConc15_NPrePre3_BPre3_NStem
o_funek_a_ko	SC3_VRoot_VerbTerm_RelSuf	RelConc3_VRoot_VerbTerm_RelSuf	SC3_VRoot_VerbTerm_RelSuf	RelConc3_VRoot_VerbTerm_RelSuf
begodu	Conj	Conj	Conj	Conj
eli_cabang_a	RelConc5_VRoot_VerbTerm	RelConc5_VRoot_VerbTerm	RelConc5_VRoot_VerbTerm	RelConc5_VRoot_VerbTerm
bo_nyana	BPre2_NStem	BPre2_NStem	BPre2_NStem	BPre2_NStem
ku_fuz_e	OC15_VRoot_VerbTerm	OC15_VRoot_VerbTerm	OC15_VRoot_VerbTerm	OC15_VRoot_VerbTerm
u_nikelwe	NPrePre1a_NStem	NPrePre1a_NStem	NPrePre1a_NStem	SC3_VRoot_ApplExt_PassExt_VerbTerm
i_tjhejontangi	NPrePre4_NStem	NPrePre4_NStem	NPrePre4_NStem	NPrePre4_NStem
.	Punc	Punc	Punc	Punc
i_sahlukwesi	NPrePre4_NStem	NPrePre4_NStem	NPrePre4_NStem	NPrePre4_NStem
si_nikel_a	SC7_VRoot_VerbTerm	SC7_VRoot_VerbTerm	SC7_VRoot_VerbTerm	SC7_VRoot_VerbTerm
i_hlathululo	NPrePre4_NStem	NPrePre4_NStem	NPrePre4_NStem	NPrePre4_NStem
ka_nye	AdjPref9_AdjStem	AdvPre_AdjStem	AdjPref9_AdjStem	AdvPre_AdjStem
na_i_mi_niningwana	AdvPre_NPrePre4_BPre4_NStem	AdvPre_NPrePre4_BPre4_NStem	AdvPre_NPrePre4_BPre4_NStem	AdvPre_NPrePre4_BPre4_NStem_DimSuf
e_zel_e_ko	RelConc4_VRoot_VerbTerm_RelSuf	RelConc4_VRoot_VerbTerm_RelSuf	RelConc4_VRoot_VerbTerm_RelSuf	RelConc4_VRoot_VerbTerm_RelSuf
ma_lunga_ana	BPre6_NStem_DimSuf	BPre6_NStem_DimSuf	BPre6_NStem_DimSuf	BPre6_NStem_DimSuf
ne_si_gaba	AdvPre_BPre7_NStem	AdvPre_BPre7_NStem	AdvPre_BPre7_NStem	AdvPre_BPre7_NStem
nga_si_nye	AdvPre_BPre7_AdjStem	AdvPre_BPre7_AdjStem	AdvPre_BPre7_AdjStem	AdvPre_BPre7_AdjStem
sa_lokho	PossConc7_Dem15_Pos2	PossConc7	PossConc7_Dem15_Pos2	PossConc7
oku_lisizo	RelConc8_NStem	RelConc15_NStem	RelConc8_NStem	RelConc15_NStem
mayelana	NStem	NStem	NStem	NStem
na_u_ku_phunyelelisw_a	AdvPre_NPrePre15_BPre15_Intrans_VerbTerm	AdvPre_NPrePre15_BPre15_Intrans_VerbTerm	AdvPre_NPrePre15_BPre15_Intrans_VerbTerm	AdvPre_NPrePre15_BPre15_VRoot_CausExt_PassExt_VerbTerm
kwe_CBP	PossConc15_Abbr	PossConc15_Abbr	PossConc15_Abbr	PossConc15_Abbr
o_kwe_ndlal_w_e	SC3_OC15_VRoot_PassExt_VerbTerm	SC3_BPre15_VRoot_PassExt_VerbTerm	SC3_OC15_VRoot_PassExt_VerbTerm	SC3_BPre15_VRoot_PassExt_VerbTerm
e_mhlahlandlela_eni	LocPre_NStem_LocSuf	LocPre_NStem_LocSuf	LocPre_NStem_LocSuf	LocPre_BPre3_NStem_LocSuf
w_e_AICDD	PossConc3_LocPre_Abbr	PossConc3_LocPre_Abbr	PossConc3_LocPre_Abbr	PossConc3_LocPre_NStem
o_phath_el_an_ile	RelConc3_VRoot_ApplExt_RecipExt_Perf	RelConc3_VRoot_ApplExt_RecipExt_Perf	RelConc3_VRoot_ApplExt_RecipExt_Perf	RelConc3_VRoot_ApplExt_RecipExt_Perf
na_CBP	AdvPre_Abbr	AdvPre_Abbr	AdvPre_Abbr	AdvPre_Abbr
.	Punc	Punc	Punc	Punc
i_sahlukwesi	NPrePre4_NStem	NPrePre4_NStem	NPrePre4_NStem	NPrePre4_NStem
si_mumath_ile	SC7_VRoot_Perf	SC1_VRoot_Perf	SC7_VRoot_Perf	SC1_VRoot_Perf
i_si_gaba	NPrePre7_BPre7_NStem	NPrePre7_BPre7_NStem	NPrePre7_BPre7_NStem	NPrePre7_BPre7_NStem
esi_nye	AdjPref7_AdjStem	AdjPref7_AdjStem	AdjPref7_AdjStem	AdjPref7_AdjStem
na_esi_nye	AdvPre_AdjPref7_AdjStem	AdvPre_AdjPref7_AdjStem	AdvPre_AdjPref7_AdjStem	AdvPre_AdjPref7_AdjStem
,	Punc	Punc	Punc	Punc
ngo_ku_landela	AdvPre_BPre15_NStem	AdvPre_BPre15_NStem	AdvPre_BPre15_NStem	AdvPre_NPrePre15_BPre15_VRoot_VerbTerm
u_m_hlahlandlela	NPrePre3_BPre3_NStem	NPrePre3_BPre3_NStem	NPrePre3_BPre3_NStem	NPrePre3_BPre3_NStem
w_e_AICDD	PossConc3_LocPre_Abbr	PossConc3_LocPre_Abbr	PossConc3_LocPre_Abbr	PossConc3_LocPre_NStem
,	Punc	Punc	Punc	Punc
begodu	Conj	Conj	Conj	Conj
sa_enz_a	SC1_VRoot_VerbTerm	SC1_VRoot_VerbTerm	SC1_VRoot_VerbTerm	SC1_VRoot_VerbTerm
ne_e_m_phakamiso	AdvPre_LocPre_BPre3_NStem	AdvPre_LocPre_BPre3_NStem	AdvPre_LocPre_BPre3_NStem	AdvPre_LocPre_BPre3_NStem
zo_kobana	Pres_NStem	PossConc8_NStem	Pres_NStem	Pres_NStem
i_si_gaba	NPrePre7_BPre7_NStem	NPrePre7_BPre7_NStem	NPrePre7_BPre7_NStem	NPrePre7_BPre7_NStem
nga_si_nye	AdvPre_BPre7_AdjStem	AdvPre_BPre7_AdjStem	AdvPre_BPre7_AdjStem	AdvPre_BPre7_AdjStem
si_nge_ez_iw_a	SC7_AdvPre_VRoot_PassExt_VerbTerm	BPre7_AdvPre_VRoot_PassExt_VerbTerm	SC7_AdvPre_VRoot_PassExt_VerbTerm	BPre7_Pot_VRoot_PassExt_VerbTerm
bu_njani	SC14_Adv	SC14_Adv	SC14_Adv	SC14_Adv
.	Punc	Punc	Punc	Punc
i_sahluko	NPrePre4_NStem	NPrePre4_NStem	NPrePre4_NStem	NPrePre4_NStem
si_rhunyez_a	SC7_VRoot_VerbTerm	SC7_VRoot_VerbTerm	SC7_VRoot_VerbTerm	SC7_VRoot_VerbTerm
a_ma_phuzu	NPrePre6_BPre6_NStem	NPrePre6_BPre6_NStem	NPrePre6_BPre6_NStem	NPrePre6_BPre6_NStem
a_qakathek_ile_ko	SC6_VRoot_Perf_RelSuf	SC6_VRoot_Perf_RelSuf	SC6_VRoot_Perf_RelSuf	SC6_VRoot_Perf_RelSuf
.	Punc	Punc	Punc	Punc
i_hlathululo_mqondo	NPrePre4_NStem_NStem	NPrePre4_NStem_NStem	NPrePre4_NStem_NStem	NPrePre4_NStem_NStem
e_nabile_ko	LocPre_NStem_RelSuf	LocPre_NStem_RelSuf	LocPre_NStem_RelSuf	LocPre_VRoot_Perf_RelSuf
ya_ma_phuzu	PossConc9_BPre6_NStem	PossConc9_BPre6_NStem	PossConc9_BPre6_NStem	PossConc9_BPre6_NStem
a_qakathek_ile_ko	SC6_VRoot_Perf_RelSuf	SC6_VRoot_Perf_RelSuf	SC6_VRoot_Perf_RelSuf	SC6_VRoot_Perf_RelSuf
i_mumeth_w_e	SC4_VRoot_PassExt_VerbTerm	SC4_VRoot_PassExt_VerbTerm	SC4_VRoot_PassExt_VerbTerm	SC4_VRoot_PassExt_VerbTerm
mHlahlandlela	ProperName	ProperName	ProperName	NStem
w_e_AICDD	PossConc3_LocPre_Abbr	PossConc3_LocPre_Abbr	PossConc3_LocPre_Abbr	PossConc3_LocPre_Abbr
.	Punc	Punc	Punc	Punc
a_bo_mma	NPrePre2a_BPre2a_NStem	NPrePre2a_BPre2a_NStem	NPrePre2a_BPre2a_NStem	NPrePre2a_BPre2a_NStem
be_bahlanganyela	PossConc2_NStem	PossConc2_NStem	PossConc2_NStem	PossConc2_SC2_VRoot_VerbTerm
njani	Adv	Adv	Adv	Adv
e_i_mi_sebenzi_ini	LocPre_NPrePre4_BPre4_NStem_LocSuf	LocPre_NPrePre4_BPre4_NStem_LocSuf	LocPre_NPrePre4_BPre4_NStem_LocSuf	LocPre_BPre4_NStem_LocSuf
y_a_a_ma_phrogremu	PossConc1a_LocPre_NPrePre6_BPre6_NStem	PossConc1a_LocPre_NPrePre6_BPre6_NStem	PossConc1a_LocPre_NPrePre6_BPre6_NStem	PossConc4_BPre6_NStem
(	Punc	Punc	Punc	Punc
oku_fak_a	RelConc15_VRoot_VerbTerm	RelConc15_VRoot_VerbTerm	RelConc15_VRoot_VerbTerm	RelConc15_VRoot_VerbTerm
phakathi	Adv	Adv	Adv	Adv
a_ma_phrogremu	NPrePre6_BPre6_NStem	NPrePre6_BPre6_NStem	NPrePre6_BPre6_NStem	NPrePre6_BPre6_NStem
wa_u_ku_bandula	PossConc6_NPrePre15_BPre15_NStem	PossConc3_NPrePre15_BPre15_NStem	PossConc6_NPrePre15_BPre15_NStem	PossConc3_NPrePre15_BPre15_NStem
,	Punc	Punc	Punc	Punc
a_ma_seminara	NPrePre6_BPre6_NStem	NPrePre6_BPre6_NStem	NPrePre6_BPre6_NStem	NPrePre6_BPre6_NStem
na_i_mi_hlangano	AdvPre_NPrePre4_BPre4_NStem	AdvPre_NPrePre4_BPre4_NStem	AdvPre_NPrePre4_BPre4_NStem	AdvPre_NPrePre4_BPre4_NStem
)	Punc	Punc	Punc	Punc
na	Interrog	Interrog	Interrog	Interrog
?	Punc	Punc	Punc	Punc
a_bo_baba	NPrePre2a_BPre2a_NStem	NPrePre2a_BPre2a_NStem	NPrePre2a_BPre2a_NStem	NPrePre2a_BPre2a_NStem
bona	AbsPron2	AbsPron2	AbsPron2	AbsPron2
ke	Conj	Conj	Conj	Conj
?	Punc	Punc	Punc	Punc
ba_yi_khona	PossConc2a_CopPre_NStem	SC14_CopPre_Adv	PossConc2a_CopPre_NStem	PossConc2_CopPre_NStem
yi_ni	CopPre_Interrog	CopPre_Interrog	CopPre_Interrog	CopPre_Interrog
i_bhajedi	NPrePre4_NStem	NPrePre5_NStem	NPrePre4_NStem	NPrePre4_NStem
e_nqoph_ile_ko	LocPre_VRoot_Perf_RelSuf	LocPre_VRoot_Perf_RelSuf	LocPre_VRoot_Perf_RelSuf	LocPre_VRoot_Perf_RelSuf
e_ya_tjelw_e	RelConc14_Past_Intrans_VerbTerm	RelConc9_Pres_Intrans_VerbTerm	RelConc14_Past_Intrans_VerbTerm	RelConc9_Pres_VRoot_PassExt_VerbTerm
a_bo_mma	NPrePre2a_BPre2a_NStem	NPrePre2a_BPre2a_NStem	NPrePre2a_BPre2a_NStem	NPrePre2a_BPre2a_NStem
na	Interrog	Interrog	Interrog	Interrog
?	Punc	Punc	Punc	Punc
u_ku_khomb_a	NPrePre15_BPre15_VRoot_VerbTerm	NPrePre15_BPre15_VRoot_VerbTerm	NPrePre15_BPre15_VRoot_VerbTerm	NPrePre15_BPre15_VRoot_VerbTerm
i_in_setjenziswa	NPrePre8_NPre8_NStem	NPrePre8_NPre8_NStem	NPrePre8_NPre8_NStem	NPrePre8_NPre8_NStem
-	Punc	Punc	Punc	Punc
a_ma_komidi	NPrePre6_BPre6_NStem	NPrePre6_BPre6_NStem	NPrePre6_BPre6_NStem	NPrePre6_BPre6_NStem
we_wadi	PossConc6_NStem	PossConc6_NStem	PossConc6_NStem	PossConc6_NStem
a_bek_w_e	SC6_VRoot_PassExt_VerbTerm	SC6_VRoot_PassExt_VerbTerm	SC6_VRoot_PassExt_VerbTerm	SC6_VRoot_PassExt_VerbTerm
ku_hle	AdjPref15_AdjStem	AdjPref15_AdjStem	AdjPref15_AdjStem	AdjPref15_AdjStem
e_i_n_ndawo_ini	LocPre_NPrePre9_BPre9_NStem_LocSuf	LocPre_NPrePre9_BPre9_NStem_LocSuf	LocPre_NPrePre9_BPre9_NStem_LocSuf	LocPre_NPrePre9_BPre9_NStem_LocSuf
ukuze	Conj	Conj	Conj	Conj
a_az_i	SC6_VRoot_VerbTerm	SC6_VRoot_VerbTerm	SC6_VRoot_VerbTerm	SC6_VRoot_VerbTerm
bona	AbsPron2	AbsPron2	AbsPron2	AbsPron2
ngiziphi	Interrog	Interrog	Interrog	Interrog
i_in_setjenziswa	NPrePre8_NPre8_NStem	NPrePre8_NPre8_NStem	NPrePre8_NPre8_NStem	NPrePre8_NPre8_NStem
ezi_tholakal_a_ko	RelConc8_VRoot_VerbTerm_RelSuf	RelConc8_VRoot_VerbTerm_RelSuf	RelConc8_VRoot_VerbTerm_RelSuf	RelConc8_VRoot_NeutExt_RelSuf
e_u_mu_phakathi_ini	LocPre_NPrePre3_BPre3_NStem_LocSuf	LocPre_NPrePre3_BPre3_NStem_LocSuf	LocPre_NPrePre3_BPre3_NStem_LocSuf	LocPre_NPrePre3_BPre3_NStem_LocSuf
ka_nye	AdvPre_AdjStem	AdvPre_AdjStem	AdvPre_AdjStem	AdvPre_AdjStem
na_i_mi_bandela	AdvPre_NPrePre4_BPre4_NStem	AdvPre_NPrePre4_BPre4_NStem	AdvPre_NPrePre4_BPre4_NStem	AdvPre_NPrePre4_BPre4_NStem
nokobana	Conj	Conj	Conj	Conj
i_khansela	NPrePre4_NStem	NPrePre4_NStem	NPrePre4_NStem	NPrePre4_NStem
li_nga_sebenz_is_a	SC5_AdvPre_VRoot_CausExt_VerbTerm	SC5_AdvPre_VRoot_CausExt_VerbTerm	SC5_AdvPre_VRoot_CausExt_VerbTerm	SC5_AdvPre_VRoot_CausExt_VerbTerm
bu_njani	SC14_Adv	SC14_Adv	SC14_Adv	SC14_Adv
i_in_setjenzizwezi	NPrePre8_BPre8_NStem	NPrePre8_NPre8_NStem	NPrePre8_BPre8_NStem	NPrePre8_BPre8_NStem
.	Punc	Punc	Punc	Punc
i_in_setjenziswezi	NPrePre4_BPre4_NStem	NPrePre8_BPre8_NStem	NPrePre4_BPre4_NStem	NPrePre8_NPre8_NStem
zi_ngaba	BPre10_NStem	BPre10_NStem	BPre10_NStem	BPre10_NStem
li_sizo	BPre5_NStem	BPre5_NStem	BPre5_NStem	BPre5_NStem
godu	Ideoph	Ideoph	Ideoph	Ideoph
lokha	Conj	Conj	Conj	Conj
u_masipala	NPrePre1a_NStem	NPrePre1a_NStem	NPrePre1a_NStem	NPrePre1a_NStem
a_kheth_a	RelConc6_VRoot_VerbTerm	RelConc6_VRoot_VerbTerm	RelConc6_VRoot_VerbTerm	SC6_VRoot_VerbTerm
u_ku_nikel_a	NPrePre15_BPre15_VRoot_VerbTerm	NPrePre15_BPre15_VRoot_VerbTerm	NPrePre15_BPre15_VRoot_VerbTerm	NPrePre15_BPre15_VRoot_VerbTerm
u_mu_sebenz_i	NPrePre3_BPre3_VRoot_VerbTerm	NPrePre3_BPre3_VRoot_VerbTerm	NPrePre3_BPre3_VRoot_VerbTerm	NPrePre3_BPre3_NStem
nga_e_n_hlangano	AdvPre_LocPre_BPre9_NStem	AdvPre_LocPre_BPre9_NStem	AdvPre_LocPre_BPre9_NStem	AdvPre_LocPre_BPre9_NStem
za_i_mi_sebenzi	PossConc8_NPrePre4_BPre4_NStem	PossConc10_NPrePre4_BPre4_NStem	PossConc8_NPrePre4_BPre4_NStem	PossConc10_NPrePre4_BPre4_NStem
za_ka_masipala	PossConc10_PossKA_NStem	PossConc10_PossKA_NStem	PossConc10_PossKA_NStem	PossConc10_PossKA_NStem
.	Punc	Punc	Punc	Punc
a_ma_komidi	NPrePre6_BPre6_NStem	NPrePre6_BPre6_NStem	NPrePre6_BPre6_NStem	NPrePre6_BPre6_NStem
wa_ma_wadi	PossConc3_NPre6_NStem	PossConc3_BPre6_NStem	PossConc3_NPre6_NStem	PossConc3_BPre6_NStem
a_nga_siz_a	RelConc6_AdvPre_VRoot_VerbTerm	SC6_AdvPre_VRoot_VerbTerm	RelConc6_AdvPre_VRoot_VerbTerm	RelConc6_AdvPre_VRoot_VerbTerm
e_ku_khomba_eni	LocPre_BPre15_NStem_LocSuf	LocPre_BPre15_NStem_LocSuf	LocPre_BPre15_NStem_LocSuf	LocPre_BPre15_NStem_LocSuf
u_mu_nikeli	NPrePre1_BPre1_NStem	NPrePre1_BPre1_NStem	NPrePre1_BPre1_NStem	NPrePre1_BPre1_NStem
wa_u_mu_sebenzi	PossConc3_NPrePre3_BPre3_NStem	PossConc3_NPrePre3_BPre3_NStem	PossConc3_NPrePre3_BPre3_NStem	PossConc3_NPrePre3_BPre3_NStem
o_faneleko	RelConc3_NStem	RelConc3_NStem	RelConc3_NStem	RelConc3_NStem
o_nga_hlangabezan_a	SC3_AdvPre_VRoot_VerbTerm	RelConc3_AdvPre_VRoot_VerbTerm	SC3_AdvPre_VRoot_VerbTerm	RelConc3_AdvPre_VRoot_VerbTerm
na_i_mi_nqopho	AdvPre_NPrePre6_BPre6_NStem	AdvPre_NPre4_BPre4_NStem	AdvPre_NPrePre6_BPre6_NStem	AdvPre_NPre4_BPre4_NStem
yo_kwe_thul_w_a	PossConc9_PossConc15_VRoot_PassExt_VerbTerm	PossConc9_PossConc15_VRoot_PassExt_VerbTerm	PossConc9_PossConc15_VRoot_PassExt_VerbTerm	PossConc9_PossConc15_VRoot_PassExt_VerbTerm
ka_masipala	PossKA_NStem	PossKA_NStem	PossKA_NStem	PossKA_NStem
nga_i_n_thengo	AdvPre_NPrePre9_BPre9_NStem	AdvPre_NPrePre9_BPre9_NStem	AdvPre_NPrePre9_BPre9_NStem	AdvPre_NPrePre9_BPre9_NStem
e_kghonakala_ko	RelConc9_NStem_RelSuf	RelConc9_NStem_RelSuf	RelConc9_NStem_RelSuf	RelConc9_VRoot_VerbTerm_RelSuf
begodu	Conj	Conj	Conj	Conj
na_u_ku_tholiswa	AdvPre_NPrePre15_BPre15_NStem	AdvPre_NPrePre15_BPre15_NStem	AdvPre_NPrePre15_BPre15_NStem	AdvPre_NPrePre15_BPre15_VRoot_VerbTerm
kwe_e_n_setjenziswa	PossConc15_LocPre_BPre3_NStem	PossConc15_LocPre_BPre3_NStem	PossConc15_LocPre_BPre3_NStem	PossConc15_LocPre_BPre3_NStem
oku_ngi_kho	RelConc15_CopPre_NStem	RelConc15_CopPre_NStem	RelConc15_CopPre_NStem	RelConc15_CopPre_NStem
.	Punc	Punc	Punc	Punc
u_ku_tjhugulula	NPrePre15_BPre15_NStem	NPrePre15_BPre15_NStem	NPrePre15_BPre15_NStem	NPrePre15_BPre15_NStem
a_mandla	RelConc6_RelStem	RelConc6_RelStem	RelConc6_RelStem	RelConc6_RelStem
anga_lingani_ko	NegPre_NStem_RelSuf	NegPre_NStem_RelSuf	NegPre_NStem_RelSuf	NegPre_VRoot_VerbTerm_RelSuf
w_e_tjhebiswano	PossConc3_LocPre_NStem	PossConc1a_LocPre_NStem	PossConc3_LocPre_NStem	PossConc3_NStem
phakathi	Adv	Adv	Adv	Adv
kwa_bo_baba	PossConc1a_BPre2a_NStem	PossConc15_BPre2a_NStem	PossConc1a_BPre2a_NStem	PossConc1a_NStem
na_bo_mma	AdvPre_NPrePre2a_NStem	AdvPre_PossConc2_NStem	AdvPre_NPrePre2a_NStem	AdvPre_PossConc2_NStem
.	Punc	Punc	Punc	Punc
a_bo_mma	NPrePre2a_BPre2a_NStem	NPrePre2a_BPre2a_NStem	NPrePre2a_BPre2a_NStem	NPrePre2a_BPre2a_NStem
ku_mel_e	SC15_VRoot_VerbTerm	SC15_VRoot_VerbTerm	SC15_VRoot_VerbTerm	SC15_VRoot_VerbTerm
ba_kghone	PossConc2_NStem	BPre2_NStem	PossConc2_NStem	SC2_VRoot_VerbTerm
u_ku_fuman_a	NPrePre15_BPre15_VRoot_VerbTerm	NPrePre15_BPre15_VRoot_VerbTerm	NPrePre15_BPre15_VRoot_VerbTerm	NPrePre15_BPre15_VRoot_VerbTerm
i_zi_nto	NPrePre10_BPre10_NStem	NPrePre10_BPre10_NStem	NPrePre10_BPre10_NStem	NPrePre10_BPre10_NStem
ezi_za_ba_nikel_a	RelConc10_Fut_BPre2_VRoot_VerbTerm	RelConc10_Fut_SC2_VRoot_VerbTerm	RelConc10_Fut_BPre2_VRoot_VerbTerm	RelConc10_Fut_SC2_VRoot_VerbTerm
a_ma_ndla_ezi_njengo_ku_bandulwa	NPrePre6_BPre6_NStem_RelConc8_AdvPre_BPre15_NStem	NPrePre6_BPre6_NStem_RelConc8_AdvPre_BPre15_NStem	NPrePre6_BPre6_NStem_RelConc8_AdvPre_BPre15_NStem	NPrePre6_BPre6_NStem_NStem
,	Punc	Punc	Punc	Punc
u_ku_bagabhulisa	NPrePre15_BPre15_NStem	NPrePre15_BPre15_NStem	NPrePre15_BPre15_NStem	NPrePre15_BPre15_NStem_NStem
i_mali	NPrePre9_NStem	NPrePre9_NStem	NPrePre9_NStem	NPrePre9_NStem
,	Punc	Punc	Punc	Punc
u_ku_tlikitlela	NPrePre15_BPre15_NStem	NPrePre15_BPre15_NStem	NPrePre15_BPre15_NStem	NPrePre15_BPre15_NStem
a_mandla	RelConc6_RelStem	RelConc6_RelStem	RelConc6_RelStem	RelConc6_RelStem
wa_u_ku_qatjha	PossConc3_NPrePre15_BPre15_NStem	PossConc3_NPrePre15_BPre15_NStem	PossConc3_NPrePre15_BPre15_NStem	PossConc3_NPrePre15_BPre15_VRoot_VerbTerm
i_n_dlu	NPrePre8_BPre8_NStem	NPrePre8_BPre7_NStem	NPrePre8_BPre8_NStem	NPrePre8_BPre8_NStem
na_u_ku_janyel_w_a	AdvPre_NPrePre15_BPre15_VRoot_PassExt_VerbTerm	AdvPre_NPrePre15_BPre15_VRoot_PassExt_VerbTerm	AdvPre_NPrePre15_BPre15_VRoot_PassExt_VerbTerm	AdvPre_NPrePre15_BPre15_Intrans_VerbTerm
e_sakhiwo_eni	LocPre_NStem_LocSuf	LocPre_NStem_LocSuf	LocPre_NStem_LocSuf	LocPre_NStem_LocSuf
s_e_zepolitiki	PossConc7_LocPre_NStem	PossConc7_LocPre_NStem	PossConc7_LocPre_NStem	PossConc7_LocPre_NStem
.	Punc	Punc	Punc	Punc
i_nengi	AdjPref9_AdjStem	AdjPref9_AdjStem	AdjPref9_AdjStem	AdjPref9_AdjStem
le_i_entjhijilo	AdvPre_NPrePre4_NStem	Pos1_NPrePre4	AdvPre_NPrePre4_NStem	Pos1
ze_sewula	PossConc8_NStem	Pres_NStem	PossConc8_NStem	BPre8_NStem
Afrika	ProperName	ProperName	ProperName	NStem
zi_nga_rarulul_w_a	BPre8_AdvPre_VRoot_PassExt_VerbTerm	SC8_AdvPre_VRoot_PassExt_VerbTerm	BPre8_AdvPre_VRoot_PassExt_VerbTerm	BPre10_Pot_NStem
ku_aphel_a	OC15_Intrans_VerbTerm	OC15_Intrans_VerbTerm	OC15_Intrans_VerbTerm	SC15_VRoot_VerbTerm
ngo_ku_sebenz_is_an_a	AdvPre_OC15_VRoot_CausExt_RecipExt_VerbTerm	AdvPre_BPre15_VRoot_CausExt_RecipExt_VerbTerm	AdvPre_OC15_VRoot_CausExt_RecipExt_VerbTerm	AdvPre_NPrePre15_BPre15_VRoot_CausExt_RecipExt_VerbTerm
kwe_e_m_phande	PossConc15_LocPre_BPre3_NStem	PossConc15_LocPre_BPre3_NStem	PossConc15_LocPre_BPre3_NStem	PossConc15_LocPre_BPre3_NStem
.	Punc	Punc	Punc	Punc
nanyana	Conj	Conj	Conj	BPre5_NStem_DimSuf
i_sewula	NPrePre5_NStem	NPrePre4_NStem	NPrePre5_NStem	NPrePre4_NStem
Afrika	ProperName	ProperName	ProperName	NStem
i_yi_narha	NPrePre5_CopPre_NStem	NPrePre9_CopPre_NStem	NPrePre5_CopPre_NStem	BPre9_CopPre_NStem
e_tlhog_a	RelConc5_Intrans_VerbTerm	RelConc4_Intrans_VerbTerm	RelConc5_Intrans_VerbTerm	RelConc4_NStem
a_manzi	NPrePre6_NStem	NPrePre6_NStem	NPrePre6_NStem	NPrePre6_NStem
ka_ngaka	AdvPre_RelStem	AdvPre_RelStem	AdvPre_RelStem	AdvPre_RelStem
,	Punc	Punc	Punc	Punc
kodwana	Conj	Conj	Conj	Conj
i_nengi	AdjPref9_AdjStem	AdjPref9_AdjStem	AdjPref9_AdjStem	AdjPref9_AdjStem
le_e_narha	PossConc10_LocPre_NStem	PossConc5_LocPre_NStem	PossConc10_LocPre_NStem	PossConc5_LocPre_NStem
ezi_bo_makhelwana	RelConc8_PossConc2_NStem	RelConc8_BPre2_NStem	RelConc8_PossConc2_NStem	RelConc8_BPre2_NStem
li_fuman_a	SC5_VRoot_VerbTerm	SC5_VRoot_VerbTerm	SC5_VRoot_VerbTerm	SC5_VRoot_VerbTerm
a_manzi	NPrePre6_NStem	NPrePre6_NStem	NPrePre6_NStem	NPrePre6_NStem
ama_nengi	AdjPref6_AdjStem	AdjPref6_AdjStem	AdjPref6_AdjStem	AdjPref6_AdjStem
khulu	Adv	Adv	Adv	Adv
.	Punc	Punc	Punc	Punc
ku_ne_zi_nye	LocPre_AdvPre_BPre8_NStem	LocPre_AdvPre_BPre8_NStem	LocPre_AdvPre_BPre8_NStem	LocPre_AdvPre_BPre8_NStem
i_in_ndawo	NPrePre10_BPre10_NStem	NPrePre10_BPre10_NStem	NPrePre10_BPre10_NStem	NPrePre10_BPre10_NStem
lapho	Dem16_Pos2		Dem16_Pos2	
i_in_hlangano	NPrePre10_BPre10_NStem	NPrePre4_BPre4_NStem	NPrePre10_BPre10_NStem	NPrePre4_BPre4_NStem
ezi_thuthuk_is_a_ko	RelConc10_VRoot_CausExt_VerbTerm_RelSuf	RelConc10_VRoot_CausExt_VerbTerm_RelSuf	RelConc10_VRoot_CausExt_VerbTerm_RelSuf	RelConc10_VRoot_CausExt_VerbTerm_RelSuf
ezi_ngezelel_a_ko	RelConc10_VRoot_VerbTerm_RelSuf	RelConc10_VRoot_VerbTerm_RelSuf	RelConc10_VRoot_VerbTerm_RelSuf	RelConc8_VRoot_VerbTerm_RelSuf
zi_nikel_a	SC10_VRoot_VerbTerm	SC10_VRoot_VerbTerm	SC10_VRoot_VerbTerm	SC10_VRoot_VerbTerm
kho_na	PronStem15_PronSuf	PronStem15_PronSuf	PronStem15_PronSuf	PronStem15_PronSuf
a_ma_thuba	NPrePre6_BPre6_NStem	NPrePre6_BPre6_NStem	NPrePre6_BPre6_NStem	NPrePre6_BPre6_NStem
wa_u_ku_sebenz_is_an_a	PossConc6_NPrePre15_BPre15_VRoot_CausExt_RecipExt_VerbTerm	PossConc3_NPrePre15_BPre15_VRoot_CausExt_RecipExt_VerbTerm	PossConc6_NPrePre15_BPre15_VRoot_CausExt_RecipExt_VerbTerm	PossConc1_NPrePre15_BPre15_VRoot_CausExt_RecipExt_VerbTerm
oku_hlomul_is_a	RelConc15_VRoot_CausExt_VerbTerm	RelConc15_VRoot_CausExt_VerbTerm	RelConc15_VRoot_CausExt_VerbTerm	RelConc15_VRoot_CausExt_VerbTerm
a_ma_hlangothi	NPrePre6_BPre6_NStem	NPrePre6_BPre6_NStem	NPrePre6_BPre6_NStem	NPrePre6_BPre6_NStem
ama_bili	AdjPref6_AdjStem	AdjPref6_AdjStem	AdjPref6_AdjStem	AdjPref6_AdjStem
.	Punc	Punc	Punc	Punc
i_si_bonelo	NPrePre7_BPre7_NStem	NPrePre7_BPre7_NStem	NPrePre7_BPre7_NStem	NPrePre7_BPre7_NStem
,	Punc	Punc	Punc	Punc
i_sewula	NPrePre5_NStem	NPrePre4_NStem	NPrePre5_NStem	NPrePre4_NStem
Afrika	ProperName	ProperName	ProperName	ProperName
ku_fan_el_e	OC15_VRoot_ApplExt_VerbTerm	OC15_VRoot_ApplExt_VerbTerm	OC15_VRoot_ApplExt_VerbTerm	OC15_VRoot_ApplExt_VerbTerm
i_si_se	NPrePre7_BPre7_NStem	NPrePre7_BPre7_NStem	NPrePre7_BPre7_NStem	SC9_OC1_VRoot_VerbTerm
begodu	Conj	Conj	Conj	Conj
i_siz_e	SC9_VRoot_VerbTerm	SC9_VRoot_VerbTerm	SC9_VRoot_VerbTerm	SC4_VRoot_VerbTerm
e_u_ku_sebenz_is_a_ini	RelConc9_NPrePre15_BPre15_VRoot_CausExt_VerbTerm_LocSuf	LocPre_NPrePre15_BPre15_VRoot_CausExt_VerbTerm_LocSuf	RelConc9_NPrePre15_BPre15_VRoot_CausExt_VerbTerm_LocSuf	LocPre_NPrePre15_BPre15_VRoot_CausExt_VerbTerm_LocSuf
a_ma_thuba	NPrePre6_BPre6_NStem	NPrePre6_BPre6_NStem	NPrePre6_BPre6_NStem	NPrePre6_BPre6_NStem
a_hlukahlukene_ko	RelConc6_NStem_RelSuf	RelConc6_NStem_RelSuf	RelConc6_NStem_RelSuf	RelConc6_NStem_RelSuf
mayelana	NStem	NStem	NStem	NStem
na_mandla	AdvPre_RelStem	AdvPre_RelStem	AdvPre_RelStem	AdvPre_RelStem
we_e_mbaseli	PossConc6_LocPre_NStem	PossConc6_LocPre_NStem	PossConc6_LocPre_NStem	PossConc3_LocPre_BPre3_NStem
ezi_khuph_a	RelConc8_VRoot_VerbTerm	RelConc10_VRoot_VerbTerm	RelConc8_VRoot_VerbTerm	RelConc10_VRoot_VerbTerm
i_khabhoni	NPrePre5_NStem	NPrePre4_NStem	NPrePre5_NStem	NPrePre4_NStem
e_phasi	LocPre_NStem	LocPre_NStem	LocPre_NStem	LocPre_NStem
e_mi_thonjo_eni	LocPre_BPre4_NStem_LocSuf	LocPre_BPre4_NStem_LocSuf	LocPre_BPre4_NStem_LocSuf	LocPre_BPre4_NStem_LocSuf
ya_a_mandla	PossConc4_RelConc6_RelStem	PossConc4_RelConc6_RelStem	PossConc4_RelConc6_RelStem	PossConc4_RelStem
w_e_gezi	PossConc6_LocPre_NStem	PossConc6_LocPre_NStem	PossConc6_LocPre_NStem	PossConc6_LocPre_NStem
ya_manzi	PossConc9_NStem	PossConc1a_NStem	PossConc9_NStem	PossConc1a_NStem
na_kwe_mi_nye	AdvPre_PossConc15_BPre15_AdjStem	AdvPre_PossConc15_BPre15_AdjStem	AdvPre_PossConc15_BPre15_AdjStem	AdvPre_PossConc15_BPre4_AdjStem
i_mi_thombo	NPrePre4_BPre4_NStem	NPrePre4_BPre4_NStem	NPrePre4_BPre4_NStem	NPrePre4_BPre4_NStem
ye_e_mbaseli	PossConc4_LocPre_NStem	PossConc4_LocPre_NStem	PossConc4_LocPre_NStem	PossConc4_LocPre_BPre3_NStem
e_ihlanzekile_ko	RelConc4_NStem_RelSuf	RelConc9_NStem_RelSuf	RelConc4_NStem_RelSuf	RelConc9_VRoot_Perf_RelSuf
e_tholakal_a	RelConc9_VRoot_VerbTerm	RelConc9_VRoot_VerbTerm	RelConc9_VRoot_VerbTerm	RelConc9_VRoot_NeutExt_VerbTerm
e_ma_zwe_eni	NPrePre6_BPre6_NStem_LocSuf	LocPre_BPre6_NStem_LocSuf	NPrePre6_BPre6_NStem_LocSuf	NPrePre6_BPre6_NStem_LocSuf
w_e_Afrika	PossConc6_LocPre_ProperName	PossConc3_LocPre_ProperName	PossConc6_LocPre_ProperName	PossConc3_LocPre_ProperName
e_nge_sewula	LocPre_AdvPre_NStem	LocPre_AdvPre_NStem	LocPre_AdvPre_NStem	LocPre_AdvPre_NStem
.	Punc	Punc	Punc	Punc
i_nani	NPrePre5_NStem	NPrePre5_NStem	NPrePre5_NStem	NPrePre5_NStem
la_i_mi_sebenzi	PossConc5_NPrePre4_BPre4_NStem	PossConc5_NPrePre4_BPre4_NStem	PossConc5_NPrePre4_BPre4_NStem	PossConc5_NPrePre4_BPre4_NStem
e_daliweko	LocPre_NStem	LocPre_NStem	LocPre_NStem	RelConc4_VRoot_PassExt_VerbTerm_RelSuf
nga_i_li_hlelo	AdvPre_NPrePre5_BPre5_NStem	AdvPre_NPrePre5_BPre5_NStem	AdvPre_NPrePre5_BPre5_NStem	AdvPre_NPrePre5_BPre5_NStem
la_ka_masipala	AdvPre_LocPre_NStem	PossConc5_LocPre_NStem	AdvPre_LocPre_NStem	PossConc5_LocPre_NStem
loku_thuthuk_is_w_a	RelConc15_VRoot_CausExt_PassExt_VerbTerm	RelConc15_VRoot_CausExt_PassExt_VerbTerm	RelConc15_VRoot_CausExt_PassExt_VerbTerm	PossConc5_NPrePre15_BPre15_VRoot_CausExt_PassExt_VerbTerm
kwa_u_mnotho	PossConc15_NPrePre3_NStem	PossConc15_NPrePre3_NStem	PossConc15_NPrePre3_NStem	PossConc15_NPrePre3_NStem
wa_i_li_khaya	PossConc3_NPrePre5_BPre5_NStem	PossConc3_NPrePre5_BPre5_NStem	PossConc3_NPrePre5_BPre5_NStem	PossConc3_NPrePre5_BPre5_NStem
oku_fak_a	RelConc15_VRoot_VerbTerm	RelConc15_VRoot_VerbTerm	RelConc15_VRoot_VerbTerm	RelConc15_VRoot_VerbTerm
hlangan_a	VRoot_VerbTerm	VRoot_VerbTerm	VRoot_VerbTerm	NStem_DimSuf
a_ma_phrojekthi	NPrePre6_BPre6_NStem	NPrePre6_BPre6_NStem	NPrePre6_BPre6_NStem	NPrePre6_BPre6_NStem
ama_khulu	AdjPref6_AdjStem	AdjPref6_AdjStem	AdjPref6_AdjStem	AdjPref6_AdjStem
.	Punc	Punc	Punc	Punc
u_ku_kghonakalisa	NPrePre15_BPre15_NStem	NPrePre15_BPre15_NStem	NPrePre15_BPre15_NStem	NPrePre15_BPre15_NStem
na_u_ku_qinis_ek_is_a	AdvPre_NPrePre15_BPre15_VRoot_VerbExt_CausExt_VerbTerm	AdvPre_NPrePre15_BPre15_VRoot_NeutExt_CausExt_VerbTerm	AdvPre_NPrePre15_BPre15_VRoot_VerbExt_CausExt_VerbTerm	AdvPre_NPrePre15_BPre15_VRoot_NeutExt_CausExt_VerbTerm
u_ku_hlanganyel_a	NPrePre15_BPre15_VRoot_VerbTerm	NPrePre15_BPre15_VRoot_VerbTerm	NPrePre15_BPre15_VRoot_VerbTerm	NPrePre15_BPre15_VRoot_VerbTerm
kwa_u_mu_phakathi	PossConc15_NPrePre3_BPre3_NStem	PossConc15_NPrePre3_BPre3_NStem	PossConc15_NPrePre3_BPre3_NStem	PossConc15_NPrePre3_BPre3_NStem
ku_enz_iw_a	BPre15_VRoot_PassExt_VerbTerm	BPre15_VRoot_PassExt_VerbTerm	BPre15_VRoot_PassExt_VerbTerm	BPre15_VRoot_PassExt_VerbTerm
nga_i_n_dlela	AdvPre_NPrePre9_BPre9_NStem	AdvPre_NPrePre9_BPre9_NStem	AdvPre_NPrePre9_BPre9_NStem	AdvPre_NPrePre9_BPre9_NStem
be_ku_lindel_ek_e	CopPre_OC15_VRoot_NeutExt_VerbTerm	PossConc2_OC15_VRoot_NeutExt_VerbTerm	CopPre_OC15_VRoot_NeutExt_VerbTerm	PossConc2_OC15_VRoot_NeutExt_VerbTerm
nga_kho	AdvPre_PronStem15	AdvPre_PronStem15	AdvPre_PronStem15	AdvPre_PronStem15
e_mthetho_eni	LocPre_NStem_LocSuf	LocPre_NStem_LocSuf	LocPre_NStem_LocSuf	LocPre_BPre3_NStem_LocSuf
e_fanele_ko	RelConc9_NStem_RelSuf	RelConc9_NStem_RelSuf	RelConc9_NStem_RelSuf	RelConc9_NStem_RelSuf
ku_nga_letha	BPre15_AdvPre_NStem	BPre15_AdvPre_NStem	BPre15_AdvPre_NStem	BPre15_AdvPre_VRoot_VerbTerm
i_in_tjhijilo	NPrePre8_BPre8_NStem	NPrePre8_NPre8_NStem	NPrePre8_BPre8_NStem	NPrePre8_NPre8_NStem
ku_ma_komidi	BPre15_BPre6_NStem	BPre15_BPre6_NStem	BPre15_BPre6_NStem	BPre15_BPre6_NStem
we_wadi	PossConc6_NStem	PossConc6_NStem	PossConc6_NStem	PossConc6_NStem
e_u_ku_phath_w_a_ini	LocPre_NPrePre15_BPre15_VRoot_PassExt_VerbTerm_LocSuf	LocPre_NPrePre15_BPre15_VRoot_PassExt_VerbTerm_LocSuf	LocPre_NPrePre15_BPre15_VRoot_PassExt_VerbTerm_LocSuf	LocPre_NPrePre15_BPre15_VRoot_PassExt_VerbTerm_LocSuf
kwe_e_n_qhema	PossConc15_LocPre_BPre9_NStem	PossConc15_LocPre_BPre9_NStem	PossConc15_LocPre_BPre9_NStem	PossConc15_LocPre_BPre9_NStem
ezi_nga_fani_ko	RelConc8_AdvPre_NStem_RelSuf	RelConc10_AdvPre_NStem_RelSuf	RelConc8_AdvPre_NStem_RelSuf	RelConc10_AdvPre_NStem_RelSuf
ne_e_n_kareko	AdvPre_LocPre_BPre10_NStem	AdvPre_LocPre_BPre10_NStem	AdvPre_LocPre_BPre10_NStem	AdvPre_LocPre_BPre10_NStem
e_ma_wadinabo	NPrePre6_BPre6_NStem	NPrePre6_BPre6_NStem	NPrePre6_BPre6_NStem	NPrePre6_BPre6_NStem
.	Punc	Punc	Punc	Punc
a_ma_lunga	NPrePre6_BPre6_NStem	NPrePre6_BPre6_NStem	NPrePre6_BPre6_NStem	NPrePre6_BPre6_NStem
w_e_komidi	PossConc5_LocPre_NStem	PossConc6_LocPre_NStem	PossConc5_LocPre_NStem	PossConc1_NStem
y_e_wadi	PossConc5_LocPre_NStem	PossConc5_LocPre_NStem	PossConc5_LocPre_NStem	PossConc4_NStem
a_ding_a	RelConc6_VRoot_VerbTerm	RelConc6_VRoot_VerbTerm	RelConc6_VRoot_VerbTerm	RelConc6_VRoot_VerbTerm
u_ku_az_i	NPrePre15_BPre15_VRoot_VerbTerm	NPrePre15_BPre15_VRoot_VerbTerm	NPrePre15_BPre15_VRoot_VerbTerm	NPrePre15_BPre15_VRoot_VerbTerm
u_ku_hlukana	NPrePre15_BPre15_NStem	NPrePre15_BPre15_NStem	NPrePre15_BPre15_NStem	NPrePre15_BPre15_NStem
ko_umphakathabo	RelConc15_NStem	PossConc15_NStem	RelConc15_NStem	PossConc15_NPrePre3_BPre3_NStem
na_u_ku_bek_a	AdvPre_NPrePre15_BPre15_VRoot_VerbTerm	AdvPre_NPrePre15_BPre15_VRoot_VerbTerm	AdvPre_NPrePre15_BPre15_VRoot_VerbTerm	AdvPre_NPrePre15_BPre15_VRoot_VerbTerm
a_ma_qhinga	NPrePre6_BPre6_NStem	NPrePre6_BPre6_NStem	NPrePre6_BPre6_NStem	NPrePre6_BPre6_NStem
a_phumelela_ko	RelConc6_NStem_RelSuf	RelConc6_NStem_RelSuf	RelConc6_NStem_RelSuf	RelConc6_VRoot_VerbTerm_RelSuf
u_ku_qinis_ek_is_a	NPrePre15_BPre15_VRoot_NeutExt_CausExt_VerbTerm	NPrePre15_BPre15_VRoot_NeutExt_CausExt_VerbTerm	NPrePre15_BPre15_VRoot_NeutExt_CausExt_VerbTerm	NPrePre15_BPre15_VRoot_NeutExt_CausExt_VerbTerm
u_ku_fak_w_a	NPrePre15_BPre15_VRoot_PassExt_VerbTerm	NPrePre15_BPre15_VRoot_PassExt_VerbTerm	NPrePre15_BPre15_VRoot_PassExt_VerbTerm	NPrePre15_BPre15_VRoot_PassExt_VerbTerm
nga_phakathi	AdvPre_Adv	AdvPre_Adv	AdvPre_Adv	AdvPre_Adv
kwa_a_ma_lunga	PossConc15_NPrePre6_BPre6_NStem	PossConc15_NPrePre6_BPre6_NStem	PossConc15_NPrePre6_BPre6_NStem	PossConc15_NPrePre6_BPre6_NStem
wo_ke	QuantConc1_QuantStem	QuantConc1_QuantStem	QuantConc1_QuantStem	QuantConc1_QuantStem
wa_ma_wadabo	PossConc1a_BPre6_NStem	PossConc1a_BPre6_NStem	PossConc1a_BPre6_NStem	PossConc1a_BPre6_NStem
nga_u_ku_landel_an_a	AdvPre_NPrePre15_BPre15_VRoot_RecipExt_VerbTerm	AdvPre_NPrePre15_BPre15_VRoot_RecipExt_VerbTerm	AdvPre_NPrePre15_BPre15_VRoot_RecipExt_VerbTerm	AdvPre_NPrePre15_BPre15_VRoot_RecipExt_VerbTerm
kwa_wo	PossConc15_PronStem3	PossConc15_PronStem3	PossConc15_PronStem3	PossConc15_PronStem3
.	Punc	Punc	Punc	Punc
no_ku_khombel_a	AdvPre_SC15_VRoot_VerbTerm	AdvPre_SC15_VRoot_VerbTerm	AdvPre_SC15_VRoot_VerbTerm	AdvPre_NPrePre15_BPre15_VRoot_VerbTerm
u_mu_phakathi	NPrePre3_BPre3_NStem	NPrePre3_BPre3_NStem	NPrePre3_BPre3_NStem	NPrePre3_BPre3_NStem
bo_nyana	BPre2_NStem	BPre2_NStem	BPre2_NStem	BPre2_NStem
u_sekele	NPrePre1a_NStem	NPrePre1a_NStem	NPrePre1a_NStem	NPrePre1a_NStem
u_m_tlamo	NPrePre1_BPre1_NStem	NPrePre1_BPre1_NStem	NPrePre1_BPre1_NStem	NPrePre1_BPre1_NStem
,	Punc	Punc	Punc	Punc
be_godu	PossConc14_NStem	PossConc14_NStem	PossConc14_NStem	Conj
na_u_ku_hlol_a	AdvPre_NPrePre15_BPre15_VRoot_VerbTerm	AdvPre_NPrePre15_BPre15_VRoot_VerbTerm	AdvPre_NPrePre15_BPre15_VRoot_VerbTerm	AdvPre_NPrePre15_BPre15_VRoot_VerbTerm
i_si_vumelwano	NPrePre7_BPre7_NStem	NPrePre7_BPre7_NStem	NPrePre7_BPre7_NStem	NPrePre7_BPre7_NStem
sa_u_mu_phakathi	PossConc7_NPrePre3_BPre3_NStem	PossConc7_NPrePre3_BPre3_NStem	PossConc7_NPrePre3_BPre3_NStem	PossConc7_NPrePre3_BPre3_NStem
sa_u_ku_phungula	PossConc7_NPrePre15_BPre15_NStem	PossConc7_NPrePre15_BPre15_NStem	PossConc7_NPrePre15_BPre15_NStem	PossConc7_NPrePre15_BPre15_VRoot_VerbTerm
u_bu_chaka	NPrePre14_BPre14_NStem	NPrePre14_BPre14_NStem	NPrePre14_BPre14_NStem	NPrePre14_BPre14_NStem
na_u_ku_nga_lingan_i	AdvPre_NPrePre15_BPre15_NegPre_VRoot_VerbTerm	AdvPre_NPrePre15_BPre15_NegPre_VRoot_VerbTerm	AdvPre_NPrePre15_BPre15_NegPre_VRoot_VerbTerm	AdvPre_NPrePre15_BPre15_NegPre_VRoot_VerbTerm
ngo_ku_sis_a	AdvPre_SC15_VRoot_VerbTerm	AdvPre_OC15_VRoot_VerbTerm	AdvPre_SC15_VRoot_VerbTerm	AdvPre_NPrePre15_BPre15_VRoot_VerbTerm
na_ngo_msebenzi	AdvPre_AdvPre_NStem	AdvPre_AdvPre_NStem	AdvPre_AdvPre_NStem	AdvPre_AdvPre_NStem
.	Punc	Punc	Punc	Punc
i_mi_hlangano	NPrePre4_BPre4_NStem	NPrePre4_BPre4_NStem	NPrePre4_BPre4_NStem	NPrePre4_BPre4_NStem
ya_u_mu_phakathi	PossConc4_NPrePre3_BPre3_NStem	PossConc4_NPrePre3_BPre3_NStem	PossConc4_NPrePre3_BPre3_NStem	PossConc4_NPrePre3_BPre3_NStem
i_banj_w_a	NPrePre4_VRoot_PassExt_VerbTerm	SC4_VRoot_PassExt_VerbTerm	NPrePre4_VRoot_PassExt_VerbTerm	SC4_VRoot_PassExt_VerbTerm
nga_mva	AdvPre_Adv	AdvPre_Adv	AdvPre_Adv	AdvPre_Adv
ko_u_mu_hlangano	RelConc15_NPrePre3_BPre3_NStem	RelConc15_NPrePre3_BPre3_NStem	RelConc15_NPrePre3_BPre3_NStem	PossConc15_NPrePre3_BPre3_NStem
wo_m_khandlu	PossConc3_BPre3_NStem	PossConc3_BPre3_NStem	PossConc3_BPre3_NStem	PossConc3_BPre3_NStem
ukuze	Conj	Conj	Conj	Conj
ku_nik_el_w_e	OC15_VRoot_ApplExt_PassExt_VerbTerm	OC15_VRoot_ApplExt_PassExt_VerbTerm	OC15_VRoot_ApplExt_PassExt_VerbTerm	OC15_VRoot_ApplExt_PassExt_VerbTerm
i_lu_azi	BPre9_BPre11_NStem	BPre9_BPre11_NStem	BPre9_BPre11_NStem	BPre9_BPre11_NStem
la_mva	SC5_Adv	PossConc5_Adv	SC5_Adv	AdvPre_Adv
la_u_mu_phakathi	PossConc5_NPrePre3_BPre3_NStem	PossConc5_NPrePre3_BPre3_NStem	PossConc5_NPrePre3_BPre3_NStem	PossConc5_NPrePre3_BPre3_NStem
.	Punc	Punc	Punc	Punc
u_ku_tlam_a	NPrePre15_BPre15_VRoot_VerbTerm	NPrePre15_BPre15_VRoot_VerbTerm	NPrePre15_BPre15_VRoot_VerbTerm	NPrePre15_BPre15_NStem
-	Punc	Punc	Punc	Punc
i_komidi	NPrePre4_NStem	NPrePre4_NStem	NPrePre4_NStem	NPrePre4_NStem
ye_wadi	PossConc4_NStem	PossConc4_NStem	PossConc4_NStem	PossConc4_NStem
i_sebenz_is_an_a	SC9_VRoot_CausExt_RecipExt_VerbTerm	SC9_VRoot_CausExt_RecipExt_VerbTerm	SC9_VRoot_CausExt_RecipExt_VerbTerm	SC9_VRoot_CausExt_RecipExt_VerbTerm
e_duze	LocPre_Adv	LocPre_Adv	LocPre_Adv	LocPre_Adv
ne_khansela	AdvPre_NStem	AdvPre_NStem	AdvPre_NStem	AdvPre_NStem
u_ku_vez_a	NPrePre15_BPre15_VRoot_VerbTerm	NPrePre15_BPre15_VRoot_VerbTerm	NPrePre15_BPre15_VRoot_VerbTerm	NPrePre15_BPre15_VRoot_VerbTerm
oku_qakathekileko	RelConc15_NStem	RelConc15_NStem	RelConc15_NStem	RelConc15_NStem
oku_zo_ku_enz_iw_a	RelConc15_Fut_BPre15_VRoot_PassExt_VerbTerm	RelConc15_Fut_BPre15_VRoot_PassExt_VerbTerm	RelConc15_Fut_BPre15_VRoot_PassExt_VerbTerm	RelConc15_Fut_VRoot_PassExt_VerbTerm
nga_phambili	AdvPre_Adv	AdvPre_Adv	AdvPre_Adv	AdvPre_Adv
begodu	Conj	Conj	Conj	Conj
i_qinis_ek_is_a	SC4_VRoot_NeutExt_CausExt_VerbTerm	SC4_VRoot_NeutExt_CausExt_VerbTerm	SC4_VRoot_NeutExt_CausExt_VerbTerm	SC4_VRoot_NeutExt_CausExt_VerbTerm
kobana	Conj	Conj	Conj	Conj
lokhu	Dem15_Pos1		Dem15_Pos1	
oku_qakathekileko	RelConc15_NStem	RelConc15_NStem	RelConc15_NStem	RelConc15_NStem
lokho	Dem15_Pos2		Dem15_Pos2	
ku_ya_fak_w_a	SC15_Pres_VRoot_PassExt_VerbTerm	SC15_Pres_VRoot_PassExt_VerbTerm	SC15_Pres_VRoot_PassExt_VerbTerm	SC15_Pres_VRoot_PassExt_VerbTerm
e_em_phakamiso_eni	LocPre_BPre9_NStem_LocSuf	LocPre_BPre9_NStem_LocSuf	LocPre_BPre9_NStem_LocSuf	LocPre_BPre9_NStem_LocSuf
ze_bhajede	PossConc10_NStem	Pres_NStem	PossConc10_NStem	Pres_NStem
ka_nye	AdvPre_AdjStem	AdvPre_AdjStem	AdvPre_AdjStem	AdvPre_AdjStem
na_ku_mi_tlamo	AdvPre_BPre15_BPre4_NStem	AdvPre_LocPre_BPre4_NStem	AdvPre_BPre15_BPre4_NStem	AdvPre_BPre15_NStem
ya_phrojekthi	PossConc9_NStem	PossConc9_NStem	PossConc9_NStem	PossConc9_NStem
.	Punc	Punc	Punc	Punc
u_mu_buso	NPrePre3_BPre3_NStem	NPrePre3_BPre3_NStem	NPrePre3_BPre3_NStem	NPrePre3_BPre3_NStem
ku_fan_el_e	SC15_VRoot_ApplExt_VerbTerm	OC15_VRoot_ApplExt_VerbTerm	SC15_VRoot_ApplExt_VerbTerm	OC15_VRoot_ApplExt_VerbTerm
u_fise	NPrePre1a_NStem	NPrePre1a_NStem	NPrePre1a_NStem	SC2_VRoot_VerbTerm
u_ku_thom_a	NPrePre15_BPre15_VRoot_VerbTerm	NPrePre15_BPre15_VRoot_VerbTerm	NPrePre15_BPre15_VRoot_VerbTerm	NPrePre15_BPre15_VRoot_VerbTerm
nga_lokho	AdvPre_Dem15_Pos2	AdvPre	AdvPre_Dem15_Pos2	AdvPre
oku_qakath_ek_e	RelConc15_VRoot_NeutExt_VerbTerm	RelConc15_VRoot_NeutExt_VerbTerm	RelConc15_VRoot_NeutExt_VerbTerm	RelConc15_VRoot_NeutExt_VerbTerm
khulu_ana	Adv_DimSuf	Adv_DimSuf	Adv_DimSuf	Adv_DimSuf
.	Punc	Punc	Punc	Punc
i_khabinethi	NPrePre4_NStem	NPrePre4_NStem	NPrePre4_NStem	NPrePre4_NStem
ka_nye	AdvPre_AdjStem	AdvPre_AdjStem	AdvPre_AdjStem	AdvPre_AdjStem
ne_e_n_khulu	AdvPre_LocPre_BPre3_NStem	AdvPre_LocPre_BPre3_NStem	AdvPre_LocPre_BPre3_NStem	AdvPre_LocPre_BPre3_NStem
za_u_mu_buso	PossConc10_NPrePre3_BPre3_NStem	PossConc10_NPrePre3_BPre3_NStem	PossConc10_NPrePre3_BPre3_NStem	PossConc10_NPrePre3_BPre3_NStem
ku_fan_el_e	SC15_VRoot_ApplExt_VerbTerm	OC15_VRoot_ApplExt_VerbTerm	SC15_VRoot_ApplExt_VerbTerm	OC15_VRoot_ApplExt_VerbTerm
i_tjheje	NPrePre4_NStem	NPrePre4_NStem	NPrePre4_NStem	NPrePre4_NStem
khulu_ana	Adv_DimSuf	Adv_DimSuf	Adv_DimSuf	Adv_DimSuf
a_ma_tjhejontangi	NPrePre6_BPre6_NStem	NPrePre6_BPre6_NStem	NPrePre6_BPre6_NStem	NPrePre6_BPre6_NStem
a_mbalwa	RelConc6_RelStem	RelConc6_RelStem	RelConc6_RelStem	RelConc6_RelStem
a_phumelel_is_a_ko	SC6_VRoot_CausExt_VerbTerm_RelSuf	RelConc6_VRoot_CausExt_VerbTerm_RelSuf	SC6_VRoot_CausExt_VerbTerm_RelSuf	RelConc6_VRoot_CausExt_VerbTerm_RelSuf
.	Punc	Punc	Punc	Punc
u_m_tlamo	NPrePre1_BPre1_NStem	NPrePre1_BPre1_NStem	NPrePre1_BPre1_NStem	NPrePre1_BPre1_NStem
lo	Dem1_Pos1		Dem1_Pos1	
u_ya_sinikel_a	NPrePre1a_Pres_VRoot_VerbTerm	SC1_Pres_VRoot_VerbTerm	NPrePre1a_Pres_VRoot_VerbTerm	NPrePre1a_Pres_NStem
u_m_leyo	NPrePre1_BPre1_NStem	NPrePre3_BPre3_NStem	NPrePre1_BPre1_NStem	NPrePre3_BPre3_NStem
o_njalo	RelConc3_Adv	RelConc3_Adv	RelConc3_Adv	RelConc3_Adv
o_phumelel_is_a_ko	SC3_VRoot_CausExt_VerbTerm_RelSuf	RelConc3_VRoot_CausExt_VerbTerm_RelSuf	SC3_VRoot_CausExt_VerbTerm_RelSuf	RelConc3_VRoot_CausExt_VerbTerm_RelSuf
.	Punc	Punc	Punc	Punc
u_khomba	NPrePre1a_NStem	NPrePre1a_NStem	NPrePre1a_NStem	NPrePre1a_NStem
a_ma_tjhejontangi	NPrePre6_BPre6_NStem	NPrePre6_BPre6_NStem	NPrePre6_BPre6_NStem	NPrePre6_BPre6_NStem
a_s_e_qophelweni	RelConc6_PreLoc-s_LocPre_NStem	RelConc6_PreLoc-s_LocPre_NStem	RelConc6_PreLoc-s_LocPre_NStem	RelConc6_PreLoc-s_LocPre_NStem
eli_phezulu	RelConc5_NStem	RelConc5_NStem	RelConc5_NStem	RelConc5_NStem
begodu	Conj	Conj	Conj	Conj
,	Punc	Punc	Punc	Punc
kwa_emi_nye	PossConc15_AdjPref4_AdjStem	PossConc15_AdjPref4_AdjStem	PossConc15_AdjPref4_AdjStem	PossConc15_AdjPref4_AdjStem
i_mi_khakha	NPrePre4_BPre4_NStem	NPrePre4_BPre4_NStem	NPrePre4_BPre4_NStem	NPrePre4_BPre4_NStem
,	Punc	Punc	Punc	Punc
u_vez_a	SC3_VRoot_VerbTerm	SC3_VRoot_VerbTerm	SC3_VRoot_VerbTerm	SC3_VRoot_VerbTerm
ne_e_n_dlela	AdvPre_LocPre_BPre9_NStem	AdvPre_LocPre_BPre3_NStem	AdvPre_LocPre_BPre9_NStem	AdvPre_LocPre_BPre3_NStem
e_ku_fan_el_e	RelConc4_OC15_VRoot_ApplExt_VerbTerm	RelConc4_OC15_VRoot_ApplExt_VerbTerm	RelConc4_OC15_VRoot_ApplExt_VerbTerm	RelConc4_OC15_VRoot_ApplExt_VerbTerm
a_landelan_e	SC6_VRoot_VerbTerm	SC6_VRoot_VerbTerm	SC6_VRoot_VerbTerm	RelConc6_VRoot_VerbTerm
nga_yo	AdvPre_PronStem9	AdvPre_PronStem9	AdvPre_PronStem9	AdvPre_PronStem9
.	Punc	Punc	Punc	Punc
i_si_bonelo	NPrePre7_BPre7_NStem	NPrePre7_BPre7_NStem	NPrePre7_BPre7_NStem	NPrePre7_BPre7_NStem
,	Punc	Punc	Punc	Punc
u_vez_a	SC3_VRoot_VerbTerm	SC3_VRoot_VerbTerm	SC3_VRoot_VerbTerm	SC3_VRoot_VerbTerm
i_funeko	NPrePre4_NStem	NPrePre4_NStem	NPrePre4_NStem	NPrePre4_NStem
yo_u_ku_khuphul_a	PossConc4_NPrePre15_BPre15_VRoot_VerbTerm	PossConc4_NPrePre15_BPre15_VRoot_VerbTerm	PossConc4_NPrePre15_BPre15_VRoot_VerbTerm	PossConc4_BPre15_NStem
i_khwalithi	NPrePre4_NStem	NPrePre4_NStem	NPrePre4_NStem	NPrePre4_NStem
ya_a_ma_kholiji	PossConc1a_NPrePre6_BPre6_NStem	PossConc4_NPrePre6_BPre6_NStem	PossConc1a_NPrePre6_BPre6_NStem	PossConc4_BPre6_NStem
we_FET	PossConc1a_Abbr	PossConc1a_Abbr	PossConc1a_Abbr	PossConc3_LocPre_NStem
nga_phambi	AdvPre_Adv	AdvPre_Adv	AdvPre_Adv	AdvPre_Adv
ko_u_ku_khulis_a	PossConc3_NPrePre15_BPre15_VRoot_VerbTerm	PossConc15_NPrePre15_BPre15_VRoot_VerbTerm	PossConc3_NPrePre15_BPre15_VRoot_VerbTerm	PossConc15_BPre15_VRoot_VerbTerm
a_ma_kghono	NPrePre6_BPre6_NStem	NPrePre6_BPre6_NStem	NPrePre6_BPre6_NStem	NPrePre6_BPre6_NStem
ngo_u_ku_rhab_a	AdvPre_NPrePre15_BPre15_Intrans_VerbTerm	AdvPre_NPrePre15_BPre15_Intrans_VerbTerm	AdvPre_NPrePre15_BPre15_Intrans_VerbTerm	AdvPre_OC15_Intrans_VerbTerm
.	Punc	Punc	Punc	Punc
u_ku_phumelel_is_a	NPrePre15_BPre15_VRoot_CausExt_VerbTerm	NPrePre15_BPre15_VRoot_CausExt_VerbTerm	NPrePre15_BPre15_VRoot_CausExt_VerbTerm	NPrePre15_BPre15_VRoot_CausExt_VerbTerm
u_m_tlamo	NPrePre1_BPre1_NStem	NPrePre1_BPre1_NStem	NPrePre1_BPre1_NStem	NPrePre1_BPre1_NStem
lo	Dem1_Pos1		Dem1_Pos1	
ku_tlhoga	BPre15_NStem	BPre15_NStem	BPre15_NStem	BPre15_NStem
u_ku_thath_w_a	NPrePre15_BPre15_VRoot_PassExt_VerbTerm	NPrePre15_BPre15_VRoot_PassExt_VerbTerm	NPrePre15_BPre15_VRoot_PassExt_VerbTerm	NPrePre15_BPre15_VRoot_PassExt_VerbTerm
kwe_e_n_qunto	PossConc15_LocPre_BPre3_NStem	PossConc15_LocPre_BPre3_NStem	PossConc15_LocPre_BPre3_NStem	PossConc15_LocPre_BPre3_NStem
ezi_budisi	RelConc10_NStem	RelConc8_NStem	RelConc10_NStem	RelConc8_NStem
na_i_zi_nga_ka_vam_i	AdvPre_NPrePre10_BPre10_NegPre_ExclNeg_VRoot_VerbTerm	AdvPre_NPrePre10_BPre8_NegPre_ExclNeg_VRoot_VerbTerm	AdvPre_NPrePre10_BPre10_NegPre_ExclNeg_VRoot_VerbTerm	AdvPre_SC10_NegPre_VRoot_VerbTerm
na_ka_ncani	AdvPre_LocPre_NStem	AdvPre_LocPre_NStem	AdvPre_LocPre_NStem	AdvPre_LocPre_NStem
.	Punc	Punc	Punc	Punc
i_narha	NPrePre9_NStem	NPrePre9_NStem	NPrePre9_NStem	NPrePre9_NStem
le	Dem9_Pos1		Dem9_Pos1	
ku_fan_el_e	OC15_VRoot_ApplExt_VerbTerm	OC15_VRoot_ApplExt_VerbTerm	OC15_VRoot_ApplExt_VerbTerm	OC15_VRoot_ApplExt_VerbTerm
i_ragele	NPrePre9_NStem	NPrePre4_NStem	NPrePre9_NStem	NPrePre4_NStem
phambili	Adv	Adv	Adv	Adv
na_u_ku_ling_a	AdvPre_NPrePre15_BPre15_VRoot_VerbTerm	AdvPre_NPrePre15_BPre15_VRoot_VerbTerm	AdvPre_NPrePre15_BPre15_VRoot_VerbTerm	AdvPre_NPrePre15_BPre15_NStem
u_ku_enz_a	NPrePre15_BPre15_VRoot_VerbTerm	NPrePre15_BPre15_VRoot_VerbTerm	NPrePre15_BPre15_VRoot_VerbTerm	NPrePre15_BPre15_VRoot_VerbTerm
ngcono	NStem	NStem	NStem	NStem
u_ku_sebenz_a	NPrePre15_BPre15_VRoot_VerbTerm	NPrePre15_BPre15_VRoot_VerbTerm	NPrePre15_BPre15_VRoot_VerbTerm	NPrePre15_BPre15_VRoot_VerbTerm
nga_i_pumelelo	AdvPre_NPre9_NStem	AdvPre_NPre9_NStem	AdvPre_NPre9_NStem	AdvPre_NPre9_NStem
kwe_mifuziselo	PossConc15_NStem	PossConc15_NStem	PossConc15_NStem	PossConc15_NPrePre4_BPre4_NStem
yo_ku_thuthuk_is_w_a	PossConc4_BPre15_VRoot_CausExt_PassExt_VerbTerm	PossConc9_BPre15_VRoot_CausExt_PassExt_VerbTerm	PossConc4_BPre15_VRoot_CausExt_PassExt_VerbTerm	PossConc9_NPrePre15_BPre15_VRoot_CausExt_PassExt_VerbTerm
ku_abanzim_a	OC15_Intrans_VerbTerm	OC15_Intrans_VerbTerm	OC15_Intrans_VerbTerm	PossConc15_NStem
nga_u_ku_mnotho	AdvPre_NPrePre15_BPre15_NStem	AdvPre_NPrePre15_BPre15_NStem	AdvPre_NPrePre15_BPre15_NStem	AdvPre_NPrePre15_BPre15_NStem
.	Punc	Punc	Punc	Punc
be_godu	PossConc14_NStem	PossConc14_NStem	PossConc14_NStem	Conj
i_mi_phakathi	NPrePre4_BPre4_NStem	NPrePre4_BPre4_NStem	NPrePre4_BPre4_NStem	NPrePre4_BPre4_NStem
i_ne_ndima	NPrePre8_AdvPre_NStem	NPrePre9_AdvPre_NStem	NPrePre8_AdvPre_NStem	NPrePre9_AdvPre_LocPre_BPre9_NStem
e_ku_fuz_e	RelConc4_OC15_VRoot_VerbTerm	RelConc4_OC15_VRoot_VerbTerm	RelConc4_OC15_VRoot_VerbTerm	RelConc4_OC15_VRoot_VerbTerm
i_yi_dlal_e	SC4_CopPre_VRoot_VerbTerm	SC4_CopPre_VRoot_VerbTerm	SC4_CopPre_VRoot_VerbTerm	SC4_CopPre_VRoot_VerbTerm
mayelana	NStem	NStem	NStem	NStem
na_u_ku_tjhej_a	AdvPre_NPrePre15_BPre15_Intrans_VerbTerm	AdvPre_NPrePre15_BPre15_Intrans_VerbTerm	AdvPre_NPrePre15_BPre15_Intrans_VerbTerm	AdvPre_NPrePre15_BPre15_Intrans_VerbTerm
i_hlelo	NPrePre9_NStem	NPrePre9_NStem	NPrePre9_NStem	NPrePre9_NStem
eli_lawula	RelConc5_NStem	RelConc5_NStem	RelConc5_NStem	RelConc5_VRoot_VerbTerm
u_ku_sebenz_a	NPrePre15_BPre15_VRoot_VerbTerm	NPrePre15_BPre15_VRoot_VerbTerm	NPrePre15_BPre15_VRoot_VerbTerm	NPrePre15_BPre15_VRoot_VerbTerm
kw_aka_masipala	PossConc15_LocPre_NStem	PossConc15_LocPre_NStem	PossConc15_LocPre_NStem	PossConc15_PossKA_NStem
ne_ku_bek_e_ini	AdvPre_OC8_VRoot_VerbTerm_LocSuf	AdvPre_BPre15_VRoot_VerbTerm_LocSuf	AdvPre_OC8_VRoot_VerbTerm_LocSuf	AdvPre_BPre15_NStem
i_i_n_qothelwa	NPrePre8_NPrePre8_BPre8_NStem	NPrePre4_NPrePre4_BPre8_NStem	NPrePre8_NPrePre8_BPre8_NStem	NPrePre10_BPre10_NStem
ezi_fan_el_e_ko	RelConc8_VRoot_ApplExt_VerbTerm_RelSuf	RelConc8_VRoot_ApplExt_VerbTerm_RelSuf	RelConc8_VRoot_ApplExt_VerbTerm_RelSuf	RelConc8_VRoot_ApplExt_VerbTerm_RelSuf
ne_zi_qakathek_ile_ko	AdvPre_BPre8_VRoot_Perf_RelSuf	AdvPre_SC8_VRoot_Perf_RelSuf	AdvPre_BPre8_VRoot_Perf_RelSuf	AdvPre_SC8_VRoot_Perf_RelSuf
zo_ku_sebenza	PossConc8_BPre15_NStem	PossConc8_BPre15_NStem	PossConc8_BPre15_NStem	PossConc8_BPre15_NStem
.	Punc	Punc	Punc	Punc
i_CBP	NPrePre9_Abbr	NPrePre9_Abbr	NPrePre9_Abbr	NPrePre9_Abbr
i_yi_n_dlelakambiso	NPrePre4_CopPre_BPre9_NStem	NPrePre9_CopPre_BPre9_NStem	NPrePre4_CopPre_BPre9_NStem	BPre9_CopPre_BPre9_NStem
e_sekel_a_ko	SC9_VRoot_VerbTerm_RelSuf	RelConc4_VRoot_VerbTerm_RelSuf	SC9_VRoot_VerbTerm_RelSuf	RelConc4_VRoot_VerbTerm_RelSuf
e_siz_a	RelConc4_VRoot_VerbTerm	RelConc9_VRoot_VerbTerm	RelConc4_VRoot_VerbTerm	RelConc4_VRoot_VerbTerm
a_ma_komidi	NPrePre6_BPre6_NStem	NPrePre6_BPre6_NStem	NPrePre6_BPre6_NStem	NPrePre6_BPre6_NStem
we_wadi	PossConc6_NStem	PossConc6_NStem	PossConc6_NStem	PossConc6_NStem
u_ku_lekelela	NPrePre15_BPre15_NStem	NPrePre15_BPre15_NStem	NPrePre15_BPre15_NStem	NPrePre15_BPre15_VRoot_ApplExt_VerbTerm
i_mi_phakathi	NPrePre4_BPre4_NStem	NPrePre4_BPre4_NStem	NPrePre4_BPre4_NStem	NPrePre4_BPre4_NStem
ya_wo	PossConc4_PronStem3	PossConc4_PronStem3	PossConc4_PronStem3	PossConc4_PronStem3
ukuba	Conj	Conj	Conj	Conj
na_umfakela	NegPre_NStem	NegPre_NStem	NegPre_NStem	AdvPre_NPrePre1_BPre1_NStem
ki_le_ndlelakambiso	PossConc9_Dem9_Pos1_NStem	PossConc9_PossConc5_Pos1	PossConc9_Dem9_Pos1_NStem	PossConc9_PossConc5_Pos1_NStem
.	Punc	Punc	Punc	Punc
i_khuthaza	NPrePre4_NStem	NPrePre4_NStem	NPrePre4_NStem	SC4_VRoot_VerbTerm
u_ku_zi_phendul_el_a	NPrePre15_BPre15_OC10_VRoot_ApplExt_VerbTerm	NPrePre15_BPre15_OC10_VRoot_ApplExt_VerbTerm	NPrePre15_BPre15_OC10_VRoot_ApplExt_VerbTerm	NPrePre15_BPre15_OC10_VRoot_ApplExt_VerbTerm
na_u_ku_enz_el_a	AdvPre_NPrePre15_BPre15_VRoot_ApplExt_VerbTerm	AdvPre_NPrePre15_BPre15_VRoot_ApplExt_VerbTerm	AdvPre_NPrePre15_BPre15_VRoot_ApplExt_VerbTerm	AdvPre_NPrePre15_BPre15_VRoot_ApplExt_VerbTerm
i_zi_nto	NPrePre10_BPre10_NStem	NPrePre10_BPre10_NStem	NPrePre10_BPre10_NStem	NPrePre10_BPre10_NStem
e_tjhatjhalazini	LocPre_NStem	LocPre_NStem	LocPre_NStem	LocPre_NStem_LocSuf
.	Punc	Punc	Punc	Punc
u_ku_bandakanyeka	NPrePre15_BPre15_NStem	NPrePre15_BPre15_NStem	NPrePre15_BPre15_NStem	NPrePre15_BPre15_VRoot_NeutExt_VerbTerm
kwa_u_mu_phakathi	PossConc15_NPrePre3_BPre3_NStem	PossConc15_NPrePre3_BPre3_NStem	PossConc15_NPrePre3_BPre3_NStem	PossConc15_NPrePre3_BPre3_NStem
ku_nga_b_a	SC15_Pot_VRoot_VerbTerm	SC15_Pot_VRoot_VerbTerm	SC15_Pot_VRoot_VerbTerm	SC15_Pot_VRoot_VerbTerm
na_ma_rhubhelo	AdvPre_BPre6_NStem	AdvPre_BPre6_NStem	AdvPre_BPre6_NStem	AdvPre_BPre6_NStem
ama_hle	AdjPref6_AdjStem	AdjPref6_AdjStem	AdjPref6_AdjStem	AdjPref6_AdjStem
ku_wadi	BPre15_NStem	PossConc15_NStem	BPre15_NStem	BPre15_NStem
njenga_omu_bana	AdvPre_AdjPref1_AdjStem	AdvPre_AdjPref1_AdjStem	AdvPre_AdjPref1_AdjStem	AdvPre_AdjPref1_AdjStem
i_mi_bono	NPrePre4_BPre4_NStem	NPrePre4_BPre4_NStem	NPrePre4_BPre4_NStem	NPrePre4_BPre4_NStem
ya_u_mu_phakathi	PossConc4_NPrePre3_BPre3_NStem	PossConc4_NPrePre3_BPre3_NStem	PossConc4_NPrePre3_BPre3_NStem	PossConc4_NPrePre3_BPre3_NStem
i_fak_iw_e	SC4_VRoot_PassExt_VerbTerm	SC9_VRoot_PassExt_VerbTerm	SC4_VRoot_PassExt_VerbTerm	SC9_VRoot_PassExt_VerbTerm
e_mi_tlamo_eni	LocPre_BPre4_NStem_LocSuf	LocPre_BPre4_NStem_LocSuf	LocPre_BPre4_NStem_LocSuf	LocPre_BPre4_NStem_LocSuf
ya_u_ku_thuthuk_is_a	PossConc9_NPrePre15_BPre15_VRoot_CausExt_VerbTerm	PossConc9_NPrePre15_BPre15_VRoot_CausExt_VerbTerm	PossConc9_NPrePre15_BPre15_VRoot_CausExt_VerbTerm	PossConc9_NPrePre15_BPre15_VRoot_CausExt_VerbTerm
na_yoku_khulisa	AdvPre_Fut_NStem	AdvPre_Fut_NStem	AdvPre_Fut_NStem	AdvPre_Fut_VRoot_VerbTerm
.	Punc	Punc	Punc	Punc
u_ku_qinis_a	NPrePre15_BPre15_Intrans_VerbTerm	NPrePre15_BPre15_VRoot_VerbTerm	NPrePre15_BPre15_Intrans_VerbTerm	NPrePre15_BPre15_VRoot_VerbTerm
i_rherho	NPrePre4_NStem	NPrePre4_NStem	NPrePre4_NStem	NPrePre4_NStem
li_yo_bu_lungis_w_a	SC5_Fut_OC14_VRoot_PassExt_VerbTerm	SC5_Fut_OC14_VRoot_PassExt_VerbTerm	SC5_Fut_OC14_VRoot_PassExt_VerbTerm	BPre14_NStem
be_zo_bulelesi	PossConc14_Fut_NStem	PossConc14_Fut_NStem	PossConc14_Fut_NStem	PossConc14_Fut_NStem
.	Punc	Punc	Punc	Punc
lokhu	Dem15_Pos1		Dem15_Pos1	
ku_tlhoga	BPre15_NStem	BPre15_NStem	BPre15_NStem	BPre15_NStem
i_bambisano	NPrePre4_NStem	NPrePre9_NStem	NPrePre4_NStem	NPrePre4_NStem
phakathi	Adv	Adv	Adv	Adv
kwa_yo	PossConc15_PronStem9	PossConc15_PronStem9	PossConc15_PronStem9	PossConc15_PronStem9
yo_ke	QuantConc4_QuantStem	QuantConc4_QuantStem	QuantConc4_QuantStem	QuantConc4_QuantStem
i_mi_nyango	NPrePre4_BPre4_NStem	NPrePre4_BPre4_NStem	NPrePre4_BPre4_NStem	NPrePre4_BPre4_NStem
ye_zo_bu_lungiswa	PossConc4_PossConc8_BPre14_NStem	PossConc9_PossConc8_BPre14_NStem	PossConc4_PossConc8_BPre14_NStem	PossConc9_PossConc8_BPre14_NStem
e_u_mu_buso_ini	LocPre_NPrePre3_BPre3_NStem_LocSuf	LocPre_NPrePre3_BPre3_NStem_LocSuf	LocPre_NPrePre3_BPre3_NStem_LocSuf	LocPre_NPrePre3_BPre3_NStem_LocSuf
,	Punc	Punc	Punc	Punc
i_si_qhema	NPrePre7_BPre7_NStem	NPrePre7_BPre7_NStem	NPrePre7_BPre7_NStem	NPrePre7_BPre7_NStem
sa_u_ku_vik_el_w_a	PossConc7_NPrePre15_BPre15_VRoot_ApplExt_PassExt_VerbTerm	PossConc7_NPrePre15_BPre15_VRoot_ApplExt_PassExt_VerbTerm	PossConc7_NPrePre15_BPre15_VRoot_ApplExt_PassExt_VerbTerm	PossConc7_NPrePre15_BPre15_VRoot_PassExt_VerbTerm
kwa_u_bu_lelesi	PossConc15_NPrePre14_BPre14_NStem	PossConc15_NPrePre14_BPre14_NStem	PossConc15_NPrePre14_BPre14_NStem	PossConc15_NPrePre14_BPre14_NStem
ka_nye	AdvPre_AdjStem	AdvPre_AdjStem	AdvPre_AdjStem	AdvPre_AdjStem
na_u_ku_pheph_a	AdvPre_NPrePre15_BPre15_VRoot_VerbTerm	AdvPre_NPrePre15_BPre15_VRoot_VerbTerm	AdvPre_NPrePre15_BPre15_VRoot_VerbTerm	AdvPre_NPrePre15_BPre15_VRoot_VerbTerm
.	Punc	Punc	Punc	Punc
i_im_phakamiso	NPrePre4_BPre4_NStem	NPrePre4_BPre10_NStem	NPrePre4_BPre4_NStem	NPrePre4_BPre10_NStem
zoku_buyekez_w_a	Fut_VRoot_PassExt_VerbTerm	Fut_VRoot_PassExt_VerbTerm	Fut_VRoot_PassExt_VerbTerm	PossConc8_BPre15_NStem
kwe_rherho	PossConc15_NStem	PossConc15_NStem	PossConc15_NStem	PossConc15_NStem
lo_i_bulungiswa	Dem3_Pos1_NPrePre4_NStem	Pos1_NPrePre4	Dem3_Pos1_NPrePre4_NStem	Pos1_BPre14
be_zo_bulelesi	PossConc2_BPre8_NStem	PossConc14_Fut_NStem	PossConc2_BPre8_NStem	PossConc14_Fut_NStem
zi_zaku_siz_a	Pres_Fut_VRoot_VerbTerm	SC10_Fut_VRoot_VerbTerm	Pres_Fut_VRoot_VerbTerm	Pres_Fut_NStem
khulu	Adv	Adv	Adv	Adv
e_ku_rarulula_eni	LocPre_BPre15_NStem_LocSuf	LocPre_BPre15_NStem_LocSuf	LocPre_BPre15_NStem_LocSuf	LocPre_BPre15_NStem_LocSuf
u_bu_thakathaka	NPrePre14_BPre14_NStem	NPrePre14_BPre14_NStem	NPrePre14_BPre14_NStem	NPrePre14_BPre14_NStem
ba_nje	BPre2_NStem	SC14_Adv	BPre2_NStem	CopPre_Intrans_VerbTerm
be_rherho	PossConc14_NStem	PossConc2_NStem	PossConc14_NStem	PossConc2_NStem
.	Punc	Punc	Punc	Punc
i_komba	NPrePre9_NStem	NPrePre4_NStem	NPrePre9_NStem	NPrePre4_NStem
nga_yi_nye	AdvPre_CopPre_AdjStem	AdvPre_CopPre_AdjStem	AdvPre_CopPre_AdjStem	AdvPre_CopPre_AdjStem
ku_fan_el_e	OC15_VRoot_ApplExt_VerbTerm	OC15_VRoot_ApplExt_VerbTerm	OC15_VRoot_ApplExt_VerbTerm	OC15_VRoot_ApplExt_VerbTerm
i_bik_w_e	SC9_VRoot_PassExt_VerbTerm	SC9_VRoot_PassExt_VerbTerm	SC9_VRoot_PassExt_VerbTerm	SC9_VRoot_PassExt_VerbTerm
ngo_ku_phikis_an_a	AdvPre_OC15_VRoot_RecipExt_VerbTerm	AdvPre_OC15_VRoot_RecipExt_VerbTerm	AdvPre_OC15_VRoot_RecipExt_VerbTerm	AdvPre_NPrePre15_BPre15_VRoot_VerbTerm
e_kholom_ini	LocPre_NStem_LocSuf	LocPre_NStem_LocSuf	LocPre_NStem_LocSuf	LocPre_NStem_LocSuf
loku_ragel_a	RelConc15_VRoot_VerbTerm	RelConc15_VRoot_VerbTerm	RelConc15_VRoot_VerbTerm	RelConc15_NStem
phambili	Adv	Adv	Adv	Adv
.	Punc	Punc	Punc	Punc
i_mi_sebenzi	NPrePre4_BPre4_NStem	NPrePre4_BPre4_NStem	NPrePre4_BPre4_NStem	NPrePre4_BPre4_NStem
emi_nye	AdjPref4_AdjStem	AdjPref4_AdjStem	AdjPref4_AdjStem	AdjPref4_AdjStem
na_emi_nye	AdvPre_AdjPref4_AdjStem	AdvPre_AdjPref4_AdjStem	AdvPre_AdjPref4_AdjStem	AdvPre_AdjPref4_AdjStem
e_be_gade	LocPre_BPre2_Adv	LocPre_BPre2_Adv	LocPre_BPre2_Adv	LocPre_BPre2_Adv
i_ngaka_enz_el_w_a	SC4_NegPre_VRoot_ApplExt_PassExt_VerbTerm	SC4_NegPre_VRoot_ApplExt_PassExt_VerbTerm	SC4_NegPre_VRoot_ApplExt_PassExt_VerbTerm	SC9_AdvPre_VRoot_ApplExt_PassExt_VerbTerm
i_mi_tlamo	NPrePre4_BPre4_NStem	NPrePre4_BPre4_NStem	NPrePre4_BPre4_NStem	NPrePre4_BPre4_NStem
kodwana	Conj	Conj	Conj	Conj
e_sele	LocPre_Adv	LocPre_NStem	LocPre_Adv	RelConc4_VRoot_VerbTerm
i_enz_iw_e	SC9_VRoot_PassExt_VerbTerm	SC9_VRoot_PassExt_VerbTerm	SC9_VRoot_PassExt_VerbTerm	SC9_VRoot_PassExt_VerbTerm
ku_fan_el_e	OC15_VRoot_ApplExt_VerbTerm	OC15_VRoot_ApplExt_VerbTerm	OC15_VRoot_ApplExt_VerbTerm	OC15_VRoot_ApplExt_VerbTerm
i_ngezelel_w_e	SC4_VRoot_PassExt_VerbTerm	SC9_VRoot_PassExt_VerbTerm	SC4_VRoot_PassExt_VerbTerm	SC9_VRoot_PassExt_VerbTerm
nga_phasi	AdvPre_Adv	AdvPre_Adv	AdvPre_Adv	AdvPre_Adv
.	Punc	Punc	Punc	Punc
ku_ne_sinye	LocPre_AdvPre_NStem	LocPre_AdvPre_NStem	LocPre_AdvPre_NStem	LocPre_AdvPre_BPre7_NStem
i_si_khathi	NPrePre7_BPre7_NStem	NPrePre7_BPre7_NStem	NPrePre7_BPre7_NStem	NPrePre7_BPre7_NStem
lapha	Dem15_Pos1		Dem15_Pos1	
a_bo_masipala	NPrePre2a_BPre2a_NStem	NPrePre2a_BPre2a_NStem	NPrePre2a_BPre2a_NStem	RelConc2a_NStem
ba_nga_zizw_a	SC2_Pot_Intrans_VerbTerm	SC2_Pot_Intrans_VerbTerm	SC2_Pot_Intrans_VerbTerm	SC2_AdvPre_SC8_Intrans_VerbTerm
bo_nyana	BPre2_NStem	BPre2_NStem	BPre2_NStem	BPre2_NStem
ku_no_kuthi	BPre15_AdvPre_NStem	BPre17_AdvPre_NStem	BPre15_AdvPre_NStem	BPre15_NegPre_OC15_VRoot_VerbTerm
ba_nik_el_e	SC2_VRoot_ApplExt_VerbTerm	SC2_VRoot_ApplExt_VerbTerm	SC2_VRoot_ApplExt_VerbTerm	SC2_VRoot_ApplExt_VerbTerm
nga_e_n_setjenziswa	AdvPre_LocPre_BPre3_NStem	AdvPre_LocPre_BPre3_NStem	AdvPre_LocPre_BPre3_NStem	AdvPre_LocPre_BPre3_NStem
bu_nqoph_a	CopPre_Intrans_VerbTerm	CopPre_Intrans_VerbTerm	CopPre_Intrans_VerbTerm	CopPre_Intrans_VerbTerm
ku_nga_b_a	SC15_Pot_VRoot_VerbTerm	SC15_Pot_VRoot_VerbTerm	SC15_Pot_VRoot_VerbTerm	SC15_Pot_VRoot_VerbTerm
ngcono	NStem	NStem	NStem	NStem
na_ba_ngaqatjha	AdvPre_BPre2_NStem	AdvPre_BPre2_NStem	AdvPre_BPre2_NStem	AdvPre_SC2_AdvPre_Intrans_VerbTerm
omu_nye	AdjPref1_AdjStem	AdjPref1_AdjStem	AdjPref1_AdjStem	AdjPref1_AdjStem
u_mu_ntu	NPrePre1_BPre1_NStem	NPrePre1_BPre1_NStem	NPrePre1_BPre1_NStem	NPrePre1_BPre1_NStem
(	Punc	Punc	Punc	Punc
u_mu_nikeli	NPrePre1a_BPre1a_NStem	NPrePre1_BPre1_NStem	NPrePre1a_BPre1a_NStem	NPrePre1_BPre1_NStem
nga_e_n_setjenziswa	AdvPre_LocPre_BPre3_NStem	AdvPre_LocPre_BPre3_NStem	AdvPre_LocPre_BPre3_NStem	AdvPre_LocPre_BPre3_NStem
)	Punc	Punc	Punc	Punc
bo_nyana	BPre2_NStem	BPre2_NStem	BPre2_NStem	BPre2_NStem
enz_e	VRoot_VerbTerm	VRoot_VerbTerm	VRoot_VerbTerm	VRoot_VerbTerm
u_mu_sebenzi	NPrePre3_BPre3_NStem	NPrePre3_BPre3_NStem	NPrePre3_BPre3_NStem	NPrePre3_BPre3_NStem
.	Punc	Punc	Punc	Punc
a_bo_nobangela	NPrePre2_BPre2_NStem	NPrePre2_BPre2_NStem	NPrePre2_BPre2_NStem	NPrePre2_BPre2a_NStem
b_o_ikobana	PossConc2a_LocPre_NStem	PossConc2a_LocPre_NStem	PossConc2a_LocPre_NStem	PossConc2_NStem
ku_b_a	BPre15_VRoot_VerbTerm	BPre15_VRoot_VerbTerm	BPre15_VRoot_VerbTerm	BPre15_VRoot_VerbTerm
yi_ni	CopPre_Interrog	CopPre_Interrog	CopPre_Interrog	CopPre_Interrog
u_masipala	NPrePre1a_NStem	NPrePre1a_NStem	NPrePre1a_NStem	NPrePre1a_NStem
a_kheth_e	RelConc6_VRoot_VerbTerm	RelConc6_VRoot_VerbTerm	RelConc6_VRoot_VerbTerm	RelConc6_VRoot_VerbTerm
i_n_dlela	NPrePre9_BPre9_NStem	NPrePre9_BPre9_NStem	NPrePre9_BPre9_NStem	NPrePre9_BPre9_NStem
le	Dem9_Pos1		Dem9_Pos1	
kukobana	Conj	Conj	Conj	Conj
aba_nye	AdjPref2_AdjStem	AdjPref2_AdjStem	AdjPref2_AdjStem	AdjPref2_AdjStem
a_bo_masipala	NPrePre2a_BPre2a_NStem	NPrePre2a_BPre2a_NStem	NPrePre2a_BPre2a_NStem	RelConc2a_NStem
,	Punc	Punc	Punc	Punc
i_in_hlangano	NPrePre10_BPre10_NStem	NPrePre4_BPre4_NStem	NPrePre10_BPre10_NStem	NPrePre4_BPre4_NStem
(	Punc	Punc	Punc	Punc
a_ma_NGO	NPrePre6_BPre6_Abbr	NPrePre6_BPre6_Abbr	NPrePre6_BPre6_Abbr	NPrePre6_BPre6_NStem
namkha	Conj	Conj	Conj	Conj
a_ma_CBO	NPrePre6_BPre6_Abbr	NPrePre6_BPre6_Abbr	NPrePre6_BPre6_Abbr	NPrePre6_BPre6_NStem
)	Punc	Punc	Punc	Punc
namkha	Conj	Conj	Conj	Conj
a_ma_khamphani	NPrePre6_BPre6_NStem	NPrePre6_BPre6_NStem	NPrePre6_BPre6_NStem	NPrePre6_BPre6_NStem
w_a_ngeqadi	PossConc6_LocPre_NStem	PossConc6_LocPre_NStem	PossConc6_LocPre_NStem	PossConc3_AdvPre_NStem
a_nga_b_a	SC6_AdvPre_VRoot_VerbTerm	SC6_Pot_VRoot_VerbTerm	SC6_AdvPre_VRoot_VerbTerm	SC6_Pot_VRoot_VerbTerm
ne_e_n_setjenziswa	AdvPre_LocPre_BPre3_NStem	AdvPre_LocPre_BPre8_NStem	AdvPre_LocPre_BPre3_NStem	AdvPre_LocPre_BPre8_NStem
ezi_ngcono	RelConc10_NStem	RelConc10_NStem	RelConc10_NStem	RelConc10_NStem
begodu	Conj	Conj	Conj	Conj
na_ma_kghono	AdvPre_BPre6_NStem	AdvPre_BPre6_NStem	AdvPre_BPre6_NStem	AdvPre_BPre6_NStem
wa_u_ku_phath_a	PossConc3_NPrePre15_BPre15_VRoot_VerbTerm	PossConc3_NPrePre15_BPre15_VRoot_VerbTerm	PossConc3_NPrePre15_BPre15_VRoot_VerbTerm	PossConc3_NPrePre15_BPre15_VRoot_VerbTerm
u_ku_az_i	NPrePre15_BPre15_VRoot_VerbTerm	NPrePre15_BPre15_VRoot_VerbTerm	NPrePre15_BPre15_VRoot_VerbTerm	NPrePre15_BPre15_VRoot_VerbTerm
u_ku_nikel_a	NPrePre15_BPre15_VRoot_VerbTerm	NPrePre15_BPre15_VRoot_VerbTerm	NPrePre15_BPre15_VRoot_VerbTerm	NPrePre15_BPre15_VRoot_VerbTerm
u_mu_sebenzi	NPrePre3_BPre3_NStem	NPrePre3_BPre3_NStem	NPrePre3_BPre3_NStem	NPrePre3_BPre3_NStem
.	Punc	Punc	Punc	Punc
a_ba_hlanganyeli	NPre2_BPre2_NStem	NPrePre2_BPre2_NStem	NPre2_BPre2_NStem	NPrePre2_BPre2_NStem
ba_enz_a	SC2_VRoot_VerbTerm	SC2_VRoot_VerbTerm	SC2_VRoot_VerbTerm	SC2_VRoot_VerbTerm
i_si_bonelo	NPrePre7_BPre7_NStem	NPrePre7_BPre7_NStem	NPrePre7_BPre7_NStem	NPrePre7_BPre7_NStem
esi_nge_nzasi	RelConc7_AdvPre_Adv	RelConc7_AdvPre_Adv	RelConc7_AdvPre_Adv	RelConc7_AdvPre_Adv
so_kobana	PossConc7_NStem	PossConc7_NStem	PossConc7_NStem	PossConc7_NStem
i_KPI	NPrePre9_Abbr	NPrePre4_Abbr	NPrePre9_Abbr	NPrePre4_Abbr
i_hlangabez_an_a	NPrePre3_VRoot_RecipExt_VerbTerm	SC4_VRoot_RecipExt_VerbTerm	NPrePre3_VRoot_RecipExt_VerbTerm	SC4_VRoot_RecipExt_VerbTerm
bu_njani	SC14_Adv	SC14_Adv	SC14_Adv	SC14_Adv
ne_e_m_funeko	AdvPre_LocPre_BPre10_NStem	AdvPre_LocPre_BPre3_NStem	AdvPre_LocPre_BPre10_NStem	AdvPre_LocPre_BPre3_NStem
ze_mi_thetjho_ana	PossConc10_BPre4_NStem_DimSuf	PossConc8_BPre4_NStem_DimSuf	PossConc10_BPre4_NStem_DimSuf	PossConc8_BPre4_NStem_DimSuf
.	Punc	Punc	Punc	Punc
sebenzis_a	VRoot_VerbTerm	VRoot_VerbTerm	VRoot_VerbTerm	VRoot_CausExt_VerbTerm
u_mu_da	NPrePre3_BPre3_NStem	NPrePre1_BPre1_NStem	NPrePre3_BPre3_NStem	NPrePre1_BPre1_NStem
wa_u_ku_thom_a	PossConc3_NPrePre15_BPre15_VRoot_VerbTerm	PossConc3_NPrePre15_BPre15_VRoot_VerbTerm	PossConc3_NPrePre15_BPre15_VRoot_VerbTerm	PossConc3_NPrePre15_BPre15_VRoot_VerbTerm
njenga_i_si_bonelo	AdvPre_NPrePre7_BPre7_NStem	AdvPre_NPrePre7_BPre7_NStem	AdvPre_NPrePre7_BPre7_NStem	AdvPre_NPrePre7_BPre7_NStem
be_s_e	SC2_VRoot_VerbTerm	SC2_VRoot_VerbTerm	SC2_VRoot_VerbTerm	SC2_VRoot_VerbTerm
i_in_qhema	NPrePre8_NPre8_NStem	NPrePre8_NPre8_NStem	NPrePre8_NPre8_NStem	NPrePre8_NPre8_NStem
zi_qedelel_a	SC8_VRoot_VerbTerm	SC10_VRoot_VerbTerm	SC8_VRoot_VerbTerm	BPre8_NStem
i_thebula	NPrePre5_NStem	NPrePre5_NStem	NPrePre5_NStem	NPrePre4_NStem
.	Punc	Punc	Punc	Punc
u_m_lando	NPrePre3_BPre3_NStem	NPrePre3_BPre3_NStem	NPrePre3_BPre3_NStem	NPrePre3_BPre3_NStem
w_e_sewula	PossConc3_LocPre_NStem	PossConc1_LocPre_NStem	PossConc3_LocPre_NStem	PossConc1_LocPre_NStem
Afrika	ProperName	ProperName	ProperName	ProperName
na_ma_lemuko	AdvPre_BPre6_NStem	AdvPre_BPre6_NStem	AdvPre_BPre6_NStem	AdvPre_BPre6_NStem
w_e_enarha	PossConc6_LocPre_NStem	PossConc3_LocPre_NStem	PossConc6_LocPre_NStem	PossConc3_LocPre_NStem
ezi_nye	AdjPref10_AdjStem	AdjPref10_AdjStem	AdjPref10_AdjStem	AdjPref10_AdjStem
u_khombisa	NPrePre1a_NStem	NPrePre1a_NStem	NPrePre1a_NStem	NPrePre1a_NStem
bo_nyana	BPre2_NStem	BPre2_NStem	BPre2_NStem	BPre2_NStem
u_bu_nye	NPrePre14_BPre14_NStem	NPrePre14_BPre14_AdjStem	NPrePre14_BPre14_NStem	NPrePre14_BPre14_AdjStem
na_i_bumbano	AdvPre_NPre5_NStem	AdvPre_NPre9_NStem	AdvPre_NPre5_NStem	AdvPre_NStem
la_u_mu_phakathi	PossConc5_NPrePre3_BPre3_NStem	PossConc5_NPrePre3_BPre3_NStem	PossConc5_NPrePre3_BPre3_NStem	PossConc5_NPrePre3_BPre3_NStem
ku_zi_zi_nto	BPre15_Pres_BPre10_NStem	BPre15_Pres_BPre10_NStem	BPre15_Pres_BPre10_NStem	BPre15_Pres_BPre10_NStem
ezi_qakathek_ile_ko	RelConc8_VRoot_Perf_RelSuf	RelConc8_VRoot_Perf_RelSuf	RelConc8_VRoot_Perf_RelSuf	RelConc8_VRoot_Perf_RelSuf
e_u_ku_phumelel_is_a_ini	LocPre_NPrePre15_BPre15_VRoot_CausExt_VerbTerm_LocSuf	LocPre_NPrePre15_BPre15_VRoot_CausExt_VerbTerm_LocSuf	LocPre_NPrePre15_BPre15_VRoot_CausExt_VerbTerm_LocSuf	LocPre_NPrePre15_BPre15_VRoot_CausExt_VerbTerm_LocSuf
i_mi_nqopho	NPrePre4_BPre4_NStem	NPrePre4_BPre4_NStem	NPrePre4_BPre4_NStem	NPrePre4_BPre4_NStem
ye_ze_hlalakuhle	PossConc4_PossConc8_NStem	PossConc9_PossConc8_NStem	PossConc4_PossConc8_NStem	PossConc9_PossConc8_NStem
na_u_mu_notho	AdvPre_NPrePre3_BPre3_NStem	AdvPre_NPrePre3_BPre3_NStem	AdvPre_NPrePre3_BPre3_NStem	AdvPre_NPrePre3_BPre3_NStem
.	Punc	Punc	Punc	Punc
i_sethulo	NPrePre7_NStem	NPrePre4_NStem	NPrePre7_NStem	NPrePre4_NStem
sa_u_mu_thethosisekelo	PossConc7_NPrePre3_BPre3_NStem	PossConc7_NPrePre3_BPre3_NStem	PossConc7_NPrePre3_BPre3_NStem	PossConc7_NPrePre3_BPre3_NStem
si_mumath_ile	SC7_VRoot_Perf	SC1_VRoot_Perf	SC7_VRoot_Perf	SC1_VRoot_Perf
i_si_linganiswesi	NPrePre7_BPre7_NStem	NPrePre7_BPre7_NStem	NPrePre7_BPre7_NStem	NPrePre7_BPre7_NStem
nga_i_n_dlela	AdvPre_NPrePre9_BPre9_NStem	AdvPre_NPrePre9_BPre9_NStem	AdvPre_NPrePre9_BPre9_NStem	AdvPre_NPrePre9_BPre9_NStem
e_fanel_e_ko	LocPre_VRoot_VerbTerm_RelSuf	LocPre_VRoot_VerbTerm_RelSuf	LocPre_VRoot_VerbTerm_RelSuf	RelConc9_NStem_RelSuf
.	Punc	Punc	Punc	Punc
si_amukela	CopPre_NStem	BPre7_NStem	CopPre_NStem	PossConc1a_NStem
i_si_bopho	NPrePre7_BPre7_NStem	NPrePre7_BPre7_NStem	NPrePre7_BPre7_NStem	NPrePre7_BPre7_NStem
sa_u_mu_buso	PossConc7_NPrePre3_BPre3_NStem	PossConc7_NPrePre3_BPre3_NStem	PossConc7_NPrePre3_BPre3_NStem	PossConc7_NPrePre3_BPre3_NStem
sa_u_ku_buyisel_a	PossConc7_NPrePre15_BPre15_VRoot_VerbTerm	PossConc7_NPrePre15_BPre15_VRoot_VerbTerm	PossConc7_NPrePre15_BPre15_VRoot_VerbTerm	PossConc7_NPrePre15_BPre15_NStem
e_u_mu_va	LocPre_NPrePre3_BPre3_NStem	LocPre_NPrePre3_BPre3_NStem	LocPre_NPrePre3_BPre3_NStem	LocPre_NPrePre3_BPre3_NStem
i_mi_phumela	NPrePre4_BPre4_NStem	NPrePre4_BPre4_NStem	NPrePre4_BPre4_NStem	NPrePre4_BPre4_NStem
ye_bandlululo	PossConc9_NStem	PossConc9_NStem	PossConc9_NStem	PossConc9_NStem
,	Punc	Punc	Punc	Punc
nga_i_n_dlela	AdvPre_NPrePre9_BPre9_NStem	AdvPre_NPrePre9_BPre9_NStem	AdvPre_NPrePre9_BPre9_NStem	AdvPre_NPrePre9_BPre9_NStem
e_zaku_enz_a	RelConc9_Fut_VRoot_VerbTerm	RelConc4_Fut_VRoot_VerbTerm	RelConc9_Fut_VRoot_VerbTerm	RelConc4_Fut_VRoot_VerbTerm
bo_nyana	BPre2_NStem	BPre2_NStem	BPre2_NStem	BPre2_NStem
zo_ke	QuantConc10_QuantStem	QuantConc10_QuantStem	QuantConc10_QuantStem	QuantConc10_QuantStem
i_zi_akhamuzi	NPrePre8_BPre8_NStem	NPrePre8_BPre8_NStem	NPrePre8_BPre8_NStem	NPrePre8_BPre8_NStem
zi_zi_zwe	BPre8_BPre8_NStem	BPre8_BPre8_NStem	BPre8_BPre8_NStem	SC8_ReflPre_VRoot_VerbTerm
zi_yi_ngcenye	BPre8_CopPre_NStem	BPre8_CopPre_NStem	BPre8_CopPre_NStem	BPre8_CopPre_NStem
ye_narha	PossConc9_NStem	PossConc4_NStem	PossConc9_NStem	PossConc4_NStem
ka_nye	AdvPre_AdjStem	AdvPre_AdjStem	AdvPre_AdjStem	AdvPre_AdjStem
na_a_ma_hlelo	AdvPre_NPrePre6_BPre6_NStem	AdvPre_NPrePre6_BPre6_NStem	AdvPre_NPrePre6_BPre6_NStem	AdvPre_NPrePre6_BPre6_NStem
wa_yo	PossConc6_PronStem4	PossConc3_PronStem9	PossConc6_PronStem4	PossConc3_PronStem9
.	Punc	Punc	Punc	Punc
a_ma_komidi	NPrePre6_BPre6_NStem	NPrePre6_BPre6_NStem	NPrePre6_BPre6_NStem	NPrePre6_BPre6_NStem
we_wadi	PossConc6_NStem	PossConc6_NStem	PossConc6_NStem	PossConc6_NStem
ku_fan_el_e	OC15_VRoot_ApplExt_VerbTerm	OC15_VRoot_ApplExt_VerbTerm	OC15_VRoot_ApplExt_VerbTerm	OC15_VRoot_ApplExt_VerbTerm
a_thuthuk_is_e	SC6_VRoot_CausExt_VerbTerm	SC6_VRoot_CausExt_VerbTerm	SC6_VRoot_CausExt_VerbTerm	SC6_VRoot_CausExt_VerbTerm
be_ka_fak_e	PossConc2_AdvPre_Intrans_VerbTerm	SC2_Pres_Intrans_VerbTerm	PossConc2_AdvPre_Intrans_VerbTerm	SC2_AdvPre_VRoot_VerbTerm
ne_e_n_dlela	AdvPre_LocPre_BPre3_NStem	AdvPre_LocPre_BPre3_NStem	AdvPre_LocPre_BPre3_NStem	AdvPre_LocPre_BPre3_NStem
ezi_zoku_siz_a	RelConc10_Fut_VRoot_VerbTerm	RelConc10_Pres_VRoot_VerbTerm	RelConc10_Fut_VRoot_VerbTerm	RelConc10_Pres_VRoot_VerbTerm
e_ku_dlulisela_eni	RelConc9_BPre15_NStem_LocSuf	LocPre_BPre15_NStem_LocSuf	RelConc9_BPre15_NStem_LocSuf	LocPre_BPre15_NStem_CausExt_ApplExt_LocSuf
i_lu_azi	BPre9_BPre11_NStem	BPre9_BPre11_NStem	BPre9_BPre11_NStem	BPre9_BPre11_NStem
eli_nqoph_ile_ko	RelConc5_VRoot_Perf_RelSuf	RelConc5_VRoot_Perf_RelSuf	RelConc5_VRoot_Perf_RelSuf	RelConc5_VRoot_Perf_RelSuf
e_u_mu_phakathi_ini	LocPre_NPrePre3_BPre3_NStem_LocSuf	LocPre_NPrePre3_BPre3_NStem_LocSuf	LocPre_NPrePre3_BPre3_NStem_LocSuf	LocPre_NPrePre3_BPre3_NStem_LocSuf
no_ku_suk_a	AdvPre_OC3_VRoot_VerbTerm	AdvPre_OC15_VRoot_VerbTerm	AdvPre_OC3_VRoot_VerbTerm	AdvPre_NPrePre15_BPre15_VRoot_VerbTerm
e_m_khandlu_ini	LocPre_BPre3_NStem_LocSuf	LocPre_BPre3_NStem_LocSuf	LocPre_BPre3_NStem_LocSuf	LocPre_BPre3_NStem_LocSuf
u_ku_y_a	NPrePre15_BPre15_VRoot_VerbTerm	NPrePre15_BPre15_VRoot_VerbTerm	NPrePre15_BPre15_VRoot_VerbTerm	NPrePre15_BPre15_VRoot_VerbTerm
e_u_mu_phakathi_ini	LocPre_NPrePre3_BPre3_NStem_LocSuf	LocPre_NPrePre3_BPre3_NStem_LocSuf	LocPre_NPrePre3_BPre3_NStem_LocSuf	LocPre_NPrePre3_BPre3_NStem_LocSuf
.	Punc	Punc	Punc	Punc
i_in_kambiso	NPrePre10_BPre10_NStem	NPrePre10_BPre10_NStem	NPrePre10_BPre10_NStem	NPrePre10_BPre10_NStem
ku_fan_el_e	OC15_VRoot_ApplExt_VerbTerm	OC15_VRoot_ApplExt_VerbTerm	OC15_VRoot_ApplExt_VerbTerm	SC15_VRoot_ApplExt_VerbTerm
zi_tjhej_e	SC10_VRoot_VerbTerm	SC10_VRoot_VerbTerm	SC10_VRoot_VerbTerm	Pres_NStem
a_ma_hlelo	NPrePre6_BPre6_NStem	NPrePre6_BPre6_NStem	NPrePre6_BPre6_NStem	NPrePre6_BPre6_NStem
ka_masipala	PossKA_NStem	PossKA_NStem	PossKA_NStem	PossKA_NStem
ka_nye	AdvPre_AdjStem	AdvPre_AdjStem	AdvPre_AdjStem	AdvPre_AdjStem
na_ma_phrojekthi	AdvPre_BPre6_NStem	AdvPre_BPre6_NStem	AdvPre_BPre6_NStem	AdvPre_BPre6_NStem
na_u_ku_bon_a	AdvPre_NPrePre15_BPre15_VRoot_VerbTerm	AdvPre_NPrePre15_BPre15_VRoot_VerbTerm	AdvPre_NPrePre15_BPre15_VRoot_VerbTerm	AdvPre_NPrePre15_BPre15_VRoot_VerbTerm
bona	AbsPron2	AbsPron2	AbsPron2	AbsPron2
ku_nga_gcugcuzel_ek_a	BPre15_AdvPre_VRoot_NeutExt_VerbTerm	BPre15_AdvPre_VRoot_NeutExt_VerbTerm	BPre15_AdvPre_VRoot_NeutExt_VerbTerm	BPre15_AdvPre_NStem
bu_njani	SC14_Adv	SC14_Adv	SC14_Adv	SC14_Adv
u_ku_thintana	NPrePre15_BPre15_NStem	NPrePre15_BPre15_NStem	NPrePre15_BPre15_NStem	NPrePre15_BPre15_VRoot_RecipExt_VerbTerm
oku_zoku_bandakany_a	RelConc15_Fut_VRoot_VerbTerm	RelConc15_Fut_VRoot_VerbTerm	RelConc15_Fut_VRoot_VerbTerm	RelConc15_Fut_VRoot_VerbTerm
u_ku_hlanganyela	NPrePre15_BPre15_NStem	NPrePre15_BPre15_NStem	NPrePre15_BPre15_NStem	NPrePre15_BPre15_VRoot_VerbTerm
kwa_u_mu_phakathi	PossConc15_NPrePre3_BPre3_NStem	PossConc15_NPrePre3_BPre3_NStem	PossConc15_NPrePre3_BPre3_NStem	PossConc15_NPrePre3_BPre3_NStem
.	Punc	Punc	Punc	Punc
u_ku_nikel_a	NPrePre15_BPre15_VRoot_VerbTerm	NPrePre15_BPre15_VRoot_VerbTerm	NPrePre15_BPre15_VRoot_VerbTerm	NPrePre15_BPre15_VRoot_VerbTerm
i_zi_akhamuzi	NPrePre8_BPre8_NStem	NPrePre8_BPre8_NStem	NPrePre8_BPre8_NStem	NPrePre8_BPre8_NStem
ze_ndawo	PossConc8_NStem	PossConc8_NStem	PossConc8_NStem	PossConc8_NStem
i_li_thuba	NPrePre5_BPre5_NStem	NPrePre5_BPre5_NStem	NPrePre5_BPre5_NStem	NPrePre5_BPre5_NStem
loku_ngen_a	RelConc15_VRoot_VerbTerm	RelConc15_VRoot_VerbTerm	RelConc15_VRoot_VerbTerm	RelConc15_VRoot_VerbTerm
e_ma_tjhebiswana_eni	LocPre_BPre6_NStem_LocSuf	LocPre_BPre6_NStem_LocSuf	LocPre_BPre6_NStem_LocSuf	LocPre_BPre6_NStem_LocSuf
na_ma_kontraga_eni	AdvPre_BPre6_NStem_LocSuf	AdvPre_BPre6_NStem_LocSuf	AdvPre_BPre6_NStem_LocSuf	AdvPre_BPre6_NStem_LocSuf
na_urhulumende	AdvPre_NStem	AdvPre_NStem	AdvPre_NStem	AdvPre_NStem
wa_i_n_ndawo	PossConc1_NPrePre9_BPre9_NStem	PossConc1_NPrePre9_BPre9_NStem	PossConc1_NPrePre9_BPre9_NStem	PossConc1_NPrePre9_BPre9_NStem
ukuze	Conj	Conj	Conj	Conj
ba_hlel_e	SC2_Intrans_VerbTerm	SC2_Intrans_VerbTerm	SC2_Intrans_VerbTerm	SC2_Intrans_VerbTerm
ezi_nye	AdjPref10_AdjStem	AdjPref10_AdjStem	AdjPref10_AdjStem	AdjPref10_AdjStem
i_in_setjenziswa	NPrePre8_NPre8_NStem	NPrePre8_NPre8_NStem	NPrePre8_NPre8_NStem	NPrePre8_NPre8_NStem
ezi_ngeziwe_ko	RelConc8_NStem_RelSuf	RelConc10_NStem_RelSuf	RelConc8_NStem_RelSuf	RelConc8_AdvPre_NStem_RelSuf
.	Punc	Punc	Punc	Punc
a_ma_qhinga	NPrePre6_BPre6_NStem	NPrePre6_BPre6_NStem	NPrePre6_BPre6_NStem	NPrePre6_BPre6_NStem
mi_tlamo	BPre4_NStem	BPre4_NStem	BPre4_NStem	BPre4_NStem
e_u_ku_funek_a	LocPre_NPrePre15_BPre15_VRoot_VerbTerm	LocPre_NPrePre15_BPre15_VRoot_VerbTerm	LocPre_NPrePre15_BPre15_VRoot_VerbTerm	LocPre_BPre15_VRoot_NeutExt_VerbTerm
bo_nyana	BPre2_NStem	BPre2_NStem	BPre2_NStem	BPre2_NStem
ku_setjenzwe	BPre15_NStem	BPre15_NStem	BPre15_NStem	BPre15_NStem
nga_yo	AdvPre_PronStem9	AdvPre_PronStem9	AdvPre_PronStem9	AdvPre_PronStem9
u_ku_phumelel_is_a	NPrePre15_BPre15_VRoot_CausExt_VerbTerm	NPrePre15_BPre15_VRoot_CausExt_VerbTerm	NPrePre15_BPre15_VRoot_CausExt_VerbTerm	NPrePre15_BPre15_VRoot_CausExt_VerbTerm
u_m_nqopho	NPrePre3_BPre3_NStem	NPrePre3_BPre3_NStem	NPrePre3_BPre3_NStem	NPrePre3_BPre3_NStem
.	Punc	Punc	Punc	Punc
e_u_mu_sebenzi_ini	LocPre_NPrePre3_BPre3_NStem_LocSuf	LocPre_NPrePre3_BPre3_NStem_LocSuf	LocPre_NPrePre3_BPre3_NStem_LocSuf	LocPre_NPrePre3_BPre3_NStem_LocSuf
o_landela_ko	RelConc3_NStem_RelSuf	RelConc3_NStem_RelSuf	RelConc3_NStem_RelSuf	RelConc3_VRoot_VerbTerm_RelSuf
a_ma_qhinga	NPrePre6_BPre6_NStem	NPrePre6_BPre6_NStem	NPrePre6_BPre6_NStem	NPrePre6_BPre6_NStem
a_ya_khonj_w_a	SC6_Pres_VRoot_PassExt_VerbTerm	SC6_Pres_VRoot_PassExt_VerbTerm	SC6_Pres_VRoot_PassExt_VerbTerm	SC6_Pres_VRoot_PassExt_VerbTerm
u_ku_enz_el_a	NPrePre15_BPre15_VRoot_ApplExt_VerbTerm	NPrePre15_BPre15_VRoot_ApplExt_VerbTerm	NPrePre15_BPre15_VRoot_ApplExt_VerbTerm	NPrePre15_BPre15_VRoot_ApplExt_VerbTerm
bo_nyana	BPre2_NStem	BPre2_NStem	BPre2_NStem	BPre2_NStem
kwak_hel_w_e	SC15_VRoot_PassExt_VerbTerm	SC15_VRoot_PassExt_VerbTerm	SC15_VRoot_PassExt_VerbTerm	SC15_VRoot_ApplExt_PassExt_VerbTerm
phezu	Adv	Adv	Adv	Adv
kwa_ma_kghono	PossConc15_BPre15_NStem	PossConc15_BPre15_NStem	PossConc15_BPre15_NStem	PossConc15_BPre6_NStem
begodu	Conj	Conj	Conj	Conj
ku_pheliswe	BPre15_NStem	BPre15_NStem	BPre15_NStem	BPre15_NStem
u_bu_thakathaka	NPrePre14_BPre14_NStem	NPrePre14_BPre14_NStem	NPrePre14_BPre14_NStem	NPrePre14_BPre14_NStem
.	Punc	Punc	Punc	Punc
u_mu_sebenzi	NPrePre3_BPre3_NStem	NPrePre3_BPre3_NStem	NPrePre3_BPre3_NStem	NPrePre3_BPre3_NStem
o_landel_a_ko	SC3_VRoot_VerbTerm_RelSuf	RelConc3_VRoot_VerbTerm_RelSuf	SC3_VRoot_VerbTerm_RelSuf	RelConc3_VRoot_VerbTerm_RelSuf
u_ragelisa	NPrePre1a_NStem	NPrePre1a_NStem	NPrePre1a_NStem	NPrePre1a_NStem
phambili	Adv	Adv	Adv	Adv
i_gadangweli	NPrePre4_NStem	NPrePre4_NStem	NPrePre4_NStem	NPrePre4_NStem
begodu	Conj	Conj	Conj	Conj
u_khomba	NPrePre1a_NStem	NPrePre1a_NStem	NPrePre1a_NStem	NPrePre1a_NStem
a_ma_phrojekthi	NPrePre6_BPre6_NStem	NPrePre6_BPre6_NStem	NPrePre6_BPre6_NStem	NPrePre6_BPre6_NStem
na_i_mi_sebenzi	AdvPre_NPrePre4_BPre4_NStem	AdvPre_NPrePre4_BPre4_NStem	AdvPre_NPrePre4_BPre4_NStem	AdvPre_NPrePre4_BPre4_NStem
e_ku_fuz_e	RelConc4_OC15_VRoot_VerbTerm	RelConc4_OC15_VRoot_VerbTerm	RelConc4_OC15_VRoot_VerbTerm	RelConc4_OC15_VRoot_VerbTerm
i_sungulwe	NPrePre4_NStem	NPrePre4_NStem	NPrePre4_NStem	SC4_VRoot_PassExt_VerbTerm
u_ku_sebenz_a	NPrePre15_BPre15_VRoot_VerbTerm	NPrePre15_BPre15_VRoot_VerbTerm	NPrePre15_BPre15_VRoot_VerbTerm	NPrePre15_BPre15_VRoot_VerbTerm
ngqhinga	NStem	NStem	NStem	NStem
eli_nye	AdjPref5_AdjStem	AdjPref5_AdjStem	AdjPref5_AdjStem	AdjPref5_AdjStem
na_eli_nye	AdvPre_AdjPref5_AdjStem	AdvPre_AdjPref5_AdjStem	AdvPre_AdjPref5_AdjStem	AdvPre_AdjPref5_AdjStem
.	Punc	Punc	Punc	Punc
u_ku_cocisana	NPrePre15_BPre15_NStem	NPrePre15_BPre15_NStem	NPrePre15_BPre15_NStem	NPrePre15_BPre15_NStem
nga_i_mi_raro	AdvPre_NPre4_BPre4_NStem	AdvPre_NPrePre4_BPre4_NStem	AdvPre_NPre4_BPre4_NStem	AdvPre_NPrePre4_BPre4_NStem
begodu	Conj	Conj	Conj	Conj
na_abel_an_e	AdvPre_VRoot_RecipExt_VerbTerm	AdvPre_VRoot_RecipExt_VerbTerm	AdvPre_VRoot_RecipExt_VerbTerm	AdvPre_NStem
i_mi_bono	NPrePre4_BPre4_NStem	NPrePre4_BPre4_NStem	NPrePre4_BPre4_NStem	NPrePre4_BPre4_NStem
nge_e_n_dlela	AdvPre_LocPre_BPre3_NStem	AdvPre_LocPre_BPre3_NStem	AdvPre_LocPre_BPre3_NStem	AdvPre_LocPre_BPre3_NStem
i_in_kambisolawulo	NPrePre10_BPre10_NStem	NPrePre10_BPre10_NStem	NPrePre10_BPre10_NStem	NPrePre4_NStem
zi_nga_phumelel_a	SC10_AdvPre_VRoot_VerbTerm	SC10_AdvPre_VRoot_VerbTerm	SC10_AdvPre_VRoot_VerbTerm	Pres_Pot_NStem
ngcono	NStem	NStem	NStem	NStem
nga_yo	AdvPre_PronStem9	AdvPre_PronStem9	AdvPre_PronStem9	AdvPre_PronStem9
.	Punc	Punc	Punc	Punc
dlul_is_el_a	VRoot_CausExt_ApplExt_VerbTerm	VRoot_CausExt_ApplExt_VerbTerm	VRoot_CausExt_ApplExt_VerbTerm	VRoot_CausExt_ApplExt_VerbTerm
e_mibuzo_eni	LocPre_NStem_LocSuf	LocPre_NStem_LocSuf	LocPre_NStem_LocSuf	LocPre_NStem_LocSuf
e_phakanyisiwe	RelConc4_NStem	LocPre_NStem	RelConc4_NStem	RelConc9_VRoot_PassExt_VerbTerm
e_thebuli_ini	LocPre_NStem_LocSuf	LocPre_NStem_LocSuf	LocPre_NStem_LocSuf	LocPre_NStem_LocSuf
eli_s_e_khasi_ini	RelConc5_PreLoc-s_LocPre_NStem_LocSuf	RelConc5_PreLoc-s_LocPre_NStem_LocSuf	RelConc5_PreLoc-s_LocPre_NStem_LocSuf	RelConc5_PreLoc-s_LocPre_NStem_LocSuf
la_ma_90	PossConc5_BPre6_Num	PossConc5_BPre6_Num	PossConc5_BPre6_Num	PossConc5_BPre6_Num
eli_ngezelel_a	RelConc5_VRoot_VerbTerm	RelConc5_VRoot_VerbTerm	RelConc5_VRoot_VerbTerm	RelConc5_VRoot_VerbTerm
i_mi_bono	NPrePre4_BPre4_NStem	NPrePre4_BPre4_NStem	NPrePre4_BPre4_NStem	NPrePre4_BPre4_NStem
e_nikel_w_e	RelConc4_VRoot_PassExt_VerbTerm	RelConc9_VRoot_PassExt_VerbTerm	RelConc4_VRoot_PassExt_VerbTerm	RelConc4_VRoot_ApplExt_PassExt_VerbTerm
ba_hlanganyeli	BPre2_NStem	PossConc1a_NStem	BPre2_NStem	PossConc1a_NStem
.	Punc	Punc	Punc	Punc
u_mu_thetho	NPrePre3_BPre3_NStem	NPrePre3_BPre3_NStem	NPrePre3_BPre3_NStem	NPrePre3_BPre3_NStem
ka_rhulumende	PossConc15_NStem	PossKA_NStem	PossConc15_NStem	PossConc4_NStem
wa_i_li_khaya	PossConc3_NPrePre5_BPre5_NStem	PossConc3_NPrePre5_BPre5_NStem	PossConc3_NPrePre5_BPre5_NStem	PossConc3_NPrePre5_BPre5_NStem
o_hleliw_ek_o	SC3_VRoot_NeutExt_VerbTerm	RelConc3_VRoot_NeutExt_VerbTerm	SC3_VRoot_NeutExt_VerbTerm	RelConc3_NStem
,	Punc	Punc	Punc	Punc
we_1997	PossConc3_Num	PossConc1_Num	PossConc3_Num	PossConc1_LocPre_Num
u_nik_el_a	SC3_VRoot_ApplExt_VerbTerm	SC3_VRoot_ApplExt_VerbTerm	SC3_VRoot_ApplExt_VerbTerm	SC3_VRoot_ApplExt_VerbTerm
i_lemukiso	NPrePre4_NStem	NPrePre4_NStem	NPrePre4_NStem	NPrePre4_NStem
e_hlangano_eni	LocPre_NStem_LocSuf	RelConc9_NStem_LocSuf	LocPre_NStem_LocSuf	LocPre_NPre9_NStem_LocSuf
ka_zweloke	AdvPre_NStem	PossKA_NStem	AdvPre_NStem	PossKA_NStem
e_jam_el_a	RelConc9_VRoot_ApplExt_VerbTerm	RelConc9_VRoot_ApplExt_VerbTerm	RelConc9_VRoot_ApplExt_VerbTerm	RelConc4_VRoot_ApplExt_VerbTerm
a_bo_masipala	NPrePre2a_BPre2a_NStem	NPrePre2a_BPre2a_NStem	NPrePre2a_BPre2a_NStem	RelConc2a_NStem
aba_nengi	AdjPref2_AdjStem	AdjPref2_AdjStem	AdjPref2_AdjStem	AdjPref2_AdjStem
esi_funda_eni	RelConc7_NStem_LocSuf	RelConc8_NStem_LocSuf	RelConc7_NStem_LocSuf	RelConc8_NStem_LocSuf
.	Punc	Punc	Punc	Punc
i_hlangano	NPrePre9_NStem	NPrePre9_NStem	NPrePre9_NStem	NPrePre9_NStem
ka_rhulumende	PossConc15_NStem	PossKA_NStem	PossConc15_NStem	PossConc4_NStem
wa_i_li_khaya	PossConc3_NPrePre5_BPre5_NStem	PossConc3_NPrePre5_BPre5_NStem	PossConc3_NPrePre5_BPre5_NStem	PossConc3_NPrePre5_BPre5_NStem
ye_sewula	PossConc4_NStem	PossConc4_NStem	PossConc4_NStem	PossConc4_NStem
Afrika	ProperName	ProperName	ProperName	NStem
(	Punc	Punc	Punc	Punc
SALGA	Abbr	Abbr	Abbr	PossConc1a_NStem
)	Punc	Punc	Punc	Punc
yi_hlangano	CopPre_NStem	CopPre_NStem	CopPre_NStem	CopPre_NStem
eli_muk_is_a	RelConc5_VRoot_CausExt_VerbTerm	RelConc5_VRoot_CausExt_VerbTerm	RelConc5_VRoot_CausExt_VerbTerm	RelConc5_VRoot_CausExt_VerbTerm
nga_ku_semthethweni	AdvPre_BPre15_NStem	AdvPre_BPre15_NStem	AdvPre_BPre15_NStem	AdvPre_BPre15_NStem
mayelana	NStem	NStem	NStem	NStem
no_rhulumende	AdvPre_NStem	AdvPre_NStem	AdvPre_NStem	AdvPre_NStem
wa_i_li_khaya	PossConc3_NPrePre5_BPre5_NStem	PossConc3_NPrePre5_BPre5_NStem	PossConc3_NPrePre5_BPre5_NStem	PossConc3_NPrePre5_BPre5_NStem
.	Punc	Punc	Punc	Punc
i_PMS	NPrePre9_Abbr	NPrePre9_Abbr	NPrePre9_Abbr	NPrePre9_Abbr
i_jam_el_e	SC9_VRoot_ApplExt_VerbTerm	SC9_VRoot_ApplExt_VerbTerm	SC9_VRoot_ApplExt_VerbTerm	SC9_VRoot_ApplExt_VerbTerm
i_in_ghonghoyilo	NPrePre8_BPre8_NStem	NPrePre8_BPre8_NStem	NPrePre8_BPre8_NStem	NPrePre8_BPre8_NStem
za_ma_lungayo	PossConc8_BPre6_NStem	PossConc8_BPre6_NStem	PossConc8_BPre6_NStem	PossConc8_BPre6_NStem
.	Punc	Punc	Punc	Punc
a_ba_hlanganyeli	NPrePre2_BPre2_NStem	NPrePre2_BPre2_NStem	NPrePre2_BPre2_NStem	NPrePre2_BPre2_NStem
ba_phendul_a	SC2_Intrans_VerbTerm	SC2_Intrans_VerbTerm	SC2_Intrans_VerbTerm	BPre2_NStem
i_mi_buzo	NPrePre4_BPre4_NStem	NPrePre4_BPre4_NStem	NPrePre4_BPre4_NStem	NPrePre4_BPre4_NStem
e_nga_phasi	LocPre_AdvPre_Adv	LocPre_AdvPre_Adv	LocPre_AdvPre_Adv	LocPre_AdvPre_Adv
nge_e_n_qhema	AdvPre_LocPre_NPrePre8_NStem	AdvPre_LocPre_NPrePre8_NStem	AdvPre_LocPre_NPrePre8_NStem	AdvPre_LocPre_NPrePre8_NStem
za_ma_lunga	PossConc8_BPre6_NStem	PossConc8_BPre6_NStem	PossConc8_BPre6_NStem	PossConc8_BPre6_NStem
ama_thathu	AdjPref6_AdjStem	AdjPref6_AdjStem	AdjPref6_AdjStem	AdjPref6_AdjStem
i_mi_zuzu	NPrePre4_BPre4_NStem	NPrePre4_BPre4_NStem	NPrePre4_BPre4_NStem	NPrePre4_BPre4_NStem
e_mbalwa	RelConc4_RelStem	RelConc4_RelStem	RelConc4_RelStem	RelConc4_RelStem
be_s_e	SC2_VRoot_VerbTerm	SC2_VRoot_VerbTerm	SC2_VRoot_VerbTerm	SC2_VRoot_VerbTerm
ba_abel_an_a	SC2_VRoot_RecipExt_VerbTerm	SC2_VRoot_RecipExt_VerbTerm	SC2_VRoot_RecipExt_VerbTerm	SC2_VRoot_ApplExt_RecipExt_VerbTerm
i_im_pendulo	NPrePre10_BPre10_NStem	NPrePre10_BPre10_NStem	NPrePre10_BPre10_NStem	NPrePre10_BPre10_NStem
e_u_mu_hlangano_ini	LocPre_NPrePre3_BPre3_NStem_LocSuf	LocPre_NPrePre3_BPre3_NStem_LocSuf	LocPre_NPrePre3_BPre3_NStem_LocSuf	LocPre_NPrePre3_BPre3_NStem_LocSuf
wa_ma_lunga	PossConc1a_BPre6_NStem	PossConc1a_BPre6_NStem	PossConc1a_BPre6_NStem	PossConc1a_BPre6_NStem
wo_ke	QuantConc1_QuantStem	QuantConc1_QuantStem	QuantConc1_QuantStem	QuantConc1_QuantStem
.	Punc	Punc	Punc	Punc
ngiyiphi	Interrog	Interrog	Interrog	Interrog
i_mi_raro	NPrePre4_BPre4_NStem	NPrePre4_BPre4_NStem	NPrePre4_BPre4_NStem	NPrePre4_BPre4_NStem
e_ku_fuz_e	RelConc4_OC15_VRoot_VerbTerm	RelConc4_OC15_VRoot_VerbTerm	RelConc4_OC15_VRoot_VerbTerm	RelConc4_OC15_VRoot_VerbTerm
i_thintwe	NPrePre4_NStem	NPrePre9_NStem	NPrePre4_NStem	BPre9_NStem
/	Punc	Punc	Punc	Punc
i_sonjululwe	NPrePre4_NStem	NPrePre4_NStem	NPrePre4_NStem	NPrePre4_NStem
yi_bhajedi	CopPre_NStem	CopPre_NStem	CopPre_NStem	CopPre_NStem
?	Punc	Punc	Punc	Punc
ku_qakath_ek_ile	SC15_VRoot_NeutExt_Perf	SC15_VRoot_NeutExt_Perf	SC15_VRoot_NeutExt_Perf	SC15_VRoot_NeutExt_Perf
bo_nyana	BPre2_NStem	BPre2_NStem	BPre2_NStem	BPre2_NStem
a_ba_ntu	NPrePre2_BPre2_NStem	NPrePre2_BPre2_NStem	NPrePre2_BPre2_NStem	NPrePre2_BPre2_NStem
ba_vez_e	OC2_VRoot_VerbTerm	OC2_VRoot_VerbTerm	OC2_VRoot_VerbTerm	OC2_VRoot_VerbTerm
i_mi_bono	NPrePre4_BPre4_NStem	NPrePre4_BPre4_NStem	NPrePre4_BPre4_NStem	NPrePre4_BPre4_NStem
ya_bo	PossConc9_PronStem2	PossConc9_PronStem2	PossConc9_PronStem2	PossConc9_PronStem2
begodu	Conj	Conj	Conj	Conj
ba_fak_e	OC2_VRoot_VerbTerm	OC2_VRoot_VerbTerm	OC2_VRoot_VerbTerm	OC2_VRoot_VerbTerm
i_si_ndla	NPrePre7_BPre7_NStem	NPrePre7_BPre7_NStem	NPrePre7_BPre7_NStem	NPrePre7_BPre7_NStem
,	Punc	Punc	Punc	Punc
li_nani_ana	BPre5_NStem_DimSuf	BPre5_NStem_DimSuf	BPre5_NStem_DimSuf	BPre5_NStem_DimSuf
emi_nye	AdjPref4_AdjStem	AdjPref4_AdjStem	AdjPref4_AdjStem	AdjPref4_AdjStem
i_mi_bono	NPrePre4_BPre4_NStem	NPrePre4_BPre4_NStem	NPrePre4_BPre4_NStem	NPrePre4_BPre4_NStem
i_nga_bonakal_a	SC9_AdvPre_VRoot_VerbTerm	SC9_Pot_VRoot_VerbTerm	SC9_AdvPre_VRoot_VerbTerm	SC9_AdvPre_VRoot_VerbTerm
i_nga	NPrePre9_NStem	NPrePre9_NStem	NPrePre9_NStem	BPre9_NStem
ayi_ka_qakatheki	NegPre_AdvPre_NStem	NegPre_AdvPre_NStem	NegPre_AdvPre_NStem	NegPre_AdvPre_VRoot_VerbTerm
,	Punc	Punc	Punc	Punc
kodwana	Conj	Conj	Conj	Conj
i_nga_kw_azi	NPrePre9_AdvPre_BPre15_NStem	NPrePre9_AdvPre_BPre15_NStem	NPrePre9_AdvPre_BPre15_NStem	NPrePre9_AdvPre_BPre15_NStem
u_ku_enz_a	NPrePre15_BPre15_VRoot_VerbTerm	NPrePre15_BPre15_VRoot_VerbTerm	NPrePre15_BPre15_VRoot_VerbTerm	NPrePre15_BPre15_VRoot_VerbTerm
bo_nyana	BPre2_NStem	BPre2_NStem	BPre2_NStem	BPre2_NStem
a_ba_ntu	NPrePre2_BPre2_NStem	NPrePre2_BPre2_NStem	NPrePre2_BPre2_NStem	NPrePre2_BPre2_NStem
be_zw_isis_e	PossConc2_VRoot_IntensExt_VerbTerm	SC2_VRoot_IntensExt_VerbTerm	PossConc2_VRoot_IntensExt_VerbTerm	PossConc2_VRoot_IntensExt_VerbTerm
ngcono	Adv	NStem	Adv	NStem
begodu	Conj	Conj	Conj	Conj
lokhu	Dem15_Pos1		Dem15_Pos1	
ba_ku_thath_e	SC2_OC15_Intrans_VerbTerm	PossConc2_OC15_VRoot_VerbTerm	SC2_OC15_Intrans_VerbTerm	PossConc2_BPre15_VRoot_VerbTerm
njenga_umsebenzi	AdvPre_NStem	AdvPre_Adv	AdvPre_NStem	AdvPre_NStem
o_wu_enz_iw_e	RelConc1_OC3_VRoot_PassExt_VerbTerm	RelConc3_OC3_VRoot_PassExt_VerbTerm	RelConc1_OC3_VRoot_PassExt_VerbTerm	RelConc3_OC3_VRoot_PassExt_VerbTerm
ngi_bo	CopPre_PronStem2	AdvPre_PronStem2	CopPre_PronStem2	AdvPre_PronStem2
.	Punc	Punc	Punc	Punc
i_PMS	NPrePre9_Abbr	NPrePre9_Abbr	NPrePre9_Abbr	NPrePre9_Abbr
ka_masipala	PossKA_NStem	PossKA_NStem	PossKA_NStem	PossKA_NStem
ku_fan_el_e	OC15_VRoot_ApplExt_VerbTerm	SC15_VRoot_ApplExt_VerbTerm	OC15_VRoot_ApplExt_VerbTerm	OC15_VRoot_ApplExt_VerbTerm
i_fak_e	SC9_VRoot_VerbTerm	SC9_VRoot_VerbTerm	SC9_VRoot_VerbTerm	SC9_VRoot_VerbTerm
hlangan_a	VRoot_VerbTerm	VRoot_VerbTerm	VRoot_VerbTerm	NStem_DimSuf
i_in_daba	NPrePre10_BPre10_NStem	NPrePre10_BPre10_NStem	NPrePre10_BPre10_NStem	NPrePre10_BPre10_NStem
ezi_khonjiw_e	RelConc10_Intrans_VerbTerm	RelConc8_Intrans_VerbTerm	RelConc10_Intrans_VerbTerm	RelConc8_NStem
yi_khansela	CopPre_NStem	CopPre_NStem	CopPre_NStem	CopPre_NStem
njengobana	Conj	Conj	Conj	Conj
li_hloban_a	BPre5_VRoot_VerbTerm	SC5_VRoot_VerbTerm	BPre5_VRoot_VerbTerm	BPre5_NStem
bu_nqoph_a	SC14_Intrans_VerbTerm	CopPre_Intrans_VerbTerm	SC14_Intrans_VerbTerm	CopPre_Intrans_VerbTerm
na_ma_KPA	AdvPre_BPre6_Abbr	AdvPre_BPre6_Abbr	AdvPre_BPre6_Abbr	AdvPre_BPre6_NStem
wa_bo_masipala	PossConc6_BPre2a_NStem	PossConc1a_BPre2_NStem	PossConc6_BPre2a_NStem	PossConc1a_BPre2_NStem
ba_bo	PossConc2a_PronStem2	PossConc2_PronStem2	PossConc2a_PronStem2	PossConc2_PronStem2
.	Punc	Punc	Punc	Punc
a_ma_KPI	NPrePre6_BPre6_Abbr	NPrePre6_BPre6_Abbr	NPrePre6_BPre6_Abbr	NPrePre6_BPre6_Abbr
a_landel_a_ko	RelConc6_VRoot_VerbTerm_RelSuf	RelConc6_VRoot_VerbTerm_RelSuf	RelConc6_VRoot_VerbTerm_RelSuf	RelConc6_VRoot_VerbTerm_RelSuf
ku_fan_el_e	OC15_VRoot_ApplExt_VerbTerm	SC15_VRoot_ApplExt_VerbTerm	OC15_VRoot_ApplExt_VerbTerm	OC15_VRoot_ApplExt_VerbTerm
a_b_e	RelConc6_VRoot_VerbTerm	RelConc6_VRoot_VerbTerm	RelConc6_VRoot_VerbTerm	RelConc6_VRoot_VerbTerm
yi_ngcenye	CopPre_NStem	CopPre_NStem	CopPre_NStem	CopPre_NStem
ye_PMS	PossConc4_Abbr	PossConc4_Abbr	PossConc4_Abbr	PossConc4_NStem
ka_masipala	PossKA_NStem	PossKA_NStem	PossKA_NStem	PossKA_NStem
omu_nye	AdjPref1_AdjStem	AdjPref1_AdjStem	AdjPref1_AdjStem	AdjPref1_AdjStem
na_omu_nye	AdvPre_AdjPref1_AdjStem	AdvPre_AdjPref1_AdjStem	AdvPre_AdjPref1_AdjStem	AdvPre_AdjPref1_AdjStem
nga_i_n_dlela	AdvPre_NPrePre9_BPre9_NStem	AdvPre_NPrePre9_BPre9_NStem	AdvPre_NPrePre9_BPre9_NStem	AdvPre_NPrePre9_BPre9_NStem
ya_kobana	PossConc9_Conj	PossConc9_Conj	PossConc9_Conj	PossConc9_LocPre_NStem
bu_enz_ek_a	SC14_VRoot_NeutExt_VerbTerm	SC14_VRoot_NeutExt_VerbTerm	SC14_VRoot_NeutExt_VerbTerm	SC2_VRoot_NeutExt_VerbTerm
ku_ye	PossConc1_PronStem1	LocPre_PronStem9	PossConc1_PronStem1	LocPre_NStem
u_masipala	NPrePre1a_NStem	NPrePre1a_NStem	NPrePre1a_NStem	NPrePre1a_NStem
loyo	Dem3_Pos2		Dem3_Pos2	
.	Punc	Punc	Punc	Punc
lezi	Dem10_Pos1		Dem10_Pos1	
zi_in_komba	BPre10_BPre10_NStem	BPre10_BPre10_NStem	BPre10_BPre10_NStem	BPre10_BPre10_NStem
ezi_khutjhw_a	RelConc4_Intrans_VerbTerm	RelConc4_Intrans_VerbTerm	RelConc4_Intrans_VerbTerm	RelConc4_Intrans_VerbTerm
ngu_ngqoqgotjhe	CopPre_NStem	CopPre_NStem	CopPre_NStem	CopPre_NStem
nga_mva	AdvPre_Adv	AdvPre_Adv	AdvPre_Adv	AdvPre_Adv
ko_ku_bonisan_a	PossConc15_SC15_VRoot_VerbTerm	PossConc15_SC15_VRoot_VerbTerm	PossConc15_SC15_VRoot_VerbTerm	PossConc15_BPre15_NStem
na_u_MEC	AdvPre_NPre1a_Abbr	AdvPre_NPrePre1a_Abbr	AdvPre_NPre1a_Abbr	AdvPre_NPre3_NStem
wa_i_si_funda	PossConc1a_NPrePre7_BPre7_NStem	PossConc1_NPrePre7_BPre7_NStem	PossConc1a_NPrePre7_BPre7_NStem	PossConc1_NPrePre7_BPre7_NStem
mayelana	NStem	NStem	NStem	NStem
no_rhulumende	AdvPre_NStem	AdvPre_NStem	AdvPre_NStem	AdvPre_NStem
wa_i_li_khaya	PossConc1a_NPrePre5_BPre5_NStem	PossConc3_NPrePre5_BPre5_NStem	PossConc1a_NPrePre5_BPre5_NStem	PossConc3_NPrePre5_BPre5_NStem
na_i_SALGA	AdvPre_NPre1_Abbr	AdvPre_NPre5_Abbr	AdvPre_NPre1_Abbr	AdvPre_NStem
.	Punc	Punc	Punc	Punc
kodwana	Conj	Conj	Conj	Conj
,	Punc	Punc	Punc	Punc
ku_qakath_ek_ile	SC15_VRoot_NeutExt_Perf	SC15_VRoot_NeutExt_Perf	SC15_VRoot_NeutExt_Perf	SC15_VRoot_NeutExt_Perf
u_ku_khumbula	NPrePre15_BPre15_NStem	NPrePre15_BPre15_NStem	NPrePre15_BPre15_NStem	NPrePre15_BPre15_VRoot_VerbTerm
bo_nyana	BPre2_NStem	BPre2_NStem	BPre2_NStem	BPre2_NStem
u_ku_hlukana	NPrePre15_BPre15_NStem	NPrePre15_BPre15_NStem	NPrePre15_BPre15_NStem	NPrePre15_BPre15_NStem
ku_buy_e	OC15_VRoot_VerbTerm	OC15_VRoot_VerbTerm	OC15_VRoot_VerbTerm	OC15_VRoot_VerbTerm
ku_dinge	BPre15_NStem	BPre15_NStem	BPre15_NStem	OC15_VRoot_VerbTerm
u_ku_bon_w_a	NPrePre15_BPre15_VRoot_PassExt_VerbTerm	NPrePre15_BPre15_VRoot_PassExt_VerbTerm	NPrePre15_BPre15_VRoot_PassExt_VerbTerm	NPrePre15_BPre15_VRoot_PassExt_VerbTerm
ezi_nto_ini	RelConc8_NStem_LocSuf	RelConc8_NStem_LocSuf	RelConc8_NStem_LocSuf	RelConc8_BPre10_NStem_LocSuf
ezi_hlob_an_a	RelConc10_VRoot_VerbExt_VerbTerm	RelConc8_VRoot_RecipExt_VerbTerm	RelConc10_VRoot_VerbExt_VerbTerm	RelConc8_Intrans_VerbTerm
na_mandla	AdvPre_RelStem	AdvPre_RelStem	AdvPre_RelStem	AdvPre_RelStem
ne_e_n_tlabagelo	AdvPre_LocPre_BPre9_NStem	AdvPre_LocPre_BPre9_NStem	AdvPre_LocPre_BPre9_NStem	AdvPre_LocPre_BPre9_NStem
.	Punc	Punc	Punc	Punc
oku_nengi	AdjPref15_AdjStem	AdjPref15_AdjStem	AdjPref15_AdjStem	AdjPref15_AdjStem
kwa_lokhu	PossConc15_Dem15_Pos1	PossConc15	PossConc15_Dem15_Pos1	PossConc15
ku_mel_e	BPre15_VRoot_VerbTerm	SC15_VRoot_VerbTerm	BPre15_VRoot_VerbTerm	SC15_VRoot_VerbTerm
ku_khunjul_w_e	BPre15_VRoot_PassExt_VerbTerm	BPre15_VRoot_PassExt_VerbTerm	BPre15_VRoot_PassExt_VerbTerm	BPre15_NStem
njenga_u_ku_hlukana	AdvPre_NPrePre15_BPre15_NStem	AdvPre_NPrePre15_BPre15_NStem	AdvPre_NPrePre15_BPre15_NStem	AdvPre_NPrePre15_BPre15_NStem
ku_vel_e	BPre15_VRoot_VerbTerm	OC15_VRoot_VerbTerm	BPre15_VRoot_VerbTerm	OC15_VRoot_VerbTerm
nga_i_banga	AdvPre_NPrePre5_NStem	AdvPre_NPrePre5_NStem	AdvPre_NPrePre5_NStem	AdvPre_NPrePre5_NStem
lo_u_bu_dlelwano	AdvPre_NPrePre14_BPre14_NStem	PossConc5_NPrePre14_BPre14_NStem	AdvPre_NPrePre14_BPre14_NStem	PossConc5_NStem
ba_mandla	PossConc2_RelStem	SC2_RelStem	PossConc2_RelStem	SC2_RelStem
ne_e_n_daba	AdvPre_LocPre_BPre9_NStem	AdvPre_LocPre_BPre9_NStem	AdvPre_LocPre_BPre9_NStem	AdvPre_LocPre_BPre9_NStem
zo_kwe_tjel_w_an_a	PossConc15_BPre15_VRoot_PassExt_RecipExt_VerbTerm	PossConc10_BPre15_VRoot_PassExt_RecipExt_VerbTerm	PossConc15_BPre15_VRoot_PassExt_RecipExt_VerbTerm	PossConc10_BPre15_NStem
kwe_e_n_tlabagelo	PossConc15_LocPre_BPre3_NStem	PossConc15_LocPre_BPre3_NStem	PossConc15_LocPre_BPre3_NStem	PossConc15_LocPre_BPre3_NStem
.	Punc	Punc	Punc	Punc
i_in_dlela	NPrePre10_NPre10_NStem	NPrePre10_NPre10_NStem	NPrePre10_NPre10_NStem	NPrePre10_NPre10_NStem
zo_kwe_hluk_an_a	PossConc10_BPre15_VRoot_VerbExt_VerbTerm	PossConc10_BPre15_VRoot_RecipExt_VerbTerm	PossConc10_BPre15_VRoot_VerbExt_VerbTerm	PossConc8_BPre15_NStem
akusi_zo	NegPre_NStem	NegPre_PronStem10	NegPre_NStem	NegPre_NStem
zo_ke	QuantConc10_QuantStem	QuantConc10_QuantStem	QuantConc10_QuantStem	QuantConc10_QuantStem
ezi_kheth_w_a	RelConc10_VRoot_PassExt_VerbTerm	RelConc10_VRoot_PassExt_VerbTerm	RelConc10_VRoot_PassExt_VerbTerm	RelConc10_VRoot_PassExt_VerbTerm
nga_phambili	AdvPre_Adv	AdvPre_Adv	AdvPre_Adv	AdvPre_Adv
kwa_i_si_khathi	PossConc15_NPrePre7_BPre7_NStem	PossConc15_NPrePre7_BPre7_NStem	PossConc15_NPrePre7_BPre7_NStem	PossConc15_NPrePre7_BPre7_NStem
nga_u_ku_mu_zimba	AdvPre_NPrePre15_BPre15_BPre3_NStem	AdvPre_NPrePre15_BPre15_BPre3_NStem	AdvPre_NPrePre15_BPre15_BPre3_NStem	AdvPre_NPrePre15_BPre15_BPre3_NStem
,	Punc	Punc	Punc	Punc
begodu	Conj	Conj	Conj	Conj
nanyana	Conj	Conj	Conj	BPre5_NStem_DimSuf
ku_nga_b_a	SC15_Pot_VRoot_VerbTerm	SC15_Pot_VRoot_VerbTerm	SC15_Pot_VRoot_VerbTerm	SC15_Pot_VRoot_VerbTerm
ku_ku_phi	LocPre_BPre15_Interrog	AdjPref15_AdjPref15_EnumStem	LocPre_BPre15_Interrog	BPre17_AdjPref15_EnumStem
lapha	Dem15_Pos1		Dem15_Pos1	
zi_khona	BPre10_NStem	BPre10_NStem	BPre10_NStem	BPre10_NStem
za_enz_iw_a	SC10_VRoot_PassExt_VerbTerm	SC10_VRoot_PassExt_VerbTerm	SC10_VRoot_PassExt_VerbTerm	OC10_VRoot_PassExt_VerbTerm
zi_b_e	SC10_VRoot_VerbTerm	OC8_VRoot_VerbTerm	SC10_VRoot_VerbTerm	OC8_VRoot_VerbTerm
ezi_kulu	AdjPref10_AdjStem	RelConc8_Adv	AdjPref10_AdjStem	BPre10_NStem
nge_e_n_dlela	AdvPre_LocPre_BPre3_NStem	AdvPre_LocPre_BPre3_NStem	AdvPre_LocPre_BPre3_NStem	AdvPre_LocPre_BPre3_NStem
ezi_nye	AdjPref10_AdjStem	AdjPref10_AdjStem	AdjPref10_AdjStem	AdjPref10_AdjStem
ezi_phath_el_an_ile	RelConc10_VRoot_ApplExt_RecipExt_Perf	RelConc10_VRoot_ApplExt_RecipExt_Perf	RelConc10_VRoot_ApplExt_RecipExt_Perf	RelConc10_VRoot_RecipExt_Perf
na_u_mu_phakathi	AdvPre_NPrePre3_BPre3_NStem	AdvPre_NPrePre3_BPre3_NStem	AdvPre_NPrePre3_BPre3_NStem	AdvPre_NPrePre3_BPre3_NStem
begodu	Conj	Conj	Conj	Conj
nanyana	Conj	Conj	Conj	BPre5_NStem_DimSuf
ku_nga_b_a	SC15_Pot_VRoot_VerbTerm	SC15_Pot_VRoot_VerbTerm	SC15_Pot_VRoot_VerbTerm	SC15_Pot_VRoot_VerbTerm
ku_ku_phi	LocPre_BPre15_Interrog	AdjPref15_AdjPref15_EnumStem	LocPre_BPre15_Interrog	LocPre_AdjPref15_EnumStem
lapha	Dem15_Pos1		Dem15_Pos1	
zi_khona	BPre10_NStem	BPre10_NStem	BPre10_NStem	BPre10_NStem
za_enz_iw_a	SC10_VRoot_PassExt_VerbTerm	SC10_VRoot_PassExt_VerbTerm	SC10_VRoot_PassExt_VerbTerm	OC10_VRoot_PassExt_VerbTerm
zi_b_e	OC10_VRoot_VerbTerm	OC8_VRoot_VerbTerm	OC10_VRoot_VerbTerm	OC8_VRoot_VerbTerm
na_u_mu_phakathi	AdvPre_NPrePre3_BPre3_NStem	AdvPre_NPrePre3_BPre3_NStem	AdvPre_NPrePre3_BPre3_NStem	AdvPre_NPrePre3_BPre3_NStem
begodu	Conj	Conj	Conj	Conj
ne_e_n_jamiso	AdvPre_LocPre_BPre8_NStem	AdvPre_LocPre_BPre8_NStem	AdvPre_LocPre_BPre8_NStem	AdvPre_LocPre_BPre8_NStem
zo_ko_mnotho	BPre8_PossConc15_NStem	PossConc8_PossConc15_NStem	BPre8_PossConc15_NStem	PossConc10_NPrePre15_BPre15_NStem
.	Punc	Punc	Punc	Punc
e_e_n_khathi_ini	RelConc9_LocPre_BPre9_NStem_LocSuf	RelConc9_LocPre_BPre9_NStem_LocSuf	RelConc9_LocPre_BPre9_NStem_LocSuf	RelConc9_LocPre_BPre9_NStem_LocSuf
ezi_nengi	AdjPref8_AdjStem	AdjPref10_AdjStem	AdjPref8_AdjStem	AdjPref10_AdjStem
u_mu_ehluko	NPrePre3_BPre3_NStem	NPrePre3_BPre3_NStem	NPrePre3_BPre3_NStem	NPrePre3_BPre3_NStem
phakathi	Adv	Adv	Adv	Adv
kwe_e_n_jinga	PossConc15_LocPre_BPre3_NStem	PossConc15_LocPre_BPre3_NStem	PossConc15_LocPre_BPre3_NStem	PossConc15_LocPre_BPre3_NStem
ne_e_n_chaka	AdvPre_LocPre_BPre8_NStem	AdvPre_LocPre_BPre3_NStem	AdvPre_LocPre_BPre8_NStem	AdvPre_LocPre_BPre3_NStem
;	Punc	Punc	Punc	Punc
aba_sebenz_a_ko	RelConc2_VRoot_VerbTerm_RelSuf	RelConc2_VRoot_VerbTerm_RelSuf	RelConc2_VRoot_VerbTerm_RelSuf	RelConc2_NStem_RelSuf
na_ba_nga_sebenz_i_ko	AdvPre_OC2_AdvPre_VRoot_VerbTerm_RelSuf	AdvPre_OC2_NegPre_VRoot_VerbTerm_RelSuf	AdvPre_OC2_AdvPre_VRoot_VerbTerm_RelSuf	AdvPre_SC2_NegPre_VRoot_VerbTerm_RelSuf
;	Punc	Punc	Punc	Punc
e_ma_dorobha_eni	LocPre_BPre6_NStem_LocSuf	LocPre_BPre6_NStem_LocSuf	LocPre_BPre6_NStem_LocSuf	LocPre_BPre6_NStem_LocSuf
na_a_ma_khaya	AdvPre_NPre6_BPre6_NStem	AdvPre_NPrePre6_BPre6_NStem	AdvPre_NPre6_BPre6_NStem	AdvPre_BPre6_NStem
;	Punc	Punc	Punc	Punc
aba_fund_ile_ko	RelConc2_VRoot_Perf_RelSuf	RelConc2_VRoot_Perf_RelSuf	RelConc2_VRoot_Perf_RelSuf	RelConc2_VRoot_Perf_RelSuf
na_ba_ngaka_fundi	AdvPre_OC2_NegPre_NStem	AdvPre_BPre2_NegPre_NStem	AdvPre_OC2_NegPre_NStem	AdvPre_SC2_NegPre_NegPre_VRoot_VerbTerm
ba_ne_e_n_jamiso	BPre2_AdvPre_LocPre_BPre9_NStem	PossConc2_AdvPre_LocPre_BPre3_NStem	BPre2_AdvPre_LocPre_BPre9_NStem	PossConc2_AdvPre_LocPre_LocPre_BPre3_NStem
ezi_phath_el_an_ile	RelConc8_VRoot_ApplExt_RecipExt_Perf	RelConc10_VRoot_ApplExt_RecipExt_Perf	RelConc8_VRoot_ApplExt_RecipExt_Perf	RelConc10_VRoot_RecipExt_Perf
na_u_mu_phakathi	AdvPre_NPrePre3_BPre3_NStem	AdvPre_NPrePre3_BPre3_NStem	AdvPre_NPrePre3_BPre3_NStem	AdvPre_NPrePre3_BPre3_NStem
begodu	Conj	Conj	Conj	Conj
na_u_ku_tjhing_a	AdvPre_NPrePre15_BPre15_Intrans_VerbTerm	AdvPre_NPrePre15_BPre15_Intrans_VerbTerm	AdvPre_NPrePre15_BPre15_Intrans_VerbTerm	AdvPre_NPrePre15_BPre15_Intrans_VerbTerm
na_u_ku_tjhing_a	AdvPre_NPrePre15_BPre15_Intrans_VerbTerm	AdvPre_NPrePre15_BPre15_Intrans_VerbTerm	AdvPre_NPrePre15_BPre15_Intrans_VerbTerm	AdvPre_NPrePre15_BPre15_Intrans_VerbTerm
oku_bu_polotiki	RelConc15_BPre14_NStem	RelConc15_BPre14_NStem	RelConc15_BPre14_NStem	RelConc15_NStem
.	Punc	Punc	Punc	Punc
u_kwe_hluka	NPrePre15_BPre15_NStem	NPrePre15_BPre15_NStem	NPrePre15_BPre15_NStem	NPrePre15_BPre15_NStem
na_u_ku_thint_an_a	AdvPre_NPrePre15_BPre15_VRoot_VerbExt_VerbTerm	AdvPre_NPrePre15_BPre15_VRoot_RecipExt_VerbTerm	AdvPre_NPrePre15_BPre15_VRoot_VerbExt_VerbTerm	AdvPre_NPrePre15_BPre15_VRoot_RecipExt_VerbTerm
ka_ncani	AdjPref15_AdjStem	AdjPref15_AdjStem	AdjPref15_AdjStem	AdjPref15_AdjStem
na_i_mi_kghwa	AdvPre_NPrePre4_BPre4_NStem	AdvPre_NPrePre4_BPre4_NStem	AdvPre_NPrePre4_BPre4_NStem	AdvPre_NPrePre4_BPre4_NStem
e_phath_el_an_ile	RelConc4_VRoot_ApplExt_RecipExt_Perf	RelConc4_VRoot_ApplExt_RecipExt_Perf	RelConc4_VRoot_ApplExt_RecipExt_Perf	RelConc4_VRoot_ApplExt_RecipExt_Perf
na_u_mu_zimba	AdvPre_NPre3_BPre3_NStem	AdvPre_NPre3_BPre3_NStem	AdvPre_NPre3_BPre3_NStem	AdvPre_NPrePre3_BPre3_NStem
oku_nga_thi	RelConc15_AdvPre_NStem	RelConc15_AdvPre_NStem	RelConc15_AdvPre_NStem	RelConc15_AdvPre_VRoot_VerbTerm
nga_yo	AdvPre_PronStem9	AdvPre_PronStem9	AdvPre_PronStem9	AdvPre_PronStem9
u_mu_ntu	NPrePre1_BPre1_NStem	NPrePre1_BPre1_NStem	NPrePre1_BPre1_NStem	NPrePre1_BPre1_NStem
nga_mu_nye	AdvPre_EnumConc1_EnumStem	AdvPre_EnumConc1_EnumStem	AdvPre_EnumConc1_EnumStem	AdvPre_EnumConc1_EnumStem
abe_leth_w_e	RelConc2_VRoot_PassExt_VerbTerm	RelConc2_VRoot_PassExt_VerbTerm	RelConc2_VRoot_PassExt_VerbTerm	RelConc2_VRoot_PassExt_VerbTerm
begodu	Conj	Conj	Conj	Conj
na_u_ku_phath_w_a	AdvPre_NPrePre15_BPre15_VRoot_PassExt_VerbTerm	AdvPre_NPrePre15_BPre15_VRoot_PassExt_VerbTerm	AdvPre_NPrePre15_BPre15_VRoot_PassExt_VerbTerm	AdvPre_NPrePre15_BPre15_VRoot_PassExt_VerbTerm
ko_ku_hluk_an_a	PossConc15_OC15_VRoot_RecipExt_VerbTerm	LocPre_OC10_VRoot_RecipExt_VerbTerm	PossConc15_OC15_VRoot_RecipExt_VerbTerm	PossConc15_BPre15_NStem
oku_phumelel_a_ko	RelConc15_VRoot_VerbTerm_RelSuf	RelConc15_VRoot_VerbTerm_RelSuf	RelConc15_VRoot_VerbTerm_RelSuf	RelConc15_VRoot_VerbTerm_RelSuf
ku_zaku_tlhogeka	BPre15_Fut_NStem	BPre15_Fut_NStem	BPre15_Fut_NStem	BPre15_Fut_NStem
i_tjhejo	NPrePre5_NStem	NPrePre4_NStem	NPrePre5_NStem	NPrePre4_NStem
eli_dzimelel_e	RelConc5_Intrans_VerbTerm	RelConc5_Intrans_VerbTerm	RelConc5_Intrans_VerbTerm	RelConc5_Intrans_VerbTerm
e_i_n_dlela_ini	LocPre_NPrePre9_BPre9_NStem_LocSuf	LocPre_NPrePre9_BPre9_NStem_LocSuf	LocPre_NPrePre9_BPre9_NStem_LocSuf	LocPre_NPrePre9_BPre9_NStem_LocSuf
y_a_ma_lungelo	PossConc9_NPre6_BPre6_NStem	PossConc9_LocPre_BPre6_NStem	PossConc9_NPre6_BPre6_NStem	PossConc9_BPre6_NStem
wa_u_bu_ntu	PossConc3_NPrePre14_BPre14_NStem	PossConc3_NPrePre14_BPre14_NStem	PossConc3_NPrePre14_BPre14_NStem	PossConc3_NPrePre14_BPre14_NStem
.	Punc	Punc	Punc	Punc
u_masipala	NPrePre1a_NStem	NPrePre1a_NStem	NPrePre1a_NStem	NPrePre1a_NStem
nga_mu_nye	AdvPre_EnumConc1_EnumStem	AdvPre_EnumConc1_EnumStem	AdvPre_EnumConc1_EnumStem	AdvPre_EnumConc1_EnumStem
nga_u_ku_m_thetho	AdvPre_NPrePre15_BPre15_BPre3_NStem	AdvPre_NPrePre15_BPre15_BPre3_NStem	AdvPre_NPrePre15_BPre15_BPre3_NStem	AdvPre_NPrePre15_BPre15_BPre3_NStem
ku_tlhogeka	BPre15_NStem	BPre15_NStem	BPre15_NStem	BPre15_NStem
bona	AbsPron2	AbsPron2	AbsPron2	AbsPron2
u_thuthukise	NPrePre1a_NStem	NPrePre1a_NStem	NPrePre1a_NStem	NPrePre1a_VRoot_CausExt_VerbTerm
i_kambiso	NPrePre9_NStem	NPrePre4_NStem	NPrePre9_NStem	NPrePre4_NStem
yo_ku_hlol_a	PossConc9_BPre15_VRoot_VerbTerm	PossConc9_BPre15_VRoot_VerbTerm	PossConc9_BPre15_VRoot_VerbTerm	PossConc9_LocPre_NPrePre4_BPre15_VRoot_VerbTerm
u_m_sebenzi	NPrePre3_BPre3_NStem	NPrePre3_BPre3_NStem	NPrePre3_BPre3_NStem	NPrePre3_BPre3_NStem
(	Punc	Punc	Punc	Punc
i_PMS	NPrePre9_Abbr	NPrePre9_Abbr	NPrePre9_Abbr	NPrePre9_NStem
)	Punc	Punc	Punc	Punc
eza_ku_enz_a	RelConc4_BPre15_VRoot_VerbTerm	RelConc8_BPre15_VRoot_VerbTerm	RelConc4_BPre15_VRoot_VerbTerm	RelConc4_Fut_VRoot_VerbTerm
ngcono	Adv	NStem	Adv	NStem
u_ku_hleleka	NPrePre15_BPre15_NStem	NPrePre15_BPre15_NStem	NPrePre15_BPre15_NStem	NPrePre15_BPre15_NStem
na_u_ku_sebenz_a	AdvPre_NPrePre15_BPre15_VRoot_VerbTerm	AdvPre_NPrePre15_BPre15_VRoot_VerbTerm	AdvPre_NPrePre15_BPre15_VRoot_VerbTerm	AdvPre_NPrePre15_BPre15_VRoot_VerbTerm
ku_hle	AdjPref15_AdjStem	AdjPref15_AdjStem	AdjPref15_AdjStem	AdjPref15_AdjStem
kwe_hlangano	PossConc15_NStem	PossConc15_NStem	PossConc15_NStem	PossConc15_NStem
,	Punc	Punc	Punc	Punc
u_ku_zi_phendul_el_a	NPrePre15_BPre15_OC10_VRoot_ApplExt_VerbTerm	NPrePre15_BPre15_OC10_VRoot_ApplExt_VerbTerm	NPrePre15_BPre15_OC10_VRoot_ApplExt_VerbTerm	NPrePre15_BPre15_OC10_VRoot_ApplExt_VerbTerm
mayelana	NStem	NStem	NStem	NStem
na_u_ku_setjenzisw_a	AdvPre_NPrePre15_BPre15_Intrans_VerbTerm	AdvPre_NPrePre15_BPre15_Intrans_VerbTerm	AdvPre_NPrePre15_BPre15_Intrans_VerbTerm	AdvPre_NPrePre15_BPre15_Intrans_VerbTerm
kwe_e_n_setjenziswa	PossConc15_LocPre_BPre3_NStem	PossConc15_LocPre_BPre3_NStem	PossConc15_LocPre_BPre3_NStem	PossConc15_LocPre_BPre3_NStem
za_ka_masipala	PossConc8_PossKA_NStem	PossConc10_PossKA_NStem	PossConc8_PossKA_NStem	PossConc10_PossKA_NStem
be_s_e	SC2_VRoot_VerbTerm	SC2_VRoot_VerbTerm	SC2_VRoot_VerbTerm	SC2_VRoot_VerbTerm
ku_vezw_a	OC15_VRoot_VerbTerm	OC15_VRoot_VerbTerm	OC15_VRoot_VerbTerm	OC15_VRoot_PassExt_VerbTerm
u_ku_zuzwa	NPrePre15_BPre15_NStem	NPrePre15_BPre15_NStem	NPrePre15_BPre15_NStem	NPrePre15_BPre15_NStem
kwe_mi_phumela	PossConc15_BPre4_NStem	PossConc15_BPre4_NStem	PossConc15_BPre4_NStem	PossConc15_BPre4_NStem
.	Punc	Punc	Punc	Punc
i_PMS	NPrePre9_Abbr	NPrePre9_Abbr	NPrePre9_Abbr	NPrePre9_NStem
o_khunye	RelConc4_EnumStem	RelConc3_NStem	RelConc4_EnumStem	RelConc3_EnumConc5_EnumStem
godu	Ideoph	Ideoph	Ideoph	Ideoph
i_ya_kghona	BPre4_Pres_NStem	NPrePre4_Pres_NStem	BPre4_Pres_NStem	NPrePre4_Pres_NStem
u_ku_sebenza	NPrePre15_BPre15_NStem	NPrePre15_BPre15_NStem	NPrePre15_BPre15_NStem	NPrePre15_BPre15_VRoot_VerbTerm
njenga_i_n_dlela	AdvPre_NPrePre9_BPre9_NStem	AdvPre_NPrePre9_BPre9_NStem	AdvPre_NPrePre9_BPre9_NStem	AdvPre_NPrePre9_BPre9_NStem
ye_siyeleliso	PossConc9_NStem	PossConc9_NStem	PossConc9_NStem	PossConc4_BPre7_NStem
esi_msinya	RelConc7_NStem	RelConc7_NStem	RelConc7_NStem	RelConc7_VRoot_VerbTerm
njenga_omu_bana	AdvPre_AdjPref1_AdjStem	AdvPre_AdjPref1_AdjStem	AdvPre_AdjPref1_AdjStem	AdvPre_AdjPref1_AdjStem
i_veza	NPrePre4_NStem	NPrePre4_NStem	NPrePre4_NStem	SC4_VRoot_VerbTerm
u_ku_ngasebenzi	NPrePre15_BPre15_NStem	NPrePre15_BPre15_NStem	NPrePre15_BPre15_NStem	NPrePre15_BPre15_NegPre_VRoot_VerbTerm
nanyana	Conj	Conj	Conj	BPre5_NStem_DimSuf
u_ku_sebenza	NPrePre15_BPre15_NStem	NPrePre15_BPre15_NStem	NPrePre15_BPre15_NStem	NPrePre15_BPre15_VRoot_VerbTerm
nga_ku_ngasi	AdvPre_BPre15_NStem	AdvPre_BPre15_NegPre	AdvPre_BPre15_NStem	AdvPre_NPrePre15_BPre15_NegPre_VRoot_VerbTerm
s_e_zingeni	PossConc7_LocPre_NStem	PossConc7_LocPre_NStem	PossConc7_LocPre_NStem	PossConc7_LocPre_NStem_LocSuf
eli_fan_el_e_ko	RelConc5_VRoot_ApplExt_VerbTerm_RelSuf	RelConc5_VRoot_ApplExt_VerbTerm_RelSuf	RelConc5_VRoot_ApplExt_VerbTerm_RelSuf	RelConc5_VRoot_ApplExt_VerbTerm_RelSuf
,	Punc	Punc	Punc	Punc
ngi_kho	CopPre_NStem	CopPre_NStem	CopPre_NStem	CopPre_NStem
nje	Adv	Adv	Adv	Adv
ku_vunyel_w_a	OC15_VRoot_PassExt_VerbTerm	BPre15_VRoot_PassExt_VerbTerm	OC15_VRoot_PassExt_VerbTerm	SC15_VRoot_PassExt_VerbTerm
u_ku_ngena	NPrePre15_BPre15_NStem	NPrePre15_BPre15_NStem	NPrePre15_BPre15_NStem	NPrePre15_BPre15_NStem
hlangan_a	VRoot_VerbTerm	VRoot_VerbTerm	VRoot_VerbTerm	NStem_DimSuf
oku_fan_el_e_ko	RelConc15_VRoot_ApplExt_VerbTerm_RelSuf	RelConc15_VRoot_ApplExt_VerbTerm_RelSuf	RelConc15_VRoot_ApplExt_VerbTerm_RelSuf	RelConc15_VRoot_ApplExt_VerbTerm_RelSuf
mayelana	NStem	NStem	NStem	NStem
na_u_ku_enz_a	AdvPre_NPrePre15_BPre15_VRoot_VerbTerm	AdvPre_NPrePre15_BPre15_VRoot_VerbTerm	AdvPre_NPrePre15_BPre15_VRoot_VerbTerm	AdvPre_NPrePre15_BPre15_VRoot_VerbTerm
ngcono	NStem	NStem	NStem	NStem
.	Punc	Punc	Punc	Punc
mu_nye	AdjPref1_AdjStem	AdjPref1_AdjStem	AdjPref1_AdjStem	AdjPref1_AdjStem
we_mi_nqopho	PossConc3_BPre4_NStem	PossConc3_BPre4_NStem	PossConc3_BPre4_NStem	PossConc3_BPre4_NStem
ka_rhulumende	PossConc4_NStem	PossConc4_NStem	PossConc4_NStem	PossKA_NStem
be_ku_ku_dlulisel_a	SC2_OC15_Fut_VRoot_VerbTerm	PossConc2_BPre15_BPre15_VRoot_VerbTerm	SC2_OC15_Fut_VRoot_VerbTerm	PossConc2_OC15_OC15_VRoot_CausExt_ApplExt_VerbTerm
u_mu_sebenzi	NPrePre3_BPre3_NStem	NPrePre3_BPre3_NStem	NPrePre3_BPre3_NStem	NPrePre3_BPre3_NStem
mayelana	NStem	NStem	NStem	NStem
na_u_ku_enz_iw_a	AdvPre_NPrePre15_BPre15_VRoot_PassExt_VerbTerm	AdvPre_NPrePre15_BPre15_VRoot_PassExt_VerbTerm	AdvPre_NPrePre15_BPre15_VRoot_PassExt_VerbTerm	AdvPre_NPrePre15_BPre15_VRoot_PassExt_VerbTerm
kwa_u_mu_sebenzi	PossConc15_NPrePre3_BPre3_NStem	PossConc15_NPrePre3_BPre3_NStem	PossConc15_NPrePre3_BPre3_NStem	PossConc15_NPrePre3_BPre3_NStem
u_suke	BPre3_NStem	NPrePre1a_NStem	BPre3_NStem	NPrePre1a_NStem
ku_rhulumende	PossConc1a_NStem	BPre15_NStem	PossConc1a_NStem	BPre15_NStem
wa_i_li_zwe	PossConc1a_NPrePre5_BPre5_NStem	PossConc1_NPrePre5_BPre5_NStem	PossConc1a_NPrePre5_BPre5_NStem	PossConc3_NPrePre5_BPre5_NStem
u_y_e	SC2_VRoot_VerbTerm	SC2_VRoot_VerbTerm	SC2_VRoot_VerbTerm	SC2_VRoot_VerbTerm
ku_rhulumende	PossConc1a_NStem	BPre15_NStem	PossConc1a_NStem	BPre15_NStem
wa_ma_phrovinsi	PossConc1a_BPre6_NStem	PossConc1a_BPre6_NStem	PossConc1a_BPre6_NStem	PossConc1a_BPre6_NStem
ne_e_m_phathiswa	AdvPre_LocPre_BPre3_NStem	AdvPre_LocPre_BPre3_NStem	AdvPre_LocPre_BPre3_NStem	AdvPre_LocPre_BPre3_NStem
ze_ndawo	PossConc8_NStem	PossConc8_NStem	PossConc8_NStem	PossConc8_NStem
.	Punc	Punc	Punc	Punc
u_ku_enz_iw_a	NPrePre15_BPre15_VRoot_PassExt_VerbTerm	NPrePre15_BPre15_VRoot_PassExt_VerbTerm	NPrePre15_BPre15_VRoot_PassExt_VerbTerm	NPrePre15_BPre15_VRoot_PassExt_VerbTerm
kwa_u_mu_sebenzi	PossConc15_NPrePre3_BPre3_NStem	PossConc15_NPrePre3_BPre3_NStem	PossConc15_NPrePre3_BPre3_NStem	PossConc15_NPrePre3_BPre3_NStem
ku_fan_el_e	OC15_VRoot_ApplExt_VerbTerm	OC15_VRoot_ApplExt_VerbTerm	OC15_VRoot_ApplExt_VerbTerm	OC15_VRoot_ApplExt_VerbTerm
ku_b_e	OC15_VRoot_VerbTerm	OC15_VRoot_VerbTerm	OC15_VRoot_VerbTerm	OC15_VRoot_VerbTerm
s_e_zandleni	PossConc7_LocPre_NStem	PossConc7_LocPre_NStem	PossConc7_LocPre_NStem	PossConc7_LocPre_NStem
za_labo	SC10_Dem10_Pos1	PossConc10_NStem	SC10_Dem10_Pos1	PossConc10_NStem
aba_tjhidelene	RelConc2_NStem	RelConc2_NStem	RelConc2_NStem	RelConc2_NStem
aba_tjhidelene	RelConc2_NStem	RelConc2_NStem	RelConc2_NStem	RelConc2_NStem
na_ba_enz_el_w_a	AdvPre_SC2_VRoot_ApplExt_PassExt_VerbTerm	AdvPre_SC2_VRoot_ApplExt_PassExt_VerbTerm	AdvPre_SC2_VRoot_ApplExt_PassExt_VerbTerm	AdvPre_BPre2_NStem
u_mu_sebenzi	NPrePre3_BPre3_NStem	NPrePre3_BPre3_NStem	NPrePre3_BPre3_NStem	NPrePre3_BPre3_NStem
ku_no_rhulumende	BPre15_AdvPre_NStem	BPre15_AdvPre_NStem	BPre15_AdvPre_NStem	BPre15_AdvPre_NStem
o_phakathi	RelConc3_Adv	RelConc3_Adv	RelConc3_Adv	RelConc3_Adv
,	Punc	Punc	Punc	Punc
i_si_w_e	SC9_OC7_VRoot_VerbTerm	SC9_OC7_VRoot_VerbTerm	SC9_OC7_VRoot_VerbTerm	SC9_OC7_VRoot_VerbTerm
ku_de	AdjPref15_AdjStem	AdjPref15_AdjStem	AdjPref15_AdjStem	AdjPref15_AdjStem
u_kusuk_a	SC15_VRoot_VerbTerm	SC1_VRoot_VerbTerm	SC15_VRoot_VerbTerm	NPrePre15_BPre15_VRoot_VerbTerm
ki_lokho	AdvPre_Dem15_Pos2	PossConc9	AdvPre_Dem15_Pos2	PossConc9
o_kumel_w_e	SC15_VRoot_PassExt_VerbTerm	RelConc1_VRoot_PassExt_VerbTerm	SC15_VRoot_PassExt_VerbTerm	RelConc15_VRoot_PassExt_VerbTerm
'	Punc	Punc	Punc	Punc
ku_thonywe	BPre15_NStem	BPre17_NStem	BPre15_NStem	BPre17_NStem
nga_kho	AdvPre_PronStem15	AdvPre_PronStem15	AdvPre_PronStem15	AdvPre_PronStem15
'	Punc	Punc	Punc	Punc
.	Punc	Punc	Punc	Punc
ku_fan_el_e	OC15_VRoot_ApplExt_VerbTerm	OC15_VRoot_ApplExt_VerbTerm	OC15_VRoot_ApplExt_VerbTerm	OC15_VRoot_ApplExt_VerbTerm
nanyana	Conj	Conj	Conj	BPre5_NStem_DimSuf
ku_njalo	SC15_Adv	SC15_Adv	SC15_Adv	SC15_Adv
u_wele	NPrePre1a_NStem	NPrePre1a_NStem	NPrePre1a_NStem	SC2_VRoot_VerbTerm
hlangan_a	VRoot_VerbTerm	VRoot_VerbTerm	VRoot_VerbTerm	NStem_DimSuf
na_i_mi_gomo	AdvPre_NPrePre4_BPre4_NStem	AdvPre_NPrePre4_BPre4_NStem	AdvPre_NPrePre4_BPre4_NStem	AdvPre_NPrePre4_BPre4_NStem
eli_tlhatlh_a	RelConc4_Intrans_VerbTerm	RelConc5_Intrans_VerbTerm	RelConc4_Intrans_VerbTerm	RelConc5_Intrans_VerbTerm
ya_i_li_zwe	PossConc4_NPrePre5_BPre5_NStem	PossConc4_NPrePre5_BPre5_NStem	PossConc4_NPrePre5_BPre5_NStem	PossConc4_NPrePre5_BPre5_NStem
e_thuthuk_is_w_e	RelConc4_VRoot_CausExt_PassExt_VerbTerm	LocPre_VRoot_CausExt_PassExt_VerbTerm	RelConc4_VRoot_CausExt_PassExt_VerbTerm	SC4_VRoot_CausExt_PassExt_VerbTerm
mi_nyango	BPre4_NStem	BPre4_NStem	BPre4_NStem	BPre4_NStem
ka_rhulumende	PossConc4_NStem	PossConc4_NStem	PossConc4_NStem	PossConc4_NStem
wa_i_li_zwe	PossConc1a_NPrePre5_BPre5_NStem	PossConc1_NPrePre5_BPre5_NStem	PossConc1a_NPrePre5_BPre5_NStem	PossConc1_NPrePre5_BPre5_NStem
e_fanele_ko	RelConc9_NStem_RelSuf	RelConc9_NStem_RelSuf	RelConc9_NStem_RelSuf	RelConc9_NStem_RelSuf
.	Punc	Punc	Punc	Punc
u_m_leyo	NPrePre1_BPre1_NStem	NPrePre3_BPre3_NStem	NPrePre1_BPre1_NStem	NPrePre3_BPre3_NStem
wo_m_thethosisekelo	PossConc6_BPre3_NStem	PossConc3_BPre3_NStem	PossConc6_BPre3_NStem	PossConc3_LocPre_BPre3_NStem
u_vumel_a	SC1_VRoot_VerbTerm	SC1_VRoot_VerbTerm	SC1_VRoot_VerbTerm	NPrePre1a_NStem
u_ku_hlukanisa	NPrePre15_BPre15_NStem	NPrePre15_BPre15_NStem	NPrePre15_BPre15_NStem	NPrePre15_BPre15_NStem
e_u_ku_ab_eni	LocPre_NPrePre15_BPre15_VRoot_LocSuf	LocPre_NPrePre15_BPre15_VRoot_LocSuf	LocPre_NPrePre15_BPre15_VRoot_LocSuf	LocPre_NPrePre15_BPre15_VRoot_VerbTerm_LocSuf
a_mandla	RelConc6_RelStem	RelConc6_RelStem	RelConc6_RelStem	RelConc6_RelStem
na_i_mi_sebenzi	AdvPre_NPrePre4_BPre4_NStem	AdvPre_NPrePre4_BPre4_NStem	AdvPre_NPrePre4_BPre4_NStem	AdvPre_NPrePre4_BPre4_NStem
,	Punc	Punc	Punc	Punc
begodu	Conj	Conj	Conj	Conj
lokhu	Dem15_Pos1		Dem15_Pos1	
ku_fan_el_e	OC15_VRoot_ApplExt_VerbTerm	OC15_VRoot_ApplExt_VerbTerm	OC15_VRoot_ApplExt_VerbTerm	SC15_VRoot_ApplExt_VerbTerm
ku_setjenziswe	BPre15_NStem	BPre15_NStem	BPre15_NStem	BPre15_NStem
u_ku_qinis_ek_is_a	NPrePre15_BPre15_VRoot_NeutExt_CausExt_VerbTerm	NPrePre15_BPre15_VRoot_NeutExt_CausExt_VerbTerm	NPrePre15_BPre15_VRoot_NeutExt_CausExt_VerbTerm	NPrePre15_BPre15_VRoot_NeutExt_CausExt_VerbTerm
bo_nyana	BPre2_NStem	BPre2_NStem	BPre2_NStem	BPre2_NStem
ku_b_a	BPre15_VRoot_VerbTerm	BPre15_VRoot_VerbTerm	BPre15_VRoot_VerbTerm	BPre15_VRoot_VerbTerm
kho_na	PronStem15_PronSuf	PronStem15_PronSuf	PronStem15_PronSuf	PronStem15_PronSuf
u_ku_khambelana	NPrePre15_BPre15_NStem	NPrePre15_BPre15_NStem	NPrePre15_BPre15_NStem	NPrePre15_BPre15_NStem
phakathi	Adv	Adv	Adv	Adv
kwa_ma_kghono	PossConc15_BPre15_NStem	PossConc15_BPre15_NStem	PossConc15_BPre15_NStem	PossConc15_BPre6_NStem
ne_e_m_bopho	AdvPre_LocPre_BPre3_NStem	AdvPre_LocPre_BPre8_NStem	AdvPre_LocPre_BPre3_NStem	AdvPre_LocPre_BPre8_NStem
ze_e_m_funda	PossConc8_LocPre_BPre3_NStem	PossConc8_LocPre_BPre3_NStem	PossConc8_LocPre_BPre3_NStem	PossConc8_LocPre_BPre3_NStem
na_bo_masipala	AdvPre_PossConc2_NStem	AdvPre_PossConc2_NStem	AdvPre_PossConc2_NStem	AdvPre_PossConc2_NStem
.	Punc	Punc	Punc	Punc
i_rherho	NPrePre4_NStem	NPrePre4_NStem	NPrePre4_NStem	NPrePre4_NStem
eli_khona	RelConc5_Adv	RelConc5_Adv	RelConc5_Adv	RelConc5_Adv
li_nge_enz_iw_a	SC5_AdvPre_VRoot_PassExt_VerbTerm	SC5_AdvPre_VRoot_PassExt_VerbTerm	SC5_AdvPre_VRoot_PassExt_VerbTerm	SC5_AdvPre_VRoot_PassExt_VerbTerm
ngcono	NStem	NStem	NStem	NStem
,	Punc	Punc	Punc	Punc
nga_ukuhlathululwa	AdvPre_NStem	AdvPre_NStem	AdvPre_NStem	AdvPre_BPre15_VRoot_PassExt_VerbTerm
kwe_e_m_bopho	PossConc15_LocPre_BPre3_NStem	PossConc15_LocPre_BPre3_NStem	PossConc15_LocPre_BPre3_NStem	PossConc15_LocPre_BPre3_NStem
za_u_mu_khakha	PossConc8_NPrePre3_BPre3_NStem	PossConc8_NPrePre3_BPre3_NStem	PossConc8_NPrePre3_BPre3_NStem	PossConc8_NPrePre3_BPre3_NStem
wa_u_ku_akh_iw_a	PossConc1a_NPrePre15_BPre15_VRoot_PassExt_VerbTerm	PossConc3_NPrePre15_BPre15_VRoot_PassExt_VerbTerm	PossConc1a_NPrePre15_BPre15_VRoot_PassExt_VerbTerm	PossConc1a_NPrePre15_BPre15_VRoot_PassExt_VerbTerm
kwa_i_zin_ndlu	PossConc15_NPrePre10_BPre10_NStem	PossConc15_NPrePre10_BPre10_NStem	PossConc15_NPrePre10_BPre10_NStem	PossConc15_NPrePre10_BPre10_NStem
,	Punc	Punc	Punc	Punc
wa_a_manzi	PossConc3_NPrePre6_NStem	PossConc3_NPrePre6_NStem	PossConc3_NPrePre6_NStem	PossConc3_NPrePre6_NStem
,	Punc	Punc	Punc	Punc
w_e_hlwengiso	PossConc3_LocPre_NStem	PossConc6_LocPre_NStem	PossConc3_LocPre_NStem	PossConc3_LocPre_NStem
,	Punc	Punc	Punc	Punc
w_e_gezi	PossConc1a_LocPre_NStem	PossConc6_LocPre_NStem	PossConc1a_LocPre_NStem	PossConc6_LocPre_NStem
ne_e_n_thuthi	AdvPre_LocPre_BPre9_NStem	AdvPre_LocPre_BPre9_NStem	AdvPre_LocPre_BPre9_NStem	AdvPre_LocPre_BPre9_NStem
za_u_mu_phakathi	PossConc8_NPrePre3_BPre3_NStem	PossConc10_NPrePre3_BPre3_NStem	PossConc8_NPrePre3_BPre3_NStem	PossConc10_NPrePre3_BPre3_NStem
.	Punc	Punc	Punc	Punc
a_ma_dorobha	NPrePre6_BPre6_NStem	NPrePre6_BPre6_NStem	NPrePre6_BPre6_NStem	NPrePre6_BPre6_NStem
ama_khulu	AdjPref6_AdjStem	AdjPref6_AdjStem	AdjPref6_AdjStem	AdjPref6_AdjStem
ku_fan_el_e	OC15_VRoot_ApplExt_VerbTerm	OC15_VRoot_ApplExt_VerbTerm	OC15_VRoot_ApplExt_VerbTerm	OC15_VRoot_ApplExt_VerbTerm
a_nik_el_w_e	SC6_VRoot_ApplExt_PassExt_VerbTerm	SC6_VRoot_ApplExt_PassExt_VerbTerm	SC6_VRoot_ApplExt_PassExt_VerbTerm	SC6_VRoot_ApplExt_PassExt_VerbTerm
i_mali	NPrePre9_NStem	NPrePre9_NStem	NPrePre9_NStem	NPrePre9_NStem
e_neng_an_a	RelConc9_VRoot_RecipExt_VerbTerm	RelConc4_VRoot_RecipExt_VerbTerm	RelConc9_VRoot_RecipExt_VerbTerm	RelConc4_VRoot_RecipExt_VerbTerm
ya_u_ku_thuthuk_is_a	PossConc9_NPrePre15_BPre15_VRoot_CausExt_VerbTerm	PossConc9_NPrePre15_BPre15_VRoot_CausExt_VerbTerm	PossConc9_NPrePre15_BPre15_VRoot_CausExt_VerbTerm	PossConc9_NPrePre15_BPre15_VRoot_CausExt_VerbTerm
u_mu_phakathi	NPrePre3_BPre3_NStem	NPrePre3_BPre3_NStem	NPrePre3_BPre3_NStem	NPrePre3_BPre3_NStem
ka_nye	AdvPre_AdjStem	AdvPre_AdjStem	AdvPre_AdjStem	AdvPre_AdjStem
na_mandla	AdvPre_RelStem	AdvPre_RelStem	AdvPre_RelStem	AdvPre_RelStem
w_e_polotiki	PossConc1_LocPre_NStem	PossConc1_LocPre_NStem	PossConc1_LocPre_NStem	PossConc1_LocPre_NStem
u_ku_hlangan_is_a	NPrePre15_BPre15_VRoot_CausExt_VerbTerm	NPrePre15_BPre15_VRoot_CausExt_VerbTerm	NPrePre15_BPre15_VRoot_CausExt_VerbTerm	NPrePre15_BPre15_VRoot_CausExt_VerbTerm
u_ku_enz_iw_a	NPrePre15_BPre15_VRoot_PassExt_VerbTerm	NPrePre15_BPre15_VRoot_PassExt_VerbTerm	NPrePre15_BPre15_VRoot_PassExt_VerbTerm	NPrePre15_BPre15_VRoot_PassExt_VerbTerm
ngcono	NStem	NStem	NStem	NStem
kwa_u_ku_hlalis_w_a	PossConc15_NPrePre15_BPre15_VRoot_PassExt_VerbTerm	PossConc15_NPrePre15_BPre15_VRoot_PassExt_VerbTerm	PossConc15_NPrePre15_BPre15_VRoot_PassExt_VerbTerm	PossConc15_NPrePre15_BPre15_NStem
kwa_a_ba_ntu	PossConc15_NPrePre2_BPre2_NStem	PossConc15_NPrePre2_BPre2_NStem	PossConc15_NPrePre2_BPre2_NStem	PossConc15_NPrePre2_BPre2_NStem
,	Punc	Punc	Punc	Punc
kwa_u_mu_tlamo	PossConc15_NPrePre3_BPre3_NStem	PossConc15_NPrePre3_BPre3_NStem	PossConc15_NPrePre3_BPre3_NStem	PossConc15_NPrePre3_BPre3_NStem
we_e_n_thuthi	PossConc6_LocPre_BPre9_NStem	PossConc3_LocPre_BPre9_NStem	PossConc6_LocPre_BPre9_NStem	PossConc3_LocPre_BPre9_NStem
na_u_ku_hlalisw_a	AdvPre_NPrePre15_BPre15_Intrans_VerbTerm	AdvPre_NPrePre15_BPre15_VRoot_VerbTerm	AdvPre_NPrePre15_BPre15_Intrans_VerbTerm	AdvPre_NPrePre15_BPre15_VRoot_VerbTerm
kwa_a_ba_ntu	PossConc15_NPrePre2_BPre2_NStem	PossConc15_NPrePre2_BPre2_NStem	PossConc15_NPrePre2_BPre2_NStem	PossConc15_NPrePre2_BPre2_NStem
e_e_n_ndawo_eni	RelConc9_LocPre_BPre9_NStem_LocSuf	RelConc9_LocPre_BPre9_NStem_LocSuf	RelConc9_LocPre_BPre9_NStem_LocSuf	RelConc9_LocPre_BPre9_NStem_LocSuf
ezi_lungel_e	RelConc8_VRoot_VerbTerm	RelConc10_VRoot_VerbTerm	RelConc8_VRoot_VerbTerm	RelConc10_VRoot_VerbTerm
u_ku_hlal_a	NPrePre15_BPre15_VRoot_VerbTerm	NPrePre15_BPre15_VRoot_VerbTerm	NPrePre15_BPre15_VRoot_VerbTerm	NPrePre15_BPre15_VRoot_VerbTerm
.	Punc	Punc	Punc	Punc
kwa_mi_nye	PossConc15_BPre4_AdjStem	PossConc15_BPre4_NStem	PossConc15_BPre4_AdjStem	PossConc15_AdjPref4_AdjStem
i_mi_khakha	NPrePre4_BPre4_NStem	NPrePre4_BPre4_NStem	NPrePre4_BPre4_NStem	NPrePre4_BPre4_NStem
,	Punc	Punc	Punc	Punc
i_in_siza	NPrePre8_BPre8_NStem	NPrePre10_NPre10_NStem	NPrePre8_BPre8_NStem	SC9_VRoot_VerbTerm
ze_e_m_phande	PossConc8_LocPre_BPre3_NStem	PossConc8_LocPre_BPre8_NStem	PossConc8_LocPre_BPre3_NStem	PossConc8_LocPre_BPre3_NStem
zi_nga_leth_a	SC10_Pot_VRoot_VerbTerm	Pres_AdvPre_VRoot_VerbTerm	SC10_Pot_VRoot_VerbTerm	Pres_AdvPre_NStem
i_si_zo	NPrePre7_BPre7_PronStem8	NPrePre7_BPre7_NStem	NPrePre7_BPre7_PronStem8	NPrePre7_BPre7_NStem
esi_khundla_ini	RelConc7_NStem_LocSuf	RelConc7_NStem_LocSuf	RelConc7_NStem_LocSuf	RelConc7_NStem_LocSuf
sa_bo_masipala	PossConc7_BPre2_NStem	PossConc7_BPre2_NStem	PossConc7_BPre2_NStem	PossConc1a_BPre2_NStem
aba_na_i_mi_thombo	RelConc2_AdvPre_NPrePre4_BPre4_NStem	RelConc2_AdvPre_NPrePre4_BPre4_NStem	RelConc2_AdvPre_NPrePre4_BPre4_NStem	RelConc2_AdvPre_BPre4_NStem
e_nga_ne_liko	LocPre_AdvPre_AdvPre_NStem	LocPre_AdvPre_AdvPre_NStem	LocPre_AdvPre_AdvPre_NStem	LocPre_AdvPre_AdvPre_NStem
,	Punc	Punc	Punc	Punc
kodwana	Conj	Conj	Conj	Conj
lokhu	Dem15_Pos1		Dem15_Pos1	
ku_fan_el_e	OC15_VRoot_ApplExt_VerbTerm	OC15_VRoot_ApplExt_VerbTerm	OC15_VRoot_ApplExt_VerbTerm	OC15_VRoot_ApplExt_VerbTerm
ku_rholwe	BPre15_NStem	BPre15_NStem	BPre15_NStem	BPre15_NStem
bo_masipala	NPrePre2a_NStem	NPrePre2a_NStem	NPrePre2a_NStem	NPrePre2a_NStem
u_ku_balekel_a	NPrePre15_BPre15_VRoot_VerbTerm	NPrePre15_BPre15_VRoot_VerbTerm	NPrePre15_BPre15_VRoot_VerbTerm	NPrePre15_BPre15_NStem
u_kweqiswa	NPrePre1a_NStem	NPrePre1a_NStem	NPrePre1a_NStem	NPrePre15_BPre15_VRoot_PassExt_VerbTerm
kwa_mehlo	PossConc15_NStem	PossConc15_NStem	PossConc15_NStem	PossConc15_NPrePre6_NStem
kwa_i_n_daba	PossConc15_NPrePre9_BPre9_NStem	PossConc15_NPrePre9_BPre9_NStem	PossConc15_NPrePre9_BPre9_NStem	PossConc15_NStem
yo_ku_zi_phendul_el_a	PossConc9_BPre15_ReflPre_VRoot_ApplExt_VerbTerm	PossConc9_BPre15_ReflPre_VRoot_ApplExt_VerbTerm	PossConc9_BPre15_ReflPre_VRoot_ApplExt_VerbTerm	PossConc9_BPre15_ReflPre_VRoot_ApplExt_VerbTerm
mayelana	NStem	NStem	NStem	NStem
na_u_ku_enz_iw_a	AdvPre_NPrePre15_BPre15_VRoot_PassExt_VerbTerm	AdvPre_NPrePre15_BPre15_VRoot_PassExt_VerbTerm	AdvPre_NPrePre15_BPre15_VRoot_PassExt_VerbTerm	AdvPre_NPrePre15_BPre15_VRoot_PassExt_VerbTerm
kwa_i_mi_sebenzi	PossConc15_NPrePre4_BPre4_NStem	PossConc15_NPrePre4_BPre4_NStem	PossConc15_NPrePre4_BPre4_NStem	PossConc15_NPrePre4_BPre4_NStem
.	Punc	Punc	Punc	Punc
nga_u_nobangela	AdvPre_NPre1a_NStem	AdvPre_NPre1a_NStem	AdvPre_NPre1a_NStem	AdvPre_NPre1a_NStem
wa_i_si_khathi	PossConc1a_NPrePre7_BPre7_NStem	PossConc3_NPrePre7_BPre7_NStem	PossConc1a_NPrePre7_BPre7_NStem	PossConc3_NPrePre7_BPre7_NStem
a_ma_para	NPrePre6_BPre6_NStem	NPrePre6_BPre6_NStem	NPrePre6_BPre6_NStem	NPrePre6_BPre6_NStem
a_nga_nikel_w_a	SC6_Pot_VRoot_PassExt_VerbTerm	SC6_Pot_VRoot_PassExt_VerbTerm	SC6_Pot_VRoot_PassExt_VerbTerm	SC6_Pres_VRoot_PassExt_VerbTerm
i_n_datjana	NPrePre9_BPre9_NStem	NPrePre9_BPre9_NStem	NPrePre9_BPre9_NStem	NPrePre9_BPre9_NStem
e_yo_dwa	RelConc9_QuantConc9_QuantStem	RelConc9_QuantConc9_QuantStem	RelConc9_QuantConc9_QuantStem	RelConc9_QuantConc4_QuantStem
namtjhana	Conj	Conj	Conj	Conj
ezin_bili	AdjPref10_AdjStem	AdjPref10_AdjStem	AdjPref10_AdjStem	AdjPref10_AdjStem
bona	AbsPron2	AbsPron2	AbsPron2	AbsPron2
azi_tjhej_e	RelConc10_Intrans_VerbTerm	NegPre_VRoot_VerbTerm	RelConc10_Intrans_VerbTerm	RelConc6_SC8_Intrans_VerbTerm
.	Punc	Punc	Punc	Punc
i_akhredithetjhini	NPre5_NStem	NPrePre4_NStem	NPre5_NStem	NPrePre4_NStem
ya_i_ISO	PossConc4_NPre5_Abbr	PossConc9_NPre5_Abbr	PossConc4_NPre5_Abbr	PossConc4_NStem
:	Punc	Punc	Punc	Punc
oku_mayelana	RelConc15_NStem	RelConc15_NStem	RelConc15_NStem	RelConc15_NStem
na_u_ku_enz_iw_a	AdvPre_NPrePre15_BPre15_VRoot_PassExt_VerbTerm	AdvPre_NPrePre15_BPre15_VRoot_PassExt_VerbTerm	AdvPre_NPrePre15_BPre15_VRoot_PassExt_VerbTerm	AdvPre_NPrePre15_BPre15_VRoot_PassExt_VerbTerm
kwa_i_kambiso	PossConc15_NPrePre9_NStem	PossConc15_NPrePre9_NStem	PossConc15_NPrePre9_NStem	PossConc15_NStem
ya_i_li_zwe	PossConc4_NPrePre5_BPre5_NStem	PossConc4_NPrePre5_BPre5_NStem	PossConc4_NPrePre5_BPre5_NStem	PossConc4_NPrePre5_BPre5_NStem
lo_ke	QuantConc5_QuantStem	QuantConc11_QuantStem	QuantConc5_QuantStem	QuantConc11_QuantStem
e_gunyaz_iw_ek_o	RelConc9_VRoot_PassExt_NeutExt_VerbTerm	RelConc9_VRoot_PassExt_NeutExt_VerbTerm	RelConc9_VRoot_PassExt_NeutExt_VerbTerm	RelConc9_VRoot_PassExt_VerbTerm_RelSuf
mayelana	NStem	NStem	NStem	NStem
na_i_khwalithi	AdvPre_NPre5_NStem	AdvPre_NPrePre4_NStem	AdvPre_NPre5_NStem	AdvPre_NStem
ya_uku_phatha	PossConc9_NPre15_NStem	PossConc4_NPre15_NStem	PossConc9_NPre15_NStem	PossConc9_NPrePre15_BPre15_VRoot_VerbTerm
ka_nye	AdvPre_AdjStem	AdvPre_AdjStem	AdvPre_AdjStem	AdvPre_AdjStem
na_u_ku_hlol_w_a	AdvPre_NPrePre15_BPre15_VRoot_PassExt_VerbTerm	AdvPre_NPrePre15_BPre15_VRoot_PassExt_VerbTerm	AdvPre_NPrePre15_BPre15_VRoot_PassExt_VerbTerm	AdvPre_NPrePre15_BPre15_VRoot_PassExt_VerbTerm
ka_u_mu_ntu	AdvPre_NPrePre1_BPre1_NStem	AdvPre_NPrePre1_BPre1_NStem	AdvPre_NPrePre1_BPre1_NStem	PossConc15_NPrePre1_BPre1_NStem
o_seqadi	RelConc1_RelStem	RelConc3_NStem	RelConc1_RelStem	RelConc3_NStem
wa_i_li_bubulo	PossConc1a_NPrePre5_BPre5_NStem	PossConc1_NPrePre5_BPre5_NStem	PossConc1a_NPrePre5_BPre5_NStem	PossConc1_LocPre_NStem
.	Punc	Punc	Punc	Punc
i_mi_thombo	NPrePre4_BPre4_NStem	NPrePre4_BPre4_NStem	NPrePre4_BPre4_NStem	NPrePre4_BPre4_NStem
ya_nga_phandle	SC4_AdvPre_Adv	PossConc9_AdvPre_Adv	SC4_AdvPre_Adv	PossConc9_AdvPre_Adv
:	Punc	Punc	Punc	Punc
le	Dem4_Pos1		Dem4_Pos1	
i_khiqizwa	NPrePre4_NStem	NPrePre4_NStem	NPrePre4_NStem	SC4_VRoot_PassExt_VerbTerm
nga_phandle	AdvPre_Adv	AdvPre_Adv	AdvPre_Adv	AdvPre_Adv
kwa_ka_masipala	PossConc15_PossKA_NStem	PossConc15_PossKA_NStem	PossConc15_PossKA_NStem	PossConc15_PossKA_NStem
njenga_mali	AdvPre_NStem	AdvPre_NStem	AdvPre_NStem	AdvPre_NStem
e_bolek_w_a	RelConc4_VRoot_PassExt_VerbTerm	RelConc9_VRoot_PassExt_VerbTerm	RelConc4_VRoot_PassExt_VerbTerm	RelConc4_VRoot_PassExt_VerbTerm
e_e_n_ndawo_eni	RelConc9_LocPre_BPre9_NStem_LocSuf	RelConc9_LocPre_BPre9_NStem_LocSuf	RelConc9_LocPre_BPre9_NStem_LocSuf	RelConc9_LocPre_BPre9_NStem_LocSuf
ezi_fan_a	RelConc10_VRoot_VerbTerm	RelConc8_VRoot_VerbTerm	RelConc10_VRoot_VerbTerm	RelConc8_VRoot_VerbTerm
ne_e_n_hlangano	AdvPre_LocPre_BPre9_NStem	AdvPre_LocPre_BPre9_NStem	AdvPre_LocPre_BPre9_NStem	AdvPre_LocPre_BPre9_NStem
za_a_ma_rhwebo	PossConc8_NPrePre6_BPre6_NStem	PossConc10_NPrePre6_BPre6_NStem	PossConc8_NPrePre6_BPre6_NStem	PossConc8_BPre6_NStem
.	Punc	Punc	Punc	Punc
u_ku_lawula	NPrePre15_BPre15_NStem	NPrePre15_BPre15_NStem	NPrePre15_BPre15_NStem	NPrePre15_BPre15_VRoot_VerbTerm
i_si_khathi	NPrePre7_BPre7_NStem	NPrePre7_BPre7_NStem	NPrePre7_BPre7_NStem	NPrePre7_BPre7_NStem
:	Punc	Punc	Punc	Punc
u_ku_tjheja	NPrePre15_BPre15_NStem	NPrePre15_BPre15_NStem	NPrePre15_BPre15_NStem	NPrePre15_BPre15_NStem
i_ragelo	NPrePre5_NStem	NPrePre5_NStem	NPrePre5_NStem	NPrePre5_NStem
phambili	Adv	Adv	Adv	Adv
le_i_phrojekthi	BPre5_NPrePre5_NStem	Pos1_NPrePre4	BPre5_NPrePre5_NStem	Pos1_NPrePre4
begodu	Conj	Conj	Conj	Conj
na_u_ku_hlangan_a	AdvPre_NPrePre15_BPre15_VRoot_VerbTerm	AdvPre_NPrePre15_BPre15_VRoot_VerbTerm	AdvPre_NPrePre15_BPre15_VRoot_VerbTerm	AdvPre_NPrePre15_BPre15_VRoot_VerbTerm
njalo	Adv	Adv	Adv	Adv
na_ba_bamb_is_an_i	SC2_BPre2_VRoot_CausExt_RecipExt_VerbTerm	AdvPre_BPre2_VRoot_CausExt_RecipExt_VerbTerm	SC2_BPre2_VRoot_CausExt_RecipExt_VerbTerm	AdvPre_BPre2_NStem
ka_nye	AdvPre_AdjStem	AdvPre_AdjStem	AdvPre_AdjStem	AdvPre_AdjStem
na_a_ma_lunga	AdvPre_NPrePre6_BPre6_NStem	AdvPre_NPrePre6_BPre6_NStem	AdvPre_NPrePre6_BPre6_NStem	AdvPre_NPrePre6_BPre6_NStem
wa_i_si_qhema	PossConc3_NPrePre7_BPre7_NStem	PossConc3_NPrePre7_BPre7_NStem	PossConc3_NPrePre7_BPre7_NStem	PossConc3_BPre7_NStem
s_e_phrojekthi	PreLoc-s_LocPre_NStem	PossConc7_LocPre_NStem	PreLoc-s_LocPre_NStem	PossConc7_LocPre_NStem
u_ku_meda	NPrePre15_BPre15_NStem	NPrePre15_BPre15_NStem	NPrePre15_BPre15_NStem	NPrePre15_BPre15_NStem
na_u_ku_hlol_a	AdvPre_NPrePre15_BPre15_VRoot_VerbTerm	AdvPre_NPrePre15_BPre15_VRoot_VerbTerm	AdvPre_NPrePre15_BPre15_VRoot_VerbTerm	AdvPre_NPrePre15_BPre15_VRoot_VerbTerm
i_zi_nto	NPrePre10_BPre10_NStem	NPrePre10_BPre10_NStem	NPrePre10_BPre10_NStem	NPrePre10_BPre10_NStem
ezi_enz_ek_a	RelConc10_VRoot_NeutExt_VerbTerm	RelConc10_VRoot_NeutExt_VerbTerm	RelConc10_VRoot_NeutExt_VerbTerm	RelConc10_VRoot_NeutExt_VerbTerm
nga_i_si_khathi	AdvPre_NPrePre7_BPre7_NStem	AdvPre_NPrePre7_BPre7_NStem	AdvPre_NPrePre7_BPre7_NStem	AdvPre_NPrePre7_BPre7_NStem
esi_thile	RelConc7_NStem	RelConc7_NStem	RelConc7_NStem	RelConc7_NStem
.	Punc	Punc	Punc	Punc
a_bo_nobangela	NPrePre2a_BPre2a_NStem	NPrePre2a_BPre2a_NStem	NPrePre2a_BPre2a_NStem	NPrePre2_BPre2a_NStem
aba_nengi	AdjPref2a_AdjStem	AdjPref2_AdjStem	AdjPref2a_AdjStem	AdjPref2_AdjStem
ba_nga_bang_el_a	SC2a_OC2a_VRoot_ApplExt_VerbTerm	SC2_AdvPre_VRoot_ApplExt_VerbTerm	SC2a_OC2a_VRoot_ApplExt_VerbTerm	SC2_AdvPre_Intrans_VerbTerm
i_si_khathi	NPrePre7_BPre7_NStem	NPrePre7_BPre7_NStem	NPrePre7_BPre7_NStem	NPrePre7_BPre7_NStem
s_e_phrojekthi	PossConc7_LocPre_NStem	PossConc7_LocPre_NStem	PossConc7_LocPre_NStem	PossConc7_LocPre_NStem
bona	AbsPron2	AbsPron2	AbsPron2	AbsPron2
si_tjhuguluk_e	SC7_VRoot_VerbTerm	SC7_VRoot_VerbTerm	SC7_VRoot_VerbTerm	SC7_VRoot_VerbTerm
.	Punc	Punc	Punc	Punc
oku_samel_e_ko	OC15_VRoot_VerbTerm_RelSuf	RelConc15_VRoot_VerbTerm_RelSuf	OC15_VRoot_VerbTerm_RelSuf	RelConc15_NStem
ku_fan_el_e	OC15_VRoot_ApplExt_VerbTerm	OC15_VRoot_ApplExt_VerbTerm	OC15_VRoot_ApplExt_VerbTerm	OC15_VRoot_ApplExt_VerbTerm
ku_akh_el_w_e	SC15_VRoot_ApplExt_PassExt_VerbTerm	OC15_VRoot_ApplExt_PassExt_VerbTerm	SC15_VRoot_ApplExt_PassExt_VerbTerm	SC15_VRoot_ApplExt_PassExt_VerbTerm
e_tjhejul_ini	LocPre_NStem_LocSuf	LocPre_NStem_LocSuf	LocPre_NStem_LocSuf	LocPre_NStem_LocSuf
ya_u_ku_thom_a	PossConc5_NPrePre15_BPre15_VRoot_VerbTerm	PossConc9_NPrePre15_BPre15_VRoot_VerbTerm	PossConc5_NPrePre15_BPre15_VRoot_VerbTerm	PossConc9_NPrePre15_BPre15_VRoot_VerbTerm
begodu	Conj	Conj	Conj	Conj
i_ragelo	NPrePre5_NStem	NPrePre5_NStem	NPrePre5_NStem	NPrePre5_NStem
phambili	Adv	Adv	Adv	Adv
ku_fan_el_e	OC15_VRoot_ApplExt_VerbTerm	OC15_VRoot_ApplExt_VerbTerm	OC15_VRoot_ApplExt_VerbTerm	OC15_VRoot_ApplExt_VerbTerm
li_khuluny_is_w_e	SC5_VRoot_CausExt_PassExt_VerbTerm	SC5_VRoot_CausExt_PassExt_VerbTerm	SC5_VRoot_CausExt_PassExt_VerbTerm	SC5_VRoot_CausExt_PassExt_VerbTerm
ki_bo	SC1_PronStem1	LocPre_PronStem1	SC1_PronStem1	LocPre_PronStem1
bo_ke	QuantConc2_QuantStem	QuantConc2_QuantStem	QuantConc2_QuantStem	QuantConc2_QuantStem
a_ba_bambisani	NPrePre2_BPre2_NStem	NPrePre2_BPre2_NStem	NPrePre2_BPre2_NStem	NPrePre2_BPre2_NStem
.	Punc	Punc	Punc	Punc
i_khwalithi	NPrePre4_NStem	NPrePre4_NStem	NPrePre4_NStem	NPrePre4_NStem
ya_fundo	PossConc4_NStem	PossConc4_NStem	PossConc4_NStem	PossConc4_NStem
ya_e_nengi	PossConc9_AdjPref9_AdjStem	PossConc9_AdjPref9_AdjStem	PossConc9_AdjPref9_AdjStem	PossConc9_AdjPref9_AdjStem
la_a_ba_ntwana	PossConc5_NPrePre2_BPre2_NStem	PossConc2_NPrePre2_BPre2_NStem	PossConc5_NPrePre2_BPre2_NStem	PossConc5_NPrePre2_BPre2_NStem
aba_nzima	RelConc2_RelStem	RelConc2_RelStem	RelConc2_RelStem	RelConc2_RelStem
i_ya_bogaboga	NPrePre4_Pres_NStem	NPrePre4_Pres_NStem	NPrePre4_Pres_NStem	NPrePre4_Pres_NStem_NStem
.	Punc	Punc	Punc	Punc
lokhu	Dem15_Pos1		Dem15_Pos1	
ku_khand_el_a	OC15_VRoot_ApplExt_VerbTerm	SC15_VRoot_ApplExt_VerbTerm	OC15_VRoot_ApplExt_VerbTerm	BPre15_VRoot_VerbTerm
i_nengi	AdjPref9_AdjStem	AdjPref9_AdjStem	AdjPref9_AdjStem	AdjPref9_AdjStem
la_a_ba_fundi	PossConc5_NPrePre2_BPre2_NStem	PossConc5_NPrePre2_BPre2_NStem	PossConc5_NPrePre2_BPre2_NStem	PossConc5_NPrePre2_BPre2_NStem
bo_nyana	BPre2_NStem	BPre2_NStem	BPre2_NStem	BPre2_NStem
li_nga_kghoni	BPre5_NegPre_NStem	BPre5_AdvPre_NStem	BPre5_NegPre_NStem	BPre5_AdvPre_NStem
u_ku_fuman_a	NPrePre15_BPre15_VRoot_VerbTerm	NPrePre15_BPre15_VRoot_VerbTerm	NPrePre15_BPre15_VRoot_VerbTerm	NPrePre15_BPre15_VRoot_VerbTerm
i_mi_sebenzi	NPrePre4_BPre4_NStem	NPrePre4_BPre4_NStem	NPrePre4_BPre4_NStem	NPrePre4_BPre4_NStem
.	Punc	Punc	Punc	Punc
begodu	Conj	Conj	Conj	Conj
ku_phungul_a	OC15_VRoot_VerbTerm	OC15_VRoot_VerbTerm	OC15_VRoot_VerbTerm	OC15_VRoot_VerbTerm
a_mandla	RelConc6_RelStem	RelConc6_RelStem	RelConc6_RelStem	RelConc6_RelStem
wo_m_rholo	PossConc6_BPre3_NStem	PossConc3_BPre3_NStem	PossConc6_BPre3_NStem	PossConc6_BPre3_NStem
ka_nye	AdvPre_AdjStem	AdvPre_AdjStem	AdvPre_AdjStem	AdvPre_AdjStem
na_u_ku_thuthuk_a	AdvPre_NPrePre15_BPre15_VRoot_VerbTerm	AdvPre_NPrePre15_BPre15_VRoot_VerbTerm	AdvPre_NPrePre15_BPre15_VRoot_VerbTerm	AdvPre_NPrePre15_BPre15_VRoot_VerbTerm
nga_kwe_bizelo	AdvPre_PossConc15_NStem	AdvPre_PossConc15_NStem	AdvPre_PossConc15_NStem	AdvPre_PossConc15_NStem
kwa_labo	PossConc15_Dem2_Pos2	PossConc15	PossConc15_Dem2_Pos2	PossConc15
aba_fuman_a	RelConc2_VRoot_VerbTerm	RelConc2_VRoot_VerbTerm	RelConc2_VRoot_VerbTerm	RelConc2_VRoot_VerbTerm
i_mi_sebenzi	NPrePre4_BPre4_NStem	NPrePre4_BPre4_NStem	NPrePre4_BPre4_NStem	NPrePre4_BPre4_NStem
-	Punc	Punc	Punc	Punc
begodu	Conj	Conj	Conj	Conj
ku_khawul_a	OC15_VRoot_VerbTerm	SC15_VRoot_VerbTerm	OC15_VRoot_VerbTerm	SC15_VRoot_VerbTerm
a_mandla	RelConc6_RelStem	RelConc6_RelStem	RelConc6_RelStem	RelConc6_RelStem
wa_u_ku_khul_a	PossConc3_NPrePre15_BPre15_VRoot_VerbTerm	PossConc3_NPrePre15_BPre15_VRoot_VerbTerm	PossConc3_NPrePre15_BPre15_VRoot_VerbTerm	PossConc3_NPrePre15_BPre15_VRoot_VerbTerm
kwa_a_ma_bhizinisi	PossConc15_NPrePre6_BPre6_NStem	PossConc15_NPrePre6_BPre6_NStem	PossConc15_NPrePre6_BPre6_NStem	PossConc15_NPrePre6_BPre6_NStem
we_sewula	PossConc1_NStem	PossConc3_NStem	PossConc1_NStem	PossConc1_LocPre_NStem
Afrika	ProperName	ProperName	ProperName	ProperName
.	Punc	Punc	Punc	Punc
i_tjhejuli	NPrePre4_NStem	NPrePre4_NStem	NPrePre4_NStem	NPrePre4_NStem
ya_u_mu_sebenzi	PossConc4_NPrePre1_BPre1_NStem	PossConc4_NPrePre1_BPre1_NStem	PossConc4_NPrePre1_BPre1_NStem	PossConc4_NPrePre1_BPre1_NStem
i_mumath_a	SC5_VRoot_VerbTerm	SC4_VRoot_VerbTerm	SC5_VRoot_VerbTerm	NPrePre4_NStem
i_mi_sebenzi	NPrePre4_BPre4_NStem	NPrePre4_BPre4_NStem	NPrePre4_BPre4_NStem	NPrePre4_BPre4_NStem
e_bu_thelel_w_e	RelConc9_SC14_VRoot_PassExt_VerbTerm	RelConc9_SC14_VRoot_PassExt_VerbTerm	RelConc9_SC14_VRoot_PassExt_VerbTerm	RelConc9_SC14_VRoot_PassExt_VerbTerm
e_tjhejul_ini	LocPre_NStem_LocSuf	LocPre_NStem_LocSuf	LocPre_NStem_LocSuf	LocPre_NStem_LocSuf
ya_i_mi_sebenzi	PossConc4_NPrePre4_BPre4_NStem	PossConc4_NPrePre4_BPre4_NStem	PossConc4_NPrePre4_BPre4_NStem	PossConc4_NPrePre4_BPre4_NStem
,	Punc	Punc	Punc	Punc
lokhu	Dem15_Pos1		Dem15_Pos1	
ku_fan_el_e	OC15_VRoot_ApplExt_VerbTerm	OC15_VRoot_ApplExt_VerbTerm	OC15_VRoot_ApplExt_VerbTerm	OC15_VRoot_ApplExt_VerbTerm
ku_tlol_w_e	BPre17_VRoot_PassExt_VerbTerm	SC15_VRoot_PassExt_VerbTerm	BPre17_VRoot_PassExt_VerbTerm	BPre17_NStem
godu	Ideoph	Ideoph	Ideoph	Ideoph
ka_nye	AdvPre_AdjStem	AdvPre_AdjStem	AdvPre_AdjStem	AdvPre_AdjStem
ne_e_m_funeko	AdvPre_LocPre_BPre3_NStem	AdvPre_LocPre_BPre3_NStem	AdvPre_LocPre_BPre3_NStem	AdvPre_LocPre_BPre3_NStem
ne_e_n_dleko	AdvPre_LocPre_BPre3_NStem	AdvPre_LocPre_BPre3_NStem	AdvPre_LocPre_BPre3_NStem	AdvPre_LocPre_BPre3_NStem
ezi_khambelan_a_ko	RelConc10_VRoot_VerbTerm_RelSuf	RelConc10_VRoot_VerbTerm_RelSuf	RelConc10_VRoot_VerbTerm_RelSuf	RelConc8_VRoot_ApplExt_RecipExt_VerbTerm_RelSuf
u_ku_qinis_ek_is_a	NPrePre15_BPre15_VRoot_NeutExt_CausExt_VerbTerm	NPrePre15_BPre15_VRoot_NeutExt_CausExt_VerbTerm	NPrePre15_BPre15_VRoot_NeutExt_CausExt_VerbTerm	NPrePre15_BPre15_VRoot_NeutExt_CausExt_VerbTerm
u_ku_phumelel_a	NPrePre15_BPre15_VRoot_VerbTerm	NPrePre15_BPre15_VRoot_VerbTerm	NPrePre15_BPre15_VRoot_VerbTerm	NPrePre15_BPre15_VRoot_VerbTerm
kwa_yo	PossConc15_PronStem9	PossConc15_PronStem9	PossConc15_PronStem9	PossConc15_PronStem9
.	Punc	Punc	Punc	Punc
