morphemes	target	prediction	target_canon	prediction_canon
ti_nyenti	AdjPref10_AdjStem	NStem_NStem	AdjPref10_AdjStem	NStem_NStem
tin_hlobo	BPre10_NStem	NStem_NStem	BPre10_NStem	NStem_NStem
ta_ku_lawul_w_a	PossConc10_BPre15_VRoot_PassExt_VerbTerm	NStem_NStem_NStem_NStem_NStem	PossConc10_BPre15_VRoot_PassExt_VerbTerm	VRoot_VRoot_VRoot_VRoot_NStem
kwe_m_klamo	PossConc15_NPre3_NStem	NStem_NStem_NStem	PossConc15_NPre3_NStem	NStem_NStem_NStem
leti_setjentis_w_a_ko	RelConc8_VRoot_PassExt_VerbTerm_RelSuf	VRoot_VRoot_VRoot_VRoot_VRoot	RelConc8_VRoot_PassExt_VerbTerm_RelSuf	VRoot_VRoot_VRoot_VRoot_VRoot
ku_lo_m_khakha	LocPre_Dem3_Pos1_BPre3_NStem	NStem_NStem_NStem_NStem	LocPre_Dem3_Pos1_BPre3_NStem	NStem_NStem_NStem_NStem
we_n_tfutfuko	PossConc9_BPre9_NStem	VRoot_VRoot_VRoot	PossConc9_BPre9_NStem	VRoot_VRoot_VRoot
.	Punc	Punc	Punc	Punc
loku	Dem15_Pos1	Punc	Dem15_Pos1	Punc
ku_vam_is_e	SC15_VRoot_CausExt_VerbTerm	NStem_NStem_NStem_NStem	SC15_VRoot_CausExt_VerbTerm	NStem_NStem_NStem_NStem
kwa_ehluka	PossConc15_NStem	NStem_NStem	PossConc15_NStem	NStem_NStem_NStem
ku_leti_n_hlobo	LocPre_Dem10_Pos1_NPre10_NStem	NStem_NStem_NStem_NStem	LocPre_Dem10_Pos1_NPre10_NStem	NStem_NStem_NStem_NStem
leti_setjentis_w_a	RelConc8_VRoot_PassExt_VerbTerm	VRoot_VRoot_NStem_VRoot	RelConc8_VRoot_PassExt_VerbTerm	VRoot_VRoot_VRoot_VRoot
e_ma_bhizinisi_ini	NPrePre6_BPre6_NStem_LocSuf	VRoot_VRoot_NStem_VRoot	NPrePre6_BPre6_NStem_LocSuf	NStem_NStem_NStem
.	Punc	Punc	Punc	Punc
nga_i_n_dlela	AdvPre_NPrePre9_BPre9_NStem	VRoot_NStem_VRoot_NStem	AdvPre_NPrePre9_BPre9_NStem	NStem_NStem_NStem_NStem
i_Ningizimu	BPre5_ProperName	NStem_NStem	BPre5_ProperName	NStem_NStem
Afrika	ProperName	Punc	ProperName	Punc
i_ent_a	SC9_VRoot_VerbTerm	NStem_NStem_NStem	SC9_VRoot_VerbTerm	Punc_Punc_Punc
nga_yo	AdvPre_PronStem9	Punc_Punc	AdvPre_PronStem9	Punc_Punc
,	Punc	Punc	Punc	Punc
a_yi_na_n_dlela	RelConc6_CopPre_NegPre_BPre9_NStem	NStem_NStem_NStem_NStem_NStem	RelConc6_CopPre_NegPre_BPre9_NStem	NStem_NStem_NStem
le_yi_bek_ile	RelConc9_CopPre_VRoot_Perf	NStem_NStem_NStem_NStem	RelConc9_CopPre_VRoot_Perf	NStem_NStem_NStem_NStem
ye_um_khakha	PossConc9_NPre3_NStem	NStem_NStem_NStem	PossConc9_NPre3_NStem	NStem_NStem_NStem
wa_u_mu_mango	PossConc3_NPrePre3_BPre3_NStem	NStem_NStem_NStem_NStem	PossConc3_NPrePre3_BPre3_NStem	NStem_NStem_NStem_NStem
le_s_e_zinga_ini	PossConc5_PreLoc-s_LocPre_NStem_LocSuf	VRoot_VRoot_VRoot_VRoot_VRoot	PossConc5_PreLoc-s_LocPre_NStem_LocSuf	VRoot_VRoot_VRoot_VRoot_VRoot
leli_tsite	RelConc5_RelStem	NStem_NStem	RelConc5_RelStem	NStem_NStem
,	Punc	Punc	Punc	Punc
ngako_ke	Adv_Adv	NStem_NStem	Adv_Adv	NStem_NStem
ku_tawu_ba	SC15_Fut_AuxVStem	NStem_NStem_NStem	SC15_Fut_AuxVStem	NStem_NStem_NStem
ne_ku_ehlukahluk_an_a	AdvPre_BPre15_VRoot_RecipExt_VerbTerm	VRoot_VRoot_VRoot_VRoot_VRoot	AdvPre_BPre15_VRoot_RecipExt_VerbTerm	VRoot_VRoot_VRoot_VRoot_VRoot
e_m_khatsi_ini	LocPre_BPre3_NStem_LocSuf	NStem_NStem_NStem_NStem	LocPre_BPre3_NStem_LocSuf	NStem_NStem_NStem_NStem
kwe_tin_dlela	PossConc15_BPre10_NStem	NStem_NStem_NStem	PossConc15_BPre10_NStem	NStem_NStem_NStem
leti_setjentis_w_a_ko	RelConc8_VRoot_PassExt_VerbTerm_RelSuf	VRoot_VRoot_VRoot_VRoot_VRoot	RelConc8_VRoot_PassExt_VerbTerm_RelSuf	VRoot_VRoot_VRoot_VRoot_VRoot
ku_ma_tiko	LocPre_NPre6_NStem	NStem_NStem_NStem	LocPre_NPre6_NStem	NStem_NStem_NStem
la_hlukahluk_en_e	PossConc5_VRoot_RecipExt_VerbTerm	VRoot_VRoot_VRoot_VRoot	PossConc5_VRoot_RecipExt_VerbTerm	VRoot_VRoot_VRoot_VRoot
a_hulumende	RelConc6_NStem	NStem_NStem	RelConc6_NStem	NStem_NStem
.	Punc	Punc	Punc	Punc
e_ma_lunga	NPrePre6_BPre6_NStem	NStem_NStem_NStem	NPrePre6_BPre6_NStem	NStem_NStem_NStem
e_ikomidi	PossConc6_NStem	NStem_NStem	PossConc6_NStem	NStem_NStem_NStem
le_wadi	PossConc5_NStem	NStem_NStem	PossConc5_NStem	NStem_NStem
ku_fanel_e	SC15_VRoot_VerbTerm	NStem_NStem_NStem	SC15_VRoot_VerbTerm	NStem_NStem_NStem
a_ku_jwayel_e	SC6_OC15_VRoot_VerbTerm	VRoot_NStem_NStem_NStem	SC6_OC15_VRoot_VerbTerm	VRoot_VRoot_VRoot_VRoot
ku_lawul_w_a	SC15_VRoot_PassExt_VerbTerm	NStem_VRoot_NStem_NStem	SC15_VRoot_PassExt_VerbTerm	NStem_NStem_NStem_NStem
kwe_m_klamo	PossConc15_NPre3_NStem	NStem_NStem_NStem	PossConc15_NPre3_NStem	NStem_NStem_NStem
we_m_jikeleto	PossConc3_BPre3_NStem	NStem_NStem_NStem	PossConc3_BPre3_NStem	NStem_NStem_NStem
(	Punc	Punc	Punc	Punc
PCM	Abbr	Punc	Abbr	Punc
)	Punc	Punc	Punc	Punc
njengo_ba	AdvPre_AuxVStem	NStem_NStem	AdvPre_AuxVStem	Punc
ku_ngi_yo	AdvPre_CopPre_PronStem9	NStem_NStem_NStem	AdvPre_CopPre_PronStem9	NStem_NStem_NStem
i_n_dlela	NPrePre9_BPre9_NStem	NStem_NStem_NStem	NPrePre9_BPre9_NStem	NStem_NStem_NStem
le_vam_is_e	RelConc9_VRoot_CausExt_VerbTerm	NStem_NStem_NStem_NStem	RelConc9_VRoot_CausExt_VerbTerm	NStem_NStem_NStem_NStem
ku_setjentis_w_a	SC15_VRoot_PassExt_VerbTerm	NStem_NStem_NStem_NStem	SC15_VRoot_PassExt_VerbTerm	NStem_NStem_NStem_NStem
ka_khulu	AdvPre_AdjStem	Punc_Punc	AdvPre_AdjStem	NStem_NStem
.	Punc	Punc	Punc	NStem
loku_ehluka	RelConc5_NStem	NStem_NStem	RelConc5_NStem	NStem_NStem_NStem
hlukanis_w_a	VRoot_PassExt_VerbTerm	NStem_NStem_NStem	VRoot_PassExt_VerbTerm	VRoot_VRoot_VRoot_VRoot
kwa_e_ma_gama	PossConc15_NPrePre6_BPre6_NStem	NStem_NStem_NStem_NStem	PossConc15_NPrePre6_BPre6_NStem	NStem_NStem_NStem_NStem
e_ma_zinga	NPrePre6_BPre6_NStem	NStem_NStem_NStem	NPrePre6_BPre6_NStem	Punc_Punc_Punc
noma	Conj	Punc	Conj	Punc
i_mi_khakha	NPrePre4_NPre4_NStem	NStem_NStem_NStem	NPrePre4_NPre4_NStem	NStem_NStem_NStem
ye_m_klamo	PossConc4_BPre3_NStem	Punc_NStem_Punc	PossConc4_BPre3_NStem	NStem_NStem_NStem
we_m_jikeleto	PossConc3_BPre3_NStem	NStem_NStem_NStem	PossConc3_BPre3_NStem	NStem_NStem_NStem
ku_nga_ehluk_a	SC15_AdvPre_VRoot_VerbTerm	NStem_NStem_NStem_NStem	SC15_AdvPre_VRoot_VerbTerm	NStem_NStem_NStem_NStem
ku_y_e	SC15_VRoot_VerbTerm	Punc_Punc_Punc	SC15_VRoot_VerbTerm	Punc_Punc_Punc
nga_m_chubisifundvo	AdvPre_BPre3_NStem	VRoot_VRoot_VRoot	AdvPre_BPre3_NStem	VRoot_VRoot_VRoot
lo_sekel_a	PossConc5_VRoot_VerbTerm	NStem_NStem_NStem	PossConc5_VRoot_VerbTerm	NStem_NStem_NStem
nga_ti_mali	AdvPre_BPre10_NStem	NStem_NStem_NStem	AdvPre_BPre10_NStem	NStem_NStem_NStem
noma	Conj	Punc	Conj	Punc
nga_li_tiko	AdvPre_BPre5_NStem	Punc_NStem_NStem	AdvPre_BPre5_NStem	NStem_NStem
la_hulumende	PossConc5_NStem	NStem_NStem	PossConc5_NStem	NStem_NStem
.	Punc	Punc	Punc	Punc
ba_si_fazane	PossConc2_BPre7_NStem	NStem_NStem_NStem	PossConc2_BPre7_NStem	NStem_NStem_NStem
ku_khona	SC15_Adv	NStem_NStem	SC15_Adv	NStem_NStem
ti_hibe	BPre8_NStem	Punc_NStem	BPre8_NStem	NStem_NStem_NStem
laba_hlangan_ile	RelConc2_VRoot_Perf	NStem_NStem_NStem	RelConc2_VRoot_Perf	NStem_NStem_NStem
na_to	AdvPre_PronStem10	Punc_Punc	AdvPre_PronStem10	Punc_Punc
na_ba_sa_hlanganyel_a	AdvPre_SC2_ProgPre_VRoot_VerbTerm	VRoot_VRoot_VRoot_VRoot_VRoot	AdvPre_SC2_ProgPre_VRoot_VerbTerm	NStem_NStem_NStem_NStem_NStem
ku_le_mi_sebenti	LocPre_Dem4_Pos1_BPre4_NStem	NStem_NStem_NStem_NStem	LocPre_Dem4_Pos1_BPre4_NStem	NStem_VRoot_NStem_NStem
ye_lu_hlelo	PossConc4_NPre11_NStem	NStem_NStem_NStem	PossConc4_NPre11_NStem	NStem_NStem_NStem
?	Punc	Punc	Punc	Punc
bo_babe_ke	NPre2a_NStem_Adv	Punc_Punc_Punc	NPre2a_NStem_Adv	NStem_NStem_NStem_NStem_NStem
bo_na	PronStem2_PronSuf	Punc_Punc	PronStem2_PronSuf	Punc
?	Punc	Punc	Punc	Punc
na_ku_njalo	AdvPre_SC15_Adv	Punc_NStem_NStem	AdvPre_SC15_Adv	NStem_NStem_NStem
,	Punc	Punc	Punc	Punc
be_ti_yini	AuxVStem_SC8_Interrog	NStem_NStem_NStem	AuxVStem_SC8_Interrog	NStem_NStem_NStem
leto_ti_hibe	Dem8_Pos2_NPrePre8_NStem	NStem_NStem_NStem	Dem8_Pos2_NPrePre8_NStem	NStem_NStem_NStem
?	Punc	Punc	Punc	Punc
i_Batho	NPre9_ProperName	NStem_NStem	NPre9_ProperName	NStem_NStem
Pele	ProperName	Punc	ProperName	Punc
i_dzing_a	SC4_VRoot_VerbTerm	NStem_NStem_NStem	SC4_VRoot_VerbTerm	NStem_NStem_NStem
kutsi	Conj	Punc	Conj	Punc
wo_nkhe	QuantConc1_QuantStem	NStem_NStem	QuantConc1_QuantStem	NStem_NStem
u_mu_ntfu	NPrePre1_BPre1_NStem	NStem_NStem_NStem	NPrePre1_BPre1_NStem	NStem_NStem_NStem
lo_wu_ent_a	RelConc1_OC1_VRoot_VerbTerm	NStem_VRoot_VRoot_NStem	RelConc1_OC1_VRoot_VerbTerm	VRoot_VRoot_VRoot_VRoot
u_mu_sebenti	NPrePre3_BPre3_NStem	NStem_NStem_NStem	NPrePre3_BPre3_NStem	NStem_NStem_NStem
wa_hulumende	PossConc3_NStem	NStem_NStem	PossConc3_NStem	NStem_NStem
ku_mel_e	SC15_VRoot_VerbTerm	NStem_NStem_NStem	SC15_VRoot_VerbTerm	NStem_NStem_NStem
a_ti_gcabh_e	SC1_ReflPre_VRoot_VerbTerm	NStem_NStem_NStem_NStem	SC1_ReflPre_VRoot_VerbTerm	NStem_NStem_NStem_NStem
nge_ku_ba	AdvPre_BPre15_AuxVStem	NStem_NStem_NStem	AdvPre_BPre15_AuxVStem	NStem_NStem_NStem
si_sebenti	BPre7_NStem	NStem_NStem	BPre7_NStem	NStem_NStem
sa_ba_ntfu	PossConc7_BPre2_NStem	NStem_NStem_NStem	PossConc7_BPre2_NStem	NStem_NStem_NStem
kantsi	Conj	Punc	Conj	Punc
i_mi_gomosisekelo	NPrePre4_BPre4_NStem	VRoot_VRoot_VRoot	NPrePre4_BPre4_NStem	VRoot_VRoot_VRoot
lesi_phohlongo	RelConc7_NStem	NStem_NStem	RelConc7_NStem	NStem_NStem
le_s_e_mu_tsetfo_ini	RelConc4_PreLoc-s_LocPre_BPre3_NStem_LocSuf	VRoot_VRoot_VRoot_VRoot_VRoot_VRoot	RelConc4_PreLoc-s_LocPre_BPre3_NStem_LocSuf	VRoot_VRoot_VRoot_VRoot_VRoot_VRoot
i_ent_a	SC4_VRoot_VerbTerm	NStem_NStem_NStem	SC4_VRoot_VerbTerm	NStem_NStem_NStem
si_sekelo	BPre7_NStem	NStem_NStem	BPre7_NStem	NStem_NStem
lapho	Conj	Punc	Conj	Punc
ku_tfutfuk_a	BPre15_VRoot_VerbTerm	NStem_VRoot_NStem	BPre15_VRoot_VerbTerm	VRoot_VRoot_VRoot
kwa_bo_hulumende	PossConc15_BPre2a_NStem	NStem_NStem_NStem	PossConc15_BPre2a_NStem	NStem_NStem_NStem
ba_s_e_li_khaya	PossConc2a_PreLoc-s_LocPre_BPre5_NStem	NStem_NStem_NStem_NStem_NStem	PossConc2a_PreLoc-s_LocPre_BPre5_NStem	NStem_NStem_VRoot_NStem_NStem
loku_condz_is_w_e	RelConc15_VRoot_CausExt_PassExt_VerbTerm	VRoot_NStem_NStem_NStem_NStem	RelConc15_VRoot_CausExt_PassExt_VerbTerm	VRoot_VRoot_VRoot_VRoot_VRoot
ku_ti_dzingo	BPre17_BPre10_NStem	NStem_NStem_NStem	BPre17_BPre10_NStem	Punc_Punc_Punc
ta_u_ma_mango	PossConc8_NPrePre3_BPre3_NStem	NStem_VRoot_NStem_NStem	PossConc8_NPrePre3_BPre3_NStem	VRoot_VRoot_VRoot_VRoot
wa_n_dzawo	PossConc3_BPre9_NStem	NStem_VRoot_NStem	PossConc3_BPre9_NStem	NStem_NStem_NStem
ku_tawu_condz_is_w_a	SC15_Fut_VRoot_CausExt_PassExt_VerbTerm	VRoot_VRoot_VRoot_VRoot_VRoot_VRoot	SC15_Fut_VRoot_CausExt_PassExt_VerbTerm	VRoot_VRoot_VRoot_VRoot_VRoot_VRoot
khona	Adv	Punc	Adv	Punc
.	Punc	Punc	Punc	Punc
ngen_is_a	VRoot_CausExt_VerbTerm	NStem_NStem_NStem	VRoot_CausExt_VerbTerm	NStem_NStem_NStem
ti_gaba	BPre8_NStem	Punc_Punc	BPre8_NStem	Punc_Punc
ta_mvila-balave	PossConc8_NStem	VRoot_VRoot	PossConc8_NStem	NStem_NStem_NStem
u_sebent_is_a	SC1_VRoot_CausExt_VerbTerm	NStem_NStem_NStem_NStem	SC1_VRoot_CausExt_VerbTerm	NStem_NStem_NStem_NStem
i_data	BPre9_Foreign	Punc_Punc	BPre9_Foreign	NStem_NStem_NStem
projektha	NStem	Punc	NStem	Punc
,	Punc	Punc	Punc	Punc
nobe	Conj	Punc	Conj	Punc
i_projektha	NPre9_NStem	NStem_NStem	NPre9_NStem	Punc_NStem
ye_overhead	PossConc9_Foreign	Punc_Punc	PossConc9_Foreign	NStem_NStem
.	Punc	Punc	Punc	Punc
uma	Conj	Punc	Conj	Punc
ni_ngana_ko	SC2pp_NegPre_PronStem15	NStem_NStem_NStem	SC2pp_NegPre_PronStem15	NStem_NStem_NStem_NStem
laba_ngen_el_e	RelConc2_VRoot_ApplExt_VerbTerm	NStem_NStem_NStem_NStem	RelConc2_VRoot_ApplExt_VerbTerm	NStem_NStem_NStem_NStem
ti_fundvo	BPre8_NStem	NStem_NStem	BPre8_NStem	NStem_NStem
ba_nga_sebent_is_a	SC2_Pot_VRoot_CausExt_VerbTerm	NStem_NStem_NStem_NStem_NStem	SC2_Pot_VRoot_CausExt_VerbTerm	VRoot_VRoot_VRoot_VRoot_VRoot
e_ma_notsi	NPrePre6_BPre6_NStem	NStem_NStem_NStem	NPrePre6_BPre6_NStem	NStem_NStem_NStem
a_bo	PossConc6_PronStem14	Punc_Punc	PossConc6_PronStem14	Punc_Punc
a_si_fundvo	PossConc6_BPre7_NStem	NStem_NStem_Punc	PossConc6_BPre7_NStem	NStem_NStem_NStem
,	Punc	NStem	Punc	Punc
li_khasi	BPre5_NStem	NStem_NStem	BPre5_NStem	Punc_Punc
52	Num	Punc	Num	Punc
ku_landzel_a	BPre15_VRoot_VerbTerm	NStem_NStem_NStem	BPre15_VRoot_VerbTerm	NStem_NStem_NStem
i_n_chazelo	NPrePre9_BPre9_NStem	NStem_NStem_NStem	NPrePre9_BPre9_NStem	NStem_NStem_NStem
.	Punc	Punc	Punc	Punc
phawul_a	VRoot_VerbTerm	NStem_NStem	VRoot_VerbTerm	NStem_NStem
leso	Dem7_Pos1	Punc	Dem7_Pos1	Punc
na_leso	AdvPre_Dem7_Pos2	NStem_NStem	AdvPre_Dem7_Pos2	Punc_Punc
si_gaba	BPre7_NStem	Punc_Punc	BPre7_NStem	Punc_Punc
u_sebent_is_a	SC2ps_VRoot_CausExt_VerbTerm	NStem_NStem_NStem_NStem	SC2ps_VRoot_CausExt_VerbTerm	VRoot_VRoot_VRoot_VRoot
lo_m_dvwebo	Dem3_Pos1_BPre3_NStem	NStem_VRoot_VRoot	Dem3_Pos1_BPre3_NStem	NStem_NStem_NStem
.	Punc	Punc	Punc	Punc
ku_khulum_is_an_a	BPre15_VRoot_CausExt_RecipExt_VerbTerm	NStem_NStem_NStem_NStem_NStem	BPre15_VRoot_CausExt_RecipExt_VerbTerm	VRoot_VRoot_VRoot_VRoot_VRoot
yi_i_n_chubo	CopPre_NPrePre9_BPre9_NStem	NStem_NStem_NStem_NStem	CopPre_NPrePre9_BPre9_NStem	NStem_NStem_NStem
ya_ku_ts_i	PossConc9_BPre15_VRoot_VerbTerm	NStem_NStem_NStem_NStem	PossConc9_BPre15_VRoot_VerbTerm	NStem_NStem_NStem_NStem
e_ma_cembu	NPrePre6_BPre6_NStem	NStem_NStem_NStem	NPrePre6_BPre6_NStem	NStem_NStem_NStem
la_lw_el_a	PossConc6_VRoot_ApplExt_VerbTerm	NStem_NStem_NStem_NStem	PossConc6_VRoot_ApplExt_VerbTerm	NStem_NStem_NStem_NStem
i_mi_phumela	NPrePre4_BPre4_NStem	Punc_Punc_Punc	NPrePre4_BPre4_NStem	NStem_NStem_NStem
le_ye_ehluk_en_e	RelConc4_Pres_VRoot_RecipExt_VerbTerm	VRoot_VRoot_VRoot_VRoot_VRoot	RelConc4_Pres_VRoot_RecipExt_VerbTerm	VRoot_VRoot_VRoot_VRoot_VRoot
a_lw_ile	SC6_VRoot_Perf	NStem_NStem_NStem	SC6_VRoot_Perf	NStem_NStem_NStem
u_mu_phumela	NPrePre3_BPre3_NStem	VRoot_VRoot_VRoot	NPrePre3_BPre3_NStem	VRoot_NStem_NStem
la_vum_el_an_ile	RelConc6_VRoot_ApplExt_RecipExt_Perf	VRoot_VRoot_VRoot_VRoot_VRoot	RelConc6_VRoot_ApplExt_RecipExt_Perf	NStem_NStem_NStem_VRoot_NStem
nga_wo	AdvPre_PronStem6	Punc_Punc	AdvPre_PronStem6	Punc_Punc
,	Punc	Punc	Punc	Punc
nga_leyo_n_dlela	AdvPre_Dem9_Pos2_BPre9_NStem	NStem_VRoot_VRoot_VRoot	AdvPre_Dem9_Pos2_BPre9_NStem	NStem_NStem_NStem
ba_shiy_el_an_e	SC2_VRoot_ApplExt_RecipExt_VerbTerm	VRoot_VRoot_VRoot_VRoot_VRoot	SC2_VRoot_ApplExt_RecipExt_VerbTerm	VRoot_VRoot_VRoot_VRoot_VRoot
lu_ati	BPre11_NStem	Punc_Punc	BPre11_NStem	Punc_Punc
,	Punc	Punc	Punc	Punc
ku_sombulul_a	BPre15_VRoot_VerbTerm	NStem_NStem_NStem	BPre15_VRoot_VerbTerm	NStem_NStem_NStem
tin_kinga	BPre10_NStem	NStem_NStem	BPre10_NStem	NStem_NStem
,	Punc	Punc	Punc	Punc
ba_sebent_is_an_e	SC2_VRoot_CausExt_RecipExt_VerbTerm	VRoot_VRoot_VRoot_VRoot_NStem	SC2_VRoot_CausExt_RecipExt_VerbTerm	VRoot_VRoot_VRoot_VRoot_VRoot
,	Punc	Punc	Punc	Punc
ba_hlangan_e	SC2_VRoot_VerbTerm	NStem_NStem_NStem	SC2_VRoot_VerbTerm	NStem_NStem_NStem
ba_niket_an_e	SC2_VRoot_RecipExt_VerbTerm	NStem_VRoot_NStem_NStem	SC2_VRoot_RecipExt_VerbTerm	NStem_NStem_NStem_NStem
ti_khundla	BPre8_NStem	NStem_NStem	BPre8_NStem	Punc_Punc
,	Punc	Punc	Punc	Punc
ba_fun_e	SC2_VRoot_VerbTerm	Punc_Punc_Punc	SC2_VRoot_VerbTerm	NStem_NStem_NStem
,	Punc	Punc	Punc	Punc
lapho	Adv	Punc	Adv	Punc
ku_nga_khon_akal_a	SC15_Pot_VRoot_NeutExt_VerbTerm	VRoot_VRoot_VRoot_VRoot_VRoot	SC15_Pot_VRoot_NeutExt_VerbTerm	VRoot_VRoot_VRoot_VRoot_VRoot
,	Punc	Punc	Punc	Punc
ku_hlangan_is_a	BPre15_VRoot_CausExt_VerbTerm	NStem_NStem_NStem_NStem	BPre15_VRoot_CausExt_VerbTerm	NStem_NStem_NStem_NStem
i_n_tsandvo	NPrePre9_BPre9_NStem	NStem_NStem_NStem	NPrePre9_BPre9_NStem	NStem_NStem_NStem
.	Punc	Punc	Punc	Punc
ta_ku_khangis_a	PossConc10_BPre15_VRoot_VerbTerm	NStem_NStem_NStem_NStem	PossConc10_BPre15_VRoot_VerbTerm	NStem_NStem_NStem_NStem
-	Punc	Punc	Punc	Punc
sebent_is_a	VRoot_CausExt_VerbTerm	NStem_NStem_NStem	VRoot_CausExt_VerbTerm	NStem_NStem_NStem
lu_chungechunge	BPre11_NStem	NStem_NStem	BPre11_NStem	NStem_NStem
kwa_tin_dlela	PossConc15_BPre10_NStem	NStem_NStem_NStem	PossConc15_BPre10_NStem	NStem_NStem_NStem
ta_ku_at_is_a	PossConc10_OC15_VRoot_CausExt_VerbTerm	VRoot_NStem_VRoot_VRoot_VRoot	PossConc10_OC15_VRoot_CausExt_VerbTerm	NStem_NStem_NStem_NStem_NStem
e_ma_komidi	NPrePre6_BPre6_NStem	NStem_NStem_NStem	NPrePre6_BPre6_NStem	NStem_NStem_NStem
e_ma_wadi	NPrePre6_BPre6_NStem	NStem_NStem_NStem	NPrePre6_BPre6_NStem	NStem_NStem_NStem
,	Punc	Punc	Punc	Punc
i_mi_mango	NPrePre4_BPre4_NStem	NStem_NStem_NStem	NPrePre4_BPre4_NStem	NStem_NStem_NStem
,	Punc	Punc	Punc	Punc
ba_holi	BPre2_NStem	NStem_NStem	BPre2_NStem	NStem_NStem
ba_i_n_dzabuko	PossConc2_NPrePre9_BPre9_NStem	NStem_NStem_NStem_NStem	PossConc2_NPrePre9_BPre9_NStem	VRoot_VRoot_VRoot_VRoot
kanye	Conj	Punc	Conj	Punc
ne_ba_holi	AdvPre_BPre2_NStem	NStem_NStem_NStem	AdvPre_BPre2_NStem	NStem_NStem_NStem
ba_mi_bono	PossConc2_BPre4_NStem	NStem_NStem_NStem	PossConc2_BPre4_NStem	NStem_NStem_NStem_NStem
nga_kutsi	AdvPre_Conj	NStem_NStem	AdvPre_Conj	NStem_NStem
ku_tawu_ba	SC15_Fut_AuxVStem	NStem_NStem_NStem	SC15_Fut_AuxVStem	NStem_NStem_NStem
khona	Adv	Punc	Adv	Punc
i_n_chubo	NPrePre9_BPre9_NStem	NStem_NStem_NStem	NPrePre9_BPre9_NStem	NStem_NStem_NStem
ya_CBP	PossConc9_Abbr	NStem_NStem	PossConc9_Abbr	Punc_Punc
.	Punc	Punc	Punc	Punc
e_tin_dzawo_ini	LocPre_BPre10_NStem_LocSuf	NStem_NStem_NStem_NStem	LocPre_BPre10_NStem_LocSuf	VRoot_VRoot_VRoot_VRoot
ta_s_e_ma_dolobha_ini	PossConc10_PreLoc-s_LocPre_BPre6_NStem_LocSuf	VRoot_VRoot_VRoot_VRoot_VRoot_VRoot	PossConc10_PreLoc-s_LocPre_BPre6_NStem_LocSuf	VRoot_VRoot_VRoot_VRoot_VRoot_VRoot
e_ma_lunga	NPrePre6_BPre6_NStem	NStem_Punc_NStem	NPrePre6_BPre6_NStem	NStem_NStem_NStem
eli_komidi	RelConc5_NStem	NStem_NStem	RelConc5_NStem	NStem_NStem_NStem
le_li_wadi	Dem4_Pos1_BPre5_NStem	NStem_NStem_NStem	Dem4_Pos1_BPre5_NStem	NStem_NStem_NStem
ku_mel_e	SC15_VRoot_VerbTerm	NStem_NStem_NStem	SC15_VRoot_VerbTerm	NStem_NStem_NStem
a_melwe	NPrePre6_NStem	NStem_NStem	NPrePre6_NStem	NStem_NStem_NStem_NStem
li_cembu	BPre5_NStem	NStem_NStem	BPre5_NStem	NStem_NStem
la_loku_tsit_e	PossConc5_RelConc15_Intrans_VerbTerm	NStem_NStem_NStem_NStem	PossConc5_RelConc15_Intrans_VerbTerm	Punc_Punc_Punc
,	Punc	Punc	Punc	Punc
nga_kwa_si_bonelo	AdvPre_PossConc15_BPre7_NStem	NStem_NStem_NStem_NStem	AdvPre_PossConc15_BPre7_NStem	NStem_NStem_NStem_NStem
,	Punc	Punc	Punc	Punc
e_ma_cembu	NPrePre6_BPre6_NStem	NStem_NStem_NStem	NPrePre6_BPre6_NStem	NStem_NStem_NStem
e_ta_in_kholo	LocPre_PossConc10_BPre9_NStem	VRoot_VRoot_VRoot_VRoot	LocPre_PossConc10_BPre9_NStem	NStem_NStem_NStem_NStem
,	Punc	Punc	Punc	Punc
tin_hlangano	BPre10_NStem	NStem_NStem	BPre10_NStem	NStem_NStem
ta_bo_make	PossConc8_BPre2_VerbTerm	NStem_NStem_NStem	PossConc8_BPre2_VerbTerm	NStem_NStem_NStem
,	Punc	Punc	Punc	Punc
tin_hlangano	BPre10_NStem	NStem_NStem	BPre10_NStem	NStem_NStem
ta_laba_sha	PossConc8_AdjPref2_AdjStem	NStem_NStem_NStem	PossConc8_AdjPref2_AdjStem	NStem_NStem_NStem
,	Punc	Punc	Punc	Punc
i_ncenye	NPrePre9_NStem	NStem_NStem	NPrePre9_NStem	NStem_NStem
ye_te_m_philo	PossConc4_PossConc8_BPre3_NStem	NStem_NStem_NStem_NStem	PossConc4_PossConc8_BPre3_NStem	NStem_NStem_NStem_NStem
,	Punc	Punc	Punc	Punc
e_ma_cembu	LocPre_BPre6_NStem	NStem_NStem_NStem	LocPre_BPre6_NStem	NStem_NStem_NStem
e_te_mi_dlalo	PossConc6_PossConc10_BPre4_NStem	NStem_NStem_NStem_NStem	PossConc6_PossConc10_BPre4_NStem	NStem_NStem_NStem_NStem
,	Punc	Punc	Punc	Punc
ba_hlali	BPre2_NStem	NStem_NStem	BPre2_NStem	NStem_NStem
,	Punc	Punc	Punc	Punc
tin_hlangano	BPre10_NStem	NStem_NStem	BPre10_NStem	NStem_NStem
t_e_ibakhokhi	PossConc10_LocPre_NStem	NStem_VRoot_VRoot	PossConc10_LocPre_NStem	NStem_NStem_NStem
be_ts_el_a	CopPre_VRoot_VerbExt_VerbTerm	NStem_NStem_NStem_NStem	CopPre_VRoot_VerbExt_VerbTerm	NStem_NStem_NStem
ya_masipala	PossConc4_NStem	NStem_NStem	PossConc4_NStem	NStem_NStem
.	Punc	Punc	Punc	Punc
u_mu_tsetfo	NPrePre3_BPre3_NStem	NStem_NStem_NStem	NPrePre3_BPre3_NStem	NStem_NStem_NStem
wa_e_ma_lungelo	PossConc3_NPrePre6_BPre6_NStem	NStem_NStem_NStem_NStem	PossConc3_NPrePre6_BPre6_NStem	NStem_NStem_NStem_NStem
u_faka	NPrePre1a_NStem	NStem_NStem	NPrePre1a_NStem	NStem_NStem_NStem
e_khatsi	LocPre_Adv	NStem_NStem	LocPre_Adv	NStem_NStem
e_ma_lungelo	NPrePre6_BPre6_NStem	NStem_NStem_NStem	NPrePre6_BPre6_NStem	NStem_NStem_NStem
e_m_notfo	LocPre_BPre3_NStem	NStem_NStem_NStem	LocPre_BPre3_NStem	NStem_VRoot_NStem_NStem
na_n_hlalakahle	AdvPre_BPre9_NStem	NStem_NStem_NStem	AdvPre_BPre9_NStem	VRoot_VRoot_VRoot
,	Punc	Punc	Punc	Punc
e_uku_hlal_a	LocPre_BPre15_VRoot_VerbTerm	NStem_NStem_NStem_NStem	LocPre_BPre15_VRoot_VerbTerm	NStem_NStem_NStem_NStem
e_n_dzawo_ini	LocPre_NPre9_NStem_LocSuf	NStem_NStem_NStem_VRoot	LocPre_NPre9_NStem_LocSuf	VRoot_VRoot_NStem_NStem
le_hlob_ile	PossConc5_VRoot_Perf	NStem_NStem_NStem	PossConc5_VRoot_Perf	NStem_NStem_NStem
,	Punc	Punc	Punc	Punc
ku_tfol_a	SC15_VRoot_VerbTerm	NStem_NStem_NStem	SC15_VRoot_VerbTerm	NStem_NStem_NStem
i_n_dzawo	NPrePre9_BPre9_NStem	NStem_NStem_NStem	NPrePre9_BPre9_NStem	NStem_NStem_NStem
leyanele	NStem	Punc	NStem	Punc_Punc_Punc_Punc
ya_ku_lal_a	PossConc9_SC15_VRoot_VerbTerm	NStem_NStem_NStem_NStem	PossConc9_SC15_VRoot_VerbTerm	VRoot_VRoot_NStem_VRoot
,	Punc	Punc	Punc	Punc
ku_b_a	SC15_VRoot_VerbTerm	NStem_NStem_NStem	SC15_VRoot_VerbTerm	Punc_NStem_NStem
dvute	NStem	Punc	NStem	NStem
ne_tin_sita	AdvPre_BPre10_NStem	NStem_NStem_NStem	AdvPre_BPre10_NStem	Punc_Punc_Punc
te_m_tfolamphilo	PossConc8_BPre3_NStem	NStem_NStem_NStem	PossConc8_BPre3_NStem	VRoot_VRoot_VRoot
,	Punc	Punc	Punc	Punc
ku_dla	BPre15_NStem	Punc_Punc	BPre15_NStem	NStem_NStem_NStem
loku_enel_e	RelConc15_VRoot_VerbTerm	NStem_NStem_NStem	RelConc15_VRoot_VerbTerm	NStem_NStem_NStem
,	Punc	Punc	Punc	Punc
na_manti	AdvPre_NStem	NStem_NStem	AdvPre_NStem	NStem_NStem
.	Punc	Punc	Punc	Punc
u_mu_gomo	NPrePre3_BPre3_NStem	NStem_NStem_NStem	NPrePre3_BPre3_NStem	NStem_NStem_NStem
wa_masipala	PossConc3_NStem	NStem_NStem	PossConc3_NStem	NStem_NStem
lo_wu_setjentis_w_a	RelConc3_OC3_VRoot_PassExt_VerbTerm	VRoot_VRoot_VRoot_VRoot_VRoot	RelConc3_OC3_VRoot_PassExt_VerbTerm	VRoot_VRoot_VRoot_VRoot_VRoot
ku_sungul_a	BPre15_VRoot_VerbTerm	NStem_NStem_NStem	BPre15_VRoot_VerbTerm	NStem_NStem_NStem
leli_komidi	Dem5_Pos1_NStem	NStem_NStem	Dem5_Pos1_NStem	NStem_NStem_NStem
le_li_wadi	PossConc5_BPre5_NStem	NStem_NStem_NStem	PossConc5_BPre5_NStem	NStem_NStem_NStem
nobe	Conj	NStem	Conj	Punc
ti_miso	BPre10_NStem	NStem_NStem	BPre10_NStem	NStem_NStem
ta_ku_ti_phats_a	PossConc8_OC15_ReflPre_VRoot_VerbTerm	VRoot_VRoot_VRoot_VRoot_VRoot	PossConc8_OC15_ReflPre_VRoot_VerbTerm	NStem_NStem_NStem_NStem_NStem
kumele	AuxVStem	Punc	AuxVStem	NStem_NStem_NStem
ku_nik_e	SC15_VRoot_VerbTerm	NStem_NStem_NStem	SC15_VRoot_VerbTerm	NStem_NStem_NStem
li_tfuba	BPre5_NStem	NStem_NStem	BPre5_NStem	NStem_NStem
la_ku_ent_a	PossConc5_OC15_VRoot_VerbTerm	NStem_NStem_NStem_NStem	PossConc5_OC15_VRoot_VerbTerm	NStem_NStem_NStem_NStem
loku	Dem15_Pos1	Punc	Dem15_Pos1	Punc
.	Punc	Punc	Punc	NStem
lo_u_mu_gomo	Dem1_Pos1_NPrePre4_BPre3_NStem	NStem_NStem_NStem_NStem	Dem1_Pos1_NPrePre4_BPre3_NStem	NStem_NStem_NStem
u_phindz_e	SC3_VRoot_VerbTerm	NStem_NStem_NStem	SC3_VRoot_VerbTerm	NStem_NStem_NStem
u_dzing_a	SC3_VRoot_VerbTerm	NStem_NStem_NStem	SC3_VRoot_VerbTerm	NStem_NStem_NStem
kutsi	Conj	Punc	Conj	Punc
u_vikel_e	SC3_VRoot_VerbTerm	NStem_NStem_NStem	SC3_VRoot_VerbTerm	NStem_NStem_NStem
leli_komidi	Dem5_Pos1_NStem	NStem_NStem	Dem5_Pos1_NStem	NStem_NStem_NStem
le_li_wadi	PossConc5_BPre5_NStem	NStem_NStem_NStem	PossConc5_BPre5_NStem	NStem_NStem_NStem
kutsi	Conj	Punc	Conj	Punc
ba_mu_busave	PossConc2_BPre3_NStem	NStem_NStem_NStem	PossConc2_BPre3_NStem	NStem_NStem_NStem
ba_nga_fak_i	SC2_NegPre_VRoot_VerbTerm	VRoot_VRoot_VRoot_VRoot	SC2_NegPre_VRoot_VerbTerm	NStem_NStem_NStem_NStem
lu_nyawo	BPre11_NStem	NStem_NStem	BPre11_NStem	NStem_NStem
lolu_bi	AdjPref11_AdjStem	NStem_NStem	AdjPref11_AdjStem	NStem_NStem
.	Punc	Punc	Punc	Punc
u_ent_a	SC2ps_VRoot_VerbTerm	NStem_NStem_NStem	SC2ps_VRoot_VerbTerm	NStem_NStem_NStem
i_ni	NPrePre4_Interrog	Punc_Punc	NPrePre4_Interrog	Punc_Punc
le_yi_ent_a	RelConc9_OC9_VRoot_VerbTerm	NStem_NStem_NStem_NStem	RelConc9_OC9_VRoot_VerbTerm	NStem_NStem_NStem_NStem
ku_be	SC15_AuxVStem	Punc_NStem	SC15_AuxVStem	Punc_Punc
lu_khuni	AdvPre_Adv	Punc_Punc	AdvPre_Adv	Punc
ku_chum_an_a	BPre15_VRoot_RecipExt_VerbTerm	NStem_NStem_NStem_NStem	BPre15_VRoot_RecipExt_VerbTerm	NStem_NStem_NStem_NStem
?	Punc	Punc	Punc	Punc
fundz_a	VRoot_VerbTerm	NStem_NStem	VRoot_VerbTerm	NStem_NStem
nasi	Dem7_Pos1	Punc	Dem7_Pos1	Punc
si_bonelo	BPre7_NStem	NStem_NStem	BPre7_NStem	NStem_NStem
lesi_landzela_ko	RelConc7_NStem_RelSuf	NStem_NStem_NStem	RelConc7_NStem_RelSuf	NStem_NStem_NStem
.	Punc	Punc	Punc	NStem
u_mu_buto	NPrePre3_BPre3_NStem	NStem_NStem_NStem	NPrePre3_BPre3_NStem	NStem_NStem_NStem
3	Num	Punc	Num	Punc
yini	Interrog	Punc	Interrog	Punc
tin_chubo	BPre10_NStem	Punc_Punc	BPre10_NStem	NStem_NStem
leti_balulek_ile	RelConc10_VRoot_Perf	VRoot_VRoot_NStem	RelConc10_VRoot_Perf	NStem_NStem_NStem
ta_ku_landz_elel_a	PossConc10_OC15_VRoot_IntensExt_VerbTerm	VRoot_VRoot_VRoot_VRoot_VRoot	PossConc10_OC15_VRoot_IntensExt_VerbTerm	NStem_NStem_NStem_NStem_NStem
ne_ku_hlol_a	AdvPre_SC15_VRoot_VerbTerm	NStem_NStem_NStem_NStem	AdvPre_SC15_VRoot_VerbTerm	NStem_NStem_NStem_NStem
leti_dzing_ek_a_ko	RelConc10_VRoot_NeutExt_VerbTerm_RelSuf	NStem_NStem_NStem_NStem_NStem	RelConc10_VRoot_NeutExt_VerbTerm_RelSuf	VRoot_VRoot_VRoot_VRoot_VRoot
ku_cinisek_a	BPre15_VRoot_VerbTerm	NStem_NStem_NStem	BPre15_VRoot_VerbTerm	NStem_NStem_NStem
nga_kwe_tful_w_a	AdvPre_OC15_VRoot_PassExt_VerbTerm	VRoot_VRoot_VRoot_VRoot_VRoot	AdvPre_OC15_VRoot_PassExt_VerbTerm	VRoot_NStem_NStem_NStem_VRoot
kwe_tin_sita	PossConc15_BPre10_NStem	NStem_NStem_NStem	PossConc15_BPre10_NStem	NStem_NStem_NStem
,	Punc	Punc	Punc	Punc
yini	Interrog	Punc	Interrog	Punc
tin_zuzo	BPre10_NStem	Punc_NStem	BPre10_NStem	NStem_NStem
leti_nga_tfol_akal_a	RelConc10_Pot_VRoot_NeutExt_VerbTerm	VRoot_VRoot_VRoot_VRoot_VRoot	RelConc10_Pot_VRoot_NeutExt_VerbTerm	VRoot_VRoot_VRoot_VRoot_VRoot
nga_ku_kal_a	AdvPre_OC15_VRoot_VerbTerm	NStem_NStem_NStem_NStem	AdvPre_OC15_VRoot_VerbTerm	NStem_NStem_NStem_NStem
i_n_chubo	NPrePre9_BPre9_NStem	NStem_NStem_NStem	NPrePre9_BPre9_NStem	NStem_NStem_NStem
?	Punc	Punc	Punc	Punc
lu_hlaka	BPre11_NStem	Punc_Punc	BPre11_NStem	NStem_NStem
lwa_ku_phats_w_a	PossConc11_OC15_VRoot_PassExt_VerbTerm	VRoot_VRoot_VRoot_VRoot_VRoot	PossConc11_OC15_VRoot_PassExt_VerbTerm	VRoot_VRoot_VRoot_VRoot_VRoot
kwa_i_n_velo	PossConc15_NPrePre9_BPre9_NStem	NStem_NStem_NStem_NStem	PossConc15_NPrePre9_BPre9_NStem	NStem_NStem_NStem_NStem
.	Punc	Punc	Punc	Punc
i_n_tfutfuko	NPrePre9_BPre9_NStem	VRoot_VRoot_VRoot	NPrePre9_BPre9_NStem	VRoot_VRoot_VRoot
le_na_u_mu_tselela	RelConc9_AdvPre_NPrePre3_BPre3_NStem	VRoot_VRoot_VRoot_VRoot_VRoot	RelConc9_AdvPre_NPrePre3_BPre3_NStem	VRoot_NStem_NStem_VRoot
lo_bon_akal_a_ko	RelConc3_VRoot_NeutExt_VerbTerm_RelSuf	VRoot_VRoot_VRoot_VRoot_VRoot	RelConc3_VRoot_NeutExt_VerbTerm_RelSuf	NStem_NStem_NStem_NStem_NStem
ku_te_m_velo	BPre17_PossConc10_BPre3_NStem	NStem_NStem_NStem_NStem	BPre17_PossConc10_BPre3_NStem	NStem_NStem_NStem_NStem
nobe	Conj	Punc	Conj	Punc
i_mi_tselela	NPrePre4_BPre4_NStem	NStem_NStem_NStem	NPrePre4_BPre4_NStem	NStem_NStem_NStem
ku_ten_hlalo	BPre17_BPre10_NStem	NStem_NStem_NStem	BPre17_BPre10_NStem	NStem_NStem_NStem
ku_mel_e	SC15_VRoot_VerbTerm	NStem_NStem_NStem	SC15_VRoot_VerbTerm	NStem_NStem_NStem
i_lingan_is_w_e	SC4_VRoot_CausExt_PassExt_VerbTerm	VRoot_VRoot_VRoot_NStem_VRoot	SC4_VRoot_CausExt_PassExt_VerbTerm	VRoot_VRoot_VRoot_VRoot_VRoot
nga_ku_esek_el_a	AdvPre_OC15_VRoot_ApplExt_VerbTerm	NStem_NStem_NStem_NStem_NStem	AdvPre_OC15_VRoot_ApplExt_VerbTerm	NStem_NStem_NStem_NStem
ku_tfutfuk_is_a	BPre15_VRoot_CausExt_VerbTerm	VRoot_VRoot_VRoot_VRoot	BPre15_VRoot_CausExt_VerbTerm	VRoot_VRoot_VRoot_VRoot
e_tin_dzawo_ini	LocPre_BPre10_NStem_LocSuf	NStem_NStem_NStem_NStem	LocPre_BPre10_NStem_LocSuf	VRoot_VRoot_VRoot_VRoot
leti_hamb_is_an_a	RelConc8_VRoot_CausExt_RecipExt_VerbTerm	VRoot_VRoot_NStem_VRoot_VRoot	RelConc8_VRoot_CausExt_RecipExt_VerbTerm	NStem_NStem_NStem_NStem_NStem
na_to	AdvPre_PronStem8	Punc_Punc	AdvPre_PronStem8	Punc_Punc
.	Punc	Punc	Punc	Punc
ku_ti_bandzakany_a	BPre15_ReflPre_VRoot_VerbTerm	VRoot_NStem_NStem_VRoot	BPre15_ReflPre_VRoot_VerbTerm	NStem_NStem_NStem_NStem
kwe_m_mango	PossConc15_BPre3_NStem	NStem_NStem_NStem	PossConc15_BPre3_NStem	NStem_NStem_NStem
e_ku_sebent_a_ini	LocPre_BPre15_VRoot_VerbTerm_LocSuf	NStem_VRoot_NStem_VRoot_VRoot	LocPre_BPre15_VRoot_VerbTerm_LocSuf	VRoot_VRoot_VRoot_VRoot_VRoot
kwa_masipala	PossConc15_NStem	NStem_NStem	PossConc15_NStem	NStem_NStem
ku_cin_is_w_a	SC15_VRoot_CausExt_PassExt_VerbTerm	NStem_NStem_VRoot_VRoot_VRoot	SC15_VRoot_CausExt_PassExt_VerbTerm	NStem_NStem_NStem_VRoot_VRoot
ku_sebent_a	BPre15_VRoot_VerbTerm	NStem_NStem_NStem	BPre15_VRoot_VerbTerm	NStem_NStem_NStem
kwe_ma_komidi	PossConc15_BPre6_NStem	NStem_NStem_NStem	PossConc15_BPre6_NStem	NStem_NStem_VRoot_VRoot
a_li_wadi	PossConc6_BPre5_NStem	NStem_NStem_NStem	PossConc6_BPre5_NStem	NStem_NStem_NStem
,	Punc	Punc	Punc	Punc
ku_ne_si_dzingo	LocPre_AdvPre_BPre7_NStem	NStem_NStem_NStem_NStem	LocPre_AdvPre_BPre7_NStem	NStem_NStem_NStem_NStem
se_mtsetfo	PossConc7_NStem	NStem_NStem	PossConc7_NStem	VRoot_VRoot_VRoot
sa_masipala	PossConc7_NStem	NStem_NStem	PossConc7_NStem	NStem_NStem
kutsi	Conj	Punc	Conj	Punc
a_fak_e	SC1_VRoot_VerbTerm	NStem_NStem_NStem	SC1_VRoot_VerbTerm	NStem_NStem_NStem
e_khatsi	LocPre_Adv	NStem_NStem	LocPre_Adv	NStem_NStem
u_mu_mango	NPrePre3_BPre3_NStem	NStem_NStem_NStem	NPrePre3_BPre3_NStem	NStem_NStem_NStem
we_in_dzawo	PossConc3_NPre9_NStem	NStem_NStem_NStem	PossConc3_NPre9_NStem	NStem_NStem_NStem
,	Punc	Punc	Punc	Punc
nga_ku_sebent_is_a	AdvPre_OC15_VRoot_CausExt_VerbTerm	NStem_NStem_NStem_NStem_NStem	AdvPre_OC15_VRoot_CausExt_VerbTerm	VRoot_VRoot_VRoot_VRoot_VRoot
e_ma_komidi	NPrePre6_BPre6_NStem	NStem_NStem_NStem	NPrePre6_BPre6_NStem	NStem_NStem_NStem
a_li_wadi	PossConc6_BPre5_NStem	NStem_NStem_NStem	PossConc6_BPre5_NStem	NStem_NStem_NStem
,	Punc	Punc	Punc	Punc
e_ku_bek_a_ini	LocPre_OC15_VRoot_VerbTerm_LocSuf	NStem_NStem_NStem_NStem_NStem	LocPre_OC15_VRoot_VerbTerm_LocSuf	NStem_NStem_NStem_NStem_NStem
e_ma_KPI	NPrePre6_BPre6_Abbr	NStem_NStem_NStem	NPrePre6_BPre6_Abbr	NStem_NStem_NStem
ne_tin_hloso	AdvPre_BPre10_NStem	NStem_NStem_NStem	AdvPre_BPre10_NStem	NStem_NStem_NStem
te_ku_sebent_a	PossConc10_OC15_VRoot_VerbTerm	NStem_NStem_NStem_NStem	PossConc10_OC15_VRoot_VerbTerm	NStem_NStem_NStem_NStem
,	Punc	Punc	Punc	Punc
na_ku_ent_a	AdvPre_BPre15_VRoot_VerbTerm	VRoot_VRoot_NStem_VRoot	AdvPre_BPre15_VRoot_VerbTerm	VRoot_VRoot_VRoot_NStem
si_ciniseko	BPre7_NStem	NStem_NStem	BPre7_NStem	NStem_NStem
se_ku_ti_bandzakany_a	PossConc7_BPre15_ReflPre_VRoot_VerbTerm	VRoot_VRoot_VRoot_VRoot_VRoot	PossConc7_BPre15_ReflPre_VRoot_VerbTerm	VRoot_VRoot_VRoot_VRoot_VRoot
kwe_m_mango	PossConc15_BPre3_NStem	NStem_NStem_NStem	PossConc15_BPre3_NStem	NStem_NStem_NStem
e_ku_landz_elel_a_ini	LocPre_BPre15_VRoot_IntensExt_VerbTerm_LocSuf	VRoot_VRoot_VRoot_VRoot_VRoot_VRoot	LocPre_BPre15_VRoot_IntensExt_VerbTerm_LocSuf	VRoot_VRoot_VRoot_VRoot_VRoot_VRoot
na_s_e_ku_buyeket_a_ini	AdvPre_PreLoc-s_LocPre_BPre15_VRoot_VerbTerm_LocSuf	VRoot_VRoot_VRoot_VRoot_VRoot_VRoot_VRoot	AdvPre_PreLoc-s_LocPre_BPre15_VRoot_VerbTerm_LocSuf	VRoot_VRoot_VRoot_VRoot_VRoot_VRoot_VRoot
.	Punc	Punc	Punc	Punc
ku_gcugcut_el_a	SC15_VRoot_ApplExt_VerbTerm	VRoot_VRoot_VRoot_VRoot	SC15_VRoot_ApplExt_VerbTerm	VRoot_VRoot_VRoot
imi_mango	NPre4_NStem	Punc_Punc	NPre4_NStem	NStem_NStem_NStem
ya_bo	PossConc4_PronStem2	Punc_Punc	PossConc4_PronStem2	Punc_Punc
,	Punc	Punc	Punc	Punc
ku_ent_a	SC15_VRoot_VerbTerm	NStem_NStem_NStem	SC15_VRoot_VerbTerm	NStem_NStem_NStem
si_ciniseko	BPre7_NStem	NStem_NStem	BPre7_NStem	NStem_NStem
kutsi	Conj	Punc	Conj	Punc
tin_kinga	BPre10_NStem	NStem_NStem	BPre10_NStem	Punc_Punc
ti_ya_khonj_w_a	SC8_Pres_VRoot_PassExt_VerbTerm	VRoot_VRoot_VRoot_VRoot_VRoot	SC8_Pres_VRoot_PassExt_VerbTerm	VRoot_VRoot_VRoot_VRoot_VRoot
,	Punc	Punc	Punc	Punc
phindz_e	VRoot_VerbTerm	NStem_NStem	VRoot_VerbTerm	NStem_NStem
ti_bik_w_e	SC8_VRoot_PassExt_VerbTerm	NStem_NStem_NStem_NStem	SC8_VRoot_PassExt_VerbTerm	NStem_NStem_NStem_NStem
ku_ma_khansela	LocPre_BPre6_NStem	NStem_NStem_NStem	LocPre_BPre6_NStem	NStem_NStem_NStem
a_bo	PossConc6_PronStem2	Punc_Punc	PossConc6_PronStem2	Punc_Punc
,	Punc	Punc	Punc	Punc
ba_phindz_e	BPre2_VRoot_VerbTerm	NStem_NStem_NStem	BPre2_VRoot_VerbTerm	VRoot_VRoot_VRoot
ba_bhek_e	SC2a_VRoot_VerbTerm	NStem_NStem_NStem	SC2a_VRoot_VerbTerm	NStem_NStem_NStem
kutsi	Conj	Punc	Conj	Punc
ti_tawu_sonjulul_w_a	SC10_Fut_VRoot_PassExt_VerbTerm	NStem_NStem_NStem_NStem_NStem	SC10_Fut_VRoot_PassExt_VerbTerm	VRoot_VRoot_VRoot_VRoot_VRoot
.	Punc	Punc	Punc	Punc
ku_ku_at_i	BPre15_SC15_VRoot_VerbTerm	NStem_NStem_NStem_NStem	BPre15_SC15_VRoot_VerbTerm	NStem_NStem_NStem_NStem
ku_ent_a	BPre15_VRoot_VerbTerm	NStem_NStem_NStem	BPre15_VRoot_VerbTerm	NStem_NStem_NStem
na_e_ma_khono	AdvPre_NPrePre6_BPre6_NStem	NStem_NStem_NStem_NStem	AdvPre_NPrePre6_BPre6_NStem	NStem_NStem_NStem_NStem
abo_thishelanhloko	RelConc2_NStem	VRoot_VRoot	RelConc2_NStem	VRoot_VRoot_VRoot
be_tiko	PossConc2_NStem	NStem_NStem	PossConc2_NStem	Punc_Punc
.	Punc	Punc	Punc	Punc
lu_phawu	BPre11_NStem	Punc_Punc	BPre11_NStem	NStem_NStem
lolu_vam_ile	RelConc11_VRoot_Perf	NStem_NStem_NStem	RelConc11_VRoot_Perf	NStem_NStem_NStem
lwa_to	PossConc11_NStem	Punc_NStem	PossConc11_NStem	NStem_NStem
to_nkhe	QuantConc10_QuantStem	NStem_NStem	QuantConc10_QuantStem	NStem_Punc
ti_kolo	BPre8_NStem	Punc_Punc	BPre8_NStem	Punc_Punc
leti_phetf_w_e	RelConc10_VRoot_PassExt_VerbTerm	VRoot_VRoot_VRoot_VRoot	RelConc10_VRoot_PassExt_VerbTerm	NStem_NStem_NStem_NStem
ka_hle	AdvPre_AdjStem	NStem_NStem	AdvPre_AdjStem	NStem_NStem
bu_holi	BPre14_NStem	Punc_Punc	BPre14_NStem	NStem_NStem
.	Punc	Punc	Punc	Punc
li_tiko	NPre5_NStem	NStem_NStem	NPre5_NStem	Punc
le_te_m_fundvo	PossConc5_PossConc8_BPre3_NStem	NStem_NStem_NStem_NStem	PossConc5_PossConc8_BPre3_NStem	NStem_NStem_NStem_NStem
lesi_sekelo	RelConc7_NStem	NStem_NStem	RelConc7_NStem	NStem_NStem
ka_mu_va	AdvPre_BPre1_Adv	NStem_NStem_Punc	AdvPre_BPre1_Adv	NStem_NStem_NStem
nje	Adv	Punc	Adv	Punc
le_tful_e	SC5_VRoot_VerbTerm	NStem_NStem_NStem	SC5_VRoot_VerbTerm	NStem_NStem_NStem
lu_hlelo	BPre11_NStem	NStem_NStem	BPre11_NStem	NStem_NStem
lwa_ku_lingan_is_a	PossConc11_BPre15_VRoot_CausExt_VerbTerm	VRoot_VRoot_VRoot_VRoot_VRoot	PossConc11_BPre15_VRoot_CausExt_VerbTerm	NStem_NStem_NStem_NStem_NStem
e_ma_khono	NPrePre6_BPre6_NStem	NStem_NStem_NStem	NPrePre6_BPre6_NStem	NStem_NStem_NStem
abo_thishelanhloko	RelConc2_NStem	NStem_NStem	RelConc2_NStem	VRoot_VRoot_VRoot
kanye	Adv	Punc	Adv	Punc
na_ma_sekela	AdvPre_BPre6_NStem	NStem_NStem_NStem	AdvPre_BPre6_NStem	NStem_NStem_NStem
abo_thishelanhloko	RelConc2_NStem	NStem_NStem	RelConc2_NStem	NStem_VRoot_VRoot
.	Punc	Punc	Punc	Punc
lo_lu_hlolo	Dem1_Pos1_BPre11_NStem	NStem_NStem_NStem	Dem1_Pos1_BPre11_NStem	NStem_NStem
lu_tawu_phindz_e	SC11_Fut_Intrans_VerbTerm	VRoot_VRoot_VRoot_VRoot	SC11_Fut_Intrans_VerbTerm	VRoot_VRoot_VRoot_VRoot
lu_site	BPre11_NStem	Punc_Punc	BPre11_NStem	NStem_NStem_NStem
ku_khomb_a	BPre15_VRoot_VerbTerm	NStem_NStem_NStem	BPre15_VRoot_VerbTerm	NStem_NStem_NStem
laba_nga_sebent_i	RelConc2_NegPre_VRoot_VerbTerm	NStem_NStem_NStem_NStem	RelConc2_NegPre_VRoot_VerbTerm	NStem_VRoot_NStem_VRoot
,	Punc	Punc	Punc	Punc
nge_ku_buk_a	AdvPre_SC15_VRoot_VerbTerm	NStem_NStem_NStem_NStem	AdvPre_SC15_VRoot_VerbTerm	NStem_NStem_NStem_NStem
i_mi_phumela	NPrePre4_BPre4_NStem	NStem_NStem_NStem	NPrePre4_BPre4_NStem	NStem_NStem_NStem
ye_bafundzi	PossConc9_NStem	NStem_NStem	PossConc9_NStem	NStem_NStem_NStem
,	Punc	Punc	Punc	Punc
bese	Conj	NStem	Conj	Punc
li_niket_a	SC5_VRoot_VerbTerm	NStem_Punc_NStem	SC5_VRoot_VerbTerm	NStem_NStem_NStem
ku_sek_el_a	BPre15_VRoot_ApplExt_VerbTerm	NStem_NStem_NStem_NStem	BPre15_VRoot_ApplExt_VerbTerm	NStem_NStem_NStem_NStem
loku_fan_el_e	RelConc15_VRoot_ApplExt_VerbTerm	NStem_NStem_NStem_NStem	RelConc15_VRoot_ApplExt_VerbTerm	NStem_NStem_NStem_NStem
ku_bo_thishelanhloko	LocPre_BPre2a_NStem	VRoot_VRoot_VRoot	LocPre_BPre2a_NStem	NStem_NStem_VRoot
na_ku_bothishela	AdvPre_BPre15_NStem	VRoot_VRoot_VRoot	AdvPre_BPre15_NStem	VRoot_VRoot_VRoot_VRoot_VRoot
.	Punc	Punc	Punc	Punc
bo_thishelanhloko	BPre2a_NStem	NStem_VRoot	BPre2a_NStem	NStem_NStem
ku_mel_e	SC15_VRoot_VerbTerm	NStem_NStem_NStem	SC15_VRoot_VerbTerm	NStem_NStem_NStem
ba_khetfwe	PossConc2_NStem	NStem_NStem	PossConc2_NStem	NStem_NStem_NStem_NStem
nga_kwe_m_sebenti	AdvPre_PossConc15_BPre3_NStem	NStem_NStem_NStem_NStem	AdvPre_PossConc15_BPre3_NStem	NStem_NStem_NStem_NStem
wa_bo	PossConc1_PronStem14	Punc_NStem	PossConc1_PronStem14	NStem_NStem
,	Punc	Punc	Punc	Punc
ba_nik_w_e	SC2a_VRoot_PassExt_VerbTerm	NStem_NStem_NStem_NStem	SC2a_VRoot_PassExt_VerbTerm	NStem_NStem_NStem_NStem
e_ma_ndla	NPrePre6_BPre6_NStem	NStem_NStem_NStem	NPrePre6_BPre6_NStem	NStem_NStem_NStem
la_s_e_tulu	PossConc5_PreLoc-s_LocPre_NStem	NStem_NStem_NStem_NStem	PossConc5_PreLoc-s_LocPre_NStem	NStem_NStem_NStem_NStem
kwe_bu_phatsi	PossConc15_BPre15_NStem	NStem_NStem_NStem	PossConc15_BPre15_NStem	NStem_NStem_NStem
ba_si_kolwa	PossConc2_BPre7_NStem	NStem_NStem_NStem	PossConc2_BPre7_NStem	NStem_NStem_NStem
ba_ent_iw_e	OC2_VRoot_PassExt_VerbTerm	NStem_NStem_NStem_NStem	OC2_VRoot_PassExt_VerbTerm	VRoot_VRoot_VRoot_VRoot
kutsi	Conj	Punc	Conj	Punc
ba_ti_phendvul_el_e	SC2_ReflPre_VRoot_ApplExt_VerbTerm	VRoot_VRoot_VRoot_VRoot_VRoot	SC2_ReflPre_VRoot_ApplExt_VerbTerm	VRoot_VRoot_VRoot_VRoot_VRoot
nge_ku_sebent_a	AdvPre_SC15_VRoot_VerbTerm	NStem_NStem_NStem_NStem	AdvPre_SC15_VRoot_VerbTerm	NStem_VRoot_VRoot_NStem
kwa_i_si_kolo	PossConc15_NPrePre7_BPre7_NStem	NStem_NStem_NStem_NStem	PossConc15_NPrePre7_BPre7_NStem	NStem_NStem_NStem
.	Punc	Punc	Punc	Punc
uma	Conj	Punc	Conj	Punc
ku_tfutfuk_is_w_a	BPre15_VRoot_CausExt_PassExt_VerbTerm	VRoot_VRoot_VRoot_VRoot_NStem	BPre15_VRoot_CausExt_PassExt_VerbTerm	VRoot_VRoot_VRoot_VRoot_VRoot
ba_calangaye	BPre2a_NStem	NStem_NStem	BPre2a_NStem	NStem_NStem
na_u_m_mango	AdvPre_NPrePre1a_BPre1a_NStem	NStem_NStem_NStem_NStem	AdvPre_NPrePre1a_BPre1a_NStem	NStem_NStem_NStem_NStem
ku_balulek_ile	SC15_VRoot_Perf	NStem_NStem_NStem	SC15_VRoot_Perf	NStem_NStem_NStem
ku_gcugcutel_a	BPre15_VRoot_VerbTerm	VRoot_VRoot_VRoot	BPre15_VRoot_VerbTerm	NStem_NStem_VRoot
e_ma_lunga	NPrePre6_BPre6_NStem	NStem_NStem_NStem	NPrePre6_BPre6_NStem	NStem_NStem_NStem
a_u_mu_mango	PossConc6_NPrePre3_BPre3_NStem	NStem_NStem_NStem_NStem	PossConc6_NPrePre3_BPre3_NStem	NStem_NStem_NStem_NStem
kutsi	Conj	Punc	Conj	Punc
a_cabang_e	SC6_VRoot_VerbTerm	NStem_NStem_NStem	SC6_VRoot_VerbTerm	NStem_NStem_NStem
nga_loku_banti	AdvPre_Dem15_Pos1_NStem	NStem_NStem_NStem	AdvPre_Dem15_Pos1_NStem	NStem_NStem_NStem
futsi	Conj	NStem	Conj	Punc
a_fun_e	SC6_VRoot_VerbTerm	NStem_NStem_NStem	SC6_VRoot_VerbTerm	NStem_NStem_NStem
ti_dzingo	BPre8_NStem	NStem_NStem	BPre8_NStem	NStem_NStem
te_si_khatsi	PossConc8_BPre7_NStem	Punc_Punc_Punc	PossConc8_BPre7_NStem	NStem_NStem_NStem
lesi_fisha	AdjPref7_AdjStem	NStem_NStem	AdjPref7_AdjStem	NStem_NStem
,	Punc	Punc	Punc	Punc
lesi_s_e_n_dzima_ini	RelConc7_PreLoc-s_LocPre_BPre9_NStem_LocSuf	VRoot_VRoot_VRoot_VRoot_VRoot_VRoot	RelConc7_PreLoc-s_LocPre_BPre9_NStem_LocSuf	VRoot_VRoot_VRoot_VRoot_VRoot_VRoot
na_le_lesi_dze	AdvPre_RelConc3_AdjPref7_AdjStem	NStem_NStem_NStem_NStem	AdvPre_RelConc3_AdjPref7_AdjStem	NStem_NStem_NStem
.	Punc	Punc	Punc	Punc
e_ma_KPI	NPrePre6_BPre6_Abbr	NStem_NStem_NStem	NPrePre6_BPre6_Abbr	NStem_NStem_NStem
ku_mel_e	SC15_VRoot_VerbTerm	NStem_NStem_NStem	SC15_VRoot_VerbTerm	Punc_Punc_Punc
a_buyeket_w_e	SC6_VRoot_PassExt_VerbTerm	VRoot_NStem_NStem_NStem	SC6_VRoot_PassExt_VerbTerm	NStem_NStem_NStem_NStem
njalo	Adv	Punc	Adv	Punc
nge_m_nyaka	AdvPre_BPre3_NStem	NStem_NStem_NStem	AdvPre_BPre3_NStem	NStem_NStem_NStem
ngu_masipala	CopPre_NStem	NStem_NStem	CopPre_NStem	NStem_NStem
,	Punc	Punc	Punc	Punc
njenga_i_ncenye	AdvPre_NPrePre9_NStem	VRoot_VRoot_VRoot	AdvPre_NPrePre9_NStem	VRoot_VRoot_VRoot
ya_in_chubo	PossConc9_NPre9_NStem	NStem_NStem_NStem	PossConc9_NPre9_NStem	NStem_NStem_NStem
ye_ku_buyeket_a	PossConc9_BPre15_VRoot_VerbTerm	NStem_NStem_NStem_NStem	PossConc9_BPre15_VRoot_VerbTerm	NStem_NStem_NStem_NStem
ku_sebenta	BPre15_NStem	NStem_NStem	BPre15_NStem	NStem_NStem_NStem
,	Punc	Punc	Punc	Punc
futsi	Conj	Punc	Conj	Punc
,	Punc	Punc	Punc	Punc
umangabe	Conj	NStem	Conj	NStem
masipala	NStem	NStem	NStem	NStem
a_gucul_a	SC6_VRoot_VerbTerm	NStem_NStem_NStem	SC6_VRoot_VerbTerm	VRoot_NStem_NStem
i_IDP	NPre9_Abbr	NStem_NStem	NPre9_Abbr	NStem_NStem
,	Punc	Punc	Punc	Punc
ku_mel_e	SC15_VRoot_VerbTerm	NStem_NStem_NStem	SC15_VRoot_VerbTerm	NStem_NStem_NStem
a_phindz_e	SC1a_VRoot_VerbTerm	Punc_NStem_Punc	SC1a_VRoot_VerbTerm	NStem_NStem_NStem
a_buyeket_e	SC6_VRoot_VerbTerm	NStem_NStem_NStem	SC6_VRoot_VerbTerm	NStem_NStem_NStem
e_ma_KPI	NPrePre6_BPre6_Abbr	NStem_NStem_NStem	NPrePre6_BPre6_Abbr	NStem_NStem_NStem
.	Punc	Punc	Punc	Punc
lu_ati	BPre11_NStem	Punc_Punc	BPre11_NStem	Punc_Punc
lwe_in_chubo	PossConc11_NPre9_NStem	NStem_NStem_NStem	PossConc11_NPre9_NStem	NStem_NStem_NStem
ye_ku_sebent_a	PossConc9_BPre15_VRoot_VerbTerm	VRoot_VRoot_VRoot_NStem	PossConc9_BPre15_VRoot_VerbTerm	NStem_NStem_NStem_NStem
lolu_buy_a	RelConc11_VRoot_VerbTerm	NStem_NStem_NStem	RelConc11_VRoot_VerbTerm	NStem_NStem_NStem
e_ma_komidi_ini	LocPre_BPre6_NStem_LocSuf	NStem_NStem_NStem_NStem	LocPre_BPre6_NStem_LocSuf	NStem_NStem_NStem_NStem
eli_wadi	RelConc5_NStem	NStem_NStem	RelConc5_NStem	NStem_NStem_NStem
ku_mel_e	SC15_VRoot_VerbTerm	NStem_NStem_NStem	SC15_VRoot_VerbTerm	Punc_Punc_Punc
lu_tfol_akal_e	CopPre_VRoot_NeutExt_VerbTerm	VRoot_NStem_VRoot_VRoot	CopPre_VRoot_NeutExt_VerbTerm	NStem_NStem_NStem_NStem
uma	Conj	Punc	Conj	Punc
ku_buyeket_w_a	SC15_VRoot_PassExt_VerbTerm	NStem_NStem_NStem_VRoot	SC15_VRoot_PassExt_VerbTerm	VRoot_VRoot_VRoot_VRoot
e_ma_KPI	NPrePre6_BPre6_Abbr	NStem_NStem_NStem	NPrePre6_BPre6_Abbr	NStem_NStem_NStem
.	Punc	Punc	Punc	NStem
le_n_chubo	Dem9_Pos1_BPre9_NStem	NStem_NStem_NStem	Dem9_Pos1_BPre9_NStem	NStem_NStem_NStem_NStem
lena	PronStem9	Punc	PronStem9	Punc
i_ent_a	SC9_VRoot_VerbTerm	NStem_NStem_NStem	SC9_VRoot_VerbTerm	NStem_NStem_NStem
si_ciniseko	BPre7_NStem	NStem_NStem	BPre7_NStem	NStem_NStem
nge_ku_ti_phendvul_el_a	AdvPre_SC15_OC10_VRoot_ApplExt_VerbTerm	VRoot_VRoot_VRoot_VRoot_VRoot_VRoot	AdvPre_SC15_OC10_VRoot_ApplExt_VerbTerm	VRoot_VRoot_VRoot_VRoot_VRoot_VRoot
,	Punc	Punc	Punc	Punc
i_tfutfuk_is_e	SC9_VRoot_CausExt_VerbTerm	VRoot_VRoot_VRoot_VRoot	SC9_VRoot_CausExt_VerbTerm	NStem_VRoot_VRoot_VRoot
ku_vum_el_an_a	SC15_VRoot_ApplExt_RecipExt_VerbTerm	VRoot_VRoot_VRoot_VRoot_VRoot	SC15_VRoot_ApplExt_RecipExt_VerbTerm	VRoot_VRoot_VRoot_VRoot_VRoot
e_m_khatsi_ini	LocPre_BPre3_NStem_LocSuf	NStem_NStem_NStem_NStem	LocPre_BPre3_NStem_LocSuf	NStem_NStem_NStem_NStem
we_m_mango	PossConc3_NPre3_NStem	NStem_NStem_NStem	PossConc3_NPre3_NStem	NStem_NStem_NStem_NStem
na_m_khandlu	AdvPre_BPre3_NStem	NStem_NStem_NStem	AdvPre_BPre3_NStem	NStem_NStem_NStem
.	Punc	Punc	Punc	Punc
i_phindz_e	SC9_VRoot_VerbTerm	NStem_NStem_NStem	SC9_VRoot_VerbTerm	Punc_Punc
i_sebent_el_e	SC9_VRoot_ApplExt_VerbTerm	NStem_NStem_NStem_NStem	SC9_VRoot_ApplExt_VerbTerm	NStem_NStem_NStem_VRoot
e_kutsini	LocPre_Conj	NStem_NStem	LocPre_Conj	NStem_NStem_NStem_NStem_NStem
i_PMS	NPre9_Abbr	NStem_Punc	NPre9_Abbr	NStem_NStem
i_buk_ek_e	NPre9_VRoot_NPas_VerbTerm	NStem_NStem_NStem_NStem	NPre9_VRoot_NPas_VerbTerm	NStem_NStem_NStem_NStem
nga_si_mo	AdvPre_BPre7_NStem	NStem_NStem_NStem	AdvPre_BPre7_NStem	NStem_NStem_NStem
se_ku_kholwek_a	PossConc7_BPre15_VRoot_VerbTerm	VRoot_VRoot_VRoot_VRoot	PossConc7_BPre15_VRoot_VerbTerm	VRoot_VRoot_VRoot_VRoot
ngu_u_mu_mango	CopPre_NPrePre3_BPre3_NStem	NStem_NStem_NStem_NStem	CopPre_NPrePre3_BPre3_NStem	NStem_NStem_NStem_NStem
.	Punc	Punc	Punc	Punc
bo_masipala	BPre2a_NStem	NStem_NStem	BPre2a_NStem	NStem_NStem
ba_na_tin_tsandvo	BPre2_AdvPre_NPre10_NStem	VRoot_VRoot_VRoot_VRoot	BPre2_AdvPre_NPre10_NStem	VRoot_VRoot_VRoot_VRoot
leti_ehluk_an_ile	RelConc8_VRoot_RecipExt_Perf	NStem_NStem_NStem_NStem	RelConc8_VRoot_RecipExt_Perf	NStem_NStem_NStem_NStem
,	Punc	Punc	Punc	Punc
ba_nga_tfol_a	SC2a_Pot_VRoot_VerbTerm	NStem_NStem_NStem_NStem	SC2a_Pot_VRoot_VerbTerm	NStem_NStem_NStem_NStem
kutsi	Conj	Punc	Conj	Punc
ba_cudzelan_a	SC2_VRoot_VerbTerm	NStem_NStem_VRoot	SC2_VRoot_VerbTerm	NStem_NStem_NStem
bo_dvwa	QuantConc2_QuantStem	NStem_NStem	QuantConc2_QuantStem	NStem_NStem
.	Punc	Punc	Punc	Punc
i_PMS	NPre9_Abbr	NStem_NStem	NPre9_Abbr	NStem_NStem
ku_mel_e	SC15_VRoot_VerbTerm	NStem_NStem_NStem	SC15_VRoot_VerbTerm	Punc_Punc_Punc
i_fak_e	SC9_VRoot_VerbTerm	NStem_NStem_NStem	SC9_VRoot_VerbTerm	NStem_NStem_NStem
e_khatsi	LocPre_Adv	NStem_NStem	LocPre_Adv	NStem_NStem
ti_nyenti	AdjPref10_AdjStem	Punc_NStem	AdjPref10_AdjStem	NStem_NStem
ta_leti_ntsandvo	PossConc10_RelConc10_NStem	NStem_NStem_NStem	PossConc10_RelConc10_NStem	VRoot_VRoot_VRoot_VRoot
leti_nga_ent_iw_a	RelConc8_AdvPre_VRoot_PassExt_VerbTerm	VRoot_VRoot_VRoot_VRoot_VRoot	RelConc8_AdvPre_VRoot_PassExt_VerbTerm	VRoot_VRoot_VRoot_VRoot_VRoot
na_leti_simam_ile	AdvPre_RelConc10_VRoot_Perf	NStem_NStem_NStem_NStem	AdvPre_RelConc10_VRoot_Perf	NStem_NStem_NStem_NStem
.	Punc	Punc	Punc	Punc
ku_tawu_phindz_e	SC15_Fut_VRoot_VerbTerm	VRoot_VRoot_VRoot_VRoot	SC15_Fut_VRoot_VerbTerm	VRoot_VRoot_VRoot_VRoot
ku_be	SC15_AuxVStem	Punc_Punc	SC15_AuxVStem	Punc_Punc
ne_ti_dzingo	AdvPre_NPre8_NStem	NStem_NStem_NStem	AdvPre_NPre8_NStem	NStem_NStem_NStem
leti_ehluk_an_ile	RelConc8_VRoot_RecipExt_Perf	NStem_NStem_NStem_NStem	RelConc8_VRoot_RecipExt_Perf	NStem_NStem_NStem_NStem
e_mi_mango_ini	LocPre_BPre4_NStem_LocSuf	NStem_NStem_NStem_NStem	LocPre_BPre4_NStem_LocSuf	NStem_VRoot_NStem_NStem
le_s_e_ta_abelo_ini	PossConc5_PreLoc-s_LocPre_BPre8_NStem_LocSuf	VRoot_VRoot_VRoot_VRoot_VRoot_VRoot	PossConc5_PreLoc-s_LocPre_BPre8_NStem_LocSuf	VRoot_VRoot_VRoot_VRoot_VRoot
nobe	Conj	Punc	Conj	Punc
e_ma_phandle_ini	LocPre_BPre6_NStem_LocSuf	NStem_NStem_VRoot_NStem	LocPre_BPre6_NStem_LocSuf	NStem_NStem_NStem_NStem
ku_na_s_e_ma_dolobha_ini	BPre15_AdvPre_PreLoc-s_LocPre_BPre6_NStem_LocSuf	VRoot_VRoot_VRoot_VRoot_VRoot_VRoot_VRoot	BPre15_AdvPre_PreLoc-s_LocPre_BPre6_NStem_LocSuf	VRoot_VRoot_VRoot_VRoot_VRoot_VRoot_VRoot
.	Punc	Punc	Punc	Punc
ba_bambi	BPre2_NStem	NStem_NStem	BPre2_NStem	Punc_Punc
li_chaza	BPre5_NStem	NStem_NStem	BPre5_NStem	NStem_NStem
ba_kal_a	SC2_VRoot_VerbTerm	NStem_NStem_NStem	SC2_VRoot_VerbTerm	NStem_NStem_NStem
masipala	NStem	NStem	NStem	NStem
nga_ku_phendvul_a	AdvPre_OC15_VRoot_VerbTerm	VRoot_VRoot_VRoot_VRoot	AdvPre_OC15_VRoot_VerbTerm	NStem_NStem_NStem_NStem
i_mi_buto	NPrePre4_BPre4_NStem	NStem_NStem_NStem	NPrePre4_BPre4_NStem	NStem_NStem_NStem
e_s_e_thebula_ini	LocPre_PreLoc-s_LocPre_NStem_LocSuf	NStem_NStem_NStem_NStem_NStem	LocPre_PreLoc-s_LocPre_NStem_LocSuf	NStem_NStem_NStem_NStem
,	Punc	Punc	Punc	Punc
ba_tjengis_e	SC2_VRoot_VerbTerm	NStem_NStem_NStem	SC2_VRoot_VerbTerm	NStem_NStem_NStem_NStem
kutsi	Conj	Punc	Conj	Punc
ba_nga_fak_a	SC2_Pot_VRoot_VerbTerm	NStem_NStem_NStem_NStem	SC2_Pot_VRoot_VerbTerm	NStem_NStem_NStem_NStem
si_andla	NPre7_NStem	NStem_NStem	NPre7_NStem	Punc_Punc
njani	Adv	NStem	Adv	NStem
nga_ku_khutsal_a	AdvPre_OC15_VRoot_VerbTerm	NStem_NStem_NStem_NStem	AdvPre_OC15_VRoot_VerbTerm	VRoot_VRoot_VRoot_VRoot
uma	Conj	Punc	Conj	Punc
ngabe	Interrog	Punc	Interrog	Punc
ba_nga_e_ma_lunga	PossConc2_AdvPre_NPrePre6_BPre6_NStem	NStem_NStem_NStem_NStem_NStem	PossConc2_AdvPre_NPrePre6_BPre6_NStem	NStem_NStem_NStem_NStem_NStem
e_mu_mango	LocPre_BPre3_NStem	NStem_NStem_NStem	LocPre_BPre3_NStem	NStem_NStem_NStem_NStem
.	Punc	Punc	Punc	Punc
ku_khul_a	BPre15_VRoot_VerbTerm	NStem_NStem_NStem	BPre15_VRoot_VerbTerm	NStem_NStem_NStem
kwe_Afrika	PossConc15_ProperName	Punc_Punc	PossConc15_ProperName	Punc_Punc
loku_ne_ma_ndla	RelConc15_AdvPre_BPre6_NStem	NStem_NStem_NStem_NStem	RelConc15_AdvPre_BPre6_NStem	NStem_NStem_NStem_VRoot
ku_phindz_e	SC15_VRoot_VerbTerm	NStem_NStem_NStem	SC15_VRoot_VerbTerm	NStem_NStem_NStem
ku_nik_e	SC15_VRoot_VerbTerm	NStem_NStem_NStem	SC15_VRoot_VerbTerm	NStem_NStem_NStem
e_ma_tfuba	NPrePre6_BPre6_NStem	NStem_NStem_NStem	NPrePre6_BPre6_NStem	VRoot_VRoot_VRoot
e_ma_femu	NPrePre6_BPre6_NStem	NStem_NStem_NStem	NPrePre6_BPre6_NStem	NStem_NStem_NStem
ne_ti_m_boni	AdvPre_NPre8_BPre3_NStem	VRoot_VRoot_NStem_NStem	AdvPre_NPre8_BPre3_NStem	NStem_NStem_NStem_NStem
ta_s_e_ningizimu	PossConc8_PreLoc-s_LocPre_NStem	VRoot_VRoot_VRoot_VRoot	PossConc8_PreLoc-s_LocPre_NStem	VRoot_VRoot_NStem_VRoot
,	Punc	Punc	Punc	Punc
loku_fak_e	RelConc15_VRoot_VerbTerm	NStem_NStem_NStem	RelConc15_VRoot_VerbTerm	NStem_NStem_NStem
si_andla	NPre7_NStem	NStem_NStem	NPre7_NStem	Punc_Punc
e_ku_tfutfuk_is_w_a_ini	LocPre_BPre15_VRoot_CausExt_PassExt_VerbTerm_LocSuf	VRoot_VRoot_VRoot_VRoot_VRoot_VRoot_VRoot	LocPre_BPre15_VRoot_CausExt_PassExt_VerbTerm_LocSuf	VRoot_VRoot_VRoot_VRoot_VRoot_VRoot_VRoot
kwa_ku_tjal_a	PossConc15_BPre15_VRoot_VerbTerm	NStem_NStem_NStem_VRoot	PossConc15_BPre15_VRoot_VerbTerm	NStem_NStem_NStem_NStem
ku_te_ku_chumana	BPre17_PossConc10_BPre15_NStem	VRoot_VRoot_VRoot_VRoot	BPre17_PossConc10_BPre15_NStem	NStem_NStem_NStem_NStem
,	Punc	Punc	Punc	Punc
ta_uku_bhang_a	PossConc8_BPre15_VRoot_VerbTerm	NStem_NStem_NStem_NStem	PossConc8_BPre15_VRoot_VerbTerm	NStem_NStem_NStem_NStem
,	Punc	Punc	Punc	Punc
te_ti_mayini	PossConc8_BPre8_NStem	NStem_NStem_NStem	PossConc8_BPre8_NStem	NStem_NStem_NStem
,	Punc	Punc	Punc	Punc
ta_uku_akh_a	PossConc8_BPre15_VRoot_VerbTerm	NStem_NStem_NStem_NStem	PossConc8_BPre15_VRoot_VerbTerm	NStem_NStem_NStem_NStem
ne_ten_tsengiso	AdvPre_BPre10_NStem	NStem_NStem_NStem	AdvPre_BPre10_NStem	NStem_NStem_NStem_VRoot
.	Punc	Punc	Punc	Punc
ku_sebent_is_an_a	SC15_VRoot_CausExt_RecipExt_VerbTerm	VRoot_VRoot_VRoot_VRoot_VRoot	SC15_VRoot_CausExt_RecipExt_VerbTerm	NStem_VRoot_VRoot_VRoot_NStem
e_m_khatsi_ini	LocPre_BPre3_NStem_LocSuf	NStem_NStem_NStem_NStem	LocPre_BPre3_NStem_LocSuf	NStem_NStem_NStem_NStem
wa_e_ma_ve	PossConc1a_NPrePre6_BPre6_NStem	NStem_NStem_NStem_NStem	PossConc1a_NPrePre6_BPre6_NStem	NStem_NStem_NStem
,	Punc	Punc	Punc	Punc
e_ma_femu	NPrePre6_BPre6_NStem	NStem_NStem_NStem	NPrePre6_BPre6_NStem	NStem_NStem_NStem
na_ba_ntfu	AdvPre_BPre2_NStem	VRoot_VRoot_VRoot	AdvPre_BPre2_NStem	NStem_NStem_NStem
ku_tawu_jul_is_a	SC15_Fut_VRoot_CausExt_VerbTerm	NStem_NStem_NStem_VRoot_VRoot	SC15_Fut_VRoot_CausExt_VerbTerm	NStem_NStem_NStem_NStem_NStem
ku_hlangan_is_w_a	BPre15_VRoot_CausExt_PassExt_VerbTerm	NStem_VRoot_NStem_NStem_VRoot	BPre15_VRoot_CausExt_PassExt_VerbTerm	NStem_NStem_NStem_NStem_NStem
kwa_u_mu_notfo	PossConc15_NPrePre3_BPre3_NStem	NStem_NStem_NStem_VRoot	PossConc15_NPrePre3_BPre3_NStem	NStem_NStem_NStem_NStem
kanye	Adv	Punc	Adv	Punc
na_ta_in_hlalo	AdvPre_PossConc8_BPre9_NStem	NStem_NStem_NStem_NStem	AdvPre_PossConc8_BPre9_NStem	VRoot_VRoot_VRoot_VRoot
,	Punc	Punc	Punc	Punc
ku_fak_e	SC15_VRoot_VerbTerm	NStem_NStem_NStem	SC15_VRoot_VerbTerm	NStem_NStem_NStem
si_andla	NPre7_NStem	NStem_NStem	NPre7_NStem	NStem_NStem
e_ma_zinga_ini	NPrePre6_BPre6_NStem_LocSuf	NStem_NStem_NStem_NStem	NPrePre6_BPre6_NStem_LocSuf	NStem_NStem_NStem_NStem
la_s_e_tulu	RelConc5_PreLoc-s_LocPre_NStem	Punc_Punc_NStem_Punc	RelConc5_PreLoc-s_LocPre_NStem	NStem_NStem_NStem_NStem
e_uku_khul_a	LocPre_BPre15_VRoot_VerbTerm	NStem_NStem_NStem_NStem	LocPre_BPre15_VRoot_VerbTerm	NStem_NStem_NStem_NStem
ne_ku_tfutfuk_a	AdvPre_BPre15_VRoot_VerbTerm	VRoot_VRoot_VRoot_NStem	AdvPre_BPre15_VRoot_VerbTerm	NStem_NStem_NStem_NStem
.	Punc	Punc	Punc	Punc
i_mi_cabango	NPrePre4_BPre4_NStem	NStem_NStem_NStem	NPrePre4_BPre4_NStem	NStem_NStem_NStem
na_n_kholelo	AdvPre_BPre9_NStem	NStem_NStem_NStem	AdvPre_BPre9_NStem	NStem_NStem_NStem
-	Punc	Punc	Punc	Punc
nik_a	VRoot_VerbTerm	Punc_Punc	VRoot_VerbTerm	Punc_Punc
si_bonelo	BPre7_NStem	NStem_NStem	BPre7_NStem	NStem_NStem
e_in_philo_ini	LocPre_BPre9_NStem_LocSuf	NStem_NStem_NStem_NStem	LocPre_BPre9_NStem_LocSuf	NStem_NStem_NStem_NStem
ya_kho	PossConc9_PronStem2ps	Punc_Punc	PossConc9_PronStem2ps	Punc_Punc
sa_e_ma_langa	PossConc7_NPrePre6_BPre6_NStem	NStem_NStem_NStem_NStem	PossConc7_NPrePre6_BPre6_NStem	NStem_NStem_NStem_NStem
o_nkhe	QuantConc6_QuantStem	NStem_NStem	QuantConc6_QuantStem	Punc_NStem
lapho	Adv	Punc	Adv	Punc
loku	Dem15_Pos1	Punc	Dem15_Pos1	Punc
ku_be	SC15_AuxVStem	Punc_Punc	SC15_AuxVStem	Punc_Punc
na_mu_tselela	AdvPre_BPre3_NStem	NStem_NStem_NStem	AdvPre_BPre3_NStem	NStem_NStem_NStem
e_ku_phendvul_a_ini	LocPre_OC15_VRoot_VerbTerm_LocSuf	VRoot_VRoot_VRoot_VRoot_VRoot	LocPre_OC15_VRoot_VerbTerm_LocSuf	VRoot_VRoot_VRoot_VRoot_VRoot
kwa_kho	PossConc15_PronStem2ps	Punc_Punc	PossConc15_PronStem2ps	Punc_Punc
ku_shay_is_an_a	BPre15_VRoot_CausExt_RecipExt_VerbTerm	NStem_NStem_NStem_NStem_NStem	BPre15_VRoot_CausExt_RecipExt_VerbTerm	NStem_NStem_NStem_NStem_NStem
kwa_mi_bono	PossConc15_BPre4_NStem	NStem_NStem_NStem	PossConc15_BPre4_NStem	NStem_NStem_NStem
.	Punc	Punc	Punc	Punc
lu_hlolo	BPre11_NStem	NStem_NStem	BPre11_NStem	Punc_Punc
lwa_ti_dzingo	PossConc11_BPre8_NStem	NStem_VRoot_NStem	PossConc11_BPre8_NStem	NStem_NStem_NStem
na_ku_buk_a	AdvPre_BPre15_VRoot_VerbTerm	NStem_NStem_NStem_NStem	AdvPre_BPre15_VRoot_VerbTerm	NStem_NStem_NStem_NStem
e_ma_tfuba	NPrePre6_BPre6_NStem	NStem_NStem_NStem	NPrePre6_BPre6_NStem	NStem_NStem_NStem
a_i_n_phumelelo	PossConc6_NPrePre9_BPre9_NStem	NStem_NStem_NStem_NStem	PossConc6_NPrePre9_BPre9_NStem	VRoot_VRoot_VRoot
-	Punc	Punc	Punc	Punc
ku_bon_a	BPre15_VRoot_VerbTerm	NStem_NStem_NStem	BPre15_VRoot_VerbTerm	Punc_Punc_NStem
loku_fan_el_e	RelConc15_VRoot_ApplExt_VerbTerm	Punc_NStem_NStem_Punc	RelConc15_VRoot_ApplExt_VerbTerm	NStem_NStem_NStem_NStem
ku_ent_ek_e	SC15_VRoot_NeutExt_VerbTerm	NStem_NStem_NStem_NStem	SC15_VRoot_NeutExt_VerbTerm	NStem_NStem_NStem_NStem
nekutsi	Conj	NStem	Conj	NStem_NStem
e_ma_tfuba	NPrePre6_BPre6_NStem	NStem_NStem_NStem	NPrePre6_BPre6_NStem	NStem_NStem_NStem
a_i_n_phumelelo	PossConc6_NPrePre9_BPre9_NStem	VRoot_VRoot_VRoot_VRoot	PossConc6_NPrePre9_BPre9_NStem	NStem_NStem_VRoot
ya_ku_phumelel_a	PossConc9_BPre15_VRoot_VerbTerm	NStem_VRoot_VRoot_NStem	PossConc9_BPre15_VRoot_VerbTerm	VRoot_VRoot_VRoot_VRoot
kwe_m_klamo	PossConc15_NPre3_NStem	NStem_NStem_NStem	PossConc15_NPre3_NStem	NStem_NStem_NStem
a_nga_nani	SC6_AdvPre_Interrog	NStem_NStem_NStem	SC6_AdvPre_Interrog	NStem_NStem_NStem
,	Punc	Punc	Punc	Punc
loku	Dem15_Pos1	Punc	Dem15_Pos1	Punc
ku_phindz_e	SC15_VRoot_VerbTerm	NStem_NStem_NStem	SC15_VRoot_VerbTerm	NStem_NStem_NStem
ku_at_iw_e	SC15_VRoot_PassExt_VerbTerm	NStem_NStem_NStem_NStem	SC15_VRoot_PassExt_VerbTerm	NStem_NStem_NStem_NStem
nga_kutsi	AdvPre_Conj	NStem_NStem	AdvPre_Conj	NStem_NStem
si_gaba	BPre7_NStem	Punc_Punc	BPre7_NStem	Punc_Punc
se_ku_bon_a	PossConc7_BPre15_VRoot_VerbTerm	NStem_NStem_NStem_NStem	PossConc7_BPre15_VRoot_VerbTerm	NStem_NStem_NStem_NStem
noma	Conj	Punc	Conj	Punc
se_ku_hlatiy_a	PossConc7_BPre15_VRoot_VerbTerm	NStem_NStem_VRoot_NStem	PossConc7_BPre15_VRoot_VerbTerm	VRoot_VRoot_NStem_VRoot
noma	Conj	Punc	Conj	Punc
li_zinga	BPre5_NStem	NStem_NStem	BPre5_NStem	NStem_NStem
la_loku_phum_a_ko	PossConc5_RelConc15_VRoot_VerbTerm_RelSuf	NStem_NStem_VRoot_NStem_NStem	PossConc5_RelConc15_VRoot_VerbTerm_RelSuf	VRoot_VRoot_VRoot_VRoot_VRoot
noma	Conj	Punc	Conj	Punc
leku_hlatiya	RelConc15_NStem	NStem_NStem	RelConc15_NStem	NStem_NStem_NStem_NStem
i_mi_phumela	NPrePre4_BPre4_NStem	NStem_NStem_NStem	NPrePre4_BPre4_NStem	NStem_NStem_NStem
.	Punc	Punc	Punc	Punc
chaz_a	VRoot_VerbTerm	NStem_NStem	VRoot_VerbTerm	NStem_NStem
lu_ati	BPre11_NStem	Punc_Punc	BPre11_NStem	NStem_Punc
e_ma_notsi_ini	LocPre_BPre6_NStem_LocSuf	NStem_NStem_NStem_NStem	LocPre_BPre6_NStem_LocSuf	NStem_NStem_NStem_NStem
a_si_fundvo	PossConc6_BPre7_NStem	NStem_NStem_NStem	PossConc6_BPre7_NStem	NStem_NStem_NStem
ku_suk_el_a	BPre15_VRoot_ApplExt_VerbTerm	NStem_Punc_Punc_Punc	BPre15_VRoot_ApplExt_VerbTerm	NStem_NStem_NStem_NStem
ku_3.1	LocPre_Num	Punc_Punc	LocPre_Num	Punc_Punc
ku_y_a	SC15_VRoot_VerbTerm	Punc_Punc_Punc	SC15_VRoot_VerbTerm	NStem_Punc_NStem
ku_3.2	LocPre_Num	Punc_Punc	LocPre_Num	Punc_Punc
.	Punc	Punc	Punc	Punc
ta_ku_tfuts_a	PossConc10_OC15_VRoot_VerbTerm	VRoot_NStem_VRoot_VRoot	PossConc10_OC15_VRoot_VerbTerm	NStem_NStem_NStem_NStem
ta_si_ve	PossConc10_BPre7_NStem	NStem_NStem_NStem	PossConc10_BPre7_NStem	Punc_Punc
kanye	Conj	Punc	Conj	Punc
na_tin_hlelo	AdvPre_BPre10_NStem	NStem_NStem_NStem	AdvPre_BPre10_NStem	VRoot_VRoot_VRoot
,	Punc	Punc	Punc	Punc
ku_fak_a	BPre15_VRoot_VerbTerm	NStem_NStem_NStem	BPre15_VRoot_VerbTerm	NStem_NStem_NStem
e_khatsi	LocPre_Adv	NStem_NStem	LocPre_Adv	NStem_NStem
ku_vus_elel_w_a	SC15_VRoot_IntensExt_PassExt_VerbTerm	VRoot_VRoot_VRoot_VRoot_VRoot	SC15_VRoot_IntensExt_PassExt_VerbTerm	VRoot_VRoot_VRoot_VRoot_VRoot
ka_bu_sha	AdvPre_BPre14_AdjStem	NStem_NStem_NStem	AdvPre_BPre14_AdjStem	NStem_NStem_NStem
kwa_ku_tfuts_a	PossConc15_OC15_VRoot_VerbTerm	VRoot_NStem_VRoot_VRoot	PossConc15_OC15_VRoot_VerbTerm	NStem_NStem_VRoot_VRoot
ba_gibeli	BPre2_NStem	NStem_NStem	BPre2_NStem	NStem_Punc
nga_loliwe	AdvPre_NStem	Punc_Punc	AdvPre_NStem	NStem_NStem_NStem_NStem
,	Punc	Punc	Punc	Punc
loku_esekel_w_e	RelConc15_VRoot_PassExt_VerbTerm	NStem_NStem_NStem_NStem	RelConc15_VRoot_PassExt_VerbTerm	NStem_NStem_NStem_NStem
ku_chum_an_a	BPre15_VRoot_RecipExt_VerbTerm	NStem_NStem_NStem_NStem	BPre15_VRoot_RecipExt_VerbTerm	NStem_NStem_NStem_NStem
loku_ent_iw_e	RelConc15_VRoot_PassExt_VerbTerm	VRoot_VRoot_VRoot_VRoot	RelConc15_VRoot_PassExt_VerbTerm	NStem_NStem_NStem_NStem
ncono	Adv	NStem	Adv	NStem
nga_ti_hlelo	AdvPre_BPre8_NStem	NStem_NStem_NStem	AdvPre_BPre8_NStem	NStem_NStem_NStem
ta_ku_hamb_a	PossConc8_OC15_VRoot_VerbTerm	NStem_NStem_NStem_NStem	PossConc8_OC15_VRoot_VerbTerm	NStem_VRoot_NStem_NStem
e_m_gwaco_ini	LocPre_BPre3_NStem_LocSuf	NStem_NStem_NStem_NStem	LocPre_BPre3_NStem_LocSuf	NStem_NStem_NStem_NStem
.	Punc	NStem	Punc	Punc
e_ma_komidi	NPrePre6_BPre6_NStem	NStem_NStem_NStem	NPrePre6_BPre6_NStem	NStem_NStem_NStem
a_ma_wadi	PossConc6_BPre6_NStem	NStem_NStem_NStem	PossConc6_BPre6_NStem	NStem_NStem_NStem
a_nga_lung_is_a	SC6_Pot_VRoot_CausExt_VerbTerm	NStem_NStem_NStem_NStem_NStem	SC6_Pot_VRoot_CausExt_VerbTerm	NStem_NStem_NStem_NStem_NStem
lu_hlelo	CopPre_NStem	NStem_NStem	CopPre_NStem	NStem_NStem
lwa_ku_bik_a	PossConc11_OC15_VRoot_VerbTerm	VRoot_VRoot_VRoot_VRoot	PossConc11_OC15_VRoot_VerbTerm	NStem_NStem_NStem_NStem
,	Punc	Punc	Punc	Punc
lolu_fan_a	RelConc11_VRoot_VerbTerm	NStem_NStem_NStem	RelConc11_VRoot_VerbTerm	NStem_NStem_NStem
na_lwa_ti_sebenti	AdvPre_PossConc11_BPre8_NStem	VRoot_VRoot_VRoot_VRoot	AdvPre_PossConc11_BPre8_NStem	NStem_NStem_NStem_NStem
leti_ti_khulu	RelConc8_BPre8_Adv	NStem_NStem_NStem	RelConc8_BPre8_Adv	NStem_NStem_NStem
na_leti_nga_ma_khansela	AdvPre_RelConc8_CopPre_BPre6_NStem	NStem_NStem_NStem_NStem_NStem	AdvPre_RelConc8_CopPre_BPre6_NStem	VRoot_VRoot_VRoot_VRoot_VRoot
lolu_chaz_w_e	RelConc11_VRoot_PassExt_VerbTerm	VRoot_VRoot_VRoot_VRoot	RelConc11_VRoot_PassExt_VerbTerm	VRoot_VRoot_VRoot_VRoot
ka_banti	AdvPre_NStem	NStem_NStem	AdvPre_NStem	NStem_NStem
ku_mojuli	LocPre_NStem	NStem_NStem	LocPre_NStem	NStem_NStem_NStem
4	Num	Punc	Num	Punc
.	Punc	Punc	Punc	Punc
si_akhiwonchanti	BPre7_NStem	VRoot_VRoot	BPre7_NStem	VRoot_VRoot
lesi_esek_el_a	RelConc7_VRoot_ApplExt_VerbTerm	NStem_NStem_NStem_VRoot	RelConc7_VRoot_ApplExt_VerbTerm	NStem_NStem_NStem_NStem_VRoot
ku_hlal_is_w_a	BPre15_VRoot_CausExt_PassExt_VerbTerm	VRoot_VRoot_VRoot_VRoot_NStem	BPre15_VRoot_CausExt_PassExt_VerbTerm	VRoot_VRoot_VRoot_VRoot_VRoot
kwe_ba_ntfu	PossConc15_BPre2_NStem	NStem_NStem_NStem	PossConc15_BPre2_NStem	VRoot_NStem_VRoot
(	Punc	Punc	Punc	Punc
tin_dlu	BPre10_NStem	NStem_NStem	BPre10_NStem	NStem_NStem
,	Punc	Punc	Punc	Punc
e_ma_nti	NPrePre6_BPre6_NStem	NStem_NStem_NStem	NPrePre6_BPre6_NStem	NStem_NStem
,	Punc	Punc	Punc	Punc
tin_hlelo	BPre10_NStem	NStem_NStem	BPre10_NStem	NStem_NStem
ta_ku_hamb_is_w_a	PossConc10_OC15_VRoot_CausExt_PassExt_VerbTerm	VRoot_VRoot_VRoot_VRoot_VRoot_VRoot	PossConc10_OC15_VRoot_CausExt_PassExt_VerbTerm	VRoot_VRoot_VRoot_VRoot_VRoot_VRoot
kwa_e_ma_ngcoliso	PossConc15_NPrePre6_BPre6_NStem	NStem_VRoot_NStem_VRoot	PossConc15_NPrePre6_BPre6_NStem	NStem_NStem_NStem_VRoot
,	Punc	Punc	Punc	Punc
i_mi_gwaco	NPrePre4_BPre4_NStem	NStem_NStem_NStem	NPrePre4_BPre4_NStem	NStem_NStem_NStem
,	Punc	Punc	Punc	Punc
e_ma_paki	NPrePre6_BPre6_NStem	NStem_NStem_NStem	NPrePre6_BPre6_NStem	NStem_NStem_NStem
njalo	Adv	Punc	Adv	Punc
njalo	Adv	Punc	Adv	Punc
njalo	Adv	Punc	Adv	Punc
)	Punc	Punc	Punc	Punc
si_tfombe	BPre7_NStem	NStem_NStem	BPre7_NStem	NStem_NStem
a_si_cac_is_w_a	NegPre_SC7_VRoot_CausExt_PassExt_VerbTerm	VRoot_VRoot_VRoot_VRoot_NStem_VRoot	NegPre_SC7_VRoot_CausExt_PassExt_VerbTerm	VRoot_VRoot_VRoot_VRoot_VRoot_VRoot
nga_i_n_dlela	AdvPre_NPrePre9_BPre9_NStem	NStem_NStem_NStem_NStem	AdvPre_NPrePre9_BPre9_NStem	VRoot_VRoot_VRoot_VRoot
le_dzing_ek_ile	RelConc9_VRoot_NeutExt_Perf	NStem_NStem_NStem_NStem	RelConc9_VRoot_NeutExt_Perf	NStem_NStem_NStem_NStem
.	Punc	Punc	Punc	Punc
u_mu_sebenti	NPrePre3_BPre3_NStem	NStem_NStem_NStem	NPrePre3_BPre3_NStem	NStem_NStem_NStem
wa_ku_hlel_a	PossConc3_OC15_VRoot_VerbTerm	NStem_NStem_NStem_NStem	PossConc3_OC15_VRoot_VerbTerm	NStem_NStem_NStem_NStem
u_bek_w_e	SC3_VRoot_PassExt_VerbTerm	NStem_NStem_NStem_NStem	SC3_VRoot_PassExt_VerbTerm	NStem_NStem_NStem_NStem
e_li_zinga_ini	LocPre_BPre5_NStem_LocSuf	NStem_NStem_NStem_NStem	LocPre_BPre5_NStem_LocSuf	VRoot_VRoot_VRoot_NStem
la_s_e_li_khaya	PossConc5_PreLoc-s_LocPre_BPre5_NStem	NStem_NStem_NStem_NStem_NStem	PossConc5_PreLoc-s_LocPre_BPre5_NStem	NStem_NStem_NStem_NStem
,	Punc	Punc	Punc	Punc
u_mu_sebenti	NPrePre3_BPre3_NStem	NStem_NStem_NStem	NPrePre3_BPre3_NStem	NStem_NStem_NStem
wa_ta_tin_dlu	PossConc3_PossConc10_NPre10_NStem	NStem_NStem_NStem_NStem	PossConc3_PossConc10_NPre10_NStem	NStem_VRoot_VRoot_VRoot
u_bek_w_e	SC3_VRoot_PassExt_VerbTerm	NStem_NStem_NStem_NStem	SC3_VRoot_PassExt_VerbTerm	NStem_NStem_NStem_NStem
e_li_zinga_ini	LocPre_BPre5_NStem_LocSuf	NStem_NStem_NStem_NStem	LocPre_BPre5_NStem_LocSuf	NStem_VRoot_NStem_NStem
la_si_fundz_a	PossConc5_OC7_VRoot_VerbTerm	NStem_NStem_VRoot_NStem	PossConc5_OC7_VRoot_VerbTerm	NStem_NStem
,	Punc	Punc	Punc	Punc
bese	Conj	Punc	Conj	Punc
kutsi	Conj	Punc	Conj	Punc
u_mu_sebenti	NPrePre3_BPre3_NStem	NStem_NStem_NStem	NPrePre3_BPre3_NStem	NStem_NStem_NStem
wa_ku_niket_w_a	PossConc3_OC15_VRoot_PassExt_VerbTerm	VRoot_VRoot_NStem_VRoot_NStem	PossConc3_OC15_VRoot_PassExt_VerbTerm	NStem_NStem_NStem_NStem_NStem
kwa_e_ma_nti	PossConc15_NPrePre6_BPre6_NStem	NStem_NStem_NStem_NStem	PossConc15_NPrePre6_BPre6_NStem	VRoot_NStem_NStem_VRoot
na_gezi	AdvPre_NStem	Punc_Punc	AdvPre_NStem	Punc_Punc
u_ehlukan_is_w_e	SC9_VRoot_CausExt_PassExt_VerbTerm	VRoot_VRoot_VRoot_VRoot_VRoot	SC9_VRoot_CausExt_PassExt_VerbTerm	VRoot_VRoot_NStem_VRoot_VRoot
e_m_khatsi_ini	LocPre_BPre3_NStem_LocSuf	NStem_NStem_NStem_NStem	LocPre_BPre3_NStem_LocSuf	NStem_NStem_NStem_VRoot
wa_labo	PossConc3_Dem2_Pos2	Punc_Punc	PossConc3_Dem2_Pos2	Punc_Punc
laba_buk_an_ile	RelConc2_VRoot_RecipExt_Perf	NStem_NStem_NStem_NStem	RelConc2_VRoot_RecipExt_Perf	NStem_NStem_NStem_NStem
na_tin_hlelo	AdvPre_BPre10_NStem	NStem_NStem_NStem	AdvPre_BPre10_NStem	NStem_NStem_NStem
leti_phak_el_w_a	RelConc10_VRoot_ApplExt_PassExt_VerbTerm	VRoot_VRoot_NStem_VRoot_VRoot	RelConc10_VRoot_ApplExt_PassExt_VerbTerm	NStem_NStem_NStem_NStem_NStem
nga_bu_nyenti	AdvPre_BPre14_NStem	NStem_NStem_NStem	AdvPre_BPre14_NStem	NStem_NStem_NStem
na_lu_hlelo	AdvPre_BPre11_NStem	NStem_NStem_NStem	AdvPre_BPre11_NStem	NStem_NStem_NStem
lolu_chuman_ile	RelConc11_VRoot_Perf	NStem_NStem_NStem	RelConc11_VRoot_Perf	NStem_NStem_NStem_NStem
.	Punc	Punc	Punc	Punc
nga_ku_ent_ek_a	AdvPre_OC15_VRoot_NeutExt_VerbTerm	VRoot_VRoot_VRoot_VRoot_VRoot	AdvPre_OC15_VRoot_NeutExt_VerbTerm	VRoot_VRoot_VRoot_VRoot_VRoot
kwa_tin_tfo	PossConc15_BPre10_NStem	NStem_NStem_NStem	PossConc15_BPre10_NStem	NStem_NStem_NStem
,	Punc	Punc	Punc	NStem
lolu_hlelo	Dem11_Pos1_NStem	NStem_NStem	Dem11_Pos1_NStem	NStem_NStem
a_lu_sebent_i	NegPre_SC11_VRoot_VerbTerm	NStem_NStem_NStem_NStem	NegPre_SC11_VRoot_VerbTerm	NStem_NStem_NStem
.	Punc	Punc	Punc	Punc
nga_loku_vamil_e	AdvPre_RelConc15_Intrans_VerbTerm	NStem_NStem_NStem_NStem	AdvPre_RelConc15_Intrans_VerbTerm	NStem_NStem_NStem_NStem
,	Punc	Punc	Punc	Punc
ku_hlal_is_w_a	BPre15_VRoot_CausExt_PassExt_VerbTerm	VRoot_VRoot_VRoot_VRoot_VRoot	BPre15_VRoot_CausExt_PassExt_VerbTerm	NStem_NStem_NStem_NStem_NStem
kwe_ba_ntfu	PossConc15_BPre2_NStem	NStem_NStem_NStem	PossConc15_BPre2_NStem	NStem_NStem_NStem
ku_hlel_w_a	BPre15_VRoot_PassExt_VerbTerm	NStem_NStem_NStem_NStem	BPre15_VRoot_PassExt_VerbTerm	NStem_NStem_NStem_NStem
ka_bi	AdvPre_AdjStem	NStem_NStem	AdvPre_AdjStem	Punc_Punc
,	Punc	Punc	Punc	Punc
ku_nga_b_i	SC15_NegPre_VRoot_VerbTerm	Punc_Punc_Punc_Punc	SC15_NegPre_VRoot_VerbTerm	NStem_NStem_NStem_NStem
na_ku_bamb_is_an_a	AdvPre_OC15_VRoot_CausExt_RecipExt_VerbTerm	VRoot_VRoot_VRoot_VRoot_VRoot_VRoot	AdvPre_OC15_VRoot_CausExt_RecipExt_VerbTerm	NStem_NStem_NStem_NStem_NStem_NStem
e_m_khatsi_ini	LocPre_BPre3_NStem_LocSuf	NStem_NStem_NStem_NStem	LocPre_BPre3_NStem_LocSuf	VRoot_VRoot_VRoot_VRoot
wa_labo	PossConc3_Dem2_Pos2	Punc_Punc	PossConc3_Dem2_Pos2	Punc_Punc
laba_fak_a	RelConc2_VRoot_VerbTerm	NStem_NStem_NStem	RelConc2_VRoot_VerbTerm	NStem_NStem_NStem
lu_chumano	BPre11_NStem	NStem_NStem	BPre11_NStem	NStem_NStem
lwa_si_akhiwonchanti	PossConc11_BPre7_NStem	VRoot_VRoot_VRoot	PossConc11_BPre7_NStem	VRoot_VRoot_NStem
kanye	Conj	Punc	Conj	Punc
na_labo	AdvPre_Dem2_Pos2	Punc_Punc	AdvPre_Dem2_Pos2	Punc_Punc
laba_buk_an_ile	RelConc2_VRoot_RecipExt_Perf	NStem_NStem_NStem_NStem	RelConc2_VRoot_RecipExt_Perf	NStem_NStem_NStem_NStem
ne_si_akhiwonchanti	AdvPre_BPre7_NStem	VRoot_VRoot_VRoot	AdvPre_BPre7_NStem	VRoot_NStem_VRoot
lesi_buk_an_ile	RelConc7_VRoot_RecipExt_Perf	NStem_NStem_NStem_NStem	RelConc7_VRoot_RecipExt_Perf	NStem_NStem_NStem_NStem
na_tin_hlelo	AdvPre_BPre10_NStem	NStem_NStem_NStem	AdvPre_BPre10_NStem	NStem_NStem_NStem
leti_phak_el_w_a	RelConc10_VRoot_ApplExt_PassExt_VerbTerm	VRoot_VRoot_VRoot_VRoot_VRoot	RelConc10_VRoot_ApplExt_PassExt_VerbTerm	VRoot_VRoot_VRoot_VRoot_VRoot
ngebunyenti	NStem	NStem	NStem	NStem_NStem_NStem
.	Punc	Punc	Punc	Punc
u_mu_sebenti	NPrePre3_BPre3_NStem	NStem_NStem_NStem	NPrePre3_BPre3_NStem	NStem_NStem_NStem
wa_ta_tin_dlu	PossConc3_PossConc10_NPre10_NStem	Punc_Punc_Punc_Punc	PossConc3_PossConc10_NPre10_NStem	NStem_NStem_NStem_NStem
ku_mel_e	SC15_VRoot_VerbTerm	NStem_NStem_NStem	SC15_VRoot_VerbTerm	Punc_Punc_Punc
u_sus_w_e	SC3_VRoot_PassExt_VerbTerm	NStem_NStem_NStem_NStem	SC3_VRoot_PassExt_VerbTerm	NStem_NStem_NStem_NStem
e_li_zinga_ini	LocPre_BPre5_NStem_LocSuf	NStem_NStem_NStem_NStem	LocPre_BPre5_NStem_LocSuf	NStem_NStem_NStem_NStem
loku_ent_iw_a	RelConc5_VRoot_PassExt_VerbTerm	VRoot_VRoot_VRoot_VRoot	RelConc5_VRoot_PassExt_VerbTerm	VRoot_VRoot_VRoot_VRoot
ku_lo	LocPre_PronStem5	Punc_Punc	LocPre_PronStem5	Punc_NStem
lu_hlelo	NPre11_NStem	NStem_NStem	NPre11_NStem	NStem_NStem
:	Punc	Punc	Punc	Punc
e_li_zinga_ini	LocPre_BPre5_NStem_LocSuf	NStem_NStem_NStem_NStem	LocPre_BPre5_NStem_LocSuf	NStem_NStem_VRoot_NStem
la_masipala	PossConc5_NStem	NStem_NStem	PossConc5_NStem	Punc_Punc
.	Punc	Punc	Punc	Punc
lolu_hlelo	Dem11_Pos1_NStem	VRoot_NStem	Dem11_Pos1_NStem	NStem_NStem
lu_bek_a	SC11_VRoot_VerbTerm	NStem_NStem_NStem	SC11_VRoot_VerbTerm	NStem_NStem_NStem
si_phakamiso	BPre7_NStem	NStem_NStem	BPre7_NStem	NStem_NStem
sa_n_tfutfuko	PossConc7_NPre9_NStem	VRoot_VRoot_VRoot	PossConc7_NPre9_NStem	VRoot_VRoot_VRoot
ya_s_e_tin_dzawo_ini	PossConc9_PreLoc-s_LocPre_NPre10_NStem_LocSuf	VRoot_VRoot_VRoot_VRoot_VRoot_VRoot	PossConc9_PreLoc-s_LocPre_NPre10_NStem_LocSuf	VRoot_VRoot_VRoot_VRoot_VRoot_VRoot
ta_s_e_ma_dolobha_ini	PossConc10_PreLoc-s_LocPre_BPre6_NStem_LocSuf	VRoot_VRoot_VRoot_VRoot_VRoot_VRoot	PossConc10_PreLoc-s_LocPre_BPre6_NStem_LocSuf	VRoot_VRoot_VRoot_VRoot_VRoot_VRoot
le_tfutfuk_is_a_ko	RelConc9_VRoot_CausExt_VerbTerm_RelSuf	VRoot_VRoot_VRoot_VRoot_VRoot	RelConc9_VRoot_CausExt_VerbTerm_RelSuf	VRoot_VRoot_VRoot_VRoot_VRoot
.	Punc	Punc	Punc	Punc
lomu_nye	RelConc3_AdjStem	NStem_NStem	RelConc3_AdjStem	NStem_NStem
u_mu_klamo	NPrePre3_BPre3_NStem	NStem_NStem_NStem	NPrePre3_BPre3_NStem	NStem_NStem_NStem
wa_ku_bolek_is_a	PossConc3_OC15_VRoot_CausExt_VerbTerm	VRoot_VRoot_VRoot_NStem_VRoot	PossConc3_OC15_VRoot_CausExt_VerbTerm	VRoot_VRoot_VRoot_VRoot_VRoot
nga_ti_mali	AdvPre_BPre10_NStem	NStem_NStem_NStem	AdvPre_BPre10_NStem	Punc_Punc_Punc
,	Punc	Punc	Punc	Punc
u_ke	SC3_AuxVStem	Punc_Punc	SC3_AuxVStem	NStem_Punc
wa_bolek_is_a	SC3_VRoot_CausExt_VerbTerm	NStem_NStem_NStem_NStem	SC3_VRoot_CausExt_VerbTerm	NStem_NStem_NStem_NStem
nga_ti_mali	AdvPre_BPre10_NStem	NStem_NStem_NStem	AdvPre_BPre10_NStem	Punc_Punc_Punc
ku_bo_babe	LocPre_BPre2a_NStem	NStem_NStem_NStem	LocPre_BPre2a_NStem	NStem_NStem_NStem
ku_tfutfuk_is_a	BPre15_VRoot_CausExt_VerbTerm	VRoot_VRoot_VRoot_VRoot	BPre15_VRoot_CausExt_VerbTerm	VRoot_VRoot_VRoot_VRoot
ku_lim_a	BPre15_VRoot_VerbTerm	NStem_NStem_NStem	BPre15_VRoot_VerbTerm	NStem_NStem_NStem
kwa_bo	PossConc15_PronStem2	Punc_Punc	PossConc15_PronStem2	Punc_Punc
.	Punc	Punc	Punc	Punc
loku	Dem15_Pos1	Punc	Dem15_Pos1	Punc
kwa_b_a_yi_n_dlela	SC15_VRoot_VerbTerm_CopPre_BPre9_NStem	VRoot_VRoot_VRoot_VRoot_VRoot_VRoot	SC15_VRoot_VerbTerm_CopPre_BPre9_NStem	VRoot_VRoot_VRoot_VRoot_VRoot
ya_ku_hlangabet_an_a	PossConc9_OC15_VRoot_RecipExt_VerbTerm	VRoot_VRoot_VRoot_VRoot_VRoot	PossConc9_OC15_VRoot_RecipExt_VerbTerm	NStem_NStem_NStem_NStem_NStem
na_ti_dzingo	AdvPre_NPre8_NStem	NStem_NStem_NStem	AdvPre_NPre8_NStem	NStem_NStem_NStem
le_ta_vet_w_a	RelConc8_OC8_VRoot_PassExt_VerbTerm	NStem_NStem_NStem_NStem_NStem	RelConc8_OC8_VRoot_PassExt_VerbTerm	VRoot_NStem_NStem_NStem_NStem
lu_hlolo	BPre11_NStem	NStem_NStem	BPre11_NStem	Punc_Punc
ta_kutsi	PossConc8_NStem	NStem_NStem	PossConc8_NStem	NStem_NStem
ku_dzing_ek_a	SC15_VRoot_NPas_VerbTerm	NStem_NStem_NStem_NStem	SC15_VRoot_NPas_VerbTerm	NStem_NStem_NStem_NStem
ku_tjal_w_e	SC15_VRoot_PassExt_VerbTerm	NStem_NStem_NStem_NStem	SC15_VRoot_PassExt_VerbTerm	NStem_NStem_NStem_NStem
ti_mali	BPre8_NStem	Punc_NStem	BPre8_NStem	Punc_Punc
kute	Conj	Punc	Conj	NStem
ku_lim_a	BPre15_VRoot_VerbTerm	NStem_NStem_NStem	BPre15_VRoot_VerbTerm	NStem_NStem_NStem
ku_le_n_dzawo	LocPre_Dem4_Pos1_NPre9_NStem	VRoot_VRoot_VRoot_VRoot	LocPre_Dem4_Pos1_NPre9_NStem	NStem_NStem_NStem_NStem
ku_phumelel_a	BPre15_VRoot_VerbTerm	NStem_NStem_NStem	BPre15_VRoot_VerbTerm	NStem_NStem_NStem
.	Punc	Punc	Punc	Punc
kwatsi	Conj	Punc	Conj	Punc
na_ku_bon_akal_a	AdvPre_OC15_VRoot_NeutExt_VerbTerm	VRoot_VRoot_VRoot_VRoot_VRoot	AdvPre_OC15_VRoot_NeutExt_VerbTerm	VRoot_NStem_NStem_VRoot_VRoot
kutsi	Conj	Punc	Conj	Punc
le_mi_sebenti	Dem4_Pos1_BPre4_NStem	NStem_NStem_NStem	Dem4_Pos1_BPre4_NStem	NStem_NStem_NStem
le_ya_yi_cal_is_w_e	RelConc4_Pres_OC4_VRoot_CausExt_PassExt_VerbTerm	VRoot_VRoot_VRoot_VRoot_VRoot_VRoot_VRoot	RelConc4_Pres_OC4_VRoot_CausExt_PassExt_VerbTerm	NStem_NStem_NStem_NStem_NStem_NStem_NStem
ngu_labo_babe	CopPre_Dem2a_Pos1_NStem	Punc_Punc_Punc	CopPre_Dem2a_Pos1_NStem	NStem_NStem_NStem
i_ya_ehlul_ek_a	SC4_Pres_VRoot_NeutExt_VerbTerm	VRoot_VRoot_VRoot_VRoot_VRoot	SC4_Pres_VRoot_NeutExt_VerbTerm	VRoot_VRoot_VRoot_VRoot
,	Punc	Punc	Punc	Punc
ba_tjali	BPre2_NStem	NStem_NStem	BPre2_NStem	NStem_NStem
ti_mali	BPre10_NStem	Punc_Punc	BPre10_NStem	Punc_Punc
ba_se	SC2_AuxVStem	Punc_Punc	SC2_AuxVStem	NStem_NStem_NStem
ba_ent_a	SC2_VRoot_VerbTerm	NStem_NStem_NStem	SC2_VRoot_VerbTerm	NStem_NStem_NStem
lu_hlolo	BPre11_NStem	NStem_NStem	BPre11_NStem	NStem_NStem
ba_tfol_a	SC2_VRoot_VerbTerm	NStem_NStem_NStem	SC2_VRoot_VerbTerm	NStem_NStem_NStem
kutsi	Conj	Punc	Conj	Punc
leti_mali	RelConc10_NStem	Punc_Punc	RelConc10_NStem	Punc_Punc
a_ti_ka_setjentis_w_a	NegPre_OC11_ExclNeg_VRoot_PassExt_VerbTerm	VRoot_VRoot_VRoot_VRoot_VRoot_VRoot	NegPre_OC11_ExclNeg_VRoot_PassExt_VerbTerm	VRoot_VRoot_VRoot_VRoot_VRoot_VRoot
e_ku_lima_ini	LocPre_BPre15_NStem_LocSuf	NStem_NStem_NStem_NStem	LocPre_BPre15_NStem_LocSuf	VRoot_VRoot_VRoot_VRoot_NStem
.	Punc	Punc	Punc	Punc
ba_tfol_a	BPre2_VRoot_VerbTerm	NStem_NStem_NStem	BPre2_VRoot_VerbTerm	NStem_NStem_NStem
ne_kutsi	AdvPre_Conj	NStem_Punc	AdvPre_Conj	Punc_Punc
na_loku	AdvPre_Adv	Punc_Punc	AdvPre_Adv	Punc_Punc
ku_lim_a	BPre15_VRoot_VerbTerm	NStem_NStem_NStem	BPre15_VRoot_VerbTerm	NStem_NStem_NStem
ku_ent_iw_a	SC15_VRoot_PassExt_VerbTerm	VRoot_NStem_NStem_NStem	SC15_VRoot_PassExt_VerbTerm	NStem_VRoot_NStem_NStem
bo_make	BPre2a_NStem	Punc_Punc	BPre2a_NStem	Punc_Punc
,	Punc	Punc	Punc	Punc
nga_i_si_khatsi	AdvPre_NPrePre7_BPre7_NStem	NStem_NStem_NStem_NStem	AdvPre_NPrePre7_BPre7_NStem	NStem_VRoot_NStem_NStem
bo_babe	BPre2a_NStem	Punc_Punc	BPre2a_NStem	Punc_Punc
ba_s_e_mi_sebenti_ini	PossConc2a_PreLoc-s_LocPre_BPre4_NStem_LocSuf	VRoot_NStem_VRoot_NStem_VRoot_NStem	PossConc2a_PreLoc-s_LocPre_BPre4_NStem_LocSuf	VRoot_VRoot_VRoot_VRoot_VRoot_VRoot
e_ma_dolobha_ini	LocPre_BPre6_NStem_LocSuf	VRoot_VRoot_VRoot_VRoot	LocPre_BPre6_NStem_LocSuf	VRoot_VRoot_VRoot_VRoot
,	Punc	Punc	Punc	Punc
le_mali	PossConc5_NStem	Punc_Punc	PossConc5_NStem	Punc_Punc
ya_yi_bolek_w_e	SC9_OC9_VRoot_PassExt_VerbTerm	VRoot_VRoot_VRoot_VRoot_VRoot	SC9_OC9_VRoot_PassExt_VerbTerm	NStem_VRoot_NStem_NStem_NStem
bo_babe	BPre2_NStem	Punc_Punc	BPre2_NStem	Punc_Punc
,	Punc	NStem	Punc	Punc
loku_ngi_bo	RelConc15_CopPre_PronStem2	NStem_NStem_NStem	RelConc15_CopPre_PronStem2	NStem_NStem_NStem
tin_hloko	BPre10_NStem	NStem_Punc	BPre10_NStem	Punc_Punc
ta_mi_ti	PossConc10_BPre4_NStem	NStem_NStem_NStem	PossConc10_BPre4_NStem	NStem_NStem_NStem_NStem
,	Punc	Punc	Punc	Punc
laba_ent_a	RelConc2_VRoot_VerbTerm	NStem_NStem_NStem	RelConc2_VRoot_VerbTerm	NStem_NStem_NStem_NStem
ti_ncumo	BPre8_NStem	NStem_NStem	BPre8_NStem	NStem_NStem
ta_kutsi	PossConc8_NStem	NStem_NStem	PossConc8_NStem	NStem_NStem
le_mali	PossConc5_NStem	Punc_Punc	PossConc5_NStem	Punc_Punc
i_nga_setjentis_w_a	SC9_Pot_VRoot_PassExt_VerbTerm	NStem_NStem_NStem_NStem_NStem	SC9_Pot_VRoot_PassExt_VerbTerm	VRoot_VRoot_VRoot_VRoot_VRoot
ka_njani	AdvPre_Adv	NStem_NStem	AdvPre_Adv	NStem_NStem
.	Punc	Punc	Punc	Punc
i_MFMA	NPre9_Abbr	Punc_Punc	NPre9_Abbr	NStem_NStem
,	Punc	Punc	Punc	Punc
2003	Num	Punc	Num	Punc
i_dzing_a	SC4_VRoot_VerbTerm	NStem_NStem_NStem	SC4_VRoot_VerbTerm	NStem_NStem_NStem
kutsi	Conj	Punc	Conj	Punc
bo_masipala	BPre2a_NStem	NStem_NStem	BPre2a_NStem	NStem_NStem
ba_khiph_e	SC2_VRoot_VerbTerm	NStem_NStem_NStem	SC2_VRoot_VerbTerm	NStem_NStem_NStem
i_mi_biko	NPrePre4_BPre4_NStem	NStem_NStem_NStem	NPrePre4_BPre4_NStem	NStem_NStem_NStem
ya_in_chubo	PossConc9_NPre9_NStem	NStem_NStem_VRoot	PossConc9_NPre9_NStem	NStem_NStem_NStem
ye_kwe_tful_w_a	PossConc9_BPre15_VRoot_PassExt_VerbTerm	VRoot_VRoot_VRoot_VRoot_VRoot	PossConc9_BPre15_VRoot_PassExt_VerbTerm	VRoot_VRoot_VRoot_VRoot_VRoot
kwe_tin_sita	PossConc15_BPre10_NStem	NStem_NStem_NStem	PossConc15_BPre10_NStem	NStem_NStem_NStem
e_tin_dzawo_ini	LocPre_NPre10_NStem_LocSuf	VRoot_VRoot_VRoot_VRoot	LocPre_NPre10_NStem_LocSuf	NStem_VRoot_NStem_NStem
ta_bo	PossConc10_PronStem2	Punc_Punc	PossConc10_PronStem2	Punc_Punc
.	Punc	Punc	Punc	Punc
le_mi_biko	RelConc4_BPre4_NStem	NStem_NStem_NStem	RelConc4_BPre4_NStem	NStem_NStem_NStem_NStem
i_nik_a	SC4_VRoot_VerbTerm	NStem_NStem_NStem	SC4_VRoot_VerbTerm	NStem_NStem_NStem
imi_mango	BPre4_NStem	NStem_NStem	BPre4_NStem	NStem_NStem_NStem
e_ma_ndla	NPrePre6_BPre6_NStem	NStem_NStem_NStem	NPrePre6_BPre6_NStem	NStem_NStem_NStem
e_ku_landz_elel_a	PossConc6_BPre15_VRoot_IntensExt_VerbTerm	VRoot_VRoot_VRoot_VRoot_VRoot	PossConc6_BPre15_VRoot_IntensExt_VerbTerm	VRoot_VRoot_VRoot_VRoot_VRoot
i_n_tfutfuko	NPrePre9_BPre9_NStem	VRoot_VRoot_VRoot	NPrePre9_BPre9_NStem	NStem_VRoot_VRoot
.	Punc	Punc	Punc	NStem
laba_bandzakany_ak_a_ko	RelConc2_VRoot_NeutExt_VerbTerm_RelSuf	VRoot_VRoot_NStem_NStem_VRoot	RelConc2_VRoot_NeutExt_VerbTerm_RelSuf	VRoot_VRoot_VRoot_VRoot_VRoot
laba_fundz_e	RelConc2_VRoot_VerbTerm	NStem_NStem_NStem	RelConc2_VRoot_VerbTerm	NStem_NStem_NStem
loku_tsite	RelConc15_RelStem	NStem_NStem	RelConc15_RelStem	NStem_NStem
ku_mojuli	LocPre_NStem	NStem_NStem	LocPre_NStem	NStem_NStem_NStem
R_1	Abbr_Num	Punc_Punc	Abbr_Num	Punc
ba_twu_b_a	SC2_Fut_VRoot_VerbTerm	NStem_NStem_NStem_NStem	SC2_Fut_VRoot_VerbTerm	NStem_NStem_NStem_NStem
ne_ku_visis_a	AdvPre_BPre15_VRoot_VerbTerm	NStem_NStem_NStem_NStem	AdvPre_BPre15_VRoot_VerbTerm	NStem_NStem_NStem_VRoot
lo_ku_si_sekelo	Dem1_Pos1_BPre15_BPre7_NStem	NStem_NStem_NStem_NStem	Dem1_Pos1_BPre15_BPre7_NStem	NStem_NStem_NStem
mayelana	Adv	NStem	Adv	NStem
ne_IDP	AdvPre_Abbr	Punc_Punc	AdvPre_Abbr	NStem_NStem
.	Punc	NStem	Punc	Punc
ti_khwama_mali	BPre8_NStem_NStem	NStem_NStem_NStem	BPre8_NStem_NStem	VRoot_VRoot_VRoot
te_ku_ti_khets_el_a	PossConc8_BPre15_ReflPre_Intrans_VerbExt_VerbTerm	NStem_NStem_NStem_NStem_NStem_NStem	PossConc8_BPre15_ReflPre_Intrans_VerbExt_VerbTerm	VRoot_VRoot_VRoot_VRoot_VRoot_VRoot
ti_niket_w_a	SC10_VRoot_PassExt_VerbTerm	VRoot_NStem_VRoot_VRoot	SC10_VRoot_PassExt_VerbTerm	NStem_NStem_NStem_NStem
ngu_masipala	CopPre_NStem	NStem_NStem	CopPre_NStem	NStem_NStem
ku_teute	BPre17_NStem	NStem_NStem	BPre17_NStem	NStem_NStem
ku_to_hlelenj_is_w_a	LocPre_Fut_VRoot_CausExt_PassExt_VerbTerm	VRoot_VRoot_VRoot_VRoot_VRoot_VRoot	LocPre_Fut_VRoot_CausExt_PassExt_VerbTerm	VRoot_VRoot_VRoot
ku_setjentis_w_a	SC15_VRoot_PassExt_VerbTerm	VRoot_VRoot_VRoot_VRoot	SC15_VRoot_PassExt_VerbTerm	VRoot_VRoot_VRoot_VRoot
kwelisu	NStem	Punc	NStem	NStem_NStem_NStem
.	Punc	Punc	Punc	Punc
kwa_esekel_w_a_ngco	PossConc15_VRoot_PassExt_VerbTerm_Ideoph	VRoot_VRoot_VRoot_VRoot_VRoot	PossConc15_VRoot_PassExt_VerbTerm_Ideoph	NStem_NStem_NStem
nga_ti_mali	AdvPre_BPre10_NStem	NStem_NStem_NStem	AdvPre_BPre10_NStem	NStem_NStem_NStem
kwa_i_mi_mango	PossConc15_NPrePre4_BPre4_NStem	NStem_NStem_NStem_NStem	PossConc15_NPrePre4_BPre4_NStem	NStem_NStem_NStem_NStem
ku_gcugcutel_a	BPre15_VRoot_VerbTerm	NStem_NStem_NStem	BPre15_VRoot_VerbTerm	VRoot_VRoot_VRoot
bu_nikati	BPre14_NStem	NStem_NStem	BPre14_NStem	NStem_NStem
ba_tin_hlelo	PossConc2_BPre10_NStem	VRoot_VRoot_NStem	PossConc2_BPre10_NStem	NStem_NStem_NStem
ta_ku_sebent_a	PossConc8_BPre15_VRoot_VerbTerm	NStem_NStem_NStem_NStem	PossConc8_BPre15_VRoot_VerbTerm	NStem_NStem_NStem_NStem
futsi	Conj	Punc	Conj	Punc
ku_akh_a	BPre15_VRoot_VerbTerm	NStem_NStem_NStem	BPre15_VRoot_VerbTerm	NStem_NStem_NStem
lu_hlobo	NPre11_NStem	NStem_NStem	NPre11_NStem	NStem_NStem
lolu_tsite	RelConc11_RelStem	NStem_NStem	RelConc11_RelStem	NStem_NStem
lwe_ku_ti_phendvul_el_a	PossConc11_BPre15_SC8_VRoot_ApplExt_VerbTerm	VRoot_VRoot_VRoot_VRoot_VRoot_VRoot	PossConc11_BPre15_SC8_VRoot_ApplExt_VerbTerm	VRoot_VRoot_VRoot_VRoot_VRoot_VRoot
.	Punc	Punc	Punc	NStem
ku_phindz_e	SC15_VRoot_VerbTerm	NStem_NStem_VRoot	SC15_VRoot_VerbTerm	NStem_NStem_NStem
ku_tfutfuk_is_w_e	SC15_VRoot_CausExt_PassExt_VerbTerm	VRoot_VRoot_VRoot_VRoot_VRoot	SC15_VRoot_CausExt_PassExt_VerbTerm	VRoot_VRoot_VRoot_VRoot_VRoot
na_e_ma_khono	AdvPre_NPrePre6_BPre6_NStem	VRoot_NStem_VRoot_NStem	AdvPre_NPrePre6_BPre6_NStem	NStem_NStem_NStem_NStem
e_ku_phats_a	LocPre_OC15_VRoot_VerbTerm	NStem_NStem_NStem_NStem	LocPre_OC15_VRoot_VerbTerm	VRoot_VRoot_VRoot_VRoot
,	Punc	Punc	Punc	Punc
e_ku_landz_elel_a	PossConc6_BPre15_VRoot_IntensExt_VerbTerm	VRoot_VRoot_VRoot_VRoot_VRoot	PossConc6_BPre15_VRoot_IntensExt_VerbTerm	VRoot_VRoot_VRoot_VRoot_VRoot
na_we_kw_ent_a	AdvPre_OC3_SC15_VRoot_VerbTerm	VRoot_VRoot_VRoot_NStem_VRoot	AdvPre_OC3_SC15_VRoot_VerbTerm	NStem_NStem_NStem_NStem_NStem
u_li_phakelotimali	NPrePre1_NPre5_NStem	VRoot_VRoot_VRoot	NPrePre1_NPre5_NStem	NStem_NStem_NStem
.	Punc	Punc	Punc	Punc
lu_hlelo	BPre11_NStem	NStem_NStem	BPre11_NStem	NStem_NStem
lolu_banti	RelConc5_NStem	NStem_NStem	RelConc5_NStem	NStem_NStem
lwa_ku_camb_a	PossConc11_OC15_VRoot_VerbTerm	VRoot_VRoot_VRoot_VRoot	PossConc11_OC15_VRoot_VerbTerm	NStem_NStem_NStem_NStem
ka_bu_sha	AdvPre_BPre14_AdjStem	NStem_NStem_NStem	AdvPre_BPre14_AdjStem	NStem_NStem_NStem
lolu_chuman_is_a	RelConc11_VRoot_CausExt_VerbTerm	VRoot_VRoot_VRoot_VRoot	RelConc11_VRoot_CausExt_VerbTerm	NStem_VRoot_VRoot_VRoot
e_ma_nyuvesi	NPrePre6_BPre6_NStem	NStem_NStem_NStem	NPrePre6_BPre6_NStem	NStem_NStem_NStem
,	Punc	Punc	Punc	Punc
i_mi_khandlu	NPrePre4_BPre4_NStem	NStem_NStem_NStem	NPrePre4_BPre4_NStem	NStem_NStem_NStem
ya_i_sayensi	PossConc4_NPre9_NStem	NStem_NStem_NStem	PossConc4_NPre9_NStem	NStem_NStem
kanye	Conj	Punc	Conj	Punc
na_laba_nye	AdvPre_AdjPref2_AdjStem	NStem_NStem_NStem	AdvPre_AdjPref2_AdjStem	NStem_NStem_NStem
ba_dlali_n_dzima	BPre2_NStem_BPre9_NStem	VRoot_VRoot_VRoot_VRoot	BPre2_NStem_BPre9_NStem	VRoot_VRoot_VRoot_VRoot
ku_ta_lu_cwaningo	LocPre_PossConc10_BPre11_NStem	NStem_VRoot_VRoot_VRoot	LocPre_PossConc10_BPre11_NStem	VRoot_NStem_NStem_NStem
na_ta_in_tfutfuko	AdvPre_PossConc10_NPre9_NStem	VRoot_VRoot_VRoot_VRoot	AdvPre_PossConc10_NPre9_NStem	NStem_NStem_NStem_NStem
kanye	Conj	Punc	Conj	Punc
na_mi_khakha	AdvPre_BPre4_NStem	NStem_NStem_NStem	AdvPre_BPre4_NStem	NStem_NStem_NStem
ya_ta_m_notfo	PossConc9_PossConc10_BPre3_NStem	VRoot_NStem_NStem_NStem	PossConc9_PossConc10_BPre3_NStem	NStem_NStem_NStem_NStem
le_hamb_a	RelConc4_VRoot_VerbTerm	NStem_NStem_NStem	RelConc4_VRoot_VerbTerm	Punc_Punc_Punc
e_m_bili	LocPre_BPre3_NStem	Punc_Punc_NStem	LocPre_BPre3_NStem	NStem_NStem_NStem
.	Punc	Punc	Punc	Punc
cedz_is_a	VRoot_CausExt_VerbTerm	NStem_NStem_NStem	VRoot_CausExt_VerbTerm	NStem_NStem_NStem
nge_ku_khomb_a	AdvPre_BPre15_VRoot_VerbTerm	NStem_NStem_NStem_NStem	AdvPre_BPre15_VRoot_VerbTerm	NStem_NStem_NStem_NStem
ba_bambi	BPre2_NStem	Punc_Punc	BPre2_NStem	NStem_NStem
li_chaza	BPre5_NStem	Punc_Punc	BPre5_NStem	NStem_NStem
loku_cukats_w_e	RelConc15_VRoot_PassExt_VerbTerm	NStem_NStem_NStem_NStem	RelConc15_VRoot_PassExt_VerbTerm	NStem_VRoot_NStem_NStem
e_ma_notsi_ini	LocPre_BPre6_NStem_LocSuf	NStem_NStem_NStem_NStem	LocPre_BPre6_NStem_LocSuf	NStem_NStem_NStem_NStem
esi_fundvo	RelConc7_NStem	NStem_NStem	RelConc7_NStem	NStem_NStem_NStem
e_si_ehluko_ini	LocPre_BPre7_NStem_LocSuf	VRoot_NStem_VRoot_VRoot	LocPre_BPre7_NStem_LocSuf	VRoot_VRoot_VRoot_VRoot
4	Num	Punc	Num	Punc
.	Punc	Punc	Punc	NStem
tin_chubo	BPre10_NStem	NStem_NStem	BPre10_NStem	NStem_NStem
ta_ku_sebent_a	PossConc10_OC15_VRoot_VerbTerm	NStem_NStem_NStem_NStem	PossConc10_OC15_VRoot_VerbTerm	NStem_NStem_NStem_NStem
-	Punc	Punc	Punc	Punc
ti_fak_a	SC10_VRoot_VerbTerm	NStem_NStem_NStem	SC10_VRoot_VerbTerm	NStem_NStem_NStem
e_khatsi	LocPre_Adv	NStem_NStem	LocPre_Adv	Punc_Punc
ku_fez_a	BPre15_VRoot_VerbTerm	NStem_NStem_NStem	BPre15_VRoot_VerbTerm	NStem_NStem_NStem
lu_hla	BPre11_NStem	NStem_NStem	BPre11_NStem	NStem_NStem
lwa_e_ma_lungiselelo	PossConc11_NPrePre6_BPre6_NStem	VRoot_VRoot_VRoot_VRoot	PossConc11_NPrePre6_BPre6_NStem	VRoot_VRoot_VRoot_VRoot
nge_ku_ent_a	AdvPre_SC15_VRoot_VerbTerm	VRoot_VRoot_VRoot_VRoot	AdvPre_SC15_VRoot_VerbTerm	NStem_NStem_NStem_NStem
le_i_mi_sebenti	PossConc5_NPrePre4_BPre4_NStem	NStem_NStem_NStem_NStem	PossConc5_NPrePre4_BPre4_NStem	NStem_NStem_NStem
le_cukats_w_e	RelConc9_VRoot_PassExt_VerbTerm	VRoot_VRoot_VRoot_VRoot	RelConc9_VRoot_PassExt_VerbTerm	VRoot_VRoot_VRoot_VRoot
ku_lolu_hla	LocPre_Dem11_Pos1_NStem	NStem_NStem_NStem	LocPre_Dem11_Pos1_NStem	NStem_NStem_NStem
.	Punc	Punc	Punc	Punc
kuna_tin_chubo	AdvPre_NPre10_NStem	NStem_NStem_NStem	AdvPre_NPre10_NStem	NStem_NStem_NStem_NStem
leti_tsite	RelConc10_RelStem	Punc_Punc	RelConc10_RelStem	NStem_NStem
leti_s_e_khatsi	RelConc10_PreLoc-s_LocPre_NStem	NStem_NStem_NStem_NStem	RelConc10_PreLoc-s_LocPre_NStem	NStem_NStem_NStem_NStem_NStem
kwa_leto	PossConc15_Dem8_Pos2	Punc_Punc	PossConc15_Dem8_Pos2	Punc_Punc
ta_ku_sebent_a	PossConc10_OC15_VRoot_VerbTerm	NStem_NStem_NStem_NStem	PossConc10_OC15_VRoot_VerbTerm	VRoot_VRoot_VRoot_VRoot
.	Punc	Punc	Punc	Punc
ti_nyenti	AdjPref8_AdjStem	NStem_NStem	AdjPref8_AdjStem	NStem_NStem
ti_zatfu	BPre8_NStem	Punc_Punc	BPre8_NStem	NStem_NStem
ta_ku_vel_a	PossConc8_OC15_VRoot_VerbTerm	NStem_NStem_NStem_NStem	PossConc8_OC15_VRoot_VerbTerm	NStem_NStem_NStem_NStem
kwa_ku_shay_is_an_a	PossConc15_OC15_VRoot_CausExt_RecipExt_VerbTerm	VRoot_VRoot_VRoot_VRoot_VRoot_VRoot	PossConc15_OC15_VRoot_CausExt_RecipExt_VerbTerm	VRoot_VRoot_VRoot_VRoot_VRoot_VRoot
.	Punc	Punc	Punc	Punc
leti_nye	AdjPref10_AdjStem	Punc_Punc	AdjPref10_AdjStem	Punc_Punc
ta_to	PossConc8_PronStem8	Punc_Punc	PossConc8_PronStem8	Punc_Punc
'	Punc	Punc	Punc	Punc
ti_nga_phats_ek_a	SC8_Pot_VRoot_NeutExt_VerbTerm	VRoot_VRoot_VRoot_VRoot_VRoot	SC8_Pot_VRoot_NeutExt_VerbTerm	VRoot_VRoot_VRoot_VRoot_VRoot
'	Punc	Punc	Punc	Punc
leti_nye	AdjPref10_AdjStem	Punc_Punc	AdjPref10_AdjStem	Punc_Punc
ta_to	PossConc8_PronStem8	Punc_Punc	PossConc8_PronStem8	Punc_Punc
ti_nga_b_a	SC8_Pot_VRoot_VerbTerm	NStem_NStem_NStem_NStem	SC8_Pot_VRoot_VerbTerm	NStem_NStem_NStem_NStem
'	Punc	Punc	Punc	Punc
yi_miva	CopPre_NStem	NStem_NStem	CopPre_NStem	NStem_NStem_NStem_NStem
'	Punc	Punc	Punc	Punc
,	Punc	Punc	Punc	Punc
loku_yi_n_dlela	RelConc15_CopPre_BPre9_NStem	NStem_NStem_NStem_NStem	RelConc15_CopPre_BPre9_NStem	NStem_NStem_NStem_NStem
u_mu_ntfu	NPrePre1_BPre1_NStem	NStem_NStem_NStem	NPrePre1_BPre1_NStem	VRoot_NStem_NStem
la_bon_a	RelConc1_VRoot_VerbTerm	NStem_NStem_NStem	RelConc1_VRoot_VerbTerm	NStem_NStem_NStem
nga_yo	AdvPre_PronStem9	Punc_Punc	AdvPre_PronStem9	Punc_Punc
leso	Dem7_Pos1	Punc	Dem7_Pos1	Punc
si_mo	BPre7_NStem	Punc_Punc	BPre7_NStem	Punc_Punc
.	Punc	Punc	Punc	Punc
i_mi_biko	NPrePre4_BPre4_NStem	NStem_NStem_NStem	NPrePre4_BPre4_NStem	NStem_NStem_NStem
le_hlel_iw_e	RelConc4_VRoot_PassExt_VerbTerm	VRoot_VRoot_VRoot_VRoot	RelConc4_VRoot_PassExt_VerbTerm	NStem_NStem_NStem_NStem
-	Punc	Punc	Punc	Punc
e_ma_komidi	NPrePre6_BPre6_NStem	NStem_NStem_NStem	NPrePre6_BPre6_NStem	NStem_NStem_NStem
a_li_wadi	PossConc6_BPre5_NStem	NStem_NStem_NStem	PossConc6_BPre5_NStem	NStem_NStem_NStem
ku_mel_e	SC15_VRoot_VerbTerm	NStem_NStem_NStem	SC15_VRoot_VerbTerm	NStem_NStem_NStem
a_tfol_e	SC6_VRoot_VerbTerm	NStem_NStem_NStem	SC6_VRoot_VerbTerm	NStem_NStem_NStem
lu_ati	BPre11_NStem	Punc_Punc	BPre11_NStem	Punc_Punc
nge_in_chubo	AdvPre_NPre9_NStem	NStem_NStem_NStem	AdvPre_NPre9_NStem	NStem_NStem_NStem
ya_u_mu_khandlu	PossConc9_NPrePre3_BPre3_NStem	NStem_NStem_NStem_NStem	PossConc9_NPrePre3_BPre3_NStem	NStem_NStem_NStem
nge_ti_khatsi	AdvPre_NPre8_Adv	NStem_NStem_NStem	AdvPre_NPre8_Adv	NStem_NStem_NStem
leti_hlel_iw_e	RelConc8_VRoot_PassExt_VerbTerm	VRoot_VRoot_VRoot_VRoot	RelConc8_VRoot_PassExt_VerbTerm	VRoot_VRoot_VRoot_VRoot
.	Punc	Punc	Punc	Punc
a_nga_but_a	SC6_Pot_VRoot_VerbTerm	NStem_NStem_NStem_NStem	SC6_Pot_VRoot_VerbTerm	NStem_NStem_NStem_NStem
li_khansela	BPre5_NStem	NStem_NStem	BPre5_NStem	NStem_NStem
kutsi	Conj	Punc	Conj	Punc
yini	Interrog	Punc	Interrog	Punc
le_bamb_elel_e	RelConc9_VRoot_IntensExt_VerbTerm	NStem_VRoot_VRoot_VRoot	RelConc9_VRoot_IntensExt_VerbTerm	NStem_NStem_NStem_NStem
le_i_n_chubo	RelConc9_NPrePre9_BPre9_NStem	NStem_NStem_NStem_NStem	RelConc9_NPrePre9_BPre9_NStem	NStem_NStem_NStem_NStem
,	Punc	Punc	Punc	Punc
ba_phakam_is_e	SC2_VRoot_CausExt_VerbTerm	VRoot_VRoot_VRoot_NStem	SC2_VRoot_CausExt_VerbTerm	NStem_NStem_NStem_NStem
tin_dlela	BPre10_NStem	Punc_Punc	BPre10_NStem	Punc_Punc
ta_ku_hlangabet_a	PossConc10_OC15_VRoot_VerbTerm	VRoot_VRoot_VRoot_VRoot	PossConc10_OC15_VRoot_VerbTerm	VRoot_VRoot_NStem_NStem
tin_hlelo	BPre10_NStem	NStem_NStem	BPre10_NStem	NStem_NStem
nga_ku_phumelel_is_a	AdvPre_OC15_VRoot_CausExt_VerbTerm	VRoot_VRoot_VRoot_VRoot_VRoot	AdvPre_OC15_VRoot_CausExt_VerbTerm	VRoot_VRoot_VRoot_VRoot_VRoot
ka_ncono	AdvPre_NStem	NStem_NStem	AdvPre_NStem	Punc_Punc
.	Punc	Punc	Punc	Punc
ku_ti_bandzakany_a	BPre15_ReflPre_VRoot_VerbTerm	NStem_NStem_NStem_NStem	BPre15_ReflPre_VRoot_VerbTerm	VRoot_VRoot_VRoot_VRoot
kwe_m_mango	PossConc15_BPre3_NStem	NStem_NStem_NStem	PossConc15_BPre3_NStem	NStem_NStem_NStem
ku_lu_hlelo	LocPre_BPre11_NStem	NStem_NStem_NStem	LocPre_BPre11_NStem	NStem_NStem_NStem
lolu_dzing_a	RelConc11_VRoot_VerbTerm	VRoot_VRoot_VRoot	RelConc11_VRoot_VerbTerm	NStem_NStem_NStem
ku_bandzakany_w_a	BPre15_VRoot_PassExt_VerbTerm	NStem_NStem_NStem_NStem	BPre15_VRoot_PassExt_VerbTerm	VRoot_VRoot_VRoot_VRoot
kwe_m_mango	PossConc15_BPre3_NStem	NStem_NStem_NStem	PossConc15_BPre3_NStem	NStem_NStem_NStem
ku_to	LocPre_PronStem8	NStem_NStem	LocPre_PronStem8	Punc_Punc
to_nkhe	QuantConc8_QuantStem	NStem_NStem	QuantConc8_QuantStem	NStem_NStem
ti_gaba	BPre8_NStem	Punc_Punc	BPre8_NStem	Punc_Punc
.	Punc	Punc	Punc	Punc
e_ma_komidi	NPrePre6_BPre6_NStem	NStem_NStem_NStem	NPrePre6_BPre6_NStem	NStem_NStem_NStem
e_ma_wadi	NPrePre6_BPre6_NStem	NStem_NStem_NStem	NPrePre6_BPre6_NStem	NStem_NStem_NStem
a_dzing_a	SC6_VRoot_VerbTerm	NStem_NStem_NStem	SC6_VRoot_VerbTerm	NStem_NStem_NStem
ku_tfol_a	BPre15_VRoot_VerbTerm	NStem_NStem_NStem	BPre15_VRoot_VerbTerm	NStem_NStem_NStem
in_dlela	NPre9_NStem	NStem_NStem	NPre9_NStem	NStem_NStem_NStem
le_ncono	PossConc5_NStem	NStem_NStem	PossConc5_NStem	NStem_NStem
ya_ku_ndlul_is_a	PossConc9_OC15_VRoot_CausExt_VerbTerm	NStem_VRoot_VRoot_NStem_VRoot	PossConc9_OC15_VRoot_CausExt_VerbTerm	VRoot_VRoot_VRoot_VRoot_VRoot
u_mu_layeto	NPrePre3_BPre3_NStem	NStem_NStem_NStem	NPrePre3_BPre3_NStem	NStem_NStem_NStem
ku_y_e	SC15_VRoot_VerbTerm	NStem_NStem_NStem	SC15_VRoot_VerbTerm	NStem_Punc_Punc
nga_kutsi	AdvPre_Conj	NStem_NStem	AdvPre_Conj	NStem_NStem
u_mu_layeto	NPrePre3_BPre3_NStem	VRoot_VRoot_NStem	NPrePre3_BPre3_NStem	NStem_NStem_NStem
u_condz_e	SC3_VRoot_VerbTerm	NStem_NStem_NStem	SC3_VRoot_VerbTerm	NStem_NStem_NStem
ku_bo_bani	LocPre_OC2_Interrog	NStem_NStem_NStem	LocPre_OC2_Interrog	NStem_NStem_NStem
.	Punc	Punc	Punc	Punc
si_bonelo	BPre7_NStem	NStem_NStem	BPre7_NStem	NStem_NStem
uma	Conj	Punc	Conj	Punc
ngabe	Conj	Punc	Conj	Punc
lu_dzaba	BPre11_NStem	NStem_NStem	BPre11_NStem	Punc_Punc
lu_fak_a	SC11_VRoot_VerbTerm	NStem_NStem_NStem	SC11_VRoot_VerbTerm	NStem_NStem_NStem
e_khatsi	LocPre_Adv	NStem_NStem	LocPre_Adv	Punc_Punc
ba_ntfu	BPre2_NStem	NStem_NStem	BPre2_NStem	NStem_NStem
laba_sha	AdjPref2_AdjStem	Punc_Punc	AdjPref2_AdjStem	Punc_Punc
lu_nga_niket_w_a	SC11_Pot_VRoot_PassExt_VerbTerm	NStem_NStem_NStem_NStem_NStem	SC11_Pot_VRoot_PassExt_VerbTerm	VRoot_VRoot_VRoot_NStem_VRoot
nga_ti_teshi	AdvPre_BPre8_NStem	NStem_NStem_NStem	AdvPre_BPre8_NStem	NStem_NStem_NStem
ta_u_mu_sakato	PossConc8_NPrePre3_BPre3_NStem	NStem_NStem_NStem_NStem	PossConc8_NPrePre3_BPre3_NStem	NStem_NStem_NStem
nobe	Conj	Punc	Conj	Punc
nga_lesi_nye	AdvPre_AdjPref7_AdjStem	NStem_NStem_NStem	AdvPre_AdjPref7_AdjStem	NStem_NStem_NStem
si_ehlakalo	BPre7_NStem	NStem_NStem	BPre7_NStem	NStem_NStem
,	Punc	Punc	Punc	NStem
lesi_njenga_si_hlakalo	RelConc7_AdvPre_BPre7_NStem	VRoot_VRoot_VRoot_VRoot	RelConc7_AdvPre_BPre7_NStem	VRoot_VRoot_VRoot
sa_te_mi_dlalo	PossConc7_PossConc10_BPre4_NStem	NStem_NStem_NStem_NStem	PossConc7_PossConc10_BPre4_NStem	NStem_NStem_NStem_NStem
,	Punc	Punc	Punc	Punc
ba_ntfu	BPre2_NStem	NStem_NStem	BPre2_NStem	NStem_NStem
laba_sha	AdjPref2_AdjStem	Punc_Punc	AdjPref2_AdjStem	Punc_Punc
laba_ti_bandzakany_a	RelConc2_ReflPre_VRoot_VerbTerm	VRoot_VRoot_VRoot_VRoot	RelConc2_ReflPre_VRoot_VerbTerm	VRoot_VRoot_VRoot_VRoot
ku_so	LocPre_PronStem7	Punc_Punc	LocPre_PronStem7	Punc_Punc
.	Punc	Punc	Punc	Punc
to_nkhe	QuantConc10_QuantStem	NStem_NStem	QuantConc10_QuantStem	Punc_Punc
tin_hlaka	BPre10_NStem	NStem_NStem	BPre10_NStem	NStem_NStem
ta_u_mu_mango	PossConc8_NPrePre3_BPre3_NStem	NStem_NStem_NStem_VRoot	PossConc8_NPrePre3_BPre3_NStem	NStem_NStem_NStem_NStem
,	Punc	Punc	Punc	Punc
ku_fak_a	BPre15_VRoot_VerbTerm	NStem_NStem_NStem	BPre15_VRoot_VerbTerm	NStem_NStem_NStem
e_khatsi	LocPre_Adv	Punc_Punc	LocPre_Adv	Punc_Punc
ti_shayamtsetfo	BPre8_NStem	VRoot_VRoot	BPre8_NStem	NStem_NStem
na_te_ku_ehlulela	AdvPre_PossConc8_BPre15_NStem	VRoot_VRoot_VRoot_VRoot	AdvPre_PossConc8_BPre15_NStem	VRoot_VRoot_VRoot_VRoot_VRoot
,	Punc	Punc	Punc	Punc
ku_mel_e	SC15_VRoot_VerbTerm	NStem_NStem_NStem	SC15_VRoot_VerbTerm	NStem_NStem_NStem
ti_cinisekise	BPre10_NStem	NStem_NStem	BPre10_NStem	VRoot_VRoot_VRoot_VRoot
kutsi	Conj	Punc	Conj	Punc
u_mphumela	NPrePre1a_NStem	NStem_NStem	NPrePre1a_NStem	NStem_NStem_NStem
we_ntfutfuko	PossConc3_NStem	NStem_NStem	PossConc3_NStem	VRoot_VRoot_VRoot
u_ya_bonakala	NPrePre1a_Pres_NStem	NStem_NStem_NStem	NPrePre1a_Pres_NStem	NStem_NStem_NStem_NStem_NStem
ku_laba_phuy_ile	LocPre_RelConc2_VRoot_Perf	NStem_NStem_NStem_NStem	LocPre_RelConc2_VRoot_Perf	NStem_NStem_NStem_NStem
na_li_nyenti	AdvPre_BPre5_NStem	NStem_NStem_NStem	AdvPre_BPre5_NStem	NStem_NStem_NStem
la_laba_ncish_w_e	SC2_RelConc2_VRoot_PassExt_VerbTerm	VRoot_VRoot_VRoot_VRoot_VRoot	SC2_RelConc2_VRoot_PassExt_VerbTerm	VRoot_VRoot_VRoot_VRoot
e_ma_tfuba	NPrePre6_BPre6_NStem	NStem_NStem_NStem	NPrePre6_BPre6_NStem	NStem_NStem_NStem
,	Punc	Punc	Punc	Punc
ku_lingan_is_w_e	BPre15_VRoot_CausExt_PassExt_VerbTerm	VRoot_VRoot_VRoot_VRoot_VRoot	BPre15_VRoot_CausExt_PassExt_VerbTerm	VRoot_VRoot_VRoot_VRoot_VRoot
i_mi_tamo	NPrePre4_BPre4_NStem	NStem_NStem_NStem	NPrePre4_BPre4_NStem	NStem_NStem_NStem
ya_labeme	PossConc9_NStem	NStem_NStem	PossConc9_NStem	NStem_NStem_NStem
ka_hle	AdvPre_AdjStem	NStem_NStem	AdvPre_AdjStem	NStem_NStem
ya_uku_vikel_a	PossConc9_SC15_VRoot_VerbTerm	NStem_NStem_NStem_NStem	PossConc9_SC15_VRoot_VerbTerm	NStem_NStem_NStem_NStem
ti_n_shisekelo	BPre8_BPre9_NStem	NStem_NStem_NStem	BPre8_BPre9_NStem	NStem_NStem
ta_bo	PossConc10_PronStem2	Punc_Punc	PossConc10_PronStem2	Punc_Punc
nge_ku_tsats_el_a	AdvPre_BPre15_VRoot_ApplExt_VerbTerm	VRoot_VRoot_VRoot_VRoot_VRoot	AdvPre_BPre15_VRoot_ApplExt_VerbTerm	VRoot_VRoot_VRoot_VRoot_NStem
i_mi_mango	NPrePre4_BPre4_NStem	NStem_NStem_NStem	NPrePre4_BPre4_NStem	NStem_NStem_NStem
le_te	RelConc9_NStem	Punc_Punc	RelConc9_NStem	Punc
e_ma_ndla	NPrePre6_BPre6_NStem	NStem_NStem_NStem	NPrePre6_BPre6_NStem	Punc_Punc_Punc
.	Punc	Punc	Punc	Punc
i_Ningizimu	BPre9_ProperName	NStem_NStem	BPre9_ProperName	NStem_NStem
Afrika	ProperName	Punc	ProperName	Punc
ku_mel_e	SC15_VRoot_VerbTerm	NStem_NStem_NStem	SC15_VRoot_VerbTerm	NStem_NStem_NStem
i_sebent_is_e	SC9_VRoot_CausExt_VerbTerm	NStem_VRoot_NStem_NStem	SC9_VRoot_CausExt_VerbTerm	NStem_NStem_NStem_NStem
e_ma_ndla	NPrePre6_BPre6_NStem	NStem_NStem_NStem	NPrePre6_BPre6_NStem	NStem_NStem_NStem
a_yo	PossConc6_PronStem4	Punc_Punc	PossConc6_PronStem4	Punc_Punc
kute	Conj	Punc	Conj	Punc
ye_enyus_e	CopPre_VRoot_VerbTerm	NStem_NStem_NStem	CopPre_VRoot_VerbTerm	NStem_NStem_NStem
i_m_phahla	NPrePre9_BPre3_NStem	NStem_NStem_NStem	NPrePre9_BPre3_NStem	NStem_NStem_NStem
le_yi_tfum_el_a	RelConc9_OC9_VRoot_ApplExt_VerbTerm	VRoot_VRoot_VRoot_VRoot_VRoot	RelConc9_OC9_VRoot_ApplExt_VerbTerm	VRoot_VRoot_VRoot_VRoot_VRoot
ku_lama_nye	LocPre_AdjPref6_AdjStem	NStem_NStem_NStem	LocPre_AdjPref6_AdjStem	NStem_NStem_NStem
e_ma_ve	LocPre_BPre6_NStem	NStem_NStem_NStem	LocPre_BPre6_NStem	NStem_NStem_NStem
.	Punc	Punc	Punc	Punc
uma	Conj	Punc	Conj	Punc
ngabe	Conj	Punc	Conj	Punc
u_mu_notfo	NPrePre3_BPre3_NStem	NStem_NStem_NStem	NPrePre3_BPre3_NStem	NStem_NStem_NStem
u_cudzelan_a	SC3_VRoot_VerbTerm	NStem_NStem_NStem	SC3_VRoot_VerbTerm	NStem_NStem_NStem
ka_ncane	AdvPre_AdjStem	NStem_NStem	AdvPre_AdjStem	Punc_Punc
e_u_mu_khakha_ini	LocPre_NPrePre3_BPre3_NStem_LocSuf	NStem_NStem_NStem_VRoot_VRoot	LocPre_NPrePre3_BPre3_NStem_LocSuf	VRoot_VRoot_VRoot_VRoot_VRoot
mu_nye	AdjPref3_AdjStem	Punc_NStem	AdjPref3_AdjStem	Punc_Punc
,	Punc	Punc	Punc	Punc
ku_tawu_mel_e	SC15_Fut_VRoot_VerbTerm	NStem_NStem_NStem_NStem	SC15_Fut_VRoot_VerbTerm	NStem_NStem_NStem_NStem
i_ent_a	SC9_VRoot_VerbTerm	NStem_NStem_NStem	SC9_VRoot_VerbTerm	NStem_NStem_NStem
ncono	Adv	NStem	Adv	NStem
ku_lemi_nye	LocPre_AdjPref4_AdjStem	NStem_NStem_NStem	LocPre_AdjPref4_AdjStem	NStem_NStem_NStem
i_mi_khakha	NPrePre4_BPre4_NStem	NStem_NStem_NStem	NPrePre4_BPre4_NStem	NStem_NStem_NStem
.	Punc	Punc	Punc	Punc
bu_hle	BPre14_NStem	NStem_NStem	BPre14_NStem	NStem_NStem
ba_leli_ve	PossConc14_Dem5_Pos1_NStem	NStem_NStem_NStem	PossConc14_Dem5_Pos1_NStem	NStem_NStem_NStem
lobu_catsanis_ek_a_ko	RelConc14_VRoot_NeutExt_VerbTerm_RelSuf	VRoot_VRoot_VRoot_VRoot_NStem	RelConc14_VRoot_NeutExt_VerbTerm_RelSuf	VRoot_VRoot_VRoot
bu_fak_a	SC14_VRoot_VerbTerm	NStem_NStem_NStem	SC14_VRoot_VerbTerm	NStem_NStem_NStem
e_khatsi	LocPre_Adv	NStem_NStem	LocPre_Adv	Punc_Punc
e_ma_minerali	NPrePre6_BPre6_NStem	NStem_NStem_NStem	NPrePre6_BPre6_NStem	NStem_NStem_NStem
kanye	Conj	Punc	Conj	Punc
na_mi_tfombo	AdvPre_BPre4_NStem	NStem_NStem_NStem	AdvPre_BPre4_NStem	NStem_NStem_NStem
ya_i_n_velo	PossConc4_NPrePre9_BPre9_NStem	NStem_NStem_NStem_NStem	PossConc4_NPrePre9_BPre9_NStem	NStem_NStem_NStem_NStem
,	Punc	Punc	Punc	Punc
u_mu_khakha	NPrePre3_BPre3_NStem	NStem_NStem_NStem	NPrePre3_BPre3_NStem	NStem_NStem_NStem
wa_ta_ti_mali	PossConc3_PossConc10_NPre10_NStem	NStem_NStem_NStem_NStem	PossConc3_PossConc10_NPre10_NStem	NStem_NStem_NStem_NStem
na_wa_tin_hlelo	AdvPre_PossConc3_NPre10_NStem	NStem_NStem_NStem_NStem	AdvPre_PossConc3_NPre10_NStem	NStem_NStem_NStem_NStem
ta_li_bhizimisi	PossConc10_BPre5_NStem	NStem_NStem_NStem	PossConc10_BPre5_NStem	NStem_NStem_NStem
wa_si_manje	PossConc3_BPre7_NStem	Punc_Punc_Punc	PossConc3_BPre7_NStem	NStem_NStem_NStem
,	Punc	Punc	Punc	Punc
ku_b_a	BPre15_VRoot_VerbTerm	NStem_NStem_NStem	BPre15_VRoot_VerbTerm	NStem_NStem_NStem
s_e_dvute	PreLoc-s_LocPre_Adv	NStem_VRoot_NStem	PreLoc-s_LocPre_Adv	NStem_NStem
na_tin_makethe	AdvPre_BPre10_NStem	NStem_NStem_NStem	AdvPre_BPre10_NStem	NStem_NStem_NStem
ta_s_e_Afrika	PossConc10_PreLoc-s_LocPre_ProperName	NStem_NStem_NStem_NStem	PossConc10_PreLoc-s_LocPre_ProperName	NStem_NStem_NStem_NStem
leti_khul_a	RelConc10_VRoot_VerbTerm	NStem_NStem_NStem	RelConc10_VRoot_VerbTerm	NStem_NStem
nga_ku_shesh_a	AdvPre_OC15_VRoot_VerbTerm	NStem_NStem_NStem_NStem	AdvPre_OC15_VRoot_VerbTerm	NStem_NStem_NStem_VRoot
,	Punc	Punc	Punc	Punc
e_ma_nyuvesi	NPrePre6_BPre6_NStem	NStem_NStem_NStem	NPrePre6_BPre6_NStem	NStem_VRoot_VRoot
a_li_zinga	PossConc6_BPre5_NStem	NStem_NStem_NStem	PossConc6_BPre5_NStem	NStem_NStem_NStem
leli_s_e_tulu	RelConc5_PreLoc-s_LocPre_Adv	NStem_NStem_NStem_NStem	RelConc5_PreLoc-s_LocPre_Adv	VRoot_VRoot_VRoot_NStem
kanye	Conj	Punc	Conj	Punc
na_mu_khakha	AdvPre_BPre3_NStem	NStem_NStem_NStem	AdvPre_BPre3_NStem	NStem_NStem_NStem
wa_ta_ku_lima	PossConc3_PossConc10_BPre15_NStem	NStem_NStem_NStem_NStem	PossConc3_PossConc10_BPre15_NStem	NStem_NStem_NStem_NStem_NStem
wa_si_manje	PossConc3_BPre7_NStem	NStem_NStem_NStem	PossConc3_BPre7_NStem	Punc_Punc_Punc
na_lo_khicit_a_ko	AdvPre_RelConc3_VRoot_VerbTerm_RelSuf	VRoot_NStem_NStem_VRoot_NStem	AdvPre_RelConc3_VRoot_VerbTerm_RelSuf	VRoot_VRoot_VRoot_VRoot_VRoot
.	Punc	Punc	Punc	Punc
i_Ningizimu	BPre9_ProperName	NStem_NStem	BPre9_ProperName	NStem_NStem
Afrika	ProperName	Punc	ProperName	Punc
i_phindze	BPre9_NStem	NStem_NStem	BPre9_NStem	NStem_NStem
i_b_e	SC1_VRoot_VerbTerm	Punc_Punc_Punc	SC1_VRoot_VerbTerm	NStem_NStem_NStem
na_tin_kampani	AdvPre_NPre10_NStem	Punc_Punc_Punc	AdvPre_NPre10_NStem	NStem_NStem_NStem
leti_hol_a_ko	RelConc10_VRoot_VerbTerm_RelSuf	NStem_NStem_NStem_NStem	RelConc10_VRoot_VerbTerm_RelSuf	NStem_NStem_NStem_NStem
e_u_mu_hlaba_ini	LocPre_NPrePre3_BPre3_NStem_LocSuf	VRoot_VRoot_VRoot_VRoot_VRoot	LocPre_NPrePre3_BPre3_NStem_LocSuf	NStem_NStem_NStem_NStem
e_i_mi_khakha_ini	LocPre_NPrePre4_BPre4_NStem_LocSuf	NStem_VRoot_VRoot_VRoot_VRoot	LocPre_NPrePre4_BPre4_NStem_LocSuf	NStem_NStem_NStem_NStem_NStem
le_njenge_ku_akh_a	PossConc5_AdvPre_OC15_VRoot_VerbTerm	NStem_NStem_NStem_NStem_NStem	PossConc5_AdvPre_OC15_VRoot_VerbTerm	NStem_NStem_NStem_NStem_NStem
.	Punc	Punc	Punc	Punc
lu_ati	BPre11_NStem	Punc_Punc	BPre11_NStem	Punc_Punc
si_bonelo	BPre7_NStem	NStem_NStem	BPre7_NStem	NStem_NStem_NStem
,	Punc	Punc	Punc	Punc
u_m_khandlu	NPrePre3_BPre3_NStem	NStem_NStem_NStem	NPrePre3_BPre3_NStem	NStem_NStem_NStem
we_in_dzawo	PossConc3_NPre9_NStem	NStem_NStem_NStem	PossConc3_NPre9_NStem	NStem_NStem_NStem
ku_nga_ent_ek_a	SC15_Pot_VRoot_NPas_VerbTerm	VRoot_VRoot_NStem_NStem_NStem	SC15_Pot_VRoot_NPas_VerbTerm	NStem_NStem_NStem_NStem_NStem
u_nga_nik_i	SC3_NegPre_VRoot_VerbTerm	NStem_NStem_NStem_NStem	SC3_NegPre_VRoot_VerbTerm	NStem_NStem_NStem_NStem
u_mu_mango	NPrePre3_BPre3_NStem	NStem_NStem_NStem	NPrePre3_BPre3_NStem	NStem_Punc_NStem
a_ma_minitsi	PossConc6_BPre6_NStem	NStem_NStem_NStem	PossConc6_BPre6_NStem	VRoot_VRoot_VRoot
,	Punc	Punc	Punc	Punc
nobe	Conj	Punc	Conj	Punc
li_phakelomali	BPre5_NStem	NStem_NStem	BPre5_NStem	NStem_NStem
,	Punc	Punc	Punc	Punc
nobe	Conj	Punc	Conj	Punc
i_mi_biko	NPrePre4_BPre4_NStem	Punc_Punc_Punc	NPrePre4_BPre4_NStem	NStem_NStem_NStem
ya_ta_ma_fa	PossConc4_PossConc10_BPre6_NStem	NStem_NStem_NStem_NStem	PossConc4_PossConc10_BPre6_NStem	NStem_NStem_NStem_NStem
nobe	Conj	Punc	Conj	Punc
lemi_nye	AdjPref4_AdjStem	NStem_NStem	AdjPref4_AdjStem	NStem_NStem
i_mi_bhalo	NPrePre4_BPre4_NStem	NStem_NStem_NStem	NPrePre4_BPre4_NStem	NStem_NStem_NStem
.	Punc	Punc	Punc	Punc
ngakoke	Conj	NStem	Conj	NStem
u_mu_mango	NPrePre3_BPre3_NStem	NStem_NStem_NStem	NPrePre3_BPre3_NStem	NStem_NStem_NStem
a_wu_ku_at_i	NegPre_SC3_OC15_VRoot_VerbTerm	VRoot_VRoot_VRoot_VRoot_VRoot	NegPre_SC3_OC15_VRoot_VerbTerm	VRoot_VRoot_NStem_VRoot_VRoot
ku_ent_a	BPre15_VRoot_VerbTerm	NStem_NStem_NStem	BPre15_VRoot_VerbTerm	NStem_NStem_NStem
ti_ncumo	NPre8_NStem	NStem_NStem	NPre8_NStem	NStem_NStem
leti_na_lu_ati	RelConc8_AdvPre_BPre11_NStem	NStem_NStem_NStem_NStem	RelConc8_AdvPre_BPre11_NStem	NStem_NStem_NStem_NStem
nga_kutsi	AdvPre_Conj	NStem_Punc	AdvPre_Conj	NStem_NStem
yini	Interrog	Punc	Interrog	Punc
lu_sito	BPre11_NStem	Punc_Punc	BPre11_NStem	Punc_Punc
lwa_ti_mali	PossConc11_BPre10_NStem	NStem_NStem_NStem	PossConc11_BPre10_NStem	NStem_NStem_NStem
lolu_khona	RelConc11_Adv	NStem_NStem	RelConc11_Adv	NStem_NStem
lwa_ku_akh_a	PossConc11_OC15_VRoot_VerbTerm	NStem_NStem_NStem_NStem	PossConc11_OC15_VRoot_VerbTerm	VRoot_VRoot_VRoot_VRoot
u_mu_tfolamphilo	NPrePre3_BPre3_NStem	VRoot_VRoot_VRoot	NPrePre3_BPre3_NStem	VRoot_VRoot_VRoot
nobe	Conj	Punc	Conj	Punc
si_kolo	BPre7_NStem	Punc_Punc	BPre7_NStem	Punc_Punc
.	Punc	Punc	Punc	NStem
uma	Conj	Punc	Conj	Punc
ba_bek_a	SC2_VRoot_VerbTerm	NStem_NStem_NStem	SC2_VRoot_VerbTerm	NStem_NStem_NStem
u_mu_bono	NPrePre3_BPre3_NStem	Punc_Punc_Punc	NPrePre3_BPre3_NStem	NStem_NStem_NStem
ba_tjel_w_a	SC2_VRoot_PassExt_VerbTerm	NStem_NStem_NStem_NStem	SC2_VRoot_PassExt_VerbTerm	NStem_NStem
kutsi	Conj	Punc	Conj	Punc
kute	Conj	NStem	Conj	Punc
ti_mali	BPre10_NStem	Punc_Punc	BPre10_NStem	Punc_Punc
,	Punc	Punc	Punc	Punc
kepha	Conj	Punc	Conj	Punc
a_ba_ku_at_i	NegPre_SC2_OC15_VRoot_VerbTerm	VRoot_NStem_NStem_NStem_NStem	NegPre_SC2_OC15_VRoot_VerbTerm	NStem_NStem_NStem_NStem_NStem
ku_phik_is_a	BPre15_VRoot_CausExt_VerbTerm	NStem_NStem_NStem_NStem	BPre15_VRoot_CausExt_VerbTerm	NStem_NStem_NStem_NStem
u_mu_condvo	NPrePre3_BPre3_NStem	NStem_NStem_NStem	NPrePre3_BPre3_NStem	VRoot_NStem_NStem
ngoba	Conj	Punc	Conj	Punc
a_ba_ka_lu_tfol_i	NegPre_SC2_ExclNeg_OC11_VRoot_VerbTerm	VRoot_VRoot_VRoot_VRoot_VRoot_VRoot	NegPre_SC2_ExclNeg_OC11_VRoot_VerbTerm	VRoot_VRoot_VRoot_VRoot_VRoot_VRoot
lu_ati	BPre11_NStem	NStem_Punc	BPre11_NStem	Punc_Punc
lwa_e_ma_ciniso	PossConc11_NPrePre6_BPre6_NStem	NStem_NStem_NStem_NStem	PossConc11_NPrePre6_BPre6_NStem	NStem_NStem_NStem_NStem
.	Punc	Punc	Punc	Punc
tsats_a	VRoot_VerbTerm	Punc_Punc	VRoot_VerbTerm	NStem_NStem
ti_m_phendvulo	BPre10_BPre3_NStem	VRoot_VRoot_VRoot	BPre10_BPre3_NStem	NStem_NStem
e_ma_cembu_ini	LocPre_BPre6_NStem_LocSuf	NStem_NStem_NStem_NStem	LocPre_BPre6_NStem_LocSuf	NStem_NStem_NStem_NStem
.	Punc	Punc	Punc	Punc
khomb_a	VRoot_VerbTerm	NStem_NStem	VRoot_VerbTerm	NStem_NStem
ba_bambi	BPre2_NStem	NStem_NStem	BPre2_NStem	NStem_NStem
li_chaza	BPre5_NStem	NStem_NStem	BPre5_NStem	NStem_NStem
3.3	Num	Punc	Num	Punc
e_ma_notsi_ini	LocPre_BPre6_NStem_LocSuf	NStem_NStem_NStem_NStem	LocPre_BPre6_NStem_LocSuf	VRoot_VRoot_VRoot_VRoot
a_si_fundvo	PossConc6_BPre7_NStem	NStem_NStem_NStem	PossConc6_BPre7_NStem	NStem_NStem_NStem
njenga_si_bonelo	AdvPre_NPre7_NStem	NStem_NStem_NStem	AdvPre_NPre7_NStem	NStem_NStem_NStem
lesi_phel_el_e	RelConc7_VRoot_ApplExt_VerbTerm	VRoot_VRoot_VRoot_VRoot	RelConc7_VRoot_ApplExt_VerbTerm	VRoot_VRoot_VRoot_VRoot
.	Punc	Punc	Punc	Punc
e_ma_su	NPrePre6_BPre6_NStem	NStem_NStem_NStem	NPrePre6_BPre6_NStem	NStem_NStem_NStem
a_hlose	RelConc6_NStem	NStem_NStem	RelConc6_NStem	NStem_NStem_NStem
ku_nemb_a	SC15_VRoot_VerbTerm	NStem_NStem_NStem	SC15_VRoot_VerbTerm	NStem_NStem_NStem
futsi	Conj	Punc	Conj	Punc
la_hamb_is_an_a	SC5_VRoot_CausExt_RecipExt_VerbTerm	NStem_NStem_NStem_NStem_NStem	SC5_VRoot_CausExt_RecipExt_VerbTerm	VRoot_VRoot_VRoot_VRoot_VRoot
ne_ku_buk_an_a	NegPre_OC15_VRoot_RecipExt_VerbTerm	NStem_NStem_NStem_NStem_NStem	NegPre_OC15_VRoot_RecipExt_VerbTerm	NStem_NStem_NStem_NStem_NStem
na_bocalangaye	AdvPre_NStem	NStem_NStem	AdvPre_NStem	NStem_NStem_NStem
ba_wo	PossConc14_PronStem3	Punc_Punc	PossConc14_PronStem3	Punc_Punc
o_nkhe	QuantConc6_QuantStem	NStem_NStem	QuantConc6_QuantStem	NStem_NStem
e_ma_cembu	NPrePre6_BPre6_NStem	NStem_NStem_NStem	NPrePre6_BPre6_NStem	NStem_NStem_NStem
,	Punc	Punc	Punc	NStem
loku_fak_a	RelConc15_VRoot_VerbTerm	NStem_NStem_NStem	RelConc15_VRoot_VerbTerm	NStem_NStem_NStem
e_khatsi	LocPre_Adv	NStem_NStem	LocPre_Adv	NStem_NStem
na_lawo	AdvPre_Dem3_Pos2	NStem_NStem	AdvPre_Dem3_Pos2	NStem_NStem
la_s_e_bu_cayi_ini	PossConc5_PreLoc-s_LocPre_BPre14_NStem_LocSuf	VRoot_VRoot_VRoot_VRoot_VRoot_VRoot	PossConc5_PreLoc-s_LocPre_BPre14_NStem_LocSuf	VRoot_VRoot_VRoot_VRoot_VRoot_VRoot
ka_khulu	AdvPre_AdjStem	Punc_Punc	AdvPre_AdjStem	NStem_NStem
.	Punc	Punc	Punc	Punc
u_mlandvo	NPrePre1a_NStem	NStem_NStem	NPrePre1a_NStem	NStem_NStem
we_ma_khono	PossConc3_BPre6_NStem	NStem_NStem_NStem	PossConc3_BPre6_NStem	NStem_NStem_NStem_NStem
e_mu_sebenti_ini	LocPre_BPre3_NStem_LocSuf	NStem_NStem_NStem_VRoot	LocPre_BPre3_NStem_LocSuf	NStem_NStem_NStem_NStem
wa_hulumende	PossConc1_NStem	NStem_NStem	PossConc1_NStem	NStem_NStem
u_khomb_is_a	SC3_VRoot_CausExt_VerbTerm	NStem_NStem_NStem_NStem	SC3_VRoot_CausExt_VerbTerm	NStem_NStem_NStem_NStem
e_ma_khono	NPrePre6_BPre6_NStem	NStem_NStem_NStem	NPrePre6_BPre6_NStem	NStem_NStem_NStem
la_khona	RelConc6_Adv	Punc_Punc	RelConc6_Adv	NStem_NStem
ku_velonkhe	LocPre_NStem	NStem_NStem	LocPre_NStem	NStem_NStem
.	Punc	Punc	Punc	Punc
ku_nga_bi_kho	BPre15_NegPre_NStem_RelSuf	NStem_NStem_NStem_NStem	BPre15_NegPre_NStem_RelSuf	Punc_Punc_Punc_NStem
kwa_bo_dokotela	PossConc15_BPre2_NStem	NStem_NStem_NStem	PossConc15_BPre2_NStem	NStem_NStem_VRoot
laba_s_e_zinga_ini	RelConc2_PreLoc-s_LocPre_NStem_LocSuf	VRoot_VRoot_VRoot_VRoot_VRoot	RelConc2_PreLoc-s_LocPre_NStem_LocSuf	VRoot_VRoot_VRoot_VRoot_VRoot
laba_enel_e	RelConc2_VRoot_VerbTerm	NStem_NStem_NStem	RelConc2_VRoot_VerbTerm	Punc_Punc_Punc
,	Punc	Punc	Punc	Punc
bo_i_n_jiniyela	BPre2a_NPrePre9_BPre9_NStem	NStem_NStem_NStem_NStem	BPre2a_NPrePre9_BPre9_NStem	VRoot_VRoot_VRoot
,	Punc	Punc	Punc	Punc
ti_sebenti	BPre8_NStem	NStem_NStem	BPre8_NStem	Punc_Punc
leti_cecesh_iw_e	RelConc10_VRoot_PassExt_VerbTerm	VRoot_VRoot_VRoot_VRoot	RelConc10_VRoot_PassExt_VerbTerm	VRoot_VRoot_VRoot_NStem
ku_thekhinoloji	LocPre_NStem	NStem_NStem	LocPre_NStem	NStem_NStem
,	Punc	Punc	Punc	Punc
ti_ati	BPre8_NStem	Punc_Punc	BPre8_NStem	NStem_NStem_NStem
ku_te_lu_phenyo	BPre17_PossConc10_BPre11_NStem	VRoot_VRoot_VRoot_VRoot	BPre17_PossConc10_BPre11_NStem	VRoot_VRoot_VRoot_VRoot
lw_e_i_sayensi	PossConc11_LocPre_NPrePre4_NStem	VRoot_VRoot_VRoot_VRoot	PossConc11_LocPre_NPrePre4_NStem	NStem_NStem
,	Punc	Punc	Punc	Punc
ba_phenyi	BPre2_NStem	NStem_NStem	BPre2_NStem	Punc_Punc
,	Punc	Punc	Punc	Punc
ba_hleli	BPre2_NStem	NStem_NStem	BPre2_NStem	NStem_NStem
,	Punc	Punc	Punc	Punc
ba_phenyimabhuku	PossConc2a_NStem	VRoot_VRoot	PossConc2a_NStem	VRoot_VRoot
,	Punc	Punc	Punc	Punc
ba_shushisi	BPre2_NStem	NStem_NStem	BPre2_NStem	NStem_NStem
,	Punc	Punc	Punc	Punc
ba_luleki	BPre2_NStem	NStem_NStem	BPre2_NStem	NStem_NStem
be_kharikhulamu	PossConc2_NStem	VRoot_VRoot	PossConc2_NStem	NStem_NStem_NStem
njalo	Adv	Punc	Adv	Punc
njalo	Adv	Punc	Adv	Punc
njalo	Adv	Punc	Adv	Punc
.	Punc	Punc	Punc	Punc
nga_i_li_tulu	AdvPre_NPrePre5_BPre5_NStem	NStem_NStem_NStem_NStem	AdvPre_NPrePre5_BPre5_NStem	NStem_NStem_NStem_NStem
lwa_loko	PossConc11_NStem	NStem_NStem	PossConc11_NStem	Punc_Punc
,	Punc	Punc	Punc	Punc
likhono	NStem	NStem	NStem	NStem_NStem
leku_phats_a	RelConc15_VRoot_VerbTerm	NStem_NStem_NStem	RelConc15_VRoot_VerbTerm	NStem_NStem_NStem
leti_sebenti	RelConc8_NStem	NStem_NStem	RelConc8_NStem	Punc_NStem
leti_s_e_tulu	RelConc10_PreLoc-s_LocPre_Adv	NStem_NStem_NStem_NStem	RelConc10_PreLoc-s_LocPre_Adv	NStem_NStem_NStem_NStem
leti_sebent_a	RelConc10_VRoot_VerbTerm	NStem_NStem_NStem	RelConc10_VRoot_VerbTerm	NStem_NStem_NStem
e_in_hlangano_ini	LocPre_BPre9_NStem_LocSuf	NStem_NStem_NStem_NStem	LocPre_BPre9_NStem_LocSuf	NStem_NStem_NStem_NStem
le_nkimbit_ek_ile	PossConc5_VRoot_NeutExt_Perf	VRoot_VRoot_VRoot_VRoot	PossConc5_VRoot_NeutExt_Perf	NStem_NStem_VRoot_VRoot
,	Punc	Punc	Punc	Punc
esi_ma_ini	RelConc7_NStem_LocSuf	NStem_Punc_NStem	RelConc7_NStem_LocSuf	NStem_NStem_NStem
setembusave	NStem	NStem	NStem	NStem_NStem_NStem_NStem
ne_setenhlalo	AdvPre_NStem	NStem_NStem	AdvPre_NStem	VRoot_VRoot_VRoot_VRoot_VRoot
ku_dzing_a	SC15_VRoot_VerbTerm	NStem_NStem_NStem	SC15_VRoot_VerbTerm	NStem_NStem_NStem
ku_nak_w_a	BPre15_VRoot_PassExt_VerbTerm	NStem_NStem_NStem_NStem	BPre15_VRoot_PassExt_VerbTerm	NStem_NStem_NStem_NStem
loku_khulu	AdjPref15_AdjStem	NStem_NStem	AdjPref15_AdjStem	NStem_NStem
.	Punc	Punc	Punc	Punc
kute	Conj	Punc	Conj	Punc
ku_sonjulul_w_e	SC15_VRoot_PassExt_VerbTerm	NStem_NStem_VRoot_VRoot	SC15_VRoot_PassExt_VerbTerm	VRoot_VRoot_VRoot_VRoot
ku_b_a_te	BPre15_VRoot_VerbTerm_NegPre	NStem_NStem_NStem_NStem	BPre15_VRoot_VerbTerm_NegPre	NStem_NStem_NStem_NStem
nga_lo_kw_enel_e	AdvPre_Dem1_Pos1_BPre15_VRoot_VerbTerm	NStem_NStem_VRoot_NStem_VRoot	AdvPre_Dem1_Pos1_BPre15_VRoot_VerbTerm	VRoot_VRoot_VRoot_VRoot
kwa_e_ma_khono	PossConc15_NPrePre6_BPre6_NStem	VRoot_VRoot_VRoot_VRoot	PossConc15_NPrePre6_BPre6_NStem	NStem_NStem_VRoot_VRoot
la_cecesh_el_w_e	SC5_VRoot_ApplExt_PassExt_VerbTerm	VRoot_VRoot_VRoot_VRoot_VRoot	SC5_VRoot_ApplExt_PassExt_VerbTerm	VRoot_VRoot_VRoot_VRoot_VRoot
ne_we_ku_phats_a	AdvPre_PossConc1_BPre15_VRoot_VerbTerm	VRoot_VRoot_VRoot_VRoot_VRoot	AdvPre_PossConc1_BPre15_VRoot_VerbTerm	NStem_NStem_NStem_VRoot_NStem
,	Punc	Punc	Punc	Punc
hulumende	NStem	NStem	NStem	NStem
ku_mel_e	SC15_VRoot_VerbTerm	NStem_NStem_NStem	SC15_VRoot_VerbTerm	NStem_NStem_NStem
a_tsats_e	RelConc6_VRoot_VerbTerm	NStem_NStem_NStem	RelConc6_VRoot_VerbTerm	NStem_NStem_NStem
u_mu_bono	NPrePre3_BPre3_NStem	NStem_NStem_NStem	NPrePre3_BPre3_NStem	NStem_NStem_NStem
wa_i_si_khatsi	PossConc1_NPrePre7_BPre7_NStem	NStem_NStem_NStem_NStem	PossConc1_NPrePre7_BPre7_NStem	NStem_NStem_NStem
lesi_dze	AdjPref7_AdjStem	NStem_NStem	AdjPref7_AdjStem	NStem_NStem
we_ku_tfutfuk_is_a	PossConc3_BPre15_VRoot_CausExt_VerbTerm	VRoot_VRoot_VRoot_VRoot_VRoot	PossConc3_BPre15_VRoot_CausExt_VerbTerm	NStem_NStem_VRoot_NStem_VRoot
e_ma_khono	NPrePre6_BPre6_NStem	NStem_NStem_NStem	NPrePre6_BPre6_NStem	NStem_NStem_NStem
la_wa_dzing_a_ko	PossConc5_BPre3_VRoot_VerbTerm_RelSuf	VRoot_VRoot_VRoot_VRoot_VRoot	PossConc5_BPre3_VRoot_VerbTerm_RelSuf	NStem_NStem_NStem_Punc_NStem
nge_ku_condzis_a	AdvPre_BPre15_Intrans_VerbTerm	NStem_NStem_NStem_NStem	AdvPre_BPre15_Intrans_VerbTerm	VRoot_VRoot_VRoot_VRoot_VRoot
i_mi_sebenti	NPrePre4_BPre4_NStem	NStem_NStem_NStem	NPrePre4_BPre4_NStem	NStem_NStem_NStem
,	Punc	Punc	Punc	Punc
ku_fundz_is_a	BPre15_VRoot_CausExt_VerbTerm	NStem_NStem_NStem_NStem	BPre15_VRoot_CausExt_VerbTerm	NStem_VRoot_NStem_NStem
kanye	Adv	Punc	Adv	Punc
ne_bu_dlelwane	AdvPre_BPre14_NStem	NStem_NStem_NStem	AdvPre_BPre14_NStem	NStem_NStem_NStem
lobu_sondzelene	RelConc14_NStem	VRoot_VRoot	RelConc14_NStem	NStem_NStem
na_ma_nyuvesi	AdvPre_BPre6_NStem	NStem_NStem_NStem	AdvPre_BPre6_NStem	NStem_NStem_NStem
ne_ti_kolwatekufundzela	AdvPre_BPre8_NStem	VRoot_VRoot_VRoot	AdvPre_BPre8_NStem	VRoot_VRoot_VRoot_VRoot_VRoot_VRoot
ku_phats_a	BPre15_VRoot_VerbTerm	NStem_NStem_NStem	BPre15_VRoot_VerbTerm	NStem_NStem_NStem
.	Punc	Punc	Punc	Punc
lu_hlelo	BPre11_NStem	NStem_NStem	BPre11_NStem	NStem_NStem
lu_ba	SC11_AuxVStem	Punc_Punc	SC11_AuxVStem	NStem_Punc_Punc
ngu_lolu_tsemb_ek_ile	CopPre_RelConc15_VRoot_NPas_Perf	VRoot_VRoot_VRoot_VRoot_VRoot	CopPre_RelConc15_VRoot_NPas_Perf	VRoot_VRoot_VRoot_VRoot
njengobe	Adv	Punc	Adv	Punc
i_n_dlela	NPrePre9_BPre9_NStem	NStem_NStem_NStem	NPrePre9_BPre9_NStem	NStem_NStem_NStem
ye_kwe_tful_w_a	PossConc9_BPre15_VRoot_PassExt_VerbTerm	NStem_NStem_NStem_NStem_NStem	PossConc9_BPre15_VRoot_PassExt_VerbTerm	VRoot_NStem_VRoot_NStem_NStem
kwa_lo	PossConc15_PronStem11	Punc_Punc	PossConc15_PronStem11	Punc_Punc
i_ne_ku_ent_ek_a	SC9_AdvPre_OC15_VRoot_NPas_VerbTerm	NStem_NStem_NStem_NStem_NStem_NStem	SC9_AdvPre_OC15_VRoot_NPas_VerbTerm	VRoot_VRoot_VRoot_VRoot_VRoot_VRoot
.	Punc	Punc	Punc	Punc
ku_ne_ngoti	BPre17_AdvPre_NStem	NStem_NStem_NStem	BPre17_AdvPre_NStem	NStem_NStem
le_n_khulu	PossConc5_BPre9_Adv	NStem_NStem_NStem	PossConc5_BPre9_Adv	NStem_NStem_NStem
ya_ku_ts_i	PossConc9_BPre15_VRoot_VerbTerm	NStem_NStem_NStem_NStem	PossConc9_BPre15_VRoot_VerbTerm	NStem_NStem_NStem_NStem
lu_hlelo	BPre11_NStem	NStem_NStem	BPre11_NStem	NStem_NStem
lwa_in_tfutfuko	PossConc11_NPre9_NStem	VRoot_VRoot_VRoot	PossConc11_NPre9_NStem	VRoot_NStem_VRoot
lwe_ningizimu	PossConc11_NStem	NStem_NStem	PossConc11_NStem	NStem_NStem_NStem_NStem
Afrika	ProperName	Punc	ProperName	Punc
lu_nga_hluleka	BPre11_AdvPre_NStem	VRoot_NStem_NStem	BPre11_AdvPre_NStem	NStem_VRoot_VRoot_VRoot
ngoba	Adv	Punc	Adv	NStem_NStem
hulumende	NStem	NStem	NStem	NStem
aka_khon_i	NegPre_VRoot_VerbTerm	NStem_NStem_NStem	NegPre_VRoot_VerbTerm	NStem_NStem_NStem_NStem
ku_lu_e_tful_a	SC15_OC11_LocPre_VRoot_VerbTerm	VRoot_VRoot_VRoot_VRoot_VRoot	SC15_OC11_LocPre_VRoot_VerbTerm	VRoot_VRoot_VRoot_VRoot
.	Punc	Punc	Punc	Punc
i_khomishini	NPrePre4_NStem	NStem_NStem	NPrePre4_NStem	NStem_NStem
i_ent_a	SC9_VRoot_VerbTerm	NStem_NStem_NStem	SC9_VRoot_VerbTerm	NStem_NStem_NStem
ti_phakamiso	BPre8_NStem	NStem_NStem	BPre8_NStem	NStem_NStem
te_ku_hlel_w_a	PossConc8_BPre15_VRoot_PassExt_VerbTerm	NStem_NStem_NStem_NStem_NStem	PossConc8_BPre15_VRoot_PassExt_VerbTerm	VRoot_VRoot_NStem_VRoot_VRoot
ka_bu_sha	AdvPre_BPre14_AdjStem	NStem_NStem_NStem	AdvPre_BPre14_AdjStem	NStem_NStem_NStem
kwe_ti_khungo	PossConc15_BPre8_NStem	NStem_NStem_NStem	PossConc15_BPre8_NStem	NStem_NStem_NStem
kute	Conj	Punc	Conj	Punc
ku_lung_is_w_e	SC15_VRoot_CausExt_PassExt_VerbTerm	NStem_NStem_VRoot_VRoot_VRoot	SC15_VRoot_CausExt_PassExt_VerbTerm	VRoot_VRoot_VRoot_VRoot_VRoot
ku_nga_lingan_i	BPre15_NegPre_VRoot_VerbTerm	NStem_NStem_NStem_NStem	BPre15_NegPre_VRoot_VerbTerm	VRoot_NStem_NStem_NStem
kanye	Adv	Punc	Adv	Punc
ne_ku_nga_sebent_i	AdvPre_BPre15_NegPre_VRoot_VerbTerm	VRoot_NStem_NStem_VRoot_VRoot	AdvPre_BPre15_NegPre_VRoot_VerbTerm	NStem_NStem_NStem_VRoot_NStem
ka_hle	AdvPre_AdjStem	NStem_NStem	AdvPre_AdjStem	NStem_NStem
loku_vam_ile	RelConc15_VRoot_Perf	NStem_NStem_NStem	RelConc15_VRoot_Perf	NStem_NStem_NStem
e_mu_sebenti_ini	LocPre_BPre3_NStem_LocSuf	NStem_NStem_NStem_NStem	LocPre_BPre3_NStem_LocSuf	VRoot_NStem_VRoot_VRoot
wa_hulumende	PossConc1_NStem	NStem_NStem	PossConc1_NStem	NStem_NStem
na_ku_bo_hulumende	AdvPre_LocPre_BPre2a_NStem	NStem_VRoot_NStem_NStem	AdvPre_LocPre_BPre2a_NStem	VRoot_VRoot_VRoot_VRoot
ba_s_e_li_khaya	PossConc14_PreLoc-s_LocPre_BPre5_NStem	NStem_VRoot_VRoot_VRoot_VRoot	PossConc14_PreLoc-s_LocPre_BPre5_NStem	NStem_NStem_NStem_NStem_NStem
.	Punc	Punc	Punc	Punc
sebent_is_a	VRoot_CausExt_VerbTerm	NStem_NStem_NStem	VRoot_CausExt_VerbTerm	NStem_NStem_NStem
lu_hlu	BPre11_NStem	Punc_Punc	BPre11_NStem	NStem_NStem
lwa_si_cinisekiso	PossConc11_BPre7_NStem	VRoot_VRoot_VRoot	PossConc11_BPre7_NStem	VRoot_VRoot_VRoot
e_ku_coc_is_an_eni	LocPre_BPre15_VRoot_CausExt_RecipExt_LocSuf	VRoot_VRoot_VRoot_VRoot_VRoot_VRoot	LocPre_BPre15_VRoot_CausExt_RecipExt_LocSuf	VRoot_VRoot_VRoot_VRoot_VRoot_VRoot_VRoot
loku_vulek_ile	RelConc15_VRoot_Perf	NStem_NStem_NStem	RelConc15_VRoot_Perf	NStem_NStem_NStem_NStem
li_mayela_na	BPre5_NStem_DimSuf	NStem_NStem_NStem	BPre5_NStem_DimSuf	NStem
na_ma_zinga	AdvPre_BPre6_NStem	NStem_NStem_NStem	AdvPre_BPre6_NStem	NStem_NStem_NStem
a_in_philo	PossConc6_BPre9_NStem	NStem_NStem_NStem	PossConc6_BPre9_NStem	NStem_NStem_NStem
a_li_cembu	PossConc6_BPre5_NStem	NStem_NStem_NStem	PossConc6_BPre5_NStem	NStem_NStem_NStem
.	Punc	Punc	Punc	Punc
rekhoda	NStem	NStem	NStem	Punc_Punc
tin_phendvulo	BPre10_NStem	NStem_NStem	BPre10_NStem	NStem_NStem
.	Punc	Punc	Punc	Punc
lesi_bonelo	RelConc7_NStem	NStem_NStem	RelConc7_NStem	NStem_NStem
sa_lu_hlu	PossConc7_BPre11_NStem	NStem_NStem_NStem	PossConc7_BPre11_NStem	NStem_NStem_NStem
lwa_si_cinisekiso	PossConc11_BPre7_NStem	NStem_NStem_NStem	PossConc11_BPre7_NStem	VRoot_VRoot_VRoot
tin_phahla	BPre10_NStem	NStem_NStem	BPre10_NStem	NStem_NStem
si_nga_ku_sit_a	SC1pp_Pot_OC2ps_VRoot_VerbTerm	NStem_NStem_NStem_NStem_NStem	SC1pp_Pot_OC2ps_VRoot_VerbTerm	NStem_NStem_NStem_NStem_NStem
ku_lo_m_sebenti	LocPre_Dem3_Pos1_BPre3_NStem	VRoot_VRoot_VRoot_VRoot	LocPre_Dem3_Pos1_BPre3_NStem	NStem_NStem_NStem_NStem
ku_cinisek_is_a	BPre15_VRoot_CausExt_VerbTerm	VRoot_VRoot_VRoot_VRoot	BPre15_VRoot_CausExt_VerbTerm	NStem_NStem_NStem_NStem
kutsi	Conj	Punc	Conj	Punc
u_na_yo	SC3_AdvPre_PronStem9	NStem_NStem_NStem	SC3_AdvPre_PronStem9	NStem_NStem_NStem
yo_nkhe	QuantConc4_QuantStem	NStem_NStem	QuantConc4_QuantStem	NStem_NStem
i_mi_niningwane	NPrePre4_BPre4_NStem	NStem_NStem_NStem	NPrePre4_BPre4_NStem	NStem_NStem_NStem
lo_yi_dzing_a_ko	RelConc1_OC4_VRoot_VerbTerm_RelSuf	VRoot_VRoot_VRoot_VRoot_VRoot	RelConc1_OC4_VRoot_VerbTerm_RelSuf	VRoot_VRoot_VRoot_VRoot_VRoot
.	Punc	Punc	Punc	Punc
u_finyelel_e	SC2ps_VRoot_VerbTerm	NStem_NStem_VRoot	SC2ps_VRoot_VerbTerm	VRoot_VRoot_VRoot_VRoot
njani	Adv	NStem	Adv	NStem
e_mu_gomo_ini	LocPre_BPre3_NStem_LocSuf	NStem_NStem_NStem_NStem	LocPre_BPre3_NStem_LocSuf	NStem_NStem_NStem_NStem
wa_ku_khwesh_is_a	PossConc3_OC15_VRoot_CausExt_VerbTerm	VRoot_VRoot_VRoot_VRoot_VRoot	PossConc3_OC15_VRoot_CausExt_VerbTerm	VRoot_VRoot_VRoot_VRoot_VRoot
u_mu_lingani	NPrePre1_BPre1_NStem	Punc_Punc_Punc	NPrePre1_BPre1_NStem	NStem_NStem_NStem
wa_kho	PossConc1_PronStem2ps	Punc_Punc	PossConc1_PronStem2ps	Punc_Punc
?	Punc	Punc	Punc	Punc
si_gaba	BPre7_NStem	Punc_Punc	BPre7_NStem	Punc_Punc
2	Num	Punc	Num	Punc
si_cala	BPre7_NStem	Punc_Punc	BPre7_NStem	Punc_Punc
nga_ku_hlatiy_a	AdvPre_OC15_VRoot_VerbTerm	VRoot_VRoot_VRoot_VRoot	AdvPre_OC15_VRoot_VerbTerm	VRoot_VRoot_NStem_VRoot
kanye	Conj	Punc	Conj	Punc
na_ku_hlangan_is_a	AdvPre_OC15_VRoot_CausExt_VerbTerm	VRoot_VRoot_VRoot_VRoot_VRoot	AdvPre_OC15_VRoot_CausExt_VerbTerm	NStem_VRoot_VRoot_VRoot_VRoot
i_mi_niningwane	NPrePre4_BPre4_NStem	NStem_NStem_NStem	NPrePre4_BPre4_NStem	NStem_NStem_NStem
le_gcogc_w_e	RelConc4_VRoot_PassExt_VerbTerm	NStem_NStem_NStem_NStem	RelConc4_VRoot_PassExt_VerbTerm	VRoot_VRoot_VRoot_VRoot
ku_le_mi_sebenti	LocPre_Dem4_Pos1_BPre4_NStem	NStem_NStem_NStem_NStem	LocPre_Dem4_Pos1_BPre4_NStem	VRoot_NStem_NStem_NStem
ya_ku_hlel_ek_a	PossConc4_BPre15_VRoot_NPas_VerbTerm	VRoot_VRoot_VRoot_VRoot_VRoot	PossConc4_BPre15_VRoot_NPas_VerbTerm	VRoot_VRoot_NStem_NStem
nga_li_balave	AdvPre_BPre5_NStem	NStem_NStem_NStem	AdvPre_BPre5_NStem	NStem_NStem_NStem
,	Punc	Punc	Punc	Punc
ya_ku_gabanc_a	PossConc4_BPre15_VRoot_VerbTerm	NStem_NStem_NStem_NStem	PossConc4_BPre15_VRoot_VerbTerm	NStem_NStem_NStem_NStem
,	Punc	Punc	Punc	Punc
ku_m_ncamulajucu	LocPre_BPre3_NStem	NStem_VRoot_VRoot	LocPre_BPre3_NStem	VRoot_VRoot
wa_si_khatsi	PossConc3_BPre7_NStem	NStem_NStem_NStem	PossConc3_BPre7_NStem	NStem_NStem_NStem
kanye	Conj	Punc	Conj	Punc
na_mi_khuba	AdvPre_BPre4_NStem	NStem_NStem_NStem	AdvPre_BPre4_NStem	NStem_NStem_NStem
ya_si_khatsi-dze	PossConc4_BPre7_NStem	VRoot_VRoot_VRoot	PossConc4_BPre7_NStem	VRoot_VRoot_VRoot_NStem
.	Punc	Punc	Punc	Punc
niket_a	VRoot_VerbTerm	NStem_NStem	VRoot_VerbTerm	NStem_NStem
i_mi_tfwalo	NPrePre4_BPre4_NStem	NStem_NStem_NStem	NPrePre4_BPre4_NStem	VRoot_VRoot_VRoot
ya_ku_bhal_w_a	PossConc4_OC15_VRoot_PassExt_VerbTerm	NStem_NStem_NStem_NStem_NStem	PossConc4_OC15_VRoot_PassExt_VerbTerm	VRoot_NStem_VRoot_NStem_NStem
kwa_ti_ncenye	PossConc15_NPre10_NStem	NStem_NStem_NStem	PossConc15_NPre10_NStem	NStem_NStem_NStem
leti_tsite	RelConc10_RelStem	NStem_NStem	RelConc10_RelStem	NStem_NStem
.	Punc	Punc	Punc	Punc
loku	RelConc15	Punc	RelConc15	Punc
ku_kwent_a	BPre15_VRoot_VerbTerm	NStem_NStem_NStem	BPre15_VRoot_VerbTerm	NStem_VRoot_VRoot_VRoot
ncono_ku_ent_a	AdvPre_BPre15_VRoot_VerbTerm	VRoot_VRoot_VRoot_VRoot	AdvPre_BPre15_VRoot_VerbTerm	VRoot_VRoot_VRoot_VRoot
ncono	Adv	NStem	Adv	Punc
bu_nikati	BPre14_NStem	NStem_NStem	BPre14_NStem	NStem_NStem
futsi	Conj	Punc	Conj	Punc
ku_cinisek_is_a	BPre15_VRoot_CausExt_VerbTerm	NStem_NStem_NStem_NStem	BPre15_VRoot_CausExt_VerbTerm	NStem_NStem_NStem_NStem
ku_cedz_el_w_a	BPre15_VRoot_ApplExt_PassExt_VerbTerm	VRoot_VRoot_VRoot_VRoot_VRoot	BPre15_VRoot_ApplExt_PassExt_VerbTerm	VRoot_NStem_VRoot_VRoot_VRoot
nga_loku_fan_el_ek_ile	AdvPre_RelConc15_VRoot_ApplExt_NeutExt_Perf	VRoot_VRoot_VRoot_VRoot_VRoot_VRoot	AdvPre_RelConc15_VRoot_ApplExt_NeutExt_Perf	NStem_NStem_NStem_NStem_NStem_NStem
kwe_m_sebenti	PossConc15_BPre3_NStem	NStem_NStem_NStem	PossConc15_BPre3_NStem	NStem_NStem_NStem
.	Punc	Punc	Punc	Punc
bo_bani	BPre2_Interrog	Punc_Punc	BPre2_Interrog	Punc_Punc
laba_yi_tfol_a_ko	RelConc2_OC9_VRoot_VerbTerm_RelSuf	VRoot_VRoot_VRoot_VRoot_VRoot	RelConc2_OC9_VRoot_VerbTerm_RelSuf	VRoot_VRoot_VRoot_VRoot_VRoot
leti_n_sita	RelConc10_BPre9_NStem	NStem_NStem_NStem	RelConc10_BPre9_NStem	NStem_NStem_NStem
ta_ma_komidi	PossConc10_BPre6_NStem	NStem_NStem_NStem	PossConc10_BPre6_NStem	NStem_NStem_NStem_NStem
e_ma_wadi	NPrePre6_BPre6_NStem	NStem_NStem_NStem	NPrePre6_BPre6_NStem	NStem_NStem_NStem
njenge	Adv	Punc	Adv	Punc
kwa_ku_hamb_a	PossConc15_BPre15_VRoot_VerbTerm	NStem_NStem_NStem_NStem	PossConc15_BPre15_VRoot_VerbTerm	NStem_NStem_NStem_NStem
?	Punc	Punc	Punc	Punc
bo_n_gcondvomshini	BPre2a_BPre9_NStem	VRoot_VRoot_VRoot	BPre2a_BPre9_NStem	VRoot_VRoot
?	Punc	Punc	Punc	Punc
tin_cingo	NPre10_NStem	NStem_NStem	NPre10_NStem	NStem_NStem
?	Punc	Punc	Punc	Punc
ku_tsints_an_a	BPre15_VRoot_RecipExt_VerbTerm	NStem_NStem_NStem_NStem	BPre15_VRoot_RecipExt_VerbTerm	NStem_NStem_NStem_NStem
na_ba_holi	AdvPre_BPre2_NStem	NStem_NStem_NStem	AdvPre_BPre2_NStem	NStem_NStem_NStem
ba_politiki	PossConc2_NStem	NStem_NStem	PossConc2_NStem	Punc_Punc
?	Punc	Punc	Punc	Punc
ku_tsints_an_a	BPre15_VRoot_RecipExt_VerbTerm	NStem_NStem_NStem_NStem	BPre15_VRoot_RecipExt_VerbTerm	NStem_NStem_NStem_NStem
na_ba_m_sakato	AdvPre_PossConc3_BPre3_NStem	NStem_NStem_NStem_NStem	AdvPre_PossConc3_BPre3_NStem	NStem_NStem_NStem_NStem
?	Punc	Punc	Punc	Punc
e_ku_hlatiy_a_ini	LocPre_OC15_VRoot_VerbTerm_LocSuf	VRoot_VRoot_VRoot_VRoot_VRoot	LocPre_OC15_VRoot_VerbTerm_LocSuf	NStem_NStem_NStem_VRoot_NStem
kwa_tin_nombolo	PossConc15_BPre10_NStem	NStem_NStem_NStem	PossConc15_BPre10_NStem	Punc_Punc_Punc
e_ma_statistics	NPrePre6_BPre6_NStem	NStem_NStem_NStem	NPrePre6_BPre6_NStem	NStem_NStem_NStem
a_ya_setjentis_w_a	SC6_Pres_VRoot_PassExt_VerbTerm	VRoot_VRoot_VRoot_VRoot_VRoot	SC6_Pres_VRoot_PassExt_VerbTerm	VRoot_VRoot_VRoot_VRoot_VRoot
e_ku_finyet_a_ini	LocPre_OC15_VRoot_VerbTerm_LocSuf	VRoot_VRoot_VRoot_VRoot_VRoot	LocPre_OC15_VRoot_VerbTerm_LocSuf	VRoot_VRoot_NStem_NStem_NStem
i_datha	NPre9_NStem	NStem_NStem	NPre9_NStem	NStem_NStem
na_s_e_ku_khomb_is_a_ini	AdvPre_PreLoc-s_LocPre_BPre15_VRoot_CausExt_VerbTerm_LocSuf	VRoot_VRoot_VRoot_VRoot_VRoot_VRoot_VRoot_VRoot	AdvPre_PreLoc-s_LocPre_BPre15_VRoot_CausExt_VerbTerm_LocSuf	VRoot_VRoot_VRoot_VRoot_VRoot_VRoot_VRoot_VRoot
bu_dlelwane	BPre14_NStem	NStem_NStem	BPre14_NStem	NStem_NStem
,	Punc	NStem	Punc	Punc
ku_sebent_is_w_a	SC15_VRoot_CausExt_PassExt_VerbTerm	VRoot_NStem_NStem_NStem_NStem	SC15_VRoot_CausExt_PassExt_VerbTerm	VRoot_VRoot_VRoot_VRoot_VRoot
i_n_dlela	NPrePre9_BPre9_NStem	NStem_NStem_NStem	NPrePre9_BPre9_NStem	NStem_NStem_NStem
ya_ku_cabang_a	PossConc9_OC15_VRoot_VerbTerm	NStem_NStem_NStem_NStem	PossConc9_OC15_VRoot_VerbTerm	NStem_NStem_NStem_NStem
le_deductive	RelConc9_Foreign	NStem_NStem	RelConc9_Foreign	NStem_NStem
.	Punc	Punc	Punc	Punc
e_ku_hlatiy_a_ini	LocPre_OC15_VRoot_VerbTerm_LocSuf	VRoot_VRoot_VRoot_VRoot_VRoot	LocPre_OC15_VRoot_VerbTerm_LocSuf	VRoot_VRoot_VRoot_VRoot_VRoot
i_datha	NPre9_NStem	NStem_NStem	NPre9_NStem	NStem_NStem
ya_lu_ati	PossConc9_BPre11_NStem	NStem_NStem_NStem	PossConc9_BPre11_NStem	NStem_NStem_NStem
lwa_tin_phawu	PossConc11_NPre10_NStem	NStem_NStem_NStem	PossConc11_NPre10_NStem	NStem_NStem_NStem
ku_setjentis_w_a	SC15_VRoot_PassExt_VerbTerm	NStem_NStem_VRoot_NStem	SC15_VRoot_PassExt_VerbTerm	VRoot_NStem_VRoot_VRoot
ku_cabang_a	BPre15_VRoot_VerbTerm	NStem_NStem_NStem	BPre15_VRoot_VerbTerm	NStem_NStem_NStem
loku_inductive	RelConc15_Foreign	NStem_NStem	RelConc15_Foreign	NStem_NStem
.	Punc	Punc	Punc	Punc
inductive	Foreign	Punc	Foreign	NStem_NStem
u_chaz_a	SC9_VRoot_VerbTerm	NStem_NStem_NStem	SC9_VRoot_VerbTerm	NStem_NStem_NStem
ku_cabang_a	BPre15_VRoot_VerbTerm	NStem_NStem_NStem	BPre15_VRoot_VerbTerm	NStem_NStem_NStem
loku_suk_a	RelConc15_VRoot_VerbTerm	NStem_NStem_NStem	RelConc15_VRoot_VerbTerm	Punc_Punc_Punc
e_in_tfo_ini	LocPre_NPre9_NStem_LocSuf	NStem_NStem_NStem_NStem	LocPre_NPre9_NStem_LocSuf	VRoot_VRoot_VRoot_VRoot
le_condz_ile	RelConc9_VRoot_Perf	NStem_NStem_NStem	RelConc9_VRoot_Perf	NStem_NStem_NStem
ku_y_a	BPre15_VRoot_VerbTerm	NStem_NStem_NStem	BPre15_VRoot_VerbTerm	NStem_NStem_NStem
e_ku_khulum_eni	LocPre_BPre15_VRoot_LocSuf	NStem_NStem_NStem_NStem	LocPre_BPre15_VRoot_LocSuf	NStem_NStem_NStem_NStem_NStem
nga_li_nyenti	AdvPre_BPre5_NStem	NStem_NStem_NStem	AdvPre_BPre5_NStem	NStem_NStem_NStem
-	Punc	Punc	Punc	Punc
nga_lama_nye	AdvPre_AdjPref6_AdjStem	NStem_NStem_NStem	AdvPre_AdjPref6_AdjStem	NStem_NStem_NStem
e_ma_gama	NPrePre6_BPre6_NStem	NStem_NStem_NStem	NPrePre6_BPre6_NStem	NStem_NStem_NStem
,	Punc	Punc	Punc	Punc
ku_sh_o	SC15_VRoot_VerbTerm	NStem_NStem_NStem	SC15_VRoot_VerbTerm	Punc_Punc
ku_suk_a	BPre15_VRoot_VerbTerm	NStem_NStem_NStem	BPre15_VRoot_VerbTerm	NStem_NStem_NStem
ku_loku_bon_a_ko	LocPre_RelConc15_VRoot_VerbTerm_RelSuf	VRoot_NStem_VRoot_VRoot_VRoot	LocPre_RelConc15_VRoot_VerbTerm_RelSuf	VRoot_VRoot_VRoot_VRoot_VRoot
u_y_e	SC2ps_VRoot_VerbTerm	NStem_NStem_NStem	SC2ps_VRoot_VerbTerm	NStem_NStem_NStem
esi_phetfo_ini	RelConc7_NStem_LocSuf	VRoot_VRoot_NStem	RelConc7_NStem_LocSuf	VRoot_VRoot_VRoot_NStem
lesi_khulum_a	RelConc7_VRoot_VerbTerm	NStem_NStem_NStem	RelConc7_VRoot_VerbTerm	NStem_VRoot_VRoot
nga_li_nyenti	AdvPre_BPre5_NStem	NStem_NStem_NStem	AdvPre_BPre5_NStem	NStem_NStem_NStem
.	Punc	Punc	Punc	Punc
tin_dleko	BPre10_NStem	NStem_NStem	BPre10_NStem	Punc_Punc
ta_ku_ti_bandzakany_a	PossConc10_OC15_ReflPre_VRoot_VerbTerm	VRoot_VRoot_VRoot_VRoot_VRoot	PossConc10_OC15_ReflPre_VRoot_VerbTerm	VRoot_VRoot_VRoot_VRoot_VRoot
-	Punc	Punc	Punc	Punc
loku	Dem15_Pos1	Punc	Dem15_Pos1	Punc
ku_fak_a	SC15_VRoot_VerbTerm	NStem_NStem_NStem	SC15_VRoot_VerbTerm	NStem_NStem_NStem
e_khatsi	LocPre_Adv	NStem_NStem	LocPre_Adv	Punc_Punc
ba_sebenti	BPre2_NStem	NStem_NStem	BPre2_NStem	NStem_NStem
,	Punc	Punc	Punc	Punc
si_khatsi	BPre7_NStem	NStem_NStem	BPre7_NStem	NStem_NStem
ne_ti_mali	AdvPre_NPre10_NStem	NStem_NStem_NStem	AdvPre_NPre10_NStem	NStem_NStem_NStem
.	Punc	Punc	Punc	Punc
ku_bamb_a	BPre15_VRoot_VerbTerm	NStem_NStem_NStem	BPre15_VRoot_VerbTerm	NStem_NStem_NStem
i_mi_hlangano	NPrePre4_BPre4_NStem	NStem_NStem_NStem	NPrePre4_BPre4_NStem	NStem_NStem_NStem
njalo	Adv	Punc	Adv	Punc
,	Punc	Punc	Punc	Punc
ku_ent_a	BPre15_VRoot_VerbTerm	NStem_NStem_NStem	BPre15_VRoot_VerbTerm	NStem_NStem_NStem
i_mi_tamo	NPrePre4_BPre4_NStem	NStem_NStem_NStem	NPrePre4_BPre4_NStem	NStem_NStem_NStem
ya_ku_hlangan_a	PossConc4_OC15_VRoot_VerbTerm	VRoot_NStem_NStem_VRoot	PossConc4_OC15_VRoot_VerbTerm	NStem_NStem_NStem_NStem
na_laba_m_el_e	AdvPre_RelConc2_VRoot_ApplExt_VerbTerm	NStem_NStem_NStem_NStem_NStem	AdvPre_RelConc2_VRoot_ApplExt_VerbTerm	NStem_NStem_NStem_NStem
u_mu_mango	NPrePre3_BPre3_NStem	NStem_NStem_NStem	NPrePre3_BPre3_NStem	NStem_NStem_NStem
kanye	Conj	Punc	Conj	Punc
na_ku_khulum_is_an_a	AdvPre_OC15_VRoot_CausExt_RecipExt_VerbTerm	VRoot_VRoot_VRoot_VRoot_VRoot_VRoot	AdvPre_OC15_VRoot_CausExt_RecipExt_VerbTerm	VRoot_VRoot_VRoot_VRoot_VRoot_VRoot
na_e_ma_lunga	AdvPre_NPrePre6_BPre6_NStem	NStem_NStem_NStem_NStem	AdvPre_NPrePre6_BPre6_NStem	NStem_NStem_NStem_NStem
khona	Adv	Punc	Adv	Punc
ku_tewu_lalel_w_a	SC15_Fut_VRoot_PassExt_VerbTerm	VRoot_VRoot_VRoot_VRoot_VRoot	SC15_Fut_VRoot_PassExt_VerbTerm	VRoot_VRoot_VRoot_VRoot_VRoot
ti_dzingo	BPre8_NStem	Punc_Punc	BPre8_NStem	NStem_NStem
na_tin_dzaba	AdvPre_BPre10_NStem	NStem_NStem_NStem	AdvPre_BPre10_NStem	NStem_NStem_NStem
leti_tsints_a	RelConc10_VRoot_VerbTerm	NStem_NStem_NStem	RelConc10_VRoot_VerbTerm	NStem_NStem_NStem
u_mu_mango	NPrePre3_BPre3_NStem	NStem_NStem_NStem	NPrePre3_BPre3_NStem	NStem_NStem_NStem
ku_tsats_a	BPre15_VRoot_VerbTerm	NStem_NStem_NStem	BPre15_VRoot_VerbTerm	NStem_NStem_NStem
si_khatsi	BPre7_NStem	Punc_Punc	BPre7_NStem	NStem_NStem
.	Punc	Punc	Punc	Punc
li_nyenti	AdjPref5_AdjStem	NStem_NStem	AdjPref5_AdjStem	NStem_NStem
la_e_ma_lunga	PossConc5_NPrePre6_BPre6_NStem	NStem_NStem_NStem_NStem	PossConc5_NPrePre6_BPre6_NStem	NStem_NStem_NStem
a_ma_komidi	PossConc6_BPre6_NStem	NStem_NStem_NStem	PossConc6_BPre6_NStem	NStem_NStem_NStem
a_ma_wadi	PossConc6_BPre6_NStem	NStem_NStem_NStem	PossConc6_BPre6_NStem	NStem_NStem_NStem
kanye	Conj	Punc	Conj	Punc
na_ma_khansela	AdvPre_BPre6_NStem	NStem_NStem_NStem	AdvPre_BPre6_NStem	NStem_NStem_NStem
e_si_khatsi_ini	LocPre_BPre7_NStem_LocSuf	NStem_VRoot_NStem_NStem	LocPre_BPre7_NStem_LocSuf	NStem_NStem_NStem_NStem
e_si_khatsi_ini	LocPre_BPre7_NStem_LocSuf	VRoot_VRoot_VRoot_VRoot	LocPre_BPre7_NStem_LocSuf	NStem_NStem_NStem_NStem
ku_mel_e	SC15_VRoot_VerbTerm	NStem_NStem_NStem	SC15_VRoot_VerbTerm	NStem_NStem_NStem
ba_ent_e	SC2_VRoot_VerbTerm	NStem_NStem_NStem	SC2_VRoot_VerbTerm	NStem_NStem_NStem
si_khatsi	BPre7_NStem	NStem_NStem	BPre7_NStem	NStem_NStem
nga_muva	CopPre_NStem	NStem_NStem	CopPre_NStem	NStem_NStem
kwa_e_ma_awa	PossConc15_NPrePre6_BPre6_NStem	NStem_NStem_NStem_NStem	PossConc15_NPrePre6_BPre6_NStem	NStem_NStem_NStem_NStem
a_ku_sebent_a	PossConc6_OC15_VRoot_VerbTerm	NStem_NStem_NStem_NStem	PossConc6_OC15_VRoot_VerbTerm	NStem_NStem_NStem_NStem
la_ta_yelek_ile	PossConc5_Fut_VRoot_Perf	NStem_NStem_NStem_NStem	PossConc5_Fut_VRoot_Perf	NStem_VRoot_NStem_NStem
.	Punc	Punc	Punc	Punc
e_ma_lunga	NPrePre6_BPre6_NStem	Punc_Punc_NStem	NPrePre6_BPre6_NStem	NStem_NStem_NStem
e_ma_komidi	NPrePre6_BPre6_NStem	NStem_NStem_NStem	NPrePre6_BPre6_NStem	NStem_NStem_NStem
a_ma_wadi	PossConc6_BPre6_NStem	NStem_NStem_NStem	PossConc6_BPre6_NStem	NStem_NStem_NStem
ku_nga_ent_ek_a	SC15_Pot_VRoot_NPas_VerbTerm	VRoot_VRoot_VRoot_VRoot_VRoot	SC15_Pot_VRoot_NPas_VerbTerm	NStem_NStem_NStem_NStem_NStem
ba_dzing_e	SC2_VRoot_VerbTerm	NStem_NStem_NStem	SC2_VRoot_VerbTerm	NStem_NStem_NStem
ku_buk_a	BPre15_VRoot_VerbTerm	Punc_Punc_Punc	BPre15_VRoot_VerbTerm	NStem_NStem_NStem
ku_fak_w_a	BPre15_VRoot_PassExt_VerbTerm	VRoot_NStem_NStem_VRoot	BPre15_VRoot_PassExt_VerbTerm	VRoot_NStem_NStem_NStem
kwa_tin_hlelo	PossConc15_BPre10_NStem	NStem_NStem_NStem	PossConc15_BPre10_NStem	NStem_NStem_NStem
leti_finyelel_a	RelConc10_VRoot_VerbTerm	NStem_NStem_NStem	RelConc10_VRoot_VerbTerm	NStem_NStem_NStem
e_u_mu_mango_ini	LocPre_NPrePre3_BPre3_NStem_LocSuf	VRoot_VRoot_VRoot_VRoot_VRoot	LocPre_NPrePre3_BPre3_NStem_LocSuf	NStem_NStem_VRoot_VRoot_NStem
e_lu_hlelo_ini	LocPre_BPre11_NStem_LocSuf	NStem_NStem_NStem_NStem	LocPre_BPre11_NStem_LocSuf	VRoot_VRoot_VRoot_NStem
lwa_ku_tfutfuk_is_a	PossConc11_OC15_VRoot_CausExt_VerbTerm	VRoot_VRoot_VRoot_VRoot_VRoot	PossConc11_OC15_VRoot_CausExt_VerbTerm	VRoot_VRoot_VRoot_VRoot_VRoot
lolu_bumban_ile	RelConc11_VRoot_Perf	NStem_NStem_NStem	RelConc11_VRoot_Perf	VRoot_VRoot_VRoot_VRoot
nobe	Conj	Punc	Conj	Punc
ku_lemi_nye	LocPre_AdjPref4_AdjStem	NStem_NStem_NStem	LocPre_AdjPref4_AdjStem	NStem_NStem_NStem
i_mi_combelelotimali	NPrePre4_BPre4_NStem	VRoot_VRoot_VRoot	NPrePre4_BPre4_NStem	VRoot_VRoot_VRoot
.	Punc	Punc	Punc	Punc
u_m_hlangano	NPrePre3_BPre3_NStem	NStem_NStem_NStem	NPrePre3_BPre3_NStem	NStem_NStem_NStem
we_li_cembu	PossConc3_BPre5_NStem	NStem_NStem_NStem	PossConc3_BPre5_NStem	NStem_NStem_NStem
we_ma_awa	CopPre_BPre6_NStem	NStem_NStem_NStem	CopPre_BPre6_NStem	NStem_NStem_NStem_NStem
lama_bili	AdjPref6_AdjStem	Punc_Punc	AdjPref6_AdjStem	Punc_Punc
na_ba_chubisifundvo	AdvPre_BPre2_NStem	VRoot_VRoot_VRoot	AdvPre_BPre2_NStem	VRoot_VRoot_VRoot
ba_CBP	PossConc2_Abbr	NStem_NStem	PossConc2_Abbr	NStem_NStem
,	Punc	Punc	Punc	Punc
e_ma_lunga	NPrePre6_BPre6_NStem	NStem_NStem_NStem	NPrePre6_BPre6_NStem	NStem_NStem_NStem
a_li_komidi	PossConc6_BPre5_NStem	NStem_NStem_NStem	PossConc6_BPre5_NStem	NStem_NStem_NStem
leli_wadi	RelConc5_NStem	NStem_NStem	RelConc5_NStem	NStem_NStem_NStem
kanye	Adv	Punc	Adv	Punc
ne_ma_cembu	AdvPre_BPre6_NStem	NStem_NStem_NStem	AdvPre_BPre6_NStem	NStem_NStem_NStem
la_sebent_a_ko	PossConc5_VRoot_VerbTerm_RelSuf	NStem_NStem_NStem_NStem	PossConc5_VRoot_VerbTerm_RelSuf	VRoot_VRoot_VRoot_VRoot
la_sukuny_is_el_w_e	PossConc5_VRoot_CausExt_ApplExt_PassExt_VerbTerm	VRoot_VRoot_VRoot_VRoot_VRoot_VRoot	PossConc5_VRoot_CausExt_ApplExt_PassExt_VerbTerm	VRoot_VRoot_VRoot_VRoot_VRoot_VRoot
lowo	Dem3_Pos2	NStem	Dem3_Pos2	Punc
na_lowo	AdvPre_Dem3_Pos2	NStem_NStem	AdvPre_Dem3_Pos2	NStem_NStem
mu_phumela	BPre3_NStem	NStem_NStem	BPre3_NStem	NStem_NStem
.	Punc	Punc	Punc	Punc
ku_le_mi_nyaka	LocPre_Dem4_Pos1_BPre4_NStem	NStem_NStem_NStem_NStem	LocPre_Dem4_Pos1_BPre4_NStem	NStem_NStem_NStem_NStem
lesi_hlanu	AdjPref7_AdjStem	NStem_NStem	AdjPref7_AdjStem	NStem_NStem
le_ye_ngc_ile	RelConc9_Pres_VRoot_Perf	NStem_NStem_NStem_NStem	RelConc9_Pres_VRoot_Perf	VRoot_VRoot_NStem_VRoot
,	Punc	NStem	Punc	Punc
i_m_phahla	NPrePre9_BPre3_NStem	NStem_NStem_NStem	NPrePre9_BPre3_NStem	NStem_NStem_NStem
le_tfum_el_w_a	RelConc9_VRoot_ApplExt_PassExt_VerbTerm	NStem_NStem_NStem_NStem_NStem	RelConc9_VRoot_ApplExt_PassExt_VerbTerm	NStem_NStem_NStem_NStem_NStem
yi_ningizimu	CopPre_NStem	NStem_NStem	CopPre_NStem	NStem_NStem
Afrika	ProperName	Punc	ProperName	Punc
e_ma_ve_ini	LocPre_BPre6_NStem_LocSuf	NStem_NStem_NStem_NStem	LocPre_BPre6_NStem_LocSuf	NStem_NStem_NStem_NStem
la_ne_mi_notfo	PossConc5_AdvPre_BPre4_NStem	NStem_NStem_NStem_NStem	PossConc5_AdvPre_BPre4_NStem	NStem_NStem_NStem_NStem
le_s_e_mbili	RelConc4_PreLoc-s_LocPre_NStem	NStem_NStem_NStem_NStem	RelConc4_PreLoc-s_LocPre_NStem	NStem_NStem_NStem_NStem
i_ehl_ile	SC9_VRoot_Perf	NStem_NStem_NStem	SC9_VRoot_Perf	NStem_NStem_NStem
ngenca	Conj	Punc	Conj	NStem_NStem_NStem_NStem
ya_si_dzingo	PossConc9_BPre7_NStem	Punc_Punc_NStem	PossConc9_BPre7_NStem	NStem_NStem_NStem
lesi_phasi	RelConc7_Adv	NStem_NStem	RelConc7_Adv	NStem_NStem
.	Punc	Punc	Punc	Punc
lo_kwe_hl_a	PossConc5_BPre15_VRoot_VerbTerm	NStem_NStem_NStem_NStem	PossConc5_BPre15_VRoot_VerbTerm	NStem_NStem_NStem
ku_ncesitel_is_w_a	SC15_VRoot_CausExt_PassExt_VerbTerm	NStem_VRoot_VRoot_VRoot_NStem	SC15_VRoot_CausExt_PassExt_VerbTerm	NStem_NStem_NStem_NStem_NStem
ku_andz_a	BPre15_VRoot_VerbTerm	NStem_NStem_NStem	BPre15_VRoot_VerbTerm	NStem_NStem_NStem
kwe_si_dzingo	PossConc15_BPre7_NStem	NStem_NStem_NStem	PossConc15_BPre7_NStem	NStem_NStem_NStem
sa_s_e_Eshiya	PossConc7_PreLoc-s_LocPre_ProperName	NStem_NStem_NStem_NStem	PossConc7_PreLoc-s_LocPre_ProperName	VRoot_VRoot_NStem_VRoot
kanye	Adv	Punc	Adv	Punc
na_ma_nani	AdvPre_BPre6_NStem	NStem_NStem_NStem	AdvPre_BPre6_NStem	NStem_NStem_NStem
e_in_phahla	PossConc6_BPre9_NStem	NStem_NStem_NStem	PossConc6_BPre9_NStem	NStem_NStem_NStem
la_s_e_tulu	PossConc5_PreLoc-s_LocPre_NStem	NStem_NStem_NStem_NStem	PossConc5_PreLoc-s_LocPre_NStem	NStem_NStem_NStem_NStem
.	Punc	Punc	Punc	Punc
njengobe	Adv	Punc	Adv	NStem
i_Ningizimu	BPre9_ProperName	NStem_NStem	BPre9_ProperName	NStem_NStem
Afrika	ProperName	Punc	ProperName	Punc
i_gcin_e	SC9_VRoot_VerbTerm	NStem_NStem_NStem	SC9_VRoot_VerbTerm	NStem_NStem_NStem
ku_hweb_el_an_a	BPre15_VRoot_ApplExt_RecipExt_VerbTerm	VRoot_VRoot_NStem_VRoot_NStem	BPre15_VRoot_ApplExt_RecipExt_VerbTerm	VRoot_VRoot_VRoot_VRoot_VRoot
ku_s_e_si_mo_ini	LocPre_PreLoc-s_LocPre_BPre7_NStem_LocSuf	VRoot_VRoot_VRoot_NStem_NStem_NStem	LocPre_PreLoc-s_LocPre_BPre7_NStem_LocSuf	VRoot_VRoot_NStem_NStem_VRoot
se_ku_lingana	PossConc7_BPre15_NStem	NStem_NStem_NStem	PossConc7_BPre15_NStem	NStem_NStem_NStem_NStem
loku_ka_hle	RelConc15_AdvPre_AdjStem	NStem_NStem_NStem	RelConc15_AdvPre_AdjStem	NStem_NStem_NStem
,	Punc	Punc	Punc	Punc
nga_i_n_nca	AdvPre_NPrePre9_BPre9_NStem	NStem_VRoot_VRoot_NStem	AdvPre_NPrePre9_BPre9_NStem	NStem_NStem_NStem_NStem
ya_ma_nani	PossConc9_BPre6_NStem	NStem_NStem_NStem	PossConc9_BPre6_NStem	NStem_NStem_NStem_NStem
e_m_phahla	LocPre_BPre3_NStem	NStem_NStem_NStem	LocPre_BPre3_NStem	NStem_NStem_NStem
la_s_e_tulu	PossConc5_PreLoc-s_LocPre_NStem	NStem_NStem_NStem_NStem	PossConc5_PreLoc-s_LocPre_NStem	NStem_NStem_NStem_NStem
,	Punc	Punc	Punc	Punc
ku_si_mo	LocPre_BPre7_NStem	NStem_NStem_NStem	LocPre_BPre7_NStem	NStem_NStem_NStem
lesi_khatsat_a_ko	RelConc7_VRoot_VerbTerm_RelSuf	NStem_NStem_VRoot_NStem	RelConc7_VRoot_VerbTerm_RelSuf	VRoot_VRoot_VRoot_VRoot
kutsi	Conj	Punc	Conj	Punc
i_m_phahla	NPrePre9_BPre3_NStem	Punc_Punc_Punc	NPrePre9_BPre3_NStem	NStem_NStem_NStem
le_tfum_el_w_a	RelConc9_VRoot_ApplExt_PassExt_VerbTerm	VRoot_VRoot_VRoot_VRoot_VRoot	RelConc9_VRoot_ApplExt_PassExt_VerbTerm	VRoot_VRoot_VRoot_VRoot_VRoot
nga_phandle	AdvPre_Adv	NStem_NStem	AdvPre_Adv	NStem_NStem
le_bit_a	RelConc9_VRoot_VerbTerm	NStem_NStem_NStem	RelConc9_VRoot_VerbTerm	Punc_Punc_NStem
ka_khulu	AdvPre_AdjStem	NStem_NStem	AdvPre_AdjStem	NStem_NStem
na_le_dzing_a	AdvPre_RelConc9_VRoot_VerbTerm	VRoot_VRoot_VRoot_VRoot	AdvPre_RelConc9_VRoot_VerbTerm	NStem_NStem_NStem_NStem
ti_sebenti	BPre8_NStem	NStem_NStem	BPre8_NStem	NStem_NStem
leti_nyenti	AdjPref10_AdjStem	NStem_NStem	AdjPref10_AdjStem	NStem_NStem
i_ya_ehl_a	SC9_Pres_VRoot_VerbTerm	NStem_NStem_VRoot_NStem	SC9_Pres_VRoot_VerbTerm	NStem_NStem_NStem_VRoot
.	Punc	Punc	Punc	Punc
ti_ncumo	BPre8_NStem	NStem_NStem	BPre8_NStem	NStem_NStem
le_ku_nga_ka_bon_is_an_w_a	RelConc8_SC15_NegPre_ExclNeg_VRoot_CausExt_RecipExt_PassExt_VerbTerm	VRoot_VRoot_VRoot_VRoot_VRoot_VRoot_VRoot_VRoot_VRoot	RelConc8_SC15_NegPre_ExclNeg_VRoot_CausExt_RecipExt_PassExt_VerbTerm	VRoot_VRoot_VRoot_VRoot_VRoot_VRoot_VRoot_VRoot
nga_to	AdvPre_PronStem10	Punc_Punc	AdvPre_PronStem10	Punc_Punc
-	Punc	Punc	Punc	Punc
ti_ncumo	BPre8_NStem	NStem_NStem	BPre8_NStem	NStem_NStem
ti_tsats_w_a	SC8_VRoot_PassExt_VerbTerm	NStem_NStem_NStem_NStem	SC8_VRoot_PassExt_VerbTerm	NStem_NStem_NStem_NStem
nga_phandle	AdvPre_Adv	NStem_NStem	AdvPre_Adv	NStem_NStem
kwa_ku_tfol_a	PossConc15_BPre15_VRoot_VerbTerm	NStem_NStem_NStem_NStem	PossConc15_BPre15_VRoot_VerbTerm	NStem_NStem_NStem_NStem
i_mi_bono	NPrePre4_BPre4_NStem	NStem_NStem_NStem	NPrePre4_BPre4_NStem	NStem_NStem_NStem
ya_u_mu_mango	PossConc9_NPrePre3_BPre3_NStem	NStem_NStem_NStem_NStem	PossConc9_NPrePre3_BPre3_NStem	NStem_NStem_NStem_NStem
.	Punc	Punc	Punc	NStem
nga_kwa_si_bonelo	AdvPre_PossConc15_BPre7_NStem	VRoot_VRoot_VRoot_NStem	AdvPre_PossConc15_BPre7_NStem	NStem_NStem_NStem_NStem
,	Punc	Punc	Punc	Punc
i_n_hlangano	NPrePre9_BPre9_NStem	NStem_NStem_NStem	NPrePre9_BPre9_NStem	NStem_NStem_NStem
nobe	Conj	Punc	Conj	Punc
i_n_kampani	NPrePre9_BPre9_NStem	NStem_NStem_NStem	NPrePre9_BPre9_NStem	Punc_Punc
nobe	Conj	Punc	Conj	Punc
um_mkhandlu	NPre3_NStem	NStem_NStem	NPre3_NStem	NStem_NStem_NStem
u_ts_i	SC1_VRoot_VerbTerm	NStem_NStem_NStem	SC1_VRoot_VerbTerm	NStem_NStem_NStem
u_bonisan_ile	SC3_VRoot_Perf	NStem_NStem_NStem	SC3_VRoot_Perf	NStem_NStem_NStem_NStem_NStem
na_u_m_mango	AdvPre_NPrePre1a_BPre1a_NStem	VRoot_VRoot_VRoot_VRoot	AdvPre_NPrePre1a_BPre1a_NStem	NStem_VRoot_NStem_VRoot
nekutsi	Conj	Punc	Conj	NStem_NStem
u_mu_mango	NPrePre3_BPre3_NStem	NStem_NStem_NStem	NPrePre3_BPre3_NStem	NStem_NStem_NStem
u_vum_ile	SC3_VRoot_Perf	NStem_NStem_NStem	SC3_VRoot_Perf	NStem_NStem_NStem
kantsi	Conj	Punc	Conj	Punc
loku_ent_ek_ile	RelConc15_VRoot_NeutExt_Perf	NStem_NStem_NStem_NStem	RelConc15_VRoot_NeutExt_Perf	NStem_NStem_NStem_NStem
ngu_kutsi	CopPre_Conj	NStem_NStem	CopPre_Conj	NStem_NStem
ba_ntfu	BPre2_NStem	NStem_NStem	BPre2_NStem	NStem_NStem
ba_vel_e	SC2_VRoot_VerbTerm	NStem_NStem_NStem	SC2_VRoot_VerbTerm	NStem_NStem_NStem
ba_tjel_w_a	SC2_VRoot_PassExt_VerbTerm	NStem_NStem_NStem_NStem	SC2_VRoot_PassExt_VerbTerm	NStem_NStem
nje	Adv	Punc	Adv	Punc
kutsi	Conj	Punc	Conj	Punc
ku_na_si_ehlakalo	BPre15_AdvPre_BPre7_NStem	VRoot_VRoot_NStem_VRoot	BPre15_AdvPre_BPre7_NStem	VRoot_VRoot_VRoot_NStem
lesi_tsite	RelConc7_RelStem	NStem_NStem	RelConc7_RelStem	NStem_NStem
lesi_ent_ek_a_ko	RelConc7_VRoot_NeutExt_VerbTerm_RelSuf	VRoot_VRoot_VRoot_VRoot_VRoot	RelConc7_VRoot_NeutExt_VerbTerm_RelSuf	VRoot_VRoot_VRoot_VRoot_VRoot
.	Punc	Punc	Punc	Punc
li_komidi	CopPre_NStem	Punc_NStem	CopPre_NStem	NStem_NStem
le_li_wadi	Dem4_Pos1_BPre5_NStem	NStem_NStem_NStem	Dem4_Pos1_BPre5_NStem	NStem_NStem_NStem
li_akh_iw_e	SC2_VRoot_VerbExt_VerbTerm	VRoot_VRoot_VRoot_VRoot	SC2_VRoot_VerbExt_VerbTerm	VRoot_VRoot_VRoot_VRoot
nga_e_ma_lunga	CopPre_NPrePre6_BPre6_NStem	NStem_NStem_NStem_NStem	CopPre_NPrePre6_BPre6_NStem	NStem_NStem_NStem_NStem
a_u_mu_mango	PossConc6_NPrePre3_BPre3_NStem	NStem_NStem_NStem_NStem	PossConc6_NPrePre3_BPre3_NStem	NStem_NStem_NStem_NStem
e_wadi	LocPre_NStem	NStem_NStem	LocPre_NStem	NStem_NStem
ya_masipala	PossConc4_NStem	NStem_NStem	PossConc4_NStem	NStem_NStem
wa_i_n_dzawo	PossConc1_NPrePre9_BPre9_NStem	VRoot_VRoot_VRoot_VRoot	PossConc1_NPrePre9_BPre9_NStem	VRoot_NStem_NStem
nobe	Conj	NStem	Conj	Punc
ku_masipala	LocPre_NStem	NStem_NStem	LocPre_NStem	NStem_NStem
wa_i_n_dzawo	PossConc1_NPrePre9_BPre9_NStem	VRoot_VRoot_VRoot_VRoot	PossConc1_NPrePre9_BPre9_NStem	NStem_NStem_NStem
nobe	Conj	Punc	Conj	Punc
w_e_metro	PossConc3_LocPre_NStem	NStem_NStem_NStem	PossConc3_LocPre_NStem	Punc_Punc
.	Punc	Punc	Punc	NStem
nge_ma_komidi	AdvPre_BPre6_NStem	NStem_NStem_NStem	AdvPre_BPre6_NStem	NStem_NStem_NStem
e_ku_elulek_a	LocPre_OC15_VRoot_VerbTerm	VRoot_NStem_NStem_VRoot	LocPre_OC15_VRoot_VerbTerm	NStem_NStem_NStem_NStem
la_nga_ent_a	PossConc5_AdvPre_VRoot_VerbTerm	NStem_NStem_NStem_NStem	PossConc5_AdvPre_VRoot_VerbTerm	NStem_NStem_NStem_NStem
ti_phakamisonome	CopPre_NStem	NStem_NStem	CopPre_NStem	NStem_NStem
nga_leti_nye	AdvPre_AdjPref10_AdjStem	NStem_NStem_NStem	AdvPre_AdjPref10_AdjStem	NStem_NStem_NStem
tin_dzaba	BPre10_NStem	NStem_NStem	BPre10_NStem	NStem_NStem
leti_tsints_a	RelConc10_VRoot_VerbTerm	NStem_NStem_NStem	RelConc10_VRoot_VerbTerm	NStem_NStem_NStem
li_wadi	BPre5_NStem	NStem_NStem	BPre5_NStem	NStem_NStem
.	Punc	Punc	Punc	Punc
a_bek_w_a	SC6_VRoot_PassExt_VerbTerm	NStem_NStem_NStem_NStem	SC6_VRoot_PassExt_VerbTerm	NStem_NStem_NStem_NStem
kute	Conj	Punc	Conj	Punc
ku_andz_is_w_a	SC15_VRoot_CausExt_PassExt_VerbTerm	NStem_VRoot_VRoot_VRoot_NStem	SC15_VRoot_CausExt_PassExt_VerbTerm	NStem_NStem_NStem_NStem_NStem
ku_bandzakany_ek_a	BPre15_VRoot_NeutExt_VerbTerm	NStem_VRoot_NStem_NStem	BPre15_VRoot_NeutExt_VerbTerm	VRoot_VRoot_VRoot_VRoot
kwe_ba_hlali	PossConc15_BPre2_NStem	NStem_NStem_NStem	PossConc15_BPre2_NStem	NStem_NStem_NStem
e_wadi_ini	LocPre_NStem_LocSuf	NStem_NStem_NStem	LocPre_NStem_LocSuf	NStem_NStem_NStem
la_bo	PossConc5_PronStem2	Punc_Punc	PossConc5_PronStem2	Punc_Punc
e_ku_tsats_w_ini	LocPre_BPre15_VRoot_PassExt_LocSuf	VRoot_VRoot_VRoot_VRoot_VRoot	LocPre_BPre15_VRoot_PassExt_LocSuf	VRoot_VRoot_VRoot_VRoot_VRoot_VRoot
kwa_ti_ncumo	PossConc15_BPre8_NStem	VRoot_VRoot_VRoot	PossConc15_BPre8_NStem	NStem_NStem_NStem
t_e_intsandvo	PossConc8_LocPre_NStem	VRoot_VRoot_VRoot	PossConc8_LocPre_NStem	NStem_NStem_NStem
ya_li_nyenti	PossConc4_BPre5_AdjStem	NStem_NStem_NStem	PossConc4_BPre5_AdjStem	NStem_NStem_NStem
kute	Conj	Punc	Conj	Punc
ba_tewu_faka	NPre2_Fut_NStem	NStem_Punc_NStem	NPre2_Fut_NStem	VRoot_VRoot_VRoot_VRoot
si_andla	NPre7_NStem	NStem_NStem	NPre7_NStem	NStem_NStem
e_tin_dzaba_ini	LocPre_BPre10_NStem_LocSuf	NStem_NStem_NStem_NStem	LocPre_BPre10_NStem_LocSuf	NStem_NStem_NStem_NStem
leti_tsints_a	RelConc10_VRoot_VerbTerm	NStem_NStem_NStem	RelConc10_VRoot_VerbTerm	NStem_NStem_NStem
ku_phil_a	BPre15_VRoot_VerbTerm	NStem_NStem_NStem	BPre15_VRoot_VerbTerm	NStem_NStem_NStem
kwa_bo	PossConc15_PronStem2	Punc_Punc	PossConc15_PronStem2	Punc_Punc
kwe_ma_langa	PossConc15_BPre6_NStem	NStem_NStem_NStem	PossConc15_BPre6_NStem	NStem_NStem_NStem_NStem
o_nkhe	QuantConc6_QuantStem	NStem_NStem	QuantConc6_QuantStem	NStem_NStem
.	Punc	NStem	Punc	Punc
ku_lesi_gaba	LocPre_Dem7_Pos1_NStem	NStem_NStem_NStem	LocPre_Dem7_Pos1_NStem	NStem_NStem_NStem
lesi	Dem7_Pos1	Punc	Dem7_Pos1	Punc
u_mu_ehluleli	NPrePre1a_BPre1_NStem	NStem_NStem_NStem	NPrePre1a_BPre1_NStem	NStem_NStem_NStem
u_mem_a	SC1_VRoot_VerbTerm	NStem_NStem_NStem	SC1_VRoot_VerbTerm	NStem_NStem_NStem
nga_li_nye	AdvPre_AdjPref5_AdjStem	NStem_NStem_NStem	AdvPre_AdjPref5_AdjStem	NStem_NStem_NStem
la_e_ma_cembu	PossConc5_NPrePre6_BPre6_NStem	NStem_NStem_NStem_NStem	PossConc5_NPrePre6_BPre6_NStem	NStem_NStem_NStem
la_ti_mbandzakany_ile	RelConc6_OC8_VRoot_Perf	NStem_NStem_NStem_NStem	RelConc6_OC8_VRoot_Perf	NStem_VRoot_VRoot_NStem
kutsi	Conj	Punc	Conj	Punc
a_etful_e	SC6_VRoot_VerbTerm	NStem_NStem_NStem	SC6_VRoot_VerbTerm	NStem_NStem_NStem
lu_hlangotsi	BPre11_NStem	NStem_NStem	BPre11_NStem	NStem_NStem
lwa_ka_bo	PossConc11_PossConc15_PronStem2	NStem_NStem_Punc	PossConc11_PossConc15_PronStem2	NStem_NStem_NStem
lwa_n_dzaba	PossConc11_BPre9_NStem	NStem_NStem_NStem	PossConc11_BPre9_NStem	NStem_NStem_NStem
.	Punc	Punc	Punc	NStem
li_tsimba	BPre5_NStem	NStem_NStem	BPre5_NStem	NStem_NStem
leku_fundz_is_a	RelConc15_VRoot_CausExt_VerbTerm	NStem_NStem_NStem_NStem	RelConc15_VRoot_CausExt_VerbTerm	VRoot_VRoot_VRoot_VRoot
ku_mel_e	SC15_VRoot_VerbTerm	NStem_NStem_NStem	SC15_VRoot_VerbTerm	NStem_NStem_NStem
li_phindz_e	SC5_VRoot_VerbTerm	NStem_NStem_NStem	SC5_VRoot_VerbTerm	VRoot_VRoot_VRoot
li_fak_e	SC5_VRoot_VerbTerm	NStem_NStem_NStem	SC5_VRoot_VerbTerm	NStem_NStem_NStem
e_khatsi	LocPre_Adv	NStem_NStem	LocPre_Adv	Punc_Punc
e_ma_khansela	NPre6_BPre6_NStem	NStem_NStem_NStem	NPre6_BPre6_NStem	Punc_Punc_Punc
a_in_dzawo	PossConc6_NPre9_NStem	NStem_NStem_NStem	PossConc6_NPre9_NStem	NStem_NStem_NStem
,	Punc	Punc	Punc	Punc
la_ma_nye	RelConc6_BPre6_EnumStem	NStem_NStem_NStem	RelConc6_BPre6_EnumStem	Punc_Punc_Punc
e_ma_lunga	NPrePre6_BPre6_NStem	NStem_NStem_NStem	NPrePre6_BPre6_NStem	NStem_NStem_NStem
a_li_komidi	PossConc6_BPre5_NStem	VRoot_NStem_VRoot	PossConc6_BPre5_NStem	NStem_NStem_NStem
le_li_wadi	PossConc5_BPre5_NStem	NStem_NStem_NStem	PossConc5_BPre5_NStem	NStem_NStem_NStem
,	Punc	Punc	Punc	Punc
kanye	Conj	Punc	Conj	Punc
na_ti_phatsimandla	AdvPre_BPre8_NStem	NStem_NStem_NStem	AdvPre_BPre8_NStem	VRoot_NStem_NStem
ta_si_thekiniki	PossConc8_BPre7_NStem	NStem_NStem_NStem	PossConc8_BPre7_NStem	NStem_VRoot_VRoot
leti_nga_sit_a	RelConc8_Pot_VRoot_VerbTerm	NStem_NStem_NStem_NStem	RelConc8_Pot_VRoot_VerbTerm	NStem_NStem_NStem_NStem
nga_i_si_khatsi	AdvPre_NPrePre7_BPre7_NStem	NStem_NStem_NStem_NStem	AdvPre_NPrePre7_BPre7_NStem	NStem_NStem_NStem_NStem
sa_i_n_chubo	PossConc7_NPrePre9_BPre9_NStem	VRoot_NStem_VRoot_NStem	PossConc7_NPrePre9_BPre9_NStem	NStem_NStem_NStem_NStem
ya_ku_hlel_a	PossConc9_BPre15_VRoot_VerbTerm	NStem_NStem_NStem_NStem	PossConc9_BPre15_VRoot_VerbTerm	NStem_NStem_NStem_NStem
.	Punc	Punc	Punc	Punc
loku	Dem15_Pos1	Punc	Dem15_Pos1	Punc
ku_mel_e	SC15_VRoot_VerbTerm	NStem_NStem_NStem	SC15_VRoot_VerbTerm	NStem_NStem_NStem
ku_vum_el_an_w_e	SC15_VRoot_ApplExt_RecipExt_PassExt_VerbTerm	VRoot_VRoot_VRoot_VRoot_VRoot_VRoot	SC15_VRoot_ApplExt_RecipExt_PassExt_VerbTerm	VRoot_VRoot_VRoot_NStem_VRoot_VRoot
ngako	Conj	Punc	Conj	NStem
nga_i_si_khatsi	AdvPre_NPrePre7_BPre7_NStem	NStem_NStem_NStem_VRoot	AdvPre_NPrePre7_BPre7_NStem	NStem_VRoot_NStem_VRoot
se_si_gaba	PossConc7_BPre7_NStem	NStem_NStem_NStem	PossConc7_BPre7_NStem	NStem_NStem_NStem
se_ku_hlelel_a	PossConc7_BPre15_VRoot_VerbTerm	VRoot_VRoot_VRoot_VRoot	PossConc7_BPre15_VRoot_VerbTerm	NStem_NStem_NStem_NStem
kwa_nga_phambilini	PossConc15_AdvPre_Adv	NStem_NStem_NStem	PossConc15_AdvPre_Adv	NStem_NStem_NStem
ku_phindz_e	SC15_VRoot_VerbTerm	VRoot_NStem_NStem	SC15_VRoot_VerbTerm	NStem_NStem_NStem
ku_cinisek_is_w_e	SC15_VRoot_CausExt_PassExt_VerbTerm	VRoot_VRoot_VRoot_VRoot_VRoot	SC15_VRoot_CausExt_PassExt_VerbTerm	VRoot_NStem_NStem_NStem_NStem
e_mu_hlangano_ini	LocPre_BPre3_NStem_LocSuf	NStem_NStem_VRoot_VRoot	LocPre_BPre3_NStem_LocSuf	VRoot_VRoot_VRoot_VRoot
wa_u_mu_mango	PossConc3_NPrePre3_BPre3_NStem	NStem_NStem_NStem_NStem	PossConc3_NPrePre3_BPre3_NStem	NStem_NStem_NStem_NStem
.	Punc	Punc	Punc	Punc
li_tsimba	BPre5_NStem	NStem_NStem	BPre5_NStem	NStem_NStem
leku_fundz_is_a	RelConc15_VRoot_CausExt_VerbTerm	NStem_NStem_NStem_NStem	RelConc15_VRoot_CausExt_VerbTerm	NStem_NStem_NStem_NStem
ku_mel_e	SC15_VRoot_VerbTerm	NStem_NStem_NStem	SC15_VRoot_VerbTerm	NStem_NStem_NStem
li_fak_e	SC5_VRoot_VerbTerm	NStem_NStem_NStem	SC5_VRoot_VerbTerm	NStem_NStem_NStem
e_khatsi	LocPre_Adv	NStem_NStem	LocPre_Adv	NStem_NStem
e_ma_lunga	NPrePre6_BPre6_NStem	NStem_NStem_NStem	NPrePre6_BPre6_NStem	NStem_NStem_NStem
eli_komidi	Dem5_Pos1_NStem	NStem_NStem	Dem5_Pos1_NStem	NStem_NStem_NStem
le_li_wadi	PossConc5_BPre5_NStem	NStem_NStem_NStem	PossConc5_BPre5_NStem	NStem_NStem_NStem
lama_nyenti	AdjPref6_AdjStem	NStem_NStem	AdjPref6_AdjStem	NStem_NStem
nga_loku_nga_phumelel_ek_a	AdvPre_RelConc15_Pot_VRoot_NeutExt_VerbTerm	VRoot_VRoot_VRoot_VRoot_VRoot_VRoot	AdvPre_RelConc15_Pot_VRoot_NeutExt_VerbTerm	VRoot_VRoot_VRoot_VRoot_VRoot
.	Punc	Punc	Punc	Punc
lokungenani	Adv	NStem	Adv	NStem_NStem_NStem
la_ma_tsatfu	PossConc5_AdjPref6_AdjStem	NStem_NStem_NStem	PossConc5_AdjPref6_AdjStem	NStem_NStem_NStem
e_ma_lunga	NPrePre6_BPre6_NStem	NStem_NStem_NStem	NPrePre6_BPre6_NStem	NStem_NStem_NStem
a_li_komidi	PossConc6_BPre5_NStem	NStem_NStem_NStem	PossConc6_BPre5_NStem	NStem_NStem_NStem
leli_wadi	RelConc5_NStem	NStem_NStem	RelConc5_NStem	NStem_NStem_NStem
ku_mel_e	SC15_VRoot_VerbTerm	NStem_NStem_NStem	SC15_VRoot_VerbTerm	NStem_NStem_NStem
a_tfol_akal_e	SC6_VRoot_NeutExt_VerbTerm	VRoot_VRoot_VRoot_VRoot	SC6_VRoot_NeutExt_VerbTerm	VRoot_VRoot_VRoot_VRoot
nga_so	AdvPre_PronStem7	Punc_Punc	AdvPre_PronStem7	Punc_Punc
so_nkhe	QuantConc7_QuantStem	NStem_NStem	QuantConc7_QuantStem	NStem_NStem
si_khatsi	BPre7_NStem	NStem_NStem	BPre7_NStem	NStem_NStem
e_li_viki_ini	LocPre_BPre5_NStem_LocSuf	NStem_NStem_NStem_NStem	LocPre_BPre5_NStem_LocSuf	NStem_NStem_NStem_NStem
la_ku_hlel_a	PossConc5_OC15_VRoot_VerbTerm	NStem_NStem_NStem_NStem	PossConc5_OC15_VRoot_VerbTerm	NStem_NStem_NStem_NStem
,	Punc	Punc	Punc	Punc
a_be	SC1_AuxVStem	Punc_Punc	SC1_AuxVStem	NStem_NStem
lawa	Dem6_Pos1	Punc	Dem6_Pos1	Punc
la_ma_nye	PossConc5_AdjPref6_AdjStem	NStem_NStem_NStem	PossConc5_AdjPref6_AdjStem	NStem_NStem_NStem
e_ma_lunga	NPrePre6_BPre6_NStem	Punc_Punc_Punc	NPrePre6_BPre6_NStem	NStem_NStem_NStem
a_nga_fak_a	SC6_Pot_VRoot_VerbTerm	NStem_NStem_NStem_NStem	SC6_Pot_VRoot_VerbTerm	NStem_NStem_NStem_NStem
li_galelo	BPre5_NStem	NStem_NStem	BPre5_NStem	NStem_NStem
uma	Conj	Punc	Conj	Punc
ku_phumelel_ek_a	SC15_VRoot_NeutExt_VerbTerm	NStem_NStem_NStem_NStem	SC15_VRoot_NeutExt_VerbTerm	VRoot_VRoot_VRoot_VRoot
.	Punc	Punc	Punc	Punc
loku	Dem15_Pos1	Punc	Dem15_Pos1	Punc
ku_tawu_sh_o	SC15_Fut_VRoot_VerbTerm	NStem_NStem_NStem_NStem	SC15_Fut_VRoot_VerbTerm	NStem_VRoot_NStem_NStem
kutsi	Conj	Punc	Conj	Punc
loku_nge_nani	RelConc15_AdvPre_NStem	Punc_Punc_NStem	RelConc15_AdvPre_NStem	NStem_NStem_NStem
e_ma_cembu	NPrePre6_BPre6_NStem	NStem_NStem_NStem	NPrePre6_BPre6_NStem	NStem_NStem_NStem
la_ma_tsatfu	PossConc5_AdjPref6_AdjStem	NStem_NStem_NStem	PossConc5_AdjPref6_AdjStem	NStem_NStem_NStem
a_nga_hlelemb_is_w_a	SC6_Pot_VRoot_CausExt_PassExt_VerbTerm	VRoot_VRoot_VRoot_VRoot_VRoot_VRoot	SC6_Pot_VRoot_CausExt_PassExt_VerbTerm	NStem_NStem_NStem
nga_i_si_khatsi	AdvPre_NPrePre7_BPre7_NStem	NStem_NStem_NStem_NStem	AdvPre_NPrePre7_BPre7_NStem	NStem_NStem_NStem_NStem
si_nye	AdjPref7_AdjStem	Punc_Punc	AdjPref7_AdjStem	Punc_Punc
.	Punc	Punc	Punc	Punc
nga_loku_hle	AdvPre_RelConc15_AdjStem	NStem_NStem_NStem	AdvPre_RelConc15_AdjStem	NStem_NStem_NStem
lelo	Dem5_Pos2	Punc	Dem5_Pos2	NStem
na_lelo	AdvPre_Dem5_Pos2	NStem_NStem	AdvPre_Dem5_Pos2	NStem_NStem
cembu	NStem	Punc	NStem	Punc
ku_mel_e	SC15_VRoot_VerbTerm	NStem_NStem_NStem	SC15_VRoot_VerbTerm	NStem_NStem_NStem
li_b_e	SC5_VRoot_VerbTerm	NStem_NStem_NStem	SC5_VRoot_VerbTerm	NStem_NStem_NStem
na_u_mu_chubisifundvo	AdvPre_NPrePre1_BPre1_NStem	VRoot_VRoot_VRoot_VRoot	AdvPre_NPrePre1_BPre1_NStem	VRoot_VRoot_VRoot
kanye	Conj	Punc	Conj	Punc
ne_mu_ntfu	AdvPre_BPre1_NStem	NStem_NStem_NStem	AdvPre_BPre1_NStem	NStem_NStem_NStem
lo_buk_an_ile	RelConc1_VRoot_RecipExt_Perf	NStem_NStem_NStem_NStem	RelConc1_VRoot_RecipExt_Perf	NStem_NStem_NStem_NStem
na_ku_bhal_w_a	AdvPre_OC15_VRoot_PassExt_VerbTerm	VRoot_VRoot_VRoot_VRoot_VRoot	AdvPre_OC15_VRoot_PassExt_VerbTerm	VRoot_VRoot_VRoot_VRoot_VRoot
phasi	Adv	Punc	Adv	Punc
lwa_i_n_chubo	PossConc11_NPrePre9_BPre9_NStem	NStem_NStem_NStem_NStem	PossConc11_NPrePre9_BPre9_NStem	VRoot_VRoot_NStem
.	Punc	Punc	Punc	Punc
ba_ni	SC2_Interrog	Punc_Punc	SC2_Interrog	Punc_Punc
na_si_ciniseko	AdvPre_BPre7_NStem	VRoot_NStem_VRoot	AdvPre_BPre7_NStem	NStem_NStem_NStem
kutsi	Conj	Punc	Conj	NStem
le_mi_klamo	Dem4_Pos1_BPre4_NStem	NStem_NStem_NStem	Dem4_Pos1_BPre4_NStem	NStem_NStem_NStem_NStem
le_khomb_iw_e	PossConc5_VRoot_PassExt_VerbTerm	VRoot_VRoot_VRoot_VRoot	PossConc5_VRoot_PassExt_VerbTerm	NStem_NStem_NStem_NStem
i_condz_e	SC4_VRoot_VerbTerm	NStem_NStem_NStem	SC4_VRoot_VerbTerm	NStem_NStem_NStem
ngco	Ideoph	Punc	Ideoph	Punc
e_tin_tfo_ini	LocPre_BPre10_NStem_LocSuf	NStem_NStem_NStem_NStem	LocPre_BPre10_NStem_LocSuf	VRoot_NStem_VRoot_VRoot
leti_mcoka	RelConc10_NStem	NStem_NStem	RelConc10_NStem	NStem_NStem
ne_mi_gomo	AdvPre_BPre4_NStem	NStem_NStem_NStem	AdvPre_BPre4_NStem	NStem_NStem_NStem
le_khomb_iw_e	PossConc5_VRoot_PassExt_VerbTerm	VRoot_VRoot_VRoot_VRoot	PossConc5_VRoot_PassExt_VerbTerm	NStem_VRoot_NStem_NStem
e_si_gaba_ini	LocPre_BPre7_NStem_LocSuf	NStem_NStem_NStem_NStem	LocPre_BPre7_NStem_LocSuf	NStem_NStem_NStem
lesi_endlul_ile	RelConc7_VRoot_Perf	NStem_NStem_NStem	RelConc7_VRoot_Perf	NStem_NStem_NStem
.	Punc	Punc	Punc	Punc
u_mu_ehluleli	NPrePre1_BPre1_NStem	NStem_NStem_NStem	NPrePre1_BPre1_NStem	VRoot_VRoot_NStem
u_vum_el_a	SC1_VRoot_ApplExt_VerbTerm	NStem_NStem_NStem_NStem	SC1_VRoot_ApplExt_VerbTerm	NStem_NStem_NStem_NStem
nga_li_nye	AdvPre_AdjPref5_AdjStem	Punc_Punc_Punc	AdvPre_AdjPref5_AdjStem	Punc_NStem_NStem
li_cembu	BPre5_NStem	NStem_Punc	BPre5_NStem	NStem_NStem
li_chaz_e	SC5_VRoot_VerbTerm	NStem_NStem_NStem	SC5_VRoot_VerbTerm	NStem_NStem_NStem
si_mo	BPre7_NStem	Punc_Punc	BPre7_NStem	Punc_Punc
li_phindz_e	SC5_VRoot_VerbTerm	NStem_NStem_NStem	SC5_VRoot_VerbTerm	NStem_NStem_NStem
li_esekel_e	SC5_VRoot_VerbTerm	NStem_NStem_NStem	SC5_VRoot_VerbTerm	NStem_NStem_NStem_NStem
si_celo	BPre7_NStem	Punc_Punc	BPre7_NStem	Punc_Punc
.	Punc	Punc	Punc	Punc
u_mu_ehluleli	NPrePre1_BPre1_NStem	NStem_NStem_NStem	NPrePre1_BPre1_NStem	NStem_NStem_NStem
u_lalel_isis_a	SC1_VRoot_IntensExt_VerbTerm	VRoot_VRoot_VRoot_VRoot	SC1_VRoot_IntensExt_VerbTerm	VRoot_VRoot_VRoot_NStem
lo_nkhe	QuantConc5_QuantStem	NStem_NStem	QuantConc5_QuantStem	NStem_NStem
lo_lu_ati	RelConc3_BPre11_NStem	NStem_NStem_NStem	RelConc3_BPre11_NStem	NStem_NStem_NStem
a_phindz_e	SC1_VRoot_VerbTerm	NStem_NStem_NStem	SC1_VRoot_VerbTerm	NStem_NStem_NStem
a_phimis_el_e	SC1_VRoot_ApplExt_VerbTerm	NStem_NStem_NStem_NStem	SC1_VRoot_ApplExt_VerbTerm	NStem_NStem_NStem
nga_li_nye	AdvPre_AdjPref5_AdjStem	NStem_NStem_NStem	AdvPre_AdjPref5_AdjStem	NStem_NStem_NStem
li_cembu	BPre5_NStem	NStem_NStem	BPre5_NStem	NStem_NStem
ku_ent_a	BPre15_VRoot_VerbTerm	NStem_NStem_NStem	BPre15_VRoot_VerbTerm	NStem_NStem_NStem
si_ciniseko	BPre7_NStem	NStem_NStem	BPre7_NStem	NStem_NStem
kutsi	Conj	Punc	Conj	Punc
u_lalel_e	SC2ps_VRoot_VerbTerm	NStem_NStem_NStem	SC2ps_VRoot_VerbTerm	NStem_NStem_NStem
ka_hle	AdvPre_AdjStem	NStem_NStem	AdvPre_AdjStem	NStem_NStem
.	Punc	Punc	Punc	Punc
loku	Dem15_Pos1	Punc	Dem15_Pos1	Punc
ku_nik_a	SC15_VRoot_VerbTerm	NStem_NStem_NStem	SC15_VRoot_VerbTerm	NStem_NStem_NStem
li_tfula	BPre5_NStem	NStem_NStem	BPre5_NStem	NStem_NStem_NStem
e_ma_cembu	NPrePre6_BPre6_NStem	NStem_NStem_NStem	NPrePre6_BPre6_NStem	NStem_NStem_NStem
kutsi	Conj	Punc	Conj	Punc
a_nga_cac_is_a	SC6_Pot_VRoot_CausExt_VerbTerm	VRoot_VRoot_VRoot_VRoot_VRoot	SC6_Pot_VRoot_CausExt_VerbTerm	VRoot_VRoot_VRoot_VRoot_VRoot
e_ma_phuzu	NPrePre6_BPre6_NStem	NStem_NStem_NStem	NPrePre6_BPre6_NStem	NStem_NStem_NStem
la_fanan_a	RelConc6_VRoot_VerbTerm	NStem_NStem_NStem	RelConc6_VRoot_VerbTerm	NStem_NStem_NStem
na_wa_lama_nye	AdvPre_PossConc6_AdjPref6_AdjStem	NStem_NStem_NStem_NStem	AdvPre_PossConc6_AdjPref6_AdjStem	NStem_NStem_NStem_NStem
e_ma_cembu	NPrePre6_BPre6_NStem	NStem_NStem_NStem	NPrePre6_BPre6_NStem	NStem_NStem_NStem
.	Punc	Punc	Punc	Punc
u_mu_ehluleli	NPrePre1_BPre1_NStem	NStem_NStem_NStem	NPrePre1_BPre1_NStem	NStem_NStem_NStem
u_finyet_a	SC1_VRoot_VerbTerm	NStem_NStem_NStem	SC1_VRoot_VerbTerm	NStem_NStem_NStem
nga_si_nye	AdvPre_BPre7_NStem	NStem_NStem_NStem	AdvPre_BPre7_NStem	NStem_NStem_NStem
si_mo	BPre7_NStem	Punc_Punc	BPre7_NStem	Punc_Punc
.	Punc	Punc	Punc	Punc
u_mgomo-banga	NPrePre1a_NStem	VRoot_VRoot	NPrePre1a_NStem	NStem_NStem_NStem_NStem
9	Num	Punc	Num	Punc
u_buk_en_e	SC3_VRoot_RecipExt_VerbTerm	NStem_NStem_NStem_NStem	SC3_VRoot_RecipExt_VerbTerm	NStem_NStem_NStem_NStem
na_ku_hlangan_is_a	AdvPre_SC15_VRoot_CausExt_VerbTerm	NStem_NStem_NStem_NStem_NStem	AdvPre_SC15_VRoot_CausExt_VerbTerm	VRoot_VRoot_VRoot_VRoot_VRoot
i_mi_gomo	NPrePre4_BPre4_NStem	NStem_NStem_NStem	NPrePre4_BPre4_NStem	NStem_NStem_NStem
ya_ku_tfutfuk_is_a	PossConc4_BPre15_VRoot_CausExt_VerbTerm	VRoot_VRoot_VRoot_VRoot_VRoot	PossConc4_BPre15_VRoot_CausExt_VerbTerm	VRoot_VRoot_VRoot_VRoot_VRoot
loku_simam_ile	RelConc15_VRoot_Perf	NStem_NStem_NStem	RelConc15_VRoot_Perf	NStem_NStem_NStem
na_tin_chubomgomo	AdvPre_BPre10_NStem	VRoot_VRoot_VRoot	AdvPre_BPre10_NStem	VRoot_VRoot_VRoot
na_tin_hlelo	AdvPre_BPre10_NStem	NStem_NStem_NStem	AdvPre_BPre10_NStem	NStem_NStem_NStem
te_live	PossConc8_NStem	Punc_Punc	PossConc8_NStem	NStem_NStem_NStem
kanye	Adv	Punc	Adv	Punc
na_ku_buyisel_a	AdvPre_OC15_VRoot_VerbTerm	NStem_NStem_NStem_NStem	AdvPre_OC15_VRoot_VerbTerm	VRoot_VRoot_VRoot_VRoot
e_mu_va	LocPre_BPre3_Adv	NStem_NStem_NStem	LocPre_BPre3_Adv	NStem_NStem_NStem
ku_lahlek_a	BPre15_VRoot_VerbTerm	NStem_NStem_NStem	BPre15_VRoot_VerbTerm	NStem_NStem_NStem
kwa_mi_tfombolusito	PossConc15_BPre4_NStem	VRoot_VRoot_VRoot	PossConc15_BPre4_NStem	VRoot_VRoot_VRoot
ye_si_mondzawo	PossConc4_BPre7_NStem	NStem_NStem_NStem	PossConc4_BPre7_NStem	NStem_NStem_NStem
.	Punc	Punc	Punc	Punc
la_ma_fomu	Dem6_Pos1_BPre6_NStem	NStem_NStem_NStem	Dem6_Pos1_BPre6_NStem	NStem_NStem_NStem
la_ku_la_ma_khasi	RelConc6_LocPre_Dem6_Pos1_BPre6_NStem	NStem_VRoot_VRoot_VRoot_NStem	RelConc6_LocPre_Dem6_Pos1_BPre6_NStem	VRoot_NStem_VRoot_NStem
la_landzel_a_ko	RelConc6_VRoot_VerbTerm_RelSuf	NStem_NStem_NStem_NStem	RelConc6_VRoot_VerbTerm_RelSuf	NStem_NStem_NStem_NStem
a_yi_in_dlela	RelConc6_CopPre_BPre9_NStem	NStem_NStem_NStem_NStem	RelConc6_CopPre_BPre9_NStem	NStem_NStem_NStem_NStem
le_ka_hle	RelConc9_AdvPre_AdjStem	NStem_NStem_NStem	RelConc9_AdvPre_AdjStem	NStem_NStem_NStem
lo_nga_cala	RelConc9_Pot_NStem	NStem_NStem_NStem	RelConc9_Pot_NStem	NStem_NStem_NStem
nga_yo	AdvPre_PronStem9	Punc_Punc	AdvPre_PronStem9	Punc_Punc
uma	Conj	Punc	Conj	Punc
u_fun_a	SC2ps_VRoot_VerbTerm	NStem_NStem_NStem	SC2ps_VRoot_VerbTerm	NStem_NStem_NStem
ku_ent_a	BPre15_VRoot_VerbTerm	NStem_NStem_NStem	BPre15_VRoot_VerbTerm	NStem_NStem_NStem
lu_hlolo	BPre11_NStem	NStem_Punc	BPre11_NStem	Punc_Punc
lwa_ti_dzingo	PossConc11_BPre8_NStem	NStem_NStem_NStem	PossConc11_BPre8_NStem	NStem_NStem_NStem
.	Punc	NStem	Punc	Punc
uma	Conj	Punc	Conj	Punc
u_sa_gcwal_is_a	SC2ps_ProgPre_VRoot_CausExt_VerbTerm	VRoot_VRoot_VRoot_VRoot_VRoot	SC2ps_ProgPre_VRoot_CausExt_VerbTerm	NStem_NStem_NStem_NStem_NStem
leli_fomu	Dem5_Pos1_NStem	NStem_NStem	Dem5_Pos1_NStem	NStem_NStem
si_tfombe	BPre7_NStem	NStem_NStem	BPre7_NStem	NStem_NStem
sa_tin_kinga	PossConc7_BPre10_NStem	NStem_NStem_NStem	PossConc7_BPre10_NStem	NStem_NStem_NStem
ba_si_fazane	PossConc2_BPre7_NStem	NStem_NStem_NStem	PossConc2_BPre7_NStem	NStem_NStem_NStem
laba_bhek_an_ile	RelConc2_VRoot_RecipExt_Perf	NStem_NStem_NStem_NStem	RelConc2_VRoot_RecipExt_Perf	NStem_NStem_NStem_NStem
na_to	AdvPre_PronStem8	Punc_Punc	AdvPre_PronStem8	Punc_Punc
e_n_dzawo_ini	LocPre_NPre9_NStem_LocSuf	NStem_NStem_NStem_NStem	LocPre_NPre9_NStem_LocSuf	NStem_NStem_NStem_NStem
ya_kini	PossConc9_Adv	Punc_Punc	PossConc9_Adv	Punc_Punc
.	Punc	Punc	Punc	NStem
uma	Conj	Punc	Conj	Punc
u_nga_ti_at_i	SC2ps_NegPre_OC10_VRoot_VerbTerm	NStem_NStem_NStem_NStem_NStem	SC2ps_NegPre_OC10_VRoot_VerbTerm	NStem_NStem_NStem_NStem_NStem
tin_phendvulo	BPre10_NStem	NStem_NStem	BPre10_NStem	NStem_NStem
i_etam_a	SC9_VRoot_VerbTerm	NStem_NStem_NStem	SC9_VRoot_VerbTerm	NStem_NStem_NStem
ku_tfol_a	BPre15_VRoot_VerbTerm	NStem_NStem_NStem	BPre15_VRoot_VerbTerm	NStem_NStem_NStem
lu_atiso	BPre11_NStem	NStem_NStem	BPre11_NStem	NStem_NStem
ku_masipala	LocPre_NStem	NStem_NStem	LocPre_NStem	NStem_NStem
,	Punc	Punc	Punc	Punc
e_m_tfolamphilo	LocPre_BPre3_NStem	VRoot_VRoot_VRoot	LocPre_BPre3_NStem	VRoot_VRoot_VRoot
,	Punc	Punc	Punc	Punc
e_tin_hlangano_ini	LocPre_BPre10_NStem_LocSuf	VRoot_VRoot_VRoot_VRoot	LocPre_BPre10_NStem_LocSuf	NStem_NStem_NStem_NStem
ta_mi_mango	PossConc10_BPre4_NStem	NStem_NStem_NStem	PossConc10_BPre4_NStem	NStem_NStem_NStem_NStem
,	Punc	Punc	Punc	Punc
noma	Conj	Punc	Conj	Punc
ku_tin_sita	LocPre_NPre10_NStem	NStem_NStem_NStem	LocPre_NPre10_NStem	NStem_NStem_NStem
ta_hulumende	PossConc10_NStem	NStem_NStem	PossConc10_NStem	NStem_NStem
.	Punc	Punc	Punc	Punc
u_mu_klamo	NPrePre3_BPre3_NStem	NStem_NStem_NStem	NPrePre3_BPre3_NStem	NStem_NStem_NStem
nga_mu_nye	AdvPre_AdjPref1_AdjStem	NStem_NStem_NStem	AdvPre_AdjPref1_AdjStem	NStem_NStem_NStem
we_hluk_ile	SC3_VRoot_Perf	NStem_NStem_NStem	SC3_VRoot_Perf	NStem_NStem_NStem
ku_lomu_nye	LocPre_AdjPref1_AdjStem	NStem_NStem_NStem	LocPre_AdjPref1_AdjStem	NStem_NStem
futsi	Conj	Punc	Conj	Punc
u_ne_tin_sayeya	RelConc3_AdvPre_BPre10_NStem	VRoot_NStem_NStem_NStem	RelConc3_AdvPre_BPre10_NStem	NStem_NStem_NStem_NStem
ta_wo	PossConc3_PronStem3	Punc_Punc	PossConc3_PronStem3	Punc_Punc
na_tin_tfo	AdvPre_BPre10_NStem	NStem_NStem_NStem	AdvPre_BPre10_NStem	NStem_NStem_NStem
loku_fan_el_e	RelConc15_VRoot_ApplExt_VerbTerm	NStem_NStem_NStem_NStem	RelConc15_VRoot_ApplExt_VerbTerm	NStem_NStem_NStem_NStem
ti_buk_isis_w_e	OC8_VRoot_IntensExt_PassExt_VerbTerm	NStem_NStem_NStem_NStem_VRoot	OC8_VRoot_IntensExt_PassExt_VerbTerm	VRoot_VRoot_VRoot_VRoot_VRoot
.	Punc	Punc	Punc	Punc
lu_hlelo	BPre11_NStem	NStem_NStem	BPre11_NStem	Punc_Punc
lo_lwe_hluk_ile	RelConc3_PossConc11_VRoot_Perf	VRoot_VRoot_VRoot_NStem	RelConc3_PossConc11_VRoot_Perf	NStem_NStem_NStem
ku_lolu_nye	LocPre_AdjPref11_EnumStem	NStem_NStem_NStem	LocPre_AdjPref11_EnumStem	NStem_NStem_NStem
lu_balulek_ile	SC11_VRoot_Perf	NStem_NStem_NStem	SC11_VRoot_Perf	NStem_NStem_NStem
kute	Conj	Punc	Conj	Punc
u_mu_klamo	NPrePre3_BPre3_NStem	NStem_NStem_NStem	NPrePre3_BPre3_NStem	NStem_NStem_NStem
u_cedv_w_e	OC3_VRoot_PassExt_VerbTerm	NStem_NStem_NStem_NStem	OC3_VRoot_PassExt_VerbTerm	NStem_VRoot_VRoot_VRoot
nga_i_m_phumelelo	AdvPre_NPrePre9_BPre3_NStem	VRoot_VRoot_VRoot_VRoot	AdvPre_NPrePre9_BPre3_NStem	VRoot_VRoot_VRoot
.	Punc	Punc	Punc	Punc
lo_m_dvwebo	RelConc3_BPre3_NStem	NStem_NStem_NStem	RelConc3_BPre3_NStem	VRoot_VRoot_VRoot
lo_lapha	RelConc3_Adv	Punc_Punc	RelConc3_Adv	NStem_NStem_NStem
nga_ntasi	AdvPre_NStem	NStem_Punc	AdvPre_NStem	NStem_NStem
u_khomb_is_a	SC3_VRoot_CausExt_VerbTerm	NStem_NStem_NStem_NStem	SC3_VRoot_CausExt_VerbTerm	NStem_NStem_NStem_NStem
ku_chum_an_a	BPre15_VRoot_RecipExt_VerbTerm	NStem_NStem_VRoot_NStem	BPre15_VRoot_RecipExt_VerbTerm	NStem_NStem_NStem_NStem
loku_khona	RelConc15_Adv	Punc_Punc	RelConc15_Adv	NStem_NStem
e_m_khatsi_ini	LocPre_BPre3_NStem_LocSuf	NStem_NStem_NStem_NStem	LocPre_BPre3_NStem_LocSuf	NStem_NStem_NStem_NStem
wa_e_ma_khono	PossConc3_LocPre_BPre6_NStem	NStem_NStem_NStem_NStem	PossConc3_LocPre_BPre6_NStem	NStem_NStem_NStem_NStem
,	Punc	Punc	Punc	NStem
e_ma_tfuba	NPrePre6_BPre6_NStem	NStem_NStem_NStem	NPrePre6_BPre6_NStem	NStem_NStem_NStem
kanye	Conj	Punc	Conj	Punc
na_ti_mo	AdvPre_BPre8_NStem	NStem_NStem_NStem	AdvPre_BPre8_NStem	NStem_NStem_NStem
tetenhlalo	NStem	NStem	NStem	NStem_NStem_NStem_NStem
na_ta_ku_phil_a	AdvPre_PossConc8_BPre15_VRoot_VerbTerm	NStem_NStem_NStem_NStem_NStem	AdvPre_PossConc8_BPre15_VRoot_VerbTerm	NStem_NStem_NStem_NStem_NStem
.	Punc	Punc	Punc	Punc
u_khomb_is_a	SC3_VRoot_CausExt_VerbTerm	NStem_NStem_NStem_NStem	SC3_VRoot_CausExt_VerbTerm	NStem_NStem_NStem_NStem
kutsi	Conj	Punc	Conj	NStem
bu_holi	BPre14_NStem	NStem_NStem	BPre14_NStem	Punc_NStem
,	Punc	Punc	Punc	Punc
ku_khutsal_a	BPre15_VRoot_VerbTerm	NStem_NStem_NStem	BPre15_VRoot_VerbTerm	NStem_NStem_NStem
kwe_ba_hlali	PossConc15_BPre2_NStem	NStem_NStem_NStem	PossConc15_BPre2_NStem	NStem_NStem_NStem
kanye	Conj	Punc	Conj	Punc
na_hulumende	AdvPre_NStem	NStem_NStem	AdvPre_NStem	NStem_NStem
lo_sebent_a	RelConc1a_VRoot_VerbTerm	NStem_NStem_NStem	RelConc1a_VRoot_VerbTerm	NStem_NStem_NStem
nga_loku_phumelel_is_a_ko	AdvPre_RelConc15_VRoot_CausExt_VerbTerm_RelSuf	VRoot_VRoot_VRoot_VRoot_VRoot_VRoot	AdvPre_RelConc15_VRoot_CausExt_VerbTerm_RelSuf	VRoot_VRoot_VRoot_VRoot_VRoot_VRoot
ba_nga_sit_a	SC2_Pot_VRoot_VerbTerm	NStem_NStem_NStem_NStem	SC2_Pot_VRoot_VerbTerm	NStem_NStem_NStem_NStem
ka_njani	AdvPre_Adv	NStem_NStem	AdvPre_Adv	NStem_NStem
e_ku_chuba_ini	LocPre_BPre15_NStem_LocSuf	NStem_NStem_NStem_NStem	LocPre_BPre15_NStem_LocSuf	NStem_NStem_NStem_NStem_NStem
i_n_tfutfuko	NPrePre9_BPre9_NStem	VRoot_NStem_VRoot	NPrePre9_BPre9_NStem	VRoot_VRoot_VRoot
esi_mo_ini	RelConc7_NStem_LocSuf	Punc_NStem_NStem	RelConc7_NStem_LocSuf	NStem_NStem_NStem
sa_ta_in_hlalo	PossConc7_BPre10_BPre9_NStem	VRoot_VRoot_VRoot_VRoot	PossConc7_BPre10_BPre9_NStem	NStem_NStem_NStem_NStem
lesi_hlel_ek_e	RelConc7_VRoot_NeutExt_VerbTerm	VRoot_VRoot_VRoot_NStem	RelConc7_VRoot_NeutExt_VerbTerm	VRoot_VRoot_VRoot_VRoot
nga_loku_chuman_ile	AdvPre_RelConc15_VRoot_Perf	NStem_NStem_NStem_NStem	AdvPre_RelConc15_VRoot_Perf	VRoot_VRoot_VRoot_VRoot_VRoot
.	Punc	Punc	Punc	Punc
tin_khombandlela	NPre10_NStem	NStem_NStem	NPre10_NStem	NStem_NStem
:	Punc	Punc	Punc	Punc
ku_simam_a	BPre15_VRoot_VerbTerm	VRoot_NStem_NStem	BPre15_VRoot_VerbTerm	NStem_NStem_NStem
kwe_ti_akhiwonchanti	PossConc15_NPre8_NStem	VRoot_NStem_NStem	PossConc15_NPre8_NStem	VRoot_VRoot_VRoot
ta_masipala	PossConc8_NStem	NStem_NStem	PossConc8_NStem	NStem_NStem
na_kwe_tful_w_a	AdvPre_BPre15_VRoot_PassExt_VerbTerm	NStem_NStem_VRoot_VRoot_NStem	AdvPre_BPre15_VRoot_PassExt_VerbTerm	VRoot_NStem_NStem_NStem_VRoot
kwe_tin_sita	PossConc15_BPre10_NStem	NStem_NStem_NStem	PossConc15_BPre10_NStem	NStem_NStem_NStem
,	Punc	Punc	Punc	NStem
1	Num	Punc	Num	Punc
Mabasa	ProperName	Punc	ProperName	Punc_Punc
2007	Num	Punc	Num	Punc
tin_khombandlela	NPre10_NStem	NStem_NStem	NPre10_NStem	NStem_NStem
leti_akh_el_w_e	RelConc10_VRoot_ApplExt_PassExt_VerbTerm	NStem_NStem_NStem_NStem_NStem	RelConc10_VRoot_ApplExt_PassExt_VerbTerm	NStem_NStem_VRoot_NStem_NStem
ku_sit_a	BPre15_VRoot_VerbTerm	NStem_NStem_NStem	BPre15_VRoot_VerbTerm	Punc_Punc_Punc
hulumende	NStem	NStem	NStem	NStem
kutsi	Conj	Punc	Conj	Punc
ent_e	VRoot_VerbTerm	NStem_NStem	VRoot_VerbTerm	NStem_NStem
u_mu_sebenti	NPrePre3_BPre3_NStem	NStem_NStem_NStem	NPrePre3_BPre3_NStem	NStem_NStem_NStem
wa_khe	PossConc3_PronStem1	Punc_Punc	PossConc3_PronStem1	Punc_Punc
we_m_tsetfo	PossConc3_BPre3_NStem	NStem_NStem_NStem	PossConc3_BPre3_NStem	NStem_NStem_NStem
si_sekelo	BPre7_NStem	NStem_NStem	BPre7_NStem	Punc_NStem
wa_kwe_tful_a	PossConc3_NPre15_VRoot_VerbTerm	VRoot_NStem_VRoot_VRoot	PossConc3_NPre15_VRoot_VerbTerm	NStem_NStem_NStem_NStem
tin_sita	BPre10_NStem	Punc_Punc	BPre10_NStem	Punc_Punc
ta_masipala	PossConc10_NStem	NStem_NStem	PossConc10_NStem	NStem_NStem
leti_balulek_ile	RelConc10_VRoot_Perf	NStem_NStem_NStem	RelConc10_VRoot_Perf	NStem_NStem_NStem
.	Punc	Punc	Punc	Punc
u_mdvwebo	NPrePre1a_NStem	NStem_NStem	NPrePre1a_NStem	VRoot_NStem_NStem
wa_Venn	PossConc3_Foreign	NStem_NStem	PossConc3_Foreign	Punc_Punc
li_thuluzi	BPre5_NStem	NStem_Punc	BPre5_NStem	NStem_NStem
la_ku_hlatiy_a	PossConc5_BPre15_VRoot_VerbTerm	NStem_NStem_NStem_VRoot	PossConc5_BPre15_VRoot_VerbTerm	VRoot_VRoot_VRoot_VRoot
kwe_tful_w_a	BPre15_VRoot_PassExt_VerbTerm	NStem_NStem_NStem_NStem	BPre15_VRoot_PassExt_VerbTerm	NStem_NStem_NStem_NStem
kwe_tin_sita	PossConc15_BPre10_NStem	NStem_NStem_NStem	PossConc15_BPre10_NStem	NStem_NStem_NStem
e_u_mu_mango_ini	LocPre_NPrePre3_BPre3_NStem_LocSuf	NStem_NStem_NStem_NStem_NStem	LocPre_NPrePre3_BPre3_NStem_LocSuf	VRoot_VRoot_VRoot_NStem_VRoot
.	Punc	Punc	Punc	Punc
e_ma_lunga	NPrePre6_BPre6_NStem	NStem_NStem_NStem	NPrePre6_BPre6_NStem	NStem_NStem_NStem
a_u_mu_mango	PossConc6_NPrePre3_BPre3_NStem	NStem_NStem_VRoot_NStem	PossConc6_NPrePre3_BPre3_NStem	NStem_NStem_VRoot_NStem
a_phawul_a	SC6_VRoot_VerbTerm	NStem_NStem_NStem	SC6_VRoot_VerbTerm	NStem_NStem_NStem
tin_hlangano	BPre10_NStem	NStem_NStem	BPre10_NStem	NStem_NStem
,	Punc	Punc	Punc	Punc
tin_sita	BPre10_NStem	NStem_Punc	BPre10_NStem	Punc_Punc
kanye	Adv	Punc	Adv	Punc
na_ba_phakeli	AdvPre_BPre2_NStem	NStem_NStem_NStem	AdvPre_BPre2_NStem	NStem_NStem_NStem
ba_tin_sita	PossConc2_BPre10_NStem	NStem_NStem_NStem	PossConc2_BPre10_NStem	NStem_NStem_NStem
bese	Conj	Punc	Conj	Punc
ba_ba_hlel_is_a	SC2_OC2_VRoot_CausExt_VerbTerm	VRoot_VRoot_VRoot_VRoot_VRoot	SC2_OC2_VRoot_CausExt_VerbTerm	NStem_NStem_NStem_NStem_NStem
nga_ku_balulek_a	AdvPre_BPre15_VRoot_VerbTerm	NStem_NStem_NStem_NStem	AdvPre_BPre15_VRoot_VerbTerm	VRoot_VRoot_VRoot_VRoot
kanye	Conj	Punc	Conj	Punc
na_ku_finyelel_ek_a	AdvPre_BPre15_VRoot_NPas_VerbTerm	NStem_NStem_NStem_NStem_NStem	AdvPre_BPre15_VRoot_NPas_VerbTerm	VRoot_VRoot_VRoot_VRoot_VRoot
kwa_bo	PossConc15_PronStem2	Punc_Punc	PossConc15_PronStem2	Punc_Punc
.	Punc	Punc	Punc	Punc
u_phindz_e	SC2ps_VRoot_VerbTerm	NStem_NStem_NStem	SC2ps_VRoot_VerbTerm	NStem_NStem_NStem
u_b_e	SC2ps_VRoot_VerbTerm	NStem_NStem_NStem	SC2ps_VRoot_VerbTerm	NStem_NStem_NStem
li_thuluzi	BPre5_NStem	NStem_NStem	BPre5_NStem	NStem_NStem
leli_balulek_ile	RelConc5_VRoot_Perf	NStem_VRoot_NStem	RelConc5_VRoot_Perf	NStem_NStem_NStem
la_ku_v_isis_a	PossConc5_BPre15_VRoot_IntensExt_VerbTerm	VRoot_VRoot_VRoot_VRoot_VRoot	PossConc5_BPre15_VRoot_IntensExt_VerbTerm	NStem_NStem_VRoot_VRoot_VRoot
tin_dzingo	BPre10_NStem	NStem_NStem	BPre10_NStem	NStem_NStem
ta_u_mu_mango	PossConc10_NPrePre3_BPre3_NStem	NStem_NStem_VRoot_NStem	PossConc10_NPrePre3_BPre3_NStem	NStem_NStem_NStem_NStem
.	Punc	Punc	Punc	NStem
yat_i	VRoot_VerbTerm	NStem_NStem	VRoot_VerbTerm	NStem_Punc
nge_ntfutfuko	AdvPre_NStem	VRoot_VRoot	AdvPre_NStem	Punc_Punc_Punc
ya_ku_laba_nye	PossConc9_LocPre_AdjPref2_AdjStem	NStem_NStem_NStem_NStem	PossConc9_LocPre_AdjPref2_AdjStem	Punc_Punc_Punc_Punc
bo_masipala	BPre2a_NStem	NStem_NStem	BPre2a_NStem	NStem_NStem
fundz_a	VRoot_VerbTerm	NStem_NStem	VRoot_VerbTerm	NStem_NStem
nge_mi_bono	AdvPre_NPre4_NStem	NStem_NStem_NStem	AdvPre_NPre4_NStem	NStem_NStem_NStem
ya_bo	PossConc9_PronStem2	Punc_Punc	PossConc9_PronStem2	Punc_Punc
ne_te_hlakalo	AdvPre_NPre8_NStem	NStem_NStem_NStem	AdvPre_NPre8_NStem	VRoot_VRoot_VRoot
ta_bo	PossConc8_PronStem14	Punc_Punc	PossConc8_PronStem14	Punc_Punc
.	Punc	Punc	Punc	Punc
ku_chum_an_a	OC15_VRoot_RecipExt_VerbTerm	NStem_NStem_NStem_NStem	OC15_VRoot_RecipExt_VerbTerm	NStem_NStem_NStem_NStem
kwa_ma_ve	PossConc15_BPre6_NStem	NStem_NStem_NStem	PossConc15_BPre6_NStem	Punc_Punc_Punc
e_mu_hlaba	LocPre_BPre3_NStem	NStem_NStem_VRoot	LocPre_BPre3_NStem	NStem_NStem_NStem
nga_loku_banti	AdvPre_RelConc15_NStem	NStem_NStem_NStem	AdvPre_RelConc15_NStem	NStem_NStem_NStem
ku_sho	BPre15_NStem	Punc_Punc	BPre15_NStem	NStem_NStem
ku_enyuk_a	BPre15_VRoot_VerbTerm	NStem_NStem_NStem	BPre15_VRoot_VerbTerm	NStem_NStem_NStem
kwe_ku_hweb_el_an_a	PossConc15_BPre15_VRoot_ApplExt_RecipExt_VerbTerm	NStem_VRoot_VRoot_NStem_NStem_NStem	PossConc15_BPre15_VRoot_ApplExt_RecipExt_VerbTerm	NStem_NStem_NStem_NStem_NStem_NStem
kwa_ma_ve	PossConc15_BPre6_NStem	Punc_Punc_Punc	PossConc15_BPre6_NStem	NStem_NStem_NStem
e_mu_hlaba	LocPre_BPre3_NStem	NStem_NStem_NStem	LocPre_BPre3_NStem	NStem_NStem_NStem
na_ku_enyuk_a	AdvPre_BPre15_VRoot_VerbTerm	NStem_NStem_NStem_NStem	AdvPre_BPre15_VRoot_VerbTerm	NStem_NStem_NStem_NStem
kwa_ku_tselek_a	PossConc15_BPre15_VRoot_VerbTerm	Punc_Punc_Punc_Punc	PossConc15_BPre15_VRoot_VerbTerm	NStem_NStem_NStem_NStem
kwe_ba_ntfu	PossConc15_BPre2_NStem	NStem_NStem_NStem	PossConc15_BPre2_NStem	NStem_NStem_NStem
,	Punc	Punc	Punc	Punc
i_mali	NPre9_NStem	Punc_Punc	NPre9_NStem	Punc_Punc
,	Punc	Punc	Punc	Punc
i_mi_bono	NPrePre4_BPre4_NStem	NStem_NStem_NStem	NPrePre4_BPre4_NStem	NStem_NStem_NStem
kanye	Adv	Punc	Adv	Punc
na_thekhinoloji	AdvPre_NStem	NStem_NStem	AdvPre_NStem	NStem_NStem
ku_yo	LocPre_PronStem9	Punc_Punc	LocPre_PronStem9	Punc_Punc
yo_nkhe	QuantConc4_QuantStem	NStem_NStem	QuantConc4_QuantStem	Punc_Punc
i_mi_nyele	NPrePre4_BPre4_NStem	NStem_NStem_NStem	NPrePre4_BPre4_NStem	NStem_NStem_NStem
ku_le_mi_nyakalishumi	LocPre_Dem4_Pos1_BPre4_NStem	VRoot_VRoot_VRoot_VRoot	LocPre_Dem4_Pos1_BPre4_NStem	VRoot_VRoot_VRoot_VRoot
ye_ka_mu_va	PossConc9_AdvPre_BPre1_NStem	NStem_NStem_NStem_NStem	PossConc9_AdvPre_BPre1_NStem	NStem_NStem_NStem_NStem
nje	Adv	Punc	Adv	Punc
.	Punc	Punc	Punc	Punc
leti_n_khambiso	RelConc10_NPre10_NStem	NStem_NStem_NStem	RelConc10_NPre10_NStem	NStem_NStem_NStem
te_esekele	PossConc8_NStem	NStem_NStem	PossConc8_NStem	NStem_Punc_Punc
ku_tfutfuk_is_w_a	BPre15_VRoot_CausExt_PassExt_VerbTerm	VRoot_VRoot_VRoot_VRoot_VRoot	BPre15_VRoot_CausExt_PassExt_VerbTerm	VRoot_VRoot_VRoot_VRoot_VRoot
kwa_ma_ve	PossConc15_BPre6_NStem	Punc_Punc_Punc	PossConc15_BPre6_NStem	NStem_NStem_NStem
la_phuy_ile	SC5_VRoot_Perf	NStem_NStem_NStem	SC5_VRoot_Perf	NStem_NStem_NStem
na_la_ne_nzuzo	AdvPre_PossConc5_AdvPre_NStem	VRoot_VRoot_NStem_NStem	AdvPre_PossConc5_AdvPre_NStem	NStem_VRoot_NStem_VRoot_VRoot
le_s_e_m_khatsi_ini	PossConc5_PreLoc-s_LocPre_BPre3_NStem_LocSuf	NStem_NStem_NStem_NStem_NStem_NStem	PossConc5_PreLoc-s_LocPre_BPre3_NStem_LocSuf	VRoot_VRoot_VRoot_VRoot_VRoot_VRoot
,	Punc	Punc	Punc	Punc
ku_wu_ent_a	SC15_OC3_VRoot_VerbTerm	VRoot_VRoot_VRoot_VRoot	SC15_OC3_VRoot_VerbTerm	NStem_NStem_NStem_NStem
a_ku_at_i	SC1_OC15_VRoot_VerbTerm	NStem_NStem_NStem_NStem	SC1_OC15_VRoot_VerbTerm	NStem_NStem_NStem_NStem
ku_finyel_el_a	BPre15_VRoot_ApplExt_VerbTerm	VRoot_VRoot_VRoot_VRoot	BPre15_VRoot_ApplExt_VerbTerm	VRoot_NStem_VRoot_VRoot
a_tin_makethe	RelConc6_BPre10_NStem	NStem_NStem_NStem	RelConc6_BPre10_NStem	NStem_NStem_NStem
,	Punc	Punc	Punc	Punc
i_m_phahla	NPrePre9_BPre3_NStem	NStem_NStem_NStem	NPrePre9_BPre3_NStem	NStem_NStem_NStem
,	Punc	NStem	Punc	Punc
tin_sita	BPre10_NStem	Punc_Punc	BPre10_NStem	Punc_Punc
,	Punc	Punc	Punc	Punc
i_mali	NPre9_NStem	NStem_Punc	NPre9_NStem	Punc_Punc
,	Punc	NStem	Punc	Punc
i_thekhinoloji	BPre9_NStem	NStem_NStem	BPre9_NStem	NStem_NStem
kanye	Adv	Punc	Adv	Punc
na_e_ma_khono	AdvPre_NPrePre6_BPre6_NStem	NStem_NStem_NStem_NStem	AdvPre_NPrePre6_BPre6_NStem	NStem_NStem_NStem_VRoot
.	Punc	Punc	Punc	Punc
ku_chum_an_a	SC15_VRoot_RecipExt_VerbTerm	NStem_NStem_NStem_NStem	SC15_VRoot_RecipExt_VerbTerm	NStem_NStem_NStem_NStem
kwa_ma_ve	PossConc15_BPre6_NStem	NStem_NStem_NStem	PossConc15_BPre6_NStem	NStem_NStem_NStem
a_mu_hlaba	LocPre_BPre3_NStem	NStem_NStem_NStem	LocPre_BPre3_NStem	NStem_NStem_NStem
ku_phindz_e	SC15_VRoot_VerbTerm	NStem_NStem_NStem	SC15_VRoot_VerbTerm	NStem_NStem_NStem
kwa_fak_a	SC15_VRoot_VerbTerm	NStem_NStem_NStem	SC15_VRoot_VerbTerm	NStem_NStem_NStem
si_andla	NPre7_NStem	NStem_NStem	NPre7_NStem	NStem_NStem
"	Punc	Punc	Punc	Punc
e_ku_chuman_eni	LocPre_BPre15_VRoot_LocSuf	VRoot_VRoot_NStem_VRoot	LocPre_BPre15_VRoot_LocSuf	VRoot_VRoot_VRoot_VRoot_VRoot
"	Punc	Punc	Punc	Punc
lo_ku_khulako	PossConc5_BPre15_NStem	Punc_Punc_Punc	PossConc5_BPre15_NStem	NStem_NStem_NStem_NStem
loku_nciphis_e	RelConc15_VRoot_VerbTerm	VRoot_VRoot_VRoot	RelConc15_VRoot_VerbTerm	VRoot_VRoot_VRoot_VRoot
ti_vimbela	BPre8_NStem	NStem_NStem	BPre8_NStem	NStem_NStem_NStem_NStem
ta_uku_ngen_a	PossConc8_BPre15_VRoot_VerbTerm	NStem_NStem_NStem_NStem	PossConc8_BPre15_VRoot_VerbTerm	VRoot_VRoot_VRoot_VRoot
kwa_phindz_e	SC15_VRoot_VerbTerm	NStem_NStem_NStem	SC15_VRoot_VerbTerm	Punc_Punc_Punc
ku_andz_is_a	SC15_VRoot_CausExt_VerbTerm	NStem_NStem_NStem_NStem	SC15_VRoot_CausExt_VerbTerm	NStem_NStem_NStem_NStem
ku_hlom_is_w_a	BPre15_VRoot_CausExt_PassExt_VerbTerm	VRoot_VRoot_VRoot_VRoot_VRoot	BPre15_VRoot_CausExt_PassExt_VerbTerm	VRoot_NStem_VRoot_VRoot_VRoot
nga_lu_ati	AdvPre_BPre11_NStem	NStem_NStem_NStem	AdvPre_BPre11_NStem	NStem_NStem_NStem
.	Punc	Punc	Punc	Punc
ku_landz_elel_a	BPre17_VRoot_IntensExt_VerbTerm	NStem_NStem_NStem_NStem	BPre17_VRoot_IntensExt_VerbTerm	VRoot_VRoot_VRoot_VRoot
na_ku_kala	AdvPre_BPre15_NStem	NStem_NStem_NStem	AdvPre_BPre15_NStem	NStem_NStem_NStem_NStem
ku_sebent_a	BPre15_VRoot_VerbTerm	NStem_NStem_NStem	BPre15_VRoot_VerbTerm	NStem_NStem_NStem
.	Punc	Punc	Punc	Punc
buk_a	VRoot_VerbTerm	Punc_Punc	VRoot_VerbTerm	Punc_Punc
nansi	Dem4_Pos1	Punc	Dem4_Pos1	Punc
i_mi_buto	NPrePre4_BPre4_NStem	NStem_NStem_NStem	NPrePre4_BPre4_NStem	NStem_NStem_NStem
le_landzela_ko	PossConc5_NStem_RelSuf	NStem_NStem_NStem	PossConc5_NStem_RelSuf	NStem_NStem_NStem
.	Punc	Punc	Punc	Punc
ku_balulek_ile	SC15_VRoot_Perf	NStem_NStem_NStem	SC15_VRoot_Perf	NStem_NStem_NStem
futsi	Conj	Punc	Conj	Punc
ku_cinisek_is_a	BPre15_VRoot_CausExt_VerbTerm	NStem_NStem_NStem_NStem	BPre15_VRoot_CausExt_VerbTerm	VRoot_VRoot_VRoot_VRoot
kutsi	Conj	Punc	Conj	Punc
u_mu_ntfu	NPrePre1_BPre1_NStem	NStem_NStem_NStem	NPrePre1_BPre1_NStem	NStem_VRoot_NStem
lo_tsite	RelConc1_RelStem	NStem_NStem	RelConc1_RelStem	Punc_Punc
a_buk_an_e	SC1_VRoot_RecipExt_VerbTerm	NStem_NStem_NStem_NStem	SC1_VRoot_RecipExt_VerbTerm	NStem_NStem_NStem_NStem
na_ku_lungis_elel_a	AdvPre_OC15_VRoot_IntensExt_VerbTerm	VRoot_VRoot_VRoot_VRoot_VRoot	AdvPre_OC15_VRoot_IntensExt_VerbTerm	NStem_NStem_NStem_NStem
lolu_hlelo	Dem11_Pos1_NStem	NStem_NStem	Dem11_Pos1_NStem	NStem_NStem
kute	Conj	Punc	Conj	Punc
ku_gwem_w_e	SC15_VRoot_PassExt_VerbTerm	NStem_NStem_NStem_NStem	SC15_VRoot_PassExt_VerbTerm	VRoot_VRoot_VRoot_VRoot_VRoot
si_mo	BPre7_NStem	Punc_Punc	BPre7_NStem	Punc_Punc
lapho	Conj	Punc	Conj	Punc
ku_nga_khona	SC15_NegPre_Adv	NStem_NStem_NStem	SC15_NegPre_Adv	NStem_NStem
u_mu_ntfu	NPrePre1_BPre1_NStem	NStem_NStem_NStem	NPrePre1_BPre1_NStem	NStem_NStem_NStem
lo_tsats_a	RelConc1_VRoot_VerbTerm	NStem_NStem_NStem	RelConc1_VRoot_VerbTerm	NStem_NStem_NStem
li_cala	BPre5_NStem	Punc_Punc	BPre5_NStem	Punc_Punc
li_mayela_na	BPre5_NStem_DimSuf	NStem_NStem_NStem	BPre5_NStem_DimSuf	Punc
na_ku_lungis_elel_w_a	AdvPre_OC15_VRoot_ApplExt_PassExt_VerbTerm	VRoot_VRoot_VRoot_VRoot_VRoot_VRoot	AdvPre_OC15_VRoot_ApplExt_PassExt_VerbTerm	NStem_NStem_NStem_NStem_NStem
kwe_lu_hlelo	PossConc15_NPre11_NStem	NStem_NStem_NStem	PossConc15_NPre11_NStem	NStem_NStem_NStem
.	Punc	Punc	Punc	Punc
ku_cin_is_a	BPre15_VRoot_CausExt_VerbTerm	NStem_NStem_NStem_NStem	BPre15_VRoot_CausExt_VerbTerm	NStem_NStem_NStem_NStem
tin_hlelo	BPre10_NStem	Punc_Punc	BPre10_NStem	NStem_NStem
te_te_m_philo	PossConc10_PossConc9_BPre9_NStem	NStem_NStem_NStem_NStem	PossConc10_PossConc9_BPre9_NStem	NStem_NStem_NStem_NStem
kanye	Conj	Punc	Conj	Punc
ne_ku_ent_a	AdvPre_SC15_VRoot_VerbTerm	NStem_NStem_NStem_NStem	AdvPre_SC15_VRoot_VerbTerm	NStem_NStem_NStem_NStem
banti	RelStem	Punc	RelStem	Punc
tin_hlelo	BPre10_NStem	NStem_NStem	BPre10_NStem	NStem_NStem
te_te_m_philo	PossConc10_PossConc9_BPre9_NStem	NStem_NStem_NStem_NStem	PossConc10_PossConc9_BPre9_NStem	NStem_NStem_NStem_NStem
leti_tful_w_a	RelConc10_VRoot_PassExt_VerbTerm	NStem_NStem_NStem_NStem	RelConc10_VRoot_PassExt_VerbTerm	NStem_NStem_NStem_NStem
ti_godzi	BPre8_NStem	NStem_NStem	BPre8_NStem	NStem_NStem
,	Punc	Punc	Punc	Punc
leti_njenga_tin_hlelo	RelConc10_AdvPre_BPre10_NStem	VRoot_NStem_VRoot_VRoot	RelConc10_AdvPre_BPre10_NStem	NStem_NStem_NStem_NStem
ta_ti_sebenti	PossConc10_BPre8_NStem	NStem_NStem_NStem	PossConc10_BPre8_NStem	NStem_Punc_Punc
te_te_m_philo	PossConc10_PossConc9_BPre9_NStem	NStem_NStem_NStem_NStem	PossConc10_PossConc9_BPre9_NStem	NStem_NStem_NStem_NStem
ta_u_mu_mango	PossConc8_NPrePre3_BPre3_NStem	NStem_NStem_NStem_NStem	PossConc8_NPrePre3_BPre3_NStem	NStem_NStem_NStem_NStem
na_tin_hlelo	AdvPre_BPre10_NStem	NStem_NStem_NStem	AdvPre_BPre10_NStem	NStem_NStem_NStem
ta_ku_belek_is_a	PossConc10_BPre15_VRoot_CausExt_VerbTerm	VRoot_VRoot_VRoot_VRoot_VRoot	PossConc10_BPre15_VRoot_CausExt_VerbTerm	NStem_NStem_NStem_NStem_VRoot
kanye	Conj	Punc	Conj	Punc
na_ku_fundz_a	AdvPre_OC15_VRoot_VerbTerm	NStem_NStem_NStem_NStem	AdvPre_OC15_VRoot_VerbTerm	NStem_NStem_NStem_NStem
nga_ta_m_philo	AdvPre_PossConc9_BPre9_NStem	NStem_NStem_NStem_NStem	AdvPre_PossConc9_BPre9_NStem	NStem_NStem_NStem_NStem
.	Punc	Punc	Punc	NStem
lesi_gaba	Dem7_Pos1_NStem	NStem_NStem	Dem7_Pos1_NStem	NStem_NStem
si_niket_a	SC7_VRoot_VerbTerm	NStem_NStem_NStem	SC7_VRoot_VerbTerm	NStem_NStem_NStem
laba_caban_ile	RelConc2_VRoot_Perf	NStem_NStem_NStem	RelConc2_VRoot_Perf	NStem_NStem_NStem
li_tfuba	BPre5_NStem	NStem_NStem	BPre5_NStem	NStem_NStem
la_kutsi	PossConc5_NStem	NStem_NStem	PossConc5_NStem	NStem_NStem
ba_tfol_isis_e	SC2_VRoot_IntensExt_VerbTerm	NStem_NStem_NStem_NStem	SC2_VRoot_IntensExt_VerbTerm	VRoot_VRoot_VRoot_VRoot
kutsi	Conj	Punc	Conj	NStem
ngu_kuphi	AdvPre_NStem	NStem_NStem	AdvPre_NStem	NStem_NStem_NStem
laba_nga_iv_an_i	RelConc2_NegPre_VRoot_RecipExt_VerbTerm	VRoot_VRoot_VRoot_VRoot_VRoot	RelConc2_NegPre_VRoot_RecipExt_VerbTerm	VRoot_VRoot_VRoot_VRoot_VRoot
khona	Adv	Punc	Adv	NStem
,	Punc	Punc	Punc	Punc
na_ne_ku_tflol_a	AdvPre_AdvPre_OC15_VRoot_VerbTerm	VRoot_VRoot_VRoot_NStem_VRoot	AdvPre_AdvPre_OC15_VRoot_VerbTerm	VRoot_VRoot_VRoot_NStem_VRoot
ba_mbimbis_an_ile	SC2_VRoot_RecipExt_Perf	VRoot_VRoot_VRoot_VRoot	SC2_VRoot_RecipExt_Perf	VRoot_NStem_VRoot_NStem_VRoot
kutsi	Conj	Punc	Conj	Punc
i_cabano	NPre9_NStem	NStem_NStem	NPre9_NStem	NStem_NStem
ya_bo	PossConc9_PronStem14	Punc_Punc	PossConc9_PronStem14	Punc_Punc
ngabe	Conj	Punc	Conj	Punc
si_susa	NPre7_NStem	NStem_NStem	NPre7_NStem	Punc_NStem
sa_yo	PossConc7_PronStem9	Punc_Punc	PossConc7_PronStem9	Punc_Punc
si_yini	SC7_Interrog	NStem_NStem	SC7_Interrog	NStem_NStem
.	Punc	Punc	Punc	Punc
laba_caban_ile	RelConc2_VRoot_Perf	NStem_NStem_NStem	RelConc2_VRoot_Perf	NStem_NStem_NStem
ku_fut_e	SC15_VRoot_VerbTerm	NStem_NStem_NStem	SC15_VRoot_VerbTerm	NStem_NStem_NStem
ba_fik_e	SC2_VRoot_VerbTerm	NStem_NStem_NStem	SC2_VRoot_VerbTerm	NStem_NStem_NStem
e_zinga_ini	LocPre_NStem_LocSuf	NStem_NStem_NStem	LocPre_NStem_LocSuf	NStem_NStem_NStem_NStem
la_ku_yi_yat_i	PossConc9_NPre9_OC9_VRoot_VerbTerm	VRoot_VRoot_VRoot_VRoot_VRoot	PossConc9_NPre9_OC9_VRoot_VerbTerm	NStem_NStem_NStem_NStem_NStem
in_kinga	BPre9_NStem	NStem_NStem	BPre9_NStem	Punc_NStem
ya_bo	PossConc9_PronStem14	Punc_NStem	PossConc9_PronStem14	Punc_Punc
kutsi	Conj	Punc	Conj	Punc
i_yini	SC4_Interrog	NStem_NStem	SC4_Interrog	NStem_NStem
.	Punc	Punc	Punc	Punc
li_komidi	BPre5_NStem	NStem_NStem	BPre5_NStem	NStem_NStem
le_li_wadi	PossConc5_BPre5_NStem	NStem_NStem_NStem	PossConc5_BPre5_NStem	NStem_NStem_NStem
kanye	Conj	Punc	Conj	Punc
na_laba_nye	AdvPre_AdjPref2_AdjStem	NStem_NStem_NStem	AdvPre_AdjPref2_AdjStem	NStem_NStem_NStem
ba_ntfu	BPre2_NStem	NStem_NStem	BPre2_NStem	NStem_NStem
laba_nga_hle	RelConc2_Pot_Adv	NStem_NStem_NStem	RelConc2_Pot_Adv	NStem_NStem_NStem
ba_bandzakany_ek_e	SC2_VRoot_NeutExt_VerbTerm	VRoot_VRoot_VRoot_VRoot	SC2_VRoot_NeutExt_VerbTerm	VRoot_VRoot_VRoot_VRoot
e_ku_sebent_is_a_ini	LocPre_BPre15_VRoot_CausExt_VerbTerm_LocSuf	NStem_NStem_NStem_NStem_VRoot_NStem	LocPre_BPre15_VRoot_CausExt_VerbTerm_LocSuf	VRoot_VRoot_VRoot_VRoot_VRoot_VRoot
,	Punc	Punc	Punc	Punc
loku_fak_a	RelConc15_VRoot_VerbTerm	NStem_NStem_NStem	RelConc15_VRoot_VerbTerm	NStem_NStem_NStem
e_khatsi	LocPre_Adv	Punc_Punc	LocPre_Adv	NStem_NStem
u_mu_meleli	NPrePre1_BPre1_NStem	NStem_NStem_NStem	NPrePre1_BPre1_NStem	NStem_NStem_NStem
lo_vel_a	RelConc3_VRoot_VerbTerm	NStem_NStem_NStem	RelConc3_VRoot_VerbTerm	NStem_NStem_NStem
ku_lelo	LocPre_Dem5_Pos2	NStem_NStem	LocPre_Dem5_Pos2	NStem_NStem
na_lelo	AdvPre_Dem5_Pos2	Punc_Punc	AdvPre_Dem5_Pos2	NStem_NStem
cembu	NStem	Punc	NStem	Punc
la_ku_sebent_a	PossConc5_OC15_VRoot_VerbTerm	NStem_NStem_NStem_NStem	PossConc5_OC15_VRoot_VerbTerm	NStem_NStem_NStem
nga_u_mu_gomo	AdvPre_NPrePre3_BPre3_NStem	NStem_NStem_NStem_NStem	AdvPre_NPrePre3_BPre3_NStem	NStem_NStem_NStem_NStem
ba_hlangan_e	SC2_VRoot_VerbTerm	NStem_NStem_NStem	SC2_VRoot_VerbTerm	NStem_NStem_NStem
loku_nge_nani	RelConc15_AdvPre_NStem	NStem_NStem_NStem	RelConc15_AdvPre_NStem	NStem_NStem_NStem
e_ma_awa	NPrePre6_BPre6_NStem	NStem_NStem_NStem	NPrePre6_BPre6_NStem	NStem_NStem_NStem
lama_bili	AdjPref6_AdjStem	Punc_Punc	AdjPref6_AdjStem	Punc_Punc
ba_sebent_is_a	SC2_VRoot_CausExt_VerbTerm	NStem_NStem_NStem_NStem	SC2_VRoot_CausExt_VerbTerm	NStem_NStem_NStem_NStem
i_metriksi	BPre9_NStem	NStem_NStem	BPre9_NStem	NStem_NStem
kutsi	Conj	Punc	Conj	Punc
i_ba_sit_e	SC9_OC2_VRoot_VerbTerm	NStem_NStem_NStem_NStem	SC9_OC2_VRoot_VerbTerm	Punc_Punc_Punc
mayelana	Conj	NStem	Conj	Punc
na_li_su	AdvPre_BPre5_NStem	NStem_NStem_NStem	AdvPre_BPre5_NStem	NStem_NStem
la_ku_sebent_a	PossConc5_OC15_VRoot_VerbTerm	NStem_NStem_NStem_NStem	PossConc5_OC15_VRoot_VerbTerm	NStem_NStem_NStem
.	Punc	Punc	Punc	Punc
ku_ehluk_an_a	BPre15_VRoot_RecipExt_VerbTerm	NStem_NStem_NStem_NStem	BPre15_VRoot_RecipExt_VerbTerm	VRoot_NStem_VRoot_NStem
:	Punc	Punc	Punc	Punc
i_n_dlela	NPrePre9_BPre9_NStem	NStem_NStem_NStem	NPrePre9_BPre9_NStem	NStem_NStem_NStem
ye_ku_ti_bandzakany_a	PossConc9_BPre15_ReflPre_VRoot_VerbTerm	VRoot_VRoot_VRoot_VRoot_VRoot	PossConc9_BPre15_ReflPre_VRoot_VerbTerm	VRoot_VRoot_VRoot_VRoot_VRoot
kwe_m_mango	PossConc15_BPre3_NStem	NStem_NStem_NStem	PossConc15_BPre3_NStem	NStem_NStem_NStem
ne_ku_akh_iw_a	AdvPre_BPre15_VRoot_PassExt_VerbTerm	VRoot_VRoot_NStem_VRoot_VRoot	AdvPre_BPre15_VRoot_PassExt_VerbTerm	NStem_NStem_NStem_NStem_NStem
kwa_yo	PossConc15_PronStem4	Punc_Punc	PossConc15_PronStem4	Punc_Punc
ku_mel_e	SC15_VRoot_VerbTerm	NStem_NStem_NStem	SC15_VRoot_VerbTerm	NStem_NStem_NStem
ku_niket_e	SC15_VRoot_VerbTerm	NStem_NStem_NStem	SC15_VRoot_VerbTerm	NStem_NStem_NStem
e_ma_tfuba	NPrePre6_BPre6_NStem	NStem_NStem_NStem	NPrePre6_BPre6_NStem	VRoot_NStem_VRoot
ekwa_ehlukan_a	PossConc6_VRoot_VerbTerm	NStem_NStem_NStem	PossConc6_VRoot_VerbTerm	VRoot_VRoot_VRoot_VRoot_VRoot
,	Punc	Punc	Punc	Punc
i.e.	Abbr	NStem	Abbr	NStem
tin_dlela	BPre10_NStem	NStem_NStem	BPre10_NStem	NStem_NStem
na_ma_siko	AdvPre_BPre6_NStem	NStem_NStem_NStem	AdvPre_BPre6_NStem	NStem_NStem_NStem
la_ehluk_an_ile	PossConc5_VRoot_RecipExt_Perf	NStem_VRoot_NStem_NStem	PossConc5_VRoot_RecipExt_Perf	NStem_NStem_NStem_NStem
e_ku_ti_bandzakany_a	LocPre_OC15_ReflPre_VRoot_VerbTerm	VRoot_VRoot_VRoot_VRoot_VRoot	LocPre_OC15_ReflPre_VRoot_VerbTerm	VRoot_VRoot_VRoot_VRoot_VRoot
.	Punc	Punc	Punc	Punc
noma	Conj	Punc	Conj	Punc
ngabe	Conj	Punc	Conj	Punc
ku_fanel_e	SC15_VRoot_VerbTerm	NStem_NStem_NStem	SC15_VRoot_VerbTerm	NStem_NStem_NStem
ku_be	SC15_AuxVStem	Punc_Punc	SC15_AuxVStem	Punc_Punc
ne_si_akhiwo	AdvPre_BPre7_NStem	NStem_NStem_NStem	AdvPre_BPre7_NStem	NStem_NStem_NStem
se_m_tsetfo	PossConc7_BPre3_NStem	NStem_NStem_NStem	PossConc7_BPre3_NStem	VRoot_VRoot_VRoot
lesi_bek_el_w_e	RelConc7_VRoot_ApplExt_PassExt_VerbTerm	NStem_VRoot_NStem_NStem_NStem	RelConc7_VRoot_ApplExt_PassExt_VerbTerm	NStem_NStem_NStem_NStem_NStem
ku_ti_bandzakany_a	SC15_OC10_VRoot_VerbTerm	VRoot_VRoot_VRoot_VRoot	SC15_OC10_VRoot_VerbTerm	VRoot_VRoot_VRoot_VRoot
e_venilonkhe	LocPre_NStem	NStem_NStem	LocPre_NStem	NStem_NStem_NStem
,	Punc	Punc	Punc	Punc
le_si_akhiwo	PossConc5_BPre7_NStem	NStem_NStem_NStem	PossConc5_BPre7_NStem	NStem_NStem
ku_fanel_e	SC15_VRoot_VerbTerm	NStem_NStem_NStem	SC15_VRoot_VerbTerm	NStem_NStem_NStem
si_vulek_e	OC7_VRoot_VerbTerm	NStem_NStem_NStem	OC7_VRoot_VerbTerm	NStem_NStem_NStem_NStem
ka_khulu	AdvPre_AdjStem	NStem_NStem	AdvPre_AdjStem	Punc_Punc
khona	Conj	Punc	Conj	Punc
tin_dzawo	NPre10_NStem	NStem_NStem	NPre10_NStem	NStem_NStem
leti_tsite	RelConc10_RelStem	Punc_Punc	RelConc10_RelStem	Punc_Punc
ti_tokhon_a	SC8_VRoot_VerbTerm	NStem_NStem_NStem	SC8_VRoot_VerbTerm	NStem_NStem_NStem
ku_si_gucula	LocPre_BPre7_NStem	NStem_NStem_NStem	LocPre_BPre7_NStem	NStem_NStem_NStem_NStem
nge_ku_ent_a	AdvPre_BPre15_VRoot_VerbTerm	NStem_NStem_NStem_NStem	AdvPre_BPre15_VRoot_VerbTerm	NStem_NStem_NStem_NStem
kwe_ti_fundza	PossConc15_NPre8_NStem	NStem_NStem_NStem	PossConc15_NPre8_NStem	NStem_NStem_NStem
na_bo_masipala	AdvPre_BPre2a_NStem	NStem_NStem_NStem	AdvPre_BPre2a_NStem	NStem_NStem_NStem
.	Punc	Punc	Punc	Punc
u_mu_tsetfo	NPrePre3_BPre3_NStem	NStem_NStem_NStem	NPrePre3_BPre3_NStem	NStem_NStem_NStem
si_sekelo	BPre7_NStem	NStem_NStem	BPre7_NStem	NStem_NStem
u_bek_a	SC3_VRoot_VerbTerm	NStem_NStem_NStem	SC3_VRoot_VerbTerm	NStem_NStem_NStem
ti_dzingo	BPre8_NStem	NStem_NStem	BPre8_NStem	NStem_NStem
leti_si_sekelo	RelConc8_BPre7_NStem	NStem_NStem_NStem	RelConc8_BPre7_NStem	NStem_NStem_NStem
leti_m_bili	AdjPref8_BPre3_AdjStem	NStem_NStem_NStem	AdjPref8_BPre3_AdjStem	NStem_NStem_NStem
ta_ku_shay_a	PossConc8_OC15_VRoot_VerbTerm	NStem_NStem_NStem_NStem	PossConc8_OC15_VRoot_VerbTerm	NStem_NStem_NStem_NStem
u_mu_tsetfo	NPrePre3_BPre3_NStem	NStem_NStem_NStem	NPrePre3_BPre3_NStem	NStem_NStem_NStem
ngu_masipala	CopPre_NStem	NStem_NStem	CopPre_NStem	NStem_NStem
.	Punc	Punc	Punc	Punc
kwe_ku_cala	PossConc15_SC15_NStem	NStem_NStem_NStem	PossConc15_SC15_NStem	Punc_Punc
u_mu_tsetfo	NPrePre3_BPre3_NStem	NStem_NStem_NStem	NPrePre3_BPre3_NStem	NStem_NStem_NStem
ku_mel_e	SC15_VRoot_VerbTerm	NStem_NStem_NStem	SC15_VRoot_VerbTerm	NStem_NStem_NStem
u_sekel_w_e	SC3_VRoot_PassExt_VerbTerm	VRoot_VRoot_VRoot_VRoot	SC3_VRoot_PassExt_VerbTerm	NStem_NStem_NStem_NStem_NStem
li_nyenti	AdjPref5_AdjStem	NStem_NStem	AdjPref5_AdjStem	Punc_Punc
le_ma_khansela	PossConc5_BPre6_NStem	NStem_NStem_NStem	PossConc5_BPre6_NStem	NStem_NStem_NStem
,	Punc	Punc	Punc	Punc
kwa_si_bili	PossConc15_BPre7_NStem	NStem_NStem_NStem	PossConc15_BPre7_NStem	NStem_NStem_NStem
,	Punc	Punc	Punc	Punc
u_mu_mango	NPrePre3_BPre3_NStem	NStem_NStem_NStem	NPrePre3_BPre3_NStem	NStem_NStem_NStem
ku_mel_e	SC15_VRoot_VerbTerm	NStem_NStem_NStem	SC15_VRoot_VerbTerm	NStem_NStem_NStem
kube	Conj	Punc	Conj	Punc_Punc
se_wu_k_e	PossConc7_OC3_VRoot_VerbTerm	NStem_VRoot_NStem_VRoot	PossConc7_OC3_VRoot_VerbTerm	NStem_NStem_NStem
wa_tfol_a	SC3_VRoot_VerbTerm	NStem_NStem_NStem	SC3_VRoot_VerbTerm	NStem_NStem_NStem
li_tfuba	BPre5_NStem	NStem_NStem	BPre5_NStem	NStem_NStem
ku_bek_a	BPre15_VRoot_VerbTerm	NStem_NStem_NStem	BPre15_VRoot_VerbTerm	Punc_NStem_Punc
lu_vo	BPre11_NStem	Punc_Punc	BPre11_NStem	Punc_Punc
mayelana	Adv	NStem	Adv	NStem
na_loyo	AdvPre_Dem3_Pos2	NStem_NStem	AdvPre_Dem3_Pos2	NStem_NStem
m_tsetfo	BPre3_NStem	NStem_NStem	BPre3_NStem	NStem_NStem
.	Punc	Punc	Punc	Punc
ti_godzi	CopPre_NStem	Punc_Punc	CopPre_NStem	NStem_NStem
leti_nga_phasi	RelConc8_AdvPre_Adv	NStem_NStem_NStem	RelConc8_AdvPre_Adv	NStem_NStem_NStem_NStem
kwa_li_wadi	PossConc5_BPre5_NStem	NStem_NStem_NStem	PossConc5_BPre5_NStem	NStem_NStem_NStem
,	Punc	NStem	Punc	Punc
ti_ya_cel_w_a	SC8_Pres_VRoot_PassExt_VerbTerm	NStem_NStem_NStem_NStem_NStem	SC8_Pres_VRoot_PassExt_VerbTerm	NStem_NStem_NStem_NStem_NStem
kutsi	Conj	Punc	Conj	Punc
ti_tfum_el_e	SC8_VRoot_ApplExt_VerbTerm	NStem_NStem_NStem_NStem	SC8_VRoot_ApplExt_VerbTerm	Punc_Punc_Punc_Punc
e_ma_gama	NPrePre6_BPre6_NStem	NStem_NStem_NStem	NPrePre6_BPre6_NStem	NStem_NStem_Punc
a_leti_ba_ncom_ile	SC6_RelConc8_OC2_VRoot_Perf	NStem_NStem_NStem_NStem_NStem	SC6_RelConc8_OC2_VRoot_Perf	VRoot_VRoot_VRoot_VRoot_VRoot
kutsi	Conj	Punc	Conj	Punc
ba_ti_m_elel_e	SC2_OC8_VRoot_IntensExt_VerbTerm	VRoot_VRoot_VRoot_VRoot_NStem	SC2_OC8_VRoot_IntensExt_VerbTerm	VRoot_NStem_NStem_NStem
e_komidi_ini	LocPre_NStem_LocSuf	NStem_NStem_NStem	LocPre_NStem_LocSuf	NStem_NStem_NStem
le_li_wadi	PossConc5_BPre5_NStem	NStem_NStem_NStem	PossConc5_BPre5_NStem	NStem_NStem_NStem
.	Punc	Punc	Punc	Punc
e_ma_menenja	NPrePre6_BPre6_NStem	Punc_Punc_Punc	NPrePre6_BPre6_NStem	NStem_NStem_NStem
a_mu_khandlu	PossConc6_BPre3_NStem	NStem_NStem_NStem	PossConc6_BPre3_NStem	NStem_NStem_NStem
a_emukel_a	SC6_VRoot_VerbTerm	NStem_NStem_NStem	SC6_VRoot_VerbTerm	NStem_NStem_NStem
i_mi_biko	NPrePre4_BPre4_NStem	NStem_NStem_NStem	NPrePre4_BPre4_NStem	NStem_NStem_NStem
le_buy_a	RelConc4_VRoot_VerbTerm	NStem_NStem_NStem	RelConc4_VRoot_VerbTerm	NStem_NStem_NStem
e_si_gungu_ini	LocPre_BPre7_NStem_LocSuf	VRoot_NStem_VRoot_VRoot	LocPre_BPre7_NStem_LocSuf	NStem_NStem_NStem_NStem
se_ku_ti_bandzakany_a	PossConc7_OC15_ReflPre_VRoot_VerbTerm	VRoot_VRoot_VRoot_VRoot_VRoot	PossConc7_OC15_ReflPre_VRoot_VerbTerm	VRoot_VRoot_VRoot_VRoot_VRoot
kwa_si_ve	PossConc15_BPre7_NStem	NStem_NStem_NStem	PossConc15_BPre7_NStem	NStem_NStem_NStem
ku_ent_a	BPre15_VRoot_VerbTerm	NStem_NStem_NStem	BPre15_VRoot_VerbTerm	NStem_NStem_NStem
u_mu_sebenti	NPrePre3_BPre3_NStem	NStem_NStem_NStem	NPrePre3_BPre3_NStem	NStem_Punc_NStem
wa_ku_londvolot_a	PossConc3_OC15_VRoot_VerbTerm	VRoot_VRoot_VRoot_VRoot	PossConc3_OC15_VRoot_VerbTerm	VRoot_VRoot_VRoot_VRoot
nobe	Conj	Punc	Conj	Punc
ku_buyeket_w_a	BPre15_VRoot_PassExt_VerbTerm	VRoot_NStem_NStem_NStem	BPre15_VRoot_PassExt_VerbTerm	NStem_NStem_NStem_NStem
ba_phatsi	BPre2_NStem	NStem_NStem	BPre2_NStem	NStem_NStem
ku_ngaka_mikis_w_a	SC15_NegPre_VRoot_PassExt_VerbTerm	NStem_NStem_NStem_NStem_NStem	SC15_NegPre_VRoot_PassExt_VerbTerm	VRoot_VRoot_VRoot_VRoot_VRoot
e_komidi_ini	LocPre_NStem_LocSuf	NStem_NStem_NStem	LocPre_NStem_LocSuf	NStem_NStem_NStem
le_ba_phatsiswa	RelConc9_BPre2_NStem	NStem_NStem_NStem	RelConc9_BPre2_NStem	VRoot_VRoot_VRoot_VRoot_VRoot_VRoot
nobe	Conj	Punc	Conj	Punc
li_komidi	BPre5_NStem	NStem_NStem	BPre5_NStem	NStem_NStem
la_mu_phatsidolobha	PossConc5_BPre1_NStem	VRoot_VRoot_VRoot	PossConc5_BPre1_NStem	NStem_NStem_VRoot
ne_ba_phatsiswa	AdvPre_NPre2_NStem	NStem_NStem_NStem	AdvPre_NPre2_NStem	NStem_NStem_NStem
kute	Conj	Punc	Conj	Punc
ku_ent_iw_e	SC15_VRoot_PassExt_VerbTerm	NStem_NStem_NStem_NStem	SC15_VRoot_PassExt_VerbTerm	NStem_NStem_NStem_NStem
ti_ncumo	NPre8_NStem	NStem_NStem	NPre8_NStem	NStem_NStem
ta_i_politiki	PossConc8_NPre9_NStem	NStem_NStem_NStem	PossConc8_NPre9_NStem	NStem_NStem
.	Punc	Punc	Punc	Punc
masipala	NStem	NStem	NStem	NStem
u_hlel_a	SC1a_VRoot_VerbTerm	NStem_NStem_NStem	SC1a_VRoot_VerbTerm	NStem_NStem_NStem
ku_akh_a	BPre15_VRoot_VerbTerm	NStem_NStem_NStem	BPre15_VRoot_VerbTerm	NStem_NStem_NStem
si_bhedlela	BPre7_NStem	NStem_NStem	BPre7_NStem	NStem_NStem
ku_wadi	BPre17_NStem	Punc_NStem	BPre17_NStem	NStem_NStem
ABC	Abbr	Punc	Abbr	Punc
.	Punc	Punc	Punc	Punc
ba_chumanisi	BPre2_NStem	NStem_NStem	BPre2_NStem	NStem_NStem_NStem_NStem
ba_nga_phandle	SC2_AdvPre_Adv	NStem_NStem_NStem	SC2_AdvPre_Adv	NStem_NStem_NStem
ba_nik_w_e	SC2_VRoot_PassExt_VerbTerm	NStem_NStem_NStem_NStem	SC2_VRoot_PassExt_VerbTerm	NStem_NStem_NStem_NStem
in_kontileka	NPre9_NStem	NStem_NStem	NPre9_NStem	NStem_NStem
ya_ku_tfol_a	PossConc9_OC15_VRoot_VerbTerm	NStem_NStem_NStem_NStem	PossConc9_OC15_VRoot_VerbTerm	VRoot_NStem_NStem_VRoot
lu_ati	BPre11_NStem	Punc_Punc	BPre11_NStem	Punc_Punc
lolu_mayelana	RelConc11_Adv	NStem_NStem	RelConc11_Adv	NStem_NStem
na_li_nani	AdvPre_BPre5_NStem	NStem_NStem_NStem	AdvPre_BPre5_NStem	NStem_NStem_NStem
la_ba_ntfu	PossConc5_BPre2_NStem	NStem_VRoot_NStem	PossConc5_BPre2_NStem	NStem_NStem_NStem
e_wadi_ini	LocPre_NStem_LocSuf	NStem_NStem_NStem	LocPre_NStem_LocSuf	NStem_NStem_NStem
,	Punc	Punc	Punc	Punc
li_zinga	BPre5_NStem	NStem_NStem	BPre5_NStem	NStem_NStem
la_ku_sebent_a	PossConc5_BPre15_VRoot_VerbTerm	NStem_NStem_NStem_NStem	PossConc5_BPre15_VRoot_VerbTerm	NStem_NStem_NStem
ne_ku_nga_sebenti	AdvPre_BPre15_AdvPre_NStem	NStem_NStem_NStem_NStem	AdvPre_BPre15_AdvPre_NStem	NStem_NStem_NStem_NStem_NStem
,	Punc	Punc	Punc	Punc
li_nani	NPre5_NStem	NStem_NStem	NPre5_NStem	NStem_NStem
la_laba_dzala	PossConc5_AdjPref2_AdjStem	NStem_NStem_NStem	PossConc5_AdjPref2_AdjStem	NStem_NStem_NStem
,	Punc	Punc	Punc	Punc
li_nani	BPre5_NStem	NStem_NStem	BPre5_NStem	NStem_NStem
la_laba_sha	PossConc5_AdjPref2_AdjStem	Punc_Punc_Punc	PossConc5_AdjPref2_AdjStem	Punc_Punc_NStem
,	Punc	Punc	Punc	Punc
li_nani	BPre5_NStem	NStem_NStem	BPre5_NStem	NStem_NStem
le_ba_ntfu	RelConc9_BPre2_NStem	NStem_NStem_NStem	RelConc9_BPre2_NStem	NStem_NStem_NStem
laba_phil_a	RelConc2_VRoot_VerbTerm	NStem_NStem_NStem	RelConc2_VRoot_VerbTerm	NStem_NStem_NStem
ne_HIV	AdvPre_Abbr	Punc_Punc	AdvPre_Abbr	NStem_NStem
ne_AIDS	AdvPre_ProperName	Punc_Punc	AdvPre_ProperName	NStem_NStem
njll	Abbr	NStem	Abbr	Punc
.	Punc	Punc	Punc	Punc
a_ba_ka_tsints_an_i	NegPre_OC2_ExclNeg_VRoot_RecipExt_VerbTerm	VRoot_VRoot_VRoot_VRoot_VRoot_VRoot	NegPre_OC2_ExclNeg_VRoot_RecipExt_VerbTerm	VRoot_VRoot_VRoot_VRoot_VRoot_VRoot
na_u_m_mango	AdvPre_NPrePre1a_BPre1a_NStem	VRoot_NStem_NStem_VRoot	AdvPre_NPrePre1a_BPre1a_NStem	NStem_NStem_NStem_NStem
nga_kutsi	AdvPre_Conj	Punc_Punc	AdvPre_Conj	NStem_NStem
ingabe	Interrog	Punc	Interrog	Punc
i_wadi	BPre9_NStem	NStem_NStem	BPre9_NStem	NStem_NStem
ABC	Abbr	Punc	Abbr	Punc
i_yi_n_dzawo	BPre9_CopPre_NPre9_NStem	NStem_NStem_NStem_NStem	BPre9_CopPre_NPre9_NStem	VRoot_VRoot_VRoot_VRoot
le_ncono	PossConc5_NStem	NStem_NStem	PossConc5_NStem	NStem_NStem
yini	Interrog	Punc	Interrog	Punc
ya_ku_akh_a	PossConc9_OC15_VRoot_VerbTerm	NStem_NStem_NStem_NStem	PossConc9_OC15_VRoot_VerbTerm	NStem_NStem_NStem_NStem
si_bhedlela	BPre7_NStem	NStem_NStem	BPre7_NStem	NStem_NStem
.	Punc	Punc	Punc	Punc
li_nyenti	AdjPref5_AdjStem	NStem_NStem	AdjPref5_AdjStem	NStem_NStem
la_ba_ntfu	PossConc5_BPre2_NStem	VRoot_NStem_NStem	PossConc5_BPre2_NStem	NStem_NStem_NStem
laba_but_w_e	RelConc2_VRoot_PassExt_VerbTerm	NStem_NStem_NStem_NStem	RelConc2_VRoot_PassExt_VerbTerm	NStem_NStem_NStem_NStem
i_mi_buto	NPrePre4_BPre4_NStem	NStem_NStem_NStem	NPrePre4_BPre4_NStem	NStem_NStem_NStem
ba_ts_i	SC2_VRoot_VerbTerm	NStem_NStem_NStem	SC2_VRoot_VerbTerm	NStem_NStem_NStem
si_bheldlela	BPre7_NStem	NStem_NStem	BPre7_NStem	NStem_NStem
si_dzing_ek_a	SC7_VRoot_NeutExt_VerbTerm	NStem_NStem_NStem_NStem	SC7_VRoot_NeutExt_VerbTerm	NStem_NStem_NStem_NStem
ku_wadi	BPre17_NStem	NStem_NStem	BPre17_NStem	NStem_NStem
XYZ	Abbr	NStem	Abbr	NStem
.	Punc	Punc	Punc	Punc
masipala	NStem	NStem	NStem	NStem
a_ka_yi_nak_i	NegPre_ExclNeg_OC3_VRoot_VerbTerm	NStem_NStem_VRoot_NStem_NStem	NegPre_ExclNeg_OC3_VRoot_VerbTerm	NStem_NStem_NStem_NStem_NStem
i_mi_bono	NPrePre4_BPre4_NStem	NStem_NStem_NStem	NPrePre4_BPre4_NStem	NStem_NStem_NStem
ya_u_mu_mango	PossConc4_NPrePre3_BPre3_NStem	VRoot_VRoot_VRoot_VRoot	PossConc4_NPrePre3_BPre3_NStem	NStem_NStem_NStem_NStem
.	Punc	Punc	Punc	Punc
i_ent_a	SC9_VRoot_VerbTerm	NStem_NStem_NStem	SC9_VRoot_VerbTerm	NStem_NStem_NStem
lo_mu_buto	Dem3_Pos1_BPre3_NStem	NStem_NStem_NStem	Dem3_Pos1_BPre3_NStem	NStem_NStem_NStem
lo_nge_ntasi	RelConc3_AdvPre_Adv	NStem_NStem_NStem	RelConc3_AdvPre_Adv	NStem_NStem_NStem
.	Punc	Punc	Punc	Punc
macondzana	NStem	Punc	NStem	NStem
ne_ma_cembu	AdvPre_BPre6_NStem	NStem_NStem_NStem	AdvPre_BPre6_NStem	NStem_NStem_NStem
la_nga_ti_v_a	RelConc6_Pot_ReflPre_VRoot_VerbTerm	NStem_NStem_NStem_VRoot_NStem	RelConc6_Pot_ReflPre_VRoot_VerbTerm	NStem_NStem_NStem_NStem_NStem
a_khululek_ile	SC6_VRoot_Perf	NStem_NStem_NStem	SC6_VRoot_Perf	NStem_NStem_NStem
mayelana	Adv	NStem	Adv	NStem
na_ma_ve	AdvPre_BPre6_NStem	NStem_Punc_Punc	AdvPre_BPre6_NStem	NStem_NStem_NStem
la_bhal_iw_e	RelConc6_VRoot_PassExt_VerbTerm	VRoot_VRoot_VRoot_VRoot	RelConc6_VRoot_PassExt_VerbTerm	NStem_VRoot_VRoot_NStem
,	Punc	Punc	Punc	Punc
i_n_khomba	NPrePre9_BPre9_NStem	NStem_NStem_NStem	NPrePre9_BPre9_NStem	NStem_NStem_NStem
ya_AICDD	PossConc9_Abbr	NStem_NStem	PossConc9_Abbr	NStem_NStem
i_phawul_a	SC9_VRoot_VerbTerm	NStem_NStem_NStem	SC9_VRoot_VerbTerm	VRoot_NStem_NStem
nga_ku_sebent_is_a	AdvPre_BPre15_VRoot_CausExt_VerbTerm	NStem_NStem_NStem_NStem_NStem	AdvPre_BPre15_VRoot_CausExt_VerbTerm	VRoot_NStem_NStem_NStem_VRoot
i_n_bewu	NPrePre9_BPre9_NStem	NStem_NStem_NStem	NPrePre9_BPre9_NStem	NStem_NStem_NStem
,	Punc	Punc	Punc	Punc
e_ma_tje	NPrePre6_BPre6_NStem	Punc_Punc_Punc	NPrePre6_BPre6_NStem	NStem_NStem_NStem
nobe	Conj	Punc	Conj	NStem
tin_tsi	BPre10_NStem	Punc_Punc	BPre10_NStem	Punc_Punc
e_ma_khadi_ini	LocPre_BPre6_NStem_LocSuf	VRoot_NStem_NStem_VRoot	LocPre_BPre6_NStem_LocSuf	NStem_NStem_NStem_NStem
kute	Conj	Punc	Conj	Punc
la_bo	PossConc5_PronStem2	Punc_Punc	PossConc5_PronStem2	Punc_Punc
laba_bandzakany_ek_a_ko	RelConc2_VRoot_NeutExt_VerbTerm_RelSuf	VRoot_VRoot_VRoot_VRoot_VRoot	RelConc2_VRoot_NeutExt_VerbTerm_RelSuf	VRoot_VRoot_VRoot_VRoot_VRoot
ba_tawu_bon_a	SC2_Fut_VRoot_VerbTerm	NStem_NStem_NStem_NStem	SC2_Fut_VRoot_VerbTerm	NStem_NStem_VRoot_VRoot
kutsi	Conj	Punc	Conj	Punc
ngabe	Conj	Punc	Conj	Punc
in_kinga	BPre9_NStem	NStem_NStem	BPre9_NStem	NStem_NStem
se_yi_khul_e	ProgPre_OC9_VRoot_VerbTerm	NStem_NStem_NStem_NStem	ProgPre_OC9_VRoot_VerbTerm	NStem_NStem_VRoot_VRoot
ka_nga_kanani	AdvPre_AdvPre_Interrog	NStem_NStem_NStem	AdvPre_AdvPre_Interrog	NStem_NStem_NStem
.	Punc	Punc	Punc	Punc
loku	Dem15_Pos1	Punc	Dem15_Pos1	Punc
ku_bek_w_a	BPre15_VRoot_PassExt_VerbTerm	NStem_NStem_NStem_NStem	BPre15_VRoot_PassExt_VerbTerm	NStem_NStem_NStem_NStem
e_khadi_ini	LocPre_NStem_LocSuf	NStem_NStem_NStem	LocPre_NStem_LocSuf	NStem_NStem_NStem_NStem
leli_bon_is_a	RelConc5_VRoot_CausExt_VerbTerm	NStem_NStem_NStem_NStem	RelConc5_VRoot_CausExt_VerbTerm	NStem_VRoot_NStem_NStem
u_mu_nyaka	NPrePre3_BPre3_NStem	NStem_NStem_NStem	NPrePre3_BPre3_NStem	NStem_NStem_NStem
.	Punc	Punc	Punc	Punc
u_m_khandlu	NPrePre3_BPre3_NStem	NStem_NStem_NStem	NPrePre3_BPre3_NStem	NStem_NStem_NStem
u_nga_bit_a	SC3_AdvPre_VRoot_VerbTerm	NStem_NStem_NStem_NStem	SC3_AdvPre_VRoot_VerbTerm	NStem_NStem_NStem_NStem
i_n_khundla	NPrePre9_BPre9_NStem	NStem_NStem_NStem	NPrePre9_BPre9_NStem	NStem_NStem_NStem
ya_laba_mel_e	PossConc9_RelConc2_VRoot_VerbTerm	NStem_NStem_NStem_NStem	PossConc9_RelConc2_VRoot_VerbTerm	NStem_NStem_NStem_NStem
i_IDP	NPre9_Abbr	NStem_NStem	NPre9_Abbr	NStem_NStem
ku_tfol_a	BPre15_VRoot_VerbTerm	NStem_NStem_NStem	BPre15_VRoot_VerbTerm	NStem_NStem_NStem
ku_ti_bandzakany_a	BPre15_ReflPre_VRoot_VerbTerm	VRoot_VRoot_VRoot_VRoot	BPre15_ReflPre_VRoot_VerbTerm	NStem_VRoot_NStem_NStem
loku_khulu	AdjPref15_AdjStem	NStem_NStem	AdjPref15_AdjStem	Punc_Punc
na_i_mi_bono	AdvPre_NPrePre4_BPre4_NStem	NStem_NStem_NStem_VRoot	AdvPre_NPrePre4_BPre4_NStem	NStem_NStem_NStem_NStem
ya_u_mu_mango	PossConc4_NPrePre3_BPre3_NStem	NStem_NStem_NStem_NStem	PossConc4_NPrePre3_BPre3_NStem	NStem_NStem_NStem_NStem
.	Punc	Punc	Punc	Punc
le_n_khundla	Dem9_Pos1_BPre9_NStem	VRoot_VRoot_VRoot	Dem9_Pos1_BPre9_NStem	NStem_NStem_NStem
i_nga_fak_a	SC9_Pot_VRoot_VerbTerm	NStem_NStem_NStem_NStem	SC9_Pot_VRoot_VerbTerm	NStem_NStem_NStem_NStem
e_khatsi	LocPre_Adv	Punc_Punc	LocPre_Adv	NStem_NStem
e_ma_khansela	NPrePre6_BPre6_NStem	NStem_NStem_NStem	NPrePre6_BPre6_NStem	NStem_NStem_NStem
,	Punc	Punc	Punc	Punc
e_ma_lunga	NPrePre6_BPre6_NStem	Punc_Punc_Punc	NPrePre6_BPre6_NStem	NStem_NStem_NStem
e_li_komidi	PossConc6_BPre5_NStem	NStem_NStem_NStem	PossConc6_BPre5_NStem	NStem_NStem_NStem
ye_ba_phatsiswa	PossConc9_BPre2_NStem	NStem_NStem_NStem	PossConc9_BPre2_NStem	NStem_NStem_VRoot
,	Punc	Punc	Punc	Punc
ti_sebenti	BPre8_NStem	NStem_NStem	BPre8_NStem	NStem_NStem
leti_phets_e	RelConc8_VRoot_VerbTerm	NStem_NStem_NStem	RelConc8_VRoot_VerbTerm	NStem_NStem_NStem
leti_phakam_ile	RelConc8_VRoot_Perf	NStem_NStem_NStem	RelConc8_VRoot_Perf	Punc_NStem_NStem
,	Punc	Punc	Punc	Punc
e_ma_lunga	NPrePre6_BPre6_NStem	NStem_NStem_NStem	NPrePre6_BPre6_NStem	NStem_NStem_NStem
e_li_komidi	PossConc6_BPre5_NStem	NStem_NStem_NStem	PossConc6_BPre5_NStem	NStem_NStem_NStem
ya_li_wadi	PossConc9_BPre5_NStem	NStem_NStem_NStem	PossConc9_BPre5_NStem	NStem_NStem_NStem
kanye	Conj	Punc	Conj	Punc
na_laba_mele	AdvPre_Dem2_Pos1_NStem	NStem_NStem_NStem	AdvPre_Dem2_Pos1_NStem	NStem_NStem_NStem_NStem
e_ma_cembu	NPrePre6_BPre6_NStem	NStem_NStem_NStem	NPrePre6_BPre6_NStem	Punc_Punc_NStem
la_tsints_ek_a_ko	RelConc6_VRoot_NPas_VerbTerm_RelSuf	NStem_NStem_NStem_NStem_NStem	RelConc6_VRoot_NPas_VerbTerm_RelSuf	VRoot_VRoot_NStem_VRoot_VRoot
la_hlel_ek_ile	SC5_VRoot_NeutExt_Perf	NStem_NStem_NStem_NStem	SC5_VRoot_NeutExt_Perf	Punc_Punc_Punc_Punc
,	Punc	Punc	Punc	Punc
ba_holi	BPre2_NStem	NStem_NStem	BPre2_NStem	NStem_NStem
ba_i_n_dzabuko	PossConc2_NPrePre9_BPre9_NStem	VRoot_VRoot_VRoot_VRoot	PossConc2_NPrePre9_BPre9_NStem	VRoot_VRoot_VRoot_VRoot
na_ba_ntfu	AdvPre_BPre2_NStem	NStem_NStem_NStem	AdvPre_BPre2_NStem	NStem_NStem_NStem
laba_tin_sita	RelConc2_NPre9_NStem	NStem_NStem_NStem	RelConc2_NPre9_NStem	NStem_NStem_NStem
.	Punc	NStem	Punc	Punc
lesi_akhiwo	Dem7_Pos1_NStem	NStem_NStem	Dem7_Pos1_NStem	NStem_NStem
si_chub_a	SC7_VRoot_VerbTerm	NStem_NStem_NStem	SC7_VRoot_VerbTerm	Punc_Punc
ku_khulum_is_an_a	CopPre_VRoot_CausExt_RecipExt_VerbTerm	VRoot_VRoot_NStem_VRoot_VRoot	CopPre_VRoot_CausExt_RecipExt_VerbTerm	NStem_NStem_VRoot_NStem_NStem
na_ku_tsats_a	AdvPre_OC15_VRoot_VerbTerm	NStem_NStem_NStem_NStem	AdvPre_OC15_VRoot_VerbTerm	NStem_NStem_NStem_NStem
ti_ncumo	BPre8_NStem	NStem_NStem	BPre8_NStem	NStem_NStem
nge_ku_bamb_is_an_a	AdvPre_SC15_VRoot_CausExt_RecipExt_VerbTerm	VRoot_VRoot_VRoot_VRoot_VRoot_VRoot	AdvPre_SC15_VRoot_CausExt_RecipExt_VerbTerm	VRoot_VRoot_VRoot_VRoot_VRoot_VRoot
ku_IDP	LocPre_Abbr	NStem_NStem	LocPre_Abbr	Punc_Punc
.	Punc	Punc	Punc	Punc
i_n_khundla	NPrePre9_BPre9_NStem	NStem_NStem_NStem	NPrePre9_BPre9_NStem	VRoot_NStem_VRoot
le_mel_e	PossConc5_VRoot_VerbTerm	NStem_NStem_NStem	PossConc5_VRoot_VerbTerm	NStem_NStem_NStem
i_IDP	NPre9_Abbr	NStem_NStem	NPre9_Abbr	NStem_NStem
ku_mel_e	SC15_VRoot_VerbTerm	NStem_NStem_NStem	SC15_VRoot_VerbTerm	NStem_NStem_NStem
ku_be	SC15_AuxVStem	Punc_Punc	SC15_AuxVStem	Punc_Punc
yi_in_hlangano	CopPre_BPre9_NStem	VRoot_VRoot_VRoot	CopPre_BPre9_NStem	NStem_NStem_NStem
le_nga_gucuk_i	PossConc5_NegPre_Intrans_VerbTerm	NStem_VRoot_VRoot_VRoot	PossConc5_NegPre_Intrans_VerbTerm	VRoot_VRoot_VRoot_VRoot
,	Punc	Punc	Punc	Punc
le_ne_m_sebenti	RelConc9_AdvPre_BPre3_NStem	NStem_NStem_NStem_NStem	RelConc9_AdvPre_BPre3_NStem	NStem_VRoot_NStem_NStem
we_ku_landzelela	PossConc3_NPre15_NStem	NStem_NStem_VRoot	PossConc3_NPre15_NStem	VRoot_VRoot_VRoot_VRoot_VRoot
ku_sebent_a	BPre15_VRoot_VerbTerm	NStem_NStem_NStem	BPre15_VRoot_VerbTerm	NStem_NStem_NStem
nga_i_si_khatsi	AdvPre_NPrePre7_BPre7_NStem	NStem_NStem_NStem_NStem	AdvPre_NPrePre7_BPre7_NStem	NStem_NStem_NStem_NStem
se_si_enteko	PossConc7_NPre7_NStem	NStem_NStem_NStem	PossConc7_NPre7_NStem	NStem_NStem_NStem_NStem
se_IDP	PossConc7_Abbr	NStem_NStem	PossConc7_Abbr	NStem_NStem
.	Punc	Punc	Punc	Punc
le_mi_nininingwane	Dem4_Pos1_BPre4_NStem	NStem_NStem_NStem	Dem4_Pos1_BPre4_NStem	NStem_NStem_NStem
i_dzing_e_kitsi	SC4_VRoot_VerbTerm_PronStem1pp	NStem_VRoot_NStem_NStem	SC4_VRoot_VerbTerm_PronStem1pp	NStem_NStem_NStem
kutsi	Conj	Punc	Conj	Punc
ku_phawul_w_e	SC15_VRoot_PassExt_VerbTerm	NStem_NStem_NStem_NStem	SC15_VRoot_PassExt_VerbTerm	NStem_VRoot_VRoot_VRoot
ti_dzingo	NPre8_NStem	NStem_NStem	NPre8_NStem	NStem_NStem
ta_u_mu_mango	PossConc8_NPrePre3_BPre3_NStem	VRoot_VRoot_VRoot_VRoot	PossConc8_NPrePre3_BPre3_NStem	NStem_NStem_NStem_NStem
.	Punc	Punc	Punc	Punc
le_mi_niningwane	PossConc5_BPre4_NStem	NStem_NStem_NStem	PossConc5_BPre4_NStem	NStem_NStem_NStem
i_fak_a	SC4_VRoot_VerbTerm	NStem_NStem_NStem	SC4_VRoot_VerbTerm	NStem_NStem_NStem
e_khatsi	LocPre_Adv	NStem_NStem	LocPre_Adv	NStem_NStem
ti_balobalo	BPre8_NStem	NStem_NStem	BPre8_NStem	NStem_NStem
na_mi_biko	AdvPre_BPre4_NStem	NStem_NStem_NStem	AdvPre_BPre4_NStem	NStem_NStem_NStem_NStem
,	Punc	Punc	Punc	Punc
loku_niket_a	RelConc15_VRoot_VerbTerm	NStem_NStem_NStem	RelConc15_VRoot_VerbTerm	NStem_NStem_NStem
li_nge_muva	BPre5_AdvPre_Adv	NStem_NStem_NStem	BPre5_AdvPre_Adv	NStem_NStem_NStem
nga_li_wadi	AdvPre_BPre5_NStem	NStem_NStem_NStem	AdvPre_BPre5_NStem	NStem_NStem_NStem
.	Punc	Punc	Punc	Punc
Nkt	Abbr	Punc	Abbr	Punc
Mahlangu	ProperName	NStem	ProperName	NStem_NStem
u_tseng_e	SC1_VRoot_VerbTerm	NStem_NStem_NStem	SC1_VRoot_VerbTerm	NStem_NStem_NStem
i_n_ndlu	NPrePre9_BPre9_NStem	NStem_NStem_NStem	NPrePre9_BPre9_NStem	NStem_NStem_NStem
kantsi	Conj	Punc	Conj	Punc
u_fun_a	SC2_VRoot_VerbTerm	NStem_NStem_NStem	SC2_VRoot_VerbTerm	NStem_NStem_NStem
ku_chuny_el_w_a	BPre15_VRoot_ApplExt_PassExt_VerbTerm	VRoot_VRoot_VRoot_VRoot_VRoot	BPre15_VRoot_ApplExt_PassExt_VerbTerm	VRoot_VRoot_VRoot_VRoot
gezi	NStem	Punc	NStem	Punc
.	Punc	Punc	Punc	NStem
u_y_a	SC1_VRoot_VerbTerm	NStem_NStem_NStem	SC1_VRoot_VerbTerm	Punc_Punc_Punc
ku_masipala	LocPre_NStem	NStem_NStem	LocPre_NStem	NStem_NStem
ku_ye_wu_gcwal_is_a	SC15_Pres_OC3_VRoot_CausExt_VerbTerm	NStem_NStem_NStem_NStem_NStem_NStem	SC15_Pres_OC3_VRoot_CausExt_VerbTerm	VRoot_VRoot_VRoot_VRoot_VRoot_VRoot
e_ma_fomu	NPrePre6_BPre6_NStem	NStem_NStem_NStem	NPrePre6_BPre6_NStem	NStem_NStem_NStem
bese	Conj	Punc	Conj	Punc
i_khokh_a	SC4_VRoot_VerbTerm	NStem_NStem_NStem	SC4_VRoot_VerbTerm	NStem_NStem_NStem
i_diphozithi	NPrePre4_NStem	NStem_NStem	NPrePre4_NStem	NStem_NStem
.	Punc	Punc	Punc	Punc
na_ke_fik_a	AdvPre_AdvPre_VRoot_VerbTerm	NStem_NStem_NStem_NStem	AdvPre_AdvPre_VRoot_VerbTerm	NStem_NStem_NStem_NStem
u_khandza	NPrePre1a_NStem	Punc_Punc	NPrePre1a_NStem	NStem_NStem_NStem
la_yi_ni	SC5_CopPre_Interrog	NStem_NStem_NStem	SC5_CopPre_Interrog	NStem_NStem
lo_mudze	Dem3_Pos1_NStem	NStem_NStem	Dem3_Pos1_NStem	NStem_NStem_NStem
bese	Conj	Punc	Conj	Punc
u_yema	NPrePre1a_NStem	NStem_NStem	NPrePre1a_NStem	NStem_NStem_NStem
ku_layini	LocPre_NStem	NStem_NStem	LocPre_NStem	NStem_NStem
.	Punc	Punc	Punc	Punc
ti_sebenti	BPre8_NStem	NStem_NStem	BPre8_NStem	NStem_NStem
ta_ka_masipala	PossConc8_PossKA_NStem	NStem_NStem_NStem	PossConc8_PossKA_NStem	NStem_NStem_NStem
ti_fundza	BPre8_NStem	NStem_NStem	BPre8_NStem	NStem_NStem_NStem
li_phepha	BPre5_NStem	NStem_NStem	BPre5_NStem	Punc_NStem
ti_natsa	BPre10_NStem	Punc_Punc	BPre10_NStem	NStem_NStem_NStem
ne_litiya	AdvPre_NStem	NStem_NStem	AdvPre_NStem	NStem_NStem_NStem
.	Punc	Punc	Punc	Punc
ba_ntfu	BPre2_NStem	NStem_NStem	BPre2_NStem	NStem_NStem
laba_se_layini_ni	RelConc2a_NegPre_NStem_LocSuf	NStem_NStem_NStem_VRoot	RelConc2a_NegPre_NStem_LocSuf	VRoot_VRoot_VRoot_VRoot_VRoot_VRoot
ba_ya_khonon_a	SC2_Pres_VRoot_VerbTerm	NStem_NStem_NStem_NStem	SC2_Pres_VRoot_VerbTerm	NStem_NStem_NStem_NStem
ko_dvwa	QuantConc15_QuantStem	NStem_NStem	QuantConc15_QuantStem	NStem_NStem
b_a_tjelwa	PossConc14_LocPre_NStem	NStem_NStem_Punc	PossConc14_LocPre_NStem	NStem_NStem
kutsi	Conj	Punc	Conj	NStem
ti_sebenti	BPre8_NStem	NStem_NStem	BPre8_NStem	NStem_NStem
ti_ne_li_lungelo	BPre8_AdvPre_BPre8_NStem	VRoot_VRoot_VRoot_VRoot	BPre8_AdvPre_BPre8_NStem	NStem_VRoot_NStem_VRoot
la_ku_tsats_a	PossConc5_BPre15_VRoot_VerbTerm	NStem_NStem_NStem_NStem	PossConc5_BPre15_VRoot_VerbTerm	NStem_NStem_NStem_NStem
'	Punc	Punc	Punc	Punc
li_khefu	BPre5_NStem	NStem_NStem	BPre5_NStem	NStem_NStem
la_ku_nats_a	PossConc5_OC15_VRoot_VerbTerm	NStem_NStem_NStem_NStem	PossConc5_OC15_VRoot_VerbTerm	NStem_NStem_NStem_NStem
litiye	NStem	Punc	NStem	NStem_NStem_NStem
'	Punc	Punc	Punc	Punc
.	Punc	Punc	Punc	Punc
uma	Conj	Punc	Conj	Punc
e_ma_awa	NPrePre6_BPre6_NStem	NStem_NStem_NStem	NPrePre6_BPre6_NStem	NStem_NStem_NStem
la_ma_tsatfu	PossConc5_AdjPref6_AdjStem	NStem_NStem_NStem	PossConc5_AdjPref6_AdjStem	NStem_NStem_NStem
bese	Conj	Punc	Conj	Punc
ku_b_a	BPre15_VRoot_VerbTerm	NStem_NStem_NStem	BPre15_VRoot_VerbTerm	NStem_NStem_NStem
si_khatsi	BPre7_NStem	NStem_NStem	BPre7_NStem	NStem_NStem
se_i_si_dlo	PossConc7_NPrePre7_BPre7_NStem	NStem_NStem_NStem_NStem	PossConc7_NPrePre7_BPre7_NStem	NStem_NStem_NStem
s_a_semini	PossConc7_LocPre_NStem	NStem_NStem_NStem	PossConc7_LocPre_NStem	NStem_NStem_NStem_NStem_NStem
.	Punc	Punc	Punc	Punc
nga	AdvPre	Punc	AdvPre	Punc
2.30	Num	Punc	Num	Punc
si_ya_buy_a	SC7_Pres_VRoot_VerbTerm	NStem_NStem_NStem_NStem	SC7_Pres_VRoot_VerbTerm	NStem_NStem_NStem_NStem
nga_le_si_khatsi	AdvPre_Dem7_Pos1_BPre7_NStem	NStem_NStem_NStem_NStem	AdvPre_Dem7_Pos1_BPre7_NStem	NStem_NStem_NStem_NStem
se_ku_fik_a	PossConc7_OC7_VRoot_VerbTerm	NStem_NStem_NStem_NStem	PossConc7_OC7_VRoot_VerbTerm	NStem_NStem_NStem_NStem
si_khatsi	BPre7_NStem	NStem_NStem	BPre7_NStem	NStem_NStem
si_akh_e	SC1_VRoot_VerbTerm	NStem_NStem_NStem	SC1_VRoot_VerbTerm	NStem_NStem_NStem
be_s_e_ku_ladi	PossConc2_PreLoc-s_LocPre_BPre15_NStem	VRoot_VRoot_VRoot_VRoot_VRoot	PossConc2_PreLoc-s_LocPre_BPre15_NStem	NStem_NStem_VRoot_NStem_NStem
.	Punc	Punc	Punc	Punc
sebent_is_a	VRoot_CausExt_VerbTerm	NStem_NStem_NStem	VRoot_CausExt_VerbTerm	NStem_NStem_NStem
u_mu_buto	NPrePre3_BPre3_NStem	NStem_NStem_NStem	NPrePre3_BPre3_NStem	NStem_NStem_NStem
we_sibili	PossConc3_NStem	NStem_NStem	PossConc3_NStem	NStem_NStem_NStem
,	Punc	Punc	Punc	Punc
u_tsats_e	SC2ps_VRoot_VerbTerm	NStem_NStem_NStem	SC2ps_VRoot_VerbTerm	NStem_NStem_NStem
tin_phendvulo	BPre10_NStem	Punc_Punc	BPre10_NStem	NStem_VRoot
.	Punc	Punc	Punc	Punc
ku_akh_iw_a	BPre15_VRoot_PassExt_VerbTerm	VRoot_VRoot_VRoot_VRoot	BPre15_VRoot_PassExt_VerbTerm	VRoot_VRoot_VRoot_VRoot
kwa_lu_hlelo	PossConc15_BPre11_NStem	NStem_NStem_NStem	PossConc15_BPre11_NStem	NStem_NStem_NStem
lwa_in_tfutfuko	PossConc11_NPre9_NStem	VRoot_VRoot_VRoot	PossConc11_NPre9_NStem	VRoot_VRoot_VRoot
lolu_bumb_an_ile	RelConc11_VRoot_RecipExt_Perf	VRoot_VRoot_VRoot_VRoot	RelConc11_VRoot_RecipExt_Perf	VRoot_NStem_VRoot_VRoot
ngu_u_mu_sebenti	CopPre_NPrePre3_BPre3_NStem	NStem_VRoot_VRoot_VRoot	CopPre_NPrePre3_BPre3_NStem	NStem_NStem_NStem_NStem
wa_hulumende	PossConc3_NStem	NStem_NStem	PossConc3_NStem	NStem_NStem
wa_s_e_khaya	PossConc1a_PreLoc-s_LocPre_NStem	NStem_NStem_NStem_NStem	PossConc1a_PreLoc-s_LocPre_NStem	NStem_VRoot_VRoot_VRoot
.	Punc	Punc	Punc	Punc
leti_n_hlelo	Dem10_Pos1_NPre10_NStem	NStem_NStem_NStem	Dem10_Pos1_NPre10_NStem	VRoot_VRoot_NStem
ti_tawu_lets_a	SC10_Fut_VRoot_VerbTerm	NStem_NStem_NStem_NStem	SC10_Fut_VRoot_VerbTerm	VRoot_VRoot_VRoot_VRoot
i_n_gucuko	NPrePre9_BPre9_NStem	NStem_NStem_NStem	NPrePre9_BPre9_NStem	NStem_NStem_NStem
ya_e_ma_dolobha	PossConc9_NPrePre6_BPre6_NStem	NStem_NStem_NStem_NStem	PossConc9_NPrePre6_BPre6_NStem	VRoot_VRoot_NStem_VRoot
lama_ncane	AdjPref6_AdjStem	NStem_NStem	AdjPref6_AdjStem	NStem_NStem
na_lama_khulu	AdvPre_AdjPref6_AdjStem	NStem_NStem_NStem	AdvPre_AdjPref6_AdjStem	NStem_NStem_NStem
kanye	Conj	Punc	Conj	Punc
na_n_dlela	AdvPre_BPre9_NStem	NStem_NStem_NStem	AdvPre_BPre9_NStem	NStem_NStem_NStem
ya_in_phatfo	PossConc9_NPre9_NStem	NStem_NStem_NStem	PossConc9_NPre9_NStem	NStem_NStem_NStem
,	Punc	Punc	Punc	Punc
njengoba	Conj	Punc	Conj	Punc
i_n_chubo	NPrePre9_BPre9_NStem	NStem_NStem_NStem	NPrePre9_BPre9_NStem	NStem_NStem_NStem
ya_IDP	PossConc9_Abbr	NStem_NStem	PossConc9_Abbr	NStem_NStem
i_jong_e	SC9_VRoot_VerbTerm	NStem_NStem_NStem	SC9_VRoot_VerbTerm	NStem_NStem_NStem
ku_fik_a	BPre15_VRoot_VerbTerm	NStem_NStem_NStem	BPre15_VRoot_VerbTerm	NStem_NStem_NStem
e_ti_ncumo_ini	LocPre_BPre8_NStem_LocSuf	NStem_NStem_NStem_NStem	LocPre_BPre8_NStem_LocSuf	VRoot_VRoot_NStem_VRoot
e_tin_tfo_ini	LocPre_BPre10_NStem_LocSuf	NStem_NStem_NStem_NStem	LocPre_BPre10_NStem_LocSuf	NStem_NStem_NStem_VRoot
leti_njenga_li_phakelotimali	RelConc10_AdvPre_BPre5_NStem	VRoot_VRoot_VRoot_VRoot	RelConc10_AdvPre_BPre5_NStem	VRoot_VRoot_VRoot_VRoot
la_masipala	PossConc5_NStem	NStem_NStem	PossConc5_NStem	NStem_NStem
,	Punc	Punc	Punc	Punc
ku_lawul_w_a	BPre15_VRoot_PassExt_VerbTerm	NStem_NStem_NStem_NStem	BPre15_VRoot_PassExt_VerbTerm	NStem_NStem_NStem_NStem
kwa_u_mu_hlaba	PossConc15_NPrePre3_BPre3_NStem	NStem_NStem_NStem_NStem	PossConc15_NPrePre3_BPre3_NStem	VRoot_VRoot_VRoot_VRoot
,	Punc	Punc	Punc	Punc
ku_tfutfuk_is_w_a	BPre15_VRoot_CausExt_PassExt_VerbTerm	VRoot_VRoot_VRoot_VRoot_VRoot	BPre15_VRoot_CausExt_PassExt_VerbTerm	VRoot_VRoot_VRoot_VRoot_VRoot
kwa_u_mu_notfo	PossConc15_NPrePre3_BPre3_NStem	NStem_NStem_NStem_NStem	PossConc15_NPrePre3_BPre3_NStem	NStem_NStem_NStem_NStem
we_in_dzawo	PossConc3_NPre9_NStem	NStem_NStem_NStem	PossConc3_NPre9_NStem	NStem_NStem_NStem
na_tin_gucuko	AdvPre_BPre10_NStem	NStem_NStem_NStem	AdvPre_BPre10_NStem	NStem_NStem_NStem
ta_si_gungu	PossConc10_BPre7_NStem	NStem_NStem_NStem	PossConc10_BPre7_NStem	NStem_NStem_NStem
.	Punc	Punc	Punc	Punc
e_ku_enta_ini	LocPre_BPre15_NStem_LocSuf	VRoot_VRoot_VRoot_VRoot	LocPre_BPre15_NStem_LocSuf	VRoot_VRoot_VRoot_VRoot_NStem
i_mi_sebenti	NPrePre4_BPre4_NStem	NStem_NStem_NStem	NPrePre4_BPre4_NStem	NStem_NStem_NStem
ya_khe	PossConc4_PronStem1	Punc_Punc	PossConc4_PronStem1	Punc_Punc
,	Punc	Punc	Punc	NStem
hulumende	NStem	NStem	NStem	NStem
wa_s_e_khaya	PossConc1a_PreLoc-s_LocPre_NStem	VRoot_NStem_NStem_VRoot	PossConc1a_PreLoc-s_LocPre_NStem	NStem_NStem_VRoot_NStem
ku_mel_e	SC15_VRoot_VerbTerm	NStem_NStem_NStem	SC15_VRoot_VerbTerm	NStem_NStem_NStem
a_hlelemb_is_e	SC6_VRoot_CausExt_VerbTerm	VRoot_VRoot_VRoot_VRoot	SC6_VRoot_CausExt_VerbTerm	VRoot_VRoot_VRoot_VRoot
,	Punc	Punc	Punc	Punc
a_matanis_e	SC6_VRoot_VerbTerm	NStem_NStem_NStem	SC6_VRoot_VerbTerm	NStem_NStem
tin_hlelo	BPre10_NStem	NStem_NStem	BPre10_NStem	NStem_NStem
na_tin_dlelasu	AdvPre_NPre10_NStem	NStem_NStem_NStem	AdvPre_NPre10_NStem	NStem_NStem_NStem
na_leti_nye	AdvPre_AdjPref10_AdjStem	NStem_NStem_NStem	AdvPre_AdjPref10_AdjStem	NStem_NStem_NStem
tin_hlangotsi	BPre10_NStem	NStem_NStem	BPre10_NStem	NStem_NStem
ta_hulumende	BPre10_NStem	NStem_NStem	BPre10_NStem	NStem_NStem
.	Punc	Punc	Punc	Punc
lesi_fundvo	Dem7_Pos1_NStem	NStem_NStem	Dem7_Pos1_NStem	NStem_NStem
nga_loku_ent_ek_a	AdvPre_RelConc15_VRoot_NeutExt_VerbTerm	VRoot_VRoot_VRoot_VRoot_VRoot	AdvPre_RelConc15_VRoot_NeutExt_VerbTerm	NStem_NStem_NStem_NStem_NStem
si_khany_is_a	SC7_VRoot_CausExt_VerbTerm	VRoot_NStem_NStem_NStem	SC7_VRoot_CausExt_VerbTerm	VRoot_NStem_NStem_NStem
la_ma_nye	PossConc5_AdjPref6_AdjStem	NStem_NStem_NStem	PossConc5_AdjPref6_AdjStem	NStem_Punc_Punc
e_ma_lungiselelo	NPrePre6_BPre6_NStem	NStem_NStem_NStem	NPrePre6_BPre6_NStem	NStem_NStem_NStem
la_phekeletel_a	RelConc6_VRoot_VerbTerm	NStem_NStem_NStem	RelConc6_VRoot_VerbTerm	VRoot_VRoot_VRoot_VRoot
ku_buyeket_w_a	BPre15_VRoot_PassExt_VerbTerm	NStem_NStem_NStem_NStem	BPre15_VRoot_PassExt_VerbTerm	NStem_NStem_NStem_NStem
kwa_i_n_chubo	PossConc15_NPrePre9_BPre9_NStem	NStem_NStem_NStem_NStem	PossConc15_NPrePre9_BPre9_NStem	NStem_NStem_NStem_NStem
e_n_dzawo_ini	LocPre_NPre9_NStem_LocSuf	NStem_VRoot_VRoot_NStem	LocPre_NPre9_NStem_LocSuf	VRoot_VRoot_VRoot_VRoot
ya_masipala	PossConc9_NStem	NStem_NStem	PossConc9_NStem	NStem_NStem
wa_s_e_Nkangala	PossConc1a_PreLoc-s_LocPre_ProperName	VRoot_VRoot_VRoot_VRoot	PossConc1a_PreLoc-s_LocPre_ProperName	VRoot_VRoot_VRoot_VRoot_VRoot
.	Punc	Punc	Punc	Punc
ngu_ma_phi	CopPre_BPre6_EnumStem	Punc_Punc_Punc	CopPre_BPre6_EnumStem	NStem_NStem_NStem
e_ma_tulusi	NPrePre6_BPre6_NStem	NStem_NStem_NStem	NPrePre6_BPre6_NStem	NStem_NStem_NStem
leka_setjentis_w_a	RelConc6_VRoot_PassExt_VerbTerm	NStem_VRoot_VRoot_NStem	RelConc6_VRoot_PassExt_VerbTerm	VRoot_VRoot_VRoot_VRoot_VRoot
e_in_chubo_ini	LocPre_NPre9_NStem_LocSuf	NStem_NStem_NStem_NStem	LocPre_NPre9_NStem_LocSuf	VRoot_NStem_NStem_NStem
ya_ku_lawul_a	PossConc9_OC15_VRoot_VerbTerm	NStem_NStem_NStem_NStem	PossConc9_OC15_VRoot_VerbTerm	NStem_NStem_NStem_NStem
i_mi_sebenti	NPrePre4_BPre4_NStem	NStem_NStem_NStem	NPrePre4_BPre4_NStem	NStem_NStem_NStem
ya_si_khashana	PossConc4_BPre7_NStem	NStem_NStem_NStem	PossConc4_BPre7_NStem	NStem_NStem_NStem
?	Punc	Punc	Punc	Punc
e_ma_cembu	NPrePre6_BPre6_NStem	NStem_NStem_NStem	NPrePre6_BPre6_NStem	NStem_NStem_NStem
a_tfol_a	SC6_VRoot_VerbTerm	NStem_NStem_NStem	SC6_VRoot_VerbTerm	NStem_NStem_NStem
lu_hlelo	BPre11_NStem	NStem_NStem	BPre11_NStem	NStem_NStem
lwa_ku_sebent_a	PossConc11_OC15_VRoot_VerbTerm	VRoot_VRoot_VRoot_VRoot	PossConc11_OC15_VRoot_VerbTerm	VRoot_VRoot_VRoot_VRoot
lolu_nga_ka_bhal_el_w_a	RelConc11_NegPre_ExclNeg_VRoot_ApplExt_PassExt_VerbTerm	VRoot_VRoot_VRoot_VRoot_VRoot_VRoot_VRoot	RelConc11_NegPre_ExclNeg_VRoot_ApplExt_PassExt_VerbTerm	VRoot_VRoot_VRoot_VRoot_VRoot_VRoot_VRoot
,	Punc	Punc	Punc	Punc
ba_cedz_el_a	SC2_VRoot_ApplExt_VerbTerm	NStem_NStem_NStem_NStem	SC2_VRoot_ApplExt_VerbTerm	NStem_NStem_NStem_NStem
u_mu_sebenti	NPrePre3_BPre3_NStem	NStem_NStem_NStem	NPrePre3_BPre3_NStem	NStem_NStem_NStem
2	Num	Punc	Num	Punc
.	Punc	Punc	Punc	Punc
kwe_sibili	PossConc15_NStem	NStem_NStem	PossConc15_NStem	NStem_NStem_NStem
,	Punc	Punc	Punc	NStem
nge_ku_cinisek_is_a	AdvPre_BPre15_Intrans_CausExt_VerbTerm	VRoot_VRoot_VRoot_VRoot_VRoot	AdvPre_BPre15_Intrans_CausExt_VerbTerm	VRoot_VRoot_VRoot_VRoot_VRoot
kutsi	Conj	NStem	Conj	Punc
laba_ngen_el_e	RelConc2_VRoot_ApplExt_VerbTerm	NStem_NStem_NStem_NStem	RelConc2_VRoot_ApplExt_VerbTerm	NStem_NStem_NStem_NStem
ti_fundvo	BPre8_NStem	NStem_NStem	BPre8_NStem	NStem_NStem
ku_i_n_chubo	LocPre_NPrePre9_BPre9_NStem	NStem_NStem_NStem_NStem	LocPre_NPrePre9_BPre9_NStem	NStem_NStem_NStem_NStem
ye_CBP	PossConc9_Abbr	NStem_Punc	PossConc9_Abbr	NStem_NStem
ba_melelwe	PossConc2_NStem	NStem_NStem	PossConc2_NStem	NStem_NStem_NStem_VRoot_NStem
ku_mi_cimbi	LocPre_BPre4_NStem	NStem_NStem_NStem	LocPre_BPre4_NStem	NStem_NStem_NStem
ye_IDP	PossConc4_Abbr	NStem_NStem	PossConc4_Abbr	NStem_NStem
nga_phasi	AdvPre_NStem	NStem_NStem	AdvPre_NStem	NStem_NStem
kwe_ti_akhiwo	PossConc15_BPre8_NStem	NStem_NStem_NStem	PossConc15_BPre8_NStem	NStem_NStem_NStem
na_tin_chubo	AdvPre_BPre10_NStem	NStem_NStem_NStem	AdvPre_BPre10_NStem	NStem_NStem_NStem
leti_vele	RelConc8_NStem	Punc_Punc	RelConc8_NStem	NStem_NStem_NStem
ti_niket_w_e	BPre10_VRoot_PassExt_VerbTerm	NStem_NStem_NStem_NStem	BPre10_VRoot_PassExt_VerbTerm	NStem_NStem_NStem_NStem
i_n_dzawo	NPrePre9_BPre9_NStem	NStem_NStem_NStem	NPrePre9_BPre9_NStem	NStem_NStem_NStem
ku_n_dlela	LocPre_BPre9_NStem	NStem_NStem_NStem	LocPre_BPre9_NStem	NStem_NStem_NStem
ye_IDP	PossConc9_Abbr	NStem_NStem	PossConc9_Abbr	NStem_NStem
le_cukats_w_e	RelConc9_VRoot_PassExt_VerbTerm	VRoot_VRoot_VRoot_VRoot	RelConc9_VRoot_PassExt_VerbTerm	NStem_NStem_NStem_NStem
ku_mu_culu	LocPre_BPre3_NStem	NStem_NStem_NStem	LocPre_BPre3_NStem	NStem_NStem_NStem
we_n_khomba	PossConc1a_BPre9_NStem	NStem_NStem_NStem	PossConc1a_BPre9_NStem	NStem_NStem_NStem
ye_IDP	PossConc9_Abbr	NStem_NStem	PossConc9_Abbr	NStem_NStem
,	Punc	Punc	Punc	Punc
i_ka_khulukati	BPre9_AdvPre_Adv	NStem_NStem_NStem	BPre9_AdvPre_Adv	NStem_VRoot_NStem
ku_si_gungu	BPre17_BPre7_NStem	NStem_NStem_NStem	BPre17_BPre7_NStem	NStem_NStem_NStem
se_ku_mel_el_a	PossConc7_BPre15_VRoot_ApplExt_VerbTerm	NStem_NStem_NStem_NStem_NStem	PossConc7_BPre15_VRoot_ApplExt_VerbTerm	NStem_NStem_NStem_NStem
s_e_IDP	PreLoc-s_LocPre_Abbr	NStem_NStem_NStem	PreLoc-s_LocPre_Abbr	Punc_NStem
kanye	Adv	Punc	Adv	Punc
na_e_ma_tsimba	AdvPre_NPrePre6_BPre6_NStem	NStem_NStem_NStem_NStem	AdvPre_NPrePre6_BPre6_NStem	Punc_Punc_Punc
e_ku_sebent_a	LocPre_BPre15_VRoot_VerbTerm	NStem_NStem_NStem_NStem	LocPre_BPre15_VRoot_VerbTerm	NStem_NStem_NStem_NStem
a_mi_klamo	PossConc6_BPre4_NStem	NStem_NStem_NStem	PossConc6_BPre4_NStem	Punc_Punc_Punc
.	Punc	Punc	Punc	Punc
ku_lawul_a	BPre15_VRoot_VerbTerm	NStem_NStem_NStem	BPre15_VRoot_VerbTerm	NStem_NStem_NStem
ku_sebent_a	BPre15_VRoot_VerbTerm	NStem_NStem_NStem	BPre15_VRoot_VerbTerm	NStem_NStem_NStem
li_thulusi	NPre5_NStem	NStem_NStem	NPre5_NStem	NStem_NStem
leli_nga_setjentis_el_w_a	RelConc5_Pot_VRoot_ApplExt_PassExt_VerbTerm	VRoot_VRoot_VRoot_VRoot_VRoot_VRoot	RelConc5_Pot_VRoot_ApplExt_PassExt_VerbTerm	VRoot_VRoot_VRoot_VRoot_VRoot
ku_sit_a	BPre15_VRoot_VerbTerm	NStem_NStem_NStem	BPre15_VRoot_VerbTerm	NStem_NStem_NStem
e_ku_cinisek_is_a_ini	LocPre_BPre15_VRoot_CausExt_VerbTerm_LocSuf	NStem_NStem_NStem_NStem_NStem_NStem	LocPre_BPre15_VRoot_CausExt_VerbTerm_LocSuf	VRoot_VRoot_VRoot_VRoot_VRoot_VRoot
kwe_tful_w_a	BPre15_VRoot_PassExt_VerbTerm	NStem_NStem_NStem_NStem	BPre15_VRoot_PassExt_VerbTerm	NStem_NStem_NStem_NStem
kwe_tin_sita	PossConc15_BPre10_NStem	NStem_NStem_NStem	PossConc15_BPre10_NStem	NStem_NStem_NStem
loku_ncono	RelConc15_NStem	NStem_NStem	RelConc15_NStem	NStem_NStem
kanye	Conj	Punc	Conj	Punc
na_ku_ent_a	AdvPre_OC15_VRoot_VerbTerm	NStem_VRoot_NStem_NStem	AdvPre_OC15_VRoot_VerbTerm	NStem_NStem_NStem_NStem
ncono	Adv	NStem	Adv	Punc
ku_sebent_a	BPre15_VRoot_VerbTerm	NStem_NStem_NStem	BPre15_VRoot_VerbTerm	NStem_NStem_NStem
e_mu_khicito_ini	LocPre_BPre3_NStem_LocSuf	NStem_NStem_NStem_NStem	LocPre_BPre3_NStem_LocSuf	NStem_NStem_NStem_NStem
na_ku_khwalithi	AdvPre_LocPre_NStem	NStem_NStem_NStem	AdvPre_LocPre_NStem	NStem_NStem_NStem
.	Punc	Punc	Punc	Punc
kwa_si_tsatfu	PossConc15_BPre7_NStem	NStem_NStem_NStem	PossConc15_BPre7_NStem	NStem_NStem_NStem
,	Punc	Punc	Punc	Punc
tin_tfo	BPre10_NStem	Punc_NStem	BPre10_NStem	NStem_NStem
leti_phambili	RelConc10_Adv	NStem_NStem	RelConc10_Adv	NStem_NStem
ta_ku_enget_w_a	PossConc10_OC15_VRoot_PassExt_VerbTerm	VRoot_NStem_NStem_VRoot_VRoot	PossConc10_OC15_VRoot_PassExt_VerbTerm	NStem_NStem_NStem_NStem_NStem
na_ku_tfutfuk_is_a	AdvPre_BPre15_VRoot_CausExt_VerbTerm	VRoot_VRoot_VRoot_VRoot_VRoot	AdvPre_BPre15_VRoot_CausExt_VerbTerm	VRoot_VRoot_VRoot_VRoot_VRoot
tin_sita	BPre10_NStem	Punc_Punc	BPre10_NStem	Punc_Punc
ku_mel_e	SC15_VRoot_VerbTerm	NStem_NStem_NStem	SC15_VRoot_VerbTerm	NStem_NStem_NStem
ti_ncum_w_e	SC10_VRoot_PassExt_VerbTerm	NStem_NStem_NStem_NStem	SC10_VRoot_PassExt_VerbTerm	NStem_NStem
.	Punc	NStem	Punc	Punc
ngemuva	Adv	NStem	Adv	NStem_NStem
kwekutsi	Conj	NStem	Conj	NStem
be_tful_e	OC2_VRoot_VerbTerm	NStem_NStem_NStem	OC2_VRoot_VerbTerm	NStem_NStem_NStem
i_mi_phumela	NPrePre4_BPre4_NStem	NStem_VRoot_NStem	NPrePre4_BPre4_NStem	NStem_VRoot_VRoot
ya_bo	PossConc4_PronStem14	Punc_Punc	PossConc4_PronStem14	Punc_Punc
e_mu_hlangano_ini	LocPre_BPre3_NStem_LocSuf	VRoot_VRoot_VRoot_VRoot	LocPre_BPre3_NStem_LocSuf	VRoot_VRoot_VRoot_NStem
lo_vul_ek_ile	RelConc3_VRoot_NPas_Perf	NStem_NStem_NStem_NStem	RelConc3_VRoot_NPas_Perf	NStem_NStem_NStem_NStem
,	Punc	NStem	Punc	Punc
i_ehlukan_an_i	SC9_VRoot_RecipExt_VerbTerm	NStem_NStem_NStem_NStem	SC9_VRoot_RecipExt_VerbTerm	Punc_Punc
nga_e_ma_cembu	AdvPre_NPrePre6_BPre6_NStem	NStem_VRoot_NStem_NStem	AdvPre_NPrePre6_BPre6_NStem	NStem_NStem_NStem_NStem
lama_ncane	AdjPref6_AdjStem	NStem_NStem	AdjPref6_AdjStem	NStem_NStem
la_fan_a_ko	RelConc6_VRoot_VerbTerm_RelSuf	NStem_NStem_NStem_NStem	RelConc6_VRoot_VerbTerm_RelSuf	NStem_NStem_NStem
bese	Conj	Punc	Conj	Punc
u_niket_a	SC2ps_VRoot_VerbTerm	NStem_NStem_NStem	SC2ps_VRoot_VerbTerm	NStem_NStem_NStem
lelo	Dem5_Pos2	Punc	Dem5_Pos2	Punc
na_lelo	AdvPre_Dem5_Pos2	NStem_NStem	AdvPre_Dem5_Pos2	NStem_NStem
cembu	NStem	Punc	NStem	Punc
lu_hlu	BPre11_NStem	NStem_NStem	BPre11_NStem	NStem_NStem
lwa_si_cinisekiso	PossConc11_BPre7_NStem	VRoot_VRoot_VRoot	PossConc11_BPre7_NStem	VRoot_VRoot_VRoot
i_m_phahla	NPrePre9_BPre3_NStem	NStem_NStem_NStem	NPrePre9_BPre3_NStem	NStem_NStem_NStem
lolu_nge_na_lu_tfo	RelConc11_NegPre_AdvPre_BPre11_NStem	VRoot_VRoot_VRoot_VRoot_VRoot	RelConc11_NegPre_AdvPre_BPre11_NStem	VRoot_VRoot_VRoot_VRoot_VRoot
.	Punc	Punc	Punc	Punc
laba_ngen_el_e	RelConc2_VRoot_ApplExt_VerbTerm	NStem_NStem_NStem_NStem	RelConc2_VRoot_ApplExt_VerbTerm	NStem_NStem_NStem_NStem
ti_fundvo	BPre8_NStem	NStem_NStem	BPre8_NStem	NStem_NStem
ku_mel_e	SC15_VRoot_VerbTerm	NStem_NStem_NStem	SC15_VRoot_VerbTerm	NStem_NStem_NStem
ba_gcwal_is_e	PossConc2_VRoot_CausExt_VerbTerm	VRoot_VRoot_VRoot_VRoot	PossConc2_VRoot_CausExt_VerbTerm	NStem_NStem_NStem_NStem
lolu_hlu	Dem11_Pos1_NStem	NStem_NStem	Dem11_Pos1_NStem	NStem_NStem
lwa_si_cinisekiso	PossConc11_BPre7_NStem	VRoot_VRoot_VRoot	PossConc11_BPre7_NStem	VRoot_VRoot_VRoot
macondzana	Conj	NStem	Conj	NStem
ne_li_cembu	AdvPre_BPre5_NStem	NStem_NStem_NStem	AdvPre_BPre5_NStem	NStem_NStem_NStem
li_nye	AdjPref5_AdjStem	Punc_Punc	AdjPref5_AdjStem	Punc_Punc
la_tin_hlalakahle	PossConc5_NPre10_NStem	NStem_VRoot_NStem	PossConc5_NPre10_NStem	VRoot_VRoot_VRoot
e_wadi_ini	LocPre_NStem_LocSuf	NStem_NStem_NStem	LocPre_NStem_LocSuf	NStem_NStem_NStem
la_bo	PossConc5_PronStem2	Punc_Punc	PossConc5_PronStem2	Punc_Punc
.	Punc	Punc	Punc	Punc
ku_sungul_w_a	BPre15_VRoot_PassExt_VerbTerm	NStem_NStem_VRoot_VRoot	BPre15_VRoot_PassExt_VerbTerm	VRoot_NStem_NStem_NStem
kwa_i_mi_khandlu	PossConc15_NPrePre4_BPre4_NStem	NStem_NStem_VRoot_VRoot	PossConc15_NPrePre4_BPre4_NStem	NStem_NStem_NStem_NStem
ye_AIDS	PossConc4_ProperName	Punc_Punc	PossConc4_ProperName	NStem_NStem
ya_i_n_dzawo	PossConc4_NPrePre9_BPre9_NStem	VRoot_VRoot_VRoot_VRoot	PossConc4_NPrePre9_BPre9_NStem	NStem_NStem_NStem_NStem
.	Punc	Punc	Punc	Punc
si_zotsa	BPre7_NStem	NStem_NStem	BPre7_NStem	NStem_NStem_NStem
-	Punc	Punc	Punc	Punc
ku_sebent_is_an_a	BPre15_VRoot_CausExt_RecipExt_VerbTerm	VRoot_VRoot_VRoot_VRoot_VRoot	BPre15_VRoot_CausExt_RecipExt_VerbTerm	VRoot_VRoot_VRoot_VRoot_NStem
na_bo	AdvPre_PronStem2	Punc_Punc	AdvPre_PronStem2	Punc_Punc
bo_nkhe	QuantConc2_QuantStem	NStem_NStem	QuantConc2_QuantStem	NStem_NStem
laba_tsints_ek_a_ko	RelConc2_VRoot_NeutExt_VerbTerm_RelSuf	VRoot_VRoot_VRoot_VRoot_VRoot	RelConc2_VRoot_NeutExt_VerbTerm_RelSuf	VRoot_NStem_NStem_NStem_NStem
ku_mis_el_w_e	SC15_VRoot_ApplExt_PassExt_VerbTerm	NStem_VRoot_VRoot_NStem_NStem	SC15_VRoot_ApplExt_PassExt_VerbTerm	NStem_NStem_NStem_NStem_NStem
e_ku_hloniph_anan_a_ini	LocPre_OC15_VRoot_Ass_VerbTerm_LocSuf	VRoot_VRoot_VRoot_VRoot_VRoot_VRoot	LocPre_OC15_VRoot_Ass_VerbTerm_LocSuf	VRoot_VRoot_NStem_VRoot
,	Punc	Punc	Punc	Punc
ku_lingan_a	BPre15_VRoot_VerbTerm	NStem_NStem_NStem	BPre15_VRoot_VerbTerm	NStem_NStem_NStem
kanye	Conj	Punc	Conj	Punc
na_si_zotsa	AdvPre_BPre7_NStem	NStem_NStem_NStem	AdvPre_BPre7_NStem	NStem_NStem_NStem
.	Punc	Punc	Punc	Punc
sodolobha	NStem	NStem	NStem	NStem
Mathabo	ProperName	Punc	ProperName	Punc
Leeto	ProperName	Punc	ProperName	Punc
wa_masipala	PossConc1a_NStem	NStem_NStem	PossConc1a_NStem	NStem_NStem
wa_s_e_Matjhabeng	PossConc1_PreLoc-s_LocPre_ProperName	NStem_VRoot_VRoot_VRoot	PossConc1_PreLoc-s_LocPre_ProperName	VRoot_VRoot_VRoot_VRoot_VRoot
e_si_fundza_ini	LocPre_BPre7_NStem_LocSuf	NStem_NStem_NStem_NStem	LocPre_BPre7_NStem_LocSuf	NStem_NStem_NStem_NStem
sa_s_e_free	PossConc7_PreLoc-s_LocPre_NStem	NStem_NStem_NStem_NStem	PossConc7_PreLoc-s_LocPre_NStem	NStem_NStem_NStem_NStem
State	ProperName	Punc	ProperName	NStem_NStem_NStem
wa_cal_a	SC1a_VRoot_VerbTerm	NStem_NStem_NStem	SC1a_VRoot_VerbTerm	NStem_NStem_NStem
nga_ndlovulenkhulu	AdvPre_NStem	VRoot_VRoot	AdvPre_NStem	VRoot_VRoot_VRoot
2006	Num	Punc	Num	Punc
.	Punc	Punc	Punc	Punc
nga_i_si_khatsi	AdvPre_NPrePre7_BPre7_NStem	NStem_VRoot_NStem_VRoot	AdvPre_NPrePre7_BPre7_NStem	NStem_NStem_NStem_NStem
a_cal_a	SC1_VRoot_VerbTerm	NStem_NStem_NStem	SC1_VRoot_VerbTerm	NStem_NStem_NStem
e_hhovisi	LocPre_NStem	NStem_NStem	LocPre_NStem	VRoot_VRoot_VRoot
masipala	NStem	NStem	NStem	NStem
be_ka_kwelet_a	ProgPre_OC1_VRoot_VerbTerm	NStem_NStem_NStem_NStem	ProgPre_OC1_VRoot_VerbTerm	VRoot_VRoot_VRoot_VRoot_VRoot
i_Sedibeng	NPre9_ProperName	NStem_NStem	NPre9_ProperName	NStem_NStem_NStem
Water	Foreign	Punc	Foreign	Punc_Punc
i_mali	NPre9_NStem	Punc_Punc	NPre9_NStem	Punc_Punc
le_nyenti	PossConc5_NStem	NStem_NStem	PossConc5_NStem	NStem_NStem
.	Punc	Punc	Punc	Punc
nga_muva	AdvPre_Adv	NStem_NStem	AdvPre_Adv	NStem_NStem
kwa_tin_nyanga	PossConc10_BPre10_NStem	NStem_NStem_NStem	PossConc10_BPre10_NStem	NStem_NStem_NStem
leti_mbalwa	RelConc10_RelStem	NStem_NStem	RelConc10_RelStem	NStem_NStem
a_cal_ile	SC1a_VRoot_Perf	NStem_NStem_NStem	SC1a_VRoot_Perf	NStem_NStem_NStem
si_kweleti	BPre7_NStem	NStem_NStem	BPre7_NStem	NStem_NStem_NStem_NStem
sa_cedz_w_a	SC7_VRoot_PassExt_VerbTerm	NStem_NStem_NStem_NStem	SC7_VRoot_PassExt_VerbTerm	VRoot_VRoot_NStem_VRoot
ku_bhadal_w_a	BPre15_VRoot_PassExt_VerbTerm	NStem_NStem_NStem_NStem	BPre15_VRoot_PassExt_VerbTerm	NStem_NStem_NStem_NStem
.	Punc	Punc	Punc	Punc
nga_phandle	AdvPre_Adv	NStem_NStem	AdvPre_Adv	NStem_NStem
kwa_lesi_kweleti	PossConc15_Dem7_Pos1_NStem	Punc_Punc_Punc	PossConc15_Dem7_Pos1_NStem	NStem_NStem_VRoot_VRoot
semantic	Foreign	NStem	Foreign	NStem_NStem_NStem_NStem
i_khawundi	NPre9_NStem	NStem_NStem	NPre9_NStem	NStem_NStem
ya_masipala	PossConc9_NStem	NStem_NStem	PossConc9_NStem	NStem_NStem
ya_lu_cingo	PossConc9_BPre11_NStem	NStem_NStem_NStem	PossConc9_BPre11_NStem	NStem_NStem_NStem
be_yi_setulu	PossConc2_CopPre_NStem	NStem_NStem_NStem	PossConc2_CopPre_NStem	NStem_NStem_NStem
ka_khulu	AdvPre_AdjStem	NStem_NStem	AdvPre_AdjStem	NStem_NStem
kantsi	Conj	Punc	Conj	Punc
ku_na_mali	BPre15_AdvPre_NStem	NStem_NStem_NStem	BPre15_AdvPre_NStem	NStem_NStem_NStem
le_ncane	AdjPref9_AdjStem	NStem_NStem	AdjPref9_AdjStem	NStem_NStem
le_ngen_a_ko	PossConc5_VRoot_VerbTerm_RelSuf	NStem_NStem_NStem_NStem	PossConc5_VRoot_VerbTerm_RelSuf	NStem_NStem_NStem_NStem
loku_ent_a	RelConc15_VRoot_VerbTerm	NStem_NStem_NStem	RelConc15_VRoot_VerbTerm	NStem_NStem_NStem
kutsi	Conj	Punc	Conj	Punc
masipala	NStem	NStem	NStem	NStem
a_tfol_a	SC6_VRoot_VerbTerm	NStem_NStem_NStem	SC6_VRoot_VerbTerm	NStem_NStem_NStem
bu_matima	BPre14_Adv	NStem_NStem	BPre14_Adv	NStem_NStem
ba_ku_khokh_el_a	PossConc14_OC15_VRoot_VerbExt_VerbTerm	VRoot_VRoot_VRoot_NStem_VRoot	PossConc14_OC15_VRoot_VerbExt_VerbTerm	NStem_VRoot_VRoot_VRoot_VRoot
ti_kweleti	BPre8_NStem	NStem_NStem	BPre8_NStem	NStem_NStem_NStem_NStem
ta_khe	PossConc8_PronStem1a	Punc_Punc	PossConc8_PronStem1a	Punc_Punc
.	Punc	NStem	Punc	Punc
sodolobha	NStem	NStem	NStem	Punc
wa_sungul_a	SC1a_VRoot_VerbTerm	NStem_NStem_NStem	SC1a_VRoot_VerbTerm	NStem_NStem_NStem
li_komidi	BPre5_NStem	NStem_NStem	BPre5_NStem	NStem_NStem
leli_buk_an_ile	RelConc5_VRoot_RecipExt_Perf	NStem_NStem_NStem_NStem	RelConc5_VRoot_RecipExt_Perf	VRoot_VRoot_VRoot_VRoot
ne_ti_mali	AdvPre_NPre10_NStem	NStem_NStem_NStem	AdvPre_NPre10_NStem	NStem_NStem_NStem
leti_nge_nako	RelConc10_NegPre_NStem	NStem_NStem_NStem	RelConc10_NegPre_NStem	NStem_NStem_NStem_NStem
na_leti_cits_w_a_ko	AdvPre_RelConc5_VRoot_PassExt_VerbTerm_RelSuf	VRoot_VRoot_VRoot_VRoot_VRoot_NStem	AdvPre_RelConc5_VRoot_PassExt_VerbTerm_RelSuf	VRoot_VRoot_VRoot_VRoot_VRoot_VRoot
leli_hlangan_a	RelConc5_VRoot_VerbTerm	NStem_NStem_NStem	RelConc5_VRoot_VerbTerm	NStem_NStem_NStem
njalo	Adv	Punc	Adv	Punc
nga_li_viki	AdvPre_BPre5_NStem	NStem_NStem_NStem	AdvPre_BPre5_NStem	NStem_NStem_NStem
li_niket_e	SC5_VRoot_VerbTerm	NStem_NStem_NStem	SC5_VRoot_VerbTerm	NStem_NStem_NStem
u_mu_biko	NPrePre3_BPre3_NStem	NStem_NStem_NStem	NPrePre3_BPre3_NStem	NStem_NStem_NStem
nga_i_n_mali	AdvPre_NPrePre9_BPre9_NStem	NStem_NStem_NStem_NStem	AdvPre_NPrePre9_BPre9_NStem	NStem_NStem_NStem_NStem
le_ngen_a_ko	PossConc5_VRoot_VerbTerm_RelSuf	NStem_NStem_NStem_NStem	PossConc5_VRoot_VerbTerm_RelSuf	NStem_NStem_NStem_NStem
na_le_phum_a_ko	AdvPre_RelConc5_VRoot_VerbTerm_RelSuf	VRoot_VRoot_VRoot_VRoot_VRoot	AdvPre_RelConc5_VRoot_VerbTerm_RelSuf	NStem_NStem_NStem
ku_masipala	LocPre_NStem	NStem_NStem	LocPre_NStem	NStem_NStem
kanye	Conj	Punc	Conj	Punc
na_tin_dzawo	AdvPre_BPre10_NStem	NStem_NStem_NStem	AdvPre_BPre10_NStem	NStem_NStem_NStem
leti_bu_tsakatsaka	RelConc10_BPre14_NStem	NStem_NStem_NStem	RelConc10_BPre14_NStem	NStem_NStem_NStem
e_ku_sebent_a_ini	LocPre_BPre15_VRoot_VerbTerm_LocSuf	VRoot_VRoot_VRoot_NStem_VRoot	LocPre_BPre15_VRoot_VerbTerm_LocSuf	VRoot_VRoot_VRoot_VRoot_VRoot
kwa_masipala	PossConc15_NStem	NStem_NStem	PossConc15_NStem	NStem_NStem
na_s_e_kwe_tful_w_ini	AdvPre_PreLoc-s_LocPre_OC15_VRoot_PassExt_LocSuf	VRoot_VRoot_VRoot_VRoot_VRoot_VRoot_VRoot	AdvPre_PreLoc-s_LocPre_OC15_VRoot_PassExt_LocSuf	VRoot_VRoot_VRoot_VRoot_VRoot_VRoot_VRoot_VRoot
kwe_tin_sita	PossConc15_BPre10_NStem	NStem_NStem_NStem	PossConc15_BPre10_NStem	NStem_NStem_NStem
.	Punc	Punc	Punc	Punc
njengobe	Conj	Punc	Conj	Punc
masipala	NStem	NStem	NStem	NStem
abe_na_lu_ati	RelConc2_AdvPre_BPre11_NStem	NStem_NStem_NStem_NStem	RelConc2_AdvPre_BPre11_NStem	NStem_NStem_NStem_NStem_NStem
lolu_ncane	AdjPref11_AdjStem	NStem_NStem	AdjPref11_AdjStem	Punc_Punc
li_mayela_na	BPre5_NStem_DimSuf	NStem_NStem_NStem	BPre5_NStem_DimSuf	Punc
na_bahlali	AdvPre_NStem	NStem_NStem	AdvPre_NStem	NStem_NStem_NStem
ba_masipala	PossConc2_NStem	NStem_NStem	PossConc2_NStem	NStem_NStem
,	Punc	Punc	Punc	Punc
ku_sungul_w_a	SC15_VRoot_PassExt_VerbTerm	VRoot_NStem_NStem_VRoot	SC15_VRoot_PassExt_VerbTerm	NStem_NStem_NStem_NStem
u_mu_klamo	NPrePre3_BPre3_NStem	NStem_NStem_NStem	NPrePre3_BPre3_NStem	NStem_NStem_NStem
wa_ku_tfol_a	PossConc3_OC15_VRoot_VerbTerm	NStem_NStem_NStem_NStem	PossConc3_OC15_VRoot_VerbTerm	NStem_NStem_NStem_NStem
lu_ati	BPre11_NStem	Punc_Punc	BPre11_NStem	Punc_Punc
kute	Conj	Punc	Conj	Punc
masipala	NStem	NStem	NStem	NStem
a_tewu_b_a	SC6_Fut_VRoot_VerbTerm	VRoot_NStem_NStem_NStem	SC6_Fut_VRoot_VerbTerm	NStem_NStem_NStem
na_u_mu_condvo	AdvPre_NPrePre3_BPre3_NStem	VRoot_VRoot_VRoot_VRoot	AdvPre_NPrePre3_BPre3_NStem	NStem_NStem
lo_ncono	RelConc3_NStem	NStem_NStem	RelConc3_NStem	Punc_Punc
we_kutsi	PossConc3_NStem	NStem_NStem	PossConc3_NStem	NStem_NStem
mangaki	Interrog	Punc	Interrog	Punc
e_ma_khaya	LocPre_BPre6_NStem	Punc_Punc_Punc	LocPre_BPre6_NStem	NStem_NStem_NStem
loku_mel_e	RelConc15_VRoot_VerbTerm	NStem_NStem_NStem	RelConc15_VRoot_VerbTerm	NStem_NStem_NStem
a_wa_phakel_e	SC6_OC6_VRoot_VerbTerm	NStem_NStem_NStem_NStem	SC6_OC6_VRoot_VerbTerm	NStem_NStem_NStem_NStem_NStem
a_e_ma_nti	PossConc6_NPrePre6_BPre6_NStem	NStem_NStem_NStem_NStem	PossConc6_NPrePre6_BPre6_NStem	NStem_NStem
na_gezi	AdvPre_NStem	Punc_Punc	AdvPre_NStem	Punc_Punc
ne_kutsi	AdvPre_Conj	NStem_NStem	AdvPre_Conj	NStem_NStem
ngu_ti_phi	CopPre_BPre8_Interrog	NStem_NStem_NStem	CopPre_BPre8_Interrog	NStem_NStem_NStem
tin_sita	BPre10_NStem	Punc_Punc	BPre10_NStem	Punc_Punc
leti_dzing_ek_a_ko	RelConc10_VRoot_NeutExt_VerbTerm_RelSuf	VRoot_VRoot_VRoot_VRoot_VRoot	RelConc10_VRoot_NeutExt_VerbTerm_RelSuf	VRoot_VRoot_VRoot_VRoot_VRoot
.	Punc	Punc	Punc	Punc
u_ts_i	SC1_VRoot_VerbTerm	NStem_NStem_NStem	SC1_VRoot_VerbTerm	NStem_NStem_NStem
in_sika	NPre9_NStem	NStem_NStem	NPre9_NStem	NStem_NStem_NStem
ya_ku_fez_a	PossConc9_OC15_VRoot_VerbTerm	NStem_NStem_NStem_NStem	PossConc9_OC15_VRoot_VerbTerm	NStem_NStem_NStem_NStem
tin_hloso	BPre10_NStem	NStem_NStem	BPre10_NStem	NStem_NStem
ta_khe	PossConc10_PronStem2a	Punc_Punc	PossConc10_PronStem2a	Punc_Punc
yi_i_n_dlela	CopPre_NPrePre9_BPre9_NStem	NStem_NStem_NStem_NStem	CopPre_NPrePre9_BPre9_NStem	VRoot_VRoot_VRoot_NStem
ya_ku_hlangabet_an_a	PossConc9_OC15_VRoot_RecipExt_VerbTerm	VRoot_VRoot_VRoot_VRoot_VRoot	PossConc9_OC15_VRoot_RecipExt_VerbTerm	VRoot_VRoot_VRoot_VRoot_VRoot
ne_ti_dzingo	AdvPre_NPre8_NStem	NStem_NStem_NStem	AdvPre_NPre8_NStem	NStem_NStem_NStem
ta_e_ba_ntfu	PossConc8_NPrePre2_BPre2_NStem	NStem_VRoot_NStem_NStem	PossConc8_NPrePre2_BPre2_NStem	NStem_NStem_NStem
.	Punc	Punc	Punc	Punc
lo_m_tsetfo	RelConc3_BPre3_NStem	NStem_NStem_NStem	RelConc3_BPre3_NStem	NStem_NStem_NStem
u_phindz_e	SC3_VRoot_VerbTerm	NStem_NStem_NStem	SC3_VRoot_VerbTerm	NStem_NStem_NStem
u_vum_el_e	SC3_VRoot_ApplExt_VerbTerm	VRoot_VRoot_VRoot_VRoot	SC3_VRoot_ApplExt_VerbTerm	NStem_NStem_NStem_NStem
bo_masipala	BPre2a_NStem	NStem_NStem	BPre2a_NStem	NStem_NStem
kutsi	Conj	Punc	Conj	Punc
ba_niket_e	SC2_VRoot_VerbTerm	NStem_NStem_NStem	SC2_VRoot_VerbTerm	NStem_NStem_NStem
tin_cemphetelo	BPre10_NStem	NStem_NStem	BPre10_NStem	NStem_NStem
,	Punc	Punc	Punc	Punc
ba_ehl_is_e	SC2a_VRoot_CausExt_VerbTerm	NStem_NStem_NStem_NStem	SC2a_VRoot_CausExt_VerbTerm	VRoot_VRoot_VRoot_VRoot
i_mi_tselo	NPrePre4_BPre4_NStem	Punc_Punc_Punc	NPrePre4_BPre4_NStem	NStem_NStem_NStem
ku_laba_nye	LocPre_AdjPref2_AdjStem	NStem_NStem_NStem	LocPre_AdjPref2_AdjStem	NStem_NStem_NStem
ba_ti_gaba	PossConc2a_BPre8_NStem	NStem_NStem_NStem	PossConc2a_BPre8_NStem	NStem_NStem_NStem
tsite	AuxVStem	Punc	AuxVStem	Punc
ta_e_ba_ntfu	PossConc8_NPrePre2_BPre2_NStem	VRoot_NStem_VRoot_NStem	PossConc8_NPrePre2_BPre2_NStem	NStem_NStem_NStem
,	Punc	Punc	Punc	Punc
ku_bekis_a	BPre15_VRoot_VerbTerm	NStem_NStem_NStem	BPre15_VRoot_VerbTerm	NStem_NStem_VRoot_NStem
nje	Adv	Punc	Adv	Punc
la_bo	PossConc5_PronStem2	Punc_Punc	PossConc5_PronStem2	Punc_Punc
laba_at_iw_a_ko	RelConc2_VRoot_PassExt_VerbTerm_RelSuf	VRoot_VRoot_VRoot_VRoot_VRoot	RelConc2_VRoot_PassExt_VerbTerm_RelSuf	VRoot_VRoot_VRoot_VRoot_VRoot
ngu_masipala	CopPre_NStem	NStem_NStem	CopPre_NStem	NStem_NStem
kutsi	Conj	Punc	Conj	Punc
ba_ndzindz_ile	SC2_VRoot_Perf	VRoot_VRoot_NStem	SC2_VRoot_Perf	NStem_NStem_NStem
.	Punc	Punc	Punc	Punc
ku_hlol_w_a	BPre15_VRoot_PassExt_VerbTerm	NStem_NStem_NStem_NStem	BPre15_VRoot_PassExt_VerbTerm	NStem_NStem_NStem_NStem
kwa_m_klamo	PossConc15_BPre3_NStem	NStem_NStem_NStem	PossConc15_BPre3_NStem	NStem_NStem_NStem
-	Punc	Punc	Punc	Punc
ku_gadz_a	BPre15_VRoot_VerbTerm	NStem_NStem_NStem	BPre15_VRoot_VerbTerm	Punc_Punc_Punc
na_ku_buyeket_a	AdvPre_BPre15_VRoot_VerbTerm	NStem_NStem_NStem_NStem	AdvPre_BPre15_VRoot_VerbTerm	NStem_NStem_NStem_NStem
ku_setjentis_w_a	SC15_VRoot_PassExt_VerbTerm	VRoot_VRoot_VRoot_VRoot	SC15_VRoot_PassExt_VerbTerm	VRoot_VRoot_VRoot_VRoot
tin_khomba	BPre10_NStem	NStem_NStem	BPre10_NStem	NStem_NStem
leti_bek_iw_e	RelConc10_VRoot_PassExt_VerbTerm	NStem_NStem_NStem_NStem	RelConc10_VRoot_PassExt_VerbTerm	NStem_NStem_NStem_NStem
kutso	Conj	Punc	Conj	Punc_Punc
ku_tfol_akal_e	SC15_VRoot_NeutExt_VerbTerm	NStem_VRoot_VRoot_VRoot	SC15_VRoot_NeutExt_VerbTerm	VRoot_VRoot_NStem_VRoot
kutsi	Conj	Punc	Conj	Punc
lo_m_klamo	Dem3_Pos1_BPre3_NStem	NStem_NStem_NStem	Dem3_Pos1_BPre3_NStem	NStem_NStem_NStem
u_chub_ek_a	SC3_VRoot_NeutExt_VerbTerm	NStem_NStem_NStem_NStem	SC3_VRoot_NeutExt_VerbTerm	NStem_NStem_NStem_NStem
njani	Adv	Punc	Adv	NStem
,	Punc	Punc	Punc	Punc
tin_khinga	BPre10_NStem	NStem_NStem	BPre10_NStem	Punc_Punc
loku_hlangan_w_a	RelConc15_VRoot_PassExt_VerbTerm	NStem_NStem_NStem_NStem	RelConc15_VRoot_PassExt_VerbTerm	NStem_NStem_NStem_NStem
na_to	AdvPre_PronStem8	Punc_Punc	AdvPre_PronStem8	NStem_NStem
yini	Interrog	Punc	Interrog	Punc
ne_kutsi	AdvPre_Conj	NStem_NStem	AdvPre_Conj	NStem_NStem
ku_cal_w_a	SC15_VRoot_PassExt_VerbTerm	NStem_NStem_NStem_NStem	SC15_VRoot_PassExt_VerbTerm	NStem_NStem_NStem_NStem
kwe_m_sebenti	PossConc15_BPre3_NStem	NStem_NStem_NStem	PossConc15_BPre3_NStem	NStem_NStem_NStem
ku_nga_lung_is_w_a	SC15_Pot_VRoot_CausExt_PassExt_VerbTerm	VRoot_VRoot_VRoot_VRoot_VRoot_VRoot	SC15_Pot_VRoot_CausExt_PassExt_VerbTerm	VRoot_VRoot_VRoot_VRoot_VRoot_VRoot
njani	Adv	NStem	Adv	NStem
.	Punc	Punc	Punc	Punc
umangabe	Conj	NStem	Conj	NStem
masipala	NStem	NStem	NStem	NStem
ku_mel_e	SC15_VRoot_VerbTerm	NStem_NStem_NStem	SC15_VRoot_VerbTerm	NStem_NStem_NStem
a_cabang_e	SC6_VRoot_VerbTerm	NStem_NStem_NStem	SC6_VRoot_VerbTerm	NStem_NStem_NStem
nga_ku_akh_a	AdvPre_OC15_VRoot_VerbTerm	NStem_NStem_NStem_NStem	AdvPre_OC15_VRoot_VerbTerm	NStem_NStem_NStem_NStem
in_dlelasu	NPre9_NStem	NStem_NStem	NPre9_NStem	NStem_NStem
ye_HIV	PossConc4_Abbr	Punc_Punc	PossConc4_Abbr	NStem_NStem
/	Punc	Punc	Punc	Punc
AIDS	ProperName	Punc	ProperName	NStem
.	Punc	Punc	Punc	Punc
lu_hlelo	CopPre_NStem	Punc_Punc	CopPre_NStem	NStem_NStem
lwe_HIV	PossConc11_Abbr	NStem_NStem	PossConc11_Abbr	NStem_NStem
/	Punc	Punc	Punc	Punc
AIDS	ProperName	Punc	ProperName	Punc
lolu_phumelel_is_a_ko	RelConc11_VRoot_CausExt_VerbTerm_RelSuf	VRoot_VRoot_VRoot_VRoot_VRoot	RelConc11_VRoot_CausExt_VerbTerm_RelSuf	VRoot_VRoot_VRoot_VRoot_VRoot
lu_dzing_a	SC11_VRoot_VerbTerm	NStem_NStem_NStem	SC11_VRoot_VerbTerm	NStem_NStem_NStem
li_cebo	NPre5_NStem	NStem_NStem	NPre5_NStem	NStem_NStem
le_in_dlelasu	PossConc5_BPre9_NStem	NStem_NStem_NStem	PossConc5_BPre9_NStem	NStem_NStem_NStem
ne_ku_bamb_is_an_a	AdvPre_BPre15_VRoot_CausExt_RecipExt_VerbTerm	VRoot_VRoot_VRoot_VRoot_VRoot_VRoot	AdvPre_BPre15_VRoot_CausExt_RecipExt_VerbTerm	VRoot_VRoot_VRoot_VRoot_VRoot_VRoot
,	Punc	Punc	Punc	Punc
ne_ku_sek_el_w_a	AdvPre_BPre15_VRoot_ApplExt_PassExt_VerbTerm	NStem_NStem_VRoot_NStem_NStem_NStem	AdvPre_BPre15_VRoot_ApplExt_PassExt_VerbTerm	VRoot_VRoot_VRoot_NStem_VRoot
ngi_bo	CopPre_PronStem2	NStem_NStem	CopPre_PronStem2	NStem_NStem
bo_nkhe	QuantConc2_QuantStem	NStem_NStem	QuantConc2_QuantStem	NStem_NStem
laba_tsints_ek_a_ko	RelConc2_VRoot_NeutExt_VerbTerm_RelSuf	VRoot_VRoot_VRoot_VRoot_VRoot	RelConc2_VRoot_NeutExt_VerbTerm_RelSuf	VRoot_VRoot_VRoot_VRoot_VRoot
.	Punc	Punc	Punc	Punc
u_m_khandlu	NPrePre3_BPre3_NStem	NStem_NStem_NStem	NPrePre3_BPre3_NStem	NStem_NStem_NStem
u_nga_sungul_a	SC3_Pot_VRoot_VerbTerm	NStem_NStem_NStem_NStem	SC3_Pot_VRoot_VerbTerm	NStem_NStem_NStem_NStem
i_n_khundla	NPrePre9_BPre9_NStem	NStem_NStem_NStem	NPrePre9_BPre9_NStem	NStem_NStem_NStem
na_bo	AdvPre_PronStem2	Punc_Punc	AdvPre_PronStem2	Punc_Punc
bo_nkhe	QuantConc2_QuantStem	NStem_NStem	QuantConc2_QuantStem	NStem_NStem
laba_dlal_a	RelConc2_VRoot_VerbTerm	NStem_NStem_NStem	RelConc2_VRoot_VerbTerm	NStem_NStem_NStem
i_n_dzima	NPrePre9_BPre9_NStem	NStem_NStem_NStem	NPrePre9_BPre9_NStem	Punc_Punc_Punc
loku_fak_a	RelConc15_VRoot_VerbTerm	NStem_NStem_VRoot	RelConc15_VRoot_VerbTerm	NStem_NStem_NStem
e_khatsi	LocPre_Adv	NStem_NStem	LocPre_Adv	NStem_NStem
lu_sito	BPre11_NStem	Punc_Punc	BPre11_NStem	NStem_NStem
lwa_velonkhe	PossConc11_NStem	NStem_NStem	PossConc11_NStem	VRoot_VRoot_VRoot
,	Punc	Punc	Punc	Punc
ne_lwe_si_fundza	AdvPre_PossConc11_NPre11_NStem	VRoot_VRoot_VRoot_VRoot	AdvPre_PossConc11_NPre11_NStem	VRoot_VRoot_VRoot_NStem
,	Punc	Punc	Punc	Punc
njenge_li_tiko	AdvPre_NPre5_NStem	NStem_NStem_NStem	AdvPre_NPre5_NStem	NStem_NStem
le_te_m_philo	PossConc5_PossConc10_BPre9_NStem	VRoot_VRoot_VRoot_VRoot	PossConc5_PossConc10_BPre9_NStem	NStem_NStem_NStem_NStem
,	Punc	Punc	Punc	Punc
litiko	NStem	Punc	NStem	Punc
le_te_manti	PossConc5_PossConc10_NStem	NStem_NStem_NStem	PossConc5_PossConc10_NStem	NStem_NStem_NStem
,	Punc	Punc	Punc	Punc
ne_litiko	AdvPre_NStem	Punc_NStem	AdvPre_NStem	NStem_NStem
le_te_n_fundvo	PossConc5_PossConc10_BPre9_NStem	NStem_NStem_NStem_NStem	PossConc5_PossConc10_BPre9_NStem	NStem_NStem_NStem_NStem
,	Punc	Punc	Punc	Punc
e_ma_NGO	NPrePre6_BPre6_Abbr	NStem_NStem_NStem	NPrePre6_BPre6_Abbr	NStem_NStem_NStem
,	Punc	NStem	Punc	Punc
e_ma_CBO	NPrePre6_BPre6_Abbr	NStem_NStem_NStem	NPrePre6_BPre6_Abbr	NStem_NStem_NStem
la_sebent_a	PossConc5_VRoot_VerbTerm	NStem_Punc_NStem	PossConc5_VRoot_VerbTerm	NStem_NStem_NStem
ku_lo_m_khakha	LocPre_Dem3_Pos1_BPre3_NStem	VRoot_VRoot_VRoot_VRoot	LocPre_Dem3_Pos1_BPre3_NStem	NStem_NStem_NStem_NStem
we_HIV	PossConc3_Abbr	Punc_Punc	PossConc3_Abbr	NStem_NStem
/	Punc	Punc	Punc	Punc
AIDS	ProperName	Punc	ProperName	Punc
,	Punc	Punc	Punc	Punc
tin_hlangano	BPre10_NStem	NStem_NStem	BPre10_NStem	NStem_NStem
te_te_n_hlalakahle	PossConc10_PossConc10_BPre9_NStem	VRoot_VRoot_VRoot_VRoot	PossConc10_PossConc10_BPre9_NStem	VRoot_VRoot_VRoot
,	Punc	Punc	Punc	Punc
ti_fundza	BPre8_NStem	NStem_NStem	BPre8_NStem	NStem_NStem_NStem
ne_mi_khandlu	AdvPre_BPre4_NStem	NStem_NStem_NStem	AdvPre_BPre4_NStem	NStem_NStem_NStem
ya_i_n_dzawo	PossConc4_NPrePre9_BPre9_NStem	VRoot_VRoot_VRoot_VRoot	PossConc4_NPrePre9_BPre9_NStem	VRoot_VRoot_VRoot_VRoot
ye_AIDS	PossConc4_ProperName	Punc_Punc	PossConc4_ProperName	NStem_NStem
na_tin_hlangano	AdvPre_BPre10_NStem	Punc_Punc_Punc	AdvPre_BPre10_NStem	NStem_NStem_NStem
ta_te_in_kholo	PossConc10_PossConc10_NPre9_NStem	NStem_NStem_NStem_NStem	PossConc10_PossConc10_NPre9_NStem	NStem_NStem_NStem_NStem
.	Punc	Punc	Punc	Punc
in_dlelasu	NPre9_NStem	NStem_NStem	NPre9_NStem	NStem_NStem
le_hlangan_is_iw_e	PossConc5_VRoot_CausExt_PassExt_VerbTerm	VRoot_VRoot_VRoot_VRoot_VRoot	PossConc5_VRoot_CausExt_PassExt_VerbTerm	NStem_NStem_NStem_NStem_NStem
i_tawu_dzing_ek_a	SC9_Fut_VRoot_NPas_VerbTerm	VRoot_VRoot_VRoot_VRoot_VRoot	SC9_Fut_VRoot_NPas_VerbTerm	VRoot_VRoot_VRoot_VRoot_VRoot
ngoba	Conj	Punc	Conj	Punc
i_HIV	NPre9_Abbr	Punc_Punc	NPre9_Abbr	NStem_NStem
/	Punc	Punc	Punc	Punc
AIDS	ProperName	Punc	ProperName	Punc
i_b_e	SC1_VRoot_VerbTerm	NStem_NStem_NStem	SC1_VRoot_VerbTerm	NStem_NStem_NStem
ne_monakalo	AdvPre_NStem	NStem_NStem	AdvPre_NStem	NStem_NStem
ku_ba_ntfw_ana	LocPre_BPre2_NStem_DimSuf	VRoot_VRoot_VRoot_VRoot	LocPre_BPre2_NStem_DimSuf	VRoot_VRoot_VRoot
laba_tin_tsandzane	RelConc2_NPre10_NStem	NStem_NStem_NStem	RelConc2_NPre10_NStem	NStem_NStem_NStem
,	Punc	NStem	Punc	Punc
laba_eswel_e	RelConc2_VRoot_VerbTerm	NStem_NStem_NStem	RelConc2_VRoot_VerbTerm	NStem_NStem_NStem
ku_nak_ekel_w_a	BPre15_VRoot_NeutExt_PassExt_VerbTerm	VRoot_NStem_NStem_VRoot_VRoot	BPre15_VRoot_NeutExt_PassExt_VerbTerm	VRoot_NStem_NStem_NStem_VRoot
ba_tali	BPre2_NStem	Punc_Punc	BPre2_NStem	Punc_Punc
na_lu_sito	AdvPre_BPre11_NStem	NStem_NStem_NStem	AdvPre_BPre11_NStem	NStem_NStem_NStem
lwa_ti_mali	PossConc11_BPre10_NStem	NStem_NStem_NStem	PossConc11_BPre10_NStem	NStem_NStem_NStem
,	Punc	NStem	Punc	Punc
ba_ntfu	BPre2_NStem	NStem_NStem	BPre2_NStem	NStem_NStem
la_se_ba_khul_ile	RelConc1_Pro_OC2_VRoot_Perf	VRoot_VRoot_VRoot_VRoot_VRoot	RelConc1_Pro_OC2_VRoot_Perf	VRoot_VRoot_VRoot_VRoot_VRoot_VRoot
laba_eswel_e	RelConc2_VRoot_VerbTerm	NStem_NStem_NStem	RelConc2_VRoot_VerbTerm	NStem_NStem_NStem
lo_nga_ba_nakek_el_a	RelConc2_Pot_OC2_VRoot_ApplExt_VerbTerm	NStem_NStem_NStem_NStem_NStem_NStem	RelConc2_Pot_OC2_VRoot_ApplExt_VerbTerm	VRoot_VRoot_VRoot_VRoot_VRoot
na_ba_ntfu	AdvPre_BPre2_NStem	NStem_NStem_NStem	AdvPre_BPre2_NStem	VRoot_VRoot_VRoot
laba_sha	AdjPref2_AdjStem	Punc_Punc	AdjPref2_AdjStem	Punc_Punc
.	Punc	Punc	Punc	NStem
si_mo	BPre7_NStem	Punc_Punc	BPre7_NStem	Punc_Punc
se_m_notfo	PossConc7_BPre3_NStem	NStem_NStem_NStem	PossConc7_BPre3_NStem	NStem_NStem_NStem
na_n_hlalakahle	AdvPre_BPre9_NStem	NStem_VRoot_NStem	AdvPre_BPre9_NStem	VRoot_VRoot_VRoot
ku_mu_khandlu	LocPre_BPre3_NStem	NStem_NStem_NStem	LocPre_BPre3_NStem	NStem_NStem_NStem
si_dzing_a	SC7_VRoot_VerbTerm	NStem_NStem_NStem	SC7_VRoot_VerbTerm	NStem_NStem_NStem
ku_nak_w_a	BPre15_VRoot_PassExt_VerbTerm	NStem_NStem_NStem_NStem	BPre15_VRoot_PassExt_VerbTerm	NStem_NStem_NStem_NStem
,	Punc	Punc	Punc	Punc
ngakoke	Conj	NStem	Conj	NStem
u_mu_khandlu	NPrePre3_BPre3_NStem	NStem_NStem_NStem	NPrePre3_BPre3_NStem	NStem_NStem_NStem
u_nga_sungul_a	SC3_Pot_VRoot_VerbTerm	NStem_NStem_NStem_NStem	SC3_Pot_VRoot_VerbTerm	NStem_NStem_NStem_NStem
i_n_khundla	NPrePre9_BPre9_NStem	VRoot_NStem_VRoot	NPrePre9_BPre9_NStem	NStem_NStem_NStem
le_tawu_lung_is_a	RelConc9_Fut_VRoot_CausExt_VerbTerm	VRoot_VRoot_VRoot_VRoot_VRoot	RelConc9_Fut_VRoot_CausExt_VerbTerm	VRoot_VRoot_VRoot_VRoot_VRoot
in_dlelasu	NPre9_NStem	NStem_NStem	NPre9_NStem	NStem_NStem
le_fak_a	RelConc9_VRoot_VerbTerm	NStem_NStem_NStem	RelConc9_VRoot_VerbTerm	NStem_NStem_NStem
wo_nkhe	QuantConc3_QuantStem	Punc_Punc	QuantConc3_QuantStem	Punc_Punc
u_mu_mango	NPrePre3_BPre3_NStem	NStem_NStem_NStem	NPrePre3_BPre3_NStem	NStem_NStem_NStem
.	Punc	Punc	Punc	Punc
u_mu_sebenti	NPrePre3_BPre3_NStem	NStem_NStem_NStem	NPrePre3_BPre3_NStem	NStem_NStem_NStem
wa_li_cembu	PossConc3_BPre5_NStem	NStem_NStem_NStem	PossConc3_BPre5_NStem	NStem_NStem_NStem
leli_cedz_el_a	RelConc5_VRoot_ApplExt_VerbTerm	VRoot_VRoot_VRoot_VRoot	RelConc5_VRoot_ApplExt_VerbTerm	NStem_NStem_NStem_NStem
i_metriksi	BPre9_NStem	NStem_NStem	BPre9_NStem	NStem_NStem
ya_SWOT	PossConc9_Foreign	NStem_NStem	PossConc9_Foreign	NStem_NStem
na_komidi	AdvPre_NStem	NStem_NStem	AdvPre_NStem	NStem_NStem_NStem
ya_li_wadi	PossConc9_BPre5_NStem	NStem_NStem_NStem	PossConc9_BPre5_NStem	NStem_NStem_NStem
kanye	Conj	Punc	Conj	Punc
ne_ba_ntfu	AdvPre_BPre2_NStem	NStem_NStem_NStem	AdvPre_BPre2_NStem	NStem_VRoot_NStem
laba_yi_mi_tfombolusito	RelConc2_CopPre_BPre4_NStem	VRoot_VRoot_VRoot_VRoot	RelConc2_CopPre_BPre4_NStem	VRoot_VRoot_VRoot_VRoot
le_s_e_mbili	RelConc4_PreLoc-s_LocPre_NStem	NStem_NStem_NStem_NStem	RelConc4_PreLoc-s_LocPre_NStem	NStem_NStem_NStem_NStem
.	Punc	Punc	Punc	Punc
ti_niketen_i	SC2pp_VRoot_VerbTerm	NStem_NStem_NStem	SC2pp_VRoot_VerbTerm	NStem_NStem_NStem
cishe	AuxVStem	Punc	AuxVStem	Punc
e_ma_awa	NPrePre6_BPre6_NStem	NStem_NStem_NStem	NPrePre6_BPre6_NStem	NStem_NStem_NStem
lama_bili	AdjPref6_AdjStem	Punc_Punc	AdjPref6_AdjStem	Punc_Punc
.	Punc	Punc	Punc	Punc
u_mu_sebenti	NPrePre1_BPre1_NStem	NStem_NStem_NStem	NPrePre1_BPre1_NStem	NStem_NStem_NStem
2	Num	Punc	Num	Punc
cabanga	NStem	NStem	NStem	Punc_Punc
nga_lu_suku	AdvPre_BPre11_NStem	NStem_NStem_NStem	AdvPre_BPre11_NStem	NStem_NStem_NStem
lo_lo_jwayel_ek_ile	Dem3_Pos1_RelConc3_VRoot_NeutExt_Perf	NStem_NStem_NStem_NStem_NStem	Dem3_Pos1_RelConc3_VRoot_NeutExt_Perf	VRoot_VRoot_VRoot_VRoot_VRoot
e_in_philo_ini	LocPre_BPre9_NStem_LocSuf	NStem_NStem_NStem_NStem	LocPre_BPre9_NStem_LocSuf	NStem_NStem_NStem_NStem
ye_indvodza	PossConc9_NStem	NStem_NStem	PossConc9_NStem	NStem_NStem_NStem_NStem
ne_mu_fati	AdvPre_BPre1_NStem	NStem_Punc_NStem	AdvPre_BPre1_NStem	NStem_NStem_NStem
laba_ku_leli_cembu	RelConc2_BPre15_Dem7_Pos1_NStem	VRoot_VRoot_VRoot_VRoot	RelConc2_BPre15_Dem7_Pos1_NStem	VRoot_NStem_VRoot_VRoot
le_si_ve	PossConc5_BPre7_NStem	NStem_NStem_NStem	PossConc5_BPre7_NStem	Punc_Punc_Punc
lo_li_khetsile	Dem1a_Pos1_BPre5_NStem	NStem_NStem_NStem	Dem1a_Pos1_BPre5_NStem	NStem_NStem_NStem
.	Punc	Punc	Punc	Punc
s_e_ibentisa	PossConc7_LocPre_NStem	NStem_NStem_NStem	PossConc7_LocPre_NStem	NStem_NStem_NStem
leli_thebula	Dem5_Pos1_NStem	NStem_NStem	Dem5_Pos1_NStem	NStem_NStem
leli_se_khasi_ni	RelConc5_PossConc7_NStem_RelSuf	VRoot_NStem_VRoot_VRoot	RelConc5_PossConc7_NStem_RelSuf	VRoot_VRoot_VRoot_VRoot_VRoot
leli_landzela_ko	RelConc5_NStem_RelSuf	NStem_NStem_NStem	RelConc5_NStem_RelSuf	NStem_NStem_NStem
ku_bhal_a	BPre15_VRoot_VerbTerm	NStem_NStem_NStem	BPre15_VRoot_VerbTerm	NStem_NStem_NStem
lu_hla	NPre11_NStem	Punc_Punc	NPre11_NStem	NStem_NStem
lwa_i_mi_sebenti	PossConc11_NPrePre4_BPre4_NStem	VRoot_VRoot_NStem_VRoot	PossConc11_NPrePre4_BPre4_NStem	VRoot_VRoot_VRoot_VRoot
le_yi_ent_iw_a	RelConc4_OC4_VRoot_PassExt_VerbTerm	NStem_NStem_NStem_NStem_NStem	RelConc4_OC4_VRoot_PassExt_VerbTerm	VRoot_VRoot_VRoot_VRoot_VRoot
ngu_mu_fati	NPre1_BPre1_NStem	NStem_NStem_NStem	NPre1_BPre1_NStem	NStem_NStem_NStem_NStem
kanye	Adv	Punc	Adv	Punc
na_le_y_ent_iw_a	AdvPre_Dem4_Pos1_OC4_VRoot_PassExt_VerbTerm	VRoot_VRoot_VRoot_VRoot_VRoot_VRoot	AdvPre_Dem4_Pos1_OC4_VRoot_PassExt_VerbTerm	VRoot_VRoot_VRoot_VRoot_VRoot_VRoot
yindvodza	NStem	NStem	NStem	NStem_NStem_NStem_NStem
e_i_li_khaya	LocPre_NPrePre5_BPre5_NStem	NStem_NStem_NStem_NStem	LocPre_NPrePre5_BPre5_NStem	NStem_NStem_NStem_NStem
nga_i_si_khatsi	AdvPre_NPrePre7_BPre7_NStem	NStem_NStem_NStem_NStem	AdvPre_NPrePre7_BPre7_NStem	NStem_NStem_NStem_NStem
lesi_nga_nge_lusuku	RelConc7_AdvPre_CopPre_NStem	VRoot_VRoot_VRoot_VRoot	RelConc7_AdvPre_CopPre_NStem	VRoot_VRoot_VRoot
(	Punc	Punc	Punc	Punc
e_ma_awa	LocPre_BPre6_NStem	NStem_NStem_NStem	LocPre_BPre6_NStem	NStem_NStem_NStem
la_ngu_24	PossConc5_CopPre_Num	NStem_NStem_NStem	PossConc5_CopPre_Num	NStem_NStem_NStem
)	Punc	Punc	Punc	Punc
ku_leli_phepha	LocPre_Dem5_Pos1_NStem	NStem_VRoot_NStem	LocPre_Dem5_Pos1_NStem	NStem_NStem_NStem
leli_khulu	AdjPref5_AdjStem	NStem_NStem	AdjPref5_AdjStem	NStem_NStem
le_flip-shadi	PossConc5_NStem	NStem_NStem	PossConc5_NStem	NStem_NStem
.	Punc	NStem	Punc	Punc
gcwalis_a	VRoot_VerbTerm	NStem_NStem	VRoot_VerbTerm	NStem_NStem_NStem
lo_mu_sebenti	Dem1_Pos1_BPre3_NStem	NStem_NStem_NStem	Dem1_Pos1_BPre3_NStem	NStem_NStem_NStem
lo_w_ent_iw_a	RelConc3_OC3_VRoot_PassExt_VerbTerm	VRoot_VRoot_VRoot_VRoot_VRoot	RelConc3_OC3_VRoot_PassExt_VerbTerm	VRoot_VRoot_VRoot_VRoot_VRoot
ngu_la_u_mu_ntfu	NPre1_PossConc5_NPrePre1_BPre3_NStem	VRoot_VRoot_VRoot_VRoot_VRoot	NPre1_PossConc5_NPrePre1_BPre3_NStem	VRoot_VRoot_VRoot_VRoot
lo_bhal_iw_e	RelConc3_VRoot_PassExt_VerbTerm	NStem_NStem_VRoot_VRoot	RelConc3_VRoot_PassExt_VerbTerm	VRoot_VRoot_VRoot_VRoot
nge_leso_si_khatsi	AdvPre_Dem7_Pos2_BPre7_NStem	VRoot_VRoot_VRoot_VRoot	AdvPre_Dem7_Pos2_BPre7_NStem	NStem_NStem_NStem_NStem
lesi_bek_iw_e	RelConc7_VRoot_PassExt_VerbTerm	VRoot_NStem_VRoot_VRoot	RelConc7_VRoot_PassExt_VerbTerm	VRoot_VRoot_VRoot_VRoot
,	Punc	Punc	Punc	Punc
kutsi	Conj	Punc	Conj	Punc
u_ngu_u_mu_sebenti	BPre1_CopPre_NPrePre1_BPre1_NStem	NStem_NStem_NStem_VRoot_VRoot	BPre1_CopPre_NPrePre1_BPre1_NStem	VRoot_VRoot_VRoot_VRoot
lo_bhadalwako	Dem3_Pos1_NStem	NStem_NStem	Dem3_Pos1_NStem	VRoot_VRoot_VRoot_VRoot_VRoot
noma	Conj	Punc	Conj	Punc
lo_nga_bhadal_w_a	RelConc3_AdvPre_VRoot_PassExt_VerbTerm	NStem_NStem_NStem_NStem_NStem	RelConc3_AdvPre_VRoot_PassExt_VerbTerm	NStem_VRoot_VRoot_NStem_VRoot
,	Punc	Punc	Punc	Punc
ne_kutsi	AdvPre_Conj	NStem_NStem	AdvPre_Conj	NStem_NStem
i_m_bhadalo	NPrePre4_BPre3_NStem	NStem_NStem_NStem	NPrePre4_BPre3_NStem	NStem_NStem_NStem
i_ngu_mali_ini	BPre9_CopPre_NStem_Interrog	NStem_NStem_NStem_NStem	BPre9_CopPre_NStem_Interrog	NStem_NStem_NStem_NStem
nga_eli_aw_a	AdvPre_RelConc8_Intrans_VerbTerm	NStem_NStem_NStem_NStem	AdvPre_RelConc8_Intrans_VerbTerm	NStem_NStem_NStem
.	Punc	Punc	Punc	NStem
fik_a	VRoot_VerbTerm	Punc_Punc	VRoot_VerbTerm	Punc_Punc
ku_sa_na_si_khatsi	BPre15_Pro_AdvPre_BPre7_NStem	VRoot_VRoot_VRoot_VRoot_NStem	BPre15_Pro_AdvPre_BPre7_NStem	VRoot_VRoot_VRoot_VRoot_VRoot
,	Punc	Punc	Punc	Punc
hlol_a	VRoot_VerbTerm	NStem_NStem	VRoot_VerbTerm	NStem_NStem
e_ma_thulusi	NPrePre6_BPre6_NStem	NStem_NStem_NStem	NPrePre6_BPre6_NStem	NStem_NStem_NStem
si_khatsi	BPre7_NStem	NStem_NStem	BPre7_NStem	NStem_NStem
si_se_khon_a	SC7_Pro_VRoot_VerbTerm	NStem_NStem_NStem_NStem	SC7_Pro_VRoot_VerbTerm	NStem_NStem_NStem
,	Punc	Punc	Punc	NStem
ba_ni	SC2_Interrog	Punc_Punc	SC2_Interrog	Punc_Punc
na_si_khatsi	AdvPre_BPre7_NStem	NStem_NStem_NStem	AdvPre_BPre7_NStem	NStem_NStem_NStem
lesi_enel_e	RelConc7_VRoot_VerbTerm	NStem_NStem_NStem	RelConc7_VRoot_VerbTerm	NStem_NStem_NStem
ku_ti_lung_is_elel_e	BPre15_ReflPre_VRoot_CausExt_IntensExt_VerbTerm	VRoot_VRoot_VRoot_NStem_VRoot_VRoot	BPre15_ReflPre_VRoot_CausExt_IntensExt_VerbTerm	VRoot_VRoot_VRoot_VRoot_VRoot_VRoot
lu_ati	BPre11_NStem	Punc_Punc	BPre11_NStem	Punc_Punc
lo_tawu_wu_khulum_a	RelConc1_Fut_OC2_VRoot_VerbTerm	NStem_NStem_NStem_NStem_NStem	RelConc1_Fut_OC2_VRoot_VerbTerm	VRoot_VRoot_NStem_VRoot
nga_lo	AdvPre_PronStem11	Punc_Punc	AdvPre_PronStem11	Punc_Punc
.	Punc	Punc	Punc	Punc
lo_m_hlangano	Dem3_Pos1_BPre3_NStem	NStem_NStem_NStem	Dem3_Pos1_BPre3_NStem	VRoot_NStem_NStem
u_coc_is_an_a	SC3_VRoot_CausExt_RecipExt_VerbTerm	VRoot_VRoot_VRoot_VRoot_VRoot	SC3_VRoot_CausExt_RecipExt_VerbTerm	NStem_NStem_NStem_NStem_NStem
nga_tin_chubo	AdvPre_BPre10_NStem	NStem_NStem_NStem	AdvPre_BPre10_NStem	NStem_NStem_NStem
ta_ku_hlel_a	PossConc10_BPre15_VRoot_VerbTerm	NStem_NStem_NStem_NStem	PossConc10_BPre15_VRoot_VerbTerm	NStem_NStem_NStem_NStem
te_IDP	PossConc10_Abbr	NStem_NStem	PossConc10_Abbr	NStem_NStem
.	Punc	Punc	Punc	Punc
ku_balulek_ile	SC15_VRoot_Perf	NStem_NStem_NStem	SC15_VRoot_Perf	NStem_NStem_NStem
ku_sebent_is_a	BPre15_VRoot_CausExt_VerbTerm	VRoot_NStem_NStem_NStem	BPre15_VRoot_CausExt_VerbTerm	NStem_NStem_NStem_NStem
si_tungeletane	BPre7_NStem	NStem_NStem	BPre7_NStem	NStem_NStem
se_CBP	Pres_Abbr	NStem_NStem	Pres_Abbr	NStem_NStem
.	Punc	Punc	Punc	Punc
lo_m_hlangano	Dem3_Pos1_BPre3_NStem	NStem_NStem_NStem	Dem3_Pos1_BPre3_NStem	NStem_NStem_NStem
u_phindz_e	SC3_VRoot_VerbTerm	VRoot_NStem_NStem	SC3_VRoot_VerbTerm	NStem_NStem_NStem
wa_at_is_w_e	SC3_VRoot_CausExt_PassExt_VerbTerm	NStem_NStem_NStem_NStem_NStem	SC3_VRoot_CausExt_PassExt_VerbTerm	VRoot_VRoot_NStem_NStem
nga_m_phumela	AdvPre_BPre3_NStem	NStem_NStem_NStem	AdvPre_BPre3_NStem	NStem_VRoot_VRoot
wa_m_hlangano	PossConc3_BPre3_NStem	NStem_NStem_NStem	PossConc3_BPre3_NStem	NStem_NStem_NStem
wa_ku_hlelel_a	PossConc3_BPre15_VRoot_VerbTerm	NStem_NStem_NStem_NStem	PossConc3_BPre15_VRoot_VerbTerm	VRoot_VRoot_VRoot_VRoot
kwa_nga_phambilini	PossConc15_AdvPre_Adv	NStem_NStem_NStem	PossConc15_AdvPre_Adv	NStem_NStem_NStem
,	Punc	Punc	Punc	Punc
e_ma_cembu	NPrePre6_BPre6_NStem	NStem_NStem_NStem	NPrePre6_BPre6_NStem	NStem_NStem_NStem
a_ta_in_hlalakahle	PossConc6_PossConc10_BPre9_NStem	VRoot_VRoot_VRoot_VRoot	PossConc6_PossConc10_BPre9_NStem	VRoot_VRoot_VRoot_VRoot
la_hlukahluk_an_ile	RelConc5_VRoot_RecipExt_Perf	NStem_VRoot_NStem_NStem	RelConc5_VRoot_RecipExt_Perf	VRoot_VRoot_VRoot_VRoot
la_phawul_iw_e	RelConc6_VRoot_PassExt_VerbTerm	NStem_NStem_NStem_VRoot	RelConc6_VRoot_PassExt_VerbTerm	VRoot_VRoot_VRoot_VRoot
bese	Conj	Punc	Conj	Punc
u_mhlangano	NPrePre1a_NStem	NStem_NStem	NPrePre1a_NStem	NStem_NStem_NStem
u_niketwa	NPrePre1a_NStem	NStem_NStem	NPrePre1a_NStem	NStem_NStem_NStem_NStem
li_tfuba	BPre5_NStem	NStem_NStem	BPre5_NStem	NStem_NStem
la_ku_enget_a	PossConc5_SC15_VRoot_VerbTerm	NStem_NStem_NStem_NStem	PossConc5_SC15_VRoot_VerbTerm	NStem_NStem_NStem_NStem
ku_lolu_hlu	LocPre_Dem11_Pos1_NStem	NStem_NStem_NStem	LocPre_Dem11_Pos1_NStem	NStem_NStem_NStem
.	Punc	Punc	Punc	Punc
lo_m_hlangano	Dem3_Pos1_BPre3_NStem	NStem_NStem_NStem	Dem3_Pos1_BPre3_NStem	NStem_NStem_NStem
u_hlel_a	SC3_VRoot_VerbTerm	NStem_NStem_NStem	SC3_VRoot_VerbTerm	NStem_NStem_NStem
li_thebula	NPre5_NStem	NStem_NStem	NPre5_NStem	NStem_NStem
lesi_khatsi	Dem7_Pos1_NStem	NStem_NStem	Dem7_Pos1_NStem	NStem_NStem
la_leli_viki	PossConc5_Dem5_Pos1_NStem	NStem_NStem_NStem	PossConc5_Dem5_Pos1_NStem	NStem_NStem_NStem
loku_fak_a	RelConc15_VRoot_VerbTerm	NStem_NStem_NStem	RelConc15_VRoot_VerbTerm	NStem_NStem_NStem
e_khatsi	LocPre_Adv	NStem_NStem	LocPre_Adv	NStem_NStem
i_shejuli	NPrePre4_NStem	NStem_NStem	NPrePre4_NStem	NStem_NStem
ya_mi_hlangano	PossConc9_BPre4_NStem	NStem_NStem_NStem	PossConc9_BPre4_NStem	NStem_VRoot_NStem_VRoot
na_ba_meleli	AdvPre_BPre2_NStem	NStem_NStem_NStem	AdvPre_BPre2_NStem	NStem_NStem_NStem
ba_e_ma_cembu	PossConc2_NPrePre6_BPre6_NStem	NStem_NStem_NStem_NStem	PossConc2_NPrePre6_BPre6_NStem	NStem_NStem_NStem_NStem
a_ta_in_hlalakahle	PossConc6_PossConc10_BPre9_NStem	VRoot_VRoot_VRoot_VRoot	PossConc6_PossConc10_BPre9_NStem	NStem_NStem_NStem_NStem
la_hlukahluk_an_ile	RelConc5_VRoot_RecipExt_Perf	VRoot_VRoot_VRoot_VRoot	RelConc5_VRoot_RecipExt_Perf	NStem_NStem_VRoot_VRoot
.	Punc	Punc	Punc	Punc
ku_balulek_ile	SC15_VRoot_Perf	NStem_NStem_NStem	SC15_VRoot_Perf	VRoot_NStem_NStem
ku_phawul_a	BPre15_VRoot_VerbTerm	NStem_NStem_NStem	BPre15_VRoot_VerbTerm	NStem_NStem_NStem
u_mu_ntfu	NPrePre1_BPre1_NStem	NStem_NStem_NStem	NPrePre1_BPre1_NStem	NStem_NStem_NStem
lo_tsite	RelConc1_RelStem	NStem_NStem	RelConc1_RelStem	NStem_NStem
ku_lelo	LocPre_Dem5_Pos2	NStem_NStem	LocPre_Dem5_Pos2	NStem_NStem
na_lelo	AdvPre_Dem5_Pos2	NStem_NStem	AdvPre_Dem5_Pos2	Punc_Punc
cembu	NStem	Punc	NStem	Punc
la_ta_in_hlalakahle	PossConc5_PossConc10_BPre9_NStem	VRoot_VRoot_VRoot_VRoot	PossConc5_PossConc10_BPre9_NStem	VRoot_VRoot_VRoot
lo_tawu_khutsat_a	RelConc1_Fut_VRoot_VerbTerm	VRoot_VRoot_VRoot_VRoot	RelConc1_Fut_VRoot_VerbTerm	VRoot_VRoot_VRoot_VRoot
laba_nye	AdjPref2_AdjStem	Punc_NStem	AdjPref2_AdjStem	Punc_Punc
macondzana	Adv	NStem	Adv	NStem
na_le_mi_hlangano	AdvPre_Dem4_Pos1_BPre4_NStem	NStem_NStem_NStem_NStem	AdvPre_Dem4_Pos1_BPre4_NStem	VRoot_VRoot_VRoot_VRoot
le_(i)m_is_iw_e	RelConc4_VRoot_CausExt_PassExt_VerbTerm	VRoot_VRoot_VRoot_VRoot_VRoot	RelConc4_VRoot_CausExt_PassExt_VerbTerm	VRoot_VRoot_VRoot_VRoot_VRoot
.	Punc	Punc	Punc	Punc
gcugcutel_a	VRoot_VerbTerm	NStem_NStem	VRoot_VerbTerm	NStem_NStem
laba_ngen_el_e	RelConc2_VRoot_ApplExt_VerbTerm	VRoot_VRoot_NStem_VRoot	RelConc2_VRoot_ApplExt_VerbTerm	NStem_NStem_NStem_NStem
ti_fundvo	BPre8_NStem	NStem_NStem	BPre8_NStem	NStem_NStem
kutsi	Conj	Punc	Conj	Punc
ba_hamb_el_e	SC2_VRoot_ApplExt_VerbTerm	NStem_NStem_NStem_NStem	SC2_VRoot_ApplExt_VerbTerm	NStem_NStem_NStem_NStem
yo_nkhe	QuantConc4_QuantStem	Punc_Punc	QuantConc4_QuantStem	NStem_NStem
i_mi_hlangano	NPrePre4_BPre4_NStem	NStem_NStem_NStem	NPrePre4_BPre4_NStem	NStem_NStem_NStem
ya_ku_hlel_a	PossConc4_BPre15_VRoot_VerbTerm	NStem_NStem_NStem_NStem	PossConc4_BPre15_VRoot_VerbTerm	NStem_NStem_NStem_NStem
.	Punc	Punc	Punc	Punc
nga_be	AdvPre_AuxVStem	Punc_Punc	AdvPre_AuxVStem	Punc
lo_kuba	Dem1_Pos1_NStem	Punc_Punc	Dem1_Pos1_NStem	NStem_NStem_NStem
sebucayini	NStem	VRoot	NStem	NStem_NStem_NStem
ku_gucuk_a	BPre15_VRoot_VerbTerm	NStem_NStem_NStem	BPre15_VRoot_VerbTerm	NStem_NStem_NStem
njani	Adv	NStem	Adv	NStem
nga_m_nyaka	AdvPre_BPre3_NStem	NStem_NStem_NStem	AdvPre_BPre3_NStem	NStem_NStem_NStem
?	Punc	Punc	Punc	Punc
ba_chubisifundvo	BPre2_NStem	VRoot_VRoot	BPre2_NStem	VRoot_VRoot
ba_masipala	PossConc2_NStem	NStem_NStem	PossConc2_NStem	NStem_NStem
laba_vel_a	RelConc2_VRoot_VerbTerm	NStem_NStem_NStem	RelConc2_VRoot_VerbTerm	NStem_NStem_NStem
e_i_mi_khakha_ini	LocPre_NPrePre4_BPre4_NStem_LocSuf	VRoot_VRoot_VRoot_VRoot_VRoot	LocPre_NPrePre4_BPre4_NStem_LocSuf	VRoot_VRoot_VRoot_VRoot_VRoot
le_ye_ehlukahluk_en_e	RelConc4_Pres_VRoot_RecipExt_VerbTerm	VRoot_VRoot_VRoot_VRoot_VRoot	RelConc4_Pres_VRoot_RecipExt_VerbTerm	VRoot_VRoot_VRoot_VRoot_VRoot
ya_masipala	PossConc4_NStem	NStem_NStem	PossConc4_NStem	NStem_NStem
nobe	Conj	Punc	Conj	NStem
ti_phatsimandla	BPre8_NStem	NStem_NStem	BPre8_NStem	NStem_NStem
ta_hulumende	PossConc10_NStem	NStem_NStem	PossConc10_NStem	NStem_NStem
ta_si_thekniki	PossConc8_BPre7_NStem	NStem_NStem_NStem	PossConc8_BPre7_NStem	NStem_NStem_NStem
leti_vel_a	RelConc8_VRoot_VerbTerm	NStem_NStem_NStem	RelConc8_VRoot_VerbTerm	NStem_NStem_NStem
ku_ma_tiko	LocPre_NPre6_NStem	NStem_NStem_NStem	LocPre_NPre6_NStem	NStem_NStem_NStem
e_ti_godzi	LocPre_BPre8_NStem	NStem_NStem_NStem	LocPre_BPre8_NStem	NStem_NStem_NStem
nobe	Conj	Punc	Conj	NStem
a_ti_fundza	PossConc6_BPre8_NStem	NStem_NStem_NStem	PossConc6_BPre8_NStem	NStem_NStem_NStem
.	Punc	Punc	Punc	Punc
ku_tibophelel_a	SC15_VRoot_VerbTerm	VRoot_VRoot_VRoot	SC15_VRoot_VerbTerm	VRoot_VRoot_VRoot_VRoot_VRoot
e_ku_tfol_a_ini	LocPre_BPre15_VRoot_VerbTerm_LocSuf	VRoot_VRoot_VRoot_VRoot_VRoot	LocPre_BPre15_VRoot_VerbTerm_LocSuf	NStem_VRoot_VRoot_NStem_VRoot
ku_dla	BPre15_NStem	Punc_Punc	BPre15_NStem	NStem_NStem_NStem
ne_ku_dl_a	AdvPre_SC15_VRoot_VerbTerm	NStem_NStem_NStem_NStem	AdvPre_SC15_VRoot_VerbTerm	NStem_NStem_NStem_NStem
loku_ne_m_soco	RelConc15_AdvPre_BPre3_NStem	NStem_NStem_NStem_NStem	RelConc15_AdvPre_BPre3_NStem	NStem_NStem_NStem_NStem
ku_ma_khaya	LocPre_BPre6_NStem	NStem_NStem_NStem	LocPre_BPre6_NStem	NStem_NStem_NStem
loku_fak_a	RelConc15_VRoot_VerbTerm	NStem_NStem_NStem	RelConc15_VRoot_VerbTerm	Punc_Punc_Punc
e_khatsi	LocPre_Adv	NStem_NStem	LocPre_Adv	NStem_NStem
ti_nyatselo	BPre8_NStem	NStem_NStem	BPre8_NStem	NStem_NStem
te_m_khakha	PossConc10_BPre3_NStem	NStem_NStem_NStem	PossConc10_BPre3_NStem	NStem_NStem_NStem
wa_hulumende	PossConc1_NStem	NStem_NStem	PossConc1_NStem	NStem_NStem
kanye	Adv	Punc	Adv	Punc
ne_wa_nga_sese	AdvPre_SC3_AdvPre_NStem	VRoot_NStem_NStem_NStem	AdvPre_SC3_AdvPre_NStem	VRoot_VRoot_VRoot_VRoot
.	Punc	Punc	Punc	Punc
u_mu_tsetfosiseklo	NPrePre1a_BPre1a_NStem	VRoot_VRoot_VRoot	NPrePre1a_BPre1a_NStem	VRoot_VRoot_VRoot
u_niket_a	SC3_VRoot_VerbTerm	NStem_NStem_NStem	SC3_VRoot_VerbTerm	NStem_NStem_NStem
u_mu_bononchanti	NPrePre1a_BPre3_NStem	NStem_NStem_VRoot	NPrePre1a_BPre3_NStem	VRoot_VRoot_VRoot
wa_u_mu_mango	PossConc1a_NPrePre3_BPre3_NStem	NStem_NStem_NStem_NStem	PossConc1a_NPrePre3_BPre3_NStem	NStem_NStem_NStem_NStem
lo_bumb_an_ile	RelConc3_VRoot_RecipExt_Perf	NStem_NStem_NStem_NStem	RelConc3_VRoot_RecipExt_Perf	NStem_NStem_NStem
,	Punc	Punc	Punc	Punc
lo_chubekelembili	Dem1a_Pos1_NStem	NStem_NStem	Dem1a_Pos1_NStem	NStem_NStem
,	Punc	Punc	Punc	Punc
lo_nga_bandlulul_i	RelConc1_AdvPre_VRoot_VerbTerm	VRoot_NStem_VRoot_NStem	RelConc1_AdvPre_VRoot_VerbTerm	NStem_NStem_NStem_NStem
nga_kwa_bu_hlanga	AdvPre_PossConc15_BPre14_NStem	NStem_NStem_NStem_NStem	AdvPre_PossConc15_BPre14_NStem	NStem_VRoot_NStem_NStem
na_lo_nga_ba_ndlullul_i	AdvPre_RelConc3_NegPre_BPre2_VRoot_VerbTerm	VRoot_VRoot_VRoot_VRoot_VRoot_VRoot	AdvPre_RelConc3_NegPre_BPre2_VRoot_VerbTerm	NStem_VRoot_VRoot_VRoot_VRoot
nge_kwe_bu_lili	AdvPre_PossConc15_BPre14_NStem	NStem_NStem_NStem_NStem	AdvPre_PossConc15_BPre14_NStem	NStem_NStem_NStem_NStem
;	Punc	Punc	Punc	Punc
li_(i)v_e	OC5_VRoot_VerbTerm	VRoot_VRoot_VRoot	OC5_VRoot_VerbTerm	Punc_Punc
la_wo	PossConc5_PronStem6	Punc_Punc	PossConc5_PronStem6	Punc_Punc
wo_nkhe	QuantConc3_QuantStem	NStem_NStem	QuantConc3_QuantStem	NStem_NStem
lo_hlal_a	RelConc1_VRoot_VerbTerm	NStem_NStem_NStem	RelConc1_VRoot_VerbTerm	NStem_NStem_NStem
ku_lo	LocPre_PronStem5	Punc_Punc	LocPre_PronStem5	Punc_Punc
,	Punc	Punc	Punc	Punc
leli_bumb_en_e	RelConc5_VRoot_RecipExt_VerbTerm	VRoot_VRoot_VRoot_VRoot	RelConc5_VRoot_RecipExt_VerbTerm	NStem_VRoot_VRoot_VRoot
e_ku_ehlukahluk_an_a_eni	LocPre_BPre15_VRoot_RecipExt_VerbTerm_LocSuf	VRoot_VRoot_VRoot_VRoot_VRoot_VRoot	LocPre_BPre15_VRoot_RecipExt_VerbTerm_LocSuf	VRoot_VRoot_VRoot_VRoot_VRoot
kwa_lo	PossConc15_PronStem11	Punc_Punc	PossConc15_PronStem11	Punc_Punc
.	Punc	Punc	Punc	Punc
u_mu_tsetfosisekelo	NPrePre1a_BPre3_NStem	VRoot_VRoot_VRoot	NPrePre1a_BPre3_NStem	VRoot_VRoot_VRoot
u_phindz_e	SC1_VRoot_VerbTerm	NStem_NStem_NStem	SC1_VRoot_VerbTerm	NStem_NStem_NStem
u_phocelele	NPrePre1a_NStem	NStem_NStem	NPrePre1a_NStem	VRoot_VRoot_NStem_VRoot
li_(i)v_e	OC5_VRoot_VerbTerm	VRoot_VRoot_VRoot	OC5_VRoot_VerbTerm	Punc_Punc
kutsi	Conj	Punc	Conj	Punc
li_phol_is_e	SC2_VRoot_VerbExt_VerbTerm	NStem_NStem_NStem_NStem	SC2_VRoot_VerbExt_VerbTerm	NStem_NStem_VRoot_NStem
ku_ehluk_an_a	BPre15_VRoot_RecipExt_VerbTerm	VRoot_VRoot_VRoot_VRoot	BPre15_VRoot_RecipExt_VerbTerm	NStem_NStem_NStem_NStem
kwa_si_khatsi	PossConc15_BPre7_NStem	NStem_NStem_NStem	PossConc15_BPre7_NStem	NStem_NStem_NStem
lesi_engc_ile	RelConc7_VRoot_Perf	NStem_NStem_NStem	RelConc7_VRoot_Perf	NStem_NStem_NStem
,	Punc	Punc	Punc	Punc
we_emukel_a	PossConc3_VRoot_VerbTerm	NStem_VRoot_NStem	PossConc3_VRoot_VerbTerm	NStem_VRoot_VRoot
kutsi	Conj	Punc	Conj	Punc
i_ningizimu	BPre9_NStem	NStem_NStem	BPre9_NStem	NStem_NStem
Afrika	ProperName	Punc	ProperName	Punc
i_vel_a	SC9_VRoot_VerbTerm	NStem_NStem_NStem	SC9_VRoot_VerbTerm	Punc_NStem_Punc
e_lu_hlelo_ini	LocPre_BPre11_NStem_LocSuf	VRoot_NStem_VRoot_VRoot	LocPre_BPre11_NStem_LocSuf	VRoot_VRoot_VRoot_VRoot
lapho	Conj	Punc	Conj	Punc
li_nyenti	AdjPref5_AdjStem	NStem_NStem	AdjPref5_AdjStem	NStem_NStem
leti_akhamiti	RelConc8_NStem	NStem_NStem	RelConc8_NStem	NStem_NStem
tayo	NStem	Punc	NStem	Punc_Punc
ta_ncishwa	BPre10_NStem	NStem_NStem	BPre10_NStem	VRoot_VRoot_VRoot_VRoot
e_ma_tfuba	NPrePre6_BPre6_NStem	NStem_NStem_NStem	NPrePre6_BPre6_NStem	NStem_NStem_NStem
.	Punc	Punc	Punc	Punc
khumbul_a	VRoot_VerbTerm	NStem_Punc	VRoot_VerbTerm	NStem_NStem
kutsi	Conj	Punc	Conj	Punc
lu_hlaka	BPre11_NStem	NStem_NStem	BPre11_NStem	NStem_NStem
lwa_ku_ent_iw_a	PossConc11_SC15_VRoot_PassExt_VerbTerm	VRoot_VRoot_VRoot_VRoot_VRoot	PossConc11_SC15_VRoot_PassExt_VerbTerm	VRoot_VRoot_VRoot_VRoot_VRoot
kwa_i_mi_sebenti	PossConc15_NPrePre4_BPre4_NStem	NStem_NStem_NStem_NStem	PossConc15_NPrePre4_BPre4_NStem	NStem_NStem_NStem_NStem
lu_mi_culu	CopPre_BPre4_NStem	NStem_NStem_NStem	CopPre_BPre4_NStem	NStem_NStem
le_phila_ko	PossConc5_NStem_RelSuf	Punc_Punc_Punc	PossConc5_NStem_RelSuf	NStem_NStem_NStem
ngako_ke	Adv_Adv	NStem_NStem	Adv_Adv	NStem_NStem
ku_fanel_e	SC15_VRoot_VerbTerm	NStem_NStem_NStem	SC15_VRoot_VerbTerm	Punc_Punc_Punc
li_buk_w_e	SC5_VRoot_PassExt_VerbTerm	NStem_NStem_NStem_NStem	SC5_VRoot_PassExt_VerbTerm	NStem_NStem_NStem_NStem
njalo	Adv	Punc	Adv	Punc
futsi	Conj	NStem	Conj	Punc
ku_coc_is_w_an_e	SC15_VRoot_CausExt_PassExt_RecipExt_VerbTerm	VRoot_VRoot_VRoot_VRoot_VRoot_VRoot	SC15_VRoot_CausExt_PassExt_RecipExt_VerbTerm	VRoot_VRoot_VRoot_VRoot_VRoot_VRoot
nga_lo	AdvPre_PronStem11	Punc_Punc	AdvPre_PronStem11	Punc_Punc
nga_i_si_khatsi	AdvPre_NPrePre7_BPre7_NStem	NStem_NStem_NStem_NStem	AdvPre_NPrePre7_BPre7_NStem	NStem_NStem_NStem_NStem
se_ku_ent_iw_a	PossConc7_OC15_VRoot_PassExt_VerbTerm	VRoot_VRoot_VRoot_VRoot_VRoot	PossConc7_OC15_VRoot_PassExt_VerbTerm	VRoot_VRoot_VRoot_VRoot_VRoot
kwe_m_klamo	PossConc15_NPre3_NStem	NStem_NStem_NStem	PossConc15_NPre3_NStem	NStem_NStem_NStem
we_m_jikeleto	PossConc3_BPre3_NStem	NStem_NStem_NStem	PossConc3_BPre3_NStem	NStem_VRoot_NStem
.	Punc	Punc	Punc	Punc
i_li_thuluzi	NPrePre5_BPre5_NStem	NStem_NStem_NStem	NPrePre5_BPre5_NStem	NStem_NStem_VRoot
le_le_ent_el_w_e	PossConc5_SC5_VRoot_ApplExt_PassExt_VerbTerm	VRoot_VRoot_VRoot_VRoot_VRoot_VRoot	PossConc5_SC5_VRoot_ApplExt_PassExt_VerbTerm	NStem_NStem_NStem_NStem_VRoot
ku_sit_a	BPre15_VRoot_VerbTerm	NStem_NStem_NStem	BPre15_VRoot_VerbTerm	NStem_NStem_NStem
li_cembu	BPre5_NStem	NStem_NStem	BPre5_NStem	NStem_NStem
la_u_mu_klamo	PossConc5_NPrePre3_BPre3_NStem	NStem_NStem_NStem_NStem	PossConc5_NPrePre3_BPre3_NStem	NStem_NStem_NStem_NStem
,	Punc	Punc	Punc	Punc
hhayi	Interjec	NStem	Interjec	NStem_VRoot
ku_phazam_is_a	BPre15_VRoot_CausExt_VerbTerm	NStem_NStem_NStem_NStem	BPre15_VRoot_CausExt_VerbTerm	NStem_NStem_NStem_NStem
noma	Conj	Punc	Conj	Punc
ku_vimb_a	SC15_VRoot_VerbTerm	NStem_NStem_NStem	SC15_VRoot_VerbTerm	NStem_NStem_NStem
na_ku_ba_hluphek_is_a	AdvPre_BPre15_SC2_VRoot_CausExt_VerbTerm	VRoot_VRoot_VRoot_VRoot_VRoot_VRoot	AdvPre_BPre15_SC2_VRoot_CausExt_VerbTerm	VRoot_VRoot_VRoot_VRoot_VRoot_VRoot
,	Punc	Punc	Punc	NStem
a_lu_si_wo	NegPre_OC11_NegPre_PronStem3	NStem_NStem_NStem_NStem	NegPre_OC11_NegPre_PronStem3	NStem_NStem_NStem_NStem
u_m_ncamulajucu	NPrePre3_BPre3_NStem	VRoot_VRoot_VRoot	NPrePre3_BPre3_NStem	VRoot_VRoot_VRoot
ngako_ke	Adv_Adv	Punc_NStem	Adv_Adv	NStem_NStem
ku_fanel_e	SC15_VRoot_VerbTerm	NStem_NStem_NStem	SC15_VRoot_VerbTerm	NStem_NStem_NStem
lu_buyeket_w_e	CopPre_VRoot_PassExt_VerbTerm	NStem_NStem_NStem_NStem	CopPre_VRoot_PassExt_VerbTerm	NStem_VRoot_NStem_NStem
nge_ku_buk_a	AdvPre_OC15_VRoot_VerbTerm	NStem_NStem_NStem_NStem	AdvPre_OC15_VRoot_VerbTerm	NStem_NStem_NStem_NStem
e_ma_ciniso	NPrePre6_BPre6_NStem	NStem_NStem_NStem	NPrePre6_BPre6_NStem	NStem_NStem_NStem
e_ku_sebent_a	LocPre_BPre15_VRoot_VerbTerm	NStem_NStem_NStem_NStem	LocPre_BPre15_VRoot_VerbTerm	NStem_NStem_NStem_NStem
kwe_m_klamo	PossConc15_NPre3_NStem	NStem_NStem_NStem	PossConc15_NPre3_NStem	NStem_NStem_NStem
,	Punc	NStem	Punc	Punc
njengoba	Conj	Punc	Conj	Punc
i_n_chubo	NPrePre9_BPre9_NStem	NStem_NStem_NStem	NPrePre9_BPre9_NStem	NStem_NStem_NStem
ye_buk_a	CopPre_VRoot_VerbTerm	Punc_Punc_Punc	CopPre_VRoot_VerbTerm	NStem_NStem_NStem
na_ku_buyeket_w_a	AdvPre_OC15_VRoot_PassExt_VerbTerm	VRoot_VRoot_VRoot_VRoot_VRoot	AdvPre_OC15_VRoot_PassExt_VerbTerm	VRoot_VRoot_VRoot_VRoot_VRoot
kwe_m_klamo	PossConc15_NPre3_NStem	NStem_NStem_NStem	PossConc15_NPre3_NStem	NStem_NStem_NStem
i_sh_o	SC9_VRoot_VerbTerm	NStem_NStem_NStem	SC9_VRoot_VerbTerm	NStem_NStem_NStem
.	Punc	Punc	Punc	Punc
i_etam_a	SC9_VRoot_VerbTerm	NStem_NStem_NStem	SC9_VRoot_VerbTerm	NStem_NStem_NStem
ku_bandzakanyany_a	BPre15_VRoot_VerbTerm	VRoot_VRoot_VRoot	BPre15_VRoot_VerbTerm	NStem_NStem_NStem
lu_chungechunge	BPre11_NStem	NStem_NStem	BPre11_NStem	NStem_NStem
lwa_e_ma_cembu	PossConc11_NPrePre6_BPre6_NStem	NStem_VRoot_VRoot_VRoot	PossConc11_NPrePre6_BPre6_NStem	VRoot_NStem_VRoot_NStem
a_ta_in_hlalakahle	PossConc6_PossConc10_BPre9_NStem	VRoot_VRoot_VRoot_VRoot	PossConc6_PossConc10_BPre9_NStem	VRoot_VRoot_VRoot_VRoot
la_phawul_iw_e	RelConc6_VRoot_PassExt_VerbTerm	VRoot_VRoot_VRoot_NStem	RelConc6_VRoot_PassExt_VerbTerm	NStem_NStem_VRoot_VRoot
,	Punc	Punc	Punc	Punc
loku_fak_a	RelConc15_VRoot_VerbTerm	NStem_NStem_NStem	RelConc15_VRoot_VerbTerm	NStem_NStem_NStem
e_khatsi	LocPre_Adv	NStem_NStem	LocPre_Adv	NStem_NStem
ba_ntfu	BPre2_NStem	NStem_NStem	BPre2_NStem	NStem_NStem
laba_na_lu_ati	RelConc2_AdvPre_BPre11_NStem	NStem_NStem_NStem_NStem	RelConc2_AdvPre_BPre11_NStem	NStem_NStem_NStem_NStem
mayelana	Adv	Punc	Adv	NStem
na_tin_dzaba	AdvPre_BPre10_NStem	NStem_NStem_NStem	AdvPre_BPre10_NStem	NStem_NStem_NStem
ta_ta_si_mondzawo	PossConc10_PossConc7_BPre7_NStem	NStem_NStem_NStem_NStem	PossConc10_PossConc7_BPre7_NStem	VRoot_VRoot_NStem_VRoot
sa_le_n_dzawo	PossConc7_Dem9_Pos1_BPre9_NStem	VRoot_VRoot_VRoot_VRoot	PossConc7_Dem9_Pos1_BPre9_NStem	NStem_NStem_NStem_NStem
.	Punc	Punc	Punc	Punc
e_ma_lunga	NPrePre6_BPre6_NStem	NStem_NStem_NStem	NPrePre6_BPre6_NStem	NStem_NStem_NStem
a_li_cembu	PossConc6_BPre5_NStem	NStem_NStem_NStem	PossConc6_BPre5_NStem	NStem_NStem_NStem
ku_mel_e	SC15_VRoot_VerbTerm	Punc_NStem_NStem	SC15_VRoot_VerbTerm	NStem_NStem_NStem
a_be	SC1_AuxVStem	Punc_Punc	SC1_AuxVStem	Punc_Punc
se_ka_vot_el_a	ProgPre_ExclNeg_VRoot_ApplExt_VerbTerm	NStem_NStem_NStem_NStem_NStem	ProgPre_ExclNeg_VRoot_ApplExt_VerbTerm	NStem_NStem_NStem_NStem_NStem
i_mi_phumela	NPrePre4_BPre4_NStem	NStem_NStem_NStem	NPrePre4_BPre4_NStem	VRoot_VRoot_VRoot
lemi_tsatfu	AdjPref4_AdjStem	NStem_NStem	AdjPref4_AdjStem	VRoot_NStem
le_langatel_el_w_a_ko	RelConc4_VRoot_ApplExt_PassExt_VerbTerm_RelSuf	VRoot_VRoot_VRoot_VRoot_VRoot_VRoot	RelConc4_VRoot_ApplExt_PassExt_VerbTerm_RelSuf	NStem_NStem_NStem_NStem_NStem_NStem
le_s_e_tulu	RelConc9_PreLoc-s_LocPre_Adv	NStem_NStem_NStem_NStem	RelConc9_PreLoc-s_LocPre_Adv	NStem_NStem_NStem_NStem
.	Punc	Punc	Punc	Punc
lelo	Dem5_Pos2	NStem	Dem5_Pos2	Punc
na_lelo	AdvPre_Dem5_Pos2	NStem_NStem	AdvPre_Dem5_Pos2	NStem_NStem
lunga	NStem	Punc	NStem	Punc
leli_cembu	Dem5_Pos1_NStem	NStem_NStem	Dem5_Pos1_NStem	NStem_NStem
li_na_e_ma_voti	BPre5_AdvPre_NPrePre6_BPre6_NStem	VRoot_VRoot_VRoot_NStem_VRoot	BPre5_AdvPre_NPrePre6_BPre6_NStem	NStem_NStem_NStem_NStem
la_ma_tsatfu	PossConc5_AdjPref6_AdjStem	NStem_NStem_NStem	PossConc5_AdjPref6_AdjStem	NStem_NStem_NStem
kantsi	Conj	Punc	Conj	Punc
li_nga_vot_a	SC5_Pot_Intrans_VerbTerm	NStem_NStem_NStem_NStem	SC5_Pot_Intrans_VerbTerm	NStem_NStem_NStem_NStem
nga_ku_bek_a	AdvPre_OC15_VRoot_VerbTerm	NStem_NStem_NStem_NStem	AdvPre_OC15_VRoot_VerbTerm	NStem_NStem_NStem_NStem
in_dvuku	NPre9_NStem	NStem_NStem	NPre9_NStem	NStem_NStem
e_celeni	LocPre_Adv	NStem_NStem	LocPre_Adv	NStem_NStem
kwa_lowo	PossConc15_Dem3_Pos2	NStem_NStem	PossConc15_Dem3_Pos2	NStem_NStem
na_lowo	AdvPre_Dem3_Pos2	NStem_NStem	AdvPre_Dem3_Pos2	NStem_NStem
mu_phumela	BPre3_NStem	NStem_NStem	BPre3_NStem	NStem_NStem
lo_langatel_el_w_a_ko	RelConc3_VRoot_ApplExt_PassExt_VerbTerm_RelSuf	VRoot_VRoot_VRoot_VRoot_VRoot_VRoot	RelConc3_VRoot_ApplExt_PassExt_VerbTerm_RelSuf	VRoot_VRoot_VRoot_VRoot_VRoot
leli_bon_a	RelConc5_VRoot_VerbTerm	NStem_NStem_NStem	RelConc5_VRoot_VerbTerm	NStem_NStem_NStem
kutsi	Conj	Punc	Conj	Punc
ku_mel_e	SC15_VRoot_VerbTerm	NStem_NStem_NStem	SC15_VRoot_VerbTerm	NStem_NStem_NStem
u_bek_w_e	SC3_VRoot_PassExt_VerbTerm	NStem_NStem_NStem_NStem	SC3_VRoot_PassExt_VerbTerm	NStem_NStem_NStem_NStem
njenga_calangaye	AdvPre_NStem	NStem_NStem	AdvPre_NStem	NStem_NStem
.	Punc	Punc	Punc	Punc
lesi_hluko	RelConc7_NStem	NStem_NStem	RelConc7_NStem	NStem_NStem
si_chaz_a	SC7_VRoot_VerbTerm	NStem_NStem_NStem	SC7_VRoot_VerbTerm	NStem_NStem
ka_banti	AdvPre_NStem	NStem_NStem	AdvPre_NStem	NStem_NStem
futsi	Conj	Punc	Conj	Punc
si_endlal_a	SC7_VRoot_VerbTerm	NStem_NStem_NStem	SC7_VRoot_VerbTerm	NStem_NStem_NStem
leso	Dem7_Pos1	Punc	Dem7_Pos1	Punc
na_leso	AdvPre_Dem7_Pos2	NStem_NStem	AdvPre_Dem7_Pos2	Punc_Punc
si_gaba	BPre7_NStem	Punc_Punc	BPre7_NStem	Punc_Punc
sa_mvila-balave	PossConc7_NStem	VRoot_VRoot	PossConc7_NStem	NStem_NStem_NStem
we_CBP	PossConc1_Abbr	NStem_NStem	PossConc1_Abbr	NStem_NStem
lo_wu_endlal_w_e	RelConc1_OC1_VRoot_PassExt_VerbTerm	VRoot_VRoot_VRoot_VRoot_VRoot	RelConc1_OC1_VRoot_PassExt_VerbTerm	VRoot_VRoot_VRoot_VRoot_VRoot
ku_nkhomba	LocPre_NStem	NStem_NStem	LocPre_NStem	NStem_NStem_NStem
ya_AICDD	PossConc9_Abbr	NStem_NStem	PossConc9_Abbr	NStem_NStem
CBP	Abbr	Punc	Abbr	NStem
.	Punc	Punc	Punc	Punc
lesi_hluko	RelConc7_NStem	NStem_NStem	RelConc7_NStem	NStem_NStem
si_ngenelel_a	SC7_Intrans_VerbTerm	NStem_NStem_NStem	SC7_Intrans_VerbTerm	VRoot_NStem_NStem
ku_leso	LocPre_Dem7_Pos2	NStem_NStem	LocPre_Dem7_Pos2	NStem_NStem
na_leso	AdvPre_Dem7_Pos2	NStem_NStem	AdvPre_Dem7_Pos2	NStem_NStem
si_gaba	BPre7_NStem	Punc_Punc	BPre7_NStem	Punc_Punc
bese	Conj	Punc	Conj	Punc
,	Punc	Punc	Punc	Punc
nge_ku_landzel_a	AdvPre_SC15_VRoot_VerbTerm	NStem_NStem_NStem_NStem	AdvPre_SC15_VRoot_VerbTerm	VRoot_NStem_VRoot_NStem
i_n_khomba	NPrePre9_BPre9_NStem	NStem_NStem_NStem	NPrePre9_BPre9_NStem	NStem_NStem_NStem
ya_AICDD	PossConc9_Abbr	NStem_NStem	PossConc9_Abbr	Punc_Punc
,	Punc	Punc	Punc	Punc
si_phakam_is_a	SC1pp_VRoot_CausExt_VerbTerm	NStem_NStem_NStem_NStem	SC1pp_VRoot_CausExt_VerbTerm	VRoot_NStem_NStem_NStem
kutsi	Conj	Punc	Conj	Punc
ngabe	Conj	NStem	Conj	Punc
leso	Dem7_Pos1	Punc	Dem7_Pos1	Punc
na_leso	AdvPre_Dem7_Pos2	NStem_NStem	AdvPre_Dem7_Pos2	NStem_NStem
si_gaba	BPre7_NStem	Punc_Punc	BPre7_NStem	Punc_Punc
si_nga_phunyelel_is_w_a	SC7_Pot_VRoot_CausExt_PassExt_VerbTerm	NStem_NStem_NStem_NStem_NStem_NStem	SC7_Pot_VRoot_CausExt_PassExt_VerbTerm	NStem_VRoot_VRoot_VRoot_NStem_VRoot
njani	Interrog	NStem	Interrog	NStem
.	Punc	Punc	Punc	Punc
lesi_hluko	RelConc7_NStem	VRoot_NStem	RelConc7_NStem	VRoot_VRoot
si_song_a	SC7_VRoot_VerbTerm	NStem_NStem_NStem	SC7_VRoot_VerbTerm	NStem_NStem
a_ma_phuzu	NPrePre6_BPre6_NStem	NStem_NStem_NStem	NPrePre6_BPre6_NStem	NStem_NStem_NStem
la_s_e_mbili	RelConc6_PreLoc-s_LocPre_NStem	NStem_NStem_NStem_NStem	RelConc6_PreLoc-s_LocPre_NStem	NStem_NStem_NStem_NStem_NStem
.	Punc	Punc	Punc	Punc
ku_endlal_a	BPre15_VRoot_VerbTerm	NStem_NStem_NStem	BPre15_VRoot_VerbTerm	NStem_NStem_NStem
loku_tib_e	RelConc15_VRoot_VerbTerm	NStem_NStem_NStem	RelConc15_VRoot_VerbTerm	NStem_NStem_NStem_NStem
ka_khulu	AdvPre_AdjStem	NStem_NStem	AdvPre_AdjStem	NStem_NStem
ku_cukats_w_e	SC15_VRoot_PassExt_VerbTerm	VRoot_VRoot_VRoot_VRoot	SC15_VRoot_PassExt_VerbTerm	NStem_VRoot_VRoot_VRoot
ku_n_khomba	LocPre_BPre9_NStem	NStem_NStem_NStem	LocPre_BPre9_NStem	NStem_NStem_NStem
ya_AICDD	PossConc9_Abbr	NStem_NStem	PossConc9_Abbr	NStem_NStem
.	Punc	Punc	Punc	Punc
ungabe	Interrog	Punc	Interrog	Punc
ba_si_fazane	PossConc2_BPre7_NStem	NStem_NStem_NStem	PossConc2_BPre7_NStem	NStem_NStem_NStem
ba_hlangany_el_e	SC2_Intrans_ApplExt_VerbTerm	VRoot_VRoot_VRoot_VRoot	SC2_Intrans_ApplExt_VerbTerm	VRoot_VRoot_VRoot_VRoot
njani	Adv	NStem	Adv	NStem
ku_le_mi_sebenti	LocPre_Dem4_Pos1_BPre4_NStem	NStem_NStem_NStem_NStem	LocPre_Dem4_Pos1_BPre4_NStem	NStem_NStem_NStem_NStem
ye_lu_hlelo	PossConc4_NPre11_NStem	NStem_NStem_NStem	PossConc4_NPre11_NStem	NStem_NStem_NStem
(	Punc	Punc	Punc	Punc
le_fak_a	RelConc9_VRoot_VerbTerm	NStem_NStem_NStem	RelConc9_VRoot_VerbTerm	NStem_NStem_NStem
e_khatsi	LocPre_Adv	NStem_NStem	LocPre_Adv	Punc_Punc
tin_hlelo	BPre10_NStem	NStem_NStem	BPre10_NStem	NStem_NStem
ta_ku_cecesh_w_a	PossConc10_BPre15_VRoot_PassExt_VerbTerm	VRoot_VRoot_VRoot_VRoot_VRoot	PossConc10_BPre15_VRoot_PassExt_VerbTerm	VRoot_VRoot_VRoot_VRoot_VRoot
,	Punc	Punc	Punc	Punc
i_mi_hlangano	NPrePre4_BPre4_NStem	NStem_NStem_NStem	NPrePre4_BPre4_NStem	NStem_NStem_NStem
tin_khulumo	BPre10_NStem	NStem_NStem	BPre10_NStem	NStem_NStem
,	Punc	NStem	Punc	Punc
na_mi_hlangano	AdvPre_BPre4_NStem	NStem_NStem_NStem	AdvPre_BPre4_NStem	NStem_NStem_NStem
)	Punc	Punc	Punc	Punc
?	Punc	Punc	Punc	Punc
ba_silisa_ke	PossConc2_NStem_Adv	NStem_NStem_NStem	PossConc2_NStem_Adv	NStem_NStem_NStem_NStem_NStem
?	Punc	Punc	Punc	Punc
ungabe	Interrog	Punc	Interrog	Punc
be_ka_khona	ProgPre_OC15_Adv	NStem_NStem_NStem	ProgPre_OC15_Adv	NStem_NStem_NStem
e_ma_phakelo	NPrePre6_BPre6_NStem	NStem_VRoot_NStem	NPrePre6_BPre6_NStem	NStem_NStem_NStem
a_ti_mali	PossConc6_BPre10_NStem	NStem_NStem_NStem	PossConc6_BPre10_NStem	NStem_NStem_NStem
labe_ka_condz_an_ile	RelConc2_AdvPre_VRoot_RecipExt_Perf	VRoot_VRoot_VRoot_VRoot_VRoot	RelConc2_AdvPre_VRoot_RecipExt_Perf	NStem_NStem_NStem
na_ba_sifazane	AdvPre_PossConc2_NStem	NStem_NStem_VRoot	AdvPre_PossConc2_NStem	VRoot_VRoot_VRoot
?	Punc	Punc	Punc	Punc
ku_khomb_a	BPre15_VRoot_VerbTerm	NStem_NStem_NStem	BPre15_VRoot_VerbTerm	NStem_NStem_NStem
tin_sita	BPre10_NStem	Punc_Punc	BPre10_NStem	Punc_Punc
-	Punc	Punc	Punc	Punc
e_ma_komidi	NPrePre6_BPre6_NStem	NStem_NStem_NStem	NPrePre6_BPre6_NStem	NStem_NStem_NStem
a_li_wadi	PossConc6_BPre5_NStem	NStem_NStem_NStem	PossConc6_BPre5_NStem	NStem_NStem_NStem
a_s_e_n_dzawo_ini	RelConc6_PreLoc-s_LocPre_NPre9_NStem_LocSuf	VRoot_VRoot_VRoot_VRoot_VRoot_VRoot	RelConc6_PreLoc-s_LocPre_NPre9_NStem_LocSuf	NStem_NStem_NStem_NStem_NStem_NStem
le_ka_hle	RelConc9_AdvPre_AdjStem	NStem_NStem_NStem	RelConc9_AdvPre_AdjStem	NStem_NStem_NStem
ya_ku_at_i	PossConc9_OC15_VRoot_VerbTerm	NStem_NStem_NStem_NStem	PossConc9_OC15_VRoot_VerbTerm	NStem_NStem_NStem_NStem
tin_sita	BPre10_NStem	Punc_Punc	BPre10_NStem	Punc_Punc
leti_khona	RelConc10_Adv	Punc_Punc	RelConc10_Adv	NStem_NStem
e_u_mu_mango_ini	LocPre_NPrePre3_BPre3_NStem_LocSuf	VRoot_NStem_VRoot_NStem_VRoot	LocPre_NPrePre3_BPre3_NStem_LocSuf	VRoot_VRoot_VRoot_VRoot_VRoot
kanye	Conj	Punc	Conj	Punc
na_loku_shod_a_ko	AdvPre_RelConc15_VRoot_VerbTerm_RelSuf	VRoot_VRoot_VRoot_VRoot_VRoot	AdvPre_RelConc15_VRoot_VerbTerm_RelSuf	VRoot_VRoot_VRoot_VRoot_VRoot
,	Punc	Punc	Punc	Punc
ne_kutsi	AdvPre_Conj	NStem_NStem	AdvPre_Conj	NStem_NStem
u_m_khandlu	NPrePre3_BPre3_NStem	NStem_NStem_NStem	NPrePre3_BPre3_NStem	NStem_NStem_NStem
u_nga_ti_sebent_is_a	SC3_Pot_OC10_VRoot_CausExt_VerbTerm	VRoot_VRoot_VRoot_VRoot_VRoot_VRoot	SC3_Pot_OC10_VRoot_CausExt_VerbTerm	VRoot_VRoot_VRoot_VRoot_VRoot_VRoot
njani	Adv	Punc	Adv	NStem
leti_n_sita	RelConc10_BPre9_NStem	NStem_NStem_NStem	RelConc10_BPre9_NStem	NStem_NStem_NStem
.	Punc	Punc	Punc	Punc
leti_n_sita	RelConc10_BPre9_NStem	NStem_NStem_NStem	RelConc10_BPre9_NStem	NStem_NStem_NStem
ti_nga_sebent_a	SC10_Pot_VRoot_VerbTerm	NStem_NStem_NStem_NStem	SC10_Pot_VRoot_VerbTerm	Punc_Punc_Punc_Punc
uma	Conj	Punc	Conj	Punc
masipala	NStem	NStem	NStem	NStem
a_ncum_a	SC6_VRoot_VerbTerm	NStem_NStem_NStem	SC6_VRoot_VerbTerm	NStem_NStem_NStem
kwe_tful_a	BPre15_VRoot_VerbTerm	NStem_NStem_NStem	BPre15_VRoot_VerbTerm	NStem_NStem_NStem
tin_sita	BPre10_NStem	Punc_Punc	BPre10_NStem	Punc_Punc
nga_mu_lingani	AdvPre_BPre1_NStem	NStem_NStem_NStem	AdvPre_BPre1_NStem	NStem_NStem_NStem
wa_tin_sita	PossConc1_NPre10_NStem	NStem_NStem_NStem	PossConc1_NPre10_NStem	NStem_NStem_NStem
ta_masipala	PossConc10_NStem	NStem_NStem	PossConc10_NStem	NStem_NStem
.	Punc	Punc	Punc	Punc
e_ma_komidi	NPrePre6_BPre6_NStem	NStem_NStem_NStem	NPrePre6_BPre6_NStem	NStem_NStem_NStem
a_li_wadi	PossConc6_BPre5_NStem	NStem_NStem_NStem	PossConc6_BPre5_NStem	NStem_NStem_NStem
a_nga_sit_a	SC6_Pot_VRoot_VerbTerm	NStem_NStem_NStem_NStem	SC6_Pot_VRoot_VerbTerm	NStem_NStem_NStem_NStem
e_ku_khomba_ini	LocPre_OC15_NStem_LocSuf	NStem_NStem_NStem_NStem	LocPre_OC15_NStem_LocSuf	VRoot_VRoot_VRoot_VRoot_VRoot
u_mu_etfuli	NPrePre1_BPre1_NStem	NStem_NStem_NStem	NPrePre1_BPre1_NStem	NStem_VRoot_NStem
tin_sita	BPre10_NStem	Punc_Punc	BPre10_NStem	NStem_NStem
lo_fan_el_e	RelConc1_VRoot_ApplExt_VerbTerm	NStem_NStem_NStem_NStem	RelConc1_VRoot_ApplExt_VerbTerm	NStem_NStem_NStem_NStem
lo_nga_hlangabet_a	RelConc1_Pot_VRoot_VerbTerm	NStem_NStem_NStem_NStem	RelConc1_Pot_VRoot_VerbTerm	NStem_VRoot_VRoot_NStem
i_mi_gomo	NPrePre4_BPre4_NStem	NStem_NStem_NStem	NPrePre4_BPre4_NStem	NStem_NStem_NStem
ye_kwe_tful_a	PossConc9_BPre15_VRoot_VerbTerm	NStem_NStem_NStem_NStem	PossConc9_BPre15_VRoot_VerbTerm	VRoot_VRoot_VRoot_VRoot
ya_masipala	PossConc4_NStem	NStem_NStem	PossConc4_NStem	NStem_NStem
nga_i_n_tsengo	AdvPre_NPrePre9_BPre9_NStem	VRoot_VRoot_VRoot_VRoot	AdvPre_NPrePre9_BPre9_NStem	NStem_NStem_NStem_VRoot
le_khon_akal_a_ko	RelConc9_VRoot_NeutExt_VerbTerm_RelSuf	VRoot_VRoot_VRoot_VRoot_VRoot	RelConc9_VRoot_NeutExt_VerbTerm_RelSuf	VRoot_VRoot_VRoot_VRoot
na_nge_in_dlela	AdvPre_Pres_NPre9_NStem	NStem_NStem_NStem_NStem	AdvPre_Pres_NPre9_NStem	NStem_NStem_NStem_NStem
ya_ku_cash_a	PossConc9_OC15_VRoot_VerbTerm	NStem_NStem_NStem_NStem	PossConc9_OC15_VRoot_VerbTerm	NStem_NStem_NStem_NStem
le_khutsat_a_ko	RelConc9_VRoot_VerbTerm_RelSuf	NStem_NStem_VRoot_NStem	RelConc9_VRoot_VerbTerm_RelSuf	VRoot_NStem_NStem_NStem
.	Punc	Punc	Punc	Punc
ku_shintj_w_e	SC15_VRoot_PassExt_VerbTerm	NStem_VRoot_VRoot_VRoot	SC15_VRoot_PassExt_VerbTerm	VRoot_VRoot_VRoot_VRoot
lobu_bu_dlelwane	Dem14_Pos1_NPre14_NStem	VRoot_VRoot_VRoot	Dem14_Pos1_NPre14_NStem	NStem_NStem
ba_ku_nga_lingan_i	PossConc14_BPre14_NegPre_VRoot_VerbTerm	VRoot_VRoot_VRoot_VRoot_VRoot	PossConc14_BPre14_NegPre_VRoot_VerbTerm	NStem_NStem_NStem_NStem_NStem
kwa_bo_make	PossConc15_BPre2a_NStem	NStem_NStem_NStem	PossConc15_BPre2a_NStem	NStem_NStem_NStem
na_bo_babe	AdvPre_BPre2a_NStem	NStem_NStem_NStem	AdvPre_BPre2a_NStem	NStem_NStem_NStem
.	Punc	NStem	Punc	Punc
ba_si_fazane	PossConc2_BPre7_NStem	NStem_NStem_NStem	PossConc2_BPre7_NStem	NStem_NStem_NStem
aba_ti_tfol_e	RelConc2_ReflPre_VRoot_VerbTerm	NStem_NStem_NStem_NStem	RelConc2_ReflPre_VRoot_VerbTerm	VRoot_NStem_VRoot_VRoot_VRoot
tin_tfo	NPre10_NStem	NStem_NStem	NPre10_NStem	NStem_NStem
leti_ta_ba_nik_e	RelConc10_Fut_OC2_VRoot_VerbTerm	NStem_NStem_NStem_NStem_NStem	RelConc10_Fut_OC2_VRoot_VerbTerm	NStem_NStem_NStem_NStem_NStem
e_ma_ndla	NPrePre6_BPre6_NStem	NStem_NStem_NStem	NPrePre6_BPre6_NStem	NStem_NStem_NStem
a_ku_ent_a	PossConc6_BPre15_VRoot_VerbTerm	NStem_NStem_NStem_NStem	PossConc6_BPre15_VRoot_VerbTerm	NStem_VRoot_VRoot_VRoot
tin_tfo_njenga_ku_cecesh_w_a	NPre10_NStem_AdvPre_BPre15_VRoot_PassExt_VerbTerm	VRoot_VRoot_VRoot_VRoot_VRoot_VRoot_VRoot	NPre10_NStem_AdvPre_BPre15_VRoot_PassExt_VerbTerm	VRoot_VRoot_VRoot_VRoot
,	Punc	NStem	Punc	NStem
ku_bolek_w_a	BPre15_VRoot_PassExt_VerbTerm	NStem_NStem_NStem_NStem	BPre15_VRoot_PassExt_VerbTerm	NStem_NStem_NStem_NStem
ti_mali	BPre10_NStem	Punc_Punc	BPre10_NStem	NStem_Punc
,	Punc	Punc	Punc	Punc
ku_sayin_el_a	BPre15_VRoot_ApplExt_VerbTerm	NStem_NStem_NStem_NStem	BPre15_VRoot_ApplExt_VerbTerm	NStem_NStem_NStem
tin_dlu	BPre10_NStem	NStem_NStem	BPre10_NStem	NStem_NStem
laba_ti_cash_ile	RelConc2_OC10_VRoot_Perf	NStem_NStem_NStem_NStem	RelConc2_OC10_VRoot_Perf	NStem_NStem_NStem_NStem
,	Punc	Punc	Punc	Punc
kanye	Conj	Punc	Conj	Punc
na_ku_m_elel_w_a	AdvPre_BPre15_VRoot_IntensExt_PassExt_VerbTerm	VRoot_VRoot_VRoot_VRoot_VRoot_VRoot	AdvPre_BPre15_VRoot_IntensExt_PassExt_VerbTerm	VRoot_VRoot_NStem_VRoot_VRoot
e_ti_akhiwo_ini	LocPre_BPre8_NStem_LocSuf	VRoot_VRoot_VRoot_VRoot	LocPre_BPre8_NStem_LocSuf	VRoot_VRoot_VRoot_NStem
ta_ku_bus_a	PossConc8_BPre15_VRoot_VerbTerm	NStem_NStem_NStem_NStem	PossConc8_BPre15_VRoot_VerbTerm	NStem_NStem_NStem_NStem
li_ve	BPre5_NStem	Punc_Punc	BPre5_NStem	Punc_Punc
.	Punc	Punc	Punc	Punc
tin_sayeya	BPre10_NStem	NStem_NStem	BPre10_NStem	NStem_NStem
leti_nengi	AdjPref10_AdjStem	NStem_NStem	AdjPref10_AdjStem	NStem_NStem
te_ningizimu	PossConc8_NStem	NStem_NStem	PossConc8_NStem	VRoot_VRoot_VRoot_VRoot
Afrika	ProperName	Punc	ProperName	Punc
ti_nga_lungis_w_a	BPre10_Pot_VRoot_PassExt_VerbTerm	NStem_VRoot_NStem_NStem_VRoot	BPre10_Pot_VRoot_PassExt_VerbTerm	VRoot_VRoot_VRoot_VRoot_VRoot
ku_phela	LocPre_Adv	NStem_NStem	LocPre_Adv	NStem_NStem
nga_ku_sebent_a	AdvPre_OC15_VRoot_VerbTerm	VRoot_NStem_NStem_NStem	AdvPre_OC15_VRoot_VerbTerm	NStem_NStem_NStem_NStem
nge_ku_bamb_is_an_a	AdvPre_SC15_VRoot_CausExt_RecipExt_VerbTerm	VRoot_VRoot_VRoot_VRoot_VRoot_VRoot	AdvPre_SC15_VRoot_CausExt_RecipExt_VerbTerm	VRoot_VRoot_VRoot_VRoot_VRoot_VRoot
ku_lesi_godzi	LocPre_Dem7_Pos1_NStem	NStem_NStem_NStem	LocPre_Dem7_Pos1_NStem	NStem_NStem_NStem
.	Punc	NStem	Punc	Adv
na_nobe	AdvPre_Conj	NStem_NStem	AdvPre_Conj	NStem_NStem
nje	Adv	Punc	Adv	Punc
i_Ningizimu	BPre5_ProperName	NStem_NStem	BPre5_ProperName	NStem_NStem
Afrika	ProperName	Punc	ProperName	Punc
i_li_ve	NPrePre5_BPre5_NStem	NStem_NStem_NStem	NPrePre5_BPre5_NStem	NStem_NStem_NStem
leli_ngena_manti	RelConc5_NegPre_NStem	VRoot_VRoot_VRoot	RelConc5_NegPre_NStem	NStem_VRoot_NStem_NStem
la_nel_e	RelConc2_VRoot_VerbTerm	Punc_Punc_Punc	RelConc2_VRoot_VerbTerm	NStem_NStem_NStem
,	Punc	Punc	Punc	Punc
e_ma_ve	LocPre_BPre6_NStem	Punc_Punc_Punc	LocPre_BPre6_NStem	NStem_NStem_NStem
lama_nyenti	AdjPref6_AdjStem	NStem_NStem	AdjPref6_AdjStem	NStem_NStem
labo_makhelwane	Dem2_Pos2_NStem	NStem_NStem	Dem2_Pos2_NStem	NStem_NStem
a_nemanti	RelConc6_NStem	NStem_NStem	RelConc6_NStem	VRoot_VRoot_NStem_NStem_VRoot
lama_nyenti	AdjPref6_AdjStem	NStem_NStem	AdjPref6_AdjStem	NStem_NStem
.	Punc	Punc	Punc	Punc
kuna_lemi_nye	AdvPre_AdjPref4_EnumStem	NStem_NStem_NStem	AdvPre_AdjPref4_EnumStem	NStem_NStem_NStem_NStem
i_mi_khakha	NPrePre4_BPre4_NStem	NStem_NStem_NStem	NPrePre4_BPre4_NStem	NStem_NStem_NStem
lapho	Conj	Punc	Conj	Punc
tin_zuzo	BPre10_NStem	NStem_NStem	BPre10_NStem	NStem_NStem
ta_ku_elekan_a	PossConc8_BPre15_Intrans_VerbTerm	NStem_NStem_NStem_NStem	PossConc8_BPre15_Intrans_VerbTerm	VRoot_VRoot_VRoot_VRoot_VRoot
ku_velonkhe	LocPre_NStem	NStem_NStem	LocPre_NStem	NStem_NStem
i_niket_a	SC9_VRoot_VerbTerm	NStem_NStem_NStem	SC9_VRoot_VerbTerm	NStem_NStem_NStem
khona	Conj	Punc	Conj	Punc
e_ma_tfuba	NPrePre6_BPre6_NStem	NStem_NStem_NStem	NPrePre6_BPre6_NStem	NStem_NStem_NStem
e_ku_zuz_a	LocPre_BPre15_VRoot_VerbTerm	NStem_NStem_NStem_NStem	LocPre_BPre15_VRoot_VerbTerm	NStem_NStem_NStem_NStem
kwa_bo	PossConc15_PronStem2	Punc_Punc	PossConc15_PronStem2	Punc_Punc
bo_nkhe	QuantConc2_QuantStem	NStem_NStem	QuantConc2_QuantStem	NStem_NStem
laba_bamb_is_an_ile	RelConc2_VRoot_CausExt_RecipExt_Perf	VRoot_VRoot_VRoot_VRoot_VRoot	RelConc2_VRoot_CausExt_RecipExt_Perf	VRoot_VRoot_VRoot_NStem_NStem
.	Punc	Punc	Punc	Punc
ku_ent_a	BPre15_VRoot_VerbTerm	NStem_NStem_NStem	BPre15_VRoot_VerbTerm	NStem_NStem_NStem
si_bonelo	BPre7_NStem	NStem_NStem	BPre7_NStem	NStem_NStem
,	Punc	Punc	Punc	Punc
i_Ningizimu	BPre9_ProperName	NStem_NStem	BPre9_ProperName	NStem_NStem
Afrika	ProperName	Punc	ProperName	Punc
ku_mel_e	SC15_VRoot_VerbTerm	NStem_NStem_NStem	SC15_VRoot_VerbTerm	NStem_NStem_NStem
i_tjal_e	NPrePre4_VRoot_VerbTerm	NStem_NStem_NStem	NPrePre4_VRoot_VerbTerm	NStem_NStem_NStem
i_mali	NPre9_NStem	Punc_Punc	NPre9_NStem	Punc_Punc
i_phindze	BPre9_NStem	NStem_NStem	BPre9_NStem	NStem_NStem
ye_tam_e	PossConc9_Intrans_VerbTerm	NStem_Punc_NStem	PossConc9_Intrans_VerbTerm	NStem_NStem_NStem
ku_sebent_is_a	BPre15_VRoot_CausExt_VerbTerm	VRoot_VRoot_NStem_VRoot	BPre15_VRoot_CausExt_VerbTerm	NStem_NStem_NStem_NStem
e_ma_tfuba	NPrePre6_BPre6_NStem	NStem_NStem_NStem	NPrePre6_BPre6_NStem	NStem_NStem_NStem
la_banti	PossConc5_NStem	NStem_NStem	PossConc5_NStem	NStem_NStem
e_ma_ndla	NPrePre6_BPre6_NStem	NStem_NStem_NStem	NPrePre6_BPre6_NStem	NStem_NStem_NStem
la_sebent_is_a	RelConc6_VRoot_CausExt_VerbTerm	NStem_NStem_NStem_NStem	RelConc6_VRoot_CausExt_VerbTerm	NStem_NStem_NStem_NStem
i_khabhoni	NPrePre4_NStem	Punc_Punc	NPrePre4_NStem	NStem_NStem
le_ncane	AdjPref9_AdjStem	NStem_NStem	AdjPref9_AdjStem	NStem_NStem
le_vel_a	RelConc9_VRoot_VerbTerm	NStem_NStem_NStem	RelConc9_VRoot_VerbTerm	NStem_NStem_Punc
ku_gezi	LocPre_NStem	NStem_NStem	LocPre_NStem	Punc_Punc
lo_phehl_w_e	RelConc3_VRoot_PassExt_VerbTerm	VRoot_VRoot_VRoot_VRoot	RelConc3_VRoot_PassExt_VerbTerm	VRoot_VRoot_VRoot_VRoot
nge_manti	AdvPre_NStem	NStem_NStem	AdvPre_NStem	NStem_NStem_NStem_NStem
kanye	Adv	Punc	Adv	Punc
na_lemi_nye	AdvPre_AdjPref4_AdjStem	NStem_NStem_NStem	AdvPre_AdjPref4_AdjStem	NStem_NStem_NStem
i_mi_tfombo	NPrePre4_BPre4_NStem	NStem_NStem_NStem	NPrePre4_BPre4_NStem	NStem_NStem_NStem
ya_e_ma_ndla	PossConc4_NPrePre6_BPre6_NStem	NStem_NStem_NStem_NStem	PossConc4_NPrePre6_BPre6_NStem	NStem_NStem_NStem_NStem
le_khona	RelConc4_Adv	NStem_NStem	RelConc4_Adv	NStem_NStem
e_Afrika	LocPre_ProperName	Punc_Punc	LocPre_ProperName	Punc_Punc
le_s_e_ningizimu	PossConc5_PreLoc-s_LocPre_NStem	NStem_NStem_NStem_NStem	PossConc5_PreLoc-s_LocPre_NStem	VRoot_VRoot_VRoot_VRoot
.	Punc	Punc	Punc	Punc
i_nombolo	NPre9_NStem	NStem_NStem	NPre9_NStem	NStem_NStem
ye_imi_sebenti	PossConc3_NPre4_NStem	NStem_NStem_NStem	PossConc3_NPre4_NStem	NStem_NStem_NStem_NStem
le_sungul_w_e	RelConc9_VRoot_PassExt_VerbTerm	VRoot_VRoot_VRoot_VRoot	RelConc9_VRoot_PassExt_VerbTerm	NStem_NStem_NStem_NStem
yi_i_mi_tamo	CopPre_NPrePre4_BPre4_NStem	NStem_NStem_NStem_NStem	CopPre_NPrePre4_BPre4_NStem	NStem_NStem_NStem
ye_i_n_tfutfuko	PossConc4_NPrePre9_BPre9_NStem	VRoot_VRoot_VRoot_VRoot	PossConc4_NPrePre9_BPre9_NStem	VRoot_VRoot_VRoot_VRoot
ye_um_nontfo	PossConc3_NPre3_NStem	VRoot_VRoot_VRoot	PossConc3_NPre3_NStem	NStem_NStem_NStem_NStem
we_in_dzawo	PossConc9_NPre9_NStem	NStem_NStem_NStem	PossConc9_NPre9_NStem	NStem_NStem_NStem
ya_masipala	PossConc9_NStem	Punc_Punc	PossConc9_NStem	NStem_NStem
,	Punc	Punc	Punc	Punc
loku_fak_a	RelConc15_VRoot_VerbTerm	NStem_NStem_NStem	RelConc15_VRoot_VerbTerm	NStem_NStem_NStem
i_mi_klamo_si_calo	NPrePre4_BPre4_NStem_NPre7_NStem	VRoot_VRoot_VRoot_VRoot_VRoot	NPrePre4_BPre4_NStem_NPre7_NStem	VRoot_VRoot_VRoot_VRoot_VRoot
.	Punc	Punc	Punc	Punc
ku_sit_a	BPre15_VRoot_VerbTerm	NStem_NStem_NStem	BPre15_VRoot_VerbTerm	NStem_NStem_NStem
ne_ku_cinisek_is_a	AdvPre_BPre15_VRoot_CausExt_VerbTerm	VRoot_NStem_VRoot_VRoot_VRoot	AdvPre_BPre15_VRoot_CausExt_VerbTerm	VRoot_VRoot_VRoot_VRoot_VRoot
ku_hlanganyel_a	OC15_VRoot_VerbTerm	Punc_NStem_NStem	OC15_VRoot_VerbTerm	VRoot_VRoot_VRoot
kwe_si_ve	PossConc15_BPre7_NStem	NStem_NStem_NStem	PossConc15_BPre7_NStem	NStem_NStem_NStem
ku_ent_iw_a	BPre15_VRoot_PassExt_VerbTerm	NStem_NStem_NStem_VRoot	BPre15_VRoot_PassExt_VerbTerm	VRoot_VRoot_VRoot_VRoot
nga_leyo	AdvPre_Dem9_Pos2	NStem_NStem	AdvPre_Dem9_Pos2	NStem_NStem
n_dlela	BPre9_NStem	NStem_NStem	BPre9_NStem	NStem_NStem_NStem
le_i_mi_swe	PossConc5_NPrePre4_BPre4_NStem	NStem_NStem_NStem_NStem	PossConc5_NPrePre4_BPre4_NStem	NStem_NStem_NStem_NStem
ngu_u_mu_tsetfo	CopPre_NPrePre3_BPre3_NStem	VRoot_NStem_NStem_VRoot	CopPre_NPrePre3_BPre3_NStem	NStem_NStem_NStem_NStem
lo_condz_en_e	RelConc3_VRoot_ApplExt_VerbTerm	NStem_NStem_NStem_NStem	RelConc3_VRoot_ApplExt_VerbTerm	VRoot_NStem_VRoot_VRoot
nako	Dem15_Pos2	Punc	Dem15_Pos2	Punc
ku_ta_wa_nik_a	SC15_Fut_OC3_VRoot_VerbTerm	NStem_NStem_NStem_VRoot_NStem	SC15_Fut_OC3_VRoot_VerbTerm	VRoot_VRoot_VRoot_NStem
e_ma_komidi	NPrePre6_BPre6_NStem	NStem_NStem_NStem	NPrePre6_BPre6_NStem	NStem_NStem_NStem
e_ma_wadi	NPrePre6_BPre6_NStem	NStem_NStem_NStem	NPrePre6_BPre6_NStem	NStem_NStem_NStem
i_n_sayeya	NPrePre9_BPre9_NStem	NStem_NStem_NStem	NPrePre9_BPre9_NStem	NStem_NStem_NStem
ye_ikulawulwa	PossConc9_NStem	NStem_NStem	PossConc9_NStem	NStem_NStem_NStem_NStem_NStem
kwa_e_ma_cembu	PossConc15_NPrePre6_BPre6_NStem	NStem_NStem_NStem_NStem	PossConc15_NPrePre6_BPre6_NStem	NStem_NStem_NStem_NStem
la_hluk_an_ile	RelConc6_VRoot_RecipExt_Perf	NStem_NStem_NStem_NStem	RelConc6_VRoot_RecipExt_Perf	VRoot_NStem_NStem_NStem
ne_tin_jongo	AdvPre_NPre10_NStem	NStem_NStem_NStem	AdvPre_NPre10_NStem	NStem_NStem_NStem
leti_s_e_ma_wadi_ni	RelConc8_PreLoc-s_LocPre_BPre6_NStem_RelSuf	VRoot_VRoot_VRoot_VRoot_VRoot_VRoot	RelConc8_PreLoc-s_LocPre_BPre6_NStem_RelSuf	VRoot_VRoot_VRoot_VRoot_VRoot_VRoot
a_wo	PossConc6_PronStem6	Punc_Punc	PossConc6_PronStem6	Punc_Punc
.	Punc	Punc	Punc	Punc
e_ma_lunga	NPrePre6_BPre6_NStem	NStem_NStem_NStem	NPrePre6_BPre6_NStem	NStem_NStem_NStem
e_ma_komidi	NPrePre6_BPre6_NStem	NStem_NStem_NStem	NPrePre6_BPre6_NStem	NStem_NStem_NStem
e_ma_wadi	NPrePre6_BPre6_NStem	NStem_NStem_NStem	NPrePre6_BPre6_NStem	NStem_NStem_NStem
a_dzing_a	SC6_VRoot_VerbTerm	NStem_NStem_NStem	SC6_VRoot_VerbTerm	NStem_NStem_NStem
ku_chaphel_a	BPre15_VRoot_VerbTerm	NStem_NStem_NStem	BPre15_VRoot_VerbTerm	VRoot_NStem_VRoot_VRoot
kwa_ehlukahluk_an_a	PossConc15_Intrans_VerbExt_VerbTerm	NStem_NStem_NStem_NStem	PossConc15_Intrans_VerbExt_VerbTerm	NStem_NStem_NStem_NStem
kwe_m_mango	PossConc15_BPre3_NStem	NStem_NStem_NStem	PossConc15_BPre3_NStem	NStem_NStem_NStem
ya_wo	PossConc9_PronStem3	Punc_Punc	PossConc9_PronStem3	Punc_Punc
a_phindz_e	SC6_VRoot_VerbTerm	NStem_NStem_NStem	SC6_VRoot_VerbTerm	NStem_NStem_NStem
a_khe	PossConc6_PronStem1	Punc_Punc	PossConc6_PronStem1	Punc_Punc
tin_dlela	BPre10_NStem	NStem_Punc	BPre10_NStem	NStem_NStem
ta_uku_sebent_a	PossConc8_OC15_VRoot_VerbTerm	NStem_NStem_NStem_NStem	PossConc8_OC15_VRoot_VerbTerm	NStem_NStem_NStem_NStem
leti_cabang_isis_ek_ile	RelConc10_VRoot_IntensExt_NeutExt_Perf	VRoot_VRoot_VRoot_VRoot_VRoot	RelConc10_VRoot_IntensExt_NeutExt_Perf	VRoot_VRoot_VRoot_VRoot_VRoot
leti_yi_m_phumelelo	RelConc10_CopPre_BPre3_NStem	VRoot_VRoot_VRoot_VRoot	RelConc10_CopPre_BPre3_NStem	VRoot_VRoot_VRoot_VRoot
kute	Conj	Punc	Conj	Punc
a_cin_is_ek_is_e	SC1_VRoot_CausExt_NeutExt_CausExt_VerbTerm	VRoot_VRoot_VRoot_VRoot_VRoot_NStem	SC1_VRoot_CausExt_NeutExt_CausExt_VerbTerm	NStem_NStem_NStem_NStem
kutsi	Conj	Punc	Conj	Punc
o_nkhe	QuantConc6_QuantStem	NStem_NStem	QuantConc6_QuantStem	NStem_NStem
e_ma_lunga	NPrePre6_BPre6_NStem	NStem_NStem_NStem	NPrePre6_BPre6_NStem	Punc_Punc_Punc
e_ma_wadi	NPrePre6_BPre6_NStem	NStem_NStem_NStem	NPrePre6_BPre6_NStem	NStem_NStem_NStem
a_wo	PossConc6_PronStem6	Punc_Punc	PossConc6_PronStem6	Punc_Punc
a_fak_iw_e	SC6_VRoot_PassExt_VerbTerm	NStem_NStem_NStem_VRoot	SC6_VRoot_PassExt_VerbTerm	VRoot_VRoot_VRoot_VRoot
.	Punc	Punc	Punc	Punc
ku_hlangan_is_a	BPre15_VRoot_CausExt_VerbTerm	NStem_VRoot_VRoot_NStem	BPre15_VRoot_CausExt_VerbTerm	NStem_NStem_NStem_NStem
u_mu_mango	NPrePre3_BPre3_NStem	NStem_NStem_NStem	NPrePre3_BPre3_NStem	NStem_NStem_NStem
kutsi	Conj	Punc	Conj	Punc
wu_esekel_e	SC3_VRoot_VerbTerm	NStem_NStem_NStem	SC3_VRoot_VerbTerm	NStem_NStem_NStem
lolu_hlelo	RelConc11_NStem	NStem_NStem	RelConc11_NStem	VRoot_VRoot
,	Punc	Punc	Punc	Punc
kanye	Conj	Punc	Conj	Punc
ne_ku_hlol_a	AdvPre_SC15_VRoot_VerbTerm	NStem_NStem_NStem_NStem	AdvPre_SC15_VRoot_VerbTerm	NStem_NStem_NStem_NStem
ku_minyan_a	BPre15_VRoot_VerbTerm	NStem_NStem_NStem	BPre15_VRoot_VerbTerm	NStem_NStem_NStem
kwa_ta_in_hlalo	PossConc15_PossConc10_BPre9_NStem	NStem_NStem_NStem_NStem	PossConc15_PossConc10_BPre9_NStem	NStem_VRoot_VRoot_VRoot
kute	Conj	Punc	Conj	Punc
ku_nciph_is_w_e	SC15_VRoot_CausExt_PassExt_VerbTerm	VRoot_NStem_VRoot_NStem_VRoot	SC15_VRoot_CausExt_PassExt_VerbTerm	VRoot_VRoot_VRoot_VRoot_VRoot
bu_phuya	BPre14_NStem	NStem_NStem	BPre14_NStem	NStem_NStem
na_ku_nga_lingan_i	AdvPre_OC15_NegPre_VRoot_VerbTerm	NStem_NStem_NStem_VRoot_NStem	AdvPre_OC15_NegPre_VRoot_VerbTerm	VRoot_VRoot_NStem_VRoot_VRoot
ngekutsi	Conj	Punc	Conj	Punc_Punc
ku_tjal_w_a	SC15_VRoot_PassExt_VerbTerm	NStem_NStem_NStem_NStem	SC15_VRoot_PassExt_VerbTerm	NStem_NStem_NStem_NStem
ti_mali	BPre10_NStem	Punc_Punc	BPre10_NStem	Punc_Punc
ku_akh_iw_e	SC15_VRoot_PassExt_VerbTerm	VRoot_VRoot_VRoot_VRoot	SC15_VRoot_PassExt_VerbTerm	VRoot_VRoot_VRoot_VRoot
na_ma_tfuba	AdvPre_BPre6_NStem	NStem_NStem_NStem	AdvPre_BPre6_NStem	NStem_NStem_NStem
a_i_mi_sebenti	PossConc6_NPrePre4_BPre4_NStem	NStem_NStem_NStem_NStem	PossConc6_NPrePre4_BPre4_NStem	NStem_NStem_NStem_NStem
.	Punc	NStem	Punc	NStem
i_mi_hlangano	NPrePre4_BPre4_NStem	NStem_NStem_NStem	NPrePre4_BPre4_NStem	NStem_NStem_NStem
ya_u_mu_mango	PossConc9_NPrePre3_BPre3_NStem	VRoot_VRoot_VRoot_VRoot	PossConc9_NPrePre3_BPre3_NStem	NStem_NStem_VRoot_VRoot
i_ya_bamb_w_a	SC4_Pres_VRoot_PassExt_VerbTerm	NStem_NStem_NStem_VRoot_VRoot	SC4_Pres_VRoot_PassExt_VerbTerm	VRoot_VRoot_VRoot_VRoot_VRoot
emva	Adv	Punc	Adv	Punc
kwa_yo	PossConc15_PronStem4	Punc_Punc	PossConc15_PronStem4	Punc_Punc
yo_nkhe	QuantConc4_QuantStem	NStem_NStem	QuantConc4_QuantStem	NStem_NStem
i_mi_hlangano	NPrePre4_BPre4_NStem	Punc_Punc_Punc	NPrePre4_BPre4_NStem	Punc_NStem_Punc
ya_mu_khandlu	PossConc4_BPre3_NStem	NStem_NStem_NStem	PossConc4_BPre3_NStem	NStem_NStem_NStem
ku_at_is_a	BPre15_VRoot_CausExt_VerbTerm	NStem_NStem_NStem_NStem	BPre15_VRoot_CausExt_VerbTerm	NStem_NStem_NStem_NStem
u_mu_mango	NPrePre3_BPre3_NStem	NStem_NStem_NStem	NPrePre3_BPre3_NStem	NStem_NStem_NStem
.	Punc	Punc	Punc	Punc
ku_buyeket_w_a	BPre15_VRoot_PassExt_VerbTerm	NStem_NStem_NStem_VRoot	BPre15_VRoot_PassExt_VerbTerm	NStem_NStem_NStem_NStem
kwa_li_zinga	PossConc15_BPre5_NStem	NStem_NStem_NStem	PossConc15_BPre5_NStem	NStem_NStem_NStem
la_ku_sebent_a	PossConc5_OC15_VRoot_VerbTerm	VRoot_NStem_VRoot_VRoot	PossConc5_OC15_VRoot_VerbTerm	NStem_NStem_NStem
nga_m_nyaka	AdvPre_BPre3_NStem	NStem_NStem_NStem	AdvPre_BPre3_NStem	NStem_NStem_NStem
-	Punc	Punc	Punc	Punc
li_bandla	BPre5_NStem	NStem_NStem	BPre5_NStem	NStem_NStem
la_e_ma_khansela	PossConc5_NPrePre6_BPre6_NStem	NStem_NStem_NStem_NStem	PossConc5_NPrePre6_BPre6_NStem	NStem_NStem_NStem
ku_fanel_e	SC15_VRoot_VerbTerm	NStem_NStem_NStem	SC15_VRoot_VerbTerm	NStem_NStem_NStem
le_tful_e	SC5_VRoot_VerbTerm	NStem_NStem_NStem	SC5_VRoot_VerbTerm	NStem_NStem_NStem
u_mu_biko	NPrePre3_BPre3_NStem	NStem_NStem_NStem	NPrePre3_BPre3_NStem	NStem_NStem_NStem
wa_lu_hla	PossConc3_BPre11_NStem	NStem_NStem_NStem	PossConc3_BPre11_NStem	NStem_NStem_NStem
lwa_ma_phakelo	PossConc11_BPre6_NStem	VRoot_VRoot_VRoot	PossConc11_BPre6_NStem	NStem_VRoot_NStem
kanye	Conj	Punc	Conj	Punc
ne_tin_hloso	AdvPre_BPre10_NStem	NStem_NStem_NStem	AdvPre_BPre10_NStem	NStem_NStem_NStem
ta_mu_sebenti	PossConc10_BPre3_NStem	NStem_NStem_NStem	PossConc10_BPre3_NStem	NStem_NStem_NStem
.	Punc	Punc	Punc	Punc
hulumende	NStem	NStem	NStem	NStem
ku_mel_e	SC15_VRoot_VerbTerm	NStem_NStem_NStem	SC15_VRoot_VerbTerm	NStem_NStem_NStem
a_timisele	RelConc6_NStem	NStem_NStem	RelConc6_NStem	VRoot_VRoot_NStem_NStem
ku_bek_a	BPre15_VRoot_VerbTerm	NStem_NStem_NStem	BPre15_VRoot_VerbTerm	NStem_NStem_NStem
e_m_bili	LocPre_BPre3_NStem	NStem_NStem_NStem	LocPre_BPre3_NStem	Punc_Punc_Punc
tin_tfo	BPre10_NStem	NStem_NStem	BPre10_NStem	NStem_NStem
leti_tsite	RelConc10_RelStem	NStem_NStem	RelConc10_RelStem	NStem_NStem
.	Punc	Punc	Punc	Punc
i_khabhinethi	NPrePre4_NStem	NStem_VRoot	NPrePre4_NStem	NStem_NStem
kanye	Adv	Punc	Adv	Punc
ne_ti_khulu	AdvPre_BPre8_NStem	NStem_NStem_NStem	AdvPre_BPre8_NStem	NStem_NStem_NStem
l_ta_hulumende	BPre8_Fut_NStem	NStem_NStem_NStem	BPre8_Fut_NStem	NStem_NStem
leti_s_e_tulu	RelConc10_PreLoc-s_LocPre_Adv	NStem_NStem_NStem_NStem	RelConc10_PreLoc-s_LocPre_Adv	NStem_NStem_NStem_NStem
ku_mel_e	SC15_VRoot_VerbTerm	NStem_NStem_NStem	SC15_VRoot_VerbTerm	NStem_NStem_NStem
ba_gcilise	PossConc2a_NStem	NStem_NStem	PossConc2a_NStem	NStem_NStem_NStem_NStem
ku_nak_a	BPre15_VRoot_VerbTerm	NStem_NStem_NStem	BPre15_VRoot_VerbTerm	NStem_NStem_NStem
kwa_bo	PossConc15_PronStem2	Punc_Punc	PossConc15_PronStem2	Punc_Punc
e_tin_tfo_ini	LocPre_BPre10_NStem_LocSuf	NStem_NStem_NStem_NStem	LocPre_BPre10_NStem_LocSuf	Punc_Punc_Punc_Punc
leti_mbalwa	RelConc10_RelStem	NStem_NStem	RelConc10_RelStem	NStem_NStem
leti_bek_w_e	RelConc10_VRoot_PassExt_VerbTerm	NStem_NStem_NStem_NStem	RelConc10_VRoot_PassExt_VerbTerm	NStem_NStem_NStem_NStem
e_m_bili	LocPre_BPre3_NStem	NStem_NStem_NStem	LocPre_BPre3_NStem	NStem_NStem_NStem
.	Punc	Punc	Punc	Punc
la_u_lu_hlelo	PossConc5_NPrePre11_BPre11_NStem	NStem_NStem_NStem_NStem	PossConc5_NPrePre11_BPre11_NStem	NStem_NStem
lu_nik_a	SC11_VRoot_VerbTerm	Punc_Punc_Punc	SC11_VRoot_VerbTerm	NStem_NStem_NStem
lolu_hlaka	Dem11_Pos1_NStem	NStem_NStem	Dem11_Pos1_NStem	NStem_NStem
lwe_lisu	PossConc11_NStem	NStem_NStem	PossConc11_NStem	NStem_NStem_NStem
.	Punc	Punc	Punc	Punc
lu_khomba	BPre11_NStem	NStem_NStem	BPre11_NStem	NStem_NStem_NStem
li_zinga	BPre5_NStem	NStem_NStem	BPre5_NStem	Punc_Punc
leli_s_e_tulu	RelConc5_PreLoc-s_LocPre_Adv	NStem_NStem_NStem_NStem	RelConc5_PreLoc-s_LocPre_Adv	NStem_NStem_NStem_NStem
leti_bek_w_e	RelConc10_VRoot_PassExt_VerbTerm	NStem_NStem_NStem_NStem	RelConc10_VRoot_PassExt_VerbTerm	NStem_NStem_NStem_NStem
e_m_bili	LocPre_BPre3_NStem	NStem_NStem_NStem	LocPre_BPre3_NStem	Punc_Punc_Punc
kantsi	Conj	Punc	Conj	Punc
ku_leti_nye	LocPre_AdjPref10_AdjStem	NStem_NStem_NStem	LocPre_AdjPref10_AdjStem	NStem_NStem_NStem
ti_ncenye	NPre10_NStem	NStem_NStem	NPre10_NStem	NStem_NStem
,	Punc	Punc	Punc	Punc
ku_landzel_an_is_a	BPre15_VRoot_RecipExt_CausExt_VerbTerm	VRoot_VRoot_VRoot_VRoot_VRoot	BPre15_VRoot_RecipExt_CausExt_VerbTerm	NStem_NStem_NStem_NStem_NStem
loku_tsite	RelConc15_RelStem	NStem_NStem	RelConc15_RelStem	NStem_NStem
.	Punc	Punc	Punc	Punc
ku_ent_a	SC15_VRoot_VerbTerm	NStem_NStem_NStem	SC15_VRoot_VerbTerm	NStem_NStem_NStem
si_bonelo	BPre7_NStem	Punc_Punc	BPre7_NStem	NStem_NStem
,	Punc	Punc	Punc	Punc
lolu_hlelo	RelConc11_NStem	NStem_NStem	RelConc11_NStem	NStem_NStem
lu_khomb_is_a	SC11_VRoot_CausExt_VerbTerm	NStem_NStem_NStem_NStem	SC11_VRoot_CausExt_VerbTerm	NStem_NStem_NStem_NStem
sidzingo	NStem	NStem	NStem	NStem_NStem
se_ku_enyus_a	PossConc7_BPre15_VRoot_VerbTerm	VRoot_VRoot_VRoot_VRoot	PossConc7_BPre15_VRoot_VerbTerm	VRoot_VRoot_VRoot_NStem
li_zinga	BPre5_NStem	NStem_NStem	BPre5_NStem	NStem_NStem
le_ma_kolishi	PossConc5_BPre6_NStem	NStem_NStem_NStem	PossConc5_BPre6_NStem	Punc_Punc_Punc
e_FET	LocPre_Abbr	NStem_Punc	LocPre_Abbr	NStem_NStem_NStem
nga_i_mbi	AdvPre_NPrePre9_NStem	NStem_NStem_NStem	AdvPre_NPrePre9_NStem	Punc
kwa_ku_enyus_a	PossConc15_SC15_VRoot_VerbTerm	VRoot_VRoot_VRoot_VRoot	PossConc15_SC15_VRoot_VerbTerm	VRoot_VRoot_VRoot_VRoot
e_ma_ndla	LocPre_BPre6_NStem	NStem_NStem_NStem	LocPre_BPre6_NStem	NStem_NStem_NStem
nga_loku_sheshisa_ko	AdvPre_RelConc15_NStem_RelSuf	VRoot_VRoot_VRoot_VRoot	AdvPre_RelConc15_NStem_RelSuf	VRoot_VRoot_VRoot_NStem_NStem_VRoot
.	Punc	NStem	Punc	Punc
kwe_tful_a	BPre15_VRoot_VerbTerm	NStem_NStem_NStem	BPre15_VRoot_VerbTerm	NStem_NStem_NStem
lolu_hlelo	RelConc11_NStem	NStem_NStem	RelConc11_NStem	NStem_NStem
ku_tawu_dzing_a	SC15_Fut_VRoot_VerbTerm	NStem_NStem_NStem_NStem	SC15_Fut_VRoot_VerbTerm	VRoot_VRoot_VRoot_VRoot
ti_ncumo	BPre8_NStem	NStem_NStem	BPre8_NStem	NStem_NStem
leti_cin_ile	RelConc10_VRoot_Perf	NStem_NStem_NStem	RelConc10_VRoot_Perf	NStem_NStem_NStem
,	Punc	Punc	Punc	Punc
leti_ne_ma_ndla	RelConc8_AdvPre_BPre6_NStem	NStem_NStem_NStem_NStem	RelConc8_AdvPre_BPre6_NStem	NStem_NStem_NStem_NStem
la_ne_ti_ngtsandvwa	PossConc5_AdvPre_BPre8_NStem	VRoot_VRoot_VRoot_VRoot	PossConc5_AdvPre_BPre8_NStem	VRoot_VRoot_VRoot_VRoot
.	Punc	NStem	Punc	Punc
le_li_ve	PossConc5_BPre5_NStem	NStem_NStem_NStem	PossConc5_BPre5_NStem	NStem_NStem_NStem
ku_mel_e	SC15_VRoot_VerbTerm	Punc_Punc_Punc	SC15_VRoot_VerbTerm	Punc_Punc_NStem
li_hlal_e	SC5_VRoot_VerbTerm	NStem_NStem_NStem	SC5_VRoot_VerbTerm	NStem_NStem_NStem
njalo	Adv	Punc	Adv	Punc
le_ta_ma	PossConc5_Fut_NStem	NStem_NStem_NStem	PossConc5_Fut_NStem	Punc_Punc_Punc
ku_khutsal_a	BPre15_VRoot_VerbTerm	NStem_NStem_NStem	BPre15_VRoot_VerbTerm	VRoot_VRoot_NStem
ku_sebent_a	BPre15_VRoot_VerbTerm	NStem_NStem_NStem	BPre15_VRoot_VerbTerm	NStem_NStem_NStem
loku_phum_elel_is_a_ko	RelConc15_VRoot_IntensExt_CausExt_VerbTerm_RelSuf	VRoot_VRoot_VRoot_VRoot_VRoot_VRoot	RelConc15_VRoot_IntensExt_CausExt_VerbTerm_RelSuf	NStem_NStem_NStem_NStem_NStem
e_tin_dlela_ini	LocPre_BPre10_NStem_LocSuf	NStem_NStem_NStem_NStem	LocPre_BPre10_NStem_LocSuf	NStem_NStem_NStem_NStem
ta_ku_hlom_is_a	PossConc10_BPre15_VRoot_CausExt_VerbTerm	VRoot_VRoot_VRoot_VRoot_VRoot	PossConc10_BPre15_VRoot_CausExt_VerbTerm	VRoot_VRoot_VRoot_VRoot_VRoot
laba_mnyama	RelConc2_RelStem	NStem_NStem	RelConc2_RelStem	NStem_NStem
ku_te_m_notfo	BPre17_PossConc10_BPre3_NStem	NStem_NStem_NStem_NStem	BPre17_PossConc10_BPre3_NStem	NStem_NStem_NStem_NStem
.	Punc	Punc	Punc	Punc
i_mi_mango	NPrePre4_BPre4_NStem	NStem_NStem_NStem	NPrePre4_BPre4_NStem	NStem_NStem_NStem
i_phindz_e	SC4_VRoot_VerbTerm	NStem_NStem_NStem	SC4_VRoot_VerbTerm	NStem_NStem
i_b_e	SC1_VRoot_VerbTerm	Punc_Punc_Punc	SC1_VRoot_VerbTerm	NStem_NStem_NStem
na_n_dzima	AdvPre_BPre9_NStem	NStem_NStem_NStem	AdvPre_BPre9_NStem	NStem_NStem_NStem
loku_mel_e	RelConc15_VRoot_VerbTerm	Punc_Punc_Punc	RelConc15_VRoot_VerbTerm	NStem_NStem_NStem
i_yi_dlal_e	SC4_OC9_VRoot_VerbTerm	NStem_NStem_NStem_NStem	SC4_OC9_VRoot_VerbTerm	NStem_NStem_NStem_NStem
e_ku_landz_elel_a_ini	LocPre_BPre15_VRoot_IntensExt_VerbTerm_LocSuf	VRoot_VRoot_VRoot_VRoot_VRoot_VRoot	LocPre_BPre15_VRoot_IntensExt_VerbTerm_LocSuf	VRoot_VRoot_VRoot_VRoot_VRoot_VRoot
ku_sebent_a	SC15_VRoot_VerbTerm	NStem_NStem_NStem	SC15_VRoot_VerbTerm	NStem_NStem_NStem
kwe_lu_hlelo	PossConc15_NPre11_NStem	NStem_NStem_NStem	PossConc15_NPre11_NStem	NStem_NStem_NStem
lwa_masipala	PossConc11_NStem	NStem_NStem	PossConc11_NStem	NStem_NStem
lwa_ku_sebent_is_a	PossConc11_OC15_VRoot_CausExt_VerbTerm	VRoot_VRoot_VRoot_VRoot_VRoot	PossConc11_OC15_VRoot_CausExt_VerbTerm	VRoot_VRoot_VRoot_VRoot_VRoot
kanye	Conj	Punc	Conj	Punc
na_ku_bek_a	AdvPre_OC15_VRoot_VerbTerm	NStem_NStem_NStem_NStem	AdvPre_OC15_VRoot_VerbTerm	NStem_NStem_NStem_NStem
e_mgomo-bangai	LocPre_NStem	VRoot_VRoot	LocPre_NStem	NStem_NStem_NStem_NStem
a_ku_lingan_is_a	PossConc6_OC15_VRoot_CausExt_VerbTerm	VRoot_VRoot_VRoot_VRoot_VRoot	PossConc6_OC15_VRoot_CausExt_VerbTerm	NStem_VRoot_VRoot_VRoot_VRoot
ku_sebent_a	BPre15_VRoot_VerbTerm	NStem_NStem_NStem	BPre15_VRoot_VerbTerm	NStem_NStem_NStem
la_fanel_e	RelConc6_VRoot_VerbTerm	NStem_NStem_NStem	RelConc6_VRoot_VerbTerm	NStem_NStem_NStem
.	Punc	Punc	Punc	Punc
i_CBP	NPrePre4_Abbr	NStem_NStem	NPrePre4_Abbr	NStem
i_yi_n_chubo	BPre4_CopPre_BPre9_NStem	NStem_NStem_NStem_NStem	BPre4_CopPre_BPre9_NStem	VRoot_VRoot_VRoot_VRoot
ya_ku_esekel_a	PossConc9_OC15_VRoot_VerbTerm	NStem_NStem_NStem_VRoot	PossConc9_OC15_VRoot_VerbTerm	NStem_NStem_NStem_NStem
le_sita	RelConc5_NStem	Punc_Punc	RelConc5_NStem	Punc_Punc
e_ma_komidi	NPrePre6_BPre6_NStem	NStem_NStem_NStem	NPrePre6_BPre6_NStem	NStem_NStem_NStem
e_ma_wadi	NPrePre6_BPre6_NStem	NStem_NStem_NStem	NPrePre6_BPre6_NStem	NStem_NStem_NStem
e_ku_sit_a_ini	LocPre_BPre15_VRoot_VerbTerm_LocSuf	NStem_NStem_NStem_NStem_NStem	LocPre_BPre15_VRoot_VerbTerm_LocSuf	NStem_NStem_NStem_NStem_NStem
i_mi_mango	NPrePre4_BPre4_NStem	NStem_NStem_NStem	NPrePre4_BPre4_NStem	NStem_NStem_NStem
nga_ku_fak_a	AdvPre_OC15_VRoot_VerbTerm	NStem_VRoot_NStem_NStem	AdvPre_OC15_VRoot_VerbTerm	VRoot_VRoot_NStem_VRoot
li_galelo	BPre5_NStem	NStem_NStem	BPre5_NStem	NStem_NStem
ku_le_n_chubo	LocPre_Dem9_Pos1_BPre9_NStem	NStem_NStem_NStem_NStem	LocPre_Dem9_Pos1_BPre9_NStem	NStem_NStem_NStem_NStem
.	Punc	Punc	Punc	Punc
i_gcugcutel_a	SC9_VRoot_VerbTerm	VRoot_VRoot_VRoot	SC9_VRoot_VerbTerm	VRoot_VRoot_VRoot
ku_ti_phendvul_el_a	SC15_OC10_VRoot_ApplExt_VerbTerm	VRoot_VRoot_VRoot_VRoot_VRoot	SC15_OC10_VRoot_ApplExt_VerbTerm	VRoot_VRoot_VRoot_VRoot_VRoot
na_ku_ba	AdvPre_BPre15_AuxVStem	NStem_NStem_NStem	AdvPre_BPre15_AuxVStem	NStem_NStem_NStem
selubala	Adv	NStem	Adv	NStem_NStem_NStem
.	Punc	Punc	Punc	Punc
ku_ti_bandzakany_a	BPre15_ReflPre_VRoot_VerbTerm	VRoot_VRoot_VRoot_VRoot	BPre15_ReflPre_VRoot_VerbTerm	VRoot_VRoot_VRoot_VRoot
kwe_m_mango	PossConc15_BPre3_NStem	NStem_NStem_NStem	PossConc15_BPre3_NStem	NStem_NStem_NStem
ku_nga_ba	SC15_Pot_AuxVStem	Punc_Punc_Punc	SC15_Pot_AuxVStem	Punc_Punc_Punc
na_n_zuzo	AdvPre_BPre9_NStem	NStem_NStem_NStem	AdvPre_BPre9_NStem	NStem_NStem_NStem
len_hle	AdjPref9_AdjStem	NStem_NStem	AdjPref9_AdjStem	NStem_NStem
e_wadi_ini	LocPre_NStem_LocSuf	NStem_NStem_NStem	LocPre_NStem_LocSuf	NStem_NStem_NStem
njengobe	Conj	Punc	Conj	Punc
i_mi_bono	NPrePre4_BPre4_NStem	NStem_NStem_NStem	NPrePre4_BPre4_NStem	NStem_NStem_NStem
ya_u_mu_mango	PossConc4_NPrePre3_BPre3_NStem	NStem_NStem_NStem_NStem	PossConc4_NPrePre3_BPre3_NStem	NStem_NStem_NStem_NStem
i_fak_w_a	SC5_VRoot_PassExt_VerbTerm	VRoot_VRoot_VRoot_VRoot	SC5_VRoot_PassExt_VerbTerm	VRoot_VRoot_VRoot_VRoot
e_tin_hlelo_ini	LocPre_BPre10_NStem_LocSuf	VRoot_VRoot_NStem_VRoot	LocPre_BPre10_NStem_LocSuf	VRoot_NStem_VRoot_VRoot
leti_tfutfuk_is_a_ko	RelConc10_VRoot_CausExt_VerbTerm_RelSuf	NStem_NStem_NStem_NStem_NStem	RelConc10_VRoot_CausExt_VerbTerm_RelSuf	VRoot_VRoot_VRoot_VRoot_VRoot
na_leti_khul_is_a_ko	AdvPre_RelConc10_VRoot_CausExt_VerbTerm_RelSuf	VRoot_VRoot_VRoot_VRoot_VRoot_VRoot	AdvPre_RelConc10_VRoot_CausExt_VerbTerm_RelSuf	VRoot_VRoot_VRoot_VRoot_VRoot_VRoot_VRoot
.	Punc	Punc	Punc	Punc
ku_cin_is_a	SC15_VRoot_CausExt_VerbTerm	NStem_NStem_NStem_NStem	SC15_VRoot_CausExt_VerbTerm	NStem_NStem_NStem_NStem
lu_hlelo	BPre11_NStem	NStem_NStem	BPre11_NStem	Punc_Punc
lwe_te_bulungiswa	PossConc11_PossConc8_NStem	VRoot_VRoot_VRoot	PossConc11_PossConc8_NStem	VRoot_VRoot_VRoot_VRoot_VRoot_VRoot
ku_te_u_bu_gebengu	BPre17_PossConc10_BPre14_BPre14_NStem	VRoot_VRoot_VRoot_VRoot_VRoot	BPre17_PossConc10_BPre14_BPre14_NStem	NStem_NStem_NStem_NStem
.	Punc	Punc	Punc	Punc
loku	Dem15_Pos1	Punc	Dem15_Pos1	Punc
ku_dzing_a	SC15_VRoot_VerbTerm	Punc_Punc_Punc	SC15_VRoot_VerbTerm	NStem_NStem_NStem
ku_sebent_is_an_a	SC15_VRoot_CausExt_RecipExt_VerbTerm	NStem_NStem_NStem_NStem_NStem	SC15_VRoot_CausExt_RecipExt_VerbTerm	NStem_VRoot_NStem_VRoot_VRoot
e_m_khatsi_ini	LocPre_BPre3_NStem_LocSuf	NStem_VRoot_NStem_NStem	LocPre_BPre3_NStem_LocSuf	VRoot_VRoot_VRoot_VRoot
wa_wo	PossConc3_PronStem3	Punc_Punc	PossConc3_PronStem3	Punc_Punc
o_nkhe	QuantConc6_QuantStem	Punc_Punc	QuantConc6_QuantStem	NStem_Punc
e_ma_tiko	NPrePre6_BPre6_NStem	NStem_NStem_NStem	NPrePre6_BPre6_NStem	NStem_NStem_NStem
ku_te_bu_lungiswa	LocPre_PossConc10_BPre14_NStem	NStem_NStem_NStem_NStem	LocPre_PossConc10_BPre14_NStem	NStem_NStem_NStem_NStem
ba_hulumende	BPre2_NStem	NStem_NStem	BPre2_NStem	NStem_NStem
,	Punc	Punc	Punc	Punc
e_ma_cembu	NPrePre6_BPre6_NStem	NStem_NStem_NStem	NPrePre6_BPre6_NStem	NStem_NStem_NStem
e_te_ku_vimb_el_a	PossConc6_PossConc10_BPre15_VRoot_ApplExt_VerbTerm	VRoot_VRoot_VRoot_VRoot_VRoot_VRoot	PossConc6_PossConc10_BPre15_VRoot_ApplExt_VerbTerm	VRoot_VRoot_NStem_VRoot_VRoot_VRoot
bu_gebengu	BPre14_NStem	Punc_Punc	BPre14_NStem	NStem_NStem
na_ku_pheph_a	AdvPre_OC15_VRoot_VerbTerm	VRoot_VRoot_VRoot_NStem	AdvPre_OC15_VRoot_VerbTerm	VRoot_VRoot_VRoot_VRoot
.	Punc	Punc	Punc	Punc
ti_phakamiso	BPre8_NStem	NStem_NStem	BPre8_NStem	NStem_NStem
e_mu_culu_ini	LocPre_BPre3_NStem_LocSuf	NStem_NStem_NStem_NStem	LocPre_BPre3_NStem_LocSuf	NStem_NStem_NStem
lo_ts_i	RelConc3_VRoot_VerbTerm	NStem_NStem_NStem	RelConc3_VRoot_VerbTerm	NStem_NStem_NStem
ku_bu_yeket_w_a	BPre15_OC14_VRoot_PassExt_VerbTerm	VRoot_VRoot_VRoot_VRoot_VRoot	BPre15_OC14_VRoot_PassExt_VerbTerm	NStem_NStem_NStem_NStem
kwa_e_inchubo	PossConc15_LocPre_NStem	NStem_NStem_VRoot	PossConc15_LocPre_NStem	NStem_NStem_NStem_NStem
ye_bulungiswa	PossConc9_NStem	NStem_NStem	PossConc9_NStem	NStem_NStem_NStem
b_e_ibugebengu	PossConc14_LocPre_NStem	NStem_NStem_NStem	PossConc14_LocPre_NStem	NStem_NStem_VRoot
ya_s_e_li_Ningizimu	PossConc9_PreLoc-s_LocPre_BPre5_NStem	NStem_VRoot_VRoot_NStem_NStem	PossConc9_PreLoc-s_LocPre_BPre5_NStem	VRoot_NStem_VRoot_NStem
Afrika	ProperName	Punc	ProperName	Punc
(	Punc	Punc	Punc	Punc
review	Foreign	Punc	Foreign	NStem_NStem_NStem_NStem
of	Foreign	Punc	Foreign	Punc
the	Foreign	Punc	Foreign	Punc
south	Foreign	Punc	Foreign	Punc
African	Foreign	Punc	Foreign	Punc
criminal	Foreign	Punc	Foreign	Punc
justice	Foreign	Punc	Foreign	Punc
system	Foreign	Punc	Foreign	Punc_Punc
)	Punc	Punc	Punc	Punc
ti_tawu_sit_a	SC10_Fut_VRoot_VerbTerm	VRoot_NStem_NStem_NStem	SC10_Fut_VRoot_VerbTerm	NStem_NStem_NStem_NStem
ka_khulu	AdvPre_AdjStem	NStem_NStem	AdvPre_AdjStem	Punc_Punc
e_ku_lung_is_a_ini	LocPre_BPre15_VRoot_CausExt_VerbTerm_LocSuf	NStem_NStem_NStem_NStem_NStem_NStem	LocPre_BPre15_VRoot_CausExt_VerbTerm_LocSuf	NStem_NStem_NStem_VRoot_NStem_NStem
bu_tsakatsaka	BPre14_NStem	NStem_NStem	BPre14_NStem	NStem_NStem
be_lu_hlelo	PossConc2_BPre11_NStem	NStem_NStem_NStem	PossConc2_BPre11_NStem	NStem_NStem_NStem
lolu_khona	RelConc11_Adv	NStem_NStem	RelConc11_Adv	NStem_NStem
njenga_nyalo	AdvPre_Adv	NStem_NStem	AdvPre_Adv	NStem_NStem
.	Punc	Punc	Punc	Punc
i_n_khomba	NPrePre9_BPre9_NStem	NStem_NStem_NStem	NPrePre9_BPre9_NStem	NStem_NStem_NStem
nga_yi_nye	AdvPre_OC9_EnumStem	NStem_NStem_NStem	AdvPre_OC9_EnumStem	NStem_NStem_Punc
ku_fun_ek_a	SC15_VRoot_NPas_VerbTerm	NStem_NStem_NStem_NStem	SC15_VRoot_NPas_VerbTerm	NStem_NStem_NStem_NStem
ku_bik_w_e	SC15_VRoot_PassExt_VerbTerm	NStem_NStem_NStem_NStem	SC15_VRoot_PassExt_VerbTerm	NStem_NStem_NStem_NStem
nga_yo	AdvPre_PronStem9	Punc_Punc	AdvPre_PronStem9	Punc_Punc
ku_le_kholomu	LocPre_Dem9_Pos1_NStem	NStem_NStem_NStem	LocPre_Dem9_Pos1_NStem	NStem_NStem_NStem
ya_loku_chub_ek_a_ko	PossConc9_RelConc15_VRoot_NeutExt_VerbTerm_RelSuf	VRoot_VRoot_VRoot_VRoot_VRoot_VRoot	PossConc9_RelConc15_VRoot_NeutExt_VerbTerm_RelSuf	VRoot_VRoot_VRoot_VRoot_VRoot_VRoot
.	Punc	Punc	Punc	Punc
lemi_nye	AdjPref4_AdjStem	NStem_NStem	AdjPref4_AdjStem	NStem_NStem
i_mi_sebenti	NPrePre4_BPre4_NStem	NStem_NStem_NStem	NPrePre4_BPre4_NStem	NStem_NStem_NStem
le_ngaka_hlel_el_w_a	RelConc4_NegPre_VRoot_ApplExt_PassExt_VerbTerm	VRoot_VRoot_VRoot_VRoot_VRoot_VRoot	RelConc4_NegPre_VRoot_ApplExt_PassExt_VerbTerm	VRoot_VRoot_VRoot_VRoot_VRoot_VRoot
ko_dvwa	QuantConc15_QuantStem	NStem_NStem	QuantConc15_QuantStem	NStem_NStem
i_ent_iw_e	SC4_VRoot_PassExt_VerbTerm	VRoot_VRoot_VRoot_VRoot	SC4_VRoot_PassExt_VerbTerm	VRoot_VRoot_VRoot_VRoot
ku_fanel_e	SC15_VRoot_VerbTerm	NStem_NStem_NStem	SC15_VRoot_VerbTerm	NStem_NStem_NStem
i_enget_w_e	SC4_VRoot_PassExt_VerbTerm	VRoot_VRoot_NStem_NStem	SC4_VRoot_PassExt_VerbTerm	NStem_NStem_NStem_NStem
nga_phansi	AdvPre_Adv	NStem_NStem	AdvPre_Adv	NStem_NStem
.	Punc	Punc	Punc	Punc
nobe	Conj	Punc	Conj	Punc
ngu_yi_phi	AdvPre_EnumConc9_EnumStem	NStem_NStem_NStem	AdvPre_EnumConc9_EnumStem	NStem_NStem_NStem
i_n_dlela	NPrePre9_BPre9_NStem	NStem_NStem_NStem	NPrePre9_BPre9_NStem	NStem_NStem_NStem
le_khets_w_a	RelConc9_VRoot_PassExt_VerbTerm	NStem_NStem_NStem_NStem	RelConc9_VRoot_PassExt_VerbTerm	NStem_NStem_NStem_NStem
ngu_masipala	CopPre_NStem	NStem_NStem	CopPre_NStem	NStem_NStem
,	Punc	Punc	Punc	Punc
ku_mel_e	SC15_VRoot_VerbTerm	NStem_NStem_NStem	SC15_VRoot_VerbTerm	Punc_Punc_Punc
i_hamb_is_an_e	SC9_VRoot_CausExt_RecipExt_VerbTerm	NStem_NStem_NStem_VRoot_NStem	SC9_VRoot_CausExt_RecipExt_VerbTerm	VRoot_VRoot_NStem_VRoot_NStem
ne_mi_gomo	AdvPre_BPre4_NStem	NStem_NStem_NStem	AdvPre_BPre4_NStem	NStem_NStem_NStem
le_nga_tulu	RelConc4_AdvPre_Adv	NStem_NStem_NStem	RelConc4_AdvPre_Adv	NStem_NStem_NStem_NStem_NStem
ya_ku_tfutfuk_is_a	PossConc4_OC15_VRoot_CausExt_VerbTerm	VRoot_VRoot_VRoot_VRoot_VRoot	PossConc4_OC15_VRoot_CausExt_VerbTerm	VRoot_VRoot_VRoot_VRoot_VRoot
si_mo	BPre7_NStem	Punc_Punc	BPre7_NStem	Punc_Punc
se_tin_sita	PossConc7_NPre10_NStem	NStem_NStem_NStem	PossConc7_NPre10_NStem	Punc_Punc_Punc
,	Punc	Punc	Punc	Punc
ku_khul_is_a	BPre15_VRoot_CausExt_VerbTerm	NStem_NStem_NStem_NStem	BPre15_VRoot_CausExt_VerbTerm	VRoot_VRoot_VRoot_VRoot
tin_sita	BPre10_NStem	Punc_Punc	BPre10_NStem	Punc_Punc
ta_ti_akhamiti	PossConc10_BPre8_NStem	NStem_NStem_NStem	PossConc10_BPre8_NStem	NStem_NStem_NStem
leti_eswel_e	RelConc8_VRoot_VerbTerm	NStem_NStem_NStem	RelConc8_VRoot_VerbTerm	NStem_NStem_NStem
,	Punc	Punc	Punc	Punc
ne_kwe_tful_a	AdvPre_BPre15_VRoot_VerbTerm	NStem_NStem_NStem_NStem	AdvPre_BPre15_VRoot_VerbTerm	NStem_NStem_NStem_NStem
tin_sita	BPre10_NStem	Punc_Punc	BPre10_NStem	Punc_Punc
nga_tin_dleko	AdvPre_NPre10_NStem	NStem_NStem_NStem	AdvPre_NPre10_NStem	NStem_NStem_NStem
leti_nga_khon_w_a	RelConc8_AdvPre_VRoot_PassExt_VerbTerm	NStem_NStem_VRoot_NStem_NStem	RelConc8_AdvPre_VRoot_PassExt_VerbTerm	VRoot_VRoot_VRoot_NStem_VRoot
li_nyenti	AdjPref5_AdjStem	NStem_Punc	AdjPref5_AdjStem	NStem_NStem
.	Punc	Punc	Punc	Punc
si_tawu_buk_a	SC2pp_Fut_VRoot_VerbTerm	NStem_NStem_NStem_NStem	SC2pp_Fut_VRoot_VerbTerm	NStem_NStem_NStem_NStem
e_ma_MSP	NPrePre6_BPre6_Abbr	NStem_NStem_NStem	NPrePre6_BPre6_Abbr	NStem_NStem_NStem
emva	Adv	Punc	Adv	Punc
kwa_si_khatsi	PossConc15_BPre7_NStem	NStem_NStem_NStem	PossConc15_BPre7_NStem	NStem_NStem_NStem
,	Punc	Punc	Punc	Punc
ngoba	Conj	Punc	Conj	Punc
ku_na_tin_tfo	BPre15_AdvPre_BPre10_NStem	NStem_NStem_NStem_NStem	BPre15_AdvPre_BPre10_NStem	NStem_NStem_NStem_NStem
leti_nengi	AdjPref10_AdjStem	NStem_NStem	AdjPref10_AdjStem	NStem_NStem
le_ku_mel_e	RelConc10_OC15_VRoot_VerbTerm	NStem_NStem_NStem_NStem	RelConc10_OC15_VRoot_VerbTerm	NStem_NStem_NStem_NStem
masipala	NStem	NStem	NStem	NStem
a_ti_buk_isis_e	SC6_OC10_VRoot_IntensExt_VerbTerm	VRoot_VRoot_VRoot_VRoot_VRoot	SC6_OC10_VRoot_IntensExt_VerbTerm	VRoot_VRoot_VRoot_VRoot_VRoot
ngaphambi	Adv	Punc	Adv	Punc_Punc
kwa_ku_khets_a	PossConc15_OC15_VRoot_VerbTerm	NStem_NStem_NStem_NStem	PossConc15_OC15_VRoot_VerbTerm	NStem_NStem_NStem_NStem
yi_nye	CopPre_EnumStem	Punc_Punc	CopPre_EnumStem	NStem_NStem
ya_leti_n_dlela	PossConc10_Dem10_Pos1_NPre10_NStem	NStem_NStem_NStem_NStem	PossConc10_Dem10_Pos1_NPre10_NStem	NStem_NStem_NStem_NStem
.	Punc	Punc	Punc	Punc
ku_mcoka	BPre15_NStem	NStem_NStem	BPre15_NStem	NStem_NStem_NStem
kwe_tful_a	BPre15_VRoot_VerbTerm	NStem_NStem_NStem	BPre15_VRoot_VerbTerm	NStem_NStem_NStem
tin_sita	BPre10_NStem	Punc_Punc	BPre10_NStem	Punc_NStem
leti_nga_ka_dul_i	RelConc10_NegPre_ExclNeg_VRoot_VerbTerm	NStem_NStem_NStem_NStem_NStem	RelConc10_NegPre_ExclNeg_VRoot_VerbTerm	VRoot_VRoot_VRoot_VRoot_VRoot
,	Punc	Punc	Punc	Punc
kepha	Adv	Punc	Adv	Punc
masipala	NStem	NStem	NStem	NStem
ku_mel_e	SC15_VRoot_VerbTerm	NStem_NStem_NStem	SC15_VRoot_VerbTerm	NStem_NStem_NStem
ent_e	VRoot_VerbTerm	NStem_NStem	VRoot_VerbTerm	Punc_NStem
njalo	Adv	Punc	Adv	Punc
nga_phandle	AdvPre_Adv	NStem_NStem	AdvPre_Adv	NStem_NStem
kwa_ku_ti_fak_a	PossConc15_OC15_ReflPre_VRoot_VerbTerm	NStem_VRoot_VRoot_NStem_NStem	PossConc15_OC15_ReflPre_VRoot_VerbTerm	VRoot_VRoot_VRoot_VRoot_VRoot
e_in_kinga_ini	LocPre_NPre9_NStem_LocSuf	NStem_NStem_NStem_NStem	LocPre_NPre9_NStem_LocSuf	NStem_NStem_NStem_NStem
a_nga_sa_khon_i	SC1a_NegPre_Pro_VRoot_VerbTerm	VRoot_VRoot_VRoot_VRoot_VRoot	SC1a_NegPre_Pro_VRoot_VerbTerm	VRoot_VRoot_VRoot_VRoot_VRoot
ku_sebent_a	BPre15_VRoot_VerbTerm	NStem_NStem_NStem	BPre15_VRoot_VerbTerm	NStem_NStem_NStem
na_ku_nak_ekel_a	AdvPre_OC15_VRoot_NeutExt_VerbTerm	VRoot_NStem_VRoot_VRoot_NStem	AdvPre_OC15_VRoot_NeutExt_VerbTerm	NStem_VRoot_NStem_VRoot
tin_sita	BPre10_NStem	Punc_Punc	BPre10_NStem	Punc_Punc
leti_khona	RelConc10_Adv	NStem_NStem	RelConc10_Adv	NStem_NStem
.	Punc	Punc	Punc	Punc
ba_bambi	BPre2_NStem	NStem_NStem	BPre2_NStem	Punc_NStem
li_chaza	BPre5_NStem	NStem_NStem	BPre5_NStem	NStem_NStem
ba_cedz_el_a	SC2_VRoot_ApplExt_VerbTerm	NStem_NStem_NStem_NStem	SC2_VRoot_ApplExt_VerbTerm	NStem_NStem_NStem_NStem
ti_bonelo	BPre8_NStem	NStem_NStem	BPre8_NStem	NStem_NStem
leti_nge_ntasi	RelConc8_AdvPre_Adv	NStem_NStem_NStem	RelConc8_AdvPre_Adv	VRoot_NStem_NStem_VRoot
kutsi	Conj	Punc	Conj	Punc
i_KPI	NPre9_Abbr	NStem_NStem	NPre9_Abbr	NStem_NStem
i_fez_a	SC9_VRoot_VerbTerm	NStem_NStem_NStem	SC9_VRoot_VerbTerm	NStem_NStem_NStem
njani	Adv	Punc	Adv	NStem
ti_dzingo	BPre8_NStem	NStem_NStem	BPre8_NStem	NStem_NStem
te_m_tsetfo	PossConc8_BPre3_NStem	NStem_NStem_NStem	PossConc8_BPre3_NStem	NStem_NStem_NStem
.	Punc	Punc	Punc	Punc
sebent_is_a	VRoot_CausExt_VerbTerm	NStem_NStem_NStem	VRoot_CausExt_VerbTerm	NStem_NStem_NStem
i_mi_gca	NPrePre4_BPre4_NStem	NStem_NStem_NStem	NPrePre4_BPre4_NStem	NStem_NStem_NStem
ye_ku_cala	PossConc4_SC15_NStem	NStem_NStem_NStem	PossConc4_SC15_NStem	Punc_Punc_Punc
njenge_si_bobelo	AdvPre_NPre7_NStem	NStem_NStem_NStem	AdvPre_NPre7_NStem	NStem_NStem_NStem
,	Punc	NStem	Punc	Punc
bese	Conj	Punc	Conj	Punc
e_ma_cembu	NPrePre6_BPre6_NStem	NStem_NStem_NStem	NPrePre6_BPre6_NStem	NStem_NStem_NStem
a_cedz_el_a	SC6_VRoot_ApplExt_VerbTerm	NStem_NStem_NStem_NStem	SC6_VRoot_ApplExt_VerbTerm	NStem_NStem_NStem_NStem
li_thebula	BPre5_NStem	NStem_NStem	BPre5_NStem	NStem_NStem
.	Punc	Punc	Punc	Punc
u_mlandvo	NPrePre1a_NStem	NStem_NStem	NPrePre1a_NStem	NStem_NStem
wa_i_li_Ningizimu	PossConc3_NPrePre5_BPre5_NStem	VRoot_VRoot_VRoot_VRoot	PossConc3_NPrePre5_BPre5_NStem	VRoot_VRoot_VRoot_VRoot
Afrika	ProperName	Punc	ProperName	Punc
kanye	Adv	Punc	Adv	Punc
na_lu_ati	AdvPre_BPre11_NStem	NStem_NStem_NStem	AdvPre_BPre11_NStem	NStem_NStem_NStem
lwa_la_manye	PossConc11_Dem1_Pos1_NStem	NStem_NStem_VRoot	PossConc11_Dem1_Pos1_NStem	NStem_NStem_NStem
e_ma_ve	LocPre_BPre6_NStem	Punc_Punc_Punc	LocPre_BPre6_NStem	NStem_NStem_NStem
ku_khomb_is_a	SC15_VRoot_CausExt_VerbTerm	NStem_NStem_NStem_NStem	SC15_VRoot_CausExt_VerbTerm	VRoot_VRoot_VRoot_VRoot
ku_tsi	BPre15_NStem	Punc_Punc	BPre15_NStem	Punc
lu_bumbano	BPre11_NStem	NStem_NStem	BPre11_NStem	NStem_NStem
ne_ku_hlangan_a	AdvPre_SC15_VRoot_VerbTerm	NStem_NStem_NStem_NStem	AdvPre_SC15_VRoot_VerbTerm	VRoot_VRoot_VRoot_VRoot
ku_ten_hlalo	BPre17_BPre10_NStem	NStem_NStem_NStem	BPre17_BPre10_NStem	VRoot_NStem_NStem
ku_ya_dzing_ek_a	BPre15_Pres_VRoot_NPas_VerbTerm	VRoot_VRoot_VRoot_VRoot_VRoot	BPre15_Pres_VRoot_NPas_VerbTerm	VRoot_VRoot_VRoot_VRoot_VRoot
kute	Conj	Punc	Conj	Punc
ku_hlangabet_w_an_e	SC15_VRoot_PassExt_RecipExt_VerbTerm	VRoot_VRoot_VRoot_VRoot_VRoot	SC15_VRoot_PassExt_RecipExt_VerbTerm	VRoot_VRoot_VRoot_VRoot_VRoot
na_tin_jongo	AdvPre_BPre10_NStem	NStem_NStem_NStem	AdvPre_BPre10_NStem	NStem_NStem_NStem
ta_ten_hlalo	PossConc8_BPre10_NStem	NStem_NStem_NStem	PossConc8_BPre10_NStem	NStem_NStem_NStem_NStem
na_te_m_notfo	AdvPre_PossConc8_BPre3_NStem	NStem_NStem_VRoot_NStem	AdvPre_PossConc8_BPre3_NStem	NStem_NStem_NStem_NStem
.	Punc	Punc	Punc	Punc
sandvulelo	NStem	NStem	NStem	NStem_NStem
se_mu_tsetfosisekelo	PossConc7_BPre3_NStem	VRoot_VRoot_VRoot	PossConc7_BPre3_NStem	NStem_NStem_NStem
si_lets_a	SC7_VRoot_VerbTerm	NStem_NStem_NStem	SC7_VRoot_VerbTerm	NStem_NStem_NStem
loku_lingan_is_a	RelConc15_VRoot_CausExt_VerbTerm	NStem_NStem_NStem_NStem	RelConc15_VRoot_CausExt_VerbTerm	NStem_NStem_NStem_NStem
kancono	NStem	Punc	NStem	NStem_NStem
.	Punc	Punc	Punc	Punc
sivuma	NStem	Punc	NStem	NStem_NStem_NStem
si_bopho	BPre7_NStem	NStem_NStem	BPre7_NStem	NStem_NStem
s_e_i_mbuso	PossConc7_LocPre_NPrePre4_NStem	VRoot_NStem_NStem_NStem	PossConc7_LocPre_NPrePre4_NStem	NStem_NStem_NStem
se_ku_cedz_a	PossConc7_BPre15_VRoot_VerbTerm	NStem_NStem_NStem_NStem	PossConc7_BPre15_VRoot_VerbTerm	VRoot_VRoot_VRoot_VRoot
i_mi_tselela	NPrePre4_BPre4_NStem	NStem_NStem_NStem	NPrePre4_BPre4_NStem	NStem_NStem_NStem
ye_e_lu_bandlululo	PossConc4_LocPre_BPre14_NStem	VRoot_NStem_NStem_NStem	PossConc4_LocPre_BPre14_NStem	NStem_NStem_NStem
,	Punc	Punc	Punc	Punc
esi_mo_ini	RelConc7_NStem_LocSuf	NStem_NStem_NStem	RelConc7_NStem_LocSuf	NStem_NStem_NStem
lapho	Conj	Punc	Conj	Punc
bo_nkhe	QuantConc2_QuantStem	Punc_NStem	QuantConc2_QuantStem	NStem_NStem
ba_hlali	BPre2_NStem	NStem_NStem	BPre2_NStem	NStem_NStem
ba_tawu_ti_(i)v_a	SC2_Fut_ReflPre_VRoot_VerbTerm	NStem_NStem_NStem_NStem_NStem	SC2_Fut_ReflPre_VRoot_VerbTerm	NStem_NStem_NStem_NStem_NStem
khona	Conj	Punc	Conj	Punc
ba_yi_ncenye	BPre2_CopPre_NStem	NStem_NStem_NStem	BPre2_CopPre_NStem	NStem_NStem_NStem
ya_leli_ve	PossConc4_RelConc5_NStem	NStem_NStem_NStem	PossConc4_RelConc5_NStem	NStem_NStem_NStem
kanye	Adv	Punc	Adv	Punc
na_tin_hlelo	AdvPre_BPre10_NStem	NStem_NStem_NStem	AdvPre_BPre10_NStem	NStem_NStem_NStem
talo	NStem	Punc	NStem	Punc_Punc
.	Punc	Punc	Punc	Punc
e_ma_komidi	NPrePre6_BPre6_NStem	NStem_NStem_NStem	NPrePre6_BPre6_NStem	NStem_NStem_NStem
a_li_wadi	PossConc6_BPre5_NStem	NStem_NStem_NStem	PossConc6_BPre5_NStem	Punc_Punc_Punc
a_dzing_a	SC6_VRoot_VerbTerm	NStem_NStem_NStem	SC6_VRoot_VerbTerm	NStem_NStem_NStem
ku_tfutfuk_is_a	BPre15_VRoot_CausExt_VerbTerm	VRoot_VRoot_VRoot_VRoot	BPre15_VRoot_CausExt_VerbTerm	VRoot_VRoot_VRoot_VRoot
na_ku_sebent_is_a	AdvPre_OC15_VRoot_CausExt_VerbTerm	NStem_NStem_NStem_NStem_VRoot	AdvPre_OC15_VRoot_CausExt_VerbTerm	VRoot_VRoot_VRoot_VRoot_VRoot
tin_chubo	BPre10_NStem	NStem_NStem	BPre10_NStem	Punc_Punc
leti_tawu_elekel_el_a	RelConc10_Fut_VRoot_ApplExt_VerbTerm	VRoot_VRoot_VRoot_VRoot_VRoot	RelConc10_Fut_VRoot_ApplExt_VerbTerm	VRoot_VRoot_VRoot_VRoot
e_ku_hamb_is_a_ini	LocPre_BPre15_VRoot_CausExt_VerbTerm_LocSuf	VRoot_VRoot_VRoot_VRoot_VRoot_VRoot	LocPre_BPre15_VRoot_CausExt_VerbTerm_LocSuf	VRoot_VRoot_NStem_VRoot_VRoot_VRoot
lu_ati	BPre11_NStem	Punc_Punc	BPre11_NStem	Punc_Punc
lolu_fan_el_e	RelConc11_VRoot_ApplExt_VerbTerm	NStem_NStem_NStem_NStem	RelConc11_VRoot_ApplExt_VerbTerm	VRoot_VRoot_NStem_VRoot
ku_suk_a	BPre15_VRoot_VerbTerm	NStem_NStem_NStem	BPre15_VRoot_VerbTerm	NStem_NStem_NStem
e_u_mu_mango_ini	LocPre_NPrePre3_BPre3_NStem_LocSuf	VRoot_VRoot_VRoot_VRoot_VRoot	LocPre_NPrePre3_BPre3_NStem_LocSuf	VRoot_VRoot_VRoot_VRoot_VRoot
ku_y_a	BPre15_VRoot_VerbTerm	NStem_NStem_NStem	BPre15_VRoot_VerbTerm	NStem_NStem_NStem
ku_mu_khandlu	LocPre_BPre3_NStem	NStem_NStem_NStem	LocPre_BPre3_NStem	NStem_NStem_NStem
na_ku_suk_a	AdvPre_OC15_VRoot_VerbTerm	NStem_NStem_NStem_NStem	AdvPre_OC15_VRoot_VerbTerm	NStem_NStem_NStem_NStem
ku_mu_khandlu	LocPre_BPre3_NStem	NStem_NStem_NStem	LocPre_BPre3_NStem	NStem_NStem_NStem
ku_y_a	SC15_VRoot_VerbTerm	NStem_NStem_Punc	SC15_VRoot_VerbTerm	NStem_NStem_NStem
e_u_mu_mango_ini	LocPre_NPrePre3_BPre3_NStem_LocSuf	VRoot_VRoot_VRoot_VRoot_VRoot	LocPre_NPrePre3_BPre3_NStem_LocSuf	NStem_NStem_NStem_NStem_NStem
.	Punc	Punc	Punc	NStem
tin_chubo	NPre10_NStem	NStem_NStem	NPre10_NStem	Punc_Punc
ku_mel_e	SC15_VRoot_VerbTerm	NStem_NStem_NStem	SC15_VRoot_VerbTerm	NStem_NStem_NStem
ti_buk_e	SC10_VRoot_VerbTerm	NStem_NStem_NStem	SC10_VRoot_VerbTerm	NStem_NStem_NStem
to_nkhe	QuantConc10_QuantStem	NStem_NStem	QuantConc10_QuantStem	NStem_NStem
tin_hlelo	BPre10_NStem	NStem_NStem	BPre10_NStem	NStem_NStem
ta_masipala	PossConc10_NStem	NStem_NStem	PossConc10_NStem	NStem_NStem
ne_mi_klamo	AdvPre_BPre4_NStem	NStem_NStem_NStem	AdvPre_BPre4_NStem	NStem_NStem_NStem
,	Punc	Punc	Punc	Punc
ti_bon_e	SC10_VRoot_VerbTerm	Punc_Punc_Punc	SC10_VRoot_VerbTerm	NStem_NStem_NStem
kutsi	Conj	Punc	Conj	Punc
ngu_ku_phi	CopPre_BPre15_EnumStem	NStem_NStem_NStem	CopPre_BPre15_EnumStem	NStem_NStem_NStem
ne_kutsi	AdvPre_Conj	NStem_NStem	AdvPre_Conj	NStem_NStem
ku_nga_ent_ek_a	SC15_Pot_VRoot_NPas_VerbTerm	VRoot_VRoot_VRoot_VRoot_VRoot	SC15_Pot_VRoot_NPas_VerbTerm	VRoot_VRoot_VRoot_NStem_VRoot
njani	Adv	NStem	Adv	NStem
kutsi	Conj	Punc	Conj	Punc
ku_chum_an_a	BPre15_VRoot_RecipExt_VerbTerm	VRoot_VRoot_VRoot_VRoot	BPre15_VRoot_RecipExt_VerbTerm	NStem_NStem_NStem_NStem
loku_khutsat_a	RelConc15_VRoot_VerbTerm	NStem_NStem_NStem	RelConc15_VRoot_VerbTerm	NStem_NStem_NStem
ku_ti_bandzakany_a	BPre15_ReflPre_VRoot_VerbTerm	NStem_NStem_NStem_NStem	BPre15_ReflPre_VRoot_VerbTerm	VRoot_VRoot_VRoot_VRoot
kwe_m_mango	PossConc15_BPre3_NStem	NStem_NStem_NStem	PossConc15_BPre3_NStem	NStem_NStem_NStem
ku_ent_ek_e	SC15_VRoot_NeutExt_VerbTerm	VRoot_VRoot_VRoot_VRoot	SC15_VRoot_NeutExt_VerbTerm	NStem_NStem_NStem_NStem
.	Punc	Punc	Punc	Punc
ku_niket_a	BPre15_VRoot_VerbTerm	NStem_NStem_NStem	BPre15_VRoot_VerbTerm	NStem_NStem_NStem
tin_hlangano	BPre10_NStem	NStem_NStem	BPre10_NStem	NStem_NStem
ta_u_mu_mango	PossConc8_NPrePre3_BPre3_NStem	NStem_NStem_NStem_NStem	PossConc8_NPrePre3_BPre3_NStem	VRoot_VRoot_VRoot_NStem
li_tfuba	BPre5_NStem	NStem_NStem	BPre5_NStem	NStem_NStem
leku_ngen_a	RelConc15_VRoot_VerbTerm	NStem_NStem_NStem	RelConc15_VRoot_VerbTerm	NStem_NStem_NStem
e_bu_dlelwane_ini	LocPre_BPre14_NStem_LocSuf	VRoot_VRoot_VRoot_VRoot	LocPre_BPre14_NStem_LocSuf	VRoot_VRoot_VRoot_VRoot
na_ku_tin_kontileka	AdvPre_BPre15_BPre10_NStem	NStem_NStem_NStem_NStem	AdvPre_BPre15_BPre10_NStem	VRoot_VRoot_VRoot_VRoot
na_hulumende	AdvPre_NStem	NStem_NStem	AdvPre_NStem	NStem_NStem
wa_s_e_khaya	PossConc3_PreLoc-s_LocPre_NStem	NStem_NStem_NStem_NStem	PossConc3_PreLoc-s_LocPre_NStem	VRoot_NStem_NStem_NStem
kute	Conj	Punc	Conj	Punc
ku_tfol_w_e	SC15_VRoot_PassExt_VerbTerm	NStem_NStem_NStem_NStem	SC15_VRoot_PassExt_VerbTerm	NStem_NStem_NStem_NStem
leti_nye	AdjPref10_AdjStem	Punc_Punc	AdjPref10_AdjStem	Punc_Punc
tin_sita	BPre10_NStem	Punc_Punc	BPre10_NStem	Punc_Punc
le_te_enget_ek_ile	PossConc5_Past_VRoot_VerbExt_Perf	VRoot_VRoot_VRoot_VRoot_NStem	PossConc5_Past_VRoot_VerbExt_Perf	NStem_NStem_NStem_NStem
.	Punc	Punc	Punc	Punc
e_ma_chinga	NPrePre6_BPre6_NStem	NStem_NStem_NStem	NPrePre6_BPre6_NStem	NStem_NStem_NStem
nga_e_ma_su	AdvPre_NPrePre6_BPre6_NStem	NStem_NStem_NStem_NStem	AdvPre_NPrePre6_BPre6_NStem	NStem_NStem_NStem_NStem
loku_mel_e	RelConc15_VRoot_VerbTerm	NStem_NStem_NStem	RelConc15_VRoot_VerbTerm	NStem_NStem_NStem
a_chub_w_e	SC6_VRoot_PassExt_VerbTerm	NStem_NStem_NStem_NStem	SC6_VRoot_PassExt_VerbTerm	VRoot_VRoot_VRoot_VRoot
khona	Conj	Punc	Conj	Punc
ku_tawu_zuzwa	BPre17_Fut_NStem	NStem_NStem_NStem	BPre17_Fut_NStem	VRoot_VRoot_VRoot_VRoot_VRoot
u_mu_gomo	NPrePre3_BPre3_NStem	NStem_NStem_NStem	NPrePre3_BPre3_NStem	NStem_NStem_NStem
.	Punc	Punc	Punc	NStem
ku_m_sebenti	LocPre_BPre3_NStem	NStem_NStem_NStem	LocPre_BPre3_NStem	VRoot_VRoot_VRoot_VRoot
lo_landzel_a_ko	RelConc3_VRoot_VerbTerm_LocSuf	NStem_NStem_NStem_NStem	RelConc3_VRoot_VerbTerm_LocSuf	NStem_NStem_NStem_NStem
e_ma_chinga	NPrePre6_BPre6_NStem	NStem_NStem_NStem	NPrePre6_BPre6_NStem	NStem_NStem_NStem
a_phawul_el_w_a	SC6_VRoot_ApplExt_PassExt_VerbTerm	VRoot_VRoot_VRoot_VRoot_VRoot	SC6_VRoot_ApplExt_PassExt_VerbTerm	VRoot_VRoot_VRoot_VRoot
ku_akh_el_a	BPre15_VRoot_ApplExt_VerbTerm	NStem_NStem_NStem_NStem	BPre15_VRoot_ApplExt_VerbTerm	NStem_NStem_NStem_NStem
ku_wo	LocPre_PronStem6	Punc_Punc	LocPre_PronStem6	Punc_Punc
e_ma_ndla	NPrePre6_BPre6_NStem	NStem_NStem_NStem	NPrePre6_BPre6_NStem	NStem_NStem_NStem
kanye	Adv	Punc	Adv	Punc
ne_ku_ncob_a	AdvPre_BPre15_VRoot_VerbTerm	NStem_VRoot_NStem_VRoot	AdvPre_BPre15_VRoot_VerbTerm	NStem_NStem_VRoot_VRoot
bu_tsakatsaka	BPre14_NStem	NStem_NStem	BPre14_NStem	Punc_Punc
.	Punc	Punc	Punc	Punc
u_mu_sebenti	NPrePre3_BPre3_NStem	NStem_NStem_NStem	NPrePre3_BPre3_NStem	NStem_NStem_NStem
lo_landzel_a_ko	RelConc3_VRoot_VerbTerm_LocSuf	NStem_NStem_NStem_NStem	RelConc3_VRoot_VerbTerm_LocSuf	NStem_NStem_NStem_NStem
u_tsatsa	BPre3_NStem	NStem_NStem	BPre3_NStem	NStem_NStem_NStem
lesi_nyatselo	PossConc7_NStem	NStem_NStem	PossConc7_NStem	NStem_NStem
u_siyise	NPrePre1a_NStem	NStem_NStem	NPrePre1a_NStem	NStem_NStem_NStem_NStem
embili	Adv	Punc	Adv	NStem_NStem_NStem
nge_ku_phawul_a	AdvPre_BPre15_VRoot_VerbTerm	VRoot_VRoot_VRoot_VRoot	AdvPre_BPre15_VRoot_VerbTerm	VRoot_VRoot_VRoot_VRoot
i_mi_klamo	NPrePre4_BPre4_NStem	NStem_NStem_NStem	NPrePre4_BPre4_NStem	NStem_NStem_NStem
na_mi_sebenti	AdvPre_BPre4_NStem	NStem_NStem_NStem	AdvPre_BPre4_NStem	NStem_NStem_NStem
le_dzing_a	RelConc9_VRoot_VerbTerm	NStem_NStem_NStem	RelConc9_VRoot_VerbTerm	NStem_NStem_NStem
ku_sukuny_is_w_a	SC15_VRoot_CausExt_PassExt_VerbTerm	VRoot_VRoot_VRoot_VRoot_VRoot	SC15_VRoot_CausExt_PassExt_VerbTerm	NStem_NStem_NStem_NStem_NStem
khona	Conj	Punc	Conj	Punc
ku_tawu_buk_an_w_a	SC15_Fut_VRoot_RecipExt_PassExt_VerbTerm	VRoot_VRoot_VRoot_VRoot_VRoot_VRoot	SC15_Fut_VRoot_RecipExt_PassExt_VerbTerm	VRoot_VRoot_VRoot_VRoot_VRoot_VRoot
na_lelo	AdvPre_Dem5_Pos2	Punc_Punc	AdvPre_Dem5_Pos2	NStem_NStem
na_lelo	AdvPre_Dem5_Pos2	NStem_NStem	AdvPre_Dem5_Pos2	NStem_NStem
na_lelo	AdvPre_Dem5_Pos2	NStem_NStem	AdvPre_Dem5_Pos2	Punc_Punc
li_su	BPre5_NStem	Punc_Punc	BPre5_NStem	Punc_Punc
.	Punc	Punc	Punc	Punc
khumbut_a	VRoot_VerbTerm	NStem_NStem	VRoot_VerbTerm	NStem_NStem
ba_bambilichaza	BPre2_NStem	NStem_NStem	BPre2_NStem	NStem_NStem
kutsi	Conj	Punc	Conj	Punc
e_ma_cophelo	NPrePre6_BPre6_NStem	NStem_NStem_NStem	NPrePre6_BPre6_NStem	NStem_NStem_NStem
e_tin_sita	LocPre_NPre10_NStem	NStem_NStem_NStem	LocPre_NPre10_NStem	NStem_NStem_NStem
a_t_is_a	SC6_VRoot_CausExt_VerbTerm	NStem_NStem_NStem_NStem	SC6_VRoot_CausExt_VerbTerm	NStem_NStem_NStem_NStem
ti_akhamiti	BPre8_NStem	NStem_NStem	BPre8_NStem	NStem_NStem
,	Punc	Punc	Punc	Punc
kutsi	Conj	Punc	Conj	Punc
yini	Interrog	Punc	Interrog	NStem
tin_sita	BPre10_NStem	Punc_Punc	BPre10_NStem	Punc_Punc
laba_nga_ti_gadz_a	RelConc2_Pot_OC10_VRoot_VerbTerm	NStem_NStem_NStem_NStem_NStem	RelConc2_Pot_OC10_VRoot_VerbTerm	VRoot_VRoot_VRoot_VRoot_VRoot
.	Punc	NStem	Punc	Punc
ba_khomb_is_e	SC2_VRoot_CausExt_VerbTerm	VRoot_VRoot_VRoot_VRoot	SC2_VRoot_CausExt_VerbTerm	NStem_NStem_NStem_NStem
si_hluko	BPre7_NStem	NStem_NStem	BPre7_NStem	NStem_NStem
5	Num	Punc	Num	Punc
,	Punc	Punc	Punc	Punc
sa_in_cwadi_ana	PossConc7_NPre9_NStem_DimSuf	VRoot_VRoot_VRoot_VRoot	PossConc7_NPre9_NStem_DimSuf	NStem_NStem
ya_Batho	PossConc9_ProperName	NStem_NStem	PossConc9_ProperName	NStem_NStem
Pele	ProperName	Punc	ProperName	Punc
ku_tfol_a	BPre15_VRoot_VerbTerm	NStem_NStem_NStem	BPre15_VRoot_VerbTerm	NStem_NStem_NStem
lu_ati	BPre11_NStem	Punc_Punc	BPre11_NStem	Punc_Punc
lolu_enget_iw_e	RelConc11_VRoot_PassExt_VerbTerm	VRoot_VRoot_VRoot_VRoot	RelConc11_VRoot_PassExt_VerbTerm	VRoot_VRoot_VRoot_VRoot
.	Punc	Punc	Punc	Punc
u_mu_tsetfo	NPrePre3_BPre3_NStem	NStem_NStem_NStem	NPrePre3_BPre3_NStem	NStem_NStem_NStem
wa_hulumende	PossConc3_NStem	NStem_NStem	PossConc3_NStem	NStem_NStem
wa_s_e_khaya	PossConc3_PreLoc-s_LocPre_NStem	NStem_NStem_NStem_NStem	PossConc3_PreLoc-s_LocPre_NStem	NStem_NStem_NStem_NStem
lo_hlelek_ile	RelConc3_VRoot_Perf	NStem_NStem_NStem	RelConc3_VRoot_Perf	NStem_NStem_NStem_NStem
,	Punc	Punc	Punc	NStem
1997	Num	Punc	Num	Punc
u_niket_a	SC3_VRoot_VerbTerm	NStem_NStem_NStem	SC3_VRoot_VerbTerm	NStem_NStem_NStem
ku_nak_a	NPre15_VRoot_VerbTerm	NStem_NStem_NStem	NPre15_VRoot_VerbTerm	NStem_NStem_NStem
yi_nye	EnumConc9_EnumStem	Punc_Punc	EnumConc9_EnumStem	Punc_Punc
i_n_hlangano	NPrePre9_BPre9_NStem	VRoot_NStem_NStem	NPrePre9_BPre9_NStem	NStem_NStem_NStem
ye_li_velonkhe	PossConc9_NPre5_NStem	NStem_NStem_NStem	PossConc9_NPre5_NStem	NStem_NStem_NStem
le_mel_e	PossConc5_VRoot_VerbTerm	NStem_NStem_NStem	PossConc5_VRoot_VerbTerm	NStem_NStem_NStem
li_nyenti	BPre5_AdjStem	NStem_NStem	BPre5_AdjStem	NStem_NStem
la_bo_masipala	PossConc5_BPre2a_NStem	NStem_NStem_NStem	PossConc5_BPre2a_NStem	NStem_NStem_NStem
ba_si_nye	PossConc2a_SC7_EnumStem	NStem_NStem_NStem	PossConc2a_SC7_EnumStem	NStem_NStem_NStem
nga_si_nye	AdvPre_OC7_EnumStem	NStem_NStem_NStem	AdvPre_OC7_EnumStem	NStem_NStem_NStem
si_fundza	BPre7_NStem	NStem_NStem	BPre7_NStem	NStem_NStem_NStem
.	Punc	Punc	Punc	Punc
i_n_hlangano	NPrePre9_BPre9_NStem	NStem_VRoot_VRoot	NPrePre9_BPre9_NStem	NStem_NStem_NStem
ya_hulumende	PossConc9_NStem	NStem_NStem	PossConc9_NStem	NStem_NStem
wa_s_e_khaya	PossConc3_PreLoc-s_LocPre_NStem	NStem_NStem_NStem_NStem	PossConc3_PreLoc-s_LocPre_NStem	VRoot_VRoot_VRoot_VRoot
wa_s_e_Ningizimu	PossConc3_PreLoc-s_LocPre_NStem	NStem_NStem_NStem_NStem	PossConc3_PreLoc-s_LocPre_NStem	VRoot_VRoot_VRoot_VRoot
Afrika	ProperName	Punc	ProperName	Punc
(	Punc	Punc	Punc	Punc
SALGA	Abbr	Punc	Abbr	NStem_NStem
)	Punc	Punc	Punc	Punc
si_akhiwo	BPre7_NStem	NStem_NStem	BPre7_NStem	NStem_NStem
lesi_s_e_m_tsetfo_eni	RelConc7_PreLoc-s_LocPre_BPre3_NStem_RelSuf	VRoot_VRoot_VRoot_VRoot_VRoot_VRoot	RelConc7_PreLoc-s_LocPre_BPre3_NStem_RelSuf	VRoot_VRoot_VRoot_VRoot_VRoot_VRoot
sa_hulumende	PossConc7_NStem	NStem_NStem	PossConc7_NStem	NStem_NStem
wa_s_e_khaya	PossConc1a_PreLoc-s_LocPre_NStem	NStem_NStem_VRoot_NStem	PossConc1a_PreLoc-s_LocPre_NStem	NStem_NStem_NStem_NStem
.	Punc	Punc	Punc	Punc
SALGA	Abbr	Punc	Abbr	NStem_NStem
u_mel_el_a	SC1_VRoot_ApplExt_VerbTerm	NStem_NStem_NStem_NStem	SC1_VRoot_ApplExt_VerbTerm	NStem_NStem_NStem_NStem
ti_khalo	BPre8_NStem	NStem_NStem	BPre8_NStem	NStem_NStem
te_ma_lunga	PossConc8_BPre6_NStem	Punc_NStem_Punc	PossConc8_BPre6_NStem	NStem_NStem_NStem_NStem
a_khe	PossConc6_PronStem1	Punc_Punc	PossConc6_PronStem1	Punc_Punc
.	Punc	Punc	Punc	Punc
laba_ngen_el_e	RelConc2_VRoot_ApplExt_VerbTerm	NStem_VRoot_VRoot_VRoot	RelConc2_VRoot_ApplExt_VerbTerm	NStem_NStem_NStem_NStem
ti_fundvo	BPre8_NStem	Punc_Punc	BPre8_NStem	NStem_NStem
ba_phendvul_a	SC2_Intrans_VerbTerm	NStem_NStem_NStem	SC2_Intrans_VerbTerm	NStem_NStem_NStem
i_mi_buto	NPrePre4_BPre4_NStem	NStem_NStem_NStem	NPrePre4_BPre4_NStem	NStem_NStem_NStem
le_nge_ntasi	PossConc5_AdvPre_Adv	NStem_NStem_NStem	PossConc5_AdvPre_Adv	NStem_NStem_NStem_NStem
nga_e_ma_cembu	AdvPre_NPrePre6_BPre6_NStem	VRoot_NStem_VRoot_VRoot	AdvPre_NPrePre6_BPre6_NStem	NStem_NStem_NStem_NStem
a_laba_tsatfu	PossConc6_AdjPref2_AdjStem	NStem_NStem_NStem	PossConc6_AdjPref2_AdjStem	NStem_NStem_NStem
imi_zuzu	NPre4_NStem	NStem_NStem	NPre4_NStem	NStem_NStem_NStem
le_mbalwa	RelConc4_RelStem	NStem_NStem	RelConc4_RelStem	NStem_NStem
bese	Conj	Punc	Conj	Punc
ba_ab_el_an_a	SC2_VRoot_ApplExt_RecipExt_VerbTerm	NStem_VRoot_VRoot_NStem_NStem	SC2_VRoot_ApplExt_RecipExt_VerbTerm	NStem_NStem_NStem
nga_tin_phendvulo	AdvPre_NPre10_NStem	VRoot_VRoot_VRoot	AdvPre_NPre10_NStem	VRoot_VRoot_VRoot
e_mu_hlangano_ini	LocPre_BPre3_NStem_LocSuf	VRoot_VRoot_VRoot_VRoot	LocPre_BPre3_NStem_LocSuf	VRoot_VRoot_VRoot_VRoot
lo_vul_ek_ile	RelConc3_VRoot_NeutExt_Perf	NStem_NStem_NStem_NStem	RelConc3_VRoot_NeutExt_Perf	NStem_NStem_NStem_NStem
.	Punc	Punc	Punc	Punc
tin_hlobo_ni	NPre10_NStem_InterrogSuf	NStem_NStem_NStem	NPre10_NStem_InterrogSuf	NStem_NStem
ta_tin_khinga	PossConc10_NPre10_NStem	NStem_NStem_NStem	PossConc10_NPre10_NStem	NStem_NStem_NStem
le_ku_fanel_e	RelConc3_OC15_VRoot_VerbTerm	NStem_NStem_NStem_NStem	RelConc3_OC15_VRoot_VerbTerm	NStem_NStem_NStem_VRoot
lu_hla	BPre11_NStem	NStem_NStem	BPre11_NStem	NStem_NStem
lwa_ma_phakelo	PossConc11_BPre6_NStem	NStem_NStem_NStem	PossConc11_BPre6_NStem	VRoot_VRoot_VRoot
a_ti_mali	PossConc6_BPre10_NStem	NStem_NStem_NStem	PossConc6_BPre10_NStem	NStem_NStem_NStem
lu_ti_sombulul_e	SC11_OC10_Intrans_VerbTerm	VRoot_NStem_VRoot_VRoot	SC11_OC10_Intrans_VerbTerm	VRoot_NStem_NStem_NStem
?	Punc	Punc	Punc	Punc
ku_balulek_ile	SC15_VRoot_Perf	NStem_NStem_NStem	SC15_VRoot_Perf	NStem_NStem_NStem
kutsi	Conj	Punc	Conj	Punc
ba_ntfu	BPre2_NStem	NStem_NStem	BPre2_NStem	NStem_NStem
ba_vete	BPre2_NStem	Punc_Punc	BPre2_NStem	NStem_NStem_NStem
lu_vo	BPre11_NStem	Punc_Punc	BPre11_NStem	Punc_Punc
lwa_bo	PossConc11_PronStem2	NStem_NStem	PossConc11_PronStem2	NStem_NStem
ne_kutsi	AdvPre_Conj	NStem_NStem	AdvPre_Conj	NStem_NStem
ba_fak_e	SC2_VRoot_VerbTerm	NStem_NStem_NStem	SC2_VRoot_VerbTerm	NStem_NStem_NStem
li_galelo	BPre5_NStem	NStem_NStem	BPre5_NStem	Punc_Punc
,	Punc	Punc	Punc	Punc
ku_nga_khatsal_ek_ile	SC15_NegPre_VRoot_NeutExt_Perf	VRoot_VRoot_VRoot_VRoot_VRoot	SC15_NegPre_VRoot_NeutExt_Perf	VRoot_VRoot_VRoot_VRoot_VRoot
kutsi_ba_ncane	Conj_SC2_AdjStem	NStem_NStem_NStem	Conj_SC2_AdjStem	NStem_NStem
ka_nga_kanani	AdvPre_AdvPre_Interrog	NStem_NStem_NStem	AdvPre_AdvPre_Interrog	NStem_NStem_NStem
,	Punc	Punc	Punc	Punc
njengobe	Conj	Punc	Conj	Punc
ku_tawu_ku_ent_a	SC15_Fut_OC15_VRoot_VerbTerm	VRoot_VRoot_VRoot_VRoot_VRoot	SC15_Fut_OC15_VRoot_VerbTerm	VRoot_VRoot_VRoot_VRoot
ncono_ku_ent_a	AdvPre_BPre15_VRoot_VerbTerm	VRoot_VRoot_VRoot_VRoot	AdvPre_BPre15_VRoot_VerbTerm	VRoot_VRoot_VRoot_VRoot
ncono	NStem	NStem	NStem	NStem
ku_(i)v_isis_an_a	BPre15_VRoot_IntensExt_RecipExt_VerbTerm	VRoot_VRoot_VRoot_VRoot_VRoot	BPre15_VRoot_IntensExt_RecipExt_VerbTerm	VRoot_VRoot_VRoot_VRoot_VRoot
ne_bu_nikati	AdvPre_BPre14_NStem	NStem_NStem_NStem	AdvPre_BPre14_NStem	NStem_NStem_NStem
.	Punc	Punc	Punc	Punc
i_PMS	NPre9_Abbr	NStem_NStem	NPre9_Abbr	NStem_NStem
ya_masipala	PossConc9_NStem	NStem_NStem	PossConc9_NStem	NStem_NStem
ku_mel_e	SC15_VRoot_VerbTerm	NStem_NStem_NStem	SC15_VRoot_VerbTerm	NStem_NStem_NStem
i_fak_e	SC9_VRoot_VerbTerm	NStem_NStem_NStem	SC9_VRoot_VerbTerm	NStem_NStem_NStem
e_khatsi	LocPre_Adv	Punc_Punc	LocPre_Adv	NStem_NStem
tin_dzaba	NPre10_NStem	NStem_NStem	NPre10_NStem	NStem_NStem
leti_khomb_w_e	RelConc10_VRoot_PassExt_VerbTerm	VRoot_NStem_VRoot_NStem	RelConc10_VRoot_PassExt_VerbTerm	VRoot_VRoot_VRoot_VRoot
ngu_u_mu_khandlu	CopPre_NPrePre3_BPre3_NStem	NStem_NStem_NStem_VRoot	CopPre_NPrePre3_BPre3_NStem	NStem_VRoot_NStem_NStem
leti_condz_an_e	RelConc10_VRoot_RecipExt_VerbTerm	NStem_NStem_NStem_NStem	RelConc10_VRoot_RecipExt_VerbTerm	NStem_NStem
ngco	Ideoph	Punc	Ideoph	Punc
ne_ma_KPA	AdvPre_BPre6_Abbr	NStem_NStem_NStem	AdvPre_BPre6_Abbr	NStem_NStem_NStem
ta_bo_masipala	PossConc10_NPre2_NStem	NStem_NStem_NStem	PossConc10_NPre2_NStem	NStem_NStem_NStem
.	Punc	Punc	Punc	Punc
la_ma_KPI	PossConc5_NPre6_Abbr	NStem_NStem_NStem	PossConc5_NPre6_Abbr	NStem_NStem_NStem
la_landz_el_a_ko	RelConc6_VRoot_ApplExt_VerbTerm_RelSuf	NStem_NStem_VRoot_NStem_NStem	RelConc6_VRoot_ApplExt_VerbTerm_RelSuf	NStem_NStem_NStem_NStem
ku_mel_e	SC15_VRoot_VerbTerm	NStem_NStem_NStem	SC15_VRoot_VerbTerm	NStem_NStem_NStem
a_be	SC1_AuxVStem	Punc_Punc	SC1_AuxVStem	Punc_Punc
yi_i_ncenye	CopPre_NPrePre9_NStem	NStem_NStem_NStem	CopPre_NPrePre9_NStem	NStem_VRoot_NStem
ye_PMS	PossConc9_Abbr	NStem_NStem	PossConc9_Abbr	NStem_Punc
ya_mu_nye	PossConc9_OC1_EnumStem	NStem_NStem_NStem	PossConc9_OC1_EnumStem	NStem_NStem_NStem
nga_mu_nye	AdvPre_AdjPref1_AdjStem	NStem_NStem_NStem	AdvPre_AdjPref1_AdjStem	NStem_NStem_NStem
masipala	NStem	NStem	NStem	NStem
,	Punc	Punc	Punc	Punc
nga_i_n_dlela	AdvPre_NPrePre9_BPre9_NStem	NStem_NStem_NStem_NStem	AdvPre_NPrePre9_BPre9_NStem	NStem_NStem_NStem_NStem
la_nga_khona	PossConc5_AdvPre_NStem	NStem_NStem_NStem	PossConc5_AdvPre_NStem	NStem_NStem_NStem
ku_sebent_a	BPre15_VRoot_VerbTerm	NStem_NStem_NStem	BPre15_VRoot_VerbTerm	NStem_NStem_NStem
nga_yo	AdvPre_PronStem9	Punc_Punc	AdvPre_PronStem9	Punc_Punc
ku_loyo	LocPre_Dem3_Pos2	NStem_NStem	LocPre_Dem3_Pos2	NStem_NStem
masipala	NStem	NStem	NStem	NStem
.	Punc	Punc	Punc	Punc
leti	Dem10_Pos1	Punc	Dem10_Pos1	Punc
tin_khomba	BPre10_NStem	NStem_NStem	BPre10_NStem	NStem_NStem
ta_velonkhe	PossConc10_NStem	NStem_NStem	PossConc10_NStem	NStem_NStem
leti_khiph_w_a	RelConc10_VRoot_PassExt_VerbTerm	VRoot_NStem_NStem_NStem	RelConc10_VRoot_PassExt_VerbTerm	NStem_NStem_NStem_NStem
yi_ndvuna	CopPre_NStem	NStem_NStem	CopPre_NStem	VRoot_VRoot_VRoot
emva	Adv	Punc	Adv	Punc
kwe_ku_bon_is_an_a	PossConc15_BPre15_VRoot_CausExt_RecipExt_NStem	NStem_NStem_NStem_NStem_NStem_NStem	PossConc15_BPre15_VRoot_CausExt_RecipExt_NStem	VRoot_VRoot_NStem_NStem_VRoot_VRoot
ne_ba_phatsiswa	AdvPre_NPre2_NStem	NStem_NStem_NStem	AdvPre_NPre2_NStem	NStem_NStem_NStem
ba_ti_fundza	PossConc2a_BPre8_NStem	NStem_NStem_NStem	PossConc2a_BPre8_NStem	NStem_NStem_NStem
ba_hulumende	PossConc2_NStem	NStem_NStem	PossConc2_NStem	NStem_NStem
wa_s_e_khaya	PossConc1a_PreLoc-s_LocPre_NStem	NStem_VRoot_NStem_NStem	PossConc1a_PreLoc-s_LocPre_NStem	NStem_NStem_NStem_NStem
kanye	Adv	Punc	Adv	Punc
ne_SALGA	AdvPre_Abbr	NStem_NStem	AdvPre_Abbr	NStem_NStem
.	Punc	Punc	Punc	Punc
noma	Conj	Punc	Conj	Punc
ku_njalo	SC15_Adv	Punc_Punc	SC15_Adv	Punc_Punc
,	Punc	Punc	Punc	Punc
ku_mcoka	BPre15_NStem	NStem_NStem	BPre15_NStem	NStem_NStem_NStem
ku_caphel_a	BPre15_VRoot_VerbTerm	NStem_NStem_NStem	BPre15_VRoot_VerbTerm	NStem_NStem_NStem
kutsi	Conj	Punc	Conj	Punc
kwa_ehlukahluk_an_a	PossConc15_VRoot_RecipExt_VerbTerm	VRoot_VRoot_VRoot_VRoot	PossConc15_VRoot_RecipExt_VerbTerm	NStem_NStem_NStem_NStem
ku_dzing_a	OC15_VRoot_VerbTerm	NStem_NStem_NStem	OC15_VRoot_VerbTerm	NStem_NStem_NStem
ku_phindz_e	SC15_VRoot_VerbTerm	VRoot_VRoot_NStem	SC15_VRoot_VerbTerm	NStem_NStem_NStem
ku_bon_akal_e	SC15_VRoot_NeutExt_VerbTerm	NStem_NStem_NStem_NStem	SC15_VRoot_NeutExt_VerbTerm	NStem_VRoot_NStem_NStem
e_tin_dzaba_ini	LocPre_BPre10_NStem_LocSuf	NStem_NStem_NStem_VRoot	LocPre_BPre10_NStem_LocSuf	NStem_NStem_NStem_NStem
leti_phats_el_an_ile	RelConc10_VRoot_ApplExt_RecipExt_Perf	NStem_NStem_NStem_NStem_NStem	RelConc10_VRoot_ApplExt_RecipExt_Perf	VRoot_VRoot_VRoot_VRoot_VRoot
na_e_ma_ndla	AdvPre_NPrePre6_BPre6_NStem	NStem_VRoot_NStem_NStem	AdvPre_NPrePre6_BPre6_NStem	NStem_NStem_NStem_NStem
ne_tin_sita	AdvPre_BPre10_NStem	NStem_NStem_NStem	AdvPre_BPre10_NStem	NStem_NStem_NStem
.	Punc	Punc	Punc	Punc
lo_ku_ningi	Dem1_Pos1_BPre15_NStem	NStem_NStem_NStem	Dem1_Pos1_BPre15_NStem	NStem_NStem
loku_bon_w_a	RelConc15_VRoot_PassExt_VerbTerm	NStem_NStem_NStem_NStem	RelConc15_VRoot_PassExt_VerbTerm	NStem_NStem_NStem_NStem
njenge	Adv	Punc	Adv	Punc
'	Punc	Punc	Punc	Punc
kwa_ehlukahluk_an_a	PossConc15_VRoot_RecipExt_VerbTerm	VRoot_VRoot_VRoot_VRoot	PossConc15_VRoot_RecipExt_VerbTerm	NStem_NStem_NStem_NStem
'	Punc	Punc	Punc	Punc
kwa_vel_a	SC15_VRoot_VerbTerm	NStem_NStem_NStem	SC15_VRoot_VerbTerm	NStem_NStem_NStem
ngenca	Conj	Punc	Conj	NStem_NStem_NStem_NStem
ye_tin_dzaba	PossConc9_BPre10_NStem	NStem_NStem_NStem	PossConc9_BPre10_NStem	NStem_NStem_NStem
te_bu_dlelwane	PossConc10_BPre14_NStem	NStem_NStem_NStem	PossConc10_BPre14_NStem	VRoot_NStem_VRoot
lo_bu_phatselene	Dem1_Pos1_BPre14_NStem	NStem_NStem_NStem	Dem1_Pos1_BPre14_NStem	VRoot_VRoot_VRoot_VRoot_VRoot
na_e_ma_ndla	AdvPre_NPrePre6_BPre6_NStem	NStem_NStem_NStem_NStem	AdvPre_NPrePre6_BPre6_NStem	NStem_NStem_NStem_NStem
kanye	Adv	Punc	Adv	Punc
ne_ku_ab_iw_a	AdvPre_OC15_VRoot_PassExt_VerbTerm	VRoot_VRoot_VRoot_VRoot_VRoot	AdvPre_OC15_VRoot_PassExt_VerbTerm	VRoot_VRoot_NStem_VRoot_VRoot
kwe_tin_sita	PossConc15_BPre10_NStem	NStem_NStem_NStem	PossConc15_BPre10_NStem	Punc_Punc_Punc
.	Punc	Punc	Punc	Punc
kwa_ehlukan_a	PossConc15_VRoot_VerbTerm	NStem_NStem_NStem	PossConc15_VRoot_VerbTerm	NStem_NStem_NStem_NStem
a_tkukabekeki	RelConc6_NStem	NStem_NStem	RelConc6_NStem	VRoot_VRoot_VRoot_VRoot_VRoot_VRoot
ko_nkhe	QuantConc15_QuantStem	NStem_NStem	QuantConc15_QuantStem	NStem_NStem
nga_loku_phatsekako	AdvPre_RelConc15_NStem	NStem_NStem_NStem	AdvPre_RelConc15_NStem	VRoot_VRoot_VRoot_VRoot_VRoot_VRoot
,	Punc	Punc	Punc	Punc
na_lapho	AdvPre_Dem16_Pos2	NStem_NStem	AdvPre_Dem16_Pos2	Punc_Punc
ku_njalo	SC15_Adv	Punc_Punc	SC15_Adv	Punc_Punc
khona	NStem	Punc	NStem	Punc
,	Punc	Punc	Punc	Punc
ku_ent_ek_a	SC15_VRoot_NeutExt_VerbTerm	NStem_NStem_NStem_NStem	SC15_VRoot_NeutExt_VerbTerm	NStem_NStem_NStem_NStem
ku_be	SC15_AuxVStem	NStem_NStem	SC15_AuxVStem	Punc_Punc
nga_tulu	AdvPre_NStem	Punc_NStem	AdvPre_NStem	NStem_NStem_NStem_NStem
kwa_loko	PossConc15_Dem15_Pos2	Punc_Punc	PossConc15_Dem15_Pos2	Punc_Punc
nga_i_n_nca	AdvPre_NPrePre9_BPre9_NStem	NStem_NStem_VRoot_NStem	AdvPre_NPrePre9_BPre9_NStem	NStem_NStem_NStem_NStem
ya_leti_nye	PossConc4_AdjPref10_AdjStem	NStem_NStem_NStem	PossConc4_AdjPref10_AdjStem	NStem_NStem_NStem
tin_dzaba	BPre10_NStem	NStem_Punc	BPre10_NStem	NStem_NStem
ta_ku_chaz_a	PossConc10_OC15_VRoot_VerbTerm	NStem_NStem_NStem_NStem	PossConc10_OC15_VRoot_VerbTerm	NStem_NStem_NStem_NStem
si_mo	BPre7_NStem	Punc_Punc	BPre7_NStem	Punc_Punc
se_ku_philisana	PossConc7_BPre15_NStem	NStem_NStem_NStem	PossConc7_BPre15_NStem	VRoot_VRoot_VRoot_VRoot_VRoot_VRoot
e_u_mu_mango_ini	LocPre_NPrePre3_BPre3_NStem_LocSuf	VRoot_NStem_VRoot_VRoot_VRoot	LocPre_NPrePre3_BPre3_NStem_LocSuf	NStem_NStem_NStem_VRoot_NStem
kanye	Adv	Punc	Adv	Punc
na_ku_te_m_notfo	AdvPre_BPre15_PossConc8_BPre3_NStem	NStem_NStem_NStem_NStem_NStem	AdvPre_BPre15_PossConc8_BPre3_NStem	VRoot_VRoot_VRoot_VRoot_VRoot
.	Punc	Punc	Punc	Punc
e_si_khatsi_ini	LocPre_BPre7_NStem_LocSuf	NStem_NStem_NStem_NStem	LocPre_BPre7_NStem_LocSuf	NStem_NStem_NStem_NStem
lesi_ningi	RelConc7_NStem	NStem_NStem	RelConc7_NStem	NStem_NStem
u_mu_hluko	NPrePre3_BPre3_NStem	NStem_NStem_NStem	NPrePre3_BPre3_NStem	NStem_NStem_NStem
e_m_khatsi_ini	LocPre_BPre3_NStem_LocSuf	NStem_NStem_NStem_NStem	LocPre_BPre3_NStem_LocSuf	NStem_NStem_NStem_NStem
wa_laba_njingile	PossConc3_RelConc6_NStem	NStem_NStem_NStem	PossConc3_RelConc6_NStem	NStem_NStem_NStem
na_laba_phuyile	AdvPre_RelConc2_NStem	NStem_NStem_NStem	AdvPre_RelConc2_NStem	NStem_NStem_NStem_NStem
;	Punc	Punc	Punc	Punc
laba_sebent_a_ko	RelConc2_VRoot_VerbTerm_RelSuf	NStem_NStem_NStem_NStem	RelConc2_VRoot_VerbTerm_RelSuf	NStem_NStem_NStem_NStem
na_laba_nga_sebenti	AdvPre_RelConc2_NegPre_NStem	NStem_NStem_NStem_NStem	AdvPre_RelConc2_NegPre_NStem	NStem_VRoot_VRoot_NStem_NStem
;	Punc	Punc	Punc	Punc
ba_s_e_ma_dolobha_ini	PossConc2a_PreLoc-s_LocPre_BPre6_NStem_LocSuf	VRoot_VRoot_VRoot_VRoot_VRoot_VRoot	PossConc2a_PreLoc-s_LocPre_BPre6_NStem_LocSuf	VRoot_VRoot_VRoot_VRoot_VRoot_VRoot
na_ba_s_e_ma_khaya	AdvPre_BPre2_PreLoc-s_LocPre_BPre6_NStem	VRoot_VRoot_VRoot_VRoot_VRoot_VRoot	AdvPre_BPre2_PreLoc-s_LocPre_BPre6_NStem	VRoot_VRoot_VRoot_VRoot_VRoot_VRoot
,	Punc	Punc	Punc	Punc
laba_fundz_ile	RelConc2_VRoot_Perf	NStem_NStem_NStem	RelConc2_VRoot_Perf	NStem_NStem_NStem
na_laba_ngaka_fundz_i	AdvPre_RelConc2_NegPre_VRoot_VerbTerm	NStem_NStem_NStem_Punc_NStem	AdvPre_RelConc2_NegPre_VRoot_VerbTerm	VRoot_VRoot_VRoot_VRoot_VRoot_VRoot
wa_akh_iw_e	PossConc1_VRoot_PassExt_VerbTerm	VRoot_VRoot_VRoot_VRoot	PossConc1_VRoot_PassExt_VerbTerm	VRoot_VRoot_VRoot_NStem
mayela_na	NStem_DimSuf	NStem_NStem	NStem_DimSuf	NStem
na_si_mo	AdvPre_BPre7_NStem	NStem_Punc_NStem	AdvPre_BPre7_NStem	NStem_Punc_Punc
se_ku_philisana	PossConc7_BPre15_NStem	NStem_NStem_NStem	PossConc7_BPre15_NStem	VRoot_VRoot_VRoot_VRoot_VRoot_VRoot
e_u_mu_mango_ini	LocPre_NPrePre3_BPre3_NStem_LocSuf	VRoot_VRoot_VRoot_VRoot_VRoot	LocPre_NPrePre3_BPre3_NStem_LocSuf	NStem_NStem_NStem_NStem_NStem
na_nga_in_dlela	AdvPre_CopPre_NPre9_NStem	NStem_NStem_NStem_NStem	AdvPre_CopPre_NPre9_NStem	NStem_NStem_NStem_NStem
le_jul_ile	SC5_VRoot_Perf	Punc_Punc_Punc	SC5_VRoot_Perf	NStem_NStem_NStem
ye_mbusav_e	PossConc4_Intrans_VerbTerm	NStem_NStem_NStem	PossConc4_Intrans_VerbTerm	NStem_NStem_NStem
.	Punc	Punc	Punc	Punc
lo_ku_ehluk_an_a	RelConc3_BPre15_VRoot_RecipExt_VerbTerm	VRoot_VRoot_VRoot_VRoot_VRoot	RelConc3_BPre15_VRoot_RecipExt_VerbTerm	VRoot_NStem_NStem_NStem
aku_kaphatselan_i	NegPre_Intrans_VerbTerm	VRoot_VRoot_VRoot	NegPre_Intrans_VerbTerm	NStem_NStem_NStem_NStem_NStem_NStem_NStem
ka_nga_kanani	AdvPre_AdvPre_Interrog	NStem_NStem_NStem	AdvPre_AdvPre_Interrog	NStem_NStem_NStem
na_ticu	AdvPre_NStem	NStem_NStem	AdvPre_NStem	NStem_Punc_Punc
te_m_timba	PossConc8_BPre3_NStem	NStem_NStem_NStem	PossConc8_BPre3_NStem	NStem_NStem
la_ta_lw_a	PossConc5_Fut_VRoot_VerbTerm	NStem_NStem_NStem_NStem	PossConc5_Fut_VRoot_VerbTerm	NStem_NStem_NStem_NStem
na_to	AdvPre_PronStem10	Punc_Punc	AdvPre_PronStem10	Punc_Punc
u_mu_ntfu	NPrePre1_BPre1_NStem	NStem_NStem_NStem	NPrePre1_BPre1_NStem	NStem_NStem_NStem
futsi	Conj	Punc	Conj	Punc
ku_lawul_w_a	BPre15_VRoot_PassExt_VerbTerm	NStem_NStem_NStem_NStem	BPre15_VRoot_PassExt_VerbTerm	NStem_NStem_NStem_NStem
kwa_ehlukahluk_an_a	PossConc15_VRoot_RecipExt_VerbTerm	VRoot_VRoot_VRoot_VRoot	PossConc15_VRoot_RecipExt_VerbTerm	VRoot_VRoot_VRoot_VRoot
loku_yi_m_phumelo	RelConc15_CopPre_BPre3_NStem	VRoot_NStem_VRoot_VRoot	RelConc15_CopPre_BPre3_NStem	VRoot_VRoot_VRoot_VRoot
ku_to_dzinga	BPre15_Fut_NStem	NStem_NStem_NStem	BPre15_Fut_NStem	NStem_NStem_NStem_NStem
ku_nak_ek_el_w_e	SC15_VRoot_NPas_ApplExt_PassExt_VerbTerm	VRoot_VRoot_VRoot_NStem_NStem_VRoot	SC15_VRoot_NPas_ApplExt_PassExt_VerbTerm	VRoot_VRoot_VRoot_VRoot
loku_bek_ek_e	RelConc15_VRoot_VerbExt_VerbTerm	NStem_NStem_NStem_NStem	RelConc15_VRoot_VerbExt_VerbTerm	NStem_NStem_NStem
eli_siko_ini	RelConc5_NStem_LocSuf	NStem_NStem_NStem	RelConc5_NStem_LocSuf	NStem_NStem_NStem_NStem
lwe_ma_lungelo	PossConc11_BPre6_NStem	NStem_VRoot_VRoot	PossConc11_BPre6_NStem	VRoot_VRoot_VRoot_VRoot
a_lu_ntfu	PossConc6_BPre11_NStem	NStem_NStem_NStem	PossConc6_BPre11_NStem	VRoot_VRoot_VRoot
.	Punc	Punc	Punc	Punc
masipala	NStem	NStem	NStem	Punc
nga_mu_nye	AdvPre_AdjPref1_AdjStem	NStem_NStem_NStem	AdvPre_AdjPref1_AdjStem	NStem_NStem_NStem
u_dzing_ek_a	SC1_VRoot_NeutExt_VerbTerm	NStem_NStem_NStem_NStem	SC1_VRoot_NeutExt_VerbTerm	NStem_NStem_NStem_NStem
nga_loku_s_e_mu_tsetfo_ini	AdvPre_RelConc15_PreLoc-s_LocPre_BPre3_NStem_LocSuf	VRoot_VRoot_VRoot_VRoot_VRoot_VRoot_NStem	AdvPre_RelConc15_PreLoc-s_LocPre_BPre3_NStem_LocSuf	VRoot_VRoot_VRoot
ku_tfutfuk_is_a	BPre15_VRoot_CausExt_VerbTerm	VRoot_VRoot_VRoot_VRoot	BPre15_VRoot_CausExt_VerbTerm	VRoot_VRoot_VRoot_VRoot
lu_hlelo	BPre11_NStem	NStem_NStem	BPre11_NStem	NStem_NStem
lwa_ku_lawul_a	PossConc11_OC15_VRoot_VerbTerm	NStem_NStem_NStem_NStem	PossConc11_OC15_VRoot_VerbTerm	VRoot_VRoot_VRoot_VRoot
ku_sebent_a	BPre15_VRoot_VerbTerm	NStem_NStem_NStem	BPre15_VRoot_VerbTerm	NStem_NStem_NStem
(	Punc	Punc	Punc	Punc
PMS	Abbr	Punc	Abbr	Punc
)	Punc	Punc	Punc	Punc
lolu_tawu_khutsat_a	RelConc11_Fut_VRoot_VerbTerm	NStem_NStem_VRoot_VRoot	RelConc11_Fut_VRoot_VerbTerm	NStem_NStem_NStem_VRoot
ku_sebent_a	BPre15_VRoot_VerbTerm	NStem_NStem_NStem	BPre15_VRoot_VerbTerm	NStem_NStem_NStem
ka_hle	AdvPre_AdjStem	NStem_NStem	AdvPre_AdjStem	NStem_NStem
nanga_in_phumelelo	AdvPre_NPre9_NStem	VRoot_VRoot_VRoot	AdvPre_NPre9_NStem	VRoot_VRoot_VRoot_VRoot
,	Punc	Punc	Punc	Punc
ku_b_e	SC15_VRoot_VerbTerm	NStem_NStem_NStem	SC15_VRoot_VerbTerm	Punc_Punc
na_ku_ti_phendvul_el_a	AdvPre_OC15_ReflPre_VRoot_ApplExt_VerbTerm	VRoot_VRoot_VRoot_VRoot_VRoot_VRoot	AdvPre_OC15_ReflPre_VRoot_ApplExt_VerbTerm	NStem_VRoot_NStem_NStem_NStem_NStem
e_ku_setjentis_w_a_ini	LocPre_OC15_VRoot_PassExt_VerbTerm_LocSuf	VRoot_VRoot_VRoot_VRoot_VRoot_VRoot	LocPre_OC15_VRoot_PassExt_VerbTerm_LocSuf	VRoot_VRoot_VRoot_VRoot_VRoot_VRoot
kwe_tin_sita	PossConc15_BPre10_NStem	NStem_NStem_NStem	PossConc15_BPre10_NStem	NStem_NStem_NStem
ta_masipala	PossConc10_NStem	NStem_NStem	PossConc10_NStem	NStem_NStem
lu_phindz_e	SC11_VRoot_VerbTerm	NStem_NStem_NStem	SC11_VRoot_VerbTerm	NStem_NStem_NStem
lu_khomb_is_e	SC11_VRoot_CausExt_VerbTerm	NStem_NStem_NStem_NStem	SC11_VRoot_CausExt_VerbTerm	NStem_NStem_NStem_NStem
ku_fezek_a	BPre15_VRoot_VerbTerm	NStem_NStem_NStem	BPre15_VRoot_VerbTerm	NStem_NStem_NStem_NStem
kwa_i_mi_phumela	PossConc15_NPrePre4_BPre4_NStem	VRoot_NStem_VRoot_VRoot	PossConc15_NPrePre4_BPre4_NStem	NStem_VRoot_VRoot_NStem
.	Punc	Punc	Punc	Punc
(	Punc	Punc	Punc	Punc
PMS	Abbr	Punc	Abbr	Punc
)	Punc	Punc	Punc	Punc
i_phindze	BPre9_NStem	NStem_NStem	BPre9_NStem	NStem_NStem
i_ku_at_i	SC4_OC15_VRoot_VerbTerm	NStem_NStem_NStem_NStem	SC4_OC15_VRoot_VerbTerm	NStem_NStem_NStem_NStem
ku_sebent_a	BPre15_VRoot_VerbTerm	NStem_NStem_NStem	BPre15_VRoot_VerbTerm	NStem_NStem_NStem
njenga_si_cwayiso	AdvPre_NPre7_NStem	VRoot_VRoot_VRoot	AdvPre_NPre7_NStem	NStem_NStem_NStem
sa_nga_phambili	PossConc7_AdvPre_Adv	NStem_NStem_NStem	PossConc7_AdvPre_Adv	VRoot_NStem_NStem_NStem
njengobe	Conj	Punc	Conj	Punc
i_khomb_is_a	SC4_VRoot_CausExt_VerbTerm	NStem_NStem_NStem_NStem	SC4_VRoot_CausExt_VerbTerm	NStem_NStem_NStem_NStem
ku_nga_sebent_i	BPre15_NegPre_VRoot_VerbTerm	NStem_NStem_VRoot_VRoot	BPre15_NegPre_VRoot_VerbTerm	NStem_NStem_NStem_NStem
nobe	Conj	Punc	Conj	Punc
ku_sebent_a	BPre15_VRoot_VerbTerm	NStem_NStem_NStem	BPre15_VRoot_VerbTerm	NStem_NStem_NStem
loku_nga_phansi	RelConc15_AdvPre_Adv	NStem_NStem_NStem	RelConc15_AdvPre_Adv	NStem_NStem_NStem
kwa_li_zinga	PossConc15_BPre5_NStem	NStem_NStem_NStem	PossConc15_BPre5_NStem	NStem_NStem_NStem
leli_lindzel_w_e	RelConc5_VRoot_PassExt_VerbTerm	NStem_NStem_NStem_NStem	RelConc5_VRoot_PassExt_VerbTerm	VRoot_NStem_NStem_NStem
,	Punc	Punc	Punc	Punc
nga_loko	AdvPre_Dem15_Pos2	Punc_Punc	AdvPre_Dem15_Pos2	Punc_Punc
bese	Conj	Punc	Conj	NStem
ku_b_a	BPre15_VRoot_VerbTerm	NStem_NStem_NStem	BPre15_VRoot_VerbTerm	NStem_NStem_NStem
khona	Adv	Punc	Adv	Punc
ku_ngenelel_a	BPre15_VRoot_VerbTerm	VRoot_VRoot_VRoot	BPre15_VRoot_VerbTerm	VRoot_VRoot_VRoot_VRoot
kute	Conj	Punc	Conj	Punc
ku_ent_iw_e	SC15_VRoot_PassExt_VerbTerm	VRoot_VRoot_VRoot_NStem	SC15_VRoot_PassExt_VerbTerm	VRoot_VRoot_VRoot_VRoot
ncono	Adv	NStem	Adv	NStem
si_mo	BPre7_NStem	Punc_Punc	BPre7_NStem	Punc_Punc
.	Punc	Punc	Punc	Punc
le_nye	AdjPref9_AdjStem	Punc_Punc	AdjPref9_AdjStem	Punc_Punc
ya_tin_hloso	PossConc10_BPre10_NStem	NStem_NStem_NStem	PossConc10_BPre10_NStem	NStem_NStem_NStem
letin_khulu	AdjPref10_AdjStem	NStem_NStem	AdjPref10_AdjStem	NStem_NStem
ta_hulumende	BPre8_NStem	NStem_NStem	BPre8_NStem	NStem_NStem
ku_be	SC15_AuxVStem	Punc_Punc	SC15_AuxVStem	Punc_Punc
ku_ndlul_is_el_w_a	BPre15_VRoot_CausExt_ApplExt_PassExt_VerbTerm	VRoot_VRoot_VRoot_VRoot_VRoot_VRoot	BPre15_VRoot_CausExt_ApplExt_PassExt_VerbTerm	NStem_NStem_NStem
kwe_m_sebenti	PossConc15_BPre3_NStem	NStem_NStem_NStem	PossConc15_BPre3_NStem	NStem_NStem_NStem
wa_kwe_tful_w_a	PossConc3_OC15_VRoot_PassExt_VerbTerm	NStem_NStem_VRoot_VRoot_VRoot	PossConc3_OC15_VRoot_PassExt_VerbTerm	NStem_NStem_NStem_NStem_NStem
kwe_tin_sita	PossConc15_BPre10_NStem	NStem_NStem_NStem	PossConc15_BPre10_NStem	NStem_NStem_NStem
ku_suk_el_a	BPre15_VRoot_ApplExt_VerbTerm	NStem_NStem_NStem_NStem	BPre15_VRoot_ApplExt_VerbTerm	NStem_NStem_NStem_NStem
ku_hulumende	LocPre_NStem	NStem_NStem	LocPre_NStem	NStem_NStem
wa_velonkhe	PossConc1a_NStem	NStem_Punc	PossConc1a_NStem	NStem_NStem
ku_y_a	BPre15_VRoot_VerbTerm	NStem_NStem_NStem	BPre15_VRoot_VerbTerm	NStem_NStem_NStem
ku_bo_hulumende	LocPre_BPre2a_NStem	NStem_NStem_NStem	LocPre_BPre2a_NStem	NStem_NStem_NStem
ba_ti_fundza	PossConc2a_BPre8_NStem	NStem_NStem_NStem	PossConc2a_BPre8_NStem	NStem_NStem_NStem
kanye	Conj	Punc	Conj	Punc
na_ku_ti_phatsimandla	AdvPre_LocPre_BPre8_NStem	VRoot_VRoot_VRoot_VRoot	AdvPre_LocPre_BPre8_NStem	VRoot_VRoot_VRoot_VRoot_NStem
ta_in_dzawo	PossConc10_NPre9_NStem	VRoot_VRoot_VRoot	PossConc10_NPre9_NStem	NStem_NStem_NStem
.	Punc	Punc	Punc	Punc
kwe_tful_w_a	BPre15_VRoot_PassExt_VerbTerm	VRoot_NStem_NStem_NStem	BPre15_VRoot_PassExt_VerbTerm	NStem_NStem_NStem_NStem
kwe_tin_sita	PossConc15_BPre10_NStem	NStem_NStem_NStem	PossConc15_BPre10_NStem	NStem_NStem_NStem
ku_mel_e	SC15_VRoot_VerbTerm	NStem_NStem_NStem	SC15_VRoot_VerbTerm	NStem_NStem_NStem
ku_be	SC15_AuxVStem	Punc_Punc	SC15_AuxVStem	Punc_Punc
s_e_tandla_ini	PreLoc-s_LocPre_NStem_LocSuf	NStem_NStem_NStem_NStem	PreLoc-s_LocPre_NStem_LocSuf	NStem_NStem_NStem_NStem
ta_labo	SC8_Dem1_Pos2	Punc_Punc	SC8_Dem1_Pos2	Punc_Punc
laba_s_e_dvute	RelConc2_PreLoc-s_LocPre_Adv	VRoot_VRoot_VRoot_VRoot	RelConc2_PreLoc-s_LocPre_Adv	VRoot_VRoot_VRoot_VRoot
na_ba_sebentisi	AdvPre_BPre2_NStem	NStem_NStem_NStem	AdvPre_BPre2_NStem	NStem_NStem_NStem
ba_tin_hlelo	PossConc2_BPre10_NStem	NStem_NStem_NStem	PossConc2_BPre10_NStem	NStem_NStem_NStem
e_n_dzawo_ini	LocPre_NPre9_NStem_LocSuf	NStem_NStem_NStem_NStem	LocPre_NPre9_NStem_LocSuf	VRoot_VRoot_VRoot_VRoot
ya_ku_ts_i	PossConc9_BPre15_VRoot_VerbTerm	NStem_NStem_NStem_NStem	PossConc9_BPre15_VRoot_VerbTerm	NStem_NStem_NStem_NStem
ku_be	SC15_AuxVStem	Punc_Punc	SC15_AuxVStem	Punc_Punc
s_e_tandla_ini	PreLoc-s_LocPre_NStem_LocSuf	VRoot_NStem_NStem_NStem	PreLoc-s_LocPre_NStem_LocSuf	NStem_NStem_NStem_NStem
ta_hulumende	PossConc8_NStem	NStem_NStem	PossConc8_NStem	NStem_NStem
mu_nye	CopPre_AdjStem	Punc_Punc	CopPre_AdjStem	Punc_Punc
,	Punc	Punc	Punc	Punc
ku_sus_w_e	SC15_VRoot_PassExt_VerbTerm	NStem_NStem_NStem_NStem	SC15_VRoot_PassExt_VerbTerm	NStem_NStem_NStem_NStem
ka_khulu	AdvPre_AdjStem	Punc_Punc	AdvPre_AdjStem	NStem_NStem
'	Punc	Punc	Punc	Punc
e_ku_b_a_ini	LocPre_BPre15_VRoot_VerbTerm_LocSuf	NStem_NStem_NStem_NStem_NStem	LocPre_BPre15_VRoot_VerbTerm_LocSuf	Punc_Punc_Punc_Punc
sembili	Adv	Punc	Adv	Punc_Punc
'	Punc	Punc	Punc	Punc
.	Punc	NStem	Punc	Punc
ku_sa_mel_e	BPre15_Fut_VRoot_VerbTerm	NStem_NStem_NStem_NStem	BPre15_Fut_VRoot_VerbTerm	NStem_NStem_NStem_NStem
ku_hamb_is_an_e	SC15_VRoot_CausExt_RecipExt_VerbTerm	NStem_NStem_NStem_NStem_NStem	SC15_VRoot_CausExt_RecipExt_VerbTerm	VRoot_NStem_NStem_VRoot_VRoot
na_lu_hlaka	AdvPre_BPre11_NStem	NStem_NStem_NStem	AdvPre_BPre11_NStem	NStem_NStem_NStem
lwa_i_n_chubomgomo	PossConc11_NPrePre9_BPre9_NStem	VRoot_VRoot_VRoot_VRoot	PossConc11_NPrePre9_BPre9_NStem	VRoot_VRoot_VRoot
yavelonkhe	NStem	NStem	NStem	NStem_NStem
le_tfutfuk_is_w_e	RelConc9_VRoot_CausExt_PassExt_VerbTerm	VRoot_VRoot_VRoot_VRoot_VRoot	RelConc9_VRoot_CausExt_PassExt_VerbTerm	VRoot_VRoot_VRoot_VRoot_VRoot
nga_ma_tiko	AdvPre_BPre6_NStem	NStem_NStem_NStem	AdvPre_BPre6_NStem	NStem_NStem_NStem
a_hulumende	PossConc6_NStem	NStem_NStem	PossConc6_NStem	NStem_NStem
la_fanel_e	RelConc6_VRoot_VerbTerm	NStem_NStem_NStem	RelConc6_VRoot_VerbTerm	NStem_NStem_NStem
.	Punc	Punc	Punc	Punc
lu_hlaka	BPre11_NStem	Punc_Punc	BPre11_NStem	NStem_NStem
lwe_m_tsetfosisekelo	PossConc11_BPre3_NStem	VRoot_VRoot_VRoot	PossConc11_BPre3_NStem	VRoot_VRoot_VRoot
lu_vum_el_a	SC11_VRoot_ApplExt_VerbTerm	NStem_NStem_NStem_NStem	SC11_VRoot_ApplExt_VerbTerm	NStem_NStem_NStem_NStem
ku_ehluk_an_a	BPre15_VRoot_RecipExt_VerbTerm	NStem_NStem_NStem_NStem	BPre15_VRoot_RecipExt_VerbTerm	VRoot_NStem_NStem_NStem
e_ku_niket_el_w_eni	LocPre_BPre15_VRoot_ApplExt_PassExt_LocSuf	VRoot_VRoot_VRoot_VRoot_VRoot_VRoot	LocPre_BPre15_VRoot_ApplExt_PassExt_LocSuf	NStem_VRoot_NStem_NStem_VRoot
kwa_e_ma_ndla	PossConc15_NPrePre6_BPre6_NStem	NStem_NStem_NStem_NStem	PossConc15_NPrePre6_BPre6_NStem	Punc_Punc_Punc_Punc
na_mi_sebenti	AdvPre_BPre4_NStem	NStem_NStem_NStem	AdvPre_BPre4_NStem	NStem_NStem_NStem
,	Punc	Punc	Punc	Punc
kantsi	Conj	Punc	Conj	Punc
loku	Dem15_Pos1	Punc	Dem15_Pos1	Punc
ku_mel_e	SC15_VRoot_VerbTerm	NStem_NStem_NStem	SC15_VRoot_VerbTerm	NStem_NStem_NStem
ku_setjentiselwe	BPre17_NStem	NStem_NStem	BPre17_NStem	VRoot_VRoot_VRoot_VRoot_VRoot
ku_cinisek_is_a	BPre15_VRoot_CausExt_VerbTerm	VRoot_NStem_VRoot_VRoot	BPre15_VRoot_CausExt_VerbTerm	VRoot_VRoot_VRoot_VRoot
ku_ngen_a	BPre15_VRoot_VerbTerm	Punc_Punc_Punc	BPre15_VRoot_VerbTerm	NStem_NStem_NStem
ka_hle	AdvPre_AdjStem	NStem_NStem	AdvPre_AdjStem	Punc_Punc
e_m_khatsi_ini	LocPre_BPre3_NStem_LocSuf	NStem_NStem_NStem_NStem	LocPre_BPre3_NStem_LocSuf	VRoot_VRoot_NStem_VRoot
wa_e_ma_ndla	PossConc3_NPrePre6_BPre6_NStem	VRoot_VRoot_VRoot_VRoot	PossConc3_NPrePre6_BPre6_NStem	NStem_NStem_NStem_NStem
na_mi_sebenti	AdvPre_BPre4_NStem	NStem_NStem_NStem	AdvPre_BPre4_NStem	NStem_NStem_NStem
ye_ti_fundza	PossConc4_NPre8_NStem	Punc_Punc_Punc	PossConc4_NPre8_NStem	NStem_NStem_NStem
kanye	Adv	Punc	Adv	Punc
na_bo_masipala	AdvPre_BPre2a_NStem	NStem_NStem_NStem	AdvPre_BPre2a_NStem	VRoot_NStem_NStem
.	Punc	Punc	Punc	Punc
lolu_hlelo	Dem11_Pos1_NStem	Punc_Punc	Dem11_Pos1_NStem	NStem_NStem
lolu_khona	RelConc11_Adv	NStem_NStem	RelConc11_Adv	NStem_NStem
njenga_nyalo	AdvPre_Adv	Punc_Punc	AdvPre_Adv	NStem_NStem
lu_nga_ent_iw_a	SC11_Pot_VRoot_PassExt_VerbTerm	NStem_NStem_VRoot_VRoot_NStem	SC11_Pot_VRoot_PassExt_VerbTerm	VRoot_VRoot_VRoot_VRoot_VRoot
ncono	NStem	NStem	NStem	NStem
,	Punc	Punc	Punc	Punc
nga_ku_caciswa	AdvPre_BPre15_NStem	NStem_NStem_NStem	AdvPre_BPre15_NStem	VRoot_NStem_NStem_VRoot_VRoot_VRoot
kwa_i_mi_sebenti	PossConc15_NPrePre4_BPre4_NStem	NStem_NStem_NStem_NStem	PossConc15_NPrePre4_BPre4_NStem	NStem_NStem_NStem_NStem
e_i_mi_khakha_ini	LocPre_NPrePre4_BPre4_NStem_LocSuf	NStem_NStem_NStem_NStem_NStem	LocPre_NPrePre4_BPre4_NStem_LocSuf	VRoot_NStem_VRoot_VRoot_NStem
ye_te_tin_dlu	PossConc9_PossConc8_BPre10_NStem	NStem_NStem_NStem_NStem	PossConc9_PossConc8_BPre10_NStem	VRoot_NStem_NStem_NStem
,	Punc	Punc	Punc	Punc
e_manti	LocPre_NStem	NStem_NStem	LocPre_NStem	NStem_NStem
,	Punc	Punc	Punc	Punc
tin_hlelo	BPre10_NStem	NStem_NStem	BPre10_NStem	NStem_NStem
ta_ku_hamb_is_a	PossConc10_BPre15_VRoot_CausExt_VerbTerm	VRoot_NStem_VRoot_VRoot_VRoot	PossConc10_BPre15_VRoot_CausExt_VerbTerm	NStem_NStem_NStem_NStem_NStem
e_ma_ngcoliso	NPrePre6_BPre6_NStem	NStem_NStem_NStem	NPrePre6_BPre6_NStem	NStem_NStem_NStem
,	Punc	Punc	Punc	Punc
gezi	NStem	Punc	NStem	Punc
kanye	Adv	Punc	Adv	Punc
na_te_ku_tfutsa	AdvPre_PossConc8_BPre15_NStem	VRoot_VRoot_VRoot_VRoot	AdvPre_PossConc8_BPre15_NStem	VRoot_VRoot_VRoot_VRoot_VRoot
ta_u_mu_mango	PossConc8_NPrePre3_BPre3_NStem	NStem_NStem_NStem_NStem	PossConc8_NPrePre3_BPre3_NStem	NStem_NStem_NStem_NStem
.	Punc	Punc	Punc	Punc
e_ma_dolobha	NPrePre6_BPre6_NStem	NStem_NStem_NStem	NPrePre6_BPre6_NStem	NStem_NStem_NStem
lama_khulu	AdjPref6_AdjStem	NStem_NStem	AdjPref6_AdjStem	NStem_NStem
ku_mel_e	SC15_VRoot_VerbTerm	NStem_NStem_NStem	SC15_VRoot_VerbTerm	NStem_NStem_NStem
a_a_niket_w_e	NegPre_SC6_VRoot_PassExt_VerbTerm	NStem_NStem_NStem_NStem_NStem	NegPre_SC6_VRoot_PassExt_VerbTerm	NStem_NStem_VRoot_NStem
i_mali	NPre9_NStem	Punc_Punc	NPre9_NStem	Punc_Punc
le_nyenti	PossConc5_NStem	NStem_NStem	PossConc5_NStem	Punc_Punc
kanye	Adv	Punc	Adv	Punc
na_e_ma_ndla	AdvPre_NPrePre6_BPre6_NStem	NStem_NStem_NStem_NStem	AdvPre_NPrePre6_BPre6_NStem	NStem_NStem_NStem_NStem
e_te_mu_busave	LocPre_PossConc10_BPre3_NStem	NStem_NStem_NStem_NStem	LocPre_PossConc10_BPre3_NStem	NStem_Punc_NStem_NStem
kute	Conj	Punc	Conj	Punc
a_chub_e	SC6_VRoot_VerbTerm	NStem_NStem_NStem	SC6_VRoot_VerbTerm	NStem_NStem_NStem
ku_ent_iw_a	BPre15_VRoot_PassExt_VerbTerm	NStem_NStem_NStem_NStem	BPre15_VRoot_PassExt_VerbTerm	VRoot_VRoot_VRoot_VRoot
ncono	NStem	Punc	NStem	NStem
ku_hlal_is_w_a	BPre15_VRoot_CausExt_PassExt_VerbTerm	VRoot_VRoot_VRoot_VRoot_VRoot	BPre15_VRoot_CausExt_PassExt_VerbTerm	VRoot_VRoot_VRoot_VRoot_VRoot
kwe_ba_ntfu	PossConc15_BPre2_NStem	NStem_NStem_NStem	PossConc15_BPre2_NStem	NStem_NStem_NStem
,	Punc	Punc	Punc	Punc
ta_uku_tfuts_a	PossConc8_OC15_VRoot_VerbTerm	NStem_VRoot_VRoot_VRoot	PossConc8_OC15_VRoot_VerbTerm	VRoot_VRoot_VRoot_VRoot
kanye	Adv	Punc	Adv	Punc
ne_ku_hlel_a	AdvPre_BPre15_VRoot_VerbTerm	VRoot_NStem_NStem_NStem	AdvPre_BPre15_VRoot_VerbTerm	NStem_NStem_NStem_NStem
i_n_dzawo	NPrePre9_BPre9_NStem	VRoot_NStem_VRoot	NPrePre9_BPre9_NStem	NStem_NStem_NStem
.	Punc	Punc	Punc	Punc
ku_lemi_nye	LocPre_AdjPref4_AdjStem	NStem_NStem_NStem	LocPre_AdjPref4_AdjStem	NStem_NStem_NStem
i_mi_khakha	NPrePre4_BPre4_NStem	NStem_NStem_NStem	NPrePre4_BPre4_NStem	NStem_NStem_NStem
,	Punc	Punc	Punc	Punc
tin_sita	NPre10_NStem	Punc_Punc	NPre10_NStem	Punc_Punc
ta_si_godzi	PossConc10_BPre7_NStem	NStem_NStem_NStem	PossConc10_BPre7_NStem	NStem_NStem_NStem
ti_nga_nika	BPre10_NegPre_NStem	NStem_NStem_NStem	BPre10_NegPre_NStem	NStem_NStem_NStem_NStem
tin_sita	NPre10_NStem	Punc_Punc	NPre10_NStem	Punc_Punc
e_n_dzawo_ini	LocPre_NPre9_NStem_LocSuf	VRoot_VRoot_VRoot_VRoot	LocPre_NPre9_NStem_LocSuf	NStem_NStem_NStem_NStem
ya_bo_masipala	PossConc4_BPre2_NStem	NStem_NStem_NStem	PossConc4_BPre2_NStem	NStem_NStem_NStem
laba_nga_na_yo	RelConc2_NegPre_CopPre_NStem	NStem_NStem_NStem_NStem	RelConc2_NegPre_CopPre_NStem	NStem_NStem_NStem
i_mi_tfombolusito	NPrePre4_BPre4_NStem	VRoot_VRoot_VRoot	NPrePre4_BPre4_NStem	VRoot_VRoot_VRoot
le_ye_nel_e	RelConc4_Pres_VRoot_VerbTerm	NStem_NStem_NStem_NStem	RelConc4_Pres_VRoot_VerbTerm	NStem_NStem_NStem_NStem
,	Punc	Punc	Punc	Punc
kepha	Conj	NStem	Conj	Punc
loku	Dem15_Pos1	Punc	Dem15_Pos1	Punc
ku_mel_e	SC15_VRoot_VerbTerm	NStem_Punc_Punc	SC15_VRoot_VerbTerm	NStem_Punc_NStem
ku_hol_w_e	SC15_VRoot_PassExt_VerbTerm	NStem_NStem_NStem_NStem	SC15_VRoot_PassExt_VerbTerm	NStem_NStem_NStem_NStem
bo_masipala	BPre2a_NStem	NStem_NStem	BPre2a_NStem	NStem_NStem
kute	Conj	Punc	Conj	Punc
ku_gwem_w_e	SC15_VRoot_PassExt_VerbTerm	VRoot_VRoot_NStem_NStem	SC15_VRoot_PassExt_VerbTerm	VRoot_VRoot_NStem_NStem_VRoot
ku_buk_el_w_a	BPre15_VRoot_ApplExt_PassExt_VerbTerm	NStem_NStem_NStem_NStem_NStem	BPre15_VRoot_ApplExt_PassExt_VerbTerm	NStem_NStem_NStem_NStem_NStem
phasi	NStem	Punc	NStem	Punc
kwe_we_ku_ti_phendvul_el_a	PossConc15_OC3_BPre15_BPre8_Intrans_ApplExt_VerbTerm	VRoot_VRoot_VRoot_VRoot_VRoot_VRoot_VRoot	PossConc15_OC3_BPre15_BPre8_Intrans_ApplExt_VerbTerm	VRoot_VRoot_VRoot_VRoot_VRoot_VRoot
kwa_i_n_tsandvo	PossConc15_NPrePre9_BPre9_NStem	VRoot_VRoot_VRoot_VRoot	PossConc15_NPrePre9_BPre9_NStem	VRoot_VRoot_VRoot_VRoot
ya_li_nyenti	PossConc4_BPre5_AdjStem	NStem_NStem_NStem	PossConc4_BPre5_AdjStem	NStem_NStem_NStem
e_kwe_tful_w_a_ini	LocPre_BPre15_VRoot_PassExt_VerbTerm_LocSuf	VRoot_VRoot_VRoot_VRoot_VRoot_VRoot	LocPre_BPre15_VRoot_PassExt_VerbTerm_LocSuf	VRoot_VRoot_VRoot_VRoot_VRoot_VRoot
kwe_tin_sita	PossConc15_BPre10_NStem	NStem_NStem_NStem	PossConc15_BPre10_NStem	Punc_Punc_Punc
.	Punc	Punc	Punc	Punc
ngenca	Conj	Punc	Conj	NStem_NStem_NStem_NStem
ya_ku_b_a	PossConc9_OC15_VRoot_VerbTerm	NStem_NStem_NStem_NStem	PossConc9_OC15_VRoot_VerbTerm	NStem_NStem_NStem
na_si_khatsi	AdvPre_BPre7_NStem	NStem_NStem_NStem	AdvPre_BPre7_NStem	NStem_NStem_NStem
lesi_ncane	AdjPref7_AdjStem	NStem_NStem	AdjPref7_AdjStem	NStem_NStem
,	Punc	Punc	Punc	Punc
ba_bili	CopPre_AdjStem	Punc_Punc	CopPre_AdjStem	Punc_Punc
ba_nga_nik_w_a	SC2_Pot_VRoot_PassExt_VerbTerm	VRoot_VRoot_NStem_NStem_NStem	SC2_Pot_VRoot_PassExt_VerbTerm	NStem_NStem_NStem_NStem_NStem
si_mo	BPre7_NStem	Punc_Punc	BPre7_NStem	Punc_Punc
si_nye	CopPre_AdjStem	Punc_Punc	CopPre_AdjStem	Punc_Punc
nobe	Conj	Punc	Conj	Punc
ti_m_bili	CopPre_BPre3_AdjStem	NStem_NStem_NStem	CopPre_BPre3_AdjStem	NStem_NStem_NStem
ku_ti_buk_a	BPre15_ReflPre_VRoot_VerbTerm	NStem_NStem_NStem_NStem	BPre15_ReflPre_VRoot_VerbTerm	NStem_NStem_NStem_NStem
.	Punc	Punc	Punc	Punc
ku_fanel_ek_a	BPre15_VRoot_NPas_VerbTerm	NStem_NStem_NStem_NStem	BPre15_VRoot_NPas_VerbTerm	NStem_NStem_NStem_NStem
nge_kwe_ISO	AdvPre_PossConc15_Abbr	NStem_NStem_NStem	AdvPre_PossConc15_Abbr	NStem_NStem_NStem
:	Punc	Punc	Punc	Punc
ku_buk_an_ile	SC15_VRoot_RecipExt_Perf	NStem_NStem_NStem_NStem	SC15_VRoot_RecipExt_Perf	NStem_NStem_NStem_NStem
ne_ku_phunyelel_is_w_a	AdvPre_BPre15_VRoot_CausExt_PassExt_VerbTerm	VRoot_VRoot_VRoot_VRoot_VRoot_VRoot	AdvPre_BPre15_VRoot_CausExt_PassExt_VerbTerm	VRoot_VRoot_NStem_VRoot_VRoot_VRoot
kwe_n_dlela	PossConc15_NPre10_NStem	NStem_NStem_NStem	PossConc15_NPre10_NStem	NStem_VRoot_NStem_VRoot
le_nconywe	PossConc5_NStem	NStem_NStem	PossConc5_NStem	NStem_NStem
ngu_u_mu_hlaba	CopPre_NPrePre3_BPre3_NStem	NStem_NStem_NStem_NStem	CopPre_NPrePre3_BPre3_NStem	VRoot_VRoot_VRoot_NStem
jikelele	NStem	NStem	NStem	NStem
ye_ku_lawul_a	PossConc9_BPre15_VRoot_VerbTerm	NStem_NStem_NStem_NStem	PossConc9_BPre15_VRoot_VerbTerm	NStem_NStem_NStem_NStem
nga_loku_se_zinga_ini	AdvPre_RelConc15_Pro_NStem_LocSuf	VRoot_NStem_NStem_NStem_NStem	AdvPre_RelConc15_Pro_NStem_LocSuf	VRoot_VRoot_VRoot_VRoot_VRoot
le_li_fanel_e	PossConc5_SC5_VRoot_VerbTerm	NStem_NStem_NStem_NStem	PossConc5_SC5_VRoot_VerbTerm	NStem_NStem_NStem_NStem
,	Punc	Punc	Punc	Punc
ku_ti_hlol_a	SC15_OC10_VRoot_VerbTerm	NStem_NStem_NStem_NStem	SC15_OC10_VRoot_VerbTerm	NStem_NStem_NStem_NStem
ne_ku_hlol_a	AdvPre_SC15_VRoot_VerbTerm	NStem_NStem_NStem_VRoot	AdvPre_SC15_VRoot_VerbTerm	NStem_NStem_NStem_NStem
u_m_khiciti	NPrePre1a_BPre1a_NStem	NStem_NStem_NStem	NPrePre1a_BPre1a_NStem	Punc_Punc_Punc
we_si_tsatfu	PossConc1_EnumConc7_EnumStem	NStem_NStem_NStem	PossConc1_EnumConc7_EnumStem	NStem_NStem_NStem
.	Punc	Punc	Punc	Punc
tin_dzawo	BPre10_NStem	NStem_NStem	BPre10_NStem	NStem_NStem
leti_nge_phandle	RelConc10_AdvPre_Adv	NStem_NStem_NStem	RelConc10_AdvPre_Adv	NStem_NStem_NStem
:	Punc	Punc	Punc	Punc
leti	Dem10_Pos1	Punc	Dem10_Pos1	Punc
ti_buy_a	SC10_VRoot_VerbTerm	NStem_NStem_NStem	SC10_VRoot_VerbTerm	Punc_Punc_Punc
nga_phandle	AdvPre_Adv	NStem_NStem	AdvPre_Adv	NStem_NStem
kwa_masipala	PossConc15_NStem	NStem_NStem	PossConc15_NStem	NStem_NStem
njenga_i_mali	AdvPre_NPrePre4_NStem	NStem_NStem_NStem	AdvPre_NPrePre4_NStem	VRoot_VRoot_VRoot_VRoot
le_bolek_w_e	RelConc9_VRoot_PassExt_VerbTerm	NStem_NStem_NStem_NStem	RelConc9_VRoot_PassExt_VerbTerm	VRoot_NStem_NStem_NStem_NStem
e_ti_gungu_ini	LocPre_NPre8_NStem_LocSuf	NStem_NStem_NStem_NStem	LocPre_NPre8_NStem_LocSuf	NStem_NStem_NStem_NStem
te_ma_bhizinisi	PossConc6_NPre6_NStem	NStem_NStem_NStem	PossConc6_NPre6_NStem	VRoot_NStem_NStem
.	Punc	Punc	Punc	Punc
si_bonelo	BPre7_NStem	NStem_NStem	BPre7_NStem	NStem_NStem
:	Punc	Punc	Punc	Punc
li_bhange	NPre6_NStem	NStem_NStem	NPre6_NStem	NStem_NStem
le_in_tfutfuko	PossConc9_NPre9_NStem	NStem_VRoot_VRoot	PossConc9_NPre9_NStem	VRoot_VRoot_VRoot
la_s_e_Ningizimu	PossConc5_PreLoc-s_LocPre_NStem	VRoot_VRoot_VRoot_VRoot	PossConc5_PreLoc-s_LocPre_NStem	NStem_NStem_NStem_NStem
Afrika	ProperName	Punc	ProperName	Punc
(	Punc	Punc	Punc	Punc
DBSA	Abbr	Punc	Abbr	NStem_NStem_NStem
)	Punc	Punc	Punc	Punc
,	Punc	Punc	Punc	Punc
li_niket_a	SC5_VRoot_VerbTerm	NStem_NStem_NStem	SC5_VRoot_VerbTerm	NStem_NStem_NStem
ti_mali	BPre10_NStem	Punc_Punc	BPre10_NStem	NStem_Punc
leti_nengi	AdjPref10_AdjStem	NStem_NStem	AdjPref10_AdjStem	NStem_NStem
ku_bo_masipala	LocPre_BPre2a_NStem	VRoot_VRoot_VRoot	LocPre_BPre2a_NStem	NStem_NStem_NStem
.	Punc	NStem	Punc	Punc
le_mali	RelConc9_NStem	Punc_Punc	RelConc9_NStem	Punc_Punc
ye_kwe_bolek_w_a	PossConc9_BPre15_VRoot_PassExt_VerbTerm	VRoot_VRoot_VRoot_VRoot_VRoot	PossConc9_BPre15_VRoot_PassExt_VerbTerm	VRoot_VRoot_VRoot_VRoot_NStem
i_bhadal_is_a	OC9_VRoot_CausExt_VerbTerm	NStem_NStem_NStem_NStem	OC9_VRoot_CausExt_VerbTerm	NStem_NStem_NStem_NStem
in_talo	NPre9_NStem	Punc_Punc	NPre9_NStem	NStem_NStem_NStem
le_dul_ile	RelConc9_VRoot_Perf	NStem_NStem_NStem	RelConc9_VRoot_Perf	NStem_NStem_NStem
,	Punc	Punc	Punc	Punc
a_yi_vam_is_i	NegPre_ReflPre_VRoot_CausExt_VerbTerm	NStem_VRoot_NStem_NStem_NStem	NegPre_ReflPre_VRoot_CausExt_VerbTerm	NStem_NStem_NStem_NStem
ku_lung_el_a	BPre15_VRoot_ApplExt_VerbTerm	NStem_NStem_NStem_NStem	BPre15_VRoot_ApplExt_VerbTerm	NStem_NStem_NStem_NStem
bo_masipala	BPre2a_NStem	NStem_NStem	BPre2a_NStem	NStem_NStem
laba_ncane	AdjPref2_AdjStem	NStem_NStem	AdjPref2_AdjStem	Punc_NStem
laba_tawu_sokol_a	RelConc2_Fut_VRoot_VerbTerm	NStem_NStem_NStem_VRoot	RelConc2_Fut_VRoot_VerbTerm	VRoot_VRoot_VRoot_NStem
ma_s_e_ku_mel_e	BPre6_PreLoc-s_LocPre_BPre15_VRoot_VerbTerm	VRoot_VRoot_VRoot_VRoot_VRoot_VRoot	BPre6_PreLoc-s_LocPre_BPre15_VRoot_VerbTerm	NStem
ba_bhadal_e	SC2_VRoot_VerbTerm	NStem_NStem_NStem	SC2_VRoot_VerbTerm	NStem_NStem_NStem
le_mali	PossConc5_NStem	Punc_Punc	PossConc5_NStem	Punc_Punc
.	Punc	Punc	Punc	Punc
ku_landz_elel_w_a	BPre17_VRoot_IntensExt_PassExt_VerbTerm	VRoot_VRoot_VRoot_VRoot_VRoot	BPre17_VRoot_IntensExt_PassExt_VerbTerm	VRoot_VRoot_VRoot_VRoot_VRoot
kwa_si_khatsi	PossConc15_BPre7_NStem	NStem_NStem_NStem	PossConc15_BPre7_NStem	NStem_NStem_NStem
:	Punc	Punc	Punc	Punc
ku_at_i	BPre15_VRoot_VerbTerm	NStem_NStem_NStem	BPre15_VRoot_VerbTerm	NStem_NStem_NStem
nga_in_chubekela	AdvPre_BPre9_NStem	VRoot_NStem_VRoot	AdvPre_BPre9_NStem	VRoot_VRoot_VRoot_VRoot
phambili	Adv	Punc	Adv	Punc
ya_u_mu_klamo	PossConc9_NPrePre3_BPre3_NStem	NStem_NStem_NStem_NStem	PossConc9_NPrePre3_BPre3_NStem	NStem_NStem_NStem
na_ku_hlangan_a	AdvPre_OC15_VRoot_VerbTerm	NStem_NStem_NStem_NStem	AdvPre_OC15_VRoot_VerbTerm	NStem_NStem_NStem_NStem
ka_nyenti	AdvPre_AdjStem	NStem_NStem	AdvPre_AdjStem	Punc
na_laba_nye	AdvPre_AdjPref2_AdjStem	NStem_NStem_NStem	AdvPre_AdjPref2_AdjStem	NStem_NStem_NStem
laba_fak_a	RelConc2_VRoot_VerbTerm	NStem_NStem_NStem	RelConc2_VRoot_VerbTerm	NStem_NStem_NStem
sa_ndla	NPre7_NStem	NStem_NStem	NPre7_NStem	NStem_NStem
kanye	Adv	Punc	Adv	Punc
na_e_ma_lunga	AdvPre_NPrePre6_BPre6_NStem	NStem_NStem_NStem_NStem	AdvPre_NPrePre6_BPre6_NStem	NStem_NStem_NStem_NStem
a_li_cembu	PossConc6_BPre5_NStem	NStem_NStem_NStem	PossConc6_BPre5_NStem	NStem_NStem_NStem
la_u_mu_klamo	PossConc5_NPrePre3_BPre3_NStem	NStem_NStem_NStem_NStem	PossConc5_NPrePre3_BPre3_NStem	VRoot_VRoot_VRoot_VRoot
kute	Conj	Punc	Conj	Punc
ni_kal_e	SC2pp_VRoot_VerbTerm	Punc_NStem_NStem	SC2pp_VRoot_VerbTerm	NStem_NStem_NStem
ni_buy_e	SC2pp_VRoot_VerbTerm	NStem_NStem_NStem	SC2pp_VRoot_VerbTerm	NStem_NStem_NStem
nihlol_e	VRoot_VerbTerm	NStem_NStem	VRoot_VerbTerm	NStem_NStem_NStem
tin_tfo	BPre10_NStem	NStem_NStem	BPre10_NStem	NStem_NStem
leti_phats_el_an_ile	RelConc10_VRoot_ApplExt_RecipExt_Perf	VRoot_VRoot_VRoot_VRoot_VRoot	RelConc10_VRoot_ApplExt_RecipExt_Perf	NStem_NStem_NStem_NStem_NStem
na_si_khatsi	AdvPre_BPre7_NStem	NStem_NStem_NStem	AdvPre_BPre7_NStem	NStem_NStem_NStem
.	Punc	Punc	Punc	Punc
.	Punc	Punc	Punc	Punc
tin_tfo	BPre10_NStem	NStem_NStem	BPre10_NStem	NStem_NStem
leti_nga_bang_a	RelConc10_AdvPre_VRoot_VerbTerm	NStem_NStem_NStem_NStem	RelConc10_AdvPre_VRoot_VerbTerm	NStem_NStem_NStem_VRoot
kutsi	Conj	Punc	Conj	Punc
lu_hlu	BPre11_NStem	NStem_NStem	BPre11_NStem	NStem_NStem
lwa_si_khatsi	PossConc11_BPre7_NStem	NStem_NStem_NStem	PossConc11_BPre7_NStem	NStem_NStem_NStem
sa_m_klamo	PossConc7_BPre3_NStem	NStem_NStem_NStem	PossConc7_BPre3_NStem	NStem_NStem_NStem
lu_gucul_e	SC11_VRoot_VerbTerm	NStem_NStem_NStem	SC11_VRoot_VerbTerm	NStem_NStem_NStem
.	Punc	Punc	Punc	Punc
loku_nga_hle	RelConc15_Pot_AuxVStem	NStem_NStem_NStem	RelConc15_Pot_AuxVStem	NStem_NStem_NStem
ku_vel_e	SC15_VRoot_VerbTerm	NStem_NStem_NStem	SC15_VRoot_VerbTerm	NStem_NStem_NStem
ku_fanel_e	SC15_VRoot_VerbTerm	NStem_NStem_NStem	SC15_VRoot_VerbTerm	NStem_NStem_NStem
ku_fak_w_e	SC15_VRoot_PassExt_VerbTerm	NStem_NStem_NStem_NStem	SC15_VRoot_PassExt_VerbTerm	NStem_NStem_NStem_NStem
ku_lolu_hlelo	LocPre_Dem11_Pos1_NStem	VRoot_VRoot_NStem	LocPre_Dem11_Pos1_NStem	VRoot_VRoot_VRoot
lwa_ku_cala	PossConc11_AdvPre_NStem	Punc_Punc_Punc	PossConc11_AdvPre_NStem	NStem_NStem_NStem
bese	Conj	Punc	Conj	Punc
i_n_phumelelo	NPrePre9_BPre9_NStem	NStem_NStem_NStem	NPrePre9_BPre9_NStem	VRoot_VRoot_VRoot
i_ndlul_is_el_w_a	SC9_VRoot_CausExt_ApplExt_PassExt_VerbTerm	VRoot_VRoot_VRoot_VRoot_VRoot_VRoot	SC9_VRoot_CausExt_ApplExt_PassExt_VerbTerm	NStem_NStem_NStem
ku_bo	LocPre_PronStem2	Punc_Punc	LocPre_PronStem2	Punc_Punc
bo_nkhe	QuantConc2_QuantStem	NStem_NStem	QuantConc2_QuantStem	NStem_NStem
laba_dlal_e	RelConc2_VRoot_VerbTerm	NStem_NStem_NStem	RelConc2_VRoot_VerbTerm	NStem_NStem_NStem
i_n_dzima	NPrePre9_BPre9_NStem	NStem_NStem_NStem	NPrePre9_BPre9_NStem	NStem_NStem_NStem
.	Punc	Punc	Punc	Punc
li_zinga	BPre5_NStem	NStem_NStem	BPre5_NStem	NStem_NStem
la_i_n_fundvo	PossConc5_NPrePre9_BPre9_NStem	NStem_NStem_NStem_NStem	PossConc5_NPrePre9_BPre9_NStem	NStem_NStem_NStem_NStem
la_ba_ntfwana	PossConc5_BPre2_NStem	VRoot_VRoot_NStem	PossConc5_BPre2_NStem	VRoot_VRoot_VRoot
laba_nyenti	AdjPref2_AdjStem	NStem_NStem	AdjPref2_AdjStem	NStem_NStem
laba_mnyama	RelConc2_RelStem	NStem_NStem	RelConc2_RelStem	NStem_NStem
li_phasi	SC5_Adv	NStem_NStem	SC5_Adv	NStem_NStem
.	Punc	Punc	Punc	Punc
loku	Dem15_Pos1	Punc	Dem15_Pos1	Punc
ku_ncish_a	SC15_VRoot_VerbTerm	NStem_NStem_NStem	SC15_VRoot_VerbTerm	NStem_NStem_NStem
ba_fundzi	BPre2_NStem	NStem_NStem	BPre2_NStem	NStem_NStem
laba_nyenti	AdjPref2_AdjStem	NStem_NStem	AdjPref2_AdjStem	NStem_NStem
e_ma_tfuba	NPrePre6_BPre6_NStem	NStem_NStem_NStem	NPrePre6_BPre6_NStem	NStem_VRoot_VRoot
a_ku_tfol_a	PossConc6_BPre15_VRoot_VerbTerm	NStem_NStem_NStem_NStem	PossConc6_BPre15_VRoot_VerbTerm	NStem_NStem_NStem_NStem
i_mi_sebenti	NPrePre4_BPre4_NStem	NStem_NStem_NStem	NPrePre4_BPre4_NStem	NStem_NStem_NStem
.	Punc	Punc	Punc	Punc
ku_nciph_is_a	BPre15_VRoot_CausExt_VerbTerm	VRoot_VRoot_VRoot_VRoot	BPre15_VRoot_CausExt_VerbTerm	NStem_NStem_NStem_NStem
ku_ngen_a	BPre15_VRoot_VerbTerm	NStem_NStem_NStem	BPre15_VRoot_VerbTerm	Punc_NStem_NStem
kwa_li_holo	PossConc15_BPre5_NStem	NStem_NStem_NStem	PossConc15_BPre5_NStem	NStem_NStem_NStem
kanye	Conj	Punc	Conj	Punc
ne_ku_ntjintj_a	AdvPre_SC15_VRoot_VerbTerm	VRoot_VRoot_VRoot_VRoot	AdvPre_SC15_VRoot_VerbTerm	VRoot_VRoot_VRoot_VRoot
i_mi_sebenti	NPrePre4_BPre4_NStem	NStem_NStem_NStem	NPrePre4_BPre4_NStem	NStem_NStem_NStem
ku_labo	LocPre_Dem2_Pos2	Punc_Punc	LocPre_Dem2_Pos2	Punc_Punc
laba_thol_a	RelConc2_VRoot_VerbTerm	NStem_NStem_NStem	RelConc2_VRoot_VerbTerm	NStem_NStem_NStem
i_mi_sebenti	NPrePre4_BPre4_NStem	NStem_NStem_NStem	NPrePre4_BPre4_NStem	NStem_NStem_NStem
-	Punc	Punc	Punc	Punc
ku_lets_e	SC15_VRoot_VerbTerm	NStem_NStem_NStem	SC15_VRoot_VerbTerm	NStem_NStem_NStem
na_m_khawulo	AdvPre_BPre3_NStem	NStem_NStem_NStem	AdvPre_BPre3_NStem	NStem_NStem_VRoot
e_ku_gucugucuk_eni	LocPre_BPre15_VRoot_LocSuf	VRoot_VRoot_VRoot_VRoot	LocPre_BPre15_VRoot_LocSuf	VRoot_VRoot_VRoot_VRoot_VRoot
kwa_e_ma_bhizimisi	PossConc15_NPrePre6_BPre6_NStem	VRoot_VRoot_VRoot_VRoot	PossConc15_NPrePre6_BPre6_NStem	VRoot_VRoot_VRoot_VRoot
a_s_e_i_Ningizimu	PossConc6_PreLoc-s_LocPre_NPre5_NStem	VRoot_VRoot_VRoot_VRoot_VRoot	PossConc6_PreLoc-s_LocPre_NPre5_NStem	VRoot_VRoot_VRoot_VRoot_VRoot
Afrikan	ProperName	Punc	ProperName	Punc
.	Punc	Punc	Punc	Punc
lu_hlelo	BPre11_NStem	NStem_NStem	BPre11_NStem	NStem_NStem
lwe_tin_sita	PossConc11_BPre10_NStem	NStem_NStem_NStem	PossConc11_BPre10_NStem	NStem_NStem_NStem
lu_tawu_b_a	SC11_Fut_Intrans_VerbTerm	NStem_NStem_NStem_NStem	SC11_Fut_Intrans_VerbTerm	NStem_NStem_NStem
na_mi_sebenti	AdvPre_BPre4_NStem	NStem_NStem_NStem	AdvPre_BPre4_NStem	NStem_NStem_NStem
le_sungul_w_e	RelConc9_VRoot_PassExt_VerbTerm	NStem_NStem_NStem_NStem	RelConc9_VRoot_PassExt_VerbTerm	VRoot_VRoot_VRoot_VRoot
lu_hlelo	BPre11_NStem	NStem_NStem	BPre11_NStem	NStem_NStem
lwe_m_sebenti	PossConc11_BPre3_NStem	NStem_NStem_NStem	PossConc11_BPre3_NStem	NStem_NStem_NStem
,	Punc	Punc	Punc	Punc
loku	Dem15_Pos1	Punc	Dem15_Pos1	Punc
ku_mel_e	SC15_VRoot_VerbTerm	NStem_NStem_NStem	SC15_VRoot_VerbTerm	Punc_Punc_Punc
ku_phindz_e	SC15_VRoot_VerbTerm	NStem_NStem_NStem	SC15_VRoot_VerbTerm	NStem_NStem_NStem
ku_bal_w_e	SC15_VRoot_PassExt_VerbTerm	NStem_NStem_NStem_NStem	SC15_VRoot_PassExt_VerbTerm	NStem_NStem_NStem_NStem
na_leletinye	AdvPre_NStem	NStem_NStem	AdvPre_NStem	NStem_NStem_NStem
ti_dzingo	BPre8_NStem	NStem_Punc	BPre8_NStem	NStem_NStem
leti_sondzel_en_e	RelConc8_VRoot_RecipExt_VerbTerm	NStem_VRoot_VRoot_NStem	RelConc8_VRoot_RecipExt_VerbTerm	NStem_NStem
nako	Dem15_Pos2	Punc	Dem15_Pos2	Punc
kanye	Conj	Punc	Conj	Punc
na_tin_dleko	AdvPre_BPre10_NStem	NStem_NStem_NStem	AdvPre_BPre10_NStem	NStem_NStem_NStem
kute	Conj	Punc	Conj	Punc
ku_cinisek_is_w_e	SC15_VRoot_CausExt_PassExt_VerbTerm	VRoot_VRoot_VRoot_VRoot_VRoot	SC15_VRoot_CausExt_PassExt_VerbTerm	VRoot_VRoot_VRoot_VRoot_VRoot
ku_phumelel_a	BPre15_VRoot_VerbTerm	NStem_NStem_NStem	BPre15_VRoot_VerbTerm	NStem_NStem_NStem
kwa_to	PossConc15_NStem	Punc_Punc	PossConc15_NStem	Punc_Punc
.	Punc	Punc	Punc	Punc
