morphemes	target	prediction	target_canon	prediction_canon
ti_nyenti	AdjPref10_AdjStem	AdjPref10_AdjStem	AdjPref10_AdjStem	AdjPref10_AdjStem
tin_hlobo	BPre10_NStem	BPre10_NStem	BPre10_NStem	BPre10_NStem
ta_ku_lawul_w_a	PossConc10_BPre15_VRoot_PassExt_VerbTerm	PossConc8_OC15_VRoot_PassExt_VerbTerm	PossConc10_BPre15_VRoot_PassExt_VerbTerm	PossConc8_OC15_VRoot_PassExt_VerbTerm
kwe_m_klamo	PossConc15_NPre3_NStem	PossConc15_NPre3_NStem	PossConc15_NPre3_NStem	PossConc15_NPre3_NStem
leti_setjentis_w_a_ko	RelConc8_VRoot_PassExt_VerbTerm_RelSuf	RelConc10_VRoot_PassExt_VerbTerm_RelSuf	RelConc8_VRoot_PassExt_VerbTerm_RelSuf	RelConc10_VRoot_PassExt_VerbTerm_RelSuf
ku_lo_m_khakha	LocPre_Dem3_Pos1_BPre3_NStem	LocPre_Pos1_BPre3	LocPre_Dem3_Pos1_BPre3_NStem	LocPre_Pos1_BPre3
we_n_tfutfuko	PossConc9_BPre9_NStem	PossConc3_BPre3_NStem	PossConc9_BPre9_NStem	PossConc3_BPre9_NStem
.	Punc	Punc	Punc	Punc
loku	Dem15_Pos1		Dem15_Pos1	
ku_vam_is_e	SC15_VRoot_CausExt_VerbTerm	SC15_VRoot_CausExt_VerbTerm	SC15_VRoot_CausExt_VerbTerm	SC15_VRoot_CausExt_VerbTerm
kwa_ehluka	PossConc15_NStem	PossConc15_NStem	PossConc15_NStem	BPre15_VRoot_VerbTerm
ku_leti_n_hlobo	LocPre_Dem10_Pos1_NPre10_NStem	LocPre_Pos1_NPre10	LocPre_Dem10_Pos1_NPre10_NStem	LocPre_Pos1_NPre10
leti_setjentis_w_a	RelConc8_VRoot_PassExt_VerbTerm	RelConc10_VRoot_PassExt_VerbTerm	RelConc8_VRoot_PassExt_VerbTerm	RelConc10_VRoot_PassExt_VerbTerm
e_ma_bhizinisi_ini	NPrePre6_BPre6_NStem_LocSuf	LocPre_BPre6_NStem_LocSuf	NPrePre6_BPre6_NStem_LocSuf	NPrePre6_BPre6_NStem
.	Punc	Punc	Punc	Punc
nga_i_n_dlela	AdvPre_NPrePre9_BPre9_NStem	AdvPre_NPrePre9_BPre9_NStem	AdvPre_NPrePre9_BPre9_NStem	AdvPre_NPrePre9_BPre9_NStem
i_Ningizimu	BPre5_ProperName	BPre9_ProperName	BPre5_ProperName	BPre9_NStem
Afrika	ProperName	ProperName	ProperName	Conj
i_ent_a	SC9_VRoot_VerbTerm	SC9_VRoot_VerbTerm	SC9_VRoot_VerbTerm	SC9_VRoot_VerbTerm
nga_yo	AdvPre_PronStem9	AdvPre_PronStem9	AdvPre_PronStem9	AdvPre_PronStem9
,	Punc	Punc	Punc	Punc
a_yi_na_n_dlela	RelConc6_CopPre_NegPre_BPre9_NStem	RelConc6_CopPre_AdvPre_BPre9_NStem	RelConc6_CopPre_NegPre_BPre9_NStem	RelConc6_CopPre_NStem
le_yi_bek_ile	RelConc9_CopPre_VRoot_Perf	RelConc9_OC9_VRoot_Perf	RelConc9_CopPre_VRoot_Perf	RelConc9_OC9_VRoot_Perf
ye_um_khakha	PossConc9_NPre3_NStem	PossConc4_NPre4_NStem	PossConc9_NPre3_NStem	PossConc9_BPre3_NStem
wa_u_mu_mango	PossConc3_NPrePre3_BPre3_NStem	PossConc3_NPrePre3_BPre3_NStem	PossConc3_NPrePre3_BPre3_NStem	PossConc3_NPrePre3_BPre3_NStem
le_s_e_zinga_ini	PossConc5_PreLoc-s_LocPre_NStem_LocSuf	PossConc5_PreLoc-s_LocPre_NStem_LocSuf	PossConc5_PreLoc-s_LocPre_NStem_LocSuf	PossConc5_PreLoc-s_LocPre_NStem_LocSuf
leli_tsite	RelConc5_RelStem	RelConc5_RelStem	RelConc5_RelStem	RelConc5_RelStem
,	Punc	Punc	Punc	Punc
ngako_ke	Adv_Adv	Adv_Adv	Adv_Adv	Adv_Adv
ku_tawu_ba	SC15_Fut_AuxVStem	SC15_Fut_AuxVStem	SC15_Fut_AuxVStem	SC15_Fut_AuxVStem
ne_ku_ehlukahluk_an_a	AdvPre_BPre15_VRoot_RecipExt_VerbTerm	AdvPre_BPre15_VRoot_RecipExt_VerbTerm	AdvPre_BPre15_VRoot_RecipExt_VerbTerm	AdvPre_BPre15_VRoot_RecipExt_VerbTerm
e_m_khatsi_ini	LocPre_BPre3_NStem_LocSuf	LocPre_BPre3_NStem_LocSuf	LocPre_BPre3_NStem_LocSuf	LocPre_BPre3_NStem_LocSuf
kwe_tin_dlela	PossConc15_BPre10_NStem	PossConc15_BPre10_NStem	PossConc15_BPre10_NStem	PossConc15_BPre10_NStem
leti_setjentis_w_a_ko	RelConc8_VRoot_PassExt_VerbTerm_RelSuf	RelConc10_VRoot_PassExt_VerbTerm_RelSuf	RelConc8_VRoot_PassExt_VerbTerm_RelSuf	RelConc10_VRoot_PassExt_VerbTerm_RelSuf
ku_ma_tiko	LocPre_NPre6_NStem	LocPre_BPre6_NStem	LocPre_NPre6_NStem	LocPre_NPre6_NStem
la_hlukahluk_en_e	PossConc5_VRoot_RecipExt_VerbTerm	RelConc5_VRoot_RecipExt_VerbTerm	PossConc5_VRoot_RecipExt_VerbTerm	RelConc5_VRoot_RecipExt_Perf
a_hulumende	RelConc6_NStem	PossConc6_NStem	RelConc6_NStem	RelConc6_NStem
.	Punc	Punc	Punc	Punc
e_ma_lunga	NPrePre6_BPre6_NStem	NPrePre6_BPre6_NStem	NPrePre6_BPre6_NStem	NPrePre6_BPre6_NStem
e_ikomidi	PossConc6_NStem	NPre6_NStem	PossConc6_NStem	PossConc6_BPre5_NStem
le_wadi	PossConc5_NStem	PossConc5_NStem	PossConc5_NStem	PossConc5_NStem
ku_fanel_e	SC15_VRoot_VerbTerm	SC15_VRoot_VerbTerm	SC15_VRoot_VerbTerm	SC15_VRoot_VerbTerm
a_ku_jwayel_e	SC6_OC15_VRoot_VerbTerm	SC6_OC15_VRoot_VerbTerm	SC6_OC15_VRoot_VerbTerm	SC6_OC15_VRoot_VerbTerm
ku_lawul_w_a	SC15_VRoot_PassExt_VerbTerm	BPre15_VRoot_PassExt_VerbTerm	SC15_VRoot_PassExt_VerbTerm	BPre15_VRoot_PassExt_VerbTerm
kwe_m_klamo	PossConc15_NPre3_NStem	PossConc15_NPre3_NStem	PossConc15_NPre3_NStem	PossConc15_NPre3_NStem
we_m_jikeleto	PossConc3_BPre3_NStem	PossConc1_BPre3_NStem	PossConc3_BPre3_NStem	PossConc3_BPre3_NStem
(	Punc	Punc	Punc	Punc
PCM	Abbr	Abbr	Abbr	Abbr
)	Punc	Punc	Punc	Punc
njengo_ba	AdvPre_AuxVStem	AdvPre_AuxVStem	AdvPre_AuxVStem	Conj
ku_ngi_yo	AdvPre_CopPre_PronStem9	BPre15_CopPre_PronStem9	AdvPre_CopPre_PronStem9	BPre15_CopPre_PronStem9
i_n_dlela	NPrePre9_BPre9_NStem	NPrePre9_BPre9_NStem	NPrePre9_BPre9_NStem	NPrePre9_BPre9_NStem
le_vam_is_e	RelConc9_VRoot_CausExt_VerbTerm	RelConc4_VRoot_CausExt_VerbTerm	RelConc9_VRoot_CausExt_VerbTerm	RelConc4_VRoot_CausExt_VerbTerm
ku_setjentis_w_a	SC15_VRoot_PassExt_VerbTerm	SC15_VRoot_PassExt_VerbTerm	SC15_VRoot_PassExt_VerbTerm	SC15_VRoot_PassExt_VerbTerm
ka_khulu	AdvPre_AdjStem	AdvPre_AdjStem	AdvPre_AdjStem	AdvPre_AdjStem
.	Punc	Punc	Punc	Punc
loku_ehluka	RelConc5_NStem	RelConc15_NStem	RelConc5_NStem	RelConc15_VRoot_VerbTerm
hlukanis_w_a	VRoot_PassExt_VerbTerm	VRoot_PassExt_VerbTerm	VRoot_PassExt_VerbTerm	VRoot_CausExt_PassExt_VerbTerm
kwa_e_ma_gama	PossConc15_NPrePre6_BPre6_NStem	PossConc15_NPrePre6_BPre6_NStem	PossConc15_NPrePre6_BPre6_NStem	PossConc15_NPrePre6_BPre6_NStem
e_ma_zinga	NPrePre6_BPre6_NStem	NPrePre6_BPre6_NStem	NPrePre6_BPre6_NStem	NPrePre6_BPre6_NStem
noma	Conj	Conj	Conj	Conj
i_mi_khakha	NPrePre4_NPre4_NStem	NPrePre4_BPre4_NStem	NPrePre4_NPre4_NStem	NPrePre4_BPre4_NStem
ye_m_klamo	PossConc4_BPre3_NStem	PossConc4_BPre3_NStem	PossConc4_BPre3_NStem	PossConc4_BPre3_NStem
we_m_jikeleto	PossConc3_BPre3_NStem	PossConc3_BPre3_NStem	PossConc3_BPre3_NStem	PossConc3_BPre3_NStem
ku_nga_ehluk_a	SC15_AdvPre_VRoot_VerbTerm	SC15_Pot_VRoot_VerbTerm	SC15_AdvPre_VRoot_VerbTerm	SC15_Pot_VRoot_VerbTerm
ku_y_e	SC15_VRoot_VerbTerm	SC15_VRoot_VerbTerm	SC15_VRoot_VerbTerm	SC15_VRoot_VerbTerm
nga_m_chubisifundvo	AdvPre_BPre3_NStem	AdvPre_BPre3_NStem	AdvPre_BPre3_NStem	AdvPre_BPre3_NStem
lo_sekel_a	PossConc5_VRoot_VerbTerm	RelConc3_VRoot_VerbTerm	PossConc5_VRoot_VerbTerm	RelConc3_VRoot_VerbTerm
nga_ti_mali	AdvPre_BPre10_NStem	AdvPre_BPre10_NStem	AdvPre_BPre10_NStem	AdvPre_BPre10_NStem
noma	Conj	Conj	Conj	Conj
nga_li_tiko	AdvPre_BPre5_NStem	AdvPre_BPre5_NStem	AdvPre_BPre5_NStem	AdvPre_NStem
la_hulumende	PossConc5_NStem	PossConc5_NStem	PossConc5_NStem	PossConc5_NStem
.	Punc	Punc	Punc	Punc
ba_si_fazane	PossConc2_BPre7_NStem	PossConc2_BPre7_NStem	PossConc2_BPre7_NStem	PossConc2_BPre7_NStem
ku_khona	SC15_Adv	SC15_Adv	SC15_Adv	SC15_Adv
ti_hibe	BPre8_NStem	BPre8_NStem	BPre8_NStem	SC10_VRoot_VerbTerm
laba_hlangan_ile	RelConc2_VRoot_Perf	RelConc2_VRoot_Perf	RelConc2_VRoot_Perf	RelConc2_VRoot_VerbTerm
na_to	AdvPre_PronStem10	AdvPre_PronStem8	AdvPre_PronStem10	AdvPre_PronStem8
na_ba_sa_hlanganyel_a	AdvPre_SC2_ProgPre_VRoot_VerbTerm	AdvPre_SC2_Pro_VRoot_VerbTerm	AdvPre_SC2_ProgPre_VRoot_VerbTerm	AdvPre_SC2_Pro_VRoot_VerbTerm
ku_le_mi_sebenti	LocPre_Dem4_Pos1_BPre4_NStem	LocPre_Pos1_BPre4	LocPre_Dem4_Pos1_BPre4_NStem	LocPre_Pos1_BPre4
ye_lu_hlelo	PossConc4_NPre11_NStem	PossConc9_NPre11_NStem	PossConc4_NPre11_NStem	PossConc9_NPre11_NStem
?	Punc	Punc	Punc	Punc
bo_babe_ke	NPre2a_NStem_Adv	BPre2a_NStem_AuxVStem	NPre2a_NStem_Adv	SC2_OC2_SC2_VRoot_VerbTerm
bo_na	PronStem2_PronSuf	PronStem2_PronSuf	PronStem2_PronSuf	Conj
?	Punc	Punc	Punc	Punc
na_ku_njalo	AdvPre_SC15_Adv	AdvPre_OC15_Adv	AdvPre_SC15_Adv	AdvPre_SC15_Adv
,	Punc	Punc	Punc	Punc
be_ti_yini	AuxVStem_SC8_Interrog	SC2_OC10_Interrog	AuxVStem_SC8_Interrog	SC2_OC8_Interrog
leto_ti_hibe	Dem8_Pos2_NPrePre8_NStem	RelConc8_BPre8_NStem	Dem8_Pos2_NPrePre8_NStem	RelConc10_VRoot_VerbTerm
?	Punc	Punc	Punc	Punc
i_Batho	NPre9_ProperName	NPre9_ProperName	NPre9_ProperName	NPrePre4_NStem
Pele	ProperName	ProperName	ProperName	NStem
i_dzing_a	SC4_VRoot_VerbTerm	SC4_VRoot_VerbTerm	SC4_VRoot_VerbTerm	SC4_VRoot_VerbTerm
kutsi	Conj	Conj	Conj	Conj
wo_nkhe	QuantConc1_QuantStem	QuantConc3_QuantStem	QuantConc1_QuantStem	QuantConc3_QuantStem
u_mu_ntfu	NPrePre1_BPre1_NStem	NPrePre1_BPre1_NStem	NPrePre1_BPre1_NStem	NPrePre1_BPre1_NStem
lo_wu_ent_a	RelConc1_OC1_VRoot_VerbTerm	RelConc3_OC3_VRoot_VerbTerm	RelConc1_OC1_VRoot_VerbTerm	RelConc3_OC3_VRoot_VerbTerm
u_mu_sebenti	NPrePre3_BPre3_NStem	NPrePre3_BPre3_NStem	NPrePre3_BPre3_NStem	NPrePre3_BPre3_NStem
wa_hulumende	PossConc3_NStem	PossConc3_NStem	PossConc3_NStem	PossConc1_NStem
ku_mel_e	SC15_VRoot_VerbTerm	SC15_VRoot_VerbTerm	SC15_VRoot_VerbTerm	SC15_VRoot_VerbTerm
a_ti_gcabh_e	SC1_ReflPre_VRoot_VerbTerm	SC6_OC8_VRoot_VerbTerm	SC1_ReflPre_VRoot_VerbTerm	SC6_ReflPre_VRoot_VerbTerm
nge_ku_ba	AdvPre_BPre15_AuxVStem	AdvPre_SC15_AuxVStem	AdvPre_BPre15_AuxVStem	AdvPre_SC15_AuxVStem
si_sebenti	BPre7_NStem	BPre7_NStem	BPre7_NStem	BPre7_NStem
sa_ba_ntfu	PossConc7_BPre2_NStem	PossConc7_BPre2_NStem	PossConc7_BPre2_NStem	PossConc7_BPre2_NStem
kantsi	Conj	Conj	Conj	Conj
i_mi_gomosisekelo	NPrePre4_BPre4_NStem	NPrePre4_BPre4_NStem	NPrePre4_BPre4_NStem	NPrePre4_BPre4_NStem
lesi_phohlongo	RelConc7_NStem	RelConc7_NStem	RelConc7_NStem	RelConc7_NStem
le_s_e_mu_tsetfo_ini	RelConc4_PreLoc-s_LocPre_BPre3_NStem_LocSuf	RelConc9_PreLoc-s_LocPre_BPre3_NStem_LocSuf	RelConc4_PreLoc-s_LocPre_BPre3_NStem_LocSuf	RelConc9_PreLoc-s_LocPre_BPre3_NStem_LocSuf
i_ent_a	SC4_VRoot_VerbTerm	SC9_VRoot_VerbTerm	SC4_VRoot_VerbTerm	SC9_VRoot_VerbTerm
si_sekelo	BPre7_NStem	BPre7_NStem	BPre7_NStem	BPre7_NStem
lapho	Conj	Conj	Conj	Conj
ku_tfutfuk_a	BPre15_VRoot_VerbTerm	BPre15_VRoot_VerbTerm	BPre15_VRoot_VerbTerm	BPre15_VRoot_VerbTerm
kwa_bo_hulumende	PossConc15_BPre2a_NStem	PossConc15_BPre2a_NStem	PossConc15_BPre2a_NStem	PossConc15_BPre2a_NStem
ba_s_e_li_khaya	PossConc2a_PreLoc-s_LocPre_BPre5_NStem	PossConc2_PreLoc-s_LocPre_BPre5_NStem	PossConc2a_PreLoc-s_LocPre_BPre5_NStem	PossConc14_PreLoc-s_LocPre_BPre5_NStem
loku_condz_is_w_e	RelConc15_VRoot_CausExt_PassExt_VerbTerm	RelConc15_VRoot_CausExt_PassExt_VerbTerm	RelConc15_VRoot_CausExt_PassExt_VerbTerm	RelConc15_VRoot_CausExt_PassExt_VerbTerm
ku_ti_dzingo	BPre17_BPre10_NStem	BPre17_BPre10_NStem	BPre17_BPre10_NStem	BPre17_BPre10_NStem
ta_u_ma_mango	PossConc8_NPrePre3_BPre3_NStem	PossConc10_NPrePre3_BPre3_NStem	PossConc8_NPrePre3_BPre3_NStem	PossConc8_NPrePre3_BPre3_NStem
wa_n_dzawo	PossConc3_BPre9_NStem	PossConc3_BPre9_NStem	PossConc3_BPre9_NStem	PossConc3_NPre9_NStem
ku_tawu_condz_is_w_a	SC15_Fut_VRoot_CausExt_PassExt_VerbTerm	SC15_Fut_VRoot_CausExt_PassExt_VerbTerm	SC15_Fut_VRoot_CausExt_PassExt_VerbTerm	SC15_Fut_VRoot_CausExt_PassExt_VerbTerm
khona	Adv	Adv	Adv	Adv
.	Punc	Punc	Punc	Punc
ngen_is_a	VRoot_CausExt_VerbTerm	VRoot_CausExt_VerbTerm	VRoot_CausExt_VerbTerm	AdvPre_CausExt_VerbTerm
ti_gaba	BPre8_NStem	BPre8_NStem	BPre8_NStem	BPre8_NStem
ta_mvila-balave	PossConc8_NStem	PossConc10_NStem	PossConc8_NStem	PossConc10_NStem_NStem
u_sebent_is_a	SC1_VRoot_CausExt_VerbTerm	SC2ps_VRoot_CausExt_VerbTerm	SC1_VRoot_CausExt_VerbTerm	SC2ps_VRoot_CausExt_VerbTerm
i_data	BPre9_Foreign	NPre9_Foreign	BPre9_Foreign	SC4_VRoot_VerbTerm
projektha	NStem	NStem	NStem	NStem
,	Punc	Punc	Punc	Punc
nobe	Conj	Conj	Conj	Conj
i_projektha	NPre9_NStem	NPrePre4_NStem	NPre9_NStem	NPrePre4_NStem
ye_overhead	PossConc9_Foreign	PossConc9_Foreign	PossConc9_Foreign	PossConc9_NStem
.	Punc	Punc	Punc	Punc
uma	Conj	Conj	Conj	Conj
ni_ngana_ko	SC2pp_NegPre_PronStem15	SC2pp_NStem_RelSuf	SC2pp_NegPre_PronStem15	SC2pp_VRoot_VerbTerm_RelSuf
laba_ngen_el_e	RelConc2_VRoot_ApplExt_VerbTerm	RelConc2_VRoot_ApplExt_VerbTerm	RelConc2_VRoot_ApplExt_VerbTerm	RelConc2_VRoot_ApplExt_VerbTerm
ti_fundvo	BPre8_NStem	BPre8_NStem	BPre8_NStem	BPre8_NStem
ba_nga_sebent_is_a	SC2_Pot_VRoot_CausExt_VerbTerm	SC2_Pot_VRoot_CausExt_VerbTerm	SC2_Pot_VRoot_CausExt_VerbTerm	SC2_Pot_VRoot_CausExt_VerbTerm
e_ma_notsi	NPrePre6_BPre6_NStem	NPrePre6_BPre6_NStem	NPrePre6_BPre6_NStem	NPrePre6_BPre6_NStem
a_bo	PossConc6_PronStem14	PossConc6_PronStem14	PossConc6_PronStem14	PossConc6_PronStem2
a_si_fundvo	PossConc6_BPre7_NStem	PossConc6_BPre7_NStem	PossConc6_BPre7_NStem	PossConc6_BPre7_NStem
,	Punc	Punc	Punc	Punc
li_khasi	BPre5_NStem	BPre5_NStem	BPre5_NStem	BPre5_NStem
52	Num	Num	Num	Num
ku_landzel_a	BPre15_VRoot_VerbTerm	BPre15_VRoot_VerbTerm	BPre15_VRoot_VerbTerm	BPre15_VRoot_VerbTerm
i_n_chazelo	NPrePre9_BPre9_NStem	NPrePre9_BPre9_NStem	NPrePre9_BPre9_NStem	NPrePre9_BPre9_NStem
.	Punc	Punc	Punc	Punc
phawul_a	VRoot_VerbTerm	VRoot_VerbTerm	VRoot_VerbTerm	VRoot_VerbTerm
leso	Dem7_Pos1		Dem7_Pos1	
na_leso	AdvPre_Dem7_Pos2	AdvPre	AdvPre_Dem7_Pos2	AdvPre
si_gaba	BPre7_NStem	BPre7_NStem	BPre7_NStem	BPre7_NStem
u_sebent_is_a	SC2ps_VRoot_CausExt_VerbTerm	SC2ps_VRoot_CausExt_VerbTerm	SC2ps_VRoot_CausExt_VerbTerm	SC2ps_VRoot_CausExt_VerbTerm
lo_m_dvwebo	Dem3_Pos1_BPre3_NStem	RelConc3_BPre3_NStem	Dem3_Pos1_BPre3_NStem	RelConc3_BPre3_NStem
.	Punc	Punc	Punc	Punc
ku_khulum_is_an_a	BPre15_VRoot_CausExt_RecipExt_VerbTerm	BPre15_VRoot_CausExt_RecipExt_VerbTerm	BPre15_VRoot_CausExt_RecipExt_VerbTerm	BPre15_VRoot_CausExt_RecipExt_VerbTerm
yi_i_n_chubo	CopPre_NPrePre9_BPre9_NStem	CopPre_NPrePre9_BPre9_NStem	CopPre_NPrePre9_BPre9_NStem	CopPre_NPre9_NStem
ya_ku_ts_i	PossConc9_BPre15_VRoot_VerbTerm	PossConc9_BPre15_VRoot_VerbTerm	PossConc9_BPre15_VRoot_VerbTerm	PossConc9_BPre15_VRoot_VerbTerm
e_ma_cembu	NPrePre6_BPre6_NStem	NPrePre6_BPre6_NStem	NPrePre6_BPre6_NStem	NPrePre6_BPre6_NStem
la_lw_el_a	PossConc6_VRoot_ApplExt_VerbTerm	RelConc6_VRoot_ApplExt_VerbTerm	PossConc6_VRoot_ApplExt_VerbTerm	RelConc6_VRoot_ApplExt_VerbTerm
i_mi_phumela	NPrePre4_BPre4_NStem	NPrePre4_BPre4_NStem	NPrePre4_BPre4_NStem	NPrePre4_BPre4_NStem
le_ye_ehluk_en_e	RelConc4_Pres_VRoot_RecipExt_VerbTerm	RelConc4_Pres_VRoot_RecipExt_VerbTerm	RelConc4_Pres_VRoot_RecipExt_VerbTerm	RelConc4_Pres_VRoot_RecipExt_VerbTerm
a_lw_ile	SC6_VRoot_Perf	SC6_VRoot_Perf	SC6_VRoot_Perf	SC6_VRoot_VerbTerm
u_mu_phumela	NPrePre3_BPre3_NStem	NPrePre3_BPre3_NStem	NPrePre3_BPre3_NStem	NPrePre3_BPre3_NStem
la_vum_el_an_ile	RelConc6_VRoot_ApplExt_RecipExt_Perf	RelConc6_VRoot_ApplExt_RecipExt_Perf	RelConc6_VRoot_ApplExt_RecipExt_Perf	PossConc5_VRoot_ApplExt_RecipExt_Perf
nga_wo	AdvPre_PronStem6	AdvPre_PronStem6	AdvPre_PronStem6	AdvPre_PronStem6
,	Punc	Punc	Punc	Punc
nga_leyo_n_dlela	AdvPre_Dem9_Pos2_BPre9_NStem	AdvPre_Pos1_BPre9	AdvPre_Dem9_Pos2_BPre9_NStem	AdvPre_Pos1
ba_shiy_el_an_e	SC2_VRoot_ApplExt_RecipExt_VerbTerm	SC2_VRoot_ApplExt_RecipExt_VerbTerm	SC2_VRoot_ApplExt_RecipExt_VerbTerm	SC2_VRoot_ApplExt_RecipExt_VerbTerm
lu_ati	BPre11_NStem	BPre11_NStem	BPre11_NStem	BPre11_NStem
,	Punc	Punc	Punc	Punc
ku_sombulul_a	BPre15_VRoot_VerbTerm	BPre15_VRoot_VerbTerm	BPre15_VRoot_VerbTerm	BPre15_VRoot_VerbTerm
tin_kinga	BPre10_NStem	BPre10_NStem	BPre10_NStem	BPre10_NStem
,	Punc	Punc	Punc	Punc
ba_sebent_is_an_e	SC2_VRoot_CausExt_RecipExt_VerbTerm	SC2_VRoot_CausExt_RecipExt_VerbTerm	SC2_VRoot_CausExt_RecipExt_VerbTerm	SC2_VRoot_CausExt_RecipExt_VerbTerm
,	Punc	Punc	Punc	Punc
ba_hlangan_e	SC2_VRoot_VerbTerm	SC2a_VRoot_VerbTerm	SC2_VRoot_VerbTerm	SC2a_VRoot_VerbTerm
ba_niket_an_e	SC2_VRoot_RecipExt_VerbTerm	SC2_VRoot_RecipExt_VerbTerm	SC2_VRoot_RecipExt_VerbTerm	SC2_VRoot_RecipExt_VerbTerm
ti_khundla	BPre8_NStem	BPre8_NStem	BPre8_NStem	BPre8_NStem
,	Punc	Punc	Punc	Punc
ba_fun_e	SC2_VRoot_VerbTerm	SC2_VRoot_VerbTerm	SC2_VRoot_VerbTerm	SC2_VRoot_VerbTerm
,	Punc	Punc	Punc	Punc
lapho	Adv	Conj	Adv	Conj
ku_nga_khon_akal_a	SC15_Pot_VRoot_NeutExt_VerbTerm	SC15_Pot_VRoot_NeutExt_VerbTerm	SC15_Pot_VRoot_NeutExt_VerbTerm	SC15_Pot_VRoot_NeutExt_VerbTerm
,	Punc	Punc	Punc	Punc
ku_hlangan_is_a	BPre15_VRoot_CausExt_VerbTerm	BPre15_VRoot_CausExt_VerbTerm	BPre15_VRoot_CausExt_VerbTerm	BPre15_VRoot_CausExt_VerbTerm
i_n_tsandvo	NPrePre9_BPre9_NStem	NPrePre9_BPre9_NStem	NPrePre9_BPre9_NStem	NPrePre9_BPre9_NStem
.	Punc	Punc	Punc	Punc
ta_ku_khangis_a	PossConc10_BPre15_VRoot_VerbTerm	PossConc10_BPre15_VRoot_VerbTerm	PossConc10_BPre15_VRoot_VerbTerm	PossConc10_BPre15_VRoot_VerbTerm
-	Punc	Punc	Punc	Punc
sebent_is_a	VRoot_CausExt_VerbTerm	VRoot_CausExt_VerbTerm	VRoot_CausExt_VerbTerm	VRoot_CausExt_VerbTerm
lu_chungechunge	BPre11_NStem	BPre11_NStem	BPre11_NStem	BPre11_NStem
kwa_tin_dlela	PossConc15_BPre10_NStem	PossConc15_BPre10_NStem	PossConc15_BPre10_NStem	PossConc15_BPre10_NStem
ta_ku_at_is_a	PossConc10_OC15_VRoot_CausExt_VerbTerm	PossConc10_OC15_VRoot_CausExt_VerbTerm	PossConc10_OC15_VRoot_CausExt_VerbTerm	PossConc10_OC15_VRoot_CausExt_VerbTerm
e_ma_komidi	NPrePre6_BPre6_NStem	NPrePre6_BPre6_NStem	NPrePre6_BPre6_NStem	NPrePre6_BPre6_NStem
e_ma_wadi	NPrePre6_BPre6_NStem	NPrePre6_BPre6_NStem	NPrePre6_BPre6_NStem	NPrePre6_BPre6_NStem
,	Punc	Punc	Punc	Punc
i_mi_mango	NPrePre4_BPre4_NStem	NPrePre4_BPre4_NStem	NPrePre4_BPre4_NStem	NPrePre4_BPre4_NStem
,	Punc	Punc	Punc	Punc
ba_holi	BPre2_NStem	BPre2_NStem	BPre2_NStem	BPre2_NStem
ba_i_n_dzabuko	PossConc2_NPrePre9_BPre9_NStem	PossConc14_NPrePre9_BPre9_NStem	PossConc2_NPrePre9_BPre9_NStem	PossConc14_NPrePre9_BPre9_NStem
kanye	Conj	Conj	Conj	Conj
ne_ba_holi	AdvPre_BPre2_NStem	AdvPre_BPre2_NStem	AdvPre_BPre2_NStem	AdvPre_BPre2_NStem
ba_mi_bono	PossConc2_BPre4_NStem	PossConc2_BPre4_NStem	PossConc2_BPre4_NStem	PossConc2_NPrePre4_BPre4_NStem
nga_kutsi	AdvPre_Conj	AdvPre_Conj	AdvPre_Conj	AdvPre_Conj
ku_tawu_ba	SC15_Fut_AuxVStem	SC15_Fut_AuxVStem	SC15_Fut_AuxVStem	SC15_Fut_AuxVStem
khona	Adv	Adv	Adv	Adv
i_n_chubo	NPrePre9_BPre9_NStem	NPrePre9_BPre9_NStem	NPrePre9_BPre9_NStem	NPrePre9_BPre9_NStem
ya_CBP	PossConc9_Abbr	PossConc9_Abbr	PossConc9_Abbr	PossConc9_Abbr
.	Punc	Punc	Punc	Punc
e_tin_dzawo_ini	LocPre_BPre10_NStem_LocSuf	LocPre_BPre10_NStem_LocSuf	LocPre_BPre10_NStem_LocSuf	LocPre_BPre10_NStem_LocSuf
ta_s_e_ma_dolobha_ini	PossConc10_PreLoc-s_LocPre_BPre6_NStem_LocSuf	PossConc10_PreLoc-s_LocPre_BPre6_NStem_LocSuf	PossConc10_PreLoc-s_LocPre_BPre6_NStem_LocSuf	PossConc10_PreLoc-s_LocPre_BPre6_NStem_LocSuf
e_ma_lunga	NPrePre6_BPre6_NStem	NPrePre6_BPre6_NStem	NPrePre6_BPre6_NStem	NPrePre6_BPre6_NStem
eli_komidi	RelConc5_NStem	RelConc5_NStem	RelConc5_NStem	PossConc6_BPre5_NStem
le_li_wadi	Dem4_Pos1_BPre5_NStem	PossConc5_BPre5_NStem	Dem4_Pos1_BPre5_NStem	PossConc5_BPre5_NStem
ku_mel_e	SC15_VRoot_VerbTerm	SC15_VRoot_VerbTerm	SC15_VRoot_VerbTerm	SC15_VRoot_VerbTerm
a_melwe	NPrePre6_NStem	NPrePre6_NStem	NPrePre6_NStem	SC6_VRoot_PassExt_VerbTerm
li_cembu	BPre5_NStem	BPre5_NStem	BPre5_NStem	BPre5_NStem
la_loku_tsit_e	PossConc5_RelConc15_Intrans_VerbTerm	PossConc5_RelConc15_VRoot_VerbTerm	PossConc5_RelConc15_Intrans_VerbTerm	RelConc6_RelConc15_RelStem
,	Punc	Punc	Punc	Punc
nga_kwa_si_bonelo	AdvPre_PossConc15_BPre7_NStem	AdvPre_PossConc15_BPre7_NStem	AdvPre_PossConc15_BPre7_NStem	AdvPre_PossConc15_BPre7_NStem
,	Punc	Punc	Punc	Punc
e_ma_cembu	NPrePre6_BPre6_NStem	NPrePre6_BPre6_NStem	NPrePre6_BPre6_NStem	NPrePre6_BPre6_NStem
e_ta_in_kholo	LocPre_PossConc10_BPre9_NStem	LocPre_PossConc10_BPre9_NStem	LocPre_PossConc10_BPre9_NStem	PossConc6_PossConc10_BPre9_NStem
,	Punc	Punc	Punc	Punc
tin_hlangano	BPre10_NStem	BPre10_NStem	BPre10_NStem	BPre10_NStem
ta_bo_make	PossConc8_BPre2_VerbTerm	PossConc8_BPre2_NStem	PossConc8_BPre2_VerbTerm	PossConc8_BPre2_NStem
,	Punc	Punc	Punc	Punc
tin_hlangano	BPre10_NStem	BPre10_NStem	BPre10_NStem	BPre10_NStem
ta_laba_sha	PossConc8_AdjPref2_AdjStem	PossConc10_AdjPref2_AdjStem	PossConc8_AdjPref2_AdjStem	PossConc10_AdjPref2_AdjStem
,	Punc	Punc	Punc	Punc
i_ncenye	NPrePre9_NStem	NPrePre9_NStem	NPrePre9_NStem	NPrePre9_NStem
ye_te_m_philo	PossConc4_PossConc8_BPre3_NStem	PossConc4_PossConc8_BPre3_NStem	PossConc4_PossConc8_BPre3_NStem	PossConc4_PossConc8_BPre3_NStem
,	Punc	Punc	Punc	Punc
e_ma_cembu	LocPre_BPre6_NStem	NPrePre6_BPre6_NStem	LocPre_BPre6_NStem	LocPre_BPre3_NStem
e_te_mi_dlalo	PossConc6_PossConc10_BPre4_NStem	PossConc6_PossConc10_BPre4_NStem	PossConc6_PossConc10_BPre4_NStem	PossConc6_PossConc10_BPre4_NStem
,	Punc	Punc	Punc	Punc
ba_hlali	BPre2_NStem	BPre2_NStem	BPre2_NStem	BPre2_NStem
,	Punc	Punc	Punc	Punc
tin_hlangano	BPre10_NStem	BPre10_NStem	BPre10_NStem	BPre10_NStem
t_e_ibakhokhi	PossConc10_LocPre_NStem	PossConc8_LocPre_NStem	PossConc10_LocPre_NStem	PossConc10_BPre2_NStem
be_ts_el_a	CopPre_VRoot_VerbExt_VerbTerm	SC2_VRoot_ApplExt_VerbTerm	CopPre_VRoot_VerbExt_VerbTerm	SC2_VRoot_VerbTerm
ya_masipala	PossConc4_NStem	PossConc4_NStem	PossConc4_NStem	PossConc4_NStem
.	Punc	Punc	Punc	Punc
u_mu_tsetfo	NPrePre3_BPre3_NStem	NPrePre3_BPre3_NStem	NPrePre3_BPre3_NStem	NPrePre3_BPre3_NStem
wa_e_ma_lungelo	PossConc3_NPrePre6_BPre6_NStem	PossConc3_NPrePre6_BPre6_NStem	PossConc3_NPrePre6_BPre6_NStem	PossConc3_NPrePre6_BPre6_NStem
u_faka	NPrePre1a_NStem	NPrePre1a_NStem	NPrePre1a_NStem	SC3_VRoot_VerbTerm
e_khatsi	LocPre_Adv	LocPre_Adv	LocPre_Adv	LocPre_Adv
e_ma_lungelo	NPrePre6_BPre6_NStem	NPrePre6_BPre6_NStem	NPrePre6_BPre6_NStem	NPrePre6_BPre6_NStem
e_m_notfo	LocPre_BPre3_NStem	LocPre_BPre3_NStem	LocPre_BPre3_NStem	PossConc6_NPrePre3_BPre3_NStem
na_n_hlalakahle	AdvPre_BPre9_NStem	AdvPre_BPre9_NStem	AdvPre_BPre9_NStem	AdvPre_BPre9_NStem
,	Punc	Punc	Punc	Punc
e_uku_hlal_a	LocPre_BPre15_VRoot_VerbTerm	LocPre_OC15_VRoot_VerbTerm	LocPre_BPre15_VRoot_VerbTerm	PossConc6_OC15_VRoot_VerbTerm
e_n_dzawo_ini	LocPre_NPre9_NStem_LocSuf	LocPre_NPre9_NStem_LocSuf	LocPre_NPre9_NStem_LocSuf	LocPre_NPre9_NStem_LocSuf
le_hlob_ile	PossConc5_VRoot_Perf	PossConc5_VRoot_Perf	PossConc5_VRoot_Perf	PossConc5_VRoot_Perf
,	Punc	Punc	Punc	Punc
ku_tfol_a	SC15_VRoot_VerbTerm	BPre15_VRoot_VerbTerm	SC15_VRoot_VerbTerm	BPre15_VRoot_VerbTerm
i_n_dzawo	NPrePre9_BPre9_NStem	NPrePre9_BPre9_NStem	NPrePre9_BPre9_NStem	NPrePre9_BPre9_NStem
leyanele	NStem	NStem	NStem	RelConc9_Pres_VRoot_VerbTerm
ya_ku_lal_a	PossConc9_SC15_VRoot_VerbTerm	PossConc9_SC15_VRoot_VerbTerm	PossConc9_SC15_VRoot_VerbTerm	PossConc9_SC15_VRoot_VerbTerm
,	Punc	Punc	Punc	Punc
ku_b_a	SC15_VRoot_VerbTerm	SC15_VRoot_VerbTerm	SC15_VRoot_VerbTerm	BPre15_VRoot_VerbTerm
dvute	NStem	NStem	NStem	NStem
ne_tin_sita	AdvPre_BPre10_NStem	AdvPre_BPre10_NStem	AdvPre_BPre10_NStem	AdvPre_BPre10_NStem
te_m_tfolamphilo	PossConc8_BPre3_NStem	PossConc8_BPre3_NStem	PossConc8_BPre3_NStem	PossConc8_BPre3_NStem
,	Punc	Punc	Punc	Punc
ku_dla	BPre15_NStem	BPre15_NStem	BPre15_NStem	BPre15_VRoot_VerbTerm
loku_enel_e	RelConc15_VRoot_VerbTerm	RelConc15_VRoot_VerbTerm	RelConc15_VRoot_VerbTerm	RelConc15_VRoot_VerbTerm
,	Punc	Punc	Punc	Punc
na_manti	AdvPre_NStem	AdvPre_NStem	AdvPre_NStem	AdvPre_NStem
.	Punc	Punc	Punc	Punc
u_mu_gomo	NPrePre3_BPre3_NStem	NPrePre3_BPre3_NStem	NPrePre3_BPre3_NStem	NPrePre3_BPre3_NStem
wa_masipala	PossConc3_NStem	PossConc3_NStem	PossConc3_NStem	PossConc3_NStem
lo_wu_setjentis_w_a	RelConc3_OC3_VRoot_PassExt_VerbTerm	RelConc3_OC3_VRoot_PassExt_VerbTerm	RelConc3_OC3_VRoot_PassExt_VerbTerm	RelConc3_Pos1_VRoot_PassExt_VerbTerm
ku_sungul_a	BPre15_VRoot_VerbTerm	BPre15_VRoot_VerbTerm	BPre15_VRoot_VerbTerm	BPre15_VRoot_VerbTerm
leli_komidi	Dem5_Pos1_NStem	Pos1	Dem5_Pos1_NStem	PossConc5_BPre5_NStem
le_li_wadi	PossConc5_BPre5_NStem	PossConc5_BPre5_NStem	PossConc5_BPre5_NStem	PossConc5_BPre5_NStem
nobe	Conj	Conj	Conj	Conj
ti_miso	BPre10_NStem	BPre10_NStem	BPre10_NStem	BPre8_NStem
ta_ku_ti_phats_a	PossConc8_OC15_ReflPre_VRoot_VerbTerm	PossConc10_OC15_ReflPre_VRoot_VerbTerm	PossConc8_OC15_ReflPre_VRoot_VerbTerm	PossConc10_OC15_ReflPre_VRoot_VerbTerm
kumele	AuxVStem	AuxVStem	AuxVStem	SC15_VRoot_VerbTerm
ku_nik_e	SC15_VRoot_VerbTerm	SC15_VRoot_VerbTerm	SC15_VRoot_VerbTerm	SC15_VRoot_VerbTerm
li_tfuba	BPre5_NStem	BPre5_NStem	BPre5_NStem	BPre5_NStem
la_ku_ent_a	PossConc5_OC15_VRoot_VerbTerm	PossConc5_OC15_VRoot_VerbTerm	PossConc5_OC15_VRoot_VerbTerm	PossConc5_OC15_VRoot_VerbTerm
loku	Dem15_Pos1		Dem15_Pos1	
.	Punc	Punc	Punc	Punc
lo_u_mu_gomo	Dem1_Pos1_NPrePre4_BPre3_NStem	Pos1_NPrePre3_BPre3	Dem1_Pos1_NPrePre4_BPre3_NStem	Pos1_NStem
u_phindz_e	SC3_VRoot_VerbTerm	SC3_VRoot_VerbTerm	SC3_VRoot_VerbTerm	SC3_VRoot_VerbTerm
u_dzing_a	SC3_VRoot_VerbTerm	SC2_VRoot_VerbTerm	SC3_VRoot_VerbTerm	SC2_VRoot_VerbTerm
kutsi	Conj	Conj	Conj	Conj
u_vikel_e	SC3_VRoot_VerbTerm	SC3_VRoot_VerbTerm	SC3_VRoot_VerbTerm	SC3_VRoot_VerbTerm
leli_komidi	Dem5_Pos1_NStem	PossConc5_Pos1	Dem5_Pos1_NStem	PossConc5_BPre5_NStem
le_li_wadi	PossConc5_BPre5_NStem	PossConc5_BPre5_NStem	PossConc5_BPre5_NStem	PossConc5_BPre5_NStem
kutsi	Conj	Conj	Conj	Conj
ba_mu_busave	PossConc2_BPre3_NStem	PossConc2_BPre3_NStem	PossConc2_BPre3_NStem	PossConc2_BPre3_NStem
ba_nga_fak_i	SC2_NegPre_VRoot_VerbTerm	SC2_NegPre_VRoot_VerbTerm	SC2_NegPre_VRoot_VerbTerm	SC2_NegPre_VRoot_VerbTerm
lu_nyawo	BPre11_NStem	BPre11_NStem	BPre11_NStem	BPre11_NStem
lolu_bi	AdjPref11_AdjStem	RelConc11_AdjStem	AdjPref11_AdjStem	RelConc11_AdjStem
.	Punc	Punc	Punc	Punc
u_ent_a	SC2ps_VRoot_VerbTerm	SC1_VRoot_VerbTerm	SC2ps_VRoot_VerbTerm	SC1_VRoot_VerbTerm
i_ni	NPrePre4_Interrog	NPrePre4_Interrog	NPrePre4_Interrog	NPrePre4_Interrog
le_yi_ent_a	RelConc9_OC9_VRoot_VerbTerm	RelConc9_OC9_VRoot_VerbTerm	RelConc9_OC9_VRoot_VerbTerm	RelConc9_OC9_VRoot_VerbTerm
ku_be	SC15_AuxVStem	SC15_AuxVStem	SC15_AuxVStem	SC15_AuxVStem
lu_khuni	AdvPre_Adv	BPre11_NStem	AdvPre_Adv	Adv
ku_chum_an_a	BPre15_VRoot_RecipExt_VerbTerm	BPre15_VRoot_RecipExt_VerbTerm	BPre15_VRoot_RecipExt_VerbTerm	BPre15_VRoot_RecipExt_VerbTerm
?	Punc	Punc	Punc	Punc
fundz_a	VRoot_VerbTerm	VRoot_VerbTerm	VRoot_VerbTerm	VRoot_VerbTerm
nasi	Dem7_Pos1		Dem7_Pos1	
si_bonelo	BPre7_NStem	BPre7_NStem	BPre7_NStem	BPre7_NStem
lesi_landzela_ko	RelConc7_NStem_RelSuf	RelConc7_NStem_RelSuf	RelConc7_NStem_RelSuf	RelConc7_NStem_RelSuf
.	Punc	Punc	Punc	Punc
u_mu_buto	NPrePre3_BPre3_NStem	NPrePre3_BPre3_NStem	NPrePre3_BPre3_NStem	NPrePre3_BPre3_NStem
3	Num	Num	Num	Num
yini	Interrog	Interrog	Interrog	Interrog
tin_chubo	BPre10_NStem	BPre10_NStem	BPre10_NStem	NPre10_NStem
leti_balulek_ile	RelConc10_VRoot_Perf	RelConc10_VRoot_Perf	RelConc10_VRoot_Perf	RelConc8_VRoot_Perf
ta_ku_landz_elel_a	PossConc10_OC15_VRoot_IntensExt_VerbTerm	PossConc8_OC15_VRoot_IntensExt_VerbTerm	PossConc10_OC15_VRoot_IntensExt_VerbTerm	PossConc8_OC15_VRoot_IntensExt_VerbTerm
ne_ku_hlol_a	AdvPre_SC15_VRoot_VerbTerm	AdvPre_SC15_VRoot_VerbTerm	AdvPre_SC15_VRoot_VerbTerm	AdvPre_SC15_VRoot_VerbTerm
leti_dzing_ek_a_ko	RelConc10_VRoot_NeutExt_VerbTerm_RelSuf	RelConc10_VRoot_NeutExt_VerbTerm_RelSuf	RelConc10_VRoot_NeutExt_VerbTerm_RelSuf	RelConc10_VRoot_NeutExt_VerbTerm_RelSuf
ku_cinisek_a	BPre15_VRoot_VerbTerm	BPre15_VRoot_VerbTerm	BPre15_VRoot_VerbTerm	BPre15_VRoot_VerbTerm
nga_kwe_tful_w_a	AdvPre_OC15_VRoot_PassExt_VerbTerm	AdvPre_OC15_VRoot_PassExt_VerbTerm	AdvPre_OC15_VRoot_PassExt_VerbTerm	AdvPre_OC15_VRoot_PassExt_VerbTerm
kwe_tin_sita	PossConc15_BPre10_NStem	PossConc15_BPre10_NStem	PossConc15_BPre10_NStem	PossConc15_BPre10_NStem
,	Punc	Punc	Punc	Punc
yini	Interrog	Interrog	Interrog	Interrog
tin_zuzo	BPre10_NStem	BPre10_NStem	BPre10_NStem	BPre10_NStem
leti_nga_tfol_akal_a	RelConc10_Pot_VRoot_NeutExt_VerbTerm	RelConc10_Pot_VRoot_NeutExt_VerbTerm	RelConc10_Pot_VRoot_NeutExt_VerbTerm	RelConc10_Pot_VRoot_NeutExt_VerbTerm
nga_ku_kal_a	AdvPre_OC15_VRoot_VerbTerm	AdvPre_OC15_VRoot_VerbTerm	AdvPre_OC15_VRoot_VerbTerm	AdvPre_OC15_VRoot_VerbTerm
i_n_chubo	NPrePre9_BPre9_NStem	NPrePre9_BPre9_NStem	NPrePre9_BPre9_NStem	NPrePre9_BPre9_NStem
?	Punc	Punc	Punc	Punc
lu_hlaka	BPre11_NStem	BPre11_NStem	BPre11_NStem	BPre11_NStem
lwa_ku_phats_w_a	PossConc11_OC15_VRoot_PassExt_VerbTerm	PossConc11_OC15_VRoot_PassExt_VerbTerm	PossConc11_OC15_VRoot_PassExt_VerbTerm	PossConc11_OC15_VRoot_PassExt_VerbTerm
kwa_i_n_velo	PossConc15_NPrePre9_BPre9_NStem	PossConc15_NPrePre9_BPre9_NStem	PossConc15_NPrePre9_BPre9_NStem	PossConc15_NPrePre9_BPre9_NStem
.	Punc	Punc	Punc	Punc
i_n_tfutfuko	NPrePre9_BPre9_NStem	NPrePre9_BPre9_NStem	NPrePre9_BPre9_NStem	NPrePre9_BPre9_NStem
le_na_u_mu_tselela	RelConc9_AdvPre_NPrePre3_BPre3_NStem	RelConc9_AdvPre_NPrePre3_BPre3_NStem	RelConc9_AdvPre_NPrePre3_BPre3_NStem	RelConc9_AdvPre_BPre3_NStem
lo_bon_akal_a_ko	RelConc3_VRoot_NeutExt_VerbTerm_RelSuf	RelConc3_VRoot_NeutExt_VerbTerm_RelSuf	RelConc3_VRoot_NeutExt_VerbTerm_RelSuf	RelConc3_VRoot_NeutExt_VerbTerm_RelSuf
ku_te_m_velo	BPre17_PossConc10_BPre3_NStem	BPre17_PossConc10_BPre3_NStem	BPre17_PossConc10_BPre3_NStem	LocPre_PossConc10_BPre3_NStem
nobe	Conj	Conj	Conj	Conj
i_mi_tselela	NPrePre4_BPre4_NStem	NPrePre4_BPre4_NStem	NPrePre4_BPre4_NStem	NPrePre4_BPre4_NStem
ku_ten_hlalo	BPre17_BPre10_NStem	BPre17_BPre10_NStem	BPre17_BPre10_NStem	BPre17_BPre10_NStem
ku_mel_e	SC15_VRoot_VerbTerm	SC15_VRoot_VerbTerm	SC15_VRoot_VerbTerm	SC15_VRoot_VerbTerm
i_lingan_is_w_e	SC4_VRoot_CausExt_PassExt_VerbTerm	SC4_VRoot_CausExt_PassExt_VerbTerm	SC4_VRoot_CausExt_PassExt_VerbTerm	SC4_VRoot_CausExt_PassExt_VerbTerm
nga_ku_esek_el_a	AdvPre_OC15_VRoot_ApplExt_VerbTerm	AdvPre_BPre15_VRoot_ApplExt_VerbTerm	AdvPre_OC15_VRoot_ApplExt_VerbTerm	AdvPre_OC15_VRoot_VerbTerm
ku_tfutfuk_is_a	BPre15_VRoot_CausExt_VerbTerm	BPre15_VRoot_CausExt_VerbTerm	BPre15_VRoot_CausExt_VerbTerm	BPre15_VRoot_CausExt_VerbTerm
e_tin_dzawo_ini	LocPre_BPre10_NStem_LocSuf	LocPre_BPre10_NStem_LocSuf	LocPre_BPre10_NStem_LocSuf	LocPre_BPre10_NStem_LocSuf
leti_hamb_is_an_a	RelConc8_VRoot_CausExt_RecipExt_VerbTerm	RelConc8_VRoot_CausExt_RecipExt_VerbTerm	RelConc8_VRoot_CausExt_RecipExt_VerbTerm	RelConc8_VRoot_CausExt_RecipExt_VerbTerm
na_to	AdvPre_PronStem8	AdvPre_PronStem8	AdvPre_PronStem8	AdvPre_PronStem8
.	Punc	Punc	Punc	Punc
ku_ti_bandzakany_a	BPre15_ReflPre_VRoot_VerbTerm	BPre15_ReflPre_VRoot_VerbTerm	BPre15_ReflPre_VRoot_VerbTerm	BPre15_ReflPre_VRoot_VerbTerm
kwe_m_mango	PossConc15_BPre3_NStem	PossConc15_BPre3_NStem	PossConc15_BPre3_NStem	PossConc15_BPre3_NStem
e_ku_sebent_a_ini	LocPre_BPre15_VRoot_VerbTerm_LocSuf	LocPre_BPre15_VRoot_VerbTerm_LocSuf	LocPre_BPre15_VRoot_VerbTerm_LocSuf	LocPre_BPre15_VRoot_VerbTerm_LocSuf
kwa_masipala	PossConc15_NStem	PossConc15_NStem	PossConc15_NStem	PossConc15_NStem
ku_cin_is_w_a	SC15_VRoot_CausExt_PassExt_VerbTerm	SC15_VRoot_CausExt_PassExt_VerbTerm	SC15_VRoot_CausExt_PassExt_VerbTerm	SC15_VRoot_CausExt_PassExt_VerbTerm
ku_sebent_a	BPre15_VRoot_VerbTerm	BPre15_VRoot_VerbTerm	BPre15_VRoot_VerbTerm	BPre15_VRoot_VerbTerm
kwe_ma_komidi	PossConc15_BPre6_NStem	PossConc15_BPre6_NStem	PossConc15_BPre6_NStem	PossConc15_NPrePre6_BPre6_NStem
a_li_wadi	PossConc6_BPre5_NStem	PossConc6_BPre5_NStem	PossConc6_BPre5_NStem	PossConc6_BPre5_NStem
,	Punc	Punc	Punc	Punc
ku_ne_si_dzingo	LocPre_AdvPre_BPre7_NStem	LocPre_AdvPre_BPre7_NStem	LocPre_AdvPre_BPre7_NStem	LocPre_AdvPre_BPre7_NStem
se_mtsetfo	PossConc7_NStem	PossConc7_NStem	PossConc7_NStem	PossConc7_BPre3_NStem
sa_masipala	PossConc7_NStem	PossConc7_NStem	PossConc7_NStem	PossConc7_NStem
kutsi	Conj	Conj	Conj	Conj
a_fak_e	SC1_VRoot_VerbTerm	SC6_VRoot_VerbTerm	SC1_VRoot_VerbTerm	SC6_VRoot_VerbTerm
e_khatsi	LocPre_Adv	LocPre_Adv	LocPre_Adv	LocPre_Adv
u_mu_mango	NPrePre3_BPre3_NStem	NPrePre3_BPre3_NStem	NPrePre3_BPre3_NStem	NPrePre3_BPre3_NStem
we_in_dzawo	PossConc3_NPre9_NStem	PossConc3_NPre9_NStem	PossConc3_NPre9_NStem	PossConc3_NPre9_NStem
,	Punc	Punc	Punc	Punc
nga_ku_sebent_is_a	AdvPre_OC15_VRoot_CausExt_VerbTerm	AdvPre_OC15_VRoot_CausExt_VerbTerm	AdvPre_OC15_VRoot_CausExt_VerbTerm	AdvPre_OC15_VRoot_CausExt_VerbTerm
e_ma_komidi	NPrePre6_BPre6_NStem	NPrePre6_BPre6_NStem	NPrePre6_BPre6_NStem	NPrePre6_BPre6_NStem
a_li_wadi	PossConc6_BPre5_NStem	PossConc6_BPre5_NStem	PossConc6_BPre5_NStem	PossConc6_BPre5_NStem
,	Punc	Punc	Punc	Punc
e_ku_bek_a_ini	LocPre_OC15_VRoot_VerbTerm_LocSuf	LocPre_OC15_VRoot_VerbTerm_LocSuf	LocPre_OC15_VRoot_VerbTerm_LocSuf	LocPre_OC15_VRoot_VerbTerm_LocSuf
e_ma_KPI	NPrePre6_BPre6_Abbr	NPrePre6_BPre6_Abbr	NPrePre6_BPre6_Abbr	NPrePre6_BPre6_NStem
ne_tin_hloso	AdvPre_BPre10_NStem	AdvPre_BPre10_NStem	AdvPre_BPre10_NStem	AdvPre_BPre10_NStem
te_ku_sebent_a	PossConc10_OC15_VRoot_VerbTerm	PossConc10_BPre15_VRoot_VerbTerm	PossConc10_OC15_VRoot_VerbTerm	PossConc10_OC15_VRoot_VerbTerm
,	Punc	Punc	Punc	Punc
na_ku_ent_a	AdvPre_BPre15_VRoot_VerbTerm	AdvPre_OC15_VRoot_VerbTerm	AdvPre_BPre15_VRoot_VerbTerm	AdvPre_BPre15_VRoot_VerbTerm
si_ciniseko	BPre7_NStem	BPre7_NStem	BPre7_NStem	BPre7_NStem
se_ku_ti_bandzakany_a	PossConc7_BPre15_ReflPre_VRoot_VerbTerm	PossConc7_OC15_ReflPre_VRoot_VerbTerm	PossConc7_BPre15_ReflPre_VRoot_VerbTerm	PossConc7_OC15_ReflPre_VRoot_VerbTerm
kwe_m_mango	PossConc15_BPre3_NStem	PossConc15_BPre3_NStem	PossConc15_BPre3_NStem	PossConc15_BPre3_NStem
e_ku_landz_elel_a_ini	LocPre_BPre15_VRoot_IntensExt_VerbTerm_LocSuf	LocPre_BPre15_VRoot_IntensExt_VerbTerm_LocSuf	LocPre_BPre15_VRoot_IntensExt_VerbTerm_LocSuf	LocPre_BPre15_VRoot_IntensExt_VerbTerm_LocSuf
na_s_e_ku_buyeket_a_ini	AdvPre_PreLoc-s_LocPre_BPre15_VRoot_VerbTerm_LocSuf	AdvPre_PreLoc-s_LocPre_BPre15_VRoot_VerbTerm_LocSuf	AdvPre_PreLoc-s_LocPre_BPre15_VRoot_VerbTerm_LocSuf	AdvPre_PreLoc-s_LocPre_BPre15_VRoot_VerbTerm_LocSuf
.	Punc	Punc	Punc	Punc
ku_gcugcut_el_a	SC15_VRoot_ApplExt_VerbTerm	BPre15_VRoot_ApplExt_VerbTerm	SC15_VRoot_ApplExt_VerbTerm	BPre15_VRoot_VerbTerm
imi_mango	NPre4_NStem	NPre4_NStem	NPre4_NStem	NPrePre4_BPre4_NStem
ya_bo	PossConc4_PronStem2	PossConc9_PronStem2	PossConc4_PronStem2	PossConc9_PronStem2
,	Punc	Punc	Punc	Punc
ku_ent_a	SC15_VRoot_VerbTerm	BPre15_VRoot_VerbTerm	SC15_VRoot_VerbTerm	BPre15_VRoot_VerbTerm
si_ciniseko	BPre7_NStem	BPre7_NStem	BPre7_NStem	BPre7_NStem
kutsi	Conj	Conj	Conj	Conj
tin_kinga	BPre10_NStem	BPre10_NStem	BPre10_NStem	BPre10_NStem
ti_ya_khonj_w_a	SC8_Pres_VRoot_PassExt_VerbTerm	SC8_Pres_VRoot_PassExt_VerbTerm	SC8_Pres_VRoot_PassExt_VerbTerm	SC10_Pres_VRoot_PassExt_VerbTerm
,	Punc	Punc	Punc	Punc
phindz_e	VRoot_VerbTerm	VRoot_VerbTerm	VRoot_VerbTerm	VRoot_VerbTerm
ti_bik_w_e	SC8_VRoot_PassExt_VerbTerm	SC10_VRoot_PassExt_VerbTerm	SC8_VRoot_PassExt_VerbTerm	SC10_VRoot_PassExt_VerbTerm
ku_ma_khansela	LocPre_BPre6_NStem	LocPre_BPre6_NStem	LocPre_BPre6_NStem	LocPre_BPre6_NStem
a_bo	PossConc6_PronStem2	PossConc6_PronStem2	PossConc6_PronStem2	PossConc6_PronStem2
,	Punc	Punc	Punc	Punc
ba_phindz_e	BPre2_VRoot_VerbTerm	BPre2_VRoot_VerbTerm	BPre2_VRoot_VerbTerm	BPre2_VRoot_VerbTerm
ba_bhek_e	SC2a_VRoot_VerbTerm	SC2_VRoot_VerbTerm	SC2a_VRoot_VerbTerm	SC2_VRoot_VerbTerm
kutsi	Conj	Conj	Conj	Conj
ti_tawu_sonjulul_w_a	SC10_Fut_VRoot_PassExt_VerbTerm	SC10_Fut_VRoot_PassExt_VerbTerm	SC10_Fut_VRoot_PassExt_VerbTerm	SC10_Fut_VRoot_PassExt_VerbTerm
.	Punc	Punc	Punc	Punc
ku_ku_at_i	BPre15_SC15_VRoot_VerbTerm	BPre15_OC15_VRoot_VerbTerm	BPre15_SC15_VRoot_VerbTerm	BPre15_OC15_VRoot_VerbTerm
ku_ent_a	BPre15_VRoot_VerbTerm	BPre15_VRoot_VerbTerm	BPre15_VRoot_VerbTerm	BPre15_VRoot_VerbTerm
na_e_ma_khono	AdvPre_NPrePre6_BPre6_NStem	AdvPre_NPrePre6_BPre6_NStem	AdvPre_NPrePre6_BPre6_NStem	AdvPre_NPrePre6_BPre6_NStem
abo_thishelanhloko	RelConc2_NStem	RelConc2_NStem	RelConc2_NStem	PossConc6_BPre2a_NStem
be_tiko	PossConc2_NStem	PossConc2_NStem	PossConc2_NStem	BPre2_NStem
.	Punc	Punc	Punc	Punc
lu_phawu	BPre11_NStem	BPre11_NStem	BPre11_NStem	BPre11_NStem
lolu_vam_ile	RelConc11_VRoot_Perf	RelConc11_VRoot_Perf	RelConc11_VRoot_Perf	RelConc11_VRoot_Perf
lwa_to	PossConc11_NStem	PossConc11_NStem	PossConc11_NStem	PossConc11_PronStem8
to_nkhe	QuantConc10_QuantStem	QuantConc10_QuantStem	QuantConc10_QuantStem	QuantConc10_QuantStem
ti_kolo	BPre8_NStem	BPre8_NStem	BPre8_NStem	BPre8_NStem
leti_phetf_w_e	RelConc10_VRoot_PassExt_VerbTerm	RelConc10_VRoot_PassExt_VerbTerm	RelConc10_VRoot_PassExt_VerbTerm	RelConc10_VRoot_PassExt_VerbTerm
ka_hle	AdvPre_AdjStem	AdvPre_AdjStem	AdvPre_AdjStem	AdvPre_AdjStem
bu_holi	BPre14_NStem	BPre14_NStem	BPre14_NStem	BPre14_NStem
.	Punc	Punc	Punc	Punc
li_tiko	NPre5_NStem	BPre5_NStem	NPre5_NStem	NStem
le_te_m_fundvo	PossConc5_PossConc8_BPre3_NStem	PossConc5_PossConc8_BPre3_NStem	PossConc5_PossConc8_BPre3_NStem	PossConc5_PossConc8_BPre3_NStem
lesi_sekelo	RelConc7_NStem	NStem	RelConc7_NStem	Pos1
ka_mu_va	AdvPre_BPre1_Adv	AdvPre_BPre1_Adv	AdvPre_BPre1_Adv	AdvPre_BPre1_Adv
nje	Adv	Adv	Adv	Adv
le_tful_e	SC5_VRoot_VerbTerm	SC5_VRoot_VerbTerm	SC5_VRoot_VerbTerm	SC5_VRoot_VerbTerm
lu_hlelo	BPre11_NStem	BPre11_NStem	BPre11_NStem	BPre11_NStem
lwa_ku_lingan_is_a	PossConc11_BPre15_VRoot_CausExt_VerbTerm	PossConc11_OC15_VRoot_CausExt_VerbTerm	PossConc11_BPre15_VRoot_CausExt_VerbTerm	PossConc11_OC15_VRoot_CausExt_VerbTerm
e_ma_khono	NPrePre6_BPre6_NStem	NPrePre6_BPre6_NStem	NPrePre6_BPre6_NStem	NPrePre6_BPre6_NStem
abo_thishelanhloko	RelConc2_NStem	RelConc2_NStem	RelConc2_NStem	PossConc6_BPre2a_NStem
kanye	Adv	Conj	Adv	Conj
na_ma_sekela	AdvPre_BPre6_NStem	AdvPre_BPre6_NStem	AdvPre_BPre6_NStem	AdvPre_BPre6_NStem
abo_thishelanhloko	RelConc2_NStem	RelConc2_NStem	RelConc2_NStem	PossConc6_BPre2a_NStem
.	Punc	Punc	Punc	Punc
lo_lu_hlolo	Dem1_Pos1_BPre11_NStem	BPre11_NStem	Dem1_Pos1_BPre11_NStem	RelConc11_NStem
lu_tawu_phindz_e	SC11_Fut_Intrans_VerbTerm	SC11_Fut_VRoot_VerbTerm	SC11_Fut_Intrans_VerbTerm	SC11_Fut_VRoot_VerbTerm
lu_site	BPre11_NStem	BPre11_NStem	BPre11_NStem	SC11_VRoot_VerbTerm
ku_khomb_a	BPre15_VRoot_VerbTerm	BPre15_VRoot_VerbTerm	BPre15_VRoot_VerbTerm	BPre15_VRoot_VerbTerm
laba_nga_sebent_i	RelConc2_NegPre_VRoot_VerbTerm	RelConc2_NegPre_VRoot_VerbTerm	RelConc2_NegPre_VRoot_VerbTerm	RelConc2_NegPre_VRoot_VerbTerm
,	Punc	Punc	Punc	Punc
nge_ku_buk_a	AdvPre_SC15_VRoot_VerbTerm	AdvPre_SC15_VRoot_VerbTerm	AdvPre_SC15_VRoot_VerbTerm	AdvPre_SC15_VRoot_VerbTerm
i_mi_phumela	NPrePre4_BPre4_NStem	NPrePre4_BPre4_NStem	NPrePre4_BPre4_NStem	NPrePre4_BPre4_NStem
ye_bafundzi	PossConc9_NStem	PossConc9_NStem	PossConc9_NStem	PossConc9_BPre2_NStem
,	Punc	Punc	Punc	Punc
bese	Conj	Conj	Conj	Conj
li_niket_a	SC5_VRoot_VerbTerm	SC5_VRoot_VerbTerm	SC5_VRoot_VerbTerm	SC5_VRoot_VerbTerm
ku_sek_el_a	BPre15_VRoot_ApplExt_VerbTerm	BPre15_VRoot_ApplExt_VerbTerm	BPre15_VRoot_ApplExt_VerbTerm	BPre15_VRoot_ApplExt_VerbTerm
loku_fan_el_e	RelConc15_VRoot_ApplExt_VerbTerm	RelConc15_VRoot_ApplExt_VerbTerm	RelConc15_VRoot_ApplExt_VerbTerm	RelConc15_VRoot_ApplExt_VerbTerm
ku_bo_thishelanhloko	LocPre_BPre2a_NStem	LocPre_BPre2a_NStem	LocPre_BPre2a_NStem	LocPre_BPre2a_NStem
na_ku_bothishela	AdvPre_BPre15_NStem	AdvPre_BPre15_NStem	AdvPre_BPre15_NStem	AdvPre_OC15_OC2a_VRoot_VerbTerm
.	Punc	Punc	Punc	Punc
bo_thishelanhloko	BPre2a_NStem	BPre2a_NStem	BPre2a_NStem	BPre2a_NStem
ku_mel_e	SC15_VRoot_VerbTerm	SC15_VRoot_VerbTerm	SC15_VRoot_VerbTerm	SC15_VRoot_VerbTerm
ba_khetfwe	PossConc2_NStem	BPre2_NStem	PossConc2_NStem	SC2_VRoot_PassExt_VerbTerm
nga_kwe_m_sebenti	AdvPre_PossConc15_BPre3_NStem	AdvPre_PossConc15_BPre3_NStem	AdvPre_PossConc15_BPre3_NStem	AdvPre_PossConc15_BPre3_NStem
wa_bo	PossConc1_PronStem14	PossConc3_PronStem2	PossConc1_PronStem14	PossConc3_PronStem2
,	Punc	Punc	Punc	Punc
ba_nik_w_e	SC2a_VRoot_PassExt_VerbTerm	SC2_VRoot_PassExt_VerbTerm	SC2a_VRoot_PassExt_VerbTerm	SC2_VRoot_PassExt_VerbTerm
e_ma_ndla	NPrePre6_BPre6_NStem	NPrePre6_BPre6_NStem	NPrePre6_BPre6_NStem	NPrePre6_BPre6_NStem
la_s_e_tulu	PossConc5_PreLoc-s_LocPre_NStem	PossConc5_PreLoc-s_LocPre_NStem	PossConc5_PreLoc-s_LocPre_NStem	PossConc5_PreLoc-s_LocPre_NStem
kwe_bu_phatsi	PossConc15_BPre15_NStem	PossConc15_BPre14_NStem	PossConc15_BPre15_NStem	PossConc15_BPre14_NStem
ba_si_kolwa	PossConc2_BPre7_NStem	PossConc2_BPre7_NStem	PossConc2_BPre7_NStem	PossConc2_BPre7_NStem
ba_ent_iw_e	OC2_VRoot_PassExt_VerbTerm	SC2_VRoot_PassExt_VerbTerm	OC2_VRoot_PassExt_VerbTerm	SC2_VRoot_PassExt_VerbTerm
kutsi	Conj	Conj	Conj	Conj
ba_ti_phendvul_el_e	SC2_ReflPre_VRoot_ApplExt_VerbTerm	SC2_ReflPre_VRoot_ApplExt_VerbTerm	SC2_ReflPre_VRoot_ApplExt_VerbTerm	SC2_ReflPre_VRoot_ApplExt_VerbTerm
nge_ku_sebent_a	AdvPre_SC15_VRoot_VerbTerm	AdvPre_OC15_VRoot_VerbTerm	AdvPre_SC15_VRoot_VerbTerm	AdvPre_OC15_VRoot_VerbTerm
kwa_i_si_kolo	PossConc15_NPrePre7_BPre7_NStem	PossConc15_NPrePre7_BPre7_NStem	PossConc15_NPrePre7_BPre7_NStem	PossConc15_BPre7_NStem
.	Punc	Punc	Punc	Punc
uma	Conj	Conj	Conj	Conj
ku_tfutfuk_is_w_a	BPre15_VRoot_CausExt_PassExt_VerbTerm	BPre15_VRoot_CausExt_PassExt_VerbTerm	BPre15_VRoot_CausExt_PassExt_VerbTerm	BPre15_VRoot_CausExt_PassExt_VerbTerm
ba_calangaye	BPre2a_NStem	BPre2a_NStem	BPre2a_NStem	BPre2a_NStem
na_u_m_mango	AdvPre_NPrePre1a_BPre1a_NStem	AdvPre_NPrePre1a_BPre1a_NStem	AdvPre_NPrePre1a_BPre1a_NStem	AdvPre_NPrePre1a_BPre1a_NStem
ku_balulek_ile	SC15_VRoot_Perf	SC15_VRoot_Perf	SC15_VRoot_Perf	SC15_VRoot_Perf
ku_gcugcutel_a	BPre15_VRoot_VerbTerm	BPre15_VRoot_VerbTerm	BPre15_VRoot_VerbTerm	BPre15_VRoot_VerbTerm
e_ma_lunga	NPrePre6_BPre6_NStem	NPrePre6_BPre6_NStem	NPrePre6_BPre6_NStem	NPrePre6_BPre6_NStem
a_u_mu_mango	PossConc6_NPrePre3_BPre3_NStem	PossConc6_NPrePre3_BPre3_NStem	PossConc6_NPrePre3_BPre3_NStem	PossConc6_NPrePre3_BPre3_NStem
kutsi	Conj	Conj	Conj	Conj
a_cabang_e	SC6_VRoot_VerbTerm	SC6_VRoot_VerbTerm	SC6_VRoot_VerbTerm	SC6_VRoot_VerbTerm
nga_loku_banti	AdvPre_Dem15_Pos1_NStem	AdvPre_RelConc15_NStem	AdvPre_Dem15_Pos1_NStem	AdvPre_RelConc15_NStem
futsi	Conj	Conj	Conj	Conj
a_fun_e	SC6_VRoot_VerbTerm	SC6_VRoot_VerbTerm	SC6_VRoot_VerbTerm	SC6_VRoot_VerbTerm
ti_dzingo	BPre8_NStem	BPre8_NStem	BPre8_NStem	BPre8_NStem
te_si_khatsi	PossConc8_BPre7_NStem	PossConc10_BPre7_NStem	PossConc8_BPre7_NStem	PossConc10_BPre7_NStem
lesi_fisha	AdjPref7_AdjStem	AdjPref7_AdjStem	AdjPref7_AdjStem	AdjPref7_AdjStem
,	Punc	Punc	Punc	Punc
lesi_s_e_n_dzima_ini	RelConc7_PreLoc-s_LocPre_BPre9_NStem_LocSuf	RelConc7_PreLoc-s_LocPre_BPre9_NStem_LocSuf	RelConc7_PreLoc-s_LocPre_BPre9_NStem_LocSuf	RelConc7_PreLoc-s_LocPre_BPre9_NStem_LocSuf
na_le_lesi_dze	AdvPre_RelConc3_AdjPref7_AdjStem	AdvPre_RelConc4_AdjPref7_AdjStem	AdvPre_RelConc3_AdjPref7_AdjStem	AdvPre_AdjPref7_AdjStem
.	Punc	Punc	Punc	Punc
e_ma_KPI	NPrePre6_BPre6_Abbr	NPrePre6_BPre6_Abbr	NPrePre6_BPre6_Abbr	NPrePre6_BPre6_NStem
ku_mel_e	SC15_VRoot_VerbTerm	SC15_VRoot_VerbTerm	SC15_VRoot_VerbTerm	SC15_VRoot_VerbTerm
a_buyeket_w_e	SC6_VRoot_PassExt_VerbTerm	SC6_VRoot_PassExt_VerbTerm	SC6_VRoot_PassExt_VerbTerm	SC6_VRoot_PassExt_VerbTerm
njalo	Adv	Adv	Adv	Adv
nge_m_nyaka	AdvPre_BPre3_NStem	AdvPre_BPre3_NStem	AdvPre_BPre3_NStem	AdvPre_BPre3_NStem
ngu_masipala	CopPre_NStem	CopPre_NStem	CopPre_NStem	CopPre_NStem
,	Punc	Punc	Punc	Punc
njenga_i_ncenye	AdvPre_NPrePre9_NStem	AdvPre_NPrePre9_NStem	AdvPre_NPrePre9_NStem	AdvPre_NPrePre9_NStem
ya_in_chubo	PossConc9_NPre9_NStem	PossConc9_NPre9_NStem	PossConc9_NPre9_NStem	PossConc9_NPre9_NStem
ye_ku_buyeket_a	PossConc9_BPre15_VRoot_VerbTerm	PossConc9_BPre15_VRoot_VerbTerm	PossConc9_BPre15_VRoot_VerbTerm	PossConc9_OC15_VRoot_VerbTerm
ku_sebenta	BPre15_NStem	BPre15_NStem	BPre15_NStem	BPre15_VRoot_VerbTerm
,	Punc	Punc	Punc	Punc
futsi	Conj	Conj	Conj	Conj
,	Punc	Punc	Punc	Punc
umangabe	Conj	Conj	Conj	Conj
masipala	NStem	NStem	NStem	NStem
a_gucul_a	SC6_VRoot_VerbTerm	SC6_VRoot_VerbTerm	SC6_VRoot_VerbTerm	SC6_VRoot_VerbTerm
i_IDP	NPre9_Abbr	NPre4_Abbr	NPre9_Abbr	NPre9_Abbr
,	Punc	Punc	Punc	Punc
ku_mel_e	SC15_VRoot_VerbTerm	SC15_VRoot_VerbTerm	SC15_VRoot_VerbTerm	SC15_VRoot_VerbTerm
a_phindz_e	SC1a_VRoot_VerbTerm	SC6_VRoot_VerbTerm	SC1a_VRoot_VerbTerm	SC1a_VRoot_VerbTerm
a_buyeket_e	SC6_VRoot_VerbTerm	SC6_VRoot_VerbTerm	SC6_VRoot_VerbTerm	SC6_VRoot_VerbTerm
e_ma_KPI	NPrePre6_BPre6_Abbr	NPrePre6_BPre6_Abbr	NPrePre6_BPre6_Abbr	NPrePre6_BPre6_NStem
.	Punc	Punc	Punc	Punc
lu_ati	BPre11_NStem	BPre11_NStem	BPre11_NStem	BPre11_NStem
lwe_in_chubo	PossConc11_NPre9_NStem	PossConc11_NPre9_NStem	PossConc11_NPre9_NStem	PossConc11_NPre9_NStem
ye_ku_sebent_a	PossConc9_BPre15_VRoot_VerbTerm	PossConc4_BPre15_VRoot_VerbTerm	PossConc9_BPre15_VRoot_VerbTerm	PossConc9_OC15_VRoot_VerbTerm
lolu_buy_a	RelConc11_VRoot_VerbTerm	RelConc11_VRoot_VerbTerm	RelConc11_VRoot_VerbTerm	RelConc11_VRoot_VerbTerm
e_ma_komidi_ini	LocPre_BPre6_NStem_LocSuf	LocPre_BPre6_NStem_LocSuf	LocPre_BPre6_NStem_LocSuf	LocPre_BPre6_NStem_LocSuf
eli_wadi	RelConc5_NStem	RelConc5_NStem	RelConc5_NStem	PossConc6_BPre5_NStem
ku_mel_e	SC15_VRoot_VerbTerm	SC15_VRoot_VerbTerm	SC15_VRoot_VerbTerm	SC15_VRoot_VerbTerm
lu_tfol_akal_e	CopPre_VRoot_NeutExt_VerbTerm	SC11_VRoot_NeutExt_VerbTerm	CopPre_VRoot_NeutExt_VerbTerm	SC11_VRoot_NeutExt_VerbTerm
uma	Conj	Conj	Conj	Conj
ku_buyeket_w_a	SC15_VRoot_PassExt_VerbTerm	BPre15_VRoot_PassExt_VerbTerm	SC15_VRoot_PassExt_VerbTerm	SC15_VRoot_PassExt_VerbTerm
e_ma_KPI	NPrePre6_BPre6_Abbr	NPrePre6_BPre6_Abbr	NPrePre6_BPre6_Abbr	NPrePre6_BPre6_NStem
.	Punc	Punc	Punc	Punc
le_n_chubo	Dem9_Pos1_BPre9_NStem	Pos1_BPre9	Dem9_Pos1_BPre9_NStem	PossConc5_NPrePre9_BPre9_NStem
lena	PronStem9	PronStem9	PronStem9	PronStem9
i_ent_a	SC9_VRoot_VerbTerm	SC9_VRoot_VerbTerm	SC9_VRoot_VerbTerm	SC9_VRoot_VerbTerm
si_ciniseko	BPre7_NStem	BPre7_NStem	BPre7_NStem	BPre7_NStem
nge_ku_ti_phendvul_el_a	AdvPre_SC15_OC10_VRoot_ApplExt_VerbTerm	AdvPre_BPre15_ReflPre_VRoot_ApplExt_VerbTerm	AdvPre_SC15_OC10_VRoot_ApplExt_VerbTerm	AdvPre_OC15_ReflPre_VRoot_ApplExt_VerbTerm
,	Punc	Punc	Punc	Punc
i_tfutfuk_is_e	SC9_VRoot_CausExt_VerbTerm	SC9_VRoot_CausExt_VerbTerm	SC9_VRoot_CausExt_VerbTerm	SC9_VRoot_CausExt_VerbTerm
ku_vum_el_an_a	SC15_VRoot_ApplExt_RecipExt_VerbTerm	BPre15_VRoot_ApplExt_RecipExt_VerbTerm	SC15_VRoot_ApplExt_RecipExt_VerbTerm	BPre15_VRoot_ApplExt_RecipExt_VerbTerm
e_m_khatsi_ini	LocPre_BPre3_NStem_LocSuf	LocPre_BPre3_NStem_LocSuf	LocPre_BPre3_NStem_LocSuf	LocPre_BPre3_NStem_LocSuf
we_m_mango	PossConc3_NPre3_NStem	PossConc3_BPre3_NStem	PossConc3_NPre3_NStem	PossConc3_NPrePre3_BPre3_NStem
na_m_khandlu	AdvPre_BPre3_NStem	AdvPre_BPre3_NStem	AdvPre_BPre3_NStem	AdvPre_BPre3_NStem
.	Punc	Punc	Punc	Punc
i_phindz_e	SC9_VRoot_VerbTerm	SC9_VRoot_VerbTerm	SC9_VRoot_VerbTerm	BPre9_NStem
i_sebent_el_e	SC9_VRoot_ApplExt_VerbTerm	SC9_VRoot_ApplExt_VerbTerm	SC9_VRoot_ApplExt_VerbTerm	SC9_VRoot_ApplExt_VerbTerm
e_kutsini	LocPre_Conj	LocPre_Conj	LocPre_Conj	LocPre_BPre15_VRoot_VerbTerm_InterrogSuf
i_PMS	NPre9_Abbr	NPre9_Abbr	NPre9_Abbr	NPre9_Abbr
i_buk_ek_e	NPre9_VRoot_NPas_VerbTerm	SC9_VRoot_NPas_VerbTerm	NPre9_VRoot_NPas_VerbTerm	SC9_VRoot_NPas_VerbTerm
nga_si_mo	AdvPre_BPre7_NStem	AdvPre_NPre7_NStem	AdvPre_BPre7_NStem	AdvPre_NPre7_NStem
se_ku_kholwek_a	PossConc7_BPre15_VRoot_VerbTerm	PossConc7_BPre15_VRoot_VerbTerm	PossConc7_BPre15_VRoot_VerbTerm	PossConc7_OC15_VRoot_VerbTerm
ngu_u_mu_mango	CopPre_NPrePre3_BPre3_NStem	CopPre_NPrePre3_BPre3_NStem	CopPre_NPrePre3_BPre3_NStem	CopPre_NPrePre3_BPre3_NStem
.	Punc	Punc	Punc	Punc
bo_masipala	BPre2a_NStem	BPre2a_NStem	BPre2a_NStem	BPre2a_NStem
ba_na_tin_tsandvo	BPre2_AdvPre_NPre10_NStem	BPre2_AdvPre_NPre10_NStem	BPre2_AdvPre_NPre10_NStem	BPre2_AdvPre_NPre10_NStem
leti_ehluk_an_ile	RelConc8_VRoot_RecipExt_Perf	RelConc8_VRoot_RecipExt_Perf	RelConc8_VRoot_RecipExt_Perf	RelConc8_VRoot_RecipExt_Perf
,	Punc	Punc	Punc	Punc
ba_nga_tfol_a	SC2a_Pot_VRoot_VerbTerm	SC2_Pot_VRoot_VerbTerm	SC2a_Pot_VRoot_VerbTerm	SC2_Pot_VRoot_VerbTerm
kutsi	Conj	Conj	Conj	Conj
ba_cudzelan_a	SC2_VRoot_VerbTerm	SC2_Intrans_VerbTerm	SC2_VRoot_VerbTerm	SC2_Intrans_VerbTerm
bo_dvwa	QuantConc2_QuantStem	QuantConc2_QuantStem	QuantConc2_QuantStem	QuantConc2_QuantStem
.	Punc	Punc	Punc	Punc
i_PMS	NPre9_Abbr	NPre9_Abbr	NPre9_Abbr	NPre9_Abbr
ku_mel_e	SC15_VRoot_VerbTerm	SC15_VRoot_VerbTerm	SC15_VRoot_VerbTerm	SC15_VRoot_VerbTerm
i_fak_e	SC9_VRoot_VerbTerm	SC9_VRoot_VerbTerm	SC9_VRoot_VerbTerm	SC9_VRoot_VerbTerm
e_khatsi	LocPre_Adv	LocPre_Adv	LocPre_Adv	LocPre_Adv
ti_nyenti	AdjPref10_AdjStem	AdjPref10_AdjStem	AdjPref10_AdjStem	AdjPref10_AdjStem
ta_leti_ntsandvo	PossConc10_RelConc10_NStem	PossConc8_RelConc8_Pos1	PossConc10_RelConc10_NStem	PossConc8_BPre9_NPre10
leti_nga_ent_iw_a	RelConc8_AdvPre_VRoot_PassExt_VerbTerm	RelConc8_AdvPre_VRoot_PassExt_VerbTerm	RelConc8_AdvPre_VRoot_PassExt_VerbTerm	RelConc8_AdvPre_VRoot_PassExt_VerbTerm
na_leti_simam_ile	AdvPre_RelConc10_VRoot_Perf	AdvPre_RelConc10_VRoot_Perf	AdvPre_RelConc10_VRoot_Perf	AdvPre_RelConc10_VRoot_VerbTerm
.	Punc	Punc	Punc	Punc
ku_tawu_phindz_e	SC15_Fut_VRoot_VerbTerm	SC15_Fut_VRoot_VerbTerm	SC15_Fut_VRoot_VerbTerm	SC15_Fut_VRoot_VerbTerm
ku_be	SC15_AuxVStem	SC15_AuxVStem	SC15_AuxVStem	SC15_AuxVStem
ne_ti_dzingo	AdvPre_NPre8_NStem	AdvPre_NPre8_NStem	AdvPre_NPre8_NStem	AdvPre_NPre8_NStem
leti_ehluk_an_ile	RelConc8_VRoot_RecipExt_Perf	RelConc8_VRoot_RecipExt_Perf	RelConc8_VRoot_RecipExt_Perf	RelConc8_VRoot_RecipExt_Perf
e_mi_mango_ini	LocPre_BPre4_NStem_LocSuf	LocPre_BPre4_NStem_LocSuf	LocPre_BPre4_NStem_LocSuf	LocPre_BPre4_NStem_LocSuf
le_s_e_ta_abelo_ini	PossConc5_PreLoc-s_LocPre_BPre8_NStem_LocSuf	PossConc5_PreLoc-s_LocPre_PossConc10_NStem_LocSuf	PossConc5_PreLoc-s_LocPre_BPre8_NStem_LocSuf	RelConc9_PreLoc-s_LocPre_NStem_LocSuf
nobe	Conj	Conj	Conj	Conj
e_ma_phandle_ini	LocPre_BPre6_NStem_LocSuf	NPrePre6_BPre6_NStem_LocSuf	LocPre_BPre6_NStem_LocSuf	NPrePre6_BPre6_NStem_LocSuf
ku_na_s_e_ma_dolobha_ini	BPre15_AdvPre_PreLoc-s_LocPre_BPre6_NStem_LocSuf	BPre15_AdvPre_PreLoc-s_LocPre_BPre6_NStem_LocSuf	BPre15_AdvPre_PreLoc-s_LocPre_BPre6_NStem_LocSuf	BPre15_AdvPre_PreLoc-s_LocPre_BPre6_NStem_LocSuf
.	Punc	Punc	Punc	Punc
ba_bambi	BPre2_NStem	BPre2_NStem	BPre2_NStem	BPre2_NStem
li_chaza	BPre5_NStem	BPre5_NStem	BPre5_NStem	BPre5_NStem
ba_kal_a	SC2_VRoot_VerbTerm	SC2_VRoot_VerbTerm	SC2_VRoot_VerbTerm	SC2_VRoot_VerbTerm
masipala	NStem	NStem	NStem	NStem
nga_ku_phendvul_a	AdvPre_OC15_VRoot_VerbTerm	AdvPre_OC15_VRoot_VerbTerm	AdvPre_OC15_VRoot_VerbTerm	AdvPre_OC15_VRoot_VerbTerm
i_mi_buto	NPrePre4_BPre4_NStem	NPrePre4_BPre4_NStem	NPrePre4_BPre4_NStem	NPrePre4_BPre4_NStem
e_s_e_thebula_ini	LocPre_PreLoc-s_LocPre_NStem_LocSuf	LocPre_PreLoc-s_LocPre_NStem_LocSuf	LocPre_PreLoc-s_LocPre_NStem_LocSuf	LocPre_PossConc7_NStem_LocSuf
,	Punc	Punc	Punc	Punc
ba_tjengis_e	SC2_VRoot_VerbTerm	SC2_VRoot_VerbTerm	SC2_VRoot_VerbTerm	SC2_VRoot_CausExt_VerbTerm
kutsi	Conj	Conj	Conj	Conj
ba_nga_fak_a	SC2_Pot_VRoot_VerbTerm	SC2_Pot_VRoot_VerbTerm	SC2_Pot_VRoot_VerbTerm	SC2_Pot_VRoot_VerbTerm
si_andla	NPre7_NStem	NPre7_NStem	NPre7_NStem	NPre7_NStem
njani	Adv	Adv	Adv	Adv
nga_ku_khutsal_a	AdvPre_OC15_VRoot_VerbTerm	AdvPre_BPre15_VRoot_VerbTerm	AdvPre_OC15_VRoot_VerbTerm	AdvPre_BPre15_VRoot_VerbTerm
uma	Conj	Conj	Conj	Conj
ngabe	Interrog	Conj	Interrog	Conj
ba_nga_e_ma_lunga	PossConc2_AdvPre_NPrePre6_BPre6_NStem	BPre2_AdvPre_NPrePre6_BPre6_NStem	PossConc2_AdvPre_NPrePre6_BPre6_NStem	BPre2_AdvPre_NPrePre6_BPre6_NStem
e_mu_mango	LocPre_BPre3_NStem	LocPre_BPre3_NStem	LocPre_BPre3_NStem	PossConc6_NPrePre3_BPre3_NStem
.	Punc	Punc	Punc	Punc
ku_khul_a	BPre15_VRoot_VerbTerm	BPre15_VRoot_VerbTerm	BPre15_VRoot_VerbTerm	BPre15_VRoot_VerbTerm
kwe_Afrika	PossConc15_ProperName	PossConc15_ProperName	PossConc15_ProperName	PossConc15_NStem
loku_ne_ma_ndla	RelConc15_AdvPre_BPre6_NStem	RelConc15_AdvPre_BPre6_NStem	RelConc15_AdvPre_BPre6_NStem	RelConc15_AdvPre_BPre6_NStem
ku_phindz_e	SC15_VRoot_VerbTerm	SC15_VRoot_VerbTerm	SC15_VRoot_VerbTerm	SC15_VRoot_VerbTerm
ku_nik_e	SC15_VRoot_VerbTerm	SC15_VRoot_VerbTerm	SC15_VRoot_VerbTerm	SC15_VRoot_VerbTerm
e_ma_tfuba	NPrePre6_BPre6_NStem	NPrePre6_BPre6_NStem	NPrePre6_BPre6_NStem	NPrePre6_BPre6_NStem
e_ma_femu	NPrePre6_BPre6_NStem	NPrePre6_BPre6_NStem	NPrePre6_BPre6_NStem	NPrePre6_BPre6_NStem
ne_ti_m_boni	AdvPre_NPre8_BPre3_NStem	AdvPre_BPre8_BPre3_NStem	AdvPre_NPre8_BPre3_NStem	AdvPre_BPre10_BPre3_NStem
ta_s_e_ningizimu	PossConc8_PreLoc-s_LocPre_NStem	PossConc8_PreLoc-s_LocPre_NStem	PossConc8_PreLoc-s_LocPre_NStem	PossConc8_PreLoc-s_LocPre_NStem
,	Punc	Punc	Punc	Punc
loku_fak_e	RelConc15_VRoot_VerbTerm	RelConc15_VRoot_VerbTerm	RelConc15_VRoot_VerbTerm	RelConc15_VRoot_VerbTerm
si_andla	NPre7_NStem	NPre7_NStem	NPre7_NStem	NPre7_NStem
e_ku_tfutfuk_is_w_a_ini	LocPre_BPre15_VRoot_CausExt_PassExt_VerbTerm_LocSuf	LocPre_BPre15_VRoot_CausExt_PassExt_VerbTerm_LocSuf	LocPre_BPre15_VRoot_CausExt_PassExt_VerbTerm_LocSuf	LocPre_BPre15_VRoot_CausExt_PassExt_VerbTerm_LocSuf
kwa_ku_tjal_a	PossConc15_BPre15_VRoot_VerbTerm	PossConc15_OC15_VRoot_VerbTerm	PossConc15_BPre15_VRoot_VerbTerm	PossConc15_OC15_VRoot_VerbTerm
ku_te_ku_chumana	BPre17_PossConc10_BPre15_NStem	LocPre_PossConc10_BPre15_NStem	BPre17_PossConc10_BPre15_NStem	BPre15_PossConc10_BPre15_NStem
,	Punc	Punc	Punc	Punc
ta_uku_bhang_a	PossConc8_BPre15_VRoot_VerbTerm	PossConc8_OC15_VRoot_VerbTerm	PossConc8_BPre15_VRoot_VerbTerm	PossConc10_OC15_VRoot_VerbTerm
,	Punc	Punc	Punc	Punc
te_ti_mayini	PossConc8_BPre8_NStem	PossConc10_BPre10_NStem	PossConc8_BPre8_NStem	PossConc10_NPre10_NStem
,	Punc	Punc	Punc	Punc
ta_uku_akh_a	PossConc8_BPre15_VRoot_VerbTerm	PossConc8_SC15_VRoot_VerbTerm	PossConc8_BPre15_VRoot_VerbTerm	PossConc10_OC15_VRoot_VerbTerm
ne_ten_tsengiso	AdvPre_BPre10_NStem	AdvPre_BPre10_NStem	AdvPre_BPre10_NStem	AdvPre_PossConc10_NPre9_NStem
.	Punc	Punc	Punc	Punc
ku_sebent_is_an_a	SC15_VRoot_CausExt_RecipExt_VerbTerm	BPre15_VRoot_CausExt_RecipExt_VerbTerm	SC15_VRoot_CausExt_RecipExt_VerbTerm	BPre15_VRoot_CausExt_RecipExt_VerbTerm
e_m_khatsi_ini	LocPre_BPre3_NStem_LocSuf	LocPre_BPre3_NStem_LocSuf	LocPre_BPre3_NStem_LocSuf	LocPre_BPre3_NStem_LocSuf
wa_e_ma_ve	PossConc1a_NPrePre6_BPre6_NStem	PossConc1_NPrePre6_BPre6_NStem	PossConc1a_NPrePre6_BPre6_NStem	RelConc3_BPre6_NStem
,	Punc	Punc	Punc	Punc
e_ma_femu	NPrePre6_BPre6_NStem	NPrePre6_BPre6_NStem	NPrePre6_BPre6_NStem	NPrePre6_BPre6_NStem
na_ba_ntfu	AdvPre_BPre2_NStem	AdvPre_BPre2_NStem	AdvPre_BPre2_NStem	AdvPre_BPre2_NStem
ku_tawu_jul_is_a	SC15_Fut_VRoot_CausExt_VerbTerm	SC15_Fut_VRoot_CausExt_VerbTerm	SC15_Fut_VRoot_CausExt_VerbTerm	SC15_Fut_VRoot_CausExt_VerbTerm
ku_hlangan_is_w_a	BPre15_VRoot_CausExt_PassExt_VerbTerm	BPre15_VRoot_CausExt_PassExt_VerbTerm	BPre15_VRoot_CausExt_PassExt_VerbTerm	BPre15_VRoot_CausExt_PassExt_VerbTerm
kwa_u_mu_notfo	PossConc15_NPrePre3_BPre3_NStem	PossConc15_NPrePre3_BPre3_NStem	PossConc15_NPrePre3_BPre3_NStem	PossConc15_NPrePre3_BPre3_NStem
kanye	Adv	Adv	Adv	Conj
na_ta_in_hlalo	AdvPre_PossConc8_BPre9_NStem	AdvPre_PossConc10_NPre9_NStem	AdvPre_PossConc8_BPre9_NStem	AdvPre_PossConc10_BPre9_NStem
,	Punc	Punc	Punc	Punc
ku_fak_e	SC15_VRoot_VerbTerm	SC15_VRoot_VerbTerm	SC15_VRoot_VerbTerm	SC15_VRoot_VerbTerm
si_andla	NPre7_NStem	NPre7_NStem	NPre7_NStem	NPre7_NStem
e_ma_zinga_ini	NPrePre6_BPre6_NStem_LocSuf	LocPre_BPre6_NStem_LocSuf	NPrePre6_BPre6_NStem_LocSuf	LocPre_BPre6_NStem_LocSuf
la_s_e_tulu	RelConc5_PreLoc-s_LocPre_NStem	PossConc5_PreLoc-s_LocPre_NStem	RelConc5_PreLoc-s_LocPre_NStem	PossConc5_PreLoc-s_LocPre_NStem
e_uku_khul_a	LocPre_BPre15_VRoot_VerbTerm	LocPre_BPre15_VRoot_VerbTerm	LocPre_BPre15_VRoot_VerbTerm	PossConc6_OC15_VRoot_VerbTerm
ne_ku_tfutfuk_a	AdvPre_BPre15_VRoot_VerbTerm	AdvPre_OC15_VRoot_VerbTerm	AdvPre_BPre15_VRoot_VerbTerm	AdvPre_OC15_VRoot_VerbTerm
.	Punc	Punc	Punc	Punc
i_mi_cabango	NPrePre4_BPre4_NStem	NPrePre4_BPre4_NStem	NPrePre4_BPre4_NStem	NPrePre4_BPre4_NStem
na_n_kholelo	AdvPre_BPre9_NStem	AdvPre_BPre9_NStem	AdvPre_BPre9_NStem	AdvPre_BPre9_NStem
-	Punc	Punc	Punc	Punc
nik_a	VRoot_VerbTerm	VRoot_VerbTerm	VRoot_VerbTerm	VRoot_VerbTerm
si_bonelo	BPre7_NStem	BPre7_NStem	BPre7_NStem	BPre7_NStem
e_in_philo_ini	LocPre_BPre9_NStem_LocSuf	LocPre_BPre9_NStem_LocSuf	LocPre_BPre9_NStem_LocSuf	LocPre_BPre9_NStem_LocSuf
ya_kho	PossConc9_PronStem2ps	PossConc4_PronStem15	PossConc9_PronStem2ps	PossConc9_PronStem15
sa_e_ma_langa	PossConc7_NPrePre6_BPre6_NStem	PossConc7_NPrePre6_BPre6_NStem	PossConc7_NPrePre6_BPre6_NStem	PossConc7_NPrePre6_BPre6_NStem
o_nkhe	QuantConc6_QuantStem	QuantConc6_QuantStem	QuantConc6_QuantStem	QuantConc6_QuantStem
lapho	Adv	Conj	Adv	Conj
loku	Dem15_Pos1		Dem15_Pos1	
ku_be	SC15_AuxVStem	SC15_AuxVStem	SC15_AuxVStem	SC15_AuxVStem
na_mu_tselela	AdvPre_BPre3_NStem	AdvPre_BPre3_NStem	AdvPre_BPre3_NStem	AdvPre_BPre3_NStem
e_ku_phendvul_a_ini	LocPre_OC15_VRoot_VerbTerm_LocSuf	LocPre_BPre15_VRoot_VerbTerm_LocSuf	LocPre_OC15_VRoot_VerbTerm_LocSuf	LocPre_BPre15_VRoot_VerbTerm_LocSuf
kwa_kho	PossConc15_PronStem2ps	PossConc15_PronStem2	PossConc15_PronStem2ps	PossConc15_PronStem2
ku_shay_is_an_a	BPre15_VRoot_CausExt_RecipExt_VerbTerm	BPre15_VRoot_CausExt_RecipExt_VerbTerm	BPre15_VRoot_CausExt_RecipExt_VerbTerm	BPre15_VRoot_CausExt_RecipExt_VerbTerm
kwa_mi_bono	PossConc15_BPre4_NStem	PossConc15_BPre4_NStem	PossConc15_BPre4_NStem	PossConc15_BPre4_NStem
.	Punc	Punc	Punc	Punc
lu_hlolo	BPre11_NStem	BPre11_NStem	BPre11_NStem	BPre11_NStem
lwa_ti_dzingo	PossConc11_BPre8_NStem	PossConc11_BPre8_NStem	PossConc11_BPre8_NStem	PossConc11_BPre8_NStem
na_ku_buk_a	AdvPre_BPre15_VRoot_VerbTerm	AdvPre_OC15_VRoot_VerbTerm	AdvPre_BPre15_VRoot_VerbTerm	AdvPre_BPre15_VRoot_VerbTerm
e_ma_tfuba	NPrePre6_BPre6_NStem	NPrePre6_BPre6_NStem	NPrePre6_BPre6_NStem	NPrePre6_BPre6_NStem
a_i_n_phumelelo	PossConc6_NPrePre9_BPre9_NStem	PossConc6_NPrePre9_BPre9_NStem	PossConc6_NPrePre9_BPre9_NStem	PossConc6_BPre9_NStem
-	Punc	Punc	Punc	Punc
ku_bon_a	BPre15_VRoot_VerbTerm	BPre15_VRoot_VerbTerm	BPre15_VRoot_VerbTerm	BPre15_VRoot_VerbTerm
loku_fan_el_e	RelConc15_VRoot_ApplExt_VerbTerm	RelConc15_VRoot_ApplExt_VerbTerm	RelConc15_VRoot_ApplExt_VerbTerm	RelConc15_VRoot_ApplExt_VerbTerm
ku_ent_ek_e	SC15_VRoot_NeutExt_VerbTerm	SC15_VRoot_NeutExt_VerbTerm	SC15_VRoot_NeutExt_VerbTerm	SC15_VRoot_NeutExt_VerbTerm
nekutsi	Conj	Conj	Conj	AdvPre_Conj
e_ma_tfuba	NPrePre6_BPre6_NStem	NPrePre6_BPre6_NStem	NPrePre6_BPre6_NStem	NPrePre6_BPre6_NStem
a_i_n_phumelelo	PossConc6_NPrePre9_BPre9_NStem	PossConc6_NPrePre9_BPre9_NStem	PossConc6_NPrePre9_BPre9_NStem	PossConc6_BPre9_NStem
ya_ku_phumelel_a	PossConc9_BPre15_VRoot_VerbTerm	PossConc9_BPre15_VRoot_VerbTerm	PossConc9_BPre15_VRoot_VerbTerm	PossConc9_BPre15_VRoot_VerbTerm
kwe_m_klamo	PossConc15_NPre3_NStem	PossConc15_NPre3_NStem	PossConc15_NPre3_NStem	PossConc15_NPre3_NStem
a_nga_nani	SC6_AdvPre_Interrog	RelConc6_Pot_NStem	SC6_AdvPre_Interrog	RelConc6_Pot_NStem
,	Punc	Punc	Punc	Punc
loku	Dem15_Pos1		Dem15_Pos1	
ku_phindz_e	SC15_VRoot_VerbTerm	SC15_VRoot_VerbTerm	SC15_VRoot_VerbTerm	SC15_VRoot_VerbTerm
ku_at_iw_e	SC15_VRoot_PassExt_VerbTerm	SC15_VRoot_PassExt_VerbTerm	SC15_VRoot_PassExt_VerbTerm	SC15_VRoot_PassExt_VerbTerm
nga_kutsi	AdvPre_Conj	AdvPre_Conj	AdvPre_Conj	AdvPre_Conj
si_gaba	BPre7_NStem	BPre7_NStem	BPre7_NStem	BPre7_NStem
se_ku_bon_a	PossConc7_BPre15_VRoot_VerbTerm	PossConc7_BPre15_VRoot_VerbTerm	PossConc7_BPre15_VRoot_VerbTerm	PossConc7_BPre15_VRoot_VerbTerm
noma	Conj	Conj	Conj	Conj
se_ku_hlatiy_a	PossConc7_BPre15_VRoot_VerbTerm	PossConc7_BPre15_VRoot_VerbTerm	PossConc7_BPre15_VRoot_VerbTerm	PossConc7_BPre15_VRoot_VerbTerm
noma	Conj	Conj	Conj	Conj
li_zinga	BPre5_NStem	BPre5_NStem	BPre5_NStem	BPre5_NStem
la_loku_phum_a_ko	PossConc5_RelConc15_VRoot_VerbTerm_RelSuf	RelConc6_RelConc15_VRoot_VerbTerm_RelSuf	PossConc5_RelConc15_VRoot_VerbTerm_RelSuf	RelConc6_RelConc15_VRoot_VerbTerm_RelSuf
noma	Conj	Conj	Conj	Conj
leku_hlatiya	RelConc15_NStem	RelConc15_NStem	RelConc15_NStem	PossConc5_BPre15_VRoot_VerbTerm
i_mi_phumela	NPrePre4_BPre4_NStem	NPrePre4_BPre4_NStem	NPrePre4_BPre4_NStem	NPrePre4_BPre4_NStem
.	Punc	Punc	Punc	Punc
chaz_a	VRoot_VerbTerm	VRoot_VerbTerm	VRoot_VerbTerm	VRoot_VerbTerm
lu_ati	BPre11_NStem	BPre11_NStem	BPre11_NStem	BPre11_NStem
e_ma_notsi_ini	LocPre_BPre6_NStem_LocSuf	NPrePre6_BPre6_NStem_LocSuf	LocPre_BPre6_NStem_LocSuf	NPrePre6_BPre6_NStem_LocSuf
a_si_fundvo	PossConc6_BPre7_NStem	PossConc6_BPre7_NStem	PossConc6_BPre7_NStem	PossConc6_BPre7_NStem
ku_suk_el_a	BPre15_VRoot_ApplExt_VerbTerm	BPre15_VRoot_ApplExt_VerbTerm	BPre15_VRoot_ApplExt_VerbTerm	BPre15_VRoot_ApplExt_VerbTerm
ku_3.1	LocPre_Num	LocPre_Num	LocPre_Num	LocPre_Num
ku_y_a	SC15_VRoot_VerbTerm	BPre15_VRoot_VerbTerm	SC15_VRoot_VerbTerm	BPre15_VRoot_VerbTerm
ku_3.2	LocPre_Num	LocPre_Num	LocPre_Num	LocPre_Num
.	Punc	Punc	Punc	Punc
ta_ku_tfuts_a	PossConc10_OC15_VRoot_VerbTerm	PossConc10_OC15_VRoot_VerbTerm	PossConc10_OC15_VRoot_VerbTerm	PossConc10_OC15_VRoot_VerbTerm
ta_si_ve	PossConc10_BPre7_NStem	PossConc10_BPre7_NStem	PossConc10_BPre7_NStem	PossConc8_NStem
kanye	Conj	Conj	Conj	Adv
na_tin_hlelo	AdvPre_BPre10_NStem	AdvPre_BPre10_NStem	AdvPre_BPre10_NStem	AdvPre_BPre10_NStem
,	Punc	Punc	Punc	Punc
ku_fak_a	BPre15_VRoot_VerbTerm	SC15_VRoot_VerbTerm	BPre15_VRoot_VerbTerm	BPre15_VRoot_VerbTerm
e_khatsi	LocPre_Adv	LocPre_Adv	LocPre_Adv	LocPre_Adv
ku_vus_elel_w_a	SC15_VRoot_IntensExt_PassExt_VerbTerm	SC15_VRoot_IntensExt_PassExt_VerbTerm	SC15_VRoot_IntensExt_PassExt_VerbTerm	SC15_VRoot_IntensExt_PassExt_VerbTerm
ka_bu_sha	AdvPre_BPre14_AdjStem	AdvPre_BPre14_AdjStem	AdvPre_BPre14_AdjStem	AdvPre_BPre14_AdjStem
kwa_ku_tfuts_a	PossConc15_OC15_VRoot_VerbTerm	PossConc15_OC15_VRoot_VerbTerm	PossConc15_OC15_VRoot_VerbTerm	PossConc15_OC15_VRoot_VerbTerm
ba_gibeli	BPre2_NStem	BPre2_NStem	BPre2_NStem	BPre2_NStem
nga_loliwe	AdvPre_NStem	AdvPre_NStem	AdvPre_NStem	AdvPre_VRoot_PassExt_VerbTerm
,	Punc	Punc	Punc	Punc
loku_esekel_w_e	RelConc15_VRoot_PassExt_VerbTerm	RelConc15_VRoot_PassExt_VerbTerm	RelConc15_VRoot_PassExt_VerbTerm	RelConc15_VRoot_PassExt_VerbTerm
ku_chum_an_a	BPre15_VRoot_RecipExt_VerbTerm	BPre15_VRoot_RecipExt_VerbTerm	BPre15_VRoot_RecipExt_VerbTerm	BPre15_VRoot_RecipExt_VerbTerm
loku_ent_iw_e	RelConc15_VRoot_PassExt_VerbTerm	RelConc15_VRoot_PassExt_VerbTerm	RelConc15_VRoot_PassExt_VerbTerm	RelConc15_VRoot_PassExt_VerbTerm
ncono	Adv	NStem	Adv	Adv
nga_ti_hlelo	AdvPre_BPre8_NStem	AdvPre_BPre8_NStem	AdvPre_BPre8_NStem	AdvPre_BPre8_NStem
ta_ku_hamb_a	PossConc8_OC15_VRoot_VerbTerm	PossConc10_OC15_VRoot_VerbTerm	PossConc8_OC15_VRoot_VerbTerm	PossConc10_OC15_VRoot_VerbTerm
e_m_gwaco_ini	LocPre_BPre3_NStem_LocSuf	LocPre_BPre3_NStem_LocSuf	LocPre_BPre3_NStem_LocSuf	LocPre_BPre3_NStem_LocSuf
.	Punc	Punc	Punc	Punc
e_ma_komidi	NPrePre6_BPre6_NStem	NPrePre6_BPre6_NStem	NPrePre6_BPre6_NStem	NPrePre6_BPre6_NStem
a_ma_wadi	PossConc6_BPre6_NStem	PossConc6_BPre6_NStem	PossConc6_BPre6_NStem	NPrePre6_BPre6_NStem
a_nga_lung_is_a	SC6_Pot_VRoot_CausExt_VerbTerm	SC6_Pot_VRoot_CausExt_VerbTerm	SC6_Pot_VRoot_CausExt_VerbTerm	SC6_Pot_VRoot_CausExt_VerbTerm
lu_hlelo	CopPre_NStem	BPre11_NStem	CopPre_NStem	BPre11_NStem
lwa_ku_bik_a	PossConc11_OC15_VRoot_VerbTerm	PossConc11_BPre15_VRoot_VerbTerm	PossConc11_OC15_VRoot_VerbTerm	PossConc11_SC15_VRoot_VerbTerm
,	Punc	Punc	Punc	Punc
lolu_fan_a	RelConc11_VRoot_VerbTerm	RelConc11_VRoot_VerbTerm	RelConc11_VRoot_VerbTerm	RelConc11_VRoot_VerbTerm
na_lwa_ti_sebenti	AdvPre_PossConc11_BPre8_NStem	AdvPre_PossConc11_BPre8_NStem	AdvPre_PossConc11_BPre8_NStem	AdvPre_PossConc11_BPre8_NStem
leti_ti_khulu	RelConc8_BPre8_Adv	RelConc8_BPre8_NStem	RelConc8_BPre8_Adv	RelConc8_BPre8_NStem
na_leti_nga_ma_khansela	AdvPre_RelConc8_CopPre_BPre6_NStem	AdvPre_RelConc10_AdvPre_BPre6_NStem	AdvPre_RelConc8_CopPre_BPre6_NStem	AdvPre_RelConc10_AdvPre_BPre6_NStem
lolu_chaz_w_e	RelConc11_VRoot_PassExt_VerbTerm	RelConc11_VRoot_PassExt_VerbTerm	RelConc11_VRoot_PassExt_VerbTerm	RelConc11_VRoot_PassExt_VerbTerm
ka_banti	AdvPre_NStem	AdvPre_NStem	AdvPre_NStem	AdvPre_NStem
ku_mojuli	LocPre_NStem	LocPre_NStem	LocPre_NStem	LocPre_NStem_NStem
4	Num	Num	Num	Num
.	Punc	Punc	Punc	Punc
si_akhiwonchanti	BPre7_NStem	BPre7_NStem	BPre7_NStem	BPre7_NStem
lesi_esek_el_a	RelConc7_VRoot_ApplExt_VerbTerm	RelConc7_VRoot_ApplExt_VerbTerm	RelConc7_VRoot_ApplExt_VerbTerm	RelConc4_ProgPre_VRoot_ApplExt_VerbTerm
ku_hlal_is_w_a	BPre15_VRoot_CausExt_PassExt_VerbTerm	BPre15_VRoot_CausExt_PassExt_VerbTerm	BPre15_VRoot_CausExt_PassExt_VerbTerm	BPre15_VRoot_CausExt_PassExt_VerbTerm
kwe_ba_ntfu	PossConc15_BPre2_NStem	PossConc15_BPre2_NStem	PossConc15_BPre2_NStem	PossConc15_BPre2_NStem
(	Punc	Punc	Punc	Punc
tin_dlu	BPre10_NStem	BPre10_NStem	BPre10_NStem	BPre10_NStem
,	Punc	Punc	Punc	Punc
e_ma_nti	NPrePre6_BPre6_NStem	NPrePre6_BPre6_NStem	NPrePre6_BPre6_NStem	LocPre_NStem
,	Punc	Punc	Punc	Punc
tin_hlelo	BPre10_NStem	BPre10_NStem	BPre10_NStem	BPre10_NStem
ta_ku_hamb_is_w_a	PossConc10_OC15_VRoot_CausExt_PassExt_VerbTerm	PossConc8_BPre15_VRoot_CausExt_PassExt_VerbTerm	PossConc10_OC15_VRoot_CausExt_PassExt_VerbTerm	PossConc10_OC15_VRoot_CausExt_PassExt_VerbTerm
kwa_e_ma_ngcoliso	PossConc15_NPrePre6_BPre6_NStem	PossConc15_NPrePre6_BPre6_NStem	PossConc15_NPrePre6_BPre6_NStem	PossConc15_NPrePre6_BPre6_NStem
,	Punc	Punc	Punc	Punc
i_mi_gwaco	NPrePre4_BPre4_NStem	NPrePre4_BPre4_NStem	NPrePre4_BPre4_NStem	NPrePre4_BPre4_NStem
,	Punc	Punc	Punc	Punc
e_ma_paki	NPrePre6_BPre6_NStem	NPrePre6_BPre6_NStem	NPrePre6_BPre6_NStem	NPrePre6_BPre6_NStem
njalo	Adv	Adv	Adv	Adv
njalo	Adv	Adv	Adv	Adv
njalo	Adv	Adv	Adv	Adv
)	Punc	Punc	Punc	Punc
si_tfombe	BPre7_NStem	BPre7_NStem	BPre7_NStem	BPre7_NStem
a_si_cac_is_w_a	NegPre_SC7_VRoot_CausExt_PassExt_VerbTerm	PossConc6_OC7_VRoot_CausExt_PassExt_VerbTerm	NegPre_SC7_VRoot_CausExt_PassExt_VerbTerm	PossConc6_OC7_VRoot_CausExt_PassExt_VerbTerm
nga_i_n_dlela	AdvPre_NPrePre9_BPre9_NStem	AdvPre_NPrePre9_BPre9_NStem	AdvPre_NPrePre9_BPre9_NStem	AdvPre_NPrePre9_BPre9_NStem
le_dzing_ek_ile	RelConc9_VRoot_NeutExt_Perf	RelConc9_VRoot_NeutExt_Perf	RelConc9_VRoot_NeutExt_Perf	RelConc9_VRoot_NeutExt_Perf
.	Punc	Punc	Punc	Punc
u_mu_sebenti	NPrePre3_BPre3_NStem	NPrePre3_BPre3_NStem	NPrePre3_BPre3_NStem	NPrePre3_BPre3_NStem
wa_ku_hlel_a	PossConc3_OC15_VRoot_VerbTerm	PossConc3_BPre15_VRoot_VerbTerm	PossConc3_OC15_VRoot_VerbTerm	PossConc3_BPre15_VRoot_VerbTerm
u_bek_w_e	SC3_VRoot_PassExt_VerbTerm	SC3_VRoot_PassExt_VerbTerm	SC3_VRoot_PassExt_VerbTerm	SC3_VRoot_PassExt_VerbTerm
e_li_zinga_ini	LocPre_BPre5_NStem_LocSuf	LocPre_BPre5_NStem_LocSuf	LocPre_BPre5_NStem_LocSuf	LocPre_BPre5_NStem_LocSuf
la_s_e_li_khaya	PossConc5_PreLoc-s_LocPre_BPre5_NStem	PossConc5_PreLoc-s_LocPre_BPre5_NStem	PossConc5_PreLoc-s_LocPre_BPre5_NStem	PossConc5_PreLoc-s_LocPre_NStem
,	Punc	Punc	Punc	Punc
u_mu_sebenti	NPrePre3_BPre3_NStem	NPrePre3_BPre3_NStem	NPrePre3_BPre3_NStem	NPrePre3_BPre3_NStem
wa_ta_tin_dlu	PossConc3_PossConc10_NPre10_NStem	PossConc3_PossConc10_NPre10_NStem	PossConc3_PossConc10_NPre10_NStem	PossConc3_PossConc10_NPre10_NStem
u_bek_w_e	SC3_VRoot_PassExt_VerbTerm	SC3_VRoot_PassExt_VerbTerm	SC3_VRoot_PassExt_VerbTerm	SC3_VRoot_PassExt_VerbTerm
e_li_zinga_ini	LocPre_BPre5_NStem_LocSuf	LocPre_BPre5_NStem_LocSuf	LocPre_BPre5_NStem_LocSuf	LocPre_BPre5_NStem_LocSuf
la_si_fundz_a	PossConc5_OC7_VRoot_VerbTerm	RelConc6_BPre7_VRoot_VerbTerm	PossConc5_OC7_VRoot_VerbTerm	RelConc7_NStem
,	Punc	Punc	Punc	Punc
bese	Conj	Conj	Conj	Conj
kutsi	Conj	Conj	Conj	Conj
u_mu_sebenti	NPrePre3_BPre3_NStem	NPrePre3_BPre3_NStem	NPrePre3_BPre3_NStem	NPrePre3_BPre3_NStem
wa_ku_niket_w_a	PossConc3_OC15_VRoot_PassExt_VerbTerm	PossConc3_OC15_VRoot_PassExt_VerbTerm	PossConc3_OC15_VRoot_PassExt_VerbTerm	PossConc3_OC15_VRoot_PassExt_VerbTerm
kwa_e_ma_nti	PossConc15_NPrePre6_BPre6_NStem	PossConc15_NPrePre6_BPre6_NStem	PossConc15_NPrePre6_BPre6_NStem	PossConc15_NPrePre6_BPre6_NStem
na_gezi	AdvPre_NStem	AdvPre_NStem	AdvPre_NStem	AdvPre_NStem
u_ehlukan_is_w_e	SC9_VRoot_CausExt_PassExt_VerbTerm	SC3_VRoot_CausExt_PassExt_VerbTerm	SC9_VRoot_CausExt_PassExt_VerbTerm	SC3_VRoot_CausExt_PassExt_VerbTerm
e_m_khatsi_ini	LocPre_BPre3_NStem_LocSuf	LocPre_BPre3_NStem_LocSuf	LocPre_BPre3_NStem_LocSuf	LocPre_BPre3_NStem_LocSuf
wa_labo	PossConc3_Dem2_Pos2	PossConc3	PossConc3_Dem2_Pos2	PossConc3
laba_buk_an_ile	RelConc2_VRoot_RecipExt_Perf	RelConc2_VRoot_RecipExt_Perf	RelConc2_VRoot_RecipExt_Perf	RelConc2_VRoot_RecipExt_Perf
na_tin_hlelo	AdvPre_BPre10_NStem	AdvPre_BPre10_NStem	AdvPre_BPre10_NStem	AdvPre_BPre10_NStem
leti_phak_el_w_a	RelConc10_VRoot_ApplExt_PassExt_VerbTerm	RelConc10_VRoot_ApplExt_PassExt_VerbTerm	RelConc10_VRoot_ApplExt_PassExt_VerbTerm	RelConc10_VRoot_ApplExt_PassExt_VerbTerm
nga_bu_nyenti	AdvPre_BPre14_NStem	AdvPre_BPre14_NStem	AdvPre_BPre14_NStem	AdvPre_BPre14_NStem
na_lu_hlelo	AdvPre_BPre11_NStem	AdvPre_BPre11_NStem	AdvPre_BPre11_NStem	AdvPre_BPre11_NStem
lolu_chuman_ile	RelConc11_VRoot_Perf	RelConc11_VRoot_Perf	RelConc11_VRoot_Perf	RelConc11_VRoot_RecipExt_Perf
.	Punc	Punc	Punc	Punc
nga_ku_ent_ek_a	AdvPre_OC15_VRoot_NeutExt_VerbTerm	AdvPre_OC15_VRoot_NeutExt_VerbTerm	AdvPre_OC15_VRoot_NeutExt_VerbTerm	AdvPre_SC15_VRoot_NeutExt_VerbTerm
kwa_tin_tfo	PossConc15_BPre10_NStem	PossConc15_BPre10_NStem	PossConc15_BPre10_NStem	PossConc15_BPre10_NStem
,	Punc	Punc	Punc	Punc
lolu_hlelo	Dem11_Pos1_NStem	Pos1	Dem11_Pos1_NStem	Pos1
a_lu_sebent_i	NegPre_SC11_VRoot_VerbTerm	NegPre_SC11_VRoot_VerbTerm	NegPre_SC11_VRoot_VerbTerm	NegPre_VRoot_VerbTerm
.	Punc	Punc	Punc	Punc
nga_loku_vamil_e	AdvPre_RelConc15_Intrans_VerbTerm	AdvPre_RelConc15_Intrans_VerbTerm	AdvPre_RelConc15_Intrans_VerbTerm	AdvPre_RelConc15_VRoot_Perf
,	Punc	Punc	Punc	Punc
ku_hlal_is_w_a	BPre15_VRoot_CausExt_PassExt_VerbTerm	BPre15_VRoot_CausExt_PassExt_VerbTerm	BPre15_VRoot_CausExt_PassExt_VerbTerm	BPre15_VRoot_CausExt_PassExt_VerbTerm
kwe_ba_ntfu	PossConc15_BPre2_NStem	PossConc15_BPre2_NStem	PossConc15_BPre2_NStem	PossConc15_BPre2_NStem
ku_hlel_w_a	BPre15_VRoot_PassExt_VerbTerm	BPre15_VRoot_PassExt_VerbTerm	BPre15_VRoot_PassExt_VerbTerm	BPre15_VRoot_PassExt_VerbTerm
ka_bi	AdvPre_AdjStem	AdvPre_AdjStem	AdvPre_AdjStem	AdvPre_AdjStem
,	Punc	Punc	Punc	Punc
ku_nga_b_i	SC15_NegPre_VRoot_VerbTerm	SC15_NegPre_VRoot_VerbTerm	SC15_NegPre_VRoot_VerbTerm	SC15_NegPre_VRoot_VerbTerm
na_ku_bamb_is_an_a	AdvPre_OC15_VRoot_CausExt_RecipExt_VerbTerm	AdvPre_OC15_VRoot_CausExt_RecipExt_VerbTerm	AdvPre_OC15_VRoot_CausExt_RecipExt_VerbTerm	AdvPre_OC15_VRoot_CausExt_RecipExt_VerbTerm
e_m_khatsi_ini	LocPre_BPre3_NStem_LocSuf	LocPre_BPre3_NStem_LocSuf	LocPre_BPre3_NStem_LocSuf	LocPre_BPre3_NStem_LocSuf
wa_labo	PossConc3_Dem2_Pos2	PossConc3	PossConc3_Dem2_Pos2	PossConc3
laba_fak_a	RelConc2_VRoot_VerbTerm	RelConc2_VRoot_VerbTerm	RelConc2_VRoot_VerbTerm	RelConc2_VRoot_VerbTerm
lu_chumano	BPre11_NStem	BPre11_NStem	BPre11_NStem	BPre11_NStem
lwa_si_akhiwonchanti	PossConc11_BPre7_NStem	PossConc11_BPre7_NStem	PossConc11_BPre7_NStem	PossConc15_BPre7_NStem
kanye	Conj	Conj	Conj	Conj
na_labo	AdvPre_Dem2_Pos2	AdvPre	AdvPre_Dem2_Pos2	AdvPre
laba_buk_an_ile	RelConc2_VRoot_RecipExt_Perf	RelConc2_VRoot_RecipExt_Perf	RelConc2_VRoot_RecipExt_Perf	RelConc2_VRoot_RecipExt_Perf
ne_si_akhiwonchanti	AdvPre_BPre7_NStem	AdvPre_BPre7_NStem	AdvPre_BPre7_NStem	AdvPre_BPre7_NStem
lesi_buk_an_ile	RelConc7_VRoot_RecipExt_Perf	RelConc7_VRoot_RecipExt_Perf	RelConc7_VRoot_RecipExt_Perf	RelConc7_VRoot_RecipExt_Perf
na_tin_hlelo	AdvPre_BPre10_NStem	AdvPre_BPre10_NStem	AdvPre_BPre10_NStem	AdvPre_BPre10_NStem
leti_phak_el_w_a	RelConc10_VRoot_ApplExt_PassExt_VerbTerm	RelConc10_VRoot_ApplExt_PassExt_VerbTerm	RelConc10_VRoot_ApplExt_PassExt_VerbTerm	RelConc10_VRoot_ApplExt_PassExt_VerbTerm
ngebunyenti	NStem	NStem	NStem	AdvPre_BPre14_NStem
.	Punc	Punc	Punc	Punc
u_mu_sebenti	NPrePre3_BPre3_NStem	NPrePre3_BPre3_NStem	NPrePre3_BPre3_NStem	NPrePre3_BPre3_NStem
wa_ta_tin_dlu	PossConc3_PossConc10_NPre10_NStem	PossConc3_PossConc10_NPre10_NStem	PossConc3_PossConc10_NPre10_NStem	PossConc3_PossConc10_NPre10_NStem
ku_mel_e	SC15_VRoot_VerbTerm	SC15_VRoot_VerbTerm	SC15_VRoot_VerbTerm	SC15_VRoot_VerbTerm
u_sus_w_e	SC3_VRoot_PassExt_VerbTerm	SC2_VRoot_PassExt_VerbTerm	SC3_VRoot_PassExt_VerbTerm	SC2_VRoot_PassExt_VerbTerm
e_li_zinga_ini	LocPre_BPre5_NStem_LocSuf	LocPre_BPre5_NStem_LocSuf	LocPre_BPre5_NStem_LocSuf	LocPre_BPre5_NStem_LocSuf
loku_ent_iw_a	RelConc5_VRoot_PassExt_VerbTerm	RelConc15_VRoot_PassExt_VerbTerm	RelConc5_VRoot_PassExt_VerbTerm	RelConc15_VRoot_PassExt_VerbTerm
ku_lo	LocPre_PronStem5	LocPre_PronStem5	LocPre_PronStem5	LocPre_PronStem5
lu_hlelo	NPre11_NStem	BPre11_NStem	NPre11_NStem	BPre11_NStem
:	Punc	Punc	Punc	Punc
e_li_zinga_ini	LocPre_BPre5_NStem_LocSuf	LocPre_BPre5_NStem_LocSuf	LocPre_BPre5_NStem_LocSuf	LocPre_BPre5_NStem_LocSuf
la_masipala	PossConc5_NStem	PossConc5_NStem	PossConc5_NStem	PossConc5_NStem
.	Punc	Punc	Punc	Punc
lolu_hlelo	Dem11_Pos1_NStem	Pos1	Dem11_Pos1_NStem	Pos1
lu_bek_a	SC11_VRoot_VerbTerm	SC11_VRoot_VerbTerm	SC11_VRoot_VerbTerm	SC11_VRoot_VerbTerm
si_phakamiso	BPre7_NStem	BPre7_NStem	BPre7_NStem	BPre7_NStem
sa_n_tfutfuko	PossConc7_NPre9_NStem	PossConc7_BPre9_NStem	PossConc7_NPre9_NStem	PossConc7_NPre9_NStem
ya_s_e_tin_dzawo_ini	PossConc9_PreLoc-s_LocPre_NPre10_NStem_LocSuf	PossConc9_PreLoc-s_LocPre_NPre10_NStem_LocSuf	PossConc9_PreLoc-s_LocPre_NPre10_NStem_LocSuf	PossConc9_PreLoc-s_LocPre_NPre10_NStem_LocSuf
ta_s_e_ma_dolobha_ini	PossConc10_PreLoc-s_LocPre_BPre6_NStem_LocSuf	PossConc10_PreLoc-s_LocPre_BPre6_NStem_LocSuf	PossConc10_PreLoc-s_LocPre_BPre6_NStem_LocSuf	PossConc10_PreLoc-s_LocPre_BPre6_NStem_LocSuf
le_tfutfuk_is_a_ko	RelConc9_VRoot_CausExt_VerbTerm_RelSuf	RelConc9_VRoot_CausExt_VerbTerm_RelSuf	RelConc9_VRoot_CausExt_VerbTerm_RelSuf	RelConc9_VRoot_CausExt_VerbTerm_RelSuf
.	Punc	Punc	Punc	Punc
lomu_nye	RelConc3_AdjStem	AdjPref1_AdjStem	RelConc3_AdjStem	AdjPref1_AdjStem
u_mu_klamo	NPrePre3_BPre3_NStem	NPrePre3_BPre3_NStem	NPrePre3_BPre3_NStem	NPrePre3_BPre3_NStem
wa_ku_bolek_is_a	PossConc3_OC15_VRoot_CausExt_VerbTerm	PossConc3_OC15_VRoot_CausExt_VerbTerm	PossConc3_OC15_VRoot_CausExt_VerbTerm	PossConc3_OC15_VRoot_CausExt_VerbTerm
nga_ti_mali	AdvPre_BPre10_NStem	AdvPre_BPre10_NStem	AdvPre_BPre10_NStem	AdvPre_BPre10_NStem
,	Punc	Punc	Punc	Punc
u_ke	SC3_AuxVStem	NPrePre1a_NStem	SC3_AuxVStem	BPre1a_Adv
wa_bolek_is_a	SC3_VRoot_CausExt_VerbTerm	SC3_VRoot_CausExt_VerbTerm	SC3_VRoot_CausExt_VerbTerm	SC3_VRoot_CausExt_VerbTerm
nga_ti_mali	AdvPre_BPre10_NStem	AdvPre_BPre10_NStem	AdvPre_BPre10_NStem	AdvPre_BPre10_NStem
ku_bo_babe	LocPre_BPre2a_NStem	LocPre_BPre2a_NStem	LocPre_BPre2a_NStem	LocPre_BPre2a_NStem
ku_tfutfuk_is_a	BPre15_VRoot_CausExt_VerbTerm	BPre15_VRoot_CausExt_VerbTerm	BPre15_VRoot_CausExt_VerbTerm	BPre15_VRoot_CausExt_VerbTerm
ku_lim_a	BPre15_VRoot_VerbTerm	BPre15_VRoot_VerbTerm	BPre15_VRoot_VerbTerm	BPre15_VRoot_VerbTerm
kwa_bo	PossConc15_PronStem2	PossConc15_PronStem2	PossConc15_PronStem2	PossConc15_PronStem2
.	Punc	Punc	Punc	Punc
loku	Dem15_Pos1		Dem15_Pos1	
kwa_b_a_yi_n_dlela	SC15_VRoot_VerbTerm_CopPre_BPre9_NStem	PossConc15_PossConc14_VerbTerm_CopPre_BPre9_NStem	SC15_VRoot_VerbTerm_CopPre_BPre9_NStem	PossConc15_BPre2_CopPre_BPre9_NStem
ya_ku_hlangabet_an_a	PossConc9_OC15_VRoot_RecipExt_VerbTerm	PossConc9_OC15_VRoot_RecipExt_VerbTerm	PossConc9_OC15_VRoot_RecipExt_VerbTerm	PossConc4_OC15_VRoot_RecipExt_VerbTerm
na_ti_dzingo	AdvPre_NPre8_NStem	AdvPre_NPre8_NStem	AdvPre_NPre8_NStem	AdvPre_NPre8_NStem
le_ta_vet_w_a	RelConc8_OC8_VRoot_PassExt_VerbTerm	RelConc9_Fut_VRoot_PassExt_VerbTerm	RelConc8_OC8_VRoot_PassExt_VerbTerm	RelConc9_Fut_VRoot_PassExt_VerbTerm
lu_hlolo	BPre11_NStem	BPre11_NStem	BPre11_NStem	BPre11_NStem
ta_kutsi	PossConc8_NStem	PossConc8_NStem	PossConc8_NStem	PossConc8_NStem
ku_dzing_ek_a	SC15_VRoot_NPas_VerbTerm	SC15_VRoot_NPas_VerbTerm	SC15_VRoot_NPas_VerbTerm	SC15_VRoot_NPas_VerbTerm
ku_tjal_w_e	SC15_VRoot_PassExt_VerbTerm	SC15_VRoot_PassExt_VerbTerm	SC15_VRoot_PassExt_VerbTerm	SC15_VRoot_PassExt_VerbTerm
ti_mali	BPre8_NStem	BPre10_NStem	BPre8_NStem	BPre10_NStem
kute	Conj	Conj	Conj	Conj
ku_lim_a	BPre15_VRoot_VerbTerm	BPre15_VRoot_VerbTerm	BPre15_VRoot_VerbTerm	BPre15_VRoot_VerbTerm
ku_le_n_dzawo	LocPre_Dem4_Pos1_NPre9_NStem	LocPre_Pos1_NPre9	LocPre_Dem4_Pos1_NPre9_NStem	LocPre_Pos1_NPre9
ku_phumelel_a	BPre15_VRoot_VerbTerm	BPre15_VRoot_VerbTerm	BPre15_VRoot_VerbTerm	BPre15_VRoot_VerbTerm
.	Punc	Punc	Punc	Punc
kwatsi	Conj	Conj	Conj	Conj
na_ku_bon_akal_a	AdvPre_OC15_VRoot_NeutExt_VerbTerm	AdvPre_BPre15_VRoot_NeutExt_VerbTerm	AdvPre_OC15_VRoot_NeutExt_VerbTerm	AdvPre_OC15_VRoot_NeutExt_VerbTerm
kutsi	Conj	Conj	Conj	Conj
le_mi_sebenti	Dem4_Pos1_BPre4_NStem	PossConc5_BPre4_NStem	Dem4_Pos1_BPre4_NStem	PossConc5_BPre4_NStem
le_ya_yi_cal_is_w_e	RelConc4_Pres_OC4_VRoot_CausExt_PassExt_VerbTerm	RelConc9_Pres_OC9_VRoot_CausExt_PassExt_VerbTerm	RelConc4_Pres_OC4_VRoot_CausExt_PassExt_VerbTerm	RelConc9_Pres_OC9_VRoot_CausExt_PassExt_VerbTerm
ngu_labo_babe	CopPre_Dem2a_Pos1_NStem	CopPre_RelConc2_NStem	CopPre_Dem2a_Pos1_NStem	CopPre_RelConc2_NStem
i_ya_ehlul_ek_a	SC4_Pres_VRoot_NeutExt_VerbTerm	SC4_Pres_VRoot_NeutExt_VerbTerm	SC4_Pres_VRoot_NeutExt_VerbTerm	SC9_Pres_VRoot_VerbTerm
,	Punc	Punc	Punc	Punc
ba_tjali	BPre2_NStem	BPre2_NStem	BPre2_NStem	BPre2_NStem
ti_mali	BPre10_NStem	BPre10_NStem	BPre10_NStem	BPre10_NStem
ba_se	SC2_AuxVStem	SC2_AuxVStem	SC2_AuxVStem	SC2_PreLoc-s_LocPre
ba_ent_a	SC2_VRoot_VerbTerm	SC2_VRoot_VerbTerm	SC2_VRoot_VerbTerm	SC2_VRoot_VerbTerm
lu_hlolo	BPre11_NStem	BPre11_NStem	BPre11_NStem	BPre11_NStem
ba_tfol_a	SC2_VRoot_VerbTerm	SC2_VRoot_VerbTerm	SC2_VRoot_VerbTerm	SC2_VRoot_VerbTerm
kutsi	Conj	Conj	Conj	Conj
leti_mali	RelConc10_NStem	RelConc8_NStem	RelConc10_NStem	BPre10_NStem
a_ti_ka_setjentis_w_a	NegPre_OC11_ExclNeg_VRoot_PassExt_VerbTerm	SC6_ReflPre_ExclNeg_VRoot_PassExt_VerbTerm	NegPre_OC11_ExclNeg_VRoot_PassExt_VerbTerm	NegPre_ReflPre_ExclNeg_VRoot_PassExt_VerbTerm
e_ku_lima_ini	LocPre_BPre15_NStem_LocSuf	LocPre_BPre15_NStem_LocSuf	LocPre_BPre15_NStem_LocSuf	LocPre_BPre15_VRoot_VerbTerm_LocSuf
.	Punc	Punc	Punc	Punc
ba_tfol_a	BPre2_VRoot_VerbTerm	SC2_VRoot_VerbTerm	BPre2_VRoot_VerbTerm	SC2_VRoot_VerbTerm
ne_kutsi	AdvPre_Conj	AdvPre_Conj	AdvPre_Conj	AdvPre_Conj
na_loku	AdvPre_Adv	AdvPre	AdvPre_Adv	AdvPre
ku_lim_a	BPre15_VRoot_VerbTerm	BPre15_VRoot_VerbTerm	BPre15_VRoot_VerbTerm	BPre15_VRoot_VerbTerm
ku_ent_iw_a	SC15_VRoot_PassExt_VerbTerm	SC15_VRoot_PassExt_VerbTerm	SC15_VRoot_PassExt_VerbTerm	SC15_VRoot_PassExt_VerbTerm
bo_make	BPre2a_NStem	BPre2a_NStem	BPre2a_NStem	BPre2a_NStem
,	Punc	Punc	Punc	Punc
nga_i_si_khatsi	AdvPre_NPrePre7_BPre7_NStem	AdvPre_NPrePre7_BPre7_NStem	AdvPre_NPrePre7_BPre7_NStem	AdvPre_NPrePre7_BPre7_NStem
bo_babe	BPre2a_NStem	BPre2a_NStem	BPre2a_NStem	NPre2a_AuxVStem
ba_s_e_mi_sebenti_ini	PossConc2a_PreLoc-s_LocPre_BPre4_NStem_LocSuf	BPre2_PreLoc-s_LocPre_BPre4_NStem_LocSuf	PossConc2a_PreLoc-s_LocPre_BPre4_NStem_LocSuf	BPre2_PreLoc-s_LocPre_BPre4_NStem_LocSuf
e_ma_dolobha_ini	LocPre_BPre6_NStem_LocSuf	LocPre_BPre6_NStem_LocSuf	LocPre_BPre6_NStem_LocSuf	LocPre_BPre6_NStem_LocSuf
,	Punc	Punc	Punc	Punc
le_mali	PossConc5_NStem	PossConc5_NStem	PossConc5_NStem	PossConc5_NStem
ya_yi_bolek_w_e	SC9_OC9_VRoot_PassExt_VerbTerm	SC9_OC9_VRoot_PassExt_VerbTerm	SC9_OC9_VRoot_PassExt_VerbTerm	SC9_OC9_VRoot_PassExt_VerbTerm
bo_babe	BPre2_NStem	BPre2a_NStem	BPre2_NStem	NPre2a_AuxVStem
,	Punc	Punc	Punc	Punc
loku_ngi_bo	RelConc15_CopPre_PronStem2	RelConc15_CopPre_PronStem2	RelConc15_CopPre_PronStem2	RelConc15_CopPre_PronStem2
tin_hloko	BPre10_NStem	BPre10_NStem	BPre10_NStem	BPre10_NStem
ta_mi_ti	PossConc10_BPre4_NStem	PossConc10_BPre4_NStem	PossConc10_BPre4_NStem	PossConc10_NPrePre4_BPre4_NStem
,	Punc	Punc	Punc	Punc
laba_ent_a	RelConc2_VRoot_VerbTerm	RelConc2_VRoot_VerbTerm	RelConc2_VRoot_VerbTerm	PossConc5_SC2_VRoot_VerbTerm
ti_ncumo	BPre8_NStem	BPre8_NStem	BPre8_NStem	BPre8_NStem
ta_kutsi	PossConc8_NStem	PossConc8_NStem	PossConc8_NStem	PossConc8_NStem
le_mali	PossConc5_NStem	PossConc5_NStem	PossConc5_NStem	PossConc5_NStem
i_nga_setjentis_w_a	SC9_Pot_VRoot_PassExt_VerbTerm	SC9_Pres_VRoot_PassExt_VerbTerm	SC9_Pot_VRoot_PassExt_VerbTerm	SC9_Pres_VRoot_PassExt_VerbTerm
ka_njani	AdvPre_Adv	AdvPre_Adv	AdvPre_Adv	AdvPre_Adv
.	Punc	Punc	Punc	Punc
i_MFMA	NPre9_Abbr	NPre9_Abbr	NPre9_Abbr	NPrePre4_NStem
,	Punc	Punc	Punc	Punc
2003	Num	Num	Num	Num
i_dzing_a	SC4_VRoot_VerbTerm	SC4_VRoot_VerbTerm	SC4_VRoot_VerbTerm	SC4_VRoot_VerbTerm
kutsi	Conj	Conj	Conj	Conj
bo_masipala	BPre2a_NStem	BPre2a_NStem	BPre2a_NStem	BPre2a_NStem
ba_khiph_e	SC2_VRoot_VerbTerm	SC2_VRoot_VerbTerm	SC2_VRoot_VerbTerm	SC2_VRoot_VerbTerm
i_mi_biko	NPrePre4_BPre4_NStem	NPrePre4_BPre4_NStem	NPrePre4_BPre4_NStem	NPrePre4_BPre4_NStem
ya_in_chubo	PossConc9_NPre9_NStem	PossConc9_NPre9_NStem	PossConc9_NPre9_NStem	PossConc9_NPre9_NStem
ye_kwe_tful_w_a	PossConc9_BPre15_VRoot_PassExt_VerbTerm	PossConc9_BPre15_VRoot_PassExt_VerbTerm	PossConc9_BPre15_VRoot_PassExt_VerbTerm	PossConc4_OC15_VRoot_PassExt_VerbTerm
kwe_tin_sita	PossConc15_BPre10_NStem	PossConc15_BPre10_NStem	PossConc15_BPre10_NStem	PossConc15_BPre10_NStem
e_tin_dzawo_ini	LocPre_NPre10_NStem_LocSuf	LocPre_BPre10_NStem_LocSuf	LocPre_NPre10_NStem_LocSuf	LocPre_BPre10_NStem_LocSuf
ta_bo	PossConc10_PronStem2	PossConc10_PronStem2	PossConc10_PronStem2	PossConc10_PronStem2
.	Punc	Punc	Punc	Punc
le_mi_biko	RelConc4_BPre4_NStem	RelConc4_BPre4_NStem	RelConc4_BPre4_NStem	PossConc5_NPrePre4_BPre4_NStem
i_nik_a	SC4_VRoot_VerbTerm	SC4_VRoot_VerbTerm	SC4_VRoot_VerbTerm	SC4_VRoot_VerbTerm
imi_mango	BPre4_NStem	NPre4_NStem	BPre4_NStem	NPrePre4_BPre4_NStem
e_ma_ndla	NPrePre6_BPre6_NStem	NPrePre6_BPre6_NStem	NPrePre6_BPre6_NStem	NPrePre6_BPre6_NStem
e_ku_landz_elel_a	PossConc6_BPre15_VRoot_IntensExt_VerbTerm	PossConc6_BPre15_VRoot_IntensExt_VerbTerm	PossConc6_BPre15_VRoot_IntensExt_VerbTerm	PossConc6_BPre15_VRoot_IntensExt_VerbTerm
i_n_tfutfuko	NPrePre9_BPre9_NStem	NPrePre9_BPre9_NStem	NPrePre9_BPre9_NStem	NPrePre9_BPre9_NStem
.	Punc	Punc	Punc	Punc
laba_bandzakany_ak_a_ko	RelConc2_VRoot_NeutExt_VerbTerm_RelSuf	RelConc2_VRoot_NeutExt_VerbTerm_RelSuf	RelConc2_VRoot_NeutExt_VerbTerm_RelSuf	RelConc2_VRoot_NeutExt_VerbTerm_RelSuf
laba_fundz_e	RelConc2_VRoot_VerbTerm	RelConc2_VRoot_VerbTerm	RelConc2_VRoot_VerbTerm	RelConc2_VRoot_VerbTerm
loku_tsite	RelConc15_RelStem	RelConc15_RelStem	RelConc15_RelStem	RelConc15_RelStem
ku_mojuli	LocPre_NStem	LocPre_NStem	LocPre_NStem	LocPre_NStem_NStem
R_1	Abbr_Num	Num_Num	Abbr_Num	Num
ba_twu_b_a	SC2_Fut_VRoot_VerbTerm	SC2_Fut_VRoot_VerbTerm	SC2_Fut_VRoot_VerbTerm	SC2_Fut_VRoot_VerbTerm
ne_ku_visis_a	AdvPre_BPre15_VRoot_VerbTerm	AdvPre_SC15_VRoot_VerbTerm	AdvPre_BPre15_VRoot_VerbTerm	AdvPre_SC15_VRoot_VerbTerm
lo_ku_si_sekelo	Dem1_Pos1_BPre15_BPre7_NStem	Pos1_NegPre_BPre7	Dem1_Pos1_BPre15_BPre7_NStem	RelConc15_BPre7_NStem
mayelana	Adv	Adv	Adv	Adv
ne_IDP	AdvPre_Abbr	AdvPre_Abbr	AdvPre_Abbr	AdvPre_Abbr
.	Punc	Punc	Punc	Punc
ti_khwama_mali	BPre8_NStem_NStem	BPre8_NStem_NStem	BPre8_NStem_NStem	BPre8_NStem_NStem
te_ku_ti_khets_el_a	PossConc8_BPre15_ReflPre_Intrans_VerbExt_VerbTerm	PossConc8_BPre15_ReflPre_Intrans_VerbExt_VerbTerm	PossConc8_BPre15_ReflPre_Intrans_VerbExt_VerbTerm	PossConc10_OC15_ReflPre_VRoot_ApplExt_VerbTerm
ti_niket_w_a	SC10_VRoot_PassExt_VerbTerm	SC10_VRoot_PassExt_VerbTerm	SC10_VRoot_PassExt_VerbTerm	SC10_VRoot_PassExt_VerbTerm
ngu_masipala	CopPre_NStem	CopPre_NStem	CopPre_NStem	CopPre_NStem
ku_teute	BPre17_NStem	BPre17_NStem	BPre17_NStem	BPre17_NStem
ku_to_hlelenj_is_w_a	LocPre_Fut_VRoot_CausExt_PassExt_VerbTerm	BPre17_Fut_NStem_CausExt_PassExt_VerbTerm	LocPre_Fut_VRoot_CausExt_PassExt_VerbTerm	BPre17_Fut_NStem
ku_setjentis_w_a	SC15_VRoot_PassExt_VerbTerm	SC15_VRoot_PassExt_VerbTerm	SC15_VRoot_PassExt_VerbTerm	SC15_VRoot_PassExt_VerbTerm
kwelisu	NStem	NStem	NStem	PossConc15_BPre5_NStem
.	Punc	Punc	Punc	Punc
kwa_esekel_w_a_ngco	PossConc15_VRoot_PassExt_VerbTerm_Ideoph	PossConc15_VRoot_PassExt_VerbTerm_Ideoph	PossConc15_VRoot_PassExt_VerbTerm_Ideoph	PossConc15_NStem_Ideoph
nga_ti_mali	AdvPre_BPre10_NStem	AdvPre_BPre10_NStem	AdvPre_BPre10_NStem	AdvPre_BPre10_NStem
kwa_i_mi_mango	PossConc15_NPrePre4_BPre4_NStem	PossConc15_NPrePre4_BPre4_NStem	PossConc15_NPrePre4_BPre4_NStem	PossConc15_NPrePre4_BPre4_NStem
ku_gcugcutel_a	BPre15_VRoot_VerbTerm	BPre15_VRoot_VerbTerm	BPre15_VRoot_VerbTerm	BPre15_VRoot_VerbTerm
bu_nikati	BPre14_NStem	BPre14_NStem	BPre14_NStem	BPre14_NStem
ba_tin_hlelo	PossConc2_BPre10_NStem	PossConc2_BPre10_NStem	PossConc2_BPre10_NStem	PossConc2_BPre10_NStem
ta_ku_sebent_a	PossConc8_BPre15_VRoot_VerbTerm	PossConc10_OC15_VRoot_VerbTerm	PossConc8_BPre15_VRoot_VerbTerm	PossConc10_OC15_VRoot_VerbTerm
futsi	Conj	Conj	Conj	Conj
ku_akh_a	BPre15_VRoot_VerbTerm	BPre15_VRoot_VerbTerm	BPre15_VRoot_VerbTerm	BPre15_VRoot_VerbTerm
lu_hlobo	NPre11_NStem	BPre11_NStem	NPre11_NStem	BPre11_NStem
lolu_tsite	RelConc11_RelStem	RelConc11_RelStem	RelConc11_RelStem	RelConc11_RelStem
lwe_ku_ti_phendvul_el_a	PossConc11_BPre15_SC8_VRoot_ApplExt_VerbTerm	PossConc11_BPre15_SC8_VRoot_ApplExt_VerbTerm	PossConc11_BPre15_SC8_VRoot_ApplExt_VerbTerm	PossConc11_OC15_SC8_VRoot_ApplExt_VerbTerm
.	Punc	Punc	Punc	Punc
ku_phindz_e	SC15_VRoot_VerbTerm	SC15_VRoot_VerbTerm	SC15_VRoot_VerbTerm	SC15_VRoot_VerbTerm
ku_tfutfuk_is_w_e	SC15_VRoot_CausExt_PassExt_VerbTerm	SC15_VRoot_CausExt_PassExt_VerbTerm	SC15_VRoot_CausExt_PassExt_VerbTerm	SC15_VRoot_CausExt_PassExt_VerbTerm
na_e_ma_khono	AdvPre_NPrePre6_BPre6_NStem	AdvPre_NPrePre6_BPre6_NStem	AdvPre_NPrePre6_BPre6_NStem	AdvPre_NPrePre6_BPre6_NStem
e_ku_phats_a	LocPre_OC15_VRoot_VerbTerm	LocPre_OC15_VRoot_VerbTerm	LocPre_OC15_VRoot_VerbTerm	PossConc6_OC15_VRoot_VerbTerm
,	Punc	Punc	Punc	Punc
e_ku_landz_elel_a	PossConc6_BPre15_VRoot_IntensExt_VerbTerm	PossConc6_BPre15_VRoot_IntensExt_VerbTerm	PossConc6_BPre15_VRoot_IntensExt_VerbTerm	PossConc6_BPre15_VRoot_IntensExt_VerbTerm
na_we_kw_ent_a	AdvPre_OC3_SC15_VRoot_VerbTerm	AdvPre_PossConc3_BPre15_VRoot_VerbTerm	AdvPre_OC3_SC15_VRoot_VerbTerm	AdvPre_PossConc3_BPre15_Intrans_VerbTerm
u_li_phakelotimali	NPrePre1_NPre5_NStem	NPrePre1_BPre5_NStem	NPrePre1_NPre5_NStem	NPrePre1_BPre5_NStem
.	Punc	Punc	Punc	Punc
lu_hlelo	BPre11_NStem	BPre11_NStem	BPre11_NStem	BPre11_NStem
lolu_banti	RelConc5_NStem	RelConc5_NStem	RelConc5_NStem	RelConc5_NStem
lwa_ku_camb_a	PossConc11_OC15_VRoot_VerbTerm	PossConc11_OC15_VRoot_VerbTerm	PossConc11_OC15_VRoot_VerbTerm	PossConc11_OC15_VRoot_VerbTerm
ka_bu_sha	AdvPre_BPre14_AdjStem	AdvPre_BPre14_AdjStem	AdvPre_BPre14_AdjStem	AdvPre_BPre14_AdjStem
lolu_chuman_is_a	RelConc11_VRoot_CausExt_VerbTerm	RelConc11_VRoot_CausExt_VerbTerm	RelConc11_VRoot_CausExt_VerbTerm	RelConc11_VRoot_CausExt_VerbTerm
e_ma_nyuvesi	NPrePre6_BPre6_NStem	NPrePre6_BPre6_NStem	NPrePre6_BPre6_NStem	NPrePre6_BPre6_NStem
,	Punc	Punc	Punc	Punc
i_mi_khandlu	NPrePre4_BPre4_NStem	NPrePre4_BPre4_NStem	NPrePre4_BPre4_NStem	NPrePre4_BPre4_NStem
ya_i_sayensi	PossConc4_NPre9_NStem	PossConc9_NPrePre4_NStem	PossConc4_NPre9_NStem	PossConc9_NStem
kanye	Conj	Conj	Conj	Conj
na_laba_nye	AdvPre_AdjPref2_AdjStem	AdvPre_AdjPref2_AdjStem	AdvPre_AdjPref2_AdjStem	AdvPre_AdjPref2_AdjStem
ba_dlali_n_dzima	BPre2_NStem_BPre9_NStem	BPre2_NStem_BPre9_NStem	BPre2_NStem_BPre9_NStem	BPre2_NStem_BPre9_NStem
ku_ta_lu_cwaningo	LocPre_PossConc10_BPre11_NStem	LocPre_PossConc10_BPre11_NStem	LocPre_PossConc10_BPre11_NStem	BPre17_PossConc10_BPre10_NStem
na_ta_in_tfutfuko	AdvPre_PossConc10_NPre9_NStem	AdvPre_PossConc10_NPre9_NStem	AdvPre_PossConc10_NPre9_NStem	AdvPre_PossConc10_BPre9_NStem
kanye	Conj	Conj	Conj	Adv
na_mi_khakha	AdvPre_BPre4_NStem	AdvPre_BPre4_NStem	AdvPre_BPre4_NStem	AdvPre_BPre4_NStem
ya_ta_m_notfo	PossConc9_PossConc10_BPre3_NStem	PossConc9_PossConc10_BPre3_NStem	PossConc9_PossConc10_BPre3_NStem	PossConc9_PossConc10_BPre3_NStem
le_hamb_a	RelConc4_VRoot_VerbTerm	RelConc4_VRoot_VerbTerm	RelConc4_VRoot_VerbTerm	PossConc5_VRoot_VerbTerm
e_m_bili	LocPre_BPre3_NStem	LocPre_BPre3_NStem	LocPre_BPre3_NStem	LocPre_BPre3_NStem
.	Punc	Punc	Punc	Punc
cedz_is_a	VRoot_CausExt_VerbTerm	VRoot_CausExt_VerbTerm	VRoot_CausExt_VerbTerm	VRoot_CausExt_VerbTerm
nge_ku_khomb_a	AdvPre_BPre15_VRoot_VerbTerm	AdvPre_BPre15_VRoot_VerbTerm	AdvPre_BPre15_VRoot_VerbTerm	AdvPre_BPre15_VRoot_VerbTerm
ba_bambi	BPre2_NStem	BPre2_NStem	BPre2_NStem	BPre2_NStem
li_chaza	BPre5_NStem	BPre5_NStem	BPre5_NStem	BPre5_NStem
loku_cukats_w_e	RelConc15_VRoot_PassExt_VerbTerm	RelConc15_VRoot_PassExt_VerbTerm	RelConc15_VRoot_PassExt_VerbTerm	RelConc15_VRoot_PassExt_VerbTerm
e_ma_notsi_ini	LocPre_BPre6_NStem_LocSuf	NPrePre6_BPre6_NStem_LocSuf	LocPre_BPre6_NStem_LocSuf	NPrePre6_BPre6_NStem_LocSuf
esi_fundvo	RelConc7_NStem	RelConc7_NStem	RelConc7_NStem	PossConc6_BPre7_NStem
e_si_ehluko_ini	LocPre_BPre7_NStem_LocSuf	LocPre_BPre7_NStem_LocSuf	LocPre_BPre7_NStem_LocSuf	LocPre_BPre7_NStem_LocSuf
4	Num	Num	Num	Num
.	Punc	Punc	Punc	Punc
tin_chubo	BPre10_NStem	BPre10_NStem	BPre10_NStem	NPre10_NStem
ta_ku_sebent_a	PossConc10_OC15_VRoot_VerbTerm	PossConc10_OC15_VRoot_VerbTerm	PossConc10_OC15_VRoot_VerbTerm	PossConc10_OC15_VRoot_VerbTerm
-	Punc	Punc	Punc	Punc
ti_fak_a	SC10_VRoot_VerbTerm	SC10_VRoot_VerbTerm	SC10_VRoot_VerbTerm	SC8_VRoot_VerbTerm
e_khatsi	LocPre_Adv	LocPre_Adv	LocPre_Adv	LocPre_Adv
ku_fez_a	BPre15_VRoot_VerbTerm	BPre15_VRoot_VerbTerm	BPre15_VRoot_VerbTerm	BPre15_VRoot_VerbTerm
lu_hla	BPre11_NStem	BPre11_NStem	BPre11_NStem	BPre11_NStem
lwa_e_ma_lungiselelo	PossConc11_NPrePre6_BPre6_NStem	PossConc11_NPrePre6_BPre6_NStem	PossConc11_NPrePre6_BPre6_NStem	PossConc11_NPrePre6_BPre6_NStem
nge_ku_ent_a	AdvPre_SC15_VRoot_VerbTerm	AdvPre_SC15_VRoot_VerbTerm	AdvPre_SC15_VRoot_VerbTerm	AdvPre_OC15_VRoot_VerbTerm
le_i_mi_sebenti	PossConc5_NPrePre4_BPre4_NStem	PossConc5_NPrePre4_BPre4_NStem	PossConc5_NPrePre4_BPre4_NStem	PossConc5_BPre4_NStem
le_cukats_w_e	RelConc9_VRoot_PassExt_VerbTerm	RelConc9_VRoot_PassExt_VerbTerm	RelConc9_VRoot_PassExt_VerbTerm	RelConc9_VRoot_PassExt_VerbTerm
ku_lolu_hla	LocPre_Dem11_Pos1_NStem	LocPre_Pos1	LocPre_Dem11_Pos1_NStem	LocPre_Pos1
.	Punc	Punc	Punc	Punc
kuna_tin_chubo	AdvPre_NPre10_NStem	AdvPre_BPre10_NStem	AdvPre_NPre10_NStem	BPre15_AdvPre_BPre10_NStem
leti_tsite	RelConc10_RelStem	RelConc10_RelStem	RelConc10_RelStem	RelConc10_RelStem
leti_s_e_khatsi	RelConc10_PreLoc-s_LocPre_NStem	RelConc10_PreLoc-s_LocPre_Adv	RelConc10_PreLoc-s_LocPre_NStem	RelConc10_PreLoc-s_LocPre_VRoot_VerbTerm
kwa_leto	PossConc15_Dem8_Pos2	PossConc15	PossConc15_Dem8_Pos2	PossConc15
ta_ku_sebent_a	PossConc10_OC15_VRoot_VerbTerm	PossConc10_OC15_VRoot_VerbTerm	PossConc10_OC15_VRoot_VerbTerm	PossConc10_OC15_VRoot_VerbTerm
.	Punc	Punc	Punc	Punc
ti_nyenti	AdjPref8_AdjStem	AdjPref10_AdjStem	AdjPref8_AdjStem	AdjPref10_AdjStem
ti_zatfu	BPre8_NStem	BPre8_NStem	BPre8_NStem	BPre8_NStem
ta_ku_vel_a	PossConc8_OC15_VRoot_VerbTerm	PossConc10_OC15_VRoot_VerbTerm	PossConc8_OC15_VRoot_VerbTerm	PossConc10_OC15_VRoot_VerbTerm
kwa_ku_shay_is_an_a	PossConc15_OC15_VRoot_CausExt_RecipExt_VerbTerm	PossConc15_OC15_VRoot_CausExt_RecipExt_VerbTerm	PossConc15_OC15_VRoot_CausExt_RecipExt_VerbTerm	PossConc15_OC15_VRoot_CausExt_RecipExt_VerbTerm
.	Punc	Punc	Punc	Punc
leti_nye	AdjPref10_AdjStem	AdjPref10_AdjStem	AdjPref10_AdjStem	AdjPref10_AdjStem
ta_to	PossConc8_PronStem8	PossConc8_PronStem8	PossConc8_PronStem8	PossConc8_PronStem8
'	Punc	Punc	Punc	Punc
ti_nga_phats_ek_a	SC8_Pot_VRoot_NeutExt_VerbTerm	SC8_Pot_VRoot_NeutExt_VerbTerm	SC8_Pot_VRoot_NeutExt_VerbTerm	SC8_Pot_VRoot_NeutExt_VerbTerm
'	Punc	Punc	Punc	Punc
leti_nye	AdjPref10_AdjStem	AdjPref10_AdjStem	AdjPref10_AdjStem	AdjPref10_AdjStem
ta_to	PossConc8_PronStem8	PossConc8_PronStem8	PossConc8_PronStem8	PossConc8_PronStem8
ti_nga_b_a	SC8_Pot_VRoot_VerbTerm	SC10_Pot_VRoot_VerbTerm	SC8_Pot_VRoot_VerbTerm	SC10_Pot_VRoot_VerbTerm
'	Punc	Punc	Punc	Punc
yi_miva	CopPre_NStem	CopPre_NStem	CopPre_NStem	CopPre_NPrePre4_BPre4_NStem
'	Punc	Punc	Punc	Punc
,	Punc	Punc	Punc	Punc
loku_yi_n_dlela	RelConc15_CopPre_BPre9_NStem	RelConc15_CopPre_BPre9_NStem	RelConc15_CopPre_BPre9_NStem	RelConc15_CopPre_NPre9_NStem
u_mu_ntfu	NPrePre1_BPre1_NStem	NPrePre1_BPre1_NStem	NPrePre1_BPre1_NStem	NPrePre1_BPre1_NStem
la_bon_a	RelConc1_VRoot_VerbTerm	RelConc6_VRoot_VerbTerm	RelConc1_VRoot_VerbTerm	RelConc6_VRoot_VerbTerm
nga_yo	AdvPre_PronStem9	AdvPre_PronStem9	AdvPre_PronStem9	AdvPre_PronStem9
leso	Dem7_Pos1		Dem7_Pos1	
si_mo	BPre7_NStem	BPre7_NStem	BPre7_NStem	BPre7_NStem
.	Punc	Punc	Punc	Punc
i_mi_biko	NPrePre4_BPre4_NStem	NPrePre4_BPre4_NStem	NPrePre4_BPre4_NStem	NPrePre4_BPre4_NStem
le_hlel_iw_e	RelConc4_VRoot_PassExt_VerbTerm	RelConc9_VRoot_PassExt_VerbTerm	RelConc4_VRoot_PassExt_VerbTerm	RelConc9_VRoot_PassExt_VerbTerm
-	Punc	Punc	Punc	Punc
e_ma_komidi	NPrePre6_BPre6_NStem	NPrePre6_BPre6_NStem	NPrePre6_BPre6_NStem	NPrePre6_BPre6_NStem
a_li_wadi	PossConc6_BPre5_NStem	PossConc6_BPre5_NStem	PossConc6_BPre5_NStem	PossConc6_BPre5_NStem
ku_mel_e	SC15_VRoot_VerbTerm	SC15_VRoot_VerbTerm	SC15_VRoot_VerbTerm	SC15_VRoot_VerbTerm
a_tfol_e	SC6_VRoot_VerbTerm	SC6_VRoot_VerbTerm	SC6_VRoot_VerbTerm	SC6_VRoot_VerbTerm
lu_ati	BPre11_NStem	BPre11_NStem	BPre11_NStem	BPre11_NStem
nge_in_chubo	AdvPre_NPre9_NStem	AdvPre_NPre9_NStem	AdvPre_NPre9_NStem	AdvPre_NPre9_NStem
ya_u_mu_khandlu	PossConc9_NPrePre3_BPre3_NStem	PossConc4_NPrePre3_BPre3_NStem	PossConc9_NPrePre3_BPre3_NStem	PossConc4_BPre3_NStem
nge_ti_khatsi	AdvPre_NPre8_Adv	AdvPre_NPre8_Adv	AdvPre_NPre8_Adv	AdvPre_NPre8_Adv
leti_hlel_iw_e	RelConc8_VRoot_PassExt_VerbTerm	RelConc10_VRoot_PassExt_VerbTerm	RelConc8_VRoot_PassExt_VerbTerm	RelConc10_VRoot_PassExt_VerbTerm
.	Punc	Punc	Punc	Punc
a_nga_but_a	SC6_Pot_VRoot_VerbTerm	SC6_Pot_VRoot_VerbTerm	SC6_Pot_VRoot_VerbTerm	SC6_Pot_VRoot_VerbTerm
li_khansela	BPre5_NStem	BPre5_NStem	BPre5_NStem	BPre5_NStem
kutsi	Conj	Conj	Conj	Conj
yini	Interrog	Interrog	Interrog	Interrog
le_bamb_elel_e	RelConc9_VRoot_IntensExt_VerbTerm	RelConc9_VRoot_IntensExt_VerbTerm	RelConc9_VRoot_IntensExt_VerbTerm	RelConc9_Intrans_IntensExt_VerbTerm
le_i_n_chubo	RelConc9_NPrePre9_BPre9_NStem	PossConc5_NPrePre9_BPre9_NStem	RelConc9_NPrePre9_BPre9_NStem	PossConc5_NPrePre9_BPre9_NStem
,	Punc	Punc	Punc	Punc
ba_phakam_is_e	SC2_VRoot_CausExt_VerbTerm	SC2_VRoot_CausExt_VerbTerm	SC2_VRoot_CausExt_VerbTerm	SC2_VRoot_CausExt_VerbTerm
tin_dlela	BPre10_NStem	BPre10_NStem	BPre10_NStem	BPre10_NStem
ta_ku_hlangabet_a	PossConc10_OC15_VRoot_VerbTerm	PossConc10_OC15_VRoot_VerbTerm	PossConc10_OC15_VRoot_VerbTerm	PossConc10_OC15_VRoot_VerbTerm
tin_hlelo	BPre10_NStem	BPre10_NStem	BPre10_NStem	BPre10_NStem
nga_ku_phumelel_is_a	AdvPre_OC15_VRoot_CausExt_VerbTerm	AdvPre_BPre15_VRoot_CausExt_VerbTerm	AdvPre_OC15_VRoot_CausExt_VerbTerm	AdvPre_BPre15_VRoot_CausExt_VerbTerm
ka_ncono	AdvPre_NStem	AdvPre_NStem	AdvPre_NStem	AdvPre_NStem
.	Punc	Punc	Punc	Punc
ku_ti_bandzakany_a	BPre15_ReflPre_VRoot_VerbTerm	BPre15_ReflPre_VRoot_VerbTerm	BPre15_ReflPre_VRoot_VerbTerm	BPre15_ReflPre_VRoot_VerbTerm
kwe_m_mango	PossConc15_BPre3_NStem	PossConc15_BPre3_NStem	PossConc15_BPre3_NStem	PossConc15_BPre3_NStem
ku_lu_hlelo	LocPre_BPre11_NStem	LocPre_BPre11_NStem	LocPre_BPre11_NStem	LocPre_BPre11_NStem
lolu_dzing_a	RelConc11_VRoot_VerbTerm	RelConc11_VRoot_VerbTerm	RelConc11_VRoot_VerbTerm	RelConc11_VRoot_VerbTerm
ku_bandzakany_w_a	BPre15_VRoot_PassExt_VerbTerm	BPre15_VRoot_PassExt_VerbTerm	BPre15_VRoot_PassExt_VerbTerm	BPre15_VRoot_PassExt_VerbTerm
kwe_m_mango	PossConc15_BPre3_NStem	PossConc15_BPre3_NStem	PossConc15_BPre3_NStem	PossConc15_BPre3_NStem
ku_to	LocPre_PronStem8	LocPre_PronStem8	LocPre_PronStem8	LocPre_PronStem8
to_nkhe	QuantConc8_QuantStem	QuantConc10_QuantStem	QuantConc8_QuantStem	QuantConc10_QuantStem
ti_gaba	BPre8_NStem	BPre8_NStem	BPre8_NStem	BPre8_NStem
.	Punc	Punc	Punc	Punc
e_ma_komidi	NPrePre6_BPre6_NStem	NPrePre6_BPre6_NStem	NPrePre6_BPre6_NStem	NPrePre6_BPre6_NStem
e_ma_wadi	NPrePre6_BPre6_NStem	NPrePre6_BPre6_NStem	NPrePre6_BPre6_NStem	NPrePre6_BPre6_NStem
a_dzing_a	SC6_VRoot_VerbTerm	SC6_VRoot_VerbTerm	SC6_VRoot_VerbTerm	SC6_VRoot_VerbTerm
ku_tfol_a	BPre15_VRoot_VerbTerm	BPre15_VRoot_VerbTerm	BPre15_VRoot_VerbTerm	BPre15_VRoot_VerbTerm
in_dlela	NPre9_NStem	NPre9_NStem	NPre9_NStem	NPrePre9_BPre9_NStem
le_ncono	PossConc5_NStem	PossConc5_NStem	PossConc5_NStem	PossConc5_NStem
ya_ku_ndlul_is_a	PossConc9_OC15_VRoot_CausExt_VerbTerm	PossConc9_BPre15_VRoot_CausExt_VerbTerm	PossConc9_OC15_VRoot_CausExt_VerbTerm	PossConc9_OC15_VRoot_CausExt_VerbTerm
u_mu_layeto	NPrePre3_BPre3_NStem	NPrePre3_BPre3_NStem	NPrePre3_BPre3_NStem	NPrePre3_BPre3_NStem
ku_y_e	SC15_VRoot_VerbTerm	SC15_VRoot_VerbTerm	SC15_VRoot_VerbTerm	SC15_VRoot_VerbTerm
nga_kutsi	AdvPre_Conj	AdvPre_Conj	AdvPre_Conj	AdvPre_Conj
u_mu_layeto	NPrePre3_BPre3_NStem	NPrePre3_BPre3_NStem	NPrePre3_BPre3_NStem	NPrePre3_BPre3_NStem
u_condz_e	SC3_VRoot_VerbTerm	SC3_VRoot_VerbTerm	SC3_VRoot_VerbTerm	SC2ps_VRoot_VerbTerm
ku_bo_bani	LocPre_OC2_Interrog	LocPre_BPre2a_Interrog	LocPre_OC2_Interrog	LocPre_BPre2a_Interrog
.	Punc	Punc	Punc	Punc
si_bonelo	BPre7_NStem	BPre7_NStem	BPre7_NStem	BPre7_NStem
uma	Conj	Conj	Conj	Conj
ngabe	Conj	Conj	Conj	Conj
lu_dzaba	BPre11_NStem	BPre11_NStem	BPre11_NStem	BPre11_NStem
lu_fak_a	SC11_VRoot_VerbTerm	SC11_VRoot_VerbTerm	SC11_VRoot_VerbTerm	SC11_VRoot_VerbTerm
e_khatsi	LocPre_Adv	LocPre_Adv	LocPre_Adv	LocPre_Adv
ba_ntfu	BPre2_NStem	BPre2_NStem	BPre2_NStem	BPre2_NStem
laba_sha	AdjPref2_AdjStem	AdjPref2_AdjStem	AdjPref2_AdjStem	AdjPref2_AdjStem
lu_nga_niket_w_a	SC11_Pot_VRoot_PassExt_VerbTerm	SC11_Pot_VRoot_PassExt_VerbTerm	SC11_Pot_VRoot_PassExt_VerbTerm	SC11_Pot_VRoot_PassExt_VerbTerm
nga_ti_teshi	AdvPre_BPre8_NStem	AdvPre_BPre8_NStem	AdvPre_BPre8_NStem	AdvPre_BPre8_NStem
ta_u_mu_sakato	PossConc8_NPrePre3_BPre3_NStem	PossConc8_NPrePre3_BPre3_NStem	PossConc8_NPrePre3_BPre3_NStem	PossConc8_BPre3_NStem
nobe	Conj	Conj	Conj	Conj
nga_lesi_nye	AdvPre_AdjPref7_AdjStem	AdvPre_AdjPref7_AdjStem	AdvPre_AdjPref7_AdjStem	AdvPre_AdjPref7_AdjStem
si_ehlakalo	BPre7_NStem	BPre7_NStem	BPre7_NStem	BPre7_NStem
,	Punc	Punc	Punc	Punc
lesi_njenga_si_hlakalo	RelConc7_AdvPre_BPre7_NStem	RelConc7_AdvPre_BPre7_NStem	RelConc7_AdvPre_BPre7_NStem	RelConc7_AdvPre_NStem
sa_te_mi_dlalo	PossConc7_PossConc10_BPre4_NStem	PossConc7_PossConc10_BPre4_NStem	PossConc7_PossConc10_BPre4_NStem	PossConc7_PossConc10_BPre4_NStem
,	Punc	Punc	Punc	Punc
ba_ntfu	BPre2_NStem	BPre2_NStem	BPre2_NStem	BPre2_NStem
laba_sha	AdjPref2_AdjStem	AdjPref2_AdjStem	AdjPref2_AdjStem	AdjPref2_AdjStem
laba_ti_bandzakany_a	RelConc2_ReflPre_VRoot_VerbTerm	RelConc2_BPre8_VRoot_VerbTerm	RelConc2_ReflPre_VRoot_VerbTerm	RelConc2_BPre8_VRoot_VerbTerm
ku_so	LocPre_PronStem7	LocPre_PronStem7	LocPre_PronStem7	LocPre_PronStem7
.	Punc	Punc	Punc	Punc
to_nkhe	QuantConc10_QuantStem	QuantConc10_QuantStem	QuantConc10_QuantStem	QuantConc10_QuantStem
tin_hlaka	BPre10_NStem	BPre10_NStem	BPre10_NStem	BPre10_NStem
ta_u_mu_mango	PossConc8_NPrePre3_BPre3_NStem	PossConc8_NPrePre3_BPre3_NStem	PossConc8_NPrePre3_BPre3_NStem	PossConc8_NPrePre3_BPre3_NStem
,	Punc	Punc	Punc	Punc
ku_fak_a	BPre15_VRoot_VerbTerm	BPre15_VRoot_VerbTerm	BPre15_VRoot_VerbTerm	SC15_VRoot_VerbTerm
e_khatsi	LocPre_Adv	LocPre_Adv	LocPre_Adv	LocPre_Adv
ti_shayamtsetfo	BPre8_NStem	BPre8_NStem	BPre8_NStem	BPre8_NStem
na_te_ku_ehlulela	AdvPre_PossConc8_BPre15_NStem	AdvPre_PossConc8_BPre15_NStem	AdvPre_PossConc8_BPre15_NStem	AdvPre_PossConc10_OC15_VRoot_VerbTerm
,	Punc	Punc	Punc	Punc
ku_mel_e	SC15_VRoot_VerbTerm	SC15_VRoot_VerbTerm	SC15_VRoot_VerbTerm	SC15_VRoot_VerbTerm
ti_cinisekise	BPre10_NStem	BPre8_NStem	BPre10_NStem	SC8_VRoot_CausExt_VerbTerm
kutsi	Conj	Conj	Conj	Conj
u_mphumela	NPrePre1a_NStem	NPrePre1a_NStem	NPrePre1a_NStem	NPrePre3_BPre3_NStem
we_ntfutfuko	PossConc3_NStem	PossConc3_NStem	PossConc3_NStem	PossConc3_BPre9_NStem
u_ya_bonakala	NPrePre1a_Pres_NStem	NPrePre1a_Pres_NStem	NPrePre1a_Pres_NStem	SC1_Pres_VRoot_NeutExt_VerbTerm
ku_laba_phuy_ile	LocPre_RelConc2_VRoot_Perf	LocPre_RelConc2_VRoot_Perf	LocPre_RelConc2_VRoot_Perf	LocPre_RelConc2_VRoot_Perf
na_li_nyenti	AdvPre_BPre5_NStem	AdvPre_BPre5_NStem	AdvPre_BPre5_NStem	AdvPre_BPre5_NStem
la_laba_ncish_w_e	SC2_RelConc2_VRoot_PassExt_VerbTerm	PossConc5_RelConc2_VRoot_PassExt_VerbTerm	SC2_RelConc2_VRoot_PassExt_VerbTerm	RelConc6_VRoot_PassExt_VerbTerm
e_ma_tfuba	NPrePre6_BPre6_NStem	NPrePre6_BPre6_NStem	NPrePre6_BPre6_NStem	NPrePre6_BPre6_NStem
,	Punc	Punc	Punc	Punc
ku_lingan_is_w_e	BPre15_VRoot_CausExt_PassExt_VerbTerm	SC15_VRoot_CausExt_PassExt_VerbTerm	BPre15_VRoot_CausExt_PassExt_VerbTerm	SC15_VRoot_CausExt_PassExt_VerbTerm
i_mi_tamo	NPrePre4_BPre4_NStem	NPrePre4_BPre4_NStem	NPrePre4_BPre4_NStem	NPrePre4_BPre4_NStem
ya_labeme	PossConc9_NStem	PossConc9_NStem	PossConc9_NStem	PossConc9_RelConc2_AuxVStem
ka_hle	AdvPre_AdjStem	AdvPre_AdjStem	AdvPre_AdjStem	AdvPre_AdjStem
ya_uku_vikel_a	PossConc9_SC15_VRoot_VerbTerm	PossConc9_OC15_VRoot_VerbTerm	PossConc9_SC15_VRoot_VerbTerm	PossConc9_OC15_VRoot_VerbTerm
ti_n_shisekelo	BPre8_BPre9_NStem	BPre8_BPre9_NStem	BPre8_BPre9_NStem	BPre10_NStem
ta_bo	PossConc10_PronStem2	PossConc10_PronStem2	PossConc10_PronStem2	PossConc10_PronStem2
nge_ku_tsats_el_a	AdvPre_BPre15_VRoot_ApplExt_VerbTerm	AdvPre_SC15_VRoot_ApplExt_VerbTerm	AdvPre_BPre15_VRoot_ApplExt_VerbTerm	AdvPre_OC15_VRoot_ApplExt_VerbTerm
i_mi_mango	NPrePre4_BPre4_NStem	NPrePre4_BPre4_NStem	NPrePre4_BPre4_NStem	NPrePre4_BPre4_NStem
le_te	RelConc9_NStem	PossConc5_NStem	RelConc9_NStem	
e_ma_ndla	NPrePre6_BPre6_NStem	NPrePre6_BPre6_NStem	NPrePre6_BPre6_NStem	NPrePre6_BPre6_NStem
.	Punc	Punc	Punc	Punc
i_Ningizimu	BPre9_ProperName	BPre9_ProperName	BPre9_ProperName	BPre9_NStem
Afrika	ProperName	ProperName	ProperName	ProperName
ku_mel_e	SC15_VRoot_VerbTerm	SC15_VRoot_VerbTerm	SC15_VRoot_VerbTerm	SC15_VRoot_VerbTerm
i_sebent_is_e	SC9_VRoot_CausExt_VerbTerm	SC9_VRoot_CausExt_VerbTerm	SC9_VRoot_CausExt_VerbTerm	SC9_VRoot_CausExt_VerbTerm
e_ma_ndla	NPrePre6_BPre6_NStem	NPrePre6_BPre6_NStem	NPrePre6_BPre6_NStem	NPrePre6_BPre6_NStem
a_yo	PossConc6_PronStem4	PossConc6_PronStem4	PossConc6_PronStem4	PossConc6_PronStem4
kute	Conj	Conj	Conj	Conj
ye_enyus_e	CopPre_VRoot_VerbTerm	AdvPre_VRoot_VerbTerm	CopPre_VRoot_VerbTerm	SC4_VRoot_VerbTerm
i_m_phahla	NPrePre9_BPre3_NStem	NPrePre9_BPre3_NStem	NPrePre9_BPre3_NStem	NPrePre9_BPre3_NStem
le_yi_tfum_el_a	RelConc9_OC9_VRoot_ApplExt_VerbTerm	RelConc9_OC9_VRoot_ApplExt_VerbTerm	RelConc9_OC9_VRoot_ApplExt_VerbTerm	RelConc9_OC9_VRoot_ApplExt_VerbTerm
ku_lama_nye	LocPre_AdjPref6_AdjStem	LocPre_AdjPref6_AdjStem	LocPre_AdjPref6_AdjStem	LocPre_AdjPref6_AdjStem
e_ma_ve	LocPre_BPre6_NStem	LocPre_BPre6_NStem	LocPre_BPre6_NStem	LocPre_BPre6_NStem
.	Punc	Punc	Punc	Punc
uma	Conj	Conj	Conj	Conj
ngabe	Conj	Conj	Conj	Conj
u_mu_notfo	NPrePre3_BPre3_NStem	NPrePre3_BPre3_NStem	NPrePre3_BPre3_NStem	NPrePre3_BPre3_NStem
u_cudzelan_a	SC3_VRoot_VerbTerm	SC3_VRoot_VerbTerm	SC3_VRoot_VerbTerm	SC3_VRoot_VerbTerm
ka_ncane	AdvPre_AdjStem	AdvPre_AdjStem	AdvPre_AdjStem	AdvPre_AdjStem
e_u_mu_khakha_ini	LocPre_NPrePre3_BPre3_NStem_LocSuf	LocPre_NPrePre3_BPre3_NStem_LocSuf	LocPre_NPrePre3_BPre3_NStem_LocSuf	LocPre_NPrePre3_BPre3_NStem_LocSuf
mu_nye	AdjPref3_AdjStem	AdjPref1_AdjStem	AdjPref3_AdjStem	AdjPref1_AdjStem
,	Punc	Punc	Punc	Punc
ku_tawu_mel_e	SC15_Fut_VRoot_VerbTerm	SC15_Fut_VRoot_VerbTerm	SC15_Fut_VRoot_VerbTerm	SC15_Fut_VRoot_VerbTerm
i_ent_a	SC9_VRoot_VerbTerm	SC9_VRoot_VerbTerm	SC9_VRoot_VerbTerm	SC9_VRoot_VerbTerm
ncono	Adv	NStem	Adv	NStem
ku_lemi_nye	LocPre_AdjPref4_AdjStem	LocPre_AdjPref4_AdjStem	LocPre_AdjPref4_AdjStem	LocPre_AdjPref4_AdjStem
i_mi_khakha	NPrePre4_BPre4_NStem	NPrePre4_BPre4_NStem	NPrePre4_BPre4_NStem	NPrePre4_BPre4_NStem
.	Punc	Punc	Punc	Punc
bu_hle	BPre14_NStem	BPre14_NStem	BPre14_NStem	BPre14_NStem
ba_leli_ve	PossConc14_Dem5_Pos1_NStem	BPre2_Pos1	PossConc14_Dem5_Pos1_NStem	BPre2_Pos1
lobu_catsanis_ek_a_ko	RelConc14_VRoot_NeutExt_VerbTerm_RelSuf	RelConc14_VRoot_NeutExt_VerbTerm_RelSuf	RelConc14_VRoot_NeutExt_VerbTerm_RelSuf	RelConc14_NStem_RelSuf
bu_fak_a	SC14_VRoot_VerbTerm	SC14_VRoot_VerbTerm	SC14_VRoot_VerbTerm	SC14_VRoot_VerbTerm
e_khatsi	LocPre_Adv	LocPre_Adv	LocPre_Adv	LocPre_Adv
e_ma_minerali	NPrePre6_BPre6_NStem	NPrePre6_BPre6_NStem	NPrePre6_BPre6_NStem	NPrePre6_BPre6_NStem
kanye	Conj	Conj	Conj	Adv
na_mi_tfombo	AdvPre_BPre4_NStem	AdvPre_BPre4_NStem	AdvPre_BPre4_NStem	AdvPre_BPre4_NStem
ya_i_n_velo	PossConc4_NPrePre9_BPre9_NStem	PossConc4_NPrePre9_BPre9_NStem	PossConc4_NPrePre9_BPre9_NStem	PossConc4_NPrePre9_BPre9_NStem
,	Punc	Punc	Punc	Punc
u_mu_khakha	NPrePre3_BPre3_NStem	NPrePre3_BPre3_NStem	NPrePre3_BPre3_NStem	NPrePre3_BPre3_NStem
wa_ta_ti_mali	PossConc3_PossConc10_NPre10_NStem	PossConc3_PossConc10_NPre10_NStem	PossConc3_PossConc10_NPre10_NStem	PossConc3_PossConc10_BPre10_NStem
na_wa_tin_hlelo	AdvPre_PossConc3_NPre10_NStem	AdvPre_PossConc3_NPre10_NStem	AdvPre_PossConc3_NPre10_NStem	AdvPre_PossConc3_BPre10_NStem
ta_li_bhizimisi	PossConc10_BPre5_NStem	PossConc10_BPre5_NStem	PossConc10_BPre5_NStem	PossConc8_BPre5_NStem
wa_si_manje	PossConc3_BPre7_NStem	PossConc3_BPre7_NStem	PossConc3_BPre7_NStem	PossConc3_BPre7_NStem
,	Punc	Punc	Punc	Punc
ku_b_a	BPre15_VRoot_VerbTerm	SC15_VRoot_VerbTerm	BPre15_VRoot_VerbTerm	BPre15_VRoot_VerbTerm
s_e_dvute	PreLoc-s_LocPre_Adv	PreLoc-s_LocPre_Adv	PreLoc-s_LocPre_Adv	NegPre_NStem
na_tin_makethe	AdvPre_BPre10_NStem	AdvPre_BPre10_NStem	AdvPre_BPre10_NStem	AdvPre_BPre10_NStem
ta_s_e_Afrika	PossConc10_PreLoc-s_LocPre_ProperName	PossConc10_PreLoc-s_LocPre_ProperName	PossConc10_PreLoc-s_LocPre_ProperName	PossConc8_PreLoc-s_LocPre_NStem
leti_khul_a	RelConc10_VRoot_VerbTerm	RelConc10_VRoot_VerbTerm	RelConc10_VRoot_VerbTerm	RelConc10_NStem
nga_ku_shesh_a	AdvPre_OC15_VRoot_VerbTerm	AdvPre_OC15_VRoot_VerbTerm	AdvPre_OC15_VRoot_VerbTerm	AdvPre_OC15_VRoot_VerbTerm
,	Punc	Punc	Punc	Punc
e_ma_nyuvesi	NPrePre6_BPre6_NStem	NPrePre6_BPre6_NStem	NPrePre6_BPre6_NStem	NPrePre6_BPre6_NStem
a_li_zinga	PossConc6_BPre5_NStem	PossConc6_BPre5_NStem	PossConc6_BPre5_NStem	LocPre_BPre5_NStem
leli_s_e_tulu	RelConc5_PreLoc-s_LocPre_Adv	RelConc5_PreLoc-s_LocPre_Adv	RelConc5_PreLoc-s_LocPre_Adv	RelConc5_PreLoc-s_LocPre_Adv
kanye	Conj	Conj	Conj	Adv
na_mu_khakha	AdvPre_BPre3_NStem	AdvPre_BPre3_NStem	AdvPre_BPre3_NStem	AdvPre_BPre3_NStem
wa_ta_ku_lima	PossConc3_PossConc10_BPre15_NStem	PossConc3_PossConc10_BPre15_NStem	PossConc3_PossConc10_BPre15_NStem	PossConc3_PossConc10_OC15_Intrans_VerbTerm
wa_si_manje	PossConc3_BPre7_NStem	PossConc3_BPre7_NStem	PossConc3_BPre7_NStem	PossConc3_BPre7_NStem
na_lo_khicit_a_ko	AdvPre_RelConc3_VRoot_VerbTerm_RelSuf	AdvPre_RelConc3_VRoot_VerbTerm_RelSuf	AdvPre_RelConc3_VRoot_VerbTerm_RelSuf	AdvPre_RelConc3_VRoot_VerbTerm_RelSuf
.	Punc	Punc	Punc	Punc
i_Ningizimu	BPre9_ProperName	BPre9_ProperName	BPre9_ProperName	BPre9_NStem
Afrika	ProperName	ProperName	ProperName	ProperName
i_phindze	BPre9_NStem	BPre9_NStem	BPre9_NStem	BPre9_NStem
i_b_e	SC1_VRoot_VerbTerm	SC1_VRoot_VerbTerm	SC1_VRoot_VerbTerm	SC1_VRoot_VerbTerm
na_tin_kampani	AdvPre_NPre10_NStem	AdvPre_BPre10_NStem	AdvPre_NPre10_NStem	AdvPre_NPre10_NStem
leti_hol_a_ko	RelConc10_VRoot_VerbTerm_RelSuf	RelConc10_VRoot_VerbTerm_RelSuf	RelConc10_VRoot_VerbTerm_RelSuf	RelConc8_VRoot_VerbTerm_RelSuf
e_u_mu_hlaba_ini	LocPre_NPrePre3_BPre3_NStem_LocSuf	LocPre_NPrePre3_BPre3_NStem_LocSuf	LocPre_NPrePre3_BPre3_NStem_LocSuf	LocPre_BPre3_NStem_LocSuf
e_i_mi_khakha_ini	LocPre_NPrePre4_BPre4_NStem_LocSuf	LocPre_NPrePre4_BPre4_NStem_LocSuf	LocPre_NPrePre4_BPre4_NStem_LocSuf	LocPre_NPrePre4_BPre4_NStem_LocSuf
le_njenge_ku_akh_a	PossConc5_AdvPre_OC15_VRoot_VerbTerm	PossConc5_AdvPre_BPre15_VRoot_VerbTerm	PossConc5_AdvPre_OC15_VRoot_VerbTerm	PossConc5_AdvPre_SC15_VRoot_VerbTerm
.	Punc	Punc	Punc	Punc
lu_ati	BPre11_NStem	BPre11_NStem	BPre11_NStem	BPre11_NStem
si_bonelo	BPre7_NStem	BPre7_NStem	BPre7_NStem	BPre7_BPre2_NStem
,	Punc	Punc	Punc	Punc
u_m_khandlu	NPrePre3_BPre3_NStem	NPrePre3_BPre3_NStem	NPrePre3_BPre3_NStem	NPrePre3_BPre3_NStem
we_in_dzawo	PossConc3_NPre9_NStem	PossConc3_NPre9_NStem	PossConc3_NPre9_NStem	PossConc3_NPre9_NStem
ku_nga_ent_ek_a	SC15_Pot_VRoot_NPas_VerbTerm	SC15_Pot_VRoot_NPas_VerbTerm	SC15_Pot_VRoot_NPas_VerbTerm	SC15_Pot_VRoot_NPas_VerbTerm
u_nga_nik_i	SC3_NegPre_VRoot_VerbTerm	SC2ps_NegPre_VRoot_VerbTerm	SC3_NegPre_VRoot_VerbTerm	SC2ps_NegPre_VRoot_VerbTerm
u_mu_mango	NPrePre3_BPre3_NStem	NPrePre3_BPre3_NStem	NPrePre3_BPre3_NStem	NPrePre3_BPre3_NStem
a_ma_minitsi	PossConc6_BPre6_NStem	NPrePre6_BPre6_NStem	PossConc6_BPre6_NStem	NPrePre6_BPre6_NStem
,	Punc	Punc	Punc	Punc
nobe	Conj	Conj	Conj	Conj
li_phakelomali	BPre5_NStem	BPre5_NStem	BPre5_NStem	BPre5_NStem
,	Punc	Punc	Punc	Punc
nobe	Conj	Conj	Conj	Conj
i_mi_biko	NPrePre4_BPre4_NStem	NPrePre4_BPre4_NStem	NPrePre4_BPre4_NStem	NPrePre4_BPre4_NStem
ya_ta_ma_fa	PossConc4_PossConc10_BPre6_NStem	PossConc9_PossConc10_BPre6_NStem	PossConc4_PossConc10_BPre6_NStem	PossConc9_PossConc10_BPre6_NStem
nobe	Conj	Conj	Conj	Conj
lemi_nye	AdjPref4_AdjStem	AdjPref4_AdjStem	AdjPref4_AdjStem	AdjPref4_AdjStem
i_mi_bhalo	NPrePre4_BPre4_NStem	NPrePre4_BPre4_NStem	NPrePre4_BPre4_NStem	NPrePre4_BPre4_NStem
.	Punc	Punc	Punc	Punc
ngakoke	Conj	Conj	Conj	Conj
u_mu_mango	NPrePre3_BPre3_NStem	NPrePre3_BPre3_NStem	NPrePre3_BPre3_NStem	NPrePre3_BPre3_NStem
a_wu_ku_at_i	NegPre_SC3_OC15_VRoot_VerbTerm	NegPre_OC3_OC15_VRoot_VerbTerm	NegPre_SC3_OC15_VRoot_VerbTerm	SC6_OC3_OC15_VRoot_VerbTerm
ku_ent_a	BPre15_VRoot_VerbTerm	BPre15_VRoot_VerbTerm	BPre15_VRoot_VerbTerm	BPre15_VRoot_VerbTerm
ti_ncumo	NPre8_NStem	BPre8_NStem	NPre8_NStem	BPre8_NStem
leti_na_lu_ati	RelConc8_AdvPre_BPre11_NStem	RelConc8_AdvPre_BPre11_NStem	RelConc8_AdvPre_BPre11_NStem	RelConc8_AdvPre_BPre11_NStem
nga_kutsi	AdvPre_Conj	AdvPre_Conj	AdvPre_Conj	AdvPre_Conj
yini	Interrog	Interrog	Interrog	Interrog
lu_sito	BPre11_NStem	BPre11_NStem	BPre11_NStem	BPre11_NStem
lwa_ti_mali	PossConc11_BPre10_NStem	PossConc11_BPre10_NStem	PossConc11_BPre10_NStem	PossConc11_BPre10_NStem
lolu_khona	RelConc11_Adv	RelConc11_Adv	RelConc11_Adv	RelConc11_Adv
lwa_ku_akh_a	PossConc11_OC15_VRoot_VerbTerm	PossConc11_OC15_VRoot_VerbTerm	PossConc11_OC15_VRoot_VerbTerm	PossConc11_BPre15_VRoot_VerbTerm
u_mu_tfolamphilo	NPrePre3_BPre3_NStem	NPrePre3_BPre3_NStem	NPrePre3_BPre3_NStem	NPrePre3_BPre3_NStem
nobe	Conj	Conj	Conj	Conj
si_kolo	BPre7_NStem	BPre7_NStem	BPre7_NStem	BPre7_NStem
.	Punc	Punc	Punc	Punc
uma	Conj	Conj	Conj	Conj
ba_bek_a	SC2_VRoot_VerbTerm	SC2_VRoot_VerbTerm	SC2_VRoot_VerbTerm	SC2_VRoot_VerbTerm
u_mu_bono	NPrePre3_BPre3_NStem	NPrePre3_BPre3_NStem	NPrePre3_BPre3_NStem	NPrePre3_BPre3_NStem
ba_tjel_w_a	SC2_VRoot_PassExt_VerbTerm	SC2_VRoot_PassExt_VerbTerm	SC2_VRoot_PassExt_VerbTerm	BPre2_NStem
kutsi	Conj	Conj	Conj	Conj
kute	Conj	Conj	Conj	Conj
ti_mali	BPre10_NStem	BPre10_NStem	BPre10_NStem	BPre10_NStem
,	Punc	Punc	Punc	Punc
kepha	Conj	Conj	Conj	Conj
a_ba_ku_at_i	NegPre_SC2_OC15_VRoot_VerbTerm	NegPre_SC2_OC15_VRoot_VerbTerm	NegPre_SC2_OC15_VRoot_VerbTerm	NegPre_SC2_OC15_VRoot_VerbTerm
ku_phik_is_a	BPre15_VRoot_CausExt_VerbTerm	BPre15_VRoot_CausExt_VerbTerm	BPre15_VRoot_CausExt_VerbTerm	BPre15_VRoot_CausExt_VerbTerm
u_mu_condvo	NPrePre3_BPre3_NStem	NPrePre3_BPre3_NStem	NPrePre3_BPre3_NStem	NPrePre3_BPre3_NStem
ngoba	Conj	Conj	Conj	Conj
a_ba_ka_lu_tfol_i	NegPre_SC2_ExclNeg_OC11_VRoot_VerbTerm	NegPre_OC2_ExclNeg_SC11_VRoot_VerbTerm	NegPre_SC2_ExclNeg_OC11_VRoot_VerbTerm	NegPre_SC2_ExclNeg_OC11_VRoot_VerbTerm
lu_ati	BPre11_NStem	BPre11_NStem	BPre11_NStem	BPre11_NStem
lwa_e_ma_ciniso	PossConc11_NPrePre6_BPre6_NStem	PossConc11_NPrePre6_BPre6_NStem	PossConc11_NPrePre6_BPre6_NStem	PossConc11_NPrePre6_BPre6_NStem
.	Punc	Punc	Punc	Punc
tsats_a	VRoot_VerbTerm	VRoot_VerbTerm	VRoot_VerbTerm	VRoot_VerbTerm
ti_m_phendvulo	BPre10_BPre3_NStem	BPre10_BPre3_NStem	BPre10_BPre3_NStem	BPre10_NStem
e_ma_cembu_ini	LocPre_BPre6_NStem_LocSuf	LocPre_BPre6_NStem_LocSuf	LocPre_BPre6_NStem_LocSuf	LocPre_BPre6_NStem_LocSuf
.	Punc	Punc	Punc	Punc
khomb_a	VRoot_VerbTerm	VRoot_VerbTerm	VRoot_VerbTerm	VRoot_VerbTerm
ba_bambi	BPre2_NStem	BPre2_NStem	BPre2_NStem	BPre2_NStem
li_chaza	BPre5_NStem	BPre5_NStem	BPre5_NStem	BPre5_NStem
3.3	Num	Num	Num	Num
e_ma_notsi_ini	LocPre_BPre6_NStem_LocSuf	NPrePre6_BPre6_NStem_LocSuf	LocPre_BPre6_NStem_LocSuf	NPrePre6_BPre6_NStem_LocSuf
a_si_fundvo	PossConc6_BPre7_NStem	PossConc6_BPre7_NStem	PossConc6_BPre7_NStem	PossConc6_BPre7_NStem
njenga_si_bonelo	AdvPre_NPre7_NStem	AdvPre_BPre7_NStem	AdvPre_NPre7_NStem	AdvPre_BPre7_NStem
lesi_phel_el_e	RelConc7_VRoot_ApplExt_VerbTerm	RelConc7_VRoot_ApplExt_VerbTerm	RelConc7_VRoot_ApplExt_VerbTerm	RelConc7_VRoot_ApplExt_VerbTerm
.	Punc	Punc	Punc	Punc
e_ma_su	NPrePre6_BPre6_NStem	NPrePre6_BPre6_NStem	NPrePre6_BPre6_NStem	NPrePre6_BPre6_NStem
a_hlose	RelConc6_NStem	RelConc6_NStem	RelConc6_NStem	SC6_VRoot_VerbTerm
ku_nemb_a	SC15_VRoot_VerbTerm	BPre15_VRoot_VerbTerm	SC15_VRoot_VerbTerm	BPre15_AdvPre_AuxVStem
futsi	Conj	Conj	Conj	Conj
la_hamb_is_an_a	SC5_VRoot_CausExt_RecipExt_VerbTerm	SC5_VRoot_CausExt_RecipExt_VerbTerm	SC5_VRoot_CausExt_RecipExt_VerbTerm	SC5_VRoot_CausExt_RecipExt_VerbTerm
ne_ku_buk_an_a	NegPre_OC15_VRoot_RecipExt_VerbTerm	AdvPre_BPre15_VRoot_RecipExt_VerbTerm	NegPre_OC15_VRoot_RecipExt_VerbTerm	AdvPre_BPre15_VRoot_RecipExt_VerbTerm
na_bocalangaye	AdvPre_NStem	AdvPre_NStem	AdvPre_NStem	AdvPre_BPre2a_NStem
ba_wo	PossConc14_PronStem3	PossConc2_PronStem3	PossConc14_PronStem3	PossConc2_PronStem3
o_nkhe	QuantConc6_QuantStem	QuantConc6_QuantStem	QuantConc6_QuantStem	QuantConc6_QuantStem
e_ma_cembu	NPrePre6_BPre6_NStem	NPrePre6_BPre6_NStem	NPrePre6_BPre6_NStem	NPrePre6_BPre6_NStem
,	Punc	Punc	Punc	Punc
loku_fak_a	RelConc15_VRoot_VerbTerm	RelConc15_VRoot_VerbTerm	RelConc15_VRoot_VerbTerm	RelConc15_VRoot_VerbTerm
e_khatsi	LocPre_Adv	LocPre_Adv	LocPre_Adv	LocPre_Adv
na_lawo	AdvPre_Dem3_Pos2	AdvPre	AdvPre_Dem3_Pos2	AdvPre
la_s_e_bu_cayi_ini	PossConc5_PreLoc-s_LocPre_BPre14_NStem_LocSuf	PossConc5_PreLoc-s_LocPre_BPre14_NStem_LocSuf	PossConc5_PreLoc-s_LocPre_BPre14_NStem_LocSuf	PossConc5_PreLoc-s_LocPre_BPre14_NStem_LocSuf
ka_khulu	AdvPre_AdjStem	AdvPre_AdjStem	AdvPre_AdjStem	AdvPre_AdjStem
.	Punc	Punc	Punc	Punc
u_mlandvo	NPrePre1a_NStem	NPrePre1a_NStem	NPrePre1a_NStem	NPrePre1a_NStem
we_ma_khono	PossConc3_BPre6_NStem	PossConc3_BPre6_NStem	PossConc3_BPre6_NStem	PossConc3_NPrePre6_BPre6_NStem
e_mu_sebenti_ini	LocPre_BPre3_NStem_LocSuf	LocPre_BPre3_NStem_LocSuf	LocPre_BPre3_NStem_LocSuf	LocPre_BPre3_NStem_LocSuf
wa_hulumende	PossConc1_NStem	PossConc3_NStem	PossConc1_NStem	PossConc3_NStem
u_khomb_is_a	SC3_VRoot_CausExt_VerbTerm	SC3_VRoot_CausExt_VerbTerm	SC3_VRoot_CausExt_VerbTerm	SC3_VRoot_CausExt_VerbTerm
e_ma_khono	NPrePre6_BPre6_NStem	NPrePre6_BPre6_NStem	NPrePre6_BPre6_NStem	NPrePre6_BPre6_NStem
la_khona	RelConc6_Adv	RelConc6_Adv	RelConc6_Adv	RelConc6_Adv
ku_velonkhe	LocPre_NStem	LocPre_NStem	LocPre_NStem	LocPre_NStem
.	Punc	Punc	Punc	Punc
ku_nga_bi_kho	BPre15_NegPre_NStem_RelSuf	BPre15_NegPre_NStem_RelSuf	BPre15_NegPre_NStem_RelSuf	SC15_Pot_VRoot_RelSuf
kwa_bo_dokotela	PossConc15_BPre2_NStem	PossConc15_BPre2a_NStem	PossConc15_BPre2_NStem	PossConc15_BPre2_NStem
laba_s_e_zinga_ini	RelConc2_PreLoc-s_LocPre_NStem_LocSuf	RelConc2_PreLoc-s_LocPre_NStem_LocSuf	RelConc2_PreLoc-s_LocPre_NStem_LocSuf	RelConc2_PreLoc-s_LocPre_NStem_LocSuf
laba_enel_e	RelConc2_VRoot_VerbTerm	RelConc2_VRoot_VerbTerm	RelConc2_VRoot_VerbTerm	RelConc2_VRoot_VerbTerm
,	Punc	Punc	Punc	Punc
bo_i_n_jiniyela	BPre2a_NPrePre9_BPre9_NStem	PossConc2a_NPrePre9_BPre9_NStem	BPre2a_NPrePre9_BPre9_NStem	BPre2a_Intrans_VerbTerm
,	Punc	Punc	Punc	Punc
ti_sebenti	BPre8_NStem	BPre8_NStem	BPre8_NStem	BPre8_NStem
leti_cecesh_iw_e	RelConc10_VRoot_PassExt_VerbTerm	RelConc10_VRoot_PassExt_VerbTerm	RelConc10_VRoot_PassExt_VerbTerm	RelConc10_VRoot_PassExt_VerbTerm
ku_thekhinoloji	LocPre_NStem	LocPre_NStem	LocPre_NStem	LocPre_NStem
,	Punc	Punc	Punc	Punc
ti_ati	BPre8_NStem	BPre8_NStem	BPre8_NStem	SC8_VRoot_VerbTerm
ku_te_lu_phenyo	BPre17_PossConc10_BPre11_NStem	BPre17_PossConc10_BPre11_NStem	BPre17_PossConc10_BPre11_NStem	BPre17_PossConc10_BPre11_NStem
lw_e_i_sayensi	PossConc11_LocPre_NPrePre4_NStem	PossConc11_LocPre_NPrePre4_NStem	PossConc11_LocPre_NPrePre4_NStem	PossConc11_NStem
,	Punc	Punc	Punc	Punc
ba_phenyi	BPre2_NStem	BPre2_NStem	BPre2_NStem	BPre2_NStem
,	Punc	Punc	Punc	Punc
ba_hleli	BPre2_NStem	BPre2_NStem	BPre2_NStem	BPre2_NStem
,	Punc	Punc	Punc	Punc
ba_phenyimabhuku	PossConc2a_NStem	BPre2_NStem	PossConc2a_NStem	BPre2_NStem
,	Punc	Punc	Punc	Punc
ba_shushisi	BPre2_NStem	BPre2_NStem	BPre2_NStem	BPre2_NStem
,	Punc	Punc	Punc	Punc
ba_luleki	BPre2_NStem	BPre2_NStem	BPre2_NStem	BPre2_NStem
be_kharikhulamu	PossConc2_NStem	PossConc2_NStem	PossConc2_NStem	PossConc2_NPre9_NStem
njalo	Adv	Adv	Adv	Adv
njalo	Adv	Adv	Adv	Adv
njalo	Adv	Adv	Adv	Adv
.	Punc	Punc	Punc	Punc
nga_i_li_tulu	AdvPre_NPrePre5_BPre5_NStem	AdvPre_NPrePre5_BPre5_NStem	AdvPre_NPrePre5_BPre5_NStem	AdvPre_NPrePre5_BPre5_NStem
lwa_loko	PossConc11_NStem	PossConc11	PossConc11_NStem	PossConc11
,	Punc	Punc	Punc	Punc
likhono	NStem	NStem	NStem	BPre5_NStem
leku_phats_a	RelConc15_VRoot_VerbTerm	RelConc15_VRoot_VerbTerm	RelConc15_VRoot_VerbTerm	RelConc15_VRoot_VerbTerm
leti_sebenti	RelConc8_NStem	RelConc8_NStem	RelConc8_NStem	RelConc8_NStem
leti_s_e_tulu	RelConc10_PreLoc-s_LocPre_Adv	RelConc10_PreLoc-s_LocPre_Adv	RelConc10_PreLoc-s_LocPre_Adv	RelConc10_PreLoc-s_LocPre_Adv
leti_sebent_a	RelConc10_VRoot_VerbTerm	RelConc10_VRoot_VerbTerm	RelConc10_VRoot_VerbTerm	RelConc10_VRoot_VerbTerm
e_in_hlangano_ini	LocPre_BPre9_NStem_LocSuf	LocPre_BPre9_NStem_LocSuf	LocPre_BPre9_NStem_LocSuf	LocPre_BPre9_NStem_LocSuf
le_nkimbit_ek_ile	PossConc5_VRoot_NeutExt_Perf	RelConc9_VRoot_NeutExt_Perf	PossConc5_VRoot_NeutExt_Perf	PossConc5_BPre9_VRoot_Perf
,	Punc	Punc	Punc	Punc
esi_ma_ini	RelConc7_NStem_LocSuf	RelConc7_NStem_LocSuf	RelConc7_NStem_LocSuf	RelConc7_NStem_LocSuf
setembusave	NStem	NStem	NStem	PossConc7_PossConc10_BPre3_NStem
ne_setenhlalo	AdvPre_NStem	AdvPre_NStem	AdvPre_NStem	AdvPre_PreLoc-s_LocPre_BPre10_NStem
ku_dzing_a	SC15_VRoot_VerbTerm	SC15_VRoot_VerbTerm	SC15_VRoot_VerbTerm	SC15_VRoot_VerbTerm
ku_nak_w_a	BPre15_VRoot_PassExt_VerbTerm	BPre15_VRoot_PassExt_VerbTerm	BPre15_VRoot_PassExt_VerbTerm	BPre15_VRoot_PassExt_VerbTerm
loku_khulu	AdjPref15_AdjStem	AdjPref15_AdjStem	AdjPref15_AdjStem	AdjPref15_AdjStem
.	Punc	Punc	Punc	Punc
kute	Conj	Conj	Conj	Conj
ku_sonjulul_w_e	SC15_VRoot_PassExt_VerbTerm	SC15_VRoot_PassExt_VerbTerm	SC15_VRoot_PassExt_VerbTerm	SC15_VRoot_PassExt_VerbTerm
ku_b_a_te	BPre15_VRoot_VerbTerm_NegPre	BPre15_VRoot_VerbTerm_NegPre	BPre15_VRoot_VerbTerm_NegPre	BPre15_VRoot_VerbTerm_NegPre
nga_lo_kw_enel_e	AdvPre_Dem1_Pos1_BPre15_VRoot_VerbTerm	AdvPre_Pos1_BPre15_VRoot	AdvPre_Dem1_Pos1_BPre15_VRoot_VerbTerm	AdvPre_RelConc15_VRoot_VerbTerm
kwa_e_ma_khono	PossConc15_NPrePre6_BPre6_NStem	PossConc15_NPrePre6_BPre6_NStem	PossConc15_NPrePre6_BPre6_NStem	PossConc15_NPrePre6_BPre6_NStem
la_cecesh_el_w_e	SC5_VRoot_ApplExt_PassExt_VerbTerm	RelConc5_VRoot_ApplExt_PassExt_VerbTerm	SC5_VRoot_ApplExt_PassExt_VerbTerm	RelConc5_VRoot_ApplExt_PassExt_VerbTerm
ne_we_ku_phats_a	AdvPre_PossConc1_BPre15_VRoot_VerbTerm	AdvPre_PossConc3_BPre15_Intrans_VerbTerm	AdvPre_PossConc1_BPre15_VRoot_VerbTerm	AdvPre_PossConc3_OC15_VRoot_VerbTerm
,	Punc	Punc	Punc	Punc
hulumende	NStem	NStem	NStem	NStem
ku_mel_e	SC15_VRoot_VerbTerm	SC15_VRoot_VerbTerm	SC15_VRoot_VerbTerm	SC15_VRoot_VerbTerm
a_tsats_e	RelConc6_VRoot_VerbTerm	RelConc6_VRoot_VerbTerm	RelConc6_VRoot_VerbTerm	RelConc6_VRoot_VerbTerm
u_mu_bono	NPrePre3_BPre3_NStem	NPrePre3_BPre3_NStem	NPrePre3_BPre3_NStem	NPrePre3_BPre3_NStem
wa_i_si_khatsi	PossConc1_NPrePre7_BPre7_NStem	PossConc1_NPrePre7_BPre7_NStem	PossConc1_NPrePre7_BPre7_NStem	PossConc3_BPre7_NStem
lesi_dze	AdjPref7_AdjStem	AdjPref7_AdjStem	AdjPref7_AdjStem	AdjPref7_AdjStem
we_ku_tfutfuk_is_a	PossConc3_BPre15_VRoot_CausExt_VerbTerm	PossConc3_BPre15_VRoot_CausExt_VerbTerm	PossConc3_BPre15_VRoot_CausExt_VerbTerm	PossConc3_OC15_VRoot_CausExt_VerbTerm
e_ma_khono	NPrePre6_BPre6_NStem	NPrePre6_BPre6_NStem	NPrePre6_BPre6_NStem	NPrePre6_BPre6_NStem
la_wa_dzing_a_ko	PossConc5_BPre3_VRoot_VerbTerm_RelSuf	RelConc6_OC6_VRoot_VerbTerm_RelSuf	PossConc5_BPre3_VRoot_VerbTerm_RelSuf	RelConc6_OC3_VRoot_VerbTerm_RelSuf
nge_ku_condzis_a	AdvPre_BPre15_Intrans_VerbTerm	AdvPre_BPre15_VRoot_VerbTerm	AdvPre_BPre15_Intrans_VerbTerm	AdvPre_OC15_VRoot_CausExt_VerbTerm
i_mi_sebenti	NPrePre4_BPre4_NStem	NPrePre4_BPre4_NStem	NPrePre4_BPre4_NStem	NPrePre4_BPre4_NStem
,	Punc	Punc	Punc	Punc
ku_fundz_is_a	BPre15_VRoot_CausExt_VerbTerm	BPre15_VRoot_CausExt_VerbTerm	BPre15_VRoot_CausExt_VerbTerm	BPre15_VRoot_CausExt_VerbTerm
kanye	Adv	Conj	Adv	Conj
ne_bu_dlelwane	AdvPre_BPre14_NStem	AdvPre_BPre14_NStem	AdvPre_BPre14_NStem	AdvPre_BPre14_NStem
lobu_sondzelene	RelConc14_NStem	RelConc14_NStem	RelConc14_NStem	RelConc14_NStem
na_ma_nyuvesi	AdvPre_BPre6_NStem	AdvPre_BPre6_NStem	AdvPre_BPre6_NStem	AdvPre_BPre6_NStem
ne_ti_kolwatekufundzela	AdvPre_BPre8_NStem	AdvPre_BPre8_NStem	AdvPre_BPre8_NStem	AdvPre_SC8_Intrans_VRoot_ApplExt_VerbTerm
ku_phats_a	BPre15_VRoot_VerbTerm	BPre15_VRoot_VerbTerm	BPre15_VRoot_VerbTerm	BPre15_VRoot_VerbTerm
.	Punc	Punc	Punc	Punc
lu_hlelo	BPre11_NStem	BPre11_NStem	BPre11_NStem	BPre11_NStem
lu_ba	SC11_AuxVStem	SC11_AuxVStem	SC11_AuxVStem	SC11_VRoot_VerbTerm
ngu_lolu_tsemb_ek_ile	CopPre_RelConc15_VRoot_NPas_Perf	CopPre_RelConc11_VRoot_NeutExt_Perf	CopPre_RelConc15_VRoot_NPas_Perf	CopPre_RelConc11_VRoot_Perf
njengobe	Adv	Conj	Adv	Conj
i_n_dlela	NPrePre9_BPre9_NStem	NPrePre9_BPre9_NStem	NPrePre9_BPre9_NStem	NPrePre9_BPre9_NStem
ye_kwe_tful_w_a	PossConc9_BPre15_VRoot_PassExt_VerbTerm	PossConc9_BPre15_VRoot_PassExt_VerbTerm	PossConc9_BPre15_VRoot_PassExt_VerbTerm	PossConc4_OC15_VRoot_PassExt_VerbTerm
kwa_lo	PossConc15_PronStem11	PossConc15_PronStem11	PossConc15_PronStem11	PossConc15_PronStem11
i_ne_ku_ent_ek_a	SC9_AdvPre_OC15_VRoot_NPas_VerbTerm	SC9_AdvPre_BPre15_VRoot_NPas_VerbTerm	SC9_AdvPre_OC15_VRoot_NPas_VerbTerm	SC4_AdvPre_OC15_VRoot_NPas_VerbTerm
.	Punc	Punc	Punc	Punc
ku_ne_ngoti	BPre17_AdvPre_NStem	LocPre_AdvPre_NStem	BPre17_AdvPre_NStem	LocPre_NStem
le_n_khulu	PossConc5_BPre9_Adv	PossConc5_BPre9_Adv	PossConc5_BPre9_Adv	PossConc5_BPre9_Adv
ya_ku_ts_i	PossConc9_BPre15_VRoot_VerbTerm	PossConc9_BPre15_VRoot_VerbTerm	PossConc9_BPre15_VRoot_VerbTerm	PossConc9_BPre15_VRoot_VerbTerm
lu_hlelo	BPre11_NStem	BPre11_NStem	BPre11_NStem	BPre11_NStem
lwa_in_tfutfuko	PossConc11_NPre9_NStem	PossConc11_NPre9_NStem	PossConc11_NPre9_NStem	PossConc11_NPre9_NStem
lwe_ningizimu	PossConc11_NStem	PossConc11_NStem	PossConc11_NStem	PossConc11_NPrePre5_BPre5_NStem
Afrika	ProperName	ProperName	ProperName	ProperName
lu_nga_hluleka	BPre11_AdvPre_NStem	BPre11_NegPre_NStem	BPre11_AdvPre_NStem	SC11_Pot_VRoot_VerbTerm
ngoba	Adv	Conj	Adv	BPre5_NStem
hulumende	NStem	NStem	NStem	NStem
aka_khon_i	NegPre_VRoot_VerbTerm	NegPre_VRoot_VerbTerm	NegPre_VRoot_VerbTerm	NegPre_ExclNeg_VRoot_VerbTerm
ku_lu_e_tful_a	SC15_OC11_LocPre_VRoot_VerbTerm	SC15_BPre11_LocPre_VRoot_VerbTerm	SC15_OC11_LocPre_VRoot_VerbTerm	BPre15_PossConc11_VRoot_VerbTerm
.	Punc	Punc	Punc	Punc
i_khomishini	NPrePre4_NStem	NPrePre4_NStem	NPrePre4_NStem	NPrePre4_NStem
i_ent_a	SC9_VRoot_VerbTerm	SC9_VRoot_VerbTerm	SC9_VRoot_VerbTerm	SC9_VRoot_VerbTerm
ti_phakamiso	BPre8_NStem	BPre8_NStem	BPre8_NStem	BPre8_NStem
te_ku_hlel_w_a	PossConc8_BPre15_VRoot_PassExt_VerbTerm	PossConc8_BPre15_VRoot_PassExt_VerbTerm	PossConc8_BPre15_VRoot_PassExt_VerbTerm	PossConc8_BPre15_VRoot_PassExt_VerbTerm
ka_bu_sha	AdvPre_BPre14_AdjStem	AdvPre_BPre14_AdjStem	AdvPre_BPre14_AdjStem	AdvPre_BPre14_AdjStem
kwe_ti_khungo	PossConc15_BPre8_NStem	PossConc15_BPre8_NStem	PossConc15_BPre8_NStem	PossConc15_BPre8_NStem
kute	Conj	Conj	Conj	Conj
ku_lung_is_w_e	SC15_VRoot_CausExt_PassExt_VerbTerm	SC15_VRoot_CausExt_PassExt_VerbTerm	SC15_VRoot_CausExt_PassExt_VerbTerm	SC15_VRoot_CausExt_PassExt_VerbTerm
ku_nga_lingan_i	BPre15_NegPre_VRoot_VerbTerm	BPre15_NegPre_VRoot_VerbTerm	BPre15_NegPre_VRoot_VerbTerm	BPre15_NegPre_VRoot_VerbTerm
kanye	Adv	Conj	Adv	Adv
ne_ku_nga_sebent_i	AdvPre_BPre15_NegPre_VRoot_VerbTerm	AdvPre_BPre15_NegPre_VRoot_VerbTerm	AdvPre_BPre15_NegPre_VRoot_VerbTerm	AdvPre_OC15_NegPre_VRoot_VerbTerm
ka_hle	AdvPre_AdjStem	AdvPre_AdjStem	AdvPre_AdjStem	AdvPre_AdjStem
loku_vam_ile	RelConc15_VRoot_Perf	RelConc15_VRoot_Perf	RelConc15_VRoot_Perf	RelConc15_VRoot_Perf
e_mu_sebenti_ini	LocPre_BPre3_NStem_LocSuf	LocPre_BPre3_NStem_LocSuf	LocPre_BPre3_NStem_LocSuf	LocPre_BPre3_NStem_LocSuf
wa_hulumende	PossConc1_NStem	PossConc3_NStem	PossConc1_NStem	PossConc3_NStem
na_ku_bo_hulumende	AdvPre_LocPre_BPre2a_NStem	AdvPre_BPre15_BPre2a_NStem	AdvPre_LocPre_BPre2a_NStem	AdvPre_LocPre_BPre2a_NStem
ba_s_e_li_khaya	PossConc14_PreLoc-s_LocPre_BPre5_NStem	PossConc2_PreLoc-s_LocPre_BPre5_NStem	PossConc14_PreLoc-s_LocPre_BPre5_NStem	PossConc14_PreLoc-s_LocPre_BPre5_NStem
.	Punc	Punc	Punc	Punc
sebent_is_a	VRoot_CausExt_VerbTerm	VRoot_CausExt_VerbTerm	VRoot_CausExt_VerbTerm	VRoot_CausExt_VerbTerm
lu_hlu	BPre11_NStem	BPre11_NStem	BPre11_NStem	BPre11_NStem
lwa_si_cinisekiso	PossConc11_BPre7_NStem	PossConc11_BPre7_NStem	PossConc11_BPre7_NStem	PossConc11_BPre7_NStem
e_ku_coc_is_an_eni	LocPre_BPre15_VRoot_CausExt_RecipExt_LocSuf	LocPre_BPre15_VRoot_CausExt_RecipExt_LocSuf	LocPre_BPre15_VRoot_CausExt_RecipExt_LocSuf	LocPre_OC15_VRoot_CausExt_RecipExt_VerbTerm_LocSuf
loku_vulek_ile	RelConc15_VRoot_Perf	RelConc15_VRoot_Perf	RelConc15_VRoot_Perf	RelConc15_VRoot_NeutExt_Perf
li_mayela_na	BPre5_NStem_DimSuf	BPre5_NStem_DimSuf	BPre5_NStem_DimSuf	Adv
na_ma_zinga	AdvPre_BPre6_NStem	AdvPre_BPre6_NStem	AdvPre_BPre6_NStem	AdvPre_BPre6_NStem
a_in_philo	PossConc6_BPre9_NStem	PossConc6_BPre9_NStem	PossConc6_BPre9_NStem	PossConc6_BPre9_NStem
a_li_cembu	PossConc6_BPre5_NStem	PossConc6_BPre5_NStem	PossConc6_BPre5_NStem	PossConc6_BPre5_NStem
.	Punc	Punc	Punc	Punc
rekhoda	NStem	NStem	NStem	VRoot_VerbTerm
tin_phendvulo	BPre10_NStem	BPre10_NStem	BPre10_NStem	BPre10_NStem
.	Punc	Punc	Punc	Punc
lesi_bonelo	RelConc7_NStem	RelConc7_NStem	RelConc7_NStem	RelConc7_NStem
sa_lu_hlu	PossConc7_BPre11_NStem	PossConc7_BPre11_NStem	PossConc7_BPre11_NStem	PossConc7_BPre11_NStem
lwa_si_cinisekiso	PossConc11_BPre7_NStem	PossConc11_BPre7_NStem	PossConc11_BPre7_NStem	PossConc11_BPre7_NStem
tin_phahla	BPre10_NStem	BPre10_NStem	BPre10_NStem	BPre10_NStem
si_nga_ku_sit_a	SC1pp_Pot_OC2ps_VRoot_VerbTerm	SC1pp_Pot_OC15_VRoot_VerbTerm	SC1pp_Pot_OC2ps_VRoot_VerbTerm	SC1pp_Pot_OC15_VRoot_VerbTerm
ku_lo_m_sebenti	LocPre_Dem3_Pos1_BPre3_NStem	LocPre_Pos1_BPre3	LocPre_Dem3_Pos1_BPre3_NStem	LocPre_Pos1_BPre3
ku_cinisek_is_a	BPre15_VRoot_CausExt_VerbTerm	BPre15_VRoot_CausExt_VerbTerm	BPre15_VRoot_CausExt_VerbTerm	BPre15_VRoot_CausExt_VerbTerm
kutsi	Conj	Conj	Conj	Conj
u_na_yo	SC3_AdvPre_PronStem9	SC2ps_AdvPre_PronStem9	SC3_AdvPre_PronStem9	BPre2ps_AdvPre_PronStem9
yo_nkhe	QuantConc4_QuantStem	QuantConc4_QuantStem	QuantConc4_QuantStem	QuantConc4_QuantStem
i_mi_niningwane	NPrePre4_BPre4_NStem	NPrePre4_BPre4_NStem	NPrePre4_BPre4_NStem	NPrePre4_BPre4_NStem
lo_yi_dzing_a_ko	RelConc1_OC4_VRoot_VerbTerm_RelSuf	RelConc1_OC4_VRoot_VerbTerm_RelSuf	RelConc1_OC4_VRoot_VerbTerm_RelSuf	RelConc1_OC4_VRoot_VerbTerm_RelSuf
.	Punc	Punc	Punc	Punc
u_finyelel_e	SC2ps_VRoot_VerbTerm	SC3_VRoot_VerbTerm	SC2ps_VRoot_VerbTerm	SC3_VRoot_ApplExt_VerbTerm
njani	Adv	Adv	Adv	Adv
e_mu_gomo_ini	LocPre_BPre3_NStem_LocSuf	LocPre_BPre3_NStem_LocSuf	LocPre_BPre3_NStem_LocSuf	LocPre_BPre3_NStem_LocSuf
wa_ku_khwesh_is_a	PossConc3_OC15_VRoot_CausExt_VerbTerm	PossConc3_OC15_VRoot_CausExt_VerbTerm	PossConc3_OC15_VRoot_CausExt_VerbTerm	PossConc3_OC15_VRoot_CausExt_VerbTerm
u_mu_lingani	NPrePre1_BPre1_NStem	NPrePre1_BPre1_NStem	NPrePre1_BPre1_NStem	NPrePre1_BPre1_NStem
wa_kho	PossConc1_PronStem2ps	PossConc3_PronStem1	PossConc1_PronStem2ps	PossConc1_PronStem15
?	Punc	Punc	Punc	Punc
si_gaba	BPre7_NStem	BPre7_NStem	BPre7_NStem	BPre7_NStem
2	Num	Num	Num	Num
si_cala	BPre7_NStem	BPre7_NStem	BPre7_NStem	BPre7_NStem
nga_ku_hlatiy_a	AdvPre_OC15_VRoot_VerbTerm	AdvPre_OC15_VRoot_VerbTerm	AdvPre_OC15_VRoot_VerbTerm	AdvPre_BPre15_VRoot_VerbTerm
kanye	Conj	Adv	Conj	Conj
na_ku_hlangan_is_a	AdvPre_OC15_VRoot_CausExt_VerbTerm	AdvPre_OC15_VRoot_CausExt_VerbTerm	AdvPre_OC15_VRoot_CausExt_VerbTerm	AdvPre_OC15_VRoot_CausExt_VerbTerm
i_mi_niningwane	NPrePre4_BPre4_NStem	NPrePre4_BPre4_NStem	NPrePre4_BPre4_NStem	NPrePre4_BPre4_NStem
le_gcogc_w_e	RelConc4_VRoot_PassExt_VerbTerm	RelConc4_VRoot_PassExt_VerbTerm	RelConc4_VRoot_PassExt_VerbTerm	RelConc4_VRoot_PassExt_VerbTerm
ku_le_mi_sebenti	LocPre_Dem4_Pos1_BPre4_NStem	LocPre_Pos1_BPre4	LocPre_Dem4_Pos1_BPre4_NStem	LocPre_Pos1_BPre4
ya_ku_hlel_ek_a	PossConc4_BPre15_VRoot_NPas_VerbTerm	PossConc4_BPre15_VRoot_NPas_VerbTerm	PossConc4_BPre15_VRoot_NPas_VerbTerm	PossConc9_BPre15_VRoot_VerbTerm
nga_li_balave	AdvPre_BPre5_NStem	AdvPre_BPre5_NStem	AdvPre_BPre5_NStem	AdvPre_BPre5_NStem
,	Punc	Punc	Punc	Punc
ya_ku_gabanc_a	PossConc4_BPre15_VRoot_VerbTerm	PossConc9_OC15_VRoot_VerbTerm	PossConc4_BPre15_VRoot_VerbTerm	PossConc9_OC15_VRoot_VerbTerm
,	Punc	Punc	Punc	Punc
ku_m_ncamulajucu	LocPre_BPre3_NStem	LocPre_BPre3_NStem	LocPre_BPre3_NStem	BPre15_NStem
wa_si_khatsi	PossConc3_BPre7_NStem	PossConc3_BPre7_NStem	PossConc3_BPre7_NStem	PossConc3_BPre7_NStem
kanye	Conj	Conj	Conj	Adv
na_mi_khuba	AdvPre_BPre4_NStem	AdvPre_BPre4_NStem	AdvPre_BPre4_NStem	AdvPre_BPre4_NStem
ya_si_khatsi-dze	PossConc4_BPre7_NStem	PossConc4_BPre7_NStem	PossConc4_BPre7_NStem	PossConc9_BPre7_NStem_NStem
.	Punc	Punc	Punc	Punc
niket_a	VRoot_VerbTerm	VRoot_VerbTerm	VRoot_VerbTerm	VRoot_VerbTerm
i_mi_tfwalo	NPrePre4_BPre4_NStem	NPrePre4_BPre4_NStem	NPrePre4_BPre4_NStem	NPrePre4_BPre4_NStem
ya_ku_bhal_w_a	PossConc4_OC15_VRoot_PassExt_VerbTerm	PossConc9_OC15_VRoot_PassExt_VerbTerm	PossConc4_OC15_VRoot_PassExt_VerbTerm	PossConc9_OC15_VRoot_PassExt_VerbTerm
kwa_ti_ncenye	PossConc15_NPre10_NStem	PossConc15_NPre10_NStem	PossConc15_NPre10_NStem	PossConc15_NPre10_NStem
leti_tsite	RelConc10_RelStem	RelConc10_RelStem	RelConc10_RelStem	RelConc10_RelStem
.	Punc	Punc	Punc	Punc
loku	RelConc15		RelConc15	
ku_kwent_a	BPre15_VRoot_VerbTerm	BPre15_VRoot_VerbTerm	BPre15_VRoot_VerbTerm	BPre15_OC15_VRoot_VerbTerm
ncono_ku_ent_a	AdvPre_BPre15_VRoot_VerbTerm	AdvPre_BPre15_VRoot_VerbTerm	AdvPre_BPre15_VRoot_VerbTerm	AdvPre_BPre15_VRoot_VerbTerm
ncono	Adv	NStem	Adv	NStem
bu_nikati	BPre14_NStem	BPre14_NStem	BPre14_NStem	BPre14_NStem
futsi	Conj	Conj	Conj	Conj
ku_cinisek_is_a	BPre15_VRoot_CausExt_VerbTerm	BPre15_VRoot_CausExt_VerbTerm	BPre15_VRoot_CausExt_VerbTerm	BPre15_VRoot_CausExt_VerbTerm
ku_cedz_el_w_a	BPre15_VRoot_ApplExt_PassExt_VerbTerm	BPre15_VRoot_ApplExt_PassExt_VerbTerm	BPre15_VRoot_ApplExt_PassExt_VerbTerm	BPre15_VRoot_ApplExt_PassExt_VerbTerm
nga_loku_fan_el_ek_ile	AdvPre_RelConc15_VRoot_ApplExt_NeutExt_Perf	AdvPre_RelConc15_VRoot_ApplExt_NeutExt_Perf	AdvPre_RelConc15_VRoot_ApplExt_NeutExt_Perf	AdvPre_RelConc15_VRoot_ApplExt_NeutExt_Perf
kwe_m_sebenti	PossConc15_BPre3_NStem	PossConc15_BPre3_NStem	PossConc15_BPre3_NStem	PossConc15_BPre3_NStem
.	Punc	Punc	Punc	Punc
bo_bani	BPre2_Interrog	BPre2a_Interrog	BPre2_Interrog	BPre2a_Interrog
laba_yi_tfol_a_ko	RelConc2_OC9_VRoot_VerbTerm_RelSuf	RelConc2_OC9_VRoot_VerbTerm_RelSuf	RelConc2_OC9_VRoot_VerbTerm_RelSuf	RelConc2_OC9_VRoot_VerbTerm_RelSuf
leti_n_sita	RelConc10_BPre9_NStem	RelConc10_BPre9_NStem	RelConc10_BPre9_NStem	RelConc10_BPre9_NStem
ta_ma_komidi	PossConc10_BPre6_NStem	PossConc6_BPre6_NStem	PossConc10_BPre6_NStem	PossConc6_NPrePre6_BPre6_NStem
e_ma_wadi	NPrePre6_BPre6_NStem	NPrePre6_BPre6_NStem	NPrePre6_BPre6_NStem	NPrePre6_BPre6_NStem
njenge	Adv	Adv	Adv	Adv
kwa_ku_hamb_a	PossConc15_BPre15_VRoot_VerbTerm	PossConc15_BPre15_VRoot_VerbTerm	PossConc15_BPre15_VRoot_VerbTerm	PossConc15_BPre15_VRoot_VerbTerm
?	Punc	Punc	Punc	Punc
bo_n_gcondvomshini	BPre2a_BPre9_NStem	BPre2a_BPre9_NStem	BPre2a_BPre9_NStem	BPre2a_NStem
?	Punc	Punc	Punc	Punc
tin_cingo	NPre10_NStem	BPre10_NStem	NPre10_NStem	BPre10_NStem
?	Punc	Punc	Punc	Punc
ku_tsints_an_a	BPre15_VRoot_RecipExt_VerbTerm	BPre15_VRoot_RecipExt_VerbTerm	BPre15_VRoot_RecipExt_VerbTerm	BPre15_VRoot_RecipExt_VerbTerm
na_ba_holi	AdvPre_BPre2_NStem	AdvPre_BPre2_NStem	AdvPre_BPre2_NStem	AdvPre_BPre2_NStem
ba_politiki	PossConc2_NStem	BPre2_NStem	PossConc2_NStem	BPre2_NStem
?	Punc	Punc	Punc	Punc
ku_tsints_an_a	BPre15_VRoot_RecipExt_VerbTerm	BPre15_VRoot_RecipExt_VerbTerm	BPre15_VRoot_RecipExt_VerbTerm	BPre15_VRoot_RecipExt_VerbTerm
na_ba_m_sakato	AdvPre_PossConc3_BPre3_NStem	AdvPre_BPre2_BPre3_NStem	AdvPre_PossConc3_BPre3_NStem	AdvPre_BPre2_BPre3_NStem
?	Punc	Punc	Punc	Punc
e_ku_hlatiy_a_ini	LocPre_OC15_VRoot_VerbTerm_LocSuf	LocPre_OC15_VRoot_VerbTerm_LocSuf	LocPre_OC15_VRoot_VerbTerm_LocSuf	LocPre_OC15_VRoot_VerbTerm_LocSuf
kwa_tin_nombolo	PossConc15_BPre10_NStem	PossConc15_BPre10_NStem	PossConc15_BPre10_NStem	PossConc15_BPre10_NStem
e_ma_statistics	NPrePre6_BPre6_NStem	NPrePre6_BPre6_NStem	NPrePre6_BPre6_NStem	NPrePre6_BPre6_NStem
a_ya_setjentis_w_a	SC6_Pres_VRoot_PassExt_VerbTerm	SC6_Pres_VRoot_PassExt_VerbTerm	SC6_Pres_VRoot_PassExt_VerbTerm	SC6_Pres_VRoot_PassExt_VerbTerm
e_ku_finyet_a_ini	LocPre_OC15_VRoot_VerbTerm_LocSuf	LocPre_OC15_VRoot_VerbTerm_LocSuf	LocPre_OC15_VRoot_VerbTerm_LocSuf	LocPre_OC15_VRoot_VerbTerm_LocSuf
i_datha	NPre9_NStem	NPre9_NStem	NPre9_NStem	NPre9_NStem
na_s_e_ku_khomb_is_a_ini	AdvPre_PreLoc-s_LocPre_BPre15_VRoot_CausExt_VerbTerm_LocSuf	AdvPre_PreLoc-s_LocPre_BPre15_VRoot_CausExt_VerbTerm_LocSuf	AdvPre_PreLoc-s_LocPre_BPre15_VRoot_CausExt_VerbTerm_LocSuf	AdvPre_PreLoc-s_LocPre_BPre15_VRoot_CausExt_VerbTerm_LocSuf
bu_dlelwane	BPre14_NStem	BPre14_NStem	BPre14_NStem	BPre14_NStem
,	Punc	Punc	Punc	Punc
ku_sebent_is_w_a	SC15_VRoot_CausExt_PassExt_VerbTerm	BPre15_VRoot_CausExt_PassExt_VerbTerm	SC15_VRoot_CausExt_PassExt_VerbTerm	BPre15_VRoot_CausExt_PassExt_VerbTerm
i_n_dlela	NPrePre9_BPre9_NStem	NPrePre9_BPre9_NStem	NPrePre9_BPre9_NStem	NPrePre9_BPre9_NStem
ya_ku_cabang_a	PossConc9_OC15_VRoot_VerbTerm	PossConc9_OC15_VRoot_VerbTerm	PossConc9_OC15_VRoot_VerbTerm	PossConc9_OC15_VRoot_VerbTerm
le_deductive	RelConc9_Foreign	RelConc9_Foreign	RelConc9_Foreign	RelConc9_Foreign
.	Punc	Punc	Punc	Punc
e_ku_hlatiy_a_ini	LocPre_OC15_VRoot_VerbTerm_LocSuf	LocPre_OC15_VRoot_VerbTerm_LocSuf	LocPre_OC15_VRoot_VerbTerm_LocSuf	LocPre_OC15_VRoot_VerbTerm_LocSuf
i_datha	NPre9_NStem	NPre9_NStem	NPre9_NStem	NPre9_NStem
ya_lu_ati	PossConc9_BPre11_NStem	PossConc9_BPre11_NStem	PossConc9_BPre11_NStem	PossConc9_BPre11_NStem
lwa_tin_phawu	PossConc11_NPre10_NStem	PossConc11_NPre10_NStem	PossConc11_NPre10_NStem	PossConc11_NPre10_NStem
ku_setjentis_w_a	SC15_VRoot_PassExt_VerbTerm	SC15_VRoot_PassExt_VerbTerm	SC15_VRoot_PassExt_VerbTerm	SC15_VRoot_PassExt_VerbTerm
ku_cabang_a	BPre15_VRoot_VerbTerm	BPre15_VRoot_VerbTerm	BPre15_VRoot_VerbTerm	BPre15_VRoot_VerbTerm
loku_inductive	RelConc15_Foreign	RelConc15_Foreign	RelConc15_Foreign	RelConc15_Foreign
.	Punc	Punc	Punc	Punc
inductive	Foreign	Foreign	Foreign	NPre9_Foreign
u_chaz_a	SC9_VRoot_VerbTerm	SC3_VRoot_VerbTerm	SC9_VRoot_VerbTerm	SC3_VRoot_VerbTerm
ku_cabang_a	BPre15_VRoot_VerbTerm	BPre15_VRoot_VerbTerm	BPre15_VRoot_VerbTerm	BPre15_VRoot_VerbTerm
loku_suk_a	RelConc15_VRoot_VerbTerm	RelConc15_VRoot_VerbTerm	RelConc15_VRoot_VerbTerm	RelConc15_VRoot_VerbTerm
e_in_tfo_ini	LocPre_NPre9_NStem_LocSuf	LocPre_NPre9_NStem_LocSuf	LocPre_NPre9_NStem_LocSuf	LocPre_NPre9_NStem_LocSuf
le_condz_ile	RelConc9_VRoot_Perf	RelConc9_VRoot_Perf	RelConc9_VRoot_Perf	RelConc9_VRoot_Perf
ku_y_a	BPre15_VRoot_VerbTerm	BPre15_VRoot_VerbTerm	BPre15_VRoot_VerbTerm	BPre15_VRoot_VerbTerm
e_ku_khulum_eni	LocPre_BPre15_VRoot_LocSuf	LocPre_BPre15_VRoot_LocSuf	LocPre_BPre15_VRoot_LocSuf	LocPre_BPre15_VRoot_VerbTerm_LocSuf
nga_li_nyenti	AdvPre_BPre5_NStem	AdvPre_BPre5_NStem	AdvPre_BPre5_NStem	AdvPre_BPre5_NStem
-	Punc	Punc	Punc	Punc
nga_lama_nye	AdvPre_AdjPref6_AdjStem	AdvPre_AdjPref6_AdjStem	AdvPre_AdjPref6_AdjStem	AdvPre_AdjPref6_AdjStem
e_ma_gama	NPrePre6_BPre6_NStem	NPrePre6_BPre6_NStem	NPrePre6_BPre6_NStem	NPrePre6_BPre6_NStem
,	Punc	Punc	Punc	Punc
ku_sh_o	SC15_VRoot_VerbTerm	SC15_VRoot_VerbTerm	SC15_VRoot_VerbTerm	BPre15_NStem
ku_suk_a	BPre15_VRoot_VerbTerm	BPre15_VRoot_VerbTerm	BPre15_VRoot_VerbTerm	BPre15_VRoot_VerbTerm
ku_loku_bon_a_ko	LocPre_RelConc15_VRoot_VerbTerm_RelSuf	LocPre_RelConc15_VRoot_VerbTerm_RelSuf	LocPre_RelConc15_VRoot_VerbTerm_RelSuf	LocPre_RelConc15_VRoot_VerbTerm_RelSuf
u_y_e	SC2ps_VRoot_VerbTerm	SC2_VRoot_VerbTerm	SC2ps_VRoot_VerbTerm	SC2ps_VRoot_VerbTerm
esi_phetfo_ini	RelConc7_NStem_LocSuf	RelConc7_NStem_LocSuf	RelConc7_NStem_LocSuf	LocPre_BPre7_NStem_LocSuf
lesi_khulum_a	RelConc7_VRoot_VerbTerm	RelConc7_VRoot_VerbTerm	RelConc7_VRoot_VerbTerm	RelConc7_VRoot_VerbTerm
nga_li_nyenti	AdvPre_BPre5_NStem	AdvPre_BPre5_NStem	AdvPre_BPre5_NStem	AdvPre_BPre5_NStem
.	Punc	Punc	Punc	Punc
tin_dleko	BPre10_NStem	BPre10_NStem	BPre10_NStem	BPre10_NStem
ta_ku_ti_bandzakany_a	PossConc10_OC15_ReflPre_VRoot_VerbTerm	PossConc8_OC15_ReflPre_VRoot_VerbTerm	PossConc10_OC15_ReflPre_VRoot_VerbTerm	PossConc8_OC15_ReflPre_VRoot_VerbTerm
-	Punc	Punc	Punc	Punc
loku	Dem15_Pos1		Dem15_Pos1	
ku_fak_a	SC15_VRoot_VerbTerm	BPre15_VRoot_VerbTerm	SC15_VRoot_VerbTerm	SC15_VRoot_VerbTerm
e_khatsi	LocPre_Adv	LocPre_Adv	LocPre_Adv	LocPre_Adv
ba_sebenti	BPre2_NStem	BPre2_NStem	BPre2_NStem	BPre2_NStem
,	Punc	Punc	Punc	Punc
si_khatsi	BPre7_NStem	BPre7_NStem	BPre7_NStem	BPre7_NStem
ne_ti_mali	AdvPre_NPre10_NStem	AdvPre_NPre10_NStem	AdvPre_NPre10_NStem	AdvPre_BPre10_NStem
.	Punc	Punc	Punc	Punc
ku_bamb_a	BPre15_VRoot_VerbTerm	BPre15_VRoot_VerbTerm	BPre15_VRoot_VerbTerm	BPre15_VRoot_VerbTerm
i_mi_hlangano	NPrePre4_BPre4_NStem	NPrePre4_BPre4_NStem	NPrePre4_BPre4_NStem	NPrePre4_BPre4_NStem
njalo	Adv	Adv	Adv	Adv
,	Punc	Punc	Punc	Punc
ku_ent_a	BPre15_VRoot_VerbTerm	BPre15_VRoot_VerbTerm	BPre15_VRoot_VerbTerm	BPre15_VRoot_VerbTerm
i_mi_tamo	NPrePre4_BPre4_NStem	NPrePre4_BPre4_NStem	NPrePre4_BPre4_NStem	NPrePre4_BPre4_NStem
ya_ku_hlangan_a	PossConc4_OC15_VRoot_VerbTerm	PossConc9_OC15_VRoot_VerbTerm	PossConc4_OC15_VRoot_VerbTerm	PossConc9_OC15_VRoot_VerbTerm
na_laba_m_el_e	AdvPre_RelConc2_VRoot_ApplExt_VerbTerm	AdvPre_RelConc2_VRoot_ApplExt_VerbTerm	AdvPre_RelConc2_VRoot_ApplExt_VerbTerm	AdvPre_RelConc2_VRoot_VerbTerm
u_mu_mango	NPrePre3_BPre3_NStem	NPrePre3_BPre3_NStem	NPrePre3_BPre3_NStem	NPrePre3_BPre3_NStem
kanye	Conj	Conj	Conj	Conj
na_ku_khulum_is_an_a	AdvPre_OC15_VRoot_CausExt_RecipExt_VerbTerm	AdvPre_OC15_VRoot_CausExt_RecipExt_VerbTerm	AdvPre_OC15_VRoot_CausExt_RecipExt_VerbTerm	AdvPre_BPre15_VRoot_CausExt_RecipExt_VerbTerm
na_e_ma_lunga	AdvPre_NPrePre6_BPre6_NStem	AdvPre_NPrePre6_BPre6_NStem	AdvPre_NPrePre6_BPre6_NStem	AdvPre_NPrePre6_BPre6_NStem
khona	Adv	Adv	Adv	Adv
ku_tewu_lalel_w_a	SC15_Fut_VRoot_PassExt_VerbTerm	SC15_Fut_VRoot_PassExt_VerbTerm	SC15_Fut_VRoot_PassExt_VerbTerm	SC15_Fut_VRoot_PassExt_VerbTerm
ti_dzingo	BPre8_NStem	BPre8_NStem	BPre8_NStem	BPre8_NStem
na_tin_dzaba	AdvPre_BPre10_NStem	AdvPre_BPre10_NStem	AdvPre_BPre10_NStem	AdvPre_BPre10_NStem
leti_tsints_a	RelConc10_VRoot_VerbTerm	RelConc10_VRoot_VerbTerm	RelConc10_VRoot_VerbTerm	RelConc10_VRoot_VerbTerm
u_mu_mango	NPrePre3_BPre3_NStem	NPrePre3_BPre3_NStem	NPrePre3_BPre3_NStem	NPrePre3_BPre3_NStem
ku_tsats_a	BPre15_VRoot_VerbTerm	BPre15_VRoot_VerbTerm	BPre15_VRoot_VerbTerm	BPre15_VRoot_VerbTerm
si_khatsi	BPre7_NStem	BPre7_NStem	BPre7_NStem	BPre7_NStem
.	Punc	Punc	Punc	Punc
li_nyenti	AdjPref5_AdjStem	AdjPref5_AdjStem	AdjPref5_AdjStem	AdjPref5_AdjStem
la_e_ma_lunga	PossConc5_NPrePre6_BPre6_NStem	PossConc5_NPrePre6_BPre6_NStem	PossConc5_NPrePre6_BPre6_NStem	PossConc5_BPre6_NStem
a_ma_komidi	PossConc6_BPre6_NStem	PossConc6_BPre6_NStem	PossConc6_BPre6_NStem	NPrePre6_BPre6_NStem
a_ma_wadi	PossConc6_BPre6_NStem	PossConc6_BPre6_NStem	PossConc6_BPre6_NStem	NPrePre6_BPre6_NStem
kanye	Conj	Conj	Conj	Conj
na_ma_khansela	AdvPre_BPre6_NStem	AdvPre_BPre6_NStem	AdvPre_BPre6_NStem	AdvPre_BPre6_NStem
e_si_khatsi_ini	LocPre_BPre7_NStem_LocSuf	LocPre_BPre7_NStem_LocSuf	LocPre_BPre7_NStem_LocSuf	LocPre_BPre7_NStem_LocSuf
e_si_khatsi_ini	LocPre_BPre7_NStem_LocSuf	LocPre_BPre7_NStem_LocSuf	LocPre_BPre7_NStem_LocSuf	LocPre_BPre7_NStem_LocSuf
ku_mel_e	SC15_VRoot_VerbTerm	SC15_VRoot_VerbTerm	SC15_VRoot_VerbTerm	SC15_VRoot_VerbTerm
ba_ent_e	SC2_VRoot_VerbTerm	SC2_VRoot_VerbTerm	SC2_VRoot_VerbTerm	SC2_VRoot_VerbTerm
si_khatsi	BPre7_NStem	BPre7_NStem	BPre7_NStem	BPre7_NStem
nga_muva	CopPre_NStem	AdvPre_Adv	CopPre_NStem	AdvPre_Adv
kwa_e_ma_awa	PossConc15_NPrePre6_BPre6_NStem	PossConc15_NPrePre6_BPre6_NStem	PossConc15_NPrePre6_BPre6_NStem	PossConc15_NPrePre6_BPre6_NStem
a_ku_sebent_a	PossConc6_OC15_VRoot_VerbTerm	PossConc6_OC15_VRoot_VerbTerm	PossConc6_OC15_VRoot_VerbTerm	LocPre_BPre15_VRoot_VerbTerm
la_ta_yelek_ile	PossConc5_Fut_VRoot_Perf	PossConc5_Fut_VRoot_Perf	PossConc5_Fut_VRoot_Perf	RelConc6_VRoot_NeutExt_Perf
.	Punc	Punc	Punc	Punc
e_ma_lunga	NPrePre6_BPre6_NStem	NPrePre6_BPre6_NStem	NPrePre6_BPre6_NStem	NPrePre6_BPre6_NStem
e_ma_komidi	NPrePre6_BPre6_NStem	NPrePre6_BPre6_NStem	NPrePre6_BPre6_NStem	NPrePre6_BPre6_NStem
a_ma_wadi	PossConc6_BPre6_NStem	PossConc6_BPre6_NStem	PossConc6_BPre6_NStem	NPrePre6_BPre6_NStem
ku_nga_ent_ek_a	SC15_Pot_VRoot_NPas_VerbTerm	SC15_Pot_VRoot_NPas_VerbTerm	SC15_Pot_VRoot_NPas_VerbTerm	SC15_Pot_VRoot_NPas_VerbTerm
ba_dzing_e	SC2_VRoot_VerbTerm	SC2_VRoot_VerbTerm	SC2_VRoot_VerbTerm	SC2_VRoot_VerbTerm
ku_buk_a	BPre15_VRoot_VerbTerm	BPre15_VRoot_VerbTerm	BPre15_VRoot_VerbTerm	BPre15_VRoot_VerbTerm
ku_fak_w_a	BPre15_VRoot_PassExt_VerbTerm	BPre15_VRoot_PassExt_VerbTerm	BPre15_VRoot_PassExt_VerbTerm	BPre15_VRoot_PassExt_VerbTerm
kwa_tin_hlelo	PossConc15_BPre10_NStem	PossConc15_BPre10_NStem	PossConc15_BPre10_NStem	PossConc15_BPre10_NStem
leti_finyelel_a	RelConc10_VRoot_VerbTerm	RelConc10_VRoot_VerbTerm	RelConc10_VRoot_VerbTerm	RelConc10_VRoot_VerbTerm
e_u_mu_mango_ini	LocPre_NPrePre3_BPre3_NStem_LocSuf	LocPre_NPrePre3_BPre3_NStem_LocSuf	LocPre_NPrePre3_BPre3_NStem_LocSuf	LocPre_NPrePre3_BPre3_NStem_LocSuf
e_lu_hlelo_ini	LocPre_BPre11_NStem_LocSuf	LocPre_BPre11_NStem_LocSuf	LocPre_BPre11_NStem_LocSuf	LocPre_BPre11_NStem_LocSuf
lwa_ku_tfutfuk_is_a	PossConc11_OC15_VRoot_CausExt_VerbTerm	PossConc11_OC15_VRoot_CausExt_VerbTerm	PossConc11_OC15_VRoot_CausExt_VerbTerm	PossConc11_OC15_VRoot_CausExt_VerbTerm
lolu_bumban_ile	RelConc11_VRoot_Perf	RelConc11_VRoot_Perf	RelConc11_VRoot_Perf	RelConc11_VRoot_RecipExt_Perf
nobe	Conj	Conj	Conj	Conj
ku_lemi_nye	LocPre_AdjPref4_AdjStem	LocPre_AdjPref4_AdjStem	LocPre_AdjPref4_AdjStem	LocPre_AdjPref4_AdjStem
i_mi_combelelotimali	NPrePre4_BPre4_NStem	NPrePre4_BPre4_NStem	NPrePre4_BPre4_NStem	NPrePre4_BPre4_NStem
.	Punc	Punc	Punc	Punc
u_m_hlangano	NPrePre3_BPre3_NStem	NPrePre3_BPre3_NStem	NPrePre3_BPre3_NStem	NPrePre3_BPre3_NStem
we_li_cembu	PossConc3_BPre5_NStem	PossConc3_NPre5_NStem	PossConc3_BPre5_NStem	PossConc3_BPre5_NStem
we_ma_awa	CopPre_BPre6_NStem	PossConc3_BPre6_NStem	CopPre_BPre6_NStem	PossConc3_NPrePre6_BPre6_NStem
lama_bili	AdjPref6_AdjStem	AdjPref6_AdjStem	AdjPref6_AdjStem	AdjPref6_AdjStem
na_ba_chubisifundvo	AdvPre_BPre2_NStem	AdvPre_BPre2_NStem	AdvPre_BPre2_NStem	AdvPre_BPre2_NStem
ba_CBP	PossConc2_Abbr	PossConc2_Abbr	PossConc2_Abbr	PossConc2_Abbr
,	Punc	Punc	Punc	Punc
e_ma_lunga	NPrePre6_BPre6_NStem	NPrePre6_BPre6_NStem	NPrePre6_BPre6_NStem	NPrePre6_BPre6_NStem
a_li_komidi	PossConc6_BPre5_NStem	PossConc6_BPre5_NStem	PossConc6_BPre5_NStem	PossConc6_BPre5_NStem
leli_wadi	RelConc5_NStem	RelConc5_NStem	RelConc5_NStem	PossConc5_BPre5_NStem
kanye	Adv	Adv	Adv	Conj
ne_ma_cembu	AdvPre_BPre6_NStem	AdvPre_BPre6_NStem	AdvPre_BPre6_NStem	AdvPre_BPre6_NStem
la_sebent_a_ko	PossConc5_VRoot_VerbTerm_RelSuf	RelConc6_VRoot_VerbTerm_RelSuf	PossConc5_VRoot_VerbTerm_RelSuf	PossConc5_VRoot_VerbTerm_RelSuf
la_sukuny_is_el_w_e	PossConc5_VRoot_CausExt_ApplExt_PassExt_VerbTerm	PossConc5_VRoot_CausExt_ApplExt_PassExt_VerbTerm	PossConc5_VRoot_CausExt_ApplExt_PassExt_VerbTerm	PossConc5_VRoot_CausExt_ApplExt_PassExt_VerbTerm
lowo	Dem3_Pos2		Dem3_Pos2	
na_lowo	AdvPre_Dem3_Pos2	AdvPre	AdvPre_Dem3_Pos2	AdvPre
mu_phumela	BPre3_NStem	BPre3_NStem	BPre3_NStem	BPre3_NStem
.	Punc	Punc	Punc	Punc
ku_le_mi_nyaka	LocPre_Dem4_Pos1_BPre4_NStem	LocPre_Pos1_BPre4	LocPre_Dem4_Pos1_BPre4_NStem	LocPre_Pos1_BPre4
lesi_hlanu	AdjPref7_AdjStem	AdjPref7_AdjStem	AdjPref7_AdjStem	AdjPref7_AdjStem
le_ye_ngc_ile	RelConc9_Pres_VRoot_Perf	RelConc9_Pres_VRoot_Perf	RelConc9_Pres_VRoot_Perf	RelConc9_Pres_VRoot_Perf
,	Punc	Punc	Punc	Punc
i_m_phahla	NPrePre9_BPre3_NStem	NPrePre9_BPre3_NStem	NPrePre9_BPre3_NStem	NPrePre9_BPre3_NStem
le_tfum_el_w_a	RelConc9_VRoot_ApplExt_PassExt_VerbTerm	PossConc5_VRoot_ApplExt_PassExt_VerbTerm	RelConc9_VRoot_ApplExt_PassExt_VerbTerm	PossConc5_VRoot_ApplExt_PassExt_VerbTerm
yi_ningizimu	CopPre_NStem	CopPre_NStem	CopPre_NStem	CopPre_NStem
Afrika	ProperName	ProperName	ProperName	ProperName
e_ma_ve_ini	LocPre_BPre6_NStem_LocSuf	LocPre_BPre6_NStem_LocSuf	LocPre_BPre6_NStem_LocSuf	LocPre_BPre6_NStem_LocSuf
la_ne_mi_notfo	PossConc5_AdvPre_BPre4_NStem	PossConc5_AdvPre_BPre4_NStem	PossConc5_AdvPre_BPre4_NStem	RelConc6_AdvPre_BPre4_NStem
le_s_e_mbili	RelConc4_PreLoc-s_LocPre_NStem	RelConc4_PreLoc-s_LocPre_NStem	RelConc4_PreLoc-s_LocPre_NStem	RelConc4_PreLoc-s_LocPre_NStem
i_ehl_ile	SC9_VRoot_Perf	SC4_VRoot_Perf	SC9_VRoot_Perf	SC4_VRoot_Perf
ngenca	Conj	Conj	Conj	AdvPre_NPrePre9_BPre9_NStem
ya_si_dzingo	PossConc9_BPre7_NStem	PossConc9_BPre7_NStem	PossConc9_BPre7_NStem	PossConc9_BPre7_NStem
lesi_phasi	RelConc7_Adv	RelConc7_NStem	RelConc7_Adv	RelConc7_Adv
.	Punc	Punc	Punc	Punc
lo_kwe_hl_a	PossConc5_BPre15_VRoot_VerbTerm	Pos1_BPre15_VRoot	PossConc5_BPre15_VRoot_VerbTerm	RelConc15_VRoot_VerbTerm
ku_ncesitel_is_w_a	SC15_VRoot_CausExt_PassExt_VerbTerm	SC15_VRoot_CausExt_PassExt_VerbTerm	SC15_VRoot_CausExt_PassExt_VerbTerm	BPre15_VRoot_CausExt_PassExt_VerbTerm
ku_andz_a	BPre15_VRoot_VerbTerm	BPre15_VRoot_VerbTerm	BPre15_VRoot_VerbTerm	BPre15_VRoot_VerbTerm
kwe_si_dzingo	PossConc15_BPre7_NStem	PossConc15_BPre7_NStem	PossConc15_BPre7_NStem	PossConc15_BPre7_NStem
sa_s_e_Eshiya	PossConc7_PreLoc-s_LocPre_ProperName	PossConc7_PreLoc-s_LocPre_ProperName	PossConc7_PreLoc-s_LocPre_ProperName	PossConc7_PreLoc-s_LocPre_NStem
kanye	Adv	Conj	Adv	Conj
na_ma_nani	AdvPre_BPre6_NStem	AdvPre_BPre6_NStem	AdvPre_BPre6_NStem	AdvPre_BPre6_NStem
e_in_phahla	PossConc6_BPre9_NStem	LocPre_BPre9_NStem	PossConc6_BPre9_NStem	LocPre_BPre3_NStem
la_s_e_tulu	PossConc5_PreLoc-s_LocPre_NStem	PossConc5_PreLoc-s_LocPre_NStem	PossConc5_PreLoc-s_LocPre_NStem	PossConc5_PreLoc-s_LocPre_NStem
.	Punc	Punc	Punc	Punc
njengobe	Adv	Conj	Adv	Conj
i_Ningizimu	BPre9_ProperName	BPre9_ProperName	BPre9_ProperName	BPre9_NStem
Afrika	ProperName	ProperName	ProperName	ProperName
i_gcin_e	SC9_VRoot_VerbTerm	SC9_VRoot_VerbTerm	SC9_VRoot_VerbTerm	SC9_VRoot_VerbTerm
ku_hweb_el_an_a	BPre15_VRoot_ApplExt_RecipExt_VerbTerm	BPre15_VRoot_ApplExt_RecipExt_VerbTerm	BPre15_VRoot_ApplExt_RecipExt_VerbTerm	BPre15_VRoot_ApplExt_RecipExt_VerbTerm
ku_s_e_si_mo_ini	LocPre_PreLoc-s_LocPre_BPre7_NStem_LocSuf	BPre15_PreLoc-s_LocPre_BPre7_NStem_LocSuf	LocPre_PreLoc-s_LocPre_BPre7_NStem_LocSuf	BPre15_PreLoc-s_LocPre_NStem_LocSuf
se_ku_lingana	PossConc7_BPre15_NStem	PossConc7_BPre15_NStem	PossConc7_BPre15_NStem	PossConc7_BPre15_VRoot_VerbTerm
loku_ka_hle	RelConc15_AdvPre_AdjStem	RelConc15_AdvPre_AdjStem	RelConc15_AdvPre_AdjStem	RelConc15_AdvPre_AdjStem
,	Punc	Punc	Punc	Punc
nga_i_n_nca	AdvPre_NPrePre9_BPre9_NStem	AdvPre_NPrePre9_BPre9_NStem	AdvPre_NPrePre9_BPre9_NStem	AdvPre_NPrePre9_BPre9_NStem
ya_ma_nani	PossConc9_BPre6_NStem	PossConc9_BPre6_NStem	PossConc9_BPre6_NStem	PossConc4_NPrePre6_BPre6_NStem
e_m_phahla	LocPre_BPre3_NStem	LocPre_BPre3_NStem	LocPre_BPre3_NStem	LocPre_BPre3_NStem
la_s_e_tulu	PossConc5_PreLoc-s_LocPre_NStem	PossConc5_PreLoc-s_LocPre_NStem	PossConc5_PreLoc-s_LocPre_NStem	PossConc5_PreLoc-s_LocPre_NStem
,	Punc	Punc	Punc	Punc
ku_si_mo	LocPre_BPre7_NStem	LocPre_BPre7_NStem	LocPre_BPre7_NStem	LocPre_BPre7_NStem
lesi_khatsat_a_ko	RelConc7_VRoot_VerbTerm_RelSuf	RelConc7_VRoot_VerbTerm_RelSuf	RelConc7_VRoot_VerbTerm_RelSuf	RelConc7_VRoot_VerbTerm_RelSuf
kutsi	Conj	Conj	Conj	Conj
i_m_phahla	NPrePre9_BPre3_NStem	NPrePre9_BPre3_NStem	NPrePre9_BPre3_NStem	NPrePre9_BPre3_NStem
le_tfum_el_w_a	RelConc9_VRoot_ApplExt_PassExt_VerbTerm	PossConc5_VRoot_ApplExt_PassExt_VerbTerm	RelConc9_VRoot_ApplExt_PassExt_VerbTerm	PossConc5_VRoot_ApplExt_PassExt_VerbTerm
nga_phandle	AdvPre_Adv	AdvPre_Adv	AdvPre_Adv	AdvPre_Adv
le_bit_a	RelConc9_VRoot_VerbTerm	RelConc9_VRoot_VerbTerm	RelConc9_VRoot_VerbTerm	RelConc9_VRoot_VerbTerm
ka_khulu	AdvPre_AdjStem	AdvPre_AdjStem	AdvPre_AdjStem	AdvPre_AdjStem
na_le_dzing_a	AdvPre_RelConc9_VRoot_VerbTerm	AdvPre_RelConc9_VRoot_VerbTerm	AdvPre_RelConc9_VRoot_VerbTerm	AdvPre_RelConc9_VRoot_VerbTerm
ti_sebenti	BPre8_NStem	BPre8_NStem	BPre8_NStem	BPre8_NStem
leti_nyenti	AdjPref10_AdjStem	AdjPref10_AdjStem	AdjPref10_AdjStem	AdjPref10_AdjStem
i_ya_ehl_a	SC9_Pres_VRoot_VerbTerm	SC4_Pres_VRoot_VerbTerm	SC9_Pres_VRoot_VerbTerm	SC4_Pres_VRoot_VerbTerm
.	Punc	Punc	Punc	Punc
ti_ncumo	BPre8_NStem	BPre8_NStem	BPre8_NStem	BPre8_NStem
le_ku_nga_ka_bon_is_an_w_a	RelConc8_SC15_NegPre_ExclNeg_VRoot_CausExt_RecipExt_PassExt_VerbTerm	PossConc5_OC15_NegPre_ExclNeg_VRoot_CausExt_RecipExt_PassExt_VerbTerm	RelConc8_SC15_NegPre_ExclNeg_VRoot_CausExt_RecipExt_PassExt_VerbTerm	RelConc15_NegPre_ExclNeg_VRoot_CausExt_RecipExt_PassExt_VerbTerm
nga_to	AdvPre_PronStem10	AdvPre_PronStem10	AdvPre_PronStem10	AdvPre_PronStem10
-	Punc	Punc	Punc	Punc
ti_ncumo	BPre8_NStem	BPre8_NStem	BPre8_NStem	BPre8_NStem
ti_tsats_w_a	SC8_VRoot_PassExt_VerbTerm	SC8_VRoot_PassExt_VerbTerm	SC8_VRoot_PassExt_VerbTerm	SC10_VRoot_PassExt_VerbTerm
nga_phandle	AdvPre_Adv	AdvPre_Adv	AdvPre_Adv	AdvPre_Adv
kwa_ku_tfol_a	PossConc15_BPre15_VRoot_VerbTerm	PossConc15_OC15_VRoot_VerbTerm	PossConc15_BPre15_VRoot_VerbTerm	PossConc15_OC15_VRoot_VerbTerm
i_mi_bono	NPrePre4_BPre4_NStem	NPrePre4_BPre4_NStem	NPrePre4_BPre4_NStem	NPrePre4_BPre4_NStem
ya_u_mu_mango	PossConc9_NPrePre3_BPre3_NStem	PossConc9_NPrePre3_BPre3_NStem	PossConc9_NPrePre3_BPre3_NStem	PossConc9_NPrePre3_BPre3_NStem
.	Punc	Punc	Punc	Punc
nga_kwa_si_bonelo	AdvPre_PossConc15_BPre7_NStem	AdvPre_PossConc15_BPre7_NStem	AdvPre_PossConc15_BPre7_NStem	AdvPre_PossConc15_BPre7_NStem
,	Punc	Punc	Punc	Punc
i_n_hlangano	NPrePre9_BPre9_NStem	NPrePre9_BPre9_NStem	NPrePre9_BPre9_NStem	NPrePre9_BPre9_NStem
nobe	Conj	Conj	Conj	Conj
i_n_kampani	NPrePre9_BPre9_NStem	NPrePre9_BPre9_NStem	NPrePre9_BPre9_NStem	NPre9_NStem
nobe	Conj	Conj	Conj	Conj
um_mkhandlu	NPre3_NStem	NPre3_NStem	NPre3_NStem	NPrePre3_BPre3_NStem
u_ts_i	SC1_VRoot_VerbTerm	SC3_VRoot_VerbTerm	SC1_VRoot_VerbTerm	SC3_VRoot_VerbTerm
u_bonisan_ile	SC3_VRoot_Perf	SC3_VRoot_Perf	SC3_VRoot_Perf	SC1a_VRoot_CausExt_RecipExt_Perf
na_u_m_mango	AdvPre_NPrePre1a_BPre1a_NStem	AdvPre_NPrePre1a_BPre1a_NStem	AdvPre_NPrePre1a_BPre1a_NStem	AdvPre_NPrePre1a_BPre1a_NStem
nekutsi	Conj	Conj	Conj	AdvPre_Conj
u_mu_mango	NPrePre3_BPre3_NStem	NPrePre3_BPre3_NStem	NPrePre3_BPre3_NStem	NPrePre3_BPre3_NStem
u_vum_ile	SC3_VRoot_Perf	SC3_VRoot_Perf	SC3_VRoot_Perf	SC3_VRoot_Perf
kantsi	Conj	Conj	Conj	Conj
loku_ent_ek_ile	RelConc15_VRoot_NeutExt_Perf	RelConc15_VRoot_NeutExt_Perf	RelConc15_VRoot_NeutExt_Perf	RelConc15_VRoot_NeutExt_Perf
ngu_kutsi	CopPre_Conj	CopPre_Conj	CopPre_Conj	CopPre_Conj
ba_ntfu	BPre2_NStem	BPre2_NStem	BPre2_NStem	BPre2_NStem
ba_vel_e	SC2_VRoot_VerbTerm	SC2_VRoot_VerbTerm	SC2_VRoot_VerbTerm	SC2_VRoot_VerbTerm
ba_tjel_w_a	SC2_VRoot_PassExt_VerbTerm	SC2_VRoot_PassExt_VerbTerm	SC2_VRoot_PassExt_VerbTerm	BPre2_NStem
nje	Adv	Adv	Adv	Adv
kutsi	Conj	Conj	Conj	Conj
ku_na_si_ehlakalo	BPre15_AdvPre_BPre7_NStem	BPre15_AdvPre_BPre7_NStem	BPre15_AdvPre_BPre7_NStem	BPre15_AdvPre_BPre7_NStem
lesi_tsite	RelConc7_RelStem	RelConc7_RelStem	RelConc7_RelStem	RelConc7_RelStem
lesi_ent_ek_a_ko	RelConc7_VRoot_NeutExt_VerbTerm_RelSuf	RelConc7_VRoot_NeutExt_VerbTerm_RelSuf	RelConc7_VRoot_NeutExt_VerbTerm_RelSuf	RelConc7_VRoot_NeutExt_VerbTerm_RelSuf
.	Punc	Punc	Punc	Punc
li_komidi	CopPre_NStem	BPre5_NStem	CopPre_NStem	BPre5_NStem
le_li_wadi	Dem4_Pos1_BPre5_NStem	PossConc5_BPre5_NStem	Dem4_Pos1_BPre5_NStem	PossConc5_BPre5_NStem
li_akh_iw_e	SC2_VRoot_VerbExt_VerbTerm	SC2_VRoot_VerbExt_VerbTerm	SC2_VRoot_VerbExt_VerbTerm	SC2_VRoot_VerbExt_VerbTerm
nga_e_ma_lunga	CopPre_NPrePre6_BPre6_NStem	AdvPre_NPrePre6_BPre6_NStem	CopPre_NPrePre6_BPre6_NStem	AdvPre_NPrePre6_BPre6_NStem
a_u_mu_mango	PossConc6_NPrePre3_BPre3_NStem	PossConc6_NPrePre3_BPre3_NStem	PossConc6_NPrePre3_BPre3_NStem	PossConc6_NPrePre3_BPre3_NStem
e_wadi	LocPre_NStem	LocPre_NStem	LocPre_NStem	LocPre_NStem
ya_masipala	PossConc4_NStem	PossConc9_NStem	PossConc4_NStem	PossConc4_NStem
wa_i_n_dzawo	PossConc1_NPrePre9_BPre9_NStem	PossConc1_NPrePre9_BPre9_NStem	PossConc1_NPrePre9_BPre9_NStem	PossConc3_NPre9_NStem
nobe	Conj	Conj	Conj	Conj
ku_masipala	LocPre_NStem	LocPre_NStem	LocPre_NStem	LocPre_NStem
wa_i_n_dzawo	PossConc1_NPrePre9_BPre9_NStem	PossConc1_NPrePre9_BPre9_NStem	PossConc1_NPrePre9_BPre9_NStem	PossConc3_NPre9_NStem
nobe	Conj	Conj	Conj	Conj
w_e_metro	PossConc3_LocPre_NStem	CopPre_LocPre_NStem	PossConc3_LocPre_NStem	PossConc3_NStem
.	Punc	Punc	Punc	Punc
nge_ma_komidi	AdvPre_BPre6_NStem	AdvPre_BPre6_NStem	AdvPre_BPre6_NStem	CopPre_BPre6_NStem
e_ku_elulek_a	LocPre_OC15_VRoot_VerbTerm	LocPre_BPre15_VRoot_VerbTerm	LocPre_OC15_VRoot_VerbTerm	LocPre_BPre15_VRoot_VerbTerm
la_nga_ent_a	PossConc5_AdvPre_VRoot_VerbTerm	RelConc6_Pot_VRoot_VerbTerm	PossConc5_AdvPre_VRoot_VerbTerm	RelConc6_Pot_VRoot_VerbTerm
ti_phakamisonome	CopPre_NStem	BPre8_NStem	CopPre_NStem	BPre8_NStem
nga_leti_nye	AdvPre_AdjPref10_AdjStem	AdvPre_AdjPref10_AdjStem	AdvPre_AdjPref10_AdjStem	AdvPre_AdjPref10_AdjStem
tin_dzaba	BPre10_NStem	BPre10_NStem	BPre10_NStem	BPre10_NStem
leti_tsints_a	RelConc10_VRoot_VerbTerm	RelConc10_VRoot_VerbTerm	RelConc10_VRoot_VerbTerm	RelConc10_VRoot_VerbTerm
li_wadi	BPre5_NStem	BPre5_NStem	BPre5_NStem	BPre5_NStem
.	Punc	Punc	Punc	Punc
a_bek_w_a	SC6_VRoot_PassExt_VerbTerm	SC6_VRoot_PassExt_VerbTerm	SC6_VRoot_PassExt_VerbTerm	SC6_VRoot_PassExt_VerbTerm
kute	Conj	Conj	Conj	Conj
ku_andz_is_w_a	SC15_VRoot_CausExt_PassExt_VerbTerm	SC15_VRoot_CausExt_PassExt_VerbTerm	SC15_VRoot_CausExt_PassExt_VerbTerm	SC15_VRoot_CausExt_PassExt_VerbTerm
ku_bandzakany_ek_a	BPre15_VRoot_NeutExt_VerbTerm	BPre15_VRoot_NeutExt_VerbTerm	BPre15_VRoot_NeutExt_VerbTerm	BPre15_VRoot_NeutExt_VerbTerm
kwe_ba_hlali	PossConc15_BPre2_NStem	PossConc15_BPre2_NStem	PossConc15_BPre2_NStem	PossConc15_BPre2_NStem
e_wadi_ini	LocPre_NStem_LocSuf	LocPre_NStem_LocSuf	LocPre_NStem_LocSuf	LocPre_NStem_LocSuf
la_bo	PossConc5_PronStem2	PossConc5_PronStem2	PossConc5_PronStem2	PossConc5_PronStem2
e_ku_tsats_w_ini	LocPre_BPre15_VRoot_PassExt_LocSuf	LocPre_BPre15_VRoot_PassExt_LocSuf	LocPre_BPre15_VRoot_PassExt_LocSuf	LocPre_BPre15_VRoot_PassExt_VerbTerm_LocSuf
kwa_ti_ncumo	PossConc15_BPre8_NStem	PossConc15_BPre8_NStem	PossConc15_BPre8_NStem	PossConc15_BPre10_NStem
t_e_intsandvo	PossConc8_LocPre_NStem	PossConc8_LocPre_NStem	PossConc8_LocPre_NStem	PossConc10_NPre9_NStem
ya_li_nyenti	PossConc4_BPre5_AdjStem	PossConc9_BPre5_AdjStem	PossConc4_BPre5_AdjStem	PossConc9_BPre5_AdjStem
kute	Conj	Conj	Conj	Conj
ba_tewu_faka	NPre2_Fut_NStem	BPre2_Fut_NStem	NPre2_Fut_NStem	SC2_Fut_VRoot_VerbTerm
si_andla	NPre7_NStem	NPre7_NStem	NPre7_NStem	NPre7_NStem
e_tin_dzaba_ini	LocPre_BPre10_NStem_LocSuf	LocPre_BPre10_NStem_LocSuf	LocPre_BPre10_NStem_LocSuf	LocPre_BPre10_NStem_LocSuf
leti_tsints_a	RelConc10_VRoot_VerbTerm	RelConc10_VRoot_VerbTerm	RelConc10_VRoot_VerbTerm	RelConc10_VRoot_VerbTerm
ku_phil_a	BPre15_VRoot_VerbTerm	BPre15_VRoot_VerbTerm	BPre15_VRoot_VerbTerm	BPre15_VRoot_VerbTerm
kwa_bo	PossConc15_PronStem2	PossConc15_PronStem2	PossConc15_PronStem2	PossConc15_PronStem2
kwe_ma_langa	PossConc15_BPre6_NStem	PossConc15_BPre6_NStem	PossConc15_BPre6_NStem	PossConc15_NPrePre6_BPre6_NStem
o_nkhe	QuantConc6_QuantStem	QuantConc6_QuantStem	QuantConc6_QuantStem	QuantConc6_QuantStem
.	Punc	Punc	Punc	Punc
ku_lesi_gaba	LocPre_Dem7_Pos1_NStem	LocPre_Pos1	LocPre_Dem7_Pos1_NStem	LocPre_Pos1
lesi	Dem7_Pos1		Dem7_Pos1	
u_mu_ehluleli	NPrePre1a_BPre1_NStem	NPrePre1_BPre1_NStem	NPrePre1a_BPre1_NStem	NPrePre1_BPre1_NStem
u_mem_a	SC1_VRoot_VerbTerm	SC1_VRoot_VerbTerm	SC1_VRoot_VerbTerm	SC1a_VRoot_VerbTerm
nga_li_nye	AdvPre_AdjPref5_AdjStem	AdvPre_AdjPref5_AdjStem	AdvPre_AdjPref5_AdjStem	AdvPre_AdjPref5_AdjStem
la_e_ma_cembu	PossConc5_NPrePre6_BPre6_NStem	PossConc5_NPrePre6_BPre6_NStem	PossConc5_NPrePre6_BPre6_NStem	BPre6_BPre6
la_ti_mbandzakany_ile	RelConc6_OC8_VRoot_Perf	RelConc6_SC8_VRoot_Perf	RelConc6_OC8_VRoot_Perf	PossConc5_OC10_VRoot_Perf
kutsi	Conj	Conj	Conj	Conj
a_etful_e	SC6_VRoot_VerbTerm	SC6_VRoot_VerbTerm	SC6_VRoot_VerbTerm	SC6_VRoot_VerbTerm
lu_hlangotsi	BPre11_NStem	BPre11_NStem	BPre11_NStem	BPre11_NStem
lwa_ka_bo	PossConc11_PossConc15_PronStem2	PossConc11_AdvPre_PronStem2	PossConc11_PossConc15_PronStem2	PossConc11_AdvPre_PronStem2
lwa_n_dzaba	PossConc11_BPre9_NStem	PossConc11_BPre9_NStem	PossConc11_BPre9_NStem	PossConc11_NPre9_NStem
.	Punc	Punc	Punc	Punc
li_tsimba	BPre5_NStem	BPre5_NStem	BPre5_NStem	BPre5_NStem
leku_fundz_is_a	RelConc15_VRoot_CausExt_VerbTerm	RelConc15_VRoot_CausExt_VerbTerm	RelConc15_VRoot_CausExt_VerbTerm	RelConc15_VRoot_CausExt_VerbTerm
ku_mel_e	SC15_VRoot_VerbTerm	SC15_VRoot_VerbTerm	SC15_VRoot_VerbTerm	SC15_VRoot_VerbTerm
li_phindz_e	SC5_VRoot_VerbTerm	SC5_VRoot_VerbTerm	SC5_VRoot_VerbTerm	SC5_VRoot_VerbTerm
li_fak_e	SC5_VRoot_VerbTerm	SC5_VRoot_VerbTerm	SC5_VRoot_VerbTerm	SC5_VRoot_VerbTerm
e_khatsi	LocPre_Adv	LocPre_Adv	LocPre_Adv	LocPre_Adv
e_ma_khansela	NPre6_BPre6_NStem	NPrePre6_BPre6_NStem	NPre6_BPre6_NStem	NPrePre6_BPre6_NStem
a_in_dzawo	PossConc6_NPre9_NStem	PossConc6_NPre9_NStem	PossConc6_NPre9_NStem	PossConc6_NPre9_NStem
,	Punc	Punc	Punc	Punc
la_ma_nye	RelConc6_BPre6_EnumStem	PossConc5_AdjPref6_AdjStem	RelConc6_BPre6_EnumStem	PossConc5_AdjPref6_AdjStem
e_ma_lunga	NPrePre6_BPre6_NStem	NPrePre6_BPre6_NStem	NPrePre6_BPre6_NStem	NPrePre6_BPre6_NStem
a_li_komidi	PossConc6_BPre5_NStem	PossConc6_BPre5_NStem	PossConc6_BPre5_NStem	PossConc6_BPre5_NStem
le_li_wadi	PossConc5_BPre5_NStem	PossConc5_BPre5_NStem	PossConc5_BPre5_NStem	PossConc5_BPre5_NStem
,	Punc	Punc	Punc	Punc
kanye	Conj	Adv	Conj	Conj
na_ti_phatsimandla	AdvPre_BPre8_NStem	AdvPre_BPre8_NStem	AdvPre_BPre8_NStem	AdvPre_BPre8_NStem
ta_si_thekiniki	PossConc8_BPre7_NStem	PossConc10_BPre7_NStem	PossConc8_BPre7_NStem	PossConc10_BPre7_NStem
leti_nga_sit_a	RelConc8_Pot_VRoot_VerbTerm	RelConc10_Pot_VRoot_VerbTerm	RelConc8_Pot_VRoot_VerbTerm	RelConc10_Pot_VRoot_VerbTerm
nga_i_si_khatsi	AdvPre_NPrePre7_BPre7_NStem	AdvPre_NPrePre7_BPre7_NStem	AdvPre_NPrePre7_BPre7_NStem	AdvPre_NPrePre7_BPre7_NStem
sa_i_n_chubo	PossConc7_NPrePre9_BPre9_NStem	PossConc7_NPrePre9_BPre9_NStem	PossConc7_NPrePre9_BPre9_NStem	PossConc7_NPrePre9_BPre9_NStem
ya_ku_hlel_a	PossConc9_BPre15_VRoot_VerbTerm	PossConc9_BPre15_VRoot_VerbTerm	PossConc9_BPre15_VRoot_VerbTerm	PossConc9_BPre15_VRoot_VerbTerm
.	Punc	Punc	Punc	Punc
loku	Dem15_Pos1		Dem15_Pos1	
ku_mel_e	SC15_VRoot_VerbTerm	SC15_VRoot_VerbTerm	SC15_VRoot_VerbTerm	SC15_VRoot_VerbTerm
ku_vum_el_an_w_e	SC15_VRoot_ApplExt_RecipExt_PassExt_VerbTerm	SC15_VRoot_ApplExt_RecipExt_PassExt_VerbTerm	SC15_VRoot_ApplExt_RecipExt_PassExt_VerbTerm	SC15_VRoot_ApplExt_RecipExt_PassExt_VerbTerm
ngako	Conj	NStem	Conj	NStem
nga_i_si_khatsi	AdvPre_NPrePre7_BPre7_NStem	AdvPre_NPrePre7_BPre7_NStem	AdvPre_NPrePre7_BPre7_NStem	AdvPre_NPrePre7_BPre7_NStem
se_si_gaba	PossConc7_BPre7_NStem	PossConc7_BPre7_NStem	PossConc7_BPre7_NStem	PossConc7_BPre7_NStem
se_ku_hlelel_a	PossConc7_BPre15_VRoot_VerbTerm	PossConc7_BPre15_VRoot_VerbTerm	PossConc7_BPre15_VRoot_VerbTerm	PossConc7_BPre15_VRoot_VerbTerm
kwa_nga_phambilini	PossConc15_AdvPre_Adv	PossConc15_AdvPre_Adv	PossConc15_AdvPre_Adv	PossConc15_AdvPre_Adv
ku_phindz_e	SC15_VRoot_VerbTerm	SC15_VRoot_VerbTerm	SC15_VRoot_VerbTerm	SC15_VRoot_VerbTerm
ku_cinisek_is_w_e	SC15_VRoot_CausExt_PassExt_VerbTerm	SC15_VRoot_CausExt_PassExt_VerbTerm	SC15_VRoot_CausExt_PassExt_VerbTerm	SC15_VRoot_CausExt_PassExt_VerbTerm
e_mu_hlangano_ini	LocPre_BPre3_NStem_LocSuf	LocPre_BPre3_NStem_LocSuf	LocPre_BPre3_NStem_LocSuf	LocPre_BPre3_NStem_LocSuf
wa_u_mu_mango	PossConc3_NPrePre3_BPre3_NStem	PossConc3_NPrePre3_BPre3_NStem	PossConc3_NPrePre3_BPre3_NStem	PossConc3_NPrePre3_BPre3_NStem
.	Punc	Punc	Punc	Punc
li_tsimba	BPre5_NStem	BPre5_NStem	BPre5_NStem	BPre5_NStem
leku_fundz_is_a	RelConc15_VRoot_CausExt_VerbTerm	RelConc15_VRoot_CausExt_VerbTerm	RelConc15_VRoot_CausExt_VerbTerm	RelConc15_VRoot_CausExt_VerbTerm
ku_mel_e	SC15_VRoot_VerbTerm	SC15_VRoot_VerbTerm	SC15_VRoot_VerbTerm	SC15_VRoot_VerbTerm
li_fak_e	SC5_VRoot_VerbTerm	SC5_VRoot_VerbTerm	SC5_VRoot_VerbTerm	SC5_VRoot_VerbTerm
e_khatsi	LocPre_Adv	LocPre_Adv	LocPre_Adv	LocPre_Adv
e_ma_lunga	NPrePre6_BPre6_NStem	NPrePre6_BPre6_NStem	NPrePre6_BPre6_NStem	NPrePre6_BPre6_NStem
eli_komidi	Dem5_Pos1_NStem	RelConc5_NStem	Dem5_Pos1_NStem	PossConc6_BPre5_NStem
le_li_wadi	PossConc5_BPre5_NStem	PossConc5_BPre5_NStem	PossConc5_BPre5_NStem	PossConc5_BPre5_NStem
lama_nyenti	AdjPref6_AdjStem	AdjPref6_AdjStem	AdjPref6_AdjStem	AdjPref6_AdjStem
nga_loku_nga_phumelel_ek_a	AdvPre_RelConc15_Pot_VRoot_NeutExt_VerbTerm	AdvPre_RelConc15_Pot_VRoot_NeutExt_VerbTerm	AdvPre_RelConc15_Pot_VRoot_NeutExt_VerbTerm	AdvPre_RelConc15_NegPre_VRoot_VerbTerm
.	Punc	Punc	Punc	Punc
lokungenani	Adv	Adv	Adv	RelConc15_AdvPre_NStem
la_ma_tsatfu	PossConc5_AdjPref6_AdjStem	PossConc5_AdjPref6_AdjStem	PossConc5_AdjPref6_AdjStem	PossConc5_AdjPref6_AdjStem
e_ma_lunga	NPrePre6_BPre6_NStem	NPrePre6_BPre6_NStem	NPrePre6_BPre6_NStem	NPrePre6_BPre6_NStem
a_li_komidi	PossConc6_BPre5_NStem	PossConc6_BPre5_NStem	PossConc6_BPre5_NStem	PossConc6_BPre5_NStem
leli_wadi	RelConc5_NStem	RelConc5_NStem	RelConc5_NStem	PossConc5_BPre5_NStem
ku_mel_e	SC15_VRoot_VerbTerm	SC15_VRoot_VerbTerm	SC15_VRoot_VerbTerm	SC15_VRoot_VerbTerm
a_tfol_akal_e	SC6_VRoot_NeutExt_VerbTerm	SC6_VRoot_NeutExt_VerbTerm	SC6_VRoot_NeutExt_VerbTerm	SC6_VRoot_NeutExt_VerbTerm
nga_so	AdvPre_PronStem7	AdvPre_PronStem7	AdvPre_PronStem7	AdvPre_PronStem7
so_nkhe	QuantConc7_QuantStem	QuantConc7_QuantStem	QuantConc7_QuantStem	QuantConc7_QuantStem
si_khatsi	BPre7_NStem	BPre7_NStem	BPre7_NStem	BPre7_NStem
e_li_viki_ini	LocPre_BPre5_NStem_LocSuf	LocPre_BPre5_NStem_LocSuf	LocPre_BPre5_NStem_LocSuf	LocPre_BPre5_NStem_LocSuf
la_ku_hlel_a	PossConc5_OC15_VRoot_VerbTerm	PossConc5_OC15_VRoot_VerbTerm	PossConc5_OC15_VRoot_VerbTerm	PossConc5_BPre15_VRoot_VerbTerm
,	Punc	Punc	Punc	Punc
a_be	SC1_AuxVStem	SC1_AuxVStem	SC1_AuxVStem	SC1_AuxVStem
lawa	Dem6_Pos1		Dem6_Pos1	
la_ma_nye	PossConc5_AdjPref6_AdjStem	PossConc5_AdjPref6_AdjStem	PossConc5_AdjPref6_AdjStem	PossConc5_AdjPref6_AdjStem
e_ma_lunga	NPrePre6_BPre6_NStem	NPrePre6_BPre6_NStem	NPrePre6_BPre6_NStem	NPrePre6_BPre6_NStem
a_nga_fak_a	SC6_Pot_VRoot_VerbTerm	SC6_Pot_VRoot_VerbTerm	SC6_Pot_VRoot_VerbTerm	SC6_Pot_VRoot_VerbTerm
li_galelo	BPre5_NStem	BPre5_NStem	BPre5_NStem	BPre5_NStem
uma	Conj	Conj	Conj	Conj
ku_phumelel_ek_a	SC15_VRoot_NeutExt_VerbTerm	SC15_VRoot_NeutExt_VerbTerm	SC15_VRoot_NeutExt_VerbTerm	SC15_VRoot_NeutExt_VerbTerm
.	Punc	Punc	Punc	Punc
loku	Dem15_Pos1		Dem15_Pos1	
ku_tawu_sh_o	SC15_Fut_VRoot_VerbTerm	SC15_Fut_VRoot_VerbTerm	SC15_Fut_VRoot_VerbTerm	SC15_Fut_VRoot_VerbTerm
kutsi	Conj	Conj	Conj	Conj
loku_nge_nani	RelConc15_AdvPre_NStem	RelConc15_AdvPre_NStem	RelConc15_AdvPre_NStem	RelConc15_AdvPre_NStem
e_ma_cembu	NPrePre6_BPre6_NStem	NPrePre6_BPre6_NStem	NPrePre6_BPre6_NStem	NPrePre6_BPre6_NStem
la_ma_tsatfu	PossConc5_AdjPref6_AdjStem	PossConc5_AdjPref6_AdjStem	PossConc5_AdjPref6_AdjStem	PossConc5_AdjPref6_AdjStem
a_nga_hlelemb_is_w_a	SC6_Pot_VRoot_CausExt_PassExt_VerbTerm	SC6_Pot_VRoot_CausExt_PassExt_VerbTerm	SC6_Pot_VRoot_CausExt_PassExt_VerbTerm	RelConc6_Pot_NStem
nga_i_si_khatsi	AdvPre_NPrePre7_BPre7_NStem	AdvPre_NPrePre7_BPre7_NStem	AdvPre_NPrePre7_BPre7_NStem	AdvPre_NPrePre7_BPre7_NStem
si_nye	AdjPref7_AdjStem	CopPre_AdjStem	AdjPref7_AdjStem	AdjPref7_AdjStem
.	Punc	Punc	Punc	Punc
nga_loku_hle	AdvPre_RelConc15_AdjStem	AdvPre_AdjPref15_AdjStem	AdvPre_RelConc15_AdjStem	AdvPre_AdjPref15_AdjStem
lelo	Dem5_Pos2		Dem5_Pos2	
na_lelo	AdvPre_Dem5_Pos2	AdvPre	AdvPre_Dem5_Pos2	AdvPre
cembu	NStem	NStem	NStem	NStem
ku_mel_e	SC15_VRoot_VerbTerm	SC15_VRoot_VerbTerm	SC15_VRoot_VerbTerm	SC15_VRoot_VerbTerm
li_b_e	SC5_VRoot_VerbTerm	SC5_VRoot_VerbTerm	SC5_VRoot_VerbTerm	SC5_VRoot_VerbTerm
na_u_mu_chubisifundvo	AdvPre_NPrePre1_BPre1_NStem	AdvPre_NPrePre1_BPre1_NStem	AdvPre_NPrePre1_BPre1_NStem	AdvPre_BPre3_NStem
kanye	Conj	Conj	Conj	Adv
ne_mu_ntfu	AdvPre_BPre1_NStem	AdvPre_BPre1_NStem	AdvPre_BPre1_NStem	AdvPre_BPre1_NStem
lo_buk_an_ile	RelConc1_VRoot_RecipExt_Perf	RelConc1_VRoot_RecipExt_Perf	RelConc1_VRoot_RecipExt_Perf	RelConc3_VRoot_RecipExt_Perf
na_ku_bhal_w_a	AdvPre_OC15_VRoot_PassExt_VerbTerm	AdvPre_OC15_VRoot_PassExt_VerbTerm	AdvPre_OC15_VRoot_PassExt_VerbTerm	AdvPre_SC15_VRoot_PassExt_VerbTerm
phasi	Adv	NStem	Adv	NStem
lwa_i_n_chubo	PossConc11_NPrePre9_BPre9_NStem	PossConc11_NPrePre9_BPre9_NStem	PossConc11_NPrePre9_BPre9_NStem	PossConc11_NPre9_NStem
.	Punc	Punc	Punc	Punc
ba_ni	SC2_Interrog	SC2_Interrog	SC2_Interrog	SC2_Interrog
na_si_ciniseko	AdvPre_BPre7_NStem	AdvPre_BPre7_NStem	AdvPre_BPre7_NStem	AdvPre_BPre7_NStem
kutsi	Conj	Conj	Conj	Conj
le_mi_klamo	Dem4_Pos1_BPre4_NStem	PossConc5_BPre4_NStem	Dem4_Pos1_BPre4_NStem	PossConc5_NPrePre4_BPre4_NStem
le_khomb_iw_e	PossConc5_VRoot_PassExt_VerbTerm	PossConc5_VRoot_PassExt_VerbTerm	PossConc5_VRoot_PassExt_VerbTerm	PossConc5_VRoot_PassExt_VerbTerm
i_condz_e	SC4_VRoot_VerbTerm	SC4_VRoot_VerbTerm	SC4_VRoot_VerbTerm	SC4_VRoot_VerbTerm
ngco	Ideoph	Ideoph	Ideoph	Ideoph
e_tin_tfo_ini	LocPre_BPre10_NStem_LocSuf	LocPre_BPre10_NStem_LocSuf	LocPre_BPre10_NStem_LocSuf	LocPre_BPre10_NStem_LocSuf
leti_mcoka	RelConc10_NStem	RelConc10_NStem	RelConc10_NStem	RelConc10_NStem
ne_mi_gomo	AdvPre_BPre4_NStem	AdvPre_BPre4_NStem	AdvPre_BPre4_NStem	AdvPre_BPre4_NStem
le_khomb_iw_e	PossConc5_VRoot_PassExt_VerbTerm	PossConc5_VRoot_PassExt_VerbTerm	PossConc5_VRoot_PassExt_VerbTerm	PossConc5_VRoot_PassExt_VerbTerm
e_si_gaba_ini	LocPre_BPre7_NStem_LocSuf	LocPre_BPre7_NStem_LocSuf	LocPre_BPre7_NStem_LocSuf	BPre7_NStem_LocSuf
lesi_endlul_ile	RelConc7_VRoot_Perf	RelConc7_VRoot_Perf	RelConc7_VRoot_Perf	RelConc7_VRoot_Perf
.	Punc	Punc	Punc	Punc
u_mu_ehluleli	NPrePre1_BPre1_NStem	NPrePre1_BPre1_NStem	NPrePre1_BPre1_NStem	NPrePre1_BPre1_NStem
u_vum_el_a	SC1_VRoot_ApplExt_VerbTerm	SC3_VRoot_ApplExt_VerbTerm	SC1_VRoot_ApplExt_VerbTerm	SC3_VRoot_ApplExt_VerbTerm
nga_li_nye	AdvPre_AdjPref5_AdjStem	AdvPre_AdjPref5_AdjStem	AdvPre_AdjPref5_AdjStem	AdvPre_AdjPref5_AdjStem
li_cembu	BPre5_NStem	BPre5_NStem	BPre5_NStem	BPre5_NStem
li_chaz_e	SC5_VRoot_VerbTerm	SC5_VRoot_VerbTerm	SC5_VRoot_VerbTerm	SC5_VRoot_VerbTerm
si_mo	BPre7_NStem	BPre7_NStem	BPre7_NStem	BPre7_NStem
li_phindz_e	SC5_VRoot_VerbTerm	SC5_VRoot_VerbTerm	SC5_VRoot_VerbTerm	SC5_VRoot_VerbTerm
li_esekel_e	SC5_VRoot_VerbTerm	SC5_VRoot_VerbTerm	SC5_VRoot_VerbTerm	SC5_VRoot_ApplExt_VerbTerm
si_celo	BPre7_NStem	BPre7_NStem	BPre7_NStem	BPre7_NStem
.	Punc	Punc	Punc	Punc
u_mu_ehluleli	NPrePre1_BPre1_NStem	NPrePre1_BPre1_NStem	NPrePre1_BPre1_NStem	NPrePre1_BPre1_NStem
u_lalel_isis_a	SC1_VRoot_IntensExt_VerbTerm	SC1_VRoot_IntensExt_VerbTerm	SC1_VRoot_IntensExt_VerbTerm	SC2ps_VRoot_IntensExt_VerbTerm
lo_nkhe	QuantConc5_QuantStem	QuantConc5_QuantStem	QuantConc5_QuantStem	QuantConc5_QuantStem
lo_lu_ati	RelConc3_BPre11_NStem	RelConc3_BPre11_NStem	RelConc3_BPre11_NStem	RelConc3_BPre11_NStem
a_phindz_e	SC1_VRoot_VerbTerm	SC6_VRoot_VerbTerm	SC1_VRoot_VerbTerm	SC1a_VRoot_VerbTerm
a_phimis_el_e	SC1_VRoot_ApplExt_VerbTerm	SC6_VRoot_ApplExt_VerbTerm	SC1_VRoot_ApplExt_VerbTerm	SC6_VRoot_VerbTerm
nga_li_nye	AdvPre_AdjPref5_AdjStem	AdvPre_AdjPref5_AdjStem	AdvPre_AdjPref5_AdjStem	AdvPre_AdjPref5_AdjStem
li_cembu	BPre5_NStem	BPre5_NStem	BPre5_NStem	BPre5_NStem
ku_ent_a	BPre15_VRoot_VerbTerm	BPre15_VRoot_VerbTerm	BPre15_VRoot_VerbTerm	BPre15_VRoot_VerbTerm
si_ciniseko	BPre7_NStem	BPre7_NStem	BPre7_NStem	BPre7_NStem
kutsi	Conj	Conj	Conj	Conj
u_lalel_e	SC2ps_VRoot_VerbTerm	SC1_VRoot_VerbTerm	SC2ps_VRoot_VerbTerm	SC1_VRoot_VerbTerm
ka_hle	AdvPre_AdjStem	AdvPre_AdjStem	AdvPre_AdjStem	AdvPre_AdjStem
.	Punc	Punc	Punc	Punc
loku	Dem15_Pos1		Dem15_Pos1	
ku_nik_a	SC15_VRoot_VerbTerm	SC15_VRoot_VerbTerm	SC15_VRoot_VerbTerm	SC15_VRoot_VerbTerm
li_tfula	BPre5_NStem	BPre5_NStem	BPre5_NStem	SC5_VRoot_VerbTerm
e_ma_cembu	NPrePre6_BPre6_NStem	NPrePre6_BPre6_NStem	NPrePre6_BPre6_NStem	NPrePre6_BPre6_NStem
kutsi	Conj	Conj	Conj	Conj
a_nga_cac_is_a	SC6_Pot_VRoot_CausExt_VerbTerm	SC6_Pot_VRoot_CausExt_VerbTerm	SC6_Pot_VRoot_CausExt_VerbTerm	SC6_Pot_VRoot_CausExt_VerbTerm
e_ma_phuzu	NPrePre6_BPre6_NStem	NPrePre6_BPre6_NStem	NPrePre6_BPre6_NStem	NPrePre6_BPre6_NStem
la_fanan_a	RelConc6_VRoot_VerbTerm	RelConc6_VRoot_VerbTerm	RelConc6_VRoot_VerbTerm	RelConc6_VRoot_VerbTerm
na_wa_lama_nye	AdvPre_PossConc6_AdjPref6_AdjStem	AdvPre_PossConc3_AdjPref6_NStem	AdvPre_PossConc6_AdjPref6_AdjStem	AdvPre_PossConc1_AdjPref6_AdjStem
e_ma_cembu	NPrePre6_BPre6_NStem	NPrePre6_BPre6_NStem	NPrePre6_BPre6_NStem	NPrePre6_BPre6_NStem
.	Punc	Punc	Punc	Punc
u_mu_ehluleli	NPrePre1_BPre1_NStem	NPrePre1_BPre1_NStem	NPrePre1_BPre1_NStem	NPrePre1_BPre1_NStem
u_finyet_a	SC1_VRoot_VerbTerm	SC3_VRoot_VerbTerm	SC1_VRoot_VerbTerm	SC1_VRoot_VerbTerm
nga_si_nye	AdvPre_BPre7_NStem	AdvPre_OC7_EnumStem	AdvPre_BPre7_NStem	AdvPre_OC7_EnumStem
si_mo	BPre7_NStem	BPre7_NStem	BPre7_NStem	BPre7_NStem
.	Punc	Punc	Punc	Punc
u_mgomo-banga	NPrePre1a_NStem	NPrePre1a_NStem	NPrePre1a_NStem	NPrePre3_BPre3_NStem_NStem
9	Num	Num	Num	Num
u_buk_en_e	SC3_VRoot_RecipExt_VerbTerm	SC3_VRoot_ApplExt_VerbTerm	SC3_VRoot_RecipExt_VerbTerm	SC1a_VRoot_RecipExt_Perf
na_ku_hlangan_is_a	AdvPre_SC15_VRoot_CausExt_VerbTerm	AdvPre_OC15_VRoot_CausExt_VerbTerm	AdvPre_SC15_VRoot_CausExt_VerbTerm	AdvPre_OC15_VRoot_CausExt_VerbTerm
i_mi_gomo	NPrePre4_BPre4_NStem	NPrePre4_BPre4_NStem	NPrePre4_BPre4_NStem	NPrePre4_BPre4_NStem
ya_ku_tfutfuk_is_a	PossConc4_BPre15_VRoot_CausExt_VerbTerm	PossConc9_OC15_VRoot_CausExt_VerbTerm	PossConc4_BPre15_VRoot_CausExt_VerbTerm	PossConc9_OC15_VRoot_CausExt_VerbTerm
loku_simam_ile	RelConc15_VRoot_Perf	RelConc15_VRoot_Perf	RelConc15_VRoot_Perf	RelConc15_VRoot_Perf
na_tin_chubomgomo	AdvPre_BPre10_NStem	AdvPre_BPre10_NStem	AdvPre_BPre10_NStem	AdvPre_BPre10_NStem
na_tin_hlelo	AdvPre_BPre10_NStem	AdvPre_BPre10_NStem	AdvPre_BPre10_NStem	AdvPre_BPre10_NStem
te_live	PossConc8_NStem	PossConc8_NStem	PossConc8_NStem	PossConc8_BPre5_NStem
kanye	Adv	Adv	Adv	Adv
na_ku_buyisel_a	AdvPre_OC15_VRoot_VerbTerm	AdvPre_BPre15_VRoot_VerbTerm	AdvPre_OC15_VRoot_VerbTerm	AdvPre_BPre15_VRoot_VerbTerm
e_mu_va	LocPre_BPre3_Adv	LocPre_BPre3_Adv	LocPre_BPre3_Adv	LocPre_BPre3_Adv
ku_lahlek_a	BPre15_VRoot_VerbTerm	BPre15_VRoot_VerbTerm	BPre15_VRoot_VerbTerm	BPre15_VRoot_VerbTerm
kwa_mi_tfombolusito	PossConc15_BPre4_NStem	PossConc15_BPre4_NStem	PossConc15_BPre4_NStem	PossConc15_BPre4_NStem
ye_si_mondzawo	PossConc4_BPre7_NStem	PossConc9_BPre7_NStem	PossConc4_BPre7_NStem	PossConc9_BPre7_NStem
.	Punc	Punc	Punc	Punc
la_ma_fomu	Dem6_Pos1_BPre6_NStem	Pos1_BPre6	Dem6_Pos1_BPre6_NStem	Pos1_BPre6
la_ku_la_ma_khasi	RelConc6_LocPre_Dem6_Pos1_BPre6_NStem	PossConc5_LocPre_Pos1_BPre6	RelConc6_LocPre_Dem6_Pos1_BPre6_NStem	AdvPre_LocPre_AdjPref6_NStem
la_landzel_a_ko	RelConc6_VRoot_VerbTerm_RelSuf	RelConc6_VRoot_VerbTerm_RelSuf	RelConc6_VRoot_VerbTerm_RelSuf	RelConc6_VRoot_VerbTerm_RelSuf
a_yi_in_dlela	RelConc6_CopPre_BPre9_NStem	RelConc6_CopPre_BPre9_NStem	RelConc6_CopPre_BPre9_NStem	RelConc6_CopPre_BPre9_NStem
le_ka_hle	RelConc9_AdvPre_AdjStem	RelConc9_AdvPre_AdjStem	RelConc9_AdvPre_AdjStem	RelConc9_AdvPre_AdjStem
lo_nga_cala	RelConc9_Pot_NStem	Pot_NegPre	RelConc9_Pot_NStem	RelConc3_AdvPre_NStem
nga_yo	AdvPre_PronStem9	AdvPre_PronStem9	AdvPre_PronStem9	AdvPre_PronStem9
uma	Conj	Conj	Conj	Conj
u_fun_a	SC2ps_VRoot_VerbTerm	SC3_VRoot_VerbTerm	SC2ps_VRoot_VerbTerm	SC3_VRoot_VerbTerm
ku_ent_a	BPre15_VRoot_VerbTerm	BPre15_VRoot_VerbTerm	BPre15_VRoot_VerbTerm	BPre15_VRoot_VerbTerm
lu_hlolo	BPre11_NStem	BPre11_NStem	BPre11_NStem	BPre11_NStem
lwa_ti_dzingo	PossConc11_BPre8_NStem	PossConc11_BPre8_NStem	PossConc11_BPre8_NStem	PossConc11_BPre8_NStem
.	Punc	Punc	Punc	Punc
uma	Conj	Conj	Conj	Conj
u_sa_gcwal_is_a	SC2ps_ProgPre_VRoot_CausExt_VerbTerm	SC1_ProgPre_VRoot_CausExt_VerbTerm	SC2ps_ProgPre_VRoot_CausExt_VerbTerm	SC2ps_ProgPre_VRoot_CausExt_VerbTerm
leli_fomu	Dem5_Pos1_NStem	Pos1	Dem5_Pos1_NStem	Pos1
si_tfombe	BPre7_NStem	BPre7_NStem	BPre7_NStem	BPre7_NStem
sa_tin_kinga	PossConc7_BPre10_NStem	PossConc7_NPre10_NStem	PossConc7_BPre10_NStem	PossConc7_NPre10_NStem
ba_si_fazane	PossConc2_BPre7_NStem	PossConc2_BPre7_NStem	PossConc2_BPre7_NStem	PossConc2_BPre7_NStem
laba_bhek_an_ile	RelConc2_VRoot_RecipExt_Perf	RelConc2_VRoot_RecipExt_Perf	RelConc2_VRoot_RecipExt_Perf	RelConc2_VRoot_RecipExt_Perf
na_to	AdvPre_PronStem8	AdvPre_PronStem8	AdvPre_PronStem8	AdvPre_PronStem8
e_n_dzawo_ini	LocPre_NPre9_NStem_LocSuf	LocPre_NPre9_NStem_LocSuf	LocPre_NPre9_NStem_LocSuf	LocPre_NPre9_NStem_LocSuf
ya_kini	PossConc9_Adv	PossConc9_NStem	PossConc9_Adv	PossConc9_NStem
.	Punc	Punc	Punc	Punc
uma	Conj	Conj	Conj	Conj
u_nga_ti_at_i	SC2ps_NegPre_OC10_VRoot_VerbTerm	SC2ps_Pot_OC10_VRoot_VerbTerm	SC2ps_NegPre_OC10_VRoot_VerbTerm	SC2ps_NegPre_OC10_VRoot_VerbTerm
tin_phendvulo	BPre10_NStem	BPre10_NStem	BPre10_NStem	BPre10_NStem
i_etam_a	SC9_VRoot_VerbTerm	SC9_VRoot_VerbTerm	SC9_VRoot_VerbTerm	SC9_VRoot_VerbTerm
ku_tfol_a	BPre15_VRoot_VerbTerm	BPre15_VRoot_VerbTerm	BPre15_VRoot_VerbTerm	BPre15_VRoot_VerbTerm
lu_atiso	BPre11_NStem	BPre11_NStem	BPre11_NStem	BPre11_NStem
ku_masipala	LocPre_NStem	LocPre_NStem	LocPre_NStem	LocPre_NStem
,	Punc	Punc	Punc	Punc
e_m_tfolamphilo	LocPre_BPre3_NStem	LocPre_BPre3_NStem	LocPre_BPre3_NStem	PossConc6_BPre3_NStem
,	Punc	Punc	Punc	Punc
e_tin_hlangano_ini	LocPre_BPre10_NStem_LocSuf	LocPre_BPre10_NStem_LocSuf	LocPre_BPre10_NStem_LocSuf	LocPre_BPre10_NStem_LocSuf
ta_mi_mango	PossConc10_BPre4_NStem	PossConc10_BPre4_NStem	PossConc10_BPre4_NStem	PossConc10_NPrePre4_BPre4_NStem
,	Punc	Punc	Punc	Punc
noma	Conj	Conj	Conj	Conj
ku_tin_sita	LocPre_NPre10_NStem	LocPre_NPre10_NStem	LocPre_NPre10_NStem	LocPre_NPre10_NStem
ta_hulumende	PossConc10_NStem	PossConc8_NStem	PossConc10_NStem	PossConc8_NStem
.	Punc	Punc	Punc	Punc
u_mu_klamo	NPrePre3_BPre3_NStem	NPrePre3_BPre3_NStem	NPrePre3_BPre3_NStem	NPrePre3_BPre3_NStem
nga_mu_nye	AdvPre_AdjPref1_AdjStem	AdvPre_AdjPref1_AdjStem	AdvPre_AdjPref1_AdjStem	AdvPre_AdjPref1_AdjStem
we_hluk_ile	SC3_VRoot_Perf	PossConc1a_VRoot_Perf	SC3_VRoot_Perf	PossConc3_VRoot_Perf
ku_lomu_nye	LocPre_AdjPref1_AdjStem	LocPre_AdjPref1_AdjStem	LocPre_AdjPref1_AdjStem	LocPre_NStem
futsi	Conj	Conj	Conj	Conj
u_ne_tin_sayeya	RelConc3_AdvPre_BPre10_NStem	NPrePre1a_AdvPre_BPre10_NStem	RelConc3_AdvPre_BPre10_NStem	RelConc3_AdvPre_BPre10_NStem
ta_wo	PossConc3_PronStem3	PossConc10_PronStem3	PossConc3_PronStem3	PossConc10_PronStem6
na_tin_tfo	AdvPre_BPre10_NStem	AdvPre_BPre10_NStem	AdvPre_BPre10_NStem	AdvPre_BPre10_NStem
loku_fan_el_e	RelConc15_VRoot_ApplExt_VerbTerm	RelConc15_VRoot_ApplExt_VerbTerm	RelConc15_VRoot_ApplExt_VerbTerm	RelConc15_VRoot_ApplExt_VerbTerm
ti_buk_isis_w_e	OC8_VRoot_IntensExt_PassExt_VerbTerm	OC10_VRoot_IntensExt_PassExt_VerbTerm	OC8_VRoot_IntensExt_PassExt_VerbTerm	OC10_VRoot_IntensExt_PassExt_VerbTerm
.	Punc	Punc	Punc	Punc
lu_hlelo	BPre11_NStem	BPre11_NStem	BPre11_NStem	BPre11_NStem
lo_lwe_hluk_ile	RelConc3_PossConc11_VRoot_Perf	RelConc3_PossConc11_VRoot_Perf	RelConc3_PossConc11_VRoot_Perf	RelConc11_VRoot_Perf
ku_lolu_nye	LocPre_AdjPref11_EnumStem	LocPre_AdjPref11_EnumStem	LocPre_AdjPref11_EnumStem	LocPre_AdjPref11_EnumStem
lu_balulek_ile	SC11_VRoot_Perf	SC11_VRoot_Perf	SC11_VRoot_Perf	SC11_VRoot_Perf
kute	Conj	Conj	Conj	Conj
u_mu_klamo	NPrePre3_BPre3_NStem	NPrePre3_BPre3_NStem	NPrePre3_BPre3_NStem	NPrePre3_BPre3_NStem
u_cedv_w_e	OC3_VRoot_PassExt_VerbTerm	SC3_VRoot_PassExt_VerbTerm	OC3_VRoot_PassExt_VerbTerm	SC3_VRoot_PassExt_VerbTerm
nga_i_m_phumelelo	AdvPre_NPrePre9_BPre3_NStem	AdvPre_NPrePre9_BPre3_NStem	AdvPre_NPrePre9_BPre3_NStem	AdvPre_BPre3_NStem
.	Punc	Punc	Punc	Punc
lo_m_dvwebo	RelConc3_BPre3_NStem	RelConc3_BPre3_NStem	RelConc3_BPre3_NStem	RelConc3_BPre3_NStem
lo_lapha	RelConc3_Adv	RelConc1_Adv	RelConc3_Adv	RelConc1_VRoot_VerbTerm
nga_ntasi	AdvPre_NStem	AdvPre_Adv	AdvPre_NStem	AdvPre_NStem
u_khomb_is_a	SC3_VRoot_CausExt_VerbTerm	SC3_VRoot_CausExt_VerbTerm	SC3_VRoot_CausExt_VerbTerm	SC3_VRoot_CausExt_VerbTerm
ku_chum_an_a	BPre15_VRoot_RecipExt_VerbTerm	BPre15_VRoot_RecipExt_VerbTerm	BPre15_VRoot_RecipExt_VerbTerm	BPre15_VRoot_RecipExt_VerbTerm
loku_khona	RelConc15_Adv	RelConc15_Adv	RelConc15_Adv	RelConc15_Adv
e_m_khatsi_ini	LocPre_BPre3_NStem_LocSuf	LocPre_BPre3_NStem_LocSuf	LocPre_BPre3_NStem_LocSuf	LocPre_BPre3_NStem_LocSuf
wa_e_ma_khono	PossConc3_LocPre_BPre6_NStem	PossConc3_NPrePre6_BPre6_NStem	PossConc3_LocPre_BPre6_NStem	PossConc3_NPrePre6_BPre6_NStem
,	Punc	Punc	Punc	Punc
e_ma_tfuba	NPrePre6_BPre6_NStem	NPrePre6_BPre6_NStem	NPrePre6_BPre6_NStem	NPrePre6_BPre6_NStem
kanye	Conj	Adv	Conj	Conj
na_ti_mo	AdvPre_BPre8_NStem	AdvPre_BPre8_NStem	AdvPre_BPre8_NStem	AdvPre_BPre8_NStem
tetenhlalo	NStem	NStem	NStem	PossConc10_PossConc10_NPre9_NStem
na_ta_ku_phil_a	AdvPre_PossConc8_BPre15_VRoot_VerbTerm	AdvPre_PossConc10_OC15_VRoot_VerbTerm	AdvPre_PossConc8_BPre15_VRoot_VerbTerm	AdvPre_PossConc10_OC15_VRoot_VerbTerm
.	Punc	Punc	Punc	Punc
u_khomb_is_a	SC3_VRoot_CausExt_VerbTerm	SC3_VRoot_CausExt_VerbTerm	SC3_VRoot_CausExt_VerbTerm	SC3_VRoot_CausExt_VerbTerm
kutsi	Conj	Conj	Conj	Conj
bu_holi	BPre14_NStem	BPre14_NStem	BPre14_NStem	BPre14_NStem
,	Punc	Punc	Punc	Punc
ku_khutsal_a	BPre15_VRoot_VerbTerm	BPre15_VRoot_VerbTerm	BPre15_VRoot_VerbTerm	BPre15_VRoot_VerbTerm
kwe_ba_hlali	PossConc15_BPre2_NStem	PossConc15_BPre2_NStem	PossConc15_BPre2_NStem	PossConc15_BPre2_NStem
kanye	Conj	Conj	Conj	Adv
na_hulumende	AdvPre_NStem	AdvPre_NStem	AdvPre_NStem	AdvPre_NStem
lo_sebent_a	RelConc1a_VRoot_VerbTerm	RelConc3_VRoot_VerbTerm	RelConc1a_VRoot_VerbTerm	RelConc3_VRoot_VerbTerm
nga_loku_phumelel_is_a_ko	AdvPre_RelConc15_VRoot_CausExt_VerbTerm_RelSuf	AdvPre_RelConc15_VRoot_CausExt_VerbTerm_RelSuf	AdvPre_RelConc15_VRoot_CausExt_VerbTerm_RelSuf	AdvPre_RelConc15_VRoot_CausExt_VerbTerm_RelSuf
ba_nga_sit_a	SC2_Pot_VRoot_VerbTerm	SC2_Pot_VRoot_VerbTerm	SC2_Pot_VRoot_VerbTerm	SC2_Pot_VRoot_VerbTerm
ka_njani	AdvPre_Adv	AdvPre_Adv	AdvPre_Adv	AdvPre_Adv
e_ku_chuba_ini	LocPre_BPre15_NStem_LocSuf	LocPre_BPre15_NStem_LocSuf	LocPre_BPre15_NStem_LocSuf	LocPre_BPre15_VRoot_VerbTerm_LocSuf
i_n_tfutfuko	NPrePre9_BPre9_NStem	NPrePre9_BPre9_NStem	NPrePre9_BPre9_NStem	NPrePre9_BPre9_NStem
esi_mo_ini	RelConc7_NStem_LocSuf	RelConc7_NStem_LocSuf	RelConc7_NStem_LocSuf	RelConc7_NStem_LocSuf
sa_ta_in_hlalo	PossConc7_BPre10_BPre9_NStem	PossConc7_PossConc10_NPre9_NStem	PossConc7_BPre10_BPre9_NStem	PossConc7_PossConc10_NPre9_NStem
lesi_hlel_ek_e	RelConc7_VRoot_NeutExt_VerbTerm	RelConc7_VRoot_NeutExt_VerbTerm	RelConc7_VRoot_NeutExt_VerbTerm	RelConc7_VRoot_NeutExt_VerbTerm
nga_loku_chuman_ile	AdvPre_RelConc15_VRoot_Perf	AdvPre_RelConc15_VRoot_Perf	AdvPre_RelConc15_VRoot_Perf	AdvPre_RelConc15_VRoot_RecipExt_Perf
.	Punc	Punc	Punc	Punc
tin_khombandlela	NPre10_NStem	NPre10_NStem	NPre10_NStem	NPre10_NStem
:	Punc	Punc	Punc	Punc
ku_simam_a	BPre15_VRoot_VerbTerm	BPre15_VRoot_VerbTerm	BPre15_VRoot_VerbTerm	BPre15_VRoot_VerbTerm
kwe_ti_akhiwonchanti	PossConc15_NPre8_NStem	PossConc15_NPre8_NStem	PossConc15_NPre8_NStem	PossConc15_NPre8_NStem
ta_masipala	PossConc8_NStem	PossConc10_NStem	PossConc8_NStem	PossConc10_NStem
na_kwe_tful_w_a	AdvPre_BPre15_VRoot_PassExt_VerbTerm	AdvPre_BPre15_VRoot_PassExt_VerbTerm	AdvPre_BPre15_VRoot_PassExt_VerbTerm	AdvPre_BPre15_VRoot_PassExt_VerbTerm
kwe_tin_sita	PossConc15_BPre10_NStem	PossConc15_BPre10_NStem	PossConc15_BPre10_NStem	PossConc15_BPre10_NStem
,	Punc	Punc	Punc	Punc
1	Num	Num	Num	Num
Mabasa	ProperName	ProperName	ProperName	BPre6_NStem
2007	Num	Num	Num	Num
tin_khombandlela	NPre10_NStem	NPre10_NStem	NPre10_NStem	NPre10_NStem
leti_akh_el_w_e	RelConc10_VRoot_ApplExt_PassExt_VerbTerm	RelConc10_VRoot_ApplExt_PassExt_VerbTerm	RelConc10_VRoot_ApplExt_PassExt_VerbTerm	RelConc10_VRoot_ApplExt_PassExt_VerbTerm
ku_sit_a	BPre15_VRoot_VerbTerm	BPre15_VRoot_VerbTerm	BPre15_VRoot_VerbTerm	BPre15_VRoot_VerbTerm
hulumende	NStem	NStem	NStem	NStem
kutsi	Conj	Conj	Conj	Conj
ent_e	VRoot_VerbTerm	VRoot_VerbTerm	VRoot_VerbTerm	VRoot_VerbTerm
u_mu_sebenti	NPrePre3_BPre3_NStem	NPrePre3_BPre3_NStem	NPrePre3_BPre3_NStem	NPrePre3_BPre3_NStem
wa_khe	PossConc3_PronStem1	PossConc3_PronStem1	PossConc3_PronStem1	PossConc3_PronStem1
we_m_tsetfo	PossConc3_BPre3_NStem	PossConc1_BPre3_NStem	PossConc3_BPre3_NStem	PossConc1_BPre3_NStem
si_sekelo	BPre7_NStem	BPre7_NStem	BPre7_NStem	BPre7_NStem
wa_kwe_tful_a	PossConc3_NPre15_VRoot_VerbTerm	PossConc3_BPre15_VRoot_VerbTerm	PossConc3_NPre15_VRoot_VerbTerm	PossConc3_BPre15_VRoot_VerbTerm
tin_sita	BPre10_NStem	BPre10_NStem	BPre10_NStem	BPre10_NStem
ta_masipala	PossConc10_NStem	PossConc8_NStem	PossConc10_NStem	PossConc8_NStem
leti_balulek_ile	RelConc10_VRoot_Perf	RelConc10_VRoot_Perf	RelConc10_VRoot_Perf	RelConc10_VRoot_Perf
.	Punc	Punc	Punc	Punc
u_mdvwebo	NPrePre1a_NStem	NPrePre1a_NStem	NPrePre1a_NStem	NPrePre3_BPre3_NStem
wa_Venn	PossConc3_Foreign	PossConc3_Foreign	PossConc3_Foreign	PossConc3_Foreign
li_thuluzi	BPre5_NStem	BPre5_NStem	BPre5_NStem	BPre5_NStem
la_ku_hlatiy_a	PossConc5_BPre15_VRoot_VerbTerm	PossConc5_BPre15_VRoot_VerbTerm	PossConc5_BPre15_VRoot_VerbTerm	PossConc5_BPre15_VRoot_VerbTerm
kwe_tful_w_a	BPre15_VRoot_PassExt_VerbTerm	BPre15_VRoot_PassExt_VerbTerm	BPre15_VRoot_PassExt_VerbTerm	BPre15_VRoot_PassExt_VerbTerm
kwe_tin_sita	PossConc15_BPre10_NStem	PossConc15_BPre10_NStem	PossConc15_BPre10_NStem	PossConc15_BPre10_NStem
e_u_mu_mango_ini	LocPre_NPrePre3_BPre3_NStem_LocSuf	LocPre_NPrePre3_BPre3_NStem_LocSuf	LocPre_NPrePre3_BPre3_NStem_LocSuf	LocPre_NPrePre3_BPre3_NStem_LocSuf
.	Punc	Punc	Punc	Punc
e_ma_lunga	NPrePre6_BPre6_NStem	NPrePre6_BPre6_NStem	NPrePre6_BPre6_NStem	NPrePre6_BPre6_NStem
a_u_mu_mango	PossConc6_NPrePre3_BPre3_NStem	PossConc6_NPrePre3_BPre3_NStem	PossConc6_NPrePre3_BPre3_NStem	PossConc6_NPrePre3_BPre3_NStem
a_phawul_a	SC6_VRoot_VerbTerm	SC6_VRoot_VerbTerm	SC6_VRoot_VerbTerm	SC6_VRoot_VerbTerm
tin_hlangano	BPre10_NStem	BPre10_NStem	BPre10_NStem	BPre10_NStem
,	Punc	Punc	Punc	Punc
tin_sita	BPre10_NStem	BPre10_NStem	BPre10_NStem	BPre10_NStem
kanye	Adv	Adv	Adv	Conj
na_ba_phakeli	AdvPre_BPre2_NStem	AdvPre_BPre2_NStem	AdvPre_BPre2_NStem	AdvPre_BPre2_NStem
ba_tin_sita	PossConc2_BPre10_NStem	PossConc2_BPre10_NStem	PossConc2_BPre10_NStem	PossConc2_BPre10_NStem
bese	Conj	Conj	Conj	Conj
ba_ba_hlel_is_a	SC2_OC2_VRoot_CausExt_VerbTerm	SC2_OC2_VRoot_CausExt_VerbTerm	SC2_OC2_VRoot_CausExt_VerbTerm	SC2_OC2_VRoot_CausExt_VerbTerm
nga_ku_balulek_a	AdvPre_BPre15_VRoot_VerbTerm	AdvPre_BPre15_VRoot_VerbTerm	AdvPre_BPre15_VRoot_VerbTerm	AdvPre_BPre15_VRoot_VerbTerm
kanye	Conj	Conj	Conj	Adv
na_ku_finyelel_ek_a	AdvPre_BPre15_VRoot_NPas_VerbTerm	AdvPre_BPre15_VRoot_NeutExt_VerbTerm	AdvPre_BPre15_VRoot_NPas_VerbTerm	AdvPre_BPre15_VRoot_NPas_VerbTerm
kwa_bo	PossConc15_PronStem2	PossConc15_PronStem2	PossConc15_PronStem2	PossConc15_PronStem2
.	Punc	Punc	Punc	Punc
u_phindz_e	SC2ps_VRoot_VerbTerm	SC1_VRoot_VerbTerm	SC2ps_VRoot_VerbTerm	SC3_VRoot_VerbTerm
u_b_e	SC2ps_VRoot_VerbTerm	SC3_VRoot_VerbTerm	SC2ps_VRoot_VerbTerm	SC3_VRoot_VerbTerm
li_thuluzi	BPre5_NStem	BPre5_NStem	BPre5_NStem	BPre5_NStem
leli_balulek_ile	RelConc5_VRoot_Perf	RelConc5_VRoot_Perf	RelConc5_VRoot_Perf	RelConc5_VRoot_Perf
la_ku_v_isis_a	PossConc5_BPre15_VRoot_IntensExt_VerbTerm	PossConc5_BPre15_VRoot_IntensExt_VerbTerm	PossConc5_BPre15_VRoot_IntensExt_VerbTerm	PossConc5_BPre15_VRoot_IntensExt_VerbTerm
tin_dzingo	BPre10_NStem	BPre10_NStem	BPre10_NStem	BPre10_NStem
ta_u_mu_mango	PossConc10_NPrePre3_BPre3_NStem	PossConc8_NPrePre3_BPre3_NStem	PossConc10_NPrePre3_BPre3_NStem	PossConc8_NPrePre3_BPre3_NStem
.	Punc	Punc	Punc	Punc
yat_i	VRoot_VerbTerm	VRoot_VerbTerm	VRoot_VerbTerm	VRoot_VerbTerm
nge_ntfutfuko	AdvPre_NStem	AdvPre_NStem	AdvPre_NStem	CopPre_NPre9_NStem
ya_ku_laba_nye	PossConc9_LocPre_AdjPref2_AdjStem	PossConc9_LocPre_AdjPref2_AdjStem	PossConc9_LocPre_AdjPref2_AdjStem	PossConc9_LocPre_AdjPref2_AdjStem
bo_masipala	BPre2a_NStem	BPre2a_NStem	BPre2a_NStem	BPre2a_NStem
fundz_a	VRoot_VerbTerm	VRoot_VerbTerm	VRoot_VerbTerm	VRoot_VerbTerm
nge_mi_bono	AdvPre_NPre4_NStem	AdvPre_NPre4_NStem	AdvPre_NPre4_NStem	AdvPre_BPre4_NStem
ya_bo	PossConc9_PronStem2	PossConc9_PronStem2	PossConc9_PronStem2	PossConc9_PronStem2
ne_te_hlakalo	AdvPre_NPre8_NStem	AdvPre_NPre8_NStem	AdvPre_NPre8_NStem	AdvPre_BPre8_NStem
ta_bo	PossConc8_PronStem14	PossConc10_PronStem2	PossConc8_PronStem14	PossConc10_PronStem2
.	Punc	Punc	Punc	Punc
ku_chum_an_a	OC15_VRoot_RecipExt_VerbTerm	BPre15_VRoot_RecipExt_VerbTerm	OC15_VRoot_RecipExt_VerbTerm	BPre15_VRoot_RecipExt_VerbTerm
kwa_ma_ve	PossConc15_BPre6_NStem	PossConc15_BPre6_NStem	PossConc15_BPre6_NStem	PossConc15_BPre6_NStem
e_mu_hlaba	LocPre_BPre3_NStem	LocPre_BPre3_NStem	LocPre_BPre3_NStem	PossConc6_BPre3_NStem
nga_loku_banti	AdvPre_RelConc15_NStem	AdvPre_RelConc15_NStem	AdvPre_RelConc15_NStem	AdvPre_RelConc15_NStem
ku_sho	BPre15_NStem	BPre15_NStem	BPre15_NStem	BPre15_NStem
ku_enyuk_a	BPre15_VRoot_VerbTerm	BPre15_VRoot_VerbTerm	BPre15_VRoot_VerbTerm	BPre15_VRoot_VerbTerm
kwe_ku_hweb_el_an_a	PossConc15_BPre15_VRoot_ApplExt_RecipExt_VerbTerm	PossConc15_BPre15_VRoot_ApplExt_RecipExt_VerbTerm	PossConc15_BPre15_VRoot_ApplExt_RecipExt_VerbTerm	PossConc15_BPre15_VRoot_ApplExt_RecipExt_VerbTerm
kwa_ma_ve	PossConc15_BPre6_NStem	PossConc15_BPre6_NStem	PossConc15_BPre6_NStem	PossConc15_BPre6_NStem
e_mu_hlaba	LocPre_BPre3_NStem	LocPre_BPre3_NStem	LocPre_BPre3_NStem	PossConc6_BPre3_NStem
na_ku_enyuk_a	AdvPre_BPre15_VRoot_VerbTerm	AdvPre_BPre15_VRoot_VerbTerm	AdvPre_BPre15_VRoot_VerbTerm	AdvPre_BPre15_VRoot_VerbTerm
kwa_ku_tselek_a	PossConc15_BPre15_VRoot_VerbTerm	PossConc15_BPre15_VRoot_VerbTerm	PossConc15_BPre15_VRoot_VerbTerm	PossConc15_BPre15_VRoot_VerbTerm
kwe_ba_ntfu	PossConc15_BPre2_NStem	PossConc15_BPre2_NStem	PossConc15_BPre2_NStem	PossConc15_BPre2_NStem
,	Punc	Punc	Punc	Punc
i_mali	NPre9_NStem	NPre9_NStem	NPre9_NStem	NPre9_NStem
,	Punc	Punc	Punc	Punc
i_mi_bono	NPrePre4_BPre4_NStem	NPrePre4_BPre4_NStem	NPrePre4_BPre4_NStem	NPrePre4_BPre4_NStem
kanye	Adv	Conj	Adv	Adv
na_thekhinoloji	AdvPre_NStem	AdvPre_NStem	AdvPre_NStem	AdvPre_NStem
ku_yo	LocPre_PronStem9	LocPre_PronStem9	LocPre_PronStem9	LocPre_PronStem9
yo_nkhe	QuantConc4_QuantStem	QuantConc4_QuantStem	QuantConc4_QuantStem	QuantConc4_QuantStem
i_mi_nyele	NPrePre4_BPre4_NStem	NPrePre4_BPre4_NStem	NPrePre4_BPre4_NStem	NPrePre4_BPre4_NStem
ku_le_mi_nyakalishumi	LocPre_Dem4_Pos1_BPre4_NStem	LocPre_Pos1_BPre4	LocPre_Dem4_Pos1_BPre4_NStem	LocPre_Pos1_BPre4
ye_ka_mu_va	PossConc9_AdvPre_BPre1_NStem	PossConc9_AdvPre_BPre1_NStem	PossConc9_AdvPre_BPre1_NStem	PossConc4_AdvPre_BPre1_NStem
nje	Adv	Adv	Adv	Adv
.	Punc	Punc	Punc	Punc
leti_n_khambiso	RelConc10_NPre10_NStem	RelConc10_Pos1_BPre10	RelConc10_NPre10_NStem	RelConc10_BPre10_NStem
te_esekele	PossConc8_NStem	PossConc8_NStem	PossConc8_NStem	SC8_VRoot_VerbTerm
ku_tfutfuk_is_w_a	BPre15_VRoot_CausExt_PassExt_VerbTerm	BPre15_VRoot_CausExt_PassExt_VerbTerm	BPre15_VRoot_CausExt_PassExt_VerbTerm	BPre15_VRoot_CausExt_PassExt_VerbTerm
kwa_ma_ve	PossConc15_BPre6_NStem	PossConc15_BPre6_NStem	PossConc15_BPre6_NStem	PossConc15_BPre6_NStem
la_phuy_ile	SC5_VRoot_Perf	RelConc6_VRoot_Perf	SC5_VRoot_Perf	RelConc6_VRoot_Perf
na_la_ne_nzuzo	AdvPre_PossConc5_AdvPre_NStem	AdvPre_PossConc5_AdvPre_NStem	AdvPre_PossConc5_AdvPre_NStem	AdvPre_RelConc6_AdvPre_NPre9_NStem
le_s_e_m_khatsi_ini	PossConc5_PreLoc-s_LocPre_BPre3_NStem_LocSuf	PossConc5_PreLoc-s_LocPre_BPre3_NStem_LocSuf	PossConc5_PreLoc-s_LocPre_BPre3_NStem_LocSuf	PossConc5_PreLoc-s_LocPre_BPre3_NStem_LocSuf
,	Punc	Punc	Punc	Punc
ku_wu_ent_a	SC15_OC3_VRoot_VerbTerm	SC15_OC3_VRoot_VerbTerm	SC15_OC3_VRoot_VerbTerm	SC15_OC3_VRoot_VerbTerm
a_ku_at_i	SC1_OC15_VRoot_VerbTerm	SC1_OC15_VRoot_VerbTerm	SC1_OC15_VRoot_VerbTerm	SC1_OC15_VRoot_VerbTerm
ku_finyel_el_a	BPre15_VRoot_ApplExt_VerbTerm	BPre15_VRoot_ApplExt_VerbTerm	BPre15_VRoot_ApplExt_VerbTerm	BPre15_VRoot_ApplExt_VerbTerm
a_tin_makethe	RelConc6_BPre10_NStem	RelConc6_BPre10_NStem	RelConc6_BPre10_NStem	RelConc6_BPre10_NStem
,	Punc	Punc	Punc	Punc
i_m_phahla	NPrePre9_BPre3_NStem	NPrePre9_BPre3_NStem	NPrePre9_BPre3_NStem	NPrePre9_BPre3_NStem
,	Punc	Punc	Punc	Punc
tin_sita	BPre10_NStem	BPre10_NStem	BPre10_NStem	BPre10_NStem
,	Punc	Punc	Punc	Punc
i_mali	NPre9_NStem	NPre9_NStem	NPre9_NStem	NPre9_NStem
,	Punc	Punc	Punc	Punc
i_thekhinoloji	BPre9_NStem	BPre9_NStem	BPre9_NStem	BPre9_NStem
kanye	Adv	Conj	Adv	Conj
na_e_ma_khono	AdvPre_NPrePre6_BPre6_NStem	AdvPre_NPrePre6_BPre6_NStem	AdvPre_NPrePre6_BPre6_NStem	AdvPre_NPrePre6_BPre6_NStem
.	Punc	Punc	Punc	Punc
ku_chum_an_a	SC15_VRoot_RecipExt_VerbTerm	BPre15_VRoot_RecipExt_VerbTerm	SC15_VRoot_RecipExt_VerbTerm	BPre15_VRoot_RecipExt_VerbTerm
kwa_ma_ve	PossConc15_BPre6_NStem	PossConc15_BPre6_NStem	PossConc15_BPre6_NStem	PossConc15_BPre6_NStem
a_mu_hlaba	LocPre_BPre3_NStem	PossConc6_BPre3_NStem	LocPre_BPre3_NStem	PossConc6_BPre3_NStem
ku_phindz_e	SC15_VRoot_VerbTerm	SC15_VRoot_VerbTerm	SC15_VRoot_VerbTerm	SC15_VRoot_VerbTerm
kwa_fak_a	SC15_VRoot_VerbTerm	SC15_VRoot_VerbTerm	SC15_VRoot_VerbTerm	SC15_VRoot_VerbTerm
si_andla	NPre7_NStem	NPre7_NStem	NPre7_NStem	NPre7_NStem
"	Punc	Punc	Punc	Punc
e_ku_chuman_eni	LocPre_BPre15_VRoot_LocSuf	LocPre_BPre15_VRoot_LocSuf	LocPre_BPre15_VRoot_LocSuf	LocPre_BPre15_VRoot_VerbTerm_LocSuf
"	Punc	Punc	Punc	Punc
lo_ku_khulako	PossConc5_BPre15_NStem	PossConc5_BPre15_NStem	PossConc5_BPre15_NStem	RelConc15_VRoot_VerbTerm_RelSuf
loku_nciphis_e	RelConc15_VRoot_VerbTerm	RelConc15_VRoot_VerbTerm	RelConc15_VRoot_VerbTerm	RelConc15_VRoot_CausExt_VerbTerm
ti_vimbela	BPre8_NStem	BPre8_NStem	BPre8_NStem	SC8_VRoot_ApplExt_VerbTerm
ta_uku_ngen_a	PossConc8_BPre15_VRoot_VerbTerm	PossConc8_BPre15_VRoot_VerbTerm	PossConc8_BPre15_VRoot_VerbTerm	PossConc10_OC15_VRoot_VerbTerm
kwa_phindz_e	SC15_VRoot_VerbTerm	SC15_VRoot_VerbTerm	SC15_VRoot_VerbTerm	SC15_VRoot_VerbTerm
ku_andz_is_a	SC15_VRoot_CausExt_VerbTerm	BPre15_VRoot_CausExt_VerbTerm	SC15_VRoot_CausExt_VerbTerm	BPre15_VRoot_CausExt_VerbTerm
ku_hlom_is_w_a	BPre15_VRoot_CausExt_PassExt_VerbTerm	BPre15_VRoot_CausExt_PassExt_VerbTerm	BPre15_VRoot_CausExt_PassExt_VerbTerm	BPre15_VRoot_CausExt_PassExt_VerbTerm
nga_lu_ati	AdvPre_BPre11_NStem	AdvPre_BPre11_NStem	AdvPre_BPre11_NStem	AdvPre_BPre11_NStem
.	Punc	Punc	Punc	Punc
ku_landz_elel_a	BPre17_VRoot_IntensExt_VerbTerm	BPre15_VRoot_IntensExt_VerbTerm	BPre17_VRoot_IntensExt_VerbTerm	BPre15_VRoot_IntensExt_VerbTerm
na_ku_kala	AdvPre_BPre15_NStem	AdvPre_BPre15_NStem	AdvPre_BPre15_NStem	AdvPre_OC15_VRoot_VerbTerm
ku_sebent_a	BPre15_VRoot_VerbTerm	BPre15_VRoot_VerbTerm	BPre15_VRoot_VerbTerm	BPre15_VRoot_VerbTerm
.	Punc	Punc	Punc	Punc
buk_a	VRoot_VerbTerm	VRoot_VerbTerm	VRoot_VerbTerm	VRoot_VerbTerm
nansi	Dem4_Pos1	Conj	Dem4_Pos1	Adv
i_mi_buto	NPrePre4_BPre4_NStem	NPrePre4_BPre4_NStem	NPrePre4_BPre4_NStem	NPrePre4_BPre4_NStem
le_landzela_ko	PossConc5_NStem_RelSuf	PossConc5_NStem_RelSuf	PossConc5_NStem_RelSuf	PossConc5_NStem_RelSuf
.	Punc	Punc	Punc	Punc
ku_balulek_ile	SC15_VRoot_Perf	SC15_VRoot_Perf	SC15_VRoot_Perf	SC15_VRoot_Perf
futsi	Conj	Conj	Conj	Conj
ku_cinisek_is_a	BPre15_VRoot_CausExt_VerbTerm	BPre15_VRoot_CausExt_VerbTerm	BPre15_VRoot_CausExt_VerbTerm	BPre15_VRoot_CausExt_VerbTerm
kutsi	Conj	Conj	Conj	Conj
u_mu_ntfu	NPrePre1_BPre1_NStem	NPrePre1_BPre1_NStem	NPrePre1_BPre1_NStem	NPrePre1_BPre1_NStem
lo_tsite	RelConc1_RelStem	RelConc3_RelStem	RelConc1_RelStem	RelConc3_RelStem
a_buk_an_e	SC1_VRoot_RecipExt_VerbTerm	RelConc6_VRoot_RecipExt_VerbTerm	SC1_VRoot_RecipExt_VerbTerm	CopPre_VRoot_RecipExt_VerbTerm
na_ku_lungis_elel_a	AdvPre_OC15_VRoot_IntensExt_VerbTerm	AdvPre_OC15_VRoot_IntensExt_VerbTerm	AdvPre_OC15_VRoot_IntensExt_VerbTerm	AdvPre_OC15_VRoot_VerbTerm
lolu_hlelo	Dem11_Pos1_NStem	Pos1	Dem11_Pos1_NStem	Pos1
kute	Conj	Conj	Conj	Conj
ku_gwem_w_e	SC15_VRoot_PassExt_VerbTerm	SC15_VRoot_PassExt_VerbTerm	SC15_VRoot_PassExt_VerbTerm	SC15_OC3_VRoot_PassExt_VerbTerm
si_mo	BPre7_NStem	BPre7_NStem	BPre7_NStem	BPre7_NStem
lapho	Conj	Conj	Conj	Conj
ku_nga_khona	SC15_NegPre_Adv	SC15_NegPre_Adv	SC15_NegPre_Adv	SC15_Adv
u_mu_ntfu	NPrePre1_BPre1_NStem	NPrePre1_BPre1_NStem	NPrePre1_BPre1_NStem	NPrePre1_BPre1_NStem
lo_tsats_a	RelConc1_VRoot_VerbTerm	Pos1_VRoot	RelConc1_VRoot_VerbTerm	Pos1_VRoot
li_cala	BPre5_NStem	BPre5_NStem	BPre5_NStem	BPre5_NStem
li_mayela_na	BPre5_NStem_DimSuf	BPre5_NStem_DimSuf	BPre5_NStem_DimSuf	Adv
na_ku_lungis_elel_w_a	AdvPre_OC15_VRoot_ApplExt_PassExt_VerbTerm	AdvPre_OC15_VRoot_IntensExt_PassExt_VerbTerm	AdvPre_OC15_VRoot_ApplExt_PassExt_VerbTerm	AdvPre_OC15_VRoot_PassExt_VerbTerm
kwe_lu_hlelo	PossConc15_NPre11_NStem	PossConc15_NPre11_NStem	PossConc15_NPre11_NStem	PossConc15_NPre11_NStem
.	Punc	Punc	Punc	Punc
ku_cin_is_a	BPre15_VRoot_CausExt_VerbTerm	BPre15_VRoot_CausExt_VerbTerm	BPre15_VRoot_CausExt_VerbTerm	BPre15_VRoot_CausExt_VerbTerm
tin_hlelo	BPre10_NStem	BPre10_NStem	BPre10_NStem	BPre10_NStem
te_te_m_philo	PossConc10_PossConc9_BPre9_NStem	PossConc10_BPre8_BPre3_NStem	PossConc10_PossConc9_BPre9_NStem	PossConc10_BPre8_BPre3_NStem
kanye	Conj	Conj	Conj	Adv
ne_ku_ent_a	AdvPre_SC15_VRoot_VerbTerm	AdvPre_BPre15_VRoot_VerbTerm	AdvPre_SC15_VRoot_VerbTerm	AdvPre_BPre15_VRoot_VerbTerm
banti	RelStem	RelStem	RelStem	RelStem
tin_hlelo	BPre10_NStem	BPre10_NStem	BPre10_NStem	BPre10_NStem
te_te_m_philo	PossConc10_PossConc9_BPre9_NStem	PossConc10_BPre8_BPre3_NStem	PossConc10_PossConc9_BPre9_NStem	PossConc10_BPre8_BPre3_NStem
leti_tful_w_a	RelConc10_VRoot_PassExt_VerbTerm	RelConc10_VRoot_PassExt_VerbTerm	RelConc10_VRoot_PassExt_VerbTerm	RelConc10_VRoot_PassExt_VerbTerm
ti_godzi	BPre8_NStem	BPre8_NStem	BPre8_NStem	BPre8_NStem
,	Punc	Punc	Punc	Punc
leti_njenga_tin_hlelo	RelConc10_AdvPre_BPre10_NStem	RelConc10_AdvPre_BPre10_NStem	RelConc10_AdvPre_BPre10_NStem	RelConc10_AdvPre_NPre10_NStem
ta_ti_sebenti	PossConc10_BPre8_NStem	PossConc8_BPre8_NStem	PossConc10_BPre8_NStem	PossConc8_BPre8_NStem
te_te_m_philo	PossConc10_PossConc9_BPre9_NStem	PossConc10_BPre8_BPre3_NStem	PossConc10_PossConc9_BPre9_NStem	PossConc10_BPre8_BPre3_NStem
ta_u_mu_mango	PossConc8_NPrePre3_BPre3_NStem	PossConc8_NPrePre3_BPre3_NStem	PossConc8_NPrePre3_BPre3_NStem	PossConc8_NPrePre3_BPre3_NStem
na_tin_hlelo	AdvPre_BPre10_NStem	AdvPre_BPre10_NStem	AdvPre_BPre10_NStem	AdvPre_BPre10_NStem
ta_ku_belek_is_a	PossConc10_BPre15_VRoot_CausExt_VerbTerm	PossConc10_BPre15_VRoot_CausExt_VerbTerm	PossConc10_BPre15_VRoot_CausExt_VerbTerm	PossConc10_BPre15_VRoot_CausExt_VerbTerm
kanye	Conj	Adv	Conj	Adv
na_ku_fundz_a	AdvPre_OC15_VRoot_VerbTerm	AdvPre_BPre15_VRoot_VerbTerm	AdvPre_OC15_VRoot_VerbTerm	AdvPre_BPre15_VRoot_VerbTerm
nga_ta_m_philo	AdvPre_PossConc9_BPre9_NStem	AdvPre_PossConc10_BPre3_NStem	AdvPre_PossConc9_BPre9_NStem	AdvPre_PossConc10_BPre3_NStem
.	Punc	Punc	Punc	Punc
lesi_gaba	Dem7_Pos1_NStem	Pos1	Dem7_Pos1_NStem	Pos1
si_niket_a	SC7_VRoot_VerbTerm	SC7_VRoot_VerbTerm	SC7_VRoot_VerbTerm	SC7_VRoot_VerbTerm
laba_caban_ile	RelConc2_VRoot_Perf	RelConc2_VRoot_Perf	RelConc2_VRoot_Perf	RelConc2_VRoot_Perf
li_tfuba	BPre5_NStem	BPre5_NStem	BPre5_NStem	BPre5_NStem
la_kutsi	PossConc5_NStem	PossConc5_NStem	PossConc5_NStem	PossConc5_NStem
ba_tfol_isis_e	SC2_VRoot_IntensExt_VerbTerm	SC2_VRoot_IntensExt_VerbTerm	SC2_VRoot_IntensExt_VerbTerm	SC2_VRoot_IntensExt_VerbTerm
kutsi	Conj	Conj	Conj	Conj
ngu_kuphi	AdvPre_NStem	AdvPre_Interrog	AdvPre_NStem	CopPre_BPre15_Interrog
laba_nga_iv_an_i	RelConc2_NegPre_VRoot_RecipExt_VerbTerm	RelConc2_NegPre_VRoot_RecipExt_VerbTerm	RelConc2_NegPre_VRoot_RecipExt_VerbTerm	RelConc2_NegPre_VRoot_RecipExt_VerbTerm
khona	Adv	Adv	Adv	Adv
,	Punc	Punc	Punc	Punc
na_ne_ku_tflol_a	AdvPre_AdvPre_OC15_VRoot_VerbTerm	AdvPre_AdvPre_OC15_VRoot_VerbTerm	AdvPre_AdvPre_OC15_VRoot_VerbTerm	AdvPre_AdvPre_OC15_VRoot_VerbTerm
ba_mbimbis_an_ile	SC2_VRoot_RecipExt_Perf	SC2_VRoot_RecipExt_Perf	SC2_VRoot_RecipExt_Perf	SC2_VRoot_CausExt_RecipExt_Perf
kutsi	Conj	Conj	Conj	Conj
i_cabano	NPre9_NStem	NPre9_NStem	NPre9_NStem	NPrePre4_NStem
ya_bo	PossConc9_PronStem14	PossConc9_PronStem2	PossConc9_PronStem14	PossConc9_PronStem2
ngabe	Conj	Conj	Conj	Conj
si_susa	NPre7_NStem	BPre7_NStem	NPre7_NStem	BPre7_NStem
sa_yo	PossConc7_PronStem9	PossConc7_PronStem9	PossConc7_PronStem9	PossConc7_PronStem9
si_yini	SC7_Interrog	SC7_Interrog	SC7_Interrog	SC1pp_Interrog
.	Punc	Punc	Punc	Punc
laba_caban_ile	RelConc2_VRoot_Perf	RelConc2_VRoot_Perf	RelConc2_VRoot_Perf	RelConc2_VRoot_Perf
ku_fut_e	SC15_VRoot_VerbTerm	SC15_VRoot_VerbTerm	SC15_VRoot_VerbTerm	SC15_VRoot_VerbTerm
ba_fik_e	SC2_VRoot_VerbTerm	SC2_VRoot_VerbTerm	SC2_VRoot_VerbTerm	SC2_VRoot_VerbTerm
e_zinga_ini	LocPre_NStem_LocSuf	LocPre_NStem_LocSuf	LocPre_NStem_LocSuf	LocPre_BPre5_NStem_LocSuf
la_ku_yi_yat_i	PossConc9_NPre9_OC9_VRoot_VerbTerm	PossConc5_OC15_OC9_VRoot_VerbTerm	PossConc9_NPre9_OC9_VRoot_VerbTerm	PossConc5_BPre15_OC9_VRoot_VerbTerm
in_kinga	BPre9_NStem	NPre9_NStem	BPre9_NStem	NPre9_NStem
ya_bo	PossConc9_PronStem14	PossConc9_PronStem2	PossConc9_PronStem14	PossConc9_PronStem2
kutsi	Conj	Conj	Conj	Conj
i_yini	SC4_Interrog	SC9_Interrog	SC4_Interrog	SC9_Interrog
.	Punc	Punc	Punc	Punc
li_komidi	BPre5_NStem	BPre5_NStem	BPre5_NStem	BPre5_NStem
le_li_wadi	PossConc5_BPre5_NStem	PossConc5_BPre5_NStem	PossConc5_BPre5_NStem	PossConc5_BPre5_NStem
kanye	Conj	Conj	Conj	Conj
na_laba_nye	AdvPre_AdjPref2_AdjStem	AdvPre_AdjPref2_AdjStem	AdvPre_AdjPref2_AdjStem	AdvPre_AdjPref2_AdjStem
ba_ntfu	BPre2_NStem	BPre2_NStem	BPre2_NStem	BPre2_NStem
laba_nga_hle	RelConc2_Pot_Adv	RelConc2_Pot_NStem	RelConc2_Pot_Adv	RelConc2_Pot_AuxVStem
ba_bandzakany_ek_e	SC2_VRoot_NeutExt_VerbTerm	SC2_Intrans_VerbExt_VerbTerm	SC2_VRoot_NeutExt_VerbTerm	SC2_Intrans_VerbExt_VerbTerm
e_ku_sebent_is_a_ini	LocPre_BPre15_VRoot_CausExt_VerbTerm_LocSuf	LocPre_BPre15_VRoot_CausExt_VerbTerm_LocSuf	LocPre_BPre15_VRoot_CausExt_VerbTerm_LocSuf	LocPre_BPre15_VRoot_CausExt_VerbTerm_LocSuf
,	Punc	Punc	Punc	Punc
loku_fak_a	RelConc15_VRoot_VerbTerm	RelConc15_VRoot_VerbTerm	RelConc15_VRoot_VerbTerm	RelConc15_VRoot_VerbTerm
e_khatsi	LocPre_Adv	LocPre_Adv	LocPre_Adv	LocPre_Adv
u_mu_meleli	NPrePre1_BPre1_NStem	NPrePre1_BPre1_NStem	NPrePre1_BPre1_NStem	NPrePre1_BPre1_NStem
lo_vel_a	RelConc3_VRoot_VerbTerm	RelConc3_VRoot_VerbTerm	RelConc3_VRoot_VerbTerm	RelConc3_VRoot_VerbTerm
ku_lelo	LocPre_Dem5_Pos2	LocPre	LocPre_Dem5_Pos2	LocPre
na_lelo	AdvPre_Dem5_Pos2	AdvPre	AdvPre_Dem5_Pos2	AdvPre
cembu	NStem	NStem	NStem	NStem
la_ku_sebent_a	PossConc5_OC15_VRoot_VerbTerm	PossConc5_OC15_VRoot_VerbTerm	PossConc5_OC15_VRoot_VerbTerm	RelConc15_VRoot_VerbTerm
nga_u_mu_gomo	AdvPre_NPrePre3_BPre3_NStem	AdvPre_NPrePre3_BPre3_NStem	AdvPre_NPrePre3_BPre3_NStem	AdvPre_NPrePre3_BPre3_NStem
ba_hlangan_e	SC2_VRoot_VerbTerm	SC2_VRoot_VerbTerm	SC2_VRoot_VerbTerm	SC2a_VRoot_VerbTerm
loku_nge_nani	RelConc15_AdvPre_NStem	RelConc15_AdvPre_NStem	RelConc15_AdvPre_NStem	RelConc15_AdvPre_NStem
e_ma_awa	NPrePre6_BPre6_NStem	NPrePre6_BPre6_NStem	NPrePre6_BPre6_NStem	NPrePre6_BPre6_NStem
lama_bili	AdjPref6_AdjStem	AdjPref6_AdjStem	AdjPref6_AdjStem	AdjPref6_AdjStem
ba_sebent_is_a	SC2_VRoot_CausExt_VerbTerm	SC2_VRoot_CausExt_VerbTerm	SC2_VRoot_CausExt_VerbTerm	SC2_VRoot_CausExt_VerbTerm
i_metriksi	BPre9_NStem	NPre9_NStem	BPre9_NStem	NPre9_NStem
kutsi	Conj	Conj	Conj	Conj
i_ba_sit_e	SC9_OC2_VRoot_VerbTerm	SC9_SC2_VRoot_VerbTerm	SC9_OC2_VRoot_VerbTerm	NPrePre4_OC2_NStem
mayelana	Conj	Adv	Conj	Adv
na_li_su	AdvPre_BPre5_NStem	AdvPre_BPre5_NStem	AdvPre_BPre5_NStem	AdvPre_NStem
la_ku_sebent_a	PossConc5_OC15_VRoot_VerbTerm	PossConc5_OC15_VRoot_VerbTerm	PossConc5_OC15_VRoot_VerbTerm	RelConc15_VRoot_VerbTerm
.	Punc	Punc	Punc	Punc
ku_ehluk_an_a	BPre15_VRoot_RecipExt_VerbTerm	SC15_VRoot_RecipExt_VerbTerm	BPre15_VRoot_RecipExt_VerbTerm	BPre15_VRoot_RecipExt_VerbTerm
:	Punc	Punc	Punc	Punc
i_n_dlela	NPrePre9_BPre9_NStem	NPrePre9_BPre9_NStem	NPrePre9_BPre9_NStem	NPrePre9_BPre9_NStem
ye_ku_ti_bandzakany_a	PossConc9_BPre15_ReflPre_VRoot_VerbTerm	PossConc9_BPre15_ReflPre_VRoot_VerbTerm	PossConc9_BPre15_ReflPre_VRoot_VerbTerm	PossConc9_OC15_ReflPre_VRoot_VerbTerm
kwe_m_mango	PossConc15_BPre3_NStem	PossConc15_BPre3_NStem	PossConc15_BPre3_NStem	PossConc15_BPre3_NStem
ne_ku_akh_iw_a	AdvPre_BPre15_VRoot_PassExt_VerbTerm	AdvPre_BPre15_VRoot_PassExt_VerbTerm	AdvPre_BPre15_VRoot_PassExt_VerbTerm	AdvPre_BPre15_VRoot_PassExt_VerbTerm
kwa_yo	PossConc15_PronStem4	PossConc15_PronStem4	PossConc15_PronStem4	PossConc15_PronStem4
ku_mel_e	SC15_VRoot_VerbTerm	SC15_VRoot_VerbTerm	SC15_VRoot_VerbTerm	SC15_VRoot_VerbTerm
ku_niket_e	SC15_VRoot_VerbTerm	SC15_VRoot_VerbTerm	SC15_VRoot_VerbTerm	SC15_VRoot_VerbTerm
e_ma_tfuba	NPrePre6_BPre6_NStem	NPrePre6_BPre6_NStem	NPrePre6_BPre6_NStem	NPrePre6_BPre6_NStem
ekwa_ehlukan_a	PossConc6_VRoot_VerbTerm	RelConc15_VRoot_VerbTerm	PossConc6_VRoot_VerbTerm	LocPre_OC15_VRoot_RecipExt_VerbTerm
,	Punc	Punc	Punc	Punc
i.e.	Abbr	BPre9	Abbr	Abbr
tin_dlela	BPre10_NStem	BPre10_NStem	BPre10_NStem	BPre10_NStem
na_ma_siko	AdvPre_BPre6_NStem	AdvPre_BPre6_NStem	AdvPre_BPre6_NStem	AdvPre_BPre6_NStem
la_ehluk_an_ile	PossConc5_VRoot_RecipExt_Perf	PossConc5_VRoot_RecipExt_Perf	PossConc5_VRoot_RecipExt_Perf	PossConc5_VRoot_RecipExt_Perf
e_ku_ti_bandzakany_a	LocPre_OC15_ReflPre_VRoot_VerbTerm	LocPre_BPre15_ReflPre_VRoot_VerbTerm	LocPre_OC15_ReflPre_VRoot_VerbTerm	LocPre_BPre15_ReflPre_VRoot_VerbTerm
.	Punc	Punc	Punc	Punc
noma	Conj	Conj	Conj	Conj
ngabe	Conj	Conj	Conj	Conj
ku_fanel_e	SC15_VRoot_VerbTerm	SC15_VRoot_VerbTerm	SC15_VRoot_VerbTerm	SC15_VRoot_VerbTerm
ku_be	SC15_AuxVStem	SC15_AuxVStem	SC15_AuxVStem	SC15_AuxVStem
ne_si_akhiwo	AdvPre_BPre7_NStem	AdvPre_BPre7_NStem	AdvPre_BPre7_NStem	AdvPre_BPre7_NStem
se_m_tsetfo	PossConc7_BPre3_NStem	PossConc7_BPre3_NStem	PossConc7_BPre3_NStem	PossConc7_BPre3_NStem
lesi_bek_el_w_e	RelConc7_VRoot_ApplExt_PassExt_VerbTerm	RelConc7_VRoot_ApplExt_PassExt_VerbTerm	RelConc7_VRoot_ApplExt_PassExt_VerbTerm	RelConc7_VRoot_ApplExt_PassExt_VerbTerm
ku_ti_bandzakany_a	SC15_OC10_VRoot_VerbTerm	BPre15_ReflPre_VRoot_VerbTerm	SC15_OC10_VRoot_VerbTerm	BPre15_ReflPre_VRoot_VerbTerm
e_venilonkhe	LocPre_NStem	LocPre_NStem	LocPre_NStem	LocPre_BPre5_NStem
,	Punc	Punc	Punc	Punc
le_si_akhiwo	PossConc5_BPre7_NStem	PossConc5_BPre7_NStem	PossConc5_BPre7_NStem	Pos1
ku_fanel_e	SC15_VRoot_VerbTerm	SC15_VRoot_VerbTerm	SC15_VRoot_VerbTerm	SC15_VRoot_VerbTerm
si_vulek_e	OC7_VRoot_VerbTerm	SC7_VRoot_VerbTerm	OC7_VRoot_VerbTerm	SC7_VRoot_NeutExt_VerbTerm
ka_khulu	AdvPre_AdjStem	AdvPre_AdjStem	AdvPre_AdjStem	AdvPre_AdjStem
khona	Conj	Adv	Conj	Adv
tin_dzawo	NPre10_NStem	BPre10_NStem	NPre10_NStem	BPre10_NStem
leti_tsite	RelConc10_RelStem	RelConc10_RelStem	RelConc10_RelStem	RelConc10_RelStem
ti_tokhon_a	SC8_VRoot_VerbTerm	BPre8_VRoot_VerbTerm	SC8_VRoot_VerbTerm	SC8_Fut_Adv
ku_si_gucula	LocPre_BPre7_NStem	LocPre_BPre7_NStem	LocPre_BPre7_NStem	SC15_BPre7_VRoot_VerbTerm
nge_ku_ent_a	AdvPre_BPre15_VRoot_VerbTerm	AdvPre_SC15_VRoot_VerbTerm	AdvPre_BPre15_VRoot_VerbTerm	AdvPre_OC15_VRoot_VerbTerm
kwe_ti_fundza	PossConc15_NPre8_NStem	PossConc15_BPre8_NStem	PossConc15_NPre8_NStem	PossConc15_BPre8_NStem
na_bo_masipala	AdvPre_BPre2a_NStem	AdvPre_BPre2a_NStem	AdvPre_BPre2a_NStem	AdvPre_BPre2a_NStem
.	Punc	Punc	Punc	Punc
u_mu_tsetfo	NPrePre3_BPre3_NStem	NPrePre3_BPre3_NStem	NPrePre3_BPre3_NStem	NPrePre3_BPre3_NStem
si_sekelo	BPre7_NStem	BPre7_NStem	BPre7_NStem	BPre7_NStem
u_bek_a	SC3_VRoot_VerbTerm	SC1_VRoot_VerbTerm	SC3_VRoot_VerbTerm	SC1_VRoot_VerbTerm
ti_dzingo	BPre8_NStem	BPre8_NStem	BPre8_NStem	BPre8_NStem
leti_si_sekelo	RelConc8_BPre7_NStem	RelConc8_BPre7_NStem	RelConc8_BPre7_NStem	RelConc8_BPre7_NStem
leti_m_bili	AdjPref8_BPre3_AdjStem	AdjPref8_BPre3_AdjStem	AdjPref8_BPre3_AdjStem	AdjPref10_BPre3_AdjStem
ta_ku_shay_a	PossConc8_OC15_VRoot_VerbTerm	PossConc8_OC15_VRoot_VerbTerm	PossConc8_OC15_VRoot_VerbTerm	PossConc10_OC15_VRoot_VerbTerm
u_mu_tsetfo	NPrePre3_BPre3_NStem	NPrePre3_BPre3_NStem	NPrePre3_BPre3_NStem	NPrePre3_BPre3_NStem
ngu_masipala	CopPre_NStem	CopPre_NStem	CopPre_NStem	CopPre_NStem
.	Punc	Punc	Punc	Punc
kwe_ku_cala	PossConc15_SC15_NStem	PossConc15_BPre15_NStem	PossConc15_SC15_NStem	LocPre_NStem
u_mu_tsetfo	NPrePre3_BPre3_NStem	NPrePre3_BPre3_NStem	NPrePre3_BPre3_NStem	NPrePre3_BPre3_NStem
ku_mel_e	SC15_VRoot_VerbTerm	SC15_VRoot_VerbTerm	SC15_VRoot_VerbTerm	SC15_VRoot_VerbTerm
u_sekel_w_e	SC3_VRoot_PassExt_VerbTerm	SC3_VRoot_PassExt_VerbTerm	SC3_VRoot_PassExt_VerbTerm	SC3_VRoot_ApplExt_PassExt_VerbTerm
li_nyenti	AdjPref5_AdjStem	AdjPref5_AdjStem	AdjPref5_AdjStem	AdjPref5_AdjStem
le_ma_khansela	PossConc5_BPre6_NStem	PossConc5_BPre6_NStem	PossConc5_BPre6_NStem	PossConc5_BPre6_NStem
,	Punc	Punc	Punc	Punc
kwa_si_bili	PossConc15_BPre7_NStem	PossConc15_BPre7_NStem	PossConc15_BPre7_NStem	PossConc15_BPre7_NStem
,	Punc	Punc	Punc	Punc
u_mu_mango	NPrePre3_BPre3_NStem	NPrePre3_BPre3_NStem	NPrePre3_BPre3_NStem	NPrePre3_BPre3_NStem
ku_mel_e	SC15_VRoot_VerbTerm	SC15_VRoot_VerbTerm	SC15_VRoot_VerbTerm	SC15_VRoot_VerbTerm
kube	Conj	Conj	Conj	SC15_AuxVStem
se_wu_k_e	PossConc7_OC3_VRoot_VerbTerm	ProgPre_OC3_VRoot_VerbTerm	PossConc7_OC3_VRoot_VerbTerm	ProgPre_VRoot_VerbTerm
wa_tfol_a	SC3_VRoot_VerbTerm	SC3_VRoot_VerbTerm	SC3_VRoot_VerbTerm	SC3_VRoot_VerbTerm
li_tfuba	BPre5_NStem	BPre5_NStem	BPre5_NStem	BPre5_NStem
ku_bek_a	BPre15_VRoot_VerbTerm	BPre15_VRoot_VerbTerm	BPre15_VRoot_VerbTerm	BPre15_VRoot_VerbTerm
lu_vo	BPre11_NStem	BPre11_NStem	BPre11_NStem	BPre11_NStem
mayelana	Adv	Adv	Adv	Adv
na_loyo	AdvPre_Dem3_Pos2	AdvPre	AdvPre_Dem3_Pos2	AdvPre
m_tsetfo	BPre3_NStem	BPre3_NStem	BPre3_NStem	BPre3_NStem
.	Punc	Punc	Punc	Punc
ti_godzi	CopPre_NStem	BPre8_NStem	CopPre_NStem	BPre8_NStem
leti_nga_phasi	RelConc8_AdvPre_Adv	RelConc10_AdvPre_Adv	RelConc8_AdvPre_Adv	RelConc10_NegPre_VRoot_VerbTerm
kwa_li_wadi	PossConc5_BPre5_NStem	PossConc5_BPre5_NStem	PossConc5_BPre5_NStem	PossConc15_BPre5_NStem
,	Punc	Punc	Punc	Punc
ti_ya_cel_w_a	SC8_Pres_VRoot_PassExt_VerbTerm	SC8_Pres_VRoot_PassExt_VerbTerm	SC8_Pres_VRoot_PassExt_VerbTerm	SC10_Pres_VRoot_PassExt_VerbTerm
kutsi	Conj	Conj	Conj	Conj
ti_tfum_el_e	SC8_VRoot_ApplExt_VerbTerm	SC10_VRoot_ApplExt_VerbTerm	SC8_VRoot_ApplExt_VerbTerm	SC8_VRoot_ApplExt_VerbTerm
e_ma_gama	NPrePre6_BPre6_NStem	NPrePre6_BPre6_NStem	NPrePre6_BPre6_NStem	NPrePre6_BPre6_NStem
a_leti_ba_ncom_ile	SC6_RelConc8_OC2_VRoot_Perf	SC6_OC2_VRoot_Perf	SC6_RelConc8_OC2_VRoot_Perf	SC6_RelConc8_OC2_VRoot_Perf
kutsi	Conj	Conj	Conj	Conj
ba_ti_m_elel_e	SC2_OC8_VRoot_IntensExt_VerbTerm	SC2_ReflPre_VRoot_IntensExt_VerbTerm	SC2_OC8_VRoot_IntensExt_VerbTerm	SC2_ReflPre_VRoot_VerbTerm
e_komidi_ini	LocPre_NStem_LocSuf	LocPre_NStem_LocSuf	LocPre_NStem_LocSuf	LocPre_NStem_LocSuf
le_li_wadi	PossConc5_BPre5_NStem	PossConc5_BPre5_NStem	PossConc5_BPre5_NStem	PossConc5_BPre5_NStem
.	Punc	Punc	Punc	Punc
e_ma_menenja	NPrePre6_BPre6_NStem	NPrePre6_BPre6_NStem	NPrePre6_BPre6_NStem	NPrePre6_BPre6_NStem
a_mu_khandlu	PossConc6_BPre3_NStem	PossConc6_BPre3_NStem	PossConc6_BPre3_NStem	PossConc6_BPre3_NStem
a_emukel_a	SC6_VRoot_VerbTerm	SC1a_VRoot_VerbTerm	SC6_VRoot_VerbTerm	SC6_VRoot_VerbTerm
i_mi_biko	NPrePre4_BPre4_NStem	NPrePre4_BPre4_NStem	NPrePre4_BPre4_NStem	NPrePre4_BPre4_NStem
le_buy_a	RelConc4_VRoot_VerbTerm	RelConc4_VRoot_VerbTerm	RelConc4_VRoot_VerbTerm	RelConc4_VRoot_VerbTerm
e_si_gungu_ini	LocPre_BPre7_NStem_LocSuf	LocPre_BPre7_NStem_LocSuf	LocPre_BPre7_NStem_LocSuf	LocPre_BPre7_NStem_LocSuf
se_ku_ti_bandzakany_a	PossConc7_OC15_ReflPre_VRoot_VerbTerm	PossConc7_OC15_ReflPre_VRoot_VerbTerm	PossConc7_OC15_ReflPre_VRoot_VerbTerm	PossConc7_OC15_ReflPre_VRoot_VerbTerm
kwa_si_ve	PossConc15_BPre7_NStem	PossConc15_BPre7_NStem	PossConc15_BPre7_NStem	PossConc15_BPre7_NStem
ku_ent_a	BPre15_VRoot_VerbTerm	BPre15_VRoot_VerbTerm	BPre15_VRoot_VerbTerm	BPre15_VRoot_VerbTerm
u_mu_sebenti	NPrePre3_BPre3_NStem	NPrePre3_BPre3_NStem	NPrePre3_BPre3_NStem	NPrePre3_BPre3_NStem
wa_ku_londvolot_a	PossConc3_OC15_VRoot_VerbTerm	PossConc3_OC15_VRoot_VerbTerm	PossConc3_OC15_VRoot_VerbTerm	PossConc3_OC15_VRoot_VerbTerm
nobe	Conj	Conj	Conj	Conj
ku_buyeket_w_a	BPre15_VRoot_PassExt_VerbTerm	BPre15_VRoot_PassExt_VerbTerm	BPre15_VRoot_PassExt_VerbTerm	BPre15_VRoot_PassExt_VerbTerm
ba_phatsi	BPre2_NStem	BPre2_NStem	BPre2_NStem	BPre2_NStem
ku_ngaka_mikis_w_a	SC15_NegPre_VRoot_PassExt_VerbTerm	SC15_NegPre_VRoot_PassExt_VerbTerm	SC15_NegPre_VRoot_PassExt_VerbTerm	SC15_Pot_VRoot_PassExt_VerbTerm
e_komidi_ini	LocPre_NStem_LocSuf	LocPre_NStem_LocSuf	LocPre_NStem_LocSuf	LocPre_NStem_LocSuf
le_ba_phatsiswa	RelConc9_BPre2_NStem	LocPre_BPre2_NStem	RelConc9_BPre2_NStem	RelConc9_OC2_VRoot_CausExt_PassExt_VerbTerm
nobe	Conj	Conj	Conj	Conj
li_komidi	BPre5_NStem	BPre5_NStem	BPre5_NStem	BPre5_NStem
la_mu_phatsidolobha	PossConc5_BPre1_NStem	PossConc5_BPre1_NStem	PossConc5_BPre1_NStem	PossConc5_BPre3_NStem
ne_ba_phatsiswa	AdvPre_NPre2_NStem	AdvPre_NPre2_NStem	AdvPre_NPre2_NStem	AdvPre_BPre2_NStem
kute	Conj	Conj	Conj	Conj
ku_ent_iw_e	SC15_VRoot_PassExt_VerbTerm	SC15_VRoot_PassExt_VerbTerm	SC15_VRoot_PassExt_VerbTerm	SC15_VRoot_PassExt_VerbTerm
ti_ncumo	NPre8_NStem	BPre8_NStem	NPre8_NStem	BPre8_NStem
ta_i_politiki	PossConc8_NPre9_NStem	PossConc8_NPre9_NStem	PossConc8_NPre9_NStem	PossConc8_NStem
.	Punc	Punc	Punc	Punc
masipala	NStem	NStem	NStem	NStem
u_hlel_a	SC1a_VRoot_VerbTerm	SC3_VRoot_VerbTerm	SC1a_VRoot_VerbTerm	SC3_VRoot_VerbTerm
ku_akh_a	BPre15_VRoot_VerbTerm	BPre15_VRoot_VerbTerm	BPre15_VRoot_VerbTerm	BPre15_VRoot_VerbTerm
si_bhedlela	BPre7_NStem	BPre7_NStem	BPre7_NStem	BPre7_NStem
ku_wadi	BPre17_NStem	LocPre_NStem	BPre17_NStem	LocPre_NStem
ABC	Abbr	Abbr	Abbr	Abbr
.	Punc	Punc	Punc	Punc
ba_chumanisi	BPre2_NStem	BPre2_NStem	BPre2_NStem	SC2_VRoot_CausExt_VerbTerm
ba_nga_phandle	SC2_AdvPre_Adv	SC2_AdvPre_Adv	SC2_AdvPre_Adv	SC2_AdvPre_Adv
ba_nik_w_e	SC2_VRoot_PassExt_VerbTerm	SC2_VRoot_PassExt_VerbTerm	SC2_VRoot_PassExt_VerbTerm	SC2_VRoot_PassExt_VerbTerm
in_kontileka	NPre9_NStem	NPre9_NStem	NPre9_NStem	NPre9_NStem
ya_ku_tfol_a	PossConc9_OC15_VRoot_VerbTerm	PossConc9_OC15_VRoot_VerbTerm	PossConc9_OC15_VRoot_VerbTerm	PossConc9_OC15_VRoot_VerbTerm
lu_ati	BPre11_NStem	BPre11_NStem	BPre11_NStem	BPre11_NStem
lolu_mayelana	RelConc11_Adv	RelConc11_Adv	RelConc11_Adv	RelConc11_Adv
na_li_nani	AdvPre_BPre5_NStem	AdvPre_BPre5_NStem	AdvPre_BPre5_NStem	AdvPre_BPre5_NStem
la_ba_ntfu	PossConc5_BPre2_NStem	PossConc5_BPre2_NStem	PossConc5_BPre2_NStem	RelConc9_BPre2_NStem
e_wadi_ini	LocPre_NStem_LocSuf	LocPre_NStem_LocSuf	LocPre_NStem_LocSuf	LocPre_NStem_LocSuf
,	Punc	Punc	Punc	Punc
li_zinga	BPre5_NStem	BPre5_NStem	BPre5_NStem	BPre5_NStem
la_ku_sebent_a	PossConc5_BPre15_VRoot_VerbTerm	PossConc5_OC15_VRoot_VerbTerm	PossConc5_BPre15_VRoot_VerbTerm	RelConc15_VRoot_VerbTerm
ne_ku_nga_sebenti	AdvPre_BPre15_AdvPre_NStem	AdvPre_BPre15_NegPre_NStem	AdvPre_BPre15_AdvPre_NStem	AdvPre_OC15_NegPre_VRoot_VerbTerm
,	Punc	Punc	Punc	Punc
li_nani	NPre5_NStem	BPre5_NStem	NPre5_NStem	BPre5_NStem
la_laba_dzala	PossConc5_AdjPref2_AdjStem	PossConc5_AdjPref2_AdjStem	PossConc5_AdjPref2_AdjStem	PossConc5_AdjPref2_AdjStem
,	Punc	Punc	Punc	Punc
li_nani	BPre5_NStem	BPre5_NStem	BPre5_NStem	BPre5_NStem
la_laba_sha	PossConc5_AdjPref2_AdjStem	PossConc5_AdjPref2_AdjStem	PossConc5_AdjPref2_AdjStem	PossConc5_AdjPref2_AdjStem
,	Punc	Punc	Punc	Punc
li_nani	BPre5_NStem	BPre5_NStem	BPre5_NStem	BPre5_NStem
le_ba_ntfu	RelConc9_BPre2_NStem	RelConc9_BPre2_NStem	RelConc9_BPre2_NStem	RelConc9_BPre2_NStem
laba_phil_a	RelConc2_VRoot_VerbTerm	RelConc2_VRoot_VerbTerm	RelConc2_VRoot_VerbTerm	RelConc2_VRoot_VerbTerm
ne_HIV	AdvPre_Abbr	AdvPre_Abbr	AdvPre_Abbr	AdvPre_NStem
ne_AIDS	AdvPre_ProperName	AdvPre_ProperName	AdvPre_ProperName	AdvPre_Foreign
njll	Abbr	Abbr	Abbr	Abbr
.	Punc	Punc	Punc	Punc
a_ba_ka_tsints_an_i	NegPre_OC2_ExclNeg_VRoot_RecipExt_VerbTerm	NegPre_SC2_ExclNeg_VRoot_RecipExt_VerbTerm	NegPre_OC2_ExclNeg_VRoot_RecipExt_VerbTerm	NegPre_SC2_ExclNeg_VRoot_RecipExt_VerbTerm
na_u_m_mango	AdvPre_NPrePre1a_BPre1a_NStem	AdvPre_NPrePre1a_BPre1a_NStem	AdvPre_NPrePre1a_BPre1a_NStem	AdvPre_NPrePre1a_BPre1a_NStem
nga_kutsi	AdvPre_Conj	AdvPre_Conj	AdvPre_Conj	AdvPre_Conj
ingabe	Interrog	Conj	Interrog	Conj
i_wadi	BPre9_NStem	BPre9_NStem	BPre9_NStem	BPre9_NStem
ABC	Abbr	Abbr	Abbr	VRoot
i_yi_n_dzawo	BPre9_CopPre_NPre9_NStem	BPre4_CopPre_BPre9_NStem	BPre9_CopPre_NPre9_NStem	BPre4_CopPre_BPre9_NStem
le_ncono	PossConc5_NStem	PossConc5_NStem	PossConc5_NStem	PossConc5_NStem
yini	Interrog	Interrog	Interrog	Interrog
ya_ku_akh_a	PossConc9_OC15_VRoot_VerbTerm	PossConc9_OC15_VRoot_VerbTerm	PossConc9_OC15_VRoot_VerbTerm	PossConc9_OC15_VRoot_VerbTerm
si_bhedlela	BPre7_NStem	BPre7_NStem	BPre7_NStem	BPre7_NStem
.	Punc	Punc	Punc	Punc
li_nyenti	AdjPref5_AdjStem	AdjPref5_AdjStem	AdjPref5_AdjStem	AdjPref5_AdjStem
la_ba_ntfu	PossConc5_BPre2_NStem	PossConc5_BPre2_NStem	PossConc5_BPre2_NStem	RelConc9_BPre2_NStem
laba_but_w_e	RelConc2_VRoot_PassExt_VerbTerm	RelConc2_VRoot_PassExt_VerbTerm	RelConc2_VRoot_PassExt_VerbTerm	RelConc2_VRoot_PassExt_VerbTerm
i_mi_buto	NPrePre4_BPre4_NStem	NPrePre4_BPre4_NStem	NPrePre4_BPre4_NStem	NPrePre4_BPre4_NStem
ba_ts_i	SC2_VRoot_VerbTerm	SC2_VRoot_VerbTerm	SC2_VRoot_VerbTerm	SC2_VRoot_VerbTerm
si_bheldlela	BPre7_NStem	BPre7_NStem	BPre7_NStem	BPre7_NStem
si_dzing_ek_a	SC7_VRoot_NeutExt_VerbTerm	SC7_VRoot_NeutExt_VerbTerm	SC7_VRoot_NeutExt_VerbTerm	SC7_VRoot_NPas_VerbTerm
ku_wadi	BPre17_NStem	LocPre_NStem	BPre17_NStem	LocPre_NStem
XYZ	Abbr	Abbr	Abbr	NStem
.	Punc	Punc	Punc	Punc
masipala	NStem	NStem	NStem	NStem
a_ka_yi_nak_i	NegPre_ExclNeg_OC3_VRoot_VerbTerm	NegPre_ExclNeg_OC9_VRoot_VerbTerm	NegPre_ExclNeg_OC3_VRoot_VerbTerm	NegPre_ExclNeg_OC9_VRoot_VerbTerm
i_mi_bono	NPrePre4_BPre4_NStem	NPrePre4_BPre4_NStem	NPrePre4_BPre4_NStem	NPrePre4_BPre4_NStem
ya_u_mu_mango	PossConc4_NPrePre3_BPre3_NStem	PossConc4_NPrePre3_BPre3_NStem	PossConc4_NPrePre3_BPre3_NStem	PossConc9_NPrePre3_BPre3_NStem
.	Punc	Punc	Punc	Punc
i_ent_a	SC9_VRoot_VerbTerm	SC9_VRoot_VerbTerm	SC9_VRoot_VerbTerm	SC9_VRoot_VerbTerm
lo_mu_buto	Dem3_Pos1_BPre3_NStem	Pos1_BPre3	Dem3_Pos1_BPre3_NStem	Pos1_BPre3
lo_nge_ntasi	RelConc3_AdvPre_Adv	RelConc3_AdvPre_Adv	RelConc3_AdvPre_Adv	RelConc1_AdvPre_Adv
.	Punc	Punc	Punc	Punc
macondzana	NStem	NStem	NStem	NStem
ne_ma_cembu	AdvPre_BPre6_NStem	AdvPre_BPre6_NStem	AdvPre_BPre6_NStem	AdvPre_BPre6_NStem
la_nga_ti_v_a	RelConc6_Pot_ReflPre_VRoot_VerbTerm	RelConc6_Pot_OC10_VRoot_VerbTerm	RelConc6_Pot_ReflPre_VRoot_VerbTerm	RelConc6_Pot_ReflPre_VRoot_VerbTerm
a_khululek_ile	SC6_VRoot_Perf	SC1_VRoot_Perf	SC6_VRoot_Perf	SC1_VRoot_Perf
mayelana	Adv	Adv	Adv	Adv
na_ma_ve	AdvPre_BPre6_NStem	AdvPre_BPre6_NStem	AdvPre_BPre6_NStem	AdvPre_BPre6_NStem
la_bhal_iw_e	RelConc6_VRoot_PassExt_VerbTerm	RelConc6_VRoot_PassExt_VerbTerm	RelConc6_VRoot_PassExt_VerbTerm	RelConc6_VRoot_PassExt_VerbTerm
,	Punc	Punc	Punc	Punc
i_n_khomba	NPrePre9_BPre9_NStem	NPrePre9_BPre9_NStem	NPrePre9_BPre9_NStem	NPrePre9_BPre9_NStem
ya_AICDD	PossConc9_Abbr	PossConc9_Abbr	PossConc9_Abbr	PossConc9_NStem
i_phawul_a	SC9_VRoot_VerbTerm	SC4_VRoot_VerbTerm	SC9_VRoot_VerbTerm	SC9_VRoot_VerbTerm
nga_ku_sebent_is_a	AdvPre_BPre15_VRoot_CausExt_VerbTerm	AdvPre_OC15_VRoot_CausExt_VerbTerm	AdvPre_BPre15_VRoot_CausExt_VerbTerm	AdvPre_OC15_VRoot_CausExt_VerbTerm
i_n_bewu	NPrePre9_BPre9_NStem	NPrePre9_BPre9_NStem	NPrePre9_BPre9_NStem	NPrePre4_BPre3_NStem
,	Punc	Punc	Punc	Punc
e_ma_tje	NPrePre6_BPre6_NStem	NPrePre6_BPre6_NStem	NPrePre6_BPre6_NStem	NPrePre6_BPre6_NStem
nobe	Conj	Conj	Conj	Conj
tin_tsi	BPre10_NStem	BPre10_NStem	BPre10_NStem	BPre10_NStem
e_ma_khadi_ini	LocPre_BPre6_NStem_LocSuf	LocPre_BPre6_NStem_LocSuf	LocPre_BPre6_NStem_LocSuf	LocPre_BPre6_NStem_LocSuf
kute	Conj	Conj	Conj	Conj
la_bo	PossConc5_PronStem2	PossConc5_PronStem2	PossConc5_PronStem2	PossConc5_PronStem2
laba_bandzakany_ek_a_ko	RelConc2_VRoot_NeutExt_VerbTerm_RelSuf	RelConc2_VRoot_NeutExt_VerbTerm_RelSuf	RelConc2_VRoot_NeutExt_VerbTerm_RelSuf	RelConc2_VRoot_NeutExt_VerbTerm_RelSuf
ba_tawu_bon_a	SC2_Fut_VRoot_VerbTerm	SC2_Fut_VRoot_VerbTerm	SC2_Fut_VRoot_VerbTerm	SC2_Fut_VRoot_VerbTerm
kutsi	Conj	Conj	Conj	Conj
ngabe	Conj	Conj	Conj	Conj
in_kinga	BPre9_NStem	NPre9_NStem	BPre9_NStem	NPre9_NStem
se_yi_khul_e	ProgPre_OC9_VRoot_VerbTerm	Pro_OC9_VRoot_VerbTerm	ProgPre_OC9_VRoot_VerbTerm	PossConc7_OC9_VRoot_VerbTerm
ka_nga_kanani	AdvPre_AdvPre_Interrog	AdvPre_AdvPre_Interrog	AdvPre_AdvPre_Interrog	AdvPre_AdvPre_Interrog
.	Punc	Punc	Punc	Punc
loku	Dem15_Pos1		Dem15_Pos1	
ku_bek_w_a	BPre15_VRoot_PassExt_VerbTerm	BPre15_VRoot_PassExt_VerbTerm	BPre15_VRoot_PassExt_VerbTerm	BPre15_VRoot_PassExt_VerbTerm
e_khadi_ini	LocPre_NStem_LocSuf	LocPre_NStem_LocSuf	LocPre_NStem_LocSuf	LocPre_BPre5_NStem_LocSuf
leli_bon_is_a	RelConc5_VRoot_CausExt_VerbTerm	RelConc5_VRoot_CausExt_VerbTerm	RelConc5_VRoot_CausExt_VerbTerm	RelConc5_VRoot_CausExt_VerbTerm
u_mu_nyaka	NPrePre3_BPre3_NStem	NPrePre3_BPre3_NStem	NPrePre3_BPre3_NStem	NPrePre3_BPre3_NStem
.	Punc	Punc	Punc	Punc
u_m_khandlu	NPrePre3_BPre3_NStem	NPrePre3_BPre3_NStem	NPrePre3_BPre3_NStem	NPrePre3_BPre3_NStem
u_nga_bit_a	SC3_AdvPre_VRoot_VerbTerm	SC3_Pot_VRoot_VerbTerm	SC3_AdvPre_VRoot_VerbTerm	SC3_Pot_VRoot_VerbTerm
i_n_khundla	NPrePre9_BPre9_NStem	NPrePre9_BPre9_NStem	NPrePre9_BPre9_NStem	NPrePre9_BPre9_NStem
ya_laba_mel_e	PossConc9_RelConc2_VRoot_VerbTerm	PossConc9_RelConc2_VRoot_VerbTerm	PossConc9_RelConc2_VRoot_VerbTerm	PossConc9_RelConc2_VRoot_VerbTerm
i_IDP	NPre9_Abbr	NPre4_Abbr	NPre9_Abbr	NPre9_Abbr
ku_tfol_a	BPre15_VRoot_VerbTerm	BPre15_VRoot_VerbTerm	BPre15_VRoot_VerbTerm	BPre15_VRoot_VerbTerm
ku_ti_bandzakany_a	BPre15_ReflPre_VRoot_VerbTerm	BPre15_ReflPre_VRoot_VerbTerm	BPre15_ReflPre_VRoot_VerbTerm	BPre15_ReflPre_VRoot_VerbTerm
loku_khulu	AdjPref15_AdjStem	AdjPref15_AdjStem	AdjPref15_AdjStem	AdjPref15_AdjStem
na_i_mi_bono	AdvPre_NPrePre4_BPre4_NStem	AdvPre_NPrePre4_BPre4_NStem	AdvPre_NPrePre4_BPre4_NStem	AdvPre_NPrePre4_BPre4_NStem
ya_u_mu_mango	PossConc4_NPrePre3_BPre3_NStem	PossConc4_NPrePre3_BPre3_NStem	PossConc4_NPrePre3_BPre3_NStem	PossConc9_NPrePre3_BPre3_NStem
.	Punc	Punc	Punc	Punc
le_n_khundla	Dem9_Pos1_BPre9_NStem	PossConc5_BPre9_NStem	Dem9_Pos1_BPre9_NStem	PossConc5_BPre9_NStem
i_nga_fak_a	SC9_Pot_VRoot_VerbTerm	SC4_Pot_VRoot_VerbTerm	SC9_Pot_VRoot_VerbTerm	SC4_Pot_VRoot_VerbTerm
e_khatsi	LocPre_Adv	LocPre_Adv	LocPre_Adv	LocPre_Adv
e_ma_khansela	NPrePre6_BPre6_NStem	NPrePre6_BPre6_NStem	NPrePre6_BPre6_NStem	NPrePre6_BPre6_NStem
,	Punc	Punc	Punc	Punc
e_ma_lunga	NPrePre6_BPre6_NStem	NPrePre6_BPre6_NStem	NPrePre6_BPre6_NStem	NPrePre6_BPre6_NStem
e_li_komidi	PossConc6_BPre5_NStem	PossConc6_BPre5_NStem	PossConc6_BPre5_NStem	PossConc6_BPre5_NStem
ye_ba_phatsiswa	PossConc9_BPre2_NStem	PossConc9_BPre2_NStem	PossConc9_BPre2_NStem	PossConc9_BPre2_NStem
,	Punc	Punc	Punc	Punc
ti_sebenti	BPre8_NStem	BPre8_NStem	BPre8_NStem	BPre8_NStem
leti_phets_e	RelConc8_VRoot_VerbTerm	RelConc10_VRoot_VerbTerm	RelConc8_VRoot_VerbTerm	RelConc10_VRoot_Perf
leti_phakam_ile	RelConc8_VRoot_Perf	RelConc10_VRoot_Perf	RelConc8_VRoot_Perf	RelConc10_VRoot_Perf
,	Punc	Punc	Punc	Punc
e_ma_lunga	NPrePre6_BPre6_NStem	NPrePre6_BPre6_NStem	NPrePre6_BPre6_NStem	NPrePre6_BPre6_NStem
e_li_komidi	PossConc6_BPre5_NStem	PossConc6_BPre5_NStem	PossConc6_BPre5_NStem	PossConc6_BPre5_NStem
ya_li_wadi	PossConc9_BPre5_NStem	PossConc9_BPre5_NStem	PossConc9_BPre5_NStem	PossConc9_BPre5_NStem
kanye	Conj	Adv	Conj	Conj
na_laba_mele	AdvPre_Dem2_Pos1_NStem	AdvPre_RelConc2_NStem	AdvPre_Dem2_Pos1_NStem	AdvPre_RelConc2_VRoot_VerbTerm
e_ma_cembu	NPrePre6_BPre6_NStem	NPrePre6_BPre6_NStem	NPrePre6_BPre6_NStem	NPrePre6_BPre6_NStem
la_tsints_ek_a_ko	RelConc6_VRoot_NPas_VerbTerm_RelSuf	RelConc6_VRoot_NeutExt_VerbTerm_RelSuf	RelConc6_VRoot_NPas_VerbTerm_RelSuf	RelConc1_VRoot_NeutExt_VerbTerm_RelSuf
la_hlel_ek_ile	SC5_VRoot_NeutExt_Perf	RelConc6_VRoot_NeutExt_Perf	SC5_VRoot_NeutExt_Perf	RelConc6_VRoot_NeutExt_Perf
,	Punc	Punc	Punc	Punc
ba_holi	BPre2_NStem	BPre2_NStem	BPre2_NStem	BPre2_NStem
ba_i_n_dzabuko	PossConc2_NPrePre9_BPre9_NStem	PossConc14_NPrePre9_BPre9_NStem	PossConc2_NPrePre9_BPre9_NStem	PossConc14_NPrePre9_BPre9_NStem
na_ba_ntfu	AdvPre_BPre2_NStem	AdvPre_BPre2_NStem	AdvPre_BPre2_NStem	AdvPre_BPre2_NStem
laba_tin_sita	RelConc2_NPre9_NStem	RelConc2_BPre10_NStem	RelConc2_NPre9_NStem	RelConc2_BPre10_NStem
.	Punc	Punc	Punc	Punc
lesi_akhiwo	Dem7_Pos1_NStem	Pos1	Dem7_Pos1_NStem	Pos1
si_chub_a	SC7_VRoot_VerbTerm	SC7_VRoot_VerbTerm	SC7_VRoot_VerbTerm	BPre7_NStem
ku_khulum_is_an_a	CopPre_VRoot_CausExt_RecipExt_VerbTerm	BPre15_VRoot_CausExt_RecipExt_VerbTerm	CopPre_VRoot_CausExt_RecipExt_VerbTerm	BPre15_VRoot_CausExt_RecipExt_VerbTerm
na_ku_tsats_a	AdvPre_OC15_VRoot_VerbTerm	AdvPre_OC15_VRoot_VerbTerm	AdvPre_OC15_VRoot_VerbTerm	AdvPre_OC15_VRoot_VerbTerm
ti_ncumo	BPre8_NStem	BPre8_NStem	BPre8_NStem	BPre8_NStem
nge_ku_bamb_is_an_a	AdvPre_SC15_VRoot_CausExt_RecipExt_VerbTerm	AdvPre_SC15_VRoot_CausExt_RecipExt_VerbTerm	AdvPre_SC15_VRoot_CausExt_RecipExt_VerbTerm	CopPre_SC15_VRoot_CausExt_RecipExt_VerbTerm
ku_IDP	LocPre_Abbr	LocPre_Abbr	LocPre_Abbr	LocPre_Abbr
.	Punc	Punc	Punc	Punc
i_n_khundla	NPrePre9_BPre9_NStem	NPrePre9_BPre9_NStem	NPrePre9_BPre9_NStem	NPrePre9_BPre9_NStem
le_mel_e	PossConc5_VRoot_VerbTerm	PossConc5_VRoot_VerbTerm	PossConc5_VRoot_VerbTerm	PossConc5_VRoot_VerbTerm
i_IDP	NPre9_Abbr	NPre9_Abbr	NPre9_Abbr	NPre9_Abbr
ku_mel_e	SC15_VRoot_VerbTerm	SC15_VRoot_VerbTerm	SC15_VRoot_VerbTerm	SC15_VRoot_VerbTerm
ku_be	SC15_AuxVStem	SC15_AuxVStem	SC15_AuxVStem	SC15_AuxVStem
yi_in_hlangano	CopPre_BPre9_NStem	Pres_BPre9_NStem	CopPre_BPre9_NStem	CopPre_BPre9_NStem
le_nga_gucuk_i	PossConc5_NegPre_Intrans_VerbTerm	RelConc4_NegPre_VRoot_VerbTerm	PossConc5_NegPre_Intrans_VerbTerm	RelConc9_NegPre_VRoot_VerbTerm
,	Punc	Punc	Punc	Punc
le_ne_m_sebenti	RelConc9_AdvPre_BPre3_NStem	PossConc5_AdvPre_BPre3_NStem	RelConc9_AdvPre_BPre3_NStem	RelConc9_AdvPre_BPre3_NStem
we_ku_landzelela	PossConc3_NPre15_NStem	PossConc3_BPre15_NStem	PossConc3_NPre15_NStem	PossConc3_OC15_VRoot_IntensExt_VerbTerm
ku_sebent_a	BPre15_VRoot_VerbTerm	BPre15_VRoot_VerbTerm	BPre15_VRoot_VerbTerm	BPre15_VRoot_VerbTerm
nga_i_si_khatsi	AdvPre_NPrePre7_BPre7_NStem	AdvPre_NPrePre7_BPre7_NStem	AdvPre_NPrePre7_BPre7_NStem	AdvPre_NPrePre7_BPre7_NStem
se_si_enteko	PossConc7_NPre7_NStem	PossConc7_BPre7_NStem	PossConc7_NPre7_NStem	PossConc7_BPre7_VRoot_NStem
se_IDP	PossConc7_Abbr	PossConc7_Abbr	PossConc7_Abbr	PossConc7_Abbr
.	Punc	Punc	Punc	Punc
le_mi_nininingwane	Dem4_Pos1_BPre4_NStem	Pos1_BPre4	Dem4_Pos1_BPre4_NStem	PossConc5_BPre4_NStem
i_dzing_e_kitsi	SC4_VRoot_VerbTerm_PronStem1pp	SC4_VRoot_VerbTerm_PronStem1pp	SC4_VRoot_VerbTerm_PronStem1pp	SC4_VRoot_NStem
kutsi	Conj	Conj	Conj	Conj
ku_phawul_w_e	SC15_VRoot_PassExt_VerbTerm	SC15_VRoot_PassExt_VerbTerm	SC15_VRoot_PassExt_VerbTerm	SC15_VRoot_PassExt_VerbTerm
ti_dzingo	NPre8_NStem	BPre8_NStem	NPre8_NStem	BPre8_NStem
ta_u_mu_mango	PossConc8_NPrePre3_BPre3_NStem	PossConc8_NPrePre3_BPre3_NStem	PossConc8_NPrePre3_BPre3_NStem	PossConc8_NPrePre3_BPre3_NStem
.	Punc	Punc	Punc	Punc
le_mi_niningwane	PossConc5_BPre4_NStem	PossConc5_BPre4_NStem	PossConc5_BPre4_NStem	PossConc5_Pos1_NStem
i_fak_a	SC4_VRoot_VerbTerm	SC9_VRoot_VerbTerm	SC4_VRoot_VerbTerm	SC9_VRoot_VerbTerm
e_khatsi	LocPre_Adv	LocPre_Adv	LocPre_Adv	LocPre_Adv
ti_balobalo	BPre8_NStem	BPre8_NStem	BPre8_NStem	BPre8_NStem
na_mi_biko	AdvPre_BPre4_NStem	AdvPre_BPre4_NStem	AdvPre_BPre4_NStem	AdvPre_NPrePre4_BPre4_NStem
,	Punc	Punc	Punc	Punc
loku_niket_a	RelConc15_VRoot_VerbTerm	RelConc15_VRoot_VerbTerm	RelConc15_VRoot_VerbTerm	RelConc15_VRoot_VerbTerm
li_nge_muva	BPre5_AdvPre_Adv	BPre5_AdvPre_Adv	BPre5_AdvPre_Adv	BPre5_AdvPre_Adv
nga_li_wadi	AdvPre_BPre5_NStem	AdvPre_BPre5_NStem	AdvPre_BPre5_NStem	AdvPre_BPre5_NStem
.	Punc	Punc	Punc	Punc
Nkt	Abbr	Abbr	Abbr	Abbr
Mahlangu	ProperName	ProperName	ProperName	BPre6_NStem
u_tseng_e	SC1_VRoot_VerbTerm	SC2ps_VRoot_VerbTerm	SC1_VRoot_VerbTerm	SC3_VRoot_VerbTerm
i_n_ndlu	NPrePre9_BPre9_NStem	NPrePre9_BPre9_NStem	NPrePre9_BPre9_NStem	NPrePre9_BPre9_NStem
kantsi	Conj	Conj	Conj	Conj
u_fun_a	SC2_VRoot_VerbTerm	SC3_VRoot_VerbTerm	SC2_VRoot_VerbTerm	SC2_VRoot_VerbTerm
ku_chuny_el_w_a	BPre15_VRoot_ApplExt_PassExt_VerbTerm	BPre15_VRoot_ApplExt_PassExt_VerbTerm	BPre15_VRoot_ApplExt_PassExt_VerbTerm	SC15_VRoot_PassExt_VerbTerm
gezi	NStem	NStem	NStem	NStem
.	Punc	Punc	Punc	Punc
u_y_a	SC1_VRoot_VerbTerm	SC3_VRoot_VerbTerm	SC1_VRoot_VerbTerm	SC3_VRoot_VerbTerm
ku_masipala	LocPre_NStem	LocPre_NStem	LocPre_NStem	LocPre_NStem
ku_ye_wu_gcwal_is_a	SC15_Pres_OC3_VRoot_CausExt_VerbTerm	SC15_Fut_OC3_VRoot_CausExt_VerbTerm	SC15_Pres_OC3_VRoot_CausExt_VerbTerm	SC15_Pres_OC3_VRoot_CausExt_VerbTerm
e_ma_fomu	NPrePre6_BPre6_NStem	NPrePre6_BPre6_NStem	NPrePre6_BPre6_NStem	NPrePre6_BPre6_NStem
bese	Conj	Conj	Conj	Conj
i_khokh_a	SC4_VRoot_VerbTerm	SC9_VRoot_VerbTerm	SC4_VRoot_VerbTerm	SC9_VRoot_VerbTerm
i_diphozithi	NPrePre4_NStem	NPre9_NStem	NPrePre4_NStem	NPrePre4_NStem
.	Punc	Punc	Punc	Punc
na_ke_fik_a	AdvPre_AdvPre_VRoot_VerbTerm	AdvPre_ExclNeg_VRoot_VerbTerm	AdvPre_AdvPre_VRoot_VerbTerm	AdvPre_ExclNeg_VRoot_VerbTerm
u_khandza	NPrePre1a_NStem	NPrePre1a_NStem	NPrePre1a_NStem	SC1_VRoot_VerbTerm
la_yi_ni	SC5_CopPre_Interrog	RelConc6_CopPre_LocSuf	SC5_CopPre_Interrog	SC5_Interrog
lo_mudze	Dem3_Pos1_NStem	RelConc3_Pos1	Dem3_Pos1_NStem	RelConc3_BPre1_AdjStem
bese	Conj	Conj	Conj	Conj
u_yema	NPrePre1a_NStem	NPrePre1a_NStem	NPrePre1a_NStem	SC3_VRoot_VerbTerm
ku_layini	LocPre_NStem	LocPre_NStem	LocPre_NStem	LocPre_NStem
.	Punc	Punc	Punc	Punc
ti_sebenti	BPre8_NStem	BPre8_NStem	BPre8_NStem	BPre8_NStem
ta_ka_masipala	PossConc8_PossKA_NStem	PossConc8_AdvPre_NStem	PossConc8_PossKA_NStem	PossConc8_AdvPre_NStem
ti_fundza	BPre8_NStem	BPre8_NStem	BPre8_NStem	BPre8_VRoot_VerbTerm
li_phepha	BPre5_NStem	BPre5_NStem	BPre5_NStem	BPre5_NStem
ti_natsa	BPre10_NStem	BPre10_NStem	BPre10_NStem	SC10_VRoot_VerbTerm
ne_litiya	AdvPre_NStem	AdvPre_NStem	AdvPre_NStem	AdvPre_BPre5_NStem
.	Punc	Punc	Punc	Punc
ba_ntfu	BPre2_NStem	BPre2_NStem	BPre2_NStem	BPre2_NStem
laba_se_layini_ni	RelConc2a_NegPre_NStem_LocSuf	RelConc2_Pro_NStem_LocSuf	RelConc2a_NegPre_NStem_LocSuf	RelConc2_PreLoc-s_LocPre_NStem_LocSuf_NStem
ba_ya_khonon_a	SC2_Pres_VRoot_VerbTerm	SC2_Pres_VRoot_VerbTerm	SC2_Pres_VRoot_VerbTerm	SC2_Pres_VRoot_VerbTerm
ko_dvwa	QuantConc15_QuantStem	QuantConc15_QuantStem	QuantConc15_QuantStem	QuantConc15_QuantStem
b_a_tjelwa	PossConc14_LocPre_NStem	PossConc14_LocPre_NStem	PossConc14_LocPre_NStem	PossConc2_NStem
kutsi	Conj	Conj	Conj	Conj
ti_sebenti	BPre8_NStem	BPre8_NStem	BPre8_NStem	BPre8_NStem
ti_ne_li_lungelo	BPre8_AdvPre_BPre8_NStem	BPre8_AdvPre_BPre8_NStem	BPre8_AdvPre_BPre8_NStem	BPre8_AdvPre_BPre8_NStem
la_ku_tsats_a	PossConc5_BPre15_VRoot_VerbTerm	PossConc5_OC15_VRoot_VerbTerm	PossConc5_BPre15_VRoot_VerbTerm	PossConc5_OC15_VRoot_VerbTerm
'	Punc	Punc	Punc	Punc
li_khefu	BPre5_NStem	BPre5_NStem	BPre5_NStem	BPre5_NStem
la_ku_nats_a	PossConc5_OC15_VRoot_VerbTerm	PossConc5_OC15_VRoot_VerbTerm	PossConc5_OC15_VRoot_VerbTerm	PossConc5_OC15_VRoot_VerbTerm
litiye	NStem	NStem	NStem	SC5_VRoot_VerbTerm
'	Punc	Punc	Punc	Punc
.	Punc	Punc	Punc	Punc
uma	Conj	Conj	Conj	Conj
e_ma_awa	NPrePre6_BPre6_NStem	NPrePre6_BPre6_NStem	NPrePre6_BPre6_NStem	NPrePre6_BPre6_NStem
la_ma_tsatfu	PossConc5_AdjPref6_AdjStem	PossConc5_AdjPref6_AdjStem	PossConc5_AdjPref6_AdjStem	PossConc5_AdjPref6_AdjStem
bese	Conj	Conj	Conj	Conj
ku_b_a	BPre15_VRoot_VerbTerm	BPre15_VRoot_VerbTerm	BPre15_VRoot_VerbTerm	BPre15_VRoot_VerbTerm
si_khatsi	BPre7_NStem	BPre7_NStem	BPre7_NStem	BPre7_NStem
se_i_si_dlo	PossConc7_NPrePre7_BPre7_NStem	PossConc7_NPrePre7_BPre7_NStem	PossConc7_NPrePre7_BPre7_NStem	PossConc7_BPre7_NStem
s_a_semini	PossConc7_LocPre_NStem	PossConc7_LocPre_NStem	PossConc7_LocPre_NStem	PossConc7_PreLoc-s_LocPre_BPre4_LocSuf
.	Punc	Punc	Punc	Punc
nga	AdvPre	AdvPre	AdvPre	AdvPre
2.30	Num	Num	Num	Num
si_ya_buy_a	SC7_Pres_VRoot_VerbTerm	SC7_Pres_VRoot_VerbTerm	SC7_Pres_VRoot_VerbTerm	SC7_Pres_VRoot_VerbTerm
nga_le_si_khatsi	AdvPre_Dem7_Pos1_BPre7_NStem	AdvPre_Pos1_BPre7	AdvPre_Dem7_Pos1_BPre7_NStem	AdvPre_Pos1_BPre7
se_ku_fik_a	PossConc7_OC7_VRoot_VerbTerm	PossConc7_SC7_VRoot_VerbTerm	PossConc7_OC7_VRoot_VerbTerm	PossConc7_OC7_VRoot_VerbTerm
si_khatsi	BPre7_NStem	BPre7_NStem	BPre7_NStem	BPre7_NStem
si_akh_e	SC1_VRoot_VerbTerm	SC1_VRoot_VerbTerm	SC1_VRoot_VerbTerm	SC1_VRoot_VerbTerm
be_s_e_ku_ladi	PossConc2_PreLoc-s_LocPre_BPre15_NStem	PossConc2_PreLoc-s_LocPre_BPre15_NStem	PossConc2_PreLoc-s_LocPre_BPre15_NStem	PossConc2_PreLoc-s_LocPre_BPre15_NStem
.	Punc	Punc	Punc	Punc
sebent_is_a	VRoot_CausExt_VerbTerm	VRoot_CausExt_VerbTerm	VRoot_CausExt_VerbTerm	VRoot_CausExt_VerbTerm
u_mu_buto	NPrePre3_BPre3_NStem	NPrePre3_BPre3_NStem	NPrePre3_BPre3_NStem	NPre3_BPre3_NStem
we_sibili	PossConc3_NStem	PossConc3_NStem	PossConc3_NStem	PossConc3_BPre7_NStem
,	Punc	Punc	Punc	Punc
u_tsats_e	SC2ps_VRoot_VerbTerm	SC3_VRoot_VerbTerm	SC2ps_VRoot_VerbTerm	SC3_VRoot_VerbTerm
tin_phendvulo	BPre10_NStem	BPre10_NStem	BPre10_NStem	BPre10_NStem
.	Punc	Punc	Punc	Punc
ku_akh_iw_a	BPre15_VRoot_PassExt_VerbTerm	SC15_VRoot_PassExt_VerbTerm	BPre15_VRoot_PassExt_VerbTerm	BPre15_VRoot_PassExt_VerbTerm
kwa_lu_hlelo	PossConc15_BPre11_NStem	PossConc15_BPre11_NStem	PossConc15_BPre11_NStem	PossConc15_NPre11_NStem
lwa_in_tfutfuko	PossConc11_NPre9_NStem	PossConc11_NPre9_NStem	PossConc11_NPre9_NStem	PossConc11_NPre9_NStem
lolu_bumb_an_ile	RelConc11_VRoot_RecipExt_Perf	RelConc11_VRoot_RecipExt_Perf	RelConc11_VRoot_RecipExt_Perf	RelConc11_VRoot_RecipExt_Perf
ngu_u_mu_sebenti	CopPre_NPrePre3_BPre3_NStem	CopPre_NPrePre3_BPre3_NStem	CopPre_NPrePre3_BPre3_NStem	CopPre_NPrePre3_BPre3_NStem
wa_hulumende	PossConc3_NStem	PossConc1_NStem	PossConc3_NStem	PossConc3_NStem
wa_s_e_khaya	PossConc1a_PreLoc-s_LocPre_NStem	PossConc1a_PreLoc-s_LocPre_NStem	PossConc1a_PreLoc-s_LocPre_NStem	PossConc1a_PreLoc-s_LocPre_NStem
.	Punc	Punc	Punc	Punc
leti_n_hlelo	Dem10_Pos1_NPre10_NStem	Pos1_NPre10	Dem10_Pos1_NPre10_NStem	Pos1_NPre10
ti_tawu_lets_a	SC10_Fut_VRoot_VerbTerm	SC10_Fut_VRoot_VerbTerm	SC10_Fut_VRoot_VerbTerm	CopPre_Fut_VRoot_VerbTerm
i_n_gucuko	NPrePre9_BPre9_NStem	NPrePre9_BPre9_NStem	NPrePre9_BPre9_NStem	NPrePre9_BPre9_NStem
ya_e_ma_dolobha	PossConc9_NPrePre6_BPre6_NStem	PossConc4_NPrePre6_BPre6_NStem	PossConc9_NPrePre6_BPre6_NStem	PossConc4_NPrePre6_BPre6_NStem
lama_ncane	AdjPref6_AdjStem	AdjPref6_AdjStem	AdjPref6_AdjStem	AdjPref6_AdjStem
na_lama_khulu	AdvPre_AdjPref6_AdjStem	AdvPre_AdjPref6_AdjStem	AdvPre_AdjPref6_AdjStem	AdvPre_AdjPref6_AdjStem
kanye	Conj	Conj	Conj	Adv
na_n_dlela	AdvPre_BPre9_NStem	AdvPre_BPre9_NStem	AdvPre_BPre9_NStem	AdvPre_BPre9_NStem
ya_in_phatfo	PossConc9_NPre9_NStem	PossConc9_NPre9_NStem	PossConc9_NPre9_NStem	PossConc9_BPre3_NStem
,	Punc	Punc	Punc	Punc
njengoba	Conj	Conj	Conj	Conj
i_n_chubo	NPrePre9_BPre9_NStem	NPrePre9_BPre9_NStem	NPrePre9_BPre9_NStem	NPrePre9_BPre9_NStem
ya_IDP	PossConc9_Abbr	PossConc9_Abbr	PossConc9_Abbr	PossConc9_Abbr
i_jong_e	SC9_VRoot_VerbTerm	SC9_VRoot_VerbTerm	SC9_VRoot_VerbTerm	SC4_VRoot_VerbTerm
ku_fik_a	BPre15_VRoot_VerbTerm	BPre15_VRoot_VerbTerm	BPre15_VRoot_VerbTerm	BPre15_VRoot_VerbTerm
e_ti_ncumo_ini	LocPre_BPre8_NStem_LocSuf	LocPre_BPre8_NStem_LocSuf	LocPre_BPre8_NStem_LocSuf	LocPre_BPre8_NStem_LocSuf
e_tin_tfo_ini	LocPre_BPre10_NStem_LocSuf	LocPre_BPre10_NStem_LocSuf	LocPre_BPre10_NStem_LocSuf	LocPre_BPre10_NStem_LocSuf
leti_njenga_li_phakelotimali	RelConc10_AdvPre_BPre5_NStem	RelConc10_AdvPre_BPre5_NStem	RelConc10_AdvPre_BPre5_NStem	RelConc10_AdvPre_BPre5_NStem
la_masipala	PossConc5_NStem	PossConc5_NStem	PossConc5_NStem	PossConc5_NStem
,	Punc	Punc	Punc	Punc
ku_lawul_w_a	BPre15_VRoot_PassExt_VerbTerm	BPre15_VRoot_PassExt_VerbTerm	BPre15_VRoot_PassExt_VerbTerm	BPre15_VRoot_PassExt_VerbTerm
kwa_u_mu_hlaba	PossConc15_NPrePre3_BPre3_NStem	PossConc15_NPrePre3_BPre3_NStem	PossConc15_NPrePre3_BPre3_NStem	PossConc15_NPrePre3_BPre3_NStem
,	Punc	Punc	Punc	Punc
ku_tfutfuk_is_w_a	BPre15_VRoot_CausExt_PassExt_VerbTerm	BPre15_VRoot_CausExt_PassExt_VerbTerm	BPre15_VRoot_CausExt_PassExt_VerbTerm	BPre15_VRoot_CausExt_PassExt_VerbTerm
kwa_u_mu_notfo	PossConc15_NPrePre3_BPre3_NStem	PossConc15_NPrePre3_BPre3_NStem	PossConc15_NPrePre3_BPre3_NStem	PossConc15_NPrePre3_BPre3_NStem
we_in_dzawo	PossConc3_NPre9_NStem	PossConc3_NPre9_NStem	PossConc3_NPre9_NStem	PossConc3_NPre9_NStem
na_tin_gucuko	AdvPre_BPre10_NStem	AdvPre_NPre10_NStem	AdvPre_BPre10_NStem	AdvPre_NPre10_NStem
ta_si_gungu	PossConc10_BPre7_NStem	PossConc10_BPre7_NStem	PossConc10_BPre7_NStem	PossConc10_NPre7_NStem
.	Punc	Punc	Punc	Punc
e_ku_enta_ini	LocPre_BPre15_NStem_LocSuf	LocPre_BPre15_NStem_LocSuf	LocPre_BPre15_NStem_LocSuf	LocPre_BPre15_VRoot_VerbTerm_LocSuf
i_mi_sebenti	NPrePre4_BPre4_NStem	NPrePre4_BPre4_NStem	NPrePre4_BPre4_NStem	NPrePre4_BPre4_NStem
ya_khe	PossConc4_PronStem1	PossConc9_PronStem1	PossConc4_PronStem1	PossConc9_PronStem1
,	Punc	Punc	Punc	Punc
hulumende	NStem	NStem	NStem	NStem
wa_s_e_khaya	PossConc1a_PreLoc-s_LocPre_NStem	PossConc1a_PreLoc-s_LocPre_NStem	PossConc1a_PreLoc-s_LocPre_NStem	PossConc3_PreLoc-s_LocPre_NStem
ku_mel_e	SC15_VRoot_VerbTerm	SC15_VRoot_VerbTerm	SC15_VRoot_VerbTerm	SC15_VRoot_VerbTerm
a_hlelemb_is_e	SC6_VRoot_CausExt_VerbTerm	SC6_VRoot_CausExt_VerbTerm	SC6_VRoot_CausExt_VerbTerm	SC6_VRoot_CausExt_VerbTerm
,	Punc	Punc	Punc	Punc
a_matanis_e	SC6_VRoot_VerbTerm	SC6_VRoot_VerbTerm	SC6_VRoot_VerbTerm	LocPre_NStem
tin_hlelo	BPre10_NStem	BPre10_NStem	BPre10_NStem	BPre10_NStem
na_tin_dlelasu	AdvPre_NPre10_NStem	AdvPre_NPre10_NStem	AdvPre_NPre10_NStem	AdvPre_NPre10_NStem
na_leti_nye	AdvPre_AdjPref10_AdjStem	AdvPre_AdjPref10_AdjStem	AdvPre_AdjPref10_AdjStem	AdvPre_AdjPref10_AdjStem
tin_hlangotsi	BPre10_NStem	BPre10_NStem	BPre10_NStem	BPre10_NStem
ta_hulumende	BPre10_NStem	PossConc8_NStem	BPre10_NStem	PossConc8_NStem
.	Punc	Punc	Punc	Punc
lesi_fundvo	Dem7_Pos1_NStem	RelConc7_NStem	Dem7_Pos1_NStem	RelConc7_NStem
nga_loku_ent_ek_a	AdvPre_RelConc15_VRoot_NeutExt_VerbTerm	AdvPre_RelConc15_VRoot_NeutExt_VerbTerm	AdvPre_RelConc15_VRoot_NeutExt_VerbTerm	AdvPre_RelConc15_VRoot_NeutExt_VerbTerm
si_khany_is_a	SC7_VRoot_CausExt_VerbTerm	SC7_VRoot_CausExt_VerbTerm	SC7_VRoot_CausExt_VerbTerm	SC1_VRoot_CausExt_VerbTerm
la_ma_nye	PossConc5_AdjPref6_AdjStem	PossConc5_AdjPref6_AdjStem	PossConc5_AdjPref6_AdjStem	PossConc5_AdjPref6_AdjStem
e_ma_lungiselelo	NPrePre6_BPre6_NStem	NPrePre6_BPre6_NStem	NPrePre6_BPre6_NStem	NPrePre6_BPre6_NStem
la_phekeletel_a	RelConc6_VRoot_VerbTerm	RelConc6_VRoot_VerbTerm	RelConc6_VRoot_VerbTerm	RelConc6_VRoot_ApplExt_VerbTerm
ku_buyeket_w_a	BPre15_VRoot_PassExt_VerbTerm	BPre15_VRoot_PassExt_VerbTerm	BPre15_VRoot_PassExt_VerbTerm	BPre15_VRoot_PassExt_VerbTerm
kwa_i_n_chubo	PossConc15_NPrePre9_BPre9_NStem	PossConc15_NPrePre9_BPre9_NStem	PossConc15_NPrePre9_BPre9_NStem	PossConc15_NPrePre9_BPre9_NStem
e_n_dzawo_ini	LocPre_NPre9_NStem_LocSuf	LocPre_NPre9_NStem_LocSuf	LocPre_NPre9_NStem_LocSuf	LocPre_NPre9_NStem_LocSuf
ya_masipala	PossConc9_NStem	PossConc4_NStem	PossConc9_NStem	PossConc9_NStem
wa_s_e_Nkangala	PossConc1a_PreLoc-s_LocPre_ProperName	PossConc3_PreLoc-s_LocPre_ProperName	PossConc1a_PreLoc-s_LocPre_ProperName	PossConc3_PreLoc-s_LocPre_BPre9_NStem
.	Punc	Punc	Punc	Punc
ngu_ma_phi	CopPre_BPre6_EnumStem	CopPre_BPre6_EnumStem	CopPre_BPre6_EnumStem	CopPre_BPre6_EnumStem
e_ma_tulusi	NPrePre6_BPre6_NStem	NPrePre6_BPre6_NStem	NPrePre6_BPre6_NStem	LocPre_BPre5_NStem
leka_setjentis_w_a	RelConc6_VRoot_PassExt_VerbTerm	RelConc15_VRoot_PassExt_VerbTerm	RelConc6_VRoot_PassExt_VerbTerm	RelConc9_OC6_VRoot_PassExt_VerbTerm
e_in_chubo_ini	LocPre_NPre9_NStem_LocSuf	LocPre_NPre9_NStem_LocSuf	LocPre_NPre9_NStem_LocSuf	LocPre_NPre9_NStem_LocSuf
ya_ku_lawul_a	PossConc9_OC15_VRoot_VerbTerm	PossConc9_OC15_VRoot_VerbTerm	PossConc9_OC15_VRoot_VerbTerm	PossConc9_OC15_VRoot_VerbTerm
i_mi_sebenti	NPrePre4_BPre4_NStem	NPrePre4_BPre4_NStem	NPrePre4_BPre4_NStem	NPrePre4_BPre4_NStem
ya_si_khashana	PossConc4_BPre7_NStem	PossConc4_BPre7_NStem	PossConc4_BPre7_NStem	PossConc4_BPre7_NStem
?	Punc	Punc	Punc	Punc
e_ma_cembu	NPrePre6_BPre6_NStem	NPrePre6_BPre6_NStem	NPrePre6_BPre6_NStem	NPrePre6_BPre6_NStem
a_tfol_a	SC6_VRoot_VerbTerm	SC6_VRoot_VerbTerm	SC6_VRoot_VerbTerm	SC6_VRoot_VerbTerm
lu_hlelo	BPre11_NStem	BPre11_NStem	BPre11_NStem	BPre11_NStem
lwa_ku_sebent_a	PossConc11_OC15_VRoot_VerbTerm	PossConc11_BPre15_VRoot_VerbTerm	PossConc11_OC15_VRoot_VerbTerm	PossConc11_OC15_VRoot_VerbTerm
lolu_nga_ka_bhal_el_w_a	RelConc11_NegPre_ExclNeg_VRoot_ApplExt_PassExt_VerbTerm	RelConc11_NegPre_ExclNeg_VRoot_ApplExt_PassExt_VerbTerm	RelConc11_NegPre_ExclNeg_VRoot_ApplExt_PassExt_VerbTerm	RelConc11_NegPre_ExclNeg_VRoot_ApplExt_PassExt_VerbTerm
,	Punc	Punc	Punc	Punc
ba_cedz_el_a	SC2_VRoot_ApplExt_VerbTerm	SC2_VRoot_ApplExt_VerbTerm	SC2_VRoot_ApplExt_VerbTerm	SC2_VRoot_ApplExt_VerbTerm
u_mu_sebenti	NPrePre3_BPre3_NStem	NPrePre3_BPre3_NStem	NPrePre3_BPre3_NStem	NPrePre3_BPre3_NStem
2	Num	Num	Num	Num
.	Punc	Punc	Punc	Punc
kwe_sibili	PossConc15_NStem	PossConc15_NStem	PossConc15_NStem	PossConc15_BPre7_NStem
,	Punc	Punc	Punc	Punc
nge_ku_cinisek_is_a	AdvPre_BPre15_Intrans_CausExt_VerbTerm	AdvPre_BPre15_Intrans_CausExt_VerbTerm	AdvPre_BPre15_Intrans_CausExt_VerbTerm	AdvPre_BPre15_Intrans_CausExt_VerbTerm
kutsi	Conj	Conj	Conj	Conj
laba_ngen_el_e	RelConc2_VRoot_ApplExt_VerbTerm	RelConc2_VRoot_ApplExt_VerbTerm	RelConc2_VRoot_ApplExt_VerbTerm	RelConc2_VRoot_ApplExt_VerbTerm
ti_fundvo	BPre8_NStem	BPre8_NStem	BPre8_NStem	BPre8_NStem
ku_i_n_chubo	LocPre_NPrePre9_BPre9_NStem	LocPre_NPrePre9_BPre9_NStem	LocPre_NPrePre9_BPre9_NStem	LocPre_NPrePre9_BPre9_NStem
ye_CBP	PossConc9_Abbr	PossConc9_Abbr	PossConc9_Abbr	PossConc9_Abbr
ba_melelwe	PossConc2_NStem	PossConc2_NStem	PossConc2_NStem	SC2_VRoot_ApplExt_PassExt_VerbTerm
ku_mi_cimbi	LocPre_BPre4_NStem	LocPre_BPre4_NStem	LocPre_BPre4_NStem	LocPre_BPre4_NStem
ye_IDP	PossConc4_Abbr	PossConc9_Abbr	PossConc4_Abbr	PossConc9_Abbr
nga_phasi	AdvPre_NStem	AdvPre_NStem	AdvPre_NStem	AdvPre_NStem
kwe_ti_akhiwo	PossConc15_BPre8_NStem	PossConc15_BPre8_NStem	PossConc15_BPre8_NStem	PossConc15_BPre8_NStem
na_tin_chubo	AdvPre_BPre10_NStem	AdvPre_BPre10_NStem	AdvPre_BPre10_NStem	AdvPre_NPre10_NStem
leti_vele	RelConc8_NStem	RelConc8_NStem	RelConc8_NStem	RelConc10_VRoot_VerbTerm
ti_niket_w_e	BPre10_VRoot_PassExt_VerbTerm	BPre10_VRoot_PassExt_VerbTerm	BPre10_VRoot_PassExt_VerbTerm	BPre10_VRoot_PassExt_VerbTerm
i_n_dzawo	NPrePre9_BPre9_NStem	NPrePre9_BPre9_NStem	NPrePre9_BPre9_NStem	NPrePre9_BPre9_NStem
ku_n_dlela	LocPre_BPre9_NStem	LocPre_BPre9_NStem	LocPre_BPre9_NStem	LocPre_BPre9_NStem
ye_IDP	PossConc9_Abbr	PossConc9_Abbr	PossConc9_Abbr	PossConc9_Abbr
le_cukats_w_e	RelConc9_VRoot_PassExt_VerbTerm	RelConc9_VRoot_PassExt_VerbTerm	RelConc9_VRoot_PassExt_VerbTerm	RelConc9_VRoot_PassExt_VerbTerm
ku_mu_culu	LocPre_BPre3_NStem	LocPre_BPre3_NStem	LocPre_BPre3_NStem	LocPre_BPre3_NStem
we_n_khomba	PossConc1a_BPre9_NStem	PossConc1a_BPre9_NStem	PossConc1a_BPre9_NStem	PossConc3_BPre9_NStem
ye_IDP	PossConc9_Abbr	PossConc9_Abbr	PossConc9_Abbr	PossConc9_Abbr
,	Punc	Punc	Punc	Punc
i_ka_khulukati	BPre9_AdvPre_Adv	BPre9_AdvPre_Adv	BPre9_AdvPre_Adv	BPre9_AdvPre_Adv
ku_si_gungu	BPre17_BPre7_NStem	BPre17_BPre7_NStem	BPre17_BPre7_NStem	BPre17_BPre7_NStem
se_ku_mel_el_a	PossConc7_BPre15_VRoot_ApplExt_VerbTerm	PossConc7_BPre15_VRoot_ApplExt_VerbTerm	PossConc7_BPre15_VRoot_ApplExt_VerbTerm	PossConc7_BPre15_VRoot_VerbTerm
s_e_IDP	PreLoc-s_LocPre_Abbr	PreLoc-s_LocPre_Abbr	PreLoc-s_LocPre_Abbr	NegPre_Abbr
kanye	Adv	Conj	Adv	Conj
na_e_ma_tsimba	AdvPre_NPrePre6_BPre6_NStem	AdvPre_NPrePre6_BPre6_NStem	AdvPre_NPrePre6_BPre6_NStem	AdvPre_BPre6_NStem
e_ku_sebent_a	LocPre_BPre15_VRoot_VerbTerm	LocPre_BPre15_VRoot_VerbTerm	LocPre_BPre15_VRoot_VerbTerm	LocPre_BPre15_VRoot_VerbTerm
a_mi_klamo	PossConc6_BPre4_NStem	PossConc6_BPre4_NStem	PossConc6_BPre4_NStem	LocPre_BPre4_NStem
.	Punc	Punc	Punc	Punc
ku_lawul_a	BPre15_VRoot_VerbTerm	BPre15_VRoot_VerbTerm	BPre15_VRoot_VerbTerm	BPre15_VRoot_VerbTerm
ku_sebent_a	BPre15_VRoot_VerbTerm	BPre15_VRoot_VerbTerm	BPre15_VRoot_VerbTerm	BPre15_VRoot_VerbTerm
li_thulusi	NPre5_NStem	BPre5_NStem	NPre5_NStem	BPre5_NStem
leli_nga_setjentis_el_w_a	RelConc5_Pot_VRoot_ApplExt_PassExt_VerbTerm	RelConc5_Pot_VRoot_ApplExt_PassExt_VerbTerm	RelConc5_Pot_VRoot_ApplExt_PassExt_VerbTerm	RelConc5_Pot_VRoot_PassExt_VerbTerm
ku_sit_a	BPre15_VRoot_VerbTerm	BPre15_VRoot_VerbTerm	BPre15_VRoot_VerbTerm	BPre15_VRoot_VerbTerm
e_ku_cinisek_is_a_ini	LocPre_BPre15_VRoot_CausExt_VerbTerm_LocSuf	LocPre_BPre15_VRoot_CausExt_VerbTerm_LocSuf	LocPre_BPre15_VRoot_CausExt_VerbTerm_LocSuf	LocPre_BPre15_VRoot_CausExt_VerbTerm_LocSuf
kwe_tful_w_a	BPre15_VRoot_PassExt_VerbTerm	BPre15_VRoot_PassExt_VerbTerm	BPre15_VRoot_PassExt_VerbTerm	BPre15_VRoot_PassExt_VerbTerm
kwe_tin_sita	PossConc15_BPre10_NStem	PossConc15_BPre10_NStem	PossConc15_BPre10_NStem	PossConc15_BPre10_NStem
loku_ncono	RelConc15_NStem	RelConc15_NStem	RelConc15_NStem	RelConc15_NStem
kanye	Conj	Conj	Conj	Adv
na_ku_ent_a	AdvPre_OC15_VRoot_VerbTerm	AdvPre_OC15_VRoot_VerbTerm	AdvPre_OC15_VRoot_VerbTerm	AdvPre_BPre15_VRoot_VerbTerm
ncono	Adv	NStem	Adv	NStem
ku_sebent_a	BPre15_VRoot_VerbTerm	BPre15_VRoot_VerbTerm	BPre15_VRoot_VerbTerm	BPre15_VRoot_VerbTerm
e_mu_khicito_ini	LocPre_BPre3_NStem_LocSuf	LocPre_BPre3_NStem_LocSuf	LocPre_BPre3_NStem_LocSuf	LocPre_BPre3_NStem_LocSuf
na_ku_khwalithi	AdvPre_LocPre_NStem	AdvPre_BPre15_NStem	AdvPre_LocPre_NStem	AdvPre_BPre15_NStem
.	Punc	Punc	Punc	Punc
kwa_si_tsatfu	PossConc15_BPre7_NStem	PossConc15_BPre7_NStem	PossConc15_BPre7_NStem	PossConc15_BPre7_NStem
,	Punc	Punc	Punc	Punc
tin_tfo	BPre10_NStem	BPre10_NStem	BPre10_NStem	BPre10_NStem
leti_phambili	RelConc10_Adv	RelConc10_Adv	RelConc10_Adv	RelConc10_Adv
ta_ku_enget_w_a	PossConc10_OC15_VRoot_PassExt_VerbTerm	PossConc10_OC15_VRoot_PassExt_VerbTerm	PossConc10_OC15_VRoot_PassExt_VerbTerm	PossConc10_BPre15_VRoot_PassExt_VerbTerm
na_ku_tfutfuk_is_a	AdvPre_BPre15_VRoot_CausExt_VerbTerm	AdvPre_OC15_VRoot_CausExt_VerbTerm	AdvPre_BPre15_VRoot_CausExt_VerbTerm	AdvPre_OC15_VRoot_CausExt_VerbTerm
tin_sita	BPre10_NStem	BPre10_NStem	BPre10_NStem	BPre10_NStem
ku_mel_e	SC15_VRoot_VerbTerm	SC15_VRoot_VerbTerm	SC15_VRoot_VerbTerm	SC15_VRoot_VerbTerm
ti_ncum_w_e	SC10_VRoot_PassExt_VerbTerm	SC10_VRoot_PassExt_VerbTerm	SC10_VRoot_PassExt_VerbTerm	BPre10_NStem
.	Punc	Punc	Punc	Punc
ngemuva	Adv	Adv	Adv	AdvPre_Adv
kwekutsi	Conj	Conj	Conj	Conj
be_tful_e	OC2_VRoot_VerbTerm	SC2a_VRoot_VerbTerm	OC2_VRoot_VerbTerm	SC2a_VRoot_VerbTerm
i_mi_phumela	NPrePre4_BPre4_NStem	NPrePre4_BPre4_NStem	NPrePre4_BPre4_NStem	NPrePre4_BPre4_NStem
ya_bo	PossConc4_PronStem14	PossConc9_PronStem2	PossConc4_PronStem14	PossConc9_PronStem2
e_mu_hlangano_ini	LocPre_BPre3_NStem_LocSuf	LocPre_BPre3_NStem_LocSuf	LocPre_BPre3_NStem_LocSuf	LocPre_BPre3_NStem_LocSuf
lo_vul_ek_ile	RelConc3_VRoot_NPas_Perf	RelConc3_VRoot_NeutExt_Perf	RelConc3_VRoot_NPas_Perf	RelConc3_VRoot_NeutExt_Perf
,	Punc	Punc	Punc	Punc
i_ehlukan_an_i	SC9_VRoot_RecipExt_VerbTerm	SC9_VRoot_RecipExt_VerbTerm	SC9_VRoot_RecipExt_VerbTerm	NPrePre4_NStem
nga_e_ma_cembu	AdvPre_NPrePre6_BPre6_NStem	AdvPre_NPrePre6_BPre6_NStem	AdvPre_NPrePre6_BPre6_NStem	AdvPre_NPrePre6_BPre6_NStem
lama_ncane	AdjPref6_AdjStem	AdjPref6_AdjStem	AdjPref6_AdjStem	AdjPref6_AdjStem
la_fan_a_ko	RelConc6_VRoot_VerbTerm_RelSuf	RelConc6_VRoot_VerbTerm_RelSuf	RelConc6_VRoot_VerbTerm_RelSuf	RelConc6_NStem_RelSuf
bese	Conj	Conj	Conj	Conj
u_niket_a	SC2ps_VRoot_VerbTerm	SC3_VRoot_VerbTerm	SC2ps_VRoot_VerbTerm	SC3_VRoot_VerbTerm
lelo	Dem5_Pos2		Dem5_Pos2	
na_lelo	AdvPre_Dem5_Pos2	AdvPre	AdvPre_Dem5_Pos2	AdvPre
cembu	NStem	NStem	NStem	NStem
lu_hlu	BPre11_NStem	BPre11_NStem	BPre11_NStem	BPre11_NStem
lwa_si_cinisekiso	PossConc11_BPre7_NStem	PossConc11_BPre7_NStem	PossConc11_BPre7_NStem	PossConc11_BPre7_NStem
i_m_phahla	NPrePre9_BPre3_NStem	NPrePre9_BPre3_NStem	NPrePre9_BPre3_NStem	NPrePre9_BPre3_NStem
lolu_nge_na_lu_tfo	RelConc11_NegPre_AdvPre_BPre11_NStem	RelConc11_NegPre_AdvPre_BPre11_NStem	RelConc11_NegPre_AdvPre_BPre11_NStem	RelConc11_NegPre_AdvPre_BPre11_NStem
.	Punc	Punc	Punc	Punc
laba_ngen_el_e	RelConc2_VRoot_ApplExt_VerbTerm	RelConc2_VRoot_ApplExt_VerbTerm	RelConc2_VRoot_ApplExt_VerbTerm	RelConc2_VRoot_ApplExt_VerbTerm
ti_fundvo	BPre8_NStem	BPre8_NStem	BPre8_NStem	BPre8_NStem
ku_mel_e	SC15_VRoot_VerbTerm	SC15_VRoot_VerbTerm	SC15_VRoot_VerbTerm	SC15_VRoot_VerbTerm
ba_gcwal_is_e	PossConc2_VRoot_CausExt_VerbTerm	SC2_VRoot_CausExt_VerbTerm	PossConc2_VRoot_CausExt_VerbTerm	SC2a_VRoot_CausExt_VerbTerm
lolu_hlu	Dem11_Pos1_NStem	RelConc11_NStem	Dem11_Pos1_NStem	RelConc11_NStem
lwa_si_cinisekiso	PossConc11_BPre7_NStem	PossConc11_BPre7_NStem	PossConc11_BPre7_NStem	PossConc11_BPre7_NStem
macondzana	Conj	NStem	Conj	NStem
ne_li_cembu	AdvPre_BPre5_NStem	AdvPre_BPre5_NStem	AdvPre_BPre5_NStem	AdvPre_BPre5_NStem
li_nye	AdjPref5_AdjStem	AdjPref5_AdjStem	AdjPref5_AdjStem	AdjPref5_AdjStem
la_tin_hlalakahle	PossConc5_NPre10_NStem	PossConc5_NPre10_NStem	PossConc5_NPre10_NStem	RelConc10_BPre9_NStem
e_wadi_ini	LocPre_NStem_LocSuf	LocPre_NStem_LocSuf	LocPre_NStem_LocSuf	LocPre_NStem_LocSuf
la_bo	PossConc5_PronStem2	PossConc5_PronStem2	PossConc5_PronStem2	PossConc5_PronStem2
.	Punc	Punc	Punc	Punc
ku_sungul_w_a	BPre15_VRoot_PassExt_VerbTerm	BPre15_VRoot_PassExt_VerbTerm	BPre15_VRoot_PassExt_VerbTerm	BPre15_VRoot_PassExt_VerbTerm
kwa_i_mi_khandlu	PossConc15_NPrePre4_BPre4_NStem	PossConc15_NPrePre4_BPre4_NStem	PossConc15_NPrePre4_BPre4_NStem	PossConc15_NPrePre4_BPre4_NStem
ye_AIDS	PossConc4_ProperName	PossConc4_ProperName	PossConc4_ProperName	PossConc9_NStem
ya_i_n_dzawo	PossConc4_NPrePre9_BPre9_NStem	PossConc9_NPrePre9_BPre9_NStem	PossConc4_NPrePre9_BPre9_NStem	PossConc9_NPrePre9_BPre9_NStem
.	Punc	Punc	Punc	Punc
si_zotsa	BPre7_NStem	BPre7_NStem	BPre7_NStem	SC1_VRoot_VerbTerm
-	Punc	Punc	Punc	Punc
ku_sebent_is_an_a	BPre15_VRoot_CausExt_RecipExt_VerbTerm	BPre15_VRoot_CausExt_RecipExt_VerbTerm	BPre15_VRoot_CausExt_RecipExt_VerbTerm	BPre15_VRoot_CausExt_RecipExt_VerbTerm
na_bo	AdvPre_PronStem2	AdvPre_PronStem2	AdvPre_PronStem2	AdvPre_PronStem2
bo_nkhe	QuantConc2_QuantStem	QuantConc2_QuantStem	QuantConc2_QuantStem	QuantConc2_QuantStem
laba_tsints_ek_a_ko	RelConc2_VRoot_NeutExt_VerbTerm_RelSuf	RelConc2_VRoot_NeutExt_VerbTerm_RelSuf	RelConc2_VRoot_NeutExt_VerbTerm_RelSuf	RelConc2_VRoot_NeutExt_VerbTerm_RelSuf
ku_mis_el_w_e	SC15_VRoot_ApplExt_PassExt_VerbTerm	SC15_VRoot_ApplExt_PassExt_VerbTerm	SC15_VRoot_ApplExt_PassExt_VerbTerm	SC15_VRoot_ApplExt_PassExt_VerbTerm
e_ku_hloniph_anan_a_ini	LocPre_OC15_VRoot_Ass_VerbTerm_LocSuf	LocPre_BPre15_VRoot_Ass_VerbTerm_LocSuf	LocPre_OC15_VRoot_Ass_VerbTerm_LocSuf	LocPre_BPre15_NStem_LocSuf
,	Punc	Punc	Punc	Punc
ku_lingan_a	BPre15_VRoot_VerbTerm	BPre15_VRoot_VerbTerm	BPre15_VRoot_VerbTerm	BPre15_VRoot_VerbTerm
kanye	Conj	Conj	Conj	Conj
na_si_zotsa	AdvPre_BPre7_NStem	AdvPre_BPre7_NStem	AdvPre_BPre7_NStem	AdvPre_BPre7_NStem
.	Punc	Punc	Punc	Punc
sodolobha	NStem	NStem	NStem	NStem
Mathabo	ProperName	ProperName	ProperName	NStem
Leeto	ProperName	ProperName	ProperName	
wa_masipala	PossConc1a_NStem	PossConc3_NStem	PossConc1a_NStem	PossConc3_NStem
wa_s_e_Matjhabeng	PossConc1_PreLoc-s_LocPre_ProperName	PossConc3_PreLoc-s_LocPre_ProperName	PossConc1_PreLoc-s_LocPre_ProperName	PossConc3_PreLoc-s_LocPre_BPre6_NStem
e_si_fundza_ini	LocPre_BPre7_NStem_LocSuf	LocPre_BPre7_NStem_LocSuf	LocPre_BPre7_NStem_LocSuf	LocPre_BPre7_NStem_LocSuf
sa_s_e_free	PossConc7_PreLoc-s_LocPre_NStem	PossConc7_PreLoc-s_LocPre_Foreign	PossConc7_PreLoc-s_LocPre_NStem	PossConc7_PreLoc-s_LocPre_NStem
State	ProperName	ProperName	ProperName	SC7_VRoot_VerbTerm
wa_cal_a	SC1a_VRoot_VerbTerm	CopPre_VRoot_VerbTerm	SC1a_VRoot_VerbTerm	CopPre_VRoot_VerbTerm
nga_ndlovulenkhulu	AdvPre_NStem	AdvPre_NStem	AdvPre_NStem	AdvPre_NPre9_NStem
2006	Num	Num	Num	Num
.	Punc	Punc	Punc	Punc
nga_i_si_khatsi	AdvPre_NPrePre7_BPre7_NStem	AdvPre_NPrePre7_BPre7_NStem	AdvPre_NPrePre7_BPre7_NStem	AdvPre_NPrePre7_BPre7_NStem
a_cal_a	SC1_VRoot_VerbTerm	SC6_VRoot_VerbTerm	SC1_VRoot_VerbTerm	SC6_VRoot_VerbTerm
e_hhovisi	LocPre_NStem	LocPre_Adv	LocPre_NStem	LocPre_BPre5_NStem
masipala	NStem	NStem	NStem	NStem
be_ka_kwelet_a	ProgPre_OC1_VRoot_VerbTerm	PossConc2_OC6_VRoot_VerbTerm	ProgPre_OC1_VRoot_VerbTerm	SC2_ExclNeg_OC15_VRoot_VerbTerm
i_Sedibeng	NPre9_ProperName	NPre9_ProperName	NPre9_ProperName	NPrePre9_PreLoc-s_NStem
Water	Foreign	ProperName	Foreign	PossConc3_NStem
i_mali	NPre9_NStem	NPre9_NStem	NPre9_NStem	NPre9_NStem
le_nyenti	PossConc5_NStem	PossConc5_NStem	PossConc5_NStem	PossConc5_NStem
.	Punc	Punc	Punc	Punc
nga_muva	AdvPre_Adv	AdvPre_Adv	AdvPre_Adv	AdvPre_Adv
kwa_tin_nyanga	PossConc10_BPre10_NStem	PossConc15_BPre10_NStem	PossConc10_BPre10_NStem	PossConc15_BPre10_NStem
leti_mbalwa	RelConc10_RelStem	RelConc10_RelStem	RelConc10_RelStem	RelConc10_RelStem
a_cal_ile	SC1a_VRoot_Perf	SC6_VRoot_Perf	SC1a_VRoot_Perf	SC1_VRoot_Perf
si_kweleti	BPre7_NStem	BPre7_NStem	BPre7_NStem	SC7_BPre15_VRoot_VerbTerm
sa_cedz_w_a	SC7_VRoot_PassExt_VerbTerm	SC7_VRoot_PassExt_VerbTerm	SC7_VRoot_PassExt_VerbTerm	PossConc7_VRoot_PassExt_VerbTerm
ku_bhadal_w_a	BPre15_VRoot_PassExt_VerbTerm	BPre15_VRoot_PassExt_VerbTerm	BPre15_VRoot_PassExt_VerbTerm	BPre15_VRoot_PassExt_VerbTerm
.	Punc	Punc	Punc	Punc
nga_phandle	AdvPre_Adv	AdvPre_Adv	AdvPre_Adv	AdvPre_Adv
kwa_lesi_kweleti	PossConc15_Dem7_Pos1_NStem	PossConc15_NStem	PossConc15_Dem7_Pos1_NStem	PossConc15_Pos1_BPre7
semantic	Foreign	NStem	Foreign	PossConc7_NPrePre6_BPre6_NStem
i_khawundi	NPre9_NStem	NPrePre4_NStem	NPre9_NStem	NPrePre4_NStem
ya_masipala	PossConc9_NStem	PossConc9_NStem	PossConc9_NStem	PossConc4_NStem
ya_lu_cingo	PossConc9_BPre11_NStem	PossConc9_NPre11_NStem	PossConc9_BPre11_NStem	PossConc9_NPre11_NStem
be_yi_setulu	PossConc2_CopPre_NStem	PossConc2_CopPre_NStem	PossConc2_CopPre_NStem	BPre2_CopPre_NStem
ka_khulu	AdvPre_AdjStem	AdvPre_AdjStem	AdvPre_AdjStem	AdvPre_AdjStem
kantsi	Conj	Conj	Conj	Conj
ku_na_mali	BPre15_AdvPre_NStem	BPre15_AdvPre_NStem	BPre15_AdvPre_NStem	BPre15_AdvPre_NStem
le_ncane	AdjPref9_AdjStem	PossConc5_AdjStem	AdjPref9_AdjStem	PossConc5_AdjStem
le_ngen_a_ko	PossConc5_VRoot_VerbTerm_RelSuf	PossConc5_VRoot_VerbTerm_RelSuf	PossConc5_VRoot_VerbTerm_RelSuf	PossConc5_VRoot_VerbTerm_RelSuf
loku_ent_a	RelConc15_VRoot_VerbTerm	RelConc15_VRoot_VerbTerm	RelConc15_VRoot_VerbTerm	RelConc15_VRoot_VerbTerm
kutsi	Conj	Conj	Conj	Conj
masipala	NStem	NStem	NStem	NStem
a_tfol_a	SC6_VRoot_VerbTerm	SC6_VRoot_VerbTerm	SC6_VRoot_VerbTerm	SC6_VRoot_VerbTerm
bu_matima	BPre14_Adv	BPre14_NStem	BPre14_Adv	BPre14_NStem
ba_ku_khokh_el_a	PossConc14_OC15_VRoot_VerbExt_VerbTerm	PossConc2_OC15_VRoot_ApplExt_VerbTerm	PossConc14_OC15_VRoot_VerbExt_VerbTerm	SC2_BPre15_VRoot_ApplExt_VerbTerm
ti_kweleti	BPre8_NStem	BPre8_NStem	BPre8_NStem	SC8_BPre15_VRoot_VerbTerm
ta_khe	PossConc8_PronStem1a	PossConc10_PronStem1	PossConc8_PronStem1a	PossConc10_PronStem1
.	Punc	Punc	Punc	Punc
sodolobha	NStem	NStem	NStem	NStem
wa_sungul_a	SC1a_VRoot_VerbTerm	SC3_VRoot_VerbTerm	SC1a_VRoot_VerbTerm	SC3_VRoot_VerbTerm
li_komidi	BPre5_NStem	BPre5_NStem	BPre5_NStem	BPre5_NStem
leli_buk_an_ile	RelConc5_VRoot_RecipExt_Perf	RelConc5_VRoot_RecipExt_Perf	RelConc5_VRoot_RecipExt_Perf	RelConc5_VRoot_RecipExt_Perf
ne_ti_mali	AdvPre_NPre10_NStem	AdvPre_NPre10_NStem	AdvPre_NPre10_NStem	AdvPre_BPre10_NStem
leti_nge_nako	RelConc10_NegPre_NStem	RelConc10_NegPre_NStem	RelConc10_NegPre_NStem	RelConc10_VRoot_VerbTerm_RelSuf
na_leti_cits_w_a_ko	AdvPre_RelConc5_VRoot_PassExt_VerbTerm_RelSuf	CopPre_RelConc10_VRoot_PassExt_VerbTerm_RelSuf	AdvPre_RelConc5_VRoot_PassExt_VerbTerm_RelSuf	AdvPre_RelConc10_VRoot_PassExt_VerbTerm_RelSuf
leli_hlangan_a	RelConc5_VRoot_VerbTerm	RelConc5_VRoot_VerbTerm	RelConc5_VRoot_VerbTerm	RelConc5_VRoot_VerbTerm
njalo	Adv	Adv	Adv	Adv
nga_li_viki	AdvPre_BPre5_NStem	AdvPre_BPre5_NStem	AdvPre_BPre5_NStem	AdvPre_BPre5_NStem
li_niket_e	SC5_VRoot_VerbTerm	SC5_VRoot_VerbTerm	SC5_VRoot_VerbTerm	SC5_VRoot_VerbTerm
u_mu_biko	NPrePre3_BPre3_NStem	NPrePre3_BPre3_NStem	NPrePre3_BPre3_NStem	NPrePre3_BPre3_NStem
nga_i_n_mali	AdvPre_NPrePre9_BPre9_NStem	AdvPre_NPrePre9_BPre9_NStem	AdvPre_NPrePre9_BPre9_NStem	AdvPre_NPrePre9_BPre9_NStem
le_ngen_a_ko	PossConc5_VRoot_VerbTerm_RelSuf	PossConc5_VRoot_VerbTerm_RelSuf	PossConc5_VRoot_VerbTerm_RelSuf	PossConc5_VRoot_VerbTerm_RelSuf
na_le_phum_a_ko	AdvPre_RelConc5_VRoot_VerbTerm_RelSuf	AdvPre_RelConc9_VRoot_VerbTerm_RelSuf	AdvPre_RelConc5_VRoot_VerbTerm_RelSuf	AdvPre_NStem_RelSuf
ku_masipala	LocPre_NStem	LocPre_NStem	LocPre_NStem	LocPre_NStem
kanye	Conj	Adv	Conj	Conj
na_tin_dzawo	AdvPre_BPre10_NStem	AdvPre_BPre10_NStem	AdvPre_BPre10_NStem	AdvPre_BPre10_NStem
leti_bu_tsakatsaka	RelConc10_BPre14_NStem	RelConc10_BPre14_NStem	RelConc10_BPre14_NStem	RelConc10_BPre14_NStem
e_ku_sebent_a_ini	LocPre_BPre15_VRoot_VerbTerm_LocSuf	LocPre_BPre15_VRoot_VerbTerm_LocSuf	LocPre_BPre15_VRoot_VerbTerm_LocSuf	LocPre_BPre15_VRoot_VerbTerm_LocSuf
kwa_masipala	PossConc15_NStem	PossConc15_NStem	PossConc15_NStem	PossConc15_NStem
na_s_e_kwe_tful_w_ini	AdvPre_PreLoc-s_LocPre_OC15_VRoot_PassExt_LocSuf	AdvPre_PreLoc-s_LocPre_BPre15_VRoot_PassExt_LocSuf	AdvPre_PreLoc-s_LocPre_OC15_VRoot_PassExt_LocSuf	AdvPre_PreLoc-s_LocPre_BPre15_VRoot_PassExt_VerbTerm_LocSuf
kwe_tin_sita	PossConc15_BPre10_NStem	PossConc15_BPre10_NStem	PossConc15_BPre10_NStem	PossConc15_BPre10_NStem
.	Punc	Punc	Punc	Punc
njengobe	Conj	Conj	Conj	Conj
masipala	NStem	NStem	NStem	NStem
abe_na_lu_ati	RelConc2_AdvPre_BPre11_NStem	RelConc2_AdvPre_BPre11_NStem	RelConc2_AdvPre_BPre11_NStem	RelConc6_BPre2_AdvPre_BPre11_NStem
lolu_ncane	AdjPref11_AdjStem	AdjPref11_AdjStem	AdjPref11_AdjStem	AdjPref11_AdjStem
li_mayela_na	BPre5_NStem_DimSuf	BPre5_NStem_DimSuf	BPre5_NStem_DimSuf	Adv
na_bahlali	AdvPre_NStem	AdvPre_NStem	AdvPre_NStem	AdvPre_BPre2_NStem
ba_masipala	PossConc2_NStem	BPre2_NStem	PossConc2_NStem	BPre2_NStem
,	Punc	Punc	Punc	Punc
ku_sungul_w_a	SC15_VRoot_PassExt_VerbTerm	BPre15_VRoot_PassExt_VerbTerm	SC15_VRoot_PassExt_VerbTerm	BPre15_VRoot_PassExt_VerbTerm
u_mu_klamo	NPrePre3_BPre3_NStem	NPrePre3_BPre3_NStem	NPrePre3_BPre3_NStem	NPrePre3_BPre3_NStem
wa_ku_tfol_a	PossConc3_OC15_VRoot_VerbTerm	PossConc3_OC15_VRoot_VerbTerm	PossConc3_OC15_VRoot_VerbTerm	PossConc3_OC15_VRoot_VerbTerm
lu_ati	BPre11_NStem	BPre11_NStem	BPre11_NStem	BPre11_NStem
kute	Conj	Conj	Conj	Conj
masipala	NStem	NStem	NStem	NStem
a_tewu_b_a	SC6_Fut_VRoot_VerbTerm	SC6_Fut_VRoot_VerbTerm	SC6_Fut_VRoot_VerbTerm	SC6_Fut_AuxVStem
na_u_mu_condvo	AdvPre_NPrePre3_BPre3_NStem	AdvPre_NPrePre3_BPre3_NStem	AdvPre_NPrePre3_BPre3_NStem	AdvPre_NStem
lo_ncono	RelConc3_NStem	Pos1	RelConc3_NStem	NStem
we_kutsi	PossConc3_NStem	PossConc3_NStem	PossConc3_NStem	PossConc1a_NStem
mangaki	Interrog	NStem	Interrog	NStem
e_ma_khaya	LocPre_BPre6_NStem	NPrePre6_BPre6_NStem	LocPre_BPre6_NStem	NPrePre6_BPre6_NStem
loku_mel_e	RelConc15_VRoot_VerbTerm	RelConc15_VRoot_VerbTerm	RelConc15_VRoot_VerbTerm	RelConc15_VRoot_VerbTerm
a_wa_phakel_e	SC6_OC6_VRoot_VerbTerm	SC6_OC6_VRoot_VerbTerm	SC6_OC6_VRoot_VerbTerm	SC6_SC3_VRoot_ApplExt_VerbTerm
a_e_ma_nti	PossConc6_NPrePre6_BPre6_NStem	PossConc6_NPrePre6_BPre6_NStem	PossConc6_NPrePre6_BPre6_NStem	LocPre_NStem
na_gezi	AdvPre_NStem	AdvPre_NStem	AdvPre_NStem	AdvPre_NStem
ne_kutsi	AdvPre_Conj	AdvPre_Conj	AdvPre_Conj	AdvPre_Conj
ngu_ti_phi	CopPre_BPre8_Interrog	CopPre_BPre10_Interrog	CopPre_BPre8_Interrog	CopPre_BPre10_EnumStem
tin_sita	BPre10_NStem	BPre10_NStem	BPre10_NStem	BPre10_NStem
leti_dzing_ek_a_ko	RelConc10_VRoot_NeutExt_VerbTerm_RelSuf	RelConc10_VRoot_NeutExt_VerbTerm_RelSuf	RelConc10_VRoot_NeutExt_VerbTerm_RelSuf	RelConc10_VRoot_NeutExt_VerbTerm_RelSuf
.	Punc	Punc	Punc	Punc
u_ts_i	SC1_VRoot_VerbTerm	SC3_VRoot_VerbTerm	SC1_VRoot_VerbTerm	SC3_VRoot_VerbTerm
in_sika	NPre9_NStem	NPre9_NStem	NPre9_NStem	NPrePre9_BPre9_NStem
ya_ku_fez_a	PossConc9_OC15_VRoot_VerbTerm	PossConc4_OC15_VRoot_VerbTerm	PossConc9_OC15_VRoot_VerbTerm	PossConc4_OC15_VRoot_VerbTerm
tin_hloso	BPre10_NStem	BPre10_NStem	BPre10_NStem	BPre10_NStem
ta_khe	PossConc10_PronStem2a	PossConc10_PronStem1	PossConc10_PronStem2a	PossConc10_PronStem1
yi_i_n_dlela	CopPre_NPrePre9_BPre9_NStem	CopPre_NPrePre9_BPre9_NStem	CopPre_NPrePre9_BPre9_NStem	CopPre_NPrePre9_BPre9_NStem
ya_ku_hlangabet_an_a	PossConc9_OC15_VRoot_RecipExt_VerbTerm	PossConc9_OC15_VRoot_RecipExt_VerbTerm	PossConc9_OC15_VRoot_RecipExt_VerbTerm	PossConc9_OC15_VRoot_RecipExt_VerbTerm
ne_ti_dzingo	AdvPre_NPre8_NStem	AdvPre_NPre8_NStem	AdvPre_NPre8_NStem	AdvPre_NPre8_NStem
ta_e_ba_ntfu	PossConc8_NPrePre2_BPre2_NStem	PossConc8_NPrePre2_BPre2_NStem	PossConc8_NPrePre2_BPre2_NStem	PossConc8_BPre2_NStem
.	Punc	Punc	Punc	Punc
lo_m_tsetfo	RelConc3_BPre3_NStem	PossConc5_BPre3_NStem	RelConc3_BPre3_NStem	RelConc3_BPre3_NStem
u_phindz_e	SC3_VRoot_VerbTerm	SC3_VRoot_VerbTerm	SC3_VRoot_VerbTerm	SC3_VRoot_VerbTerm
u_vum_el_e	SC3_VRoot_ApplExt_VerbTerm	SC3_VRoot_ApplExt_VerbTerm	SC3_VRoot_ApplExt_VerbTerm	SC3_VRoot_ApplExt_VerbTerm
bo_masipala	BPre2a_NStem	BPre2a_NStem	BPre2a_NStem	BPre2a_NStem
kutsi	Conj	Conj	Conj	Conj
ba_niket_e	SC2_VRoot_VerbTerm	SC2_VRoot_VerbTerm	SC2_VRoot_VerbTerm	SC2_VRoot_VerbTerm
tin_cemphetelo	BPre10_NStem	BPre10_NStem	BPre10_NStem	BPre10_NStem
,	Punc	Punc	Punc	Punc
ba_ehl_is_e	SC2a_VRoot_CausExt_VerbTerm	SC2_VRoot_CausExt_VerbTerm	SC2a_VRoot_CausExt_VerbTerm	SC2_VRoot_CausExt_VerbTerm
i_mi_tselo	NPrePre4_BPre4_NStem	NPrePre4_BPre4_NStem	NPrePre4_BPre4_NStem	NPrePre4_BPre4_NStem
ku_laba_nye	LocPre_AdjPref2_AdjStem	LocPre_AdjPref2_AdjStem	LocPre_AdjPref2_AdjStem	LocPre_AdjPref2_AdjStem
ba_ti_gaba	PossConc2a_BPre8_NStem	PossConc2_BPre8_NStem	PossConc2a_BPre8_NStem	PossConc2_BPre8_NStem
tsite	AuxVStem	RelStem	AuxVStem	RelStem
ta_e_ba_ntfu	PossConc8_NPrePre2_BPre2_NStem	PossConc8_NPrePre2_BPre2_NStem	PossConc8_NPrePre2_BPre2_NStem	PossConc8_BPre2_NStem
,	Punc	Punc	Punc	Punc
ku_bekis_a	BPre15_VRoot_VerbTerm	BPre15_VRoot_VerbTerm	BPre15_VRoot_VerbTerm	BPre15_VRoot_CausExt_VerbTerm
nje	Adv	Adv	Adv	Adv
la_bo	PossConc5_PronStem2	PossConc5_PronStem2	PossConc5_PronStem2	PossConc5_PronStem2
laba_at_iw_a_ko	RelConc2_VRoot_PassExt_VerbTerm_RelSuf	RelConc2_VRoot_PassExt_VerbTerm_RelSuf	RelConc2_VRoot_PassExt_VerbTerm_RelSuf	RelConc2_VRoot_PassExt_VerbTerm_RelSuf
ngu_masipala	CopPre_NStem	CopPre_NStem	CopPre_NStem	CopPre_NStem
kutsi	Conj	Conj	Conj	Conj
ba_ndzindz_ile	SC2_VRoot_Perf	BPre2_VRoot_Perf	SC2_VRoot_Perf	SC2_VRoot_VerbTerm
.	Punc	Punc	Punc	Punc
ku_hlol_w_a	BPre15_VRoot_PassExt_VerbTerm	BPre15_VRoot_PassExt_VerbTerm	BPre15_VRoot_PassExt_VerbTerm	BPre15_VRoot_PassExt_VerbTerm
kwa_m_klamo	PossConc15_BPre3_NStem	PossConc15_BPre3_NStem	PossConc15_BPre3_NStem	PossConc15_NPre3_NStem
-	Punc	Punc	Punc	Punc
ku_gadz_a	BPre15_VRoot_VerbTerm	BPre15_VRoot_VerbTerm	BPre15_VRoot_VerbTerm	BPre15_VRoot_VerbTerm
na_ku_buyeket_a	AdvPre_BPre15_VRoot_VerbTerm	AdvPre_OC15_VRoot_VerbTerm	AdvPre_BPre15_VRoot_VerbTerm	AdvPre_OC15_VRoot_VerbTerm
ku_setjentis_w_a	SC15_VRoot_PassExt_VerbTerm	SC15_VRoot_PassExt_VerbTerm	SC15_VRoot_PassExt_VerbTerm	SC15_VRoot_PassExt_VerbTerm
tin_khomba	BPre10_NStem	BPre10_NStem	BPre10_NStem	BPre10_NStem
leti_bek_iw_e	RelConc10_VRoot_PassExt_VerbTerm	RelConc10_VRoot_PassExt_VerbTerm	RelConc10_VRoot_PassExt_VerbTerm	RelConc10_VRoot_PassExt_VerbTerm
kutso	Conj	Conj	Conj	LocPre_NStem
ku_tfol_akal_e	SC15_VRoot_NeutExt_VerbTerm	SC15_VRoot_NeutExt_VerbTerm	SC15_VRoot_NeutExt_VerbTerm	SC15_VRoot_NeutExt_VerbTerm
kutsi	Conj	Conj	Conj	Conj
lo_m_klamo	Dem3_Pos1_BPre3_NStem	Pos1_BPre3	Dem3_Pos1_BPre3_NStem	Pos1_BPre3
u_chub_ek_a	SC3_VRoot_NeutExt_VerbTerm	SC3_VRoot_NPas_VerbTerm	SC3_VRoot_NeutExt_VerbTerm	SC3_VRoot_NPas_VerbTerm
njani	Adv	Adv	Adv	Adv
,	Punc	Punc	Punc	Punc
tin_khinga	BPre10_NStem	BPre10_NStem	BPre10_NStem	BPre10_NStem
loku_hlangan_w_a	RelConc15_VRoot_PassExt_VerbTerm	RelConc15_VRoot_PassExt_VerbTerm	RelConc15_VRoot_PassExt_VerbTerm	RelConc15_VRoot_PassExt_VerbTerm
na_to	AdvPre_PronStem8	AdvPre_PronStem8	AdvPre_PronStem8	AdvPre_PronStem8
yini	Interrog	Interrog	Interrog	Interrog
ne_kutsi	AdvPre_Conj	AdvPre_Conj	AdvPre_Conj	AdvPre_Conj
ku_cal_w_a	SC15_VRoot_PassExt_VerbTerm	BPre15_VRoot_PassExt_VerbTerm	SC15_VRoot_PassExt_VerbTerm	BPre15_VRoot_PassExt_VerbTerm
kwe_m_sebenti	PossConc15_BPre3_NStem	PossConc15_BPre3_NStem	PossConc15_BPre3_NStem	PossConc15_BPre3_NStem
ku_nga_lung_is_w_a	SC15_Pot_VRoot_CausExt_PassExt_VerbTerm	SC15_Pot_VRoot_CausExt_PassExt_VerbTerm	SC15_Pot_VRoot_CausExt_PassExt_VerbTerm	SC15_NegPre_VRoot_CausExt_PassExt_VerbTerm
njani	Adv	Adv	Adv	Adv
.	Punc	Punc	Punc	Punc
umangabe	Conj	Conj	Conj	Conj
masipala	NStem	NStem	NStem	NStem
ku_mel_e	SC15_VRoot_VerbTerm	SC15_VRoot_VerbTerm	SC15_VRoot_VerbTerm	SC15_VRoot_VerbTerm
a_cabang_e	SC6_VRoot_VerbTerm	SC6_VRoot_VerbTerm	SC6_VRoot_VerbTerm	SC6_VRoot_VerbTerm
nga_ku_akh_a	AdvPre_OC15_VRoot_VerbTerm	AdvPre_OC15_VRoot_VerbTerm	AdvPre_OC15_VRoot_VerbTerm	AdvPre_OC15_VRoot_VerbTerm
in_dlelasu	NPre9_NStem	NPre9_NStem	NPre9_NStem	NPre9_NStem
ye_HIV	PossConc4_Abbr	PossConc9_Abbr	PossConc4_Abbr	PossConc9_NStem
/	Punc	Punc	Punc	Punc
AIDS	ProperName	ProperName	ProperName	Foreign
.	Punc	Punc	Punc	Punc
lu_hlelo	CopPre_NStem	BPre11_NStem	CopPre_NStem	BPre11_NStem
lwe_HIV	PossConc11_Abbr	PossConc11_Abbr	PossConc11_Abbr	PossConc11_NStem
/	Punc	Punc	Punc	Punc
AIDS	ProperName	ProperName	ProperName	Foreign
lolu_phumelel_is_a_ko	RelConc11_VRoot_CausExt_VerbTerm_RelSuf	RelConc11_VRoot_CausExt_VerbTerm_RelSuf	RelConc11_VRoot_CausExt_VerbTerm_RelSuf	RelConc11_VRoot_CausExt_VerbTerm_RelSuf
lu_dzing_a	SC11_VRoot_VerbTerm	SC11_VRoot_VerbTerm	SC11_VRoot_VerbTerm	SC11_VRoot_VerbTerm
li_cebo	NPre5_NStem	BPre5_NStem	NPre5_NStem	BPre5_NStem
le_in_dlelasu	PossConc5_BPre9_NStem	PossConc5_NPre9_NStem	PossConc5_BPre9_NStem	Pos1_NPre9
ne_ku_bamb_is_an_a	AdvPre_BPre15_VRoot_CausExt_RecipExt_VerbTerm	AdvPre_BPre15_VRoot_CausExt_RecipExt_VerbTerm	AdvPre_BPre15_VRoot_CausExt_RecipExt_VerbTerm	AdvPre_OC15_VRoot_CausExt_RecipExt_VerbTerm
,	Punc	Punc	Punc	Punc
ne_ku_sek_el_w_a	AdvPre_BPre15_VRoot_ApplExt_PassExt_VerbTerm	AdvPre_BPre15_VRoot_ApplExt_PassExt_VerbTerm	AdvPre_BPre15_VRoot_ApplExt_PassExt_VerbTerm	AdvPre_OC15_VRoot_PassExt_VerbTerm
ngi_bo	CopPre_PronStem2	CopPre_NStem	CopPre_PronStem2	CopPre_NStem
bo_nkhe	QuantConc2_QuantStem	QuantConc2_QuantStem	QuantConc2_QuantStem	QuantConc2_QuantStem
laba_tsints_ek_a_ko	RelConc2_VRoot_NeutExt_VerbTerm_RelSuf	RelConc2_VRoot_NeutExt_VerbTerm_RelSuf	RelConc2_VRoot_NeutExt_VerbTerm_RelSuf	RelConc2_VRoot_NeutExt_VerbTerm_RelSuf
.	Punc	Punc	Punc	Punc
u_m_khandlu	NPrePre3_BPre3_NStem	NPrePre3_BPre3_NStem	NPrePre3_BPre3_NStem	NPrePre3_BPre3_NStem
u_nga_sungul_a	SC3_Pot_VRoot_VerbTerm	SC2ps_Pot_VRoot_VerbTerm	SC3_Pot_VRoot_VerbTerm	SC2ps_Pot_VRoot_VerbTerm
i_n_khundla	NPrePre9_BPre9_NStem	NPrePre9_BPre9_NStem	NPrePre9_BPre9_NStem	NPrePre9_BPre9_NStem
na_bo	AdvPre_PronStem2	AdvPre_PronStem2	AdvPre_PronStem2	AdvPre_PronStem2
bo_nkhe	QuantConc2_QuantStem	QuantConc2_QuantStem	QuantConc2_QuantStem	QuantConc2_QuantStem
laba_dlal_a	RelConc2_VRoot_VerbTerm	RelConc2_VRoot_VerbTerm	RelConc2_VRoot_VerbTerm	RelConc2_VRoot_VerbTerm
i_n_dzima	NPrePre9_BPre9_NStem	NPrePre9_BPre9_NStem	NPrePre9_BPre9_NStem	NPrePre9_BPre9_NStem
loku_fak_a	RelConc15_VRoot_VerbTerm	RelConc15_VRoot_VerbTerm	RelConc15_VRoot_VerbTerm	RelConc15_VRoot_VerbTerm
e_khatsi	LocPre_Adv	LocPre_Adv	LocPre_Adv	LocPre_Adv
lu_sito	BPre11_NStem	BPre11_NStem	BPre11_NStem	BPre11_NStem
lwa_velonkhe	PossConc11_NStem	PossConc11_NStem	PossConc11_NStem	PossConc1a_LocPre_NStem
,	Punc	Punc	Punc	Punc
ne_lwe_si_fundza	AdvPre_PossConc11_NPre11_NStem	AdvPre_PossConc11_BPre7_NStem	AdvPre_PossConc11_NPre11_NStem	AdvPre_PossConc11_BPre7_NStem
,	Punc	Punc	Punc	Punc
njenge_li_tiko	AdvPre_NPre5_NStem	AdvPre_BPre5_NStem	AdvPre_NPre5_NStem	AdvPre_NStem
le_te_m_philo	PossConc5_PossConc10_BPre9_NStem	PossConc5_PossConc8_BPre3_NStem	PossConc5_PossConc10_BPre9_NStem	PossConc5_PossConc8_BPre3_NStem
,	Punc	Punc	Punc	Punc
litiko	NStem	NStem	NStem	NStem
le_te_manti	PossConc5_PossConc10_NStem	PossConc5_PossConc8_NStem	PossConc5_PossConc10_NStem	RelConc10_LocPre_NStem
,	Punc	Punc	Punc	Punc
ne_litiko	AdvPre_NStem	AdvPre_NStem	AdvPre_NStem	AdvPre_NStem
le_te_n_fundvo	PossConc5_PossConc10_BPre9_NStem	PossConc5_PossConc8_BPre9_NStem	PossConc5_PossConc10_BPre9_NStem	PossConc5_PossConc8_BPre3_NStem
,	Punc	Punc	Punc	Punc
e_ma_NGO	NPrePre6_BPre6_Abbr	NPrePre6_BPre6_Abbr	NPrePre6_BPre6_Abbr	NPrePre6_BPre6_NStem
,	Punc	Punc	Punc	Punc
e_ma_CBO	NPrePre6_BPre6_Abbr	NPrePre6_BPre6_Abbr	NPrePre6_BPre6_Abbr	NPrePre6_BPre6_NStem
la_sebent_a	PossConc5_VRoot_VerbTerm	PossConc5_VRoot_VerbTerm	PossConc5_VRoot_VerbTerm	PossConc5_VRoot_VerbTerm
ku_lo_m_khakha	LocPre_Dem3_Pos1_BPre3_NStem	LocPre_Pos1_BPre3	LocPre_Dem3_Pos1_BPre3_NStem	LocPre_Pos1_BPre3
we_HIV	PossConc3_Abbr	PossConc9_Abbr	PossConc3_Abbr	PossConc3_NStem
/	Punc	Punc	Punc	Punc
AIDS	ProperName	ProperName	ProperName	Foreign
,	Punc	Punc	Punc	Punc
tin_hlangano	BPre10_NStem	BPre10_NStem	BPre10_NStem	BPre10_NStem
te_te_n_hlalakahle	PossConc10_PossConc10_BPre9_NStem	PossConc10_BPre8_BPre9_NStem	PossConc10_PossConc10_BPre9_NStem	PossConc10_BPre10_NStem
,	Punc	Punc	Punc	Punc
ti_fundza	BPre8_NStem	BPre8_NStem	BPre8_NStem	BPre8_VRoot_VerbTerm
ne_mi_khandlu	AdvPre_BPre4_NStem	AdvPre_BPre4_NStem	AdvPre_BPre4_NStem	AdvPre_BPre4_NStem
ya_i_n_dzawo	PossConc4_NPrePre9_BPre9_NStem	PossConc9_NPrePre9_BPre9_NStem	PossConc4_NPrePre9_BPre9_NStem	PossConc9_NPrePre9_BPre9_NStem
ye_AIDS	PossConc4_ProperName	PossConc9_ProperName	PossConc4_ProperName	PossConc9_NStem
na_tin_hlangano	AdvPre_BPre10_NStem	AdvPre_BPre10_NStem	AdvPre_BPre10_NStem	AdvPre_BPre10_NStem
ta_te_in_kholo	PossConc10_PossConc10_NPre9_NStem	PossConc10_PossConc10_NPre9_NStem	PossConc10_PossConc10_NPre9_NStem	PossConc10_PossConc10_NPre9_NStem
.	Punc	Punc	Punc	Punc
in_dlelasu	NPre9_NStem	NPre9_NStem	NPre9_NStem	NPre9_NStem
le_hlangan_is_iw_e	PossConc5_VRoot_CausExt_PassExt_VerbTerm	PossConc5_VRoot_CausExt_PassExt_VerbTerm	PossConc5_VRoot_CausExt_PassExt_VerbTerm	PossConc5_VRoot_CausExt_PassExt_VerbTerm
i_tawu_dzing_ek_a	SC9_Fut_VRoot_NPas_VerbTerm	SC4_Fut_VRoot_NeutExt_VerbTerm	SC9_Fut_VRoot_NPas_VerbTerm	SC4_Fut_VRoot_NeutExt_VerbTerm
ngoba	Conj	Conj	Conj	Conj
i_HIV	NPre9_Abbr	NPrePre4_Abbr	NPre9_Abbr	NPrePre4_NStem
/	Punc	Punc	Punc	Punc
AIDS	ProperName	ProperName	ProperName	Foreign
i_b_e	SC1_VRoot_VerbTerm	SC1_VRoot_VerbTerm	SC1_VRoot_VerbTerm	SC1_VRoot_VerbTerm
ne_monakalo	AdvPre_NStem	AdvPre_NStem	AdvPre_NStem	AdvPre_NStem
ku_ba_ntfw_ana	LocPre_BPre2_NStem_DimSuf	LocPre_BPre2_NStem_DimSuf	LocPre_BPre2_NStem_DimSuf	LocPre_BPre2_NStem
laba_tin_tsandzane	RelConc2_NPre10_NStem	RelConc2_NPre10_NStem	RelConc2_NPre10_NStem	RelConc2_NPre10_NStem
,	Punc	Punc	Punc	Punc
laba_eswel_e	RelConc2_VRoot_VerbTerm	RelConc2_VRoot_VerbTerm	RelConc2_VRoot_VerbTerm	RelConc2_VRoot_VerbTerm
ku_nak_ekel_w_a	BPre15_VRoot_NeutExt_PassExt_VerbTerm	BPre15_VRoot_NeutExt_PassExt_VerbTerm	BPre15_VRoot_NeutExt_PassExt_VerbTerm	BPre15_VRoot_NeutExt_PassExt_VerbTerm
ba_tali	BPre2_NStem	BPre2_NStem	BPre2_NStem	BPre2_NStem
na_lu_sito	AdvPre_BPre11_NStem	AdvPre_BPre11_NStem	AdvPre_BPre11_NStem	AdvPre_BPre11_NStem
lwa_ti_mali	PossConc11_BPre10_NStem	PossConc11_BPre10_NStem	PossConc11_BPre10_NStem	PossConc11_BPre10_NStem
,	Punc	Punc	Punc	Punc
ba_ntfu	BPre2_NStem	BPre2_NStem	BPre2_NStem	BPre2_NStem
la_se_ba_khul_ile	RelConc1_Pro_OC2_VRoot_Perf	RelConc6_Pro_OC2_VRoot_Perf	RelConc1_Pro_OC2_VRoot_Perf	PossConc5_PreLoc-s_LocPre_SC2_VRoot_Perf
laba_eswel_e	RelConc2_VRoot_VerbTerm	RelConc2_VRoot_VerbTerm	RelConc2_VRoot_VerbTerm	RelConc2_VRoot_VerbTerm
lo_nga_ba_nakek_el_a	RelConc2_Pot_OC2_VRoot_ApplExt_VerbTerm	RelConc3_Pot_OC2_VRoot_ApplExt_VerbTerm	RelConc2_Pot_OC2_VRoot_ApplExt_VerbTerm	RelConc3_Pot_OC2_VRoot_VerbTerm
na_ba_ntfu	AdvPre_BPre2_NStem	AdvPre_BPre2_NStem	AdvPre_BPre2_NStem	AdvPre_BPre2_NStem
laba_sha	AdjPref2_AdjStem	AdjPref2_AdjStem	AdjPref2_AdjStem	AdjPref2_AdjStem
.	Punc	Punc	Punc	Punc
si_mo	BPre7_NStem	BPre7_NStem	BPre7_NStem	BPre7_NStem
se_m_notfo	PossConc7_BPre3_NStem	PossConc7_BPre3_NStem	PossConc7_BPre3_NStem	PossConc7_BPre3_NStem
na_n_hlalakahle	AdvPre_BPre9_NStem	AdvPre_BPre9_NStem	AdvPre_BPre9_NStem	AdvPre_BPre9_NStem
ku_mu_khandlu	LocPre_BPre3_NStem	LocPre_BPre3_NStem	LocPre_BPre3_NStem	LocPre_BPre3_NStem
si_dzing_a	SC7_VRoot_VerbTerm	SC7_VRoot_VerbTerm	SC7_VRoot_VerbTerm	SC7_VRoot_VerbTerm
ku_nak_w_a	BPre15_VRoot_PassExt_VerbTerm	BPre15_VRoot_PassExt_VerbTerm	BPre15_VRoot_PassExt_VerbTerm	BPre15_VRoot_PassExt_VerbTerm
,	Punc	Punc	Punc	Punc
ngakoke	Conj	Conj	Conj	Conj
u_mu_khandlu	NPrePre3_BPre3_NStem	NPrePre3_BPre3_NStem	NPrePre3_BPre3_NStem	NPrePre3_BPre3_NStem
u_nga_sungul_a	SC3_Pot_VRoot_VerbTerm	SC3_Pot_VRoot_VerbTerm	SC3_Pot_VRoot_VerbTerm	SC3_Pot_VRoot_VerbTerm
i_n_khundla	NPrePre9_BPre9_NStem	NPrePre9_BPre9_NStem	NPrePre9_BPre9_NStem	NPrePre9_BPre9_NStem
le_tawu_lung_is_a	RelConc9_Fut_VRoot_CausExt_VerbTerm	PossConc5_Fut_VRoot_CausExt_VerbTerm	RelConc9_Fut_VRoot_CausExt_VerbTerm	RelConc4_Fut_VRoot_CausExt_VerbTerm
in_dlelasu	NPre9_NStem	NPre9_NStem	NPre9_NStem	NPre9_NStem
le_fak_a	RelConc9_VRoot_VerbTerm	RelConc9_VRoot_VerbTerm	RelConc9_VRoot_VerbTerm	RelConc9_VRoot_VerbTerm
wo_nkhe	QuantConc3_QuantStem	QuantConc3_QuantStem	QuantConc3_QuantStem	QuantConc3_QuantStem
u_mu_mango	NPrePre3_BPre3_NStem	NPrePre3_BPre3_NStem	NPrePre3_BPre3_NStem	NPrePre3_BPre3_NStem
.	Punc	Punc	Punc	Punc
u_mu_sebenti	NPrePre3_BPre3_NStem	NPrePre3_BPre3_NStem	NPrePre3_BPre3_NStem	NPrePre3_BPre3_NStem
wa_li_cembu	PossConc3_BPre5_NStem	PossConc3_BPre5_NStem	PossConc3_BPre5_NStem	PossConc3_BPre5_NStem
leli_cedz_el_a	RelConc5_VRoot_ApplExt_VerbTerm	RelConc5_VRoot_ApplExt_VerbTerm	RelConc5_VRoot_ApplExt_VerbTerm	VRoot_ApplExt_VerbTerm
i_metriksi	BPre9_NStem	NPre9_NStem	BPre9_NStem	NPre9_NStem
ya_SWOT	PossConc9_Foreign	PossConc9_Foreign	PossConc9_Foreign	PossConc9_Foreign
na_komidi	AdvPre_NStem	AdvPre_NStem	AdvPre_NStem	AdvPre_NPre9_NStem
ya_li_wadi	PossConc9_BPre5_NStem	PossConc9_BPre5_NStem	PossConc9_BPre5_NStem	PossConc9_BPre5_NStem
kanye	Conj	Conj	Conj	Adv
ne_ba_ntfu	AdvPre_BPre2_NStem	AdvPre_BPre2_NStem	AdvPre_BPre2_NStem	AdvPre_BPre2_NStem
laba_yi_mi_tfombolusito	RelConc2_CopPre_BPre4_NStem	RelConc2_CopPre_BPre4_NStem	RelConc2_CopPre_BPre4_NStem	RelConc2_CopPre_BPre4_NStem
le_s_e_mbili	RelConc4_PreLoc-s_LocPre_NStem	RelConc4_PreLoc-s_LocPre_NStem	RelConc4_PreLoc-s_LocPre_NStem	RelConc4_PreLoc-s_LocPre_NStem
.	Punc	Punc	Punc	Punc
ti_niketen_i	SC2pp_VRoot_VerbTerm	SC2pp_VRoot_VerbTerm	SC2pp_VRoot_VerbTerm	SC2pp_VRoot_VerbTerm
cishe	AuxVStem	AuxVStem	AuxVStem	AuxVStem
e_ma_awa	NPrePre6_BPre6_NStem	NPrePre6_BPre6_NStem	NPrePre6_BPre6_NStem	NPrePre6_BPre6_NStem
lama_bili	AdjPref6_AdjStem	AdjPref6_AdjStem	AdjPref6_AdjStem	AdjPref6_AdjStem
.	Punc	Punc	Punc	Punc
u_mu_sebenti	NPrePre1_BPre1_NStem	NPrePre3_BPre3_NStem	NPrePre1_BPre1_NStem	NPrePre3_BPre3_NStem
2	Num	Num	Num	Num
cabanga	NStem	NStem	NStem	VRoot_VerbTerm
nga_lu_suku	AdvPre_BPre11_NStem	AdvPre_BPre11_NStem	AdvPre_BPre11_NStem	AdvPre_BPre11_NStem
lo_lo_jwayel_ek_ile	Dem3_Pos1_RelConc3_VRoot_NeutExt_Perf	RelConc3_RelConc3_VRoot_NeutExt_Perf	Dem3_Pos1_RelConc3_VRoot_NeutExt_Perf	RelConc3_RelConc3_VRoot_NeutExt_Perf
e_in_philo_ini	LocPre_BPre9_NStem_LocSuf	LocPre_BPre9_NStem_LocSuf	LocPre_BPre9_NStem_LocSuf	LocPre_BPre9_NStem_LocSuf
ye_indvodza	PossConc9_NStem	PossConc9_NStem	PossConc9_NStem	PossConc9_NPrePre9_BPre9_NStem
ne_mu_fati	AdvPre_BPre1_NStem	AdvPre_BPre1_NStem	AdvPre_BPre1_NStem	AdvPre_BPre3_NStem
laba_ku_leli_cembu	RelConc2_BPre15_Dem7_Pos1_NStem	RelConc2_LocPre_Pos1	RelConc2_BPre15_Dem7_Pos1_NStem	RelConc2_LocPre_Pos1
le_si_ve	PossConc5_BPre7_NStem	PossConc5_BPre7_NStem	PossConc5_BPre7_NStem	PossConc5_BPre7_NStem
lo_li_khetsile	Dem1a_Pos1_BPre5_NStem	RelConc1_BPre5_NStem	Dem1a_Pos1_BPre5_NStem	RelConc11_VRoot_Perf
.	Punc	Punc	Punc	Punc
s_e_ibentisa	PossConc7_LocPre_NStem	PossConc7_LocPre_NStem	PossConc7_LocPre_NStem	VRoot_CausExt_VerbTerm
leli_thebula	Dem5_Pos1_NStem	RelConc5_NStem	Dem5_Pos1_NStem	RelConc5_NStem
leli_se_khasi_ni	RelConc5_PossConc7_NStem_RelSuf	RelConc5_PossConc7_NStem_RelSuf	RelConc5_PossConc7_NStem_RelSuf	RelConc5_PreLoc-s_LocPre_NStem_RelSuf
leli_landzela_ko	RelConc5_NStem_RelSuf	RelConc5_NStem_RelSuf	RelConc5_NStem_RelSuf	RelConc5_NStem_RelSuf
ku_bhal_a	BPre15_VRoot_VerbTerm	BPre15_VRoot_VerbTerm	BPre15_VRoot_VerbTerm	BPre15_VRoot_VerbTerm
lu_hla	NPre11_NStem	BPre11_NStem	NPre11_NStem	BPre11_NStem
lwa_i_mi_sebenti	PossConc11_NPrePre4_BPre4_NStem	PossConc11_NPrePre4_BPre4_NStem	PossConc11_NPrePre4_BPre4_NStem	PossConc11_NPrePre4_BPre4_NStem
le_yi_ent_iw_a	RelConc4_OC4_VRoot_PassExt_VerbTerm	RelConc9_OC9_VRoot_PassExt_VerbTerm	RelConc4_OC4_VRoot_PassExt_VerbTerm	RelConc4_OC4_VRoot_PassExt_VerbTerm
ngu_mu_fati	NPre1_BPre1_NStem	NPrePre1_BPre1_NStem	NPre1_BPre1_NStem	NPrePre1_NPrePre1_BPre1_NStem
kanye	Adv	Conj	Adv	Conj
na_le_y_ent_iw_a	AdvPre_Dem4_Pos1_OC4_VRoot_PassExt_VerbTerm	AdvPre_SC5_CopPre_VRoot_PassExt_VerbTerm	AdvPre_Dem4_Pos1_OC4_VRoot_PassExt_VerbTerm	AdvPre_RelConc4_OC9_VRoot_PassExt_VerbTerm
yindvodza	NStem	NStem	NStem	CopPre_NPrePre9_BPre9_NStem
e_i_li_khaya	LocPre_NPrePre5_BPre5_NStem	LocPre_NPrePre5_BPre5_NStem	LocPre_NPrePre5_BPre5_NStem	LocPre_NPrePre5_BPre5_NStem
nga_i_si_khatsi	AdvPre_NPrePre7_BPre7_NStem	AdvPre_NPrePre7_BPre7_NStem	AdvPre_NPrePre7_BPre7_NStem	AdvPre_NPrePre7_BPre7_NStem
lesi_nga_nge_lusuku	RelConc7_AdvPre_CopPre_NStem	RelConc7_AdvPre_AdvPre_Adv	RelConc7_AdvPre_CopPre_NStem	RelConc7_AdvPre_NStem
(	Punc	Punc	Punc	Punc
e_ma_awa	LocPre_BPre6_NStem	NPrePre6_BPre6_NStem	LocPre_BPre6_NStem	NPrePre6_BPre6_NStem
la_ngu_24	PossConc5_CopPre_Num	RelConc6_AdvPre_Num	PossConc5_CopPre_Num	RelConc6_CopPre_Num
)	Punc	Punc	Punc	Punc
ku_leli_phepha	LocPre_Dem5_Pos1_NStem	LocPre_Pos1	LocPre_Dem5_Pos1_NStem	LocPre_Pos1
leli_khulu	AdjPref5_AdjStem	AdjPref5_AdjStem	AdjPref5_AdjStem	AdjPref5_AdjStem
le_flip-shadi	PossConc5_NStem	PossConc5_NStem	PossConc5_NStem	RelConc4_NStem
.	Punc	Punc	Punc	Punc
gcwalis_a	VRoot_VerbTerm	VRoot_VerbTerm	VRoot_VerbTerm	VRoot_CausExt_VerbTerm
lo_mu_sebenti	Dem1_Pos1_BPre3_NStem	Pos1_BPre3	Dem1_Pos1_BPre3_NStem	Pos1_BPre3
lo_w_ent_iw_a	RelConc3_OC3_VRoot_PassExt_VerbTerm	RelConc3_OC3_VRoot_PassExt_VerbTerm	RelConc3_OC3_VRoot_PassExt_VerbTerm	RelConc3_OC3_VRoot_PassExt_VerbTerm
ngu_la_u_mu_ntfu	NPre1_PossConc5_NPrePre1_BPre3_NStem	CopPre_PossConc5_NPrePre1_BPre1_NStem	NPre1_PossConc5_NPrePre1_BPre3_NStem	CopPre_Pos1_BPre1
lo_bhal_iw_e	RelConc3_VRoot_PassExt_VerbTerm	RelConc1_VRoot_PassExt_VerbTerm	RelConc3_VRoot_PassExt_VerbTerm	RelConc3_VRoot_PassExt_VerbTerm
nge_leso_si_khatsi	AdvPre_Dem7_Pos2_BPre7_NStem	AdvPre_Pos2_BPre7	AdvPre_Dem7_Pos2_BPre7_NStem	AdvPre_Pos2_BPre7
lesi_bek_iw_e	RelConc7_VRoot_PassExt_VerbTerm	RelConc7_VRoot_PassExt_VerbTerm	RelConc7_VRoot_PassExt_VerbTerm	RelConc7_VRoot_PassExt_VerbTerm
,	Punc	Punc	Punc	Punc
kutsi	Conj	Conj	Conj	Conj
u_ngu_u_mu_sebenti	BPre1_CopPre_NPrePre1_BPre1_NStem	NPrePre3_CopPre_NPrePre3_BPre3_NStem	BPre1_CopPre_NPrePre1_BPre1_NStem	NPrePre1a_CopPre_BPre3_NStem
lo_bhadalwako	Dem3_Pos1_NStem	Pos1	Dem3_Pos1_NStem	RelConc3_VRoot_PassExt_VerbTerm_RelSuf
noma	Conj	Conj	Conj	Conj
lo_nga_bhadal_w_a	RelConc3_AdvPre_VRoot_PassExt_VerbTerm	RelConc3_AdvPre_NegPre_PassExt_VerbTerm	RelConc3_AdvPre_VRoot_PassExt_VerbTerm	RelConc3_Pot_VRoot_PassExt_VerbTerm
,	Punc	Punc	Punc	Punc
ne_kutsi	AdvPre_Conj	AdvPre_Conj	AdvPre_Conj	AdvPre_Conj
i_m_bhadalo	NPrePre4_BPre3_NStem	NPrePre4_BPre3_NStem	NPrePre4_BPre3_NStem	NPrePre4_BPre3_NStem
i_ngu_mali_ini	BPre9_CopPre_NStem_Interrog	BPre9_CopPre_NStem_LocSuf	BPre9_CopPre_NStem_Interrog	BPre9_CopPre_NStem_LocSuf
nga_eli_aw_a	AdvPre_RelConc8_Intrans_VerbTerm	AdvPre_RelConc5_VRoot_VerbTerm	AdvPre_RelConc8_Intrans_VerbTerm	AdvPre_BPre5_NStem
.	Punc	Punc	Punc	Punc
fik_a	VRoot_VerbTerm	VRoot_VerbTerm	VRoot_VerbTerm	VRoot_VerbTerm
ku_sa_na_si_khatsi	BPre15_Pro_AdvPre_BPre7_NStem	BPre15_Pro_AdvPre_BPre7_NStem	BPre15_Pro_AdvPre_BPre7_NStem	BPre15_Pro_AdvPre_BPre7_NStem
,	Punc	Punc	Punc	Punc
hlol_a	VRoot_VerbTerm	VRoot_VerbTerm	VRoot_VerbTerm	VRoot_VerbTerm
e_ma_thulusi	NPrePre6_BPre6_NStem	NPrePre6_BPre6_NStem	NPrePre6_BPre6_NStem	NPrePre6_BPre6_NStem
si_khatsi	BPre7_NStem	BPre7_NStem	BPre7_NStem	BPre7_NStem
si_se_khon_a	SC7_Pro_VRoot_VerbTerm	SC1pp_Pro_VRoot_VerbTerm	SC7_Pro_VRoot_VerbTerm	SC7_Pro_Adv
,	Punc	Punc	Punc	Punc
ba_ni	SC2_Interrog	SC2_Interrog	SC2_Interrog	SC2_Interrog
na_si_khatsi	AdvPre_BPre7_NStem	AdvPre_BPre7_NStem	AdvPre_BPre7_NStem	AdvPre_BPre7_NStem
lesi_enel_e	RelConc7_VRoot_VerbTerm	RelConc7_VRoot_VerbTerm	RelConc7_VRoot_VerbTerm	RelConc7_VRoot_VerbTerm
ku_ti_lung_is_elel_e	BPre15_ReflPre_VRoot_CausExt_IntensExt_VerbTerm	SC15_ReflPre_VRoot_CausExt_IntensExt_VerbTerm	BPre15_ReflPre_VRoot_CausExt_IntensExt_VerbTerm	BPre15_ReflPre_VRoot_CausExt_IntensExt_VerbTerm
lu_ati	BPre11_NStem	BPre11_NStem	BPre11_NStem	BPre11_NStem
lo_tawu_wu_khulum_a	RelConc1_Fut_OC2_VRoot_VerbTerm	RelConc1_Fut_OC1_VRoot_VerbTerm	RelConc1_Fut_OC2_VRoot_VerbTerm	RelConc1_Fut_VRoot_VerbTerm
nga_lo	AdvPre_PronStem11	AdvPre_PronStem11	AdvPre_PronStem11	AdvPre_PronStem11
.	Punc	Punc	Punc	Punc
lo_m_hlangano	Dem3_Pos1_BPre3_NStem	Pos1_BPre3	Dem3_Pos1_BPre3_NStem	Pos1_BPre3
u_coc_is_an_a	SC3_VRoot_CausExt_RecipExt_VerbTerm	SC1_VRoot_CausExt_RecipExt_VerbTerm	SC3_VRoot_CausExt_RecipExt_VerbTerm	SC1_VRoot_CausExt_RecipExt_VerbTerm
nga_tin_chubo	AdvPre_BPre10_NStem	AdvPre_BPre10_NStem	AdvPre_BPre10_NStem	AdvPre_BPre10_NStem
ta_ku_hlel_a	PossConc10_BPre15_VRoot_VerbTerm	PossConc10_OC15_VRoot_VerbTerm	PossConc10_BPre15_VRoot_VerbTerm	PossConc10_OC15_VRoot_VerbTerm
te_IDP	PossConc10_Abbr	PossConc10_Abbr	PossConc10_Abbr	PossConc8_Abbr
.	Punc	Punc	Punc	Punc
ku_balulek_ile	SC15_VRoot_Perf	SC15_VRoot_Perf	SC15_VRoot_Perf	SC15_VRoot_Perf
ku_sebent_is_a	BPre15_VRoot_CausExt_VerbTerm	BPre15_VRoot_CausExt_VerbTerm	BPre15_VRoot_CausExt_VerbTerm	BPre15_VRoot_CausExt_VerbTerm
si_tungeletane	BPre7_NStem	BPre7_NStem	BPre7_NStem	BPre7_NStem
se_CBP	Pres_Abbr	Pres_Abbr	Pres_Abbr	Pres_Abbr
.	Punc	Punc	Punc	Punc
lo_m_hlangano	Dem3_Pos1_BPre3_NStem	Pos1_BPre3	Dem3_Pos1_BPre3_NStem	Pos1_BPre3
u_phindz_e	SC3_VRoot_VerbTerm	SC3_VRoot_VerbTerm	SC3_VRoot_VerbTerm	SC3_VRoot_VerbTerm
wa_at_is_w_e	SC3_VRoot_CausExt_PassExt_VerbTerm	SC3_VRoot_CausExt_PassExt_VerbTerm	SC3_VRoot_CausExt_PassExt_VerbTerm	PossConc3_VRoot_PassExt_VerbTerm
nga_m_phumela	AdvPre_BPre3_NStem	AdvPre_BPre3_NStem	AdvPre_BPre3_NStem	AdvPre_BPre3_NStem
wa_m_hlangano	PossConc3_BPre3_NStem	PossConc3_BPre3_NStem	PossConc3_BPre3_NStem	PossConc3_BPre3_NStem
wa_ku_hlelel_a	PossConc3_BPre15_VRoot_VerbTerm	PossConc3_OC15_VRoot_VerbTerm	PossConc3_BPre15_VRoot_VerbTerm	PossConc3_OC15_VRoot_VerbTerm
kwa_nga_phambilini	PossConc15_AdvPre_Adv	PossConc15_AdvPre_Adv	PossConc15_AdvPre_Adv	PossConc15_AdvPre_Adv
,	Punc	Punc	Punc	Punc
e_ma_cembu	NPrePre6_BPre6_NStem	NPrePre6_BPre6_NStem	NPrePre6_BPre6_NStem	NPrePre6_BPre6_NStem
a_ta_in_hlalakahle	PossConc6_PossConc10_BPre9_NStem	PossConc6_PossConc10_BPre9_NStem	PossConc6_PossConc10_BPre9_NStem	PossConc6_PossConc10_BPre9_NStem
la_hlukahluk_an_ile	RelConc5_VRoot_RecipExt_Perf	RelConc5_VRoot_RecipExt_Perf	RelConc5_VRoot_RecipExt_Perf	RelConc5_VRoot_RecipExt_Perf
la_phawul_iw_e	RelConc6_VRoot_PassExt_VerbTerm	RelConc6_VRoot_PassExt_VerbTerm	RelConc6_VRoot_PassExt_VerbTerm	RelConc6_VRoot_PassExt_VerbTerm
bese	Conj	Conj	Conj	Conj
u_mhlangano	NPrePre1a_NStem	NPrePre1a_NStem	NPrePre1a_NStem	NPrePre3_BPre3_NStem
u_niketwa	NPrePre1a_NStem	NPrePre1a_NStem	NPrePre1a_NStem	SC3_VRoot_PassExt_VerbTerm
li_tfuba	BPre5_NStem	BPre5_NStem	BPre5_NStem	BPre5_NStem
la_ku_enget_a	PossConc5_SC15_VRoot_VerbTerm	PossConc5_SC15_VRoot_VerbTerm	PossConc5_SC15_VRoot_VerbTerm	PossConc5_SC15_VRoot_VerbTerm
ku_lolu_hlu	LocPre_Dem11_Pos1_NStem	LocPre_Pos1	LocPre_Dem11_Pos1_NStem	LocPre_Pos1
.	Punc	Punc	Punc	Punc
lo_m_hlangano	Dem3_Pos1_BPre3_NStem	Pos1_BPre3	Dem3_Pos1_BPre3_NStem	Pos1_BPre3
u_hlel_a	SC3_VRoot_VerbTerm	SC3_VRoot_VerbTerm	SC3_VRoot_VerbTerm	SC3_VRoot_VerbTerm
li_thebula	NPre5_NStem	BPre5_NStem	NPre5_NStem	BPre5_NStem
lesi_khatsi	Dem7_Pos1_NStem	Pos1	Dem7_Pos1_NStem	Pos1
la_leli_viki	PossConc5_Dem5_Pos1_NStem	PossConc5_Pos1	PossConc5_Dem5_Pos1_NStem	PossConc5_Pos1
loku_fak_a	RelConc15_VRoot_VerbTerm	RelConc15_VRoot_VerbTerm	RelConc15_VRoot_VerbTerm	RelConc15_VRoot_VerbTerm
e_khatsi	LocPre_Adv	LocPre_Adv	LocPre_Adv	LocPre_Adv
i_shejuli	NPrePre4_NStem	NPrePre4_NStem	NPrePre4_NStem	NPrePre4_NStem
ya_mi_hlangano	PossConc9_BPre4_NStem	PossConc9_BPre4_NStem	PossConc9_BPre4_NStem	PossConc9_NPrePre4_BPre4_NStem
na_ba_meleli	AdvPre_BPre2_NStem	AdvPre_OC2_NStem	AdvPre_BPre2_NStem	AdvPre_OC2_NStem
ba_e_ma_cembu	PossConc2_NPrePre6_BPre6_NStem	PossConc2_NPrePre6_BPre6_NStem	PossConc2_NPrePre6_BPre6_NStem	PossConc2_NPrePre6_BPre6_NStem
a_ta_in_hlalakahle	PossConc6_PossConc10_BPre9_NStem	PossConc6_PossConc10_BPre9_NStem	PossConc6_PossConc10_BPre9_NStem	PossConc6_PossConc10_BPre9_NStem
la_hlukahluk_an_ile	RelConc5_VRoot_RecipExt_Perf	RelConc5_VRoot_RecipExt_Perf	RelConc5_VRoot_RecipExt_Perf	RelConc5_VRoot_RecipExt_Perf
.	Punc	Punc	Punc	Punc
ku_balulek_ile	SC15_VRoot_Perf	SC15_VRoot_Perf	SC15_VRoot_Perf	SC15_VRoot_Perf
ku_phawul_a	BPre15_VRoot_VerbTerm	BPre15_VRoot_VerbTerm	BPre15_VRoot_VerbTerm	BPre15_VRoot_VerbTerm
u_mu_ntfu	NPrePre1_BPre1_NStem	NPrePre1_BPre1_NStem	NPrePre1_BPre1_NStem	NPrePre1_BPre1_NStem
lo_tsite	RelConc1_RelStem	RelConc3_RelStem	RelConc1_RelStem	RelConc3_RelStem
ku_lelo	LocPre_Dem5_Pos2	LocPre	LocPre_Dem5_Pos2	LocPre
na_lelo	AdvPre_Dem5_Pos2	AdvPre	AdvPre_Dem5_Pos2	AdvPre
cembu	NStem	NStem	NStem	NStem
la_ta_in_hlalakahle	PossConc5_PossConc10_BPre9_NStem	PossConc5_PossConc10_BPre9_NStem	PossConc5_PossConc10_BPre9_NStem	RelConc10_BPre9_NStem
lo_tawu_khutsat_a	RelConc1_Fut_VRoot_VerbTerm	RelConc1_Fut_VRoot_VerbTerm	RelConc1_Fut_VRoot_VerbTerm	RelConc1_Fut_VRoot_VerbTerm
laba_nye	AdjPref2_AdjStem	AdjPref2_AdjStem	AdjPref2_AdjStem	AdjPref2_AdjStem
macondzana	Adv	NStem	Adv	NStem
na_le_mi_hlangano	AdvPre_Dem4_Pos1_BPre4_NStem	AdvPre_Pos1_BPre4	AdvPre_Dem4_Pos1_BPre4_NStem	AdvPre_Pos1_BPre4
le_(i)m_is_iw_e	RelConc4_VRoot_CausExt_PassExt_VerbTerm	RelConc9_VRoot_CausExt_PassExt_VerbTerm	RelConc4_VRoot_CausExt_PassExt_VerbTerm	PossConc5_BPre4_PreLoc-s_PassExt_VerbTerm
.	Punc	Punc	Punc	Punc
gcugcutel_a	VRoot_VerbTerm	VRoot_VerbTerm	VRoot_VerbTerm	VRoot_VerbTerm
laba_ngen_el_e	RelConc2_VRoot_ApplExt_VerbTerm	RelConc2_VRoot_ApplExt_VerbTerm	RelConc2_VRoot_ApplExt_VerbTerm	RelConc2_VRoot_ApplExt_VerbTerm
ti_fundvo	BPre8_NStem	BPre8_NStem	BPre8_NStem	BPre8_NStem
kutsi	Conj	Conj	Conj	Conj
ba_hamb_el_e	SC2_VRoot_ApplExt_VerbTerm	SC2_VRoot_ApplExt_VerbTerm	SC2_VRoot_ApplExt_VerbTerm	SC2_VRoot_ApplExt_VerbTerm
yo_nkhe	QuantConc4_QuantStem	QuantConc4_QuantStem	QuantConc4_QuantStem	QuantConc4_QuantStem
i_mi_hlangano	NPrePre4_BPre4_NStem	NPrePre4_BPre4_NStem	NPrePre4_BPre4_NStem	NPrePre4_BPre4_NStem
ya_ku_hlel_a	PossConc4_BPre15_VRoot_VerbTerm	PossConc9_BPre15_VRoot_VerbTerm	PossConc4_BPre15_VRoot_VerbTerm	PossConc9_BPre15_VRoot_VerbTerm
.	Punc	Punc	Punc	Punc
nga_be	AdvPre_AuxVStem	AdvPre_AuxVStem	AdvPre_AuxVStem	Conj
lo_kuba	Dem1_Pos1_NStem	Pos1	Dem1_Pos1_NStem	RelConc15_VRoot_VerbTerm
sebucayini	NStem	NStem	NStem	PossConc7_BPre14_NStem
ku_gucuk_a	BPre15_VRoot_VerbTerm	BPre15_VRoot_VerbTerm	BPre15_VRoot_VerbTerm	BPre15_VRoot_VerbTerm
njani	Adv	Adv	Adv	Adv
nga_m_nyaka	AdvPre_BPre3_NStem	AdvPre_BPre3_NStem	AdvPre_BPre3_NStem	AdvPre_BPre3_NStem
?	Punc	Punc	Punc	Punc
ba_chubisifundvo	BPre2_NStem	BPre2_NStem	BPre2_NStem	BPre2_NStem
ba_masipala	PossConc2_NStem	BPre2_NStem	PossConc2_NStem	BPre2_NStem
laba_vel_a	RelConc2_VRoot_VerbTerm	RelConc2_VRoot_VerbTerm	RelConc2_VRoot_VerbTerm	RelConc2_VRoot_VerbTerm
e_i_mi_khakha_ini	LocPre_NPrePre4_BPre4_NStem_LocSuf	LocPre_NPrePre4_BPre4_NStem_LocSuf	LocPre_NPrePre4_BPre4_NStem_LocSuf	LocPre_NPrePre4_BPre4_NStem_LocSuf
le_ye_ehlukahluk_en_e	RelConc4_Pres_VRoot_RecipExt_VerbTerm	RelConc4_Pres_VRoot_RecipExt_VerbTerm	RelConc4_Pres_VRoot_RecipExt_VerbTerm	RelConc4_Pres_VRoot_RecipExt_VerbTerm
ya_masipala	PossConc4_NStem	PossConc4_NStem	PossConc4_NStem	PossConc4_NStem
nobe	Conj	Conj	Conj	Conj
ti_phatsimandla	BPre8_NStem	BPre8_NStem	BPre8_NStem	BPre8_NStem
ta_hulumende	PossConc10_NStem	PossConc8_NStem	PossConc10_NStem	PossConc8_NStem
ta_si_thekniki	PossConc8_BPre7_NStem	PossConc10_BPre7_NStem	PossConc8_BPre7_NStem	PossConc10_BPre7_NStem
leti_vel_a	RelConc8_VRoot_VerbTerm	RelConc10_VRoot_VerbTerm	RelConc8_VRoot_VerbTerm	RelConc10_VRoot_VerbTerm
ku_ma_tiko	LocPre_NPre6_NStem	LocPre_NPre6_NStem	LocPre_NPre6_NStem	LocPre_NPre6_NStem
e_ti_godzi	LocPre_BPre8_NStem	LocPre_BPre8_NStem	LocPre_BPre8_NStem	LocPre_BPre8_NStem
nobe	Conj	Conj	Conj	Conj
a_ti_fundza	PossConc6_BPre8_NStem	PossConc6_BPre8_NStem	PossConc6_BPre8_NStem	LocPre_BPre8_NStem
.	Punc	Punc	Punc	Punc
ku_tibophelel_a	SC15_VRoot_VerbTerm	SC15_VRoot_VerbTerm	SC15_VRoot_VerbTerm	SC15_OC10_VRoot_IntensExt_VerbTerm
e_ku_tfol_a_ini	LocPre_BPre15_VRoot_VerbTerm_LocSuf	LocPre_BPre15_VRoot_VerbTerm_LocSuf	LocPre_BPre15_VRoot_VerbTerm_LocSuf	LocPre_BPre15_VRoot_VerbTerm_LocSuf
ku_dla	BPre15_NStem	BPre15_NStem	BPre15_NStem	BPre15_VRoot_VerbTerm
ne_ku_dl_a	AdvPre_SC15_VRoot_VerbTerm	AdvPre_BPre15_VRoot_VerbTerm	AdvPre_SC15_VRoot_VerbTerm	AdvPre_BPre15_VRoot_VerbTerm
loku_ne_m_soco	RelConc15_AdvPre_BPre3_NStem	RelConc15_AdvPre_BPre3_NStem	RelConc15_AdvPre_BPre3_NStem	RelConc15_AdvPre_BPre3_NStem
ku_ma_khaya	LocPre_BPre6_NStem	LocPre_BPre6_NStem	LocPre_BPre6_NStem	LocPre_BPre6_NStem
loku_fak_a	RelConc15_VRoot_VerbTerm	RelConc15_VRoot_VerbTerm	RelConc15_VRoot_VerbTerm	RelConc15_VRoot_VerbTerm
e_khatsi	LocPre_Adv	LocPre_Adv	LocPre_Adv	LocPre_Adv
ti_nyatselo	BPre8_NStem	BPre8_NStem	BPre8_NStem	BPre8_NStem
te_m_khakha	PossConc10_BPre3_NStem	PossConc8_BPre3_NStem	PossConc10_BPre3_NStem	PossConc10_BPre3_NStem
wa_hulumende	PossConc1_NStem	PossConc3_NStem	PossConc1_NStem	PossConc3_NStem
kanye	Adv	Conj	Adv	Adv
ne_wa_nga_sese	AdvPre_SC3_AdvPre_NStem	AdvPre_SC3_AdvPre_NStem	AdvPre_SC3_AdvPre_NStem	AdvPre_SC3_AdvPre_NStem
.	Punc	Punc	Punc	Punc
u_mu_tsetfosiseklo	NPrePre1a_BPre1a_NStem	NPrePre3_BPre3_NStem	NPrePre1a_BPre1a_NStem	NPrePre3_BPre3_NStem
u_niket_a	SC3_VRoot_VerbTerm	SC3_VRoot_VerbTerm	SC3_VRoot_VerbTerm	SC3_VRoot_VerbTerm
u_mu_bononchanti	NPrePre1a_BPre3_NStem	NPrePre1a_BPre3_NStem	NPrePre1a_BPre3_NStem	NPrePre1a_BPre3_NStem
wa_u_mu_mango	PossConc1a_NPrePre3_BPre3_NStem	PossConc3_NPrePre3_BPre3_NStem	PossConc1a_NPrePre3_BPre3_NStem	PossConc3_NPrePre3_BPre3_NStem
lo_bumb_an_ile	RelConc3_VRoot_RecipExt_Perf	RelConc3_VRoot_RecipExt_Perf	RelConc3_VRoot_RecipExt_Perf	VRoot_RecipExt_Perf
,	Punc	Punc	Punc	Punc
lo_chubekelembili	Dem1a_Pos1_NStem	RelConc3_NStem	Dem1a_Pos1_NStem	RelConc3_NStem
,	Punc	Punc	Punc	Punc
lo_nga_bandlulul_i	RelConc1_AdvPre_VRoot_VerbTerm	RelConc1_AdvPre_VRoot_VerbTerm	RelConc1_AdvPre_VRoot_VerbTerm	RelConc3_NegPre_VRoot_VerbTerm
nga_kwa_bu_hlanga	AdvPre_PossConc15_BPre14_NStem	AdvPre_PossConc14_BPre14_NStem	AdvPre_PossConc15_BPre14_NStem	AdvPre_PossConc15_BPre14_NStem
na_lo_nga_ba_ndlullul_i	AdvPre_RelConc3_NegPre_BPre2_VRoot_VerbTerm	AdvPre_RelConc3_NegPre_BPre2_VRoot_VerbTerm	AdvPre_RelConc3_NegPre_BPre2_VRoot_VerbTerm	AdvPre_RelConc3_NegPre_VRoot_VerbTerm
nge_kwe_bu_lili	AdvPre_PossConc15_BPre14_NStem	AdvPre_PossConc15_BPre15_NStem	AdvPre_PossConc15_BPre14_NStem	AdvPre_PossConc15_BPre15_NStem
;	Punc	Punc	Punc	Punc
li_(i)v_e	OC5_VRoot_VerbTerm	OC5_VRoot_VerbTerm	OC5_VRoot_VerbTerm	BPre5_NStem
la_wo	PossConc5_PronStem6	PossConc5_PronStem6	PossConc5_PronStem6	PossConc5_PronStem6
wo_nkhe	QuantConc3_QuantStem	QuantConc3_QuantStem	QuantConc3_QuantStem	QuantConc3_QuantStem
lo_hlal_a	RelConc1_VRoot_VerbTerm	RelConc1_VRoot_VerbTerm	RelConc1_VRoot_VerbTerm	RelConc1_VRoot_VerbTerm
ku_lo	LocPre_PronStem5	LocPre_PronStem5	LocPre_PronStem5	LocPre_PronStem5
,	Punc	Punc	Punc	Punc
leli_bumb_en_e	RelConc5_VRoot_RecipExt_VerbTerm	RelConc5_VRoot_ApplExt_VerbTerm	RelConc5_VRoot_RecipExt_VerbTerm	RelConc5_VRoot_RecipExt_Perf
e_ku_ehlukahluk_an_a_eni	LocPre_BPre15_VRoot_RecipExt_VerbTerm_LocSuf	LocPre_BPre15_VRoot_RecipExt_VerbTerm_LocSuf	LocPre_BPre15_VRoot_RecipExt_VerbTerm_LocSuf	LocPre_BPre15_VRoot_RecipExt_LocSuf
kwa_lo	PossConc15_PronStem11	PossConc15_PronStem11	PossConc15_PronStem11	PossConc15_PronStem11
.	Punc	Punc	Punc	Punc
u_mu_tsetfosisekelo	NPrePre1a_BPre3_NStem	NPrePre3_BPre3_NStem	NPrePre1a_BPre3_NStem	NPrePre3_BPre3_NStem
u_phindz_e	SC1_VRoot_VerbTerm	SC2ps_VRoot_VerbTerm	SC1_VRoot_VerbTerm	SC2ps_VRoot_VerbTerm
u_phocelele	NPrePre1a_NStem	NPrePre1a_NStem	NPrePre1a_NStem	SC3_VRoot_IntensExt_VerbTerm
li_(i)v_e	OC5_VRoot_VerbTerm	OC5_VRoot_VerbTerm	OC5_VRoot_VerbTerm	BPre5_NStem
kutsi	Conj	Conj	Conj	Conj
li_phol_is_e	SC2_VRoot_VerbExt_VerbTerm	SC5_VRoot_CausExt_VerbTerm	SC2_VRoot_VerbExt_VerbTerm	SC5_VRoot_CausExt_VerbTerm
ku_ehluk_an_a	BPre15_VRoot_RecipExt_VerbTerm	SC15_VRoot_RecipExt_VerbTerm	BPre15_VRoot_RecipExt_VerbTerm	SC15_VRoot_RecipExt_VerbTerm
kwa_si_khatsi	PossConc15_BPre7_NStem	PossConc15_BPre7_NStem	PossConc15_BPre7_NStem	PossConc15_BPre7_NStem
lesi_engc_ile	RelConc7_VRoot_Perf	RelConc7_VRoot_Perf	RelConc7_VRoot_Perf	RelConc7_VRoot_Perf
,	Punc	Punc	Punc	Punc
we_emukel_a	PossConc3_VRoot_VerbTerm	SC3_VRoot_VerbTerm	PossConc3_VRoot_VerbTerm	SC3_VRoot_VerbTerm
kutsi	Conj	Conj	Conj	Conj
i_ningizimu	BPre9_NStem	BPre9_NStem	BPre9_NStem	BPre9_NStem
Afrika	ProperName	ProperName	ProperName	Conj
i_vel_a	SC9_VRoot_VerbTerm	SC9_VRoot_VerbTerm	SC9_VRoot_VerbTerm	SC9_VRoot_VerbTerm
e_lu_hlelo_ini	LocPre_BPre11_NStem_LocSuf	LocPre_BPre11_NStem_LocSuf	LocPre_BPre11_NStem_LocSuf	LocPre_BPre11_NStem_LocSuf
lapho	Conj	Conj	Conj	Conj
li_nyenti	AdjPref5_AdjStem	AdjPref5_AdjStem	AdjPref5_AdjStem	AdjPref5_AdjStem
leti_akhamiti	RelConc8_NStem	RelConc8_NStem	RelConc8_NStem	RelConc8_NStem
tayo	NStem	NStem	NStem	PossConc8_RelSuf
ta_ncishwa	BPre10_NStem	PossConc8_NStem	BPre10_NStem	PossConc8_VRoot_PassExt_VerbTerm
e_ma_tfuba	NPrePre6_BPre6_NStem	NPrePre6_BPre6_NStem	NPrePre6_BPre6_NStem	NPrePre6_BPre6_NStem
.	Punc	Punc	Punc	Punc
khumbul_a	VRoot_VerbTerm	VRoot_VerbTerm	VRoot_VerbTerm	VRoot_VerbTerm
kutsi	Conj	Conj	Conj	Conj
lu_hlaka	BPre11_NStem	BPre11_NStem	BPre11_NStem	BPre11_NStem
lwa_ku_ent_iw_a	PossConc11_SC15_VRoot_PassExt_VerbTerm	PossConc11_SC15_VRoot_PassExt_VerbTerm	PossConc11_SC15_VRoot_PassExt_VerbTerm	PossConc11_SC15_VRoot_PassExt_VerbTerm
kwa_i_mi_sebenti	PossConc15_NPrePre4_BPre4_NStem	PossConc15_NPrePre4_BPre4_NStem	PossConc15_NPrePre4_BPre4_NStem	PossConc15_NPrePre4_BPre4_NStem
lu_mi_culu	CopPre_BPre4_NStem	CopPre_CopPre_NStem	CopPre_BPre4_NStem	CopPre_NStem
le_phila_ko	PossConc5_NStem_RelSuf	RelConc9_NStem_RelSuf	PossConc5_NStem_RelSuf	RelConc9_NStem_RelSuf
ngako_ke	Adv_Adv	Adv_Adv	Adv_Adv	Adv_Adv
ku_fanel_e	SC15_VRoot_VerbTerm	SC15_VRoot_VerbTerm	SC15_VRoot_VerbTerm	SC15_VRoot_VerbTerm
li_buk_w_e	SC5_VRoot_PassExt_VerbTerm	SC5_VRoot_PassExt_VerbTerm	SC5_VRoot_PassExt_VerbTerm	SC5_VRoot_PassExt_VerbTerm
njalo	Adv	Adv	Adv	Adv
futsi	Conj	Conj	Conj	Conj
ku_coc_is_w_an_e	SC15_VRoot_CausExt_PassExt_RecipExt_VerbTerm	SC15_VRoot_CausExt_PassExt_RecipExt_VerbTerm	SC15_VRoot_CausExt_PassExt_RecipExt_VerbTerm	SC15_VRoot_CausExt_PassExt_RecipExt_VerbTerm
nga_lo	AdvPre_PronStem11	AdvPre_PronStem11	AdvPre_PronStem11	AdvPre_PronStem11
nga_i_si_khatsi	AdvPre_NPrePre7_BPre7_NStem	AdvPre_NPrePre7_BPre7_NStem	AdvPre_NPrePre7_BPre7_NStem	AdvPre_NPrePre7_BPre7_NStem
se_ku_ent_iw_a	PossConc7_OC15_VRoot_PassExt_VerbTerm	PossConc7_SC15_VRoot_PassExt_VerbTerm	PossConc7_OC15_VRoot_PassExt_VerbTerm	PossConc7_SC15_VRoot_PassExt_VerbTerm
kwe_m_klamo	PossConc15_NPre3_NStem	PossConc15_NPre3_NStem	PossConc15_NPre3_NStem	PossConc15_NPre3_NStem
we_m_jikeleto	PossConc3_BPre3_NStem	PossConc3_BPre3_NStem	PossConc3_BPre3_NStem	PossConc3_BPre3_NStem
.	Punc	Punc	Punc	Punc
i_li_thuluzi	NPrePre5_BPre5_NStem	NPrePre5_BPre5_NStem	NPrePre5_BPre5_NStem	NPrePre5_BPre5_NStem
le_le_ent_el_w_e	PossConc5_SC5_VRoot_ApplExt_PassExt_VerbTerm	PossConc5_SC5_VRoot_ApplExt_PassExt_VerbTerm	PossConc5_SC5_VRoot_ApplExt_PassExt_VerbTerm	RelConc9_VRoot_ApplExt_PassExt_VerbTerm
ku_sit_a	BPre15_VRoot_VerbTerm	BPre15_VRoot_VerbTerm	BPre15_VRoot_VerbTerm	BPre15_VRoot_VerbTerm
li_cembu	BPre5_NStem	BPre5_NStem	BPre5_NStem	BPre5_NStem
la_u_mu_klamo	PossConc5_NPrePre3_BPre3_NStem	PossConc5_NPrePre3_BPre3_NStem	PossConc5_NPrePre3_BPre3_NStem	PossConc5_NPrePre3_BPre3_NStem
,	Punc	Punc	Punc	Punc
hhayi	Interjec	Interjec	Interjec	BPre11_NStem
ku_phazam_is_a	BPre15_VRoot_CausExt_VerbTerm	BPre15_VRoot_CausExt_VerbTerm	BPre15_VRoot_CausExt_VerbTerm	BPre15_VRoot_CausExt_VerbTerm
noma	Conj	Conj	Conj	Conj
ku_vimb_a	SC15_VRoot_VerbTerm	BPre15_VRoot_VerbTerm	SC15_VRoot_VerbTerm	BPre15_VRoot_VerbTerm
na_ku_ba_hluphek_is_a	AdvPre_BPre15_SC2_VRoot_CausExt_VerbTerm	AdvPre_BPre15_OC2_VRoot_CausExt_VerbTerm	AdvPre_BPre15_SC2_VRoot_CausExt_VerbTerm	AdvPre_BPre15_OC2_VRoot_CausExt_VerbTerm
,	Punc	Punc	Punc	Punc
a_lu_si_wo	NegPre_OC11_NegPre_PronStem3	PossConc6_BPre11_NegPre_PronStem6	NegPre_OC11_NegPre_PronStem3	PossConc6_BPre11_BPre7_PronStem6
u_m_ncamulajucu	NPrePre3_BPre3_NStem	NPrePre3_BPre3_NStem	NPrePre3_BPre3_NStem	NPrePre3_BPre3_NStem
ngako_ke	Adv_Adv	Adv_Adv	Adv_Adv	Adv_Adv
ku_fanel_e	SC15_VRoot_VerbTerm	SC15_VRoot_VerbTerm	SC15_VRoot_VerbTerm	SC15_VRoot_VerbTerm
lu_buyeket_w_e	CopPre_VRoot_PassExt_VerbTerm	SC11_VRoot_PassExt_VerbTerm	CopPre_VRoot_PassExt_VerbTerm	CopPre_VRoot_PassExt_VerbTerm
nge_ku_buk_a	AdvPre_OC15_VRoot_VerbTerm	AdvPre_SC15_VRoot_VerbTerm	AdvPre_OC15_VRoot_VerbTerm	AdvPre_SC15_VRoot_VerbTerm
e_ma_ciniso	NPrePre6_BPre6_NStem	NPrePre6_BPre6_NStem	NPrePre6_BPre6_NStem	NPrePre6_BPre6_NStem
e_ku_sebent_a	LocPre_BPre15_VRoot_VerbTerm	LocPre_BPre15_VRoot_VerbTerm	LocPre_BPre15_VRoot_VerbTerm	LocPre_BPre15_VRoot_VerbTerm
kwe_m_klamo	PossConc15_NPre3_NStem	PossConc15_NPre3_NStem	PossConc15_NPre3_NStem	PossConc15_NPre3_NStem
,	Punc	Punc	Punc	Punc
njengoba	Conj	Conj	Conj	Conj
i_n_chubo	NPrePre9_BPre9_NStem	NPrePre9_BPre9_NStem	NPrePre9_BPre9_NStem	NPrePre9_BPre9_NStem
ye_buk_a	CopPre_VRoot_VerbTerm	PossConc9_VRoot_VerbTerm	CopPre_VRoot_VerbTerm	PossConc9_VRoot_VerbTerm
na_ku_buyeket_w_a	AdvPre_OC15_VRoot_PassExt_VerbTerm	AdvPre_OC15_VRoot_PassExt_VerbTerm	AdvPre_OC15_VRoot_PassExt_VerbTerm	AdvPre_OC15_VRoot_PassExt_VerbTerm
kwe_m_klamo	PossConc15_NPre3_NStem	PossConc15_NPre3_NStem	PossConc15_NPre3_NStem	PossConc15_NPre3_NStem
i_sh_o	SC9_VRoot_VerbTerm	SC9_VRoot_VerbTerm	SC9_VRoot_VerbTerm	SC9_VRoot_VerbTerm
.	Punc	Punc	Punc	Punc
i_etam_a	SC9_VRoot_VerbTerm	SC9_VRoot_VerbTerm	SC9_VRoot_VerbTerm	SC9_VRoot_VerbTerm
ku_bandzakanyany_a	BPre15_VRoot_VerbTerm	BPre15_VRoot_VerbTerm	BPre15_VRoot_VerbTerm	BPre15_VRoot_VerbTerm
lu_chungechunge	BPre11_NStem	BPre11_NStem	BPre11_NStem	BPre11_NStem
lwa_e_ma_cembu	PossConc11_NPrePre6_BPre6_NStem	PossConc11_NPrePre6_BPre6_NStem	PossConc11_NPrePre6_BPre6_NStem	PossConc11_NPrePre6_BPre6_NStem
a_ta_in_hlalakahle	PossConc6_PossConc10_BPre9_NStem	PossConc6_PossConc10_BPre9_NStem	PossConc6_PossConc10_BPre9_NStem	PossConc6_PossConc10_BPre9_NStem
la_phawul_iw_e	RelConc6_VRoot_PassExt_VerbTerm	RelConc6_VRoot_PassExt_VerbTerm	RelConc6_VRoot_PassExt_VerbTerm	RelConc6_VRoot_PassExt_VerbTerm
,	Punc	Punc	Punc	Punc
loku_fak_a	RelConc15_VRoot_VerbTerm	RelConc15_VRoot_VerbTerm	RelConc15_VRoot_VerbTerm	RelConc15_VRoot_VerbTerm
e_khatsi	LocPre_Adv	LocPre_Adv	LocPre_Adv	LocPre_Adv
ba_ntfu	BPre2_NStem	BPre2_NStem	BPre2_NStem	BPre2_NStem
laba_na_lu_ati	RelConc2_AdvPre_BPre11_NStem	RelConc2_AdvPre_BPre11_NStem	RelConc2_AdvPre_BPre11_NStem	RelConc2_AdvPre_BPre11_NStem
mayelana	Adv	Adv	Adv	Adv
na_tin_dzaba	AdvPre_BPre10_NStem	AdvPre_BPre10_NStem	AdvPre_BPre10_NStem	AdvPre_BPre10_NStem
ta_ta_si_mondzawo	PossConc10_PossConc7_BPre7_NStem	PossConc10_PossConc7_BPre7_NStem	PossConc10_PossConc7_BPre7_NStem	PossConc10_BPre8_BPre7_NStem
sa_le_n_dzawo	PossConc7_Dem9_Pos1_BPre9_NStem	PossConc7_Pos1_NPre9	PossConc7_Dem9_Pos1_BPre9_NStem	PossConc7_Pos1_NPre9
.	Punc	Punc	Punc	Punc
e_ma_lunga	NPrePre6_BPre6_NStem	NPrePre6_BPre6_NStem	NPrePre6_BPre6_NStem	NPrePre6_BPre6_NStem
a_li_cembu	PossConc6_BPre5_NStem	PossConc6_BPre5_NStem	PossConc6_BPre5_NStem	PossConc6_BPre5_NStem
ku_mel_e	SC15_VRoot_VerbTerm	SC15_VRoot_VerbTerm	SC15_VRoot_VerbTerm	SC15_VRoot_VerbTerm
a_be	SC1_AuxVStem	SC1_AuxVStem	SC1_AuxVStem	SC1_AuxVStem
se_ka_vot_el_a	ProgPre_ExclNeg_VRoot_ApplExt_VerbTerm	Pro_OC6_VRoot_ApplExt_VerbTerm	ProgPre_ExclNeg_VRoot_ApplExt_VerbTerm	Pro_ExclNeg_VRoot_ApplExt_VerbTerm
i_mi_phumela	NPrePre4_BPre4_NStem	NPrePre4_BPre4_NStem	NPrePre4_BPre4_NStem	NPrePre4_BPre4_NStem
lemi_tsatfu	AdjPref4_AdjStem	AdjPref4_AdjStem	AdjPref4_AdjStem	AdjPref4_AdjStem
le_langatel_el_w_a_ko	RelConc4_VRoot_ApplExt_PassExt_VerbTerm_RelSuf	PossConc5_VRoot_ApplExt_PassExt_VerbTerm_RelSuf	RelConc4_VRoot_ApplExt_PassExt_VerbTerm_RelSuf	PossConc5_VRoot_ApplExt_PassExt_VerbTerm_RelSuf
le_s_e_tulu	RelConc9_PreLoc-s_LocPre_Adv	RelConc9_PreLoc-s_LocPre_Adv	RelConc9_PreLoc-s_LocPre_Adv	RelConc9_PreLoc-s_LocPre_Adv
.	Punc	Punc	Punc	Punc
lelo	Dem5_Pos2		Dem5_Pos2	
na_lelo	AdvPre_Dem5_Pos2	AdvPre	AdvPre_Dem5_Pos2	AdvPre
lunga	NStem	NStem	NStem	NStem
leli_cembu	Dem5_Pos1_NStem	Pos1	Dem5_Pos1_NStem	Pos1
li_na_e_ma_voti	BPre5_AdvPre_NPrePre6_BPre6_NStem	BPre5_AdvPre_NPrePre6_BPre6_NStem	BPre5_AdvPre_NPrePre6_BPre6_NStem	BPre5_AdvPre_BPre6_NStem
la_ma_tsatfu	PossConc5_AdjPref6_AdjStem	PossConc5_AdjPref6_AdjStem	PossConc5_AdjPref6_AdjStem	PossConc5_AdjPref6_AdjStem
kantsi	Conj	Conj	Conj	Conj
li_nga_vot_a	SC5_Pot_Intrans_VerbTerm	SC5_Pot_VRoot_VerbTerm	SC5_Pot_Intrans_VerbTerm	SC5_Pot_VRoot_VerbTerm
nga_ku_bek_a	AdvPre_OC15_VRoot_VerbTerm	AdvPre_OC15_VRoot_VerbTerm	AdvPre_OC15_VRoot_VerbTerm	AdvPre_OC15_VRoot_VerbTerm
in_dvuku	NPre9_NStem	BPre9_NStem	NPre9_NStem	BPre9_NStem
e_celeni	LocPre_Adv	LocPre_Adv	LocPre_Adv	LocPre_Adv
kwa_lowo	PossConc15_Dem3_Pos2	PossConc15	PossConc15_Dem3_Pos2	PossConc15
na_lowo	AdvPre_Dem3_Pos2	AdvPre	AdvPre_Dem3_Pos2	AdvPre
mu_phumela	BPre3_NStem	BPre3_NStem	BPre3_NStem	BPre3_NStem
lo_langatel_el_w_a_ko	RelConc3_VRoot_ApplExt_PassExt_VerbTerm_RelSuf	RelConc3_VRoot_ApplExt_PassExt_VerbTerm_RelSuf	RelConc3_VRoot_ApplExt_PassExt_VerbTerm_RelSuf	RelConc3_VRoot_PassExt_VerbTerm_RelSuf
leli_bon_a	RelConc5_VRoot_VerbTerm	RelConc5_VRoot_VerbTerm	RelConc5_VRoot_VerbTerm	RelConc5_VRoot_VerbTerm
kutsi	Conj	Conj	Conj	Conj
ku_mel_e	SC15_VRoot_VerbTerm	SC15_VRoot_VerbTerm	SC15_VRoot_VerbTerm	SC15_VRoot_VerbTerm
u_bek_w_e	SC3_VRoot_PassExt_VerbTerm	SC3_VRoot_PassExt_VerbTerm	SC3_VRoot_PassExt_VerbTerm	SC3_VRoot_PassExt_VerbTerm
njenga_calangaye	AdvPre_NStem	AdvPre_NStem	AdvPre_NStem	AdvPre_NStem
.	Punc	Punc	Punc	Punc
lesi_hluko	RelConc7_NStem	RelConc7_NStem	RelConc7_NStem	RelConc7_NStem
si_chaz_a	SC7_VRoot_VerbTerm	SC7_VRoot_VerbTerm	SC7_VRoot_VerbTerm	BPre7_NStem
ka_banti	AdvPre_NStem	AdvPre_NStem	AdvPre_NStem	AdvPre_NStem
futsi	Conj	Conj	Conj	Conj
si_endlal_a	SC7_VRoot_VerbTerm	SC7_VRoot_VerbTerm	SC7_VRoot_VerbTerm	PossConc7_BPre9_NStem
leso	Dem7_Pos1		Dem7_Pos1	
na_leso	AdvPre_Dem7_Pos2	AdvPre	AdvPre_Dem7_Pos2	AdvPre
si_gaba	BPre7_NStem	BPre7_NStem	BPre7_NStem	BPre7_NStem
sa_mvila-balave	PossConc7_NStem	PossConc7_NStem	PossConc7_NStem	PossConc7_NStem_NStem
we_CBP	PossConc1_Abbr	PossConc1_Abbr	PossConc1_Abbr	PossConc3_Abbr
lo_wu_endlal_w_e	RelConc1_OC1_VRoot_PassExt_VerbTerm	RelConc3_OC3_VRoot_PassExt_VerbTerm	RelConc1_OC1_VRoot_PassExt_VerbTerm	RelConc3_Pos1_VRoot_PassExt_VerbTerm
ku_nkhomba	LocPre_NStem	BPre15_NStem	LocPre_NStem	LocPre_BPre9_NStem
ya_AICDD	PossConc9_Abbr	PossConc9_Abbr	PossConc9_Abbr	PossConc9_NStem
CBP	Abbr	Abbr	Abbr	Abbr
.	Punc	Punc	Punc	Punc
lesi_hluko	RelConc7_NStem	RelConc7_NStem	RelConc7_NStem	RelConc7_NStem
si_ngenelel_a	SC7_Intrans_VerbTerm	SC7_VRoot_VerbTerm	SC7_Intrans_VerbTerm	SC7_VRoot_VerbTerm
ku_leso	LocPre_Dem7_Pos2	LocPre	LocPre_Dem7_Pos2	LocPre
na_leso	AdvPre_Dem7_Pos2	AdvPre	AdvPre_Dem7_Pos2	AdvPre
si_gaba	BPre7_NStem	BPre7_NStem	BPre7_NStem	BPre7_NStem
bese	Conj	Conj	Conj	Conj
,	Punc	Punc	Punc	Punc
nge_ku_landzel_a	AdvPre_SC15_VRoot_VerbTerm	AdvPre_OC15_VRoot_VerbTerm	AdvPre_SC15_VRoot_VerbTerm	AdvPre_OC15_VRoot_VerbTerm
i_n_khomba	NPrePre9_BPre9_NStem	NPrePre9_BPre9_NStem	NPrePre9_BPre9_NStem	NPrePre9_BPre9_NStem
ya_AICDD	PossConc9_Abbr	PossConc9_Abbr	PossConc9_Abbr	PossConc9_NStem
,	Punc	Punc	Punc	Punc
si_phakam_is_a	SC1pp_VRoot_CausExt_VerbTerm	SC7_VRoot_CausExt_VerbTerm	SC1pp_VRoot_CausExt_VerbTerm	SC1pp_VRoot_CausExt_VerbTerm
kutsi	Conj	Conj	Conj	Conj
ngabe	Conj	Conj	Conj	Conj
leso	Dem7_Pos1		Dem7_Pos1	
na_leso	AdvPre_Dem7_Pos2	AdvPre	AdvPre_Dem7_Pos2	AdvPre
si_gaba	BPre7_NStem	BPre7_NStem	BPre7_NStem	BPre7_NStem
si_nga_phunyelel_is_w_a	SC7_Pot_VRoot_CausExt_PassExt_VerbTerm	SC7_Pot_VRoot_CausExt_PassExt_VerbTerm	SC7_Pot_VRoot_CausExt_PassExt_VerbTerm	SC7_Pot_VRoot_CausExt_PassExt_VerbTerm
njani	Interrog	Adv	Interrog	Adv
.	Punc	Punc	Punc	Punc
lesi_hluko	RelConc7_NStem	RelConc7_NStem	RelConc7_NStem	RelConc7_NStem
si_song_a	SC7_VRoot_VerbTerm	SC7_VRoot_VerbTerm	SC7_VRoot_VerbTerm	BPre7_NStem
a_ma_phuzu	NPrePre6_BPre6_NStem	PossConc6_BPre6_NStem	NPrePre6_BPre6_NStem	NPrePre6_BPre6_NStem
la_s_e_mbili	RelConc6_PreLoc-s_LocPre_NStem	RelConc5_PreLoc-s_LocPre_NStem	RelConc6_PreLoc-s_LocPre_NStem	RelConc6_PreLoc-s_LocPre_BPre3_Adv
.	Punc	Punc	Punc	Punc
ku_endlal_a	BPre15_VRoot_VerbTerm	BPre15_VRoot_VerbTerm	BPre15_VRoot_VerbTerm	PossConc15_BPre9_NStem
loku_tib_e	RelConc15_VRoot_VerbTerm	RelConc15_VRoot_VerbTerm	RelConc15_VRoot_VerbTerm	RelConc15_OC10_VRoot_VerbTerm
ka_khulu	AdvPre_AdjStem	AdvPre_AdjStem	AdvPre_AdjStem	AdvPre_AdjStem
ku_cukats_w_e	SC15_VRoot_PassExt_VerbTerm	SC15_VRoot_PassExt_VerbTerm	SC15_VRoot_PassExt_VerbTerm	SC15_VRoot_PassExt_VerbTerm
ku_n_khomba	LocPre_BPre9_NStem	LocPre_BPre9_NStem	LocPre_BPre9_NStem	LocPre_BPre9_NStem
ya_AICDD	PossConc9_Abbr	PossConc9_Abbr	PossConc9_Abbr	PossConc9_NStem
.	Punc	Punc	Punc	Punc
ungabe	Interrog	Interrog	Interrog	Interrog
ba_si_fazane	PossConc2_BPre7_NStem	PossConc2_BPre7_NStem	PossConc2_BPre7_NStem	PossConc2_BPre7_NStem
ba_hlangany_el_e	SC2_Intrans_ApplExt_VerbTerm	SC2_Intrans_ApplExt_VerbTerm	SC2_Intrans_ApplExt_VerbTerm	SC2_Intrans_VerbExt_VerbTerm
njani	Adv	Adv	Adv	Adv
ku_le_mi_sebenti	LocPre_Dem4_Pos1_BPre4_NStem	LocPre_Pos1_BPre4	LocPre_Dem4_Pos1_BPre4_NStem	LocPre_Pos1_BPre4
ye_lu_hlelo	PossConc4_NPre11_NStem	PossConc9_NPre11_NStem	PossConc4_NPre11_NStem	PossConc9_NPre11_NStem
(	Punc	Punc	Punc	Punc
le_fak_a	RelConc9_VRoot_VerbTerm	RelConc9_VRoot_VerbTerm	RelConc9_VRoot_VerbTerm	RelConc9_VRoot_VerbTerm
e_khatsi	LocPre_Adv	LocPre_Adv	LocPre_Adv	LocPre_Adv
tin_hlelo	BPre10_NStem	BPre10_NStem	BPre10_NStem	BPre10_NStem
ta_ku_cecesh_w_a	PossConc10_BPre15_VRoot_PassExt_VerbTerm	PossConc8_OC15_VRoot_PassExt_VerbTerm	PossConc10_BPre15_VRoot_PassExt_VerbTerm	PossConc8_OC15_VRoot_PassExt_VerbTerm
,	Punc	Punc	Punc	Punc
i_mi_hlangano	NPrePre4_BPre4_NStem	NPrePre4_BPre4_NStem	NPrePre4_BPre4_NStem	NPrePre4_BPre4_NStem
tin_khulumo	BPre10_NStem	NPre10_NStem	BPre10_NStem	NPre10_NStem
,	Punc	Punc	Punc	Punc
na_mi_hlangano	AdvPre_BPre4_NStem	AdvPre_BPre4_NStem	AdvPre_BPre4_NStem	AdvPre_BPre4_NStem
)	Punc	Punc	Punc	Punc
?	Punc	Punc	Punc	Punc
ba_silisa_ke	PossConc2_NStem_Adv	PossConc2_NStem_Adv	PossConc2_NStem_Adv	PossConc2_BPre7_BPre5_NStem_Adv
?	Punc	Punc	Punc	Punc
ungabe	Interrog	Interrog	Interrog	Interrog
be_ka_khona	ProgPre_OC15_Adv	PossConc2_OC1_NStem	ProgPre_OC15_Adv	PossConc2_OC1_NStem
e_ma_phakelo	NPrePre6_BPre6_NStem	NPrePre6_BPre6_NStem	NPrePre6_BPre6_NStem	NPrePre6_BPre6_NStem
a_ti_mali	PossConc6_BPre10_NStem	PossConc6_BPre10_NStem	PossConc6_BPre10_NStem	PossConc6_BPre10_NStem
labe_ka_condz_an_ile	RelConc2_AdvPre_VRoot_RecipExt_Perf	RelConc2_ExclNeg_VRoot_RecipExt_Perf	RelConc2_AdvPre_VRoot_RecipExt_Perf	RelConc2_AdvPre_NStem
na_ba_sifazane	AdvPre_PossConc2_NStem	AdvPre_PossConc2_NStem	AdvPre_PossConc2_NStem	AdvPre_PossConc2_NStem
?	Punc	Punc	Punc	Punc
ku_khomb_a	BPre15_VRoot_VerbTerm	BPre15_VRoot_VerbTerm	BPre15_VRoot_VerbTerm	BPre15_VRoot_VerbTerm
tin_sita	BPre10_NStem	BPre10_NStem	BPre10_NStem	BPre10_NStem
-	Punc	Punc	Punc	Punc
e_ma_komidi	NPrePre6_BPre6_NStem	NPrePre6_BPre6_NStem	NPrePre6_BPre6_NStem	NPrePre6_BPre6_NStem
a_li_wadi	PossConc6_BPre5_NStem	PossConc6_BPre5_NStem	PossConc6_BPre5_NStem	PossConc6_BPre5_NStem
a_s_e_n_dzawo_ini	RelConc6_PreLoc-s_LocPre_NPre9_NStem_LocSuf	RelConc6_PreLoc-s_LocPre_NPre9_NStem_LocSuf	RelConc6_PreLoc-s_LocPre_NPre9_NStem_LocSuf	RelConc6_PreLoc-s_LocPre_NPre9_NStem_LocSuf
le_ka_hle	RelConc9_AdvPre_AdjStem	RelConc9_AdvPre_AdjStem	RelConc9_AdvPre_AdjStem	RelConc9_AdvPre_AdjStem
ya_ku_at_i	PossConc9_OC15_VRoot_VerbTerm	PossConc9_OC15_VRoot_VerbTerm	PossConc9_OC15_VRoot_VerbTerm	PossConc9_OC15_VRoot_VerbTerm
tin_sita	BPre10_NStem	BPre10_NStem	BPre10_NStem	BPre10_NStem
leti_khona	RelConc10_Adv	RelConc10_Adv	RelConc10_Adv	RelConc10_Adv
e_u_mu_mango_ini	LocPre_NPrePre3_BPre3_NStem_LocSuf	LocPre_NPrePre3_BPre3_NStem_LocSuf	LocPre_NPrePre3_BPre3_NStem_LocSuf	LocPre_NPrePre3_BPre3_NStem_LocSuf
kanye	Conj	Conj	Conj	Conj
na_loku_shod_a_ko	AdvPre_RelConc15_VRoot_VerbTerm_RelSuf	AdvPre_RelConc15_VRoot_VerbTerm_RelSuf	AdvPre_RelConc15_VRoot_VerbTerm_RelSuf	AdvPre_RelConc15_VRoot_VerbTerm_RelSuf
,	Punc	Punc	Punc	Punc
ne_kutsi	AdvPre_Conj	AdvPre_Conj	AdvPre_Conj	AdvPre_Conj
u_m_khandlu	NPrePre3_BPre3_NStem	NPrePre3_BPre3_NStem	NPrePre3_BPre3_NStem	NPrePre3_BPre3_NStem
u_nga_ti_sebent_is_a	SC3_Pot_OC10_VRoot_CausExt_VerbTerm	SC2ps_Pot_OC10_VRoot_CausExt_VerbTerm	SC3_Pot_OC10_VRoot_CausExt_VerbTerm	SC2ps_Pot_OC10_VRoot_CausExt_VerbTerm
njani	Adv	Adv	Adv	Adv
leti_n_sita	RelConc10_BPre9_NStem	RelConc10_BPre9_NStem	RelConc10_BPre9_NStem	RelConc10_BPre9_NStem
.	Punc	Punc	Punc	Punc
leti_n_sita	RelConc10_BPre9_NStem	RelConc10_BPre9_NStem	RelConc10_BPre9_NStem	RelConc10_BPre9_NStem
ti_nga_sebent_a	SC10_Pot_VRoot_VerbTerm	SC10_Pot_VRoot_VerbTerm	SC10_Pot_VRoot_VerbTerm	SC10_Pot_VRoot_VerbTerm
uma	Conj	Conj	Conj	Conj
masipala	NStem	NStem	NStem	NStem
a_ncum_a	SC6_VRoot_VerbTerm	SC6_VRoot_VerbTerm	SC6_VRoot_VerbTerm	SC6_VRoot_VerbTerm
kwe_tful_a	BPre15_VRoot_VerbTerm	BPre15_VRoot_VerbTerm	BPre15_VRoot_VerbTerm	BPre15_VRoot_VerbTerm
tin_sita	BPre10_NStem	BPre10_NStem	BPre10_NStem	BPre10_NStem
nga_mu_lingani	AdvPre_BPre1_NStem	AdvPre_BPre1_NStem	AdvPre_BPre1_NStem	AdvPre_BPre1_NStem
wa_tin_sita	PossConc1_NPre10_NStem	PossConc3_BPre10_NStem	PossConc1_NPre10_NStem	PossConc3_BPre10_NStem
ta_masipala	PossConc10_NStem	PossConc10_NStem	PossConc10_NStem	PossConc8_NStem
.	Punc	Punc	Punc	Punc
e_ma_komidi	NPrePre6_BPre6_NStem	NPrePre6_BPre6_NStem	NPrePre6_BPre6_NStem	NPrePre6_BPre6_NStem
a_li_wadi	PossConc6_BPre5_NStem	PossConc6_BPre5_NStem	PossConc6_BPre5_NStem	PossConc6_BPre5_NStem
a_nga_sit_a	SC6_Pot_VRoot_VerbTerm	SC6_Pot_VRoot_VerbTerm	SC6_Pot_VRoot_VerbTerm	SC6_Pot_VRoot_VerbTerm
e_ku_khomba_ini	LocPre_OC15_NStem_LocSuf	LocPre_BPre15_NStem_LocSuf	LocPre_OC15_NStem_LocSuf	LocPre_BPre15_VRoot_VerbTerm_LocSuf
u_mu_etfuli	NPrePre1_BPre1_NStem	NPrePre1_BPre1_NStem	NPrePre1_BPre1_NStem	NPrePre1_BPre1_NStem
tin_sita	BPre10_NStem	BPre10_NStem	BPre10_NStem	BPre10_NStem
lo_fan_el_e	RelConc1_VRoot_ApplExt_VerbTerm	RelConc3_VRoot_ApplExt_VerbTerm	RelConc1_VRoot_ApplExt_VerbTerm	RelConc3_VRoot_ApplExt_VerbTerm
lo_nga_hlangabet_a	RelConc1_Pot_VRoot_VerbTerm	RelConc1_Pot_VRoot_VerbTerm	RelConc1_Pot_VRoot_VerbTerm	RelConc3_Pot_VRoot_VerbTerm
i_mi_gomo	NPrePre4_BPre4_NStem	NPrePre4_BPre4_NStem	NPrePre4_BPre4_NStem	NPrePre4_BPre4_NStem
ye_kwe_tful_a	PossConc9_BPre15_VRoot_VerbTerm	PossConc9_BPre15_VRoot_VerbTerm	PossConc9_BPre15_VRoot_VerbTerm	PossConc4_BPre15_VRoot_VerbTerm
ya_masipala	PossConc4_NStem	PossConc4_NStem	PossConc4_NStem	PossConc4_NStem
nga_i_n_tsengo	AdvPre_NPrePre9_BPre9_NStem	AdvPre_NPrePre9_BPre9_NStem	AdvPre_NPrePre9_BPre9_NStem	AdvPre_NPrePre9_BPre9_NStem
le_khon_akal_a_ko	RelConc9_VRoot_NeutExt_VerbTerm_RelSuf	PossConc5_VRoot_NeutExt_VerbTerm_RelSuf	RelConc9_VRoot_NeutExt_VerbTerm_RelSuf	RelConc9_VRoot_VerbTerm_RelSuf
na_nge_in_dlela	AdvPre_Pres_NPre9_NStem	AdvPre_Pres_NPre9_NStem	AdvPre_Pres_NPre9_NStem	AdvPre_AdvPre_NPre9_NStem
ya_ku_cash_a	PossConc9_OC15_VRoot_VerbTerm	PossConc9_OC15_VRoot_VerbTerm	PossConc9_OC15_VRoot_VerbTerm	PossConc9_SC15_VRoot_VerbTerm
le_khutsat_a_ko	RelConc9_VRoot_VerbTerm_RelSuf	RelConc9_VRoot_VerbTerm_RelSuf	RelConc9_VRoot_VerbTerm_RelSuf	RelConc9_VRoot_VerbTerm_RelSuf
.	Punc	Punc	Punc	Punc
ku_shintj_w_e	SC15_VRoot_PassExt_VerbTerm	SC15_VRoot_PassExt_VerbTerm	SC15_VRoot_PassExt_VerbTerm	SC15_VRoot_PassExt_VerbTerm
lobu_bu_dlelwane	Dem14_Pos1_NPre14_NStem	RelConc14_BPre14_NStem	Dem14_Pos1_NPre14_NStem	RelConc14_NStem
ba_ku_nga_lingan_i	PossConc14_BPre14_NegPre_VRoot_VerbTerm	PossConc2_BPre15_NegPre_VRoot_VerbTerm	PossConc14_BPre14_NegPre_VRoot_VerbTerm	SC2_BPre15_NegPre_VRoot_VerbTerm
kwa_bo_make	PossConc15_BPre2a_NStem	PossConc15_BPre2a_NStem	PossConc15_BPre2a_NStem	PossConc15_BPre2a_NStem
na_bo_babe	AdvPre_BPre2a_NStem	AdvPre_BPre2a_NStem	AdvPre_BPre2a_NStem	AdvPre_BPre2a_NStem
.	Punc	Punc	Punc	Punc
ba_si_fazane	PossConc2_BPre7_NStem	PossConc2_BPre7_NStem	PossConc2_BPre7_NStem	PossConc2_BPre7_NStem
aba_ti_tfol_e	RelConc2_ReflPre_VRoot_VerbTerm	NegPre_ReflPre_VRoot_VerbTerm	RelConc2_ReflPre_VRoot_VerbTerm	SC6_OC2_ReflPre_VRoot_VerbTerm
tin_tfo	NPre10_NStem	BPre10_NStem	NPre10_NStem	BPre10_NStem
leti_ta_ba_nik_e	RelConc10_Fut_OC2_VRoot_VerbTerm	RelConc10_Fut_SC2_VRoot_VerbTerm	RelConc10_Fut_OC2_VRoot_VerbTerm	RelConc10_Fut_SC2_VRoot_VerbTerm
e_ma_ndla	NPrePre6_BPre6_NStem	NPrePre6_BPre6_NStem	NPrePre6_BPre6_NStem	NPrePre6_BPre6_NStem
a_ku_ent_a	PossConc6_BPre15_VRoot_VerbTerm	PossConc6_OC15_VRoot_VerbTerm	PossConc6_BPre15_VRoot_VerbTerm	PossConc6_OC15_VRoot_VerbTerm
tin_tfo_njenga_ku_cecesh_w_a	NPre10_NStem_AdvPre_BPre15_VRoot_PassExt_VerbTerm	BPre10_NStem_AdvPre_BPre15_VRoot_PassExt_VerbTerm	NPre10_NStem_AdvPre_BPre15_VRoot_PassExt_VerbTerm	NPre10_NStem_NStem_NStem
,	Punc	Punc	Punc	Punc
ku_bolek_w_a	BPre15_VRoot_PassExt_VerbTerm	BPre15_VRoot_PassExt_VerbTerm	BPre15_VRoot_PassExt_VerbTerm	BPre15_VRoot_PassExt_VerbTerm
ti_mali	BPre10_NStem	BPre10_NStem	BPre10_NStem	BPre10_NStem
,	Punc	Punc	Punc	Punc
ku_sayin_el_a	BPre15_VRoot_ApplExt_VerbTerm	BPre15_VRoot_ApplExt_VerbTerm	BPre15_VRoot_ApplExt_VerbTerm	BPre15_VRoot_VerbTerm
tin_dlu	BPre10_NStem	BPre10_NStem	BPre10_NStem	BPre10_NStem
laba_ti_cash_ile	RelConc2_OC10_VRoot_Perf	RelConc2_OC10_VRoot_Perf	RelConc2_OC10_VRoot_Perf	RelConc2_SC8_VRoot_Perf
,	Punc	Punc	Punc	Punc
kanye	Conj	Conj	Conj	Conj
na_ku_m_elel_w_a	AdvPre_BPre15_VRoot_IntensExt_PassExt_VerbTerm	AdvPre_OC15_VRoot_IntensExt_PassExt_VerbTerm	AdvPre_BPre15_VRoot_IntensExt_PassExt_VerbTerm	AdvPre_OC15_VRoot_PassExt_VerbTerm
e_ti_akhiwo_ini	LocPre_BPre8_NStem_LocSuf	LocPre_BPre8_NStem_LocSuf	LocPre_BPre8_NStem_LocSuf	LocPre_BPre8_NStem_LocSuf
ta_ku_bus_a	PossConc8_BPre15_VRoot_VerbTerm	PossConc10_OC17_VRoot_VerbTerm	PossConc8_BPre15_VRoot_VerbTerm	PossConc10_OC15_VRoot_VerbTerm
li_ve	BPre5_NStem	BPre5_NStem	BPre5_NStem	BPre5_NStem
.	Punc	Punc	Punc	Punc
tin_sayeya	BPre10_NStem	BPre10_NStem	BPre10_NStem	BPre10_NStem
leti_nengi	AdjPref10_AdjStem	AdjPref10_AdjStem	AdjPref10_AdjStem	AdjPref10_AdjStem
te_ningizimu	PossConc8_NStem	PossConc8_NStem	PossConc8_NStem	PossConc8_NPrePre5_BPre5_NStem
Afrika	ProperName	ProperName	ProperName	ProperName
ti_nga_lungis_w_a	BPre10_Pot_VRoot_PassExt_VerbTerm	SC8_Pot_VRoot_PassExt_VerbTerm	BPre10_Pot_VRoot_PassExt_VerbTerm	SC8_Pot_VRoot_PassExt_VerbTerm
ku_phela	LocPre_Adv	LocPre_Adv	LocPre_Adv	LocPre_Adv
nga_ku_sebent_a	AdvPre_OC15_VRoot_VerbTerm	AdvPre_OC15_VRoot_VerbTerm	AdvPre_OC15_VRoot_VerbTerm	AdvPre_OC15_VRoot_VerbTerm
nge_ku_bamb_is_an_a	AdvPre_SC15_VRoot_CausExt_RecipExt_VerbTerm	AdvPre_SC15_VRoot_CausExt_RecipExt_VerbTerm	AdvPre_SC15_VRoot_CausExt_RecipExt_VerbTerm	AdvPre_SC15_VRoot_CausExt_RecipExt_VerbTerm
ku_lesi_godzi	LocPre_Dem7_Pos1_NStem	LocPre_Pos1	LocPre_Dem7_Pos1_NStem	LocPre_Pos1
.	Punc	Punc	Punc	Punc
na_nobe	AdvPre_Conj	AdvPre_Conj	AdvPre_Conj	AdvPre_Conj
nje	Adv	Adv	Adv	Adv
i_Ningizimu	BPre5_ProperName	BPre9_ProperName	BPre5_ProperName	BPre9_NStem
Afrika	ProperName	ProperName	ProperName	ProperName
i_li_ve	NPrePre5_BPre5_NStem	NPrePre5_BPre5_NStem	NPrePre5_BPre5_NStem	NPrePre5_BPre5_NStem
leli_ngena_manti	RelConc5_NegPre_NStem	RelConc5_AdvPre_NStem	RelConc5_NegPre_NStem	RelConc5_NegPre_AdvPre_NStem
la_nel_e	RelConc2_VRoot_VerbTerm	RelConc6_VRoot_VerbTerm	RelConc2_VRoot_VerbTerm	RelConc6_VRoot_VerbTerm
,	Punc	Punc	Punc	Punc
e_ma_ve	LocPre_BPre6_NStem	LocPre_BPre6_NStem	LocPre_BPre6_NStem	LocPre_BPre6_NStem
lama_nyenti	AdjPref6_AdjStem	AdjPref6_AdjStem	AdjPref6_AdjStem	AdjPref6_AdjStem
labo_makhelwane	Dem2_Pos2_NStem	RelConc2a_NStem	Dem2_Pos2_NStem	RelConc2a_NStem
a_nemanti	RelConc6_NStem	RelConc6_NStem	RelConc6_NStem	RelConc6_AdvPre_NPrePre6_BPre6_NStem
lama_nyenti	AdjPref6_AdjStem	AdjPref6_AdjStem	AdjPref6_AdjStem	AdjPref6_AdjStem
.	Punc	Punc	Punc	Punc
kuna_lemi_nye	AdvPre_AdjPref4_EnumStem	AdvPre_AdjPref4_AdjStem	AdvPre_AdjPref4_EnumStem	LocPre_AdvPre_AdjPref4_AdjStem
i_mi_khakha	NPrePre4_BPre4_NStem	NPrePre4_BPre4_NStem	NPrePre4_BPre4_NStem	NPrePre4_BPre3_NStem
lapho	Conj	Conj	Conj	Conj
tin_zuzo	BPre10_NStem	BPre10_NStem	BPre10_NStem	BPre10_NStem
ta_ku_elekan_a	PossConc8_BPre15_Intrans_VerbTerm	PossConc10_BPre15_VRoot_VerbTerm	PossConc8_BPre15_Intrans_VerbTerm	PossConc10_OC15_VRoot_RecipExt_VerbTerm
ku_velonkhe	LocPre_NStem	LocPre_NStem	LocPre_NStem	LocPre_NStem
i_niket_a	SC9_VRoot_VerbTerm	SC9_VRoot_VerbTerm	SC9_VRoot_VerbTerm	SC9_VRoot_VerbTerm
khona	Conj	Adv	Conj	Adv
e_ma_tfuba	NPrePre6_BPre6_NStem	NPrePre6_BPre6_NStem	NPrePre6_BPre6_NStem	NPrePre6_BPre6_NStem
e_ku_zuz_a	LocPre_BPre15_VRoot_VerbTerm	SC9_OC15_VRoot_VerbTerm	LocPre_BPre15_VRoot_VerbTerm	LocPre_OC15_VRoot_VerbTerm
kwa_bo	PossConc15_PronStem2	PossConc15_PronStem2	PossConc15_PronStem2	PossConc15_PronStem2
bo_nkhe	QuantConc2_QuantStem	QuantConc2_QuantStem	QuantConc2_QuantStem	QuantConc2_QuantStem
laba_bamb_is_an_ile	RelConc2_VRoot_CausExt_RecipExt_Perf	RelConc2_VRoot_CausExt_RecipExt_Perf	RelConc2_VRoot_CausExt_RecipExt_Perf	RelConc2_VRoot_CausExt_RecipExt_Perf
.	Punc	Punc	Punc	Punc
ku_ent_a	BPre15_VRoot_VerbTerm	BPre15_VRoot_VerbTerm	BPre15_VRoot_VerbTerm	BPre15_VRoot_VerbTerm
si_bonelo	BPre7_NStem	BPre7_NStem	BPre7_NStem	BPre7_NStem
,	Punc	Punc	Punc	Punc
i_Ningizimu	BPre9_ProperName	BPre5_ProperName	BPre9_ProperName	BPre9_NStem
Afrika	ProperName	ProperName	ProperName	ProperName
ku_mel_e	SC15_VRoot_VerbTerm	SC15_VRoot_VerbTerm	SC15_VRoot_VerbTerm	SC15_VRoot_VerbTerm
i_tjal_e	NPrePre4_VRoot_VerbTerm	SC9_VRoot_VerbTerm	NPrePre4_VRoot_VerbTerm	SC9_VRoot_VerbTerm
i_mali	NPre9_NStem	NPre9_NStem	NPre9_NStem	NPre9_NStem
i_phindze	BPre9_NStem	BPre9_NStem	BPre9_NStem	BPre9_NStem
ye_tam_e	PossConc9_Intrans_VerbTerm	PossConc9_VRoot_VerbTerm	PossConc9_Intrans_VerbTerm	SC9_VRoot_VerbTerm
ku_sebent_is_a	BPre15_VRoot_CausExt_VerbTerm	BPre15_VRoot_CausExt_VerbTerm	BPre15_VRoot_CausExt_VerbTerm	BPre15_VRoot_CausExt_VerbTerm
e_ma_tfuba	NPrePre6_BPre6_NStem	NPrePre6_BPre6_NStem	NPrePre6_BPre6_NStem	NPrePre6_BPre6_NStem
la_banti	PossConc5_NStem	RelConc6_NStem	PossConc5_NStem	PossConc5_NStem
e_ma_ndla	NPrePre6_BPre6_NStem	NPrePre6_BPre6_NStem	NPrePre6_BPre6_NStem	NPrePre6_BPre6_NStem
la_sebent_is_a	RelConc6_VRoot_CausExt_VerbTerm	RelConc6_VRoot_CausExt_VerbTerm	RelConc6_VRoot_CausExt_VerbTerm	PossConc5_VRoot_CausExt_VerbTerm
i_khabhoni	NPrePre4_NStem	NPre9_NStem	NPrePre4_NStem	NPre9_NStem
le_ncane	AdjPref9_AdjStem	PossConc5_AdjStem	AdjPref9_AdjStem	AdjPref9_AdjStem
le_vel_a	RelConc9_VRoot_VerbTerm	RelConc9_VRoot_VerbTerm	RelConc9_VRoot_VerbTerm	RelConc9_VRoot_VerbTerm
ku_gezi	LocPre_NStem	LocPre_NStem	LocPre_NStem	LocPre_NStem
lo_phehl_w_e	RelConc3_VRoot_PassExt_VerbTerm	RelConc3_VRoot_PassExt_VerbTerm	RelConc3_VRoot_PassExt_VerbTerm	RelConc3_VRoot_PassExt_VerbTerm
nge_manti	AdvPre_NStem	AdvPre_NStem	AdvPre_NStem	AdvPre_NPrePre6_BPre6_NStem
kanye	Adv	Adv	Adv	Conj
na_lemi_nye	AdvPre_AdjPref4_AdjStem	AdvPre_AdjPref4_AdjStem	AdvPre_AdjPref4_AdjStem	AdvPre_AdjPref4_AdjStem
i_mi_tfombo	NPrePre4_BPre4_NStem	NPrePre4_BPre4_NStem	NPrePre4_BPre4_NStem	NPrePre4_BPre4_NStem
ya_e_ma_ndla	PossConc4_NPrePre6_BPre6_NStem	PossConc4_NPrePre6_BPre6_NStem	PossConc4_NPrePre6_BPre6_NStem	PossConc9_NPrePre6_BPre6_NStem
le_khona	RelConc4_Adv	RelConc4_Adv	RelConc4_Adv	RelConc4_Adv
e_Afrika	LocPre_ProperName	LocPre_ProperName	LocPre_ProperName	LocPre_Adv
le_s_e_ningizimu	PossConc5_PreLoc-s_LocPre_NStem	RelConc9_PreLoc-s_LocPre_NStem	PossConc5_PreLoc-s_LocPre_NStem	RelConc9_PreLoc-s_LocPre_NStem
.	Punc	Punc	Punc	Punc
i_nombolo	NPre9_NStem	NPre9_NStem	NPre9_NStem	NPre9_NStem
ye_imi_sebenti	PossConc3_NPre4_NStem	PossConc4_NPre4_NStem	PossConc3_NPre4_NStem	PossConc4_NPrePre4_BPre4_NStem
le_sungul_w_e	RelConc9_VRoot_PassExt_VerbTerm	RelConc4_VRoot_PassExt_VerbTerm	RelConc9_VRoot_PassExt_VerbTerm	RelConc4_VRoot_PassExt_VerbTerm
yi_i_mi_tamo	CopPre_NPrePre4_BPre4_NStem	CopPre_NPrePre4_BPre4_NStem	CopPre_NPrePre4_BPre4_NStem	CopPre_BPre4_NStem
ye_i_n_tfutfuko	PossConc4_NPrePre9_BPre9_NStem	PossConc9_NPrePre9_BPre9_NStem	PossConc4_NPrePre9_BPre9_NStem	PossConc4_NPrePre9_BPre9_NStem
ye_um_nontfo	PossConc3_NPre3_NStem	PossConc4_NPre3_NStem	PossConc3_NPre3_NStem	PossConc9_NPrePre3_BPre3_NStem
we_in_dzawo	PossConc9_NPre9_NStem	PossConc3_NPre9_NStem	PossConc9_NPre9_NStem	PossConc3_NPre9_NStem
ya_masipala	PossConc9_NStem	PossConc4_NStem	PossConc9_NStem	PossConc4_NStem
,	Punc	Punc	Punc	Punc
loku_fak_a	RelConc15_VRoot_VerbTerm	RelConc15_VRoot_VerbTerm	RelConc15_VRoot_VerbTerm	RelConc15_VRoot_VerbTerm
i_mi_klamo_si_calo	NPrePre4_BPre4_NStem_NPre7_NStem	NPrePre4_BPre4_NStem_NPre7_NStem	NPrePre4_BPre4_NStem_NPre7_NStem	NPrePre4_BPre4_NStem_NPre7_NStem
.	Punc	Punc	Punc	Punc
ku_sit_a	BPre15_VRoot_VerbTerm	BPre15_VRoot_VerbTerm	BPre15_VRoot_VerbTerm	BPre15_VRoot_VerbTerm
ne_ku_cinisek_is_a	AdvPre_BPre15_VRoot_CausExt_VerbTerm	AdvPre_BPre15_VRoot_CausExt_VerbTerm	AdvPre_BPre15_VRoot_CausExt_VerbTerm	AdvPre_BPre15_VRoot_CausExt_VerbTerm
ku_hlanganyel_a	OC15_VRoot_VerbTerm	SC15_VRoot_VerbTerm	OC15_VRoot_VerbTerm	SC15_VRoot_VerbTerm
kwe_si_ve	PossConc15_BPre7_NStem	PossConc15_BPre7_NStem	PossConc15_BPre7_NStem	PossConc15_BPre7_NStem
ku_ent_iw_a	BPre15_VRoot_PassExt_VerbTerm	SC15_VRoot_PassExt_VerbTerm	BPre15_VRoot_PassExt_VerbTerm	SC15_VRoot_PassExt_VerbTerm
nga_leyo	AdvPre_Dem9_Pos2	AdvPre	AdvPre_Dem9_Pos2	AdvPre
n_dlela	BPre9_NStem	BPre9_NStem	BPre9_NStem	NPrePre9_BPre9_NStem
le_i_mi_swe	PossConc5_NPrePre4_BPre4_NStem	PossConc5_NPrePre4_BPre4_NStem	PossConc5_NPrePre4_BPre4_NStem	RelConc4_BPre4_VRoot_VerbTerm
ngu_u_mu_tsetfo	CopPre_NPrePre3_BPre3_NStem	CopPre_NPrePre3_BPre3_NStem	CopPre_NPrePre3_BPre3_NStem	CopPre_NPrePre3_BPre3_NStem
lo_condz_en_e	RelConc3_VRoot_ApplExt_VerbTerm	RelConc3_VRoot_ApplExt_VerbTerm	RelConc3_VRoot_ApplExt_VerbTerm	RelConc3_VRoot_RecipExt_Perf
nako	Dem15_Pos2		Dem15_Pos2	
ku_ta_wa_nik_a	SC15_Fut_OC3_VRoot_VerbTerm	LocPre_PossConc10_OC6_VRoot_VerbTerm	SC15_Fut_OC3_VRoot_VerbTerm	SC15_Fut_VRoot_VerbTerm
e_ma_komidi	NPrePre6_BPre6_NStem	NPrePre6_BPre6_NStem	NPrePre6_BPre6_NStem	NPrePre6_BPre6_NStem
e_ma_wadi	NPrePre6_BPre6_NStem	NPrePre6_BPre6_NStem	NPrePre6_BPre6_NStem	NPrePre6_BPre6_NStem
i_n_sayeya	NPrePre9_BPre9_NStem	NPrePre9_BPre9_NStem	NPrePre9_BPre9_NStem	NPrePre9_BPre9_NStem
ye_ikulawulwa	PossConc9_NStem	PossConc9_NStem	PossConc9_NStem	PossConc9_BPre15_NStem_PassExt_VerbTerm
kwa_e_ma_cembu	PossConc15_NPrePre6_BPre6_NStem	PossConc15_NPrePre6_BPre6_NStem	PossConc15_NPrePre6_BPre6_NStem	PossConc15_NPrePre6_BPre6_NStem
la_hluk_an_ile	RelConc6_VRoot_RecipExt_Perf	RelConc6_VRoot_RecipExt_Perf	RelConc6_VRoot_RecipExt_Perf	RelConc6_VRoot_RecipExt_Perf
ne_tin_jongo	AdvPre_NPre10_NStem	AdvPre_BPre10_NStem	AdvPre_NPre10_NStem	AdvPre_BPre10_NStem
leti_s_e_ma_wadi_ni	RelConc8_PreLoc-s_LocPre_BPre6_NStem_RelSuf	RelConc8_PreLoc-s_LocPre_BPre6_NStem_LocSuf	RelConc8_PreLoc-s_LocPre_BPre6_NStem_RelSuf	RelConc10_PreLoc-s_LocPre_BPre6_NStem_LocSuf
a_wo	PossConc6_PronStem6	PossConc6_PronStem6	PossConc6_PronStem6	PossConc6_PronStem6
.	Punc	Punc	Punc	Punc
e_ma_lunga	NPrePre6_BPre6_NStem	NPrePre6_BPre6_NStem	NPrePre6_BPre6_NStem	NPrePre6_BPre6_NStem
e_ma_komidi	NPrePre6_BPre6_NStem	NPrePre6_BPre6_NStem	NPrePre6_BPre6_NStem	NPrePre6_BPre6_NStem
e_ma_wadi	NPrePre6_BPre6_NStem	NPrePre6_BPre6_NStem	NPrePre6_BPre6_NStem	NPrePre6_BPre6_NStem
a_dzing_a	SC6_VRoot_VerbTerm	SC6_VRoot_VerbTerm	SC6_VRoot_VerbTerm	SC6_VRoot_VerbTerm
ku_chaphel_a	BPre15_VRoot_VerbTerm	BPre15_VRoot_VerbTerm	BPre15_VRoot_VerbTerm	BPre15_VRoot_ApplExt_VerbTerm
kwa_ehlukahluk_an_a	PossConc15_Intrans_VerbExt_VerbTerm	PossConc15_VRoot_RecipExt_VerbTerm	PossConc15_Intrans_VerbExt_VerbTerm	SC15_VRoot_RecipExt_VerbTerm
kwe_m_mango	PossConc15_BPre3_NStem	PossConc15_BPre3_NStem	PossConc15_BPre3_NStem	PossConc15_BPre3_NStem
ya_wo	PossConc9_PronStem3	PossConc4_PronStem6	PossConc9_PronStem3	PossConc4_PronStem6
a_phindz_e	SC6_VRoot_VerbTerm	SC1a_VRoot_VerbTerm	SC6_VRoot_VerbTerm	SC6_VRoot_VerbTerm
a_khe	PossConc6_PronStem1	PossConc6_PronStem17	PossConc6_PronStem1	PossConc6_PronStem17
tin_dlela	BPre10_NStem	BPre10_NStem	BPre10_NStem	BPre10_NStem
ta_uku_sebent_a	PossConc8_OC15_VRoot_VerbTerm	PossConc8_OC15_VRoot_VerbTerm	PossConc8_OC15_VRoot_VerbTerm	PossConc10_OC15_VRoot_VerbTerm
leti_cabang_isis_ek_ile	RelConc10_VRoot_IntensExt_NeutExt_Perf	RelConc10_VRoot_IntensExt_NeutExt_Perf	RelConc10_VRoot_IntensExt_NeutExt_Perf	RelConc10_VRoot_IntensExt_NeutExt_Perf
leti_yi_m_phumelelo	RelConc10_CopPre_BPre3_NStem	RelConc8_CopPre_BPre3_NStem	RelConc10_CopPre_BPre3_NStem	RelConc8_CopPre_BPre3_NStem
kute	Conj	Conj	Conj	Conj
a_cin_is_ek_is_e	SC1_VRoot_CausExt_NeutExt_CausExt_VerbTerm	SC1_VRoot_CausExt_NeutExt_CausExt_VerbTerm	SC1_VRoot_CausExt_NeutExt_CausExt_VerbTerm	SC6_VRoot_CausExt_VerbTerm
kutsi	Conj	Conj	Conj	Conj
o_nkhe	QuantConc6_QuantStem	QuantConc6_QuantStem	QuantConc6_QuantStem	QuantConc6_QuantStem
e_ma_lunga	NPrePre6_BPre6_NStem	NPrePre6_BPre6_NStem	NPrePre6_BPre6_NStem	NPrePre6_BPre6_NStem
e_ma_wadi	NPrePre6_BPre6_NStem	NPrePre6_BPre6_NStem	NPrePre6_BPre6_NStem	NPrePre6_BPre6_NStem
a_wo	PossConc6_PronStem6	PossConc6_PronStem6	PossConc6_PronStem6	PossConc6_PronStem6
a_fak_iw_e	SC6_VRoot_PassExt_VerbTerm	SC6_VRoot_PassExt_VerbTerm	SC6_VRoot_PassExt_VerbTerm	SC6_VRoot_PassExt_VerbTerm
.	Punc	Punc	Punc	Punc
ku_hlangan_is_a	BPre15_VRoot_CausExt_VerbTerm	BPre15_VRoot_CausExt_VerbTerm	BPre15_VRoot_CausExt_VerbTerm	BPre15_VRoot_CausExt_VerbTerm
u_mu_mango	NPrePre3_BPre3_NStem	NPrePre3_BPre3_NStem	NPrePre3_BPre3_NStem	NPrePre3_BPre3_NStem
kutsi	Conj	Conj	Conj	Conj
wu_esekel_e	SC3_VRoot_VerbTerm	SC3_VRoot_VerbTerm	SC3_VRoot_VerbTerm	SC3_VRoot_VerbTerm
lolu_hlelo	RelConc11_NStem	Pos1	RelConc11_NStem	Pos1
,	Punc	Punc	Punc	Punc
kanye	Conj	Adv	Conj	Adv
ne_ku_hlol_a	AdvPre_SC15_VRoot_VerbTerm	AdvPre_SC15_VRoot_VerbTerm	AdvPre_SC15_VRoot_VerbTerm	AdvPre_SC15_VRoot_VerbTerm
ku_minyan_a	BPre15_VRoot_VerbTerm	BPre15_VRoot_VerbTerm	BPre15_VRoot_VerbTerm	BPre15_VRoot_VerbTerm
kwa_ta_in_hlalo	PossConc15_PossConc10_BPre9_NStem	PossConc15_PossConc10_BPre9_NStem	PossConc15_PossConc10_BPre9_NStem	PossConc15_PossConc10_BPre9_NStem
kute	Conj	Conj	Conj	Conj
ku_nciph_is_w_e	SC15_VRoot_CausExt_PassExt_VerbTerm	SC15_VRoot_CausExt_PassExt_VerbTerm	SC15_VRoot_CausExt_PassExt_VerbTerm	SC15_VRoot_CausExt_PassExt_VerbTerm
bu_phuya	BPre14_NStem	BPre14_NStem	BPre14_NStem	BPre14_NStem
na_ku_nga_lingan_i	AdvPre_OC15_NegPre_VRoot_VerbTerm	AdvPre_BPre15_NegPre_VRoot_VerbTerm	AdvPre_OC15_NegPre_VRoot_VerbTerm	AdvPre_BPre15_NegPre_VRoot_VerbTerm
ngekutsi	Conj	Conj	Conj	AdvPre_Conj
ku_tjal_w_a	SC15_VRoot_PassExt_VerbTerm	SC15_VRoot_PassExt_VerbTerm	SC15_VRoot_PassExt_VerbTerm	SC15_VRoot_PassExt_VerbTerm
ti_mali	BPre10_NStem	BPre10_NStem	BPre10_NStem	BPre10_NStem
ku_akh_iw_e	SC15_VRoot_PassExt_VerbTerm	SC15_VRoot_PassExt_VerbTerm	SC15_VRoot_PassExt_VerbTerm	SC15_VRoot_PassExt_VerbTerm
na_ma_tfuba	AdvPre_BPre6_NStem	AdvPre_BPre6_NStem	AdvPre_BPre6_NStem	AdvPre_BPre6_NStem
a_i_mi_sebenti	PossConc6_NPrePre4_BPre4_NStem	PossConc6_NPrePre4_BPre4_NStem	PossConc6_NPrePre4_BPre4_NStem	PossConc6_NPrePre4_BPre4_NStem
.	Punc	Punc	Punc	Punc
i_mi_hlangano	NPrePre4_BPre4_NStem	NPrePre4_BPre4_NStem	NPrePre4_BPre4_NStem	NPrePre4_BPre4_NStem
ya_u_mu_mango	PossConc9_NPrePre3_BPre3_NStem	PossConc4_NPrePre3_BPre3_NStem	PossConc9_NPrePre3_BPre3_NStem	PossConc9_NPrePre3_BPre3_NStem
i_ya_bamb_w_a	SC4_Pres_VRoot_PassExt_VerbTerm	SC4_Pres_VRoot_PassExt_VerbTerm	SC4_Pres_VRoot_PassExt_VerbTerm	SC4_Pres_VRoot_PassExt_VerbTerm
emva	Adv	Adv	Adv	Adv
kwa_yo	PossConc15_PronStem4	PossConc15_PronStem4	PossConc15_PronStem4	PossConc15_PronStem4
yo_nkhe	QuantConc4_QuantStem	QuantConc4_QuantStem	QuantConc4_QuantStem	QuantConc4_QuantStem
i_mi_hlangano	NPrePre4_BPre4_NStem	NPrePre4_BPre4_NStem	NPrePre4_BPre4_NStem	NPrePre4_BPre4_NStem
ya_mu_khandlu	PossConc4_BPre3_NStem	PossConc4_BPre3_NStem	PossConc4_BPre3_NStem	PossConc4_BPre3_NStem
ku_at_is_a	BPre15_VRoot_CausExt_VerbTerm	BPre15_VRoot_CausExt_VerbTerm	BPre15_VRoot_CausExt_VerbTerm	BPre15_VRoot_CausExt_VerbTerm
u_mu_mango	NPrePre3_BPre3_NStem	NPrePre3_BPre3_NStem	NPrePre3_BPre3_NStem	NPrePre3_BPre3_NStem
.	Punc	Punc	Punc	Punc
ku_buyeket_w_a	BPre15_VRoot_PassExt_VerbTerm	BPre15_VRoot_PassExt_VerbTerm	BPre15_VRoot_PassExt_VerbTerm	BPre15_VRoot_PassExt_VerbTerm
kwa_li_zinga	PossConc15_BPre5_NStem	PossConc15_NPre5_NStem	PossConc15_BPre5_NStem	PossConc15_NPre5_NStem
la_ku_sebent_a	PossConc5_OC15_VRoot_VerbTerm	PossConc5_OC15_VRoot_VerbTerm	PossConc5_OC15_VRoot_VerbTerm	RelConc15_VRoot_VerbTerm
nga_m_nyaka	AdvPre_BPre3_NStem	AdvPre_BPre3_NStem	AdvPre_BPre3_NStem	AdvPre_BPre3_NStem
-	Punc	Punc	Punc	Punc
li_bandla	BPre5_NStem	BPre5_NStem	BPre5_NStem	BPre5_NStem
la_e_ma_khansela	PossConc5_NPrePre6_BPre6_NStem	PossConc5_NPrePre6_BPre6_NStem	PossConc5_NPrePre6_BPre6_NStem	PossConc5_BPre6_NStem
ku_fanel_e	SC15_VRoot_VerbTerm	SC15_VRoot_VerbTerm	SC15_VRoot_VerbTerm	SC15_VRoot_VerbTerm
le_tful_e	SC5_VRoot_VerbTerm	SC5_VRoot_VerbTerm	SC5_VRoot_VerbTerm	SC5_VRoot_VerbTerm
u_mu_biko	NPrePre3_BPre3_NStem	NPrePre3_BPre3_NStem	NPrePre3_BPre3_NStem	NPrePre3_BPre3_NStem
wa_lu_hla	PossConc3_BPre11_NStem	PossConc3_BPre11_NStem	PossConc3_BPre11_NStem	PossConc3_BPre11_NStem
lwa_ma_phakelo	PossConc11_BPre6_NStem	PossConc11_BPre6_NStem	PossConc11_BPre6_NStem	PossConc11_BPre6_NStem
kanye	Conj	Conj	Conj	Conj
ne_tin_hloso	AdvPre_BPre10_NStem	AdvPre_BPre10_NStem	AdvPre_BPre10_NStem	AdvPre_BPre10_NStem
ta_mu_sebenti	PossConc10_BPre3_NStem	PossConc10_BPre3_NStem	PossConc10_BPre3_NStem	PossConc10_BPre3_NStem
.	Punc	Punc	Punc	Punc
hulumende	NStem	NStem	NStem	NStem
ku_mel_e	SC15_VRoot_VerbTerm	SC15_VRoot_VerbTerm	SC15_VRoot_VerbTerm	SC15_VRoot_VerbTerm
a_timisele	RelConc6_NStem	RelConc6_NStem	RelConc6_NStem	SC6_ReflPre_VRoot_VerbTerm
ku_bek_a	BPre15_VRoot_VerbTerm	BPre15_VRoot_VerbTerm	BPre15_VRoot_VerbTerm	BPre15_VRoot_VerbTerm
e_m_bili	LocPre_BPre3_NStem	LocPre_BPre3_NStem	LocPre_BPre3_NStem	LocPre_BPre3_NStem
tin_tfo	BPre10_NStem	BPre10_NStem	BPre10_NStem	BPre10_NStem
leti_tsite	RelConc10_RelStem	RelConc10_RelStem	RelConc10_RelStem	RelConc10_RelStem
.	Punc	Punc	Punc	Punc
i_khabhinethi	NPrePre4_NStem	NPre9_NStem	NPrePre4_NStem	NPre9_NStem
kanye	Adv	Adv	Adv	Conj
ne_ti_khulu	AdvPre_BPre8_NStem	AdvPre_BPre8_NStem	AdvPre_BPre8_NStem	AdvPre_BPre8_NStem
l_ta_hulumende	BPre8_Fut_NStem	PossConc5_PossConc8_NStem	BPre8_Fut_NStem	PossConc8_NStem
leti_s_e_tulu	RelConc10_PreLoc-s_LocPre_Adv	RelConc10_PreLoc-s_LocPre_Adv	RelConc10_PreLoc-s_LocPre_Adv	RelConc10_PreLoc-s_LocPre_Adv
ku_mel_e	SC15_VRoot_VerbTerm	SC15_VRoot_VerbTerm	SC15_VRoot_VerbTerm	SC15_VRoot_VerbTerm
ba_gcilise	PossConc2a_NStem	BPre2_NStem	PossConc2a_NStem	SC2_VRoot_CausExt_VerbTerm
ku_nak_a	BPre15_VRoot_VerbTerm	BPre15_VRoot_VerbTerm	BPre15_VRoot_VerbTerm	BPre15_VRoot_VerbTerm
kwa_bo	PossConc15_PronStem2	PossConc15_PronStem2	PossConc15_PronStem2	PossConc15_PronStem2
e_tin_tfo_ini	LocPre_BPre10_NStem_LocSuf	LocPre_BPre10_NStem_LocSuf	LocPre_BPre10_NStem_LocSuf	LocPre_BPre10_NStem_LocSuf
leti_mbalwa	RelConc10_RelStem	RelConc10_RelStem	RelConc10_RelStem	RelConc10_RelStem
leti_bek_w_e	RelConc10_VRoot_PassExt_VerbTerm	RelConc10_VRoot_PassExt_VerbTerm	RelConc10_VRoot_PassExt_VerbTerm	RelConc10_VRoot_PassExt_VerbTerm
e_m_bili	LocPre_BPre3_NStem	LocPre_BPre3_NStem	LocPre_BPre3_NStem	LocPre_BPre3_NStem
.	Punc	Punc	Punc	Punc
la_u_lu_hlelo	PossConc5_NPrePre11_BPre11_NStem	PossConc5_NPrePre11_BPre11_NStem	PossConc5_NPrePre11_BPre11_NStem	Pos1
lu_nik_a	SC11_VRoot_VerbTerm	SC11_VRoot_VerbTerm	SC11_VRoot_VerbTerm	SC11_VRoot_VerbTerm
lolu_hlaka	Dem11_Pos1_NStem	RelConc11_NStem	Dem11_Pos1_NStem	RelConc11_NStem
lwe_lisu	PossConc11_NStem	PossConc11_NStem	PossConc11_NStem	PossConc11_BPre5_NStem
.	Punc	Punc	Punc	Punc
lu_khomba	BPre11_NStem	BPre11_NStem	BPre11_NStem	SC11_VRoot_VerbTerm
li_zinga	BPre5_NStem	BPre5_NStem	BPre5_NStem	BPre5_NStem
leli_s_e_tulu	RelConc5_PreLoc-s_LocPre_Adv	RelConc5_PreLoc-s_LocPre_Adv	RelConc5_PreLoc-s_LocPre_Adv	RelConc5_PreLoc-s_LocPre_Adv
leti_bek_w_e	RelConc10_VRoot_PassExt_VerbTerm	RelConc10_VRoot_PassExt_VerbTerm	RelConc10_VRoot_PassExt_VerbTerm	RelConc10_VRoot_PassExt_VerbTerm
e_m_bili	LocPre_BPre3_NStem	LocPre_BPre3_NStem	LocPre_BPre3_NStem	LocPre_BPre3_NStem
kantsi	Conj	Conj	Conj	Conj
ku_leti_nye	LocPre_AdjPref10_AdjStem	LocPre_AdjPref10_AdjStem	LocPre_AdjPref10_AdjStem	LocPre_AdjPref10_AdjStem
ti_ncenye	NPre10_NStem	NPre10_NStem	NPre10_NStem	NPre10_NStem
,	Punc	Punc	Punc	Punc
ku_landzel_an_is_a	BPre15_VRoot_RecipExt_CausExt_VerbTerm	BPre15_VRoot_RecipExt_CausExt_VerbTerm	BPre15_VRoot_RecipExt_CausExt_VerbTerm	BPre15_VRoot_RecipExt_CausExt_VerbTerm
loku_tsite	RelConc15_RelStem	RelConc15_RelStem	RelConc15_RelStem	RelConc15_RelStem
.	Punc	Punc	Punc	Punc
ku_ent_a	SC15_VRoot_VerbTerm	BPre15_VRoot_VerbTerm	SC15_VRoot_VerbTerm	BPre15_VRoot_VerbTerm
si_bonelo	BPre7_NStem	BPre7_NStem	BPre7_NStem	BPre7_NStem
,	Punc	Punc	Punc	Punc
lolu_hlelo	RelConc11_NStem	Pos1	RelConc11_NStem	Pos1
lu_khomb_is_a	SC11_VRoot_CausExt_VerbTerm	SC11_VRoot_CausExt_VerbTerm	SC11_VRoot_CausExt_VerbTerm	SC11_VRoot_CausExt_VerbTerm
sidzingo	NStem	NStem	NStem	BPre7_NStem
se_ku_enyus_a	PossConc7_BPre15_VRoot_VerbTerm	PossConc7_BPre15_VRoot_VerbTerm	PossConc7_BPre15_VRoot_VerbTerm	PossConc7_BPre15_VRoot_VerbTerm
li_zinga	BPre5_NStem	BPre5_NStem	BPre5_NStem	BPre5_NStem
le_ma_kolishi	PossConc5_BPre6_NStem	PossConc5_BPre6_NStem	PossConc5_BPre6_NStem	PossConc5_BPre6_NStem
e_FET	LocPre_Abbr	LocPre_Abbr	LocPre_Abbr	PossConc6_SC9_VRoot
nga_i_mbi	AdvPre_NPrePre9_NStem	AdvPre_NPrePre9_NStem	AdvPre_NPrePre9_NStem	Adv
kwa_ku_enyus_a	PossConc15_SC15_VRoot_VerbTerm	PossConc15_BPre15_VRoot_VerbTerm	PossConc15_SC15_VRoot_VerbTerm	PossConc15_OC15_VRoot_VerbTerm
e_ma_ndla	LocPre_BPre6_NStem	NPrePre6_BPre6_NStem	LocPre_BPre6_NStem	NPrePre6_BPre6_NStem
nga_loku_sheshisa_ko	AdvPre_RelConc15_NStem_RelSuf	AdvPre_RelConc15_NStem_RelSuf	AdvPre_RelConc15_NStem_RelSuf	AdvPre_RelConc15_VRoot_CausExt_VerbTerm_RelSuf
.	Punc	Punc	Punc	Punc
kwe_tful_a	BPre15_VRoot_VerbTerm	BPre15_VRoot_VerbTerm	BPre15_VRoot_VerbTerm	BPre15_VRoot_VerbTerm
lolu_hlelo	RelConc11_NStem	Pos1	RelConc11_NStem	Pos1
ku_tawu_dzing_a	SC15_Fut_VRoot_VerbTerm	SC15_Fut_VRoot_VerbTerm	SC15_Fut_VRoot_VerbTerm	SC15_Fut_VRoot_VerbTerm
ti_ncumo	BPre8_NStem	BPre8_NStem	BPre8_NStem	BPre8_NStem
leti_cin_ile	RelConc10_VRoot_Perf	RelConc10_VRoot_Perf	RelConc10_VRoot_Perf	RelConc10_VRoot_Perf
,	Punc	Punc	Punc	Punc
leti_ne_ma_ndla	RelConc8_AdvPre_BPre6_NStem	RelConc8_AdvPre_BPre6_NStem	RelConc8_AdvPre_BPre6_NStem	RelConc8_AdvPre_BPre6_NStem
la_ne_ti_ngtsandvwa	PossConc5_AdvPre_BPre8_NStem	RelConc6_AdvPre_BPre8_NStem	PossConc5_AdvPre_BPre8_NStem	PossConc5_AdvPre_NPre10_NStem
.	Punc	Punc	Punc	Punc
le_li_ve	PossConc5_BPre5_NStem	PossConc5_BPre5_NStem	PossConc5_BPre5_NStem	PossConc5_BPre5_NStem
ku_mel_e	SC15_VRoot_VerbTerm	SC15_VRoot_VerbTerm	SC15_VRoot_VerbTerm	SC15_VRoot_VerbTerm
li_hlal_e	SC5_VRoot_VerbTerm	SC5_VRoot_VerbTerm	SC5_VRoot_VerbTerm	SC5_VRoot_VerbTerm
njalo	Adv	Adv	Adv	Adv
le_ta_ma	PossConc5_Fut_NStem	PossConc5_PossConc10_NStem	PossConc5_Fut_NStem	PossConc5_VRoot_VerbTerm
ku_khutsal_a	BPre15_VRoot_VerbTerm	BPre15_VRoot_VerbTerm	BPre15_VRoot_VerbTerm	BPre15_VRoot_VerbTerm
ku_sebent_a	BPre15_VRoot_VerbTerm	BPre15_VRoot_VerbTerm	BPre15_VRoot_VerbTerm	BPre15_VRoot_VerbTerm
loku_phum_elel_is_a_ko	RelConc15_VRoot_IntensExt_CausExt_VerbTerm_RelSuf	RelConc15_VRoot_IntensExt_CausExt_VerbTerm_RelSuf	RelConc15_VRoot_IntensExt_CausExt_VerbTerm_RelSuf	RelConc15_VRoot_CausExt_VerbTerm_RelSuf
e_tin_dlela_ini	LocPre_BPre10_NStem_LocSuf	LocPre_BPre10_NStem_LocSuf	LocPre_BPre10_NStem_LocSuf	LocPre_BPre10_NStem_LocSuf
ta_ku_hlom_is_a	PossConc10_BPre15_VRoot_CausExt_VerbTerm	PossConc10_BPre15_VRoot_CausExt_VerbTerm	PossConc10_BPre15_VRoot_CausExt_VerbTerm	PossConc10_BPre15_VRoot_CausExt_VerbTerm
laba_mnyama	RelConc2_RelStem	RelConc2_RelStem	RelConc2_RelStem	RelConc2_RelStem
ku_te_m_notfo	BPre17_PossConc10_BPre3_NStem	BPre17_PossConc10_BPre3_NStem	BPre17_PossConc10_BPre3_NStem	BPre17_PossConc10_BPre3_NStem
.	Punc	Punc	Punc	Punc
i_mi_mango	NPrePre4_BPre4_NStem	NPrePre4_BPre4_NStem	NPrePre4_BPre4_NStem	NPrePre4_BPre4_NStem
i_phindz_e	SC4_VRoot_VerbTerm	SC9_VRoot_VerbTerm	SC4_VRoot_VerbTerm	BPre9_NStem
i_b_e	SC1_VRoot_VerbTerm	SC1_VRoot_VerbTerm	SC1_VRoot_VerbTerm	SC1_VRoot_VerbTerm
na_n_dzima	AdvPre_BPre9_NStem	AdvPre_BPre9_NStem	AdvPre_BPre9_NStem	AdvPre_BPre9_NStem
loku_mel_e	RelConc15_VRoot_VerbTerm	RelConc15_VRoot_VerbTerm	RelConc15_VRoot_VerbTerm	RelConc15_VRoot_VerbTerm
i_yi_dlal_e	SC4_OC9_VRoot_VerbTerm	SC4_OC4_VRoot_VerbTerm	SC4_OC9_VRoot_VerbTerm	SC4_OC4_VRoot_VerbTerm
e_ku_landz_elel_a_ini	LocPre_BPre15_VRoot_IntensExt_VerbTerm_LocSuf	LocPre_BPre15_VRoot_IntensExt_VerbTerm_LocSuf	LocPre_BPre15_VRoot_IntensExt_VerbTerm_LocSuf	LocPre_BPre15_VRoot_IntensExt_VerbTerm_LocSuf
ku_sebent_a	SC15_VRoot_VerbTerm	BPre15_VRoot_VerbTerm	SC15_VRoot_VerbTerm	BPre15_VRoot_VerbTerm
kwe_lu_hlelo	PossConc15_NPre11_NStem	PossConc15_NPre11_NStem	PossConc15_NPre11_NStem	PossConc15_NPre11_NStem
lwa_masipala	PossConc11_NStem	PossConc11_NStem	PossConc11_NStem	PossConc11_NStem
lwa_ku_sebent_is_a	PossConc11_OC15_VRoot_CausExt_VerbTerm	PossConc11_OC15_VRoot_CausExt_VerbTerm	PossConc11_OC15_VRoot_CausExt_VerbTerm	PossConc11_OC15_VRoot_CausExt_VerbTerm
kanye	Conj	Conj	Conj	Conj
na_ku_bek_a	AdvPre_OC15_VRoot_VerbTerm	AdvPre_OC15_VRoot_VerbTerm	AdvPre_OC15_VRoot_VerbTerm	AdvPre_OC15_VRoot_VerbTerm
e_mgomo-bangai	LocPre_NStem	LocPre_BPre3	LocPre_NStem	LocPre_BPre3_NStem_NStem
a_ku_lingan_is_a	PossConc6_OC15_VRoot_CausExt_VerbTerm	PossConc6_BPre15_VRoot_CausExt_VerbTerm	PossConc6_OC15_VRoot_CausExt_VerbTerm	PossConc6_BPre15_VRoot_CausExt_VerbTerm
ku_sebent_a	BPre15_VRoot_VerbTerm	BPre15_VRoot_VerbTerm	BPre15_VRoot_VerbTerm	BPre15_VRoot_VerbTerm
la_fanel_e	RelConc6_VRoot_VerbTerm	RelConc6_VRoot_VerbTerm	RelConc6_VRoot_VerbTerm	RelConc6_VRoot_VerbTerm
.	Punc	Punc	Punc	Punc
i_CBP	NPrePre4_Abbr	NPrePre9_Abbr	NPrePre4_Abbr	Abbr
i_yi_n_chubo	BPre4_CopPre_BPre9_NStem	BPre9_CopPre_BPre9_NStem	BPre4_CopPre_BPre9_NStem	BPre9_CopPre_NPre9_NStem
ya_ku_esekel_a	PossConc9_OC15_VRoot_VerbTerm	PossConc9_OC15_VRoot_VerbTerm	PossConc9_OC15_VRoot_VerbTerm	PossConc4_OC15_VRoot_VerbTerm
le_sita	RelConc5_NStem	RelConc5_NStem	RelConc5_NStem	RelConc5_NStem
e_ma_komidi	NPrePre6_BPre6_NStem	NPrePre6_BPre6_NStem	NPrePre6_BPre6_NStem	NPrePre6_BPre6_NStem
e_ma_wadi	NPrePre6_BPre6_NStem	NPrePre6_BPre6_NStem	NPrePre6_BPre6_NStem	NPrePre6_BPre6_NStem
e_ku_sit_a_ini	LocPre_BPre15_VRoot_VerbTerm_LocSuf	LocPre_BPre15_VRoot_VerbTerm_LocSuf	LocPre_BPre15_VRoot_VerbTerm_LocSuf	LocPre_BPre15_VRoot_VerbTerm_LocSuf
i_mi_mango	NPrePre4_BPre4_NStem	NPrePre4_BPre4_NStem	NPrePre4_BPre4_NStem	NPrePre4_BPre4_NStem
nga_ku_fak_a	AdvPre_OC15_VRoot_VerbTerm	AdvPre_OC15_VRoot_VerbTerm	AdvPre_OC15_VRoot_VerbTerm	AdvPre_BPre15_VRoot_VerbTerm
li_galelo	BPre5_NStem	BPre5_NStem	BPre5_NStem	BPre5_NStem
ku_le_n_chubo	LocPre_Dem9_Pos1_BPre9_NStem	LocPre_Pos1_BPre9	LocPre_Dem9_Pos1_BPre9_NStem	LocPre_Pos1_BPre9
.	Punc	Punc	Punc	Punc
i_gcugcutel_a	SC9_VRoot_VerbTerm	SC9_VRoot_VerbTerm	SC9_VRoot_VerbTerm	SC9_VRoot_VerbTerm
ku_ti_phendvul_el_a	SC15_OC10_VRoot_ApplExt_VerbTerm	SC15_OC10_VRoot_ApplExt_VerbTerm	SC15_OC10_VRoot_ApplExt_VerbTerm	SC15_OC10_VRoot_ApplExt_VerbTerm
na_ku_ba	AdvPre_BPre15_AuxVStem	AdvPre_BPre15_AuxVStem	AdvPre_BPre15_AuxVStem	AdvPre_BPre15_AuxVStem
selubala	Adv	Adv	Adv	PossConc7_BPre11_NStem
.	Punc	Punc	Punc	Punc
ku_ti_bandzakany_a	BPre15_ReflPre_VRoot_VerbTerm	BPre15_ReflPre_VRoot_VerbTerm	BPre15_ReflPre_VRoot_VerbTerm	BPre15_ReflPre_VRoot_VerbTerm
kwe_m_mango	PossConc15_BPre3_NStem	PossConc15_BPre3_NStem	PossConc15_BPre3_NStem	PossConc15_BPre3_NStem
ku_nga_ba	SC15_Pot_AuxVStem	SC15_Pot_AuxVStem	SC15_Pot_AuxVStem	SC15_Pot_AuxVStem
na_n_zuzo	AdvPre_BPre9_NStem	AdvPre_BPre9_NStem	AdvPre_BPre9_NStem	AdvPre_BPre9_NStem
len_hle	AdjPref9_AdjStem	AdjPref9_AdjStem	AdjPref9_AdjStem	AdjPref9_AdjStem
e_wadi_ini	LocPre_NStem_LocSuf	LocPre_NStem_LocSuf	LocPre_NStem_LocSuf	LocPre_NStem_LocSuf
njengobe	Conj	Conj	Conj	Conj
i_mi_bono	NPrePre4_BPre4_NStem	NPrePre4_BPre4_NStem	NPrePre4_BPre4_NStem	NPrePre4_BPre4_NStem
ya_u_mu_mango	PossConc4_NPrePre3_BPre3_NStem	PossConc9_NPrePre3_BPre3_NStem	PossConc4_NPrePre3_BPre3_NStem	PossConc9_NPrePre3_BPre3_NStem
i_fak_w_a	SC5_VRoot_PassExt_VerbTerm	SC9_VRoot_PassExt_VerbTerm	SC5_VRoot_PassExt_VerbTerm	SC4_VRoot_PassExt_VerbTerm
e_tin_hlelo_ini	LocPre_BPre10_NStem_LocSuf	LocPre_BPre10_NStem_LocSuf	LocPre_BPre10_NStem_LocSuf	LocPre_BPre10_NStem_LocSuf
leti_tfutfuk_is_a_ko	RelConc10_VRoot_CausExt_VerbTerm_RelSuf	RelConc10_VRoot_CausExt_VerbTerm_RelSuf	RelConc10_VRoot_CausExt_VerbTerm_RelSuf	RelConc10_VRoot_CausExt_VerbTerm_RelSuf
na_leti_khul_is_a_ko	AdvPre_RelConc10_VRoot_CausExt_VerbTerm_RelSuf	AdvPre_RelConc10_VRoot_CausExt_VerbTerm_RelSuf	AdvPre_RelConc10_VRoot_CausExt_VerbTerm_RelSuf	AdvPre_PossConc5_BPre15_VRoot_VerbTerm_VerbTerm_RelSuf
.	Punc	Punc	Punc	Punc
ku_cin_is_a	SC15_VRoot_CausExt_VerbTerm	BPre15_VRoot_CausExt_VerbTerm	SC15_VRoot_CausExt_VerbTerm	BPre15_VRoot_CausExt_VerbTerm
lu_hlelo	BPre11_NStem	BPre11_NStem	BPre11_NStem	BPre11_NStem
lwe_te_bulungiswa	PossConc11_PossConc8_NStem	PossConc11_PossConc8_NStem	PossConc11_PossConc8_NStem	PossConc11_PossConc8_BPre14_VRoot_PassExt_VerbTerm
ku_te_u_bu_gebengu	BPre17_PossConc10_BPre14_BPre14_NStem	BPre17_PossConc10_BPre14_BPre14_NStem	BPre17_PossConc10_BPre14_BPre14_NStem	BPre17_PossConc10_BPre14_NStem
.	Punc	Punc	Punc	Punc
loku	Dem15_Pos1		Dem15_Pos1	
ku_dzing_a	SC15_VRoot_VerbTerm	SC15_VRoot_VerbTerm	SC15_VRoot_VerbTerm	SC15_VRoot_VerbTerm
ku_sebent_is_an_a	SC15_VRoot_CausExt_RecipExt_VerbTerm	BPre15_VRoot_CausExt_RecipExt_VerbTerm	SC15_VRoot_CausExt_RecipExt_VerbTerm	BPre15_VRoot_CausExt_RecipExt_VerbTerm
e_m_khatsi_ini	LocPre_BPre3_NStem_LocSuf	LocPre_BPre3_NStem_LocSuf	LocPre_BPre3_NStem_LocSuf	LocPre_BPre3_NStem_LocSuf
wa_wo	PossConc3_PronStem3	PossConc3_PronStem3	PossConc3_PronStem3	PossConc3_PronStem3
o_nkhe	QuantConc6_QuantStem	QuantConc6_QuantStem	QuantConc6_QuantStem	QuantConc6_QuantStem
e_ma_tiko	NPrePre6_BPre6_NStem	NPrePre6_BPre6_NStem	NPrePre6_BPre6_NStem	NPrePre6_BPre6_NStem
ku_te_bu_lungiswa	LocPre_PossConc10_BPre14_NStem	BPre17_PossConc10_BPre14_NStem	LocPre_PossConc10_BPre14_NStem	BPre17_PossConc10_BPre14_NStem
ba_hulumende	BPre2_NStem	BPre2_NStem	BPre2_NStem	BPre2_NStem
,	Punc	Punc	Punc	Punc
e_ma_cembu	NPrePre6_BPre6_NStem	NPrePre6_BPre6_NStem	NPrePre6_BPre6_NStem	NPrePre6_BPre6_NStem
e_te_ku_vimb_el_a	PossConc6_PossConc10_BPre15_VRoot_ApplExt_VerbTerm	LocPre_PossConc10_BPre15_VRoot_ApplExt_VerbTerm	PossConc6_PossConc10_BPre15_VRoot_ApplExt_VerbTerm	LocPre_PossConc10_OC15_VRoot_ApplExt_VerbTerm
bu_gebengu	BPre14_NStem	BPre14_NStem	BPre14_NStem	BPre14_NStem
na_ku_pheph_a	AdvPre_OC15_VRoot_VerbTerm	AdvPre_OC15_VRoot_VerbTerm	AdvPre_OC15_VRoot_VerbTerm	AdvPre_SC15_VRoot_VerbTerm
.	Punc	Punc	Punc	Punc
ti_phakamiso	BPre8_NStem	BPre8_NStem	BPre8_NStem	BPre8_NStem
e_mu_culu_ini	LocPre_BPre3_NStem_LocSuf	LocPre_BPre3_NStem_LocSuf	LocPre_BPre3_NStem_LocSuf	LocPre_NStem_LocSuf
lo_ts_i	RelConc3_VRoot_VerbTerm	RelConc3_VRoot_VerbTerm	RelConc3_VRoot_VerbTerm	RelConc3_VRoot_VerbTerm
ku_bu_yeket_w_a	BPre15_OC14_VRoot_PassExt_VerbTerm	SC15_BPre14_VRoot_PassExt_VerbTerm	BPre15_OC14_VRoot_PassExt_VerbTerm	BPre15_VRoot_PassExt_VerbTerm
kwa_e_inchubo	PossConc15_LocPre_NStem	PossConc15_NPrePre6_NStem	PossConc15_LocPre_NStem	PossConc15_NPrePre9_BPre9_NStem
ye_bulungiswa	PossConc9_NStem	PossConc9_NStem	PossConc9_NStem	PossConc9_BPre14_NStem
b_e_ibugebengu	PossConc14_LocPre_NStem	PossConc2a_LocPre_NStem	PossConc14_LocPre_NStem	PossConc2_BPre14_NStem
ya_s_e_li_Ningizimu	PossConc9_PreLoc-s_LocPre_BPre5_NStem	PossConc9_PreLoc-s_LocPre_BPre5_NStem	PossConc9_PreLoc-s_LocPre_BPre5_NStem	PossConc4_PreLoc-s_LocPre_NStem
Afrika	ProperName	ProperName	ProperName	ProperName
(	Punc	Punc	Punc	Punc
review	Foreign	Foreign	Foreign	RelConc4_VRoot_PassExt_VerbTerm
of	Foreign	Foreign	Foreign	Foreign
the	Foreign	Foreign	Foreign	Foreign
south	Foreign	Foreign	Foreign	Foreign
African	Foreign	ProperName	Foreign	ProperName
criminal	Foreign	Foreign	Foreign	Foreign
justice	Foreign	Foreign	Foreign	Foreign
system	Foreign	Foreign	Foreign	BPre7_NStem
)	Punc	Punc	Punc	Punc
ti_tawu_sit_a	SC10_Fut_VRoot_VerbTerm	SC10_Fut_VRoot_VerbTerm	SC10_Fut_VRoot_VerbTerm	SC10_Fut_VRoot_VerbTerm
ka_khulu	AdvPre_AdjStem	AdvPre_AdjStem	AdvPre_AdjStem	AdvPre_AdjStem
e_ku_lung_is_a_ini	LocPre_BPre15_VRoot_CausExt_VerbTerm_LocSuf	LocPre_BPre15_VRoot_CausExt_VerbTerm_LocSuf	LocPre_BPre15_VRoot_CausExt_VerbTerm_LocSuf	LocPre_BPre15_VRoot_CausExt_VerbTerm_LocSuf
bu_tsakatsaka	BPre14_NStem	BPre14_NStem	BPre14_NStem	BPre14_NStem
be_lu_hlelo	PossConc2_BPre11_NStem	PossConc2_BPre11_NStem	PossConc2_BPre11_NStem	BPre2_BPre11_NStem
lolu_khona	RelConc11_Adv	RelConc11_Adv	RelConc11_Adv	RelConc11_Adv
njenga_nyalo	AdvPre_Adv	AdvPre_Adv	AdvPre_Adv	AdvPre_Adv
.	Punc	Punc	Punc	Punc
i_n_khomba	NPrePre9_BPre9_NStem	NPrePre9_BPre9_NStem	NPrePre9_BPre9_NStem	NPrePre9_BPre9_NStem
nga_yi_nye	AdvPre_OC9_EnumStem	AdvPre_OC9_EnumStem	AdvPre_OC9_EnumStem	AdvPre_OC9_EnumStem
ku_fun_ek_a	SC15_VRoot_NPas_VerbTerm	SC15_VRoot_NPas_VerbTerm	SC15_VRoot_NPas_VerbTerm	SC15_VRoot_NPas_VerbTerm
ku_bik_w_e	SC15_VRoot_PassExt_VerbTerm	SC15_VRoot_PassExt_VerbTerm	SC15_VRoot_PassExt_VerbTerm	SC15_VRoot_PassExt_VerbTerm
nga_yo	AdvPre_PronStem9	AdvPre_PronStem9	AdvPre_PronStem9	AdvPre_PronStem9
ku_le_kholomu	LocPre_Dem9_Pos1_NStem	LocPre_Pos1	LocPre_Dem9_Pos1_NStem	LocPre_Pos1
ya_loku_chub_ek_a_ko	PossConc9_RelConc15_VRoot_NeutExt_VerbTerm_RelSuf	PossConc4_RelConc15_VRoot_NeutExt_VerbTerm_RelSuf	PossConc9_RelConc15_VRoot_NeutExt_VerbTerm_RelSuf	PossConc4_RelConc15_VRoot_NeutExt_VerbTerm_RelSuf
.	Punc	Punc	Punc	Punc
lemi_nye	AdjPref4_AdjStem	AdjPref4_AdjStem	AdjPref4_AdjStem	AdjPref4_AdjStem
i_mi_sebenti	NPrePre4_BPre4_NStem	NPrePre4_BPre4_NStem	NPrePre4_BPre4_NStem	NPrePre4_BPre4_NStem
le_ngaka_hlel_el_w_a	RelConc4_NegPre_VRoot_ApplExt_PassExt_VerbTerm	PossConc5_NegPre_VRoot_ApplExt_PassExt_VerbTerm	RelConc4_NegPre_VRoot_ApplExt_PassExt_VerbTerm	RelConc4_NegPre_ExclNeg_VRoot_PassExt_VerbTerm
ko_dvwa	QuantConc15_QuantStem	QuantConc15_QuantStem	QuantConc15_QuantStem	QuantConc15_QuantStem
i_ent_iw_e	SC4_VRoot_PassExt_VerbTerm	SC4_VRoot_PassExt_VerbTerm	SC4_VRoot_PassExt_VerbTerm	SC4_VRoot_PassExt_VerbTerm
ku_fanel_e	SC15_VRoot_VerbTerm	SC15_VRoot_VerbTerm	SC15_VRoot_VerbTerm	SC15_VRoot_VerbTerm
i_enget_w_e	SC4_VRoot_PassExt_VerbTerm	SC4_VRoot_PassExt_VerbTerm	SC4_VRoot_PassExt_VerbTerm	SC4_VRoot_PassExt_VerbTerm
nga_phansi	AdvPre_Adv	AdvPre_Adv	AdvPre_Adv	AdvPre_Adv
.	Punc	Punc	Punc	Punc
nobe	Conj	Conj	Conj	Conj
ngu_yi_phi	AdvPre_EnumConc9_EnumStem	CopPre_OC4_EnumStem	AdvPre_EnumConc9_EnumStem	CopPre_OC9_EnumStem
i_n_dlela	NPrePre9_BPre9_NStem	NPrePre9_BPre9_NStem	NPrePre9_BPre9_NStem	NPrePre9_BPre9_NStem
le_khets_w_a	RelConc9_VRoot_PassExt_VerbTerm	RelConc4_VRoot_PassExt_VerbTerm	RelConc9_VRoot_PassExt_VerbTerm	RelConc4_VRoot_PassExt_VerbTerm
ngu_masipala	CopPre_NStem	CopPre_NStem	CopPre_NStem	CopPre_NStem
,	Punc	Punc	Punc	Punc
ku_mel_e	SC15_VRoot_VerbTerm	SC15_VRoot_VerbTerm	SC15_VRoot_VerbTerm	SC15_VRoot_VerbTerm
i_hamb_is_an_e	SC9_VRoot_CausExt_RecipExt_VerbTerm	SC9_VRoot_CausExt_RecipExt_VerbTerm	SC9_VRoot_CausExt_RecipExt_VerbTerm	SC9_VRoot_CausExt_RecipExt_VerbTerm
ne_mi_gomo	AdvPre_BPre4_NStem	AdvPre_BPre4_NStem	AdvPre_BPre4_NStem	AdvPre_BPre4_NStem
le_nga_tulu	RelConc4_AdvPre_Adv	RelConc9_Pot_Adv	RelConc4_AdvPre_Adv	PossConc5_AdvPre_NPrePre5_BPre5_NStem
ya_ku_tfutfuk_is_a	PossConc4_OC15_VRoot_CausExt_VerbTerm	PossConc9_OC15_VRoot_CausExt_VerbTerm	PossConc4_OC15_VRoot_CausExt_VerbTerm	PossConc9_OC15_VRoot_CausExt_VerbTerm
si_mo	BPre7_NStem	BPre7_NStem	BPre7_NStem	BPre7_NStem
se_tin_sita	PossConc7_NPre10_NStem	BPre7_NPre10_NStem	PossConc7_NPre10_NStem	BPre7_NPre10_NStem
,	Punc	Punc	Punc	Punc
ku_khul_is_a	BPre15_VRoot_CausExt_VerbTerm	BPre15_VRoot_CausExt_VerbTerm	BPre15_VRoot_CausExt_VerbTerm	BPre15_VRoot_CausExt_VerbTerm
tin_sita	BPre10_NStem	BPre10_NStem	BPre10_NStem	BPre10_NStem
ta_ti_akhamiti	PossConc10_BPre8_NStem	PossConc10_BPre8_NStem	PossConc10_BPre8_NStem	PossConc10_BPre8_NStem
leti_eswel_e	RelConc8_VRoot_VerbTerm	RelConc10_VRoot_VerbTerm	RelConc8_VRoot_VerbTerm	RelConc10_VRoot_VerbTerm
,	Punc	Punc	Punc	Punc
ne_kwe_tful_a	AdvPre_BPre15_VRoot_VerbTerm	AdvPre_BPre15_VRoot_VerbTerm	AdvPre_BPre15_VRoot_VerbTerm	AdvPre_BPre15_VRoot_VerbTerm
tin_sita	BPre10_NStem	BPre10_NStem	BPre10_NStem	BPre10_NStem
nga_tin_dleko	AdvPre_NPre10_NStem	AdvPre_BPre10_NStem	AdvPre_NPre10_NStem	AdvPre_BPre10_NStem
leti_nga_khon_w_a	RelConc8_AdvPre_VRoot_PassExt_VerbTerm	RelConc8_AdvPre_VRoot_PassExt_VerbTerm	RelConc8_AdvPre_VRoot_PassExt_VerbTerm	RelConc8_AdvPre_VRoot_PassExt_VerbTerm
li_nyenti	AdjPref5_AdjStem	AdjPref5_AdjStem	AdjPref5_AdjStem	AdjPref5_AdjStem
.	Punc	Punc	Punc	Punc
si_tawu_buk_a	SC2pp_Fut_VRoot_VerbTerm	BPre7_Fut_VRoot_VerbTerm	SC2pp_Fut_VRoot_VerbTerm	BPre7_Fut_VRoot_VerbTerm
e_ma_MSP	NPrePre6_BPre6_Abbr	NPrePre6_NPre6_Abbr	NPrePre6_BPre6_Abbr	NPrePre6_BPre6_Abbr
emva	Adv	Adv	Adv	Adv
kwa_si_khatsi	PossConc15_BPre7_NStem	PossConc15_BPre7_NStem	PossConc15_BPre7_NStem	PossConc15_BPre7_NStem
,	Punc	Punc	Punc	Punc
ngoba	Conj	Conj	Conj	Conj
ku_na_tin_tfo	BPre15_AdvPre_BPre10_NStem	BPre15_AdvPre_BPre10_NStem	BPre15_AdvPre_BPre10_NStem	BPre15_AdvPre_BPre10_NStem
leti_nengi	AdjPref10_AdjStem	AdjPref10_AdjStem	AdjPref10_AdjStem	AdjPref10_AdjStem
le_ku_mel_e	RelConc10_OC15_VRoot_VerbTerm	RelConc10_OC15_VRoot_VerbTerm	RelConc10_OC15_VRoot_VerbTerm	RelConc10_OC15_VRoot_VerbTerm
masipala	NStem	NStem	NStem	NStem
a_ti_buk_isis_e	SC6_OC10_VRoot_IntensExt_VerbTerm	SC6_ReflPre_VRoot_IntensExt_VerbTerm	SC6_OC10_VRoot_IntensExt_VerbTerm	SC6_ReflPre_VRoot_IntensExt_VerbTerm
ngaphambi	Adv	Adv	Adv	AdvPre_Adv
kwa_ku_khets_a	PossConc15_OC15_VRoot_VerbTerm	PossConc15_OC15_VRoot_VerbTerm	PossConc15_OC15_VRoot_VerbTerm	PossConc15_OC15_VRoot_VerbTerm
yi_nye	CopPre_EnumStem	EnumConc9_EnumStem	CopPre_EnumStem	EnumConc9_EnumStem
ya_leti_n_dlela	PossConc10_Dem10_Pos1_NPre10_NStem	PossConc4_RelConc8_BPre9_NStem	PossConc10_Dem10_Pos1_NPre10_NStem	PossConc9_RelConc8_BPre9_NStem
.	Punc	Punc	Punc	Punc
ku_mcoka	BPre15_NStem	BPre15_NStem	BPre15_NStem	SC15_VRoot_VerbTerm
kwe_tful_a	BPre15_VRoot_VerbTerm	BPre15_VRoot_VerbTerm	BPre15_VRoot_VerbTerm	BPre15_VRoot_VerbTerm
tin_sita	BPre10_NStem	BPre10_NStem	BPre10_NStem	BPre10_NStem
leti_nga_ka_dul_i	RelConc10_NegPre_ExclNeg_VRoot_VerbTerm	RelConc10_NegPre_ExclNeg_VRoot_VerbTerm	RelConc10_NegPre_ExclNeg_VRoot_VerbTerm	RelConc10_NegPre_ExclNeg_VRoot_VerbTerm
,	Punc	Punc	Punc	Punc
kepha	Adv	Conj	Adv	Conj
masipala	NStem	NStem	NStem	NStem
ku_mel_e	SC15_VRoot_VerbTerm	SC15_VRoot_VerbTerm	SC15_VRoot_VerbTerm	SC15_VRoot_VerbTerm
ent_e	VRoot_VerbTerm	VRoot_VerbTerm	VRoot_VerbTerm	VRoot_VerbTerm
njalo	Adv	Adv	Adv	Adv
nga_phandle	AdvPre_Adv	AdvPre_Adv	AdvPre_Adv	AdvPre_Adv
kwa_ku_ti_fak_a	PossConc15_OC15_ReflPre_VRoot_VerbTerm	PossConc15_BPre15_SC8_VRoot_VerbTerm	PossConc15_OC15_ReflPre_VRoot_VerbTerm	PossConc15_BPre15_SC8_VRoot_VerbTerm
e_in_kinga_ini	LocPre_NPre9_NStem_LocSuf	LocPre_BPre9_NStem_LocSuf	LocPre_NPre9_NStem_LocSuf	LocPre_BPre9_NStem_LocSuf
a_nga_sa_khon_i	SC1a_NegPre_Pro_VRoot_VerbTerm	SC6_NegPre_ProgPre_VRoot_VerbTerm	SC1a_NegPre_Pro_VRoot_VerbTerm	SC6_NegPre_OC7_VRoot_VerbTerm
ku_sebent_a	BPre15_VRoot_VerbTerm	BPre15_VRoot_VerbTerm	BPre15_VRoot_VerbTerm	BPre15_VRoot_VerbTerm
na_ku_nak_ekel_a	AdvPre_OC15_VRoot_NeutExt_VerbTerm	AdvPre_OC15_VRoot_NeutExt_VerbTerm	AdvPre_OC15_VRoot_NeutExt_VerbTerm	AdvPre_OC15_VRoot_VerbTerm
tin_sita	BPre10_NStem	BPre10_NStem	BPre10_NStem	BPre10_NStem
leti_khona	RelConc10_Adv	RelConc10_Adv	RelConc10_Adv	RelConc10_Adv
.	Punc	Punc	Punc	Punc
ba_bambi	BPre2_NStem	BPre2_NStem	BPre2_NStem	BPre2_NStem
li_chaza	BPre5_NStem	BPre5_NStem	BPre5_NStem	BPre5_NStem
ba_cedz_el_a	SC2_VRoot_ApplExt_VerbTerm	SC2_VRoot_ApplExt_VerbTerm	SC2_VRoot_ApplExt_VerbTerm	SC2_VRoot_ApplExt_VerbTerm
ti_bonelo	BPre8_NStem	BPre8_NStem	BPre8_NStem	BPre8_NStem
leti_nge_ntasi	RelConc8_AdvPre_Adv	RelConc10_NegPre_Adv	RelConc8_AdvPre_Adv	RelConc8_NegPre_VRoot_VerbTerm
kutsi	Conj	Conj	Conj	Conj
i_KPI	NPre9_Abbr	NPre9_Abbr	NPre9_Abbr	SC9_NStem
i_fez_a	SC9_VRoot_VerbTerm	SC9_VRoot_VerbTerm	SC9_VRoot_VerbTerm	SC9_VRoot_VerbTerm
njani	Adv	Adv	Adv	Adv
ti_dzingo	BPre8_NStem	BPre8_NStem	BPre8_NStem	BPre8_NStem
te_m_tsetfo	PossConc8_BPre3_NStem	PossConc10_BPre3_NStem	PossConc8_BPre3_NStem	PossConc10_BPre3_NStem
.	Punc	Punc	Punc	Punc
sebent_is_a	VRoot_CausExt_VerbTerm	VRoot_CausExt_VerbTerm	VRoot_CausExt_VerbTerm	VRoot_CausExt_VerbTerm
i_mi_gca	NPrePre4_BPre4_NStem	NPrePre4_BPre4_NStem	NPrePre4_BPre4_NStem	NPrePre4_BPre4_NStem
ye_ku_cala	PossConc4_SC15_NStem	PossConc9_BPre15_NStem	PossConc4_SC15_NStem	PossConc9_BPre15_NStem
njenge_si_bobelo	AdvPre_NPre7_NStem	AdvPre_NPre7_NStem	AdvPre_NPre7_NStem	AdvPre_BPre7_NStem
,	Punc	Punc	Punc	Punc
bese	Conj	Conj	Conj	Conj
e_ma_cembu	NPrePre6_BPre6_NStem	NPrePre6_BPre6_NStem	NPrePre6_BPre6_NStem	NPrePre6_BPre6_NStem
a_cedz_el_a	SC6_VRoot_ApplExt_VerbTerm	SC6_VRoot_ApplExt_VerbTerm	SC6_VRoot_ApplExt_VerbTerm	SC6_VRoot_ApplExt_VerbTerm
li_thebula	BPre5_NStem	BPre5_NStem	BPre5_NStem	BPre5_NStem
.	Punc	Punc	Punc	Punc
u_mlandvo	NPrePre1a_NStem	NPrePre1a_NStem	NPrePre1a_NStem	NPrePre1a_NStem
wa_i_li_Ningizimu	PossConc3_NPrePre5_BPre5_NStem	PossConc3_NPrePre5_BPre5_NStem	PossConc3_NPrePre5_BPre5_NStem	PossConc3_NPrePre5_BPre5_NStem
Afrika	ProperName	ProperName	ProperName	ProperName
kanye	Adv	Conj	Adv	Adv
na_lu_ati	AdvPre_BPre11_NStem	AdvPre_BPre11_NStem	AdvPre_BPre11_NStem	AdvPre_BPre11_NStem
lwa_la_manye	PossConc11_Dem1_Pos1_NStem	PossConc11_RelConc6_NStem	PossConc11_Dem1_Pos1_NStem	PossConc11_AdjPref6_AdjStem
e_ma_ve	LocPre_BPre6_NStem	LocPre_BPre6_NStem	LocPre_BPre6_NStem	LocPre_BPre6_NStem
ku_khomb_is_a	SC15_VRoot_CausExt_VerbTerm	BPre15_VRoot_CausExt_VerbTerm	SC15_VRoot_CausExt_VerbTerm	BPre15_VRoot_CausExt_VerbTerm
ku_tsi	BPre15_NStem	SC15_AuxVStem	BPre15_NStem	Conj
lu_bumbano	BPre11_NStem	BPre11_NStem	BPre11_NStem	BPre11_NStem
ne_ku_hlangan_a	AdvPre_SC15_VRoot_VerbTerm	AdvPre_SC15_VRoot_VerbTerm	AdvPre_SC15_VRoot_VerbTerm	AdvPre_BPre15_VRoot_VerbTerm
ku_ten_hlalo	BPre17_BPre10_NStem	BPre17_BPre10_NStem	BPre17_BPre10_NStem	BPre17_BPre10_NStem
ku_ya_dzing_ek_a	BPre15_Pres_VRoot_NPas_VerbTerm	BPre15_Pres_VRoot_NPas_VerbTerm	BPre15_Pres_VRoot_NPas_VerbTerm	BPre15_Pres_VRoot_NPas_VerbTerm
kute	Conj	Conj	Conj	Conj
ku_hlangabet_w_an_e	SC15_VRoot_PassExt_RecipExt_VerbTerm	SC15_VRoot_PassExt_RecipExt_VerbTerm	SC15_VRoot_PassExt_RecipExt_VerbTerm	SC15_VRoot_PassExt_RecipExt_VerbTerm
na_tin_jongo	AdvPre_BPre10_NStem	AdvPre_BPre10_NStem	AdvPre_BPre10_NStem	AdvPre_BPre10_NStem
ta_ten_hlalo	PossConc8_BPre10_NStem	PossConc8_BPre10_NStem	PossConc8_BPre10_NStem	PossConc10_PossConc10_NPre9_NStem
na_te_m_notfo	AdvPre_PossConc8_BPre3_NStem	AdvPre_PossConc8_BPre3_NStem	AdvPre_PossConc8_BPre3_NStem	AdvPre_PossConc10_BPre3_NStem
.	Punc	Punc	Punc	Punc
sandvulelo	NStem	NStem	NStem	BPre7_NStem
se_mu_tsetfosisekelo	PossConc7_BPre3_NStem	PossConc7_BPre3_NStem	PossConc7_BPre3_NStem	PossConc7_BPre3_NStem
si_lets_a	SC7_VRoot_VerbTerm	SC7_VRoot_VerbTerm	SC7_VRoot_VerbTerm	SC7_VRoot_VerbTerm
loku_lingan_is_a	RelConc15_VRoot_CausExt_VerbTerm	RelConc15_VRoot_CausExt_VerbTerm	RelConc15_VRoot_CausExt_VerbTerm	RelConc15_VRoot_CausExt_VerbTerm
kancono	NStem	NStem	NStem	AdvPre_NStem
.	Punc	Punc	Punc	Punc
sivuma	NStem	NStem	NStem	SC1pp_VRoot_VerbTerm
si_bopho	BPre7_NStem	BPre7_NStem	BPre7_NStem	BPre7_NStem
s_e_i_mbuso	PossConc7_LocPre_NPrePre4_NStem	PossConc7_LocPre_NPre9_NStem	PossConc7_LocPre_NPrePre4_NStem	PossConc7_BPre3_NStem
se_ku_cedz_a	PossConc7_BPre15_VRoot_VerbTerm	PossConc7_OC15_VRoot_VerbTerm	PossConc7_BPre15_VRoot_VerbTerm	PossConc7_OC15_VRoot_VerbTerm
i_mi_tselela	NPrePre4_BPre4_NStem	NPrePre4_BPre4_NStem	NPrePre4_BPre4_NStem	NPrePre4_BPre4_NStem
ye_e_lu_bandlululo	PossConc4_LocPre_BPre14_NStem	PossConc9_LocPre_BPre11_NStem	PossConc4_LocPre_BPre14_NStem	PossConc9_NPre11_NStem
,	Punc	Punc	Punc	Punc
esi_mo_ini	RelConc7_NStem_LocSuf	RelConc7_NStem_LocSuf	RelConc7_NStem_LocSuf	RelConc7_NStem_LocSuf
lapho	Conj	Conj	Conj	Conj
bo_nkhe	QuantConc2_QuantStem	QuantConc2_QuantStem	QuantConc2_QuantStem	QuantConc2_QuantStem
ba_hlali	BPre2_NStem	BPre2_NStem	BPre2_NStem	BPre2_NStem
ba_tawu_ti_(i)v_a	SC2_Fut_ReflPre_VRoot_VerbTerm	SC2_Fut_ReflPre_VRoot_VerbTerm	SC2_Fut_ReflPre_VRoot_VerbTerm	SC2_Fut_ReflPre_VRoot_VerbTerm
khona	Conj	Adv	Conj	Adv
ba_yi_ncenye	BPre2_CopPre_NStem	BPre2_CopPre_NStem	BPre2_CopPre_NStem	BPre2_CopPre_NStem
ya_leli_ve	PossConc4_RelConc5_NStem	PossConc9_RelConc5_NStem	PossConc4_RelConc5_NStem	PossConc9_RelConc5_NStem
kanye	Adv	Conj	Adv	Adv
na_tin_hlelo	AdvPre_BPre10_NStem	AdvPre_BPre10_NStem	AdvPre_BPre10_NStem	AdvPre_BPre10_NStem
talo	NStem	NStem	NStem	PossConc10_PronStem5
.	Punc	Punc	Punc	Punc
e_ma_komidi	NPrePre6_BPre6_NStem	NPrePre6_BPre6_NStem	NPrePre6_BPre6_NStem	NPrePre6_BPre6_NStem
a_li_wadi	PossConc6_BPre5_NStem	PossConc6_BPre5_NStem	PossConc6_BPre5_NStem	PossConc6_BPre5_NStem
a_dzing_a	SC6_VRoot_VerbTerm	SC6_VRoot_VerbTerm	SC6_VRoot_VerbTerm	SC6_VRoot_VerbTerm
ku_tfutfuk_is_a	BPre15_VRoot_CausExt_VerbTerm	BPre15_VRoot_CausExt_VerbTerm	BPre15_VRoot_CausExt_VerbTerm	BPre15_VRoot_CausExt_VerbTerm
na_ku_sebent_is_a	AdvPre_OC15_VRoot_CausExt_VerbTerm	AdvPre_OC15_VRoot_CausExt_VerbTerm	AdvPre_OC15_VRoot_CausExt_VerbTerm	AdvPre_OC15_VRoot_CausExt_VerbTerm
tin_chubo	BPre10_NStem	NPre10_NStem	BPre10_NStem	NPre10_NStem
leti_tawu_elekel_el_a	RelConc10_Fut_VRoot_ApplExt_VerbTerm	RelConc10_Fut_VRoot_ApplExt_VerbTerm	RelConc10_Fut_VRoot_ApplExt_VerbTerm	RelConc10_Fut_VRoot_VerbTerm
e_ku_hamb_is_a_ini	LocPre_BPre15_VRoot_CausExt_VerbTerm_LocSuf	LocPre_BPre15_VRoot_CausExt_VerbTerm_LocSuf	LocPre_BPre15_VRoot_CausExt_VerbTerm_LocSuf	LocPre_BPre15_VRoot_CausExt_VerbTerm_LocSuf
lu_ati	BPre11_NStem	BPre11_NStem	BPre11_NStem	BPre11_NStem
lolu_fan_el_e	RelConc11_VRoot_ApplExt_VerbTerm	RelConc11_VRoot_ApplExt_VerbTerm	RelConc11_VRoot_ApplExt_VerbTerm	RelConc11_VRoot_ApplExt_VerbTerm
ku_suk_a	BPre15_VRoot_VerbTerm	BPre15_VRoot_VerbTerm	BPre15_VRoot_VerbTerm	BPre15_VRoot_VerbTerm
e_u_mu_mango_ini	LocPre_NPrePre3_BPre3_NStem_LocSuf	LocPre_NPrePre3_BPre3_NStem_LocSuf	LocPre_NPrePre3_BPre3_NStem_LocSuf	LocPre_NPrePre3_BPre3_NStem_LocSuf
ku_y_a	BPre15_VRoot_VerbTerm	BPre15_VRoot_VerbTerm	BPre15_VRoot_VerbTerm	BPre15_VRoot_VerbTerm
ku_mu_khandlu	LocPre_BPre3_NStem	LocPre_BPre3_NStem	LocPre_BPre3_NStem	LocPre_BPre3_NStem
na_ku_suk_a	AdvPre_OC15_VRoot_VerbTerm	AdvPre_OC15_VRoot_VerbTerm	AdvPre_OC15_VRoot_VerbTerm	AdvPre_OC15_VRoot_VerbTerm
ku_mu_khandlu	LocPre_BPre3_NStem	LocPre_BPre3_NStem	LocPre_BPre3_NStem	LocPre_BPre3_NStem
ku_y_a	SC15_VRoot_VerbTerm	BPre15_VRoot_VerbTerm	SC15_VRoot_VerbTerm	BPre15_VRoot_VerbTerm
e_u_mu_mango_ini	LocPre_NPrePre3_BPre3_NStem_LocSuf	LocPre_NPrePre3_BPre3_NStem_LocSuf	LocPre_NPrePre3_BPre3_NStem_LocSuf	LocPre_NPrePre3_BPre3_NStem_LocSuf
.	Punc	Punc	Punc	Punc
tin_chubo	NPre10_NStem	NPre10_NStem	NPre10_NStem	NPre10_NStem
ku_mel_e	SC15_VRoot_VerbTerm	SC15_VRoot_VerbTerm	SC15_VRoot_VerbTerm	SC15_VRoot_VerbTerm
ti_buk_e	SC10_VRoot_VerbTerm	SC10_VRoot_VerbTerm	SC10_VRoot_VerbTerm	OC10_VRoot_VerbTerm
to_nkhe	QuantConc10_QuantStem	QuantConc10_QuantStem	QuantConc10_QuantStem	QuantConc10_QuantStem
tin_hlelo	BPre10_NStem	BPre10_NStem	BPre10_NStem	BPre10_NStem
ta_masipala	PossConc10_NStem	PossConc10_NStem	PossConc10_NStem	PossConc8_NStem
ne_mi_klamo	AdvPre_BPre4_NStem	AdvPre_BPre4_NStem	AdvPre_BPre4_NStem	AdvPre_BPre4_NStem
,	Punc	Punc	Punc	Punc
ti_bon_e	SC10_VRoot_VerbTerm	SC10_VRoot_VerbTerm	SC10_VRoot_VerbTerm	SC10_VRoot_VerbTerm
kutsi	Conj	Conj	Conj	Conj
ngu_ku_phi	CopPre_BPre15_EnumStem	CopPre_BPre15_Interrog	CopPre_BPre15_EnumStem	CopPre_BPre15_EnumStem
ne_kutsi	AdvPre_Conj	AdvPre_Conj	AdvPre_Conj	AdvPre_Conj
ku_nga_ent_ek_a	SC15_Pot_VRoot_NPas_VerbTerm	SC15_Pot_VRoot_NPas_VerbTerm	SC15_Pot_VRoot_NPas_VerbTerm	SC15_Pot_VRoot_NPas_VerbTerm
njani	Adv	Adv	Adv	Adv
kutsi	Conj	Conj	Conj	Conj
ku_chum_an_a	BPre15_VRoot_RecipExt_VerbTerm	BPre15_VRoot_RecipExt_VerbTerm	BPre15_VRoot_RecipExt_VerbTerm	BPre15_VRoot_RecipExt_VerbTerm
loku_khutsat_a	RelConc15_VRoot_VerbTerm	RelConc15_VRoot_VerbTerm	RelConc15_VRoot_VerbTerm	RelConc15_VRoot_VerbTerm
ku_ti_bandzakany_a	BPre15_ReflPre_VRoot_VerbTerm	BPre15_ReflPre_VRoot_VerbTerm	BPre15_ReflPre_VRoot_VerbTerm	BPre15_ReflPre_VRoot_VerbTerm
kwe_m_mango	PossConc15_BPre3_NStem	PossConc15_BPre3_NStem	PossConc15_BPre3_NStem	PossConc15_BPre3_NStem
ku_ent_ek_e	SC15_VRoot_NeutExt_VerbTerm	SC15_VRoot_NeutExt_VerbTerm	SC15_VRoot_NeutExt_VerbTerm	SC15_VRoot_NeutExt_VerbTerm
.	Punc	Punc	Punc	Punc
ku_niket_a	BPre15_VRoot_VerbTerm	BPre15_VRoot_VerbTerm	BPre15_VRoot_VerbTerm	BPre15_VRoot_VerbTerm
tin_hlangano	BPre10_NStem	BPre10_NStem	BPre10_NStem	BPre10_NStem
ta_u_mu_mango	PossConc8_NPrePre3_BPre3_NStem	PossConc8_NPrePre3_BPre3_NStem	PossConc8_NPrePre3_BPre3_NStem	PossConc8_NPrePre3_BPre3_NStem
li_tfuba	BPre5_NStem	BPre5_NStem	BPre5_NStem	BPre5_NStem
leku_ngen_a	RelConc15_VRoot_VerbTerm	RelConc15_VRoot_VerbTerm	RelConc15_VRoot_VerbTerm	RelConc15_VRoot_VerbTerm
e_bu_dlelwane_ini	LocPre_BPre14_NStem_LocSuf	LocPre_BPre14_NStem_LocSuf	LocPre_BPre14_NStem_LocSuf	LocPre_BPre14_NStem_LocSuf
na_ku_tin_kontileka	AdvPre_BPre15_BPre10_NStem	AdvPre_BPre15_NPre10_NStem	AdvPre_BPre15_BPre10_NStem	AdvPre_BPre15_NPre10_NStem
na_hulumende	AdvPre_NStem	AdvPre_NStem	AdvPre_NStem	AdvPre_NStem
wa_s_e_khaya	PossConc3_PreLoc-s_LocPre_NStem	PossConc3_PreLoc-s_LocPre_NStem	PossConc3_PreLoc-s_LocPre_NStem	PossConc1a_PreLoc-s_LocPre_NStem
kute	Conj	Conj	Conj	Conj
ku_tfol_w_e	SC15_VRoot_PassExt_VerbTerm	SC15_VRoot_PassExt_VerbTerm	SC15_VRoot_PassExt_VerbTerm	SC15_VRoot_PassExt_VerbTerm
leti_nye	AdjPref10_AdjStem	AdjPref10_AdjStem	AdjPref10_AdjStem	AdjPref10_AdjStem
tin_sita	BPre10_NStem	BPre10_NStem	BPre10_NStem	BPre10_NStem
le_te_enget_ek_ile	PossConc5_Past_VRoot_VerbExt_Perf	PossConc5_PossConc8_VRoot_NeutExt_Perf	PossConc5_Past_VRoot_VerbExt_Perf	RelConc10_VRoot_NeutExt_Perf
.	Punc	Punc	Punc	Punc
e_ma_chinga	NPrePre6_BPre6_NStem	NPrePre6_BPre6_NStem	NPrePre6_BPre6_NStem	NPrePre6_BPre6_NStem
nga_e_ma_su	AdvPre_NPrePre6_BPre6_NStem	AdvPre_NPrePre6_BPre6_NStem	AdvPre_NPrePre6_BPre6_NStem	AdvPre_NPrePre6_BPre6_NStem
loku_mel_e	RelConc15_VRoot_VerbTerm	RelConc15_VRoot_VerbTerm	RelConc15_VRoot_VerbTerm	RelConc15_VRoot_VerbTerm
a_chub_w_e	SC6_VRoot_PassExt_VerbTerm	SC6_VRoot_PassExt_VerbTerm	SC6_VRoot_PassExt_VerbTerm	SC6_VRoot_PassExt_VerbTerm
khona	Conj	Adv	Conj	Adv
ku_tawu_zuzwa	BPre17_Fut_NStem	BPre17_Fut_NStem	BPre17_Fut_NStem	SC15_Fut_VRoot_PassExt_VerbTerm
u_mu_gomo	NPrePre3_BPre3_NStem	NPrePre3_BPre3_NStem	NPrePre3_BPre3_NStem	NPrePre3_BPre3_NStem
.	Punc	Punc	Punc	Punc
ku_m_sebenti	LocPre_BPre3_NStem	LocPre_BPre3_NStem	LocPre_BPre3_NStem	LocPre_NPrePre3_BPre3_NStem
lo_landzel_a_ko	RelConc3_VRoot_VerbTerm_LocSuf	RelConc3_VRoot_VerbTerm_RelSuf	RelConc3_VRoot_VerbTerm_LocSuf	RelConc3_VRoot_VerbTerm_RelSuf
e_ma_chinga	NPrePre6_BPre6_NStem	NPrePre6_BPre6_NStem	NPrePre6_BPre6_NStem	NPrePre6_BPre6_NStem
a_phawul_el_w_a	SC6_VRoot_ApplExt_PassExt_VerbTerm	SC6_VRoot_ApplExt_PassExt_VerbTerm	SC6_VRoot_ApplExt_PassExt_VerbTerm	SC6_VRoot_PassExt_VerbTerm
ku_akh_el_a	BPre15_VRoot_ApplExt_VerbTerm	BPre15_VRoot_ApplExt_VerbTerm	BPre15_VRoot_ApplExt_VerbTerm	BPre15_VRoot_ApplExt_VerbTerm
ku_wo	LocPre_PronStem6	LocPre_PronStem6	LocPre_PronStem6	LocPre_PronStem6
e_ma_ndla	NPrePre6_BPre6_NStem	NPrePre6_BPre6_NStem	NPrePre6_BPre6_NStem	NPrePre6_BPre6_NStem
kanye	Adv	Adv	Adv	Conj
ne_ku_ncob_a	AdvPre_BPre15_VRoot_VerbTerm	AdvPre_SC15_VRoot_VerbTerm	AdvPre_BPre15_VRoot_VerbTerm	AdvPre_OC15_VRoot_VerbTerm
bu_tsakatsaka	BPre14_NStem	BPre14_NStem	BPre14_NStem	BPre14_NStem
.	Punc	Punc	Punc	Punc
u_mu_sebenti	NPrePre3_BPre3_NStem	NPrePre3_BPre3_NStem	NPrePre3_BPre3_NStem	NPrePre3_BPre3_NStem
lo_landzel_a_ko	RelConc3_VRoot_VerbTerm_LocSuf	RelConc3_VRoot_VerbTerm_RelSuf	RelConc3_VRoot_VerbTerm_LocSuf	RelConc3_VRoot_VerbTerm_RelSuf
u_tsatsa	BPre3_NStem	BPre1_NStem	BPre3_NStem	SC1_VRoot_VerbTerm
lesi_nyatselo	PossConc7_NStem	PossConc7_NStem	PossConc7_NStem	PossConc7_NStem
u_siyise	NPrePre1a_NStem	NPrePre1a_NStem	NPrePre1a_NStem	SC2ps_VRoot_CausExt_VerbTerm
embili	Adv	Adv	Adv	LocPre_BPre3_NStem
nge_ku_phawul_a	AdvPre_BPre15_VRoot_VerbTerm	AdvPre_BPre15_VRoot_VerbTerm	AdvPre_BPre15_VRoot_VerbTerm	AdvPre_BPre15_VRoot_VerbTerm
i_mi_klamo	NPrePre4_BPre4_NStem	NPrePre4_BPre4_NStem	NPrePre4_BPre4_NStem	NPrePre4_BPre4_NStem
na_mi_sebenti	AdvPre_BPre4_NStem	AdvPre_BPre4_NStem	AdvPre_BPre4_NStem	AdvPre_BPre4_NStem
le_dzing_a	RelConc9_VRoot_VerbTerm	RelConc9_VRoot_VerbTerm	RelConc9_VRoot_VerbTerm	RelConc9_VRoot_VerbTerm
ku_sukuny_is_w_a	SC15_VRoot_CausExt_PassExt_VerbTerm	BPre15_VRoot_CausExt_PassExt_VerbTerm	SC15_VRoot_CausExt_PassExt_VerbTerm	BPre15_VRoot_CausExt_PassExt_VerbTerm
khona	Conj	Adv	Conj	Adv
ku_tawu_buk_an_w_a	SC15_Fut_VRoot_RecipExt_PassExt_VerbTerm	SC15_Fut_VRoot_RecipExt_PassExt_VerbTerm	SC15_Fut_VRoot_RecipExt_PassExt_VerbTerm	SC15_Fut_VRoot_RecipExt_PassExt_VerbTerm
na_lelo	AdvPre_Dem5_Pos2	AdvPre	AdvPre_Dem5_Pos2	AdvPre
na_lelo	AdvPre_Dem5_Pos2	AdvPre	AdvPre_Dem5_Pos2	AdvPre
na_lelo	AdvPre_Dem5_Pos2	AdvPre	AdvPre_Dem5_Pos2	AdvPre
li_su	BPre5_NStem	BPre5_NStem	BPre5_NStem	BPre5_NStem
.	Punc	Punc	Punc	Punc
khumbut_a	VRoot_VerbTerm	VRoot_VerbTerm	VRoot_VerbTerm	VRoot_VerbTerm
ba_bambilichaza	BPre2_NStem	NPre2_NStem	BPre2_NStem	NPre2_NStem
kutsi	Conj	Conj	Conj	Conj
e_ma_cophelo	NPrePre6_BPre6_NStem	NPrePre6_BPre6_NStem	NPrePre6_BPre6_NStem	NPrePre6_BPre6_NStem
e_tin_sita	LocPre_NPre10_NStem	LocPre_NPre10_NStem	LocPre_NPre10_NStem	LocPre_NPre10_NStem
a_t_is_a	SC6_VRoot_CausExt_VerbTerm	SC6_VRoot_CausExt_VerbTerm	SC6_VRoot_CausExt_VerbTerm	SC6_VRoot_CausExt_VerbTerm
ti_akhamiti	BPre8_NStem	BPre8_NStem	BPre8_NStem	BPre8_NStem
,	Punc	Punc	Punc	Punc
kutsi	Conj	Conj	Conj	Conj
yini	Interrog	Interrog	Interrog	Interrog
tin_sita	BPre10_NStem	BPre10_NStem	BPre10_NStem	BPre10_NStem
laba_nga_ti_gadz_a	RelConc2_Pot_OC10_VRoot_VerbTerm	RelConc2_Pot_OC10_VRoot_VerbTerm	RelConc2_Pot_OC10_VRoot_VerbTerm	RelConc2_Pot_OC10_VRoot_VerbTerm
.	Punc	Punc	Punc	Punc
ba_khomb_is_e	SC2_VRoot_CausExt_VerbTerm	SC2_VRoot_CausExt_VerbTerm	SC2_VRoot_CausExt_VerbTerm	SC2_VRoot_CausExt_VerbTerm
si_hluko	BPre7_NStem	BPre7_NStem	BPre7_NStem	BPre7_NStem
5	Num	Num	Num	Num
,	Punc	Punc	Punc	Punc
sa_in_cwadi_ana	PossConc7_NPre9_NStem_DimSuf	PossConc7_NPre9_NStem_DimSuf	PossConc7_NPre9_NStem_DimSuf	NegPre_NStem
ya_Batho	PossConc9_ProperName	PossConc9_ProperName	PossConc9_ProperName	PossConc9_NStem
Pele	ProperName	ProperName	ProperName	NStem
ku_tfol_a	BPre15_VRoot_VerbTerm	BPre15_VRoot_VerbTerm	BPre15_VRoot_VerbTerm	BPre15_VRoot_VerbTerm
lu_ati	BPre11_NStem	BPre11_NStem	BPre11_NStem	BPre11_NStem
lolu_enget_iw_e	RelConc11_VRoot_PassExt_VerbTerm	RelConc11_VRoot_PassExt_VerbTerm	RelConc11_VRoot_PassExt_VerbTerm	RelConc11_VRoot_PassExt_VerbTerm
.	Punc	Punc	Punc	Punc
u_mu_tsetfo	NPrePre3_BPre3_NStem	NPrePre3_BPre3_NStem	NPrePre3_BPre3_NStem	NPrePre3_BPre3_NStem
wa_hulumende	PossConc3_NStem	PossConc3_NStem	PossConc3_NStem	PossConc1_NStem
wa_s_e_khaya	PossConc3_PreLoc-s_LocPre_NStem	PossConc1a_PreLoc-s_LocPre_NStem	PossConc3_PreLoc-s_LocPre_NStem	PossConc1a_PreLoc-s_LocPre_NStem
lo_hlelek_ile	RelConc3_VRoot_Perf	RelConc3_VRoot_Perf	RelConc3_VRoot_Perf	RelConc3_VRoot_NeutExt_Perf
,	Punc	Punc	Punc	Punc
1997	Num	Num	Num	Num
u_niket_a	SC3_VRoot_VerbTerm	SC3_VRoot_VerbTerm	SC3_VRoot_VerbTerm	SC3_VRoot_VerbTerm
ku_nak_a	NPre15_VRoot_VerbTerm	BPre15_VRoot_VerbTerm	NPre15_VRoot_VerbTerm	BPre15_VRoot_VerbTerm
yi_nye	EnumConc9_EnumStem	EnumConc9_EnumStem	EnumConc9_EnumStem	EnumConc9_EnumStem
i_n_hlangano	NPrePre9_BPre9_NStem	NPrePre9_BPre9_NStem	NPrePre9_BPre9_NStem	NPrePre9_BPre9_NStem
ye_li_velonkhe	PossConc9_NPre5_NStem	PossConc5_NPre5_NStem	PossConc9_NPre5_NStem	PossConc9_BPre5_NStem
le_mel_e	PossConc5_VRoot_VerbTerm	PossConc5_VRoot_VerbTerm	PossConc5_VRoot_VerbTerm	PossConc5_VRoot_VerbTerm
li_nyenti	BPre5_AdjStem	AdjPref5_AdjStem	BPre5_AdjStem	AdjPref5_AdjStem
la_bo_masipala	PossConc5_BPre2a_NStem	PossConc5_BPre2a_NStem	PossConc5_BPre2a_NStem	PossConc5_BPre2a_NStem
ba_si_nye	PossConc2a_SC7_EnumStem	PossConc2_BPre7_EnumStem	PossConc2a_SC7_EnumStem	PossConc2_OC7_EnumStem
nga_si_nye	AdvPre_OC7_EnumStem	AdvPre_OC7_EnumStem	AdvPre_OC7_EnumStem	AdvPre_OC7_EnumStem
si_fundza	BPre7_NStem	BPre7_NStem	BPre7_NStem	SC1_VRoot_VerbTerm
.	Punc	Punc	Punc	Punc
i_n_hlangano	NPrePre9_BPre9_NStem	NPrePre9_BPre9_NStem	NPrePre9_BPre9_NStem	NPrePre9_BPre9_NStem
ya_hulumende	PossConc9_NStem	PossConc4_NStem	PossConc9_NStem	PossConc4_NStem
wa_s_e_khaya	PossConc3_PreLoc-s_LocPre_NStem	PossConc1a_PreLoc-s_LocPre_NStem	PossConc3_PreLoc-s_LocPre_NStem	PossConc3_PreLoc-s_LocPre_NStem
wa_s_e_Ningizimu	PossConc3_PreLoc-s_LocPre_NStem	PossConc3_PreLoc-s_LocPre_NStem	PossConc3_PreLoc-s_LocPre_NStem	PossConc3_PreLoc-s_LocPre_NStem
Afrika	ProperName	ProperName	ProperName	ProperName
(	Punc	Punc	Punc	Punc
SALGA	Abbr	Abbr	Abbr	PossConc7_NStem
)	Punc	Punc	Punc	Punc
si_akhiwo	BPre7_NStem	NPre7_NStem	BPre7_NStem	NPre7_NStem
lesi_s_e_m_tsetfo_eni	RelConc7_PreLoc-s_LocPre_BPre3_NStem_RelSuf	RelConc7_PreLoc-s_LocPre_BPre3_NStem_LocSuf	RelConc7_PreLoc-s_LocPre_BPre3_NStem_RelSuf	RelConc7_PreLoc-s_LocPre_BPre3_NStem_LocSuf
sa_hulumende	PossConc7_NStem	PossConc7_NStem	PossConc7_NStem	PossConc7_NStem
wa_s_e_khaya	PossConc1a_PreLoc-s_LocPre_NStem	PossConc1a_PreLoc-s_LocPre_NStem	PossConc1a_PreLoc-s_LocPre_NStem	PossConc1a_PreLoc-s_LocPre_NStem
.	Punc	Punc	Punc	Punc
SALGA	Abbr	Abbr	Abbr	PossConc7_NStem
u_mel_el_a	SC1_VRoot_ApplExt_VerbTerm	SC1a_VRoot_ApplExt_VerbTerm	SC1_VRoot_ApplExt_VerbTerm	SC3_VRoot_ApplExt_VerbTerm
ti_khalo	BPre8_NStem	BPre8_NStem	BPre8_NStem	BPre8_NStem
te_ma_lunga	PossConc8_BPre6_NStem	PossConc8_BPre6_NStem	PossConc8_BPre6_NStem	PossConc8_NPrePre6_BPre6_NStem
a_khe	PossConc6_PronStem1	PossConc6_PronStem17	PossConc6_PronStem1	PossConc6_PronStem1
.	Punc	Punc	Punc	Punc
laba_ngen_el_e	RelConc2_VRoot_ApplExt_VerbTerm	RelConc2_VRoot_ApplExt_VerbTerm	RelConc2_VRoot_ApplExt_VerbTerm	RelConc2_VRoot_ApplExt_VerbTerm
ti_fundvo	BPre8_NStem	BPre8_NStem	BPre8_NStem	BPre8_NStem
ba_phendvul_a	SC2_Intrans_VerbTerm	SC2_Intrans_VerbTerm	SC2_Intrans_VerbTerm	SC2_Intrans_VerbTerm
i_mi_buto	NPrePre4_BPre4_NStem	NPrePre4_BPre4_NStem	NPrePre4_BPre4_NStem	NPrePre4_BPre4_NStem
le_nge_ntasi	PossConc5_AdvPre_Adv	PossConc5_NegPre_Adv	PossConc5_AdvPre_Adv	PossConc5_NegPre_VRoot_VerbTerm
nga_e_ma_cembu	AdvPre_NPrePre6_BPre6_NStem	AdvPre_NPrePre6_BPre6_NStem	AdvPre_NPrePre6_BPre6_NStem	AdvPre_NPrePre6_BPre6_NStem
a_laba_tsatfu	PossConc6_AdjPref2_AdjStem	PossConc6_AdjPref2_AdjStem	PossConc6_AdjPref2_AdjStem	PossConc6_AdjPref2_AdjStem
imi_zuzu	NPre4_NStem	NPre4_NStem	NPre4_NStem	NPrePre4_BPre4_NStem
le_mbalwa	RelConc4_RelStem	RelConc4_RelStem	RelConc4_RelStem	RelConc4_RelStem
bese	Conj	Conj	Conj	Conj
ba_ab_el_an_a	SC2_VRoot_ApplExt_RecipExt_VerbTerm	SC2_VRoot_ApplExt_RecipExt_VerbTerm	SC2_VRoot_ApplExt_RecipExt_VerbTerm	SC2_VRoot_VerbTerm
nga_tin_phendvulo	AdvPre_NPre10_NStem	AdvPre_NPre10_NStem	AdvPre_NPre10_NStem	AdvPre_NPre10_NStem
e_mu_hlangano_ini	LocPre_BPre3_NStem_LocSuf	LocPre_BPre3_NStem_LocSuf	LocPre_BPre3_NStem_LocSuf	LocPre_BPre3_NStem_LocSuf
lo_vul_ek_ile	RelConc3_VRoot_NeutExt_Perf	RelConc3_VRoot_NeutExt_Perf	RelConc3_VRoot_NeutExt_Perf	RelConc3_VRoot_NeutExt_Perf
.	Punc	Punc	Punc	Punc
tin_hlobo_ni	NPre10_NStem_InterrogSuf	BPre10_NStem_LocSuf	NPre10_NStem_InterrogSuf	BPre10_NStem
ta_tin_khinga	PossConc10_NPre10_NStem	PossConc10_NPre10_NStem	PossConc10_NPre10_NStem	PossConc8_NPre10_NStem
le_ku_fanel_e	RelConc3_OC15_VRoot_VerbTerm	RelConc3_OC15_VRoot_VerbTerm	RelConc3_OC15_VRoot_VerbTerm	RelConc3_OC15_VRoot_VerbTerm
lu_hla	BPre11_NStem	BPre11_NStem	BPre11_NStem	BPre11_NStem
lwa_ma_phakelo	PossConc11_BPre6_NStem	PossConc11_BPre6_NStem	PossConc11_BPre6_NStem	PossConc11_BPre6_NStem
a_ti_mali	PossConc6_BPre10_NStem	PossConc6_BPre10_NStem	PossConc6_BPre10_NStem	PossConc6_BPre10_NStem
lu_ti_sombulul_e	SC11_OC10_Intrans_VerbTerm	SC11_OC10_VRoot_VerbTerm	SC11_OC10_Intrans_VerbTerm	CopPre_OC10_VRoot_VerbTerm
?	Punc	Punc	Punc	Punc
ku_balulek_ile	SC15_VRoot_Perf	SC15_VRoot_Perf	SC15_VRoot_Perf	SC15_VRoot_Perf
kutsi	Conj	Conj	Conj	Conj
ba_ntfu	BPre2_NStem	BPre2_NStem	BPre2_NStem	BPre2_NStem
ba_vete	BPre2_NStem	BPre2_NStem	BPre2_NStem	BPre2_VRoot_VerbTerm
lu_vo	BPre11_NStem	BPre11_NStem	BPre11_NStem	BPre11_NStem
lwa_bo	PossConc11_PronStem2	PossConc11_PronStem2	PossConc11_PronStem2	PossConc11_PronStem2
ne_kutsi	AdvPre_Conj	AdvPre_Conj	AdvPre_Conj	AdvPre_Conj
ba_fak_e	SC2_VRoot_VerbTerm	SC2_VRoot_VerbTerm	SC2_VRoot_VerbTerm	SC2_VRoot_VerbTerm
li_galelo	BPre5_NStem	BPre5_NStem	BPre5_NStem	BPre5_NStem
,	Punc	Punc	Punc	Punc
ku_nga_khatsal_ek_ile	SC15_NegPre_VRoot_NeutExt_Perf	SC15_Pot_VRoot_NeutExt_Perf	SC15_NegPre_VRoot_NeutExt_Perf	SC15_Pot_VRoot_NeutExt_Perf
kutsi_ba_ncane	Conj_SC2_AdjStem	Conj_BPre2_Adv	Conj_SC2_AdjStem	BPre17_NStem
ka_nga_kanani	AdvPre_AdvPre_Interrog	AdvPre_AdvPre_Interrog	AdvPre_AdvPre_Interrog	AdvPre_AdvPre_Interrog
,	Punc	Punc	Punc	Punc
njengobe	Conj	Conj	Conj	Conj
ku_tawu_ku_ent_a	SC15_Fut_OC15_VRoot_VerbTerm	SC15_Fut_OC15_VRoot_VerbTerm	SC15_Fut_OC15_VRoot_VerbTerm	SC15_OC3_VRoot_VerbTerm
ncono_ku_ent_a	AdvPre_BPre15_VRoot_VerbTerm	AdvPre_BPre15_VRoot_VerbTerm	AdvPre_BPre15_VRoot_VerbTerm	AdvPre_BPre15_VRoot_VerbTerm
ncono	NStem	NStem	NStem	NStem
ku_(i)v_isis_an_a	BPre15_VRoot_IntensExt_RecipExt_VerbTerm	BPre15_VRoot_IntensExt_RecipExt_VerbTerm	BPre15_VRoot_IntensExt_RecipExt_VerbTerm	BPre15_VRoot_IntensExt_RecipExt_VerbTerm
ne_bu_nikati	AdvPre_BPre14_NStem	AdvPre_BPre14_NStem	AdvPre_BPre14_NStem	AdvPre_BPre14_NStem
.	Punc	Punc	Punc	Punc
i_PMS	NPre9_Abbr	NPre9_Abbr	NPre9_Abbr	NPrePre4_Abbr
ya_masipala	PossConc9_NStem	PossConc9_NStem	PossConc9_NStem	PossConc4_NStem
ku_mel_e	SC15_VRoot_VerbTerm	SC15_VRoot_VerbTerm	SC15_VRoot_VerbTerm	SC15_VRoot_VerbTerm
i_fak_e	SC9_VRoot_VerbTerm	SC9_VRoot_VerbTerm	SC9_VRoot_VerbTerm	SC9_VRoot_VerbTerm
e_khatsi	LocPre_Adv	LocPre_Adv	LocPre_Adv	LocPre_Adv
tin_dzaba	NPre10_NStem	BPre10_NStem	NPre10_NStem	BPre10_NStem
leti_khomb_w_e	RelConc10_VRoot_PassExt_VerbTerm	RelConc10_VRoot_PassExt_VerbTerm	RelConc10_VRoot_PassExt_VerbTerm	RelConc10_VRoot_PassExt_VerbTerm
ngu_u_mu_khandlu	CopPre_NPrePre3_BPre3_NStem	CopPre_NPrePre3_BPre3_NStem	CopPre_NPrePre3_BPre3_NStem	CopPre_NPrePre3_BPre3_NStem
leti_condz_an_e	RelConc10_VRoot_RecipExt_VerbTerm	RelConc10_VRoot_RecipExt_VerbTerm	RelConc10_VRoot_RecipExt_VerbTerm	RelConc10_NStem
ngco	Ideoph	Ideoph	Ideoph	Ideoph
ne_ma_KPA	AdvPre_BPre6_Abbr	AdvPre_BPre6_Abbr	AdvPre_BPre6_Abbr	AdvPre_BPre6_NStem
ta_bo_masipala	PossConc10_NPre2_NStem	PossConc8_PronStem2_NStem	PossConc10_NPre2_NStem	PossConc8_PronStem2_NStem
.	Punc	Punc	Punc	Punc
la_ma_KPI	PossConc5_NPre6_Abbr	Pos1_Abbr	PossConc5_NPre6_Abbr	Pos1_BPre6
la_landz_el_a_ko	RelConc6_VRoot_ApplExt_VerbTerm_RelSuf	SC5_VRoot_ApplExt_VerbTerm_RelSuf	RelConc6_VRoot_ApplExt_VerbTerm_RelSuf	RelConc6_VRoot_VerbTerm_RelSuf
ku_mel_e	SC15_VRoot_VerbTerm	SC15_VRoot_VerbTerm	SC15_VRoot_VerbTerm	SC15_VRoot_VerbTerm
a_be	SC1_AuxVStem	SC1_AuxVStem	SC1_AuxVStem	SC1_AuxVStem
yi_i_ncenye	CopPre_NPrePre9_NStem	CopPre_NPrePre9_NStem	CopPre_NPrePre9_NStem	CopPre_NPrePre9_NStem
ye_PMS	PossConc9_Abbr	PossConc9_Abbr	PossConc9_Abbr	PossConc9_Abbr
ya_mu_nye	PossConc9_OC1_EnumStem	PossConc4_AdjPref1_AdjStem	PossConc9_OC1_EnumStem	PossConc4_AdjPref1_AdjStem
nga_mu_nye	AdvPre_AdjPref1_AdjStem	AdvPre_AdjPref1_AdjStem	AdvPre_AdjPref1_AdjStem	AdvPre_AdjPref1_AdjStem
masipala	NStem	NStem	NStem	NStem
,	Punc	Punc	Punc	Punc
nga_i_n_dlela	AdvPre_NPrePre9_BPre9_NStem	AdvPre_NPrePre9_BPre9_NStem	AdvPre_NPrePre9_BPre9_NStem	AdvPre_NPrePre9_BPre9_NStem
la_nga_khona	PossConc5_AdvPre_NStem	PossConc5_AdvPre_NStem	PossConc5_AdvPre_NStem	PossConc5_AdvPre_NStem
ku_sebent_a	BPre15_VRoot_VerbTerm	BPre15_VRoot_VerbTerm	BPre15_VRoot_VerbTerm	BPre15_VRoot_VerbTerm
nga_yo	AdvPre_PronStem9	AdvPre_PronStem9	AdvPre_PronStem9	AdvPre_PronStem9
ku_loyo	LocPre_Dem3_Pos2	LocPre	LocPre_Dem3_Pos2	LocPre
masipala	NStem	NStem	NStem	NStem
.	Punc	Punc	Punc	Punc
leti	Dem10_Pos1		Dem10_Pos1	
tin_khomba	BPre10_NStem	BPre10_NStem	BPre10_NStem	BPre10_NStem
ta_velonkhe	PossConc10_NStem	PossConc10_NStem	PossConc10_NStem	PossConc10_NStem
leti_khiph_w_a	RelConc10_VRoot_PassExt_VerbTerm	RelConc10_VRoot_PassExt_VerbTerm	RelConc10_VRoot_PassExt_VerbTerm	RelConc10_VRoot_PassExt_VerbTerm
yi_ndvuna	CopPre_NStem	CopPre_NStem	CopPre_NStem	CopPre_BPre9_NStem
emva	Adv	Adv	Adv	Adv
kwe_ku_bon_is_an_a	PossConc15_BPre15_VRoot_CausExt_RecipExt_NStem	PossConc15_BPre15_VRoot_CausExt_RecipExt_NStem	PossConc15_BPre15_VRoot_CausExt_RecipExt_NStem	PossConc15_OC15_VRoot_CausExt_RecipExt_VerbTerm
ne_ba_phatsiswa	AdvPre_NPre2_NStem	AdvPre_NPre2_NStem	AdvPre_NPre2_NStem	AdvPre_BPre2_NStem
ba_ti_fundza	PossConc2a_BPre8_NStem	PossConc2a_BPre8_NStem	PossConc2a_BPre8_NStem	PossConc2a_BPre8_NStem
ba_hulumende	PossConc2_NStem	BPre2_NStem	PossConc2_NStem	BPre2_NStem
wa_s_e_khaya	PossConc1a_PreLoc-s_LocPre_NStem	PossConc1a_PreLoc-s_LocPre_NStem	PossConc1a_PreLoc-s_LocPre_NStem	PossConc3_PreLoc-s_LocPre_NStem
kanye	Adv	Adv	Adv	Conj
ne_SALGA	AdvPre_Abbr	AdvPre_Abbr	AdvPre_Abbr	AdvPre_NStem
.	Punc	Punc	Punc	Punc
noma	Conj	Conj	Conj	Conj
ku_njalo	SC15_Adv	SC15_Adv	SC15_Adv	SC15_Adv
,	Punc	Punc	Punc	Punc
ku_mcoka	BPre15_NStem	BPre15_NStem	BPre15_NStem	SC15_VRoot_VerbTerm
ku_caphel_a	BPre15_VRoot_VerbTerm	BPre15_VRoot_VerbTerm	BPre15_VRoot_VerbTerm	BPre15_VRoot_VerbTerm
kutsi	Conj	Conj	Conj	Conj
kwa_ehlukahluk_an_a	PossConc15_VRoot_RecipExt_VerbTerm	PossConc15_VRoot_RecipExt_VerbTerm	PossConc15_VRoot_RecipExt_VerbTerm	SC15_VRoot_RecipExt_VerbTerm
ku_dzing_a	OC15_VRoot_VerbTerm	SC15_VRoot_VerbTerm	OC15_VRoot_VerbTerm	SC15_VRoot_VerbTerm
ku_phindz_e	SC15_VRoot_VerbTerm	SC15_VRoot_VerbTerm	SC15_VRoot_VerbTerm	SC15_VRoot_VerbTerm
ku_bon_akal_e	SC15_VRoot_NeutExt_VerbTerm	SC15_VRoot_NeutExt_VerbTerm	SC15_VRoot_NeutExt_VerbTerm	SC15_VRoot_NeutExt_VerbTerm
e_tin_dzaba_ini	LocPre_BPre10_NStem_LocSuf	LocPre_BPre10_NStem_LocSuf	LocPre_BPre10_NStem_LocSuf	LocPre_BPre10_NStem_LocSuf
leti_phats_el_an_ile	RelConc10_VRoot_ApplExt_RecipExt_Perf	RelConc10_VRoot_ApplExt_RecipExt_Perf	RelConc10_VRoot_ApplExt_RecipExt_Perf	RelConc10_VRoot_ApplExt_RecipExt_Perf
na_e_ma_ndla	AdvPre_NPrePre6_BPre6_NStem	AdvPre_NPrePre6_BPre6_NStem	AdvPre_NPrePre6_BPre6_NStem	AdvPre_NPrePre6_BPre6_NStem
ne_tin_sita	AdvPre_BPre10_NStem	AdvPre_BPre10_NStem	AdvPre_BPre10_NStem	AdvPre_BPre10_NStem
.	Punc	Punc	Punc	Punc
lo_ku_ningi	Dem1_Pos1_BPre15_NStem	Pos1_NStem	Dem1_Pos1_BPre15_NStem	RelConc15_NStem
loku_bon_w_a	RelConc15_VRoot_PassExt_VerbTerm	RelConc15_VRoot_PassExt_VerbTerm	RelConc15_VRoot_PassExt_VerbTerm	RelConc15_VRoot_PassExt_VerbTerm
njenge	Adv	Adv	Adv	Adv
'	Punc	Punc	Punc	Punc
kwa_ehlukahluk_an_a	PossConc15_VRoot_RecipExt_VerbTerm	PossConc15_VRoot_RecipExt_VerbTerm	PossConc15_VRoot_RecipExt_VerbTerm	SC15_VRoot_RecipExt_VerbTerm
'	Punc	Punc	Punc	Punc
kwa_vel_a	SC15_VRoot_VerbTerm	SC15_VRoot_VerbTerm	SC15_VRoot_VerbTerm	SC15_VRoot_VerbTerm
ngenca	Conj	Conj	Conj	AdvPre_NPrePre9_BPre9_NStem
ye_tin_dzaba	PossConc9_BPre10_NStem	PossConc9_BPre10_NStem	PossConc9_BPre10_NStem	PossConc9_NPre10_NStem
te_bu_dlelwane	PossConc10_BPre14_NStem	PossConc8_BPre14_NStem	PossConc10_BPre14_NStem	PossConc8_BPre14_NStem
lo_bu_phatselene	Dem1_Pos1_BPre14_NStem	Pos1_BPre14	Dem1_Pos1_BPre14_NStem	RelConc14_VRoot_ApplExt_RecipExt_Perf
na_e_ma_ndla	AdvPre_NPrePre6_BPre6_NStem	AdvPre_NPrePre6_BPre6_NStem	AdvPre_NPrePre6_BPre6_NStem	AdvPre_NPrePre6_BPre6_NStem
kanye	Adv	Adv	Adv	Conj
ne_ku_ab_iw_a	AdvPre_OC15_VRoot_PassExt_VerbTerm	AdvPre_OC15_VRoot_PassExt_VerbTerm	AdvPre_OC15_VRoot_PassExt_VerbTerm	AdvPre_OC15_VRoot_PassExt_VerbTerm
kwe_tin_sita	PossConc15_BPre10_NStem	PossConc15_BPre10_NStem	PossConc15_BPre10_NStem	PossConc15_BPre10_NStem
.	Punc	Punc	Punc	Punc
kwa_ehlukan_a	PossConc15_VRoot_VerbTerm	PossConc15_VRoot_VerbTerm	PossConc15_VRoot_VerbTerm	SC15_VRoot_RecipExt_VerbTerm
a_tkukabekeki	RelConc6_NStem	RelConc6_NStem	RelConc6_NStem	NegPre_VRoot_ExclNeg_VRoot_NeutExt_VerbTerm
ko_nkhe	QuantConc15_QuantStem	QuantConc15_QuantStem	QuantConc15_QuantStem	QuantConc15_QuantStem
nga_loku_phatsekako	AdvPre_RelConc15_NStem	AdvPre_RelConc15_NStem	AdvPre_RelConc15_NStem	AdvPre_RelConc15_VRoot_NeutExt_VerbTerm_RelSuf
,	Punc	Punc	Punc	Punc
na_lapho	AdvPre_Dem16_Pos2	AdvPre	AdvPre_Dem16_Pos2	AdvPre
ku_njalo	SC15_Adv	SC15_Adv	SC15_Adv	SC15_Adv
khona	NStem	Adv	NStem	Adv
,	Punc	Punc	Punc	Punc
ku_ent_ek_a	SC15_VRoot_NeutExt_VerbTerm	SC15_VRoot_NeutExt_VerbTerm	SC15_VRoot_NeutExt_VerbTerm	SC15_VRoot_NeutExt_VerbTerm
ku_be	SC15_AuxVStem	SC15_AuxVStem	SC15_AuxVStem	SC15_AuxVStem
nga_tulu	AdvPre_NStem	AdvPre_Adv	AdvPre_NStem	AdvPre_NPrePre5_BPre5_NStem
kwa_loko	PossConc15_Dem15_Pos2	PossConc15	PossConc15_Dem15_Pos2	PossConc15
nga_i_n_nca	AdvPre_NPrePre9_BPre9_NStem	AdvPre_NPrePre9_BPre9_NStem	AdvPre_NPrePre9_BPre9_NStem	AdvPre_NPrePre9_BPre9_NStem
ya_leti_nye	PossConc4_AdjPref10_AdjStem	PossConc4_AdjPref10_AdjStem	PossConc4_AdjPref10_AdjStem	PossConc4_RelConc8_AdjStem
tin_dzaba	BPre10_NStem	BPre10_NStem	BPre10_NStem	BPre10_NStem
ta_ku_chaz_a	PossConc10_OC15_VRoot_VerbTerm	PossConc8_OC15_VRoot_VerbTerm	PossConc10_OC15_VRoot_VerbTerm	PossConc10_OC15_VRoot_VerbTerm
si_mo	BPre7_NStem	BPre7_NStem	BPre7_NStem	BPre7_NStem
se_ku_philisana	PossConc7_BPre15_NStem	PossConc7_BPre15_NStem	PossConc7_BPre15_NStem	PossConc7_BPre15_VRoot_CausExt_RecipExt_VerbTerm
e_u_mu_mango_ini	LocPre_NPrePre3_BPre3_NStem_LocSuf	LocPre_NPrePre3_BPre3_NStem_LocSuf	LocPre_NPrePre3_BPre3_NStem_LocSuf	LocPre_NPrePre3_BPre3_NStem_LocSuf
kanye	Adv	Conj	Adv	Conj
na_ku_te_m_notfo	AdvPre_BPre15_PossConc8_BPre3_NStem	AdvPre_BPre15_PossConc8_BPre3_NStem	AdvPre_BPre15_PossConc8_BPre3_NStem	AdvPre_BPre15_PossConc8_BPre3_NStem
.	Punc	Punc	Punc	Punc
e_si_khatsi_ini	LocPre_BPre7_NStem_LocSuf	LocPre_BPre7_NStem_LocSuf	LocPre_BPre7_NStem_LocSuf	LocPre_BPre7_NStem_LocSuf
lesi_ningi	RelConc7_NStem	AdjStem	RelConc7_NStem	AdjStem
u_mu_hluko	NPrePre3_BPre3_NStem	NPrePre3_BPre3_NStem	NPrePre3_BPre3_NStem	NPrePre3_BPre3_NStem
e_m_khatsi_ini	LocPre_BPre3_NStem_LocSuf	LocPre_BPre3_NStem_LocSuf	LocPre_BPre3_NStem_LocSuf	LocPre_BPre3_NStem_LocSuf
wa_laba_njingile	PossConc3_RelConc6_NStem	PossConc3_RelConc2_NStem	PossConc3_RelConc6_NStem	PossConc3_RelConc2_NStem
na_laba_phuyile	AdvPre_RelConc2_NStem	AdvPre_RelConc2_NStem	AdvPre_RelConc2_NStem	AdvPre_RelConc2_VRoot_Perf
;	Punc	Punc	Punc	Punc
laba_sebent_a_ko	RelConc2_VRoot_VerbTerm_RelSuf	RelConc2_VRoot_VerbTerm_RelSuf	RelConc2_VRoot_VerbTerm_RelSuf	RelConc2_VRoot_VerbTerm_RelSuf
na_laba_nga_sebenti	AdvPre_RelConc2_NegPre_NStem	AdvPre_RelConc2_Pot_NStem	AdvPre_RelConc2_NegPre_NStem	AdvPre_RelConc2_NegPre_VRoot_VerbTerm
;	Punc	Punc	Punc	Punc
ba_s_e_ma_dolobha_ini	PossConc2a_PreLoc-s_LocPre_BPre6_NStem_LocSuf	PossConc2_PreLoc-s_LocPre_BPre6_NStem_LocSuf	PossConc2a_PreLoc-s_LocPre_BPre6_NStem_LocSuf	PossConc2_PreLoc-s_LocPre_BPre6_NStem_LocSuf
na_ba_s_e_ma_khaya	AdvPre_BPre2_PreLoc-s_LocPre_BPre6_NStem	AdvPre_BPre2_PreLoc-s_LocPre_BPre6_NStem	AdvPre_BPre2_PreLoc-s_LocPre_BPre6_NStem	AdvPre_BPre2_PreLoc-s_LocPre_BPre6_NStem
,	Punc	Punc	Punc	Punc
laba_fundz_ile	RelConc2_VRoot_Perf	RelConc2_VRoot_Perf	RelConc2_VRoot_Perf	RelConc2_VRoot_Perf
na_laba_ngaka_fundz_i	AdvPre_RelConc2_NegPre_VRoot_VerbTerm	AdvPre_RelConc2_NegPre_VRoot_VerbTerm	AdvPre_RelConc2_NegPre_VRoot_VerbTerm	AdvPre_RelConc2_NegPre_ExclNeg_VRoot_VerbTerm
wa_akh_iw_e	PossConc1_VRoot_PassExt_VerbTerm	SC3_VRoot_PassExt_VerbTerm	PossConc1_VRoot_PassExt_VerbTerm	SC3_VRoot_PassExt_VerbTerm
mayela_na	NStem_DimSuf	NStem_DimSuf	NStem_DimSuf	Adv
na_si_mo	AdvPre_BPre7_NStem	AdvPre_BPre7_NStem	AdvPre_BPre7_NStem	AdvPre_BPre7_NStem
se_ku_philisana	PossConc7_BPre15_NStem	PossConc7_BPre15_NStem	PossConc7_BPre15_NStem	PossConc7_OC15_VRoot_CausExt_RecipExt_VerbTerm
e_u_mu_mango_ini	LocPre_NPrePre3_BPre3_NStem_LocSuf	LocPre_NPrePre3_BPre3_NStem_LocSuf	LocPre_NPrePre3_BPre3_NStem_LocSuf	LocPre_NPrePre3_BPre3_NStem_LocSuf
na_nga_in_dlela	AdvPre_CopPre_NPre9_NStem	AdvPre_AdvPre_NPre9_NStem	AdvPre_CopPre_NPre9_NStem	AdvPre_AdvPre_NPre9_NStem
le_jul_ile	SC5_VRoot_Perf	SC5_VRoot_Perf	SC5_VRoot_Perf	SC5_VRoot_Perf
ye_mbusav_e	PossConc4_Intrans_VerbTerm	PossConc9_Intrans_VerbTerm	PossConc4_Intrans_VerbTerm	PossConc9_BPre3_NStem
.	Punc	Punc	Punc	Punc
lo_ku_ehluk_an_a	RelConc3_BPre15_VRoot_RecipExt_VerbTerm	RelConc3_OC15_VRoot_RecipExt_VerbTerm	RelConc3_BPre15_VRoot_RecipExt_VerbTerm	RelConc15_VRoot_RecipExt_VerbTerm
aku_kaphatselan_i	NegPre_Intrans_VerbTerm	NegPre_VRoot_VerbTerm	NegPre_Intrans_VerbTerm	NegPre_OC15_ExclNeg_VRoot_ApplExt_RecipExt_VerbTerm
ka_nga_kanani	AdvPre_AdvPre_Interrog	AdvPre_AdvPre_Interrog	AdvPre_AdvPre_Interrog	AdvPre_AdvPre_Interrog
na_ticu	AdvPre_NStem	AdvPre_NStem	AdvPre_NStem	AdvPre_BPre8_NStem
te_m_timba	PossConc8_BPre3_NStem	PossConc8_BPre3_NStem	PossConc8_BPre3_NStem	PossConc10_NStem
la_ta_lw_a	PossConc5_Fut_VRoot_VerbTerm	RelConc6_SC8_VRoot_VerbTerm	PossConc5_Fut_VRoot_VerbTerm	RelConc6_VRoot_PassExt_VerbTerm
na_to	AdvPre_PronStem10	AdvPre_PronStem8	AdvPre_PronStem10	AdvPre_PronStem8
u_mu_ntfu	NPrePre1_BPre1_NStem	NPrePre1_BPre1_NStem	NPrePre1_BPre1_NStem	NPrePre1_BPre1_NStem
futsi	Conj	Conj	Conj	Conj
ku_lawul_w_a	BPre15_VRoot_PassExt_VerbTerm	BPre15_VRoot_PassExt_VerbTerm	BPre15_VRoot_PassExt_VerbTerm	BPre15_VRoot_PassExt_VerbTerm
kwa_ehlukahluk_an_a	PossConc15_VRoot_RecipExt_VerbTerm	PossConc15_VRoot_RecipExt_VerbTerm	PossConc15_VRoot_RecipExt_VerbTerm	SC15_VRoot_RecipExt_VerbTerm
loku_yi_m_phumelo	RelConc15_CopPre_BPre3_NStem	RelConc15_CopPre_BPre3_NStem	RelConc15_CopPre_BPre3_NStem	RelConc15_CopPre_BPre3_NStem
ku_to_dzinga	BPre15_Fut_NStem	BPre17_Fut_NStem	BPre15_Fut_NStem	SC15_Fut_VRoot_VerbTerm
ku_nak_ek_el_w_e	SC15_VRoot_NPas_ApplExt_PassExt_VerbTerm	SC15_VRoot_NPas_ApplExt_PassExt_VerbTerm	SC15_VRoot_NPas_ApplExt_PassExt_VerbTerm	SC15_VRoot_PassExt_VerbTerm
loku_bek_ek_e	RelConc15_VRoot_VerbExt_VerbTerm	RelConc15_VRoot_VerbExt_VerbTerm	RelConc15_VRoot_VerbExt_VerbTerm	RelConc15_VRoot_VerbTerm
eli_siko_ini	RelConc5_NStem_LocSuf	RelConc5_NStem_LocSuf	RelConc5_NStem_LocSuf	LocPre_BPre5_NStem_LocSuf
lwe_ma_lungelo	PossConc11_BPre6_NStem	PossConc11_NPre6_NStem	PossConc11_BPre6_NStem	PossConc11_NPrePre6_BPre6_NStem
a_lu_ntfu	PossConc6_BPre11_NStem	PossConc6_BPre11_NStem	PossConc6_BPre11_NStem	PossConc6_BPre11_NStem
.	Punc	Punc	Punc	Punc
masipala	NStem	NStem	NStem	NStem
nga_mu_nye	AdvPre_AdjPref1_AdjStem	AdvPre_AdjPref1_AdjStem	AdvPre_AdjPref1_AdjStem	AdvPre_AdjPref1_AdjStem
u_dzing_ek_a	SC1_VRoot_NeutExt_VerbTerm	SC3_VRoot_NPas_VerbTerm	SC1_VRoot_NeutExt_VerbTerm	SC3_VRoot_NPas_VerbTerm
nga_loku_s_e_mu_tsetfo_ini	AdvPre_RelConc15_PreLoc-s_LocPre_BPre3_NStem_LocSuf	AdvPre_RelConc15_PreLoc-s_LocPre_BPre3_NStem_LocSuf	AdvPre_RelConc15_PreLoc-s_LocPre_BPre3_NStem_LocSuf	AdvPre_Pos1
ku_tfutfuk_is_a	BPre15_VRoot_CausExt_VerbTerm	BPre15_VRoot_CausExt_VerbTerm	BPre15_VRoot_CausExt_VerbTerm	BPre15_VRoot_CausExt_VerbTerm
lu_hlelo	BPre11_NStem	BPre11_NStem	BPre11_NStem	BPre11_NStem
lwa_ku_lawul_a	PossConc11_OC15_VRoot_VerbTerm	PossConc11_OC15_VRoot_VerbTerm	PossConc11_OC15_VRoot_VerbTerm	PossConc11_OC15_VRoot_VerbTerm
ku_sebent_a	BPre15_VRoot_VerbTerm	BPre15_VRoot_VerbTerm	BPre15_VRoot_VerbTerm	BPre15_VRoot_VerbTerm
(	Punc	Punc	Punc	Punc
PMS	Abbr	Abbr	Abbr	Abbr
)	Punc	Punc	Punc	Punc
lolu_tawu_khutsat_a	RelConc11_Fut_VRoot_VerbTerm	RelConc11_Fut_VRoot_VerbTerm	RelConc11_Fut_VRoot_VerbTerm	RelConc11_Fut_VRoot_VerbTerm
ku_sebent_a	BPre15_VRoot_VerbTerm	BPre15_VRoot_VerbTerm	BPre15_VRoot_VerbTerm	BPre15_VRoot_VerbTerm
ka_hle	AdvPre_AdjStem	AdvPre_AdjStem	AdvPre_AdjStem	AdvPre_AdjStem
nanga_in_phumelelo	AdvPre_NPre9_NStem	AdvPre_NPre9_NStem	AdvPre_NPre9_NStem	CopPre_AdvPre_BPre3_NStem
,	Punc	Punc	Punc	Punc
ku_b_e	SC15_VRoot_VerbTerm	SC15_VRoot_VerbTerm	SC15_VRoot_VerbTerm	SC15_AuxVStem
na_ku_ti_phendvul_el_a	AdvPre_OC15_ReflPre_VRoot_ApplExt_VerbTerm	AdvPre_BPre15_ReflPre_VRoot_ApplExt_VerbTerm	AdvPre_OC15_ReflPre_VRoot_ApplExt_VerbTerm	AdvPre_BPre15_ReflPre_VRoot_ApplExt_VerbTerm
e_ku_setjentis_w_a_ini	LocPre_OC15_VRoot_PassExt_VerbTerm_LocSuf	LocPre_BPre15_VRoot_PassExt_VerbTerm_LocSuf	LocPre_OC15_VRoot_PassExt_VerbTerm_LocSuf	LocPre_BPre15_VRoot_PassExt_VerbTerm_LocSuf
kwe_tin_sita	PossConc15_BPre10_NStem	PossConc15_BPre10_NStem	PossConc15_BPre10_NStem	PossConc15_BPre10_NStem
ta_masipala	PossConc10_NStem	PossConc8_NStem	PossConc10_NStem	PossConc10_NStem
lu_phindz_e	SC11_VRoot_VerbTerm	SC11_VRoot_VerbTerm	SC11_VRoot_VerbTerm	SC11_Intrans_VerbTerm
lu_khomb_is_e	SC11_VRoot_CausExt_VerbTerm	SC11_VRoot_CausExt_VerbTerm	SC11_VRoot_CausExt_VerbTerm	SC11_VRoot_CausExt_VerbTerm
ku_fezek_a	BPre15_VRoot_VerbTerm	BPre15_VRoot_VerbTerm	BPre15_VRoot_VerbTerm	BPre15_VRoot_NeutExt_VerbTerm
kwa_i_mi_phumela	PossConc15_NPrePre4_BPre4_NStem	PossConc15_NPrePre4_BPre4_NStem	PossConc15_NPrePre4_BPre4_NStem	PossConc15_NPrePre4_BPre4_NStem
.	Punc	Punc	Punc	Punc
(	Punc	Punc	Punc	Punc
PMS	Abbr	Abbr	Abbr	Abbr
)	Punc	Punc	Punc	Punc
i_phindze	BPre9_NStem	BPre9_NStem	BPre9_NStem	BPre9_NStem
i_ku_at_i	SC4_OC15_VRoot_VerbTerm	SC4_OC15_VRoot_VerbTerm	SC4_OC15_VRoot_VerbTerm	SC4_OC15_VRoot_VerbTerm
ku_sebent_a	BPre15_VRoot_VerbTerm	BPre15_VRoot_VerbTerm	BPre15_VRoot_VerbTerm	BPre15_VRoot_VerbTerm
njenga_si_cwayiso	AdvPre_NPre7_NStem	AdvPre_BPre7_NStem	AdvPre_NPre7_NStem	AdvPre_BPre7_NStem
sa_nga_phambili	PossConc7_AdvPre_Adv	PossConc7_AdvPre_NStem	PossConc7_AdvPre_Adv	PossConc7_Pot_VRoot_NStem
njengobe	Conj	Conj	Conj	Conj
i_khomb_is_a	SC4_VRoot_CausExt_VerbTerm	SC9_VRoot_CausExt_VerbTerm	SC4_VRoot_CausExt_VerbTerm	SC4_VRoot_CausExt_VerbTerm
ku_nga_sebent_i	BPre15_NegPre_VRoot_VerbTerm	BPre15_NegPre_VRoot_VerbTerm	BPre15_NegPre_VRoot_VerbTerm	BPre15_NegPre_VRoot_VerbTerm
nobe	Conj	Conj	Conj	Conj
ku_sebent_a	BPre15_VRoot_VerbTerm	BPre15_VRoot_VerbTerm	BPre15_VRoot_VerbTerm	BPre15_VRoot_VerbTerm
loku_nga_phansi	RelConc15_AdvPre_Adv	RelConc15_AdvPre_Adv	RelConc15_AdvPre_Adv	RelConc15_AdvPre_Adv
kwa_li_zinga	PossConc15_BPre5_NStem	PossConc15_NPre5_NStem	PossConc15_BPre5_NStem	PossConc15_NPre5_NStem
leli_lindzel_w_e	RelConc5_VRoot_PassExt_VerbTerm	RelConc5_VRoot_PassExt_VerbTerm	RelConc5_VRoot_PassExt_VerbTerm	RelConc9_VRoot_PassExt_VerbTerm
,	Punc	Punc	Punc	Punc
nga_loko	AdvPre_Dem15_Pos2	AdvPre	AdvPre_Dem15_Pos2	AdvPre
bese	Conj	Conj	Conj	Conj
ku_b_a	BPre15_VRoot_VerbTerm	SC15_VRoot_VerbTerm	BPre15_VRoot_VerbTerm	BPre15_VRoot_VerbTerm
khona	Adv	Adv	Adv	Adv
ku_ngenelel_a	BPre15_VRoot_VerbTerm	BPre15_VRoot_VerbTerm	BPre15_VRoot_VerbTerm	BPre15_VRoot_IntensExt_VerbTerm
kute	Conj	Conj	Conj	Conj
ku_ent_iw_e	SC15_VRoot_PassExt_VerbTerm	SC15_VRoot_PassExt_VerbTerm	SC15_VRoot_PassExt_VerbTerm	SC15_VRoot_PassExt_VerbTerm
ncono	Adv	NStem	Adv	Adv
si_mo	BPre7_NStem	BPre7_NStem	BPre7_NStem	BPre7_NStem
.	Punc	Punc	Punc	Punc
le_nye	AdjPref9_AdjStem	AdjPref9_AdjStem	AdjPref9_AdjStem	AdjPref9_AdjStem
ya_tin_hloso	PossConc10_BPre10_NStem	PossConc9_BPre10_NStem	PossConc10_BPre10_NStem	PossConc9_NPre10_NStem
letin_khulu	AdjPref10_AdjStem	AdjPref10_AdjStem	AdjPref10_AdjStem	AdjPref10_AdjStem
ta_hulumende	BPre8_NStem	PossConc8_NStem	BPre8_NStem	PossConc8_NStem
ku_be	SC15_AuxVStem	SC15_AuxVStem	SC15_AuxVStem	SC15_AuxVStem
ku_ndlul_is_el_w_a	BPre15_VRoot_CausExt_ApplExt_PassExt_VerbTerm	BPre15_VRoot_CausExt_ApplExt_PassExt_VerbTerm	BPre15_VRoot_CausExt_ApplExt_PassExt_VerbTerm	LocPre_BPre9_NStem
kwe_m_sebenti	PossConc15_BPre3_NStem	PossConc15_BPre3_NStem	PossConc15_BPre3_NStem	PossConc15_BPre3_NStem
wa_kwe_tful_w_a	PossConc3_OC15_VRoot_PassExt_VerbTerm	PossConc3_OC15_VRoot_PassExt_VerbTerm	PossConc3_OC15_VRoot_PassExt_VerbTerm	PossConc3_OC15_VRoot_PassExt_VerbTerm
kwe_tin_sita	PossConc15_BPre10_NStem	PossConc15_BPre10_NStem	PossConc15_BPre10_NStem	PossConc15_BPre10_NStem
ku_suk_el_a	BPre15_VRoot_ApplExt_VerbTerm	BPre15_VRoot_ApplExt_VerbTerm	BPre15_VRoot_ApplExt_VerbTerm	BPre15_VRoot_ApplExt_VerbTerm
ku_hulumende	LocPre_NStem	LocPre_NStem	LocPre_NStem	LocPre_NStem
wa_velonkhe	PossConc1a_NStem	PossConc3_NStem	PossConc1a_NStem	PossConc1a_NStem
ku_y_a	BPre15_VRoot_VerbTerm	SC15_VRoot_VerbTerm	BPre15_VRoot_VerbTerm	SC15_VRoot_VerbTerm
ku_bo_hulumende	LocPre_BPre2a_NStem	LocPre_BPre2a_NStem	LocPre_BPre2a_NStem	LocPre_BPre2a_NStem
ba_ti_fundza	PossConc2a_BPre8_NStem	PossConc2a_BPre8_NStem	PossConc2a_BPre8_NStem	PossConc2a_BPre8_NStem
kanye	Conj	Conj	Conj	Conj
na_ku_ti_phatsimandla	AdvPre_LocPre_BPre8_NStem	AdvPre_BPre15_BPre8_NStem	AdvPre_LocPre_BPre8_NStem	AdvPre_BPre15_ReflPre_VRoot_VerbTerm
ta_in_dzawo	PossConc10_NPre9_NStem	PossConc8_NPre9_NStem	PossConc10_NPre9_NStem	PossConc10_NPre9_NStem
.	Punc	Punc	Punc	Punc
kwe_tful_w_a	BPre15_VRoot_PassExt_VerbTerm	BPre15_VRoot_PassExt_VerbTerm	BPre15_VRoot_PassExt_VerbTerm	BPre15_VRoot_PassExt_VerbTerm
kwe_tin_sita	PossConc15_BPre10_NStem	PossConc15_BPre10_NStem	PossConc15_BPre10_NStem	PossConc15_BPre10_NStem
ku_mel_e	SC15_VRoot_VerbTerm	SC15_VRoot_VerbTerm	SC15_VRoot_VerbTerm	SC15_VRoot_VerbTerm
ku_be	SC15_AuxVStem	SC15_AuxVStem	SC15_AuxVStem	SC15_AuxVStem
s_e_tandla_ini	PreLoc-s_LocPre_NStem_LocSuf	PreLoc-s_LocPre_NStem_LocSuf	PreLoc-s_LocPre_NStem_LocSuf	PossConc7_BPre8_NStem_LocSuf
ta_labo	SC8_Dem1_Pos2	PossConc8	SC8_Dem1_Pos2	PossConc8
laba_s_e_dvute	RelConc2_PreLoc-s_LocPre_Adv	RelConc2_PreLoc-s_LocPre_NStem	RelConc2_PreLoc-s_LocPre_Adv	RelConc2_PreLoc-s_LocPre_NStem
na_ba_sebentisi	AdvPre_BPre2_NStem	AdvPre_BPre2_NStem	AdvPre_BPre2_NStem	AdvPre_BPre2_NStem
ba_tin_hlelo	PossConc2_BPre10_NStem	PossConc2_BPre10_NStem	PossConc2_BPre10_NStem	PossConc2_BPre10_NStem
e_n_dzawo_ini	LocPre_NPre9_NStem_LocSuf	LocPre_NPre9_NStem_LocSuf	LocPre_NPre9_NStem_LocSuf	LocPre_NPre9_NStem_LocSuf
ya_ku_ts_i	PossConc9_BPre15_VRoot_VerbTerm	PossConc9_BPre15_VRoot_VerbTerm	PossConc9_BPre15_VRoot_VerbTerm	PossConc9_BPre15_VRoot_VerbTerm
ku_be	SC15_AuxVStem	SC15_AuxVStem	SC15_AuxVStem	SC15_AuxVStem
s_e_tandla_ini	PreLoc-s_LocPre_NStem_LocSuf	PreLoc-s_LocPre_NStem_LocSuf	PreLoc-s_LocPre_NStem_LocSuf	PossConc7_BPre8_NStem_LocSuf
ta_hulumende	PossConc8_NStem	PossConc8_NStem	PossConc8_NStem	PossConc8_NStem
mu_nye	CopPre_AdjStem	AdjPref3_AdjStem	CopPre_AdjStem	AdjPref1_AdjStem
,	Punc	Punc	Punc	Punc
ku_sus_w_e	SC15_VRoot_PassExt_VerbTerm	SC15_VRoot_PassExt_VerbTerm	SC15_VRoot_PassExt_VerbTerm	SC15_VRoot_PassExt_VerbTerm
ka_khulu	AdvPre_AdjStem	AdvPre_AdjStem	AdvPre_AdjStem	AdvPre_AdjStem
'	Punc	Punc	Punc	Punc
e_ku_b_a_ini	LocPre_BPre15_VRoot_VerbTerm_LocSuf	LocPre_BPre15_VRoot_VerbTerm_LocSuf	LocPre_BPre15_VRoot_VerbTerm_LocSuf	LocPre_BPre15_AuxVStem_LocSuf
sembili	Adv	Adv	Adv	NegPre_NStem
'	Punc	Punc	Punc	Punc
.	Punc	Punc	Punc	Punc
ku_sa_mel_e	BPre15_Fut_VRoot_VerbTerm	SC15_ProgPre_VRoot_VerbTerm	BPre15_Fut_VRoot_VerbTerm	SC15_ProgPre_VRoot_VerbTerm
ku_hamb_is_an_e	SC15_VRoot_CausExt_RecipExt_VerbTerm	SC15_VRoot_CausExt_RecipExt_VerbTerm	SC15_VRoot_CausExt_RecipExt_VerbTerm	SC15_VRoot_CausExt_RecipExt_VerbTerm
na_lu_hlaka	AdvPre_BPre11_NStem	AdvPre_BPre11_NStem	AdvPre_BPre11_NStem	AdvPre_BPre11_NStem
lwa_i_n_chubomgomo	PossConc11_NPrePre9_BPre9_NStem	PossConc11_NPrePre9_BPre9_NStem	PossConc11_NPrePre9_BPre9_NStem	PossConc11_NPre9_NStem
yavelonkhe	NStem	NStem	NStem	PossConc9_NStem
le_tfutfuk_is_w_e	RelConc9_VRoot_CausExt_PassExt_VerbTerm	RelConc9_VRoot_CausExt_PassExt_VerbTerm	RelConc9_VRoot_CausExt_PassExt_VerbTerm	RelConc9_VRoot_CausExt_PassExt_VerbTerm
nga_ma_tiko	AdvPre_BPre6_NStem	AdvPre_BPre6_NStem	AdvPre_BPre6_NStem	AdvPre_BPre6_NStem
a_hulumende	PossConc6_NStem	RelConc6_NStem	PossConc6_NStem	RelConc6_NStem
la_fanel_e	RelConc6_VRoot_VerbTerm	RelConc6_VRoot_VerbTerm	RelConc6_VRoot_VerbTerm	RelConc6_VRoot_VerbTerm
.	Punc	Punc	Punc	Punc
lu_hlaka	BPre11_NStem	BPre11_NStem	BPre11_NStem	BPre11_NStem
lwe_m_tsetfosisekelo	PossConc11_BPre3_NStem	PossConc11_BPre3_NStem	PossConc11_BPre3_NStem	PossConc11_BPre3_NStem
lu_vum_el_a	SC11_VRoot_ApplExt_VerbTerm	SC11_VRoot_ApplExt_VerbTerm	SC11_VRoot_ApplExt_VerbTerm	SC11_VRoot_ApplExt_VerbTerm
ku_ehluk_an_a	BPre15_VRoot_RecipExt_VerbTerm	SC15_VRoot_RecipExt_VerbTerm	BPre15_VRoot_RecipExt_VerbTerm	SC15_VRoot_RecipExt_VerbTerm
e_ku_niket_el_w_eni	LocPre_BPre15_VRoot_ApplExt_PassExt_LocSuf	LocPre_BPre15_VRoot_ApplExt_PassExt_LocSuf	LocPre_BPre15_VRoot_ApplExt_PassExt_LocSuf	LocPre_BPre15_VRoot_PassExt_LocSuf
kwa_e_ma_ndla	PossConc15_NPrePre6_BPre6_NStem	PossConc15_NPrePre6_BPre6_NStem	PossConc15_NPrePre6_BPre6_NStem	PossConc15_NPrePre6_BPre6_NStem
na_mi_sebenti	AdvPre_BPre4_NStem	AdvPre_BPre4_NStem	AdvPre_BPre4_NStem	AdvPre_BPre4_NStem
,	Punc	Punc	Punc	Punc
kantsi	Conj	Conj	Conj	Conj
loku	Dem15_Pos1		Dem15_Pos1	
ku_mel_e	SC15_VRoot_VerbTerm	SC15_VRoot_VerbTerm	SC15_VRoot_VerbTerm	SC15_VRoot_VerbTerm
ku_setjentiselwe	BPre17_NStem	BPre17_NStem	BPre17_NStem	SC15_Pres_ApplExt_PassExt_VerbTerm
ku_cinisek_is_a	BPre15_VRoot_CausExt_VerbTerm	BPre15_VRoot_CausExt_VerbTerm	BPre15_VRoot_CausExt_VerbTerm	BPre15_VRoot_CausExt_VerbTerm
ku_ngen_a	BPre15_VRoot_VerbTerm	SC15_VRoot_VerbTerm	BPre15_VRoot_VerbTerm	BPre15_VRoot_VerbTerm
ka_hle	AdvPre_AdjStem	AdvPre_AdjStem	AdvPre_AdjStem	AdvPre_AdjStem
e_m_khatsi_ini	LocPre_BPre3_NStem_LocSuf	LocPre_BPre3_NStem_LocSuf	LocPre_BPre3_NStem_LocSuf	LocPre_BPre3_NStem_LocSuf
wa_e_ma_ndla	PossConc3_NPrePre6_BPre6_NStem	PossConc3_NPrePre6_BPre6_NStem	PossConc3_NPrePre6_BPre6_NStem	PossConc3_NPrePre6_BPre6_NStem
na_mi_sebenti	AdvPre_BPre4_NStem	AdvPre_BPre4_NStem	AdvPre_BPre4_NStem	AdvPre_BPre4_NStem
ye_ti_fundza	PossConc4_NPre8_NStem	PossConc9_NPre8_NStem	PossConc4_NPre8_NStem	PossConc9_BPre8_NStem
kanye	Adv	Conj	Adv	Conj
na_bo_masipala	AdvPre_BPre2a_NStem	AdvPre_BPre2a_NStem	AdvPre_BPre2a_NStem	AdvPre_BPre2a_NStem
.	Punc	Punc	Punc	Punc
lolu_hlelo	Dem11_Pos1_NStem	Pos1	Dem11_Pos1_NStem	Pos1
lolu_khona	RelConc11_Adv	RelConc11_Adv	RelConc11_Adv	RelConc11_Adv
njenga_nyalo	AdvPre_Adv	AdvPre_Adv	AdvPre_Adv	AdvPre_Adv
lu_nga_ent_iw_a	SC11_Pot_VRoot_PassExt_VerbTerm	SC11_AdvPre_VRoot_PassExt_VerbTerm	SC11_Pot_VRoot_PassExt_VerbTerm	SC11_AdvPre_VRoot_PassExt_VerbTerm
ncono	NStem	NStem	NStem	NStem
,	Punc	Punc	Punc	Punc
nga_ku_caciswa	AdvPre_BPre15_NStem	AdvPre_BPre15_NStem	AdvPre_BPre15_NStem	AdvPre_BPre15_VRoot_CausExt_PassExt_VerbTerm
kwa_i_mi_sebenti	PossConc15_NPrePre4_BPre4_NStem	PossConc15_NPrePre4_BPre4_NStem	PossConc15_NPrePre4_BPre4_NStem	PossConc15_NPrePre4_BPre4_NStem
e_i_mi_khakha_ini	LocPre_NPrePre4_BPre4_NStem_LocSuf	LocPre_NPrePre4_BPre4_NStem_LocSuf	LocPre_NPrePre4_BPre4_NStem_LocSuf	LocPre_NPrePre4_BPre4_NStem_LocSuf
ye_te_tin_dlu	PossConc9_PossConc8_BPre10_NStem	PossConc9_PossConc10_NPre10_NStem	PossConc9_PossConc8_BPre10_NStem	PossConc9_PossConc10_NPre10_NStem
,	Punc	Punc	Punc	Punc
e_manti	LocPre_NStem	LocPre_NStem	LocPre_NStem	LocPre_NStem
,	Punc	Punc	Punc	Punc
tin_hlelo	BPre10_NStem	BPre10_NStem	BPre10_NStem	BPre10_NStem
ta_ku_hamb_is_a	PossConc10_BPre15_VRoot_CausExt_VerbTerm	PossConc10_OC15_VRoot_CausExt_VerbTerm	PossConc10_BPre15_VRoot_CausExt_VerbTerm	PossConc10_OC15_VRoot_CausExt_VerbTerm
e_ma_ngcoliso	NPrePre6_BPre6_NStem	NPrePre6_BPre6_NStem	NPrePre6_BPre6_NStem	NPrePre6_BPre6_NStem
,	Punc	Punc	Punc	Punc
gezi	NStem	NStem	NStem	NStem
kanye	Adv	Conj	Adv	Adv
na_te_ku_tfutsa	AdvPre_PossConc8_BPre15_NStem	AdvPre_PossConc8_BPre15_NStem	AdvPre_PossConc8_BPre15_NStem	AdvPre_PossConc10_OC15_VRoot_VerbTerm
ta_u_mu_mango	PossConc8_NPrePre3_BPre3_NStem	PossConc8_NPrePre3_BPre3_NStem	PossConc8_NPrePre3_BPre3_NStem	PossConc8_NPrePre3_BPre3_NStem
.	Punc	Punc	Punc	Punc
e_ma_dolobha	NPrePre6_BPre6_NStem	NPrePre6_BPre6_NStem	NPrePre6_BPre6_NStem	NPrePre6_BPre6_NStem
lama_khulu	AdjPref6_AdjStem	AdjPref6_AdjStem	AdjPref6_AdjStem	AdjPref6_AdjStem
ku_mel_e	SC15_VRoot_VerbTerm	SC15_VRoot_VerbTerm	SC15_VRoot_VerbTerm	SC15_VRoot_VerbTerm
a_a_niket_w_e	NegPre_SC6_VRoot_PassExt_VerbTerm	NegPre_SC6_VRoot_PassExt_VerbTerm	NegPre_SC6_VRoot_PassExt_VerbTerm	SC6_VRoot_PassExt_VerbTerm
i_mali	NPre9_NStem	NPre9_NStem	NPre9_NStem	NPre9_NStem
le_nyenti	PossConc5_NStem	PossConc5_NStem	PossConc5_NStem	PossConc5_NStem
kanye	Adv	Conj	Adv	Conj
na_e_ma_ndla	AdvPre_NPrePre6_BPre6_NStem	AdvPre_NPrePre6_BPre6_NStem	AdvPre_NPrePre6_BPre6_NStem	AdvPre_NPrePre6_BPre6_NStem
e_te_mu_busave	LocPre_PossConc10_BPre3_NStem	LocPre_PossConc10_BPre3_NStem	LocPre_PossConc10_BPre3_NStem	PossConc6_PossConc10_BPre3_NStem
kute	Conj	Conj	Conj	Conj
a_chub_e	SC6_VRoot_VerbTerm	SC6_VRoot_VerbTerm	SC6_VRoot_VerbTerm	SC6_VRoot_VerbTerm
ku_ent_iw_a	BPre15_VRoot_PassExt_VerbTerm	SC15_VRoot_PassExt_VerbTerm	BPre15_VRoot_PassExt_VerbTerm	SC15_VRoot_PassExt_VerbTerm
ncono	NStem	NStem	NStem	NStem
ku_hlal_is_w_a	BPre15_VRoot_CausExt_PassExt_VerbTerm	BPre15_VRoot_CausExt_PassExt_VerbTerm	BPre15_VRoot_CausExt_PassExt_VerbTerm	BPre15_VRoot_CausExt_PassExt_VerbTerm
kwe_ba_ntfu	PossConc15_BPre2_NStem	PossConc15_BPre2_NStem	PossConc15_BPre2_NStem	PossConc15_BPre2_NStem
,	Punc	Punc	Punc	Punc
ta_uku_tfuts_a	PossConc8_OC15_VRoot_VerbTerm	PossConc8_SC15_VRoot_VerbTerm	PossConc8_OC15_VRoot_VerbTerm	PossConc10_OC15_VRoot_VerbTerm
kanye	Adv	Adv	Adv	Adv
ne_ku_hlel_a	AdvPre_BPre15_VRoot_VerbTerm	AdvPre_SC15_VRoot_VerbTerm	AdvPre_BPre15_VRoot_VerbTerm	AdvPre_SC15_VRoot_VerbTerm
i_n_dzawo	NPrePre9_BPre9_NStem	NPrePre9_BPre9_NStem	NPrePre9_BPre9_NStem	NPrePre9_BPre9_NStem
.	Punc	Punc	Punc	Punc
ku_lemi_nye	LocPre_AdjPref4_AdjStem	LocPre_AdjPref4_AdjStem	LocPre_AdjPref4_AdjStem	LocPre_AdjPref4_AdjStem
i_mi_khakha	NPrePre4_BPre4_NStem	NPrePre4_BPre4_NStem	NPrePre4_BPre4_NStem	NPrePre4_BPre4_NStem
,	Punc	Punc	Punc	Punc
tin_sita	NPre10_NStem	BPre10_NStem	NPre10_NStem	BPre10_NStem
ta_si_godzi	PossConc10_BPre7_NStem	PossConc10_BPre7_NStem	PossConc10_BPre7_NStem	PossConc10_BPre7_NStem
ti_nga_nika	BPre10_NegPre_NStem	BPre8_Pot_NStem	BPre10_NegPre_NStem	SC8_Pot_VRoot_VerbTerm
tin_sita	NPre10_NStem	BPre10_NStem	NPre10_NStem	BPre10_NStem
e_n_dzawo_ini	LocPre_NPre9_NStem_LocSuf	LocPre_NPre9_NStem_LocSuf	LocPre_NPre9_NStem_LocSuf	LocPre_NPre9_NStem_LocSuf
ya_bo_masipala	PossConc4_BPre2_NStem	PossConc4_BPre2a_NStem	PossConc4_BPre2_NStem	PossConc4_BPre2a_NStem
laba_nga_na_yo	RelConc2_NegPre_CopPre_NStem	RelConc2_NegPre_AdvPre_NStem	RelConc2_NegPre_CopPre_NStem	RelConc2_Pot_NStem
i_mi_tfombolusito	NPrePre4_BPre4_NStem	NPrePre4_BPre4_NStem	NPrePre4_BPre4_NStem	NPrePre4_BPre4_NStem
le_ye_nel_e	RelConc4_Pres_VRoot_VerbTerm	RelConc9_Pres_VRoot_VerbTerm	RelConc4_Pres_VRoot_VerbTerm	RelConc9_Pres_VRoot_VerbTerm
,	Punc	Punc	Punc	Punc
kepha	Conj	Conj	Conj	Conj
loku	Dem15_Pos1		Dem15_Pos1	
ku_mel_e	SC15_VRoot_VerbTerm	SC15_VRoot_VerbTerm	SC15_VRoot_VerbTerm	SC15_VRoot_VerbTerm
ku_hol_w_e	SC15_VRoot_PassExt_VerbTerm	SC15_VRoot_PassExt_VerbTerm	SC15_VRoot_PassExt_VerbTerm	SC15_VRoot_PassExt_VerbTerm
bo_masipala	BPre2a_NStem	BPre2a_NStem	BPre2a_NStem	BPre2a_NStem
kute	Conj	Conj	Conj	Conj
ku_gwem_w_e	SC15_VRoot_PassExt_VerbTerm	SC15_VRoot_PassExt_VerbTerm	SC15_VRoot_PassExt_VerbTerm	SC15_OC3_VRoot_PassExt_VerbTerm
ku_buk_el_w_a	BPre15_VRoot_ApplExt_PassExt_VerbTerm	BPre15_VRoot_ApplExt_PassExt_VerbTerm	BPre15_VRoot_ApplExt_PassExt_VerbTerm	BPre15_VRoot_ApplExt_PassExt_VerbTerm
phasi	NStem	Adv	NStem	NStem
kwe_we_ku_ti_phendvul_el_a	PossConc15_OC3_BPre15_BPre8_Intrans_ApplExt_VerbTerm	PossConc15_PossConc3_BPre15_SC8_Intrans_VerbExt_VerbTerm	PossConc15_OC3_BPre15_BPre8_Intrans_ApplExt_VerbTerm	PossConc15_OC15_ReflPre_VRoot_ApplExt_VerbTerm
kwa_i_n_tsandvo	PossConc15_NPrePre9_BPre9_NStem	PossConc15_NPrePre9_BPre9_NStem	PossConc15_NPrePre9_BPre9_NStem	PossConc15_NPrePre9_BPre9_NStem
ya_li_nyenti	PossConc4_BPre5_AdjStem	PossConc9_BPre5_AdjStem	PossConc4_BPre5_AdjStem	PossConc9_BPre5_AdjStem
e_kwe_tful_w_a_ini	LocPre_BPre15_VRoot_PassExt_VerbTerm_LocSuf	LocPre_BPre15_VRoot_PassExt_VerbTerm_LocSuf	LocPre_BPre15_VRoot_PassExt_VerbTerm_LocSuf	LocPre_BPre15_VRoot_PassExt_VerbTerm_LocSuf
kwe_tin_sita	PossConc15_BPre10_NStem	PossConc15_BPre10_NStem	PossConc15_BPre10_NStem	PossConc15_BPre10_NStem
.	Punc	Punc	Punc	Punc
ngenca	Conj	Conj	Conj	AdvPre_NPrePre9_BPre9_NStem
ya_ku_b_a	PossConc9_OC15_VRoot_VerbTerm	PossConc9_OC15_VRoot_VerbTerm	PossConc9_OC15_VRoot_VerbTerm	PossConc4_BPre15_AuxVStem
na_si_khatsi	AdvPre_BPre7_NStem	AdvPre_BPre7_NStem	AdvPre_BPre7_NStem	AdvPre_BPre7_NStem
lesi_ncane	AdjPref7_AdjStem	AdjPref7_AdjStem	AdjPref7_AdjStem	AdjPref7_AdjStem
,	Punc	Punc	Punc	Punc
ba_bili	CopPre_AdjStem	AdjPref2_AdjStem	CopPre_AdjStem	AdjPref2_AdjStem
ba_nga_nik_w_a	SC2_Pot_VRoot_PassExt_VerbTerm	SC2_Pot_VRoot_PassExt_VerbTerm	SC2_Pot_VRoot_PassExt_VerbTerm	SC2_Pot_VRoot_PassExt_VerbTerm
si_mo	BPre7_NStem	BPre7_NStem	BPre7_NStem	BPre7_NStem
si_nye	CopPre_AdjStem	AdjPref7_AdjStem	CopPre_AdjStem	CopPre_AdjStem
nobe	Conj	Conj	Conj	Conj
ti_m_bili	CopPre_BPre3_AdjStem	BPre10_BPre3_NStem	CopPre_BPre3_AdjStem	BPre10_BPre3_NStem
ku_ti_buk_a	BPre15_ReflPre_VRoot_VerbTerm	BPre15_OC10_VRoot_VerbTerm	BPre15_ReflPre_VRoot_VerbTerm	BPre15_OC10_VRoot_VerbTerm
.	Punc	Punc	Punc	Punc
ku_fanel_ek_a	BPre15_VRoot_NPas_VerbTerm	BPre15_VRoot_NPas_VerbTerm	BPre15_VRoot_NPas_VerbTerm	BPre15_VRoot_NPas_VerbTerm
nge_kwe_ISO	AdvPre_PossConc15_Abbr	AdvPre_PossConc15_Abbr	AdvPre_PossConc15_Abbr	AdvPre_PossConc15_NStem
:	Punc	Punc	Punc	Punc
ku_buk_an_ile	SC15_VRoot_RecipExt_Perf	SC15_VRoot_RecipExt_Perf	SC15_VRoot_RecipExt_Perf	SC15_VRoot_RecipExt_Perf
ne_ku_phunyelel_is_w_a	AdvPre_BPre15_VRoot_CausExt_PassExt_VerbTerm	AdvPre_BPre15_VRoot_CausExt_PassExt_VerbTerm	AdvPre_BPre15_VRoot_CausExt_PassExt_VerbTerm	AdvPre_OC15_VRoot_CausExt_PassExt_VerbTerm
kwe_n_dlela	PossConc15_NPre10_NStem	PossConc15_NPre10_NStem	PossConc15_NPre10_NStem	PossConc15_NPrePre9_BPre9_NStem
le_nconywe	PossConc5_NStem	PossConc5_NStem	PossConc5_NStem	PossConc5_NStem
ngu_u_mu_hlaba	CopPre_NPrePre3_BPre3_NStem	CopPre_NPrePre3_BPre3_NStem	CopPre_NPrePre3_BPre3_NStem	CopPre_NPrePre3_BPre3_NStem
jikelele	NStem	Adv	NStem	Adv
ye_ku_lawul_a	PossConc9_BPre15_VRoot_VerbTerm	PossConc15_BPre15_VRoot_VerbTerm	PossConc9_BPre15_VRoot_VerbTerm	PossConc9_OC15_VRoot_VerbTerm
nga_loku_se_zinga_ini	AdvPre_RelConc15_Pro_NStem_LocSuf	AdvPre_RelConc15_Pro_NStem_LocSuf	AdvPre_RelConc15_Pro_NStem_LocSuf	AdvPre_RelConc15_PossConc7_NStem_LocSuf
le_li_fanel_e	PossConc5_SC5_VRoot_VerbTerm	PossConc5_SC5_VRoot_VerbTerm	PossConc5_SC5_VRoot_VerbTerm	RelConc5_VRoot_ApplExt_VerbTerm
,	Punc	Punc	Punc	Punc
ku_ti_hlol_a	SC15_OC10_VRoot_VerbTerm	BPre15_ReflPre_VRoot_VerbTerm	SC15_OC10_VRoot_VerbTerm	BPre15_ReflPre_VRoot_VerbTerm
ne_ku_hlol_a	AdvPre_SC15_VRoot_VerbTerm	AdvPre_SC15_VRoot_VerbTerm	AdvPre_SC15_VRoot_VerbTerm	AdvPre_SC15_VRoot_VerbTerm
u_m_khiciti	NPrePre1a_BPre1a_NStem	NPrePre1_BPre1_NStem	NPrePre1a_BPre1a_NStem	NPrePre1_BPre1_NStem
we_si_tsatfu	PossConc1_EnumConc7_EnumStem	PossConc3_BPre7_NStem	PossConc1_EnumConc7_EnumStem	PossConc3_BPre7_NStem
.	Punc	Punc	Punc	Punc
tin_dzawo	BPre10_NStem	BPre10_NStem	BPre10_NStem	BPre10_NStem
leti_nge_phandle	RelConc10_AdvPre_Adv	RelConc10_AdvPre_Adv	RelConc10_AdvPre_Adv	RelConc10_AdvPre_Adv
:	Punc	Punc	Punc	Punc
leti	Dem10_Pos1		Dem10_Pos1	
ti_buy_a	SC10_VRoot_VerbTerm	SC10_VRoot_VerbTerm	SC10_VRoot_VerbTerm	SC10_VRoot_VerbTerm
nga_phandle	AdvPre_Adv	AdvPre_Adv	AdvPre_Adv	AdvPre_Adv
kwa_masipala	PossConc15_NStem	PossConc15_NStem	PossConc15_NStem	PossConc15_NStem
njenga_i_mali	AdvPre_NPrePre4_NStem	AdvPre_NPre9_NStem	AdvPre_NPrePre4_NStem	AdvPre_NPrePre9_BPre9_NStem
le_bolek_w_e	RelConc9_VRoot_PassExt_VerbTerm	RelConc9_VRoot_PassExt_VerbTerm	RelConc9_VRoot_PassExt_VerbTerm	RelConc9_VRoot_NPas_PassExt_VerbTerm
e_ti_gungu_ini	LocPre_NPre8_NStem_LocSuf	LocPre_NPre8_NStem_LocSuf	LocPre_NPre8_NStem_LocSuf	LocPre_NPre8_NStem_LocSuf
te_ma_bhizinisi	PossConc6_NPre6_NStem	PossConc8_BPre6_NStem	PossConc6_NPre6_NStem	PossConc8_BPre6_NStem
.	Punc	Punc	Punc	Punc
si_bonelo	BPre7_NStem	BPre7_NStem	BPre7_NStem	BPre7_NStem
:	Punc	Punc	Punc	Punc
li_bhange	NPre6_NStem	BPre5_NStem	NPre6_NStem	NPre5_NStem
le_in_tfutfuko	PossConc9_NPre9_NStem	PossConc5_BPre9_NStem	PossConc9_NPre9_NStem	PossConc5_BPre9_NStem
la_s_e_Ningizimu	PossConc5_PreLoc-s_LocPre_NStem	PossConc5_PreLoc-s_LocPre_NStem	PossConc5_PreLoc-s_LocPre_NStem	PossConc5_PreLoc-s_LocPre_NStem
Afrika	ProperName	ProperName	ProperName	ProperName
(	Punc	Punc	Punc	Punc
DBSA	Abbr	Abbr	Abbr	VRoot_CausExt_VerbTerm
)	Punc	Punc	Punc	Punc
,	Punc	Punc	Punc	Punc
li_niket_a	SC5_VRoot_VerbTerm	SC5_VRoot_VerbTerm	SC5_VRoot_VerbTerm	SC5_VRoot_VerbTerm
ti_mali	BPre10_NStem	BPre10_NStem	BPre10_NStem	BPre10_NStem
leti_nengi	AdjPref10_AdjStem	AdjPref10_AdjStem	AdjPref10_AdjStem	AdjPref10_AdjStem
ku_bo_masipala	LocPre_BPre2a_NStem	LocPre_BPre2a_NStem	LocPre_BPre2a_NStem	LocPre_BPre2a_NStem
.	Punc	Punc	Punc	Punc
le_mali	RelConc9_NStem	PossConc5_NStem	RelConc9_NStem	PossConc5_NStem
ye_kwe_bolek_w_a	PossConc9_BPre15_VRoot_PassExt_VerbTerm	PossConc4_BPre15_VRoot_PassExt_VerbTerm	PossConc9_BPre15_VRoot_PassExt_VerbTerm	PossConc9_OC15_VRoot_PassExt_VerbTerm
i_bhadal_is_a	OC9_VRoot_CausExt_VerbTerm	SC9_VRoot_CausExt_VerbTerm	OC9_VRoot_CausExt_VerbTerm	SC9_VRoot_CausExt_VerbTerm
in_talo	NPre9_NStem	NPre9_NStem	NPre9_NStem	NPrePre9_BPre9_NStem
le_dul_ile	RelConc9_VRoot_Perf	RelConc9_VRoot_Perf	RelConc9_VRoot_Perf	RelConc9_VRoot_Perf
,	Punc	Punc	Punc	Punc
a_yi_vam_is_i	NegPre_ReflPre_VRoot_CausExt_VerbTerm	NegPre_OC9_VRoot_CausExt_VerbTerm	NegPre_ReflPre_VRoot_CausExt_VerbTerm	RelConc6_CopPre_NStem_NStem
ku_lung_el_a	BPre15_VRoot_ApplExt_VerbTerm	BPre15_VRoot_ApplExt_VerbTerm	BPre15_VRoot_ApplExt_VerbTerm	BPre15_VRoot_ApplExt_VerbTerm
bo_masipala	BPre2a_NStem	BPre2a_NStem	BPre2a_NStem	BPre2a_NStem
laba_ncane	AdjPref2_AdjStem	AdjPref2_AdjStem	AdjPref2_AdjStem	AdjPref2_AdjStem
laba_tawu_sokol_a	RelConc2_Fut_VRoot_VerbTerm	RelConc2_Fut_VRoot_VerbTerm	RelConc2_Fut_VRoot_VerbTerm	RelConc2_Fut_VRoot_VerbTerm
ma_s_e_ku_mel_e	BPre6_PreLoc-s_LocPre_BPre15_VRoot_VerbTerm	BPre6_PreLoc-s_LocPre_OC15_VRoot_VerbTerm	BPre6_PreLoc-s_LocPre_BPre15_VRoot_VerbTerm	NStem
ba_bhadal_e	SC2_VRoot_VerbTerm	SC2_VRoot_VerbTerm	SC2_VRoot_VerbTerm	SC2_VRoot_VerbTerm
le_mali	PossConc5_NStem	PossConc5_NStem	PossConc5_NStem	PossConc5_NStem
.	Punc	Punc	Punc	Punc
ku_landz_elel_w_a	BPre17_VRoot_IntensExt_PassExt_VerbTerm	BPre15_VRoot_IntensExt_PassExt_VerbTerm	BPre17_VRoot_IntensExt_PassExt_VerbTerm	BPre17_VRoot_IntensExt_PassExt_VerbTerm
kwa_si_khatsi	PossConc15_BPre7_NStem	PossConc15_BPre7_NStem	PossConc15_BPre7_NStem	PossConc15_BPre7_NStem
:	Punc	Punc	Punc	Punc
ku_at_i	BPre15_VRoot_VerbTerm	BPre15_VRoot_VerbTerm	BPre15_VRoot_VerbTerm	BPre15_VRoot_VerbTerm
nga_in_chubekela	AdvPre_BPre9_NStem	AdvPre_NPre9_NStem	AdvPre_BPre9_NStem	AdvPre_NPrePre9_BPre9_NStem
phambili	Adv	Adv	Adv	Adv
ya_u_mu_klamo	PossConc9_NPrePre3_BPre3_NStem	PossConc9_NPrePre3_BPre3_NStem	PossConc9_NPrePre3_BPre3_NStem	PossConc4_BPre3_NStem
na_ku_hlangan_a	AdvPre_OC15_VRoot_VerbTerm	AdvPre_OC15_VRoot_VerbTerm	AdvPre_OC15_VRoot_VerbTerm	AdvPre_BPre15_VRoot_VerbTerm
ka_nyenti	AdvPre_AdjStem	AdvPre_AdjStem	AdvPre_AdjStem	NStem
na_laba_nye	AdvPre_AdjPref2_AdjStem	AdvPre_AdjPref2_AdjStem	AdvPre_AdjPref2_AdjStem	AdvPre_AdjPref2_AdjStem
laba_fak_a	RelConc2_VRoot_VerbTerm	RelConc2_VRoot_VerbTerm	RelConc2_VRoot_VerbTerm	RelConc2_VRoot_VerbTerm
sa_ndla	NPre7_NStem	PossConc7_NStem	NPre7_NStem	NPre7_NStem
kanye	Adv	Conj	Adv	Adv
na_e_ma_lunga	AdvPre_NPrePre6_BPre6_NStem	AdvPre_NPrePre6_BPre6_NStem	AdvPre_NPrePre6_BPre6_NStem	AdvPre_NPrePre6_BPre6_NStem
a_li_cembu	PossConc6_BPre5_NStem	PossConc6_BPre5_NStem	PossConc6_BPre5_NStem	PossConc6_BPre5_NStem
la_u_mu_klamo	PossConc5_NPrePre3_BPre3_NStem	PossConc5_NPrePre3_BPre3_NStem	PossConc5_NPrePre3_BPre3_NStem	PossConc5_NPrePre3_BPre3_NStem
kute	Conj	Conj	Conj	Conj
ni_kal_e	SC2pp_VRoot_VerbTerm	SC2pp_VRoot_VerbTerm	SC2pp_VRoot_VerbTerm	SC2pp_VRoot_VerbTerm
ni_buy_e	SC2pp_VRoot_VerbTerm	SC2pp_VRoot_VerbTerm	SC2pp_VRoot_VerbTerm	SC2pp_VRoot_VerbTerm
nihlol_e	VRoot_VerbTerm	VRoot_VerbTerm	VRoot_VerbTerm	SC2pp_VRoot_VerbTerm
tin_tfo	BPre10_NStem	BPre10_NStem	BPre10_NStem	BPre10_NStem
leti_phats_el_an_ile	RelConc10_VRoot_ApplExt_RecipExt_Perf	RelConc10_VRoot_ApplExt_RecipExt_Perf	RelConc10_VRoot_ApplExt_RecipExt_Perf	RelConc10_VRoot_ApplExt_RecipExt_Perf
na_si_khatsi	AdvPre_BPre7_NStem	AdvPre_BPre7_NStem	AdvPre_BPre7_NStem	AdvPre_BPre7_NStem
.	Punc	Punc	Punc	Punc
.	Punc	Punc	Punc	Punc
tin_tfo	BPre10_NStem	BPre10_NStem	BPre10_NStem	BPre10_NStem
leti_nga_bang_a	RelConc10_AdvPre_VRoot_VerbTerm	RelConc10_Pot_VRoot_VerbTerm	RelConc10_AdvPre_VRoot_VerbTerm	RelConc10_Pot_VRoot_VerbTerm
kutsi	Conj	Conj	Conj	Conj
lu_hlu	BPre11_NStem	BPre11_NStem	BPre11_NStem	BPre11_NStem
lwa_si_khatsi	PossConc11_BPre7_NStem	PossConc11_BPre7_NStem	PossConc11_BPre7_NStem	PossConc11_BPre7_NStem
sa_m_klamo	PossConc7_BPre3_NStem	PossConc7_BPre3_NStem	PossConc7_BPre3_NStem	PossConc7_BPre3_NStem
lu_gucul_e	SC11_VRoot_VerbTerm	SC11_VRoot_VerbTerm	SC11_VRoot_VerbTerm	SC11_VRoot_VerbTerm
.	Punc	Punc	Punc	Punc
loku_nga_hle	RelConc15_Pot_AuxVStem	RelConc15_NegPre_NStem	RelConc15_Pot_AuxVStem	RelConc15_Pot_NStem
ku_vel_e	SC15_VRoot_VerbTerm	SC15_VRoot_VerbTerm	SC15_VRoot_VerbTerm	SC15_VRoot_VerbTerm
ku_fanel_e	SC15_VRoot_VerbTerm	SC15_VRoot_VerbTerm	SC15_VRoot_VerbTerm	SC15_VRoot_VerbTerm
ku_fak_w_e	SC15_VRoot_PassExt_VerbTerm	SC15_VRoot_PassExt_VerbTerm	SC15_VRoot_PassExt_VerbTerm	SC15_VRoot_PassExt_VerbTerm
ku_lolu_hlelo	LocPre_Dem11_Pos1_NStem	LocPre_Pos1	LocPre_Dem11_Pos1_NStem	LocPre_Pos1
lwa_ku_cala	PossConc11_AdvPre_NStem	PossConc11_BPre15_NStem	PossConc11_AdvPre_NStem	PossConc11_OC15_NStem
bese	Conj	Conj	Conj	Conj
i_n_phumelelo	NPrePre9_BPre9_NStem	NPrePre9_BPre9_NStem	NPrePre9_BPre9_NStem	NPrePre9_BPre9_NStem
i_ndlul_is_el_w_a	SC9_VRoot_CausExt_ApplExt_PassExt_VerbTerm	SC4_VRoot_CausExt_ApplExt_PassExt_VerbTerm	SC9_VRoot_CausExt_ApplExt_PassExt_VerbTerm	NPrePre9_BPre9_NStem
ku_bo	LocPre_PronStem2	LocPre_PronStem2	LocPre_PronStem2	LocPre_PronStem2
bo_nkhe	QuantConc2_QuantStem	QuantConc2_QuantStem	QuantConc2_QuantStem	QuantConc2_QuantStem
laba_dlal_e	RelConc2_VRoot_VerbTerm	RelConc2_VRoot_VerbTerm	RelConc2_VRoot_VerbTerm	RelConc2_VRoot_VerbTerm
i_n_dzima	NPrePre9_BPre9_NStem	NPrePre9_BPre9_NStem	NPrePre9_BPre9_NStem	NPrePre9_BPre9_NStem
.	Punc	Punc	Punc	Punc
li_zinga	BPre5_NStem	BPre5_NStem	BPre5_NStem	BPre5_NStem
la_i_n_fundvo	PossConc5_NPrePre9_BPre9_NStem	PossConc5_NPrePre9_BPre9_NStem	PossConc5_NPrePre9_BPre9_NStem	PossConc5_NPrePre9_BPre9_NStem
la_ba_ntfwana	PossConc5_BPre2_NStem	PossConc5_BPre2_NStem	PossConc5_BPre2_NStem	RelConc9_BPre2_NStem
laba_nyenti	AdjPref2_AdjStem	AdjPref2_AdjStem	AdjPref2_AdjStem	AdjPref2_AdjStem
laba_mnyama	RelConc2_RelStem	RelConc2_RelStem	RelConc2_RelStem	RelConc2_RelStem
li_phasi	SC5_Adv	SC5_Adv	SC5_Adv	SC5_Adv
.	Punc	Punc	Punc	Punc
loku	Dem15_Pos1		Dem15_Pos1	
ku_ncish_a	SC15_VRoot_VerbTerm	BPre15_VRoot_VerbTerm	SC15_VRoot_VerbTerm	SC15_VRoot_VerbTerm
ba_fundzi	BPre2_NStem	BPre2_NStem	BPre2_NStem	BPre2_NStem
laba_nyenti	AdjPref2_AdjStem	AdjPref2_AdjStem	AdjPref2_AdjStem	AdjPref2_AdjStem
e_ma_tfuba	NPrePre6_BPre6_NStem	NPrePre6_BPre6_NStem	NPrePre6_BPre6_NStem	NPrePre6_BPre6_NStem
a_ku_tfol_a	PossConc6_BPre15_VRoot_VerbTerm	PossConc6_BPre15_VRoot_VerbTerm	PossConc6_BPre15_VRoot_VerbTerm	PossConc6_BPre15_VRoot_VerbTerm
i_mi_sebenti	NPrePre4_BPre4_NStem	NPrePre4_BPre4_NStem	NPrePre4_BPre4_NStem	NPrePre4_BPre4_NStem
.	Punc	Punc	Punc	Punc
ku_nciph_is_a	BPre15_VRoot_CausExt_VerbTerm	BPre15_VRoot_CausExt_VerbTerm	BPre15_VRoot_CausExt_VerbTerm	BPre15_VRoot_CausExt_VerbTerm
ku_ngen_a	BPre15_VRoot_VerbTerm	SC15_VRoot_VerbTerm	BPre15_VRoot_VerbTerm	SC15_VRoot_VerbTerm
kwa_li_holo	PossConc15_BPre5_NStem	PossConc15_BPre5_NStem	PossConc15_BPre5_NStem	PossConc15_BPre5_NStem
kanye	Conj	Conj	Conj	Adv
ne_ku_ntjintj_a	AdvPre_SC15_VRoot_VerbTerm	AdvPre_BPre15_VRoot_VerbTerm	AdvPre_SC15_VRoot_VerbTerm	AdvPre_BPre15_VRoot_VerbTerm
i_mi_sebenti	NPrePre4_BPre4_NStem	NPrePre4_BPre4_NStem	NPrePre4_BPre4_NStem	NPrePre4_BPre4_NStem
ku_labo	LocPre_Dem2_Pos2	LocPre	LocPre_Dem2_Pos2	LocPre
laba_thol_a	RelConc2_VRoot_VerbTerm	RelConc2_VRoot_VerbTerm	RelConc2_VRoot_VerbTerm	RelConc2_VRoot_VerbTerm
i_mi_sebenti	NPrePre4_BPre4_NStem	NPrePre4_BPre4_NStem	NPrePre4_BPre4_NStem	NPrePre4_BPre4_NStem
-	Punc	Punc	Punc	Punc
ku_lets_e	SC15_VRoot_VerbTerm	SC15_VRoot_VerbTerm	SC15_VRoot_VerbTerm	BPre15_VRoot_VerbTerm
na_m_khawulo	AdvPre_BPre3_NStem	AdvPre_BPre3_NStem	AdvPre_BPre3_NStem	AdvPre_BPre3_NStem
e_ku_gucugucuk_eni	LocPre_BPre15_VRoot_LocSuf	LocPre_BPre15_VRoot_LocSuf	LocPre_BPre15_VRoot_LocSuf	LocPre_OC15_VRoot_VerbTerm_LocSuf
kwa_e_ma_bhizimisi	PossConc15_NPrePre6_BPre6_NStem	PossConc15_NPrePre6_BPre6_NStem	PossConc15_NPrePre6_BPre6_NStem	PossConc15_NPrePre6_BPre6_NStem
a_s_e_i_Ningizimu	PossConc6_PreLoc-s_LocPre_NPre5_NStem	PossConc6_PreLoc-s_LocPre_NPre5_NStem	PossConc6_PreLoc-s_LocPre_NPre5_NStem	RelConc6_PreLoc-s_LocPre_BPre5_NStem
Afrikan	ProperName	ProperName	ProperName	Foreign
.	Punc	Punc	Punc	Punc
lu_hlelo	BPre11_NStem	BPre11_NStem	BPre11_NStem	BPre11_NStem
lwe_tin_sita	PossConc11_BPre10_NStem	PossConc11_BPre10_NStem	PossConc11_BPre10_NStem	PossConc11_BPre10_NStem
lu_tawu_b_a	SC11_Fut_Intrans_VerbTerm	SC11_Fut_VRoot_VerbTerm	SC11_Fut_Intrans_VerbTerm	SC11_Fut_AuxVStem
na_mi_sebenti	AdvPre_BPre4_NStem	AdvPre_BPre4_NStem	AdvPre_BPre4_NStem	AdvPre_BPre4_NStem
le_sungul_w_e	RelConc9_VRoot_PassExt_VerbTerm	RelConc4_VRoot_PassExt_VerbTerm	RelConc9_VRoot_PassExt_VerbTerm	RelConc4_VRoot_PassExt_VerbTerm
lu_hlelo	BPre11_NStem	BPre11_NStem	BPre11_NStem	BPre11_NStem
lwe_m_sebenti	PossConc11_BPre3_NStem	PossConc11_BPre3_NStem	PossConc11_BPre3_NStem	PossConc11_BPre3_NStem
,	Punc	Punc	Punc	Punc
loku	Dem15_Pos1		Dem15_Pos1	
ku_mel_e	SC15_VRoot_VerbTerm	SC15_VRoot_VerbTerm	SC15_VRoot_VerbTerm	SC15_VRoot_VerbTerm
ku_phindz_e	SC15_VRoot_VerbTerm	SC15_VRoot_VerbTerm	SC15_VRoot_VerbTerm	SC15_VRoot_VerbTerm
ku_bal_w_e	SC15_VRoot_PassExt_VerbTerm	SC15_VRoot_PassExt_VerbTerm	SC15_VRoot_PassExt_VerbTerm	SC15_VRoot_PassExt_VerbTerm
na_leletinye	AdvPre_NStem	AdvPre_NStem	AdvPre_NStem	AdvPre_AdjPref10_AdjStem
ti_dzingo	BPre8_NStem	BPre8_NStem	BPre8_NStem	BPre8_NStem
leti_sondzel_en_e	RelConc8_VRoot_RecipExt_VerbTerm	RelConc10_VRoot_RecipExt_VerbTerm	RelConc8_VRoot_RecipExt_VerbTerm	RelConc10_NStem
nako	Dem15_Pos2		Dem15_Pos2	
kanye	Conj	Conj	Conj	Conj
na_tin_dleko	AdvPre_BPre10_NStem	AdvPre_BPre10_NStem	AdvPre_BPre10_NStem	AdvPre_BPre10_NStem
kute	Conj	Conj	Conj	Conj
ku_cinisek_is_w_e	SC15_VRoot_CausExt_PassExt_VerbTerm	SC15_VRoot_CausExt_PassExt_VerbTerm	SC15_VRoot_CausExt_PassExt_VerbTerm	SC15_VRoot_CausExt_PassExt_VerbTerm
ku_phumelel_a	BPre15_VRoot_VerbTerm	BPre15_VRoot_VerbTerm	BPre15_VRoot_VerbTerm	BPre15_VRoot_VerbTerm
kwa_to	PossConc15_NStem	PossConc15_NStem	PossConc15_NStem	PossConc15_NStem
.	Punc	Punc	Punc	Punc
